block_index,block_id,permutation_id,order_position,inner_repeat_index,candidate_id,started_at_utc,client_materialization_latency_ms,process_cpu_time_ms,output_row_count,result_digest
0,tpch-q6-block-000,fused -> materialize-after-q06-time -> materialize-after-q06-predicate,0,0,fused,2026-07-19T13:32:05.907286+00:00,211.9893,687.5,1,sha256:0606fc1be59a1a7f3f195deac59920c6681f839260f7d298f60cd4aa7348ab28
0,tpch-q6-block-000,fused -> materialize-after-q06-time -> materialize-after-q06-predicate,0,1,fused,2026-07-19T13:32:06.119693+00:00,263.4155,890.625,1,sha256:0606fc1be59a1a7f3f195deac59920c6681f839260f7d298f60cd4aa7348ab28
0,tpch-q6-block-000,fused -> materialize-after-q06-time -> materialize-after-q06-predicate,0,2,fused,2026-07-19T13:32:06.383627+00:00,220.4946,828.125,1,sha256:0606fc1be59a1a7f3f195deac59920c6681f839260f7d298f60cd4aa7348ab28
0,tpch-q6-block-000,fused -> materialize-after-q06-time -> materialize-after-q06-predicate,0,3,fused,2026-07-19T13:32:06.604248+00:00,242.6743,890.625,1,sha256:0606fc1be59a1a7f3f195deac59920c6681f839260f7d298f60cd4aa7348ab28
0,tpch-q6-block-000,fused -> materialize-after-q06-time -> materialize-after-q06-predicate,0,4,fused,2026-07-19T13:32:06.846612+00:00,220.6688,781.25,1,sha256:0606fc1be59a1a7f3f195deac59920c6681f839260f7d298f60cd4aa7348ab28
0,tpch-q6-block-000,fused -> materialize-after-q06-time -> materialize-after-q06-predicate,1,0,materialize-after-q06-time,2026-07-19T13:32:07.067612+00:00,703.6346,2234.375,1,sha256:0606fc1be59a1a7f3f195deac59920c6681f839260f7d298f60cd4aa7348ab28
0,tpch-q6-block-000,fused -> materialize-after-q06-time -> materialize-after-q06-predicate,1,1,materialize-after-q06-time,2026-07-19T13:32:07.771260+00:00,660.1901,2468.75,1,sha256:0606fc1be59a1a7f3f195deac59920c6681f839260f7d298f60cd4aa7348ab28
0,tpch-q6-block-000,fused -> materialize-after-q06-time -> materialize-after-q06-predicate,1,2,materialize-after-q06-time,2026-07-19T13:32:08.431447+00:00,587.8986,2265.625,1,sha256:0606fc1be59a1a7f3f195deac59920c6681f839260f7d298f60cd4aa7348ab28
0,tpch-q6-block-000,fused -> materialize-after-q06-time -> materialize-after-q06-predicate,1,3,materialize-after-q06-time,2026-07-19T13:32:09.019054+00:00,563.6714,2203.125,1,sha256:0606fc1be59a1a7f3f195deac59920c6681f839260f7d298f60cd4aa7348ab28
0,tpch-q6-block-000,fused -> materialize-after-q06-time -> materialize-after-q06-predicate,1,4,materialize-after-q06-time,2026-07-19T13:32:09.582914+00:00,591.0014,2265.625,1,sha256:0606fc1be59a1a7f3f195deac59920c6681f839260f7d298f60cd4aa7348ab28
0,tpch-q6-block-000,fused -> materialize-after-q06-time -> materialize-after-q06-predicate,2,0,materialize-after-q06-predicate,2026-07-19T13:32:10.174530+00:00,223.9781,875.0,1,sha256:0606fc1be59a1a7f3f195deac59920c6681f839260f7d298f60cd4aa7348ab28
0,tpch-q6-block-000,fused -> materialize-after-q06-time -> materialize-after-q06-predicate,2,1,materialize-after-q06-predicate,2026-07-19T13:32:10.398392+00:00,199.299,734.375,1,sha256:0606fc1be59a1a7f3f195deac59920c6681f839260f7d298f60cd4aa7348ab28
0,tpch-q6-block-000,fused -> materialize-after-q06-time -> materialize-after-q06-predicate,2,2,materialize-after-q06-predicate,2026-07-19T13:32:10.597393+00:00,265.5208,953.125,1,sha256:0606fc1be59a1a7f3f195deac59920c6681f839260f7d298f60cd4aa7348ab28
0,tpch-q6-block-000,fused -> materialize-after-q06-time -> materialize-after-q06-predicate,2,3,materialize-after-q06-predicate,2026-07-19T13:32:10.863393+00:00,247.7099,906.25,1,sha256:0606fc1be59a1a7f3f195deac59920c6681f839260f7d298f60cd4aa7348ab28
0,tpch-q6-block-000,fused -> materialize-after-q06-time -> materialize-after-q06-predicate,2,4,materialize-after-q06-predicate,2026-07-19T13:32:11.110977+00:00,226.6453,875.0,1,sha256:0606fc1be59a1a7f3f195deac59920c6681f839260f7d298f60cd4aa7348ab28
1,tpch-q6-block-001,materialize-after-q06-time -> fused -> materialize-after-q06-predicate,0,0,materialize-after-q06-time,2026-07-19T13:32:11.340926+00:00,708.7083,2281.25,1,sha256:0606fc1be59a1a7f3f195deac59920c6681f839260f7d298f60cd4aa7348ab28
1,tpch-q6-block-001,materialize-after-q06-time -> fused -> materialize-after-q06-predicate,0,1,materialize-after-q06-time,2026-07-19T13:32:12.049147+00:00,659.3175,2562.5,1,sha256:0606fc1be59a1a7f3f195deac59920c6681f839260f7d298f60cd4aa7348ab28
1,tpch-q6-block-001,materialize-after-q06-time -> fused -> materialize-after-q06-predicate,0,2,materialize-after-q06-time,2026-07-19T13:32:12.709056+00:00,638.8377,2406.25,1,sha256:0606fc1be59a1a7f3f195deac59920c6681f839260f7d298f60cd4aa7348ab28
1,tpch-q6-block-001,materialize-after-q06-time -> fused -> materialize-after-q06-predicate,0,3,materialize-after-q06-time,2026-07-19T13:32:13.347612+00:00,575.9439,2234.375,1,sha256:0606fc1be59a1a7f3f195deac59920c6681f839260f7d298f60cd4aa7348ab28
1,tpch-q6-block-001,materialize-after-q06-time -> fused -> materialize-after-q06-predicate,0,4,materialize-after-q06-time,2026-07-19T13:32:13.924236+00:00,581.2778,2296.875,1,sha256:0606fc1be59a1a7f3f195deac59920c6681f839260f7d298f60cd4aa7348ab28
1,tpch-q6-block-001,materialize-after-q06-time -> fused -> materialize-after-q06-predicate,1,0,fused,2026-07-19T13:32:14.505478+00:00,208.4992,812.5,1,sha256:0606fc1be59a1a7f3f195deac59920c6681f839260f7d298f60cd4aa7348ab28
1,tpch-q6-block-001,materialize-after-q06-time -> fused -> materialize-after-q06-predicate,1,1,fused,2026-07-19T13:32:14.713478+00:00,219.3499,828.125,1,sha256:0606fc1be59a1a7f3f195deac59920c6681f839260f7d298f60cd4aa7348ab28
1,tpch-q6-block-001,materialize-after-q06-time -> fused -> materialize-after-q06-predicate,1,2,fused,2026-07-19T13:32:14.933479+00:00,208.7761,781.25,1,sha256:0606fc1be59a1a7f3f195deac59920c6681f839260f7d298f60cd4aa7348ab28
1,tpch-q6-block-001,materialize-after-q06-time -> fused -> materialize-after-q06-predicate,1,3,fused,2026-07-19T13:32:15.142479+00:00,257.8587,953.125,1,sha256:0606fc1be59a1a7f3f195deac59920c6681f839260f7d298f60cd4aa7348ab28
1,tpch-q6-block-001,materialize-after-q06-time -> fused -> materialize-after-q06-predicate,1,4,fused,2026-07-19T13:32:15.400109+00:00,219.0374,796.875,1,sha256:0606fc1be59a1a7f3f195deac59920c6681f839260f7d298f60cd4aa7348ab28
1,tpch-q6-block-001,materialize-after-q06-time -> fused -> materialize-after-q06-predicate,2,0,materialize-after-q06-predicate,2026-07-19T13:32:15.619780+00:00,215.3496,796.875,1,sha256:0606fc1be59a1a7f3f195deac59920c6681f839260f7d298f60cd4aa7348ab28
1,tpch-q6-block-001,materialize-after-q06-time -> fused -> materialize-after-q06-predicate,2,1,materialize-after-q06-predicate,2026-07-19T13:32:15.835029+00:00,245.0481,906.25,1,sha256:0606fc1be59a1a7f3f195deac59920c6681f839260f7d298f60cd4aa7348ab28
1,tpch-q6-block-001,materialize-after-q06-time -> fused -> materialize-after-q06-predicate,2,2,materialize-after-q06-predicate,2026-07-19T13:32:16.079556+00:00,279.4777,937.5,1,sha256:0606fc1be59a1a7f3f195deac59920c6681f839260f7d298f60cd4aa7348ab28
1,tpch-q6-block-001,materialize-after-q06-time -> fused -> materialize-after-q06-predicate,2,3,materialize-after-q06-predicate,2026-07-19T13:32:16.359359+00:00,287.0839,1078.125,1,sha256:0606fc1be59a1a7f3f195deac59920c6681f839260f7d298f60cd4aa7348ab28
1,tpch-q6-block-001,materialize-after-q06-time -> fused -> materialize-after-q06-predicate,2,4,materialize-after-q06-predicate,2026-07-19T13:32:16.646846+00:00,252.5505,937.5,1,sha256:0606fc1be59a1a7f3f195deac59920c6681f839260f7d298f60cd4aa7348ab28
2,tpch-q6-block-002,fused -> materialize-after-q06-predicate -> materialize-after-q06-time,0,0,fused,2026-07-19T13:32:16.902124+00:00,220.6201,859.375,1,sha256:0606fc1be59a1a7f3f195deac59920c6681f839260f7d298f60cd4aa7348ab28
2,tpch-q6-block-002,fused -> materialize-after-q06-predicate -> materialize-after-q06-time,0,1,fused,2026-07-19T13:32:17.122241+00:00,245.9402,937.5,1,sha256:0606fc1be59a1a7f3f195deac59920c6681f839260f7d298f60cd4aa7348ab28
2,tpch-q6-block-002,fused -> materialize-after-q06-predicate -> materialize-after-q06-time,0,2,fused,2026-07-19T13:32:17.368785+00:00,229.16,859.375,1,sha256:0606fc1be59a1a7f3f195deac59920c6681f839260f7d298f60cd4aa7348ab28
2,tpch-q6-block-002,fused -> materialize-after-q06-predicate -> materialize-after-q06-time,0,3,fused,2026-07-19T13:32:17.597846+00:00,221.3134,828.125,1,sha256:0606fc1be59a1a7f3f195deac59920c6681f839260f7d298f60cd4aa7348ab28
2,tpch-q6-block-002,fused -> materialize-after-q06-predicate -> materialize-after-q06-time,0,4,fused,2026-07-19T13:32:17.819376+00:00,205.5424,750.0,1,sha256:0606fc1be59a1a7f3f195deac59920c6681f839260f7d298f60cd4aa7348ab28
2,tpch-q6-block-002,fused -> materialize-after-q06-predicate -> materialize-after-q06-time,1,0,materialize-after-q06-predicate,2026-07-19T13:32:18.025373+00:00,250.0815,906.25,1,sha256:0606fc1be59a1a7f3f195deac59920c6681f839260f7d298f60cd4aa7348ab28
2,tpch-q6-block-002,fused -> materialize-after-q06-predicate -> materialize-after-q06-time,1,1,materialize-after-q06-predicate,2026-07-19T13:32:18.274967+00:00,239.1064,906.25,1,sha256:0606fc1be59a1a7f3f195deac59920c6681f839260f7d298f60cd4aa7348ab28
2,tpch-q6-block-002,fused -> materialize-after-q06-predicate -> materialize-after-q06-time,1,2,materialize-after-q06-predicate,2026-07-19T13:32:18.514608+00:00,231.0173,875.0,1,sha256:0606fc1be59a1a7f3f195deac59920c6681f839260f7d298f60cd4aa7348ab28
2,tpch-q6-block-002,fused -> materialize-after-q06-predicate -> materialize-after-q06-time,1,3,materialize-after-q06-predicate,2026-07-19T13:32:18.745244+00:00,227.9295,843.75,1,sha256:0606fc1be59a1a7f3f195deac59920c6681f839260f7d298f60cd4aa7348ab28
2,tpch-q6-block-002,fused -> materialize-after-q06-predicate -> materialize-after-q06-time,1,4,materialize-after-q06-predicate,2026-07-19T13:32:18.973984+00:00,246.9447,921.875,1,sha256:0606fc1be59a1a7f3f195deac59920c6681f839260f7d298f60cd4aa7348ab28
2,tpch-q6-block-002,fused -> materialize-after-q06-predicate -> materialize-after-q06-time,2,0,materialize-after-q06-time,2026-07-19T13:32:19.221146+00:00,662.3719,2500.0,1,sha256:0606fc1be59a1a7f3f195deac59920c6681f839260f7d298f60cd4aa7348ab28
2,tpch-q6-block-002,fused -> materialize-after-q06-predicate -> materialize-after-q06-time,2,1,materialize-after-q06-time,2026-07-19T13:32:19.882948+00:00,722.8399,2562.5,1,sha256:0606fc1be59a1a7f3f195deac59920c6681f839260f7d298f60cd4aa7348ab28
2,tpch-q6-block-002,fused -> materialize-after-q06-predicate -> materialize-after-q06-time,2,2,materialize-after-q06-time,2026-07-19T13:32:20.606228+00:00,651.2479,2500.0,1,sha256:0606fc1be59a1a7f3f195deac59920c6681f839260f7d298f60cd4aa7348ab28
2,tpch-q6-block-002,fused -> materialize-after-q06-predicate -> materialize-after-q06-time,2,3,materialize-after-q06-time,2026-07-19T13:32:21.257118+00:00,623.6986,2343.75,1,sha256:0606fc1be59a1a7f3f195deac59920c6681f839260f7d298f60cd4aa7348ab28
2,tpch-q6-block-002,fused -> materialize-after-q06-predicate -> materialize-after-q06-time,2,4,materialize-after-q06-time,2026-07-19T13:32:21.881369+00:00,542.1301,2093.75,1,sha256:0606fc1be59a1a7f3f195deac59920c6681f839260f7d298f60cd4aa7348ab28
3,tpch-q6-block-003,materialize-after-q06-predicate -> materialize-after-q06-time -> fused,0,0,materialize-after-q06-predicate,2026-07-19T13:32:22.426229+00:00,188.8667,703.125,1,sha256:0606fc1be59a1a7f3f195deac59920c6681f839260f7d298f60cd4aa7348ab28
3,tpch-q6-block-003,materialize-after-q06-predicate -> materialize-after-q06-time -> fused,0,1,materialize-after-q06-predicate,2026-07-19T13:32:22.615019+00:00,218.593,734.375,1,sha256:0606fc1be59a1a7f3f195deac59920c6681f839260f7d298f60cd4aa7348ab28
3,tpch-q6-block-003,materialize-after-q06-predicate -> materialize-after-q06-time -> fused,0,2,materialize-after-q06-predicate,2026-07-19T13:32:22.833454+00:00,202.6858,687.5,1,sha256:0606fc1be59a1a7f3f195deac59920c6681f839260f7d298f60cd4aa7348ab28
3,tpch-q6-block-003,materialize-after-q06-predicate -> materialize-after-q06-time -> fused,0,3,materialize-after-q06-predicate,2026-07-19T13:32:23.036797+00:00,211.2251,703.125,1,sha256:0606fc1be59a1a7f3f195deac59920c6681f839260f7d298f60cd4aa7348ab28
3,tpch-q6-block-003,materialize-after-q06-predicate -> materialize-after-q06-time -> fused,0,4,materialize-after-q06-predicate,2026-07-19T13:32:23.247798+00:00,221.3236,796.875,1,sha256:0606fc1be59a1a7f3f195deac59920c6681f839260f7d298f60cd4aa7348ab28
3,tpch-q6-block-003,materialize-after-q06-predicate -> materialize-after-q06-time -> fused,1,0,materialize-after-q06-time,2026-07-19T13:32:23.469108+00:00,663.4158,2453.125,1,sha256:0606fc1be59a1a7f3f195deac59920c6681f839260f7d298f60cd4aa7348ab28
3,tpch-q6-block-003,materialize-after-q06-predicate -> materialize-after-q06-time -> fused,1,1,materialize-after-q06-time,2026-07-19T13:32:24.132202+00:00,717.873,2640.625,1,sha256:0606fc1be59a1a7f3f195deac59920c6681f839260f7d298f60cd4aa7348ab28
3,tpch-q6-block-003,materialize-after-q06-predicate -> materialize-after-q06-time -> fused,1,2,materialize-after-q06-time,2026-07-19T13:32:24.850118+00:00,737.5532,2593.75,1,sha256:0606fc1be59a1a7f3f195deac59920c6681f839260f7d298f60cd4aa7348ab28
3,tpch-q6-block-003,materialize-after-q06-predicate -> materialize-after-q06-time -> fused,1,3,materialize-after-q06-time,2026-07-19T13:32:25.588616+00:00,653.1941,2437.5,1,sha256:0606fc1be59a1a7f3f195deac59920c6681f839260f7d298f60cd4aa7348ab28
3,tpch-q6-block-003,materialize-after-q06-predicate -> materialize-after-q06-time -> fused,1,4,materialize-after-q06-time,2026-07-19T13:32:26.241656+00:00,671.9479,2562.5,1,sha256:0606fc1be59a1a7f3f195deac59920c6681f839260f7d298f60cd4aa7348ab28
3,tpch-q6-block-003,materialize-after-q06-predicate -> materialize-after-q06-time -> fused,2,0,fused,2026-07-19T13:32:26.913553+00:00,249.091,921.875,1,sha256:0606fc1be59a1a7f3f195deac59920c6681f839260f7d298f60cd4aa7348ab28
3,tpch-q6-block-003,materialize-after-q06-predicate -> materialize-after-q06-time -> fused,2,1,fused,2026-07-19T13:32:27.162727+00:00,269.5974,953.125,1,sha256:0606fc1be59a1a7f3f195deac59920c6681f839260f7d298f60cd4aa7348ab28
3,tpch-q6-block-003,materialize-after-q06-predicate -> materialize-after-q06-time -> fused,2,2,fused,2026-07-19T13:32:27.432231+00:00,224.3277,828.125,1,sha256:0606fc1be59a1a7f3f195deac59920c6681f839260f7d298f60cd4aa7348ab28
3,tpch-q6-block-003,materialize-after-q06-predicate -> materialize-after-q06-time -> fused,2,3,fused,2026-07-19T13:32:27.656857+00:00,262.2948,953.125,1,sha256:0606fc1be59a1a7f3f195deac59920c6681f839260f7d298f60cd4aa7348ab28
3,tpch-q6-block-003,materialize-after-q06-predicate -> materialize-after-q06-time -> fused,2,4,fused,2026-07-19T13:32:27.918858+00:00,267.439,906.25,1,sha256:0606fc1be59a1a7f3f195deac59920c6681f839260f7d298f60cd4aa7348ab28
4,tpch-q6-block-004,materialize-after-q06-predicate -> fused -> materialize-after-q06-time,0,0,materialize-after-q06-predicate,2026-07-19T13:32:28.189859+00:00,263.6889,953.125,1,sha256:0606fc1be59a1a7f3f195deac59920c6681f839260f7d298f60cd4aa7348ab28
4,tpch-q6-block-004,materialize-after-q06-predicate -> fused -> materialize-after-q06-time,0,1,materialize-after-q06-predicate,2026-07-19T13:32:28.453599+00:00,306.476,1093.75,1,sha256:0606fc1be59a1a7f3f195deac59920c6681f839260f7d298f60cd4aa7348ab28
4,tpch-q6-block-004,materialize-after-q06-predicate -> fused -> materialize-after-q06-time,0,2,materialize-after-q06-predicate,2026-07-19T13:32:28.760250+00:00,284.9593,1000.0,1,sha256:0606fc1be59a1a7f3f195deac59920c6681f839260f7d298f60cd4aa7348ab28
4,tpch-q6-block-004,materialize-after-q06-predicate -> fused -> materialize-after-q06-time,0,3,materialize-after-q06-predicate,2026-07-19T13:32:29.045248+00:00,257.8836,859.375,1,sha256:0606fc1be59a1a7f3f195deac59920c6681f839260f7d298f60cd4aa7348ab28
4,tpch-q6-block-004,materialize-after-q06-predicate -> fused -> materialize-after-q06-time,0,4,materialize-after-q06-predicate,2026-07-19T13:32:29.303893+00:00,245.2907,859.375,1,sha256:0606fc1be59a1a7f3f195deac59920c6681f839260f7d298f60cd4aa7348ab28
4,tpch-q6-block-004,materialize-after-q06-predicate -> fused -> materialize-after-q06-time,1,0,fused,2026-07-19T13:32:29.549161+00:00,260.8039,968.75,1,sha256:0606fc1be59a1a7f3f195deac59920c6681f839260f7d298f60cd4aa7348ab28
4,tpch-q6-block-004,materialize-after-q06-predicate -> fused -> materialize-after-q06-time,1,1,fused,2026-07-19T13:32:29.810161+00:00,227.5557,828.125,1,sha256:0606fc1be59a1a7f3f195deac59920c6681f839260f7d298f60cd4aa7348ab28
4,tpch-q6-block-004,materialize-after-q06-predicate -> fused -> materialize-after-q06-time,1,2,fused,2026-07-19T13:32:30.037161+00:00,295.8531,1031.25,1,sha256:0606fc1be59a1a7f3f195deac59920c6681f839260f7d298f60cd4aa7348ab28
4,tpch-q6-block-004,materialize-after-q06-predicate -> fused -> materialize-after-q06-time,1,3,fused,2026-07-19T13:32:30.333798+00:00,222.6596,796.875,1,sha256:0606fc1be59a1a7f3f195deac59920c6681f839260f7d298f60cd4aa7348ab28
4,tpch-q6-block-004,materialize-after-q06-predicate -> fused -> materialize-after-q06-time,1,4,fused,2026-07-19T13:32:30.556229+00:00,265.6084,953.125,1,sha256:0606fc1be59a1a7f3f195deac59920c6681f839260f7d298f60cd4aa7348ab28
4,tpch-q6-block-004,materialize-after-q06-predicate -> fused -> materialize-after-q06-time,2,0,materialize-after-q06-time,2026-07-19T13:32:30.821727+00:00,626.6726,2343.75,1,sha256:0606fc1be59a1a7f3f195deac59920c6681f839260f7d298f60cd4aa7348ab28
4,tpch-q6-block-004,materialize-after-q06-predicate -> fused -> materialize-after-q06-time,2,1,materialize-after-q06-time,2026-07-19T13:32:31.448672+00:00,588.3286,2265.625,1,sha256:0606fc1be59a1a7f3f195deac59920c6681f839260f7d298f60cd4aa7348ab28
4,tpch-q6-block-004,materialize-after-q06-predicate -> fused -> materialize-after-q06-time,2,2,materialize-after-q06-time,2026-07-19T13:32:32.036572+00:00,557.3788,2140.625,1,sha256:0606fc1be59a1a7f3f195deac59920c6681f839260f7d298f60cd4aa7348ab28
4,tpch-q6-block-004,materialize-after-q06-predicate -> fused -> materialize-after-q06-time,2,3,materialize-after-q06-time,2026-07-19T13:32:32.594520+00:00,652.4437,2484.375,1,sha256:0606fc1be59a1a7f3f195deac59920c6681f839260f7d298f60cd4aa7348ab28
4,tpch-q6-block-004,materialize-after-q06-predicate -> fused -> materialize-after-q06-time,2,4,materialize-after-q06-time,2026-07-19T13:32:33.247568+00:00,668.9032,2468.75,1,sha256:0606fc1be59a1a7f3f195deac59920c6681f839260f7d298f60cd4aa7348ab28
5,tpch-q6-block-005,materialize-after-q06-time -> materialize-after-q06-predicate -> fused,0,0,materialize-after-q06-time,2026-07-19T13:32:33.919797+00:00,688.022,2531.25,1,sha256:0606fc1be59a1a7f3f195deac59920c6681f839260f7d298f60cd4aa7348ab28
5,tpch-q6-block-005,materialize-after-q06-time -> materialize-after-q06-predicate -> fused,0,1,materialize-after-q06-time,2026-07-19T13:32:34.607649+00:00,670.2705,2625.0,1,sha256:0606fc1be59a1a7f3f195deac59920c6681f839260f7d298f60cd4aa7348ab28
5,tpch-q6-block-005,materialize-after-q06-time -> materialize-after-q06-predicate -> fused,0,2,materialize-after-q06-time,2026-07-19T13:32:35.278421+00:00,685.4683,2625.0,1,sha256:0606fc1be59a1a7f3f195deac59920c6681f839260f7d298f60cd4aa7348ab28
5,tpch-q6-block-005,materialize-after-q06-time -> materialize-after-q06-predicate -> fused,0,3,materialize-after-q06-time,2026-07-19T13:32:35.963405+00:00,577.1474,2203.125,1,sha256:0606fc1be59a1a7f3f195deac59920c6681f839260f7d298f60cd4aa7348ab28
5,tpch-q6-block-005,materialize-after-q06-time -> materialize-after-q06-predicate -> fused,0,4,materialize-after-q06-time,2026-07-19T13:32:36.540667+00:00,684.1433,2609.375,1,sha256:0606fc1be59a1a7f3f195deac59920c6681f839260f7d298f60cd4aa7348ab28
5,tpch-q6-block-005,materialize-after-q06-time -> materialize-after-q06-predicate -> fused,1,0,materialize-after-q06-predicate,2026-07-19T13:32:37.225320+00:00,203.4752,734.375,1,sha256:0606fc1be59a1a7f3f195deac59920c6681f839260f7d298f60cd4aa7348ab28
5,tpch-q6-block-005,materialize-after-q06-time -> materialize-after-q06-predicate -> fused,1,1,materialize-after-q06-predicate,2026-07-19T13:32:37.429225+00:00,257.5985,921.875,1,sha256:0606fc1be59a1a7f3f195deac59920c6681f839260f7d298f60cd4aa7348ab28
5,tpch-q6-block-005,materialize-after-q06-time -> materialize-after-q06-predicate -> fused,1,2,materialize-after-q06-predicate,2026-07-19T13:32:37.686638+00:00,267.3409,1000.0,1,sha256:0606fc1be59a1a7f3f195deac59920c6681f839260f7d298f60cd4aa7348ab28
5,tpch-q6-block-005,materialize-after-q06-time -> materialize-after-q06-predicate -> fused,1,3,materialize-after-q06-predicate,2026-07-19T13:32:37.954045+00:00,302.3171,1000.0,1,sha256:0606fc1be59a1a7f3f195deac59920c6681f839260f7d298f60cd4aa7348ab28
5,tpch-q6-block-005,materialize-after-q06-time -> materialize-after-q06-predicate -> fused,1,4,materialize-after-q06-predicate,2026-07-19T13:32:38.256156+00:00,319.9957,1171.875,1,sha256:0606fc1be59a1a7f3f195deac59920c6681f839260f7d298f60cd4aa7348ab28
5,tpch-q6-block-005,materialize-after-q06-time -> materialize-after-q06-predicate -> fused,2,0,fused,2026-07-19T13:32:38.576863+00:00,255.4566,968.75,1,sha256:0606fc1be59a1a7f3f195deac59920c6681f839260f7d298f60cd4aa7348ab28
5,tpch-q6-block-005,materialize-after-q06-time -> materialize-after-q06-predicate -> fused,2,1,fused,2026-07-19T13:32:38.831811+00:00,206.6705,765.625,1,sha256:0606fc1be59a1a7f3f195deac59920c6681f839260f7d298f60cd4aa7348ab28
5,tpch-q6-block-005,materialize-after-q06-time -> materialize-after-q06-predicate -> fused,2,2,fused,2026-07-19T13:32:39.038810+00:00,234.7169,859.375,1,sha256:0606fc1be59a1a7f3f195deac59920c6681f839260f7d298f60cd4aa7348ab28
5,tpch-q6-block-005,materialize-after-q06-time -> materialize-after-q06-predicate -> fused,2,3,fused,2026-07-19T13:32:39.273164+00:00,192.0894,734.375,1,sha256:0606fc1be59a1a7f3f195deac59920c6681f839260f7d298f60cd4aa7348ab28
5,tpch-q6-block-005,materialize-after-q06-time -> materialize-after-q06-predicate -> fused,2,4,fused,2026-07-19T13:32:39.466042+00:00,209.1865,812.5,1,sha256:0606fc1be59a1a7f3f195deac59920c6681f839260f7d298f60cd4aa7348ab28
6,tpch-q6-block-006,materialize-after-q06-time -> materialize-after-q06-predicate -> fused,0,0,materialize-after-q06-time,2026-07-19T13:32:39.677963+00:00,516.4488,2000.0,1,sha256:0606fc1be59a1a7f3f195deac59920c6681f839260f7d298f60cd4aa7348ab28
6,tpch-q6-block-006,materialize-after-q06-time -> materialize-after-q06-predicate -> fused,0,1,materialize-after-q06-time,2026-07-19T13:32:40.193962+00:00,587.2572,2234.375,1,sha256:0606fc1be59a1a7f3f195deac59920c6681f839260f7d298f60cd4aa7348ab28
6,tpch-q6-block-006,materialize-after-q06-time -> materialize-after-q06-predicate -> fused,0,2,materialize-after-q06-time,2026-07-19T13:32:40.781466+00:00,540.3639,2109.375,1,sha256:0606fc1be59a1a7f3f195deac59920c6681f839260f7d298f60cd4aa7348ab28
6,tpch-q6-block-006,materialize-after-q06-time -> materialize-after-q06-predicate -> fused,0,3,materialize-after-q06-time,2026-07-19T13:32:41.321643+00:00,525.2399,2031.25,1,sha256:0606fc1be59a1a7f3f195deac59920c6681f839260f7d298f60cd4aa7348ab28
6,tpch-q6-block-006,materialize-after-q06-time -> materialize-after-q06-predicate -> fused,0,4,materialize-after-q06-time,2026-07-19T13:32:41.847787+00:00,639.6724,2468.75,1,sha256:0606fc1be59a1a7f3f195deac59920c6681f839260f7d298f60cd4aa7348ab28
6,tpch-q6-block-006,materialize-after-q06-time -> materialize-after-q06-predicate -> fused,1,0,materialize-after-q06-predicate,2026-07-19T13:32:42.486782+00:00,242.1105,937.5,1,sha256:0606fc1be59a1a7f3f195deac59920c6681f839260f7d298f60cd4aa7348ab28
6,tpch-q6-block-006,materialize-after-q06-time -> materialize-after-q06-predicate -> fused,1,1,materialize-after-q06-predicate,2026-07-19T13:32:42.729354+00:00,231.1753,875.0,1,sha256:0606fc1be59a1a7f3f195deac59920c6681f839260f7d298f60cd4aa7348ab28
6,tpch-q6-block-006,materialize-after-q06-time -> materialize-after-q06-predicate -> fused,1,2,materialize-after-q06-predicate,2026-07-19T13:32:42.960354+00:00,249.0192,875.0,1,sha256:0606fc1be59a1a7f3f195deac59920c6681f839260f7d298f60cd4aa7348ab28
6,tpch-q6-block-006,materialize-after-q06-time -> materialize-after-q06-predicate -> fused,1,3,materialize-after-q06-predicate,2026-07-19T13:32:43.209353+00:00,279.6373,937.5,1,sha256:0606fc1be59a1a7f3f195deac59920c6681f839260f7d298f60cd4aa7348ab28
6,tpch-q6-block-006,materialize-after-q06-time -> materialize-after-q06-predicate -> fused,1,4,materialize-after-q06-predicate,2026-07-19T13:32:43.489615+00:00,261.7212,953.125,1,sha256:0606fc1be59a1a7f3f195deac59920c6681f839260f7d298f60cd4aa7348ab28
6,tpch-q6-block-006,materialize-after-q06-time -> materialize-after-q06-predicate -> fused,2,0,fused,2026-07-19T13:32:43.751736+00:00,279.3766,984.375,1,sha256:0606fc1be59a1a7f3f195deac59920c6681f839260f7d298f60cd4aa7348ab28
6,tpch-q6-block-006,materialize-after-q06-time -> materialize-after-q06-predicate -> fused,2,1,fused,2026-07-19T13:32:44.030733+00:00,220.6436,812.5,1,sha256:0606fc1be59a1a7f3f195deac59920c6681f839260f7d298f60cd4aa7348ab28
6,tpch-q6-block-006,materialize-after-q06-time -> materialize-after-q06-predicate -> fused,2,2,fused,2026-07-19T13:32:44.251733+00:00,190.29,750.0,1,sha256:0606fc1be59a1a7f3f195deac59920c6681f839260f7d298f60cd4aa7348ab28
6,tpch-q6-block-006,materialize-after-q06-time -> materialize-after-q06-predicate -> fused,2,3,fused,2026-07-19T13:32:44.442034+00:00,238.4654,890.625,1,sha256:0606fc1be59a1a7f3f195deac59920c6681f839260f7d298f60cd4aa7348ab28
6,tpch-q6-block-006,materialize-after-q06-time -> materialize-after-q06-predicate -> fused,2,4,fused,2026-07-19T13:32:44.681027+00:00,219.8249,828.125,1,sha256:0606fc1be59a1a7f3f195deac59920c6681f839260f7d298f60cd4aa7348ab28
7,tpch-q6-block-007,materialize-after-q06-predicate -> fused -> materialize-after-q06-time,0,0,materialize-after-q06-predicate,2026-07-19T13:32:44.903027+00:00,209.3521,750.0,1,sha256:0606fc1be59a1a7f3f195deac59920c6681f839260f7d298f60cd4aa7348ab28
7,tpch-q6-block-007,materialize-after-q06-predicate -> fused -> materialize-after-q06-time,0,1,materialize-after-q06-predicate,2026-07-19T13:32:45.112027+00:00,229.3114,906.25,1,sha256:0606fc1be59a1a7f3f195deac59920c6681f839260f7d298f60cd4aa7348ab28
7,tpch-q6-block-007,materialize-after-q06-predicate -> fused -> materialize-after-q06-time,0,2,materialize-after-q06-predicate,2026-07-19T13:32:45.341632+00:00,211.2686,812.5,1,sha256:0606fc1be59a1a7f3f195deac59920c6681f839260f7d298f60cd4aa7348ab28
7,tpch-q6-block-007,materialize-after-q06-predicate -> fused -> materialize-after-q06-time,0,3,materialize-after-q06-predicate,2026-07-19T13:32:45.553249+00:00,209.8465,781.25,1,sha256:0606fc1be59a1a7f3f195deac59920c6681f839260f7d298f60cd4aa7348ab28
7,tpch-q6-block-007,materialize-after-q06-predicate -> fused -> materialize-after-q06-time,0,4,materialize-after-q06-predicate,2026-07-19T13:32:45.762841+00:00,285.7318,1093.75,1,sha256:0606fc1be59a1a7f3f195deac59920c6681f839260f7d298f60cd4aa7348ab28
7,tpch-q6-block-007,materialize-after-q06-predicate -> fused -> materialize-after-q06-time,1,0,fused,2026-07-19T13:32:46.048840+00:00,246.1249,859.375,1,sha256:0606fc1be59a1a7f3f195deac59920c6681f839260f7d298f60cd4aa7348ab28
7,tpch-q6-block-007,materialize-after-q06-predicate -> fused -> materialize-after-q06-time,1,1,fused,2026-07-19T13:32:46.294472+00:00,233.1851,875.0,1,sha256:0606fc1be59a1a7f3f195deac59920c6681f839260f7d298f60cd4aa7348ab28
7,tpch-q6-block-007,materialize-after-q06-predicate -> fused -> materialize-after-q06-time,1,2,fused,2026-07-19T13:32:46.527794+00:00,244.9004,781.25,1,sha256:0606fc1be59a1a7f3f195deac59920c6681f839260f7d298f60cd4aa7348ab28
7,tpch-q6-block-007,materialize-after-q06-predicate -> fused -> materialize-after-q06-time,1,3,fused,2026-07-19T13:32:46.772789+00:00,233.9778,765.625,1,sha256:0606fc1be59a1a7f3f195deac59920c6681f839260f7d298f60cd4aa7348ab28
7,tpch-q6-block-007,materialize-after-q06-predicate -> fused -> materialize-after-q06-time,1,4,fused,2026-07-19T13:32:47.006788+00:00,249.8728,859.375,1,sha256:0606fc1be59a1a7f3f195deac59920c6681f839260f7d298f60cd4aa7348ab28
7,tpch-q6-block-007,materialize-after-q06-predicate -> fused -> materialize-after-q06-time,2,0,materialize-after-q06-time,2026-07-19T13:32:47.257641+00:00,637.2606,2453.125,1,sha256:0606fc1be59a1a7f3f195deac59920c6681f839260f7d298f60cd4aa7348ab28
7,tpch-q6-block-007,materialize-after-q06-predicate -> fused -> materialize-after-q06-time,2,1,materialize-after-q06-time,2026-07-19T13:32:47.894813+00:00,660.2489,2546.875,1,sha256:0606fc1be59a1a7f3f195deac59920c6681f839260f7d298f60cd4aa7348ab28
7,tpch-q6-block-007,materialize-after-q06-predicate -> fused -> materialize-after-q06-time,2,2,materialize-after-q06-time,2026-07-19T13:32:48.554959+00:00,573.0988,2218.75,1,sha256:0606fc1be59a1a7f3f195deac59920c6681f839260f7d298f60cd4aa7348ab28
7,tpch-q6-block-007,materialize-after-q06-predicate -> fused -> materialize-after-q06-time,2,3,materialize-after-q06-time,2026-07-19T13:32:49.128179+00:00,600.4053,2281.25,1,sha256:0606fc1be59a1a7f3f195deac59920c6681f839260f7d298f60cd4aa7348ab28
7,tpch-q6-block-007,materialize-after-q06-predicate -> fused -> materialize-after-q06-time,2,4,materialize-after-q06-time,2026-07-19T13:32:49.728378+00:00,613.7518,2453.125,1,sha256:0606fc1be59a1a7f3f195deac59920c6681f839260f7d298f60cd4aa7348ab28
8,tpch-q6-block-008,fused -> materialize-after-q06-time -> materialize-after-q06-predicate,0,0,fused,2026-07-19T13:32:50.344405+00:00,172.295,640.625,1,sha256:0606fc1be59a1a7f3f195deac59920c6681f839260f7d298f60cd4aa7348ab28
8,tpch-q6-block-008,fused -> materialize-after-q06-time -> materialize-after-q06-predicate,0,1,fused,2026-07-19T13:32:50.517146+00:00,259.8373,828.125,1,sha256:0606fc1be59a1a7f3f195deac59920c6681f839260f7d298f60cd4aa7348ab28
8,tpch-q6-block-008,fused -> materialize-after-q06-time -> materialize-after-q06-predicate,0,2,fused,2026-07-19T13:32:50.776716+00:00,242.0996,953.125,1,sha256:0606fc1be59a1a7f3f195deac59920c6681f839260f7d298f60cd4aa7348ab28
8,tpch-q6-block-008,fused -> materialize-after-q06-time -> materialize-after-q06-predicate,0,3,fused,2026-07-19T13:32:51.019091+00:00,192.8269,687.5,1,sha256:0606fc1be59a1a7f3f195deac59920c6681f839260f7d298f60cd4aa7348ab28
8,tpch-q6-block-008,fused -> materialize-after-q06-time -> materialize-after-q06-predicate,0,4,fused,2026-07-19T13:32:51.212247+00:00,222.0235,796.875,1,sha256:0606fc1be59a1a7f3f195deac59920c6681f839260f7d298f60cd4aa7348ab28
8,tpch-q6-block-008,fused -> materialize-after-q06-time -> materialize-after-q06-predicate,1,0,materialize-after-q06-time,2026-07-19T13:32:51.433946+00:00,729.4075,2578.125,1,sha256:0606fc1be59a1a7f3f195deac59920c6681f839260f7d298f60cd4aa7348ab28
8,tpch-q6-block-008,fused -> materialize-after-q06-time -> materialize-after-q06-predicate,1,1,materialize-after-q06-time,2026-07-19T13:32:52.163132+00:00,648.8983,2515.625,1,sha256:0606fc1be59a1a7f3f195deac59920c6681f839260f7d298f60cd4aa7348ab28
8,tpch-q6-block-008,fused -> materialize-after-q06-time -> materialize-after-q06-predicate,1,2,materialize-after-q06-time,2026-07-19T13:32:52.812463+00:00,627.5556,2468.75,1,sha256:0606fc1be59a1a7f3f195deac59920c6681f839260f7d298f60cd4aa7348ab28
8,tpch-q6-block-008,fused -> materialize-after-q06-time -> materialize-after-q06-predicate,1,3,materialize-after-q06-time,2026-07-19T13:32:53.440273+00:00,544.682,2140.625,1,sha256:0606fc1be59a1a7f3f195deac59920c6681f839260f7d298f60cd4aa7348ab28
8,tpch-q6-block-008,fused -> materialize-after-q06-time -> materialize-after-q06-predicate,1,4,materialize-after-q06-time,2026-07-19T13:32:53.984562+00:00,625.8417,2453.125,1,sha256:0606fc1be59a1a7f3f195deac59920c6681f839260f7d298f60cd4aa7348ab28
8,tpch-q6-block-008,fused -> materialize-after-q06-time -> materialize-after-q06-predicate,2,0,materialize-after-q06-predicate,2026-07-19T13:32:54.610854+00:00,225.184,828.125,1,sha256:0606fc1be59a1a7f3f195deac59920c6681f839260f7d298f60cd4aa7348ab28
8,tpch-q6-block-008,fused -> materialize-after-q06-time -> materialize-after-q06-predicate,2,1,materialize-after-q06-predicate,2026-07-19T13:32:54.835923+00:00,247.5953,890.625,1,sha256:0606fc1be59a1a7f3f195deac59920c6681f839260f7d298f60cd4aa7348ab28
8,tpch-q6-block-008,fused -> materialize-after-q06-time -> materialize-after-q06-predicate,2,2,materialize-after-q06-predicate,2026-07-19T13:32:55.083925+00:00,258.3574,953.125,1,sha256:0606fc1be59a1a7f3f195deac59920c6681f839260f7d298f60cd4aa7348ab28
8,tpch-q6-block-008,fused -> materialize-after-q06-time -> materialize-after-q06-predicate,2,3,materialize-after-q06-predicate,2026-07-19T13:32:55.341918+00:00,211.9508,812.5,1,sha256:0606fc1be59a1a7f3f195deac59920c6681f839260f7d298f60cd4aa7348ab28
8,tpch-q6-block-008,fused -> materialize-after-q06-time -> materialize-after-q06-predicate,2,4,materialize-after-q06-predicate,2026-07-19T13:32:55.554317+00:00,249.2029,937.5,1,sha256:0606fc1be59a1a7f3f195deac59920c6681f839260f7d298f60cd4aa7348ab28
9,tpch-q6-block-009,materialize-after-q06-predicate -> materialize-after-q06-time -> fused,0,0,materialize-after-q06-predicate,2026-07-19T13:32:55.806214+00:00,223.8941,859.375,1,sha256:0606fc1be59a1a7f3f195deac59920c6681f839260f7d298f60cd4aa7348ab28
9,tpch-q6-block-009,materialize-after-q06-predicate -> materialize-after-q06-time -> fused,0,1,materialize-after-q06-predicate,2026-07-19T13:32:56.030211+00:00,280.3632,890.625,1,sha256:0606fc1be59a1a7f3f195deac59920c6681f839260f7d298f60cd4aa7348ab28
9,tpch-q6-block-009,materialize-after-q06-predicate -> materialize-after-q06-time -> fused,0,2,materialize-after-q06-predicate,2026-07-19T13:32:56.311410+00:00,244.1096,796.875,1,sha256:0606fc1be59a1a7f3f195deac59920c6681f839260f7d298f60cd4aa7348ab28
9,tpch-q6-block-009,materialize-after-q06-predicate -> materialize-after-q06-time -> fused,0,3,materialize-after-q06-predicate,2026-07-19T13:32:56.555013+00:00,250.7507,828.125,1,sha256:0606fc1be59a1a7f3f195deac59920c6681f839260f7d298f60cd4aa7348ab28
9,tpch-q6-block-009,materialize-after-q06-predicate -> materialize-after-q06-time -> fused,0,4,materialize-after-q06-predicate,2026-07-19T13:32:56.806211+00:00,283.4903,1078.125,1,sha256:0606fc1be59a1a7f3f195deac59920c6681f839260f7d298f60cd4aa7348ab28
9,tpch-q6-block-009,materialize-after-q06-predicate -> materialize-after-q06-time -> fused,1,0,materialize-after-q06-time,2026-07-19T13:32:57.089983+00:00,609.8775,2343.75,1,sha256:0606fc1be59a1a7f3f195deac59920c6681f839260f7d298f60cd4aa7348ab28
9,tpch-q6-block-009,materialize-after-q06-predicate -> materialize-after-q06-time -> fused,1,1,materialize-after-q06-time,2026-07-19T13:32:57.699872+00:00,683.0678,2562.5,1,sha256:0606fc1be59a1a7f3f195deac59920c6681f839260f7d298f60cd4aa7348ab28
9,tpch-q6-block-009,materialize-after-q06-predicate -> materialize-after-q06-time -> fused,1,2,materialize-after-q06-time,2026-07-19T13:32:58.382665+00:00,640.2762,2375.0,1,sha256:0606fc1be59a1a7f3f195deac59920c6681f839260f7d298f60cd4aa7348ab28
9,tpch-q6-block-009,materialize-after-q06-predicate -> materialize-after-q06-time -> fused,1,3,materialize-after-q06-time,2026-07-19T13:32:59.022819+00:00,639.3107,2468.75,1,sha256:0606fc1be59a1a7f3f195deac59920c6681f839260f7d298f60cd4aa7348ab28
9,tpch-q6-block-009,materialize-after-q06-predicate -> materialize-after-q06-time -> fused,1,4,materialize-after-q06-time,2026-07-19T13:32:59.662412+00:00,765.3181,2546.875,1,sha256:0606fc1be59a1a7f3f195deac59920c6681f839260f7d298f60cd4aa7348ab28
9,tpch-q6-block-009,materialize-after-q06-predicate -> materialize-after-q06-time -> fused,2,0,fused,2026-07-19T13:33:00.428426+00:00,197.562,765.625,1,sha256:0606fc1be59a1a7f3f195deac59920c6681f839260f7d298f60cd4aa7348ab28
9,tpch-q6-block-009,materialize-after-q06-predicate -> materialize-after-q06-time -> fused,2,1,fused,2026-07-19T13:33:00.625962+00:00,258.5388,1000.0,1,sha256:0606fc1be59a1a7f3f195deac59920c6681f839260f7d298f60cd4aa7348ab28
9,tpch-q6-block-009,materialize-after-q06-predicate -> materialize-after-q06-time -> fused,2,2,fused,2026-07-19T13:33:00.884541+00:00,235.0596,890.625,1,sha256:0606fc1be59a1a7f3f195deac59920c6681f839260f7d298f60cd4aa7348ab28
9,tpch-q6-block-009,materialize-after-q06-predicate -> materialize-after-q06-time -> fused,2,3,fused,2026-07-19T13:33:01.119616+00:00,192.3952,750.0,1,sha256:0606fc1be59a1a7f3f195deac59920c6681f839260f7d298f60cd4aa7348ab28
9,tpch-q6-block-009,materialize-after-q06-predicate -> materialize-after-q06-time -> fused,2,4,fused,2026-07-19T13:33:01.311803+00:00,234.8235,875.0,1,sha256:0606fc1be59a1a7f3f195deac59920c6681f839260f7d298f60cd4aa7348ab28
10,tpch-q6-block-010,fused -> materialize-after-q06-predicate -> materialize-after-q06-time,0,0,fused,2026-07-19T13:33:01.550105+00:00,184.3136,734.375,1,sha256:0606fc1be59a1a7f3f195deac59920c6681f839260f7d298f60cd4aa7348ab28
10,tpch-q6-block-010,fused -> materialize-after-q06-predicate -> materialize-after-q06-time,0,1,fused,2026-07-19T13:33:01.734103+00:00,167.3608,625.0,1,sha256:0606fc1be59a1a7f3f195deac59920c6681f839260f7d298f60cd4aa7348ab28
10,tpch-q6-block-010,fused -> materialize-after-q06-predicate -> materialize-after-q06-time,0,2,fused,2026-07-19T13:33:01.901261+00:00,177.2322,671.875,1,sha256:0606fc1be59a1a7f3f195deac59920c6681f839260f7d298f60cd4aa7348ab28
10,tpch-q6-block-010,fused -> materialize-after-q06-predicate -> materialize-after-q06-time,0,3,fused,2026-07-19T13:33:02.079261+00:00,173.439,687.5,1,sha256:0606fc1be59a1a7f3f195deac59920c6681f839260f7d298f60cd4aa7348ab28
10,tpch-q6-block-010,fused -> materialize-after-q06-predicate -> materialize-after-q06-time,0,4,fused,2026-07-19T13:33:02.252261+00:00,195.102,734.375,1,sha256:0606fc1be59a1a7f3f195deac59920c6681f839260f7d298f60cd4aa7348ab28
10,tpch-q6-block-010,fused -> materialize-after-q06-predicate -> materialize-after-q06-time,1,0,materialize-after-q06-predicate,2026-07-19T13:33:02.447453+00:00,234.4719,890.625,1,sha256:0606fc1be59a1a7f3f195deac59920c6681f839260f7d298f60cd4aa7348ab28
10,tpch-q6-block-010,fused -> materialize-after-q06-predicate -> materialize-after-q06-time,1,1,materialize-after-q06-predicate,2026-07-19T13:33:02.681843+00:00,246.245,921.875,1,sha256:0606fc1be59a1a7f3f195deac59920c6681f839260f7d298f60cd4aa7348ab28
10,tpch-q6-block-010,fused -> materialize-after-q06-predicate -> materialize-after-q06-time,1,2,materialize-after-q06-predicate,2026-07-19T13:33:02.928844+00:00,190.6226,703.125,1,sha256:0606fc1be59a1a7f3f195deac59920c6681f839260f7d298f60cd4aa7348ab28
10,tpch-q6-block-010,fused -> materialize-after-q06-predicate -> materialize-after-q06-time,1,3,materialize-after-q06-predicate,2026-07-19T13:33:03.119640+00:00,241.3544,906.25,1,sha256:0606fc1be59a1a7f3f195deac59920c6681f839260f7d298f60cd4aa7348ab28
10,tpch-q6-block-010,fused -> materialize-after-q06-predicate -> materialize-after-q06-time,1,4,materialize-after-q06-predicate,2026-07-19T13:33:03.360873+00:00,255.7888,968.75,1,sha256:0606fc1be59a1a7f3f195deac59920c6681f839260f7d298f60cd4aa7348ab28
10,tpch-q6-block-010,fused -> materialize-after-q06-predicate -> materialize-after-q06-time,2,0,materialize-after-q06-time,2026-07-19T13:33:03.616485+00:00,687.9877,2546.875,1,sha256:0606fc1be59a1a7f3f195deac59920c6681f839260f7d298f60cd4aa7348ab28
10,tpch-q6-block-010,fused -> materialize-after-q06-predicate -> materialize-after-q06-time,2,1,materialize-after-q06-time,2026-07-19T13:33:04.304743+00:00,720.2721,2578.125,1,sha256:0606fc1be59a1a7f3f195deac59920c6681f839260f7d298f60cd4aa7348ab28
10,tpch-q6-block-010,fused -> materialize-after-q06-predicate -> materialize-after-q06-time,2,2,materialize-after-q06-time,2026-07-19T13:33:05.025119+00:00,662.8219,2578.125,1,sha256:0606fc1be59a1a7f3f195deac59920c6681f839260f7d298f60cd4aa7348ab28
10,tpch-q6-block-010,fused -> materialize-after-q06-predicate -> materialize-after-q06-time,2,3,materialize-after-q06-time,2026-07-19T13:33:05.688553+00:00,622.4895,2484.375,1,sha256:0606fc1be59a1a7f3f195deac59920c6681f839260f7d298f60cd4aa7348ab28
10,tpch-q6-block-010,fused -> materialize-after-q06-predicate -> materialize-after-q06-time,2,4,materialize-after-q06-time,2026-07-19T13:33:06.310198+00:00,653.254,2468.75,1,sha256:0606fc1be59a1a7f3f195deac59920c6681f839260f7d298f60cd4aa7348ab28
11,tpch-q6-block-011,materialize-after-q06-time -> fused -> materialize-after-q06-predicate,0,0,materialize-after-q06-time,2026-07-19T13:33:06.966893+00:00,637.7698,2296.875,1,sha256:0606fc1be59a1a7f3f195deac59920c6681f839260f7d298f60cd4aa7348ab28
11,tpch-q6-block-011,materialize-after-q06-time -> fused -> materialize-after-q06-predicate,0,1,materialize-after-q06-time,2026-07-19T13:33:07.604538+00:00,644.7435,2484.375,1,sha256:0606fc1be59a1a7f3f195deac59920c6681f839260f7d298f60cd4aa7348ab28
11,tpch-q6-block-011,materialize-after-q06-time -> fused -> materialize-after-q06-predicate,0,2,materialize-after-q06-time,2026-07-19T13:33:08.249317+00:00,732.3732,2750.0,1,sha256:0606fc1be59a1a7f3f195deac59920c6681f839260f7d298f60cd4aa7348ab28
11,tpch-q6-block-011,materialize-after-q06-time -> fused -> materialize-after-q06-predicate,0,3,materialize-after-q06-time,2026-07-19T13:33:08.982301+00:00,669.7332,2546.875,1,sha256:0606fc1be59a1a7f3f195deac59920c6681f839260f7d298f60cd4aa7348ab28
11,tpch-q6-block-011,materialize-after-q06-time -> fused -> materialize-after-q06-predicate,0,4,materialize-after-q06-time,2026-07-19T13:33:09.652008+00:00,603.6104,2328.125,1,sha256:0606fc1be59a1a7f3f195deac59920c6681f839260f7d298f60cd4aa7348ab28
11,tpch-q6-block-011,materialize-after-q06-time -> fused -> materialize-after-q06-predicate,1,0,fused,2026-07-19T13:33:10.255379+00:00,180.437,671.875,1,sha256:0606fc1be59a1a7f3f195deac59920c6681f839260f7d298f60cd4aa7348ab28
11,tpch-q6-block-011,materialize-after-q06-time -> fused -> materialize-after-q06-predicate,1,1,fused,2026-07-19T13:33:10.435989+00:00,164.2176,625.0,1,sha256:0606fc1be59a1a7f3f195deac59920c6681f839260f7d298f60cd4aa7348ab28
11,tpch-q6-block-011,materialize-after-q06-time -> fused -> materialize-after-q06-predicate,1,2,fused,2026-07-19T13:33:10.600843+00:00,223.9606,859.375,1,sha256:0606fc1be59a1a7f3f195deac59920c6681f839260f7d298f60cd4aa7348ab28
11,tpch-q6-block-011,materialize-after-q06-time -> fused -> materialize-after-q06-predicate,1,3,fused,2026-07-19T13:33:10.824461+00:00,233.1942,875.0,1,sha256:0606fc1be59a1a7f3f195deac59920c6681f839260f7d298f60cd4aa7348ab28
11,tpch-q6-block-011,materialize-after-q06-time -> fused -> materialize-after-q06-predicate,1,4,fused,2026-07-19T13:33:11.058516+00:00,193.264,750.0,1,sha256:0606fc1be59a1a7f3f195deac59920c6681f839260f7d298f60cd4aa7348ab28
11,tpch-q6-block-011,materialize-after-q06-time -> fused -> materialize-after-q06-predicate,2,0,materialize-after-q06-predicate,2026-07-19T13:33:11.251517+00:00,241.2562,937.5,1,sha256:0606fc1be59a1a7f3f195deac59920c6681f839260f7d298f60cd4aa7348ab28
11,tpch-q6-block-011,materialize-after-q06-time -> fused -> materialize-after-q06-predicate,2,1,materialize-after-q06-predicate,2026-07-19T13:33:11.492389+00:00,213.1662,796.875,1,sha256:0606fc1be59a1a7f3f195deac59920c6681f839260f7d298f60cd4aa7348ab28
11,tpch-q6-block-011,materialize-after-q06-time -> fused -> materialize-after-q06-predicate,2,2,materialize-after-q06-predicate,2026-07-19T13:33:11.706025+00:00,183.7779,703.125,1,sha256:0606fc1be59a1a7f3f195deac59920c6681f839260f7d298f60cd4aa7348ab28
11,tpch-q6-block-011,materialize-after-q06-time -> fused -> materialize-after-q06-predicate,2,3,materialize-after-q06-predicate,2026-07-19T13:33:11.890032+00:00,209.9484,765.625,1,sha256:0606fc1be59a1a7f3f195deac59920c6681f839260f7d298f60cd4aa7348ab28
11,tpch-q6-block-011,materialize-after-q06-time -> fused -> materialize-after-q06-predicate,2,4,materialize-after-q06-predicate,2026-07-19T13:33:12.100405+00:00,244.1947,890.625,1,sha256:0606fc1be59a1a7f3f195deac59920c6681f839260f7d298f60cd4aa7348ab28
12,tpch-q6-block-012,materialize-after-q06-time -> materialize-after-q06-predicate -> fused,0,0,materialize-after-q06-time,2026-07-19T13:33:12.347186+00:00,671.7402,2546.875,1,sha256:0606fc1be59a1a7f3f195deac59920c6681f839260f7d298f60cd4aa7348ab28
12,tpch-q6-block-012,materialize-after-q06-time -> materialize-after-q06-predicate -> fused,0,1,materialize-after-q06-time,2026-07-19T13:33:13.019322+00:00,706.897,2609.375,1,sha256:0606fc1be59a1a7f3f195deac59920c6681f839260f7d298f60cd4aa7348ab28
12,tpch-q6-block-012,materialize-after-q06-time -> materialize-after-q06-predicate -> fused,0,2,materialize-after-q06-time,2026-07-19T13:33:13.725794+00:00,673.933,2468.75,1,sha256:0606fc1be59a1a7f3f195deac59920c6681f839260f7d298f60cd4aa7348ab28
12,tpch-q6-block-012,materialize-after-q06-time -> materialize-after-q06-predicate -> fused,0,3,materialize-after-q06-time,2026-07-19T13:33:14.399859+00:00,661.4122,2578.125,1,sha256:0606fc1be59a1a7f3f195deac59920c6681f839260f7d298f60cd4aa7348ab28
12,tpch-q6-block-012,materialize-after-q06-time -> materialize-after-q06-predicate -> fused,0,4,materialize-after-q06-time,2026-07-19T13:33:15.061273+00:00,624.5137,2312.5,1,sha256:0606fc1be59a1a7f3f195deac59920c6681f839260f7d298f60cd4aa7348ab28
12,tpch-q6-block-012,materialize-after-q06-time -> materialize-after-q06-predicate -> fused,1,0,materialize-after-q06-predicate,2026-07-19T13:33:15.686376+00:00,213.9264,796.875,1,sha256:0606fc1be59a1a7f3f195deac59920c6681f839260f7d298f60cd4aa7348ab28
12,tpch-q6-block-012,materialize-after-q06-time -> materialize-after-q06-predicate -> fused,1,1,materialize-after-q06-predicate,2026-07-19T13:33:15.900506+00:00,223.0496,843.75,1,sha256:0606fc1be59a1a7f3f195deac59920c6681f839260f7d298f60cd4aa7348ab28
12,tpch-q6-block-012,materialize-after-q06-time -> materialize-after-q06-predicate -> fused,1,2,materialize-after-q06-predicate,2026-07-19T13:33:16.123487+00:00,259.544,953.125,1,sha256:0606fc1be59a1a7f3f195deac59920c6681f839260f7d298f60cd4aa7348ab28
12,tpch-q6-block-012,materialize-after-q06-time -> materialize-after-q06-predicate -> fused,1,3,materialize-after-q06-predicate,2026-07-19T13:33:16.382820+00:00,204.0802,750.0,1,sha256:0606fc1be59a1a7f3f195deac59920c6681f839260f7d298f60cd4aa7348ab28
12,tpch-q6-block-012,materialize-after-q06-time -> materialize-after-q06-predicate -> fused,1,4,materialize-after-q06-predicate,2026-07-19T13:33:16.586727+00:00,273.5472,1015.625,1,sha256:0606fc1be59a1a7f3f195deac59920c6681f839260f7d298f60cd4aa7348ab28
12,tpch-q6-block-012,materialize-after-q06-time -> materialize-after-q06-predicate -> fused,2,0,fused,2026-07-19T13:33:16.860727+00:00,254.9554,890.625,1,sha256:0606fc1be59a1a7f3f195deac59920c6681f839260f7d298f60cd4aa7348ab28
12,tpch-q6-block-012,materialize-after-q06-time -> materialize-after-q06-predicate -> fused,2,1,fused,2026-07-19T13:33:17.115435+00:00,327.5137,937.5,1,sha256:0606fc1be59a1a7f3f195deac59920c6681f839260f7d298f60cd4aa7348ab28
12,tpch-q6-block-012,materialize-after-q06-time -> materialize-after-q06-predicate -> fused,2,2,fused,2026-07-19T13:33:17.443705+00:00,239.6332,828.125,1,sha256:0606fc1be59a1a7f3f195deac59920c6681f839260f7d298f60cd4aa7348ab28
12,tpch-q6-block-012,materialize-after-q06-time -> materialize-after-q06-predicate -> fused,2,3,fused,2026-07-19T13:33:17.682907+00:00,238.6267,875.0,1,sha256:0606fc1be59a1a7f3f195deac59920c6681f839260f7d298f60cd4aa7348ab28
12,tpch-q6-block-012,materialize-after-q06-time -> materialize-after-q06-predicate -> fused,2,4,fused,2026-07-19T13:33:17.921780+00:00,248.4505,843.75,1,sha256:0606fc1be59a1a7f3f195deac59920c6681f839260f7d298f60cd4aa7348ab28
13,tpch-q6-block-013,fused -> materialize-after-q06-predicate -> materialize-after-q06-time,0,0,fused,2026-07-19T13:33:18.173813+00:00,288.4832,828.125,1,sha256:0606fc1be59a1a7f3f195deac59920c6681f839260f7d298f60cd4aa7348ab28
13,tpch-q6-block-013,fused -> materialize-after-q06-predicate -> materialize-after-q06-time,0,1,fused,2026-07-19T13:33:18.461871+00:00,328.2045,1078.125,1,sha256:0606fc1be59a1a7f3f195deac59920c6681f839260f7d298f60cd4aa7348ab28
13,tpch-q6-block-013,fused -> materialize-after-q06-predicate -> materialize-after-q06-time,0,2,fused,2026-07-19T13:33:18.790396+00:00,253.9285,890.625,1,sha256:0606fc1be59a1a7f3f195deac59920c6681f839260f7d298f60cd4aa7348ab28
13,tpch-q6-block-013,fused -> materialize-after-q06-predicate -> materialize-after-q06-time,0,3,fused,2026-07-19T13:33:19.045019+00:00,244.5074,906.25,1,sha256:0606fc1be59a1a7f3f195deac59920c6681f839260f7d298f60cd4aa7348ab28
13,tpch-q6-block-013,fused -> materialize-after-q06-predicate -> materialize-after-q06-time,0,4,fused,2026-07-19T13:33:19.289443+00:00,337.1286,1187.5,1,sha256:0606fc1be59a1a7f3f195deac59920c6681f839260f7d298f60cd4aa7348ab28
13,tpch-q6-block-013,fused -> materialize-after-q06-predicate -> materialize-after-q06-time,1,0,materialize-after-q06-predicate,2026-07-19T13:33:19.626540+00:00,285.5892,968.75,1,sha256:0606fc1be59a1a7f3f195deac59920c6681f839260f7d298f60cd4aa7348ab28
13,tpch-q6-block-013,fused -> materialize-after-q06-predicate -> materialize-after-q06-time,1,1,materialize-after-q06-predicate,2026-07-19T13:33:19.911664+00:00,300.9676,1031.25,1,sha256:0606fc1be59a1a7f3f195deac59920c6681f839260f7d298f60cd4aa7348ab28
13,tpch-q6-block-013,fused -> materialize-after-q06-predicate -> materialize-after-q06-time,1,2,materialize-after-q06-predicate,2026-07-19T13:33:20.212794+00:00,269.5454,953.125,1,sha256:0606fc1be59a1a7f3f195deac59920c6681f839260f7d298f60cd4aa7348ab28
13,tpch-q6-block-013,fused -> materialize-after-q06-predicate -> materialize-after-q06-time,1,3,materialize-after-q06-predicate,2026-07-19T13:33:20.482589+00:00,338.919,1109.375,1,sha256:0606fc1be59a1a7f3f195deac59920c6681f839260f7d298f60cd4aa7348ab28
13,tpch-q6-block-013,fused -> materialize-after-q06-predicate -> materialize-after-q06-time,1,4,materialize-after-q06-predicate,2026-07-19T13:33:20.822047+00:00,258.4807,1000.0,1,sha256:0606fc1be59a1a7f3f195deac59920c6681f839260f7d298f60cd4aa7348ab28
13,tpch-q6-block-013,fused -> materialize-after-q06-predicate -> materialize-after-q06-time,2,0,materialize-after-q06-time,2026-07-19T13:33:21.080048+00:00,647.8921,2375.0,1,sha256:0606fc1be59a1a7f3f195deac59920c6681f839260f7d298f60cd4aa7348ab28
13,tpch-q6-block-013,fused -> materialize-after-q06-predicate -> materialize-after-q06-time,2,1,materialize-after-q06-time,2026-07-19T13:33:21.728498+00:00,755.0899,2593.75,1,sha256:0606fc1be59a1a7f3f195deac59920c6681f839260f7d298f60cd4aa7348ab28
13,tpch-q6-block-013,fused -> materialize-after-q06-predicate -> materialize-after-q06-time,2,2,materialize-after-q06-time,2026-07-19T13:33:22.484069+00:00,833.6017,2750.0,1,sha256:0606fc1be59a1a7f3f195deac59920c6681f839260f7d298f60cd4aa7348ab28
13,tpch-q6-block-013,fused -> materialize-after-q06-predicate -> materialize-after-q06-time,2,3,materialize-after-q06-time,2026-07-19T13:33:23.317512+00:00,794.0171,2765.625,1,sha256:0606fc1be59a1a7f3f195deac59920c6681f839260f7d298f60cd4aa7348ab28
13,tpch-q6-block-013,fused -> materialize-after-q06-predicate -> materialize-after-q06-time,2,4,materialize-after-q06-time,2026-07-19T13:33:24.111794+00:00,848.3235,2281.25,1,sha256:0606fc1be59a1a7f3f195deac59920c6681f839260f7d298f60cd4aa7348ab28
14,tpch-q6-block-014,materialize-after-q06-predicate -> materialize-after-q06-time -> fused,0,0,materialize-after-q06-predicate,2026-07-19T13:33:24.964755+00:00,297.3117,843.75,1,sha256:0606fc1be59a1a7f3f195deac59920c6681f839260f7d298f60cd4aa7348ab28
14,tpch-q6-block-014,materialize-after-q06-predicate -> materialize-after-q06-time -> fused,0,1,materialize-after-q06-predicate,2026-07-19T13:33:25.261448+00:00,281.6624,1000.0,1,sha256:0606fc1be59a1a7f3f195deac59920c6681f839260f7d298f60cd4aa7348ab28
14,tpch-q6-block-014,materialize-after-q06-predicate -> materialize-after-q06-time -> fused,0,2,materialize-after-q06-predicate,2026-07-19T13:33:25.543572+00:00,259.0207,843.75,1,sha256:0606fc1be59a1a7f3f195deac59920c6681f839260f7d298f60cd4aa7348ab28
14,tpch-q6-block-014,materialize-after-q06-predicate -> materialize-after-q06-time -> fused,0,3,materialize-after-q06-predicate,2026-07-19T13:33:25.803184+00:00,348.6131,1156.25,1,sha256:0606fc1be59a1a7f3f195deac59920c6681f839260f7d298f60cd4aa7348ab28
14,tpch-q6-block-014,materialize-after-q06-predicate -> materialize-after-q06-time -> fused,0,4,materialize-after-q06-predicate,2026-07-19T13:33:26.151462+00:00,271.9084,1031.25,1,sha256:0606fc1be59a1a7f3f195deac59920c6681f839260f7d298f60cd4aa7348ab28
14,tpch-q6-block-014,materialize-after-q06-predicate -> materialize-after-q06-time -> fused,1,0,materialize-after-q06-time,2026-07-19T13:33:26.423715+00:00,776.4267,2593.75,1,sha256:0606fc1be59a1a7f3f195deac59920c6681f839260f7d298f60cd4aa7348ab28
14,tpch-q6-block-014,materialize-after-q06-predicate -> materialize-after-q06-time -> fused,1,1,materialize-after-q06-time,2026-07-19T13:33:27.199891+00:00,644.4088,2515.625,1,sha256:0606fc1be59a1a7f3f195deac59920c6681f839260f7d298f60cd4aa7348ab28
14,tpch-q6-block-014,materialize-after-q06-predicate -> materialize-after-q06-time -> fused,1,2,materialize-after-q06-time,2026-07-19T13:33:27.844610+00:00,726.0283,2656.25,1,sha256:0606fc1be59a1a7f3f195deac59920c6681f839260f7d298f60cd4aa7348ab28
14,tpch-q6-block-014,materialize-after-q06-predicate -> materialize-after-q06-time -> fused,1,3,materialize-after-q06-time,2026-07-19T13:33:28.571224+00:00,654.587,2546.875,1,sha256:0606fc1be59a1a7f3f195deac59920c6681f839260f7d298f60cd4aa7348ab28
14,tpch-q6-block-014,materialize-after-q06-predicate -> materialize-after-q06-time -> fused,1,4,materialize-after-q06-time,2026-07-19T13:33:29.225694+00:00,578.2927,2218.75,1,sha256:0606fc1be59a1a7f3f195deac59920c6681f839260f7d298f60cd4aa7348ab28
14,tpch-q6-block-014,materialize-after-q06-predicate -> materialize-after-q06-time -> fused,2,0,fused,2026-07-19T13:33:29.803931+00:00,162.8211,578.125,1,sha256:0606fc1be59a1a7f3f195deac59920c6681f839260f7d298f60cd4aa7348ab28
14,tpch-q6-block-014,materialize-after-q06-predicate -> materialize-after-q06-time -> fused,2,1,fused,2026-07-19T13:33:29.966705+00:00,194.064,718.75,1,sha256:0606fc1be59a1a7f3f195deac59920c6681f839260f7d298f60cd4aa7348ab28
14,tpch-q6-block-014,materialize-after-q06-predicate -> materialize-after-q06-time -> fused,2,2,fused,2026-07-19T13:33:30.161267+00:00,183.7634,687.5,1,sha256:0606fc1be59a1a7f3f195deac59920c6681f839260f7d298f60cd4aa7348ab28
14,tpch-q6-block-014,materialize-after-q06-predicate -> materialize-after-q06-time -> fused,2,3,fused,2026-07-19T13:33:30.344507+00:00,190.733,750.0,1,sha256:0606fc1be59a1a7f3f195deac59920c6681f839260f7d298f60cd4aa7348ab28
14,tpch-q6-block-014,materialize-after-q06-predicate -> materialize-after-q06-time -> fused,2,4,fused,2026-07-19T13:33:30.535393+00:00,231.7888,890.625,1,sha256:0606fc1be59a1a7f3f195deac59920c6681f839260f7d298f60cd4aa7348ab28
15,tpch-q6-block-015,materialize-after-q06-predicate -> fused -> materialize-after-q06-time,0,0,materialize-after-q06-predicate,2026-07-19T13:33:30.770020+00:00,233.8907,906.25,1,sha256:0606fc1be59a1a7f3f195deac59920c6681f839260f7d298f60cd4aa7348ab28
15,tpch-q6-block-015,materialize-after-q06-predicate -> fused -> materialize-after-q06-time,0,1,materialize-after-q06-predicate,2026-07-19T13:33:31.003385+00:00,224.7378,828.125,1,sha256:0606fc1be59a1a7f3f195deac59920c6681f839260f7d298f60cd4aa7348ab28
15,tpch-q6-block-015,materialize-after-q06-predicate -> fused -> materialize-after-q06-time,0,2,materialize-after-q06-predicate,2026-07-19T13:33:31.228494+00:00,220.4313,796.875,1,sha256:0606fc1be59a1a7f3f195deac59920c6681f839260f7d298f60cd4aa7348ab28
15,tpch-q6-block-015,materialize-after-q06-predicate -> fused -> materialize-after-q06-time,0,3,materialize-after-q06-predicate,2026-07-19T13:33:31.448945+00:00,267.308,953.125,1,sha256:0606fc1be59a1a7f3f195deac59920c6681f839260f7d298f60cd4aa7348ab28
15,tpch-q6-block-015,materialize-after-q06-predicate -> fused -> materialize-after-q06-time,0,4,materialize-after-q06-predicate,2026-07-19T13:33:31.716411+00:00,259.9179,984.375,1,sha256:0606fc1be59a1a7f3f195deac59920c6681f839260f7d298f60cd4aa7348ab28
15,tpch-q6-block-015,materialize-after-q06-predicate -> fused -> materialize-after-q06-time,1,0,fused,2026-07-19T13:33:31.977045+00:00,194.0922,703.125,1,sha256:0606fc1be59a1a7f3f195deac59920c6681f839260f7d298f60cd4aa7348ab28
15,tpch-q6-block-015,materialize-after-q06-predicate -> fused -> materialize-after-q06-time,1,1,fused,2026-07-19T13:33:32.170788+00:00,221.4076,781.25,1,sha256:0606fc1be59a1a7f3f195deac59920c6681f839260f7d298f60cd4aa7348ab28
15,tpch-q6-block-015,materialize-after-q06-predicate -> fused -> materialize-after-q06-time,1,2,fused,2026-07-19T13:33:32.391865+00:00,252.0102,875.0,1,sha256:0606fc1be59a1a7f3f195deac59920c6681f839260f7d298f60cd4aa7348ab28
15,tpch-q6-block-015,materialize-after-q06-predicate -> fused -> materialize-after-q06-time,1,3,fused,2026-07-19T13:33:32.644201+00:00,230.1687,796.875,1,sha256:0606fc1be59a1a7f3f195deac59920c6681f839260f7d298f60cd4aa7348ab28
15,tpch-q6-block-015,materialize-after-q06-predicate -> fused -> materialize-after-q06-time,1,4,fused,2026-07-19T13:33:32.874778+00:00,242.2114,937.5,1,sha256:0606fc1be59a1a7f3f195deac59920c6681f839260f7d298f60cd4aa7348ab28
15,tpch-q6-block-015,materialize-after-q06-predicate -> fused -> materialize-after-q06-time,2,0,materialize-after-q06-time,2026-07-19T13:33:33.117263+00:00,638.6906,2500.0,1,sha256:0606fc1be59a1a7f3f195deac59920c6681f839260f7d298f60cd4aa7348ab28
15,tpch-q6-block-015,materialize-after-q06-predicate -> fused -> materialize-after-q06-time,2,1,materialize-after-q06-time,2026-07-19T13:33:33.756142+00:00,666.1644,2515.625,1,sha256:0606fc1be59a1a7f3f195deac59920c6681f839260f7d298f60cd4aa7348ab28
15,tpch-q6-block-015,materialize-after-q06-predicate -> fused -> materialize-after-q06-time,2,2,materialize-after-q06-time,2026-07-19T13:33:34.422239+00:00,531.4185,2046.875,1,sha256:0606fc1be59a1a7f3f195deac59920c6681f839260f7d298f60cd4aa7348ab28
15,tpch-q6-block-015,materialize-after-q06-predicate -> fused -> materialize-after-q06-time,2,3,materialize-after-q06-time,2026-07-19T13:33:34.953665+00:00,622.7593,2468.75,1,sha256:0606fc1be59a1a7f3f195deac59920c6681f839260f7d298f60cd4aa7348ab28
15,tpch-q6-block-015,materialize-after-q06-predicate -> fused -> materialize-after-q06-time,2,4,materialize-after-q06-time,2026-07-19T13:33:35.576515+00:00,621.7594,2343.75,1,sha256:0606fc1be59a1a7f3f195deac59920c6681f839260f7d298f60cd4aa7348ab28
16,tpch-q6-block-016,fused -> materialize-after-q06-time -> materialize-after-q06-predicate,0,0,fused,2026-07-19T13:33:36.202169+00:00,210.6929,812.5,1,sha256:0606fc1be59a1a7f3f195deac59920c6681f839260f7d298f60cd4aa7348ab28
16,tpch-q6-block-016,fused -> materialize-after-q06-time -> materialize-after-q06-predicate,0,1,fused,2026-07-19T13:33:36.413042+00:00,225.3103,843.75,1,sha256:0606fc1be59a1a7f3f195deac59920c6681f839260f7d298f60cd4aa7348ab28
16,tpch-q6-block-016,fused -> materialize-after-q06-time -> materialize-after-q06-predicate,0,2,fused,2026-07-19T13:33:36.638609+00:00,210.2419,812.5,1,sha256:0606fc1be59a1a7f3f195deac59920c6681f839260f7d298f60cd4aa7348ab28
16,tpch-q6-block-016,fused -> materialize-after-q06-time -> materialize-after-q06-predicate,0,3,fused,2026-07-19T13:33:36.848870+00:00,242.0066,843.75,1,sha256:0606fc1be59a1a7f3f195deac59920c6681f839260f7d298f60cd4aa7348ab28
16,tpch-q6-block-016,fused -> materialize-after-q06-time -> materialize-after-q06-predicate,0,4,fused,2026-07-19T13:33:37.090863+00:00,311.8291,1062.5,1,sha256:0606fc1be59a1a7f3f195deac59920c6681f839260f7d298f60cd4aa7348ab28
16,tpch-q6-block-016,fused -> materialize-after-q06-time -> materialize-after-q06-predicate,1,0,materialize-after-q06-time,2026-07-19T13:33:37.403096+00:00,699.2987,2593.75,1,sha256:0606fc1be59a1a7f3f195deac59920c6681f839260f7d298f60cd4aa7348ab28
16,tpch-q6-block-016,fused -> materialize-after-q06-time -> materialize-after-q06-predicate,1,1,materialize-after-q06-time,2026-07-19T13:33:38.102243+00:00,621.6315,2375.0,1,sha256:0606fc1be59a1a7f3f195deac59920c6681f839260f7d298f60cd4aa7348ab28
16,tpch-q6-block-016,fused -> materialize-after-q06-time -> materialize-after-q06-predicate,1,2,materialize-after-q06-time,2026-07-19T13:33:38.724295+00:00,636.5262,2453.125,1,sha256:0606fc1be59a1a7f3f195deac59920c6681f839260f7d298f60cd4aa7348ab28
16,tpch-q6-block-016,fused -> materialize-after-q06-time -> materialize-after-q06-predicate,1,3,materialize-after-q06-time,2026-07-19T13:33:39.360692+00:00,630.585,2296.875,1,sha256:0606fc1be59a1a7f3f195deac59920c6681f839260f7d298f60cd4aa7348ab28
16,tpch-q6-block-016,fused -> materialize-after-q06-time -> materialize-after-q06-predicate,1,4,materialize-after-q06-time,2026-07-19T13:33:39.991089+00:00,669.2493,2500.0,1,sha256:0606fc1be59a1a7f3f195deac59920c6681f839260f7d298f60cd4aa7348ab28
16,tpch-q6-block-016,fused -> materialize-after-q06-time -> materialize-after-q06-predicate,2,0,materialize-after-q06-predicate,2026-07-19T13:33:40.661034+00:00,328.4824,1093.75,1,sha256:0606fc1be59a1a7f3f195deac59920c6681f839260f7d298f60cd4aa7348ab28
16,tpch-q6-block-016,fused -> materialize-after-q06-time -> materialize-after-q06-predicate,2,1,materialize-after-q06-predicate,2026-07-19T13:33:40.989147+00:00,268.2713,828.125,1,sha256:0606fc1be59a1a7f3f195deac59920c6681f839260f7d298f60cd4aa7348ab28
16,tpch-q6-block-016,fused -> materialize-after-q06-time -> materialize-after-q06-predicate,2,2,materialize-after-q06-predicate,2026-07-19T13:33:41.257147+00:00,219.688,828.125,1,sha256:0606fc1be59a1a7f3f195deac59920c6681f839260f7d298f60cd4aa7348ab28
16,tpch-q6-block-016,fused -> materialize-after-q06-time -> materialize-after-q06-predicate,2,3,materialize-after-q06-predicate,2026-07-19T13:33:41.477159+00:00,263.4565,1000.0,1,sha256:0606fc1be59a1a7f3f195deac59920c6681f839260f7d298f60cd4aa7348ab28
16,tpch-q6-block-016,fused -> materialize-after-q06-time -> materialize-after-q06-predicate,2,4,materialize-after-q06-predicate,2026-07-19T13:33:41.740463+00:00,255.4452,968.75,1,sha256:0606fc1be59a1a7f3f195deac59920c6681f839260f7d298f60cd4aa7348ab28
17,tpch-q6-block-017,materialize-after-q06-time -> fused -> materialize-after-q06-predicate,0,0,materialize-after-q06-time,2026-07-19T13:33:41.998528+00:00,579.09,2250.0,1,sha256:0606fc1be59a1a7f3f195deac59920c6681f839260f7d298f60cd4aa7348ab28
17,tpch-q6-block-017,materialize-after-q06-time -> fused -> materialize-after-q06-predicate,0,1,materialize-after-q06-time,2026-07-19T13:33:42.577328+00:00,517.6215,1984.375,1,sha256:0606fc1be59a1a7f3f195deac59920c6681f839260f7d298f60cd4aa7348ab28
17,tpch-q6-block-017,materialize-after-q06-time -> fused -> materialize-after-q06-predicate,0,2,materialize-after-q06-time,2026-07-19T13:33:43.095820+00:00,569.1935,2093.75,1,sha256:0606fc1be59a1a7f3f195deac59920c6681f839260f7d298f60cd4aa7348ab28
17,tpch-q6-block-017,materialize-after-q06-time -> fused -> materialize-after-q06-predicate,0,3,materialize-after-q06-time,2026-07-19T13:33:43.664398+00:00,587.5669,2281.25,1,sha256:0606fc1be59a1a7f3f195deac59920c6681f839260f7d298f60cd4aa7348ab28
17,tpch-q6-block-017,materialize-after-q06-time -> fused -> materialize-after-q06-predicate,0,4,materialize-after-q06-time,2026-07-19T13:33:44.252513+00:00,656.5891,2437.5,1,sha256:0606fc1be59a1a7f3f195deac59920c6681f839260f7d298f60cd4aa7348ab28
17,tpch-q6-block-017,materialize-after-q06-time -> fused -> materialize-after-q06-predicate,1,0,fused,2026-07-19T13:33:44.909338+00:00,207.2963,765.625,1,sha256:0606fc1be59a1a7f3f195deac59920c6681f839260f7d298f60cd4aa7348ab28
17,tpch-q6-block-017,materialize-after-q06-time -> fused -> materialize-after-q06-predicate,1,1,fused,2026-07-19T13:33:45.116338+00:00,241.8728,906.25,1,sha256:0606fc1be59a1a7f3f195deac59920c6681f839260f7d298f60cd4aa7348ab28
17,tpch-q6-block-017,materialize-after-q06-time -> fused -> materialize-after-q06-predicate,1,2,fused,2026-07-19T13:33:45.357959+00:00,208.5303,796.875,1,sha256:0606fc1be59a1a7f3f195deac59920c6681f839260f7d298f60cd4aa7348ab28
17,tpch-q6-block-017,materialize-after-q06-time -> fused -> materialize-after-q06-predicate,1,3,fused,2026-07-19T13:33:45.567408+00:00,264.7971,921.875,1,sha256:0606fc1be59a1a7f3f195deac59920c6681f839260f7d298f60cd4aa7348ab28
17,tpch-q6-block-017,materialize-after-q06-time -> fused -> materialize-after-q06-predicate,1,4,fused,2026-07-19T13:33:45.832029+00:00,239.3946,859.375,1,sha256:0606fc1be59a1a7f3f195deac59920c6681f839260f7d298f60cd4aa7348ab28
17,tpch-q6-block-017,materialize-after-q06-time -> fused -> materialize-after-q06-predicate,2,0,materialize-after-q06-predicate,2026-07-19T13:33:46.071642+00:00,258.5271,921.875,1,sha256:0606fc1be59a1a7f3f195deac59920c6681f839260f7d298f60cd4aa7348ab28
17,tpch-q6-block-017,materialize-after-q06-time -> fused -> materialize-after-q06-predicate,2,1,materialize-after-q06-predicate,2026-07-19T13:33:46.330393+00:00,281.4289,1078.125,1,sha256:0606fc1be59a1a7f3f195deac59920c6681f839260f7d298f60cd4aa7348ab28
17,tpch-q6-block-017,materialize-after-q06-time -> fused -> materialize-after-q06-predicate,2,2,materialize-after-q06-predicate,2026-07-19T13:33:46.612008+00:00,225.4254,703.125,1,sha256:0606fc1be59a1a7f3f195deac59920c6681f839260f7d298f60cd4aa7348ab28
17,tpch-q6-block-017,materialize-after-q06-time -> fused -> materialize-after-q06-predicate,2,3,materialize-after-q06-predicate,2026-07-19T13:33:46.837589+00:00,289.2497,890.625,1,sha256:0606fc1be59a1a7f3f195deac59920c6681f839260f7d298f60cd4aa7348ab28
17,tpch-q6-block-017,materialize-after-q06-time -> fused -> materialize-after-q06-predicate,2,4,materialize-after-q06-predicate,2026-07-19T13:33:47.126166+00:00,269.0502,984.375,1,sha256:0606fc1be59a1a7f3f195deac59920c6681f839260f7d298f60cd4aa7348ab28
18,tpch-q6-block-018,fused -> materialize-after-q06-time -> materialize-after-q06-predicate,0,0,fused,2026-07-19T13:33:47.399023+00:00,241.221,921.875,1,sha256:0606fc1be59a1a7f3f195deac59920c6681f839260f7d298f60cd4aa7348ab28
18,tpch-q6-block-018,fused -> materialize-after-q06-time -> materialize-after-q06-predicate,0,1,fused,2026-07-19T13:33:47.640023+00:00,234.5926,906.25,1,sha256:0606fc1be59a1a7f3f195deac59920c6681f839260f7d298f60cd4aa7348ab28
18,tpch-q6-block-018,fused -> materialize-after-q06-time -> materialize-after-q06-predicate,0,2,fused,2026-07-19T13:33:47.875064+00:00,204.6477,781.25,1,sha256:0606fc1be59a1a7f3f195deac59920c6681f839260f7d298f60cd4aa7348ab28
18,tpch-q6-block-018,fused -> materialize-after-q06-time -> materialize-after-q06-predicate,0,3,fused,2026-07-19T13:33:48.079513+00:00,165.989,625.0,1,sha256:0606fc1be59a1a7f3f195deac59920c6681f839260f7d298f60cd4aa7348ab28
18,tpch-q6-block-018,fused -> materialize-after-q06-time -> materialize-after-q06-predicate,0,4,fused,2026-07-19T13:33:48.245509+00:00,211.9696,796.875,1,sha256:0606fc1be59a1a7f3f195deac59920c6681f839260f7d298f60cd4aa7348ab28
18,tpch-q6-block-018,fused -> materialize-after-q06-time -> materialize-after-q06-predicate,1,0,materialize-after-q06-time,2026-07-19T13:33:48.457921+00:00,644.5492,2421.875,1,sha256:0606fc1be59a1a7f3f195deac59920c6681f839260f7d298f60cd4aa7348ab28
18,tpch-q6-block-018,fused -> materialize-after-q06-time -> materialize-after-q06-predicate,1,1,materialize-after-q06-time,2026-07-19T13:33:49.102733+00:00,714.2659,2390.625,1,sha256:0606fc1be59a1a7f3f195deac59920c6681f839260f7d298f60cd4aa7348ab28
18,tpch-q6-block-018,fused -> materialize-after-q06-time -> materialize-after-q06-predicate,1,2,materialize-after-q06-time,2026-07-19T13:33:49.816370+00:00,656.0963,2468.75,1,sha256:0606fc1be59a1a7f3f195deac59920c6681f839260f7d298f60cd4aa7348ab28
18,tpch-q6-block-018,fused -> materialize-after-q06-time -> materialize-after-q06-predicate,1,3,materialize-after-q06-time,2026-07-19T13:33:50.473395+00:00,595.6249,2328.125,1,sha256:0606fc1be59a1a7f3f195deac59920c6681f839260f7d298f60cd4aa7348ab28
18,tpch-q6-block-018,fused -> materialize-after-q06-time -> materialize-after-q06-predicate,1,4,materialize-after-q06-time,2026-07-19T13:33:51.068912+00:00,555.7895,2140.625,1,sha256:0606fc1be59a1a7f3f195deac59920c6681f839260f7d298f60cd4aa7348ab28
18,tpch-q6-block-018,fused -> materialize-after-q06-time -> materialize-after-q06-predicate,2,0,materialize-after-q06-predicate,2026-07-19T13:33:51.624653+00:00,215.3827,828.125,1,sha256:0606fc1be59a1a7f3f195deac59920c6681f839260f7d298f60cd4aa7348ab28
18,tpch-q6-block-018,fused -> materialize-after-q06-time -> materialize-after-q06-predicate,2,1,materialize-after-q06-predicate,2026-07-19T13:33:51.839660+00:00,254.4796,953.125,1,sha256:0606fc1be59a1a7f3f195deac59920c6681f839260f7d298f60cd4aa7348ab28
18,tpch-q6-block-018,fused -> materialize-after-q06-time -> materialize-after-q06-predicate,2,2,materialize-after-q06-predicate,2026-07-19T13:33:52.095288+00:00,228.6396,875.0,1,sha256:0606fc1be59a1a7f3f195deac59920c6681f839260f7d298f60cd4aa7348ab28
18,tpch-q6-block-018,fused -> materialize-after-q06-time -> materialize-after-q06-predicate,2,3,materialize-after-q06-predicate,2026-07-19T13:33:52.323281+00:00,225.2715,812.5,1,sha256:0606fc1be59a1a7f3f195deac59920c6681f839260f7d298f60cd4aa7348ab28
18,tpch-q6-block-018,fused -> materialize-after-q06-time -> materialize-after-q06-predicate,2,4,materialize-after-q06-predicate,2026-07-19T13:33:52.548509+00:00,161.6253,625.0,1,sha256:0606fc1be59a1a7f3f195deac59920c6681f839260f7d298f60cd4aa7348ab28
19,tpch-q6-block-019,fused -> materialize-after-q06-predicate -> materialize-after-q06-time,0,0,fused,2026-07-19T13:33:52.712452+00:00,228.4034,859.375,1,sha256:0606fc1be59a1a7f3f195deac59920c6681f839260f7d298f60cd4aa7348ab28
19,tpch-q6-block-019,fused -> materialize-after-q06-predicate -> materialize-after-q06-time,0,1,fused,2026-07-19T13:33:52.941041+00:00,201.4396,734.375,1,sha256:0606fc1be59a1a7f3f195deac59920c6681f839260f7d298f60cd4aa7348ab28
19,tpch-q6-block-019,fused -> materialize-after-q06-predicate -> materialize-after-q06-time,0,2,fused,2026-07-19T13:33:53.143041+00:00,239.6395,890.625,1,sha256:0606fc1be59a1a7f3f195deac59920c6681f839260f7d298f60cd4aa7348ab28
19,tpch-q6-block-019,fused -> materialize-after-q06-predicate -> materialize-after-q06-time,0,3,fused,2026-07-19T13:33:53.382546+00:00,199.3106,718.75,1,sha256:0606fc1be59a1a7f3f195deac59920c6681f839260f7d298f60cd4aa7348ab28
19,tpch-q6-block-019,fused -> materialize-after-q06-predicate -> materialize-after-q06-time,0,4,fused,2026-07-19T13:33:53.582054+00:00,206.537,734.375,1,sha256:0606fc1be59a1a7f3f195deac59920c6681f839260f7d298f60cd4aa7348ab28
19,tpch-q6-block-019,fused -> materialize-after-q06-predicate -> materialize-after-q06-time,1,0,materialize-after-q06-predicate,2026-07-19T13:33:53.788054+00:00,242.6204,796.875,1,sha256:0606fc1be59a1a7f3f195deac59920c6681f839260f7d298f60cd4aa7348ab28
19,tpch-q6-block-019,fused -> materialize-after-q06-predicate -> materialize-after-q06-time,1,1,materialize-after-q06-predicate,2026-07-19T13:33:54.030691+00:00,230.2232,750.0,1,sha256:0606fc1be59a1a7f3f195deac59920c6681f839260f7d298f60cd4aa7348ab28
19,tpch-q6-block-019,fused -> materialize-after-q06-predicate -> materialize-after-q06-time,1,2,materialize-after-q06-predicate,2026-07-19T13:33:54.261705+00:00,314.2621,1109.375,1,sha256:0606fc1be59a1a7f3f195deac59920c6681f839260f7d298f60cd4aa7348ab28
19,tpch-q6-block-019,fused -> materialize-after-q06-predicate -> materialize-after-q06-time,1,3,materialize-after-q06-predicate,2026-07-19T13:33:54.576156+00:00,271.2892,1000.0,1,sha256:0606fc1be59a1a7f3f195deac59920c6681f839260f7d298f60cd4aa7348ab28
19,tpch-q6-block-019,fused -> materialize-after-q06-predicate -> materialize-after-q06-time,1,4,materialize-after-q06-predicate,2026-07-19T13:33:54.847119+00:00,230.4187,906.25,1,sha256:0606fc1be59a1a7f3f195deac59920c6681f839260f7d298f60cd4aa7348ab28
19,tpch-q6-block-019,fused -> materialize-after-q06-predicate -> materialize-after-q06-time,2,0,materialize-after-q06-time,2026-07-19T13:33:55.077490+00:00,630.4549,2468.75,1,sha256:0606fc1be59a1a7f3f195deac59920c6681f839260f7d298f60cd4aa7348ab28
19,tpch-q6-block-019,fused -> materialize-after-q06-predicate -> materialize-after-q06-time,2,1,materialize-after-q06-time,2026-07-19T13:33:55.708403+00:00,659.0884,2421.875,1,sha256:0606fc1be59a1a7f3f195deac59920c6681f839260f7d298f60cd4aa7348ab28
19,tpch-q6-block-019,fused -> materialize-after-q06-predicate -> materialize-after-q06-time,2,2,materialize-after-q06-time,2026-07-19T13:33:56.367590+00:00,591.1225,2250.0,1,sha256:0606fc1be59a1a7f3f195deac59920c6681f839260f7d298f60cd4aa7348ab28
19,tpch-q6-block-019,fused -> materialize-after-q06-predicate -> materialize-after-q06-time,2,3,materialize-after-q06-time,2026-07-19T13:33:56.959248+00:00,668.7235,2500.0,1,sha256:0606fc1be59a1a7f3f195deac59920c6681f839260f7d298f60cd4aa7348ab28
19,tpch-q6-block-019,fused -> materialize-after-q06-predicate -> materialize-after-q06-time,2,4,materialize-after-q06-time,2026-07-19T13:33:57.628020+00:00,703.88,2546.875,1,sha256:0606fc1be59a1a7f3f195deac59920c6681f839260f7d298f60cd4aa7348ab28
20,tpch-q6-block-020,materialize-after-q06-time -> fused -> materialize-after-q06-predicate,0,0,materialize-after-q06-time,2026-07-19T13:33:58.335344+00:00,706.2903,2640.625,1,sha256:0606fc1be59a1a7f3f195deac59920c6681f839260f7d298f60cd4aa7348ab28
20,tpch-q6-block-020,materialize-after-q06-time -> fused -> materialize-after-q06-predicate,0,1,materialize-after-q06-time,2026-07-19T13:33:59.041094+00:00,610.0432,2375.0,1,sha256:0606fc1be59a1a7f3f195deac59920c6681f839260f7d298f60cd4aa7348ab28
20,tpch-q6-block-020,materialize-after-q06-time -> fused -> materialize-after-q06-predicate,0,2,materialize-after-q06-time,2026-07-19T13:33:59.651410+00:00,597.7488,2328.125,1,sha256:0606fc1be59a1a7f3f195deac59920c6681f839260f7d298f60cd4aa7348ab28
20,tpch-q6-block-020,materialize-after-q06-time -> fused -> materialize-after-q06-predicate,0,3,materialize-after-q06-time,2026-07-19T13:34:00.249479+00:00,572.6159,2140.625,1,sha256:0606fc1be59a1a7f3f195deac59920c6681f839260f7d298f60cd4aa7348ab28
20,tpch-q6-block-020,materialize-after-q06-time -> fused -> materialize-after-q06-predicate,0,4,materialize-after-q06-time,2026-07-19T13:34:00.821723+00:00,557.0179,2125.0,1,sha256:0606fc1be59a1a7f3f195deac59920c6681f839260f7d298f60cd4aa7348ab28
20,tpch-q6-block-020,materialize-after-q06-time -> fused -> materialize-after-q06-predicate,1,0,fused,2026-07-19T13:34:01.378942+00:00,198.2732,734.375,1,sha256:0606fc1be59a1a7f3f195deac59920c6681f839260f7d298f60cd4aa7348ab28
20,tpch-q6-block-020,materialize-after-q06-time -> fused -> materialize-after-q06-predicate,1,1,fused,2026-07-19T13:34:01.577361+00:00,164.2226,625.0,1,sha256:0606fc1be59a1a7f3f195deac59920c6681f839260f7d298f60cd4aa7348ab28
20,tpch-q6-block-020,materialize-after-q06-time -> fused -> materialize-after-q06-predicate,1,2,fused,2026-07-19T13:34:01.742165+00:00,186.5729,703.125,1,sha256:0606fc1be59a1a7f3f195deac59920c6681f839260f7d298f60cd4aa7348ab28
20,tpch-q6-block-020,materialize-after-q06-time -> fused -> materialize-after-q06-predicate,1,3,fused,2026-07-19T13:34:01.928166+00:00,176.4944,625.0,1,sha256:0606fc1be59a1a7f3f195deac59920c6681f839260f7d298f60cd4aa7348ab28
20,tpch-q6-block-020,materialize-after-q06-time -> fused -> materialize-after-q06-predicate,1,4,fused,2026-07-19T13:34:02.105731+00:00,194.2888,671.875,1,sha256:0606fc1be59a1a7f3f195deac59920c6681f839260f7d298f60cd4aa7348ab28
20,tpch-q6-block-020,materialize-after-q06-time -> fused -> materialize-after-q06-predicate,2,0,materialize-after-q06-predicate,2026-07-19T13:34:02.299730+00:00,269.1946,953.125,1,sha256:0606fc1be59a1a7f3f195deac59920c6681f839260f7d298f60cd4aa7348ab28
20,tpch-q6-block-020,materialize-after-q06-time -> fused -> materialize-after-q06-predicate,2,1,materialize-after-q06-predicate,2026-07-19T13:34:02.568998+00:00,201.7825,718.75,1,sha256:0606fc1be59a1a7f3f195deac59920c6681f839260f7d298f60cd4aa7348ab28
20,tpch-q6-block-020,materialize-after-q06-time -> fused -> materialize-after-q06-predicate,2,2,materialize-after-q06-predicate,2026-07-19T13:34:02.770919+00:00,246.1649,921.875,1,sha256:0606fc1be59a1a7f3f195deac59920c6681f839260f7d298f60cd4aa7348ab28
20,tpch-q6-block-020,materialize-after-q06-time -> fused -> materialize-after-q06-predicate,2,3,materialize-after-q06-predicate,2026-07-19T13:34:03.016540+00:00,212.773,812.5,1,sha256:0606fc1be59a1a7f3f195deac59920c6681f839260f7d298f60cd4aa7348ab28
20,tpch-q6-block-020,materialize-after-q06-time -> fused -> materialize-after-q06-predicate,2,4,materialize-after-q06-predicate,2026-07-19T13:34:03.229631+00:00,280.1107,875.0,1,sha256:0606fc1be59a1a7f3f195deac59920c6681f839260f7d298f60cd4aa7348ab28
21,tpch-q6-block-021,materialize-after-q06-predicate -> materialize-after-q06-time -> fused,0,0,materialize-after-q06-predicate,2026-07-19T13:34:03.512806+00:00,238.4155,906.25,1,sha256:0606fc1be59a1a7f3f195deac59920c6681f839260f7d298f60cd4aa7348ab28
21,tpch-q6-block-021,materialize-after-q06-predicate -> materialize-after-q06-time -> fused,0,1,materialize-after-q06-predicate,2026-07-19T13:34:03.751806+00:00,243.8831,906.25,1,sha256:0606fc1be59a1a7f3f195deac59920c6681f839260f7d298f60cd4aa7348ab28
21,tpch-q6-block-021,materialize-after-q06-predicate -> materialize-after-q06-time -> fused,0,2,materialize-after-q06-predicate,2026-07-19T13:34:03.995542+00:00,223.0952,859.375,1,sha256:0606fc1be59a1a7f3f195deac59920c6681f839260f7d298f60cd4aa7348ab28
21,tpch-q6-block-021,materialize-after-q06-predicate -> materialize-after-q06-time -> fused,0,3,materialize-after-q06-predicate,2026-07-19T13:34:04.218542+00:00,232.0061,890.625,1,sha256:0606fc1be59a1a7f3f195deac59920c6681f839260f7d298f60cd4aa7348ab28
21,tpch-q6-block-021,materialize-after-q06-predicate -> materialize-after-q06-time -> fused,0,4,materialize-after-q06-predicate,2026-07-19T13:34:04.450767+00:00,227.5673,875.0,1,sha256:0606fc1be59a1a7f3f195deac59920c6681f839260f7d298f60cd4aa7348ab28
21,tpch-q6-block-021,materialize-after-q06-predicate -> materialize-after-q06-time -> fused,1,0,materialize-after-q06-time,2026-07-19T13:34:04.678767+00:00,658.6203,2515.625,1,sha256:0606fc1be59a1a7f3f195deac59920c6681f839260f7d298f60cd4aa7348ab28
21,tpch-q6-block-021,materialize-after-q06-predicate -> materialize-after-q06-time -> fused,1,1,materialize-after-q06-time,2026-07-19T13:34:05.336968+00:00,585.7149,2281.25,1,sha256:0606fc1be59a1a7f3f195deac59920c6681f839260f7d298f60cd4aa7348ab28
21,tpch-q6-block-021,materialize-after-q06-predicate -> materialize-after-q06-time -> fused,1,2,materialize-after-q06-time,2026-07-19T13:34:05.923141+00:00,672.8291,2531.25,1,sha256:0606fc1be59a1a7f3f195deac59920c6681f839260f7d298f60cd4aa7348ab28
21,tpch-q6-block-021,materialize-after-q06-predicate -> materialize-after-q06-time -> fused,1,3,materialize-after-q06-time,2026-07-19T13:34:06.595594+00:00,718.661,2546.875,1,sha256:0606fc1be59a1a7f3f195deac59920c6681f839260f7d298f60cd4aa7348ab28
21,tpch-q6-block-021,materialize-after-q06-predicate -> materialize-after-q06-time -> fused,1,4,materialize-after-q06-time,2026-07-19T13:34:07.314289+00:00,635.4031,2390.625,1,sha256:0606fc1be59a1a7f3f195deac59920c6681f839260f7d298f60cd4aa7348ab28
21,tpch-q6-block-021,materialize-after-q06-predicate -> materialize-after-q06-time -> fused,2,0,fused,2026-07-19T13:34:07.949712+00:00,203.5592,781.25,1,sha256:0606fc1be59a1a7f3f195deac59920c6681f839260f7d298f60cd4aa7348ab28
21,tpch-q6-block-021,materialize-after-q06-predicate -> materialize-after-q06-time -> fused,2,1,fused,2026-07-19T13:34:08.153391+00:00,210.6637,765.625,1,sha256:0606fc1be59a1a7f3f195deac59920c6681f839260f7d298f60cd4aa7348ab28
21,tpch-q6-block-021,materialize-after-q06-predicate -> materialize-after-q06-time -> fused,2,2,fused,2026-07-19T13:34:08.363972+00:00,200.0002,718.75,1,sha256:0606fc1be59a1a7f3f195deac59920c6681f839260f7d298f60cd4aa7348ab28
21,tpch-q6-block-021,materialize-after-q06-predicate -> materialize-after-q06-time -> fused,2,3,fused,2026-07-19T13:34:08.564328+00:00,255.1493,937.5,1,sha256:0606fc1be59a1a7f3f195deac59920c6681f839260f7d298f60cd4aa7348ab28
21,tpch-q6-block-021,materialize-after-q06-predicate -> materialize-after-q06-time -> fused,2,4,fused,2026-07-19T13:34:08.819682+00:00,209.6131,734.375,1,sha256:0606fc1be59a1a7f3f195deac59920c6681f839260f7d298f60cd4aa7348ab28
22,tpch-q6-block-022,materialize-after-q06-time -> materialize-after-q06-predicate -> fused,0,0,materialize-after-q06-time,2026-07-19T13:34:09.032049+00:00,588.2486,2109.375,1,sha256:0606fc1be59a1a7f3f195deac59920c6681f839260f7d298f60cd4aa7348ab28
22,tpch-q6-block-022,materialize-after-q06-time -> materialize-after-q06-predicate -> fused,0,1,materialize-after-q06-time,2026-07-19T13:34:09.620064+00:00,691.8883,2515.625,1,sha256:0606fc1be59a1a7f3f195deac59920c6681f839260f7d298f60cd4aa7348ab28
22,tpch-q6-block-022,materialize-after-q06-time -> materialize-after-q06-predicate -> fused,0,2,materialize-after-q06-time,2026-07-19T13:34:10.312569+00:00,797.5501,2718.75,1,sha256:0606fc1be59a1a7f3f195deac59920c6681f839260f7d298f60cd4aa7348ab28
22,tpch-q6-block-022,materialize-after-q06-time -> materialize-after-q06-predicate -> fused,0,3,materialize-after-q06-time,2026-07-19T13:34:11.109625+00:00,781.6991,2656.25,1,sha256:0606fc1be59a1a7f3f195deac59920c6681f839260f7d298f60cd4aa7348ab28
22,tpch-q6-block-022,materialize-after-q06-time -> materialize-after-q06-predicate -> fused,0,4,materialize-after-q06-time,2026-07-19T13:34:11.891827+00:00,692.1534,2484.375,1,sha256:0606fc1be59a1a7f3f195deac59920c6681f839260f7d298f60cd4aa7348ab28
22,tpch-q6-block-022,materialize-after-q06-time -> materialize-after-q06-predicate -> fused,1,0,materialize-after-q06-predicate,2026-07-19T13:34:12.584119+00:00,237.3344,859.375,1,sha256:0606fc1be59a1a7f3f195deac59920c6681f839260f7d298f60cd4aa7348ab28
22,tpch-q6-block-022,materialize-after-q06-time -> materialize-after-q06-predicate -> fused,1,1,materialize-after-q06-predicate,2026-07-19T13:34:12.820838+00:00,246.5714,921.875,1,sha256:0606fc1be59a1a7f3f195deac59920c6681f839260f7d298f60cd4aa7348ab28
22,tpch-q6-block-022,materialize-after-q06-time -> materialize-after-q06-predicate -> fused,1,2,materialize-after-q06-predicate,2026-07-19T13:34:13.068118+00:00,224.5809,828.125,1,sha256:0606fc1be59a1a7f3f195deac59920c6681f839260f7d298f60cd4aa7348ab28
22,tpch-q6-block-022,materialize-after-q06-time -> materialize-after-q06-predicate -> fused,1,3,materialize-after-q06-predicate,2026-07-19T13:34:13.293122+00:00,231.9479,859.375,1,sha256:0606fc1be59a1a7f3f195deac59920c6681f839260f7d298f60cd4aa7348ab28
22,tpch-q6-block-022,materialize-after-q06-time -> materialize-after-q06-predicate -> fused,1,4,materialize-after-q06-predicate,2026-07-19T13:34:13.524413+00:00,239.0233,906.25,1,sha256:0606fc1be59a1a7f3f195deac59920c6681f839260f7d298f60cd4aa7348ab28
22,tpch-q6-block-022,materialize-after-q06-time -> materialize-after-q06-predicate -> fused,2,0,fused,2026-07-19T13:34:13.763728+00:00,225.135,859.375,1,sha256:0606fc1be59a1a7f3f195deac59920c6681f839260f7d298f60cd4aa7348ab28
22,tpch-q6-block-022,materialize-after-q06-time -> materialize-after-q06-predicate -> fused,2,1,fused,2026-07-19T13:34:13.989561+00:00,201.2375,781.25,1,sha256:0606fc1be59a1a7f3f195deac59920c6681f839260f7d298f60cd4aa7348ab28
22,tpch-q6-block-022,materialize-after-q06-time -> materialize-after-q06-predicate -> fused,2,2,fused,2026-07-19T13:34:14.190166+00:00,200.3133,718.75,1,sha256:0606fc1be59a1a7f3f195deac59920c6681f839260f7d298f60cd4aa7348ab28
22,tpch-q6-block-022,materialize-after-q06-time -> materialize-after-q06-predicate -> fused,2,3,fused,2026-07-19T13:34:14.391139+00:00,219.1367,828.125,1,sha256:0606fc1be59a1a7f3f195deac59920c6681f839260f7d298f60cd4aa7348ab28
22,tpch-q6-block-022,materialize-after-q06-time -> materialize-after-q06-predicate -> fused,2,4,fused,2026-07-19T13:34:14.610050+00:00,258.1029,828.125,1,sha256:0606fc1be59a1a7f3f195deac59920c6681f839260f7d298f60cd4aa7348ab28
23,tpch-q6-block-023,materialize-after-q06-predicate -> fused -> materialize-after-q06-time,0,0,materialize-after-q06-predicate,2026-07-19T13:34:14.871210+00:00,216.3862,718.75,1,sha256:0606fc1be59a1a7f3f195deac59920c6681f839260f7d298f60cd4aa7348ab28
23,tpch-q6-block-023,materialize-after-q06-predicate -> fused -> materialize-after-q06-time,0,1,materialize-after-q06-predicate,2026-07-19T13:34:15.087653+00:00,217.5346,656.25,1,sha256:0606fc1be59a1a7f3f195deac59920c6681f839260f7d298f60cd4aa7348ab28
23,tpch-q6-block-023,materialize-after-q06-predicate -> fused -> materialize-after-q06-time,0,2,materialize-after-q06-predicate,2026-07-19T13:34:15.305654+00:00,211.1591,734.375,1,sha256:0606fc1be59a1a7f3f195deac59920c6681f839260f7d298f60cd4aa7348ab28
23,tpch-q6-block-023,materialize-after-q06-predicate -> fused -> materialize-after-q06-time,0,3,materialize-after-q06-predicate,2026-07-19T13:34:15.517259+00:00,222.0158,750.0,1,sha256:0606fc1be59a1a7f3f195deac59920c6681f839260f7d298f60cd4aa7348ab28
23,tpch-q6-block-023,materialize-after-q06-predicate -> fused -> materialize-after-q06-time,0,4,materialize-after-q06-predicate,2026-07-19T13:34:15.739259+00:00,301.6137,1015.625,1,sha256:0606fc1be59a1a7f3f195deac59920c6681f839260f7d298f60cd4aa7348ab28
23,tpch-q6-block-023,materialize-after-q06-predicate -> fused -> materialize-after-q06-time,1,0,fused,2026-07-19T13:34:16.040854+00:00,197.3135,765.625,1,sha256:0606fc1be59a1a7f3f195deac59920c6681f839260f7d298f60cd4aa7348ab28
23,tpch-q6-block-023,materialize-after-q06-predicate -> fused -> materialize-after-q06-time,1,1,fused,2026-07-19T13:34:16.238537+00:00,246.1782,890.625,1,sha256:0606fc1be59a1a7f3f195deac59920c6681f839260f7d298f60cd4aa7348ab28
23,tpch-q6-block-023,materialize-after-q06-predicate -> fused -> materialize-after-q06-time,1,2,fused,2026-07-19T13:34:16.484560+00:00,261.8003,875.0,1,sha256:0606fc1be59a1a7f3f195deac59920c6681f839260f7d298f60cd4aa7348ab28
23,tpch-q6-block-023,materialize-after-q06-predicate -> fused -> materialize-after-q06-time,1,3,fused,2026-07-19T13:34:16.746058+00:00,287.5287,1031.25,1,sha256:0606fc1be59a1a7f3f195deac59920c6681f839260f7d298f60cd4aa7348ab28
23,tpch-q6-block-023,materialize-after-q06-predicate -> fused -> materialize-after-q06-time,1,4,fused,2026-07-19T13:34:17.033998+00:00,272.1004,953.125,1,sha256:0606fc1be59a1a7f3f195deac59920c6681f839260f7d298f60cd4aa7348ab28
23,tpch-q6-block-023,materialize-after-q06-predicate -> fused -> materialize-after-q06-time,2,0,materialize-after-q06-time,2026-07-19T13:34:17.305865+00:00,635.0782,2281.25,1,sha256:0606fc1be59a1a7f3f195deac59920c6681f839260f7d298f60cd4aa7348ab28
23,tpch-q6-block-023,materialize-after-q06-predicate -> fused -> materialize-after-q06-time,2,1,materialize-after-q06-time,2026-07-19T13:34:17.940866+00:00,631.9174,2406.25,1,sha256:0606fc1be59a1a7f3f195deac59920c6681f839260f7d298f60cd4aa7348ab28
23,tpch-q6-block-023,materialize-after-q06-predicate -> fused -> materialize-after-q06-time,2,2,materialize-after-q06-time,2026-07-19T13:34:18.573080+00:00,637.4392,2484.375,1,sha256:0606fc1be59a1a7f3f195deac59920c6681f839260f7d298f60cd4aa7348ab28
23,tpch-q6-block-023,materialize-after-q06-predicate -> fused -> materialize-after-q06-time,2,3,materialize-after-q06-time,2026-07-19T13:34:19.210381+00:00,655.2926,2468.75,1,sha256:0606fc1be59a1a7f3f195deac59920c6681f839260f7d298f60cd4aa7348ab28
23,tpch-q6-block-023,materialize-after-q06-predicate -> fused -> materialize-after-q06-time,2,4,materialize-after-q06-time,2026-07-19T13:34:19.865983+00:00,668.4905,2484.375,1,sha256:0606fc1be59a1a7f3f195deac59920c6681f839260f7d298f60cd4aa7348ab28
24,tpch-q6-block-024,materialize-after-q06-time -> materialize-after-q06-predicate -> fused,0,0,materialize-after-q06-time,2026-07-19T13:34:20.537756+00:00,738.1792,2625.0,1,sha256:0606fc1be59a1a7f3f195deac59920c6681f839260f7d298f60cd4aa7348ab28
24,tpch-q6-block-024,materialize-after-q06-time -> materialize-after-q06-predicate -> fused,0,1,materialize-after-q06-time,2026-07-19T13:34:21.276040+00:00,609.0115,2296.875,1,sha256:0606fc1be59a1a7f3f195deac59920c6681f839260f7d298f60cd4aa7348ab28
24,tpch-q6-block-024,materialize-after-q06-time -> materialize-after-q06-predicate -> fused,0,2,materialize-after-q06-time,2026-07-19T13:34:21.885355+00:00,543.0703,2015.625,1,sha256:0606fc1be59a1a7f3f195deac59920c6681f839260f7d298f60cd4aa7348ab28
24,tpch-q6-block-024,materialize-after-q06-time -> materialize-after-q06-predicate -> fused,0,3,materialize-after-q06-time,2026-07-19T13:34:22.427915+00:00,550.3036,2109.375,1,sha256:0606fc1be59a1a7f3f195deac59920c6681f839260f7d298f60cd4aa7348ab28
24,tpch-q6-block-024,materialize-after-q06-time -> materialize-after-q06-predicate -> fused,0,4,materialize-after-q06-time,2026-07-19T13:34:22.979123+00:00,595.2524,2312.5,1,sha256:0606fc1be59a1a7f3f195deac59920c6681f839260f7d298f60cd4aa7348ab28
24,tpch-q6-block-024,materialize-after-q06-time -> materialize-after-q06-predicate -> fused,1,0,materialize-after-q06-predicate,2026-07-19T13:34:23.574508+00:00,223.1474,828.125,1,sha256:0606fc1be59a1a7f3f195deac59920c6681f839260f7d298f60cd4aa7348ab28
24,tpch-q6-block-024,materialize-after-q06-time -> materialize-after-q06-predicate -> fused,1,1,materialize-after-q06-predicate,2026-07-19T13:34:23.797143+00:00,214.1463,781.25,1,sha256:0606fc1be59a1a7f3f195deac59920c6681f839260f7d298f60cd4aa7348ab28
24,tpch-q6-block-024,materialize-after-q06-time -> materialize-after-q06-predicate -> fused,1,2,materialize-after-q06-predicate,2026-07-19T13:34:24.011142+00:00,256.0588,921.875,1,sha256:0606fc1be59a1a7f3f195deac59920c6681f839260f7d298f60cd4aa7348ab28
24,tpch-q6-block-024,materialize-after-q06-time -> materialize-after-q06-predicate -> fused,1,3,materialize-after-q06-predicate,2026-07-19T13:34:24.267389+00:00,256.7673,937.5,1,sha256:0606fc1be59a1a7f3f195deac59920c6681f839260f7d298f60cd4aa7348ab28
24,tpch-q6-block-024,materialize-after-q06-time -> materialize-after-q06-predicate -> fused,1,4,materialize-after-q06-predicate,2026-07-19T13:34:24.524681+00:00,201.4311,765.625,1,sha256:0606fc1be59a1a7f3f195deac59920c6681f839260f7d298f60cd4aa7348ab28
24,tpch-q6-block-024,materialize-after-q06-time -> materialize-after-q06-predicate -> fused,2,0,fused,2026-07-19T13:34:24.725682+00:00,250.7262,937.5,1,sha256:0606fc1be59a1a7f3f195deac59920c6681f839260f7d298f60cd4aa7348ab28
24,tpch-q6-block-024,materialize-after-q06-time -> materialize-after-q06-predicate -> fused,2,1,fused,2026-07-19T13:34:24.976681+00:00,200.156,765.625,1,sha256:0606fc1be59a1a7f3f195deac59920c6681f839260f7d298f60cd4aa7348ab28
24,tpch-q6-block-024,materialize-after-q06-time -> materialize-after-q06-predicate -> fused,2,2,fused,2026-07-19T13:34:25.177546+00:00,268.6805,906.25,1,sha256:0606fc1be59a1a7f3f195deac59920c6681f839260f7d298f60cd4aa7348ab28
24,tpch-q6-block-024,materialize-after-q06-time -> materialize-after-q06-predicate -> fused,2,3,fused,2026-07-19T13:34:25.445740+00:00,234.1753,890.625,1,sha256:0606fc1be59a1a7f3f195deac59920c6681f839260f7d298f60cd4aa7348ab28
24,tpch-q6-block-024,materialize-after-q06-time -> materialize-after-q06-predicate -> fused,2,4,fused,2026-07-19T13:34:25.680651+00:00,230.0713,765.625,1,sha256:0606fc1be59a1a7f3f195deac59920c6681f839260f7d298f60cd4aa7348ab28
25,tpch-q6-block-025,materialize-after-q06-predicate -> fused -> materialize-after-q06-time,0,0,materialize-after-q06-predicate,2026-07-19T13:34:25.912653+00:00,243.3726,921.875,1,sha256:0606fc1be59a1a7f3f195deac59920c6681f839260f7d298f60cd4aa7348ab28
25,tpch-q6-block-025,materialize-after-q06-predicate -> fused -> materialize-after-q06-time,0,1,materialize-after-q06-predicate,2026-07-19T13:34:26.156272+00:00,223.5203,828.125,1,sha256:0606fc1be59a1a7f3f195deac59920c6681f839260f7d298f60cd4aa7348ab28
25,tpch-q6-block-025,materialize-after-q06-predicate -> fused -> materialize-after-q06-time,0,2,materialize-after-q06-predicate,2026-07-19T13:34:26.380131+00:00,233.0021,843.75,1,sha256:0606fc1be59a1a7f3f195deac59920c6681f839260f7d298f60cd4aa7348ab28
25,tpch-q6-block-025,materialize-after-q06-predicate -> fused -> materialize-after-q06-time,0,3,materialize-after-q06-predicate,2026-07-19T13:34:26.612964+00:00,232.6917,937.5,1,sha256:0606fc1be59a1a7f3f195deac59920c6681f839260f7d298f60cd4aa7348ab28
25,tpch-q6-block-025,materialize-after-q06-predicate -> fused -> materialize-after-q06-time,0,4,materialize-after-q06-predicate,2026-07-19T13:34:26.845964+00:00,291.4151,1000.0,1,sha256:0606fc1be59a1a7f3f195deac59920c6681f839260f7d298f60cd4aa7348ab28
25,tpch-q6-block-025,materialize-after-q06-predicate -> fused -> materialize-after-q06-time,1,0,fused,2026-07-19T13:34:27.136855+00:00,232.2975,812.5,1,sha256:0606fc1be59a1a7f3f195deac59920c6681f839260f7d298f60cd4aa7348ab28
25,tpch-q6-block-025,materialize-after-q06-predicate -> fused -> materialize-after-q06-time,1,1,fused,2026-07-19T13:34:27.369449+00:00,229.9785,875.0,1,sha256:0606fc1be59a1a7f3f195deac59920c6681f839260f7d298f60cd4aa7348ab28
25,tpch-q6-block-025,materialize-after-q06-predicate -> fused -> materialize-after-q06-time,1,2,fused,2026-07-19T13:34:27.599978+00:00,220.4958,812.5,1,sha256:0606fc1be59a1a7f3f195deac59920c6681f839260f7d298f60cd4aa7348ab28
25,tpch-q6-block-025,materialize-after-q06-predicate -> fused -> materialize-after-q06-time,1,3,fused,2026-07-19T13:34:27.820450+00:00,210.0919,765.625,1,sha256:0606fc1be59a1a7f3f195deac59920c6681f839260f7d298f60cd4aa7348ab28
25,tpch-q6-block-025,materialize-after-q06-predicate -> fused -> materialize-after-q06-time,1,4,fused,2026-07-19T13:34:28.030524+00:00,289.789,1046.875,1,sha256:0606fc1be59a1a7f3f195deac59920c6681f839260f7d298f60cd4aa7348ab28
25,tpch-q6-block-025,materialize-after-q06-predicate -> fused -> materialize-after-q06-time,2,0,materialize-after-q06-time,2026-07-19T13:34:28.320640+00:00,659.3375,2359.375,1,sha256:0606fc1be59a1a7f3f195deac59920c6681f839260f7d298f60cd4aa7348ab28
25,tpch-q6-block-025,materialize-after-q06-predicate -> fused -> materialize-after-q06-time,2,1,materialize-after-q06-time,2026-07-19T13:34:28.980247+00:00,701.362,2468.75,1,sha256:0606fc1be59a1a7f3f195deac59920c6681f839260f7d298f60cd4aa7348ab28
25,tpch-q6-block-025,materialize-after-q06-predicate -> fused -> materialize-after-q06-time,2,2,materialize-after-q06-time,2026-07-19T13:34:29.680867+00:00,655.4941,2515.625,1,sha256:0606fc1be59a1a7f3f195deac59920c6681f839260f7d298f60cd4aa7348ab28
25,tpch-q6-block-025,materialize-after-q06-predicate -> fused -> materialize-after-q06-time,2,3,materialize-after-q06-time,2026-07-19T13:34:30.336879+00:00,607.4218,2328.125,1,sha256:0606fc1be59a1a7f3f195deac59920c6681f839260f7d298f60cd4aa7348ab28
25,tpch-q6-block-025,materialize-after-q06-predicate -> fused -> materialize-after-q06-time,2,4,materialize-after-q06-time,2026-07-19T13:34:30.944693+00:00,556.7273,2140.625,1,sha256:0606fc1be59a1a7f3f195deac59920c6681f839260f7d298f60cd4aa7348ab28
26,tpch-q6-block-026,fused -> materialize-after-q06-predicate -> materialize-after-q06-time,0,0,fused,2026-07-19T13:34:31.503933+00:00,263.5815,921.875,1,sha256:0606fc1be59a1a7f3f195deac59920c6681f839260f7d298f60cd4aa7348ab28
26,tpch-q6-block-026,fused -> materialize-after-q06-predicate -> materialize-after-q06-time,0,1,fused,2026-07-19T13:34:31.767183+00:00,190.2788,656.25,1,sha256:0606fc1be59a1a7f3f195deac59920c6681f839260f7d298f60cd4aa7348ab28
26,tpch-q6-block-026,fused -> materialize-after-q06-predicate -> materialize-after-q06-time,0,2,fused,2026-07-19T13:34:31.957183+00:00,183.4185,546.875,1,sha256:0606fc1be59a1a7f3f195deac59920c6681f839260f7d298f60cd4aa7348ab28
26,tpch-q6-block-026,fused -> materialize-after-q06-predicate -> materialize-after-q06-time,0,3,fused,2026-07-19T13:34:32.141183+00:00,181.618,687.5,1,sha256:0606fc1be59a1a7f3f195deac59920c6681f839260f7d298f60cd4aa7348ab28
26,tpch-q6-block-026,fused -> materialize-after-q06-predicate -> materialize-after-q06-time,0,4,fused,2026-07-19T13:34:32.322631+00:00,165.092,609.375,1,sha256:0606fc1be59a1a7f3f195deac59920c6681f839260f7d298f60cd4aa7348ab28
26,tpch-q6-block-026,fused -> materialize-after-q06-predicate -> materialize-after-q06-time,1,0,materialize-after-q06-predicate,2026-07-19T13:34:32.488227+00:00,218.0436,796.875,1,sha256:0606fc1be59a1a7f3f195deac59920c6681f839260f7d298f60cd4aa7348ab28
26,tpch-q6-block-026,fused -> materialize-after-q06-predicate -> materialize-after-q06-time,1,1,materialize-after-q06-predicate,2026-07-19T13:34:32.706063+00:00,213.3666,812.5,1,sha256:0606fc1be59a1a7f3f195deac59920c6681f839260f7d298f60cd4aa7348ab28
26,tpch-q6-block-026,fused -> materialize-after-q06-predicate -> materialize-after-q06-time,1,2,materialize-after-q06-predicate,2026-07-19T13:34:32.919811+00:00,294.1059,1062.5,1,sha256:0606fc1be59a1a7f3f195deac59920c6681f839260f7d298f60cd4aa7348ab28
26,tpch-q6-block-026,fused -> materialize-after-q06-predicate -> materialize-after-q06-time,1,3,materialize-after-q06-predicate,2026-07-19T13:34:33.214107+00:00,231.2267,890.625,1,sha256:0606fc1be59a1a7f3f195deac59920c6681f839260f7d298f60cd4aa7348ab28
26,tpch-q6-block-026,fused -> materialize-after-q06-predicate -> materialize-after-q06-time,1,4,materialize-after-q06-predicate,2026-07-19T13:34:33.445517+00:00,278.9648,1062.5,1,sha256:0606fc1be59a1a7f3f195deac59920c6681f839260f7d298f60cd4aa7348ab28
26,tpch-q6-block-026,fused -> materialize-after-q06-predicate -> materialize-after-q06-time,2,0,materialize-after-q06-time,2026-07-19T13:34:33.724047+00:00,746.2083,2609.375,1,sha256:0606fc1be59a1a7f3f195deac59920c6681f839260f7d298f60cd4aa7348ab28
26,tpch-q6-block-026,fused -> materialize-after-q06-predicate -> materialize-after-q06-time,2,1,materialize-after-q06-time,2026-07-19T13:34:34.470935+00:00,657.092,2281.25,1,sha256:0606fc1be59a1a7f3f195deac59920c6681f839260f7d298f60cd4aa7348ab28
26,tpch-q6-block-026,fused -> materialize-after-q06-predicate -> materialize-after-q06-time,2,2,materialize-after-q06-time,2026-07-19T13:34:35.127764+00:00,632.8467,2453.125,1,sha256:0606fc1be59a1a7f3f195deac59920c6681f839260f7d298f60cd4aa7348ab28
26,tpch-q6-block-026,fused -> materialize-after-q06-predicate -> materialize-after-q06-time,2,3,materialize-after-q06-time,2026-07-19T13:34:35.760633+00:00,626.2127,2406.25,1,sha256:0606fc1be59a1a7f3f195deac59920c6681f839260f7d298f60cd4aa7348ab28
26,tpch-q6-block-026,fused -> materialize-after-q06-predicate -> materialize-after-q06-time,2,4,materialize-after-q06-time,2026-07-19T13:34:36.387419+00:00,653.6228,2406.25,1,sha256:0606fc1be59a1a7f3f195deac59920c6681f839260f7d298f60cd4aa7348ab28
27,tpch-q6-block-027,fused -> materialize-after-q06-time -> materialize-after-q06-predicate,0,0,fused,2026-07-19T13:34:37.043026+00:00,211.4729,812.5,1,sha256:0606fc1be59a1a7f3f195deac59920c6681f839260f7d298f60cd4aa7348ab28
27,tpch-q6-block-027,fused -> materialize-after-q06-time -> materialize-after-q06-predicate,0,1,fused,2026-07-19T13:34:37.254700+00:00,248.6655,937.5,1,sha256:0606fc1be59a1a7f3f195deac59920c6681f839260f7d298f60cd4aa7348ab28
27,tpch-q6-block-027,fused -> materialize-after-q06-time -> materialize-after-q06-predicate,0,2,fused,2026-07-19T13:34:37.503879+00:00,192.9896,671.875,1,sha256:0606fc1be59a1a7f3f195deac59920c6681f839260f7d298f60cd4aa7348ab28
27,tpch-q6-block-027,fused -> materialize-after-q06-time -> materialize-after-q06-predicate,0,3,fused,2026-07-19T13:34:37.696391+00:00,273.4611,906.25,1,sha256:0606fc1be59a1a7f3f195deac59920c6681f839260f7d298f60cd4aa7348ab28
27,tpch-q6-block-027,fused -> materialize-after-q06-time -> materialize-after-q06-predicate,0,4,fused,2026-07-19T13:34:37.970469+00:00,246.5724,953.125,1,sha256:0606fc1be59a1a7f3f195deac59920c6681f839260f7d298f60cd4aa7348ab28
27,tpch-q6-block-027,fused -> materialize-after-q06-time -> materialize-after-q06-predicate,1,0,materialize-after-q06-time,2026-07-19T13:34:38.217484+00:00,678.382,2625.0,1,sha256:0606fc1be59a1a7f3f195deac59920c6681f839260f7d298f60cd4aa7348ab28
27,tpch-q6-block-027,fused -> materialize-after-q06-time -> materialize-after-q06-predicate,1,1,materialize-after-q06-time,2026-07-19T13:34:38.896145+00:00,619.0521,2359.375,1,sha256:0606fc1be59a1a7f3f195deac59920c6681f839260f7d298f60cd4aa7348ab28
27,tpch-q6-block-027,fused -> materialize-after-q06-time -> materialize-after-q06-predicate,1,2,materialize-after-q06-time,2026-07-19T13:34:39.514577+00:00,528.0771,2046.875,1,sha256:0606fc1be59a1a7f3f195deac59920c6681f839260f7d298f60cd4aa7348ab28
27,tpch-q6-block-027,fused -> materialize-after-q06-time -> materialize-after-q06-predicate,1,3,materialize-after-q06-time,2026-07-19T13:34:40.043284+00:00,562.1962,2187.5,1,sha256:0606fc1be59a1a7f3f195deac59920c6681f839260f7d298f60cd4aa7348ab28
27,tpch-q6-block-027,fused -> materialize-after-q06-time -> materialize-after-q06-predicate,1,4,materialize-after-q06-time,2026-07-19T13:34:40.605463+00:00,568.926,2171.875,1,sha256:0606fc1be59a1a7f3f195deac59920c6681f839260f7d298f60cd4aa7348ab28
27,tpch-q6-block-027,fused -> materialize-after-q06-time -> materialize-after-q06-predicate,2,0,materialize-after-q06-predicate,2026-07-19T13:34:41.173902+00:00,219.9012,765.625,1,sha256:0606fc1be59a1a7f3f195deac59920c6681f839260f7d298f60cd4aa7348ab28
27,tpch-q6-block-027,fused -> materialize-after-q06-time -> materialize-after-q06-predicate,2,1,materialize-after-q06-predicate,2026-07-19T13:34:41.394321+00:00,192.5272,703.125,1,sha256:0606fc1be59a1a7f3f195deac59920c6681f839260f7d298f60cd4aa7348ab28
27,tpch-q6-block-027,fused -> materialize-after-q06-time -> materialize-after-q06-predicate,2,2,materialize-after-q06-predicate,2026-07-19T13:34:41.587037+00:00,196.4089,625.0,1,sha256:0606fc1be59a1a7f3f195deac59920c6681f839260f7d298f60cd4aa7348ab28
27,tpch-q6-block-027,fused -> materialize-after-q06-time -> materialize-after-q06-predicate,2,3,materialize-after-q06-predicate,2026-07-19T13:34:41.783267+00:00,243.2417,734.375,1,sha256:0606fc1be59a1a7f3f195deac59920c6681f839260f7d298f60cd4aa7348ab28
27,tpch-q6-block-027,fused -> materialize-after-q06-time -> materialize-after-q06-predicate,2,4,materialize-after-q06-predicate,2026-07-19T13:34:42.027272+00:00,238.162,859.375,1,sha256:0606fc1be59a1a7f3f195deac59920c6681f839260f7d298f60cd4aa7348ab28
28,tpch-q6-block-028,materialize-after-q06-time -> fused -> materialize-after-q06-predicate,0,0,materialize-after-q06-time,2026-07-19T13:34:42.267854+00:00,616.6391,2390.625,1,sha256:0606fc1be59a1a7f3f195deac59920c6681f839260f7d298f60cd4aa7348ab28
28,tpch-q6-block-028,materialize-after-q06-time -> fused -> materialize-after-q06-predicate,0,1,materialize-after-q06-time,2026-07-19T13:34:42.885313+00:00,719.7637,2593.75,1,sha256:0606fc1be59a1a7f3f195deac59920c6681f839260f7d298f60cd4aa7348ab28
28,tpch-q6-block-028,materialize-after-q06-time -> fused -> materialize-after-q06-predicate,0,2,materialize-after-q06-time,2026-07-19T13:34:43.604827+00:00,682.2204,2609.375,1,sha256:0606fc1be59a1a7f3f195deac59920c6681f839260f7d298f60cd4aa7348ab28
28,tpch-q6-block-028,materialize-after-q06-time -> fused -> materialize-after-q06-predicate,0,3,materialize-after-q06-time,2026-07-19T13:34:44.287096+00:00,627.1756,2421.875,1,sha256:0606fc1be59a1a7f3f195deac59920c6681f839260f7d298f60cd4aa7348ab28
28,tpch-q6-block-028,materialize-after-q06-time -> fused -> materialize-after-q06-predicate,0,4,materialize-after-q06-time,2026-07-19T13:34:44.914741+00:00,629.3914,2437.5,1,sha256:0606fc1be59a1a7f3f195deac59920c6681f839260f7d298f60cd4aa7348ab28
28,tpch-q6-block-028,materialize-after-q06-time -> fused -> materialize-after-q06-predicate,1,0,fused,2026-07-19T13:34:45.544287+00:00,207.1822,765.625,1,sha256:0606fc1be59a1a7f3f195deac59920c6681f839260f7d298f60cd4aa7348ab28
28,tpch-q6-block-028,materialize-after-q06-time -> fused -> materialize-after-q06-predicate,1,1,fused,2026-07-19T13:34:45.751154+00:00,261.1998,875.0,1,sha256:0606fc1be59a1a7f3f195deac59920c6681f839260f7d298f60cd4aa7348ab28
28,tpch-q6-block-028,materialize-after-q06-time -> fused -> materialize-after-q06-predicate,1,2,fused,2026-07-19T13:34:46.012153+00:00,207.6404,765.625,1,sha256:0606fc1be59a1a7f3f195deac59920c6681f839260f7d298f60cd4aa7348ab28
28,tpch-q6-block-028,materialize-after-q06-time -> fused -> materialize-after-q06-predicate,1,3,fused,2026-07-19T13:34:46.220162+00:00,206.8014,812.5,1,sha256:0606fc1be59a1a7f3f195deac59920c6681f839260f7d298f60cd4aa7348ab28
28,tpch-q6-block-028,materialize-after-q06-time -> fused -> materialize-after-q06-predicate,1,4,fused,2026-07-19T13:34:46.427657+00:00,234.8573,875.0,1,sha256:0606fc1be59a1a7f3f195deac59920c6681f839260f7d298f60cd4aa7348ab28
28,tpch-q6-block-028,materialize-after-q06-time -> fused -> materialize-after-q06-predicate,2,0,materialize-after-q06-predicate,2026-07-19T13:34:46.662662+00:00,295.6829,890.625,1,sha256:0606fc1be59a1a7f3f195deac59920c6681f839260f7d298f60cd4aa7348ab28
28,tpch-q6-block-028,materialize-after-q06-time -> fused -> materialize-after-q06-predicate,2,1,materialize-after-q06-predicate,2026-07-19T13:34:46.957657+00:00,247.5706,843.75,1,sha256:0606fc1be59a1a7f3f195deac59920c6681f839260f7d298f60cd4aa7348ab28
28,tpch-q6-block-028,materialize-after-q06-time -> fused -> materialize-after-q06-predicate,2,2,materialize-after-q06-predicate,2026-07-19T13:34:47.205663+00:00,253.5347,828.125,1,sha256:0606fc1be59a1a7f3f195deac59920c6681f839260f7d298f60cd4aa7348ab28
28,tpch-q6-block-028,materialize-after-q06-time -> fused -> materialize-after-q06-predicate,2,3,materialize-after-q06-predicate,2026-07-19T13:34:47.458859+00:00,223.4963,750.0,1,sha256:0606fc1be59a1a7f3f195deac59920c6681f839260f7d298f60cd4aa7348ab28
28,tpch-q6-block-028,materialize-after-q06-time -> fused -> materialize-after-q06-predicate,2,4,materialize-after-q06-predicate,2026-07-19T13:34:47.682861+00:00,223.1065,890.625,1,sha256:0606fc1be59a1a7f3f195deac59920c6681f839260f7d298f60cd4aa7348ab28
29,tpch-q6-block-029,materialize-after-q06-predicate -> materialize-after-q06-time -> fused,0,0,materialize-after-q06-predicate,2026-07-19T13:34:47.909016+00:00,248.8556,906.25,1,sha256:0606fc1be59a1a7f3f195deac59920c6681f839260f7d298f60cd4aa7348ab28
29,tpch-q6-block-029,materialize-after-q06-predicate -> materialize-after-q06-time -> fused,0,1,materialize-after-q06-predicate,2026-07-19T13:34:48.158015+00:00,255.1738,890.625,1,sha256:0606fc1be59a1a7f3f195deac59920c6681f839260f7d298f60cd4aa7348ab28
29,tpch-q6-block-029,materialize-after-q06-predicate -> materialize-after-q06-time -> fused,0,2,materialize-after-q06-predicate,2026-07-19T13:34:48.413206+00:00,225.1261,734.375,1,sha256:0606fc1be59a1a7f3f195deac59920c6681f839260f7d298f60cd4aa7348ab28
29,tpch-q6-block-029,materialize-after-q06-predicate -> materialize-after-q06-time -> fused,0,3,materialize-after-q06-predicate,2026-07-19T13:34:48.638206+00:00,251.1604,859.375,1,sha256:0606fc1be59a1a7f3f195deac59920c6681f839260f7d298f60cd4aa7348ab28
29,tpch-q6-block-029,materialize-after-q06-predicate -> materialize-after-q06-time -> fused,0,4,materialize-after-q06-predicate,2026-07-19T13:34:48.890123+00:00,275.1044,984.375,1,sha256:0606fc1be59a1a7f3f195deac59920c6681f839260f7d298f60cd4aa7348ab28
29,tpch-q6-block-029,materialize-after-q06-predicate -> materialize-after-q06-time -> fused,1,0,materialize-after-q06-time,2026-07-19T13:34:49.164919+00:00,715.3212,2718.75,1,sha256:0606fc1be59a1a7f3f195deac59920c6681f839260f7d298f60cd4aa7348ab28
29,tpch-q6-block-029,materialize-after-q06-predicate -> materialize-after-q06-time -> fused,1,1,materialize-after-q06-time,2026-07-19T13:34:49.880042+00:00,800.6413,2734.375,1,sha256:0606fc1be59a1a7f3f195deac59920c6681f839260f7d298f60cd4aa7348ab28
29,tpch-q6-block-029,materialize-after-q06-predicate -> materialize-after-q06-time -> fused,1,2,materialize-after-q06-time,2026-07-19T13:34:50.681235+00:00,754.6262,2703.125,1,sha256:0606fc1be59a1a7f3f195deac59920c6681f839260f7d298f60cd4aa7348ab28
29,tpch-q6-block-029,materialize-after-q06-predicate -> materialize-after-q06-time -> fused,1,3,materialize-after-q06-time,2026-07-19T13:34:51.435625+00:00,633.4055,2406.25,1,sha256:0606fc1be59a1a7f3f195deac59920c6681f839260f7d298f60cd4aa7348ab28
29,tpch-q6-block-029,materialize-after-q06-predicate -> materialize-after-q06-time -> fused,1,4,materialize-after-q06-time,2026-07-19T13:34:52.068985+00:00,691.7175,2531.25,1,sha256:0606fc1be59a1a7f3f195deac59920c6681f839260f7d298f60cd4aa7348ab28
29,tpch-q6-block-029,materialize-after-q06-predicate -> materialize-after-q06-time -> fused,2,0,fused,2026-07-19T13:34:52.761668+00:00,242.7028,921.875,1,sha256:0606fc1be59a1a7f3f195deac59920c6681f839260f7d298f60cd4aa7348ab28
29,tpch-q6-block-029,materialize-after-q06-predicate -> materialize-after-q06-time -> fused,2,1,fused,2026-07-19T13:34:53.004505+00:00,233.0604,890.625,1,sha256:0606fc1be59a1a7f3f195deac59920c6681f839260f7d298f60cd4aa7348ab28
29,tpch-q6-block-029,materialize-after-q06-predicate -> materialize-after-q06-time -> fused,2,2,fused,2026-07-19T13:34:53.237509+00:00,209.7393,812.5,1,sha256:0606fc1be59a1a7f3f195deac59920c6681f839260f7d298f60cd4aa7348ab28
29,tpch-q6-block-029,materialize-after-q06-predicate -> materialize-after-q06-time -> fused,2,3,fused,2026-07-19T13:34:53.446999+00:00,193.2018,734.375,1,sha256:0606fc1be59a1a7f3f195deac59920c6681f839260f7d298f60cd4aa7348ab28
29,tpch-q6-block-029,materialize-after-q06-predicate -> materialize-after-q06-time -> fused,2,4,fused,2026-07-19T13:34:53.640506+00:00,189.0071,750.0,1,sha256:0606fc1be59a1a7f3f195deac59920c6681f839260f7d298f60cd4aa7348ab28
