scenario_id,identifier_width,match_rate,region_label,row_count,seed,variant,operator_index,operator_name,median_operator_timing_ms,actual_cardinality,rows_scanned,physical_plan_fingerprint
mixed-n100000-w128-m0900-s1777,128,0.9,phase2l_mixed,100000,1777,early_hash_materialized,0,EXPLAIN_ANALYZE,0.0006,0,0,sha256:aaa00b3bd44c8b4eac45d7e7d997fa62366f1bf46f339190d03cee33407583a0
mixed-n100000-w128-m0900-s1777,128,0.9,phase2l_mixed,100000,1777,early_hash_materialized,1,BATCH_CREATE_TABLE_AS,10.625499999999997,1,0,sha256:aaa00b3bd44c8b4eac45d7e7d997fa62366f1bf46f339190d03cee33407583a0
mixed-n100000-w128-m0900-s1777,128,0.9,phase2l_mixed,100000,1777,early_hash_materialized,2,CTE,8.6492,0,0,sha256:aaa00b3bd44c8b4eac45d7e7d997fa62366f1bf46f339190d03cee33407583a0
mixed-n100000-w128-m0900-s1777,128,0.9,phase2l_mixed,100000,1777,early_hash_materialized,3,PROJECTION,366.6556,100000,0,sha256:aaa00b3bd44c8b4eac45d7e7d997fa62366f1bf46f339190d03cee33407583a0
mixed-n100000-w128-m0900-s1777,128,0.9,phase2l_mixed,100000,1777,early_hash_materialized,4,SEQ_SCAN,4.4361,100000,100000,sha256:aaa00b3bd44c8b4eac45d7e7d997fa62366f1bf46f339190d03cee33407583a0
mixed-n100000-w128-m0900-s1777,128,0.9,phase2l_mixed,100000,1777,early_hash_materialized,5,PROJECTION,0.3034,90000,0,sha256:aaa00b3bd44c8b4eac45d7e7d997fa62366f1bf46f339190d03cee33407583a0
mixed-n100000-w128-m0900-s1777,128,0.9,phase2l_mixed,100000,1777,early_hash_materialized,6,ORDER_BY,52.71340000000001,90000,0,sha256:aaa00b3bd44c8b4eac45d7e7d997fa62366f1bf46f339190d03cee33407583a0
mixed-n100000-w128-m0900-s1777,128,0.9,phase2l_mixed,100000,1777,early_hash_materialized,7,PROJECTION,0.20059999999999995,90000,0,sha256:aaa00b3bd44c8b4eac45d7e7d997fa62366f1bf46f339190d03cee33407583a0
mixed-n100000-w128-m0900-s1777,128,0.9,phase2l_mixed,100000,1777,early_hash_materialized,8,HASH_JOIN,4.990699999999999,90000,0,sha256:aaa00b3bd44c8b4eac45d7e7d997fa62366f1bf46f339190d03cee33407583a0
mixed-n100000-w128-m0900-s1777,128,0.9,phase2l_mixed,100000,1777,early_hash_materialized,9,CTE_SCAN,0.2902,100000,0,sha256:aaa00b3bd44c8b4eac45d7e7d997fa62366f1bf46f339190d03cee33407583a0
mixed-n100000-w128-m0900-s1777,128,0.9,phase2l_mixed,100000,1777,early_hash_materialized,10,SEQ_SCAN,0.026699999999999998,10000,10000,sha256:aaa00b3bd44c8b4eac45d7e7d997fa62366f1bf46f339190d03cee33407583a0
mixed-n100000-w128-m0900-s1777,128,0.9,phase2l_mixed,100000,1777,late_fused,0,EXPLAIN_ANALYZE,0.0003,0,0,sha256:f570cbbf354e04dbc1f358979321f6943968e8a815c0d2fb74a463dc822156e7
mixed-n100000-w128-m0900-s1777,128,0.9,phase2l_mixed,100000,1777,late_fused,1,BATCH_CREATE_TABLE_AS,10.394499999999999,1,0,sha256:f570cbbf354e04dbc1f358979321f6943968e8a815c0d2fb74a463dc822156e7
mixed-n100000-w128-m0900-s1777,128,0.9,phase2l_mixed,100000,1777,late_fused,2,PROJECTION,0.4497,90000,0,sha256:f570cbbf354e04dbc1f358979321f6943968e8a815c0d2fb74a463dc822156e7
mixed-n100000-w128-m0900-s1777,128,0.9,phase2l_mixed,100000,1777,late_fused,3,ORDER_BY,49.36889999999999,90000,0,sha256:f570cbbf354e04dbc1f358979321f6943968e8a815c0d2fb74a463dc822156e7
mixed-n100000-w128-m0900-s1777,128,0.9,phase2l_mixed,100000,1777,late_fused,4,PROJECTION,1.2724,90000,0,sha256:f570cbbf354e04dbc1f358979321f6943968e8a815c0d2fb74a463dc822156e7
mixed-n100000-w128-m0900-s1777,128,0.9,phase2l_mixed,100000,1777,late_fused,5,PROJECTION,339.28149999999994,90000,0,sha256:f570cbbf354e04dbc1f358979321f6943968e8a815c0d2fb74a463dc822156e7
mixed-n100000-w128-m0900-s1777,128,0.9,phase2l_mixed,100000,1777,late_fused,6,HASH_JOIN,1.1684,90000,0,sha256:f570cbbf354e04dbc1f358979321f6943968e8a815c0d2fb74a463dc822156e7
mixed-n100000-w128-m0900-s1777,128,0.9,phase2l_mixed,100000,1777,late_fused,7,SEQ_SCAN,4.7519,90000,100000,sha256:f570cbbf354e04dbc1f358979321f6943968e8a815c0d2fb74a463dc822156e7
mixed-n100000-w128-m0900-s1777,128,0.9,phase2l_mixed,100000,1777,late_fused,8,SEQ_SCAN,0.053099999999999994,10000,10000,sha256:f570cbbf354e04dbc1f358979321f6943968e8a815c0d2fb74a463dc822156e7
mixed-n100000-w128-m0900-s1777,128,0.9,phase2l_mixed,100000,1777,late_hash_materialized,0,EXPLAIN_ANALYZE,0.0003,0,0,sha256:8c775ff611abc16d74d7b882b9f184805f1ebab78a726a672f21ac5ab0810c9f
mixed-n100000-w128-m0900-s1777,128,0.9,phase2l_mixed,100000,1777,late_hash_materialized,1,BATCH_CREATE_TABLE_AS,11.5115,1,0,sha256:8c775ff611abc16d74d7b882b9f184805f1ebab78a726a672f21ac5ab0810c9f
mixed-n100000-w128-m0900-s1777,128,0.9,phase2l_mixed,100000,1777,late_hash_materialized,2,CTE,7.4868,0,0,sha256:8c775ff611abc16d74d7b882b9f184805f1ebab78a726a672f21ac5ab0810c9f
mixed-n100000-w128-m0900-s1777,128,0.9,phase2l_mixed,100000,1777,late_hash_materialized,3,PROJECTION,333.0441,90000,0,sha256:8c775ff611abc16d74d7b882b9f184805f1ebab78a726a672f21ac5ab0810c9f
mixed-n100000-w128-m0900-s1777,128,0.9,phase2l_mixed,100000,1777,late_hash_materialized,4,HASH_JOIN,1.2691,90000,0,sha256:8c775ff611abc16d74d7b882b9f184805f1ebab78a726a672f21ac5ab0810c9f
mixed-n100000-w128-m0900-s1777,128,0.9,phase2l_mixed,100000,1777,late_hash_materialized,5,SEQ_SCAN,5.519300000000001,90000,100000,sha256:8c775ff611abc16d74d7b882b9f184805f1ebab78a726a672f21ac5ab0810c9f
mixed-n100000-w128-m0900-s1777,128,0.9,phase2l_mixed,100000,1777,late_hash_materialized,6,SEQ_SCAN,0.030199999999999998,10000,10000,sha256:8c775ff611abc16d74d7b882b9f184805f1ebab78a726a672f21ac5ab0810c9f
mixed-n100000-w128-m0900-s1777,128,0.9,phase2l_mixed,100000,1777,late_hash_materialized,7,ORDER_BY,57.74130000000001,90000,0,sha256:8c775ff611abc16d74d7b882b9f184805f1ebab78a726a672f21ac5ab0810c9f
mixed-n100000-w128-m0900-s1777,128,0.9,phase2l_mixed,100000,1777,late_hash_materialized,8,CTE_SCAN,0.2424,90000,0,sha256:8c775ff611abc16d74d7b882b9f184805f1ebab78a726a672f21ac5ab0810c9f
mixed-n100000-w128-m0900-s1777,128,0.9,phase2l_mixed,100000,1777,late_join_materialized,0,EXPLAIN_ANALYZE,0.00019999999999999998,0,0,sha256:26c7beb699842444e252d17ec55e88fce7462da77b086dbbfc8863980d091221
mixed-n100000-w128-m0900-s1777,128,0.9,phase2l_mixed,100000,1777,late_join_materialized,1,BATCH_CREATE_TABLE_AS,15.908299999999997,1,0,sha256:26c7beb699842444e252d17ec55e88fce7462da77b086dbbfc8863980d091221
mixed-n100000-w128-m0900-s1777,128,0.9,phase2l_mixed,100000,1777,late_join_materialized,2,CTE,5.0583,0,0,sha256:26c7beb699842444e252d17ec55e88fce7462da77b086dbbfc8863980d091221
mixed-n100000-w128-m0900-s1777,128,0.9,phase2l_mixed,100000,1777,late_join_materialized,3,HASH_JOIN,0.9536999999999999,90000,0,sha256:26c7beb699842444e252d17ec55e88fce7462da77b086dbbfc8863980d091221
mixed-n100000-w128-m0900-s1777,128,0.9,phase2l_mixed,100000,1777,late_join_materialized,4,SEQ_SCAN,2.7622000000000013,90000,100000,sha256:26c7beb699842444e252d17ec55e88fce7462da77b086dbbfc8863980d091221
mixed-n100000-w128-m0900-s1777,128,0.9,phase2l_mixed,100000,1777,late_join_materialized,5,SEQ_SCAN,0.03459999999999999,10000,10000,sha256:26c7beb699842444e252d17ec55e88fce7462da77b086dbbfc8863980d091221
mixed-n100000-w128-m0900-s1777,128,0.9,phase2l_mixed,100000,1777,late_join_materialized,6,ORDER_BY,91.29030000000002,90000,0,sha256:26c7beb699842444e252d17ec55e88fce7462da77b086dbbfc8863980d091221
mixed-n100000-w128-m0900-s1777,128,0.9,phase2l_mixed,100000,1777,late_join_materialized,7,PROJECTION,469.5939,90000,0,sha256:26c7beb699842444e252d17ec55e88fce7462da77b086dbbfc8863980d091221
mixed-n100000-w128-m0900-s1777,128,0.9,phase2l_mixed,100000,1777,late_join_materialized,8,CTE_SCAN,0.6188,90000,0,sha256:26c7beb699842444e252d17ec55e88fce7462da77b086dbbfc8863980d091221
mixed-n100000-w128-m0900-s1888,128,0.9,phase2l_mixed,100000,1888,early_hash_materialized,0,EXPLAIN_ANALYZE,0.00039999999999999996,0,0,sha256:aaa00b3bd44c8b4eac45d7e7d997fa62366f1bf46f339190d03cee33407583a0
mixed-n100000-w128-m0900-s1888,128,0.9,phase2l_mixed,100000,1888,early_hash_materialized,1,BATCH_CREATE_TABLE_AS,7.819599999999999,1,0,sha256:aaa00b3bd44c8b4eac45d7e7d997fa62366f1bf46f339190d03cee33407583a0
mixed-n100000-w128-m0900-s1888,128,0.9,phase2l_mixed,100000,1888,early_hash_materialized,2,CTE,5.1528,0,0,sha256:aaa00b3bd44c8b4eac45d7e7d997fa62366f1bf46f339190d03cee33407583a0
mixed-n100000-w128-m0900-s1888,128,0.9,phase2l_mixed,100000,1888,early_hash_materialized,3,PROJECTION,260.50909999999993,100000,0,sha256:aaa00b3bd44c8b4eac45d7e7d997fa62366f1bf46f339190d03cee33407583a0
mixed-n100000-w128-m0900-s1888,128,0.9,phase2l_mixed,100000,1888,early_hash_materialized,4,SEQ_SCAN,2.8639999999999994,100000,100000,sha256:aaa00b3bd44c8b4eac45d7e7d997fa62366f1bf46f339190d03cee33407583a0
mixed-n100000-w128-m0900-s1888,128,0.9,phase2l_mixed,100000,1888,early_hash_materialized,5,PROJECTION,0.2092,90000,0,sha256:aaa00b3bd44c8b4eac45d7e7d997fa62366f1bf46f339190d03cee33407583a0
mixed-n100000-w128-m0900-s1888,128,0.9,phase2l_mixed,100000,1888,early_hash_materialized,6,ORDER_BY,48.60309999999998,90000,0,sha256:aaa00b3bd44c8b4eac45d7e7d997fa62366f1bf46f339190d03cee33407583a0
mixed-n100000-w128-m0900-s1888,128,0.9,phase2l_mixed,100000,1888,early_hash_materialized,7,PROJECTION,0.1983,90000,0,sha256:aaa00b3bd44c8b4eac45d7e7d997fa62366f1bf46f339190d03cee33407583a0
mixed-n100000-w128-m0900-s1888,128,0.9,phase2l_mixed,100000,1888,early_hash_materialized,8,HASH_JOIN,4.619499999999999,90000,0,sha256:aaa00b3bd44c8b4eac45d7e7d997fa62366f1bf46f339190d03cee33407583a0
mixed-n100000-w128-m0900-s1888,128,0.9,phase2l_mixed,100000,1888,early_hash_materialized,9,CTE_SCAN,0.3282,100000,0,sha256:aaa00b3bd44c8b4eac45d7e7d997fa62366f1bf46f339190d03cee33407583a0
mixed-n100000-w128-m0900-s1888,128,0.9,phase2l_mixed,100000,1888,early_hash_materialized,10,SEQ_SCAN,0.0217,10000,10000,sha256:aaa00b3bd44c8b4eac45d7e7d997fa62366f1bf46f339190d03cee33407583a0
mixed-n100000-w128-m0900-s1888,128,0.9,phase2l_mixed,100000,1888,late_fused,0,EXPLAIN_ANALYZE,0.0003,0,0,sha256:f570cbbf354e04dbc1f358979321f6943968e8a815c0d2fb74a463dc822156e7
mixed-n100000-w128-m0900-s1888,128,0.9,phase2l_mixed,100000,1888,late_fused,1,BATCH_CREATE_TABLE_AS,8.246900000000002,1,0,sha256:f570cbbf354e04dbc1f358979321f6943968e8a815c0d2fb74a463dc822156e7
mixed-n100000-w128-m0900-s1888,128,0.9,phase2l_mixed,100000,1888,late_fused,2,PROJECTION,0.29840000000000005,90000,0,sha256:f570cbbf354e04dbc1f358979321f6943968e8a815c0d2fb74a463dc822156e7
mixed-n100000-w128-m0900-s1888,128,0.9,phase2l_mixed,100000,1888,late_fused,3,ORDER_BY,41.44389999999999,90000,0,sha256:f570cbbf354e04dbc1f358979321f6943968e8a815c0d2fb74a463dc822156e7
mixed-n100000-w128-m0900-s1888,128,0.9,phase2l_mixed,100000,1888,late_fused,4,PROJECTION,1.2376000000000003,90000,0,sha256:f570cbbf354e04dbc1f358979321f6943968e8a815c0d2fb74a463dc822156e7
mixed-n100000-w128-m0900-s1888,128,0.9,phase2l_mixed,100000,1888,late_fused,5,PROJECTION,267.4267,90000,0,sha256:f570cbbf354e04dbc1f358979321f6943968e8a815c0d2fb74a463dc822156e7
mixed-n100000-w128-m0900-s1888,128,0.9,phase2l_mixed,100000,1888,late_fused,6,HASH_JOIN,1.0615999999999997,90000,0,sha256:f570cbbf354e04dbc1f358979321f6943968e8a815c0d2fb74a463dc822156e7
mixed-n100000-w128-m0900-s1888,128,0.9,phase2l_mixed,100000,1888,late_fused,7,SEQ_SCAN,3.559,90000,100000,sha256:f570cbbf354e04dbc1f358979321f6943968e8a815c0d2fb74a463dc822156e7
mixed-n100000-w128-m0900-s1888,128,0.9,phase2l_mixed,100000,1888,late_fused,8,SEQ_SCAN,0.026499999999999996,10000,10000,sha256:f570cbbf354e04dbc1f358979321f6943968e8a815c0d2fb74a463dc822156e7
mixed-n100000-w128-m0900-s1888,128,0.9,phase2l_mixed,100000,1888,late_hash_materialized,0,EXPLAIN_ANALYZE,0.00039999999999999996,0,0,sha256:8c775ff611abc16d74d7b882b9f184805f1ebab78a726a672f21ac5ab0810c9f
mixed-n100000-w128-m0900-s1888,128,0.9,phase2l_mixed,100000,1888,late_hash_materialized,1,BATCH_CREATE_TABLE_AS,8.582800000000002,1,0,sha256:8c775ff611abc16d74d7b882b9f184805f1ebab78a726a672f21ac5ab0810c9f
mixed-n100000-w128-m0900-s1888,128,0.9,phase2l_mixed,100000,1888,late_hash_materialized,2,CTE,4.471199999999999,0,0,sha256:8c775ff611abc16d74d7b882b9f184805f1ebab78a726a672f21ac5ab0810c9f
mixed-n100000-w128-m0900-s1888,128,0.9,phase2l_mixed,100000,1888,late_hash_materialized,3,PROJECTION,246.40849999999998,90000,0,sha256:8c775ff611abc16d74d7b882b9f184805f1ebab78a726a672f21ac5ab0810c9f
mixed-n100000-w128-m0900-s1888,128,0.9,phase2l_mixed,100000,1888,late_hash_materialized,4,HASH_JOIN,1.1231,90000,0,sha256:8c775ff611abc16d74d7b882b9f184805f1ebab78a726a672f21ac5ab0810c9f
mixed-n100000-w128-m0900-s1888,128,0.9,phase2l_mixed,100000,1888,late_hash_materialized,5,SEQ_SCAN,3.5677,90000,100000,sha256:8c775ff611abc16d74d7b882b9f184805f1ebab78a726a672f21ac5ab0810c9f
mixed-n100000-w128-m0900-s1888,128,0.9,phase2l_mixed,100000,1888,late_hash_materialized,6,SEQ_SCAN,0.0404,10000,10000,sha256:8c775ff611abc16d74d7b882b9f184805f1ebab78a726a672f21ac5ab0810c9f
mixed-n100000-w128-m0900-s1888,128,0.9,phase2l_mixed,100000,1888,late_hash_materialized,7,ORDER_BY,52.77840000000001,90000,0,sha256:8c775ff611abc16d74d7b882b9f184805f1ebab78a726a672f21ac5ab0810c9f
mixed-n100000-w128-m0900-s1888,128,0.9,phase2l_mixed,100000,1888,late_hash_materialized,8,CTE_SCAN,0.2997,90000,0,sha256:8c775ff611abc16d74d7b882b9f184805f1ebab78a726a672f21ac5ab0810c9f
mixed-n100000-w128-m0900-s1888,128,0.9,phase2l_mixed,100000,1888,late_join_materialized,0,EXPLAIN_ANALYZE,0.0003,0,0,sha256:26c7beb699842444e252d17ec55e88fce7462da77b086dbbfc8863980d091221
mixed-n100000-w128-m0900-s1888,128,0.9,phase2l_mixed,100000,1888,late_join_materialized,1,BATCH_CREATE_TABLE_AS,9.032100000000002,1,0,sha256:26c7beb699842444e252d17ec55e88fce7462da77b086dbbfc8863980d091221
mixed-n100000-w128-m0900-s1888,128,0.9,phase2l_mixed,100000,1888,late_join_materialized,2,CTE,3.4648,0,0,sha256:26c7beb699842444e252d17ec55e88fce7462da77b086dbbfc8863980d091221
mixed-n100000-w128-m0900-s1888,128,0.9,phase2l_mixed,100000,1888,late_join_materialized,3,HASH_JOIN,0.8868000000000001,90000,0,sha256:26c7beb699842444e252d17ec55e88fce7462da77b086dbbfc8863980d091221
mixed-n100000-w128-m0900-s1888,128,0.9,phase2l_mixed,100000,1888,late_join_materialized,4,SEQ_SCAN,2.0550000000000006,90000,100000,sha256:26c7beb699842444e252d17ec55e88fce7462da77b086dbbfc8863980d091221
mixed-n100000-w128-m0900-s1888,128,0.9,phase2l_mixed,100000,1888,late_join_materialized,5,SEQ_SCAN,0.03899999999999999,10000,10000,sha256:26c7beb699842444e252d17ec55e88fce7462da77b086dbbfc8863980d091221
mixed-n100000-w128-m0900-s1888,128,0.9,phase2l_mixed,100000,1888,late_join_materialized,6,ORDER_BY,69.39510000000001,90000,0,sha256:26c7beb699842444e252d17ec55e88fce7462da77b086dbbfc8863980d091221
mixed-n100000-w128-m0900-s1888,128,0.9,phase2l_mixed,100000,1888,late_join_materialized,7,PROJECTION,626.7378,90000,0,sha256:26c7beb699842444e252d17ec55e88fce7462da77b086dbbfc8863980d091221
mixed-n100000-w128-m0900-s1888,128,0.9,phase2l_mixed,100000,1888,late_join_materialized,8,CTE_SCAN,0.8939000000000001,90000,0,sha256:26c7beb699842444e252d17ec55e88fce7462da77b086dbbfc8863980d091221
mixed-n100000-w128-m0900-s1999,128,0.9,phase2l_mixed,100000,1999,early_hash_materialized,0,EXPLAIN_ANALYZE,0.0003,0,0,sha256:aaa00b3bd44c8b4eac45d7e7d997fa62366f1bf46f339190d03cee33407583a0
mixed-n100000-w128-m0900-s1999,128,0.9,phase2l_mixed,100000,1999,early_hash_materialized,1,BATCH_CREATE_TABLE_AS,7.718200000000001,1,0,sha256:aaa00b3bd44c8b4eac45d7e7d997fa62366f1bf46f339190d03cee33407583a0
mixed-n100000-w128-m0900-s1999,128,0.9,phase2l_mixed,100000,1999,early_hash_materialized,2,CTE,5.239,0,0,sha256:aaa00b3bd44c8b4eac45d7e7d997fa62366f1bf46f339190d03cee33407583a0
mixed-n100000-w128-m0900-s1999,128,0.9,phase2l_mixed,100000,1999,early_hash_materialized,3,PROJECTION,291.55620000000005,100000,0,sha256:aaa00b3bd44c8b4eac45d7e7d997fa62366f1bf46f339190d03cee33407583a0
mixed-n100000-w128-m0900-s1999,128,0.9,phase2l_mixed,100000,1999,early_hash_materialized,4,SEQ_SCAN,2.771,100000,100000,sha256:aaa00b3bd44c8b4eac45d7e7d997fa62366f1bf46f339190d03cee33407583a0
mixed-n100000-w128-m0900-s1999,128,0.9,phase2l_mixed,100000,1999,early_hash_materialized,5,PROJECTION,0.30150000000000005,90000,0,sha256:aaa00b3bd44c8b4eac45d7e7d997fa62366f1bf46f339190d03cee33407583a0
mixed-n100000-w128-m0900-s1999,128,0.9,phase2l_mixed,100000,1999,early_hash_materialized,6,ORDER_BY,53.788799999999995,90000,0,sha256:aaa00b3bd44c8b4eac45d7e7d997fa62366f1bf46f339190d03cee33407583a0
mixed-n100000-w128-m0900-s1999,128,0.9,phase2l_mixed,100000,1999,early_hash_materialized,7,PROJECTION,0.2825,90000,0,sha256:aaa00b3bd44c8b4eac45d7e7d997fa62366f1bf46f339190d03cee33407583a0
mixed-n100000-w128-m0900-s1999,128,0.9,phase2l_mixed,100000,1999,early_hash_materialized,8,HASH_JOIN,5.9194,90000,0,sha256:aaa00b3bd44c8b4eac45d7e7d997fa62366f1bf46f339190d03cee33407583a0
mixed-n100000-w128-m0900-s1999,128,0.9,phase2l_mixed,100000,1999,early_hash_materialized,9,CTE_SCAN,0.3803999999999999,100000,0,sha256:aaa00b3bd44c8b4eac45d7e7d997fa62366f1bf46f339190d03cee33407583a0
mixed-n100000-w128-m0900-s1999,128,0.9,phase2l_mixed,100000,1999,early_hash_materialized,10,SEQ_SCAN,0.0301,10000,10000,sha256:aaa00b3bd44c8b4eac45d7e7d997fa62366f1bf46f339190d03cee33407583a0
mixed-n100000-w128-m0900-s1999,128,0.9,phase2l_mixed,100000,1999,late_fused,0,EXPLAIN_ANALYZE,0.0003,0,0,sha256:f570cbbf354e04dbc1f358979321f6943968e8a815c0d2fb74a463dc822156e7
mixed-n100000-w128-m0900-s1999,128,0.9,phase2l_mixed,100000,1999,late_fused,1,BATCH_CREATE_TABLE_AS,10.319500000000001,1,0,sha256:f570cbbf354e04dbc1f358979321f6943968e8a815c0d2fb74a463dc822156e7
mixed-n100000-w128-m0900-s1999,128,0.9,phase2l_mixed,100000,1999,late_fused,2,PROJECTION,0.42879999999999985,90000,0,sha256:f570cbbf354e04dbc1f358979321f6943968e8a815c0d2fb74a463dc822156e7
mixed-n100000-w128-m0900-s1999,128,0.9,phase2l_mixed,100000,1999,late_fused,3,ORDER_BY,54.347199999999994,90000,0,sha256:f570cbbf354e04dbc1f358979321f6943968e8a815c0d2fb74a463dc822156e7
mixed-n100000-w128-m0900-s1999,128,0.9,phase2l_mixed,100000,1999,late_fused,4,PROJECTION,1.5484000000000002,90000,0,sha256:f570cbbf354e04dbc1f358979321f6943968e8a815c0d2fb74a463dc822156e7
mixed-n100000-w128-m0900-s1999,128,0.9,phase2l_mixed,100000,1999,late_fused,5,PROJECTION,297.8805,90000,0,sha256:f570cbbf354e04dbc1f358979321f6943968e8a815c0d2fb74a463dc822156e7
mixed-n100000-w128-m0900-s1999,128,0.9,phase2l_mixed,100000,1999,late_fused,6,HASH_JOIN,1.2649,90000,0,sha256:f570cbbf354e04dbc1f358979321f6943968e8a815c0d2fb74a463dc822156e7
mixed-n100000-w128-m0900-s1999,128,0.9,phase2l_mixed,100000,1999,late_fused,7,SEQ_SCAN,5.113700000000001,90000,100000,sha256:f570cbbf354e04dbc1f358979321f6943968e8a815c0d2fb74a463dc822156e7
mixed-n100000-w128-m0900-s1999,128,0.9,phase2l_mixed,100000,1999,late_fused,8,SEQ_SCAN,0.028599999999999997,10000,10000,sha256:f570cbbf354e04dbc1f358979321f6943968e8a815c0d2fb74a463dc822156e7
mixed-n100000-w128-m0900-s1999,128,0.9,phase2l_mixed,100000,1999,late_hash_materialized,0,EXPLAIN_ANALYZE,0.00039999999999999996,0,0,sha256:8c775ff611abc16d74d7b882b9f184805f1ebab78a726a672f21ac5ab0810c9f
mixed-n100000-w128-m0900-s1999,128,0.9,phase2l_mixed,100000,1999,late_hash_materialized,1,BATCH_CREATE_TABLE_AS,10.981900000000003,1,0,sha256:8c775ff611abc16d74d7b882b9f184805f1ebab78a726a672f21ac5ab0810c9f
mixed-n100000-w128-m0900-s1999,128,0.9,phase2l_mixed,100000,1999,late_hash_materialized,2,CTE,9.565,0,0,sha256:8c775ff611abc16d74d7b882b9f184805f1ebab78a726a672f21ac5ab0810c9f
mixed-n100000-w128-m0900-s1999,128,0.9,phase2l_mixed,100000,1999,late_hash_materialized,3,PROJECTION,308.4573,90000,0,sha256:8c775ff611abc16d74d7b882b9f184805f1ebab78a726a672f21ac5ab0810c9f
mixed-n100000-w128-m0900-s1999,128,0.9,phase2l_mixed,100000,1999,late_hash_materialized,4,HASH_JOIN,1.1883,90000,0,sha256:8c775ff611abc16d74d7b882b9f184805f1ebab78a726a672f21ac5ab0810c9f
mixed-n100000-w128-m0900-s1999,128,0.9,phase2l_mixed,100000,1999,late_hash_materialized,5,SEQ_SCAN,5.462600000000001,90000,100000,sha256:8c775ff611abc16d74d7b882b9f184805f1ebab78a726a672f21ac5ab0810c9f
mixed-n100000-w128-m0900-s1999,128,0.9,phase2l_mixed,100000,1999,late_hash_materialized,6,SEQ_SCAN,0.030900000000000007,10000,10000,sha256:8c775ff611abc16d74d7b882b9f184805f1ebab78a726a672f21ac5ab0810c9f
mixed-n100000-w128-m0900-s1999,128,0.9,phase2l_mixed,100000,1999,late_hash_materialized,7,ORDER_BY,60.81699999999999,90000,0,sha256:8c775ff611abc16d74d7b882b9f184805f1ebab78a726a672f21ac5ab0810c9f
mixed-n100000-w128-m0900-s1999,128,0.9,phase2l_mixed,100000,1999,late_hash_materialized,8,CTE_SCAN,0.29810000000000003,90000,0,sha256:8c775ff611abc16d74d7b882b9f184805f1ebab78a726a672f21ac5ab0810c9f
mixed-n100000-w128-m0900-s1999,128,0.9,phase2l_mixed,100000,1999,late_join_materialized,0,EXPLAIN_ANALYZE,0.0003,0,0,sha256:26c7beb699842444e252d17ec55e88fce7462da77b086dbbfc8863980d091221
mixed-n100000-w128-m0900-s1999,128,0.9,phase2l_mixed,100000,1999,late_join_materialized,1,BATCH_CREATE_TABLE_AS,10.2978,1,0,sha256:26c7beb699842444e252d17ec55e88fce7462da77b086dbbfc8863980d091221
mixed-n100000-w128-m0900-s1999,128,0.9,phase2l_mixed,100000,1999,late_join_materialized,2,CTE,5.0802,0,0,sha256:26c7beb699842444e252d17ec55e88fce7462da77b086dbbfc8863980d091221
mixed-n100000-w128-m0900-s1999,128,0.9,phase2l_mixed,100000,1999,late_join_materialized,3,HASH_JOIN,0.9197999999999998,90000,0,sha256:26c7beb699842444e252d17ec55e88fce7462da77b086dbbfc8863980d091221
mixed-n100000-w128-m0900-s1999,128,0.9,phase2l_mixed,100000,1999,late_join_materialized,4,SEQ_SCAN,2.763,90000,100000,sha256:26c7beb699842444e252d17ec55e88fce7462da77b086dbbfc8863980d091221
mixed-n100000-w128-m0900-s1999,128,0.9,phase2l_mixed,100000,1999,late_join_materialized,5,SEQ_SCAN,0.04719999999999999,10000,10000,sha256:26c7beb699842444e252d17ec55e88fce7462da77b086dbbfc8863980d091221
mixed-n100000-w128-m0900-s1999,128,0.9,phase2l_mixed,100000,1999,late_join_materialized,6,ORDER_BY,76.45060000000001,90000,0,sha256:26c7beb699842444e252d17ec55e88fce7462da77b086dbbfc8863980d091221
mixed-n100000-w128-m0900-s1999,128,0.9,phase2l_mixed,100000,1999,late_join_materialized,7,PROJECTION,571.8172000000001,90000,0,sha256:26c7beb699842444e252d17ec55e88fce7462da77b086dbbfc8863980d091221
mixed-n100000-w128-m0900-s1999,128,0.9,phase2l_mixed,100000,1999,late_join_materialized,8,CTE_SCAN,0.8566,90000,0,sha256:26c7beb699842444e252d17ec55e88fce7462da77b086dbbfc8863980d091221
mixed-n100000-w128-m0900-s2111,128,0.9,phase2l_mixed,100000,2111,early_hash_materialized,0,EXPLAIN_ANALYZE,0.0003,0,0,sha256:aaa00b3bd44c8b4eac45d7e7d997fa62366f1bf46f339190d03cee33407583a0
mixed-n100000-w128-m0900-s2111,128,0.9,phase2l_mixed,100000,2111,early_hash_materialized,1,BATCH_CREATE_TABLE_AS,6.148,1,0,sha256:aaa00b3bd44c8b4eac45d7e7d997fa62366f1bf46f339190d03cee33407583a0
mixed-n100000-w128-m0900-s2111,128,0.9,phase2l_mixed,100000,2111,early_hash_materialized,2,CTE,6.0042,0,0,sha256:aaa00b3bd44c8b4eac45d7e7d997fa62366f1bf46f339190d03cee33407583a0
mixed-n100000-w128-m0900-s2111,128,0.9,phase2l_mixed,100000,2111,early_hash_materialized,3,PROJECTION,286.06550000000004,100000,0,sha256:aaa00b3bd44c8b4eac45d7e7d997fa62366f1bf46f339190d03cee33407583a0
mixed-n100000-w128-m0900-s2111,128,0.9,phase2l_mixed,100000,2111,early_hash_materialized,4,SEQ_SCAN,3.4165000000000005,100000,100000,sha256:aaa00b3bd44c8b4eac45d7e7d997fa62366f1bf46f339190d03cee33407583a0
mixed-n100000-w128-m0900-s2111,128,0.9,phase2l_mixed,100000,2111,early_hash_materialized,5,PROJECTION,0.15190000000000003,90000,0,sha256:aaa00b3bd44c8b4eac45d7e7d997fa62366f1bf46f339190d03cee33407583a0
mixed-n100000-w128-m0900-s2111,128,0.9,phase2l_mixed,100000,2111,early_hash_materialized,6,ORDER_BY,38.139500000000005,90000,0,sha256:aaa00b3bd44c8b4eac45d7e7d997fa62366f1bf46f339190d03cee33407583a0
mixed-n100000-w128-m0900-s2111,128,0.9,phase2l_mixed,100000,2111,early_hash_materialized,7,PROJECTION,0.1782,90000,0,sha256:aaa00b3bd44c8b4eac45d7e7d997fa62366f1bf46f339190d03cee33407583a0
mixed-n100000-w128-m0900-s2111,128,0.9,phase2l_mixed,100000,2111,early_hash_materialized,8,HASH_JOIN,4.1926999999999985,90000,0,sha256:aaa00b3bd44c8b4eac45d7e7d997fa62366f1bf46f339190d03cee33407583a0
mixed-n100000-w128-m0900-s2111,128,0.9,phase2l_mixed,100000,2111,early_hash_materialized,9,CTE_SCAN,0.24839999999999995,100000,0,sha256:aaa00b3bd44c8b4eac45d7e7d997fa62366f1bf46f339190d03cee33407583a0
mixed-n100000-w128-m0900-s2111,128,0.9,phase2l_mixed,100000,2111,early_hash_materialized,10,SEQ_SCAN,0.0215,10000,10000,sha256:aaa00b3bd44c8b4eac45d7e7d997fa62366f1bf46f339190d03cee33407583a0
mixed-n100000-w128-m0900-s2111,128,0.9,phase2l_mixed,100000,2111,late_fused,0,EXPLAIN_ANALYZE,0.0003,0,0,sha256:f570cbbf354e04dbc1f358979321f6943968e8a815c0d2fb74a463dc822156e7
mixed-n100000-w128-m0900-s2111,128,0.9,phase2l_mixed,100000,2111,late_fused,1,BATCH_CREATE_TABLE_AS,11.249699999999995,1,0,sha256:f570cbbf354e04dbc1f358979321f6943968e8a815c0d2fb74a463dc822156e7
mixed-n100000-w128-m0900-s2111,128,0.9,phase2l_mixed,100000,2111,late_fused,2,PROJECTION,0.4295,90000,0,sha256:f570cbbf354e04dbc1f358979321f6943968e8a815c0d2fb74a463dc822156e7
mixed-n100000-w128-m0900-s2111,128,0.9,phase2l_mixed,100000,2111,late_fused,3,ORDER_BY,58.4495,90000,0,sha256:f570cbbf354e04dbc1f358979321f6943968e8a815c0d2fb74a463dc822156e7
mixed-n100000-w128-m0900-s2111,128,0.9,phase2l_mixed,100000,2111,late_fused,4,PROJECTION,2.5006,90000,0,sha256:f570cbbf354e04dbc1f358979321f6943968e8a815c0d2fb74a463dc822156e7
mixed-n100000-w128-m0900-s2111,128,0.9,phase2l_mixed,100000,2111,late_fused,5,PROJECTION,366.61819999999994,90000,0,sha256:f570cbbf354e04dbc1f358979321f6943968e8a815c0d2fb74a463dc822156e7
mixed-n100000-w128-m0900-s2111,128,0.9,phase2l_mixed,100000,2111,late_fused,6,HASH_JOIN,1.3120000000000003,90000,0,sha256:f570cbbf354e04dbc1f358979321f6943968e8a815c0d2fb74a463dc822156e7
mixed-n100000-w128-m0900-s2111,128,0.9,phase2l_mixed,100000,2111,late_fused,7,SEQ_SCAN,4.4491000000000005,90000,100000,sha256:f570cbbf354e04dbc1f358979321f6943968e8a815c0d2fb74a463dc822156e7
mixed-n100000-w128-m0900-s2111,128,0.9,phase2l_mixed,100000,2111,late_fused,8,SEQ_SCAN,0.029900000000000003,10000,10000,sha256:f570cbbf354e04dbc1f358979321f6943968e8a815c0d2fb74a463dc822156e7
mixed-n100000-w128-m0900-s2111,128,0.9,phase2l_mixed,100000,2111,late_hash_materialized,0,EXPLAIN_ANALYZE,0.0003,0,0,sha256:8c775ff611abc16d74d7b882b9f184805f1ebab78a726a672f21ac5ab0810c9f
mixed-n100000-w128-m0900-s2111,128,0.9,phase2l_mixed,100000,2111,late_hash_materialized,1,BATCH_CREATE_TABLE_AS,6.817300000000002,1,0,sha256:8c775ff611abc16d74d7b882b9f184805f1ebab78a726a672f21ac5ab0810c9f
mixed-n100000-w128-m0900-s2111,128,0.9,phase2l_mixed,100000,2111,late_hash_materialized,2,CTE,5.5047999999999995,0,0,sha256:8c775ff611abc16d74d7b882b9f184805f1ebab78a726a672f21ac5ab0810c9f
mixed-n100000-w128-m0900-s2111,128,0.9,phase2l_mixed,100000,2111,late_hash_materialized,3,PROJECTION,245.758,90000,0,sha256:8c775ff611abc16d74d7b882b9f184805f1ebab78a726a672f21ac5ab0810c9f
mixed-n100000-w128-m0900-s2111,128,0.9,phase2l_mixed,100000,2111,late_hash_materialized,4,HASH_JOIN,1.0362000000000002,90000,0,sha256:8c775ff611abc16d74d7b882b9f184805f1ebab78a726a672f21ac5ab0810c9f
mixed-n100000-w128-m0900-s2111,128,0.9,phase2l_mixed,100000,2111,late_hash_materialized,5,SEQ_SCAN,3.9951,90000,100000,sha256:8c775ff611abc16d74d7b882b9f184805f1ebab78a726a672f21ac5ab0810c9f
mixed-n100000-w128-m0900-s2111,128,0.9,phase2l_mixed,100000,2111,late_hash_materialized,6,SEQ_SCAN,0.0266,10000,10000,sha256:8c775ff611abc16d74d7b882b9f184805f1ebab78a726a672f21ac5ab0810c9f
mixed-n100000-w128-m0900-s2111,128,0.9,phase2l_mixed,100000,2111,late_hash_materialized,7,ORDER_BY,43.9295,90000,0,sha256:8c775ff611abc16d74d7b882b9f184805f1ebab78a726a672f21ac5ab0810c9f
mixed-n100000-w128-m0900-s2111,128,0.9,phase2l_mixed,100000,2111,late_hash_materialized,8,CTE_SCAN,0.23869999999999997,90000,0,sha256:8c775ff611abc16d74d7b882b9f184805f1ebab78a726a672f21ac5ab0810c9f
mixed-n100000-w128-m0900-s2111,128,0.9,phase2l_mixed,100000,2111,late_join_materialized,0,EXPLAIN_ANALYZE,0.0005,0,0,sha256:26c7beb699842444e252d17ec55e88fce7462da77b086dbbfc8863980d091221
mixed-n100000-w128-m0900-s2111,128,0.9,phase2l_mixed,100000,2111,late_join_materialized,1,BATCH_CREATE_TABLE_AS,10.485899999999999,1,0,sha256:26c7beb699842444e252d17ec55e88fce7462da77b086dbbfc8863980d091221
mixed-n100000-w128-m0900-s2111,128,0.9,phase2l_mixed,100000,2111,late_join_materialized,2,CTE,5.396599999999999,0,0,sha256:26c7beb699842444e252d17ec55e88fce7462da77b086dbbfc8863980d091221
mixed-n100000-w128-m0900-s2111,128,0.9,phase2l_mixed,100000,2111,late_join_materialized,3,HASH_JOIN,0.9018999999999997,90000,0,sha256:26c7beb699842444e252d17ec55e88fce7462da77b086dbbfc8863980d091221
mixed-n100000-w128-m0900-s2111,128,0.9,phase2l_mixed,100000,2111,late_join_materialized,4,SEQ_SCAN,3.0155999999999996,90000,100000,sha256:26c7beb699842444e252d17ec55e88fce7462da77b086dbbfc8863980d091221
mixed-n100000-w128-m0900-s2111,128,0.9,phase2l_mixed,100000,2111,late_join_materialized,5,SEQ_SCAN,0.033900000000000007,10000,10000,sha256:26c7beb699842444e252d17ec55e88fce7462da77b086dbbfc8863980d091221
mixed-n100000-w128-m0900-s2111,128,0.9,phase2l_mixed,100000,2111,late_join_materialized,6,ORDER_BY,67.07450000000001,90000,0,sha256:26c7beb699842444e252d17ec55e88fce7462da77b086dbbfc8863980d091221
mixed-n100000-w128-m0900-s2111,128,0.9,phase2l_mixed,100000,2111,late_join_materialized,7,PROJECTION,441.3209,90000,0,sha256:26c7beb699842444e252d17ec55e88fce7462da77b086dbbfc8863980d091221
mixed-n100000-w128-m0900-s2111,128,0.9,phase2l_mixed,100000,2111,late_join_materialized,8,CTE_SCAN,0.5733,90000,0,sha256:26c7beb699842444e252d17ec55e88fce7462da77b086dbbfc8863980d091221
mixed-n100000-w128-m0900-s2222,128,0.9,phase2l_mixed,100000,2222,early_hash_materialized,0,EXPLAIN_ANALYZE,0.0003,0,0,sha256:aaa00b3bd44c8b4eac45d7e7d997fa62366f1bf46f339190d03cee33407583a0
mixed-n100000-w128-m0900-s2222,128,0.9,phase2l_mixed,100000,2222,early_hash_materialized,1,BATCH_CREATE_TABLE_AS,9.6365,1,0,sha256:aaa00b3bd44c8b4eac45d7e7d997fa62366f1bf46f339190d03cee33407583a0
mixed-n100000-w128-m0900-s2222,128,0.9,phase2l_mixed,100000,2222,early_hash_materialized,2,CTE,6.477300000000001,0,0,sha256:aaa00b3bd44c8b4eac45d7e7d997fa62366f1bf46f339190d03cee33407583a0
mixed-n100000-w128-m0900-s2222,128,0.9,phase2l_mixed,100000,2222,early_hash_materialized,3,PROJECTION,390.96899999999994,100000,0,sha256:aaa00b3bd44c8b4eac45d7e7d997fa62366f1bf46f339190d03cee33407583a0
mixed-n100000-w128-m0900-s2222,128,0.9,phase2l_mixed,100000,2222,early_hash_materialized,4,SEQ_SCAN,3.8574000000000006,100000,100000,sha256:aaa00b3bd44c8b4eac45d7e7d997fa62366f1bf46f339190d03cee33407583a0
mixed-n100000-w128-m0900-s2222,128,0.9,phase2l_mixed,100000,2222,early_hash_materialized,5,PROJECTION,0.312,90000,0,sha256:aaa00b3bd44c8b4eac45d7e7d997fa62366f1bf46f339190d03cee33407583a0
mixed-n100000-w128-m0900-s2222,128,0.9,phase2l_mixed,100000,2222,early_hash_materialized,6,ORDER_BY,56.87849999999999,90000,0,sha256:aaa00b3bd44c8b4eac45d7e7d997fa62366f1bf46f339190d03cee33407583a0
mixed-n100000-w128-m0900-s2222,128,0.9,phase2l_mixed,100000,2222,early_hash_materialized,7,PROJECTION,0.2115,90000,0,sha256:aaa00b3bd44c8b4eac45d7e7d997fa62366f1bf46f339190d03cee33407583a0
mixed-n100000-w128-m0900-s2222,128,0.9,phase2l_mixed,100000,2222,early_hash_materialized,8,HASH_JOIN,5.152299999999999,90000,0,sha256:aaa00b3bd44c8b4eac45d7e7d997fa62366f1bf46f339190d03cee33407583a0
mixed-n100000-w128-m0900-s2222,128,0.9,phase2l_mixed,100000,2222,early_hash_materialized,9,CTE_SCAN,0.2958,100000,0,sha256:aaa00b3bd44c8b4eac45d7e7d997fa62366f1bf46f339190d03cee33407583a0
mixed-n100000-w128-m0900-s2222,128,0.9,phase2l_mixed,100000,2222,early_hash_materialized,10,SEQ_SCAN,0.045200000000000004,10000,10000,sha256:aaa00b3bd44c8b4eac45d7e7d997fa62366f1bf46f339190d03cee33407583a0
mixed-n100000-w128-m0900-s2222,128,0.9,phase2l_mixed,100000,2222,late_fused,0,EXPLAIN_ANALYZE,0.0003,0,0,sha256:f570cbbf354e04dbc1f358979321f6943968e8a815c0d2fb74a463dc822156e7
mixed-n100000-w128-m0900-s2222,128,0.9,phase2l_mixed,100000,2222,late_fused,1,BATCH_CREATE_TABLE_AS,9.7017,1,0,sha256:f570cbbf354e04dbc1f358979321f6943968e8a815c0d2fb74a463dc822156e7
mixed-n100000-w128-m0900-s2222,128,0.9,phase2l_mixed,100000,2222,late_fused,2,PROJECTION,0.3395000000000001,90000,0,sha256:f570cbbf354e04dbc1f358979321f6943968e8a815c0d2fb74a463dc822156e7
mixed-n100000-w128-m0900-s2222,128,0.9,phase2l_mixed,100000,2222,late_fused,3,ORDER_BY,51.12519999999999,90000,0,sha256:f570cbbf354e04dbc1f358979321f6943968e8a815c0d2fb74a463dc822156e7
mixed-n100000-w128-m0900-s2222,128,0.9,phase2l_mixed,100000,2222,late_fused,4,PROJECTION,1.5858,90000,0,sha256:f570cbbf354e04dbc1f358979321f6943968e8a815c0d2fb74a463dc822156e7
mixed-n100000-w128-m0900-s2222,128,0.9,phase2l_mixed,100000,2222,late_fused,5,PROJECTION,275.73560000000003,90000,0,sha256:f570cbbf354e04dbc1f358979321f6943968e8a815c0d2fb74a463dc822156e7
mixed-n100000-w128-m0900-s2222,128,0.9,phase2l_mixed,100000,2222,late_fused,6,HASH_JOIN,1.0947999999999998,90000,0,sha256:f570cbbf354e04dbc1f358979321f6943968e8a815c0d2fb74a463dc822156e7
mixed-n100000-w128-m0900-s2222,128,0.9,phase2l_mixed,100000,2222,late_fused,7,SEQ_SCAN,4.033300000000001,90000,100000,sha256:f570cbbf354e04dbc1f358979321f6943968e8a815c0d2fb74a463dc822156e7
mixed-n100000-w128-m0900-s2222,128,0.9,phase2l_mixed,100000,2222,late_fused,8,SEQ_SCAN,0.0221,10000,10000,sha256:f570cbbf354e04dbc1f358979321f6943968e8a815c0d2fb74a463dc822156e7
mixed-n100000-w128-m0900-s2222,128,0.9,phase2l_mixed,100000,2222,late_hash_materialized,0,EXPLAIN_ANALYZE,0.00039999999999999996,0,0,sha256:8c775ff611abc16d74d7b882b9f184805f1ebab78a726a672f21ac5ab0810c9f
mixed-n100000-w128-m0900-s2222,128,0.9,phase2l_mixed,100000,2222,late_hash_materialized,1,BATCH_CREATE_TABLE_AS,10.3787,1,0,sha256:8c775ff611abc16d74d7b882b9f184805f1ebab78a726a672f21ac5ab0810c9f
mixed-n100000-w128-m0900-s2222,128,0.9,phase2l_mixed,100000,2222,late_hash_materialized,2,CTE,6.953999999999999,0,0,sha256:8c775ff611abc16d74d7b882b9f184805f1ebab78a726a672f21ac5ab0810c9f
mixed-n100000-w128-m0900-s2222,128,0.9,phase2l_mixed,100000,2222,late_hash_materialized,3,PROJECTION,320.21470000000005,90000,0,sha256:8c775ff611abc16d74d7b882b9f184805f1ebab78a726a672f21ac5ab0810c9f
mixed-n100000-w128-m0900-s2222,128,0.9,phase2l_mixed,100000,2222,late_hash_materialized,4,HASH_JOIN,1.3211999999999997,90000,0,sha256:8c775ff611abc16d74d7b882b9f184805f1ebab78a726a672f21ac5ab0810c9f
mixed-n100000-w128-m0900-s2222,128,0.9,phase2l_mixed,100000,2222,late_hash_materialized,5,SEQ_SCAN,5.524900000000001,90000,100000,sha256:8c775ff611abc16d74d7b882b9f184805f1ebab78a726a672f21ac5ab0810c9f
mixed-n100000-w128-m0900-s2222,128,0.9,phase2l_mixed,100000,2222,late_hash_materialized,6,SEQ_SCAN,0.036000000000000004,10000,10000,sha256:8c775ff611abc16d74d7b882b9f184805f1ebab78a726a672f21ac5ab0810c9f
mixed-n100000-w128-m0900-s2222,128,0.9,phase2l_mixed,100000,2222,late_hash_materialized,7,ORDER_BY,58.398,90000,0,sha256:8c775ff611abc16d74d7b882b9f184805f1ebab78a726a672f21ac5ab0810c9f
mixed-n100000-w128-m0900-s2222,128,0.9,phase2l_mixed,100000,2222,late_hash_materialized,8,CTE_SCAN,0.24839999999999995,90000,0,sha256:8c775ff611abc16d74d7b882b9f184805f1ebab78a726a672f21ac5ab0810c9f
mixed-n100000-w128-m0900-s2222,128,0.9,phase2l_mixed,100000,2222,late_join_materialized,0,EXPLAIN_ANALYZE,0.0003,0,0,sha256:26c7beb699842444e252d17ec55e88fce7462da77b086dbbfc8863980d091221
mixed-n100000-w128-m0900-s2222,128,0.9,phase2l_mixed,100000,2222,late_join_materialized,1,BATCH_CREATE_TABLE_AS,14.554199999999996,1,0,sha256:26c7beb699842444e252d17ec55e88fce7462da77b086dbbfc8863980d091221
mixed-n100000-w128-m0900-s2222,128,0.9,phase2l_mixed,100000,2222,late_join_materialized,2,CTE,4.612700000000001,0,0,sha256:26c7beb699842444e252d17ec55e88fce7462da77b086dbbfc8863980d091221
mixed-n100000-w128-m0900-s2222,128,0.9,phase2l_mixed,100000,2222,late_join_materialized,3,HASH_JOIN,0.7609999999999999,90000,0,sha256:26c7beb699842444e252d17ec55e88fce7462da77b086dbbfc8863980d091221
mixed-n100000-w128-m0900-s2222,128,0.9,phase2l_mixed,100000,2222,late_join_materialized,4,SEQ_SCAN,2.6267000000000005,90000,100000,sha256:26c7beb699842444e252d17ec55e88fce7462da77b086dbbfc8863980d091221
mixed-n100000-w128-m0900-s2222,128,0.9,phase2l_mixed,100000,2222,late_join_materialized,5,SEQ_SCAN,0.022600000000000002,10000,10000,sha256:26c7beb699842444e252d17ec55e88fce7462da77b086dbbfc8863980d091221
mixed-n100000-w128-m0900-s2222,128,0.9,phase2l_mixed,100000,2222,late_join_materialized,6,ORDER_BY,70.28690000000002,90000,0,sha256:26c7beb699842444e252d17ec55e88fce7462da77b086dbbfc8863980d091221
mixed-n100000-w128-m0900-s2222,128,0.9,phase2l_mixed,100000,2222,late_join_materialized,7,PROJECTION,661.2167999999999,90000,0,sha256:26c7beb699842444e252d17ec55e88fce7462da77b086dbbfc8863980d091221
mixed-n100000-w128-m0900-s2222,128,0.9,phase2l_mixed,100000,2222,late_join_materialized,8,CTE_SCAN,0.7478999999999999,90000,0,sha256:26c7beb699842444e252d17ec55e88fce7462da77b086dbbfc8863980d091221
stable-early-n200000-w128-m1000-s1777,128,1.0,phase2l_stable_early,200000,1777,early_hash_materialized,0,EXPLAIN_ANALYZE,0.0003,0,0,sha256:aaa00b3bd44c8b4eac45d7e7d997fa62366f1bf46f339190d03cee33407583a0
stable-early-n200000-w128-m1000-s1777,128,1.0,phase2l_stable_early,200000,1777,early_hash_materialized,1,BATCH_CREATE_TABLE_AS,36.20440000000001,1,0,sha256:aaa00b3bd44c8b4eac45d7e7d997fa62366f1bf46f339190d03cee33407583a0
stable-early-n200000-w128-m1000-s1777,128,1.0,phase2l_stable_early,200000,1777,early_hash_materialized,2,CTE,30.301499999999994,0,0,sha256:aaa00b3bd44c8b4eac45d7e7d997fa62366f1bf46f339190d03cee33407583a0
stable-early-n200000-w128-m1000-s1777,128,1.0,phase2l_stable_early,200000,1777,early_hash_materialized,3,PROJECTION,755.4652000000003,200000,0,sha256:aaa00b3bd44c8b4eac45d7e7d997fa62366f1bf46f339190d03cee33407583a0
stable-early-n200000-w128-m1000-s1777,128,1.0,phase2l_stable_early,200000,1777,early_hash_materialized,4,SEQ_SCAN,11.5175,200000,200000,sha256:aaa00b3bd44c8b4eac45d7e7d997fa62366f1bf46f339190d03cee33407583a0
stable-early-n200000-w128-m1000-s1777,128,1.0,phase2l_stable_early,200000,1777,early_hash_materialized,5,PROJECTION,1.2010999999999998,200000,0,sha256:aaa00b3bd44c8b4eac45d7e7d997fa62366f1bf46f339190d03cee33407583a0
stable-early-n200000-w128-m1000-s1777,128,1.0,phase2l_stable_early,200000,1777,early_hash_materialized,6,ORDER_BY,201.92489999999998,200000,0,sha256:aaa00b3bd44c8b4eac45d7e7d997fa62366f1bf46f339190d03cee33407583a0
stable-early-n200000-w128-m1000-s1777,128,1.0,phase2l_stable_early,200000,1777,early_hash_materialized,7,PROJECTION,0.7035,200000,0,sha256:aaa00b3bd44c8b4eac45d7e7d997fa62366f1bf46f339190d03cee33407583a0
stable-early-n200000-w128-m1000-s1777,128,1.0,phase2l_stable_early,200000,1777,early_hash_materialized,8,HASH_JOIN,18.461100000000002,200000,0,sha256:aaa00b3bd44c8b4eac45d7e7d997fa62366f1bf46f339190d03cee33407583a0
stable-early-n200000-w128-m1000-s1777,128,1.0,phase2l_stable_early,200000,1777,early_hash_materialized,9,CTE_SCAN,1.0264,200000,0,sha256:aaa00b3bd44c8b4eac45d7e7d997fa62366f1bf46f339190d03cee33407583a0
stable-early-n200000-w128-m1000-s1777,128,1.0,phase2l_stable_early,200000,1777,early_hash_materialized,10,SEQ_SCAN,0.0403,10000,10000,sha256:aaa00b3bd44c8b4eac45d7e7d997fa62366f1bf46f339190d03cee33407583a0
stable-early-n200000-w128-m1000-s1777,128,1.0,phase2l_stable_early,200000,1777,late_fused,0,EXPLAIN_ANALYZE,0.00019999999999999998,0,0,sha256:646d9ee6b2744682f1817c9d1081dfd325281f05a4a52fc1bd20bcc2c8df1e91
stable-early-n200000-w128-m1000-s1777,128,1.0,phase2l_stable_early,200000,1777,late_fused,1,BATCH_CREATE_TABLE_AS,36.7554,1,0,sha256:646d9ee6b2744682f1817c9d1081dfd325281f05a4a52fc1bd20bcc2c8df1e91
stable-early-n200000-w128-m1000-s1777,128,1.0,phase2l_stable_early,200000,1777,late_fused,2,PROJECTION,1.2564,200000,0,sha256:646d9ee6b2744682f1817c9d1081dfd325281f05a4a52fc1bd20bcc2c8df1e91
stable-early-n200000-w128-m1000-s1777,128,1.0,phase2l_stable_early,200000,1777,late_fused,3,ORDER_BY,181.9826,200000,0,sha256:646d9ee6b2744682f1817c9d1081dfd325281f05a4a52fc1bd20bcc2c8df1e91
stable-early-n200000-w128-m1000-s1777,128,1.0,phase2l_stable_early,200000,1777,late_fused,4,PROJECTION,5.235099999999999,200000,0,sha256:646d9ee6b2744682f1817c9d1081dfd325281f05a4a52fc1bd20bcc2c8df1e91
stable-early-n200000-w128-m1000-s1777,128,1.0,phase2l_stable_early,200000,1777,late_fused,5,PROJECTION,856.3507,200000,0,sha256:646d9ee6b2744682f1817c9d1081dfd325281f05a4a52fc1bd20bcc2c8df1e91
stable-early-n200000-w128-m1000-s1777,128,1.0,phase2l_stable_early,200000,1777,late_fused,6,HASH_JOIN,4.1408,200000,0,sha256:646d9ee6b2744682f1817c9d1081dfd325281f05a4a52fc1bd20bcc2c8df1e91
stable-early-n200000-w128-m1000-s1777,128,1.0,phase2l_stable_early,200000,1777,late_fused,7,SEQ_SCAN,12.203600000000002,200000,200000,sha256:646d9ee6b2744682f1817c9d1081dfd325281f05a4a52fc1bd20bcc2c8df1e91
stable-early-n200000-w128-m1000-s1777,128,1.0,phase2l_stable_early,200000,1777,late_fused,8,SEQ_SCAN,0.07629999999999999,10000,10000,sha256:646d9ee6b2744682f1817c9d1081dfd325281f05a4a52fc1bd20bcc2c8df1e91
stable-early-n200000-w128-m1000-s1777,128,1.0,phase2l_stable_early,200000,1777,late_hash_materialized,0,EXPLAIN_ANALYZE,0.0003,0,0,sha256:328909ac7fb179c7d58c77fabdb6f910d863b1850355efc5b96283a10322c2b5
stable-early-n200000-w128-m1000-s1777,128,1.0,phase2l_stable_early,200000,1777,late_hash_materialized,1,BATCH_CREATE_TABLE_AS,41.44080000000001,1,0,sha256:328909ac7fb179c7d58c77fabdb6f910d863b1850355efc5b96283a10322c2b5
stable-early-n200000-w128-m1000-s1777,128,1.0,phase2l_stable_early,200000,1777,late_hash_materialized,2,CTE,44.86330000000001,0,0,sha256:328909ac7fb179c7d58c77fabdb6f910d863b1850355efc5b96283a10322c2b5
stable-early-n200000-w128-m1000-s1777,128,1.0,phase2l_stable_early,200000,1777,late_hash_materialized,3,PROJECTION,884.6984,200000,0,sha256:328909ac7fb179c7d58c77fabdb6f910d863b1850355efc5b96283a10322c2b5
stable-early-n200000-w128-m1000-s1777,128,1.0,phase2l_stable_early,200000,1777,late_hash_materialized,4,HASH_JOIN,3.1099999999999994,200000,0,sha256:328909ac7fb179c7d58c77fabdb6f910d863b1850355efc5b96283a10322c2b5
stable-early-n200000-w128-m1000-s1777,128,1.0,phase2l_stable_early,200000,1777,late_hash_materialized,5,SEQ_SCAN,13.360299999999999,200000,200000,sha256:328909ac7fb179c7d58c77fabdb6f910d863b1850355efc5b96283a10322c2b5
stable-early-n200000-w128-m1000-s1777,128,1.0,phase2l_stable_early,200000,1777,late_hash_materialized,6,SEQ_SCAN,0.034100000000000005,10000,10000,sha256:328909ac7fb179c7d58c77fabdb6f910d863b1850355efc5b96283a10322c2b5
stable-early-n200000-w128-m1000-s1777,128,1.0,phase2l_stable_early,200000,1777,late_hash_materialized,7,ORDER_BY,206.5454,200000,0,sha256:328909ac7fb179c7d58c77fabdb6f910d863b1850355efc5b96283a10322c2b5
stable-early-n200000-w128-m1000-s1777,128,1.0,phase2l_stable_early,200000,1777,late_hash_materialized,8,CTE_SCAN,0.8637,200000,0,sha256:328909ac7fb179c7d58c77fabdb6f910d863b1850355efc5b96283a10322c2b5
stable-early-n200000-w128-m1000-s1777,128,1.0,phase2l_stable_early,200000,1777,late_join_materialized,0,EXPLAIN_ANALYZE,0.0003,0,0,sha256:2146efa17423ef7b2b1bf85104eb315ae502fb9f7e752a64678c691decce3cdd
stable-early-n200000-w128-m1000-s1777,128,1.0,phase2l_stable_early,200000,1777,late_join_materialized,1,BATCH_CREATE_TABLE_AS,45.2198,1,0,sha256:2146efa17423ef7b2b1bf85104eb315ae502fb9f7e752a64678c691decce3cdd
stable-early-n200000-w128-m1000-s1777,128,1.0,phase2l_stable_early,200000,1777,late_join_materialized,2,CTE,42.509199999999986,0,0,sha256:2146efa17423ef7b2b1bf85104eb315ae502fb9f7e752a64678c691decce3cdd
stable-early-n200000-w128-m1000-s1777,128,1.0,phase2l_stable_early,200000,1777,late_join_materialized,3,HASH_JOIN,2.2523,200000,0,sha256:2146efa17423ef7b2b1bf85104eb315ae502fb9f7e752a64678c691decce3cdd
stable-early-n200000-w128-m1000-s1777,128,1.0,phase2l_stable_early,200000,1777,late_join_materialized,4,SEQ_SCAN,9.3082,200000,200000,sha256:2146efa17423ef7b2b1bf85104eb315ae502fb9f7e752a64678c691decce3cdd
stable-early-n200000-w128-m1000-s1777,128,1.0,phase2l_stable_early,200000,1777,late_join_materialized,5,SEQ_SCAN,0.0347,10000,10000,sha256:2146efa17423ef7b2b1bf85104eb315ae502fb9f7e752a64678c691decce3cdd
stable-early-n200000-w128-m1000-s1777,128,1.0,phase2l_stable_early,200000,1777,late_join_materialized,6,ORDER_BY,299.46340000000004,200000,0,sha256:2146efa17423ef7b2b1bf85104eb315ae502fb9f7e752a64678c691decce3cdd
stable-early-n200000-w128-m1000-s1777,128,1.0,phase2l_stable_early,200000,1777,late_join_materialized,7,PROJECTION,1257.2194,200000,0,sha256:2146efa17423ef7b2b1bf85104eb315ae502fb9f7e752a64678c691decce3cdd
stable-early-n200000-w128-m1000-s1777,128,1.0,phase2l_stable_early,200000,1777,late_join_materialized,8,CTE_SCAN,2.1858000000000004,200000,0,sha256:2146efa17423ef7b2b1bf85104eb315ae502fb9f7e752a64678c691decce3cdd
stable-early-n200000-w128-m1000-s1888,128,1.0,phase2l_stable_early,200000,1888,early_hash_materialized,0,EXPLAIN_ANALYZE,0.0003,0,0,sha256:aaa00b3bd44c8b4eac45d7e7d997fa62366f1bf46f339190d03cee33407583a0
stable-early-n200000-w128-m1000-s1888,128,1.0,phase2l_stable_early,200000,1888,early_hash_materialized,1,BATCH_CREATE_TABLE_AS,25.6241,1,0,sha256:aaa00b3bd44c8b4eac45d7e7d997fa62366f1bf46f339190d03cee33407583a0
stable-early-n200000-w128-m1000-s1888,128,1.0,phase2l_stable_early,200000,1888,early_hash_materialized,2,CTE,22.618199999999998,0,0,sha256:aaa00b3bd44c8b4eac45d7e7d997fa62366f1bf46f339190d03cee33407583a0
stable-early-n200000-w128-m1000-s1888,128,1.0,phase2l_stable_early,200000,1888,early_hash_materialized,3,PROJECTION,818.9583999999999,200000,0,sha256:aaa00b3bd44c8b4eac45d7e7d997fa62366f1bf46f339190d03cee33407583a0
stable-early-n200000-w128-m1000-s1888,128,1.0,phase2l_stable_early,200000,1888,early_hash_materialized,4,SEQ_SCAN,12.4582,200000,200000,sha256:aaa00b3bd44c8b4eac45d7e7d997fa62366f1bf46f339190d03cee33407583a0
stable-early-n200000-w128-m1000-s1888,128,1.0,phase2l_stable_early,200000,1888,early_hash_materialized,5,PROJECTION,0.9482000000000002,200000,0,sha256:aaa00b3bd44c8b4eac45d7e7d997fa62366f1bf46f339190d03cee33407583a0
stable-early-n200000-w128-m1000-s1888,128,1.0,phase2l_stable_early,200000,1888,early_hash_materialized,6,ORDER_BY,169.38269999999997,200000,0,sha256:aaa00b3bd44c8b4eac45d7e7d997fa62366f1bf46f339190d03cee33407583a0
stable-early-n200000-w128-m1000-s1888,128,1.0,phase2l_stable_early,200000,1888,early_hash_materialized,7,PROJECTION,0.4973,200000,0,sha256:aaa00b3bd44c8b4eac45d7e7d997fa62366f1bf46f339190d03cee33407583a0
stable-early-n200000-w128-m1000-s1888,128,1.0,phase2l_stable_early,200000,1888,early_hash_materialized,8,HASH_JOIN,14.989800000000002,200000,0,sha256:aaa00b3bd44c8b4eac45d7e7d997fa62366f1bf46f339190d03cee33407583a0
stable-early-n200000-w128-m1000-s1888,128,1.0,phase2l_stable_early,200000,1888,early_hash_materialized,9,CTE_SCAN,0.8144999999999999,200000,0,sha256:aaa00b3bd44c8b4eac45d7e7d997fa62366f1bf46f339190d03cee33407583a0
stable-early-n200000-w128-m1000-s1888,128,1.0,phase2l_stable_early,200000,1888,early_hash_materialized,10,SEQ_SCAN,0.043000000000000003,10000,10000,sha256:aaa00b3bd44c8b4eac45d7e7d997fa62366f1bf46f339190d03cee33407583a0
stable-early-n200000-w128-m1000-s1888,128,1.0,phase2l_stable_early,200000,1888,late_fused,0,EXPLAIN_ANALYZE,0.0007999999999999999,0,0,sha256:646d9ee6b2744682f1817c9d1081dfd325281f05a4a52fc1bd20bcc2c8df1e91
stable-early-n200000-w128-m1000-s1888,128,1.0,phase2l_stable_early,200000,1888,late_fused,1,BATCH_CREATE_TABLE_AS,34.705600000000004,1,0,sha256:646d9ee6b2744682f1817c9d1081dfd325281f05a4a52fc1bd20bcc2c8df1e91
stable-early-n200000-w128-m1000-s1888,128,1.0,phase2l_stable_early,200000,1888,late_fused,2,PROJECTION,2.2018999999999997,200000,0,sha256:646d9ee6b2744682f1817c9d1081dfd325281f05a4a52fc1bd20bcc2c8df1e91
stable-early-n200000-w128-m1000-s1888,128,1.0,phase2l_stable_early,200000,1888,late_fused,3,ORDER_BY,221.0383,200000,0,sha256:646d9ee6b2744682f1817c9d1081dfd325281f05a4a52fc1bd20bcc2c8df1e91
stable-early-n200000-w128-m1000-s1888,128,1.0,phase2l_stable_early,200000,1888,late_fused,4,PROJECTION,4.7133,200000,0,sha256:646d9ee6b2744682f1817c9d1081dfd325281f05a4a52fc1bd20bcc2c8df1e91
stable-early-n200000-w128-m1000-s1888,128,1.0,phase2l_stable_early,200000,1888,late_fused,5,PROJECTION,963.2121000000002,200000,0,sha256:646d9ee6b2744682f1817c9d1081dfd325281f05a4a52fc1bd20bcc2c8df1e91
stable-early-n200000-w128-m1000-s1888,128,1.0,phase2l_stable_early,200000,1888,late_fused,6,HASH_JOIN,3.9703999999999997,200000,0,sha256:646d9ee6b2744682f1817c9d1081dfd325281f05a4a52fc1bd20bcc2c8df1e91
stable-early-n200000-w128-m1000-s1888,128,1.0,phase2l_stable_early,200000,1888,late_fused,7,SEQ_SCAN,13.338500000000003,200000,200000,sha256:646d9ee6b2744682f1817c9d1081dfd325281f05a4a52fc1bd20bcc2c8df1e91
stable-early-n200000-w128-m1000-s1888,128,1.0,phase2l_stable_early,200000,1888,late_fused,8,SEQ_SCAN,0.07469999999999999,10000,10000,sha256:646d9ee6b2744682f1817c9d1081dfd325281f05a4a52fc1bd20bcc2c8df1e91
stable-early-n200000-w128-m1000-s1888,128,1.0,phase2l_stable_early,200000,1888,late_hash_materialized,0,EXPLAIN_ANALYZE,0.0003,0,0,sha256:328909ac7fb179c7d58c77fabdb6f910d863b1850355efc5b96283a10322c2b5
stable-early-n200000-w128-m1000-s1888,128,1.0,phase2l_stable_early,200000,1888,late_hash_materialized,1,BATCH_CREATE_TABLE_AS,38.8502,1,0,sha256:328909ac7fb179c7d58c77fabdb6f910d863b1850355efc5b96283a10322c2b5
stable-early-n200000-w128-m1000-s1888,128,1.0,phase2l_stable_early,200000,1888,late_hash_materialized,2,CTE,23.4814,0,0,sha256:328909ac7fb179c7d58c77fabdb6f910d863b1850355efc5b96283a10322c2b5
stable-early-n200000-w128-m1000-s1888,128,1.0,phase2l_stable_early,200000,1888,late_hash_materialized,3,PROJECTION,1011.5297000000003,200000,0,sha256:328909ac7fb179c7d58c77fabdb6f910d863b1850355efc5b96283a10322c2b5
stable-early-n200000-w128-m1000-s1888,128,1.0,phase2l_stable_early,200000,1888,late_hash_materialized,4,HASH_JOIN,3.7911000000000006,200000,0,sha256:328909ac7fb179c7d58c77fabdb6f910d863b1850355efc5b96283a10322c2b5
stable-early-n200000-w128-m1000-s1888,128,1.0,phase2l_stable_early,200000,1888,late_hash_materialized,5,SEQ_SCAN,11.564599999999999,200000,200000,sha256:328909ac7fb179c7d58c77fabdb6f910d863b1850355efc5b96283a10322c2b5
stable-early-n200000-w128-m1000-s1888,128,1.0,phase2l_stable_early,200000,1888,late_hash_materialized,6,SEQ_SCAN,0.0332,10000,10000,sha256:328909ac7fb179c7d58c77fabdb6f910d863b1850355efc5b96283a10322c2b5
stable-early-n200000-w128-m1000-s1888,128,1.0,phase2l_stable_early,200000,1888,late_hash_materialized,7,ORDER_BY,199.99480000000003,200000,0,sha256:328909ac7fb179c7d58c77fabdb6f910d863b1850355efc5b96283a10322c2b5
stable-early-n200000-w128-m1000-s1888,128,1.0,phase2l_stable_early,200000,1888,late_hash_materialized,8,CTE_SCAN,0.8352000000000002,200000,0,sha256:328909ac7fb179c7d58c77fabdb6f910d863b1850355efc5b96283a10322c2b5
stable-early-n200000-w128-m1000-s1888,128,1.0,phase2l_stable_early,200000,1888,late_join_materialized,0,EXPLAIN_ANALYZE,0.00019999999999999998,0,0,sha256:2146efa17423ef7b2b1bf85104eb315ae502fb9f7e752a64678c691decce3cdd
stable-early-n200000-w128-m1000-s1888,128,1.0,phase2l_stable_early,200000,1888,late_join_materialized,1,BATCH_CREATE_TABLE_AS,54.408699999999996,1,0,sha256:2146efa17423ef7b2b1bf85104eb315ae502fb9f7e752a64678c691decce3cdd
stable-early-n200000-w128-m1000-s1888,128,1.0,phase2l_stable_early,200000,1888,late_join_materialized,2,CTE,24.621000000000002,0,0,sha256:2146efa17423ef7b2b1bf85104eb315ae502fb9f7e752a64678c691decce3cdd
stable-early-n200000-w128-m1000-s1888,128,1.0,phase2l_stable_early,200000,1888,late_join_materialized,3,HASH_JOIN,2.1851000000000003,200000,0,sha256:2146efa17423ef7b2b1bf85104eb315ae502fb9f7e752a64678c691decce3cdd
stable-early-n200000-w128-m1000-s1888,128,1.0,phase2l_stable_early,200000,1888,late_join_materialized,4,SEQ_SCAN,7.901500000000002,200000,200000,sha256:2146efa17423ef7b2b1bf85104eb315ae502fb9f7e752a64678c691decce3cdd
stable-early-n200000-w128-m1000-s1888,128,1.0,phase2l_stable_early,200000,1888,late_join_materialized,5,SEQ_SCAN,0.031,10000,10000,sha256:2146efa17423ef7b2b1bf85104eb315ae502fb9f7e752a64678c691decce3cdd
stable-early-n200000-w128-m1000-s1888,128,1.0,phase2l_stable_early,200000,1888,late_join_materialized,6,ORDER_BY,322.2119,200000,0,sha256:2146efa17423ef7b2b1bf85104eb315ae502fb9f7e752a64678c691decce3cdd
stable-early-n200000-w128-m1000-s1888,128,1.0,phase2l_stable_early,200000,1888,late_join_materialized,7,PROJECTION,1560.4866,200000,0,sha256:2146efa17423ef7b2b1bf85104eb315ae502fb9f7e752a64678c691decce3cdd
stable-early-n200000-w128-m1000-s1888,128,1.0,phase2l_stable_early,200000,1888,late_join_materialized,8,CTE_SCAN,2.6895000000000007,200000,0,sha256:2146efa17423ef7b2b1bf85104eb315ae502fb9f7e752a64678c691decce3cdd
stable-early-n200000-w128-m1000-s1999,128,1.0,phase2l_stable_early,200000,1999,early_hash_materialized,0,EXPLAIN_ANALYZE,0.0007,0,0,sha256:aaa00b3bd44c8b4eac45d7e7d997fa62366f1bf46f339190d03cee33407583a0
stable-early-n200000-w128-m1000-s1999,128,1.0,phase2l_stable_early,200000,1999,early_hash_materialized,1,BATCH_CREATE_TABLE_AS,30.2769,1,0,sha256:aaa00b3bd44c8b4eac45d7e7d997fa62366f1bf46f339190d03cee33407583a0
stable-early-n200000-w128-m1000-s1999,128,1.0,phase2l_stable_early,200000,1999,early_hash_materialized,2,CTE,21.092899999999997,0,0,sha256:aaa00b3bd44c8b4eac45d7e7d997fa62366f1bf46f339190d03cee33407583a0
stable-early-n200000-w128-m1000-s1999,128,1.0,phase2l_stable_early,200000,1999,early_hash_materialized,3,PROJECTION,813.1048000000001,200000,0,sha256:aaa00b3bd44c8b4eac45d7e7d997fa62366f1bf46f339190d03cee33407583a0
stable-early-n200000-w128-m1000-s1999,128,1.0,phase2l_stable_early,200000,1999,early_hash_materialized,4,SEQ_SCAN,11.679200000000002,200000,200000,sha256:aaa00b3bd44c8b4eac45d7e7d997fa62366f1bf46f339190d03cee33407583a0
stable-early-n200000-w128-m1000-s1999,128,1.0,phase2l_stable_early,200000,1999,early_hash_materialized,5,PROJECTION,0.9759000000000002,200000,0,sha256:aaa00b3bd44c8b4eac45d7e7d997fa62366f1bf46f339190d03cee33407583a0
stable-early-n200000-w128-m1000-s1999,128,1.0,phase2l_stable_early,200000,1999,early_hash_materialized,6,ORDER_BY,184.96349999999995,200000,0,sha256:aaa00b3bd44c8b4eac45d7e7d997fa62366f1bf46f339190d03cee33407583a0
stable-early-n200000-w128-m1000-s1999,128,1.0,phase2l_stable_early,200000,1999,early_hash_materialized,7,PROJECTION,0.5654,200000,0,sha256:aaa00b3bd44c8b4eac45d7e7d997fa62366f1bf46f339190d03cee33407583a0
stable-early-n200000-w128-m1000-s1999,128,1.0,phase2l_stable_early,200000,1999,early_hash_materialized,8,HASH_JOIN,12.965799999999994,200000,0,sha256:aaa00b3bd44c8b4eac45d7e7d997fa62366f1bf46f339190d03cee33407583a0
stable-early-n200000-w128-m1000-s1999,128,1.0,phase2l_stable_early,200000,1999,early_hash_materialized,9,CTE_SCAN,0.7602000000000001,200000,0,sha256:aaa00b3bd44c8b4eac45d7e7d997fa62366f1bf46f339190d03cee33407583a0
stable-early-n200000-w128-m1000-s1999,128,1.0,phase2l_stable_early,200000,1999,early_hash_materialized,10,SEQ_SCAN,0.034499999999999996,10000,10000,sha256:aaa00b3bd44c8b4eac45d7e7d997fa62366f1bf46f339190d03cee33407583a0
stable-early-n200000-w128-m1000-s1999,128,1.0,phase2l_stable_early,200000,1999,late_fused,0,EXPLAIN_ANALYZE,0.00019999999999999998,0,0,sha256:646d9ee6b2744682f1817c9d1081dfd325281f05a4a52fc1bd20bcc2c8df1e91
stable-early-n200000-w128-m1000-s1999,128,1.0,phase2l_stable_early,200000,1999,late_fused,1,BATCH_CREATE_TABLE_AS,26.548000000000002,1,0,sha256:646d9ee6b2744682f1817c9d1081dfd325281f05a4a52fc1bd20bcc2c8df1e91
stable-early-n200000-w128-m1000-s1999,128,1.0,phase2l_stable_early,200000,1999,late_fused,2,PROJECTION,1.4083999999999999,200000,0,sha256:646d9ee6b2744682f1817c9d1081dfd325281f05a4a52fc1bd20bcc2c8df1e91
stable-early-n200000-w128-m1000-s1999,128,1.0,phase2l_stable_early,200000,1999,late_fused,3,ORDER_BY,180.1431,200000,0,sha256:646d9ee6b2744682f1817c9d1081dfd325281f05a4a52fc1bd20bcc2c8df1e91
stable-early-n200000-w128-m1000-s1999,128,1.0,phase2l_stable_early,200000,1999,late_fused,4,PROJECTION,4.3157000000000005,200000,0,sha256:646d9ee6b2744682f1817c9d1081dfd325281f05a4a52fc1bd20bcc2c8df1e91
stable-early-n200000-w128-m1000-s1999,128,1.0,phase2l_stable_early,200000,1999,late_fused,5,PROJECTION,967.1954999999999,200000,0,sha256:646d9ee6b2744682f1817c9d1081dfd325281f05a4a52fc1bd20bcc2c8df1e91
stable-early-n200000-w128-m1000-s1999,128,1.0,phase2l_stable_early,200000,1999,late_fused,6,HASH_JOIN,5.179800000000001,200000,0,sha256:646d9ee6b2744682f1817c9d1081dfd325281f05a4a52fc1bd20bcc2c8df1e91
stable-early-n200000-w128-m1000-s1999,128,1.0,phase2l_stable_early,200000,1999,late_fused,7,SEQ_SCAN,13.707300000000002,200000,200000,sha256:646d9ee6b2744682f1817c9d1081dfd325281f05a4a52fc1bd20bcc2c8df1e91
stable-early-n200000-w128-m1000-s1999,128,1.0,phase2l_stable_early,200000,1999,late_fused,8,SEQ_SCAN,0.12380000000000001,10000,10000,sha256:646d9ee6b2744682f1817c9d1081dfd325281f05a4a52fc1bd20bcc2c8df1e91
stable-early-n200000-w128-m1000-s1999,128,1.0,phase2l_stable_early,200000,1999,late_hash_materialized,0,EXPLAIN_ANALYZE,0.0003,0,0,sha256:328909ac7fb179c7d58c77fabdb6f910d863b1850355efc5b96283a10322c2b5
stable-early-n200000-w128-m1000-s1999,128,1.0,phase2l_stable_early,200000,1999,late_hash_materialized,1,BATCH_CREATE_TABLE_AS,38.292399999999994,1,0,sha256:328909ac7fb179c7d58c77fabdb6f910d863b1850355efc5b96283a10322c2b5
stable-early-n200000-w128-m1000-s1999,128,1.0,phase2l_stable_early,200000,1999,late_hash_materialized,2,CTE,20.382800000000003,0,0,sha256:328909ac7fb179c7d58c77fabdb6f910d863b1850355efc5b96283a10322c2b5
stable-early-n200000-w128-m1000-s1999,128,1.0,phase2l_stable_early,200000,1999,late_hash_materialized,3,PROJECTION,879.0256000000002,200000,0,sha256:328909ac7fb179c7d58c77fabdb6f910d863b1850355efc5b96283a10322c2b5
stable-early-n200000-w128-m1000-s1999,128,1.0,phase2l_stable_early,200000,1999,late_hash_materialized,4,HASH_JOIN,3.0395999999999996,200000,0,sha256:328909ac7fb179c7d58c77fabdb6f910d863b1850355efc5b96283a10322c2b5
stable-early-n200000-w128-m1000-s1999,128,1.0,phase2l_stable_early,200000,1999,late_hash_materialized,5,SEQ_SCAN,11.1452,200000,200000,sha256:328909ac7fb179c7d58c77fabdb6f910d863b1850355efc5b96283a10322c2b5
stable-early-n200000-w128-m1000-s1999,128,1.0,phase2l_stable_early,200000,1999,late_hash_materialized,6,SEQ_SCAN,0.0557,10000,10000,sha256:328909ac7fb179c7d58c77fabdb6f910d863b1850355efc5b96283a10322c2b5
stable-early-n200000-w128-m1000-s1999,128,1.0,phase2l_stable_early,200000,1999,late_hash_materialized,7,ORDER_BY,182.5787,200000,0,sha256:328909ac7fb179c7d58c77fabdb6f910d863b1850355efc5b96283a10322c2b5
stable-early-n200000-w128-m1000-s1999,128,1.0,phase2l_stable_early,200000,1999,late_hash_materialized,8,CTE_SCAN,0.8944000000000001,200000,0,sha256:328909ac7fb179c7d58c77fabdb6f910d863b1850355efc5b96283a10322c2b5
stable-early-n200000-w128-m1000-s1999,128,1.0,phase2l_stable_early,200000,1999,late_join_materialized,0,EXPLAIN_ANALYZE,0.00039999999999999996,0,0,sha256:2146efa17423ef7b2b1bf85104eb315ae502fb9f7e752a64678c691decce3cdd
stable-early-n200000-w128-m1000-s1999,128,1.0,phase2l_stable_early,200000,1999,late_join_materialized,1,BATCH_CREATE_TABLE_AS,38.2081,1,0,sha256:2146efa17423ef7b2b1bf85104eb315ae502fb9f7e752a64678c691decce3cdd
stable-early-n200000-w128-m1000-s1999,128,1.0,phase2l_stable_early,200000,1999,late_join_materialized,2,CTE,20.072999999999993,0,0,sha256:2146efa17423ef7b2b1bf85104eb315ae502fb9f7e752a64678c691decce3cdd
stable-early-n200000-w128-m1000-s1999,128,1.0,phase2l_stable_early,200000,1999,late_join_materialized,3,HASH_JOIN,1.5716,200000,0,sha256:2146efa17423ef7b2b1bf85104eb315ae502fb9f7e752a64678c691decce3cdd
stable-early-n200000-w128-m1000-s1999,128,1.0,phase2l_stable_early,200000,1999,late_join_materialized,4,SEQ_SCAN,6.5182,200000,200000,sha256:2146efa17423ef7b2b1bf85104eb315ae502fb9f7e752a64678c691decce3cdd
stable-early-n200000-w128-m1000-s1999,128,1.0,phase2l_stable_early,200000,1999,late_join_materialized,5,SEQ_SCAN,0.0427,10000,10000,sha256:2146efa17423ef7b2b1bf85104eb315ae502fb9f7e752a64678c691decce3cdd
stable-early-n200000-w128-m1000-s1999,128,1.0,phase2l_stable_early,200000,1999,late_join_materialized,6,ORDER_BY,248.72140000000002,200000,0,sha256:2146efa17423ef7b2b1bf85104eb315ae502fb9f7e752a64678c691decce3cdd
stable-early-n200000-w128-m1000-s1999,128,1.0,phase2l_stable_early,200000,1999,late_join_materialized,7,PROJECTION,1332.0184,200000,0,sha256:2146efa17423ef7b2b1bf85104eb315ae502fb9f7e752a64678c691decce3cdd
stable-early-n200000-w128-m1000-s1999,128,1.0,phase2l_stable_early,200000,1999,late_join_materialized,8,CTE_SCAN,2.9635,200000,0,sha256:2146efa17423ef7b2b1bf85104eb315ae502fb9f7e752a64678c691decce3cdd
stable-early-n200000-w128-m1000-s2111,128,1.0,phase2l_stable_early,200000,2111,early_hash_materialized,0,EXPLAIN_ANALYZE,0.00019999999999999998,0,0,sha256:aaa00b3bd44c8b4eac45d7e7d997fa62366f1bf46f339190d03cee33407583a0
stable-early-n200000-w128-m1000-s2111,128,1.0,phase2l_stable_early,200000,2111,early_hash_materialized,1,BATCH_CREATE_TABLE_AS,24.494900000000005,1,0,sha256:aaa00b3bd44c8b4eac45d7e7d997fa62366f1bf46f339190d03cee33407583a0
stable-early-n200000-w128-m1000-s2111,128,1.0,phase2l_stable_early,200000,2111,early_hash_materialized,2,CTE,19.583999999999996,0,0,sha256:aaa00b3bd44c8b4eac45d7e7d997fa62366f1bf46f339190d03cee33407583a0
stable-early-n200000-w128-m1000-s2111,128,1.0,phase2l_stable_early,200000,2111,early_hash_materialized,3,PROJECTION,841.0788,200000,0,sha256:aaa00b3bd44c8b4eac45d7e7d997fa62366f1bf46f339190d03cee33407583a0
stable-early-n200000-w128-m1000-s2111,128,1.0,phase2l_stable_early,200000,2111,early_hash_materialized,4,SEQ_SCAN,12.8039,200000,200000,sha256:aaa00b3bd44c8b4eac45d7e7d997fa62366f1bf46f339190d03cee33407583a0
stable-early-n200000-w128-m1000-s2111,128,1.0,phase2l_stable_early,200000,2111,early_hash_materialized,5,PROJECTION,0.9460000000000001,200000,0,sha256:aaa00b3bd44c8b4eac45d7e7d997fa62366f1bf46f339190d03cee33407583a0
stable-early-n200000-w128-m1000-s2111,128,1.0,phase2l_stable_early,200000,2111,early_hash_materialized,6,ORDER_BY,165.5695,200000,0,sha256:aaa00b3bd44c8b4eac45d7e7d997fa62366f1bf46f339190d03cee33407583a0
stable-early-n200000-w128-m1000-s2111,128,1.0,phase2l_stable_early,200000,2111,early_hash_materialized,7,PROJECTION,0.5171999999999999,200000,0,sha256:aaa00b3bd44c8b4eac45d7e7d997fa62366f1bf46f339190d03cee33407583a0
stable-early-n200000-w128-m1000-s2111,128,1.0,phase2l_stable_early,200000,2111,early_hash_materialized,8,HASH_JOIN,10.881599999999999,200000,0,sha256:aaa00b3bd44c8b4eac45d7e7d997fa62366f1bf46f339190d03cee33407583a0
stable-early-n200000-w128-m1000-s2111,128,1.0,phase2l_stable_early,200000,2111,early_hash_materialized,9,CTE_SCAN,0.7842,200000,0,sha256:aaa00b3bd44c8b4eac45d7e7d997fa62366f1bf46f339190d03cee33407583a0
stable-early-n200000-w128-m1000-s2111,128,1.0,phase2l_stable_early,200000,2111,early_hash_materialized,10,SEQ_SCAN,0.0323,10000,10000,sha256:aaa00b3bd44c8b4eac45d7e7d997fa62366f1bf46f339190d03cee33407583a0
stable-early-n200000-w128-m1000-s2111,128,1.0,phase2l_stable_early,200000,2111,late_fused,0,EXPLAIN_ANALYZE,0.0003,0,0,sha256:646d9ee6b2744682f1817c9d1081dfd325281f05a4a52fc1bd20bcc2c8df1e91
stable-early-n200000-w128-m1000-s2111,128,1.0,phase2l_stable_early,200000,2111,late_fused,1,BATCH_CREATE_TABLE_AS,30.913299999999996,1,0,sha256:646d9ee6b2744682f1817c9d1081dfd325281f05a4a52fc1bd20bcc2c8df1e91
stable-early-n200000-w128-m1000-s2111,128,1.0,phase2l_stable_early,200000,2111,late_fused,2,PROJECTION,1.4063,200000,0,sha256:646d9ee6b2744682f1817c9d1081dfd325281f05a4a52fc1bd20bcc2c8df1e91
stable-early-n200000-w128-m1000-s2111,128,1.0,phase2l_stable_early,200000,2111,late_fused,3,ORDER_BY,184.39269999999996,200000,0,sha256:646d9ee6b2744682f1817c9d1081dfd325281f05a4a52fc1bd20bcc2c8df1e91
stable-early-n200000-w128-m1000-s2111,128,1.0,phase2l_stable_early,200000,2111,late_fused,4,PROJECTION,4.106200000000001,200000,0,sha256:646d9ee6b2744682f1817c9d1081dfd325281f05a4a52fc1bd20bcc2c8df1e91
stable-early-n200000-w128-m1000-s2111,128,1.0,phase2l_stable_early,200000,2111,late_fused,5,PROJECTION,787.4476999999999,200000,0,sha256:646d9ee6b2744682f1817c9d1081dfd325281f05a4a52fc1bd20bcc2c8df1e91
stable-early-n200000-w128-m1000-s2111,128,1.0,phase2l_stable_early,200000,2111,late_fused,6,HASH_JOIN,3.2321,200000,0,sha256:646d9ee6b2744682f1817c9d1081dfd325281f05a4a52fc1bd20bcc2c8df1e91
stable-early-n200000-w128-m1000-s2111,128,1.0,phase2l_stable_early,200000,2111,late_fused,7,SEQ_SCAN,11.184100000000003,200000,200000,sha256:646d9ee6b2744682f1817c9d1081dfd325281f05a4a52fc1bd20bcc2c8df1e91
stable-early-n200000-w128-m1000-s2111,128,1.0,phase2l_stable_early,200000,2111,late_fused,8,SEQ_SCAN,0.044199999999999996,10000,10000,sha256:646d9ee6b2744682f1817c9d1081dfd325281f05a4a52fc1bd20bcc2c8df1e91
stable-early-n200000-w128-m1000-s2111,128,1.0,phase2l_stable_early,200000,2111,late_hash_materialized,0,EXPLAIN_ANALYZE,0.0003,0,0,sha256:328909ac7fb179c7d58c77fabdb6f910d863b1850355efc5b96283a10322c2b5
stable-early-n200000-w128-m1000-s2111,128,1.0,phase2l_stable_early,200000,2111,late_hash_materialized,1,BATCH_CREATE_TABLE_AS,26.140300000000003,1,0,sha256:328909ac7fb179c7d58c77fabdb6f910d863b1850355efc5b96283a10322c2b5
stable-early-n200000-w128-m1000-s2111,128,1.0,phase2l_stable_early,200000,2111,late_hash_materialized,2,CTE,17.7561,0,0,sha256:328909ac7fb179c7d58c77fabdb6f910d863b1850355efc5b96283a10322c2b5
stable-early-n200000-w128-m1000-s2111,128,1.0,phase2l_stable_early,200000,2111,late_hash_materialized,3,PROJECTION,699.7742000000001,200000,0,sha256:328909ac7fb179c7d58c77fabdb6f910d863b1850355efc5b96283a10322c2b5
stable-early-n200000-w128-m1000-s2111,128,1.0,phase2l_stable_early,200000,2111,late_hash_materialized,4,HASH_JOIN,2.8765,200000,0,sha256:328909ac7fb179c7d58c77fabdb6f910d863b1850355efc5b96283a10322c2b5
stable-early-n200000-w128-m1000-s2111,128,1.0,phase2l_stable_early,200000,2111,late_hash_materialized,5,SEQ_SCAN,10.997400000000003,200000,200000,sha256:328909ac7fb179c7d58c77fabdb6f910d863b1850355efc5b96283a10322c2b5
stable-early-n200000-w128-m1000-s2111,128,1.0,phase2l_stable_early,200000,2111,late_hash_materialized,6,SEQ_SCAN,0.027399999999999994,10000,10000,sha256:328909ac7fb179c7d58c77fabdb6f910d863b1850355efc5b96283a10322c2b5
stable-early-n200000-w128-m1000-s2111,128,1.0,phase2l_stable_early,200000,2111,late_hash_materialized,7,ORDER_BY,163.5436,200000,0,sha256:328909ac7fb179c7d58c77fabdb6f910d863b1850355efc5b96283a10322c2b5
stable-early-n200000-w128-m1000-s2111,128,1.0,phase2l_stable_early,200000,2111,late_hash_materialized,8,CTE_SCAN,0.5674,200000,0,sha256:328909ac7fb179c7d58c77fabdb6f910d863b1850355efc5b96283a10322c2b5
stable-early-n200000-w128-m1000-s2111,128,1.0,phase2l_stable_early,200000,2111,late_join_materialized,0,EXPLAIN_ANALYZE,0.0003,0,0,sha256:2146efa17423ef7b2b1bf85104eb315ae502fb9f7e752a64678c691decce3cdd
stable-early-n200000-w128-m1000-s2111,128,1.0,phase2l_stable_early,200000,2111,late_join_materialized,1,BATCH_CREATE_TABLE_AS,37.2968,1,0,sha256:2146efa17423ef7b2b1bf85104eb315ae502fb9f7e752a64678c691decce3cdd
stable-early-n200000-w128-m1000-s2111,128,1.0,phase2l_stable_early,200000,2111,late_join_materialized,2,CTE,24.623999999999995,0,0,sha256:2146efa17423ef7b2b1bf85104eb315ae502fb9f7e752a64678c691decce3cdd
stable-early-n200000-w128-m1000-s2111,128,1.0,phase2l_stable_early,200000,2111,late_join_materialized,3,HASH_JOIN,1.9121,200000,0,sha256:2146efa17423ef7b2b1bf85104eb315ae502fb9f7e752a64678c691decce3cdd
stable-early-n200000-w128-m1000-s2111,128,1.0,phase2l_stable_early,200000,2111,late_join_materialized,4,SEQ_SCAN,8.228099999999998,200000,200000,sha256:2146efa17423ef7b2b1bf85104eb315ae502fb9f7e752a64678c691decce3cdd
stable-early-n200000-w128-m1000-s2111,128,1.0,phase2l_stable_early,200000,2111,late_join_materialized,5,SEQ_SCAN,0.0339,10000,10000,sha256:2146efa17423ef7b2b1bf85104eb315ae502fb9f7e752a64678c691decce3cdd
stable-early-n200000-w128-m1000-s2111,128,1.0,phase2l_stable_early,200000,2111,late_join_materialized,6,ORDER_BY,268.57869999999997,200000,0,sha256:2146efa17423ef7b2b1bf85104eb315ae502fb9f7e752a64678c691decce3cdd
stable-early-n200000-w128-m1000-s2111,128,1.0,phase2l_stable_early,200000,2111,late_join_materialized,7,PROJECTION,1802.2909,200000,0,sha256:2146efa17423ef7b2b1bf85104eb315ae502fb9f7e752a64678c691decce3cdd
stable-early-n200000-w128-m1000-s2111,128,1.0,phase2l_stable_early,200000,2111,late_join_materialized,8,CTE_SCAN,2.9766,200000,0,sha256:2146efa17423ef7b2b1bf85104eb315ae502fb9f7e752a64678c691decce3cdd
stable-early-n200000-w128-m1000-s2222,128,1.0,phase2l_stable_early,200000,2222,early_hash_materialized,0,EXPLAIN_ANALYZE,0.00039999999999999996,0,0,sha256:aaa00b3bd44c8b4eac45d7e7d997fa62366f1bf46f339190d03cee33407583a0
stable-early-n200000-w128-m1000-s2222,128,1.0,phase2l_stable_early,200000,2222,early_hash_materialized,1,BATCH_CREATE_TABLE_AS,23.465199999999996,1,0,sha256:aaa00b3bd44c8b4eac45d7e7d997fa62366f1bf46f339190d03cee33407583a0
stable-early-n200000-w128-m1000-s2222,128,1.0,phase2l_stable_early,200000,2222,early_hash_materialized,2,CTE,21.453499999999995,0,0,sha256:aaa00b3bd44c8b4eac45d7e7d997fa62366f1bf46f339190d03cee33407583a0
stable-early-n200000-w128-m1000-s2222,128,1.0,phase2l_stable_early,200000,2222,early_hash_materialized,3,PROJECTION,789.6357,200000,0,sha256:aaa00b3bd44c8b4eac45d7e7d997fa62366f1bf46f339190d03cee33407583a0
stable-early-n200000-w128-m1000-s2222,128,1.0,phase2l_stable_early,200000,2222,early_hash_materialized,4,SEQ_SCAN,12.660300000000001,200000,200000,sha256:aaa00b3bd44c8b4eac45d7e7d997fa62366f1bf46f339190d03cee33407583a0
stable-early-n200000-w128-m1000-s2222,128,1.0,phase2l_stable_early,200000,2222,early_hash_materialized,5,PROJECTION,0.8371,200000,0,sha256:aaa00b3bd44c8b4eac45d7e7d997fa62366f1bf46f339190d03cee33407583a0
stable-early-n200000-w128-m1000-s2222,128,1.0,phase2l_stable_early,200000,2222,early_hash_materialized,6,ORDER_BY,167.07840000000002,200000,0,sha256:aaa00b3bd44c8b4eac45d7e7d997fa62366f1bf46f339190d03cee33407583a0
stable-early-n200000-w128-m1000-s2222,128,1.0,phase2l_stable_early,200000,2222,early_hash_materialized,7,PROJECTION,0.5072000000000002,200000,0,sha256:aaa00b3bd44c8b4eac45d7e7d997fa62366f1bf46f339190d03cee33407583a0
stable-early-n200000-w128-m1000-s2222,128,1.0,phase2l_stable_early,200000,2222,early_hash_materialized,8,HASH_JOIN,13.101400000000002,200000,0,sha256:aaa00b3bd44c8b4eac45d7e7d997fa62366f1bf46f339190d03cee33407583a0
stable-early-n200000-w128-m1000-s2222,128,1.0,phase2l_stable_early,200000,2222,early_hash_materialized,9,CTE_SCAN,0.8367000000000002,200000,0,sha256:aaa00b3bd44c8b4eac45d7e7d997fa62366f1bf46f339190d03cee33407583a0
stable-early-n200000-w128-m1000-s2222,128,1.0,phase2l_stable_early,200000,2222,early_hash_materialized,10,SEQ_SCAN,0.0352,10000,10000,sha256:aaa00b3bd44c8b4eac45d7e7d997fa62366f1bf46f339190d03cee33407583a0
stable-early-n200000-w128-m1000-s2222,128,1.0,phase2l_stable_early,200000,2222,late_fused,0,EXPLAIN_ANALYZE,0.00019999999999999998,0,0,sha256:646d9ee6b2744682f1817c9d1081dfd325281f05a4a52fc1bd20bcc2c8df1e91
stable-early-n200000-w128-m1000-s2222,128,1.0,phase2l_stable_early,200000,2222,late_fused,1,BATCH_CREATE_TABLE_AS,41.7482,1,0,sha256:646d9ee6b2744682f1817c9d1081dfd325281f05a4a52fc1bd20bcc2c8df1e91
stable-early-n200000-w128-m1000-s2222,128,1.0,phase2l_stable_early,200000,2222,late_fused,2,PROJECTION,2.119,200000,0,sha256:646d9ee6b2744682f1817c9d1081dfd325281f05a4a52fc1bd20bcc2c8df1e91
stable-early-n200000-w128-m1000-s2222,128,1.0,phase2l_stable_early,200000,2222,late_fused,3,ORDER_BY,206.75500000000008,200000,0,sha256:646d9ee6b2744682f1817c9d1081dfd325281f05a4a52fc1bd20bcc2c8df1e91
stable-early-n200000-w128-m1000-s2222,128,1.0,phase2l_stable_early,200000,2222,late_fused,4,PROJECTION,4.5457,200000,0,sha256:646d9ee6b2744682f1817c9d1081dfd325281f05a4a52fc1bd20bcc2c8df1e91
stable-early-n200000-w128-m1000-s2222,128,1.0,phase2l_stable_early,200000,2222,late_fused,5,PROJECTION,1175.1258999999998,200000,0,sha256:646d9ee6b2744682f1817c9d1081dfd325281f05a4a52fc1bd20bcc2c8df1e91
stable-early-n200000-w128-m1000-s2222,128,1.0,phase2l_stable_early,200000,2222,late_fused,6,HASH_JOIN,3.031200000000001,200000,0,sha256:646d9ee6b2744682f1817c9d1081dfd325281f05a4a52fc1bd20bcc2c8df1e91
stable-early-n200000-w128-m1000-s2222,128,1.0,phase2l_stable_early,200000,2222,late_fused,7,SEQ_SCAN,15.859499999999999,200000,200000,sha256:646d9ee6b2744682f1817c9d1081dfd325281f05a4a52fc1bd20bcc2c8df1e91
stable-early-n200000-w128-m1000-s2222,128,1.0,phase2l_stable_early,200000,2222,late_fused,8,SEQ_SCAN,0.034,10000,10000,sha256:646d9ee6b2744682f1817c9d1081dfd325281f05a4a52fc1bd20bcc2c8df1e91
stable-early-n200000-w128-m1000-s2222,128,1.0,phase2l_stable_early,200000,2222,late_hash_materialized,0,EXPLAIN_ANALYZE,0.0003,0,0,sha256:328909ac7fb179c7d58c77fabdb6f910d863b1850355efc5b96283a10322c2b5
stable-early-n200000-w128-m1000-s2222,128,1.0,phase2l_stable_early,200000,2222,late_hash_materialized,1,BATCH_CREATE_TABLE_AS,29.304700000000004,1,0,sha256:328909ac7fb179c7d58c77fabdb6f910d863b1850355efc5b96283a10322c2b5
stable-early-n200000-w128-m1000-s2222,128,1.0,phase2l_stable_early,200000,2222,late_hash_materialized,2,CTE,22.765599999999996,0,0,sha256:328909ac7fb179c7d58c77fabdb6f910d863b1850355efc5b96283a10322c2b5
stable-early-n200000-w128-m1000-s2222,128,1.0,phase2l_stable_early,200000,2222,late_hash_materialized,3,PROJECTION,902.1358999999999,200000,0,sha256:328909ac7fb179c7d58c77fabdb6f910d863b1850355efc5b96283a10322c2b5
stable-early-n200000-w128-m1000-s2222,128,1.0,phase2l_stable_early,200000,2222,late_hash_materialized,4,HASH_JOIN,3.1210999999999998,200000,0,sha256:328909ac7fb179c7d58c77fabdb6f910d863b1850355efc5b96283a10322c2b5
stable-early-n200000-w128-m1000-s2222,128,1.0,phase2l_stable_early,200000,2222,late_hash_materialized,5,SEQ_SCAN,13.1045,200000,200000,sha256:328909ac7fb179c7d58c77fabdb6f910d863b1850355efc5b96283a10322c2b5
stable-early-n200000-w128-m1000-s2222,128,1.0,phase2l_stable_early,200000,2222,late_hash_materialized,6,SEQ_SCAN,0.035199999999999995,10000,10000,sha256:328909ac7fb179c7d58c77fabdb6f910d863b1850355efc5b96283a10322c2b5
stable-early-n200000-w128-m1000-s2222,128,1.0,phase2l_stable_early,200000,2222,late_hash_materialized,7,ORDER_BY,176.47660000000002,200000,0,sha256:328909ac7fb179c7d58c77fabdb6f910d863b1850355efc5b96283a10322c2b5
stable-early-n200000-w128-m1000-s2222,128,1.0,phase2l_stable_early,200000,2222,late_hash_materialized,8,CTE_SCAN,0.8535999999999999,200000,0,sha256:328909ac7fb179c7d58c77fabdb6f910d863b1850355efc5b96283a10322c2b5
stable-early-n200000-w128-m1000-s2222,128,1.0,phase2l_stable_early,200000,2222,late_join_materialized,0,EXPLAIN_ANALYZE,0.0003,0,0,sha256:2146efa17423ef7b2b1bf85104eb315ae502fb9f7e752a64678c691decce3cdd
stable-early-n200000-w128-m1000-s2222,128,1.0,phase2l_stable_early,200000,2222,late_join_materialized,1,BATCH_CREATE_TABLE_AS,41.589999999999996,1,0,sha256:2146efa17423ef7b2b1bf85104eb315ae502fb9f7e752a64678c691decce3cdd
stable-early-n200000-w128-m1000-s2222,128,1.0,phase2l_stable_early,200000,2222,late_join_materialized,2,CTE,23.986300000000004,0,0,sha256:2146efa17423ef7b2b1bf85104eb315ae502fb9f7e752a64678c691decce3cdd
stable-early-n200000-w128-m1000-s2222,128,1.0,phase2l_stable_early,200000,2222,late_join_materialized,3,HASH_JOIN,1.9093999999999998,200000,0,sha256:2146efa17423ef7b2b1bf85104eb315ae502fb9f7e752a64678c691decce3cdd
stable-early-n200000-w128-m1000-s2222,128,1.0,phase2l_stable_early,200000,2222,late_join_materialized,4,SEQ_SCAN,8.492499999999998,200000,200000,sha256:2146efa17423ef7b2b1bf85104eb315ae502fb9f7e752a64678c691decce3cdd
stable-early-n200000-w128-m1000-s2222,128,1.0,phase2l_stable_early,200000,2222,late_join_materialized,5,SEQ_SCAN,0.051800000000000006,10000,10000,sha256:2146efa17423ef7b2b1bf85104eb315ae502fb9f7e752a64678c691decce3cdd
stable-early-n200000-w128-m1000-s2222,128,1.0,phase2l_stable_early,200000,2222,late_join_materialized,6,ORDER_BY,239.3071,200000,0,sha256:2146efa17423ef7b2b1bf85104eb315ae502fb9f7e752a64678c691decce3cdd
stable-early-n200000-w128-m1000-s2222,128,1.0,phase2l_stable_early,200000,2222,late_join_materialized,7,PROJECTION,1322.2221,200000,0,sha256:2146efa17423ef7b2b1bf85104eb315ae502fb9f7e752a64678c691decce3cdd
stable-early-n200000-w128-m1000-s2222,128,1.0,phase2l_stable_early,200000,2222,late_join_materialized,8,CTE_SCAN,2.4587000000000003,200000,0,sha256:2146efa17423ef7b2b1bf85104eb315ae502fb9f7e752a64678c691decce3cdd
stable-late-n100000-w512-m0900-s1777,512,0.9,phase2l_stable_late,100000,1777,early_hash_materialized,0,EXPLAIN_ANALYZE,0.0003,0,0,sha256:aaa00b3bd44c8b4eac45d7e7d997fa62366f1bf46f339190d03cee33407583a0
stable-late-n100000-w512-m0900-s1777,512,0.9,phase2l_stable_late,100000,1777,early_hash_materialized,1,BATCH_CREATE_TABLE_AS,7.710499999999999,1,0,sha256:aaa00b3bd44c8b4eac45d7e7d997fa62366f1bf46f339190d03cee33407583a0
stable-late-n100000-w512-m0900-s1777,512,0.9,phase2l_stable_late,100000,1777,early_hash_materialized,2,CTE,8.125300000000003,0,0,sha256:aaa00b3bd44c8b4eac45d7e7d997fa62366f1bf46f339190d03cee33407583a0
stable-late-n100000-w512-m0900-s1777,512,0.9,phase2l_stable_late,100000,1777,early_hash_materialized,3,PROJECTION,663.9013,100000,0,sha256:aaa00b3bd44c8b4eac45d7e7d997fa62366f1bf46f339190d03cee33407583a0
stable-late-n100000-w512-m0900-s1777,512,0.9,phase2l_stable_late,100000,1777,early_hash_materialized,4,SEQ_SCAN,5.832199999999999,100000,100000,sha256:aaa00b3bd44c8b4eac45d7e7d997fa62366f1bf46f339190d03cee33407583a0
stable-late-n100000-w512-m0900-s1777,512,0.9,phase2l_stable_late,100000,1777,early_hash_materialized,5,PROJECTION,0.24550000000000005,90000,0,sha256:aaa00b3bd44c8b4eac45d7e7d997fa62366f1bf46f339190d03cee33407583a0
stable-late-n100000-w512-m0900-s1777,512,0.9,phase2l_stable_late,100000,1777,early_hash_materialized,6,ORDER_BY,56.322300000000006,90000,0,sha256:aaa00b3bd44c8b4eac45d7e7d997fa62366f1bf46f339190d03cee33407583a0
stable-late-n100000-w512-m0900-s1777,512,0.9,phase2l_stable_late,100000,1777,early_hash_materialized,7,PROJECTION,0.2065,90000,0,sha256:aaa00b3bd44c8b4eac45d7e7d997fa62366f1bf46f339190d03cee33407583a0
stable-late-n100000-w512-m0900-s1777,512,0.9,phase2l_stable_late,100000,1777,early_hash_materialized,8,HASH_JOIN,5.04,90000,0,sha256:aaa00b3bd44c8b4eac45d7e7d997fa62366f1bf46f339190d03cee33407583a0
stable-late-n100000-w512-m0900-s1777,512,0.9,phase2l_stable_late,100000,1777,early_hash_materialized,9,CTE_SCAN,0.281,100000,0,sha256:aaa00b3bd44c8b4eac45d7e7d997fa62366f1bf46f339190d03cee33407583a0
stable-late-n100000-w512-m0900-s1777,512,0.9,phase2l_stable_late,100000,1777,early_hash_materialized,10,SEQ_SCAN,0.024,10000,10000,sha256:aaa00b3bd44c8b4eac45d7e7d997fa62366f1bf46f339190d03cee33407583a0
stable-late-n100000-w512-m0900-s1777,512,0.9,phase2l_stable_late,100000,1777,late_fused,0,EXPLAIN_ANALYZE,0.0003,0,0,sha256:f570cbbf354e04dbc1f358979321f6943968e8a815c0d2fb74a463dc822156e7
stable-late-n100000-w512-m0900-s1777,512,0.9,phase2l_stable_late,100000,1777,late_fused,1,BATCH_CREATE_TABLE_AS,14.023099999999998,1,0,sha256:f570cbbf354e04dbc1f358979321f6943968e8a815c0d2fb74a463dc822156e7
stable-late-n100000-w512-m0900-s1777,512,0.9,phase2l_stable_late,100000,1777,late_fused,2,PROJECTION,1.0022000000000002,90000,0,sha256:f570cbbf354e04dbc1f358979321f6943968e8a815c0d2fb74a463dc822156e7
stable-late-n100000-w512-m0900-s1777,512,0.9,phase2l_stable_late,100000,1777,late_fused,3,ORDER_BY,86.05180000000001,90000,0,sha256:f570cbbf354e04dbc1f358979321f6943968e8a815c0d2fb74a463dc822156e7
stable-late-n100000-w512-m0900-s1777,512,0.9,phase2l_stable_late,100000,1777,late_fused,4,PROJECTION,3.0258,90000,0,sha256:f570cbbf354e04dbc1f358979321f6943968e8a815c0d2fb74a463dc822156e7
stable-late-n100000-w512-m0900-s1777,512,0.9,phase2l_stable_late,100000,1777,late_fused,5,PROJECTION,863.1979999999998,90000,0,sha256:f570cbbf354e04dbc1f358979321f6943968e8a815c0d2fb74a463dc822156e7
stable-late-n100000-w512-m0900-s1777,512,0.9,phase2l_stable_late,100000,1777,late_fused,6,HASH_JOIN,1.6024000000000003,90000,0,sha256:f570cbbf354e04dbc1f358979321f6943968e8a815c0d2fb74a463dc822156e7
stable-late-n100000-w512-m0900-s1777,512,0.9,phase2l_stable_late,100000,1777,late_fused,7,SEQ_SCAN,8.209699999999998,90000,100000,sha256:f570cbbf354e04dbc1f358979321f6943968e8a815c0d2fb74a463dc822156e7
stable-late-n100000-w512-m0900-s1777,512,0.9,phase2l_stable_late,100000,1777,late_fused,8,SEQ_SCAN,0.03289999999999999,10000,10000,sha256:f570cbbf354e04dbc1f358979321f6943968e8a815c0d2fb74a463dc822156e7
stable-late-n100000-w512-m0900-s1777,512,0.9,phase2l_stable_late,100000,1777,late_hash_materialized,0,EXPLAIN_ANALYZE,0.0003,0,0,sha256:8c775ff611abc16d74d7b882b9f184805f1ebab78a726a672f21ac5ab0810c9f
stable-late-n100000-w512-m0900-s1777,512,0.9,phase2l_stable_late,100000,1777,late_hash_materialized,1,BATCH_CREATE_TABLE_AS,8.9374,1,0,sha256:8c775ff611abc16d74d7b882b9f184805f1ebab78a726a672f21ac5ab0810c9f
stable-late-n100000-w512-m0900-s1777,512,0.9,phase2l_stable_late,100000,1777,late_hash_materialized,2,CTE,9.578100000000001,0,0,sha256:8c775ff611abc16d74d7b882b9f184805f1ebab78a726a672f21ac5ab0810c9f
stable-late-n100000-w512-m0900-s1777,512,0.9,phase2l_stable_late,100000,1777,late_hash_materialized,3,PROJECTION,537.0233000000001,90000,0,sha256:8c775ff611abc16d74d7b882b9f184805f1ebab78a726a672f21ac5ab0810c9f
stable-late-n100000-w512-m0900-s1777,512,0.9,phase2l_stable_late,100000,1777,late_hash_materialized,4,HASH_JOIN,1.3477999999999999,90000,0,sha256:8c775ff611abc16d74d7b882b9f184805f1ebab78a726a672f21ac5ab0810c9f
stable-late-n100000-w512-m0900-s1777,512,0.9,phase2l_stable_late,100000,1777,late_hash_materialized,5,SEQ_SCAN,7.3923,90000,100000,sha256:8c775ff611abc16d74d7b882b9f184805f1ebab78a726a672f21ac5ab0810c9f
stable-late-n100000-w512-m0900-s1777,512,0.9,phase2l_stable_late,100000,1777,late_hash_materialized,6,SEQ_SCAN,0.03609999999999999,10000,10000,sha256:8c775ff611abc16d74d7b882b9f184805f1ebab78a726a672f21ac5ab0810c9f
stable-late-n100000-w512-m0900-s1777,512,0.9,phase2l_stable_late,100000,1777,late_hash_materialized,7,ORDER_BY,53.0344,90000,0,sha256:8c775ff611abc16d74d7b882b9f184805f1ebab78a726a672f21ac5ab0810c9f
stable-late-n100000-w512-m0900-s1777,512,0.9,phase2l_stable_late,100000,1777,late_hash_materialized,8,CTE_SCAN,0.22590000000000002,90000,0,sha256:8c775ff611abc16d74d7b882b9f184805f1ebab78a726a672f21ac5ab0810c9f
stable-late-n100000-w512-m0900-s1777,512,0.9,phase2l_stable_late,100000,1777,late_join_materialized,0,EXPLAIN_ANALYZE,0.00039999999999999996,0,0,sha256:26c7beb699842444e252d17ec55e88fce7462da77b086dbbfc8863980d091221
stable-late-n100000-w512-m0900-s1777,512,0.9,phase2l_stable_late,100000,1777,late_join_materialized,1,BATCH_CREATE_TABLE_AS,15.187300000000006,1,0,sha256:26c7beb699842444e252d17ec55e88fce7462da77b086dbbfc8863980d091221
stable-late-n100000-w512-m0900-s1777,512,0.9,phase2l_stable_late,100000,1777,late_join_materialized,2,CTE,23.311600000000002,0,0,sha256:26c7beb699842444e252d17ec55e88fce7462da77b086dbbfc8863980d091221
stable-late-n100000-w512-m0900-s1777,512,0.9,phase2l_stable_late,100000,1777,late_join_materialized,3,HASH_JOIN,1.6765999999999999,90000,0,sha256:26c7beb699842444e252d17ec55e88fce7462da77b086dbbfc8863980d091221
stable-late-n100000-w512-m0900-s1777,512,0.9,phase2l_stable_late,100000,1777,late_join_materialized,4,SEQ_SCAN,5.276399999999999,90000,100000,sha256:26c7beb699842444e252d17ec55e88fce7462da77b086dbbfc8863980d091221
stable-late-n100000-w512-m0900-s1777,512,0.9,phase2l_stable_late,100000,1777,late_join_materialized,5,SEQ_SCAN,0.0336,10000,10000,sha256:26c7beb699842444e252d17ec55e88fce7462da77b086dbbfc8863980d091221
stable-late-n100000-w512-m0900-s1777,512,0.9,phase2l_stable_late,100000,1777,late_join_materialized,6,ORDER_BY,91.5645,90000,0,sha256:26c7beb699842444e252d17ec55e88fce7462da77b086dbbfc8863980d091221
stable-late-n100000-w512-m0900-s1777,512,0.9,phase2l_stable_late,100000,1777,late_join_materialized,7,PROJECTION,1062.4296000000002,90000,0,sha256:26c7beb699842444e252d17ec55e88fce7462da77b086dbbfc8863980d091221
stable-late-n100000-w512-m0900-s1777,512,0.9,phase2l_stable_late,100000,1777,late_join_materialized,8,CTE_SCAN,1.1513,90000,0,sha256:26c7beb699842444e252d17ec55e88fce7462da77b086dbbfc8863980d091221
stable-late-n100000-w512-m0900-s1888,512,0.9,phase2l_stable_late,100000,1888,early_hash_materialized,0,EXPLAIN_ANALYZE,0.00039999999999999996,0,0,sha256:aaa00b3bd44c8b4eac45d7e7d997fa62366f1bf46f339190d03cee33407583a0
stable-late-n100000-w512-m0900-s1888,512,0.9,phase2l_stable_late,100000,1888,early_hash_materialized,1,BATCH_CREATE_TABLE_AS,7.869299999999999,1,0,sha256:aaa00b3bd44c8b4eac45d7e7d997fa62366f1bf46f339190d03cee33407583a0
stable-late-n100000-w512-m0900-s1888,512,0.9,phase2l_stable_late,100000,1888,early_hash_materialized,2,CTE,8.657699999999997,0,0,sha256:aaa00b3bd44c8b4eac45d7e7d997fa62366f1bf46f339190d03cee33407583a0
stable-late-n100000-w512-m0900-s1888,512,0.9,phase2l_stable_late,100000,1888,early_hash_materialized,3,PROJECTION,756.4197,100000,0,sha256:aaa00b3bd44c8b4eac45d7e7d997fa62366f1bf46f339190d03cee33407583a0
stable-late-n100000-w512-m0900-s1888,512,0.9,phase2l_stable_late,100000,1888,early_hash_materialized,4,SEQ_SCAN,6.187800000000001,100000,100000,sha256:aaa00b3bd44c8b4eac45d7e7d997fa62366f1bf46f339190d03cee33407583a0
stable-late-n100000-w512-m0900-s1888,512,0.9,phase2l_stable_late,100000,1888,early_hash_materialized,5,PROJECTION,0.3037000000000001,90000,0,sha256:aaa00b3bd44c8b4eac45d7e7d997fa62366f1bf46f339190d03cee33407583a0
stable-late-n100000-w512-m0900-s1888,512,0.9,phase2l_stable_late,100000,1888,early_hash_materialized,6,ORDER_BY,52.52000000000001,90000,0,sha256:aaa00b3bd44c8b4eac45d7e7d997fa62366f1bf46f339190d03cee33407583a0
stable-late-n100000-w512-m0900-s1888,512,0.9,phase2l_stable_late,100000,1888,early_hash_materialized,7,PROJECTION,0.2042,90000,0,sha256:aaa00b3bd44c8b4eac45d7e7d997fa62366f1bf46f339190d03cee33407583a0
stable-late-n100000-w512-m0900-s1888,512,0.9,phase2l_stable_late,100000,1888,early_hash_materialized,8,HASH_JOIN,5.165499999999999,90000,0,sha256:aaa00b3bd44c8b4eac45d7e7d997fa62366f1bf46f339190d03cee33407583a0
stable-late-n100000-w512-m0900-s1888,512,0.9,phase2l_stable_late,100000,1888,early_hash_materialized,9,CTE_SCAN,0.3551,100000,0,sha256:aaa00b3bd44c8b4eac45d7e7d997fa62366f1bf46f339190d03cee33407583a0
stable-late-n100000-w512-m0900-s1888,512,0.9,phase2l_stable_late,100000,1888,early_hash_materialized,10,SEQ_SCAN,0.024400000000000005,10000,10000,sha256:aaa00b3bd44c8b4eac45d7e7d997fa62366f1bf46f339190d03cee33407583a0
stable-late-n100000-w512-m0900-s1888,512,0.9,phase2l_stable_late,100000,1888,late_fused,0,EXPLAIN_ANALYZE,0.0003,0,0,sha256:f570cbbf354e04dbc1f358979321f6943968e8a815c0d2fb74a463dc822156e7
stable-late-n100000-w512-m0900-s1888,512,0.9,phase2l_stable_late,100000,1888,late_fused,1,BATCH_CREATE_TABLE_AS,11.324,1,0,sha256:f570cbbf354e04dbc1f358979321f6943968e8a815c0d2fb74a463dc822156e7
stable-late-n100000-w512-m0900-s1888,512,0.9,phase2l_stable_late,100000,1888,late_fused,2,PROJECTION,0.6335999999999999,90000,0,sha256:f570cbbf354e04dbc1f358979321f6943968e8a815c0d2fb74a463dc822156e7
stable-late-n100000-w512-m0900-s1888,512,0.9,phase2l_stable_late,100000,1888,late_fused,3,ORDER_BY,67.3585,90000,0,sha256:f570cbbf354e04dbc1f358979321f6943968e8a815c0d2fb74a463dc822156e7
stable-late-n100000-w512-m0900-s1888,512,0.9,phase2l_stable_late,100000,1888,late_fused,4,PROJECTION,3.0062999999999995,90000,0,sha256:f570cbbf354e04dbc1f358979321f6943968e8a815c0d2fb74a463dc822156e7
stable-late-n100000-w512-m0900-s1888,512,0.9,phase2l_stable_late,100000,1888,late_fused,5,PROJECTION,707.0868,90000,0,sha256:f570cbbf354e04dbc1f358979321f6943968e8a815c0d2fb74a463dc822156e7
stable-late-n100000-w512-m0900-s1888,512,0.9,phase2l_stable_late,100000,1888,late_fused,6,HASH_JOIN,1.3902999999999999,90000,0,sha256:f570cbbf354e04dbc1f358979321f6943968e8a815c0d2fb74a463dc822156e7
stable-late-n100000-w512-m0900-s1888,512,0.9,phase2l_stable_late,100000,1888,late_fused,7,SEQ_SCAN,7.220300000000001,90000,100000,sha256:f570cbbf354e04dbc1f358979321f6943968e8a815c0d2fb74a463dc822156e7
stable-late-n100000-w512-m0900-s1888,512,0.9,phase2l_stable_late,100000,1888,late_fused,8,SEQ_SCAN,0.0337,10000,10000,sha256:f570cbbf354e04dbc1f358979321f6943968e8a815c0d2fb74a463dc822156e7
stable-late-n100000-w512-m0900-s1888,512,0.9,phase2l_stable_late,100000,1888,late_hash_materialized,0,EXPLAIN_ANALYZE,0.0003,0,0,sha256:8c775ff611abc16d74d7b882b9f184805f1ebab78a726a672f21ac5ab0810c9f
stable-late-n100000-w512-m0900-s1888,512,0.9,phase2l_stable_late,100000,1888,late_hash_materialized,1,BATCH_CREATE_TABLE_AS,11.610699999999998,1,0,sha256:8c775ff611abc16d74d7b882b9f184805f1ebab78a726a672f21ac5ab0810c9f
stable-late-n100000-w512-m0900-s1888,512,0.9,phase2l_stable_late,100000,1888,late_hash_materialized,2,CTE,12.383599999999998,0,0,sha256:8c775ff611abc16d74d7b882b9f184805f1ebab78a726a672f21ac5ab0810c9f
stable-late-n100000-w512-m0900-s1888,512,0.9,phase2l_stable_late,100000,1888,late_hash_materialized,3,PROJECTION,732.9254999999999,90000,0,sha256:8c775ff611abc16d74d7b882b9f184805f1ebab78a726a672f21ac5ab0810c9f
stable-late-n100000-w512-m0900-s1888,512,0.9,phase2l_stable_late,100000,1888,late_hash_materialized,4,HASH_JOIN,1.6997,90000,0,sha256:8c775ff611abc16d74d7b882b9f184805f1ebab78a726a672f21ac5ab0810c9f
stable-late-n100000-w512-m0900-s1888,512,0.9,phase2l_stable_late,100000,1888,late_hash_materialized,5,SEQ_SCAN,7.2239,90000,100000,sha256:8c775ff611abc16d74d7b882b9f184805f1ebab78a726a672f21ac5ab0810c9f
stable-late-n100000-w512-m0900-s1888,512,0.9,phase2l_stable_late,100000,1888,late_hash_materialized,6,SEQ_SCAN,0.038799999999999994,10000,10000,sha256:8c775ff611abc16d74d7b882b9f184805f1ebab78a726a672f21ac5ab0810c9f
stable-late-n100000-w512-m0900-s1888,512,0.9,phase2l_stable_late,100000,1888,late_hash_materialized,7,ORDER_BY,62.696099999999994,90000,0,sha256:8c775ff611abc16d74d7b882b9f184805f1ebab78a726a672f21ac5ab0810c9f
stable-late-n100000-w512-m0900-s1888,512,0.9,phase2l_stable_late,100000,1888,late_hash_materialized,8,CTE_SCAN,0.2648,90000,0,sha256:8c775ff611abc16d74d7b882b9f184805f1ebab78a726a672f21ac5ab0810c9f
stable-late-n100000-w512-m0900-s1888,512,0.9,phase2l_stable_late,100000,1888,late_join_materialized,0,EXPLAIN_ANALYZE,0.0003,0,0,sha256:26c7beb699842444e252d17ec55e88fce7462da77b086dbbfc8863980d091221
stable-late-n100000-w512-m0900-s1888,512,0.9,phase2l_stable_late,100000,1888,late_join_materialized,1,BATCH_CREATE_TABLE_AS,13.010199999999998,1,0,sha256:26c7beb699842444e252d17ec55e88fce7462da77b086dbbfc8863980d091221
stable-late-n100000-w512-m0900-s1888,512,0.9,phase2l_stable_late,100000,1888,late_join_materialized,2,CTE,24.00539999999999,0,0,sha256:26c7beb699842444e252d17ec55e88fce7462da77b086dbbfc8863980d091221
stable-late-n100000-w512-m0900-s1888,512,0.9,phase2l_stable_late,100000,1888,late_join_materialized,3,HASH_JOIN,1.2363000000000002,90000,0,sha256:26c7beb699842444e252d17ec55e88fce7462da77b086dbbfc8863980d091221
stable-late-n100000-w512-m0900-s1888,512,0.9,phase2l_stable_late,100000,1888,late_join_materialized,4,SEQ_SCAN,5.5836999999999986,90000,100000,sha256:26c7beb699842444e252d17ec55e88fce7462da77b086dbbfc8863980d091221
stable-late-n100000-w512-m0900-s1888,512,0.9,phase2l_stable_late,100000,1888,late_join_materialized,5,SEQ_SCAN,0.0563,10000,10000,sha256:26c7beb699842444e252d17ec55e88fce7462da77b086dbbfc8863980d091221
stable-late-n100000-w512-m0900-s1888,512,0.9,phase2l_stable_late,100000,1888,late_join_materialized,6,ORDER_BY,85.73229999999998,90000,0,sha256:26c7beb699842444e252d17ec55e88fce7462da77b086dbbfc8863980d091221
stable-late-n100000-w512-m0900-s1888,512,0.9,phase2l_stable_late,100000,1888,late_join_materialized,7,PROJECTION,1224.0546,90000,0,sha256:26c7beb699842444e252d17ec55e88fce7462da77b086dbbfc8863980d091221
stable-late-n100000-w512-m0900-s1888,512,0.9,phase2l_stable_late,100000,1888,late_join_materialized,8,CTE_SCAN,1.4422,90000,0,sha256:26c7beb699842444e252d17ec55e88fce7462da77b086dbbfc8863980d091221
stable-late-n100000-w512-m0900-s1999,512,0.9,phase2l_stable_late,100000,1999,early_hash_materialized,0,EXPLAIN_ANALYZE,0.00039999999999999996,0,0,sha256:aaa00b3bd44c8b4eac45d7e7d997fa62366f1bf46f339190d03cee33407583a0
stable-late-n100000-w512-m0900-s1999,512,0.9,phase2l_stable_late,100000,1999,early_hash_materialized,1,BATCH_CREATE_TABLE_AS,11.9106,1,0,sha256:aaa00b3bd44c8b4eac45d7e7d997fa62366f1bf46f339190d03cee33407583a0
stable-late-n100000-w512-m0900-s1999,512,0.9,phase2l_stable_late,100000,1999,early_hash_materialized,2,CTE,8.589800000000002,0,0,sha256:aaa00b3bd44c8b4eac45d7e7d997fa62366f1bf46f339190d03cee33407583a0
stable-late-n100000-w512-m0900-s1999,512,0.9,phase2l_stable_late,100000,1999,early_hash_materialized,3,PROJECTION,846.7311,100000,0,sha256:aaa00b3bd44c8b4eac45d7e7d997fa62366f1bf46f339190d03cee33407583a0
stable-late-n100000-w512-m0900-s1999,512,0.9,phase2l_stable_late,100000,1999,early_hash_materialized,4,SEQ_SCAN,6.533000000000001,100000,100000,sha256:aaa00b3bd44c8b4eac45d7e7d997fa62366f1bf46f339190d03cee33407583a0
stable-late-n100000-w512-m0900-s1999,512,0.9,phase2l_stable_late,100000,1999,early_hash_materialized,5,PROJECTION,0.6436000000000001,90000,0,sha256:aaa00b3bd44c8b4eac45d7e7d997fa62366f1bf46f339190d03cee33407583a0
stable-late-n100000-w512-m0900-s1999,512,0.9,phase2l_stable_late,100000,1999,early_hash_materialized,6,ORDER_BY,78.0356,90000,0,sha256:aaa00b3bd44c8b4eac45d7e7d997fa62366f1bf46f339190d03cee33407583a0
stable-late-n100000-w512-m0900-s1999,512,0.9,phase2l_stable_late,100000,1999,early_hash_materialized,7,PROJECTION,0.2914,90000,0,sha256:aaa00b3bd44c8b4eac45d7e7d997fa62366f1bf46f339190d03cee33407583a0
stable-late-n100000-w512-m0900-s1999,512,0.9,phase2l_stable_late,100000,1999,early_hash_materialized,8,HASH_JOIN,8.592299999999998,90000,0,sha256:aaa00b3bd44c8b4eac45d7e7d997fa62366f1bf46f339190d03cee33407583a0
stable-late-n100000-w512-m0900-s1999,512,0.9,phase2l_stable_late,100000,1999,early_hash_materialized,9,CTE_SCAN,0.43000000000000005,100000,0,sha256:aaa00b3bd44c8b4eac45d7e7d997fa62366f1bf46f339190d03cee33407583a0
stable-late-n100000-w512-m0900-s1999,512,0.9,phase2l_stable_late,100000,1999,early_hash_materialized,10,SEQ_SCAN,0.049199999999999994,10000,10000,sha256:aaa00b3bd44c8b4eac45d7e7d997fa62366f1bf46f339190d03cee33407583a0
stable-late-n100000-w512-m0900-s1999,512,0.9,phase2l_stable_late,100000,1999,late_fused,0,EXPLAIN_ANALYZE,0.0007,0,0,sha256:f570cbbf354e04dbc1f358979321f6943968e8a815c0d2fb74a463dc822156e7
stable-late-n100000-w512-m0900-s1999,512,0.9,phase2l_stable_late,100000,1999,late_fused,1,BATCH_CREATE_TABLE_AS,13.159400000000003,1,0,sha256:f570cbbf354e04dbc1f358979321f6943968e8a815c0d2fb74a463dc822156e7
stable-late-n100000-w512-m0900-s1999,512,0.9,phase2l_stable_late,100000,1999,late_fused,2,PROJECTION,0.8387999999999999,90000,0,sha256:f570cbbf354e04dbc1f358979321f6943968e8a815c0d2fb74a463dc822156e7
stable-late-n100000-w512-m0900-s1999,512,0.9,phase2l_stable_late,100000,1999,late_fused,3,ORDER_BY,93.12999999999998,90000,0,sha256:f570cbbf354e04dbc1f358979321f6943968e8a815c0d2fb74a463dc822156e7
stable-late-n100000-w512-m0900-s1999,512,0.9,phase2l_stable_late,100000,1999,late_fused,4,PROJECTION,2.6669,90000,0,sha256:f570cbbf354e04dbc1f358979321f6943968e8a815c0d2fb74a463dc822156e7
stable-late-n100000-w512-m0900-s1999,512,0.9,phase2l_stable_late,100000,1999,late_fused,5,PROJECTION,1091.6431000000002,90000,0,sha256:f570cbbf354e04dbc1f358979321f6943968e8a815c0d2fb74a463dc822156e7
stable-late-n100000-w512-m0900-s1999,512,0.9,phase2l_stable_late,100000,1999,late_fused,6,HASH_JOIN,1.8545999999999996,90000,0,sha256:f570cbbf354e04dbc1f358979321f6943968e8a815c0d2fb74a463dc822156e7
stable-late-n100000-w512-m0900-s1999,512,0.9,phase2l_stable_late,100000,1999,late_fused,7,SEQ_SCAN,8.552299999999999,90000,100000,sha256:f570cbbf354e04dbc1f358979321f6943968e8a815c0d2fb74a463dc822156e7
stable-late-n100000-w512-m0900-s1999,512,0.9,phase2l_stable_late,100000,1999,late_fused,8,SEQ_SCAN,0.036,10000,10000,sha256:f570cbbf354e04dbc1f358979321f6943968e8a815c0d2fb74a463dc822156e7
stable-late-n100000-w512-m0900-s1999,512,0.9,phase2l_stable_late,100000,1999,late_hash_materialized,0,EXPLAIN_ANALYZE,0.0003,0,0,sha256:8c775ff611abc16d74d7b882b9f184805f1ebab78a726a672f21ac5ab0810c9f
stable-late-n100000-w512-m0900-s1999,512,0.9,phase2l_stable_late,100000,1999,late_hash_materialized,1,BATCH_CREATE_TABLE_AS,10.791899999999998,1,0,sha256:8c775ff611abc16d74d7b882b9f184805f1ebab78a726a672f21ac5ab0810c9f
stable-late-n100000-w512-m0900-s1999,512,0.9,phase2l_stable_late,100000,1999,late_hash_materialized,2,CTE,10.120299999999997,0,0,sha256:8c775ff611abc16d74d7b882b9f184805f1ebab78a726a672f21ac5ab0810c9f
stable-late-n100000-w512-m0900-s1999,512,0.9,phase2l_stable_late,100000,1999,late_hash_materialized,3,PROJECTION,826.2980000000001,90000,0,sha256:8c775ff611abc16d74d7b882b9f184805f1ebab78a726a672f21ac5ab0810c9f
stable-late-n100000-w512-m0900-s1999,512,0.9,phase2l_stable_late,100000,1999,late_hash_materialized,4,HASH_JOIN,1.9379000000000002,90000,0,sha256:8c775ff611abc16d74d7b882b9f184805f1ebab78a726a672f21ac5ab0810c9f
stable-late-n100000-w512-m0900-s1999,512,0.9,phase2l_stable_late,100000,1999,late_hash_materialized,5,SEQ_SCAN,9.805299999999999,90000,100000,sha256:8c775ff611abc16d74d7b882b9f184805f1ebab78a726a672f21ac5ab0810c9f
stable-late-n100000-w512-m0900-s1999,512,0.9,phase2l_stable_late,100000,1999,late_hash_materialized,6,SEQ_SCAN,0.1036,10000,10000,sha256:8c775ff611abc16d74d7b882b9f184805f1ebab78a726a672f21ac5ab0810c9f
stable-late-n100000-w512-m0900-s1999,512,0.9,phase2l_stable_late,100000,1999,late_hash_materialized,7,ORDER_BY,71.5543,90000,0,sha256:8c775ff611abc16d74d7b882b9f184805f1ebab78a726a672f21ac5ab0810c9f
stable-late-n100000-w512-m0900-s1999,512,0.9,phase2l_stable_late,100000,1999,late_hash_materialized,8,CTE_SCAN,0.2914,90000,0,sha256:8c775ff611abc16d74d7b882b9f184805f1ebab78a726a672f21ac5ab0810c9f
stable-late-n100000-w512-m0900-s1999,512,0.9,phase2l_stable_late,100000,1999,late_join_materialized,0,EXPLAIN_ANALYZE,0.0003,0,0,sha256:26c7beb699842444e252d17ec55e88fce7462da77b086dbbfc8863980d091221
stable-late-n100000-w512-m0900-s1999,512,0.9,phase2l_stable_late,100000,1999,late_join_materialized,1,BATCH_CREATE_TABLE_AS,15.374000000000002,1,0,sha256:26c7beb699842444e252d17ec55e88fce7462da77b086dbbfc8863980d091221
stable-late-n100000-w512-m0900-s1999,512,0.9,phase2l_stable_late,100000,1999,late_join_materialized,2,CTE,30.8372,0,0,sha256:26c7beb699842444e252d17ec55e88fce7462da77b086dbbfc8863980d091221
stable-late-n100000-w512-m0900-s1999,512,0.9,phase2l_stable_late,100000,1999,late_join_materialized,3,HASH_JOIN,1.2869,90000,0,sha256:26c7beb699842444e252d17ec55e88fce7462da77b086dbbfc8863980d091221
stable-late-n100000-w512-m0900-s1999,512,0.9,phase2l_stable_late,100000,1999,late_join_materialized,4,SEQ_SCAN,5.853599999999999,90000,100000,sha256:26c7beb699842444e252d17ec55e88fce7462da77b086dbbfc8863980d091221
stable-late-n100000-w512-m0900-s1999,512,0.9,phase2l_stable_late,100000,1999,late_join_materialized,5,SEQ_SCAN,0.0398,10000,10000,sha256:26c7beb699842444e252d17ec55e88fce7462da77b086dbbfc8863980d091221
stable-late-n100000-w512-m0900-s1999,512,0.9,phase2l_stable_late,100000,1999,late_join_materialized,6,ORDER_BY,88.30670000000002,90000,0,sha256:26c7beb699842444e252d17ec55e88fce7462da77b086dbbfc8863980d091221
stable-late-n100000-w512-m0900-s1999,512,0.9,phase2l_stable_late,100000,1999,late_join_materialized,7,PROJECTION,1345.1800999999998,90000,0,sha256:26c7beb699842444e252d17ec55e88fce7462da77b086dbbfc8863980d091221
stable-late-n100000-w512-m0900-s1999,512,0.9,phase2l_stable_late,100000,1999,late_join_materialized,8,CTE_SCAN,1.3046,90000,0,sha256:26c7beb699842444e252d17ec55e88fce7462da77b086dbbfc8863980d091221
stable-late-n100000-w512-m0900-s2111,512,0.9,phase2l_stable_late,100000,2111,early_hash_materialized,0,EXPLAIN_ANALYZE,0.00019999999999999998,0,0,sha256:aaa00b3bd44c8b4eac45d7e7d997fa62366f1bf46f339190d03cee33407583a0
stable-late-n100000-w512-m0900-s2111,512,0.9,phase2l_stable_late,100000,2111,early_hash_materialized,1,BATCH_CREATE_TABLE_AS,5.9083000000000006,1,0,sha256:aaa00b3bd44c8b4eac45d7e7d997fa62366f1bf46f339190d03cee33407583a0
stable-late-n100000-w512-m0900-s2111,512,0.9,phase2l_stable_late,100000,2111,early_hash_materialized,2,CTE,5.2776999999999985,0,0,sha256:aaa00b3bd44c8b4eac45d7e7d997fa62366f1bf46f339190d03cee33407583a0
stable-late-n100000-w512-m0900-s2111,512,0.9,phase2l_stable_late,100000,2111,early_hash_materialized,3,PROJECTION,611.6006,100000,0,sha256:aaa00b3bd44c8b4eac45d7e7d997fa62366f1bf46f339190d03cee33407583a0
stable-late-n100000-w512-m0900-s2111,512,0.9,phase2l_stable_late,100000,2111,early_hash_materialized,4,SEQ_SCAN,3.711,100000,100000,sha256:aaa00b3bd44c8b4eac45d7e7d997fa62366f1bf46f339190d03cee33407583a0
stable-late-n100000-w512-m0900-s2111,512,0.9,phase2l_stable_late,100000,2111,early_hash_materialized,5,PROJECTION,0.14940000000000003,90000,0,sha256:aaa00b3bd44c8b4eac45d7e7d997fa62366f1bf46f339190d03cee33407583a0
stable-late-n100000-w512-m0900-s2111,512,0.9,phase2l_stable_late,100000,2111,early_hash_materialized,6,ORDER_BY,40.0861,90000,0,sha256:aaa00b3bd44c8b4eac45d7e7d997fa62366f1bf46f339190d03cee33407583a0
stable-late-n100000-w512-m0900-s2111,512,0.9,phase2l_stable_late,100000,2111,early_hash_materialized,7,PROJECTION,0.20479999999999998,90000,0,sha256:aaa00b3bd44c8b4eac45d7e7d997fa62366f1bf46f339190d03cee33407583a0
stable-late-n100000-w512-m0900-s2111,512,0.9,phase2l_stable_late,100000,2111,early_hash_materialized,8,HASH_JOIN,4.4195,90000,0,sha256:aaa00b3bd44c8b4eac45d7e7d997fa62366f1bf46f339190d03cee33407583a0
stable-late-n100000-w512-m0900-s2111,512,0.9,phase2l_stable_late,100000,2111,early_hash_materialized,9,CTE_SCAN,0.38020000000000004,100000,0,sha256:aaa00b3bd44c8b4eac45d7e7d997fa62366f1bf46f339190d03cee33407583a0
stable-late-n100000-w512-m0900-s2111,512,0.9,phase2l_stable_late,100000,2111,early_hash_materialized,10,SEQ_SCAN,0.0206,10000,10000,sha256:aaa00b3bd44c8b4eac45d7e7d997fa62366f1bf46f339190d03cee33407583a0
stable-late-n100000-w512-m0900-s2111,512,0.9,phase2l_stable_late,100000,2111,late_fused,0,EXPLAIN_ANALYZE,0.00019999999999999998,0,0,sha256:f570cbbf354e04dbc1f358979321f6943968e8a815c0d2fb74a463dc822156e7
stable-late-n100000-w512-m0900-s2111,512,0.9,phase2l_stable_late,100000,2111,late_fused,1,BATCH_CREATE_TABLE_AS,8.1943,1,0,sha256:f570cbbf354e04dbc1f358979321f6943968e8a815c0d2fb74a463dc822156e7
stable-late-n100000-w512-m0900-s2111,512,0.9,phase2l_stable_late,100000,2111,late_fused,2,PROJECTION,0.31470000000000004,90000,0,sha256:f570cbbf354e04dbc1f358979321f6943968e8a815c0d2fb74a463dc822156e7
stable-late-n100000-w512-m0900-s2111,512,0.9,phase2l_stable_late,100000,2111,late_fused,3,ORDER_BY,44.24509999999999,90000,0,sha256:f570cbbf354e04dbc1f358979321f6943968e8a815c0d2fb74a463dc822156e7
stable-late-n100000-w512-m0900-s2111,512,0.9,phase2l_stable_late,100000,2111,late_fused,4,PROJECTION,1.6281000000000003,90000,0,sha256:f570cbbf354e04dbc1f358979321f6943968e8a815c0d2fb74a463dc822156e7
stable-late-n100000-w512-m0900-s2111,512,0.9,phase2l_stable_late,100000,2111,late_fused,5,PROJECTION,579.5732000000002,90000,0,sha256:f570cbbf354e04dbc1f358979321f6943968e8a815c0d2fb74a463dc822156e7
stable-late-n100000-w512-m0900-s2111,512,0.9,phase2l_stable_late,100000,2111,late_fused,6,HASH_JOIN,1.0748,90000,0,sha256:f570cbbf354e04dbc1f358979321f6943968e8a815c0d2fb74a463dc822156e7
stable-late-n100000-w512-m0900-s2111,512,0.9,phase2l_stable_late,100000,2111,late_fused,7,SEQ_SCAN,4.7212,90000,100000,sha256:f570cbbf354e04dbc1f358979321f6943968e8a815c0d2fb74a463dc822156e7
stable-late-n100000-w512-m0900-s2111,512,0.9,phase2l_stable_late,100000,2111,late_fused,8,SEQ_SCAN,0.031900000000000005,10000,10000,sha256:f570cbbf354e04dbc1f358979321f6943968e8a815c0d2fb74a463dc822156e7
stable-late-n100000-w512-m0900-s2111,512,0.9,phase2l_stable_late,100000,2111,late_hash_materialized,0,EXPLAIN_ANALYZE,0.0003,0,0,sha256:8c775ff611abc16d74d7b882b9f184805f1ebab78a726a672f21ac5ab0810c9f
stable-late-n100000-w512-m0900-s2111,512,0.9,phase2l_stable_late,100000,2111,late_hash_materialized,1,BATCH_CREATE_TABLE_AS,7.934699999999999,1,0,sha256:8c775ff611abc16d74d7b882b9f184805f1ebab78a726a672f21ac5ab0810c9f
stable-late-n100000-w512-m0900-s2111,512,0.9,phase2l_stable_late,100000,2111,late_hash_materialized,2,CTE,4.7497,0,0,sha256:8c775ff611abc16d74d7b882b9f184805f1ebab78a726a672f21ac5ab0810c9f
stable-late-n100000-w512-m0900-s2111,512,0.9,phase2l_stable_late,100000,2111,late_hash_materialized,3,PROJECTION,490.944,90000,0,sha256:8c775ff611abc16d74d7b882b9f184805f1ebab78a726a672f21ac5ab0810c9f
stable-late-n100000-w512-m0900-s2111,512,0.9,phase2l_stable_late,100000,2111,late_hash_materialized,4,HASH_JOIN,0.9170000000000001,90000,0,sha256:8c775ff611abc16d74d7b882b9f184805f1ebab78a726a672f21ac5ab0810c9f
stable-late-n100000-w512-m0900-s2111,512,0.9,phase2l_stable_late,100000,2111,late_hash_materialized,5,SEQ_SCAN,3.9312,90000,100000,sha256:8c775ff611abc16d74d7b882b9f184805f1ebab78a726a672f21ac5ab0810c9f
stable-late-n100000-w512-m0900-s2111,512,0.9,phase2l_stable_late,100000,2111,late_hash_materialized,6,SEQ_SCAN,0.028199999999999996,10000,10000,sha256:8c775ff611abc16d74d7b882b9f184805f1ebab78a726a672f21ac5ab0810c9f
stable-late-n100000-w512-m0900-s2111,512,0.9,phase2l_stable_late,100000,2111,late_hash_materialized,7,ORDER_BY,47.581099999999985,90000,0,sha256:8c775ff611abc16d74d7b882b9f184805f1ebab78a726a672f21ac5ab0810c9f
stable-late-n100000-w512-m0900-s2111,512,0.9,phase2l_stable_late,100000,2111,late_hash_materialized,8,CTE_SCAN,0.2192,90000,0,sha256:8c775ff611abc16d74d7b882b9f184805f1ebab78a726a672f21ac5ab0810c9f
stable-late-n100000-w512-m0900-s2111,512,0.9,phase2l_stable_late,100000,2111,late_join_materialized,0,EXPLAIN_ANALYZE,0.0003,0,0,sha256:26c7beb699842444e252d17ec55e88fce7462da77b086dbbfc8863980d091221
stable-late-n100000-w512-m0900-s2111,512,0.9,phase2l_stable_late,100000,2111,late_join_materialized,1,BATCH_CREATE_TABLE_AS,9.799699999999998,1,0,sha256:26c7beb699842444e252d17ec55e88fce7462da77b086dbbfc8863980d091221
stable-late-n100000-w512-m0900-s2111,512,0.9,phase2l_stable_late,100000,2111,late_join_materialized,2,CTE,24.763700000000004,0,0,sha256:26c7beb699842444e252d17ec55e88fce7462da77b086dbbfc8863980d091221
stable-late-n100000-w512-m0900-s2111,512,0.9,phase2l_stable_late,100000,2111,late_join_materialized,3,HASH_JOIN,0.9793000000000002,90000,0,sha256:26c7beb699842444e252d17ec55e88fce7462da77b086dbbfc8863980d091221
stable-late-n100000-w512-m0900-s2111,512,0.9,phase2l_stable_late,100000,2111,late_join_materialized,4,SEQ_SCAN,4.724,90000,100000,sha256:26c7beb699842444e252d17ec55e88fce7462da77b086dbbfc8863980d091221
stable-late-n100000-w512-m0900-s2111,512,0.9,phase2l_stable_late,100000,2111,late_join_materialized,5,SEQ_SCAN,0.027800000000000002,10000,10000,sha256:26c7beb699842444e252d17ec55e88fce7462da77b086dbbfc8863980d091221
stable-late-n100000-w512-m0900-s2111,512,0.9,phase2l_stable_late,100000,2111,late_join_materialized,6,ORDER_BY,62.9401,90000,0,sha256:26c7beb699842444e252d17ec55e88fce7462da77b086dbbfc8863980d091221
stable-late-n100000-w512-m0900-s2111,512,0.9,phase2l_stable_late,100000,2111,late_join_materialized,7,PROJECTION,886.2711999999999,90000,0,sha256:26c7beb699842444e252d17ec55e88fce7462da77b086dbbfc8863980d091221
stable-late-n100000-w512-m0900-s2111,512,0.9,phase2l_stable_late,100000,2111,late_join_materialized,8,CTE_SCAN,0.7816000000000001,90000,0,sha256:26c7beb699842444e252d17ec55e88fce7462da77b086dbbfc8863980d091221
stable-late-n100000-w512-m0900-s2222,512,0.9,phase2l_stable_late,100000,2222,early_hash_materialized,0,EXPLAIN_ANALYZE,0.0003,0,0,sha256:aaa00b3bd44c8b4eac45d7e7d997fa62366f1bf46f339190d03cee33407583a0
stable-late-n100000-w512-m0900-s2222,512,0.9,phase2l_stable_late,100000,2222,early_hash_materialized,1,BATCH_CREATE_TABLE_AS,10.2345,1,0,sha256:aaa00b3bd44c8b4eac45d7e7d997fa62366f1bf46f339190d03cee33407583a0
stable-late-n100000-w512-m0900-s2222,512,0.9,phase2l_stable_late,100000,2222,early_hash_materialized,2,CTE,7.897899999999997,0,0,sha256:aaa00b3bd44c8b4eac45d7e7d997fa62366f1bf46f339190d03cee33407583a0
stable-late-n100000-w512-m0900-s2222,512,0.9,phase2l_stable_late,100000,2222,early_hash_materialized,3,PROJECTION,1121.6733000000002,100000,0,sha256:aaa00b3bd44c8b4eac45d7e7d997fa62366f1bf46f339190d03cee33407583a0
stable-late-n100000-w512-m0900-s2222,512,0.9,phase2l_stable_late,100000,2222,early_hash_materialized,4,SEQ_SCAN,5.218,100000,100000,sha256:aaa00b3bd44c8b4eac45d7e7d997fa62366f1bf46f339190d03cee33407583a0
stable-late-n100000-w512-m0900-s2222,512,0.9,phase2l_stable_late,100000,2222,early_hash_materialized,5,PROJECTION,0.31639999999999996,90000,0,sha256:aaa00b3bd44c8b4eac45d7e7d997fa62366f1bf46f339190d03cee33407583a0
stable-late-n100000-w512-m0900-s2222,512,0.9,phase2l_stable_late,100000,2222,early_hash_materialized,6,ORDER_BY,64.18820000000001,90000,0,sha256:aaa00b3bd44c8b4eac45d7e7d997fa62366f1bf46f339190d03cee33407583a0
stable-late-n100000-w512-m0900-s2222,512,0.9,phase2l_stable_late,100000,2222,early_hash_materialized,7,PROJECTION,0.2102,90000,0,sha256:aaa00b3bd44c8b4eac45d7e7d997fa62366f1bf46f339190d03cee33407583a0
stable-late-n100000-w512-m0900-s2222,512,0.9,phase2l_stable_late,100000,2222,early_hash_materialized,8,HASH_JOIN,4.9777999999999984,90000,0,sha256:aaa00b3bd44c8b4eac45d7e7d997fa62366f1bf46f339190d03cee33407583a0
stable-late-n100000-w512-m0900-s2222,512,0.9,phase2l_stable_late,100000,2222,early_hash_materialized,9,CTE_SCAN,0.2637,100000,0,sha256:aaa00b3bd44c8b4eac45d7e7d997fa62366f1bf46f339190d03cee33407583a0
stable-late-n100000-w512-m0900-s2222,512,0.9,phase2l_stable_late,100000,2222,early_hash_materialized,10,SEQ_SCAN,0.0285,10000,10000,sha256:aaa00b3bd44c8b4eac45d7e7d997fa62366f1bf46f339190d03cee33407583a0
stable-late-n100000-w512-m0900-s2222,512,0.9,phase2l_stable_late,100000,2222,late_fused,0,EXPLAIN_ANALYZE,0.0003,0,0,sha256:f570cbbf354e04dbc1f358979321f6943968e8a815c0d2fb74a463dc822156e7
stable-late-n100000-w512-m0900-s2222,512,0.9,phase2l_stable_late,100000,2222,late_fused,1,BATCH_CREATE_TABLE_AS,9.688199999999998,1,0,sha256:f570cbbf354e04dbc1f358979321f6943968e8a815c0d2fb74a463dc822156e7
stable-late-n100000-w512-m0900-s2222,512,0.9,phase2l_stable_late,100000,2222,late_fused,2,PROJECTION,0.37940000000000007,90000,0,sha256:f570cbbf354e04dbc1f358979321f6943968e8a815c0d2fb74a463dc822156e7
stable-late-n100000-w512-m0900-s2222,512,0.9,phase2l_stable_late,100000,2222,late_fused,3,ORDER_BY,47.97970000000002,90000,0,sha256:f570cbbf354e04dbc1f358979321f6943968e8a815c0d2fb74a463dc822156e7
stable-late-n100000-w512-m0900-s2222,512,0.9,phase2l_stable_late,100000,2222,late_fused,4,PROJECTION,1.4898000000000005,90000,0,sha256:f570cbbf354e04dbc1f358979321f6943968e8a815c0d2fb74a463dc822156e7
stable-late-n100000-w512-m0900-s2222,512,0.9,phase2l_stable_late,100000,2222,late_fused,5,PROJECTION,611.2190999999999,90000,0,sha256:f570cbbf354e04dbc1f358979321f6943968e8a815c0d2fb74a463dc822156e7
stable-late-n100000-w512-m0900-s2222,512,0.9,phase2l_stable_late,100000,2222,late_fused,6,HASH_JOIN,1.0295999999999998,90000,0,sha256:f570cbbf354e04dbc1f358979321f6943968e8a815c0d2fb74a463dc822156e7
stable-late-n100000-w512-m0900-s2222,512,0.9,phase2l_stable_late,100000,2222,late_fused,7,SEQ_SCAN,4.9805,90000,100000,sha256:f570cbbf354e04dbc1f358979321f6943968e8a815c0d2fb74a463dc822156e7
stable-late-n100000-w512-m0900-s2222,512,0.9,phase2l_stable_late,100000,2222,late_fused,8,SEQ_SCAN,0.026900000000000004,10000,10000,sha256:f570cbbf354e04dbc1f358979321f6943968e8a815c0d2fb74a463dc822156e7
stable-late-n100000-w512-m0900-s2222,512,0.9,phase2l_stable_late,100000,2222,late_hash_materialized,0,EXPLAIN_ANALYZE,0.0003,0,0,sha256:8c775ff611abc16d74d7b882b9f184805f1ebab78a726a672f21ac5ab0810c9f
stable-late-n100000-w512-m0900-s2222,512,0.9,phase2l_stable_late,100000,2222,late_hash_materialized,1,BATCH_CREATE_TABLE_AS,10.3551,1,0,sha256:8c775ff611abc16d74d7b882b9f184805f1ebab78a726a672f21ac5ab0810c9f
stable-late-n100000-w512-m0900-s2222,512,0.9,phase2l_stable_late,100000,2222,late_hash_materialized,2,CTE,7.1441,0,0,sha256:8c775ff611abc16d74d7b882b9f184805f1ebab78a726a672f21ac5ab0810c9f
stable-late-n100000-w512-m0900-s2222,512,0.9,phase2l_stable_late,100000,2222,late_hash_materialized,3,PROJECTION,1000.3502,90000,0,sha256:8c775ff611abc16d74d7b882b9f184805f1ebab78a726a672f21ac5ab0810c9f
stable-late-n100000-w512-m0900-s2222,512,0.9,phase2l_stable_late,100000,2222,late_hash_materialized,4,HASH_JOIN,1.3201,90000,0,sha256:8c775ff611abc16d74d7b882b9f184805f1ebab78a726a672f21ac5ab0810c9f
stable-late-n100000-w512-m0900-s2222,512,0.9,phase2l_stable_late,100000,2222,late_hash_materialized,5,SEQ_SCAN,5.9769000000000005,90000,100000,sha256:8c775ff611abc16d74d7b882b9f184805f1ebab78a726a672f21ac5ab0810c9f
stable-late-n100000-w512-m0900-s2222,512,0.9,phase2l_stable_late,100000,2222,late_hash_materialized,6,SEQ_SCAN,0.030000000000000006,10000,10000,sha256:8c775ff611abc16d74d7b882b9f184805f1ebab78a726a672f21ac5ab0810c9f
stable-late-n100000-w512-m0900-s2222,512,0.9,phase2l_stable_late,100000,2222,late_hash_materialized,7,ORDER_BY,66.1735,90000,0,sha256:8c775ff611abc16d74d7b882b9f184805f1ebab78a726a672f21ac5ab0810c9f
stable-late-n100000-w512-m0900-s2222,512,0.9,phase2l_stable_late,100000,2222,late_hash_materialized,8,CTE_SCAN,0.272,90000,0,sha256:8c775ff611abc16d74d7b882b9f184805f1ebab78a726a672f21ac5ab0810c9f
stable-late-n100000-w512-m0900-s2222,512,0.9,phase2l_stable_late,100000,2222,late_join_materialized,0,EXPLAIN_ANALYZE,0.00019999999999999998,0,0,sha256:26c7beb699842444e252d17ec55e88fce7462da77b086dbbfc8863980d091221
stable-late-n100000-w512-m0900-s2222,512,0.9,phase2l_stable_late,100000,2222,late_join_materialized,1,BATCH_CREATE_TABLE_AS,8.435099999999998,1,0,sha256:26c7beb699842444e252d17ec55e88fce7462da77b086dbbfc8863980d091221
stable-late-n100000-w512-m0900-s2222,512,0.9,phase2l_stable_late,100000,2222,late_join_materialized,2,CTE,14.582300000000002,0,0,sha256:26c7beb699842444e252d17ec55e88fce7462da77b086dbbfc8863980d091221
stable-late-n100000-w512-m0900-s2222,512,0.9,phase2l_stable_late,100000,2222,late_join_materialized,3,HASH_JOIN,0.8357,90000,0,sha256:26c7beb699842444e252d17ec55e88fce7462da77b086dbbfc8863980d091221
stable-late-n100000-w512-m0900-s2222,512,0.9,phase2l_stable_late,100000,2222,late_join_materialized,4,SEQ_SCAN,3.3576,90000,100000,sha256:26c7beb699842444e252d17ec55e88fce7462da77b086dbbfc8863980d091221
stable-late-n100000-w512-m0900-s2222,512,0.9,phase2l_stable_late,100000,2222,late_join_materialized,5,SEQ_SCAN,0.036199999999999996,10000,10000,sha256:26c7beb699842444e252d17ec55e88fce7462da77b086dbbfc8863980d091221
stable-late-n100000-w512-m0900-s2222,512,0.9,phase2l_stable_late,100000,2222,late_join_materialized,6,ORDER_BY,63.1239,90000,0,sha256:26c7beb699842444e252d17ec55e88fce7462da77b086dbbfc8863980d091221
stable-late-n100000-w512-m0900-s2222,512,0.9,phase2l_stable_late,100000,2222,late_join_materialized,7,PROJECTION,1205.3378,90000,0,sha256:26c7beb699842444e252d17ec55e88fce7462da77b086dbbfc8863980d091221
stable-late-n100000-w512-m0900-s2222,512,0.9,phase2l_stable_late,100000,2222,late_join_materialized,8,CTE_SCAN,0.8904999999999998,90000,0,sha256:26c7beb699842444e252d17ec55e88fce7462da77b086dbbfc8863980d091221
