commit_hash,identifier_width,latency_ms,match_rate,matched_rows,order_position,physical_plan_fingerprint,region_label,repeat_index,result_digest,row_count,run_id,scenario_id,seed,variant
92d2811fd3360a0e31cf1105104a2dbf691c0beb,128,344.43460003240034,0.9,90000,0,sha256:26c7beb699842444e252d17ec55e88fce7462da77b086dbbfc8863980d091221,phase2l_mixed,0,sha256:daa42bebcc1f51e60f45e764a203d050936da0c59b67b9f270d6dd6546f9bd86,100000,20260718T024708217922Z,mixed-n100000-w128-m0900-s1777,1777,late_join_materialized
92d2811fd3360a0e31cf1105104a2dbf691c0beb,128,339.8268999881111,0.9,90000,1,sha256:8c775ff611abc16d74d7b882b9f184805f1ebab78a726a672f21ac5ab0810c9f,phase2l_mixed,0,sha256:daa42bebcc1f51e60f45e764a203d050936da0c59b67b9f270d6dd6546f9bd86,100000,20260718T024708217922Z,mixed-n100000-w128-m0900-s1777,1777,late_hash_materialized
92d2811fd3360a0e31cf1105104a2dbf691c0beb,128,348.17169996676967,0.9,90000,2,sha256:aaa00b3bd44c8b4eac45d7e7d997fa62366f1bf46f339190d03cee33407583a0,phase2l_mixed,0,sha256:daa42bebcc1f51e60f45e764a203d050936da0c59b67b9f270d6dd6546f9bd86,100000,20260718T024708217922Z,mixed-n100000-w128-m0900-s1777,1777,early_hash_materialized
92d2811fd3360a0e31cf1105104a2dbf691c0beb,128,481.6857999539934,0.9,90000,3,sha256:f570cbbf354e04dbc1f358979321f6943968e8a815c0d2fb74a463dc822156e7,phase2l_mixed,0,sha256:daa42bebcc1f51e60f45e764a203d050936da0c59b67b9f270d6dd6546f9bd86,100000,20260718T024708217922Z,mixed-n100000-w128-m0900-s1777,1777,late_fused
92d2811fd3360a0e31cf1105104a2dbf691c0beb,128,360.9219000209123,0.9,90000,0,sha256:8c775ff611abc16d74d7b882b9f184805f1ebab78a726a672f21ac5ab0810c9f,phase2l_mixed,1,sha256:daa42bebcc1f51e60f45e764a203d050936da0c59b67b9f270d6dd6546f9bd86,100000,20260718T024708217922Z,mixed-n100000-w128-m0900-s1777,1777,late_hash_materialized
92d2811fd3360a0e31cf1105104a2dbf691c0beb,128,285.8278999920003,0.9,90000,1,sha256:aaa00b3bd44c8b4eac45d7e7d997fa62366f1bf46f339190d03cee33407583a0,phase2l_mixed,1,sha256:daa42bebcc1f51e60f45e764a203d050936da0c59b67b9f270d6dd6546f9bd86,100000,20260718T024708217922Z,mixed-n100000-w128-m0900-s1777,1777,early_hash_materialized
92d2811fd3360a0e31cf1105104a2dbf691c0beb,128,273.4457000042312,0.9,90000,2,sha256:f570cbbf354e04dbc1f358979321f6943968e8a815c0d2fb74a463dc822156e7,phase2l_mixed,1,sha256:daa42bebcc1f51e60f45e764a203d050936da0c59b67b9f270d6dd6546f9bd86,100000,20260718T024708217922Z,mixed-n100000-w128-m0900-s1777,1777,late_fused
92d2811fd3360a0e31cf1105104a2dbf691c0beb,128,142.06590002868325,0.9,90000,3,sha256:26c7beb699842444e252d17ec55e88fce7462da77b086dbbfc8863980d091221,phase2l_mixed,1,sha256:daa42bebcc1f51e60f45e764a203d050936da0c59b67b9f270d6dd6546f9bd86,100000,20260718T024708217922Z,mixed-n100000-w128-m0900-s1777,1777,late_join_materialized
92d2811fd3360a0e31cf1105104a2dbf691c0beb,128,294.53680000733584,0.9,90000,0,sha256:aaa00b3bd44c8b4eac45d7e7d997fa62366f1bf46f339190d03cee33407583a0,phase2l_mixed,2,sha256:daa42bebcc1f51e60f45e764a203d050936da0c59b67b9f270d6dd6546f9bd86,100000,20260718T024708217922Z,mixed-n100000-w128-m0900-s1777,1777,early_hash_materialized
92d2811fd3360a0e31cf1105104a2dbf691c0beb,128,310.01680000917986,0.9,90000,1,sha256:f570cbbf354e04dbc1f358979321f6943968e8a815c0d2fb74a463dc822156e7,phase2l_mixed,2,sha256:daa42bebcc1f51e60f45e764a203d050936da0c59b67b9f270d6dd6546f9bd86,100000,20260718T024708217922Z,mixed-n100000-w128-m0900-s1777,1777,late_fused
92d2811fd3360a0e31cf1105104a2dbf691c0beb,128,185.70500001078472,0.9,90000,2,sha256:26c7beb699842444e252d17ec55e88fce7462da77b086dbbfc8863980d091221,phase2l_mixed,2,sha256:daa42bebcc1f51e60f45e764a203d050936da0c59b67b9f270d6dd6546f9bd86,100000,20260718T024708217922Z,mixed-n100000-w128-m0900-s1777,1777,late_join_materialized
92d2811fd3360a0e31cf1105104a2dbf691c0beb,128,321.5724999899976,0.9,90000,3,sha256:8c775ff611abc16d74d7b882b9f184805f1ebab78a726a672f21ac5ab0810c9f,phase2l_mixed,2,sha256:daa42bebcc1f51e60f45e764a203d050936da0c59b67b9f270d6dd6546f9bd86,100000,20260718T024708217922Z,mixed-n100000-w128-m0900-s1777,1777,late_hash_materialized
92d2811fd3360a0e31cf1105104a2dbf691c0beb,128,395.3462999779731,0.9,90000,0,sha256:f570cbbf354e04dbc1f358979321f6943968e8a815c0d2fb74a463dc822156e7,phase2l_mixed,3,sha256:daa42bebcc1f51e60f45e764a203d050936da0c59b67b9f270d6dd6546f9bd86,100000,20260718T024708217922Z,mixed-n100000-w128-m0900-s1777,1777,late_fused
92d2811fd3360a0e31cf1105104a2dbf691c0beb,128,169.20910001499578,0.9,90000,1,sha256:26c7beb699842444e252d17ec55e88fce7462da77b086dbbfc8863980d091221,phase2l_mixed,3,sha256:daa42bebcc1f51e60f45e764a203d050936da0c59b67b9f270d6dd6546f9bd86,100000,20260718T024708217922Z,mixed-n100000-w128-m0900-s1777,1777,late_join_materialized
92d2811fd3360a0e31cf1105104a2dbf691c0beb,128,389.33959999121726,0.9,90000,2,sha256:8c775ff611abc16d74d7b882b9f184805f1ebab78a726a672f21ac5ab0810c9f,phase2l_mixed,3,sha256:daa42bebcc1f51e60f45e764a203d050936da0c59b67b9f270d6dd6546f9bd86,100000,20260718T024708217922Z,mixed-n100000-w128-m0900-s1777,1777,late_hash_materialized
92d2811fd3360a0e31cf1105104a2dbf691c0beb,128,406.5262000076473,0.9,90000,3,sha256:aaa00b3bd44c8b4eac45d7e7d997fa62366f1bf46f339190d03cee33407583a0,phase2l_mixed,3,sha256:daa42bebcc1f51e60f45e764a203d050936da0c59b67b9f270d6dd6546f9bd86,100000,20260718T024708217922Z,mixed-n100000-w128-m0900-s1777,1777,early_hash_materialized
92d2811fd3360a0e31cf1105104a2dbf691c0beb,128,257.9227000242099,0.9,90000,0,sha256:26c7beb699842444e252d17ec55e88fce7462da77b086dbbfc8863980d091221,phase2l_mixed,4,sha256:daa42bebcc1f51e60f45e764a203d050936da0c59b67b9f270d6dd6546f9bd86,100000,20260718T024708217922Z,mixed-n100000-w128-m0900-s1777,1777,late_join_materialized
92d2811fd3360a0e31cf1105104a2dbf691c0beb,128,297.41009999997914,0.9,90000,1,sha256:8c775ff611abc16d74d7b882b9f184805f1ebab78a726a672f21ac5ab0810c9f,phase2l_mixed,4,sha256:daa42bebcc1f51e60f45e764a203d050936da0c59b67b9f270d6dd6546f9bd86,100000,20260718T024708217922Z,mixed-n100000-w128-m0900-s1777,1777,late_hash_materialized
92d2811fd3360a0e31cf1105104a2dbf691c0beb,128,332.4905000044964,0.9,90000,2,sha256:aaa00b3bd44c8b4eac45d7e7d997fa62366f1bf46f339190d03cee33407583a0,phase2l_mixed,4,sha256:daa42bebcc1f51e60f45e764a203d050936da0c59b67b9f270d6dd6546f9bd86,100000,20260718T024708217922Z,mixed-n100000-w128-m0900-s1777,1777,early_hash_materialized
92d2811fd3360a0e31cf1105104a2dbf691c0beb,128,1001.4846000121906,0.9,90000,3,sha256:f570cbbf354e04dbc1f358979321f6943968e8a815c0d2fb74a463dc822156e7,phase2l_mixed,4,sha256:daa42bebcc1f51e60f45e764a203d050936da0c59b67b9f270d6dd6546f9bd86,100000,20260718T024708217922Z,mixed-n100000-w128-m0900-s1777,1777,late_fused
92d2811fd3360a0e31cf1105104a2dbf691c0beb,128,342.96319994609803,0.9,90000,0,sha256:8c775ff611abc16d74d7b882b9f184805f1ebab78a726a672f21ac5ab0810c9f,phase2l_mixed,5,sha256:daa42bebcc1f51e60f45e764a203d050936da0c59b67b9f270d6dd6546f9bd86,100000,20260718T024708217922Z,mixed-n100000-w128-m0900-s1777,1777,late_hash_materialized
92d2811fd3360a0e31cf1105104a2dbf691c0beb,128,445.8825000328943,0.9,90000,1,sha256:aaa00b3bd44c8b4eac45d7e7d997fa62366f1bf46f339190d03cee33407583a0,phase2l_mixed,5,sha256:daa42bebcc1f51e60f45e764a203d050936da0c59b67b9f270d6dd6546f9bd86,100000,20260718T024708217922Z,mixed-n100000-w128-m0900-s1777,1777,early_hash_materialized
92d2811fd3360a0e31cf1105104a2dbf691c0beb,128,450.2252000384033,0.9,90000,2,sha256:f570cbbf354e04dbc1f358979321f6943968e8a815c0d2fb74a463dc822156e7,phase2l_mixed,5,sha256:daa42bebcc1f51e60f45e764a203d050936da0c59b67b9f270d6dd6546f9bd86,100000,20260718T024708217922Z,mixed-n100000-w128-m0900-s1777,1777,late_fused
92d2811fd3360a0e31cf1105104a2dbf691c0beb,128,265.1811999967322,0.9,90000,3,sha256:26c7beb699842444e252d17ec55e88fce7462da77b086dbbfc8863980d091221,phase2l_mixed,5,sha256:daa42bebcc1f51e60f45e764a203d050936da0c59b67b9f270d6dd6546f9bd86,100000,20260718T024708217922Z,mixed-n100000-w128-m0900-s1777,1777,late_join_materialized
92d2811fd3360a0e31cf1105104a2dbf691c0beb,128,523.8926999736577,0.9,90000,0,sha256:aaa00b3bd44c8b4eac45d7e7d997fa62366f1bf46f339190d03cee33407583a0,phase2l_mixed,6,sha256:daa42bebcc1f51e60f45e764a203d050936da0c59b67b9f270d6dd6546f9bd86,100000,20260718T024708217922Z,mixed-n100000-w128-m0900-s1777,1777,early_hash_materialized
92d2811fd3360a0e31cf1105104a2dbf691c0beb,128,500.5842999671586,0.9,90000,1,sha256:f570cbbf354e04dbc1f358979321f6943968e8a815c0d2fb74a463dc822156e7,phase2l_mixed,6,sha256:daa42bebcc1f51e60f45e764a203d050936da0c59b67b9f270d6dd6546f9bd86,100000,20260718T024708217922Z,mixed-n100000-w128-m0900-s1777,1777,late_fused
92d2811fd3360a0e31cf1105104a2dbf691c0beb,128,249.60770003963262,0.9,90000,2,sha256:26c7beb699842444e252d17ec55e88fce7462da77b086dbbfc8863980d091221,phase2l_mixed,6,sha256:daa42bebcc1f51e60f45e764a203d050936da0c59b67b9f270d6dd6546f9bd86,100000,20260718T024708217922Z,mixed-n100000-w128-m0900-s1777,1777,late_join_materialized
92d2811fd3360a0e31cf1105104a2dbf691c0beb,128,375.73640001937747,0.9,90000,3,sha256:8c775ff611abc16d74d7b882b9f184805f1ebab78a726a672f21ac5ab0810c9f,phase2l_mixed,6,sha256:daa42bebcc1f51e60f45e764a203d050936da0c59b67b9f270d6dd6546f9bd86,100000,20260718T024708217922Z,mixed-n100000-w128-m0900-s1777,1777,late_hash_materialized
92d2811fd3360a0e31cf1105104a2dbf691c0beb,128,480.34489998826757,0.9,90000,0,sha256:f570cbbf354e04dbc1f358979321f6943968e8a815c0d2fb74a463dc822156e7,phase2l_mixed,7,sha256:daa42bebcc1f51e60f45e764a203d050936da0c59b67b9f270d6dd6546f9bd86,100000,20260718T024708217922Z,mixed-n100000-w128-m0900-s1777,1777,late_fused
92d2811fd3360a0e31cf1105104a2dbf691c0beb,128,283.7582000065595,0.9,90000,1,sha256:26c7beb699842444e252d17ec55e88fce7462da77b086dbbfc8863980d091221,phase2l_mixed,7,sha256:daa42bebcc1f51e60f45e764a203d050936da0c59b67b9f270d6dd6546f9bd86,100000,20260718T024708217922Z,mixed-n100000-w128-m0900-s1777,1777,late_join_materialized
92d2811fd3360a0e31cf1105104a2dbf691c0beb,128,325.8421999635175,0.9,90000,2,sha256:8c775ff611abc16d74d7b882b9f184805f1ebab78a726a672f21ac5ab0810c9f,phase2l_mixed,7,sha256:daa42bebcc1f51e60f45e764a203d050936da0c59b67b9f270d6dd6546f9bd86,100000,20260718T024708217922Z,mixed-n100000-w128-m0900-s1777,1777,late_hash_materialized
92d2811fd3360a0e31cf1105104a2dbf691c0beb,128,385.41570003144443,0.9,90000,3,sha256:aaa00b3bd44c8b4eac45d7e7d997fa62366f1bf46f339190d03cee33407583a0,phase2l_mixed,7,sha256:daa42bebcc1f51e60f45e764a203d050936da0c59b67b9f270d6dd6546f9bd86,100000,20260718T024708217922Z,mixed-n100000-w128-m0900-s1777,1777,early_hash_materialized
92d2811fd3360a0e31cf1105104a2dbf691c0beb,128,224.9129000119865,0.9,90000,0,sha256:26c7beb699842444e252d17ec55e88fce7462da77b086dbbfc8863980d091221,phase2l_mixed,8,sha256:daa42bebcc1f51e60f45e764a203d050936da0c59b67b9f270d6dd6546f9bd86,100000,20260718T024708217922Z,mixed-n100000-w128-m0900-s1777,1777,late_join_materialized
92d2811fd3360a0e31cf1105104a2dbf691c0beb,128,504.39199997344986,0.9,90000,1,sha256:8c775ff611abc16d74d7b882b9f184805f1ebab78a726a672f21ac5ab0810c9f,phase2l_mixed,8,sha256:daa42bebcc1f51e60f45e764a203d050936da0c59b67b9f270d6dd6546f9bd86,100000,20260718T024708217922Z,mixed-n100000-w128-m0900-s1777,1777,late_hash_materialized
92d2811fd3360a0e31cf1105104a2dbf691c0beb,128,454.98549996409565,0.9,90000,2,sha256:aaa00b3bd44c8b4eac45d7e7d997fa62366f1bf46f339190d03cee33407583a0,phase2l_mixed,8,sha256:daa42bebcc1f51e60f45e764a203d050936da0c59b67b9f270d6dd6546f9bd86,100000,20260718T024708217922Z,mixed-n100000-w128-m0900-s1777,1777,early_hash_materialized
92d2811fd3360a0e31cf1105104a2dbf691c0beb,128,1110.8899000100791,0.9,90000,3,sha256:f570cbbf354e04dbc1f358979321f6943968e8a815c0d2fb74a463dc822156e7,phase2l_mixed,8,sha256:daa42bebcc1f51e60f45e764a203d050936da0c59b67b9f270d6dd6546f9bd86,100000,20260718T024708217922Z,mixed-n100000-w128-m0900-s1777,1777,late_fused
92d2811fd3360a0e31cf1105104a2dbf691c0beb,128,405.8860999648459,0.9,90000,0,sha256:8c775ff611abc16d74d7b882b9f184805f1ebab78a726a672f21ac5ab0810c9f,phase2l_mixed,9,sha256:daa42bebcc1f51e60f45e764a203d050936da0c59b67b9f270d6dd6546f9bd86,100000,20260718T024708217922Z,mixed-n100000-w128-m0900-s1777,1777,late_hash_materialized
92d2811fd3360a0e31cf1105104a2dbf691c0beb,128,534.8110000486486,0.9,90000,1,sha256:aaa00b3bd44c8b4eac45d7e7d997fa62366f1bf46f339190d03cee33407583a0,phase2l_mixed,9,sha256:daa42bebcc1f51e60f45e764a203d050936da0c59b67b9f270d6dd6546f9bd86,100000,20260718T024708217922Z,mixed-n100000-w128-m0900-s1777,1777,early_hash_materialized
92d2811fd3360a0e31cf1105104a2dbf691c0beb,128,446.4925000211224,0.9,90000,2,sha256:f570cbbf354e04dbc1f358979321f6943968e8a815c0d2fb74a463dc822156e7,phase2l_mixed,9,sha256:daa42bebcc1f51e60f45e764a203d050936da0c59b67b9f270d6dd6546f9bd86,100000,20260718T024708217922Z,mixed-n100000-w128-m0900-s1777,1777,late_fused
92d2811fd3360a0e31cf1105104a2dbf691c0beb,128,255.92739996500313,0.9,90000,3,sha256:26c7beb699842444e252d17ec55e88fce7462da77b086dbbfc8863980d091221,phase2l_mixed,9,sha256:daa42bebcc1f51e60f45e764a203d050936da0c59b67b9f270d6dd6546f9bd86,100000,20260718T024708217922Z,mixed-n100000-w128-m0900-s1777,1777,late_join_materialized
92d2811fd3360a0e31cf1105104a2dbf691c0beb,128,334.14240001002327,0.9,90000,0,sha256:aaa00b3bd44c8b4eac45d7e7d997fa62366f1bf46f339190d03cee33407583a0,phase2l_mixed,10,sha256:daa42bebcc1f51e60f45e764a203d050936da0c59b67b9f270d6dd6546f9bd86,100000,20260718T024708217922Z,mixed-n100000-w128-m0900-s1777,1777,early_hash_materialized
92d2811fd3360a0e31cf1105104a2dbf691c0beb,128,329.21659998828545,0.9,90000,1,sha256:f570cbbf354e04dbc1f358979321f6943968e8a815c0d2fb74a463dc822156e7,phase2l_mixed,10,sha256:daa42bebcc1f51e60f45e764a203d050936da0c59b67b9f270d6dd6546f9bd86,100000,20260718T024708217922Z,mixed-n100000-w128-m0900-s1777,1777,late_fused
92d2811fd3360a0e31cf1105104a2dbf691c0beb,128,138.60919995931908,0.9,90000,2,sha256:26c7beb699842444e252d17ec55e88fce7462da77b086dbbfc8863980d091221,phase2l_mixed,10,sha256:daa42bebcc1f51e60f45e764a203d050936da0c59b67b9f270d6dd6546f9bd86,100000,20260718T024708217922Z,mixed-n100000-w128-m0900-s1777,1777,late_join_materialized
92d2811fd3360a0e31cf1105104a2dbf691c0beb,128,258.9987000101246,0.9,90000,3,sha256:8c775ff611abc16d74d7b882b9f184805f1ebab78a726a672f21ac5ab0810c9f,phase2l_mixed,10,sha256:daa42bebcc1f51e60f45e764a203d050936da0c59b67b9f270d6dd6546f9bd86,100000,20260718T024708217922Z,mixed-n100000-w128-m0900-s1777,1777,late_hash_materialized
92d2811fd3360a0e31cf1105104a2dbf691c0beb,128,265.6293999752961,0.9,90000,0,sha256:f570cbbf354e04dbc1f358979321f6943968e8a815c0d2fb74a463dc822156e7,phase2l_mixed,11,sha256:daa42bebcc1f51e60f45e764a203d050936da0c59b67b9f270d6dd6546f9bd86,100000,20260718T024708217922Z,mixed-n100000-w128-m0900-s1777,1777,late_fused
92d2811fd3360a0e31cf1105104a2dbf691c0beb,128,166.72570002265275,0.9,90000,1,sha256:26c7beb699842444e252d17ec55e88fce7462da77b086dbbfc8863980d091221,phase2l_mixed,11,sha256:daa42bebcc1f51e60f45e764a203d050936da0c59b67b9f270d6dd6546f9bd86,100000,20260718T024708217922Z,mixed-n100000-w128-m0900-s1777,1777,late_join_materialized
92d2811fd3360a0e31cf1105104a2dbf691c0beb,128,382.32829998014495,0.9,90000,2,sha256:8c775ff611abc16d74d7b882b9f184805f1ebab78a726a672f21ac5ab0810c9f,phase2l_mixed,11,sha256:daa42bebcc1f51e60f45e764a203d050936da0c59b67b9f270d6dd6546f9bd86,100000,20260718T024708217922Z,mixed-n100000-w128-m0900-s1777,1777,late_hash_materialized
92d2811fd3360a0e31cf1105104a2dbf691c0beb,128,238.47949999617413,0.9,90000,3,sha256:aaa00b3bd44c8b4eac45d7e7d997fa62366f1bf46f339190d03cee33407583a0,phase2l_mixed,11,sha256:daa42bebcc1f51e60f45e764a203d050936da0c59b67b9f270d6dd6546f9bd86,100000,20260718T024708217922Z,mixed-n100000-w128-m0900-s1777,1777,early_hash_materialized
92d2811fd3360a0e31cf1105104a2dbf691c0beb,128,132.0729000144638,0.9,90000,0,sha256:26c7beb699842444e252d17ec55e88fce7462da77b086dbbfc8863980d091221,phase2l_mixed,12,sha256:daa42bebcc1f51e60f45e764a203d050936da0c59b67b9f270d6dd6546f9bd86,100000,20260718T024708217922Z,mixed-n100000-w128-m0900-s1777,1777,late_join_materialized
92d2811fd3360a0e31cf1105104a2dbf691c0beb,128,319.27490001544356,0.9,90000,1,sha256:8c775ff611abc16d74d7b882b9f184805f1ebab78a726a672f21ac5ab0810c9f,phase2l_mixed,12,sha256:daa42bebcc1f51e60f45e764a203d050936da0c59b67b9f270d6dd6546f9bd86,100000,20260718T024708217922Z,mixed-n100000-w128-m0900-s1777,1777,late_hash_materialized
92d2811fd3360a0e31cf1105104a2dbf691c0beb,128,270.77790000475943,0.9,90000,2,sha256:aaa00b3bd44c8b4eac45d7e7d997fa62366f1bf46f339190d03cee33407583a0,phase2l_mixed,12,sha256:daa42bebcc1f51e60f45e764a203d050936da0c59b67b9f270d6dd6546f9bd86,100000,20260718T024708217922Z,mixed-n100000-w128-m0900-s1777,1777,early_hash_materialized
92d2811fd3360a0e31cf1105104a2dbf691c0beb,128,318.883600004483,0.9,90000,3,sha256:f570cbbf354e04dbc1f358979321f6943968e8a815c0d2fb74a463dc822156e7,phase2l_mixed,12,sha256:daa42bebcc1f51e60f45e764a203d050936da0c59b67b9f270d6dd6546f9bd86,100000,20260718T024708217922Z,mixed-n100000-w128-m0900-s1777,1777,late_fused
92d2811fd3360a0e31cf1105104a2dbf691c0beb,128,219.67229997972026,0.9,90000,0,sha256:8c775ff611abc16d74d7b882b9f184805f1ebab78a726a672f21ac5ab0810c9f,phase2l_mixed,13,sha256:daa42bebcc1f51e60f45e764a203d050936da0c59b67b9f270d6dd6546f9bd86,100000,20260718T024708217922Z,mixed-n100000-w128-m0900-s1777,1777,late_hash_materialized
92d2811fd3360a0e31cf1105104a2dbf691c0beb,128,247.27619998157024,0.9,90000,1,sha256:aaa00b3bd44c8b4eac45d7e7d997fa62366f1bf46f339190d03cee33407583a0,phase2l_mixed,13,sha256:daa42bebcc1f51e60f45e764a203d050936da0c59b67b9f270d6dd6546f9bd86,100000,20260718T024708217922Z,mixed-n100000-w128-m0900-s1777,1777,early_hash_materialized
92d2811fd3360a0e31cf1105104a2dbf691c0beb,128,231.71319998800755,0.9,90000,2,sha256:f570cbbf354e04dbc1f358979321f6943968e8a815c0d2fb74a463dc822156e7,phase2l_mixed,13,sha256:daa42bebcc1f51e60f45e764a203d050936da0c59b67b9f270d6dd6546f9bd86,100000,20260718T024708217922Z,mixed-n100000-w128-m0900-s1777,1777,late_fused
92d2811fd3360a0e31cf1105104a2dbf691c0beb,128,173.48490003496408,0.9,90000,3,sha256:26c7beb699842444e252d17ec55e88fce7462da77b086dbbfc8863980d091221,phase2l_mixed,13,sha256:daa42bebcc1f51e60f45e764a203d050936da0c59b67b9f270d6dd6546f9bd86,100000,20260718T024708217922Z,mixed-n100000-w128-m0900-s1777,1777,late_join_materialized
92d2811fd3360a0e31cf1105104a2dbf691c0beb,128,269.7833999991417,0.9,90000,0,sha256:aaa00b3bd44c8b4eac45d7e7d997fa62366f1bf46f339190d03cee33407583a0,phase2l_mixed,14,sha256:daa42bebcc1f51e60f45e764a203d050936da0c59b67b9f270d6dd6546f9bd86,100000,20260718T024708217922Z,mixed-n100000-w128-m0900-s1777,1777,early_hash_materialized
92d2811fd3360a0e31cf1105104a2dbf691c0beb,128,295.2435999759473,0.9,90000,1,sha256:f570cbbf354e04dbc1f358979321f6943968e8a815c0d2fb74a463dc822156e7,phase2l_mixed,14,sha256:daa42bebcc1f51e60f45e764a203d050936da0c59b67b9f270d6dd6546f9bd86,100000,20260718T024708217922Z,mixed-n100000-w128-m0900-s1777,1777,late_fused
92d2811fd3360a0e31cf1105104a2dbf691c0beb,128,133.95749998744577,0.9,90000,2,sha256:26c7beb699842444e252d17ec55e88fce7462da77b086dbbfc8863980d091221,phase2l_mixed,14,sha256:daa42bebcc1f51e60f45e764a203d050936da0c59b67b9f270d6dd6546f9bd86,100000,20260718T024708217922Z,mixed-n100000-w128-m0900-s1777,1777,late_join_materialized
92d2811fd3360a0e31cf1105104a2dbf691c0beb,128,311.85560004087165,0.9,90000,3,sha256:8c775ff611abc16d74d7b882b9f184805f1ebab78a726a672f21ac5ab0810c9f,phase2l_mixed,14,sha256:daa42bebcc1f51e60f45e764a203d050936da0c59b67b9f270d6dd6546f9bd86,100000,20260718T024708217922Z,mixed-n100000-w128-m0900-s1777,1777,late_hash_materialized
92d2811fd3360a0e31cf1105104a2dbf691c0beb,128,316.77019997732714,0.9,90000,0,sha256:8c775ff611abc16d74d7b882b9f184805f1ebab78a726a672f21ac5ab0810c9f,phase2l_mixed,0,sha256:d1d6aabbcc0b3ec241b046e28571917952e9b44585c4ea148bd8524197a615e3,100000,20260718T024708217922Z,mixed-n100000-w128-m0900-s1888,1888,late_hash_materialized
92d2811fd3360a0e31cf1105104a2dbf691c0beb,128,324.70649998867884,0.9,90000,1,sha256:aaa00b3bd44c8b4eac45d7e7d997fa62366f1bf46f339190d03cee33407583a0,phase2l_mixed,0,sha256:d1d6aabbcc0b3ec241b046e28571917952e9b44585c4ea148bd8524197a615e3,100000,20260718T024708217922Z,mixed-n100000-w128-m0900-s1888,1888,early_hash_materialized
92d2811fd3360a0e31cf1105104a2dbf691c0beb,128,263.46109999576584,0.9,90000,2,sha256:f570cbbf354e04dbc1f358979321f6943968e8a815c0d2fb74a463dc822156e7,phase2l_mixed,0,sha256:d1d6aabbcc0b3ec241b046e28571917952e9b44585c4ea148bd8524197a615e3,100000,20260718T024708217922Z,mixed-n100000-w128-m0900-s1888,1888,late_fused
92d2811fd3360a0e31cf1105104a2dbf691c0beb,128,272.75669999653473,0.9,90000,3,sha256:26c7beb699842444e252d17ec55e88fce7462da77b086dbbfc8863980d091221,phase2l_mixed,0,sha256:d1d6aabbcc0b3ec241b046e28571917952e9b44585c4ea148bd8524197a615e3,100000,20260718T024708217922Z,mixed-n100000-w128-m0900-s1888,1888,late_join_materialized
92d2811fd3360a0e31cf1105104a2dbf691c0beb,128,308.39279998326674,0.9,90000,0,sha256:aaa00b3bd44c8b4eac45d7e7d997fa62366f1bf46f339190d03cee33407583a0,phase2l_mixed,1,sha256:d1d6aabbcc0b3ec241b046e28571917952e9b44585c4ea148bd8524197a615e3,100000,20260718T024708217922Z,mixed-n100000-w128-m0900-s1888,1888,early_hash_materialized
92d2811fd3360a0e31cf1105104a2dbf691c0beb,128,321.4131999993697,0.9,90000,1,sha256:f570cbbf354e04dbc1f358979321f6943968e8a815c0d2fb74a463dc822156e7,phase2l_mixed,1,sha256:d1d6aabbcc0b3ec241b046e28571917952e9b44585c4ea148bd8524197a615e3,100000,20260718T024708217922Z,mixed-n100000-w128-m0900-s1888,1888,late_fused
92d2811fd3360a0e31cf1105104a2dbf691c0beb,128,237.8925000084564,0.9,90000,2,sha256:26c7beb699842444e252d17ec55e88fce7462da77b086dbbfc8863980d091221,phase2l_mixed,1,sha256:d1d6aabbcc0b3ec241b046e28571917952e9b44585c4ea148bd8524197a615e3,100000,20260718T024708217922Z,mixed-n100000-w128-m0900-s1888,1888,late_join_materialized
92d2811fd3360a0e31cf1105104a2dbf691c0beb,128,254.35820000711828,0.9,90000,3,sha256:8c775ff611abc16d74d7b882b9f184805f1ebab78a726a672f21ac5ab0810c9f,phase2l_mixed,1,sha256:d1d6aabbcc0b3ec241b046e28571917952e9b44585c4ea148bd8524197a615e3,100000,20260718T024708217922Z,mixed-n100000-w128-m0900-s1888,1888,late_hash_materialized
92d2811fd3360a0e31cf1105104a2dbf691c0beb,128,284.14070000872016,0.9,90000,0,sha256:f570cbbf354e04dbc1f358979321f6943968e8a815c0d2fb74a463dc822156e7,phase2l_mixed,2,sha256:d1d6aabbcc0b3ec241b046e28571917952e9b44585c4ea148bd8524197a615e3,100000,20260718T024708217922Z,mixed-n100000-w128-m0900-s1888,1888,late_fused
92d2811fd3360a0e31cf1105104a2dbf691c0beb,128,150.42780002113432,0.9,90000,1,sha256:26c7beb699842444e252d17ec55e88fce7462da77b086dbbfc8863980d091221,phase2l_mixed,2,sha256:d1d6aabbcc0b3ec241b046e28571917952e9b44585c4ea148bd8524197a615e3,100000,20260718T024708217922Z,mixed-n100000-w128-m0900-s1888,1888,late_join_materialized
92d2811fd3360a0e31cf1105104a2dbf691c0beb,128,217.53699996042997,0.9,90000,2,sha256:8c775ff611abc16d74d7b882b9f184805f1ebab78a726a672f21ac5ab0810c9f,phase2l_mixed,2,sha256:d1d6aabbcc0b3ec241b046e28571917952e9b44585c4ea148bd8524197a615e3,100000,20260718T024708217922Z,mixed-n100000-w128-m0900-s1888,1888,late_hash_materialized
92d2811fd3360a0e31cf1105104a2dbf691c0beb,128,247.9522000066936,0.9,90000,3,sha256:aaa00b3bd44c8b4eac45d7e7d997fa62366f1bf46f339190d03cee33407583a0,phase2l_mixed,2,sha256:d1d6aabbcc0b3ec241b046e28571917952e9b44585c4ea148bd8524197a615e3,100000,20260718T024708217922Z,mixed-n100000-w128-m0900-s1888,1888,early_hash_materialized
92d2811fd3360a0e31cf1105104a2dbf691c0beb,128,213.25420000357553,0.9,90000,0,sha256:26c7beb699842444e252d17ec55e88fce7462da77b086dbbfc8863980d091221,phase2l_mixed,3,sha256:d1d6aabbcc0b3ec241b046e28571917952e9b44585c4ea148bd8524197a615e3,100000,20260718T024708217922Z,mixed-n100000-w128-m0900-s1888,1888,late_join_materialized
92d2811fd3360a0e31cf1105104a2dbf691c0beb,128,330.9111000271514,0.9,90000,1,sha256:8c775ff611abc16d74d7b882b9f184805f1ebab78a726a672f21ac5ab0810c9f,phase2l_mixed,3,sha256:d1d6aabbcc0b3ec241b046e28571917952e9b44585c4ea148bd8524197a615e3,100000,20260718T024708217922Z,mixed-n100000-w128-m0900-s1888,1888,late_hash_materialized
92d2811fd3360a0e31cf1105104a2dbf691c0beb,128,249.79989998973906,0.9,90000,2,sha256:aaa00b3bd44c8b4eac45d7e7d997fa62366f1bf46f339190d03cee33407583a0,phase2l_mixed,3,sha256:d1d6aabbcc0b3ec241b046e28571917952e9b44585c4ea148bd8524197a615e3,100000,20260718T024708217922Z,mixed-n100000-w128-m0900-s1888,1888,early_hash_materialized
92d2811fd3360a0e31cf1105104a2dbf691c0beb,128,228.85720001067966,0.9,90000,3,sha256:f570cbbf354e04dbc1f358979321f6943968e8a815c0d2fb74a463dc822156e7,phase2l_mixed,3,sha256:d1d6aabbcc0b3ec241b046e28571917952e9b44585c4ea148bd8524197a615e3,100000,20260718T024708217922Z,mixed-n100000-w128-m0900-s1888,1888,late_fused
92d2811fd3360a0e31cf1105104a2dbf691c0beb,128,212.7254999941215,0.9,90000,0,sha256:8c775ff611abc16d74d7b882b9f184805f1ebab78a726a672f21ac5ab0810c9f,phase2l_mixed,4,sha256:d1d6aabbcc0b3ec241b046e28571917952e9b44585c4ea148bd8524197a615e3,100000,20260718T024708217922Z,mixed-n100000-w128-m0900-s1888,1888,late_hash_materialized
92d2811fd3360a0e31cf1105104a2dbf691c0beb,128,232.49049996957183,0.9,90000,1,sha256:aaa00b3bd44c8b4eac45d7e7d997fa62366f1bf46f339190d03cee33407583a0,phase2l_mixed,4,sha256:d1d6aabbcc0b3ec241b046e28571917952e9b44585c4ea148bd8524197a615e3,100000,20260718T024708217922Z,mixed-n100000-w128-m0900-s1888,1888,early_hash_materialized
92d2811fd3360a0e31cf1105104a2dbf691c0beb,128,227.7786000049673,0.9,90000,2,sha256:f570cbbf354e04dbc1f358979321f6943968e8a815c0d2fb74a463dc822156e7,phase2l_mixed,4,sha256:d1d6aabbcc0b3ec241b046e28571917952e9b44585c4ea148bd8524197a615e3,100000,20260718T024708217922Z,mixed-n100000-w128-m0900-s1888,1888,late_fused
92d2811fd3360a0e31cf1105104a2dbf691c0beb,128,205.07779996842146,0.9,90000,3,sha256:26c7beb699842444e252d17ec55e88fce7462da77b086dbbfc8863980d091221,phase2l_mixed,4,sha256:d1d6aabbcc0b3ec241b046e28571917952e9b44585c4ea148bd8524197a615e3,100000,20260718T024708217922Z,mixed-n100000-w128-m0900-s1888,1888,late_join_materialized
92d2811fd3360a0e31cf1105104a2dbf691c0beb,128,275.95320000546053,0.9,90000,0,sha256:aaa00b3bd44c8b4eac45d7e7d997fa62366f1bf46f339190d03cee33407583a0,phase2l_mixed,5,sha256:d1d6aabbcc0b3ec241b046e28571917952e9b44585c4ea148bd8524197a615e3,100000,20260718T024708217922Z,mixed-n100000-w128-m0900-s1888,1888,early_hash_materialized
92d2811fd3360a0e31cf1105104a2dbf691c0beb,128,275.2089999848977,0.9,90000,1,sha256:f570cbbf354e04dbc1f358979321f6943968e8a815c0d2fb74a463dc822156e7,phase2l_mixed,5,sha256:d1d6aabbcc0b3ec241b046e28571917952e9b44585c4ea148bd8524197a615e3,100000,20260718T024708217922Z,mixed-n100000-w128-m0900-s1888,1888,late_fused
92d2811fd3360a0e31cf1105104a2dbf691c0beb,128,208.39059998979792,0.9,90000,2,sha256:26c7beb699842444e252d17ec55e88fce7462da77b086dbbfc8863980d091221,phase2l_mixed,5,sha256:d1d6aabbcc0b3ec241b046e28571917952e9b44585c4ea148bd8524197a615e3,100000,20260718T024708217922Z,mixed-n100000-w128-m0900-s1888,1888,late_join_materialized
92d2811fd3360a0e31cf1105104a2dbf691c0beb,128,243.03509999299422,0.9,90000,3,sha256:8c775ff611abc16d74d7b882b9f184805f1ebab78a726a672f21ac5ab0810c9f,phase2l_mixed,5,sha256:d1d6aabbcc0b3ec241b046e28571917952e9b44585c4ea148bd8524197a615e3,100000,20260718T024708217922Z,mixed-n100000-w128-m0900-s1888,1888,late_hash_materialized
92d2811fd3360a0e31cf1105104a2dbf691c0beb,128,235.62509997282177,0.9,90000,0,sha256:f570cbbf354e04dbc1f358979321f6943968e8a815c0d2fb74a463dc822156e7,phase2l_mixed,6,sha256:d1d6aabbcc0b3ec241b046e28571917952e9b44585c4ea148bd8524197a615e3,100000,20260718T024708217922Z,mixed-n100000-w128-m0900-s1888,1888,late_fused
92d2811fd3360a0e31cf1105104a2dbf691c0beb,128,253.312700020615,0.9,90000,1,sha256:26c7beb699842444e252d17ec55e88fce7462da77b086dbbfc8863980d091221,phase2l_mixed,6,sha256:d1d6aabbcc0b3ec241b046e28571917952e9b44585c4ea148bd8524197a615e3,100000,20260718T024708217922Z,mixed-n100000-w128-m0900-s1888,1888,late_join_materialized
92d2811fd3360a0e31cf1105104a2dbf691c0beb,128,332.95249997172505,0.9,90000,2,sha256:8c775ff611abc16d74d7b882b9f184805f1ebab78a726a672f21ac5ab0810c9f,phase2l_mixed,6,sha256:d1d6aabbcc0b3ec241b046e28571917952e9b44585c4ea148bd8524197a615e3,100000,20260718T024708217922Z,mixed-n100000-w128-m0900-s1888,1888,late_hash_materialized
92d2811fd3360a0e31cf1105104a2dbf691c0beb,128,264.7181000211276,0.9,90000,3,sha256:aaa00b3bd44c8b4eac45d7e7d997fa62366f1bf46f339190d03cee33407583a0,phase2l_mixed,6,sha256:d1d6aabbcc0b3ec241b046e28571917952e9b44585c4ea148bd8524197a615e3,100000,20260718T024708217922Z,mixed-n100000-w128-m0900-s1888,1888,early_hash_materialized
92d2811fd3360a0e31cf1105104a2dbf691c0beb,128,163.87679998297244,0.9,90000,0,sha256:26c7beb699842444e252d17ec55e88fce7462da77b086dbbfc8863980d091221,phase2l_mixed,7,sha256:d1d6aabbcc0b3ec241b046e28571917952e9b44585c4ea148bd8524197a615e3,100000,20260718T024708217922Z,mixed-n100000-w128-m0900-s1888,1888,late_join_materialized
92d2811fd3360a0e31cf1105104a2dbf691c0beb,128,229.6830999548547,0.9,90000,1,sha256:8c775ff611abc16d74d7b882b9f184805f1ebab78a726a672f21ac5ab0810c9f,phase2l_mixed,7,sha256:d1d6aabbcc0b3ec241b046e28571917952e9b44585c4ea148bd8524197a615e3,100000,20260718T024708217922Z,mixed-n100000-w128-m0900-s1888,1888,late_hash_materialized
92d2811fd3360a0e31cf1105104a2dbf691c0beb,128,291.487300011795,0.9,90000,2,sha256:aaa00b3bd44c8b4eac45d7e7d997fa62366f1bf46f339190d03cee33407583a0,phase2l_mixed,7,sha256:d1d6aabbcc0b3ec241b046e28571917952e9b44585c4ea148bd8524197a615e3,100000,20260718T024708217922Z,mixed-n100000-w128-m0900-s1888,1888,early_hash_materialized
92d2811fd3360a0e31cf1105104a2dbf691c0beb,128,245.64790003933012,0.9,90000,3,sha256:f570cbbf354e04dbc1f358979321f6943968e8a815c0d2fb74a463dc822156e7,phase2l_mixed,7,sha256:d1d6aabbcc0b3ec241b046e28571917952e9b44585c4ea148bd8524197a615e3,100000,20260718T024708217922Z,mixed-n100000-w128-m0900-s1888,1888,late_fused
92d2811fd3360a0e31cf1105104a2dbf691c0beb,128,213.21209997404367,0.9,90000,0,sha256:8c775ff611abc16d74d7b882b9f184805f1ebab78a726a672f21ac5ab0810c9f,phase2l_mixed,8,sha256:d1d6aabbcc0b3ec241b046e28571917952e9b44585c4ea148bd8524197a615e3,100000,20260718T024708217922Z,mixed-n100000-w128-m0900-s1888,1888,late_hash_materialized
92d2811fd3360a0e31cf1105104a2dbf691c0beb,128,325.82729996647686,0.9,90000,1,sha256:aaa00b3bd44c8b4eac45d7e7d997fa62366f1bf46f339190d03cee33407583a0,phase2l_mixed,8,sha256:d1d6aabbcc0b3ec241b046e28571917952e9b44585c4ea148bd8524197a615e3,100000,20260718T024708217922Z,mixed-n100000-w128-m0900-s1888,1888,early_hash_materialized
92d2811fd3360a0e31cf1105104a2dbf691c0beb,128,321.1104999645613,0.9,90000,2,sha256:f570cbbf354e04dbc1f358979321f6943968e8a815c0d2fb74a463dc822156e7,phase2l_mixed,8,sha256:d1d6aabbcc0b3ec241b046e28571917952e9b44585c4ea148bd8524197a615e3,100000,20260718T024708217922Z,mixed-n100000-w128-m0900-s1888,1888,late_fused
92d2811fd3360a0e31cf1105104a2dbf691c0beb,128,183.69109998457134,0.9,90000,3,sha256:26c7beb699842444e252d17ec55e88fce7462da77b086dbbfc8863980d091221,phase2l_mixed,8,sha256:d1d6aabbcc0b3ec241b046e28571917952e9b44585c4ea148bd8524197a615e3,100000,20260718T024708217922Z,mixed-n100000-w128-m0900-s1888,1888,late_join_materialized
92d2811fd3360a0e31cf1105104a2dbf691c0beb,128,363.13690000679344,0.9,90000,0,sha256:aaa00b3bd44c8b4eac45d7e7d997fa62366f1bf46f339190d03cee33407583a0,phase2l_mixed,9,sha256:d1d6aabbcc0b3ec241b046e28571917952e9b44585c4ea148bd8524197a615e3,100000,20260718T024708217922Z,mixed-n100000-w128-m0900-s1888,1888,early_hash_materialized
92d2811fd3360a0e31cf1105104a2dbf691c0beb,128,321.2951000314206,0.9,90000,1,sha256:f570cbbf354e04dbc1f358979321f6943968e8a815c0d2fb74a463dc822156e7,phase2l_mixed,9,sha256:d1d6aabbcc0b3ec241b046e28571917952e9b44585c4ea148bd8524197a615e3,100000,20260718T024708217922Z,mixed-n100000-w128-m0900-s1888,1888,late_fused
92d2811fd3360a0e31cf1105104a2dbf691c0beb,128,276.9203999778256,0.9,90000,2,sha256:26c7beb699842444e252d17ec55e88fce7462da77b086dbbfc8863980d091221,phase2l_mixed,9,sha256:d1d6aabbcc0b3ec241b046e28571917952e9b44585c4ea148bd8524197a615e3,100000,20260718T024708217922Z,mixed-n100000-w128-m0900-s1888,1888,late_join_materialized
92d2811fd3360a0e31cf1105104a2dbf691c0beb,128,338.1173999514431,0.9,90000,3,sha256:8c775ff611abc16d74d7b882b9f184805f1ebab78a726a672f21ac5ab0810c9f,phase2l_mixed,9,sha256:d1d6aabbcc0b3ec241b046e28571917952e9b44585c4ea148bd8524197a615e3,100000,20260718T024708217922Z,mixed-n100000-w128-m0900-s1888,1888,late_hash_materialized
92d2811fd3360a0e31cf1105104a2dbf691c0beb,128,401.03239996824414,0.9,90000,0,sha256:f570cbbf354e04dbc1f358979321f6943968e8a815c0d2fb74a463dc822156e7,phase2l_mixed,10,sha256:d1d6aabbcc0b3ec241b046e28571917952e9b44585c4ea148bd8524197a615e3,100000,20260718T024708217922Z,mixed-n100000-w128-m0900-s1888,1888,late_fused
92d2811fd3360a0e31cf1105104a2dbf691c0beb,128,194.6233999915421,0.9,90000,1,sha256:26c7beb699842444e252d17ec55e88fce7462da77b086dbbfc8863980d091221,phase2l_mixed,10,sha256:d1d6aabbcc0b3ec241b046e28571917952e9b44585c4ea148bd8524197a615e3,100000,20260718T024708217922Z,mixed-n100000-w128-m0900-s1888,1888,late_join_materialized
92d2811fd3360a0e31cf1105104a2dbf691c0beb,128,304.48309995699674,0.9,90000,2,sha256:8c775ff611abc16d74d7b882b9f184805f1ebab78a726a672f21ac5ab0810c9f,phase2l_mixed,10,sha256:d1d6aabbcc0b3ec241b046e28571917952e9b44585c4ea148bd8524197a615e3,100000,20260718T024708217922Z,mixed-n100000-w128-m0900-s1888,1888,late_hash_materialized
92d2811fd3360a0e31cf1105104a2dbf691c0beb,128,349.4137999950908,0.9,90000,3,sha256:aaa00b3bd44c8b4eac45d7e7d997fa62366f1bf46f339190d03cee33407583a0,phase2l_mixed,10,sha256:d1d6aabbcc0b3ec241b046e28571917952e9b44585c4ea148bd8524197a615e3,100000,20260718T024708217922Z,mixed-n100000-w128-m0900-s1888,1888,early_hash_materialized
92d2811fd3360a0e31cf1105104a2dbf691c0beb,128,251.3325999607332,0.9,90000,0,sha256:26c7beb699842444e252d17ec55e88fce7462da77b086dbbfc8863980d091221,phase2l_mixed,11,sha256:d1d6aabbcc0b3ec241b046e28571917952e9b44585c4ea148bd8524197a615e3,100000,20260718T024708217922Z,mixed-n100000-w128-m0900-s1888,1888,late_join_materialized
92d2811fd3360a0e31cf1105104a2dbf691c0beb,128,398.0608000420034,0.9,90000,1,sha256:8c775ff611abc16d74d7b882b9f184805f1ebab78a726a672f21ac5ab0810c9f,phase2l_mixed,11,sha256:d1d6aabbcc0b3ec241b046e28571917952e9b44585c4ea148bd8524197a615e3,100000,20260718T024708217922Z,mixed-n100000-w128-m0900-s1888,1888,late_hash_materialized
92d2811fd3360a0e31cf1105104a2dbf691c0beb,128,335.3263000026345,0.9,90000,2,sha256:aaa00b3bd44c8b4eac45d7e7d997fa62366f1bf46f339190d03cee33407583a0,phase2l_mixed,11,sha256:d1d6aabbcc0b3ec241b046e28571917952e9b44585c4ea148bd8524197a615e3,100000,20260718T024708217922Z,mixed-n100000-w128-m0900-s1888,1888,early_hash_materialized
92d2811fd3360a0e31cf1105104a2dbf691c0beb,128,282.2578999912366,0.9,90000,3,sha256:f570cbbf354e04dbc1f358979321f6943968e8a815c0d2fb74a463dc822156e7,phase2l_mixed,11,sha256:d1d6aabbcc0b3ec241b046e28571917952e9b44585c4ea148bd8524197a615e3,100000,20260718T024708217922Z,mixed-n100000-w128-m0900-s1888,1888,late_fused
92d2811fd3360a0e31cf1105104a2dbf691c0beb,128,336.8775999988429,0.9,90000,0,sha256:8c775ff611abc16d74d7b882b9f184805f1ebab78a726a672f21ac5ab0810c9f,phase2l_mixed,12,sha256:d1d6aabbcc0b3ec241b046e28571917952e9b44585c4ea148bd8524197a615e3,100000,20260718T024708217922Z,mixed-n100000-w128-m0900-s1888,1888,late_hash_materialized
92d2811fd3360a0e31cf1105104a2dbf691c0beb,128,381.29599997773767,0.9,90000,1,sha256:aaa00b3bd44c8b4eac45d7e7d997fa62366f1bf46f339190d03cee33407583a0,phase2l_mixed,12,sha256:d1d6aabbcc0b3ec241b046e28571917952e9b44585c4ea148bd8524197a615e3,100000,20260718T024708217922Z,mixed-n100000-w128-m0900-s1888,1888,early_hash_materialized
92d2811fd3360a0e31cf1105104a2dbf691c0beb,128,399.3336000130512,0.9,90000,2,sha256:f570cbbf354e04dbc1f358979321f6943968e8a815c0d2fb74a463dc822156e7,phase2l_mixed,12,sha256:d1d6aabbcc0b3ec241b046e28571917952e9b44585c4ea148bd8524197a615e3,100000,20260718T024708217922Z,mixed-n100000-w128-m0900-s1888,1888,late_fused
92d2811fd3360a0e31cf1105104a2dbf691c0beb,128,335.72109998203814,0.9,90000,3,sha256:26c7beb699842444e252d17ec55e88fce7462da77b086dbbfc8863980d091221,phase2l_mixed,12,sha256:d1d6aabbcc0b3ec241b046e28571917952e9b44585c4ea148bd8524197a615e3,100000,20260718T024708217922Z,mixed-n100000-w128-m0900-s1888,1888,late_join_materialized
92d2811fd3360a0e31cf1105104a2dbf691c0beb,128,372.9416000423953,0.9,90000,0,sha256:aaa00b3bd44c8b4eac45d7e7d997fa62366f1bf46f339190d03cee33407583a0,phase2l_mixed,13,sha256:d1d6aabbcc0b3ec241b046e28571917952e9b44585c4ea148bd8524197a615e3,100000,20260718T024708217922Z,mixed-n100000-w128-m0900-s1888,1888,early_hash_materialized
92d2811fd3360a0e31cf1105104a2dbf691c0beb,128,375.9857999975793,0.9,90000,1,sha256:f570cbbf354e04dbc1f358979321f6943968e8a815c0d2fb74a463dc822156e7,phase2l_mixed,13,sha256:d1d6aabbcc0b3ec241b046e28571917952e9b44585c4ea148bd8524197a615e3,100000,20260718T024708217922Z,mixed-n100000-w128-m0900-s1888,1888,late_fused
92d2811fd3360a0e31cf1105104a2dbf691c0beb,128,250.18490001093596,0.9,90000,2,sha256:26c7beb699842444e252d17ec55e88fce7462da77b086dbbfc8863980d091221,phase2l_mixed,13,sha256:d1d6aabbcc0b3ec241b046e28571917952e9b44585c4ea148bd8524197a615e3,100000,20260718T024708217922Z,mixed-n100000-w128-m0900-s1888,1888,late_join_materialized
92d2811fd3360a0e31cf1105104a2dbf691c0beb,128,284.70189997460693,0.9,90000,3,sha256:8c775ff611abc16d74d7b882b9f184805f1ebab78a726a672f21ac5ab0810c9f,phase2l_mixed,13,sha256:d1d6aabbcc0b3ec241b046e28571917952e9b44585c4ea148bd8524197a615e3,100000,20260718T024708217922Z,mixed-n100000-w128-m0900-s1888,1888,late_hash_materialized
92d2811fd3360a0e31cf1105104a2dbf691c0beb,128,305.5891999974847,0.9,90000,0,sha256:f570cbbf354e04dbc1f358979321f6943968e8a815c0d2fb74a463dc822156e7,phase2l_mixed,14,sha256:d1d6aabbcc0b3ec241b046e28571917952e9b44585c4ea148bd8524197a615e3,100000,20260718T024708217922Z,mixed-n100000-w128-m0900-s1888,1888,late_fused
92d2811fd3360a0e31cf1105104a2dbf691c0beb,128,170.71089998353273,0.9,90000,1,sha256:26c7beb699842444e252d17ec55e88fce7462da77b086dbbfc8863980d091221,phase2l_mixed,14,sha256:d1d6aabbcc0b3ec241b046e28571917952e9b44585c4ea148bd8524197a615e3,100000,20260718T024708217922Z,mixed-n100000-w128-m0900-s1888,1888,late_join_materialized
92d2811fd3360a0e31cf1105104a2dbf691c0beb,128,265.66079998156056,0.9,90000,2,sha256:8c775ff611abc16d74d7b882b9f184805f1ebab78a726a672f21ac5ab0810c9f,phase2l_mixed,14,sha256:d1d6aabbcc0b3ec241b046e28571917952e9b44585c4ea148bd8524197a615e3,100000,20260718T024708217922Z,mixed-n100000-w128-m0900-s1888,1888,late_hash_materialized
92d2811fd3360a0e31cf1105104a2dbf691c0beb,128,327.7612999663688,0.9,90000,3,sha256:aaa00b3bd44c8b4eac45d7e7d997fa62366f1bf46f339190d03cee33407583a0,phase2l_mixed,14,sha256:d1d6aabbcc0b3ec241b046e28571917952e9b44585c4ea148bd8524197a615e3,100000,20260718T024708217922Z,mixed-n100000-w128-m0900-s1888,1888,early_hash_materialized
92d2811fd3360a0e31cf1105104a2dbf691c0beb,128,200.3083000308834,0.9,90000,0,sha256:26c7beb699842444e252d17ec55e88fce7462da77b086dbbfc8863980d091221,phase2l_mixed,0,sha256:4f1029496d05e915eb0bb486b1b5f96029200e5fd219870fa33a7a577503f4ea,100000,20260718T024708217922Z,mixed-n100000-w128-m0900-s1999,1999,late_join_materialized
92d2811fd3360a0e31cf1105104a2dbf691c0beb,128,386.86490000691265,0.9,90000,1,sha256:8c775ff611abc16d74d7b882b9f184805f1ebab78a726a672f21ac5ab0810c9f,phase2l_mixed,0,sha256:4f1029496d05e915eb0bb486b1b5f96029200e5fd219870fa33a7a577503f4ea,100000,20260718T024708217922Z,mixed-n100000-w128-m0900-s1999,1999,late_hash_materialized
92d2811fd3360a0e31cf1105104a2dbf691c0beb,128,318.6758999945596,0.9,90000,2,sha256:aaa00b3bd44c8b4eac45d7e7d997fa62366f1bf46f339190d03cee33407583a0,phase2l_mixed,0,sha256:4f1029496d05e915eb0bb486b1b5f96029200e5fd219870fa33a7a577503f4ea,100000,20260718T024708217922Z,mixed-n100000-w128-m0900-s1999,1999,early_hash_materialized
92d2811fd3360a0e31cf1105104a2dbf691c0beb,128,259.4082999858074,0.9,90000,3,sha256:f570cbbf354e04dbc1f358979321f6943968e8a815c0d2fb74a463dc822156e7,phase2l_mixed,0,sha256:4f1029496d05e915eb0bb486b1b5f96029200e5fd219870fa33a7a577503f4ea,100000,20260718T024708217922Z,mixed-n100000-w128-m0900-s1999,1999,late_fused
92d2811fd3360a0e31cf1105104a2dbf691c0beb,128,239.2330000293441,0.9,90000,0,sha256:8c775ff611abc16d74d7b882b9f184805f1ebab78a726a672f21ac5ab0810c9f,phase2l_mixed,1,sha256:4f1029496d05e915eb0bb486b1b5f96029200e5fd219870fa33a7a577503f4ea,100000,20260718T024708217922Z,mixed-n100000-w128-m0900-s1999,1999,late_hash_materialized
92d2811fd3360a0e31cf1105104a2dbf691c0beb,128,324.7988999937661,0.9,90000,1,sha256:aaa00b3bd44c8b4eac45d7e7d997fa62366f1bf46f339190d03cee33407583a0,phase2l_mixed,1,sha256:4f1029496d05e915eb0bb486b1b5f96029200e5fd219870fa33a7a577503f4ea,100000,20260718T024708217922Z,mixed-n100000-w128-m0900-s1999,1999,early_hash_materialized
92d2811fd3360a0e31cf1105104a2dbf691c0beb,128,387.1060999808833,0.9,90000,2,sha256:f570cbbf354e04dbc1f358979321f6943968e8a815c0d2fb74a463dc822156e7,phase2l_mixed,1,sha256:4f1029496d05e915eb0bb486b1b5f96029200e5fd219870fa33a7a577503f4ea,100000,20260718T024708217922Z,mixed-n100000-w128-m0900-s1999,1999,late_fused
92d2811fd3360a0e31cf1105104a2dbf691c0beb,128,147.11809996515512,0.9,90000,3,sha256:26c7beb699842444e252d17ec55e88fce7462da77b086dbbfc8863980d091221,phase2l_mixed,1,sha256:4f1029496d05e915eb0bb486b1b5f96029200e5fd219870fa33a7a577503f4ea,100000,20260718T024708217922Z,mixed-n100000-w128-m0900-s1999,1999,late_join_materialized
92d2811fd3360a0e31cf1105104a2dbf691c0beb,128,278.76519999699667,0.9,90000,0,sha256:aaa00b3bd44c8b4eac45d7e7d997fa62366f1bf46f339190d03cee33407583a0,phase2l_mixed,2,sha256:4f1029496d05e915eb0bb486b1b5f96029200e5fd219870fa33a7a577503f4ea,100000,20260718T024708217922Z,mixed-n100000-w128-m0900-s1999,1999,early_hash_materialized
92d2811fd3360a0e31cf1105104a2dbf691c0beb,128,352.85749996546656,0.9,90000,1,sha256:f570cbbf354e04dbc1f358979321f6943968e8a815c0d2fb74a463dc822156e7,phase2l_mixed,2,sha256:4f1029496d05e915eb0bb486b1b5f96029200e5fd219870fa33a7a577503f4ea,100000,20260718T024708217922Z,mixed-n100000-w128-m0900-s1999,1999,late_fused
92d2811fd3360a0e31cf1105104a2dbf691c0beb,128,157.79950004070997,0.9,90000,2,sha256:26c7beb699842444e252d17ec55e88fce7462da77b086dbbfc8863980d091221,phase2l_mixed,2,sha256:4f1029496d05e915eb0bb486b1b5f96029200e5fd219870fa33a7a577503f4ea,100000,20260718T024708217922Z,mixed-n100000-w128-m0900-s1999,1999,late_join_materialized
92d2811fd3360a0e31cf1105104a2dbf691c0beb,128,324.979999975767,0.9,90000,3,sha256:8c775ff611abc16d74d7b882b9f184805f1ebab78a726a672f21ac5ab0810c9f,phase2l_mixed,2,sha256:4f1029496d05e915eb0bb486b1b5f96029200e5fd219870fa33a7a577503f4ea,100000,20260718T024708217922Z,mixed-n100000-w128-m0900-s1999,1999,late_hash_materialized
92d2811fd3360a0e31cf1105104a2dbf691c0beb,128,247.17660003807396,0.9,90000,0,sha256:f570cbbf354e04dbc1f358979321f6943968e8a815c0d2fb74a463dc822156e7,phase2l_mixed,3,sha256:4f1029496d05e915eb0bb486b1b5f96029200e5fd219870fa33a7a577503f4ea,100000,20260718T024708217922Z,mixed-n100000-w128-m0900-s1999,1999,late_fused
92d2811fd3360a0e31cf1105104a2dbf691c0beb,128,236.05809995206073,0.9,90000,1,sha256:26c7beb699842444e252d17ec55e88fce7462da77b086dbbfc8863980d091221,phase2l_mixed,3,sha256:4f1029496d05e915eb0bb486b1b5f96029200e5fd219870fa33a7a577503f4ea,100000,20260718T024708217922Z,mixed-n100000-w128-m0900-s1999,1999,late_join_materialized
92d2811fd3360a0e31cf1105104a2dbf691c0beb,128,214.92990001570433,0.9,90000,2,sha256:8c775ff611abc16d74d7b882b9f184805f1ebab78a726a672f21ac5ab0810c9f,phase2l_mixed,3,sha256:4f1029496d05e915eb0bb486b1b5f96029200e5fd219870fa33a7a577503f4ea,100000,20260718T024708217922Z,mixed-n100000-w128-m0900-s1999,1999,late_hash_materialized
92d2811fd3360a0e31cf1105104a2dbf691c0beb,128,273.3870000229217,0.9,90000,3,sha256:aaa00b3bd44c8b4eac45d7e7d997fa62366f1bf46f339190d03cee33407583a0,phase2l_mixed,3,sha256:4f1029496d05e915eb0bb486b1b5f96029200e5fd219870fa33a7a577503f4ea,100000,20260718T024708217922Z,mixed-n100000-w128-m0900-s1999,1999,early_hash_materialized
92d2811fd3360a0e31cf1105104a2dbf691c0beb,128,266.40650001354516,0.9,90000,0,sha256:26c7beb699842444e252d17ec55e88fce7462da77b086dbbfc8863980d091221,phase2l_mixed,4,sha256:4f1029496d05e915eb0bb486b1b5f96029200e5fd219870fa33a7a577503f4ea,100000,20260718T024708217922Z,mixed-n100000-w128-m0900-s1999,1999,late_join_materialized
92d2811fd3360a0e31cf1105104a2dbf691c0beb,128,226.3820999651216,0.9,90000,1,sha256:8c775ff611abc16d74d7b882b9f184805f1ebab78a726a672f21ac5ab0810c9f,phase2l_mixed,4,sha256:4f1029496d05e915eb0bb486b1b5f96029200e5fd219870fa33a7a577503f4ea,100000,20260718T024708217922Z,mixed-n100000-w128-m0900-s1999,1999,late_hash_materialized
92d2811fd3360a0e31cf1105104a2dbf691c0beb,128,264.45000001695007,0.9,90000,2,sha256:aaa00b3bd44c8b4eac45d7e7d997fa62366f1bf46f339190d03cee33407583a0,phase2l_mixed,4,sha256:4f1029496d05e915eb0bb486b1b5f96029200e5fd219870fa33a7a577503f4ea,100000,20260718T024708217922Z,mixed-n100000-w128-m0900-s1999,1999,early_hash_materialized
92d2811fd3360a0e31cf1105104a2dbf691c0beb,128,222.18709997832775,0.9,90000,3,sha256:f570cbbf354e04dbc1f358979321f6943968e8a815c0d2fb74a463dc822156e7,phase2l_mixed,4,sha256:4f1029496d05e915eb0bb486b1b5f96029200e5fd219870fa33a7a577503f4ea,100000,20260718T024708217922Z,mixed-n100000-w128-m0900-s1999,1999,late_fused
92d2811fd3360a0e31cf1105104a2dbf691c0beb,128,215.28489998308942,0.9,90000,0,sha256:8c775ff611abc16d74d7b882b9f184805f1ebab78a726a672f21ac5ab0810c9f,phase2l_mixed,5,sha256:4f1029496d05e915eb0bb486b1b5f96029200e5fd219870fa33a7a577503f4ea,100000,20260718T024708217922Z,mixed-n100000-w128-m0900-s1999,1999,late_hash_materialized
92d2811fd3360a0e31cf1105104a2dbf691c0beb,128,266.47039997624233,0.9,90000,1,sha256:aaa00b3bd44c8b4eac45d7e7d997fa62366f1bf46f339190d03cee33407583a0,phase2l_mixed,5,sha256:4f1029496d05e915eb0bb486b1b5f96029200e5fd219870fa33a7a577503f4ea,100000,20260718T024708217922Z,mixed-n100000-w128-m0900-s1999,1999,early_hash_materialized
92d2811fd3360a0e31cf1105104a2dbf691c0beb,128,270.9671999909915,0.9,90000,2,sha256:f570cbbf354e04dbc1f358979321f6943968e8a815c0d2fb74a463dc822156e7,phase2l_mixed,5,sha256:4f1029496d05e915eb0bb486b1b5f96029200e5fd219870fa33a7a577503f4ea,100000,20260718T024708217922Z,mixed-n100000-w128-m0900-s1999,1999,late_fused
92d2811fd3360a0e31cf1105104a2dbf691c0beb,128,221.8394999508746,0.9,90000,3,sha256:26c7beb699842444e252d17ec55e88fce7462da77b086dbbfc8863980d091221,phase2l_mixed,5,sha256:4f1029496d05e915eb0bb486b1b5f96029200e5fd219870fa33a7a577503f4ea,100000,20260718T024708217922Z,mixed-n100000-w128-m0900-s1999,1999,late_join_materialized
92d2811fd3360a0e31cf1105104a2dbf691c0beb,128,273.3505999785848,0.9,90000,0,sha256:aaa00b3bd44c8b4eac45d7e7d997fa62366f1bf46f339190d03cee33407583a0,phase2l_mixed,6,sha256:4f1029496d05e915eb0bb486b1b5f96029200e5fd219870fa33a7a577503f4ea,100000,20260718T024708217922Z,mixed-n100000-w128-m0900-s1999,1999,early_hash_materialized
92d2811fd3360a0e31cf1105104a2dbf691c0beb,128,231.85219999868423,0.9,90000,1,sha256:f570cbbf354e04dbc1f358979321f6943968e8a815c0d2fb74a463dc822156e7,phase2l_mixed,6,sha256:4f1029496d05e915eb0bb486b1b5f96029200e5fd219870fa33a7a577503f4ea,100000,20260718T024708217922Z,mixed-n100000-w128-m0900-s1999,1999,late_fused
92d2811fd3360a0e31cf1105104a2dbf691c0beb,128,251.70959997922182,0.9,90000,2,sha256:26c7beb699842444e252d17ec55e88fce7462da77b086dbbfc8863980d091221,phase2l_mixed,6,sha256:4f1029496d05e915eb0bb486b1b5f96029200e5fd219870fa33a7a577503f4ea,100000,20260718T024708217922Z,mixed-n100000-w128-m0900-s1999,1999,late_join_materialized
92d2811fd3360a0e31cf1105104a2dbf691c0beb,128,225.90779996244237,0.9,90000,3,sha256:8c775ff611abc16d74d7b882b9f184805f1ebab78a726a672f21ac5ab0810c9f,phase2l_mixed,6,sha256:4f1029496d05e915eb0bb486b1b5f96029200e5fd219870fa33a7a577503f4ea,100000,20260718T024708217922Z,mixed-n100000-w128-m0900-s1999,1999,late_hash_materialized
92d2811fd3360a0e31cf1105104a2dbf691c0beb,128,278.4891999908723,0.9,90000,0,sha256:f570cbbf354e04dbc1f358979321f6943968e8a815c0d2fb74a463dc822156e7,phase2l_mixed,7,sha256:4f1029496d05e915eb0bb486b1b5f96029200e5fd219870fa33a7a577503f4ea,100000,20260718T024708217922Z,mixed-n100000-w128-m0900-s1999,1999,late_fused
92d2811fd3360a0e31cf1105104a2dbf691c0beb,128,170.45679996954277,0.9,90000,1,sha256:26c7beb699842444e252d17ec55e88fce7462da77b086dbbfc8863980d091221,phase2l_mixed,7,sha256:4f1029496d05e915eb0bb486b1b5f96029200e5fd219870fa33a7a577503f4ea,100000,20260718T024708217922Z,mixed-n100000-w128-m0900-s1999,1999,late_join_materialized
92d2811fd3360a0e31cf1105104a2dbf691c0beb,128,255.97490003565326,0.9,90000,2,sha256:8c775ff611abc16d74d7b882b9f184805f1ebab78a726a672f21ac5ab0810c9f,phase2l_mixed,7,sha256:4f1029496d05e915eb0bb486b1b5f96029200e5fd219870fa33a7a577503f4ea,100000,20260718T024708217922Z,mixed-n100000-w128-m0900-s1999,1999,late_hash_materialized
92d2811fd3360a0e31cf1105104a2dbf691c0beb,128,289.9209000170231,0.9,90000,3,sha256:aaa00b3bd44c8b4eac45d7e7d997fa62366f1bf46f339190d03cee33407583a0,phase2l_mixed,7,sha256:4f1029496d05e915eb0bb486b1b5f96029200e5fd219870fa33a7a577503f4ea,100000,20260718T024708217922Z,mixed-n100000-w128-m0900-s1999,1999,early_hash_materialized
92d2811fd3360a0e31cf1105104a2dbf691c0beb,128,303.16820001462474,0.9,90000,0,sha256:26c7beb699842444e252d17ec55e88fce7462da77b086dbbfc8863980d091221,phase2l_mixed,8,sha256:4f1029496d05e915eb0bb486b1b5f96029200e5fd219870fa33a7a577503f4ea,100000,20260718T024708217922Z,mixed-n100000-w128-m0900-s1999,1999,late_join_materialized
92d2811fd3360a0e31cf1105104a2dbf691c0beb,128,227.93289995752275,0.9,90000,1,sha256:8c775ff611abc16d74d7b882b9f184805f1ebab78a726a672f21ac5ab0810c9f,phase2l_mixed,8,sha256:4f1029496d05e915eb0bb486b1b5f96029200e5fd219870fa33a7a577503f4ea,100000,20260718T024708217922Z,mixed-n100000-w128-m0900-s1999,1999,late_hash_materialized
92d2811fd3360a0e31cf1105104a2dbf691c0beb,128,245.87240000255406,0.9,90000,2,sha256:aaa00b3bd44c8b4eac45d7e7d997fa62366f1bf46f339190d03cee33407583a0,phase2l_mixed,8,sha256:4f1029496d05e915eb0bb486b1b5f96029200e5fd219870fa33a7a577503f4ea,100000,20260718T024708217922Z,mixed-n100000-w128-m0900-s1999,1999,early_hash_materialized
92d2811fd3360a0e31cf1105104a2dbf691c0beb,128,253.04350000806153,0.9,90000,3,sha256:f570cbbf354e04dbc1f358979321f6943968e8a815c0d2fb74a463dc822156e7,phase2l_mixed,8,sha256:4f1029496d05e915eb0bb486b1b5f96029200e5fd219870fa33a7a577503f4ea,100000,20260718T024708217922Z,mixed-n100000-w128-m0900-s1999,1999,late_fused
92d2811fd3360a0e31cf1105104a2dbf691c0beb,128,210.25120001286268,0.9,90000,0,sha256:8c775ff611abc16d74d7b882b9f184805f1ebab78a726a672f21ac5ab0810c9f,phase2l_mixed,9,sha256:4f1029496d05e915eb0bb486b1b5f96029200e5fd219870fa33a7a577503f4ea,100000,20260718T024708217922Z,mixed-n100000-w128-m0900-s1999,1999,late_hash_materialized
92d2811fd3360a0e31cf1105104a2dbf691c0beb,128,270.26249998016283,0.9,90000,1,sha256:aaa00b3bd44c8b4eac45d7e7d997fa62366f1bf46f339190d03cee33407583a0,phase2l_mixed,9,sha256:4f1029496d05e915eb0bb486b1b5f96029200e5fd219870fa33a7a577503f4ea,100000,20260718T024708217922Z,mixed-n100000-w128-m0900-s1999,1999,early_hash_materialized
92d2811fd3360a0e31cf1105104a2dbf691c0beb,128,237.0313000283204,0.9,90000,2,sha256:f570cbbf354e04dbc1f358979321f6943968e8a815c0d2fb74a463dc822156e7,phase2l_mixed,9,sha256:4f1029496d05e915eb0bb486b1b5f96029200e5fd219870fa33a7a577503f4ea,100000,20260718T024708217922Z,mixed-n100000-w128-m0900-s1999,1999,late_fused
92d2811fd3360a0e31cf1105104a2dbf691c0beb,128,206.95329998852685,0.9,90000,3,sha256:26c7beb699842444e252d17ec55e88fce7462da77b086dbbfc8863980d091221,phase2l_mixed,9,sha256:4f1029496d05e915eb0bb486b1b5f96029200e5fd219870fa33a7a577503f4ea,100000,20260718T024708217922Z,mixed-n100000-w128-m0900-s1999,1999,late_join_materialized
92d2811fd3360a0e31cf1105104a2dbf691c0beb,128,268.17120000487193,0.9,90000,0,sha256:aaa00b3bd44c8b4eac45d7e7d997fa62366f1bf46f339190d03cee33407583a0,phase2l_mixed,10,sha256:4f1029496d05e915eb0bb486b1b5f96029200e5fd219870fa33a7a577503f4ea,100000,20260718T024708217922Z,mixed-n100000-w128-m0900-s1999,1999,early_hash_materialized
92d2811fd3360a0e31cf1105104a2dbf691c0beb,128,232.13180003222078,0.9,90000,1,sha256:f570cbbf354e04dbc1f358979321f6943968e8a815c0d2fb74a463dc822156e7,phase2l_mixed,10,sha256:4f1029496d05e915eb0bb486b1b5f96029200e5fd219870fa33a7a577503f4ea,100000,20260718T024708217922Z,mixed-n100000-w128-m0900-s1999,1999,late_fused
92d2811fd3360a0e31cf1105104a2dbf691c0beb,128,138.7125999899581,0.9,90000,2,sha256:26c7beb699842444e252d17ec55e88fce7462da77b086dbbfc8863980d091221,phase2l_mixed,10,sha256:4f1029496d05e915eb0bb486b1b5f96029200e5fd219870fa33a7a577503f4ea,100000,20260718T024708217922Z,mixed-n100000-w128-m0900-s1999,1999,late_join_materialized
92d2811fd3360a0e31cf1105104a2dbf691c0beb,128,314.1796999843791,0.9,90000,3,sha256:8c775ff611abc16d74d7b882b9f184805f1ebab78a726a672f21ac5ab0810c9f,phase2l_mixed,10,sha256:4f1029496d05e915eb0bb486b1b5f96029200e5fd219870fa33a7a577503f4ea,100000,20260718T024708217922Z,mixed-n100000-w128-m0900-s1999,1999,late_hash_materialized
92d2811fd3360a0e31cf1105104a2dbf691c0beb,128,334.31259996723384,0.9,90000,0,sha256:f570cbbf354e04dbc1f358979321f6943968e8a815c0d2fb74a463dc822156e7,phase2l_mixed,11,sha256:4f1029496d05e915eb0bb486b1b5f96029200e5fd219870fa33a7a577503f4ea,100000,20260718T024708217922Z,mixed-n100000-w128-m0900-s1999,1999,late_fused
92d2811fd3360a0e31cf1105104a2dbf691c0beb,128,189.05180000001565,0.9,90000,1,sha256:26c7beb699842444e252d17ec55e88fce7462da77b086dbbfc8863980d091221,phase2l_mixed,11,sha256:4f1029496d05e915eb0bb486b1b5f96029200e5fd219870fa33a7a577503f4ea,100000,20260718T024708217922Z,mixed-n100000-w128-m0900-s1999,1999,late_join_materialized
92d2811fd3360a0e31cf1105104a2dbf691c0beb,128,366.41999997664243,0.9,90000,2,sha256:8c775ff611abc16d74d7b882b9f184805f1ebab78a726a672f21ac5ab0810c9f,phase2l_mixed,11,sha256:4f1029496d05e915eb0bb486b1b5f96029200e5fd219870fa33a7a577503f4ea,100000,20260718T024708217922Z,mixed-n100000-w128-m0900-s1999,1999,late_hash_materialized
92d2811fd3360a0e31cf1105104a2dbf691c0beb,128,286.48200002498925,0.9,90000,3,sha256:aaa00b3bd44c8b4eac45d7e7d997fa62366f1bf46f339190d03cee33407583a0,phase2l_mixed,11,sha256:4f1029496d05e915eb0bb486b1b5f96029200e5fd219870fa33a7a577503f4ea,100000,20260718T024708217922Z,mixed-n100000-w128-m0900-s1999,1999,early_hash_materialized
92d2811fd3360a0e31cf1105104a2dbf691c0beb,128,127.26859998656437,0.9,90000,0,sha256:26c7beb699842444e252d17ec55e88fce7462da77b086dbbfc8863980d091221,phase2l_mixed,12,sha256:4f1029496d05e915eb0bb486b1b5f96029200e5fd219870fa33a7a577503f4ea,100000,20260718T024708217922Z,mixed-n100000-w128-m0900-s1999,1999,late_join_materialized
92d2811fd3360a0e31cf1105104a2dbf691c0beb,128,234.54420000780374,0.9,90000,1,sha256:8c775ff611abc16d74d7b882b9f184805f1ebab78a726a672f21ac5ab0810c9f,phase2l_mixed,12,sha256:4f1029496d05e915eb0bb486b1b5f96029200e5fd219870fa33a7a577503f4ea,100000,20260718T024708217922Z,mixed-n100000-w128-m0900-s1999,1999,late_hash_materialized
92d2811fd3360a0e31cf1105104a2dbf691c0beb,128,377.73220002418384,0.9,90000,2,sha256:aaa00b3bd44c8b4eac45d7e7d997fa62366f1bf46f339190d03cee33407583a0,phase2l_mixed,12,sha256:4f1029496d05e915eb0bb486b1b5f96029200e5fd219870fa33a7a577503f4ea,100000,20260718T024708217922Z,mixed-n100000-w128-m0900-s1999,1999,early_hash_materialized
92d2811fd3360a0e31cf1105104a2dbf691c0beb,128,429.3877999880351,0.9,90000,3,sha256:f570cbbf354e04dbc1f358979321f6943968e8a815c0d2fb74a463dc822156e7,phase2l_mixed,12,sha256:4f1029496d05e915eb0bb486b1b5f96029200e5fd219870fa33a7a577503f4ea,100000,20260718T024708217922Z,mixed-n100000-w128-m0900-s1999,1999,late_fused
92d2811fd3360a0e31cf1105104a2dbf691c0beb,128,376.2198999756947,0.9,90000,0,sha256:8c775ff611abc16d74d7b882b9f184805f1ebab78a726a672f21ac5ab0810c9f,phase2l_mixed,13,sha256:4f1029496d05e915eb0bb486b1b5f96029200e5fd219870fa33a7a577503f4ea,100000,20260718T024708217922Z,mixed-n100000-w128-m0900-s1999,1999,late_hash_materialized
92d2811fd3360a0e31cf1105104a2dbf691c0beb,128,526.5291999676265,0.9,90000,1,sha256:aaa00b3bd44c8b4eac45d7e7d997fa62366f1bf46f339190d03cee33407583a0,phase2l_mixed,13,sha256:4f1029496d05e915eb0bb486b1b5f96029200e5fd219870fa33a7a577503f4ea,100000,20260718T024708217922Z,mixed-n100000-w128-m0900-s1999,1999,early_hash_materialized
92d2811fd3360a0e31cf1105104a2dbf691c0beb,128,594.1463999915868,0.9,90000,2,sha256:f570cbbf354e04dbc1f358979321f6943968e8a815c0d2fb74a463dc822156e7,phase2l_mixed,13,sha256:4f1029496d05e915eb0bb486b1b5f96029200e5fd219870fa33a7a577503f4ea,100000,20260718T024708217922Z,mixed-n100000-w128-m0900-s1999,1999,late_fused
92d2811fd3360a0e31cf1105104a2dbf691c0beb,128,261.43800001591444,0.9,90000,3,sha256:26c7beb699842444e252d17ec55e88fce7462da77b086dbbfc8863980d091221,phase2l_mixed,13,sha256:4f1029496d05e915eb0bb486b1b5f96029200e5fd219870fa33a7a577503f4ea,100000,20260718T024708217922Z,mixed-n100000-w128-m0900-s1999,1999,late_join_materialized
92d2811fd3360a0e31cf1105104a2dbf691c0beb,128,562.4674000428058,0.9,90000,0,sha256:aaa00b3bd44c8b4eac45d7e7d997fa62366f1bf46f339190d03cee33407583a0,phase2l_mixed,14,sha256:4f1029496d05e915eb0bb486b1b5f96029200e5fd219870fa33a7a577503f4ea,100000,20260718T024708217922Z,mixed-n100000-w128-m0900-s1999,1999,early_hash_materialized
92d2811fd3360a0e31cf1105104a2dbf691c0beb,128,694.5586000219919,0.9,90000,1,sha256:f570cbbf354e04dbc1f358979321f6943968e8a815c0d2fb74a463dc822156e7,phase2l_mixed,14,sha256:4f1029496d05e915eb0bb486b1b5f96029200e5fd219870fa33a7a577503f4ea,100000,20260718T024708217922Z,mixed-n100000-w128-m0900-s1999,1999,late_fused
92d2811fd3360a0e31cf1105104a2dbf691c0beb,128,370.29200000688434,0.9,90000,2,sha256:26c7beb699842444e252d17ec55e88fce7462da77b086dbbfc8863980d091221,phase2l_mixed,14,sha256:4f1029496d05e915eb0bb486b1b5f96029200e5fd219870fa33a7a577503f4ea,100000,20260718T024708217922Z,mixed-n100000-w128-m0900-s1999,1999,late_join_materialized
92d2811fd3360a0e31cf1105104a2dbf691c0beb,128,547.0526000135578,0.9,90000,3,sha256:8c775ff611abc16d74d7b882b9f184805f1ebab78a726a672f21ac5ab0810c9f,phase2l_mixed,14,sha256:4f1029496d05e915eb0bb486b1b5f96029200e5fd219870fa33a7a577503f4ea,100000,20260718T024708217922Z,mixed-n100000-w128-m0900-s1999,1999,late_hash_materialized
92d2811fd3360a0e31cf1105104a2dbf691c0beb,128,400.0660000019707,0.9,90000,0,sha256:f570cbbf354e04dbc1f358979321f6943968e8a815c0d2fb74a463dc822156e7,phase2l_mixed,0,sha256:a97617545c83ad882f7feae300678c3b80376aa4de3432c825c66fc2f3b006d7,100000,20260718T024708217922Z,mixed-n100000-w128-m0900-s2111,2111,late_fused
92d2811fd3360a0e31cf1105104a2dbf691c0beb,128,244.5479000452906,0.9,90000,1,sha256:26c7beb699842444e252d17ec55e88fce7462da77b086dbbfc8863980d091221,phase2l_mixed,0,sha256:a97617545c83ad882f7feae300678c3b80376aa4de3432c825c66fc2f3b006d7,100000,20260718T024708217922Z,mixed-n100000-w128-m0900-s2111,2111,late_join_materialized
92d2811fd3360a0e31cf1105104a2dbf691c0beb,128,424.9871000065468,0.9,90000,2,sha256:8c775ff611abc16d74d7b882b9f184805f1ebab78a726a672f21ac5ab0810c9f,phase2l_mixed,0,sha256:a97617545c83ad882f7feae300678c3b80376aa4de3432c825c66fc2f3b006d7,100000,20260718T024708217922Z,mixed-n100000-w128-m0900-s2111,2111,late_hash_materialized
92d2811fd3360a0e31cf1105104a2dbf691c0beb,128,487.27430001599714,0.9,90000,3,sha256:aaa00b3bd44c8b4eac45d7e7d997fa62366f1bf46f339190d03cee33407583a0,phase2l_mixed,0,sha256:a97617545c83ad882f7feae300678c3b80376aa4de3432c825c66fc2f3b006d7,100000,20260718T024708217922Z,mixed-n100000-w128-m0900-s2111,2111,early_hash_materialized
92d2811fd3360a0e31cf1105104a2dbf691c0beb,128,337.46850001625717,0.9,90000,0,sha256:26c7beb699842444e252d17ec55e88fce7462da77b086dbbfc8863980d091221,phase2l_mixed,1,sha256:a97617545c83ad882f7feae300678c3b80376aa4de3432c825c66fc2f3b006d7,100000,20260718T024708217922Z,mixed-n100000-w128-m0900-s2111,2111,late_join_materialized
92d2811fd3360a0e31cf1105104a2dbf691c0beb,128,325.0196000444703,0.9,90000,1,sha256:8c775ff611abc16d74d7b882b9f184805f1ebab78a726a672f21ac5ab0810c9f,phase2l_mixed,1,sha256:a97617545c83ad882f7feae300678c3b80376aa4de3432c825c66fc2f3b006d7,100000,20260718T024708217922Z,mixed-n100000-w128-m0900-s2111,2111,late_hash_materialized
92d2811fd3360a0e31cf1105104a2dbf691c0beb,128,372.4643999594264,0.9,90000,2,sha256:aaa00b3bd44c8b4eac45d7e7d997fa62366f1bf46f339190d03cee33407583a0,phase2l_mixed,1,sha256:a97617545c83ad882f7feae300678c3b80376aa4de3432c825c66fc2f3b006d7,100000,20260718T024708217922Z,mixed-n100000-w128-m0900-s2111,2111,early_hash_materialized
92d2811fd3360a0e31cf1105104a2dbf691c0beb,128,423.33349998807535,0.9,90000,3,sha256:f570cbbf354e04dbc1f358979321f6943968e8a815c0d2fb74a463dc822156e7,phase2l_mixed,1,sha256:a97617545c83ad882f7feae300678c3b80376aa4de3432c825c66fc2f3b006d7,100000,20260718T024708217922Z,mixed-n100000-w128-m0900-s2111,2111,late_fused
92d2811fd3360a0e31cf1105104a2dbf691c0beb,128,428.7690000492148,0.9,90000,0,sha256:8c775ff611abc16d74d7b882b9f184805f1ebab78a726a672f21ac5ab0810c9f,phase2l_mixed,2,sha256:a97617545c83ad882f7feae300678c3b80376aa4de3432c825c66fc2f3b006d7,100000,20260718T024708217922Z,mixed-n100000-w128-m0900-s2111,2111,late_hash_materialized
92d2811fd3360a0e31cf1105104a2dbf691c0beb,128,461.2764999619685,0.9,90000,1,sha256:aaa00b3bd44c8b4eac45d7e7d997fa62366f1bf46f339190d03cee33407583a0,phase2l_mixed,2,sha256:a97617545c83ad882f7feae300678c3b80376aa4de3432c825c66fc2f3b006d7,100000,20260718T024708217922Z,mixed-n100000-w128-m0900-s2111,2111,early_hash_materialized
92d2811fd3360a0e31cf1105104a2dbf691c0beb,128,375.454000022728,0.9,90000,2,sha256:f570cbbf354e04dbc1f358979321f6943968e8a815c0d2fb74a463dc822156e7,phase2l_mixed,2,sha256:a97617545c83ad882f7feae300678c3b80376aa4de3432c825c66fc2f3b006d7,100000,20260718T024708217922Z,mixed-n100000-w128-m0900-s2111,2111,late_fused
92d2811fd3360a0e31cf1105104a2dbf691c0beb,128,230.55579996434972,0.9,90000,3,sha256:26c7beb699842444e252d17ec55e88fce7462da77b086dbbfc8863980d091221,phase2l_mixed,2,sha256:a97617545c83ad882f7feae300678c3b80376aa4de3432c825c66fc2f3b006d7,100000,20260718T024708217922Z,mixed-n100000-w128-m0900-s2111,2111,late_join_materialized
92d2811fd3360a0e31cf1105104a2dbf691c0beb,128,463.57780002290383,0.9,90000,0,sha256:aaa00b3bd44c8b4eac45d7e7d997fa62366f1bf46f339190d03cee33407583a0,phase2l_mixed,3,sha256:a97617545c83ad882f7feae300678c3b80376aa4de3432c825c66fc2f3b006d7,100000,20260718T024708217922Z,mixed-n100000-w128-m0900-s2111,2111,early_hash_materialized
92d2811fd3360a0e31cf1105104a2dbf691c0beb,128,367.86199995549396,0.9,90000,1,sha256:f570cbbf354e04dbc1f358979321f6943968e8a815c0d2fb74a463dc822156e7,phase2l_mixed,3,sha256:a97617545c83ad882f7feae300678c3b80376aa4de3432c825c66fc2f3b006d7,100000,20260718T024708217922Z,mixed-n100000-w128-m0900-s2111,2111,late_fused
92d2811fd3360a0e31cf1105104a2dbf691c0beb,128,200.29629999771714,0.9,90000,2,sha256:26c7beb699842444e252d17ec55e88fce7462da77b086dbbfc8863980d091221,phase2l_mixed,3,sha256:a97617545c83ad882f7feae300678c3b80376aa4de3432c825c66fc2f3b006d7,100000,20260718T024708217922Z,mixed-n100000-w128-m0900-s2111,2111,late_join_materialized
92d2811fd3360a0e31cf1105104a2dbf691c0beb,128,430.6019000359811,0.9,90000,3,sha256:8c775ff611abc16d74d7b882b9f184805f1ebab78a726a672f21ac5ab0810c9f,phase2l_mixed,3,sha256:a97617545c83ad882f7feae300678c3b80376aa4de3432c825c66fc2f3b006d7,100000,20260718T024708217922Z,mixed-n100000-w128-m0900-s2111,2111,late_hash_materialized
92d2811fd3360a0e31cf1105104a2dbf691c0beb,128,440.4448999557644,0.9,90000,0,sha256:f570cbbf354e04dbc1f358979321f6943968e8a815c0d2fb74a463dc822156e7,phase2l_mixed,4,sha256:a97617545c83ad882f7feae300678c3b80376aa4de3432c825c66fc2f3b006d7,100000,20260718T024708217922Z,mixed-n100000-w128-m0900-s2111,2111,late_fused
92d2811fd3360a0e31cf1105104a2dbf691c0beb,128,293.31869998713955,0.9,90000,1,sha256:26c7beb699842444e252d17ec55e88fce7462da77b086dbbfc8863980d091221,phase2l_mixed,4,sha256:a97617545c83ad882f7feae300678c3b80376aa4de3432c825c66fc2f3b006d7,100000,20260718T024708217922Z,mixed-n100000-w128-m0900-s2111,2111,late_join_materialized
92d2811fd3360a0e31cf1105104a2dbf691c0beb,128,382.21700000576675,0.9,90000,2,sha256:8c775ff611abc16d74d7b882b9f184805f1ebab78a726a672f21ac5ab0810c9f,phase2l_mixed,4,sha256:a97617545c83ad882f7feae300678c3b80376aa4de3432c825c66fc2f3b006d7,100000,20260718T024708217922Z,mixed-n100000-w128-m0900-s2111,2111,late_hash_materialized
92d2811fd3360a0e31cf1105104a2dbf691c0beb,128,497.88189999526367,0.9,90000,3,sha256:aaa00b3bd44c8b4eac45d7e7d997fa62366f1bf46f339190d03cee33407583a0,phase2l_mixed,4,sha256:a97617545c83ad882f7feae300678c3b80376aa4de3432c825c66fc2f3b006d7,100000,20260718T024708217922Z,mixed-n100000-w128-m0900-s2111,2111,early_hash_materialized
92d2811fd3360a0e31cf1105104a2dbf691c0beb,128,261.4805999910459,0.9,90000,0,sha256:26c7beb699842444e252d17ec55e88fce7462da77b086dbbfc8863980d091221,phase2l_mixed,5,sha256:a97617545c83ad882f7feae300678c3b80376aa4de3432c825c66fc2f3b006d7,100000,20260718T024708217922Z,mixed-n100000-w128-m0900-s2111,2111,late_join_materialized
92d2811fd3360a0e31cf1105104a2dbf691c0beb,128,405.70430003572255,0.9,90000,1,sha256:8c775ff611abc16d74d7b882b9f184805f1ebab78a726a672f21ac5ab0810c9f,phase2l_mixed,5,sha256:a97617545c83ad882f7feae300678c3b80376aa4de3432c825c66fc2f3b006d7,100000,20260718T024708217922Z,mixed-n100000-w128-m0900-s2111,2111,late_hash_materialized
92d2811fd3360a0e31cf1105104a2dbf691c0beb,128,471.5293000335805,0.9,90000,2,sha256:aaa00b3bd44c8b4eac45d7e7d997fa62366f1bf46f339190d03cee33407583a0,phase2l_mixed,5,sha256:a97617545c83ad882f7feae300678c3b80376aa4de3432c825c66fc2f3b006d7,100000,20260718T024708217922Z,mixed-n100000-w128-m0900-s2111,2111,early_hash_materialized
92d2811fd3360a0e31cf1105104a2dbf691c0beb,128,415.0865999981761,0.9,90000,3,sha256:f570cbbf354e04dbc1f358979321f6943968e8a815c0d2fb74a463dc822156e7,phase2l_mixed,5,sha256:a97617545c83ad882f7feae300678c3b80376aa4de3432c825c66fc2f3b006d7,100000,20260718T024708217922Z,mixed-n100000-w128-m0900-s2111,2111,late_fused
92d2811fd3360a0e31cf1105104a2dbf691c0beb,128,361.55829997733235,0.9,90000,0,sha256:8c775ff611abc16d74d7b882b9f184805f1ebab78a726a672f21ac5ab0810c9f,phase2l_mixed,6,sha256:a97617545c83ad882f7feae300678c3b80376aa4de3432c825c66fc2f3b006d7,100000,20260718T024708217922Z,mixed-n100000-w128-m0900-s2111,2111,late_hash_materialized
92d2811fd3360a0e31cf1105104a2dbf691c0beb,128,389.16279998375103,0.9,90000,1,sha256:aaa00b3bd44c8b4eac45d7e7d997fa62366f1bf46f339190d03cee33407583a0,phase2l_mixed,6,sha256:a97617545c83ad882f7feae300678c3b80376aa4de3432c825c66fc2f3b006d7,100000,20260718T024708217922Z,mixed-n100000-w128-m0900-s2111,2111,early_hash_materialized
92d2811fd3360a0e31cf1105104a2dbf691c0beb,128,341.0364000010304,0.9,90000,2,sha256:f570cbbf354e04dbc1f358979321f6943968e8a815c0d2fb74a463dc822156e7,phase2l_mixed,6,sha256:a97617545c83ad882f7feae300678c3b80376aa4de3432c825c66fc2f3b006d7,100000,20260718T024708217922Z,mixed-n100000-w128-m0900-s2111,2111,late_fused
92d2811fd3360a0e31cf1105104a2dbf691c0beb,128,171.4331000111997,0.9,90000,3,sha256:26c7beb699842444e252d17ec55e88fce7462da77b086dbbfc8863980d091221,phase2l_mixed,6,sha256:a97617545c83ad882f7feae300678c3b80376aa4de3432c825c66fc2f3b006d7,100000,20260718T024708217922Z,mixed-n100000-w128-m0900-s2111,2111,late_join_materialized
92d2811fd3360a0e31cf1105104a2dbf691c0beb,128,316.03719998383895,0.9,90000,0,sha256:aaa00b3bd44c8b4eac45d7e7d997fa62366f1bf46f339190d03cee33407583a0,phase2l_mixed,7,sha256:a97617545c83ad882f7feae300678c3b80376aa4de3432c825c66fc2f3b006d7,100000,20260718T024708217922Z,mixed-n100000-w128-m0900-s2111,2111,early_hash_materialized
92d2811fd3360a0e31cf1105104a2dbf691c0beb,128,268.99860001867637,0.9,90000,1,sha256:f570cbbf354e04dbc1f358979321f6943968e8a815c0d2fb74a463dc822156e7,phase2l_mixed,7,sha256:a97617545c83ad882f7feae300678c3b80376aa4de3432c825c66fc2f3b006d7,100000,20260718T024708217922Z,mixed-n100000-w128-m0900-s2111,2111,late_fused
92d2811fd3360a0e31cf1105104a2dbf691c0beb,128,139.71549994312227,0.9,90000,2,sha256:26c7beb699842444e252d17ec55e88fce7462da77b086dbbfc8863980d091221,phase2l_mixed,7,sha256:a97617545c83ad882f7feae300678c3b80376aa4de3432c825c66fc2f3b006d7,100000,20260718T024708217922Z,mixed-n100000-w128-m0900-s2111,2111,late_join_materialized
92d2811fd3360a0e31cf1105104a2dbf691c0beb,128,252.33280000975356,0.9,90000,3,sha256:8c775ff611abc16d74d7b882b9f184805f1ebab78a726a672f21ac5ab0810c9f,phase2l_mixed,7,sha256:a97617545c83ad882f7feae300678c3b80376aa4de3432c825c66fc2f3b006d7,100000,20260718T024708217922Z,mixed-n100000-w128-m0900-s2111,2111,late_hash_materialized
92d2811fd3360a0e31cf1105104a2dbf691c0beb,128,273.1494000181556,0.9,90000,0,sha256:f570cbbf354e04dbc1f358979321f6943968e8a815c0d2fb74a463dc822156e7,phase2l_mixed,8,sha256:a97617545c83ad882f7feae300678c3b80376aa4de3432c825c66fc2f3b006d7,100000,20260718T024708217922Z,mixed-n100000-w128-m0900-s2111,2111,late_fused
92d2811fd3360a0e31cf1105104a2dbf691c0beb,128,133.35199997527525,0.9,90000,1,sha256:26c7beb699842444e252d17ec55e88fce7462da77b086dbbfc8863980d091221,phase2l_mixed,8,sha256:a97617545c83ad882f7feae300678c3b80376aa4de3432c825c66fc2f3b006d7,100000,20260718T024708217922Z,mixed-n100000-w128-m0900-s2111,2111,late_join_materialized
92d2811fd3360a0e31cf1105104a2dbf691c0beb,128,313.71960003161803,0.9,90000,2,sha256:8c775ff611abc16d74d7b882b9f184805f1ebab78a726a672f21ac5ab0810c9f,phase2l_mixed,8,sha256:a97617545c83ad882f7feae300678c3b80376aa4de3432c825c66fc2f3b006d7,100000,20260718T024708217922Z,mixed-n100000-w128-m0900-s2111,2111,late_hash_materialized
92d2811fd3360a0e31cf1105104a2dbf691c0beb,128,277.77859999332577,0.9,90000,3,sha256:aaa00b3bd44c8b4eac45d7e7d997fa62366f1bf46f339190d03cee33407583a0,phase2l_mixed,8,sha256:a97617545c83ad882f7feae300678c3b80376aa4de3432c825c66fc2f3b006d7,100000,20260718T024708217922Z,mixed-n100000-w128-m0900-s2111,2111,early_hash_materialized
92d2811fd3360a0e31cf1105104a2dbf691c0beb,128,174.35430001933128,0.9,90000,0,sha256:26c7beb699842444e252d17ec55e88fce7462da77b086dbbfc8863980d091221,phase2l_mixed,9,sha256:a97617545c83ad882f7feae300678c3b80376aa4de3432c825c66fc2f3b006d7,100000,20260718T024708217922Z,mixed-n100000-w128-m0900-s2111,2111,late_join_materialized
92d2811fd3360a0e31cf1105104a2dbf691c0beb,128,372.7909000008367,0.9,90000,1,sha256:8c775ff611abc16d74d7b882b9f184805f1ebab78a726a672f21ac5ab0810c9f,phase2l_mixed,9,sha256:a97617545c83ad882f7feae300678c3b80376aa4de3432c825c66fc2f3b006d7,100000,20260718T024708217922Z,mixed-n100000-w128-m0900-s2111,2111,late_hash_materialized
92d2811fd3360a0e31cf1105104a2dbf691c0beb,128,367.1735000098124,0.9,90000,2,sha256:aaa00b3bd44c8b4eac45d7e7d997fa62366f1bf46f339190d03cee33407583a0,phase2l_mixed,9,sha256:a97617545c83ad882f7feae300678c3b80376aa4de3432c825c66fc2f3b006d7,100000,20260718T024708217922Z,mixed-n100000-w128-m0900-s2111,2111,early_hash_materialized
92d2811fd3360a0e31cf1105104a2dbf691c0beb,128,300.3321000142023,0.9,90000,3,sha256:f570cbbf354e04dbc1f358979321f6943968e8a815c0d2fb74a463dc822156e7,phase2l_mixed,9,sha256:a97617545c83ad882f7feae300678c3b80376aa4de3432c825c66fc2f3b006d7,100000,20260718T024708217922Z,mixed-n100000-w128-m0900-s2111,2111,late_fused
92d2811fd3360a0e31cf1105104a2dbf691c0beb,128,301.78660003002733,0.9,90000,0,sha256:8c775ff611abc16d74d7b882b9f184805f1ebab78a726a672f21ac5ab0810c9f,phase2l_mixed,10,sha256:a97617545c83ad882f7feae300678c3b80376aa4de3432c825c66fc2f3b006d7,100000,20260718T024708217922Z,mixed-n100000-w128-m0900-s2111,2111,late_hash_materialized
92d2811fd3360a0e31cf1105104a2dbf691c0beb,128,371.40020000515506,0.9,90000,1,sha256:aaa00b3bd44c8b4eac45d7e7d997fa62366f1bf46f339190d03cee33407583a0,phase2l_mixed,10,sha256:a97617545c83ad882f7feae300678c3b80376aa4de3432c825c66fc2f3b006d7,100000,20260718T024708217922Z,mixed-n100000-w128-m0900-s2111,2111,early_hash_materialized
92d2811fd3360a0e31cf1105104a2dbf691c0beb,128,337.82590000191703,0.9,90000,2,sha256:f570cbbf354e04dbc1f358979321f6943968e8a815c0d2fb74a463dc822156e7,phase2l_mixed,10,sha256:a97617545c83ad882f7feae300678c3b80376aa4de3432c825c66fc2f3b006d7,100000,20260718T024708217922Z,mixed-n100000-w128-m0900-s2111,2111,late_fused
92d2811fd3360a0e31cf1105104a2dbf691c0beb,128,267.5011999672279,0.9,90000,3,sha256:26c7beb699842444e252d17ec55e88fce7462da77b086dbbfc8863980d091221,phase2l_mixed,10,sha256:a97617545c83ad882f7feae300678c3b80376aa4de3432c825c66fc2f3b006d7,100000,20260718T024708217922Z,mixed-n100000-w128-m0900-s2111,2111,late_join_materialized
92d2811fd3360a0e31cf1105104a2dbf691c0beb,128,362.43779998039827,0.9,90000,0,sha256:aaa00b3bd44c8b4eac45d7e7d997fa62366f1bf46f339190d03cee33407583a0,phase2l_mixed,11,sha256:a97617545c83ad882f7feae300678c3b80376aa4de3432c825c66fc2f3b006d7,100000,20260718T024708217922Z,mixed-n100000-w128-m0900-s2111,2111,early_hash_materialized
92d2811fd3360a0e31cf1105104a2dbf691c0beb,128,367.5846999976784,0.9,90000,1,sha256:f570cbbf354e04dbc1f358979321f6943968e8a815c0d2fb74a463dc822156e7,phase2l_mixed,11,sha256:a97617545c83ad882f7feae300678c3b80376aa4de3432c825c66fc2f3b006d7,100000,20260718T024708217922Z,mixed-n100000-w128-m0900-s2111,2111,late_fused
92d2811fd3360a0e31cf1105104a2dbf691c0beb,128,216.64400002919137,0.9,90000,2,sha256:26c7beb699842444e252d17ec55e88fce7462da77b086dbbfc8863980d091221,phase2l_mixed,11,sha256:a97617545c83ad882f7feae300678c3b80376aa4de3432c825c66fc2f3b006d7,100000,20260718T024708217922Z,mixed-n100000-w128-m0900-s2111,2111,late_join_materialized
92d2811fd3360a0e31cf1105104a2dbf691c0beb,128,300.6553000304848,0.9,90000,3,sha256:8c775ff611abc16d74d7b882b9f184805f1ebab78a726a672f21ac5ab0810c9f,phase2l_mixed,11,sha256:a97617545c83ad882f7feae300678c3b80376aa4de3432c825c66fc2f3b006d7,100000,20260718T024708217922Z,mixed-n100000-w128-m0900-s2111,2111,late_hash_materialized
92d2811fd3360a0e31cf1105104a2dbf691c0beb,128,325.16420003958046,0.9,90000,0,sha256:f570cbbf354e04dbc1f358979321f6943968e8a815c0d2fb74a463dc822156e7,phase2l_mixed,12,sha256:a97617545c83ad882f7feae300678c3b80376aa4de3432c825c66fc2f3b006d7,100000,20260718T024708217922Z,mixed-n100000-w128-m0900-s2111,2111,late_fused
92d2811fd3360a0e31cf1105104a2dbf691c0beb,128,187.9039999912493,0.9,90000,1,sha256:26c7beb699842444e252d17ec55e88fce7462da77b086dbbfc8863980d091221,phase2l_mixed,12,sha256:a97617545c83ad882f7feae300678c3b80376aa4de3432c825c66fc2f3b006d7,100000,20260718T024708217922Z,mixed-n100000-w128-m0900-s2111,2111,late_join_materialized
92d2811fd3360a0e31cf1105104a2dbf691c0beb,128,442.2076999908313,0.9,90000,2,sha256:8c775ff611abc16d74d7b882b9f184805f1ebab78a726a672f21ac5ab0810c9f,phase2l_mixed,12,sha256:a97617545c83ad882f7feae300678c3b80376aa4de3432c825c66fc2f3b006d7,100000,20260718T024708217922Z,mixed-n100000-w128-m0900-s2111,2111,late_hash_materialized
92d2811fd3360a0e31cf1105104a2dbf691c0beb,128,367.7192999748513,0.9,90000,3,sha256:aaa00b3bd44c8b4eac45d7e7d997fa62366f1bf46f339190d03cee33407583a0,phase2l_mixed,12,sha256:a97617545c83ad882f7feae300678c3b80376aa4de3432c825c66fc2f3b006d7,100000,20260718T024708217922Z,mixed-n100000-w128-m0900-s2111,2111,early_hash_materialized
92d2811fd3360a0e31cf1105104a2dbf691c0beb,128,253.33859998499975,0.9,90000,0,sha256:26c7beb699842444e252d17ec55e88fce7462da77b086dbbfc8863980d091221,phase2l_mixed,13,sha256:a97617545c83ad882f7feae300678c3b80376aa4de3432c825c66fc2f3b006d7,100000,20260718T024708217922Z,mixed-n100000-w128-m0900-s2111,2111,late_join_materialized
92d2811fd3360a0e31cf1105104a2dbf691c0beb,128,347.67249994911253,0.9,90000,1,sha256:8c775ff611abc16d74d7b882b9f184805f1ebab78a726a672f21ac5ab0810c9f,phase2l_mixed,13,sha256:a97617545c83ad882f7feae300678c3b80376aa4de3432c825c66fc2f3b006d7,100000,20260718T024708217922Z,mixed-n100000-w128-m0900-s2111,2111,late_hash_materialized
92d2811fd3360a0e31cf1105104a2dbf691c0beb,128,363.9162000035867,0.9,90000,2,sha256:aaa00b3bd44c8b4eac45d7e7d997fa62366f1bf46f339190d03cee33407583a0,phase2l_mixed,13,sha256:a97617545c83ad882f7feae300678c3b80376aa4de3432c825c66fc2f3b006d7,100000,20260718T024708217922Z,mixed-n100000-w128-m0900-s2111,2111,early_hash_materialized
92d2811fd3360a0e31cf1105104a2dbf691c0beb,128,375.37090003024787,0.9,90000,3,sha256:f570cbbf354e04dbc1f358979321f6943968e8a815c0d2fb74a463dc822156e7,phase2l_mixed,13,sha256:a97617545c83ad882f7feae300678c3b80376aa4de3432c825c66fc2f3b006d7,100000,20260718T024708217922Z,mixed-n100000-w128-m0900-s2111,2111,late_fused
92d2811fd3360a0e31cf1105104a2dbf691c0beb,128,319.7374999872409,0.9,90000,0,sha256:8c775ff611abc16d74d7b882b9f184805f1ebab78a726a672f21ac5ab0810c9f,phase2l_mixed,14,sha256:a97617545c83ad882f7feae300678c3b80376aa4de3432c825c66fc2f3b006d7,100000,20260718T024708217922Z,mixed-n100000-w128-m0900-s2111,2111,late_hash_materialized
92d2811fd3360a0e31cf1105104a2dbf691c0beb,128,411.6789000108838,0.9,90000,1,sha256:aaa00b3bd44c8b4eac45d7e7d997fa62366f1bf46f339190d03cee33407583a0,phase2l_mixed,14,sha256:a97617545c83ad882f7feae300678c3b80376aa4de3432c825c66fc2f3b006d7,100000,20260718T024708217922Z,mixed-n100000-w128-m0900-s2111,2111,early_hash_materialized
92d2811fd3360a0e31cf1105104a2dbf691c0beb,128,311.41759996535257,0.9,90000,2,sha256:f570cbbf354e04dbc1f358979321f6943968e8a815c0d2fb74a463dc822156e7,phase2l_mixed,14,sha256:a97617545c83ad882f7feae300678c3b80376aa4de3432c825c66fc2f3b006d7,100000,20260718T024708217922Z,mixed-n100000-w128-m0900-s2111,2111,late_fused
92d2811fd3360a0e31cf1105104a2dbf691c0beb,128,215.23130004061386,0.9,90000,3,sha256:26c7beb699842444e252d17ec55e88fce7462da77b086dbbfc8863980d091221,phase2l_mixed,14,sha256:a97617545c83ad882f7feae300678c3b80376aa4de3432c825c66fc2f3b006d7,100000,20260718T024708217922Z,mixed-n100000-w128-m0900-s2111,2111,late_join_materialized
92d2811fd3360a0e31cf1105104a2dbf691c0beb,128,176.03050003526732,0.9,90000,0,sha256:26c7beb699842444e252d17ec55e88fce7462da77b086dbbfc8863980d091221,phase2l_mixed,0,sha256:8988dafa645176fb1b052f2dc1a0aeba2b202ffd8a53e97a9ec9eac1cd5d0c5c,100000,20260718T024708217922Z,mixed-n100000-w128-m0900-s2222,2222,late_join_materialized
92d2811fd3360a0e31cf1105104a2dbf691c0beb,128,382.6227000099607,0.9,90000,1,sha256:8c775ff611abc16d74d7b882b9f184805f1ebab78a726a672f21ac5ab0810c9f,phase2l_mixed,0,sha256:8988dafa645176fb1b052f2dc1a0aeba2b202ffd8a53e97a9ec9eac1cd5d0c5c,100000,20260718T024708217922Z,mixed-n100000-w128-m0900-s2222,2222,late_hash_materialized
92d2811fd3360a0e31cf1105104a2dbf691c0beb,128,394.9152999557555,0.9,90000,2,sha256:aaa00b3bd44c8b4eac45d7e7d997fa62366f1bf46f339190d03cee33407583a0,phase2l_mixed,0,sha256:8988dafa645176fb1b052f2dc1a0aeba2b202ffd8a53e97a9ec9eac1cd5d0c5c,100000,20260718T024708217922Z,mixed-n100000-w128-m0900-s2222,2222,early_hash_materialized
92d2811fd3360a0e31cf1105104a2dbf691c0beb,128,446.4855999685824,0.9,90000,3,sha256:f570cbbf354e04dbc1f358979321f6943968e8a815c0d2fb74a463dc822156e7,phase2l_mixed,0,sha256:8988dafa645176fb1b052f2dc1a0aeba2b202ffd8a53e97a9ec9eac1cd5d0c5c,100000,20260718T024708217922Z,mixed-n100000-w128-m0900-s2222,2222,late_fused
92d2811fd3360a0e31cf1105104a2dbf691c0beb,128,370.36559998523444,0.9,90000,0,sha256:8c775ff611abc16d74d7b882b9f184805f1ebab78a726a672f21ac5ab0810c9f,phase2l_mixed,1,sha256:8988dafa645176fb1b052f2dc1a0aeba2b202ffd8a53e97a9ec9eac1cd5d0c5c,100000,20260718T024708217922Z,mixed-n100000-w128-m0900-s2222,2222,late_hash_materialized
92d2811fd3360a0e31cf1105104a2dbf691c0beb,128,590.4255000059493,0.9,90000,1,sha256:aaa00b3bd44c8b4eac45d7e7d997fa62366f1bf46f339190d03cee33407583a0,phase2l_mixed,1,sha256:8988dafa645176fb1b052f2dc1a0aeba2b202ffd8a53e97a9ec9eac1cd5d0c5c,100000,20260718T024708217922Z,mixed-n100000-w128-m0900-s2222,2222,early_hash_materialized
92d2811fd3360a0e31cf1105104a2dbf691c0beb,128,581.3825000077486,0.9,90000,2,sha256:f570cbbf354e04dbc1f358979321f6943968e8a815c0d2fb74a463dc822156e7,phase2l_mixed,1,sha256:8988dafa645176fb1b052f2dc1a0aeba2b202ffd8a53e97a9ec9eac1cd5d0c5c,100000,20260718T024708217922Z,mixed-n100000-w128-m0900-s2222,2222,late_fused
92d2811fd3360a0e31cf1105104a2dbf691c0beb,128,197.87589996121824,0.9,90000,3,sha256:26c7beb699842444e252d17ec55e88fce7462da77b086dbbfc8863980d091221,phase2l_mixed,1,sha256:8988dafa645176fb1b052f2dc1a0aeba2b202ffd8a53e97a9ec9eac1cd5d0c5c,100000,20260718T024708217922Z,mixed-n100000-w128-m0900-s2222,2222,late_join_materialized
92d2811fd3360a0e31cf1105104a2dbf691c0beb,128,446.8722000019625,0.9,90000,0,sha256:aaa00b3bd44c8b4eac45d7e7d997fa62366f1bf46f339190d03cee33407583a0,phase2l_mixed,2,sha256:8988dafa645176fb1b052f2dc1a0aeba2b202ffd8a53e97a9ec9eac1cd5d0c5c,100000,20260718T024708217922Z,mixed-n100000-w128-m0900-s2222,2222,early_hash_materialized
92d2811fd3360a0e31cf1105104a2dbf691c0beb,128,462.4284000019543,0.9,90000,1,sha256:f570cbbf354e04dbc1f358979321f6943968e8a815c0d2fb74a463dc822156e7,phase2l_mixed,2,sha256:8988dafa645176fb1b052f2dc1a0aeba2b202ffd8a53e97a9ec9eac1cd5d0c5c,100000,20260718T024708217922Z,mixed-n100000-w128-m0900-s2222,2222,late_fused
92d2811fd3360a0e31cf1105104a2dbf691c0beb,128,228.2448000041768,0.9,90000,2,sha256:26c7beb699842444e252d17ec55e88fce7462da77b086dbbfc8863980d091221,phase2l_mixed,2,sha256:8988dafa645176fb1b052f2dc1a0aeba2b202ffd8a53e97a9ec9eac1cd5d0c5c,100000,20260718T024708217922Z,mixed-n100000-w128-m0900-s2222,2222,late_join_materialized
92d2811fd3360a0e31cf1105104a2dbf691c0beb,128,328.4346999716945,0.9,90000,3,sha256:8c775ff611abc16d74d7b882b9f184805f1ebab78a726a672f21ac5ab0810c9f,phase2l_mixed,2,sha256:8988dafa645176fb1b052f2dc1a0aeba2b202ffd8a53e97a9ec9eac1cd5d0c5c,100000,20260718T024708217922Z,mixed-n100000-w128-m0900-s2222,2222,late_hash_materialized
92d2811fd3360a0e31cf1105104a2dbf691c0beb,128,366.7691000155173,0.9,90000,0,sha256:f570cbbf354e04dbc1f358979321f6943968e8a815c0d2fb74a463dc822156e7,phase2l_mixed,3,sha256:8988dafa645176fb1b052f2dc1a0aeba2b202ffd8a53e97a9ec9eac1cd5d0c5c,100000,20260718T024708217922Z,mixed-n100000-w128-m0900-s2222,2222,late_fused
92d2811fd3360a0e31cf1105104a2dbf691c0beb,128,217.14039996732026,0.9,90000,1,sha256:26c7beb699842444e252d17ec55e88fce7462da77b086dbbfc8863980d091221,phase2l_mixed,3,sha256:8988dafa645176fb1b052f2dc1a0aeba2b202ffd8a53e97a9ec9eac1cd5d0c5c,100000,20260718T024708217922Z,mixed-n100000-w128-m0900-s2222,2222,late_join_materialized
92d2811fd3360a0e31cf1105104a2dbf691c0beb,128,464.86549999099225,0.9,90000,2,sha256:8c775ff611abc16d74d7b882b9f184805f1ebab78a726a672f21ac5ab0810c9f,phase2l_mixed,3,sha256:8988dafa645176fb1b052f2dc1a0aeba2b202ffd8a53e97a9ec9eac1cd5d0c5c,100000,20260718T024708217922Z,mixed-n100000-w128-m0900-s2222,2222,late_hash_materialized
92d2811fd3360a0e31cf1105104a2dbf691c0beb,128,327.30880001327023,0.9,90000,3,sha256:aaa00b3bd44c8b4eac45d7e7d997fa62366f1bf46f339190d03cee33407583a0,phase2l_mixed,3,sha256:8988dafa645176fb1b052f2dc1a0aeba2b202ffd8a53e97a9ec9eac1cd5d0c5c,100000,20260718T024708217922Z,mixed-n100000-w128-m0900-s2222,2222,early_hash_materialized
92d2811fd3360a0e31cf1105104a2dbf691c0beb,128,213.07830000296235,0.9,90000,0,sha256:26c7beb699842444e252d17ec55e88fce7462da77b086dbbfc8863980d091221,phase2l_mixed,4,sha256:8988dafa645176fb1b052f2dc1a0aeba2b202ffd8a53e97a9ec9eac1cd5d0c5c,100000,20260718T024708217922Z,mixed-n100000-w128-m0900-s2222,2222,late_join_materialized
92d2811fd3360a0e31cf1105104a2dbf691c0beb,128,336.68690000195056,0.9,90000,1,sha256:8c775ff611abc16d74d7b882b9f184805f1ebab78a726a672f21ac5ab0810c9f,phase2l_mixed,4,sha256:8988dafa645176fb1b052f2dc1a0aeba2b202ffd8a53e97a9ec9eac1cd5d0c5c,100000,20260718T024708217922Z,mixed-n100000-w128-m0900-s2222,2222,late_hash_materialized
92d2811fd3360a0e31cf1105104a2dbf691c0beb,128,313.60410002525896,0.9,90000,2,sha256:aaa00b3bd44c8b4eac45d7e7d997fa62366f1bf46f339190d03cee33407583a0,phase2l_mixed,4,sha256:8988dafa645176fb1b052f2dc1a0aeba2b202ffd8a53e97a9ec9eac1cd5d0c5c,100000,20260718T024708217922Z,mixed-n100000-w128-m0900-s2222,2222,early_hash_materialized
92d2811fd3360a0e31cf1105104a2dbf691c0beb,128,254.63159999344498,0.9,90000,3,sha256:f570cbbf354e04dbc1f358979321f6943968e8a815c0d2fb74a463dc822156e7,phase2l_mixed,4,sha256:8988dafa645176fb1b052f2dc1a0aeba2b202ffd8a53e97a9ec9eac1cd5d0c5c,100000,20260718T024708217922Z,mixed-n100000-w128-m0900-s2222,2222,late_fused
92d2811fd3360a0e31cf1105104a2dbf691c0beb,128,277.74459996726364,0.9,90000,0,sha256:8c775ff611abc16d74d7b882b9f184805f1ebab78a726a672f21ac5ab0810c9f,phase2l_mixed,5,sha256:8988dafa645176fb1b052f2dc1a0aeba2b202ffd8a53e97a9ec9eac1cd5d0c5c,100000,20260718T024708217922Z,mixed-n100000-w128-m0900-s2222,2222,late_hash_materialized
92d2811fd3360a0e31cf1105104a2dbf691c0beb,128,272.1113999723457,0.9,90000,1,sha256:aaa00b3bd44c8b4eac45d7e7d997fa62366f1bf46f339190d03cee33407583a0,phase2l_mixed,5,sha256:8988dafa645176fb1b052f2dc1a0aeba2b202ffd8a53e97a9ec9eac1cd5d0c5c,100000,20260718T024708217922Z,mixed-n100000-w128-m0900-s2222,2222,early_hash_materialized
92d2811fd3360a0e31cf1105104a2dbf691c0beb,128,274.82300001429394,0.9,90000,2,sha256:f570cbbf354e04dbc1f358979321f6943968e8a815c0d2fb74a463dc822156e7,phase2l_mixed,5,sha256:8988dafa645176fb1b052f2dc1a0aeba2b202ffd8a53e97a9ec9eac1cd5d0c5c,100000,20260718T024708217922Z,mixed-n100000-w128-m0900-s2222,2222,late_fused
92d2811fd3360a0e31cf1105104a2dbf691c0beb,128,179.1308000101708,0.9,90000,3,sha256:26c7beb699842444e252d17ec55e88fce7462da77b086dbbfc8863980d091221,phase2l_mixed,5,sha256:8988dafa645176fb1b052f2dc1a0aeba2b202ffd8a53e97a9ec9eac1cd5d0c5c,100000,20260718T024708217922Z,mixed-n100000-w128-m0900-s2222,2222,late_join_materialized
92d2811fd3360a0e31cf1105104a2dbf691c0beb,128,348.23130001313984,0.9,90000,0,sha256:aaa00b3bd44c8b4eac45d7e7d997fa62366f1bf46f339190d03cee33407583a0,phase2l_mixed,6,sha256:8988dafa645176fb1b052f2dc1a0aeba2b202ffd8a53e97a9ec9eac1cd5d0c5c,100000,20260718T024708217922Z,mixed-n100000-w128-m0900-s2222,2222,early_hash_materialized
92d2811fd3360a0e31cf1105104a2dbf691c0beb,128,327.26029999321327,0.9,90000,1,sha256:f570cbbf354e04dbc1f358979321f6943968e8a815c0d2fb74a463dc822156e7,phase2l_mixed,6,sha256:8988dafa645176fb1b052f2dc1a0aeba2b202ffd8a53e97a9ec9eac1cd5d0c5c,100000,20260718T024708217922Z,mixed-n100000-w128-m0900-s2222,2222,late_fused
92d2811fd3360a0e31cf1105104a2dbf691c0beb,128,211.94279997143894,0.9,90000,2,sha256:26c7beb699842444e252d17ec55e88fce7462da77b086dbbfc8863980d091221,phase2l_mixed,6,sha256:8988dafa645176fb1b052f2dc1a0aeba2b202ffd8a53e97a9ec9eac1cd5d0c5c,100000,20260718T024708217922Z,mixed-n100000-w128-m0900-s2222,2222,late_join_materialized
92d2811fd3360a0e31cf1105104a2dbf691c0beb,128,347.8231999906711,0.9,90000,3,sha256:8c775ff611abc16d74d7b882b9f184805f1ebab78a726a672f21ac5ab0810c9f,phase2l_mixed,6,sha256:8988dafa645176fb1b052f2dc1a0aeba2b202ffd8a53e97a9ec9eac1cd5d0c5c,100000,20260718T024708217922Z,mixed-n100000-w128-m0900-s2222,2222,late_hash_materialized
92d2811fd3360a0e31cf1105104a2dbf691c0beb,128,422.1140000154264,0.9,90000,0,sha256:f570cbbf354e04dbc1f358979321f6943968e8a815c0d2fb74a463dc822156e7,phase2l_mixed,7,sha256:8988dafa645176fb1b052f2dc1a0aeba2b202ffd8a53e97a9ec9eac1cd5d0c5c,100000,20260718T024708217922Z,mixed-n100000-w128-m0900-s2222,2222,late_fused
92d2811fd3360a0e31cf1105104a2dbf691c0beb,128,227.04039997188374,0.9,90000,1,sha256:26c7beb699842444e252d17ec55e88fce7462da77b086dbbfc8863980d091221,phase2l_mixed,7,sha256:8988dafa645176fb1b052f2dc1a0aeba2b202ffd8a53e97a9ec9eac1cd5d0c5c,100000,20260718T024708217922Z,mixed-n100000-w128-m0900-s2222,2222,late_join_materialized
92d2811fd3360a0e31cf1105104a2dbf691c0beb,128,360.9045000048354,0.9,90000,2,sha256:8c775ff611abc16d74d7b882b9f184805f1ebab78a726a672f21ac5ab0810c9f,phase2l_mixed,7,sha256:8988dafa645176fb1b052f2dc1a0aeba2b202ffd8a53e97a9ec9eac1cd5d0c5c,100000,20260718T024708217922Z,mixed-n100000-w128-m0900-s2222,2222,late_hash_materialized
92d2811fd3360a0e31cf1105104a2dbf691c0beb,128,367.28830001084134,0.9,90000,3,sha256:aaa00b3bd44c8b4eac45d7e7d997fa62366f1bf46f339190d03cee33407583a0,phase2l_mixed,7,sha256:8988dafa645176fb1b052f2dc1a0aeba2b202ffd8a53e97a9ec9eac1cd5d0c5c,100000,20260718T024708217922Z,mixed-n100000-w128-m0900-s2222,2222,early_hash_materialized
92d2811fd3360a0e31cf1105104a2dbf691c0beb,128,187.07550002727658,0.9,90000,0,sha256:26c7beb699842444e252d17ec55e88fce7462da77b086dbbfc8863980d091221,phase2l_mixed,8,sha256:8988dafa645176fb1b052f2dc1a0aeba2b202ffd8a53e97a9ec9eac1cd5d0c5c,100000,20260718T024708217922Z,mixed-n100000-w128-m0900-s2222,2222,late_join_materialized
92d2811fd3360a0e31cf1105104a2dbf691c0beb,128,295.3157000010833,0.9,90000,1,sha256:8c775ff611abc16d74d7b882b9f184805f1ebab78a726a672f21ac5ab0810c9f,phase2l_mixed,8,sha256:8988dafa645176fb1b052f2dc1a0aeba2b202ffd8a53e97a9ec9eac1cd5d0c5c,100000,20260718T024708217922Z,mixed-n100000-w128-m0900-s2222,2222,late_hash_materialized
92d2811fd3360a0e31cf1105104a2dbf691c0beb,128,386.64830004563555,0.9,90000,2,sha256:aaa00b3bd44c8b4eac45d7e7d997fa62366f1bf46f339190d03cee33407583a0,phase2l_mixed,8,sha256:8988dafa645176fb1b052f2dc1a0aeba2b202ffd8a53e97a9ec9eac1cd5d0c5c,100000,20260718T024708217922Z,mixed-n100000-w128-m0900-s2222,2222,early_hash_materialized
92d2811fd3360a0e31cf1105104a2dbf691c0beb,128,294.6473999763839,0.9,90000,3,sha256:f570cbbf354e04dbc1f358979321f6943968e8a815c0d2fb74a463dc822156e7,phase2l_mixed,8,sha256:8988dafa645176fb1b052f2dc1a0aeba2b202ffd8a53e97a9ec9eac1cd5d0c5c,100000,20260718T024708217922Z,mixed-n100000-w128-m0900-s2222,2222,late_fused
92d2811fd3360a0e31cf1105104a2dbf691c0beb,128,273.198000038974,0.9,90000,0,sha256:8c775ff611abc16d74d7b882b9f184805f1ebab78a726a672f21ac5ab0810c9f,phase2l_mixed,9,sha256:8988dafa645176fb1b052f2dc1a0aeba2b202ffd8a53e97a9ec9eac1cd5d0c5c,100000,20260718T024708217922Z,mixed-n100000-w128-m0900-s2222,2222,late_hash_materialized
92d2811fd3360a0e31cf1105104a2dbf691c0beb,128,369.9664000305347,0.9,90000,1,sha256:aaa00b3bd44c8b4eac45d7e7d997fa62366f1bf46f339190d03cee33407583a0,phase2l_mixed,9,sha256:8988dafa645176fb1b052f2dc1a0aeba2b202ffd8a53e97a9ec9eac1cd5d0c5c,100000,20260718T024708217922Z,mixed-n100000-w128-m0900-s2222,2222,early_hash_materialized
92d2811fd3360a0e31cf1105104a2dbf691c0beb,128,316.6721999878064,0.9,90000,2,sha256:f570cbbf354e04dbc1f358979321f6943968e8a815c0d2fb74a463dc822156e7,phase2l_mixed,9,sha256:8988dafa645176fb1b052f2dc1a0aeba2b202ffd8a53e97a9ec9eac1cd5d0c5c,100000,20260718T024708217922Z,mixed-n100000-w128-m0900-s2222,2222,late_fused
92d2811fd3360a0e31cf1105104a2dbf691c0beb,128,173.96399995777756,0.9,90000,3,sha256:26c7beb699842444e252d17ec55e88fce7462da77b086dbbfc8863980d091221,phase2l_mixed,9,sha256:8988dafa645176fb1b052f2dc1a0aeba2b202ffd8a53e97a9ec9eac1cd5d0c5c,100000,20260718T024708217922Z,mixed-n100000-w128-m0900-s2222,2222,late_join_materialized
92d2811fd3360a0e31cf1105104a2dbf691c0beb,128,438.29309998545796,0.9,90000,0,sha256:aaa00b3bd44c8b4eac45d7e7d997fa62366f1bf46f339190d03cee33407583a0,phase2l_mixed,10,sha256:8988dafa645176fb1b052f2dc1a0aeba2b202ffd8a53e97a9ec9eac1cd5d0c5c,100000,20260718T024708217922Z,mixed-n100000-w128-m0900-s2222,2222,early_hash_materialized
92d2811fd3360a0e31cf1105104a2dbf691c0beb,128,334.5044000307098,0.9,90000,1,sha256:f570cbbf354e04dbc1f358979321f6943968e8a815c0d2fb74a463dc822156e7,phase2l_mixed,10,sha256:8988dafa645176fb1b052f2dc1a0aeba2b202ffd8a53e97a9ec9eac1cd5d0c5c,100000,20260718T024708217922Z,mixed-n100000-w128-m0900-s2222,2222,late_fused
92d2811fd3360a0e31cf1105104a2dbf691c0beb,128,264.15619999170303,0.9,90000,2,sha256:26c7beb699842444e252d17ec55e88fce7462da77b086dbbfc8863980d091221,phase2l_mixed,10,sha256:8988dafa645176fb1b052f2dc1a0aeba2b202ffd8a53e97a9ec9eac1cd5d0c5c,100000,20260718T024708217922Z,mixed-n100000-w128-m0900-s2222,2222,late_join_materialized
92d2811fd3360a0e31cf1105104a2dbf691c0beb,128,380.96120004775,0.9,90000,3,sha256:8c775ff611abc16d74d7b882b9f184805f1ebab78a726a672f21ac5ab0810c9f,phase2l_mixed,10,sha256:8988dafa645176fb1b052f2dc1a0aeba2b202ffd8a53e97a9ec9eac1cd5d0c5c,100000,20260718T024708217922Z,mixed-n100000-w128-m0900-s2222,2222,late_hash_materialized
92d2811fd3360a0e31cf1105104a2dbf691c0beb,128,305.30259996885434,0.9,90000,0,sha256:f570cbbf354e04dbc1f358979321f6943968e8a815c0d2fb74a463dc822156e7,phase2l_mixed,11,sha256:8988dafa645176fb1b052f2dc1a0aeba2b202ffd8a53e97a9ec9eac1cd5d0c5c,100000,20260718T024708217922Z,mixed-n100000-w128-m0900-s2222,2222,late_fused
92d2811fd3360a0e31cf1105104a2dbf691c0beb,128,190.0504999794066,0.9,90000,1,sha256:26c7beb699842444e252d17ec55e88fce7462da77b086dbbfc8863980d091221,phase2l_mixed,11,sha256:8988dafa645176fb1b052f2dc1a0aeba2b202ffd8a53e97a9ec9eac1cd5d0c5c,100000,20260718T024708217922Z,mixed-n100000-w128-m0900-s2222,2222,late_join_materialized
92d2811fd3360a0e31cf1105104a2dbf691c0beb,128,252.61250004405156,0.9,90000,2,sha256:8c775ff611abc16d74d7b882b9f184805f1ebab78a726a672f21ac5ab0810c9f,phase2l_mixed,11,sha256:8988dafa645176fb1b052f2dc1a0aeba2b202ffd8a53e97a9ec9eac1cd5d0c5c,100000,20260718T024708217922Z,mixed-n100000-w128-m0900-s2222,2222,late_hash_materialized
92d2811fd3360a0e31cf1105104a2dbf691c0beb,128,309.4085999764502,0.9,90000,3,sha256:aaa00b3bd44c8b4eac45d7e7d997fa62366f1bf46f339190d03cee33407583a0,phase2l_mixed,11,sha256:8988dafa645176fb1b052f2dc1a0aeba2b202ffd8a53e97a9ec9eac1cd5d0c5c,100000,20260718T024708217922Z,mixed-n100000-w128-m0900-s2222,2222,early_hash_materialized
92d2811fd3360a0e31cf1105104a2dbf691c0beb,128,163.3352999924682,0.9,90000,0,sha256:26c7beb699842444e252d17ec55e88fce7462da77b086dbbfc8863980d091221,phase2l_mixed,12,sha256:8988dafa645176fb1b052f2dc1a0aeba2b202ffd8a53e97a9ec9eac1cd5d0c5c,100000,20260718T024708217922Z,mixed-n100000-w128-m0900-s2222,2222,late_join_materialized
92d2811fd3360a0e31cf1105104a2dbf691c0beb,128,280.0297999638133,0.9,90000,1,sha256:8c775ff611abc16d74d7b882b9f184805f1ebab78a726a672f21ac5ab0810c9f,phase2l_mixed,12,sha256:8988dafa645176fb1b052f2dc1a0aeba2b202ffd8a53e97a9ec9eac1cd5d0c5c,100000,20260718T024708217922Z,mixed-n100000-w128-m0900-s2222,2222,late_hash_materialized
92d2811fd3360a0e31cf1105104a2dbf691c0beb,128,277.371900039725,0.9,90000,2,sha256:aaa00b3bd44c8b4eac45d7e7d997fa62366f1bf46f339190d03cee33407583a0,phase2l_mixed,12,sha256:8988dafa645176fb1b052f2dc1a0aeba2b202ffd8a53e97a9ec9eac1cd5d0c5c,100000,20260718T024708217922Z,mixed-n100000-w128-m0900-s2222,2222,early_hash_materialized
92d2811fd3360a0e31cf1105104a2dbf691c0beb,128,383.8773000170477,0.9,90000,3,sha256:f570cbbf354e04dbc1f358979321f6943968e8a815c0d2fb74a463dc822156e7,phase2l_mixed,12,sha256:8988dafa645176fb1b052f2dc1a0aeba2b202ffd8a53e97a9ec9eac1cd5d0c5c,100000,20260718T024708217922Z,mixed-n100000-w128-m0900-s2222,2222,late_fused
92d2811fd3360a0e31cf1105104a2dbf691c0beb,128,292.5946000032127,0.9,90000,0,sha256:8c775ff611abc16d74d7b882b9f184805f1ebab78a726a672f21ac5ab0810c9f,phase2l_mixed,13,sha256:8988dafa645176fb1b052f2dc1a0aeba2b202ffd8a53e97a9ec9eac1cd5d0c5c,100000,20260718T024708217922Z,mixed-n100000-w128-m0900-s2222,2222,late_hash_materialized
92d2811fd3360a0e31cf1105104a2dbf691c0beb,128,386.3878000411205,0.9,90000,1,sha256:aaa00b3bd44c8b4eac45d7e7d997fa62366f1bf46f339190d03cee33407583a0,phase2l_mixed,13,sha256:8988dafa645176fb1b052f2dc1a0aeba2b202ffd8a53e97a9ec9eac1cd5d0c5c,100000,20260718T024708217922Z,mixed-n100000-w128-m0900-s2222,2222,early_hash_materialized
92d2811fd3360a0e31cf1105104a2dbf691c0beb,128,360.2459999965504,0.9,90000,2,sha256:f570cbbf354e04dbc1f358979321f6943968e8a815c0d2fb74a463dc822156e7,phase2l_mixed,13,sha256:8988dafa645176fb1b052f2dc1a0aeba2b202ffd8a53e97a9ec9eac1cd5d0c5c,100000,20260718T024708217922Z,mixed-n100000-w128-m0900-s2222,2222,late_fused
92d2811fd3360a0e31cf1105104a2dbf691c0beb,128,190.92139997519553,0.9,90000,3,sha256:26c7beb699842444e252d17ec55e88fce7462da77b086dbbfc8863980d091221,phase2l_mixed,13,sha256:8988dafa645176fb1b052f2dc1a0aeba2b202ffd8a53e97a9ec9eac1cd5d0c5c,100000,20260718T024708217922Z,mixed-n100000-w128-m0900-s2222,2222,late_join_materialized
92d2811fd3360a0e31cf1105104a2dbf691c0beb,128,442.6409999723546,0.9,90000,0,sha256:aaa00b3bd44c8b4eac45d7e7d997fa62366f1bf46f339190d03cee33407583a0,phase2l_mixed,14,sha256:8988dafa645176fb1b052f2dc1a0aeba2b202ffd8a53e97a9ec9eac1cd5d0c5c,100000,20260718T024708217922Z,mixed-n100000-w128-m0900-s2222,2222,early_hash_materialized
92d2811fd3360a0e31cf1105104a2dbf691c0beb,128,322.6320000248961,0.9,90000,1,sha256:f570cbbf354e04dbc1f358979321f6943968e8a815c0d2fb74a463dc822156e7,phase2l_mixed,14,sha256:8988dafa645176fb1b052f2dc1a0aeba2b202ffd8a53e97a9ec9eac1cd5d0c5c,100000,20260718T024708217922Z,mixed-n100000-w128-m0900-s2222,2222,late_fused
92d2811fd3360a0e31cf1105104a2dbf691c0beb,128,286.61599999759346,0.9,90000,2,sha256:26c7beb699842444e252d17ec55e88fce7462da77b086dbbfc8863980d091221,phase2l_mixed,14,sha256:8988dafa645176fb1b052f2dc1a0aeba2b202ffd8a53e97a9ec9eac1cd5d0c5c,100000,20260718T024708217922Z,mixed-n100000-w128-m0900-s2222,2222,late_join_materialized
92d2811fd3360a0e31cf1105104a2dbf691c0beb,128,291.4114000159316,0.9,90000,3,sha256:8c775ff611abc16d74d7b882b9f184805f1ebab78a726a672f21ac5ab0810c9f,phase2l_mixed,14,sha256:8988dafa645176fb1b052f2dc1a0aeba2b202ffd8a53e97a9ec9eac1cd5d0c5c,100000,20260718T024708217922Z,mixed-n100000-w128-m0900-s2222,2222,late_hash_materialized
92d2811fd3360a0e31cf1105104a2dbf691c0beb,128,689.2344999941997,1.0,200000,0,sha256:aaa00b3bd44c8b4eac45d7e7d997fa62366f1bf46f339190d03cee33407583a0,phase2l_stable_early,0,sha256:258d881bbe5ed5582c2c791a0950ffeb4b2d89d3f36ddb3207dbced0ff70e44c,200000,20260718T024708217922Z,stable-early-n200000-w128-m1000-s1777,1777,early_hash_materialized
92d2811fd3360a0e31cf1105104a2dbf691c0beb,128,745.145799999591,1.0,200000,1,sha256:646d9ee6b2744682f1817c9d1081dfd325281f05a4a52fc1bd20bcc2c8df1e91,phase2l_stable_early,0,sha256:258d881bbe5ed5582c2c791a0950ffeb4b2d89d3f36ddb3207dbced0ff70e44c,200000,20260718T024708217922Z,stable-early-n200000-w128-m1000-s1777,1777,late_fused
92d2811fd3360a0e31cf1105104a2dbf691c0beb,128,674.7878000023775,1.0,200000,2,sha256:2146efa17423ef7b2b1bf85104eb315ae502fb9f7e752a64678c691decce3cdd,phase2l_stable_early,0,sha256:258d881bbe5ed5582c2c791a0950ffeb4b2d89d3f36ddb3207dbced0ff70e44c,200000,20260718T024708217922Z,stable-early-n200000-w128-m1000-s1777,1777,late_join_materialized
92d2811fd3360a0e31cf1105104a2dbf691c0beb,128,593.96420000121,1.0,200000,3,sha256:328909ac7fb179c7d58c77fabdb6f910d863b1850355efc5b96283a10322c2b5,phase2l_stable_early,0,sha256:258d881bbe5ed5582c2c791a0950ffeb4b2d89d3f36ddb3207dbced0ff70e44c,200000,20260718T024708217922Z,stable-early-n200000-w128-m1000-s1777,1777,late_hash_materialized
92d2811fd3360a0e31cf1105104a2dbf691c0beb,128,755.0964999827556,1.0,200000,0,sha256:646d9ee6b2744682f1817c9d1081dfd325281f05a4a52fc1bd20bcc2c8df1e91,phase2l_stable_early,1,sha256:258d881bbe5ed5582c2c791a0950ffeb4b2d89d3f36ddb3207dbced0ff70e44c,200000,20260718T024708217922Z,stable-early-n200000-w128-m1000-s1777,1777,late_fused
92d2811fd3360a0e31cf1105104a2dbf691c0beb,128,521.6590000200085,1.0,200000,1,sha256:2146efa17423ef7b2b1bf85104eb315ae502fb9f7e752a64678c691decce3cdd,phase2l_stable_early,1,sha256:258d881bbe5ed5582c2c791a0950ffeb4b2d89d3f36ddb3207dbced0ff70e44c,200000,20260718T024708217922Z,stable-early-n200000-w128-m1000-s1777,1777,late_join_materialized
92d2811fd3360a0e31cf1105104a2dbf691c0beb,128,641.6380999726243,1.0,200000,2,sha256:328909ac7fb179c7d58c77fabdb6f910d863b1850355efc5b96283a10322c2b5,phase2l_stable_early,1,sha256:258d881bbe5ed5582c2c791a0950ffeb4b2d89d3f36ddb3207dbced0ff70e44c,200000,20260718T024708217922Z,stable-early-n200000-w128-m1000-s1777,1777,late_hash_materialized
92d2811fd3360a0e31cf1105104a2dbf691c0beb,128,807.0671000168659,1.0,200000,3,sha256:aaa00b3bd44c8b4eac45d7e7d997fa62366f1bf46f339190d03cee33407583a0,phase2l_stable_early,1,sha256:258d881bbe5ed5582c2c791a0950ffeb4b2d89d3f36ddb3207dbced0ff70e44c,200000,20260718T024708217922Z,stable-early-n200000-w128-m1000-s1777,1777,early_hash_materialized
92d2811fd3360a0e31cf1105104a2dbf691c0beb,128,709.1388000408188,1.0,200000,0,sha256:2146efa17423ef7b2b1bf85104eb315ae502fb9f7e752a64678c691decce3cdd,phase2l_stable_early,2,sha256:258d881bbe5ed5582c2c791a0950ffeb4b2d89d3f36ddb3207dbced0ff70e44c,200000,20260718T024708217922Z,stable-early-n200000-w128-m1000-s1777,1777,late_join_materialized
92d2811fd3360a0e31cf1105104a2dbf691c0beb,128,826.7308000358753,1.0,200000,1,sha256:328909ac7fb179c7d58c77fabdb6f910d863b1850355efc5b96283a10322c2b5,phase2l_stable_early,2,sha256:258d881bbe5ed5582c2c791a0950ffeb4b2d89d3f36ddb3207dbced0ff70e44c,200000,20260718T024708217922Z,stable-early-n200000-w128-m1000-s1777,1777,late_hash_materialized
92d2811fd3360a0e31cf1105104a2dbf691c0beb,128,857.8705000109039,1.0,200000,2,sha256:aaa00b3bd44c8b4eac45d7e7d997fa62366f1bf46f339190d03cee33407583a0,phase2l_stable_early,2,sha256:258d881bbe5ed5582c2c791a0950ffeb4b2d89d3f36ddb3207dbced0ff70e44c,200000,20260718T024708217922Z,stable-early-n200000-w128-m1000-s1777,1777,early_hash_materialized
92d2811fd3360a0e31cf1105104a2dbf691c0beb,128,968.775800021831,1.0,200000,3,sha256:646d9ee6b2744682f1817c9d1081dfd325281f05a4a52fc1bd20bcc2c8df1e91,phase2l_stable_early,2,sha256:258d881bbe5ed5582c2c791a0950ffeb4b2d89d3f36ddb3207dbced0ff70e44c,200000,20260718T024708217922Z,stable-early-n200000-w128-m1000-s1777,1777,late_fused
92d2811fd3360a0e31cf1105104a2dbf691c0beb,128,759.7011000034399,1.0,200000,0,sha256:328909ac7fb179c7d58c77fabdb6f910d863b1850355efc5b96283a10322c2b5,phase2l_stable_early,3,sha256:258d881bbe5ed5582c2c791a0950ffeb4b2d89d3f36ddb3207dbced0ff70e44c,200000,20260718T024708217922Z,stable-early-n200000-w128-m1000-s1777,1777,late_hash_materialized
92d2811fd3360a0e31cf1105104a2dbf691c0beb,128,649.4829999865033,1.0,200000,1,sha256:aaa00b3bd44c8b4eac45d7e7d997fa62366f1bf46f339190d03cee33407583a0,phase2l_stable_early,3,sha256:258d881bbe5ed5582c2c791a0950ffeb4b2d89d3f36ddb3207dbced0ff70e44c,200000,20260718T024708217922Z,stable-early-n200000-w128-m1000-s1777,1777,early_hash_materialized
92d2811fd3360a0e31cf1105104a2dbf691c0beb,128,727.8205999755301,1.0,200000,2,sha256:646d9ee6b2744682f1817c9d1081dfd325281f05a4a52fc1bd20bcc2c8df1e91,phase2l_stable_early,3,sha256:258d881bbe5ed5582c2c791a0950ffeb4b2d89d3f36ddb3207dbced0ff70e44c,200000,20260718T024708217922Z,stable-early-n200000-w128-m1000-s1777,1777,late_fused
92d2811fd3360a0e31cf1105104a2dbf691c0beb,128,553.1104999827221,1.0,200000,3,sha256:2146efa17423ef7b2b1bf85104eb315ae502fb9f7e752a64678c691decce3cdd,phase2l_stable_early,3,sha256:258d881bbe5ed5582c2c791a0950ffeb4b2d89d3f36ddb3207dbced0ff70e44c,200000,20260718T024708217922Z,stable-early-n200000-w128-m1000-s1777,1777,late_join_materialized
92d2811fd3360a0e31cf1105104a2dbf691c0beb,128,722.4683000240475,1.0,200000,0,sha256:aaa00b3bd44c8b4eac45d7e7d997fa62366f1bf46f339190d03cee33407583a0,phase2l_stable_early,4,sha256:258d881bbe5ed5582c2c791a0950ffeb4b2d89d3f36ddb3207dbced0ff70e44c,200000,20260718T024708217922Z,stable-early-n200000-w128-m1000-s1777,1777,early_hash_materialized
92d2811fd3360a0e31cf1105104a2dbf691c0beb,128,628.6777000059374,1.0,200000,1,sha256:646d9ee6b2744682f1817c9d1081dfd325281f05a4a52fc1bd20bcc2c8df1e91,phase2l_stable_early,4,sha256:258d881bbe5ed5582c2c791a0950ffeb4b2d89d3f36ddb3207dbced0ff70e44c,200000,20260718T024708217922Z,stable-early-n200000-w128-m1000-s1777,1777,late_fused
92d2811fd3360a0e31cf1105104a2dbf691c0beb,128,552.3709999979474,1.0,200000,2,sha256:2146efa17423ef7b2b1bf85104eb315ae502fb9f7e752a64678c691decce3cdd,phase2l_stable_early,4,sha256:258d881bbe5ed5582c2c791a0950ffeb4b2d89d3f36ddb3207dbced0ff70e44c,200000,20260718T024708217922Z,stable-early-n200000-w128-m1000-s1777,1777,late_join_materialized
92d2811fd3360a0e31cf1105104a2dbf691c0beb,128,635.2324999752454,1.0,200000,3,sha256:328909ac7fb179c7d58c77fabdb6f910d863b1850355efc5b96283a10322c2b5,phase2l_stable_early,4,sha256:258d881bbe5ed5582c2c791a0950ffeb4b2d89d3f36ddb3207dbced0ff70e44c,200000,20260718T024708217922Z,stable-early-n200000-w128-m1000-s1777,1777,late_hash_materialized
92d2811fd3360a0e31cf1105104a2dbf691c0beb,128,601.8294999958016,1.0,200000,0,sha256:646d9ee6b2744682f1817c9d1081dfd325281f05a4a52fc1bd20bcc2c8df1e91,phase2l_stable_early,5,sha256:258d881bbe5ed5582c2c791a0950ffeb4b2d89d3f36ddb3207dbced0ff70e44c,200000,20260718T024708217922Z,stable-early-n200000-w128-m1000-s1777,1777,late_fused
92d2811fd3360a0e31cf1105104a2dbf691c0beb,128,374.0790000301786,1.0,200000,1,sha256:2146efa17423ef7b2b1bf85104eb315ae502fb9f7e752a64678c691decce3cdd,phase2l_stable_early,5,sha256:258d881bbe5ed5582c2c791a0950ffeb4b2d89d3f36ddb3207dbced0ff70e44c,200000,20260718T024708217922Z,stable-early-n200000-w128-m1000-s1777,1777,late_join_materialized
92d2811fd3360a0e31cf1105104a2dbf691c0beb,128,660.3020000038669,1.0,200000,2,sha256:328909ac7fb179c7d58c77fabdb6f910d863b1850355efc5b96283a10322c2b5,phase2l_stable_early,5,sha256:258d881bbe5ed5582c2c791a0950ffeb4b2d89d3f36ddb3207dbced0ff70e44c,200000,20260718T024708217922Z,stable-early-n200000-w128-m1000-s1777,1777,late_hash_materialized
92d2811fd3360a0e31cf1105104a2dbf691c0beb,128,671.846299956087,1.0,200000,3,sha256:aaa00b3bd44c8b4eac45d7e7d997fa62366f1bf46f339190d03cee33407583a0,phase2l_stable_early,5,sha256:258d881bbe5ed5582c2c791a0950ffeb4b2d89d3f36ddb3207dbced0ff70e44c,200000,20260718T024708217922Z,stable-early-n200000-w128-m1000-s1777,1777,early_hash_materialized
92d2811fd3360a0e31cf1105104a2dbf691c0beb,128,529.370000003837,1.0,200000,0,sha256:2146efa17423ef7b2b1bf85104eb315ae502fb9f7e752a64678c691decce3cdd,phase2l_stable_early,6,sha256:258d881bbe5ed5582c2c791a0950ffeb4b2d89d3f36ddb3207dbced0ff70e44c,200000,20260718T024708217922Z,stable-early-n200000-w128-m1000-s1777,1777,late_join_materialized
92d2811fd3360a0e31cf1105104a2dbf691c0beb,128,658.1300999969244,1.0,200000,1,sha256:328909ac7fb179c7d58c77fabdb6f910d863b1850355efc5b96283a10322c2b5,phase2l_stable_early,6,sha256:258d881bbe5ed5582c2c791a0950ffeb4b2d89d3f36ddb3207dbced0ff70e44c,200000,20260718T024708217922Z,stable-early-n200000-w128-m1000-s1777,1777,late_hash_materialized
92d2811fd3360a0e31cf1105104a2dbf691c0beb,128,720.0888000079431,1.0,200000,2,sha256:aaa00b3bd44c8b4eac45d7e7d997fa62366f1bf46f339190d03cee33407583a0,phase2l_stable_early,6,sha256:258d881bbe5ed5582c2c791a0950ffeb4b2d89d3f36ddb3207dbced0ff70e44c,200000,20260718T024708217922Z,stable-early-n200000-w128-m1000-s1777,1777,early_hash_materialized
92d2811fd3360a0e31cf1105104a2dbf691c0beb,128,660.8529999502935,1.0,200000,3,sha256:646d9ee6b2744682f1817c9d1081dfd325281f05a4a52fc1bd20bcc2c8df1e91,phase2l_stable_early,6,sha256:258d881bbe5ed5582c2c791a0950ffeb4b2d89d3f36ddb3207dbced0ff70e44c,200000,20260718T024708217922Z,stable-early-n200000-w128-m1000-s1777,1777,late_fused
92d2811fd3360a0e31cf1105104a2dbf691c0beb,128,581.754999991972,1.0,200000,0,sha256:328909ac7fb179c7d58c77fabdb6f910d863b1850355efc5b96283a10322c2b5,phase2l_stable_early,7,sha256:258d881bbe5ed5582c2c791a0950ffeb4b2d89d3f36ddb3207dbced0ff70e44c,200000,20260718T024708217922Z,stable-early-n200000-w128-m1000-s1777,1777,late_hash_materialized
92d2811fd3360a0e31cf1105104a2dbf691c0beb,128,582.6675999560393,1.0,200000,1,sha256:aaa00b3bd44c8b4eac45d7e7d997fa62366f1bf46f339190d03cee33407583a0,phase2l_stable_early,7,sha256:258d881bbe5ed5582c2c791a0950ffeb4b2d89d3f36ddb3207dbced0ff70e44c,200000,20260718T024708217922Z,stable-early-n200000-w128-m1000-s1777,1777,early_hash_materialized
92d2811fd3360a0e31cf1105104a2dbf691c0beb,128,652.30039996095,1.0,200000,2,sha256:646d9ee6b2744682f1817c9d1081dfd325281f05a4a52fc1bd20bcc2c8df1e91,phase2l_stable_early,7,sha256:258d881bbe5ed5582c2c791a0950ffeb4b2d89d3f36ddb3207dbced0ff70e44c,200000,20260718T024708217922Z,stable-early-n200000-w128-m1000-s1777,1777,late_fused
92d2811fd3360a0e31cf1105104a2dbf691c0beb,128,611.6893999860622,1.0,200000,3,sha256:2146efa17423ef7b2b1bf85104eb315ae502fb9f7e752a64678c691decce3cdd,phase2l_stable_early,7,sha256:258d881bbe5ed5582c2c791a0950ffeb4b2d89d3f36ddb3207dbced0ff70e44c,200000,20260718T024708217922Z,stable-early-n200000-w128-m1000-s1777,1777,late_join_materialized
92d2811fd3360a0e31cf1105104a2dbf691c0beb,128,550.3427000367083,1.0,200000,0,sha256:aaa00b3bd44c8b4eac45d7e7d997fa62366f1bf46f339190d03cee33407583a0,phase2l_stable_early,8,sha256:258d881bbe5ed5582c2c791a0950ffeb4b2d89d3f36ddb3207dbced0ff70e44c,200000,20260718T024708217922Z,stable-early-n200000-w128-m1000-s1777,1777,early_hash_materialized
92d2811fd3360a0e31cf1105104a2dbf691c0beb,128,769.4409999530762,1.0,200000,1,sha256:646d9ee6b2744682f1817c9d1081dfd325281f05a4a52fc1bd20bcc2c8df1e91,phase2l_stable_early,8,sha256:258d881bbe5ed5582c2c791a0950ffeb4b2d89d3f36ddb3207dbced0ff70e44c,200000,20260718T024708217922Z,stable-early-n200000-w128-m1000-s1777,1777,late_fused
92d2811fd3360a0e31cf1105104a2dbf691c0beb,128,585.9170999610797,1.0,200000,2,sha256:2146efa17423ef7b2b1bf85104eb315ae502fb9f7e752a64678c691decce3cdd,phase2l_stable_early,8,sha256:258d881bbe5ed5582c2c791a0950ffeb4b2d89d3f36ddb3207dbced0ff70e44c,200000,20260718T024708217922Z,stable-early-n200000-w128-m1000-s1777,1777,late_join_materialized
92d2811fd3360a0e31cf1105104a2dbf691c0beb,128,577.1524999872781,1.0,200000,3,sha256:328909ac7fb179c7d58c77fabdb6f910d863b1850355efc5b96283a10322c2b5,phase2l_stable_early,8,sha256:258d881bbe5ed5582c2c791a0950ffeb4b2d89d3f36ddb3207dbced0ff70e44c,200000,20260718T024708217922Z,stable-early-n200000-w128-m1000-s1777,1777,late_hash_materialized
92d2811fd3360a0e31cf1105104a2dbf691c0beb,128,617.5053000333719,1.0,200000,0,sha256:646d9ee6b2744682f1817c9d1081dfd325281f05a4a52fc1bd20bcc2c8df1e91,phase2l_stable_early,9,sha256:258d881bbe5ed5582c2c791a0950ffeb4b2d89d3f36ddb3207dbced0ff70e44c,200000,20260718T024708217922Z,stable-early-n200000-w128-m1000-s1777,1777,late_fused
92d2811fd3360a0e31cf1105104a2dbf691c0beb,128,447.8604000178166,1.0,200000,1,sha256:2146efa17423ef7b2b1bf85104eb315ae502fb9f7e752a64678c691decce3cdd,phase2l_stable_early,9,sha256:258d881bbe5ed5582c2c791a0950ffeb4b2d89d3f36ddb3207dbced0ff70e44c,200000,20260718T024708217922Z,stable-early-n200000-w128-m1000-s1777,1777,late_join_materialized
92d2811fd3360a0e31cf1105104a2dbf691c0beb,128,625.1247000182047,1.0,200000,2,sha256:328909ac7fb179c7d58c77fabdb6f910d863b1850355efc5b96283a10322c2b5,phase2l_stable_early,9,sha256:258d881bbe5ed5582c2c791a0950ffeb4b2d89d3f36ddb3207dbced0ff70e44c,200000,20260718T024708217922Z,stable-early-n200000-w128-m1000-s1777,1777,late_hash_materialized
92d2811fd3360a0e31cf1105104a2dbf691c0beb,128,654.2856000014581,1.0,200000,3,sha256:aaa00b3bd44c8b4eac45d7e7d997fa62366f1bf46f339190d03cee33407583a0,phase2l_stable_early,9,sha256:258d881bbe5ed5582c2c791a0950ffeb4b2d89d3f36ddb3207dbced0ff70e44c,200000,20260718T024708217922Z,stable-early-n200000-w128-m1000-s1777,1777,early_hash_materialized
92d2811fd3360a0e31cf1105104a2dbf691c0beb,128,514.1235999763012,1.0,200000,0,sha256:2146efa17423ef7b2b1bf85104eb315ae502fb9f7e752a64678c691decce3cdd,phase2l_stable_early,10,sha256:258d881bbe5ed5582c2c791a0950ffeb4b2d89d3f36ddb3207dbced0ff70e44c,200000,20260718T024708217922Z,stable-early-n200000-w128-m1000-s1777,1777,late_join_materialized
92d2811fd3360a0e31cf1105104a2dbf691c0beb,128,667.2684000222944,1.0,200000,1,sha256:328909ac7fb179c7d58c77fabdb6f910d863b1850355efc5b96283a10322c2b5,phase2l_stable_early,10,sha256:258d881bbe5ed5582c2c791a0950ffeb4b2d89d3f36ddb3207dbced0ff70e44c,200000,20260718T024708217922Z,stable-early-n200000-w128-m1000-s1777,1777,late_hash_materialized
92d2811fd3360a0e31cf1105104a2dbf691c0beb,128,727.0146000082605,1.0,200000,2,sha256:aaa00b3bd44c8b4eac45d7e7d997fa62366f1bf46f339190d03cee33407583a0,phase2l_stable_early,10,sha256:258d881bbe5ed5582c2c791a0950ffeb4b2d89d3f36ddb3207dbced0ff70e44c,200000,20260718T024708217922Z,stable-early-n200000-w128-m1000-s1777,1777,early_hash_materialized
92d2811fd3360a0e31cf1105104a2dbf691c0beb,128,631.2608000007458,1.0,200000,3,sha256:646d9ee6b2744682f1817c9d1081dfd325281f05a4a52fc1bd20bcc2c8df1e91,phase2l_stable_early,10,sha256:258d881bbe5ed5582c2c791a0950ffeb4b2d89d3f36ddb3207dbced0ff70e44c,200000,20260718T024708217922Z,stable-early-n200000-w128-m1000-s1777,1777,late_fused
92d2811fd3360a0e31cf1105104a2dbf691c0beb,128,707.7740000095218,1.0,200000,0,sha256:328909ac7fb179c7d58c77fabdb6f910d863b1850355efc5b96283a10322c2b5,phase2l_stable_early,11,sha256:258d881bbe5ed5582c2c791a0950ffeb4b2d89d3f36ddb3207dbced0ff70e44c,200000,20260718T024708217922Z,stable-early-n200000-w128-m1000-s1777,1777,late_hash_materialized
92d2811fd3360a0e31cf1105104a2dbf691c0beb,128,592.8246999974363,1.0,200000,1,sha256:aaa00b3bd44c8b4eac45d7e7d997fa62366f1bf46f339190d03cee33407583a0,phase2l_stable_early,11,sha256:258d881bbe5ed5582c2c791a0950ffeb4b2d89d3f36ddb3207dbced0ff70e44c,200000,20260718T024708217922Z,stable-early-n200000-w128-m1000-s1777,1777,early_hash_materialized
92d2811fd3360a0e31cf1105104a2dbf691c0beb,128,595.5055000376888,1.0,200000,2,sha256:646d9ee6b2744682f1817c9d1081dfd325281f05a4a52fc1bd20bcc2c8df1e91,phase2l_stable_early,11,sha256:258d881bbe5ed5582c2c791a0950ffeb4b2d89d3f36ddb3207dbced0ff70e44c,200000,20260718T024708217922Z,stable-early-n200000-w128-m1000-s1777,1777,late_fused
92d2811fd3360a0e31cf1105104a2dbf691c0beb,128,552.9329000273719,1.0,200000,3,sha256:2146efa17423ef7b2b1bf85104eb315ae502fb9f7e752a64678c691decce3cdd,phase2l_stable_early,11,sha256:258d881bbe5ed5582c2c791a0950ffeb4b2d89d3f36ddb3207dbced0ff70e44c,200000,20260718T024708217922Z,stable-early-n200000-w128-m1000-s1777,1777,late_join_materialized
92d2811fd3360a0e31cf1105104a2dbf691c0beb,128,643.9133000094444,1.0,200000,0,sha256:aaa00b3bd44c8b4eac45d7e7d997fa62366f1bf46f339190d03cee33407583a0,phase2l_stable_early,12,sha256:258d881bbe5ed5582c2c791a0950ffeb4b2d89d3f36ddb3207dbced0ff70e44c,200000,20260718T024708217922Z,stable-early-n200000-w128-m1000-s1777,1777,early_hash_materialized
92d2811fd3360a0e31cf1105104a2dbf691c0beb,128,783.0774000030942,1.0,200000,1,sha256:646d9ee6b2744682f1817c9d1081dfd325281f05a4a52fc1bd20bcc2c8df1e91,phase2l_stable_early,12,sha256:258d881bbe5ed5582c2c791a0950ffeb4b2d89d3f36ddb3207dbced0ff70e44c,200000,20260718T024708217922Z,stable-early-n200000-w128-m1000-s1777,1777,late_fused
92d2811fd3360a0e31cf1105104a2dbf691c0beb,128,605.6736999889836,1.0,200000,2,sha256:2146efa17423ef7b2b1bf85104eb315ae502fb9f7e752a64678c691decce3cdd,phase2l_stable_early,12,sha256:258d881bbe5ed5582c2c791a0950ffeb4b2d89d3f36ddb3207dbced0ff70e44c,200000,20260718T024708217922Z,stable-early-n200000-w128-m1000-s1777,1777,late_join_materialized
92d2811fd3360a0e31cf1105104a2dbf691c0beb,128,670.8513000048697,1.0,200000,3,sha256:328909ac7fb179c7d58c77fabdb6f910d863b1850355efc5b96283a10322c2b5,phase2l_stable_early,12,sha256:258d881bbe5ed5582c2c791a0950ffeb4b2d89d3f36ddb3207dbced0ff70e44c,200000,20260718T024708217922Z,stable-early-n200000-w128-m1000-s1777,1777,late_hash_materialized
92d2811fd3360a0e31cf1105104a2dbf691c0beb,128,700.8226999896578,1.0,200000,0,sha256:646d9ee6b2744682f1817c9d1081dfd325281f05a4a52fc1bd20bcc2c8df1e91,phase2l_stable_early,13,sha256:258d881bbe5ed5582c2c791a0950ffeb4b2d89d3f36ddb3207dbced0ff70e44c,200000,20260718T024708217922Z,stable-early-n200000-w128-m1000-s1777,1777,late_fused
92d2811fd3360a0e31cf1105104a2dbf691c0beb,128,598.7877000006847,1.0,200000,1,sha256:2146efa17423ef7b2b1bf85104eb315ae502fb9f7e752a64678c691decce3cdd,phase2l_stable_early,13,sha256:258d881bbe5ed5582c2c791a0950ffeb4b2d89d3f36ddb3207dbced0ff70e44c,200000,20260718T024708217922Z,stable-early-n200000-w128-m1000-s1777,1777,late_join_materialized
92d2811fd3360a0e31cf1105104a2dbf691c0beb,128,660.8550000237301,1.0,200000,2,sha256:328909ac7fb179c7d58c77fabdb6f910d863b1850355efc5b96283a10322c2b5,phase2l_stable_early,13,sha256:258d881bbe5ed5582c2c791a0950ffeb4b2d89d3f36ddb3207dbced0ff70e44c,200000,20260718T024708217922Z,stable-early-n200000-w128-m1000-s1777,1777,late_hash_materialized
92d2811fd3360a0e31cf1105104a2dbf691c0beb,128,920.3793000197038,1.0,200000,3,sha256:aaa00b3bd44c8b4eac45d7e7d997fa62366f1bf46f339190d03cee33407583a0,phase2l_stable_early,13,sha256:258d881bbe5ed5582c2c791a0950ffeb4b2d89d3f36ddb3207dbced0ff70e44c,200000,20260718T024708217922Z,stable-early-n200000-w128-m1000-s1777,1777,early_hash_materialized
92d2811fd3360a0e31cf1105104a2dbf691c0beb,128,712.6091999816708,1.0,200000,0,sha256:2146efa17423ef7b2b1bf85104eb315ae502fb9f7e752a64678c691decce3cdd,phase2l_stable_early,14,sha256:258d881bbe5ed5582c2c791a0950ffeb4b2d89d3f36ddb3207dbced0ff70e44c,200000,20260718T024708217922Z,stable-early-n200000-w128-m1000-s1777,1777,late_join_materialized
92d2811fd3360a0e31cf1105104a2dbf691c0beb,128,861.414999992121,1.0,200000,1,sha256:328909ac7fb179c7d58c77fabdb6f910d863b1850355efc5b96283a10322c2b5,phase2l_stable_early,14,sha256:258d881bbe5ed5582c2c791a0950ffeb4b2d89d3f36ddb3207dbced0ff70e44c,200000,20260718T024708217922Z,stable-early-n200000-w128-m1000-s1777,1777,late_hash_materialized
92d2811fd3360a0e31cf1105104a2dbf691c0beb,128,860.0594000308774,1.0,200000,2,sha256:aaa00b3bd44c8b4eac45d7e7d997fa62366f1bf46f339190d03cee33407583a0,phase2l_stable_early,14,sha256:258d881bbe5ed5582c2c791a0950ffeb4b2d89d3f36ddb3207dbced0ff70e44c,200000,20260718T024708217922Z,stable-early-n200000-w128-m1000-s1777,1777,early_hash_materialized
92d2811fd3360a0e31cf1105104a2dbf691c0beb,128,766.3663999992423,1.0,200000,3,sha256:646d9ee6b2744682f1817c9d1081dfd325281f05a4a52fc1bd20bcc2c8df1e91,phase2l_stable_early,14,sha256:258d881bbe5ed5582c2c791a0950ffeb4b2d89d3f36ddb3207dbced0ff70e44c,200000,20260718T024708217922Z,stable-early-n200000-w128-m1000-s1777,1777,late_fused
92d2811fd3360a0e31cf1105104a2dbf691c0beb,128,734.2133999918588,1.0,200000,0,sha256:328909ac7fb179c7d58c77fabdb6f910d863b1850355efc5b96283a10322c2b5,phase2l_stable_early,0,sha256:4e49668df0ed63d4e360d42301d448857efb433288af36f717a6b03f513f61b2,200000,20260718T024708217922Z,stable-early-n200000-w128-m1000-s1888,1888,late_hash_materialized
92d2811fd3360a0e31cf1105104a2dbf691c0beb,128,1128.1596000189893,1.0,200000,1,sha256:aaa00b3bd44c8b4eac45d7e7d997fa62366f1bf46f339190d03cee33407583a0,phase2l_stable_early,0,sha256:4e49668df0ed63d4e360d42301d448857efb433288af36f717a6b03f513f61b2,200000,20260718T024708217922Z,stable-early-n200000-w128-m1000-s1888,1888,early_hash_materialized
92d2811fd3360a0e31cf1105104a2dbf691c0beb,128,1141.0189000307582,1.0,200000,2,sha256:646d9ee6b2744682f1817c9d1081dfd325281f05a4a52fc1bd20bcc2c8df1e91,phase2l_stable_early,0,sha256:4e49668df0ed63d4e360d42301d448857efb433288af36f717a6b03f513f61b2,200000,20260718T024708217922Z,stable-early-n200000-w128-m1000-s1888,1888,late_fused
92d2811fd3360a0e31cf1105104a2dbf691c0beb,128,575.7505999645218,1.0,200000,3,sha256:2146efa17423ef7b2b1bf85104eb315ae502fb9f7e752a64678c691decce3cdd,phase2l_stable_early,0,sha256:4e49668df0ed63d4e360d42301d448857efb433288af36f717a6b03f513f61b2,200000,20260718T024708217922Z,stable-early-n200000-w128-m1000-s1888,1888,late_join_materialized
92d2811fd3360a0e31cf1105104a2dbf691c0beb,128,685.6252999859862,1.0,200000,0,sha256:aaa00b3bd44c8b4eac45d7e7d997fa62366f1bf46f339190d03cee33407583a0,phase2l_stable_early,1,sha256:4e49668df0ed63d4e360d42301d448857efb433288af36f717a6b03f513f61b2,200000,20260718T024708217922Z,stable-early-n200000-w128-m1000-s1888,1888,early_hash_materialized
92d2811fd3360a0e31cf1105104a2dbf691c0beb,128,786.9105000281706,1.0,200000,1,sha256:646d9ee6b2744682f1817c9d1081dfd325281f05a4a52fc1bd20bcc2c8df1e91,phase2l_stable_early,1,sha256:4e49668df0ed63d4e360d42301d448857efb433288af36f717a6b03f513f61b2,200000,20260718T024708217922Z,stable-early-n200000-w128-m1000-s1888,1888,late_fused
92d2811fd3360a0e31cf1105104a2dbf691c0beb,128,371.7622000258416,1.0,200000,2,sha256:2146efa17423ef7b2b1bf85104eb315ae502fb9f7e752a64678c691decce3cdd,phase2l_stable_early,1,sha256:4e49668df0ed63d4e360d42301d448857efb433288af36f717a6b03f513f61b2,200000,20260718T024708217922Z,stable-early-n200000-w128-m1000-s1888,1888,late_join_materialized
92d2811fd3360a0e31cf1105104a2dbf691c0beb,128,601.3825999689288,1.0,200000,3,sha256:328909ac7fb179c7d58c77fabdb6f910d863b1850355efc5b96283a10322c2b5,phase2l_stable_early,1,sha256:4e49668df0ed63d4e360d42301d448857efb433288af36f717a6b03f513f61b2,200000,20260718T024708217922Z,stable-early-n200000-w128-m1000-s1888,1888,late_hash_materialized
92d2811fd3360a0e31cf1105104a2dbf691c0beb,128,707.222199998796,1.0,200000,0,sha256:646d9ee6b2744682f1817c9d1081dfd325281f05a4a52fc1bd20bcc2c8df1e91,phase2l_stable_early,2,sha256:4e49668df0ed63d4e360d42301d448857efb433288af36f717a6b03f513f61b2,200000,20260718T024708217922Z,stable-early-n200000-w128-m1000-s1888,1888,late_fused
92d2811fd3360a0e31cf1105104a2dbf691c0beb,128,469.9742999509908,1.0,200000,1,sha256:2146efa17423ef7b2b1bf85104eb315ae502fb9f7e752a64678c691decce3cdd,phase2l_stable_early,2,sha256:4e49668df0ed63d4e360d42301d448857efb433288af36f717a6b03f513f61b2,200000,20260718T024708217922Z,stable-early-n200000-w128-m1000-s1888,1888,late_join_materialized
92d2811fd3360a0e31cf1105104a2dbf691c0beb,128,780.186899995897,1.0,200000,2,sha256:328909ac7fb179c7d58c77fabdb6f910d863b1850355efc5b96283a10322c2b5,phase2l_stable_early,2,sha256:4e49668df0ed63d4e360d42301d448857efb433288af36f717a6b03f513f61b2,200000,20260718T024708217922Z,stable-early-n200000-w128-m1000-s1888,1888,late_hash_materialized
92d2811fd3360a0e31cf1105104a2dbf691c0beb,128,782.57839998696,1.0,200000,3,sha256:aaa00b3bd44c8b4eac45d7e7d997fa62366f1bf46f339190d03cee33407583a0,phase2l_stable_early,2,sha256:4e49668df0ed63d4e360d42301d448857efb433288af36f717a6b03f513f61b2,200000,20260718T024708217922Z,stable-early-n200000-w128-m1000-s1888,1888,early_hash_materialized
92d2811fd3360a0e31cf1105104a2dbf691c0beb,128,489.89819997223094,1.0,200000,0,sha256:2146efa17423ef7b2b1bf85104eb315ae502fb9f7e752a64678c691decce3cdd,phase2l_stable_early,3,sha256:4e49668df0ed63d4e360d42301d448857efb433288af36f717a6b03f513f61b2,200000,20260718T024708217922Z,stable-early-n200000-w128-m1000-s1888,1888,late_join_materialized
92d2811fd3360a0e31cf1105104a2dbf691c0beb,128,751.7315000295639,1.0,200000,1,sha256:328909ac7fb179c7d58c77fabdb6f910d863b1850355efc5b96283a10322c2b5,phase2l_stable_early,3,sha256:4e49668df0ed63d4e360d42301d448857efb433288af36f717a6b03f513f61b2,200000,20260718T024708217922Z,stable-early-n200000-w128-m1000-s1888,1888,late_hash_materialized
92d2811fd3360a0e31cf1105104a2dbf691c0beb,128,743.9202999812551,1.0,200000,2,sha256:aaa00b3bd44c8b4eac45d7e7d997fa62366f1bf46f339190d03cee33407583a0,phase2l_stable_early,3,sha256:4e49668df0ed63d4e360d42301d448857efb433288af36f717a6b03f513f61b2,200000,20260718T024708217922Z,stable-early-n200000-w128-m1000-s1888,1888,early_hash_materialized
92d2811fd3360a0e31cf1105104a2dbf691c0beb,128,915.4515000409447,1.0,200000,3,sha256:646d9ee6b2744682f1817c9d1081dfd325281f05a4a52fc1bd20bcc2c8df1e91,phase2l_stable_early,3,sha256:4e49668df0ed63d4e360d42301d448857efb433288af36f717a6b03f513f61b2,200000,20260718T024708217922Z,stable-early-n200000-w128-m1000-s1888,1888,late_fused
92d2811fd3360a0e31cf1105104a2dbf691c0beb,128,815.4303000192158,1.0,200000,0,sha256:328909ac7fb179c7d58c77fabdb6f910d863b1850355efc5b96283a10322c2b5,phase2l_stable_early,4,sha256:4e49668df0ed63d4e360d42301d448857efb433288af36f717a6b03f513f61b2,200000,20260718T024708217922Z,stable-early-n200000-w128-m1000-s1888,1888,late_hash_materialized
92d2811fd3360a0e31cf1105104a2dbf691c0beb,128,593.0066000437364,1.0,200000,1,sha256:aaa00b3bd44c8b4eac45d7e7d997fa62366f1bf46f339190d03cee33407583a0,phase2l_stable_early,4,sha256:4e49668df0ed63d4e360d42301d448857efb433288af36f717a6b03f513f61b2,200000,20260718T024708217922Z,stable-early-n200000-w128-m1000-s1888,1888,early_hash_materialized
92d2811fd3360a0e31cf1105104a2dbf691c0beb,128,801.6486000269651,1.0,200000,2,sha256:646d9ee6b2744682f1817c9d1081dfd325281f05a4a52fc1bd20bcc2c8df1e91,phase2l_stable_early,4,sha256:4e49668df0ed63d4e360d42301d448857efb433288af36f717a6b03f513f61b2,200000,20260718T024708217922Z,stable-early-n200000-w128-m1000-s1888,1888,late_fused
92d2811fd3360a0e31cf1105104a2dbf691c0beb,128,443.64400004269555,1.0,200000,3,sha256:2146efa17423ef7b2b1bf85104eb315ae502fb9f7e752a64678c691decce3cdd,phase2l_stable_early,4,sha256:4e49668df0ed63d4e360d42301d448857efb433288af36f717a6b03f513f61b2,200000,20260718T024708217922Z,stable-early-n200000-w128-m1000-s1888,1888,late_join_materialized
92d2811fd3360a0e31cf1105104a2dbf691c0beb,128,643.1667000288144,1.0,200000,0,sha256:aaa00b3bd44c8b4eac45d7e7d997fa62366f1bf46f339190d03cee33407583a0,phase2l_stable_early,5,sha256:4e49668df0ed63d4e360d42301d448857efb433288af36f717a6b03f513f61b2,200000,20260718T024708217922Z,stable-early-n200000-w128-m1000-s1888,1888,early_hash_materialized
92d2811fd3360a0e31cf1105104a2dbf691c0beb,128,657.1462999563664,1.0,200000,1,sha256:646d9ee6b2744682f1817c9d1081dfd325281f05a4a52fc1bd20bcc2c8df1e91,phase2l_stable_early,5,sha256:4e49668df0ed63d4e360d42301d448857efb433288af36f717a6b03f513f61b2,200000,20260718T024708217922Z,stable-early-n200000-w128-m1000-s1888,1888,late_fused
92d2811fd3360a0e31cf1105104a2dbf691c0beb,128,541.9880999834277,1.0,200000,2,sha256:2146efa17423ef7b2b1bf85104eb315ae502fb9f7e752a64678c691decce3cdd,phase2l_stable_early,5,sha256:4e49668df0ed63d4e360d42301d448857efb433288af36f717a6b03f513f61b2,200000,20260718T024708217922Z,stable-early-n200000-w128-m1000-s1888,1888,late_join_materialized
92d2811fd3360a0e31cf1105104a2dbf691c0beb,128,570.6060000229627,1.0,200000,3,sha256:328909ac7fb179c7d58c77fabdb6f910d863b1850355efc5b96283a10322c2b5,phase2l_stable_early,5,sha256:4e49668df0ed63d4e360d42301d448857efb433288af36f717a6b03f513f61b2,200000,20260718T024708217922Z,stable-early-n200000-w128-m1000-s1888,1888,late_hash_materialized
92d2811fd3360a0e31cf1105104a2dbf691c0beb,128,772.1128000412136,1.0,200000,0,sha256:646d9ee6b2744682f1817c9d1081dfd325281f05a4a52fc1bd20bcc2c8df1e91,phase2l_stable_early,6,sha256:4e49668df0ed63d4e360d42301d448857efb433288af36f717a6b03f513f61b2,200000,20260718T024708217922Z,stable-early-n200000-w128-m1000-s1888,1888,late_fused
92d2811fd3360a0e31cf1105104a2dbf691c0beb,128,449.34260001173243,1.0,200000,1,sha256:2146efa17423ef7b2b1bf85104eb315ae502fb9f7e752a64678c691decce3cdd,phase2l_stable_early,6,sha256:4e49668df0ed63d4e360d42301d448857efb433288af36f717a6b03f513f61b2,200000,20260718T024708217922Z,stable-early-n200000-w128-m1000-s1888,1888,late_join_materialized
92d2811fd3360a0e31cf1105104a2dbf691c0beb,128,658.2828999962658,1.0,200000,2,sha256:328909ac7fb179c7d58c77fabdb6f910d863b1850355efc5b96283a10322c2b5,phase2l_stable_early,6,sha256:4e49668df0ed63d4e360d42301d448857efb433288af36f717a6b03f513f61b2,200000,20260718T024708217922Z,stable-early-n200000-w128-m1000-s1888,1888,late_hash_materialized
92d2811fd3360a0e31cf1105104a2dbf691c0beb,128,616.4078000001609,1.0,200000,3,sha256:aaa00b3bd44c8b4eac45d7e7d997fa62366f1bf46f339190d03cee33407583a0,phase2l_stable_early,6,sha256:4e49668df0ed63d4e360d42301d448857efb433288af36f717a6b03f513f61b2,200000,20260718T024708217922Z,stable-early-n200000-w128-m1000-s1888,1888,early_hash_materialized
92d2811fd3360a0e31cf1105104a2dbf691c0beb,128,438.9499999815598,1.0,200000,0,sha256:2146efa17423ef7b2b1bf85104eb315ae502fb9f7e752a64678c691decce3cdd,phase2l_stable_early,7,sha256:4e49668df0ed63d4e360d42301d448857efb433288af36f717a6b03f513f61b2,200000,20260718T024708217922Z,stable-early-n200000-w128-m1000-s1888,1888,late_join_materialized
92d2811fd3360a0e31cf1105104a2dbf691c0beb,128,615.9998000366613,1.0,200000,1,sha256:328909ac7fb179c7d58c77fabdb6f910d863b1850355efc5b96283a10322c2b5,phase2l_stable_early,7,sha256:4e49668df0ed63d4e360d42301d448857efb433288af36f717a6b03f513f61b2,200000,20260718T024708217922Z,stable-early-n200000-w128-m1000-s1888,1888,late_hash_materialized
92d2811fd3360a0e31cf1105104a2dbf691c0beb,128,643.7272999901325,1.0,200000,2,sha256:aaa00b3bd44c8b4eac45d7e7d997fa62366f1bf46f339190d03cee33407583a0,phase2l_stable_early,7,sha256:4e49668df0ed63d4e360d42301d448857efb433288af36f717a6b03f513f61b2,200000,20260718T024708217922Z,stable-early-n200000-w128-m1000-s1888,1888,early_hash_materialized
92d2811fd3360a0e31cf1105104a2dbf691c0beb,128,724.8105000471696,1.0,200000,3,sha256:646d9ee6b2744682f1817c9d1081dfd325281f05a4a52fc1bd20bcc2c8df1e91,phase2l_stable_early,7,sha256:4e49668df0ed63d4e360d42301d448857efb433288af36f717a6b03f513f61b2,200000,20260718T024708217922Z,stable-early-n200000-w128-m1000-s1888,1888,late_fused
92d2811fd3360a0e31cf1105104a2dbf691c0beb,128,669.0191000234336,1.0,200000,0,sha256:328909ac7fb179c7d58c77fabdb6f910d863b1850355efc5b96283a10322c2b5,phase2l_stable_early,8,sha256:4e49668df0ed63d4e360d42301d448857efb433288af36f717a6b03f513f61b2,200000,20260718T024708217922Z,stable-early-n200000-w128-m1000-s1888,1888,late_hash_materialized
92d2811fd3360a0e31cf1105104a2dbf691c0beb,128,570.4481999855489,1.0,200000,1,sha256:aaa00b3bd44c8b4eac45d7e7d997fa62366f1bf46f339190d03cee33407583a0,phase2l_stable_early,8,sha256:4e49668df0ed63d4e360d42301d448857efb433288af36f717a6b03f513f61b2,200000,20260718T024708217922Z,stable-early-n200000-w128-m1000-s1888,1888,early_hash_materialized
92d2811fd3360a0e31cf1105104a2dbf691c0beb,128,714.5996999461204,1.0,200000,2,sha256:646d9ee6b2744682f1817c9d1081dfd325281f05a4a52fc1bd20bcc2c8df1e91,phase2l_stable_early,8,sha256:4e49668df0ed63d4e360d42301d448857efb433288af36f717a6b03f513f61b2,200000,20260718T024708217922Z,stable-early-n200000-w128-m1000-s1888,1888,late_fused
92d2811fd3360a0e31cf1105104a2dbf691c0beb,128,444.60299995262176,1.0,200000,3,sha256:2146efa17423ef7b2b1bf85104eb315ae502fb9f7e752a64678c691decce3cdd,phase2l_stable_early,8,sha256:4e49668df0ed63d4e360d42301d448857efb433288af36f717a6b03f513f61b2,200000,20260718T024708217922Z,stable-early-n200000-w128-m1000-s1888,1888,late_join_materialized
92d2811fd3360a0e31cf1105104a2dbf691c0beb,128,636.8812000146136,1.0,200000,0,sha256:aaa00b3bd44c8b4eac45d7e7d997fa62366f1bf46f339190d03cee33407583a0,phase2l_stable_early,9,sha256:4e49668df0ed63d4e360d42301d448857efb433288af36f717a6b03f513f61b2,200000,20260718T024708217922Z,stable-early-n200000-w128-m1000-s1888,1888,early_hash_materialized
92d2811fd3360a0e31cf1105104a2dbf691c0beb,128,706.7587999626994,1.0,200000,1,sha256:646d9ee6b2744682f1817c9d1081dfd325281f05a4a52fc1bd20bcc2c8df1e91,phase2l_stable_early,9,sha256:4e49668df0ed63d4e360d42301d448857efb433288af36f717a6b03f513f61b2,200000,20260718T024708217922Z,stable-early-n200000-w128-m1000-s1888,1888,late_fused
92d2811fd3360a0e31cf1105104a2dbf691c0beb,128,436.0842000460252,1.0,200000,2,sha256:2146efa17423ef7b2b1bf85104eb315ae502fb9f7e752a64678c691decce3cdd,phase2l_stable_early,9,sha256:4e49668df0ed63d4e360d42301d448857efb433288af36f717a6b03f513f61b2,200000,20260718T024708217922Z,stable-early-n200000-w128-m1000-s1888,1888,late_join_materialized
92d2811fd3360a0e31cf1105104a2dbf691c0beb,128,604.499599954579,1.0,200000,3,sha256:328909ac7fb179c7d58c77fabdb6f910d863b1850355efc5b96283a10322c2b5,phase2l_stable_early,9,sha256:4e49668df0ed63d4e360d42301d448857efb433288af36f717a6b03f513f61b2,200000,20260718T024708217922Z,stable-early-n200000-w128-m1000-s1888,1888,late_hash_materialized
92d2811fd3360a0e31cf1105104a2dbf691c0beb,128,909.2496000230312,1.0,200000,0,sha256:646d9ee6b2744682f1817c9d1081dfd325281f05a4a52fc1bd20bcc2c8df1e91,phase2l_stable_early,10,sha256:4e49668df0ed63d4e360d42301d448857efb433288af36f717a6b03f513f61b2,200000,20260718T024708217922Z,stable-early-n200000-w128-m1000-s1888,1888,late_fused
92d2811fd3360a0e31cf1105104a2dbf691c0beb,128,402.1756000001915,1.0,200000,1,sha256:2146efa17423ef7b2b1bf85104eb315ae502fb9f7e752a64678c691decce3cdd,phase2l_stable_early,10,sha256:4e49668df0ed63d4e360d42301d448857efb433288af36f717a6b03f513f61b2,200000,20260718T024708217922Z,stable-early-n200000-w128-m1000-s1888,1888,late_join_materialized
92d2811fd3360a0e31cf1105104a2dbf691c0beb,128,614.5509000052698,1.0,200000,2,sha256:328909ac7fb179c7d58c77fabdb6f910d863b1850355efc5b96283a10322c2b5,phase2l_stable_early,10,sha256:4e49668df0ed63d4e360d42301d448857efb433288af36f717a6b03f513f61b2,200000,20260718T024708217922Z,stable-early-n200000-w128-m1000-s1888,1888,late_hash_materialized
92d2811fd3360a0e31cf1105104a2dbf691c0beb,128,726.3784999959171,1.0,200000,3,sha256:aaa00b3bd44c8b4eac45d7e7d997fa62366f1bf46f339190d03cee33407583a0,phase2l_stable_early,10,sha256:4e49668df0ed63d4e360d42301d448857efb433288af36f717a6b03f513f61b2,200000,20260718T024708217922Z,stable-early-n200000-w128-m1000-s1888,1888,early_hash_materialized
92d2811fd3360a0e31cf1105104a2dbf691c0beb,128,490.2239000075497,1.0,200000,0,sha256:2146efa17423ef7b2b1bf85104eb315ae502fb9f7e752a64678c691decce3cdd,phase2l_stable_early,11,sha256:4e49668df0ed63d4e360d42301d448857efb433288af36f717a6b03f513f61b2,200000,20260718T024708217922Z,stable-early-n200000-w128-m1000-s1888,1888,late_join_materialized
92d2811fd3360a0e31cf1105104a2dbf691c0beb,128,614.6631000447087,1.0,200000,1,sha256:328909ac7fb179c7d58c77fabdb6f910d863b1850355efc5b96283a10322c2b5,phase2l_stable_early,11,sha256:4e49668df0ed63d4e360d42301d448857efb433288af36f717a6b03f513f61b2,200000,20260718T024708217922Z,stable-early-n200000-w128-m1000-s1888,1888,late_hash_materialized
92d2811fd3360a0e31cf1105104a2dbf691c0beb,128,596.9228000030853,1.0,200000,2,sha256:aaa00b3bd44c8b4eac45d7e7d997fa62366f1bf46f339190d03cee33407583a0,phase2l_stable_early,11,sha256:4e49668df0ed63d4e360d42301d448857efb433288af36f717a6b03f513f61b2,200000,20260718T024708217922Z,stable-early-n200000-w128-m1000-s1888,1888,early_hash_materialized
92d2811fd3360a0e31cf1105104a2dbf691c0beb,128,674.0648000268266,1.0,200000,3,sha256:646d9ee6b2744682f1817c9d1081dfd325281f05a4a52fc1bd20bcc2c8df1e91,phase2l_stable_early,11,sha256:4e49668df0ed63d4e360d42301d448857efb433288af36f717a6b03f513f61b2,200000,20260718T024708217922Z,stable-early-n200000-w128-m1000-s1888,1888,late_fused
92d2811fd3360a0e31cf1105104a2dbf691c0beb,128,636.5016000345349,1.0,200000,0,sha256:328909ac7fb179c7d58c77fabdb6f910d863b1850355efc5b96283a10322c2b5,phase2l_stable_early,12,sha256:4e49668df0ed63d4e360d42301d448857efb433288af36f717a6b03f513f61b2,200000,20260718T024708217922Z,stable-early-n200000-w128-m1000-s1888,1888,late_hash_materialized
92d2811fd3360a0e31cf1105104a2dbf691c0beb,128,673.9125000312924,1.0,200000,1,sha256:aaa00b3bd44c8b4eac45d7e7d997fa62366f1bf46f339190d03cee33407583a0,phase2l_stable_early,12,sha256:4e49668df0ed63d4e360d42301d448857efb433288af36f717a6b03f513f61b2,200000,20260718T024708217922Z,stable-early-n200000-w128-m1000-s1888,1888,early_hash_materialized
92d2811fd3360a0e31cf1105104a2dbf691c0beb,128,707.4027999769896,1.0,200000,2,sha256:646d9ee6b2744682f1817c9d1081dfd325281f05a4a52fc1bd20bcc2c8df1e91,phase2l_stable_early,12,sha256:4e49668df0ed63d4e360d42301d448857efb433288af36f717a6b03f513f61b2,200000,20260718T024708217922Z,stable-early-n200000-w128-m1000-s1888,1888,late_fused
92d2811fd3360a0e31cf1105104a2dbf691c0beb,128,508.8258999749087,1.0,200000,3,sha256:2146efa17423ef7b2b1bf85104eb315ae502fb9f7e752a64678c691decce3cdd,phase2l_stable_early,12,sha256:4e49668df0ed63d4e360d42301d448857efb433288af36f717a6b03f513f61b2,200000,20260718T024708217922Z,stable-early-n200000-w128-m1000-s1888,1888,late_join_materialized
92d2811fd3360a0e31cf1105104a2dbf691c0beb,128,693.0259999935515,1.0,200000,0,sha256:aaa00b3bd44c8b4eac45d7e7d997fa62366f1bf46f339190d03cee33407583a0,phase2l_stable_early,13,sha256:4e49668df0ed63d4e360d42301d448857efb433288af36f717a6b03f513f61b2,200000,20260718T024708217922Z,stable-early-n200000-w128-m1000-s1888,1888,early_hash_materialized
92d2811fd3360a0e31cf1105104a2dbf691c0beb,128,937.8670000005513,1.0,200000,1,sha256:646d9ee6b2744682f1817c9d1081dfd325281f05a4a52fc1bd20bcc2c8df1e91,phase2l_stable_early,13,sha256:4e49668df0ed63d4e360d42301d448857efb433288af36f717a6b03f513f61b2,200000,20260718T024708217922Z,stable-early-n200000-w128-m1000-s1888,1888,late_fused
92d2811fd3360a0e31cf1105104a2dbf691c0beb,128,558.7398000061512,1.0,200000,2,sha256:2146efa17423ef7b2b1bf85104eb315ae502fb9f7e752a64678c691decce3cdd,phase2l_stable_early,13,sha256:4e49668df0ed63d4e360d42301d448857efb433288af36f717a6b03f513f61b2,200000,20260718T024708217922Z,stable-early-n200000-w128-m1000-s1888,1888,late_join_materialized
92d2811fd3360a0e31cf1105104a2dbf691c0beb,128,570.8438999718055,1.0,200000,3,sha256:328909ac7fb179c7d58c77fabdb6f910d863b1850355efc5b96283a10322c2b5,phase2l_stable_early,13,sha256:4e49668df0ed63d4e360d42301d448857efb433288af36f717a6b03f513f61b2,200000,20260718T024708217922Z,stable-early-n200000-w128-m1000-s1888,1888,late_hash_materialized
92d2811fd3360a0e31cf1105104a2dbf691c0beb,128,846.1267000529915,1.0,200000,0,sha256:646d9ee6b2744682f1817c9d1081dfd325281f05a4a52fc1bd20bcc2c8df1e91,phase2l_stable_early,14,sha256:4e49668df0ed63d4e360d42301d448857efb433288af36f717a6b03f513f61b2,200000,20260718T024708217922Z,stable-early-n200000-w128-m1000-s1888,1888,late_fused
92d2811fd3360a0e31cf1105104a2dbf691c0beb,128,568.1900999625213,1.0,200000,1,sha256:2146efa17423ef7b2b1bf85104eb315ae502fb9f7e752a64678c691decce3cdd,phase2l_stable_early,14,sha256:4e49668df0ed63d4e360d42301d448857efb433288af36f717a6b03f513f61b2,200000,20260718T024708217922Z,stable-early-n200000-w128-m1000-s1888,1888,late_join_materialized
92d2811fd3360a0e31cf1105104a2dbf691c0beb,128,848.6798999947496,1.0,200000,2,sha256:328909ac7fb179c7d58c77fabdb6f910d863b1850355efc5b96283a10322c2b5,phase2l_stable_early,14,sha256:4e49668df0ed63d4e360d42301d448857efb433288af36f717a6b03f513f61b2,200000,20260718T024708217922Z,stable-early-n200000-w128-m1000-s1888,1888,late_hash_materialized
92d2811fd3360a0e31cf1105104a2dbf691c0beb,128,805.469400016591,1.0,200000,3,sha256:aaa00b3bd44c8b4eac45d7e7d997fa62366f1bf46f339190d03cee33407583a0,phase2l_stable_early,14,sha256:4e49668df0ed63d4e360d42301d448857efb433288af36f717a6b03f513f61b2,200000,20260718T024708217922Z,stable-early-n200000-w128-m1000-s1888,1888,early_hash_materialized
92d2811fd3360a0e31cf1105104a2dbf691c0beb,128,566.7007999727502,1.0,200000,0,sha256:646d9ee6b2744682f1817c9d1081dfd325281f05a4a52fc1bd20bcc2c8df1e91,phase2l_stable_early,0,sha256:6e12f139a2ff882902894dc83cdeda9bcf6e8c174c495cc6bd35cc6a543c785b,200000,20260718T024708217922Z,stable-early-n200000-w128-m1000-s1999,1999,late_fused
92d2811fd3360a0e31cf1105104a2dbf691c0beb,128,424.5289999525994,1.0,200000,1,sha256:2146efa17423ef7b2b1bf85104eb315ae502fb9f7e752a64678c691decce3cdd,phase2l_stable_early,0,sha256:6e12f139a2ff882902894dc83cdeda9bcf6e8c174c495cc6bd35cc6a543c785b,200000,20260718T024708217922Z,stable-early-n200000-w128-m1000-s1999,1999,late_join_materialized
92d2811fd3360a0e31cf1105104a2dbf691c0beb,128,526.8894000328146,1.0,200000,2,sha256:328909ac7fb179c7d58c77fabdb6f910d863b1850355efc5b96283a10322c2b5,phase2l_stable_early,0,sha256:6e12f139a2ff882902894dc83cdeda9bcf6e8c174c495cc6bd35cc6a543c785b,200000,20260718T024708217922Z,stable-early-n200000-w128-m1000-s1999,1999,late_hash_materialized
92d2811fd3360a0e31cf1105104a2dbf691c0beb,128,500.9907000348903,1.0,200000,3,sha256:aaa00b3bd44c8b4eac45d7e7d997fa62366f1bf46f339190d03cee33407583a0,phase2l_stable_early,0,sha256:6e12f139a2ff882902894dc83cdeda9bcf6e8c174c495cc6bd35cc6a543c785b,200000,20260718T024708217922Z,stable-early-n200000-w128-m1000-s1999,1999,early_hash_materialized
92d2811fd3360a0e31cf1105104a2dbf691c0beb,128,470.1046999543905,1.0,200000,0,sha256:2146efa17423ef7b2b1bf85104eb315ae502fb9f7e752a64678c691decce3cdd,phase2l_stable_early,1,sha256:6e12f139a2ff882902894dc83cdeda9bcf6e8c174c495cc6bd35cc6a543c785b,200000,20260718T024708217922Z,stable-early-n200000-w128-m1000-s1999,1999,late_join_materialized
92d2811fd3360a0e31cf1105104a2dbf691c0beb,128,456.9348000222817,1.0,200000,1,sha256:328909ac7fb179c7d58c77fabdb6f910d863b1850355efc5b96283a10322c2b5,phase2l_stable_early,1,sha256:6e12f139a2ff882902894dc83cdeda9bcf6e8c174c495cc6bd35cc6a543c785b,200000,20260718T024708217922Z,stable-early-n200000-w128-m1000-s1999,1999,late_hash_materialized
92d2811fd3360a0e31cf1105104a2dbf691c0beb,128,511.13510003779083,1.0,200000,2,sha256:aaa00b3bd44c8b4eac45d7e7d997fa62366f1bf46f339190d03cee33407583a0,phase2l_stable_early,1,sha256:6e12f139a2ff882902894dc83cdeda9bcf6e8c174c495cc6bd35cc6a543c785b,200000,20260718T024708217922Z,stable-early-n200000-w128-m1000-s1999,1999,early_hash_materialized
92d2811fd3360a0e31cf1105104a2dbf691c0beb,128,497.3362000309862,1.0,200000,3,sha256:646d9ee6b2744682f1817c9d1081dfd325281f05a4a52fc1bd20bcc2c8df1e91,phase2l_stable_early,1,sha256:6e12f139a2ff882902894dc83cdeda9bcf6e8c174c495cc6bd35cc6a543c785b,200000,20260718T024708217922Z,stable-early-n200000-w128-m1000-s1999,1999,late_fused
92d2811fd3360a0e31cf1105104a2dbf691c0beb,128,913.9747000299394,1.0,200000,0,sha256:328909ac7fb179c7d58c77fabdb6f910d863b1850355efc5b96283a10322c2b5,phase2l_stable_early,2,sha256:6e12f139a2ff882902894dc83cdeda9bcf6e8c174c495cc6bd35cc6a543c785b,200000,20260718T024708217922Z,stable-early-n200000-w128-m1000-s1999,1999,late_hash_materialized
92d2811fd3360a0e31cf1105104a2dbf691c0beb,128,487.877799954731,1.0,200000,1,sha256:aaa00b3bd44c8b4eac45d7e7d997fa62366f1bf46f339190d03cee33407583a0,phase2l_stable_early,2,sha256:6e12f139a2ff882902894dc83cdeda9bcf6e8c174c495cc6bd35cc6a543c785b,200000,20260718T024708217922Z,stable-early-n200000-w128-m1000-s1999,1999,early_hash_materialized
92d2811fd3360a0e31cf1105104a2dbf691c0beb,128,521.55770000536,1.0,200000,2,sha256:646d9ee6b2744682f1817c9d1081dfd325281f05a4a52fc1bd20bcc2c8df1e91,phase2l_stable_early,2,sha256:6e12f139a2ff882902894dc83cdeda9bcf6e8c174c495cc6bd35cc6a543c785b,200000,20260718T024708217922Z,stable-early-n200000-w128-m1000-s1999,1999,late_fused
92d2811fd3360a0e31cf1105104a2dbf691c0beb,128,437.6267999759875,1.0,200000,3,sha256:2146efa17423ef7b2b1bf85104eb315ae502fb9f7e752a64678c691decce3cdd,phase2l_stable_early,2,sha256:6e12f139a2ff882902894dc83cdeda9bcf6e8c174c495cc6bd35cc6a543c785b,200000,20260718T024708217922Z,stable-early-n200000-w128-m1000-s1999,1999,late_join_materialized
92d2811fd3360a0e31cf1105104a2dbf691c0beb,128,470.23879998596385,1.0,200000,0,sha256:aaa00b3bd44c8b4eac45d7e7d997fa62366f1bf46f339190d03cee33407583a0,phase2l_stable_early,3,sha256:6e12f139a2ff882902894dc83cdeda9bcf6e8c174c495cc6bd35cc6a543c785b,200000,20260718T024708217922Z,stable-early-n200000-w128-m1000-s1999,1999,early_hash_materialized
92d2811fd3360a0e31cf1105104a2dbf691c0beb,128,529.4348999741487,1.0,200000,1,sha256:646d9ee6b2744682f1817c9d1081dfd325281f05a4a52fc1bd20bcc2c8df1e91,phase2l_stable_early,3,sha256:6e12f139a2ff882902894dc83cdeda9bcf6e8c174c495cc6bd35cc6a543c785b,200000,20260718T024708217922Z,stable-early-n200000-w128-m1000-s1999,1999,late_fused
92d2811fd3360a0e31cf1105104a2dbf691c0beb,128,338.33669999148697,1.0,200000,2,sha256:2146efa17423ef7b2b1bf85104eb315ae502fb9f7e752a64678c691decce3cdd,phase2l_stable_early,3,sha256:6e12f139a2ff882902894dc83cdeda9bcf6e8c174c495cc6bd35cc6a543c785b,200000,20260718T024708217922Z,stable-early-n200000-w128-m1000-s1999,1999,late_join_materialized
92d2811fd3360a0e31cf1105104a2dbf691c0beb,128,446.545300015714,1.0,200000,3,sha256:328909ac7fb179c7d58c77fabdb6f910d863b1850355efc5b96283a10322c2b5,phase2l_stable_early,3,sha256:6e12f139a2ff882902894dc83cdeda9bcf6e8c174c495cc6bd35cc6a543c785b,200000,20260718T024708217922Z,stable-early-n200000-w128-m1000-s1999,1999,late_hash_materialized
92d2811fd3360a0e31cf1105104a2dbf691c0beb,128,499.8761999886483,1.0,200000,0,sha256:646d9ee6b2744682f1817c9d1081dfd325281f05a4a52fc1bd20bcc2c8df1e91,phase2l_stable_early,4,sha256:6e12f139a2ff882902894dc83cdeda9bcf6e8c174c495cc6bd35cc6a543c785b,200000,20260718T024708217922Z,stable-early-n200000-w128-m1000-s1999,1999,late_fused
92d2811fd3360a0e31cf1105104a2dbf691c0beb,128,428.5084999864921,1.0,200000,1,sha256:2146efa17423ef7b2b1bf85104eb315ae502fb9f7e752a64678c691decce3cdd,phase2l_stable_early,4,sha256:6e12f139a2ff882902894dc83cdeda9bcf6e8c174c495cc6bd35cc6a543c785b,200000,20260718T024708217922Z,stable-early-n200000-w128-m1000-s1999,1999,late_join_materialized
92d2811fd3360a0e31cf1105104a2dbf691c0beb,128,485.48650002339855,1.0,200000,2,sha256:328909ac7fb179c7d58c77fabdb6f910d863b1850355efc5b96283a10322c2b5,phase2l_stable_early,4,sha256:6e12f139a2ff882902894dc83cdeda9bcf6e8c174c495cc6bd35cc6a543c785b,200000,20260718T024708217922Z,stable-early-n200000-w128-m1000-s1999,1999,late_hash_materialized
92d2811fd3360a0e31cf1105104a2dbf691c0beb,128,465.0050000054762,1.0,200000,3,sha256:aaa00b3bd44c8b4eac45d7e7d997fa62366f1bf46f339190d03cee33407583a0,phase2l_stable_early,4,sha256:6e12f139a2ff882902894dc83cdeda9bcf6e8c174c495cc6bd35cc6a543c785b,200000,20260718T024708217922Z,stable-early-n200000-w128-m1000-s1999,1999,early_hash_materialized
92d2811fd3360a0e31cf1105104a2dbf691c0beb,128,448.3149999869056,1.0,200000,0,sha256:2146efa17423ef7b2b1bf85104eb315ae502fb9f7e752a64678c691decce3cdd,phase2l_stable_early,5,sha256:6e12f139a2ff882902894dc83cdeda9bcf6e8c174c495cc6bd35cc6a543c785b,200000,20260718T024708217922Z,stable-early-n200000-w128-m1000-s1999,1999,late_join_materialized
92d2811fd3360a0e31cf1105104a2dbf691c0beb,128,460.14079998712987,1.0,200000,1,sha256:328909ac7fb179c7d58c77fabdb6f910d863b1850355efc5b96283a10322c2b5,phase2l_stable_early,5,sha256:6e12f139a2ff882902894dc83cdeda9bcf6e8c174c495cc6bd35cc6a543c785b,200000,20260718T024708217922Z,stable-early-n200000-w128-m1000-s1999,1999,late_hash_materialized
92d2811fd3360a0e31cf1105104a2dbf691c0beb,128,565.2264999807812,1.0,200000,2,sha256:aaa00b3bd44c8b4eac45d7e7d997fa62366f1bf46f339190d03cee33407583a0,phase2l_stable_early,5,sha256:6e12f139a2ff882902894dc83cdeda9bcf6e8c174c495cc6bd35cc6a543c785b,200000,20260718T024708217922Z,stable-early-n200000-w128-m1000-s1999,1999,early_hash_materialized
92d2811fd3360a0e31cf1105104a2dbf691c0beb,128,648.0752999777906,1.0,200000,3,sha256:646d9ee6b2744682f1817c9d1081dfd325281f05a4a52fc1bd20bcc2c8df1e91,phase2l_stable_early,5,sha256:6e12f139a2ff882902894dc83cdeda9bcf6e8c174c495cc6bd35cc6a543c785b,200000,20260718T024708217922Z,stable-early-n200000-w128-m1000-s1999,1999,late_fused
92d2811fd3360a0e31cf1105104a2dbf691c0beb,128,524.9090000288561,1.0,200000,0,sha256:328909ac7fb179c7d58c77fabdb6f910d863b1850355efc5b96283a10322c2b5,phase2l_stable_early,6,sha256:6e12f139a2ff882902894dc83cdeda9bcf6e8c174c495cc6bd35cc6a543c785b,200000,20260718T024708217922Z,stable-early-n200000-w128-m1000-s1999,1999,late_hash_materialized
92d2811fd3360a0e31cf1105104a2dbf691c0beb,128,513.9026999822818,1.0,200000,1,sha256:aaa00b3bd44c8b4eac45d7e7d997fa62366f1bf46f339190d03cee33407583a0,phase2l_stable_early,6,sha256:6e12f139a2ff882902894dc83cdeda9bcf6e8c174c495cc6bd35cc6a543c785b,200000,20260718T024708217922Z,stable-early-n200000-w128-m1000-s1999,1999,early_hash_materialized
92d2811fd3360a0e31cf1105104a2dbf691c0beb,128,682.3586000245996,1.0,200000,2,sha256:646d9ee6b2744682f1817c9d1081dfd325281f05a4a52fc1bd20bcc2c8df1e91,phase2l_stable_early,6,sha256:6e12f139a2ff882902894dc83cdeda9bcf6e8c174c495cc6bd35cc6a543c785b,200000,20260718T024708217922Z,stable-early-n200000-w128-m1000-s1999,1999,late_fused
92d2811fd3360a0e31cf1105104a2dbf691c0beb,128,485.85520003689453,1.0,200000,3,sha256:2146efa17423ef7b2b1bf85104eb315ae502fb9f7e752a64678c691decce3cdd,phase2l_stable_early,6,sha256:6e12f139a2ff882902894dc83cdeda9bcf6e8c174c495cc6bd35cc6a543c785b,200000,20260718T024708217922Z,stable-early-n200000-w128-m1000-s1999,1999,late_join_materialized
92d2811fd3360a0e31cf1105104a2dbf691c0beb,128,1992.0252000447363,1.0,200000,0,sha256:aaa00b3bd44c8b4eac45d7e7d997fa62366f1bf46f339190d03cee33407583a0,phase2l_stable_early,7,sha256:6e12f139a2ff882902894dc83cdeda9bcf6e8c174c495cc6bd35cc6a543c785b,200000,20260718T024708217922Z,stable-early-n200000-w128-m1000-s1999,1999,early_hash_materialized
92d2811fd3360a0e31cf1105104a2dbf691c0beb,128,889.158200006932,1.0,200000,1,sha256:646d9ee6b2744682f1817c9d1081dfd325281f05a4a52fc1bd20bcc2c8df1e91,phase2l_stable_early,7,sha256:6e12f139a2ff882902894dc83cdeda9bcf6e8c174c495cc6bd35cc6a543c785b,200000,20260718T024708217922Z,stable-early-n200000-w128-m1000-s1999,1999,late_fused
92d2811fd3360a0e31cf1105104a2dbf691c0beb,128,528.9764000335708,1.0,200000,2,sha256:2146efa17423ef7b2b1bf85104eb315ae502fb9f7e752a64678c691decce3cdd,phase2l_stable_early,7,sha256:6e12f139a2ff882902894dc83cdeda9bcf6e8c174c495cc6bd35cc6a543c785b,200000,20260718T024708217922Z,stable-early-n200000-w128-m1000-s1999,1999,late_join_materialized
92d2811fd3360a0e31cf1105104a2dbf691c0beb,128,784.8551000352018,1.0,200000,3,sha256:328909ac7fb179c7d58c77fabdb6f910d863b1850355efc5b96283a10322c2b5,phase2l_stable_early,7,sha256:6e12f139a2ff882902894dc83cdeda9bcf6e8c174c495cc6bd35cc6a543c785b,200000,20260718T024708217922Z,stable-early-n200000-w128-m1000-s1999,1999,late_hash_materialized
92d2811fd3360a0e31cf1105104a2dbf691c0beb,128,1027.5894000078551,1.0,200000,0,sha256:646d9ee6b2744682f1817c9d1081dfd325281f05a4a52fc1bd20bcc2c8df1e91,phase2l_stable_early,8,sha256:6e12f139a2ff882902894dc83cdeda9bcf6e8c174c495cc6bd35cc6a543c785b,200000,20260718T024708217922Z,stable-early-n200000-w128-m1000-s1999,1999,late_fused
92d2811fd3360a0e31cf1105104a2dbf691c0beb,128,554.3396000284702,1.0,200000,1,sha256:2146efa17423ef7b2b1bf85104eb315ae502fb9f7e752a64678c691decce3cdd,phase2l_stable_early,8,sha256:6e12f139a2ff882902894dc83cdeda9bcf6e8c174c495cc6bd35cc6a543c785b,200000,20260718T024708217922Z,stable-early-n200000-w128-m1000-s1999,1999,late_join_materialized
92d2811fd3360a0e31cf1105104a2dbf691c0beb,128,857.5291000306606,1.0,200000,2,sha256:328909ac7fb179c7d58c77fabdb6f910d863b1850355efc5b96283a10322c2b5,phase2l_stable_early,8,sha256:6e12f139a2ff882902894dc83cdeda9bcf6e8c174c495cc6bd35cc6a543c785b,200000,20260718T024708217922Z,stable-early-n200000-w128-m1000-s1999,1999,late_hash_materialized
92d2811fd3360a0e31cf1105104a2dbf691c0beb,128,797.564800013788,1.0,200000,3,sha256:aaa00b3bd44c8b4eac45d7e7d997fa62366f1bf46f339190d03cee33407583a0,phase2l_stable_early,8,sha256:6e12f139a2ff882902894dc83cdeda9bcf6e8c174c495cc6bd35cc6a543c785b,200000,20260718T024708217922Z,stable-early-n200000-w128-m1000-s1999,1999,early_hash_materialized
92d2811fd3360a0e31cf1105104a2dbf691c0beb,128,580.046399962157,1.0,200000,0,sha256:2146efa17423ef7b2b1bf85104eb315ae502fb9f7e752a64678c691decce3cdd,phase2l_stable_early,9,sha256:6e12f139a2ff882902894dc83cdeda9bcf6e8c174c495cc6bd35cc6a543c785b,200000,20260718T024708217922Z,stable-early-n200000-w128-m1000-s1999,1999,late_join_materialized
92d2811fd3360a0e31cf1105104a2dbf691c0beb,128,752.3166000028141,1.0,200000,1,sha256:328909ac7fb179c7d58c77fabdb6f910d863b1850355efc5b96283a10322c2b5,phase2l_stable_early,9,sha256:6e12f139a2ff882902894dc83cdeda9bcf6e8c174c495cc6bd35cc6a543c785b,200000,20260718T024708217922Z,stable-early-n200000-w128-m1000-s1999,1999,late_hash_materialized
92d2811fd3360a0e31cf1105104a2dbf691c0beb,128,757.1741999709047,1.0,200000,2,sha256:aaa00b3bd44c8b4eac45d7e7d997fa62366f1bf46f339190d03cee33407583a0,phase2l_stable_early,9,sha256:6e12f139a2ff882902894dc83cdeda9bcf6e8c174c495cc6bd35cc6a543c785b,200000,20260718T024708217922Z,stable-early-n200000-w128-m1000-s1999,1999,early_hash_materialized
92d2811fd3360a0e31cf1105104a2dbf691c0beb,128,851.1881000013091,1.0,200000,3,sha256:646d9ee6b2744682f1817c9d1081dfd325281f05a4a52fc1bd20bcc2c8df1e91,phase2l_stable_early,9,sha256:6e12f139a2ff882902894dc83cdeda9bcf6e8c174c495cc6bd35cc6a543c785b,200000,20260718T024708217922Z,stable-early-n200000-w128-m1000-s1999,1999,late_fused
92d2811fd3360a0e31cf1105104a2dbf691c0beb,128,761.2476000213064,1.0,200000,0,sha256:328909ac7fb179c7d58c77fabdb6f910d863b1850355efc5b96283a10322c2b5,phase2l_stable_early,10,sha256:6e12f139a2ff882902894dc83cdeda9bcf6e8c174c495cc6bd35cc6a543c785b,200000,20260718T024708217922Z,stable-early-n200000-w128-m1000-s1999,1999,late_hash_materialized
92d2811fd3360a0e31cf1105104a2dbf691c0beb,128,774.5957000297494,1.0,200000,1,sha256:aaa00b3bd44c8b4eac45d7e7d997fa62366f1bf46f339190d03cee33407583a0,phase2l_stable_early,10,sha256:6e12f139a2ff882902894dc83cdeda9bcf6e8c174c495cc6bd35cc6a543c785b,200000,20260718T024708217922Z,stable-early-n200000-w128-m1000-s1999,1999,early_hash_materialized
92d2811fd3360a0e31cf1105104a2dbf691c0beb,128,800.8129000081681,1.0,200000,2,sha256:646d9ee6b2744682f1817c9d1081dfd325281f05a4a52fc1bd20bcc2c8df1e91,phase2l_stable_early,10,sha256:6e12f139a2ff882902894dc83cdeda9bcf6e8c174c495cc6bd35cc6a543c785b,200000,20260718T024708217922Z,stable-early-n200000-w128-m1000-s1999,1999,late_fused
92d2811fd3360a0e31cf1105104a2dbf691c0beb,128,532.9208000330254,1.0,200000,3,sha256:2146efa17423ef7b2b1bf85104eb315ae502fb9f7e752a64678c691decce3cdd,phase2l_stable_early,10,sha256:6e12f139a2ff882902894dc83cdeda9bcf6e8c174c495cc6bd35cc6a543c785b,200000,20260718T024708217922Z,stable-early-n200000-w128-m1000-s1999,1999,late_join_materialized
92d2811fd3360a0e31cf1105104a2dbf691c0beb,128,617.9174999706447,1.0,200000,0,sha256:aaa00b3bd44c8b4eac45d7e7d997fa62366f1bf46f339190d03cee33407583a0,phase2l_stable_early,11,sha256:6e12f139a2ff882902894dc83cdeda9bcf6e8c174c495cc6bd35cc6a543c785b,200000,20260718T024708217922Z,stable-early-n200000-w128-m1000-s1999,1999,early_hash_materialized
92d2811fd3360a0e31cf1105104a2dbf691c0beb,128,737.0615999680012,1.0,200000,1,sha256:646d9ee6b2744682f1817c9d1081dfd325281f05a4a52fc1bd20bcc2c8df1e91,phase2l_stable_early,11,sha256:6e12f139a2ff882902894dc83cdeda9bcf6e8c174c495cc6bd35cc6a543c785b,200000,20260718T024708217922Z,stable-early-n200000-w128-m1000-s1999,1999,late_fused
92d2811fd3360a0e31cf1105104a2dbf691c0beb,128,490.4577000415884,1.0,200000,2,sha256:2146efa17423ef7b2b1bf85104eb315ae502fb9f7e752a64678c691decce3cdd,phase2l_stable_early,11,sha256:6e12f139a2ff882902894dc83cdeda9bcf6e8c174c495cc6bd35cc6a543c785b,200000,20260718T024708217922Z,stable-early-n200000-w128-m1000-s1999,1999,late_join_materialized
92d2811fd3360a0e31cf1105104a2dbf691c0beb,128,507.8876999905333,1.0,200000,3,sha256:328909ac7fb179c7d58c77fabdb6f910d863b1850355efc5b96283a10322c2b5,phase2l_stable_early,11,sha256:6e12f139a2ff882902894dc83cdeda9bcf6e8c174c495cc6bd35cc6a543c785b,200000,20260718T024708217922Z,stable-early-n200000-w128-m1000-s1999,1999,late_hash_materialized
92d2811fd3360a0e31cf1105104a2dbf691c0beb,128,578.1082999892533,1.0,200000,0,sha256:646d9ee6b2744682f1817c9d1081dfd325281f05a4a52fc1bd20bcc2c8df1e91,phase2l_stable_early,12,sha256:6e12f139a2ff882902894dc83cdeda9bcf6e8c174c495cc6bd35cc6a543c785b,200000,20260718T024708217922Z,stable-early-n200000-w128-m1000-s1999,1999,late_fused
92d2811fd3360a0e31cf1105104a2dbf691c0beb,128,489.57099998369813,1.0,200000,1,sha256:2146efa17423ef7b2b1bf85104eb315ae502fb9f7e752a64678c691decce3cdd,phase2l_stable_early,12,sha256:6e12f139a2ff882902894dc83cdeda9bcf6e8c174c495cc6bd35cc6a543c785b,200000,20260718T024708217922Z,stable-early-n200000-w128-m1000-s1999,1999,late_join_materialized
92d2811fd3360a0e31cf1105104a2dbf691c0beb,128,712.8291000262834,1.0,200000,2,sha256:328909ac7fb179c7d58c77fabdb6f910d863b1850355efc5b96283a10322c2b5,phase2l_stable_early,12,sha256:6e12f139a2ff882902894dc83cdeda9bcf6e8c174c495cc6bd35cc6a543c785b,200000,20260718T024708217922Z,stable-early-n200000-w128-m1000-s1999,1999,late_hash_materialized
92d2811fd3360a0e31cf1105104a2dbf691c0beb,128,544.849099998828,1.0,200000,3,sha256:aaa00b3bd44c8b4eac45d7e7d997fa62366f1bf46f339190d03cee33407583a0,phase2l_stable_early,12,sha256:6e12f139a2ff882902894dc83cdeda9bcf6e8c174c495cc6bd35cc6a543c785b,200000,20260718T024708217922Z,stable-early-n200000-w128-m1000-s1999,1999,early_hash_materialized
92d2811fd3360a0e31cf1105104a2dbf691c0beb,128,353.48610003711656,1.0,200000,0,sha256:2146efa17423ef7b2b1bf85104eb315ae502fb9f7e752a64678c691decce3cdd,phase2l_stable_early,13,sha256:6e12f139a2ff882902894dc83cdeda9bcf6e8c174c495cc6bd35cc6a543c785b,200000,20260718T024708217922Z,stable-early-n200000-w128-m1000-s1999,1999,late_join_materialized
92d2811fd3360a0e31cf1105104a2dbf691c0beb,128,525.1362000126392,1.0,200000,1,sha256:328909ac7fb179c7d58c77fabdb6f910d863b1850355efc5b96283a10322c2b5,phase2l_stable_early,13,sha256:6e12f139a2ff882902894dc83cdeda9bcf6e8c174c495cc6bd35cc6a543c785b,200000,20260718T024708217922Z,stable-early-n200000-w128-m1000-s1999,1999,late_hash_materialized
92d2811fd3360a0e31cf1105104a2dbf691c0beb,128,486.2287999712862,1.0,200000,2,sha256:aaa00b3bd44c8b4eac45d7e7d997fa62366f1bf46f339190d03cee33407583a0,phase2l_stable_early,13,sha256:6e12f139a2ff882902894dc83cdeda9bcf6e8c174c495cc6bd35cc6a543c785b,200000,20260718T024708217922Z,stable-early-n200000-w128-m1000-s1999,1999,early_hash_materialized
92d2811fd3360a0e31cf1105104a2dbf691c0beb,128,602.566699963063,1.0,200000,3,sha256:646d9ee6b2744682f1817c9d1081dfd325281f05a4a52fc1bd20bcc2c8df1e91,phase2l_stable_early,13,sha256:6e12f139a2ff882902894dc83cdeda9bcf6e8c174c495cc6bd35cc6a543c785b,200000,20260718T024708217922Z,stable-early-n200000-w128-m1000-s1999,1999,late_fused
92d2811fd3360a0e31cf1105104a2dbf691c0beb,128,519.6971999830566,1.0,200000,0,sha256:328909ac7fb179c7d58c77fabdb6f910d863b1850355efc5b96283a10322c2b5,phase2l_stable_early,14,sha256:6e12f139a2ff882902894dc83cdeda9bcf6e8c174c495cc6bd35cc6a543c785b,200000,20260718T024708217922Z,stable-early-n200000-w128-m1000-s1999,1999,late_hash_materialized
92d2811fd3360a0e31cf1105104a2dbf691c0beb,128,526.9789999583736,1.0,200000,1,sha256:aaa00b3bd44c8b4eac45d7e7d997fa62366f1bf46f339190d03cee33407583a0,phase2l_stable_early,14,sha256:6e12f139a2ff882902894dc83cdeda9bcf6e8c174c495cc6bd35cc6a543c785b,200000,20260718T024708217922Z,stable-early-n200000-w128-m1000-s1999,1999,early_hash_materialized
92d2811fd3360a0e31cf1105104a2dbf691c0beb,128,638.3055999758653,1.0,200000,2,sha256:646d9ee6b2744682f1817c9d1081dfd325281f05a4a52fc1bd20bcc2c8df1e91,phase2l_stable_early,14,sha256:6e12f139a2ff882902894dc83cdeda9bcf6e8c174c495cc6bd35cc6a543c785b,200000,20260718T024708217922Z,stable-early-n200000-w128-m1000-s1999,1999,late_fused
92d2811fd3360a0e31cf1105104a2dbf691c0beb,128,428.71279997052625,1.0,200000,3,sha256:2146efa17423ef7b2b1bf85104eb315ae502fb9f7e752a64678c691decce3cdd,phase2l_stable_early,14,sha256:6e12f139a2ff882902894dc83cdeda9bcf6e8c174c495cc6bd35cc6a543c785b,200000,20260718T024708217922Z,stable-early-n200000-w128-m1000-s1999,1999,late_join_materialized
92d2811fd3360a0e31cf1105104a2dbf691c0beb,128,572.0950000104494,1.0,200000,0,sha256:646d9ee6b2744682f1817c9d1081dfd325281f05a4a52fc1bd20bcc2c8df1e91,phase2l_stable_early,0,sha256:bc56af84a7ecdf732f10d8099486db0526e9de4670707d4d11e869b31cc6055b,200000,20260718T024708217922Z,stable-early-n200000-w128-m1000-s2111,2111,late_fused
92d2811fd3360a0e31cf1105104a2dbf691c0beb,128,479.0569000178948,1.0,200000,1,sha256:2146efa17423ef7b2b1bf85104eb315ae502fb9f7e752a64678c691decce3cdd,phase2l_stable_early,0,sha256:bc56af84a7ecdf732f10d8099486db0526e9de4670707d4d11e869b31cc6055b,200000,20260718T024708217922Z,stable-early-n200000-w128-m1000-s2111,2111,late_join_materialized
92d2811fd3360a0e31cf1105104a2dbf691c0beb,128,571.7540999758057,1.0,200000,2,sha256:328909ac7fb179c7d58c77fabdb6f910d863b1850355efc5b96283a10322c2b5,phase2l_stable_early,0,sha256:bc56af84a7ecdf732f10d8099486db0526e9de4670707d4d11e869b31cc6055b,200000,20260718T024708217922Z,stable-early-n200000-w128-m1000-s2111,2111,late_hash_materialized
92d2811fd3360a0e31cf1105104a2dbf691c0beb,128,569.6911999839358,1.0,200000,3,sha256:aaa00b3bd44c8b4eac45d7e7d997fa62366f1bf46f339190d03cee33407583a0,phase2l_stable_early,0,sha256:bc56af84a7ecdf732f10d8099486db0526e9de4670707d4d11e869b31cc6055b,200000,20260718T024708217922Z,stable-early-n200000-w128-m1000-s2111,2111,early_hash_materialized
92d2811fd3360a0e31cf1105104a2dbf691c0beb,128,434.26190002355725,1.0,200000,0,sha256:2146efa17423ef7b2b1bf85104eb315ae502fb9f7e752a64678c691decce3cdd,phase2l_stable_early,1,sha256:bc56af84a7ecdf732f10d8099486db0526e9de4670707d4d11e869b31cc6055b,200000,20260718T024708217922Z,stable-early-n200000-w128-m1000-s2111,2111,late_join_materialized
92d2811fd3360a0e31cf1105104a2dbf691c0beb,128,564.7793999523856,1.0,200000,1,sha256:328909ac7fb179c7d58c77fabdb6f910d863b1850355efc5b96283a10322c2b5,phase2l_stable_early,1,sha256:bc56af84a7ecdf732f10d8099486db0526e9de4670707d4d11e869b31cc6055b,200000,20260718T024708217922Z,stable-early-n200000-w128-m1000-s2111,2111,late_hash_materialized
92d2811fd3360a0e31cf1105104a2dbf691c0beb,128,659.9734000046737,1.0,200000,2,sha256:aaa00b3bd44c8b4eac45d7e7d997fa62366f1bf46f339190d03cee33407583a0,phase2l_stable_early,1,sha256:bc56af84a7ecdf732f10d8099486db0526e9de4670707d4d11e869b31cc6055b,200000,20260718T024708217922Z,stable-early-n200000-w128-m1000-s2111,2111,early_hash_materialized
92d2811fd3360a0e31cf1105104a2dbf691c0beb,128,541.3076999830082,1.0,200000,3,sha256:646d9ee6b2744682f1817c9d1081dfd325281f05a4a52fc1bd20bcc2c8df1e91,phase2l_stable_early,1,sha256:bc56af84a7ecdf732f10d8099486db0526e9de4670707d4d11e869b31cc6055b,200000,20260718T024708217922Z,stable-early-n200000-w128-m1000-s2111,2111,late_fused
92d2811fd3360a0e31cf1105104a2dbf691c0beb,128,516.9728999608196,1.0,200000,0,sha256:328909ac7fb179c7d58c77fabdb6f910d863b1850355efc5b96283a10322c2b5,phase2l_stable_early,2,sha256:bc56af84a7ecdf732f10d8099486db0526e9de4670707d4d11e869b31cc6055b,200000,20260718T024708217922Z,stable-early-n200000-w128-m1000-s2111,2111,late_hash_materialized
92d2811fd3360a0e31cf1105104a2dbf691c0beb,128,434.1759000089951,1.0,200000,1,sha256:aaa00b3bd44c8b4eac45d7e7d997fa62366f1bf46f339190d03cee33407583a0,phase2l_stable_early,2,sha256:bc56af84a7ecdf732f10d8099486db0526e9de4670707d4d11e869b31cc6055b,200000,20260718T024708217922Z,stable-early-n200000-w128-m1000-s2111,2111,early_hash_materialized
92d2811fd3360a0e31cf1105104a2dbf691c0beb,128,526.9659999758005,1.0,200000,2,sha256:646d9ee6b2744682f1817c9d1081dfd325281f05a4a52fc1bd20bcc2c8df1e91,phase2l_stable_early,2,sha256:bc56af84a7ecdf732f10d8099486db0526e9de4670707d4d11e869b31cc6055b,200000,20260718T024708217922Z,stable-early-n200000-w128-m1000-s2111,2111,late_fused
92d2811fd3360a0e31cf1105104a2dbf691c0beb,128,348.0788000160828,1.0,200000,3,sha256:2146efa17423ef7b2b1bf85104eb315ae502fb9f7e752a64678c691decce3cdd,phase2l_stable_early,2,sha256:bc56af84a7ecdf732f10d8099486db0526e9de4670707d4d11e869b31cc6055b,200000,20260718T024708217922Z,stable-early-n200000-w128-m1000-s2111,2111,late_join_materialized
92d2811fd3360a0e31cf1105104a2dbf691c0beb,128,458.3621000056155,1.0,200000,0,sha256:aaa00b3bd44c8b4eac45d7e7d997fa62366f1bf46f339190d03cee33407583a0,phase2l_stable_early,3,sha256:bc56af84a7ecdf732f10d8099486db0526e9de4670707d4d11e869b31cc6055b,200000,20260718T024708217922Z,stable-early-n200000-w128-m1000-s2111,2111,early_hash_materialized
92d2811fd3360a0e31cf1105104a2dbf691c0beb,128,544.2770000081509,1.0,200000,1,sha256:646d9ee6b2744682f1817c9d1081dfd325281f05a4a52fc1bd20bcc2c8df1e91,phase2l_stable_early,3,sha256:bc56af84a7ecdf732f10d8099486db0526e9de4670707d4d11e869b31cc6055b,200000,20260718T024708217922Z,stable-early-n200000-w128-m1000-s2111,2111,late_fused
92d2811fd3360a0e31cf1105104a2dbf691c0beb,128,346.27669997280464,1.0,200000,2,sha256:2146efa17423ef7b2b1bf85104eb315ae502fb9f7e752a64678c691decce3cdd,phase2l_stable_early,3,sha256:bc56af84a7ecdf732f10d8099486db0526e9de4670707d4d11e869b31cc6055b,200000,20260718T024708217922Z,stable-early-n200000-w128-m1000-s2111,2111,late_join_materialized
92d2811fd3360a0e31cf1105104a2dbf691c0beb,128,574.8668999876827,1.0,200000,3,sha256:328909ac7fb179c7d58c77fabdb6f910d863b1850355efc5b96283a10322c2b5,phase2l_stable_early,3,sha256:bc56af84a7ecdf732f10d8099486db0526e9de4670707d4d11e869b31cc6055b,200000,20260718T024708217922Z,stable-early-n200000-w128-m1000-s2111,2111,late_hash_materialized
92d2811fd3360a0e31cf1105104a2dbf691c0beb,128,624.1425999905914,1.0,200000,0,sha256:646d9ee6b2744682f1817c9d1081dfd325281f05a4a52fc1bd20bcc2c8df1e91,phase2l_stable_early,4,sha256:bc56af84a7ecdf732f10d8099486db0526e9de4670707d4d11e869b31cc6055b,200000,20260718T024708217922Z,stable-early-n200000-w128-m1000-s2111,2111,late_fused
92d2811fd3360a0e31cf1105104a2dbf691c0beb,128,403.5858000279404,1.0,200000,1,sha256:2146efa17423ef7b2b1bf85104eb315ae502fb9f7e752a64678c691decce3cdd,phase2l_stable_early,4,sha256:bc56af84a7ecdf732f10d8099486db0526e9de4670707d4d11e869b31cc6055b,200000,20260718T024708217922Z,stable-early-n200000-w128-m1000-s2111,2111,late_join_materialized
92d2811fd3360a0e31cf1105104a2dbf691c0beb,128,524.9387000221759,1.0,200000,2,sha256:328909ac7fb179c7d58c77fabdb6f910d863b1850355efc5b96283a10322c2b5,phase2l_stable_early,4,sha256:bc56af84a7ecdf732f10d8099486db0526e9de4670707d4d11e869b31cc6055b,200000,20260718T024708217922Z,stable-early-n200000-w128-m1000-s2111,2111,late_hash_materialized
92d2811fd3360a0e31cf1105104a2dbf691c0beb,128,523.348500020802,1.0,200000,3,sha256:aaa00b3bd44c8b4eac45d7e7d997fa62366f1bf46f339190d03cee33407583a0,phase2l_stable_early,4,sha256:bc56af84a7ecdf732f10d8099486db0526e9de4670707d4d11e869b31cc6055b,200000,20260718T024708217922Z,stable-early-n200000-w128-m1000-s2111,2111,early_hash_materialized
92d2811fd3360a0e31cf1105104a2dbf691c0beb,128,387.2556999558583,1.0,200000,0,sha256:2146efa17423ef7b2b1bf85104eb315ae502fb9f7e752a64678c691decce3cdd,phase2l_stable_early,5,sha256:bc56af84a7ecdf732f10d8099486db0526e9de4670707d4d11e869b31cc6055b,200000,20260718T024708217922Z,stable-early-n200000-w128-m1000-s2111,2111,late_join_materialized
92d2811fd3360a0e31cf1105104a2dbf691c0beb,128,581.8339000106789,1.0,200000,1,sha256:328909ac7fb179c7d58c77fabdb6f910d863b1850355efc5b96283a10322c2b5,phase2l_stable_early,5,sha256:bc56af84a7ecdf732f10d8099486db0526e9de4670707d4d11e869b31cc6055b,200000,20260718T024708217922Z,stable-early-n200000-w128-m1000-s2111,2111,late_hash_materialized
92d2811fd3360a0e31cf1105104a2dbf691c0beb,128,497.98919999739155,1.0,200000,2,sha256:aaa00b3bd44c8b4eac45d7e7d997fa62366f1bf46f339190d03cee33407583a0,phase2l_stable_early,5,sha256:bc56af84a7ecdf732f10d8099486db0526e9de4670707d4d11e869b31cc6055b,200000,20260718T024708217922Z,stable-early-n200000-w128-m1000-s2111,2111,early_hash_materialized
92d2811fd3360a0e31cf1105104a2dbf691c0beb,128,533.9937999960966,1.0,200000,3,sha256:646d9ee6b2744682f1817c9d1081dfd325281f05a4a52fc1bd20bcc2c8df1e91,phase2l_stable_early,5,sha256:bc56af84a7ecdf732f10d8099486db0526e9de4670707d4d11e869b31cc6055b,200000,20260718T024708217922Z,stable-early-n200000-w128-m1000-s2111,2111,late_fused
92d2811fd3360a0e31cf1105104a2dbf691c0beb,128,493.5927999904379,1.0,200000,0,sha256:328909ac7fb179c7d58c77fabdb6f910d863b1850355efc5b96283a10322c2b5,phase2l_stable_early,6,sha256:bc56af84a7ecdf732f10d8099486db0526e9de4670707d4d11e869b31cc6055b,200000,20260718T024708217922Z,stable-early-n200000-w128-m1000-s2111,2111,late_hash_materialized
92d2811fd3360a0e31cf1105104a2dbf691c0beb,128,478.1920000095852,1.0,200000,1,sha256:aaa00b3bd44c8b4eac45d7e7d997fa62366f1bf46f339190d03cee33407583a0,phase2l_stable_early,6,sha256:bc56af84a7ecdf732f10d8099486db0526e9de4670707d4d11e869b31cc6055b,200000,20260718T024708217922Z,stable-early-n200000-w128-m1000-s2111,2111,early_hash_materialized
92d2811fd3360a0e31cf1105104a2dbf691c0beb,128,586.0326999682002,1.0,200000,2,sha256:646d9ee6b2744682f1817c9d1081dfd325281f05a4a52fc1bd20bcc2c8df1e91,phase2l_stable_early,6,sha256:bc56af84a7ecdf732f10d8099486db0526e9de4670707d4d11e869b31cc6055b,200000,20260718T024708217922Z,stable-early-n200000-w128-m1000-s2111,2111,late_fused
92d2811fd3360a0e31cf1105104a2dbf691c0beb,128,402.20060001593083,1.0,200000,3,sha256:2146efa17423ef7b2b1bf85104eb315ae502fb9f7e752a64678c691decce3cdd,phase2l_stable_early,6,sha256:bc56af84a7ecdf732f10d8099486db0526e9de4670707d4d11e869b31cc6055b,200000,20260718T024708217922Z,stable-early-n200000-w128-m1000-s2111,2111,late_join_materialized
92d2811fd3360a0e31cf1105104a2dbf691c0beb,128,451.24040002701804,1.0,200000,0,sha256:aaa00b3bd44c8b4eac45d7e7d997fa62366f1bf46f339190d03cee33407583a0,phase2l_stable_early,7,sha256:bc56af84a7ecdf732f10d8099486db0526e9de4670707d4d11e869b31cc6055b,200000,20260718T024708217922Z,stable-early-n200000-w128-m1000-s2111,2111,early_hash_materialized
92d2811fd3360a0e31cf1105104a2dbf691c0beb,128,541.3360999664292,1.0,200000,1,sha256:646d9ee6b2744682f1817c9d1081dfd325281f05a4a52fc1bd20bcc2c8df1e91,phase2l_stable_early,7,sha256:bc56af84a7ecdf732f10d8099486db0526e9de4670707d4d11e869b31cc6055b,200000,20260718T024708217922Z,stable-early-n200000-w128-m1000-s2111,2111,late_fused
92d2811fd3360a0e31cf1105104a2dbf691c0beb,128,440.0309999473393,1.0,200000,2,sha256:2146efa17423ef7b2b1bf85104eb315ae502fb9f7e752a64678c691decce3cdd,phase2l_stable_early,7,sha256:bc56af84a7ecdf732f10d8099486db0526e9de4670707d4d11e869b31cc6055b,200000,20260718T024708217922Z,stable-early-n200000-w128-m1000-s2111,2111,late_join_materialized
92d2811fd3360a0e31cf1105104a2dbf691c0beb,128,472.56310004740953,1.0,200000,3,sha256:328909ac7fb179c7d58c77fabdb6f910d863b1850355efc5b96283a10322c2b5,phase2l_stable_early,7,sha256:bc56af84a7ecdf732f10d8099486db0526e9de4670707d4d11e869b31cc6055b,200000,20260718T024708217922Z,stable-early-n200000-w128-m1000-s2111,2111,late_hash_materialized
92d2811fd3360a0e31cf1105104a2dbf691c0beb,128,487.9752000560984,1.0,200000,0,sha256:646d9ee6b2744682f1817c9d1081dfd325281f05a4a52fc1bd20bcc2c8df1e91,phase2l_stable_early,8,sha256:bc56af84a7ecdf732f10d8099486db0526e9de4670707d4d11e869b31cc6055b,200000,20260718T024708217922Z,stable-early-n200000-w128-m1000-s2111,2111,late_fused
92d2811fd3360a0e31cf1105104a2dbf691c0beb,128,627.0101999980398,1.0,200000,1,sha256:2146efa17423ef7b2b1bf85104eb315ae502fb9f7e752a64678c691decce3cdd,phase2l_stable_early,8,sha256:bc56af84a7ecdf732f10d8099486db0526e9de4670707d4d11e869b31cc6055b,200000,20260718T024708217922Z,stable-early-n200000-w128-m1000-s2111,2111,late_join_materialized
92d2811fd3360a0e31cf1105104a2dbf691c0beb,128,522.6230000262149,1.0,200000,2,sha256:328909ac7fb179c7d58c77fabdb6f910d863b1850355efc5b96283a10322c2b5,phase2l_stable_early,8,sha256:bc56af84a7ecdf732f10d8099486db0526e9de4670707d4d11e869b31cc6055b,200000,20260718T024708217922Z,stable-early-n200000-w128-m1000-s2111,2111,late_hash_materialized
92d2811fd3360a0e31cf1105104a2dbf691c0beb,128,508.9532000129111,1.0,200000,3,sha256:aaa00b3bd44c8b4eac45d7e7d997fa62366f1bf46f339190d03cee33407583a0,phase2l_stable_early,8,sha256:bc56af84a7ecdf732f10d8099486db0526e9de4670707d4d11e869b31cc6055b,200000,20260718T024708217922Z,stable-early-n200000-w128-m1000-s2111,2111,early_hash_materialized
92d2811fd3360a0e31cf1105104a2dbf691c0beb,128,375.8017999934964,1.0,200000,0,sha256:2146efa17423ef7b2b1bf85104eb315ae502fb9f7e752a64678c691decce3cdd,phase2l_stable_early,9,sha256:bc56af84a7ecdf732f10d8099486db0526e9de4670707d4d11e869b31cc6055b,200000,20260718T024708217922Z,stable-early-n200000-w128-m1000-s2111,2111,late_join_materialized
92d2811fd3360a0e31cf1105104a2dbf691c0beb,128,435.3461000137031,1.0,200000,1,sha256:328909ac7fb179c7d58c77fabdb6f910d863b1850355efc5b96283a10322c2b5,phase2l_stable_early,9,sha256:bc56af84a7ecdf732f10d8099486db0526e9de4670707d4d11e869b31cc6055b,200000,20260718T024708217922Z,stable-early-n200000-w128-m1000-s2111,2111,late_hash_materialized
92d2811fd3360a0e31cf1105104a2dbf691c0beb,128,489.26229996141046,1.0,200000,2,sha256:aaa00b3bd44c8b4eac45d7e7d997fa62366f1bf46f339190d03cee33407583a0,phase2l_stable_early,9,sha256:bc56af84a7ecdf732f10d8099486db0526e9de4670707d4d11e869b31cc6055b,200000,20260718T024708217922Z,stable-early-n200000-w128-m1000-s2111,2111,early_hash_materialized
92d2811fd3360a0e31cf1105104a2dbf691c0beb,128,507.03280000016093,1.0,200000,3,sha256:646d9ee6b2744682f1817c9d1081dfd325281f05a4a52fc1bd20bcc2c8df1e91,phase2l_stable_early,9,sha256:bc56af84a7ecdf732f10d8099486db0526e9de4670707d4d11e869b31cc6055b,200000,20260718T024708217922Z,stable-early-n200000-w128-m1000-s2111,2111,late_fused
92d2811fd3360a0e31cf1105104a2dbf691c0beb,128,457.0536999963224,1.0,200000,0,sha256:328909ac7fb179c7d58c77fabdb6f910d863b1850355efc5b96283a10322c2b5,phase2l_stable_early,10,sha256:bc56af84a7ecdf732f10d8099486db0526e9de4670707d4d11e869b31cc6055b,200000,20260718T024708217922Z,stable-early-n200000-w128-m1000-s2111,2111,late_hash_materialized
92d2811fd3360a0e31cf1105104a2dbf691c0beb,128,459.9694000207819,1.0,200000,1,sha256:aaa00b3bd44c8b4eac45d7e7d997fa62366f1bf46f339190d03cee33407583a0,phase2l_stable_early,10,sha256:bc56af84a7ecdf732f10d8099486db0526e9de4670707d4d11e869b31cc6055b,200000,20260718T024708217922Z,stable-early-n200000-w128-m1000-s2111,2111,early_hash_materialized
92d2811fd3360a0e31cf1105104a2dbf691c0beb,128,569.9931000126526,1.0,200000,2,sha256:646d9ee6b2744682f1817c9d1081dfd325281f05a4a52fc1bd20bcc2c8df1e91,phase2l_stable_early,10,sha256:bc56af84a7ecdf732f10d8099486db0526e9de4670707d4d11e869b31cc6055b,200000,20260718T024708217922Z,stable-early-n200000-w128-m1000-s2111,2111,late_fused
92d2811fd3360a0e31cf1105104a2dbf691c0beb,128,351.2680000276305,1.0,200000,3,sha256:2146efa17423ef7b2b1bf85104eb315ae502fb9f7e752a64678c691decce3cdd,phase2l_stable_early,10,sha256:bc56af84a7ecdf732f10d8099486db0526e9de4670707d4d11e869b31cc6055b,200000,20260718T024708217922Z,stable-early-n200000-w128-m1000-s2111,2111,late_join_materialized
92d2811fd3360a0e31cf1105104a2dbf691c0beb,128,582.5879999902099,1.0,200000,0,sha256:aaa00b3bd44c8b4eac45d7e7d997fa62366f1bf46f339190d03cee33407583a0,phase2l_stable_early,11,sha256:bc56af84a7ecdf732f10d8099486db0526e9de4670707d4d11e869b31cc6055b,200000,20260718T024708217922Z,stable-early-n200000-w128-m1000-s2111,2111,early_hash_materialized
92d2811fd3360a0e31cf1105104a2dbf691c0beb,128,807.9931999673136,1.0,200000,1,sha256:646d9ee6b2744682f1817c9d1081dfd325281f05a4a52fc1bd20bcc2c8df1e91,phase2l_stable_early,11,sha256:bc56af84a7ecdf732f10d8099486db0526e9de4670707d4d11e869b31cc6055b,200000,20260718T024708217922Z,stable-early-n200000-w128-m1000-s2111,2111,late_fused
92d2811fd3360a0e31cf1105104a2dbf691c0beb,128,788.2345999823883,1.0,200000,2,sha256:2146efa17423ef7b2b1bf85104eb315ae502fb9f7e752a64678c691decce3cdd,phase2l_stable_early,11,sha256:bc56af84a7ecdf732f10d8099486db0526e9de4670707d4d11e869b31cc6055b,200000,20260718T024708217922Z,stable-early-n200000-w128-m1000-s2111,2111,late_join_materialized
92d2811fd3360a0e31cf1105104a2dbf691c0beb,128,921.4482000097632,1.0,200000,3,sha256:328909ac7fb179c7d58c77fabdb6f910d863b1850355efc5b96283a10322c2b5,phase2l_stable_early,11,sha256:bc56af84a7ecdf732f10d8099486db0526e9de4670707d4d11e869b31cc6055b,200000,20260718T024708217922Z,stable-early-n200000-w128-m1000-s2111,2111,late_hash_materialized
92d2811fd3360a0e31cf1105104a2dbf691c0beb,128,1072.8456999640912,1.0,200000,0,sha256:646d9ee6b2744682f1817c9d1081dfd325281f05a4a52fc1bd20bcc2c8df1e91,phase2l_stable_early,12,sha256:bc56af84a7ecdf732f10d8099486db0526e9de4670707d4d11e869b31cc6055b,200000,20260718T024708217922Z,stable-early-n200000-w128-m1000-s2111,2111,late_fused
92d2811fd3360a0e31cf1105104a2dbf691c0beb,128,697.0040000160225,1.0,200000,1,sha256:2146efa17423ef7b2b1bf85104eb315ae502fb9f7e752a64678c691decce3cdd,phase2l_stable_early,12,sha256:bc56af84a7ecdf732f10d8099486db0526e9de4670707d4d11e869b31cc6055b,200000,20260718T024708217922Z,stable-early-n200000-w128-m1000-s2111,2111,late_join_materialized
92d2811fd3360a0e31cf1105104a2dbf691c0beb,128,954.9513999954797,1.0,200000,2,sha256:328909ac7fb179c7d58c77fabdb6f910d863b1850355efc5b96283a10322c2b5,phase2l_stable_early,12,sha256:bc56af84a7ecdf732f10d8099486db0526e9de4670707d4d11e869b31cc6055b,200000,20260718T024708217922Z,stable-early-n200000-w128-m1000-s2111,2111,late_hash_materialized
92d2811fd3360a0e31cf1105104a2dbf691c0beb,128,760.8466999954544,1.0,200000,3,sha256:aaa00b3bd44c8b4eac45d7e7d997fa62366f1bf46f339190d03cee33407583a0,phase2l_stable_early,12,sha256:bc56af84a7ecdf732f10d8099486db0526e9de4670707d4d11e869b31cc6055b,200000,20260718T024708217922Z,stable-early-n200000-w128-m1000-s2111,2111,early_hash_materialized
92d2811fd3360a0e31cf1105104a2dbf691c0beb,128,598.3514999970794,1.0,200000,0,sha256:2146efa17423ef7b2b1bf85104eb315ae502fb9f7e752a64678c691decce3cdd,phase2l_stable_early,13,sha256:bc56af84a7ecdf732f10d8099486db0526e9de4670707d4d11e869b31cc6055b,200000,20260718T024708217922Z,stable-early-n200000-w128-m1000-s2111,2111,late_join_materialized
92d2811fd3360a0e31cf1105104a2dbf691c0beb,128,856.1576000065543,1.0,200000,1,sha256:328909ac7fb179c7d58c77fabdb6f910d863b1850355efc5b96283a10322c2b5,phase2l_stable_early,13,sha256:bc56af84a7ecdf732f10d8099486db0526e9de4670707d4d11e869b31cc6055b,200000,20260718T024708217922Z,stable-early-n200000-w128-m1000-s2111,2111,late_hash_materialized
92d2811fd3360a0e31cf1105104a2dbf691c0beb,128,907.7407000004314,1.0,200000,2,sha256:aaa00b3bd44c8b4eac45d7e7d997fa62366f1bf46f339190d03cee33407583a0,phase2l_stable_early,13,sha256:bc56af84a7ecdf732f10d8099486db0526e9de4670707d4d11e869b31cc6055b,200000,20260718T024708217922Z,stable-early-n200000-w128-m1000-s2111,2111,early_hash_materialized
92d2811fd3360a0e31cf1105104a2dbf691c0beb,128,954.1067999671213,1.0,200000,3,sha256:646d9ee6b2744682f1817c9d1081dfd325281f05a4a52fc1bd20bcc2c8df1e91,phase2l_stable_early,13,sha256:bc56af84a7ecdf732f10d8099486db0526e9de4670707d4d11e869b31cc6055b,200000,20260718T024708217922Z,stable-early-n200000-w128-m1000-s2111,2111,late_fused
92d2811fd3360a0e31cf1105104a2dbf691c0beb,128,673.1130999978632,1.0,200000,0,sha256:328909ac7fb179c7d58c77fabdb6f910d863b1850355efc5b96283a10322c2b5,phase2l_stable_early,14,sha256:bc56af84a7ecdf732f10d8099486db0526e9de4670707d4d11e869b31cc6055b,200000,20260718T024708217922Z,stable-early-n200000-w128-m1000-s2111,2111,late_hash_materialized
92d2811fd3360a0e31cf1105104a2dbf691c0beb,128,635.9443999826908,1.0,200000,1,sha256:aaa00b3bd44c8b4eac45d7e7d997fa62366f1bf46f339190d03cee33407583a0,phase2l_stable_early,14,sha256:bc56af84a7ecdf732f10d8099486db0526e9de4670707d4d11e869b31cc6055b,200000,20260718T024708217922Z,stable-early-n200000-w128-m1000-s2111,2111,early_hash_materialized
92d2811fd3360a0e31cf1105104a2dbf691c0beb,128,972.0615000114776,1.0,200000,2,sha256:646d9ee6b2744682f1817c9d1081dfd325281f05a4a52fc1bd20bcc2c8df1e91,phase2l_stable_early,14,sha256:bc56af84a7ecdf732f10d8099486db0526e9de4670707d4d11e869b31cc6055b,200000,20260718T024708217922Z,stable-early-n200000-w128-m1000-s2111,2111,late_fused
92d2811fd3360a0e31cf1105104a2dbf691c0beb,128,501.69450003886595,1.0,200000,3,sha256:2146efa17423ef7b2b1bf85104eb315ae502fb9f7e752a64678c691decce3cdd,phase2l_stable_early,14,sha256:bc56af84a7ecdf732f10d8099486db0526e9de4670707d4d11e869b31cc6055b,200000,20260718T024708217922Z,stable-early-n200000-w128-m1000-s2111,2111,late_join_materialized
92d2811fd3360a0e31cf1105104a2dbf691c0beb,128,954.441100009717,1.0,200000,0,sha256:aaa00b3bd44c8b4eac45d7e7d997fa62366f1bf46f339190d03cee33407583a0,phase2l_stable_early,0,sha256:414130421aca0dd3fe5a4c429c1900b9c2f3eee74d1482f00a7fe6f4e7c050bb,200000,20260718T024708217922Z,stable-early-n200000-w128-m1000-s2222,2222,early_hash_materialized
92d2811fd3360a0e31cf1105104a2dbf691c0beb,128,956.8951999535784,1.0,200000,1,sha256:646d9ee6b2744682f1817c9d1081dfd325281f05a4a52fc1bd20bcc2c8df1e91,phase2l_stable_early,0,sha256:414130421aca0dd3fe5a4c429c1900b9c2f3eee74d1482f00a7fe6f4e7c050bb,200000,20260718T024708217922Z,stable-early-n200000-w128-m1000-s2222,2222,late_fused
92d2811fd3360a0e31cf1105104a2dbf691c0beb,128,577.2418999695219,1.0,200000,2,sha256:2146efa17423ef7b2b1bf85104eb315ae502fb9f7e752a64678c691decce3cdd,phase2l_stable_early,0,sha256:414130421aca0dd3fe5a4c429c1900b9c2f3eee74d1482f00a7fe6f4e7c050bb,200000,20260718T024708217922Z,stable-early-n200000-w128-m1000-s2222,2222,late_join_materialized
92d2811fd3360a0e31cf1105104a2dbf691c0beb,128,815.7003999804147,1.0,200000,3,sha256:328909ac7fb179c7d58c77fabdb6f910d863b1850355efc5b96283a10322c2b5,phase2l_stable_early,0,sha256:414130421aca0dd3fe5a4c429c1900b9c2f3eee74d1482f00a7fe6f4e7c050bb,200000,20260718T024708217922Z,stable-early-n200000-w128-m1000-s2222,2222,late_hash_materialized
92d2811fd3360a0e31cf1105104a2dbf691c0beb,128,1009.7152999951504,1.0,200000,0,sha256:646d9ee6b2744682f1817c9d1081dfd325281f05a4a52fc1bd20bcc2c8df1e91,phase2l_stable_early,1,sha256:414130421aca0dd3fe5a4c429c1900b9c2f3eee74d1482f00a7fe6f4e7c050bb,200000,20260718T024708217922Z,stable-early-n200000-w128-m1000-s2222,2222,late_fused
92d2811fd3360a0e31cf1105104a2dbf691c0beb,128,670.0601999764331,1.0,200000,1,sha256:2146efa17423ef7b2b1bf85104eb315ae502fb9f7e752a64678c691decce3cdd,phase2l_stable_early,1,sha256:414130421aca0dd3fe5a4c429c1900b9c2f3eee74d1482f00a7fe6f4e7c050bb,200000,20260718T024708217922Z,stable-early-n200000-w128-m1000-s2222,2222,late_join_materialized
92d2811fd3360a0e31cf1105104a2dbf691c0beb,128,753.7812999798916,1.0,200000,2,sha256:328909ac7fb179c7d58c77fabdb6f910d863b1850355efc5b96283a10322c2b5,phase2l_stable_early,1,sha256:414130421aca0dd3fe5a4c429c1900b9c2f3eee74d1482f00a7fe6f4e7c050bb,200000,20260718T024708217922Z,stable-early-n200000-w128-m1000-s2222,2222,late_hash_materialized
92d2811fd3360a0e31cf1105104a2dbf691c0beb,128,682.8810999868438,1.0,200000,3,sha256:aaa00b3bd44c8b4eac45d7e7d997fa62366f1bf46f339190d03cee33407583a0,phase2l_stable_early,1,sha256:414130421aca0dd3fe5a4c429c1900b9c2f3eee74d1482f00a7fe6f4e7c050bb,200000,20260718T024708217922Z,stable-early-n200000-w128-m1000-s2222,2222,early_hash_materialized
92d2811fd3360a0e31cf1105104a2dbf691c0beb,128,445.87540003703907,1.0,200000,0,sha256:2146efa17423ef7b2b1bf85104eb315ae502fb9f7e752a64678c691decce3cdd,phase2l_stable_early,2,sha256:414130421aca0dd3fe5a4c429c1900b9c2f3eee74d1482f00a7fe6f4e7c050bb,200000,20260718T024708217922Z,stable-early-n200000-w128-m1000-s2222,2222,late_join_materialized
92d2811fd3360a0e31cf1105104a2dbf691c0beb,128,700.3786000423133,1.0,200000,1,sha256:328909ac7fb179c7d58c77fabdb6f910d863b1850355efc5b96283a10322c2b5,phase2l_stable_early,2,sha256:414130421aca0dd3fe5a4c429c1900b9c2f3eee74d1482f00a7fe6f4e7c050bb,200000,20260718T024708217922Z,stable-early-n200000-w128-m1000-s2222,2222,late_hash_materialized
92d2811fd3360a0e31cf1105104a2dbf691c0beb,128,562.1360000222921,1.0,200000,2,sha256:aaa00b3bd44c8b4eac45d7e7d997fa62366f1bf46f339190d03cee33407583a0,phase2l_stable_early,2,sha256:414130421aca0dd3fe5a4c429c1900b9c2f3eee74d1482f00a7fe6f4e7c050bb,200000,20260718T024708217922Z,stable-early-n200000-w128-m1000-s2222,2222,early_hash_materialized
92d2811fd3360a0e31cf1105104a2dbf691c0beb,128,660.8913000090979,1.0,200000,3,sha256:646d9ee6b2744682f1817c9d1081dfd325281f05a4a52fc1bd20bcc2c8df1e91,phase2l_stable_early,2,sha256:414130421aca0dd3fe5a4c429c1900b9c2f3eee74d1482f00a7fe6f4e7c050bb,200000,20260718T024708217922Z,stable-early-n200000-w128-m1000-s2222,2222,late_fused
92d2811fd3360a0e31cf1105104a2dbf691c0beb,128,1872.5130000384524,1.0,200000,0,sha256:328909ac7fb179c7d58c77fabdb6f910d863b1850355efc5b96283a10322c2b5,phase2l_stable_early,3,sha256:414130421aca0dd3fe5a4c429c1900b9c2f3eee74d1482f00a7fe6f4e7c050bb,200000,20260718T024708217922Z,stable-early-n200000-w128-m1000-s2222,2222,late_hash_materialized
92d2811fd3360a0e31cf1105104a2dbf691c0beb,128,748.6631000065245,1.0,200000,1,sha256:aaa00b3bd44c8b4eac45d7e7d997fa62366f1bf46f339190d03cee33407583a0,phase2l_stable_early,3,sha256:414130421aca0dd3fe5a4c429c1900b9c2f3eee74d1482f00a7fe6f4e7c050bb,200000,20260718T024708217922Z,stable-early-n200000-w128-m1000-s2222,2222,early_hash_materialized
92d2811fd3360a0e31cf1105104a2dbf691c0beb,128,980.3962999721989,1.0,200000,2,sha256:646d9ee6b2744682f1817c9d1081dfd325281f05a4a52fc1bd20bcc2c8df1e91,phase2l_stable_early,3,sha256:414130421aca0dd3fe5a4c429c1900b9c2f3eee74d1482f00a7fe6f4e7c050bb,200000,20260718T024708217922Z,stable-early-n200000-w128-m1000-s2222,2222,late_fused
92d2811fd3360a0e31cf1105104a2dbf691c0beb,128,462.0722999679856,1.0,200000,3,sha256:2146efa17423ef7b2b1bf85104eb315ae502fb9f7e752a64678c691decce3cdd,phase2l_stable_early,3,sha256:414130421aca0dd3fe5a4c429c1900b9c2f3eee74d1482f00a7fe6f4e7c050bb,200000,20260718T024708217922Z,stable-early-n200000-w128-m1000-s2222,2222,late_join_materialized
92d2811fd3360a0e31cf1105104a2dbf691c0beb,128,529.5531000010669,1.0,200000,0,sha256:aaa00b3bd44c8b4eac45d7e7d997fa62366f1bf46f339190d03cee33407583a0,phase2l_stable_early,4,sha256:414130421aca0dd3fe5a4c429c1900b9c2f3eee74d1482f00a7fe6f4e7c050bb,200000,20260718T024708217922Z,stable-early-n200000-w128-m1000-s2222,2222,early_hash_materialized
92d2811fd3360a0e31cf1105104a2dbf691c0beb,128,626.0190000175498,1.0,200000,1,sha256:646d9ee6b2744682f1817c9d1081dfd325281f05a4a52fc1bd20bcc2c8df1e91,phase2l_stable_early,4,sha256:414130421aca0dd3fe5a4c429c1900b9c2f3eee74d1482f00a7fe6f4e7c050bb,200000,20260718T024708217922Z,stable-early-n200000-w128-m1000-s2222,2222,late_fused
92d2811fd3360a0e31cf1105104a2dbf691c0beb,128,419.82549999374896,1.0,200000,2,sha256:2146efa17423ef7b2b1bf85104eb315ae502fb9f7e752a64678c691decce3cdd,phase2l_stable_early,4,sha256:414130421aca0dd3fe5a4c429c1900b9c2f3eee74d1482f00a7fe6f4e7c050bb,200000,20260718T024708217922Z,stable-early-n200000-w128-m1000-s2222,2222,late_join_materialized
92d2811fd3360a0e31cf1105104a2dbf691c0beb,128,612.3334000003524,1.0,200000,3,sha256:328909ac7fb179c7d58c77fabdb6f910d863b1850355efc5b96283a10322c2b5,phase2l_stable_early,4,sha256:414130421aca0dd3fe5a4c429c1900b9c2f3eee74d1482f00a7fe6f4e7c050bb,200000,20260718T024708217922Z,stable-early-n200000-w128-m1000-s2222,2222,late_hash_materialized
92d2811fd3360a0e31cf1105104a2dbf691c0beb,128,727.477699983865,1.0,200000,0,sha256:646d9ee6b2744682f1817c9d1081dfd325281f05a4a52fc1bd20bcc2c8df1e91,phase2l_stable_early,5,sha256:414130421aca0dd3fe5a4c429c1900b9c2f3eee74d1482f00a7fe6f4e7c050bb,200000,20260718T024708217922Z,stable-early-n200000-w128-m1000-s2222,2222,late_fused
92d2811fd3360a0e31cf1105104a2dbf691c0beb,128,517.7311000297777,1.0,200000,1,sha256:2146efa17423ef7b2b1bf85104eb315ae502fb9f7e752a64678c691decce3cdd,phase2l_stable_early,5,sha256:414130421aca0dd3fe5a4c429c1900b9c2f3eee74d1482f00a7fe6f4e7c050bb,200000,20260718T024708217922Z,stable-early-n200000-w128-m1000-s2222,2222,late_join_materialized
92d2811fd3360a0e31cf1105104a2dbf691c0beb,128,660.8469000202604,1.0,200000,2,sha256:328909ac7fb179c7d58c77fabdb6f910d863b1850355efc5b96283a10322c2b5,phase2l_stable_early,5,sha256:414130421aca0dd3fe5a4c429c1900b9c2f3eee74d1482f00a7fe6f4e7c050bb,200000,20260718T024708217922Z,stable-early-n200000-w128-m1000-s2222,2222,late_hash_materialized
92d2811fd3360a0e31cf1105104a2dbf691c0beb,128,590.124599984847,1.0,200000,3,sha256:aaa00b3bd44c8b4eac45d7e7d997fa62366f1bf46f339190d03cee33407583a0,phase2l_stable_early,5,sha256:414130421aca0dd3fe5a4c429c1900b9c2f3eee74d1482f00a7fe6f4e7c050bb,200000,20260718T024708217922Z,stable-early-n200000-w128-m1000-s2222,2222,early_hash_materialized
92d2811fd3360a0e31cf1105104a2dbf691c0beb,128,406.17450000718236,1.0,200000,0,sha256:2146efa17423ef7b2b1bf85104eb315ae502fb9f7e752a64678c691decce3cdd,phase2l_stable_early,6,sha256:414130421aca0dd3fe5a4c429c1900b9c2f3eee74d1482f00a7fe6f4e7c050bb,200000,20260718T024708217922Z,stable-early-n200000-w128-m1000-s2222,2222,late_join_materialized
92d2811fd3360a0e31cf1105104a2dbf691c0beb,128,604.4652999844402,1.0,200000,1,sha256:328909ac7fb179c7d58c77fabdb6f910d863b1850355efc5b96283a10322c2b5,phase2l_stable_early,6,sha256:414130421aca0dd3fe5a4c429c1900b9c2f3eee74d1482f00a7fe6f4e7c050bb,200000,20260718T024708217922Z,stable-early-n200000-w128-m1000-s2222,2222,late_hash_materialized
92d2811fd3360a0e31cf1105104a2dbf691c0beb,128,567.1236999914981,1.0,200000,2,sha256:aaa00b3bd44c8b4eac45d7e7d997fa62366f1bf46f339190d03cee33407583a0,phase2l_stable_early,6,sha256:414130421aca0dd3fe5a4c429c1900b9c2f3eee74d1482f00a7fe6f4e7c050bb,200000,20260718T024708217922Z,stable-early-n200000-w128-m1000-s2222,2222,early_hash_materialized
92d2811fd3360a0e31cf1105104a2dbf691c0beb,128,779.0232999832369,1.0,200000,3,sha256:646d9ee6b2744682f1817c9d1081dfd325281f05a4a52fc1bd20bcc2c8df1e91,phase2l_stable_early,6,sha256:414130421aca0dd3fe5a4c429c1900b9c2f3eee74d1482f00a7fe6f4e7c050bb,200000,20260718T024708217922Z,stable-early-n200000-w128-m1000-s2222,2222,late_fused
92d2811fd3360a0e31cf1105104a2dbf691c0beb,128,665.0419000070542,1.0,200000,0,sha256:328909ac7fb179c7d58c77fabdb6f910d863b1850355efc5b96283a10322c2b5,phase2l_stable_early,7,sha256:414130421aca0dd3fe5a4c429c1900b9c2f3eee74d1482f00a7fe6f4e7c050bb,200000,20260718T024708217922Z,stable-early-n200000-w128-m1000-s2222,2222,late_hash_materialized
92d2811fd3360a0e31cf1105104a2dbf691c0beb,128,718.0059000384063,1.0,200000,1,sha256:aaa00b3bd44c8b4eac45d7e7d997fa62366f1bf46f339190d03cee33407583a0,phase2l_stable_early,7,sha256:414130421aca0dd3fe5a4c429c1900b9c2f3eee74d1482f00a7fe6f4e7c050bb,200000,20260718T024708217922Z,stable-early-n200000-w128-m1000-s2222,2222,early_hash_materialized
92d2811fd3360a0e31cf1105104a2dbf691c0beb,128,681.1487000086345,1.0,200000,2,sha256:646d9ee6b2744682f1817c9d1081dfd325281f05a4a52fc1bd20bcc2c8df1e91,phase2l_stable_early,7,sha256:414130421aca0dd3fe5a4c429c1900b9c2f3eee74d1482f00a7fe6f4e7c050bb,200000,20260718T024708217922Z,stable-early-n200000-w128-m1000-s2222,2222,late_fused
92d2811fd3360a0e31cf1105104a2dbf691c0beb,128,482.1700999746099,1.0,200000,3,sha256:2146efa17423ef7b2b1bf85104eb315ae502fb9f7e752a64678c691decce3cdd,phase2l_stable_early,7,sha256:414130421aca0dd3fe5a4c429c1900b9c2f3eee74d1482f00a7fe6f4e7c050bb,200000,20260718T024708217922Z,stable-early-n200000-w128-m1000-s2222,2222,late_join_materialized
92d2811fd3360a0e31cf1105104a2dbf691c0beb,128,635.2175999782048,1.0,200000,0,sha256:aaa00b3bd44c8b4eac45d7e7d997fa62366f1bf46f339190d03cee33407583a0,phase2l_stable_early,8,sha256:414130421aca0dd3fe5a4c429c1900b9c2f3eee74d1482f00a7fe6f4e7c050bb,200000,20260718T024708217922Z,stable-early-n200000-w128-m1000-s2222,2222,early_hash_materialized
92d2811fd3360a0e31cf1105104a2dbf691c0beb,128,637.0930999983102,1.0,200000,1,sha256:646d9ee6b2744682f1817c9d1081dfd325281f05a4a52fc1bd20bcc2c8df1e91,phase2l_stable_early,8,sha256:414130421aca0dd3fe5a4c429c1900b9c2f3eee74d1482f00a7fe6f4e7c050bb,200000,20260718T024708217922Z,stable-early-n200000-w128-m1000-s2222,2222,late_fused
92d2811fd3360a0e31cf1105104a2dbf691c0beb,128,415.6065999995917,1.0,200000,2,sha256:2146efa17423ef7b2b1bf85104eb315ae502fb9f7e752a64678c691decce3cdd,phase2l_stable_early,8,sha256:414130421aca0dd3fe5a4c429c1900b9c2f3eee74d1482f00a7fe6f4e7c050bb,200000,20260718T024708217922Z,stable-early-n200000-w128-m1000-s2222,2222,late_join_materialized
92d2811fd3360a0e31cf1105104a2dbf691c0beb,128,531.7416999605484,1.0,200000,3,sha256:328909ac7fb179c7d58c77fabdb6f910d863b1850355efc5b96283a10322c2b5,phase2l_stable_early,8,sha256:414130421aca0dd3fe5a4c429c1900b9c2f3eee74d1482f00a7fe6f4e7c050bb,200000,20260718T024708217922Z,stable-early-n200000-w128-m1000-s2222,2222,late_hash_materialized
92d2811fd3360a0e31cf1105104a2dbf691c0beb,128,686.1495000193827,1.0,200000,0,sha256:646d9ee6b2744682f1817c9d1081dfd325281f05a4a52fc1bd20bcc2c8df1e91,phase2l_stable_early,9,sha256:414130421aca0dd3fe5a4c429c1900b9c2f3eee74d1482f00a7fe6f4e7c050bb,200000,20260718T024708217922Z,stable-early-n200000-w128-m1000-s2222,2222,late_fused
92d2811fd3360a0e31cf1105104a2dbf691c0beb,128,395.6070999847725,1.0,200000,1,sha256:2146efa17423ef7b2b1bf85104eb315ae502fb9f7e752a64678c691decce3cdd,phase2l_stable_early,9,sha256:414130421aca0dd3fe5a4c429c1900b9c2f3eee74d1482f00a7fe6f4e7c050bb,200000,20260718T024708217922Z,stable-early-n200000-w128-m1000-s2222,2222,late_join_materialized
92d2811fd3360a0e31cf1105104a2dbf691c0beb,128,496.2589999777265,1.0,200000,2,sha256:328909ac7fb179c7d58c77fabdb6f910d863b1850355efc5b96283a10322c2b5,phase2l_stable_early,9,sha256:414130421aca0dd3fe5a4c429c1900b9c2f3eee74d1482f00a7fe6f4e7c050bb,200000,20260718T024708217922Z,stable-early-n200000-w128-m1000-s2222,2222,late_hash_materialized
92d2811fd3360a0e31cf1105104a2dbf691c0beb,128,480.01370002748445,1.0,200000,3,sha256:aaa00b3bd44c8b4eac45d7e7d997fa62366f1bf46f339190d03cee33407583a0,phase2l_stable_early,9,sha256:414130421aca0dd3fe5a4c429c1900b9c2f3eee74d1482f00a7fe6f4e7c050bb,200000,20260718T024708217922Z,stable-early-n200000-w128-m1000-s2222,2222,early_hash_materialized
92d2811fd3360a0e31cf1105104a2dbf691c0beb,128,301.9402000354603,1.0,200000,0,sha256:2146efa17423ef7b2b1bf85104eb315ae502fb9f7e752a64678c691decce3cdd,phase2l_stable_early,10,sha256:414130421aca0dd3fe5a4c429c1900b9c2f3eee74d1482f00a7fe6f4e7c050bb,200000,20260718T024708217922Z,stable-early-n200000-w128-m1000-s2222,2222,late_join_materialized
92d2811fd3360a0e31cf1105104a2dbf691c0beb,128,537.1308000176214,1.0,200000,1,sha256:328909ac7fb179c7d58c77fabdb6f910d863b1850355efc5b96283a10322c2b5,phase2l_stable_early,10,sha256:414130421aca0dd3fe5a4c429c1900b9c2f3eee74d1482f00a7fe6f4e7c050bb,200000,20260718T024708217922Z,stable-early-n200000-w128-m1000-s2222,2222,late_hash_materialized
92d2811fd3360a0e31cf1105104a2dbf691c0beb,128,451.1464999523014,1.0,200000,2,sha256:aaa00b3bd44c8b4eac45d7e7d997fa62366f1bf46f339190d03cee33407583a0,phase2l_stable_early,10,sha256:414130421aca0dd3fe5a4c429c1900b9c2f3eee74d1482f00a7fe6f4e7c050bb,200000,20260718T024708217922Z,stable-early-n200000-w128-m1000-s2222,2222,early_hash_materialized
92d2811fd3360a0e31cf1105104a2dbf691c0beb,128,484.3105999752879,1.0,200000,3,sha256:646d9ee6b2744682f1817c9d1081dfd325281f05a4a52fc1bd20bcc2c8df1e91,phase2l_stable_early,10,sha256:414130421aca0dd3fe5a4c429c1900b9c2f3eee74d1482f00a7fe6f4e7c050bb,200000,20260718T024708217922Z,stable-early-n200000-w128-m1000-s2222,2222,late_fused
92d2811fd3360a0e31cf1105104a2dbf691c0beb,128,472.76010003406554,1.0,200000,0,sha256:328909ac7fb179c7d58c77fabdb6f910d863b1850355efc5b96283a10322c2b5,phase2l_stable_early,11,sha256:414130421aca0dd3fe5a4c429c1900b9c2f3eee74d1482f00a7fe6f4e7c050bb,200000,20260718T024708217922Z,stable-early-n200000-w128-m1000-s2222,2222,late_hash_materialized
92d2811fd3360a0e31cf1105104a2dbf691c0beb,128,439.74190001608804,1.0,200000,1,sha256:aaa00b3bd44c8b4eac45d7e7d997fa62366f1bf46f339190d03cee33407583a0,phase2l_stable_early,11,sha256:414130421aca0dd3fe5a4c429c1900b9c2f3eee74d1482f00a7fe6f4e7c050bb,200000,20260718T024708217922Z,stable-early-n200000-w128-m1000-s2222,2222,early_hash_materialized
92d2811fd3360a0e31cf1105104a2dbf691c0beb,128,615.0301999878138,1.0,200000,2,sha256:646d9ee6b2744682f1817c9d1081dfd325281f05a4a52fc1bd20bcc2c8df1e91,phase2l_stable_early,11,sha256:414130421aca0dd3fe5a4c429c1900b9c2f3eee74d1482f00a7fe6f4e7c050bb,200000,20260718T024708217922Z,stable-early-n200000-w128-m1000-s2222,2222,late_fused
92d2811fd3360a0e31cf1105104a2dbf691c0beb,128,543.1064000003971,1.0,200000,3,sha256:2146efa17423ef7b2b1bf85104eb315ae502fb9f7e752a64678c691decce3cdd,phase2l_stable_early,11,sha256:414130421aca0dd3fe5a4c429c1900b9c2f3eee74d1482f00a7fe6f4e7c050bb,200000,20260718T024708217922Z,stable-early-n200000-w128-m1000-s2222,2222,late_join_materialized
92d2811fd3360a0e31cf1105104a2dbf691c0beb,128,647.880099946633,1.0,200000,0,sha256:aaa00b3bd44c8b4eac45d7e7d997fa62366f1bf46f339190d03cee33407583a0,phase2l_stable_early,12,sha256:414130421aca0dd3fe5a4c429c1900b9c2f3eee74d1482f00a7fe6f4e7c050bb,200000,20260718T024708217922Z,stable-early-n200000-w128-m1000-s2222,2222,early_hash_materialized
92d2811fd3360a0e31cf1105104a2dbf691c0beb,128,634.8561000195332,1.0,200000,1,sha256:646d9ee6b2744682f1817c9d1081dfd325281f05a4a52fc1bd20bcc2c8df1e91,phase2l_stable_early,12,sha256:414130421aca0dd3fe5a4c429c1900b9c2f3eee74d1482f00a7fe6f4e7c050bb,200000,20260718T024708217922Z,stable-early-n200000-w128-m1000-s2222,2222,late_fused
92d2811fd3360a0e31cf1105104a2dbf691c0beb,128,407.1943000308238,1.0,200000,2,sha256:2146efa17423ef7b2b1bf85104eb315ae502fb9f7e752a64678c691decce3cdd,phase2l_stable_early,12,sha256:414130421aca0dd3fe5a4c429c1900b9c2f3eee74d1482f00a7fe6f4e7c050bb,200000,20260718T024708217922Z,stable-early-n200000-w128-m1000-s2222,2222,late_join_materialized
92d2811fd3360a0e31cf1105104a2dbf691c0beb,128,682.1151000331156,1.0,200000,3,sha256:328909ac7fb179c7d58c77fabdb6f910d863b1850355efc5b96283a10322c2b5,phase2l_stable_early,12,sha256:414130421aca0dd3fe5a4c429c1900b9c2f3eee74d1482f00a7fe6f4e7c050bb,200000,20260718T024708217922Z,stable-early-n200000-w128-m1000-s2222,2222,late_hash_materialized
92d2811fd3360a0e31cf1105104a2dbf691c0beb,128,719.1842999891378,1.0,200000,0,sha256:646d9ee6b2744682f1817c9d1081dfd325281f05a4a52fc1bd20bcc2c8df1e91,phase2l_stable_early,13,sha256:414130421aca0dd3fe5a4c429c1900b9c2f3eee74d1482f00a7fe6f4e7c050bb,200000,20260718T024708217922Z,stable-early-n200000-w128-m1000-s2222,2222,late_fused
92d2811fd3360a0e31cf1105104a2dbf691c0beb,128,481.6539000021294,1.0,200000,1,sha256:2146efa17423ef7b2b1bf85104eb315ae502fb9f7e752a64678c691decce3cdd,phase2l_stable_early,13,sha256:414130421aca0dd3fe5a4c429c1900b9c2f3eee74d1482f00a7fe6f4e7c050bb,200000,20260718T024708217922Z,stable-early-n200000-w128-m1000-s2222,2222,late_join_materialized
92d2811fd3360a0e31cf1105104a2dbf691c0beb,128,577.9416000004858,1.0,200000,2,sha256:328909ac7fb179c7d58c77fabdb6f910d863b1850355efc5b96283a10322c2b5,phase2l_stable_early,13,sha256:414130421aca0dd3fe5a4c429c1900b9c2f3eee74d1482f00a7fe6f4e7c050bb,200000,20260718T024708217922Z,stable-early-n200000-w128-m1000-s2222,2222,late_hash_materialized
92d2811fd3360a0e31cf1105104a2dbf691c0beb,128,539.6064999513328,1.0,200000,3,sha256:aaa00b3bd44c8b4eac45d7e7d997fa62366f1bf46f339190d03cee33407583a0,phase2l_stable_early,13,sha256:414130421aca0dd3fe5a4c429c1900b9c2f3eee74d1482f00a7fe6f4e7c050bb,200000,20260718T024708217922Z,stable-early-n200000-w128-m1000-s2222,2222,early_hash_materialized
92d2811fd3360a0e31cf1105104a2dbf691c0beb,128,400.47059999778867,1.0,200000,0,sha256:2146efa17423ef7b2b1bf85104eb315ae502fb9f7e752a64678c691decce3cdd,phase2l_stable_early,14,sha256:414130421aca0dd3fe5a4c429c1900b9c2f3eee74d1482f00a7fe6f4e7c050bb,200000,20260718T024708217922Z,stable-early-n200000-w128-m1000-s2222,2222,late_join_materialized
92d2811fd3360a0e31cf1105104a2dbf691c0beb,128,501.56790000619367,1.0,200000,1,sha256:328909ac7fb179c7d58c77fabdb6f910d863b1850355efc5b96283a10322c2b5,phase2l_stable_early,14,sha256:414130421aca0dd3fe5a4c429c1900b9c2f3eee74d1482f00a7fe6f4e7c050bb,200000,20260718T024708217922Z,stable-early-n200000-w128-m1000-s2222,2222,late_hash_materialized
92d2811fd3360a0e31cf1105104a2dbf691c0beb,128,501.76210002973676,1.0,200000,2,sha256:aaa00b3bd44c8b4eac45d7e7d997fa62366f1bf46f339190d03cee33407583a0,phase2l_stable_early,14,sha256:414130421aca0dd3fe5a4c429c1900b9c2f3eee74d1482f00a7fe6f4e7c050bb,200000,20260718T024708217922Z,stable-early-n200000-w128-m1000-s2222,2222,early_hash_materialized
92d2811fd3360a0e31cf1105104a2dbf691c0beb,128,696.5840999619104,1.0,200000,3,sha256:646d9ee6b2744682f1817c9d1081dfd325281f05a4a52fc1bd20bcc2c8df1e91,phase2l_stable_early,14,sha256:414130421aca0dd3fe5a4c429c1900b9c2f3eee74d1482f00a7fe6f4e7c050bb,200000,20260718T024708217922Z,stable-early-n200000-w128-m1000-s2222,2222,late_fused
92d2811fd3360a0e31cf1105104a2dbf691c0beb,512,305.05800002720207,0.9,90000,0,sha256:26c7beb699842444e252d17ec55e88fce7462da77b086dbbfc8863980d091221,phase2l_stable_late,0,sha256:4d739fa07901ac258875eafec5e4a37d3697d18a8797dc81c93eefda5d634f7e,100000,20260718T024708217922Z,stable-late-n100000-w512-m0900-s1777,1777,late_join_materialized
92d2811fd3360a0e31cf1105104a2dbf691c0beb,512,655.4093000013381,0.9,90000,1,sha256:8c775ff611abc16d74d7b882b9f184805f1ebab78a726a672f21ac5ab0810c9f,phase2l_stable_late,0,sha256:4d739fa07901ac258875eafec5e4a37d3697d18a8797dc81c93eefda5d634f7e,100000,20260718T024708217922Z,stable-late-n100000-w512-m0900-s1777,1777,late_hash_materialized
92d2811fd3360a0e31cf1105104a2dbf691c0beb,512,772.8796000010334,0.9,90000,2,sha256:aaa00b3bd44c8b4eac45d7e7d997fa62366f1bf46f339190d03cee33407583a0,phase2l_stable_late,0,sha256:4d739fa07901ac258875eafec5e4a37d3697d18a8797dc81c93eefda5d634f7e,100000,20260718T024708217922Z,stable-late-n100000-w512-m0900-s1777,1777,early_hash_materialized
92d2811fd3360a0e31cf1105104a2dbf691c0beb,512,748.2641999959014,0.9,90000,3,sha256:f570cbbf354e04dbc1f358979321f6943968e8a815c0d2fb74a463dc822156e7,phase2l_stable_late,0,sha256:4d739fa07901ac258875eafec5e4a37d3697d18a8797dc81c93eefda5d634f7e,100000,20260718T024708217922Z,stable-late-n100000-w512-m0900-s1777,1777,late_fused
92d2811fd3360a0e31cf1105104a2dbf691c0beb,512,653.9221000275575,0.9,90000,0,sha256:8c775ff611abc16d74d7b882b9f184805f1ebab78a726a672f21ac5ab0810c9f,phase2l_stable_late,1,sha256:4d739fa07901ac258875eafec5e4a37d3697d18a8797dc81c93eefda5d634f7e,100000,20260718T024708217922Z,stable-late-n100000-w512-m0900-s1777,1777,late_hash_materialized
92d2811fd3360a0e31cf1105104a2dbf691c0beb,512,791.6114000254311,0.9,90000,1,sha256:aaa00b3bd44c8b4eac45d7e7d997fa62366f1bf46f339190d03cee33407583a0,phase2l_stable_late,1,sha256:4d739fa07901ac258875eafec5e4a37d3697d18a8797dc81c93eefda5d634f7e,100000,20260718T024708217922Z,stable-late-n100000-w512-m0900-s1777,1777,early_hash_materialized
92d2811fd3360a0e31cf1105104a2dbf691c0beb,512,611.9754000101238,0.9,90000,2,sha256:f570cbbf354e04dbc1f358979321f6943968e8a815c0d2fb74a463dc822156e7,phase2l_stable_late,1,sha256:4d739fa07901ac258875eafec5e4a37d3697d18a8797dc81c93eefda5d634f7e,100000,20260718T024708217922Z,stable-late-n100000-w512-m0900-s1777,1777,late_fused
92d2811fd3360a0e31cf1105104a2dbf691c0beb,512,327.4637999711558,0.9,90000,3,sha256:26c7beb699842444e252d17ec55e88fce7462da77b086dbbfc8863980d091221,phase2l_stable_late,1,sha256:4d739fa07901ac258875eafec5e4a37d3697d18a8797dc81c93eefda5d634f7e,100000,20260718T024708217922Z,stable-late-n100000-w512-m0900-s1777,1777,late_join_materialized
92d2811fd3360a0e31cf1105104a2dbf691c0beb,512,820.6882000085898,0.9,90000,0,sha256:aaa00b3bd44c8b4eac45d7e7d997fa62366f1bf46f339190d03cee33407583a0,phase2l_stable_late,2,sha256:4d739fa07901ac258875eafec5e4a37d3697d18a8797dc81c93eefda5d634f7e,100000,20260718T024708217922Z,stable-late-n100000-w512-m0900-s1777,1777,early_hash_materialized
92d2811fd3360a0e31cf1105104a2dbf691c0beb,512,686.620699998457,0.9,90000,1,sha256:f570cbbf354e04dbc1f358979321f6943968e8a815c0d2fb74a463dc822156e7,phase2l_stable_late,2,sha256:4d739fa07901ac258875eafec5e4a37d3697d18a8797dc81c93eefda5d634f7e,100000,20260718T024708217922Z,stable-late-n100000-w512-m0900-s1777,1777,late_fused
92d2811fd3360a0e31cf1105104a2dbf691c0beb,512,354.9252999946475,0.9,90000,2,sha256:26c7beb699842444e252d17ec55e88fce7462da77b086dbbfc8863980d091221,phase2l_stable_late,2,sha256:4d739fa07901ac258875eafec5e4a37d3697d18a8797dc81c93eefda5d634f7e,100000,20260718T024708217922Z,stable-late-n100000-w512-m0900-s1777,1777,late_join_materialized
92d2811fd3360a0e31cf1105104a2dbf691c0beb,512,711.5529999719001,0.9,90000,3,sha256:8c775ff611abc16d74d7b882b9f184805f1ebab78a726a672f21ac5ab0810c9f,phase2l_stable_late,2,sha256:4d739fa07901ac258875eafec5e4a37d3697d18a8797dc81c93eefda5d634f7e,100000,20260718T024708217922Z,stable-late-n100000-w512-m0900-s1777,1777,late_hash_materialized
92d2811fd3360a0e31cf1105104a2dbf691c0beb,512,898.5483000287786,0.9,90000,0,sha256:f570cbbf354e04dbc1f358979321f6943968e8a815c0d2fb74a463dc822156e7,phase2l_stable_late,3,sha256:4d739fa07901ac258875eafec5e4a37d3697d18a8797dc81c93eefda5d634f7e,100000,20260718T024708217922Z,stable-late-n100000-w512-m0900-s1777,1777,late_fused
92d2811fd3360a0e31cf1105104a2dbf691c0beb,512,382.56910000927746,0.9,90000,1,sha256:26c7beb699842444e252d17ec55e88fce7462da77b086dbbfc8863980d091221,phase2l_stable_late,3,sha256:4d739fa07901ac258875eafec5e4a37d3697d18a8797dc81c93eefda5d634f7e,100000,20260718T024708217922Z,stable-late-n100000-w512-m0900-s1777,1777,late_join_materialized
92d2811fd3360a0e31cf1105104a2dbf691c0beb,512,847.9737000307068,0.9,90000,2,sha256:8c775ff611abc16d74d7b882b9f184805f1ebab78a726a672f21ac5ab0810c9f,phase2l_stable_late,3,sha256:4d739fa07901ac258875eafec5e4a37d3697d18a8797dc81c93eefda5d634f7e,100000,20260718T024708217922Z,stable-late-n100000-w512-m0900-s1777,1777,late_hash_materialized
92d2811fd3360a0e31cf1105104a2dbf691c0beb,512,1085.2278000093065,0.9,90000,3,sha256:aaa00b3bd44c8b4eac45d7e7d997fa62366f1bf46f339190d03cee33407583a0,phase2l_stable_late,3,sha256:4d739fa07901ac258875eafec5e4a37d3697d18a8797dc81c93eefda5d634f7e,100000,20260718T024708217922Z,stable-late-n100000-w512-m0900-s1777,1777,early_hash_materialized
92d2811fd3360a0e31cf1105104a2dbf691c0beb,512,419.3556999671273,0.9,90000,0,sha256:26c7beb699842444e252d17ec55e88fce7462da77b086dbbfc8863980d091221,phase2l_stable_late,4,sha256:4d739fa07901ac258875eafec5e4a37d3697d18a8797dc81c93eefda5d634f7e,100000,20260718T024708217922Z,stable-late-n100000-w512-m0900-s1777,1777,late_join_materialized
92d2811fd3360a0e31cf1105104a2dbf691c0beb,512,954.4252000050619,0.9,90000,1,sha256:8c775ff611abc16d74d7b882b9f184805f1ebab78a726a672f21ac5ab0810c9f,phase2l_stable_late,4,sha256:4d739fa07901ac258875eafec5e4a37d3697d18a8797dc81c93eefda5d634f7e,100000,20260718T024708217922Z,stable-late-n100000-w512-m0900-s1777,1777,late_hash_materialized
92d2811fd3360a0e31cf1105104a2dbf691c0beb,512,985.4958000360057,0.9,90000,2,sha256:aaa00b3bd44c8b4eac45d7e7d997fa62366f1bf46f339190d03cee33407583a0,phase2l_stable_late,4,sha256:4d739fa07901ac258875eafec5e4a37d3697d18a8797dc81c93eefda5d634f7e,100000,20260718T024708217922Z,stable-late-n100000-w512-m0900-s1777,1777,early_hash_materialized
92d2811fd3360a0e31cf1105104a2dbf691c0beb,512,804.8062999732792,0.9,90000,3,sha256:f570cbbf354e04dbc1f358979321f6943968e8a815c0d2fb74a463dc822156e7,phase2l_stable_late,4,sha256:4d739fa07901ac258875eafec5e4a37d3697d18a8797dc81c93eefda5d634f7e,100000,20260718T024708217922Z,stable-late-n100000-w512-m0900-s1777,1777,late_fused
92d2811fd3360a0e31cf1105104a2dbf691c0beb,512,826.8464999855496,0.9,90000,0,sha256:8c775ff611abc16d74d7b882b9f184805f1ebab78a726a672f21ac5ab0810c9f,phase2l_stable_late,5,sha256:4d739fa07901ac258875eafec5e4a37d3697d18a8797dc81c93eefda5d634f7e,100000,20260718T024708217922Z,stable-late-n100000-w512-m0900-s1777,1777,late_hash_materialized
92d2811fd3360a0e31cf1105104a2dbf691c0beb,512,1132.5264000333846,0.9,90000,1,sha256:aaa00b3bd44c8b4eac45d7e7d997fa62366f1bf46f339190d03cee33407583a0,phase2l_stable_late,5,sha256:4d739fa07901ac258875eafec5e4a37d3697d18a8797dc81c93eefda5d634f7e,100000,20260718T024708217922Z,stable-late-n100000-w512-m0900-s1777,1777,early_hash_materialized
92d2811fd3360a0e31cf1105104a2dbf691c0beb,512,867.014300019946,0.9,90000,2,sha256:f570cbbf354e04dbc1f358979321f6943968e8a815c0d2fb74a463dc822156e7,phase2l_stable_late,5,sha256:4d739fa07901ac258875eafec5e4a37d3697d18a8797dc81c93eefda5d634f7e,100000,20260718T024708217922Z,stable-late-n100000-w512-m0900-s1777,1777,late_fused
92d2811fd3360a0e31cf1105104a2dbf691c0beb,512,508.6165000102483,0.9,90000,3,sha256:26c7beb699842444e252d17ec55e88fce7462da77b086dbbfc8863980d091221,phase2l_stable_late,5,sha256:4d739fa07901ac258875eafec5e4a37d3697d18a8797dc81c93eefda5d634f7e,100000,20260718T024708217922Z,stable-late-n100000-w512-m0900-s1777,1777,late_join_materialized
92d2811fd3360a0e31cf1105104a2dbf691c0beb,512,1022.4887999938801,0.9,90000,0,sha256:aaa00b3bd44c8b4eac45d7e7d997fa62366f1bf46f339190d03cee33407583a0,phase2l_stable_late,6,sha256:4d739fa07901ac258875eafec5e4a37d3697d18a8797dc81c93eefda5d634f7e,100000,20260718T024708217922Z,stable-late-n100000-w512-m0900-s1777,1777,early_hash_materialized
92d2811fd3360a0e31cf1105104a2dbf691c0beb,512,916.46259999834,0.9,90000,1,sha256:f570cbbf354e04dbc1f358979321f6943968e8a815c0d2fb74a463dc822156e7,phase2l_stable_late,6,sha256:4d739fa07901ac258875eafec5e4a37d3697d18a8797dc81c93eefda5d634f7e,100000,20260718T024708217922Z,stable-late-n100000-w512-m0900-s1777,1777,late_fused
92d2811fd3360a0e31cf1105104a2dbf691c0beb,512,419.7827000170946,0.9,90000,2,sha256:26c7beb699842444e252d17ec55e88fce7462da77b086dbbfc8863980d091221,phase2l_stable_late,6,sha256:4d739fa07901ac258875eafec5e4a37d3697d18a8797dc81c93eefda5d634f7e,100000,20260718T024708217922Z,stable-late-n100000-w512-m0900-s1777,1777,late_join_materialized
92d2811fd3360a0e31cf1105104a2dbf691c0beb,512,649.6472000144422,0.9,90000,3,sha256:8c775ff611abc16d74d7b882b9f184805f1ebab78a726a672f21ac5ab0810c9f,phase2l_stable_late,6,sha256:4d739fa07901ac258875eafec5e4a37d3697d18a8797dc81c93eefda5d634f7e,100000,20260718T024708217922Z,stable-late-n100000-w512-m0900-s1777,1777,late_hash_materialized
92d2811fd3360a0e31cf1105104a2dbf691c0beb,512,691.6022999794222,0.9,90000,0,sha256:f570cbbf354e04dbc1f358979321f6943968e8a815c0d2fb74a463dc822156e7,phase2l_stable_late,7,sha256:4d739fa07901ac258875eafec5e4a37d3697d18a8797dc81c93eefda5d634f7e,100000,20260718T024708217922Z,stable-late-n100000-w512-m0900-s1777,1777,late_fused
92d2811fd3360a0e31cf1105104a2dbf691c0beb,512,312.23049998516217,0.9,90000,1,sha256:26c7beb699842444e252d17ec55e88fce7462da77b086dbbfc8863980d091221,phase2l_stable_late,7,sha256:4d739fa07901ac258875eafec5e4a37d3697d18a8797dc81c93eefda5d634f7e,100000,20260718T024708217922Z,stable-late-n100000-w512-m0900-s1777,1777,late_join_materialized
92d2811fd3360a0e31cf1105104a2dbf691c0beb,512,613.7980000348762,0.9,90000,2,sha256:8c775ff611abc16d74d7b882b9f184805f1ebab78a726a672f21ac5ab0810c9f,phase2l_stable_late,7,sha256:4d739fa07901ac258875eafec5e4a37d3697d18a8797dc81c93eefda5d634f7e,100000,20260718T024708217922Z,stable-late-n100000-w512-m0900-s1777,1777,late_hash_materialized
92d2811fd3360a0e31cf1105104a2dbf691c0beb,512,789.8811000050046,0.9,90000,3,sha256:aaa00b3bd44c8b4eac45d7e7d997fa62366f1bf46f339190d03cee33407583a0,phase2l_stable_late,7,sha256:4d739fa07901ac258875eafec5e4a37d3697d18a8797dc81c93eefda5d634f7e,100000,20260718T024708217922Z,stable-late-n100000-w512-m0900-s1777,1777,early_hash_materialized
92d2811fd3360a0e31cf1105104a2dbf691c0beb,512,381.1892000376247,0.9,90000,0,sha256:26c7beb699842444e252d17ec55e88fce7462da77b086dbbfc8863980d091221,phase2l_stable_late,8,sha256:4d739fa07901ac258875eafec5e4a37d3697d18a8797dc81c93eefda5d634f7e,100000,20260718T024708217922Z,stable-late-n100000-w512-m0900-s1777,1777,late_join_materialized
92d2811fd3360a0e31cf1105104a2dbf691c0beb,512,617.3757000360638,0.9,90000,1,sha256:8c775ff611abc16d74d7b882b9f184805f1ebab78a726a672f21ac5ab0810c9f,phase2l_stable_late,8,sha256:4d739fa07901ac258875eafec5e4a37d3697d18a8797dc81c93eefda5d634f7e,100000,20260718T024708217922Z,stable-late-n100000-w512-m0900-s1777,1777,late_hash_materialized
92d2811fd3360a0e31cf1105104a2dbf691c0beb,512,764.4152999855578,0.9,90000,2,sha256:aaa00b3bd44c8b4eac45d7e7d997fa62366f1bf46f339190d03cee33407583a0,phase2l_stable_late,8,sha256:4d739fa07901ac258875eafec5e4a37d3697d18a8797dc81c93eefda5d634f7e,100000,20260718T024708217922Z,stable-late-n100000-w512-m0900-s1777,1777,early_hash_materialized
92d2811fd3360a0e31cf1105104a2dbf691c0beb,512,654.7562000341713,0.9,90000,3,sha256:f570cbbf354e04dbc1f358979321f6943968e8a815c0d2fb74a463dc822156e7,phase2l_stable_late,8,sha256:4d739fa07901ac258875eafec5e4a37d3697d18a8797dc81c93eefda5d634f7e,100000,20260718T024708217922Z,stable-late-n100000-w512-m0900-s1777,1777,late_fused
92d2811fd3360a0e31cf1105104a2dbf691c0beb,512,587.0262000244111,0.9,90000,0,sha256:8c775ff611abc16d74d7b882b9f184805f1ebab78a726a672f21ac5ab0810c9f,phase2l_stable_late,9,sha256:4d739fa07901ac258875eafec5e4a37d3697d18a8797dc81c93eefda5d634f7e,100000,20260718T024708217922Z,stable-late-n100000-w512-m0900-s1777,1777,late_hash_materialized
92d2811fd3360a0e31cf1105104a2dbf691c0beb,512,678.2604000181891,0.9,90000,1,sha256:aaa00b3bd44c8b4eac45d7e7d997fa62366f1bf46f339190d03cee33407583a0,phase2l_stable_late,9,sha256:4d739fa07901ac258875eafec5e4a37d3697d18a8797dc81c93eefda5d634f7e,100000,20260718T024708217922Z,stable-late-n100000-w512-m0900-s1777,1777,early_hash_materialized
92d2811fd3360a0e31cf1105104a2dbf691c0beb,512,736.8558999733068,0.9,90000,2,sha256:f570cbbf354e04dbc1f358979321f6943968e8a815c0d2fb74a463dc822156e7,phase2l_stable_late,9,sha256:4d739fa07901ac258875eafec5e4a37d3697d18a8797dc81c93eefda5d634f7e,100000,20260718T024708217922Z,stable-late-n100000-w512-m0900-s1777,1777,late_fused
92d2811fd3360a0e31cf1105104a2dbf691c0beb,512,395.09119995636865,0.9,90000,3,sha256:26c7beb699842444e252d17ec55e88fce7462da77b086dbbfc8863980d091221,phase2l_stable_late,9,sha256:4d739fa07901ac258875eafec5e4a37d3697d18a8797dc81c93eefda5d634f7e,100000,20260718T024708217922Z,stable-late-n100000-w512-m0900-s1777,1777,late_join_materialized
92d2811fd3360a0e31cf1105104a2dbf691c0beb,512,821.6940000420436,0.9,90000,0,sha256:aaa00b3bd44c8b4eac45d7e7d997fa62366f1bf46f339190d03cee33407583a0,phase2l_stable_late,10,sha256:4d739fa07901ac258875eafec5e4a37d3697d18a8797dc81c93eefda5d634f7e,100000,20260718T024708217922Z,stable-late-n100000-w512-m0900-s1777,1777,early_hash_materialized
92d2811fd3360a0e31cf1105104a2dbf691c0beb,512,661.6017000051215,0.9,90000,1,sha256:f570cbbf354e04dbc1f358979321f6943968e8a815c0d2fb74a463dc822156e7,phase2l_stable_late,10,sha256:4d739fa07901ac258875eafec5e4a37d3697d18a8797dc81c93eefda5d634f7e,100000,20260718T024708217922Z,stable-late-n100000-w512-m0900-s1777,1777,late_fused
92d2811fd3360a0e31cf1105104a2dbf691c0beb,512,295.1306999893859,0.9,90000,2,sha256:26c7beb699842444e252d17ec55e88fce7462da77b086dbbfc8863980d091221,phase2l_stable_late,10,sha256:4d739fa07901ac258875eafec5e4a37d3697d18a8797dc81c93eefda5d634f7e,100000,20260718T024708217922Z,stable-late-n100000-w512-m0900-s1777,1777,late_join_materialized
92d2811fd3360a0e31cf1105104a2dbf691c0beb,512,637.3004000051878,0.9,90000,3,sha256:8c775ff611abc16d74d7b882b9f184805f1ebab78a726a672f21ac5ab0810c9f,phase2l_stable_late,10,sha256:4d739fa07901ac258875eafec5e4a37d3697d18a8797dc81c93eefda5d634f7e,100000,20260718T024708217922Z,stable-late-n100000-w512-m0900-s1777,1777,late_hash_materialized
92d2811fd3360a0e31cf1105104a2dbf691c0beb,512,622.8358999942429,0.9,90000,0,sha256:f570cbbf354e04dbc1f358979321f6943968e8a815c0d2fb74a463dc822156e7,phase2l_stable_late,11,sha256:4d739fa07901ac258875eafec5e4a37d3697d18a8797dc81c93eefda5d634f7e,100000,20260718T024708217922Z,stable-late-n100000-w512-m0900-s1777,1777,late_fused
92d2811fd3360a0e31cf1105104a2dbf691c0beb,512,354.4879999826662,0.9,90000,1,sha256:26c7beb699842444e252d17ec55e88fce7462da77b086dbbfc8863980d091221,phase2l_stable_late,11,sha256:4d739fa07901ac258875eafec5e4a37d3697d18a8797dc81c93eefda5d634f7e,100000,20260718T024708217922Z,stable-late-n100000-w512-m0900-s1777,1777,late_join_materialized
92d2811fd3360a0e31cf1105104a2dbf691c0beb,512,632.8835000167601,0.9,90000,2,sha256:8c775ff611abc16d74d7b882b9f184805f1ebab78a726a672f21ac5ab0810c9f,phase2l_stable_late,11,sha256:4d739fa07901ac258875eafec5e4a37d3697d18a8797dc81c93eefda5d634f7e,100000,20260718T024708217922Z,stable-late-n100000-w512-m0900-s1777,1777,late_hash_materialized
92d2811fd3360a0e31cf1105104a2dbf691c0beb,512,794.4021000294015,0.9,90000,3,sha256:aaa00b3bd44c8b4eac45d7e7d997fa62366f1bf46f339190d03cee33407583a0,phase2l_stable_late,11,sha256:4d739fa07901ac258875eafec5e4a37d3697d18a8797dc81c93eefda5d634f7e,100000,20260718T024708217922Z,stable-late-n100000-w512-m0900-s1777,1777,early_hash_materialized
92d2811fd3360a0e31cf1105104a2dbf691c0beb,512,355.58380000293255,0.9,90000,0,sha256:26c7beb699842444e252d17ec55e88fce7462da77b086dbbfc8863980d091221,phase2l_stable_late,12,sha256:4d739fa07901ac258875eafec5e4a37d3697d18a8797dc81c93eefda5d634f7e,100000,20260718T024708217922Z,stable-late-n100000-w512-m0900-s1777,1777,late_join_materialized
92d2811fd3360a0e31cf1105104a2dbf691c0beb,512,627.8083000215702,0.9,90000,1,sha256:8c775ff611abc16d74d7b882b9f184805f1ebab78a726a672f21ac5ab0810c9f,phase2l_stable_late,12,sha256:4d739fa07901ac258875eafec5e4a37d3697d18a8797dc81c93eefda5d634f7e,100000,20260718T024708217922Z,stable-late-n100000-w512-m0900-s1777,1777,late_hash_materialized
92d2811fd3360a0e31cf1105104a2dbf691c0beb,512,777.030700002797,0.9,90000,2,sha256:aaa00b3bd44c8b4eac45d7e7d997fa62366f1bf46f339190d03cee33407583a0,phase2l_stable_late,12,sha256:4d739fa07901ac258875eafec5e4a37d3697d18a8797dc81c93eefda5d634f7e,100000,20260718T024708217922Z,stable-late-n100000-w512-m0900-s1777,1777,early_hash_materialized
92d2811fd3360a0e31cf1105104a2dbf691c0beb,512,656.8171000108123,0.9,90000,3,sha256:f570cbbf354e04dbc1f358979321f6943968e8a815c0d2fb74a463dc822156e7,phase2l_stable_late,12,sha256:4d739fa07901ac258875eafec5e4a37d3697d18a8797dc81c93eefda5d634f7e,100000,20260718T024708217922Z,stable-late-n100000-w512-m0900-s1777,1777,late_fused
92d2811fd3360a0e31cf1105104a2dbf691c0beb,512,603.5800999961793,0.9,90000,0,sha256:8c775ff611abc16d74d7b882b9f184805f1ebab78a726a672f21ac5ab0810c9f,phase2l_stable_late,13,sha256:4d739fa07901ac258875eafec5e4a37d3697d18a8797dc81c93eefda5d634f7e,100000,20260718T024708217922Z,stable-late-n100000-w512-m0900-s1777,1777,late_hash_materialized
92d2811fd3360a0e31cf1105104a2dbf691c0beb,512,647.4777999683283,0.9,90000,1,sha256:aaa00b3bd44c8b4eac45d7e7d997fa62366f1bf46f339190d03cee33407583a0,phase2l_stable_late,13,sha256:4d739fa07901ac258875eafec5e4a37d3697d18a8797dc81c93eefda5d634f7e,100000,20260718T024708217922Z,stable-late-n100000-w512-m0900-s1777,1777,early_hash_materialized
92d2811fd3360a0e31cf1105104a2dbf691c0beb,512,623.3261000015773,0.9,90000,2,sha256:f570cbbf354e04dbc1f358979321f6943968e8a815c0d2fb74a463dc822156e7,phase2l_stable_late,13,sha256:4d739fa07901ac258875eafec5e4a37d3697d18a8797dc81c93eefda5d634f7e,100000,20260718T024708217922Z,stable-late-n100000-w512-m0900-s1777,1777,late_fused
92d2811fd3360a0e31cf1105104a2dbf691c0beb,512,327.2420999710448,0.9,90000,3,sha256:26c7beb699842444e252d17ec55e88fce7462da77b086dbbfc8863980d091221,phase2l_stable_late,13,sha256:4d739fa07901ac258875eafec5e4a37d3697d18a8797dc81c93eefda5d634f7e,100000,20260718T024708217922Z,stable-late-n100000-w512-m0900-s1777,1777,late_join_materialized
92d2811fd3360a0e31cf1105104a2dbf691c0beb,512,776.0266999830492,0.9,90000,0,sha256:aaa00b3bd44c8b4eac45d7e7d997fa62366f1bf46f339190d03cee33407583a0,phase2l_stable_late,14,sha256:4d739fa07901ac258875eafec5e4a37d3697d18a8797dc81c93eefda5d634f7e,100000,20260718T024708217922Z,stable-late-n100000-w512-m0900-s1777,1777,early_hash_materialized
92d2811fd3360a0e31cf1105104a2dbf691c0beb,512,754.5465999864973,0.9,90000,1,sha256:f570cbbf354e04dbc1f358979321f6943968e8a815c0d2fb74a463dc822156e7,phase2l_stable_late,14,sha256:4d739fa07901ac258875eafec5e4a37d3697d18a8797dc81c93eefda5d634f7e,100000,20260718T024708217922Z,stable-late-n100000-w512-m0900-s1777,1777,late_fused
92d2811fd3360a0e31cf1105104a2dbf691c0beb,512,439.1417999868281,0.9,90000,2,sha256:26c7beb699842444e252d17ec55e88fce7462da77b086dbbfc8863980d091221,phase2l_stable_late,14,sha256:4d739fa07901ac258875eafec5e4a37d3697d18a8797dc81c93eefda5d634f7e,100000,20260718T024708217922Z,stable-late-n100000-w512-m0900-s1777,1777,late_join_materialized
92d2811fd3360a0e31cf1105104a2dbf691c0beb,512,866.7090999661013,0.9,90000,3,sha256:8c775ff611abc16d74d7b882b9f184805f1ebab78a726a672f21ac5ab0810c9f,phase2l_stable_late,14,sha256:4d739fa07901ac258875eafec5e4a37d3697d18a8797dc81c93eefda5d634f7e,100000,20260718T024708217922Z,stable-late-n100000-w512-m0900-s1777,1777,late_hash_materialized
92d2811fd3360a0e31cf1105104a2dbf691c0beb,512,603.7528000306338,0.9,90000,0,sha256:8c775ff611abc16d74d7b882b9f184805f1ebab78a726a672f21ac5ab0810c9f,phase2l_stable_late,0,sha256:b6591f47e49d59e483ac3d40de7caab17782afc585d18465aaccd64d0b3b4709,100000,20260718T024708217922Z,stable-late-n100000-w512-m0900-s1888,1888,late_hash_materialized
92d2811fd3360a0e31cf1105104a2dbf691c0beb,512,778.3389000105672,0.9,90000,1,sha256:aaa00b3bd44c8b4eac45d7e7d997fa62366f1bf46f339190d03cee33407583a0,phase2l_stable_late,0,sha256:b6591f47e49d59e483ac3d40de7caab17782afc585d18465aaccd64d0b3b4709,100000,20260718T024708217922Z,stable-late-n100000-w512-m0900-s1888,1888,early_hash_materialized
92d2811fd3360a0e31cf1105104a2dbf691c0beb,512,704.2756999726407,0.9,90000,2,sha256:f570cbbf354e04dbc1f358979321f6943968e8a815c0d2fb74a463dc822156e7,phase2l_stable_late,0,sha256:b6591f47e49d59e483ac3d40de7caab17782afc585d18465aaccd64d0b3b4709,100000,20260718T024708217922Z,stable-late-n100000-w512-m0900-s1888,1888,late_fused
92d2811fd3360a0e31cf1105104a2dbf691c0beb,512,312.2198999626562,0.9,90000,3,sha256:26c7beb699842444e252d17ec55e88fce7462da77b086dbbfc8863980d091221,phase2l_stable_late,0,sha256:b6591f47e49d59e483ac3d40de7caab17782afc585d18465aaccd64d0b3b4709,100000,20260718T024708217922Z,stable-late-n100000-w512-m0900-s1888,1888,late_join_materialized
92d2811fd3360a0e31cf1105104a2dbf691c0beb,512,806.9314999738708,0.9,90000,0,sha256:aaa00b3bd44c8b4eac45d7e7d997fa62366f1bf46f339190d03cee33407583a0,phase2l_stable_late,1,sha256:b6591f47e49d59e483ac3d40de7caab17782afc585d18465aaccd64d0b3b4709,100000,20260718T024708217922Z,stable-late-n100000-w512-m0900-s1888,1888,early_hash_materialized
92d2811fd3360a0e31cf1105104a2dbf691c0beb,512,747.0715999952517,0.9,90000,1,sha256:f570cbbf354e04dbc1f358979321f6943968e8a815c0d2fb74a463dc822156e7,phase2l_stable_late,1,sha256:b6591f47e49d59e483ac3d40de7caab17782afc585d18465aaccd64d0b3b4709,100000,20260718T024708217922Z,stable-late-n100000-w512-m0900-s1888,1888,late_fused
92d2811fd3360a0e31cf1105104a2dbf691c0beb,512,330.0086000235751,0.9,90000,2,sha256:26c7beb699842444e252d17ec55e88fce7462da77b086dbbfc8863980d091221,phase2l_stable_late,1,sha256:b6591f47e49d59e483ac3d40de7caab17782afc585d18465aaccd64d0b3b4709,100000,20260718T024708217922Z,stable-late-n100000-w512-m0900-s1888,1888,late_join_materialized
92d2811fd3360a0e31cf1105104a2dbf691c0beb,512,621.9004999729805,0.9,90000,3,sha256:8c775ff611abc16d74d7b882b9f184805f1ebab78a726a672f21ac5ab0810c9f,phase2l_stable_late,1,sha256:b6591f47e49d59e483ac3d40de7caab17782afc585d18465aaccd64d0b3b4709,100000,20260718T024708217922Z,stable-late-n100000-w512-m0900-s1888,1888,late_hash_materialized
92d2811fd3360a0e31cf1105104a2dbf691c0beb,512,625.1405000220984,0.9,90000,0,sha256:f570cbbf354e04dbc1f358979321f6943968e8a815c0d2fb74a463dc822156e7,phase2l_stable_late,2,sha256:b6591f47e49d59e483ac3d40de7caab17782afc585d18465aaccd64d0b3b4709,100000,20260718T024708217922Z,stable-late-n100000-w512-m0900-s1888,1888,late_fused
92d2811fd3360a0e31cf1105104a2dbf691c0beb,512,305.0615999964066,0.9,90000,1,sha256:26c7beb699842444e252d17ec55e88fce7462da77b086dbbfc8863980d091221,phase2l_stable_late,2,sha256:b6591f47e49d59e483ac3d40de7caab17782afc585d18465aaccd64d0b3b4709,100000,20260718T024708217922Z,stable-late-n100000-w512-m0900-s1888,1888,late_join_materialized
92d2811fd3360a0e31cf1105104a2dbf691c0beb,512,736.5213999873959,0.9,90000,2,sha256:8c775ff611abc16d74d7b882b9f184805f1ebab78a726a672f21ac5ab0810c9f,phase2l_stable_late,2,sha256:b6591f47e49d59e483ac3d40de7caab17782afc585d18465aaccd64d0b3b4709,100000,20260718T024708217922Z,stable-late-n100000-w512-m0900-s1888,1888,late_hash_materialized
92d2811fd3360a0e31cf1105104a2dbf691c0beb,512,817.7255999762565,0.9,90000,3,sha256:aaa00b3bd44c8b4eac45d7e7d997fa62366f1bf46f339190d03cee33407583a0,phase2l_stable_late,2,sha256:b6591f47e49d59e483ac3d40de7caab17782afc585d18465aaccd64d0b3b4709,100000,20260718T024708217922Z,stable-late-n100000-w512-m0900-s1888,1888,early_hash_materialized
92d2811fd3360a0e31cf1105104a2dbf691c0beb,512,415.88500002399087,0.9,90000,0,sha256:26c7beb699842444e252d17ec55e88fce7462da77b086dbbfc8863980d091221,phase2l_stable_late,3,sha256:b6591f47e49d59e483ac3d40de7caab17782afc585d18465aaccd64d0b3b4709,100000,20260718T024708217922Z,stable-late-n100000-w512-m0900-s1888,1888,late_join_materialized
92d2811fd3360a0e31cf1105104a2dbf691c0beb,512,754.5806000125594,0.9,90000,1,sha256:8c775ff611abc16d74d7b882b9f184805f1ebab78a726a672f21ac5ab0810c9f,phase2l_stable_late,3,sha256:b6591f47e49d59e483ac3d40de7caab17782afc585d18465aaccd64d0b3b4709,100000,20260718T024708217922Z,stable-late-n100000-w512-m0900-s1888,1888,late_hash_materialized
92d2811fd3360a0e31cf1105104a2dbf691c0beb,512,789.2386000021361,0.9,90000,2,sha256:aaa00b3bd44c8b4eac45d7e7d997fa62366f1bf46f339190d03cee33407583a0,phase2l_stable_late,3,sha256:b6591f47e49d59e483ac3d40de7caab17782afc585d18465aaccd64d0b3b4709,100000,20260718T024708217922Z,stable-late-n100000-w512-m0900-s1888,1888,early_hash_materialized
92d2811fd3360a0e31cf1105104a2dbf691c0beb,512,657.4309999705292,0.9,90000,3,sha256:f570cbbf354e04dbc1f358979321f6943968e8a815c0d2fb74a463dc822156e7,phase2l_stable_late,3,sha256:b6591f47e49d59e483ac3d40de7caab17782afc585d18465aaccd64d0b3b4709,100000,20260718T024708217922Z,stable-late-n100000-w512-m0900-s1888,1888,late_fused
92d2811fd3360a0e31cf1105104a2dbf691c0beb,512,619.3557000369765,0.9,90000,0,sha256:8c775ff611abc16d74d7b882b9f184805f1ebab78a726a672f21ac5ab0810c9f,phase2l_stable_late,4,sha256:b6591f47e49d59e483ac3d40de7caab17782afc585d18465aaccd64d0b3b4709,100000,20260718T024708217922Z,stable-late-n100000-w512-m0900-s1888,1888,late_hash_materialized
92d2811fd3360a0e31cf1105104a2dbf691c0beb,512,685.0777000072412,0.9,90000,1,sha256:aaa00b3bd44c8b4eac45d7e7d997fa62366f1bf46f339190d03cee33407583a0,phase2l_stable_late,4,sha256:b6591f47e49d59e483ac3d40de7caab17782afc585d18465aaccd64d0b3b4709,100000,20260718T024708217922Z,stable-late-n100000-w512-m0900-s1888,1888,early_hash_materialized
92d2811fd3360a0e31cf1105104a2dbf691c0beb,512,768.4372999938205,0.9,90000,2,sha256:f570cbbf354e04dbc1f358979321f6943968e8a815c0d2fb74a463dc822156e7,phase2l_stable_late,4,sha256:b6591f47e49d59e483ac3d40de7caab17782afc585d18465aaccd64d0b3b4709,100000,20260718T024708217922Z,stable-late-n100000-w512-m0900-s1888,1888,late_fused
92d2811fd3360a0e31cf1105104a2dbf691c0beb,512,378.7199999787845,0.9,90000,3,sha256:26c7beb699842444e252d17ec55e88fce7462da77b086dbbfc8863980d091221,phase2l_stable_late,4,sha256:b6591f47e49d59e483ac3d40de7caab17782afc585d18465aaccd64d0b3b4709,100000,20260718T024708217922Z,stable-late-n100000-w512-m0900-s1888,1888,late_join_materialized
92d2811fd3360a0e31cf1105104a2dbf691c0beb,512,836.3450999604538,0.9,90000,0,sha256:aaa00b3bd44c8b4eac45d7e7d997fa62366f1bf46f339190d03cee33407583a0,phase2l_stable_late,5,sha256:b6591f47e49d59e483ac3d40de7caab17782afc585d18465aaccd64d0b3b4709,100000,20260718T024708217922Z,stable-late-n100000-w512-m0900-s1888,1888,early_hash_materialized
92d2811fd3360a0e31cf1105104a2dbf691c0beb,512,720.7867999677546,0.9,90000,1,sha256:f570cbbf354e04dbc1f358979321f6943968e8a815c0d2fb74a463dc822156e7,phase2l_stable_late,5,sha256:b6591f47e49d59e483ac3d40de7caab17782afc585d18465aaccd64d0b3b4709,100000,20260718T024708217922Z,stable-late-n100000-w512-m0900-s1888,1888,late_fused
92d2811fd3360a0e31cf1105104a2dbf691c0beb,512,408.4106999798678,0.9,90000,2,sha256:26c7beb699842444e252d17ec55e88fce7462da77b086dbbfc8863980d091221,phase2l_stable_late,5,sha256:b6591f47e49d59e483ac3d40de7caab17782afc585d18465aaccd64d0b3b4709,100000,20260718T024708217922Z,stable-late-n100000-w512-m0900-s1888,1888,late_join_materialized
92d2811fd3360a0e31cf1105104a2dbf691c0beb,512,864.0240000095218,0.9,90000,3,sha256:8c775ff611abc16d74d7b882b9f184805f1ebab78a726a672f21ac5ab0810c9f,phase2l_stable_late,5,sha256:b6591f47e49d59e483ac3d40de7caab17782afc585d18465aaccd64d0b3b4709,100000,20260718T024708217922Z,stable-late-n100000-w512-m0900-s1888,1888,late_hash_materialized
92d2811fd3360a0e31cf1105104a2dbf691c0beb,512,1088.458099984564,0.9,90000,0,sha256:f570cbbf354e04dbc1f358979321f6943968e8a815c0d2fb74a463dc822156e7,phase2l_stable_late,6,sha256:b6591f47e49d59e483ac3d40de7caab17782afc585d18465aaccd64d0b3b4709,100000,20260718T024708217922Z,stable-late-n100000-w512-m0900-s1888,1888,late_fused
92d2811fd3360a0e31cf1105104a2dbf691c0beb,512,413.46479998901486,0.9,90000,1,sha256:26c7beb699842444e252d17ec55e88fce7462da77b086dbbfc8863980d091221,phase2l_stable_late,6,sha256:b6591f47e49d59e483ac3d40de7caab17782afc585d18465aaccd64d0b3b4709,100000,20260718T024708217922Z,stable-late-n100000-w512-m0900-s1888,1888,late_join_materialized
92d2811fd3360a0e31cf1105104a2dbf691c0beb,512,816.5737999952398,0.9,90000,2,sha256:8c775ff611abc16d74d7b882b9f184805f1ebab78a726a672f21ac5ab0810c9f,phase2l_stable_late,6,sha256:b6591f47e49d59e483ac3d40de7caab17782afc585d18465aaccd64d0b3b4709,100000,20260718T024708217922Z,stable-late-n100000-w512-m0900-s1888,1888,late_hash_materialized
92d2811fd3360a0e31cf1105104a2dbf691c0beb,512,840.8779000164941,0.9,90000,3,sha256:aaa00b3bd44c8b4eac45d7e7d997fa62366f1bf46f339190d03cee33407583a0,phase2l_stable_late,6,sha256:b6591f47e49d59e483ac3d40de7caab17782afc585d18465aaccd64d0b3b4709,100000,20260718T024708217922Z,stable-late-n100000-w512-m0900-s1888,1888,early_hash_materialized
92d2811fd3360a0e31cf1105104a2dbf691c0beb,512,427.5874000159092,0.9,90000,0,sha256:26c7beb699842444e252d17ec55e88fce7462da77b086dbbfc8863980d091221,phase2l_stable_late,7,sha256:b6591f47e49d59e483ac3d40de7caab17782afc585d18465aaccd64d0b3b4709,100000,20260718T024708217922Z,stable-late-n100000-w512-m0900-s1888,1888,late_join_materialized
92d2811fd3360a0e31cf1105104a2dbf691c0beb,512,955.274100007955,0.9,90000,1,sha256:8c775ff611abc16d74d7b882b9f184805f1ebab78a726a672f21ac5ab0810c9f,phase2l_stable_late,7,sha256:b6591f47e49d59e483ac3d40de7caab17782afc585d18465aaccd64d0b3b4709,100000,20260718T024708217922Z,stable-late-n100000-w512-m0900-s1888,1888,late_hash_materialized
92d2811fd3360a0e31cf1105104a2dbf691c0beb,512,1124.1398999700323,0.9,90000,2,sha256:aaa00b3bd44c8b4eac45d7e7d997fa62366f1bf46f339190d03cee33407583a0,phase2l_stable_late,7,sha256:b6591f47e49d59e483ac3d40de7caab17782afc585d18465aaccd64d0b3b4709,100000,20260718T024708217922Z,stable-late-n100000-w512-m0900-s1888,1888,early_hash_materialized
92d2811fd3360a0e31cf1105104a2dbf691c0beb,512,886.6438000113703,0.9,90000,3,sha256:f570cbbf354e04dbc1f358979321f6943968e8a815c0d2fb74a463dc822156e7,phase2l_stable_late,7,sha256:b6591f47e49d59e483ac3d40de7caab17782afc585d18465aaccd64d0b3b4709,100000,20260718T024708217922Z,stable-late-n100000-w512-m0900-s1888,1888,late_fused
92d2811fd3360a0e31cf1105104a2dbf691c0beb,512,889.8807999794371,0.9,90000,0,sha256:8c775ff611abc16d74d7b882b9f184805f1ebab78a726a672f21ac5ab0810c9f,phase2l_stable_late,8,sha256:b6591f47e49d59e483ac3d40de7caab17782afc585d18465aaccd64d0b3b4709,100000,20260718T024708217922Z,stable-late-n100000-w512-m0900-s1888,1888,late_hash_materialized
92d2811fd3360a0e31cf1105104a2dbf691c0beb,512,1131.4270000439137,0.9,90000,1,sha256:aaa00b3bd44c8b4eac45d7e7d997fa62366f1bf46f339190d03cee33407583a0,phase2l_stable_late,8,sha256:b6591f47e49d59e483ac3d40de7caab17782afc585d18465aaccd64d0b3b4709,100000,20260718T024708217922Z,stable-late-n100000-w512-m0900-s1888,1888,early_hash_materialized
92d2811fd3360a0e31cf1105104a2dbf691c0beb,512,1407.621999969706,0.9,90000,2,sha256:f570cbbf354e04dbc1f358979321f6943968e8a815c0d2fb74a463dc822156e7,phase2l_stable_late,8,sha256:b6591f47e49d59e483ac3d40de7caab17782afc585d18465aaccd64d0b3b4709,100000,20260718T024708217922Z,stable-late-n100000-w512-m0900-s1888,1888,late_fused
92d2811fd3360a0e31cf1105104a2dbf691c0beb,512,519.9015000252984,0.9,90000,3,sha256:26c7beb699842444e252d17ec55e88fce7462da77b086dbbfc8863980d091221,phase2l_stable_late,8,sha256:b6591f47e49d59e483ac3d40de7caab17782afc585d18465aaccd64d0b3b4709,100000,20260718T024708217922Z,stable-late-n100000-w512-m0900-s1888,1888,late_join_materialized
92d2811fd3360a0e31cf1105104a2dbf691c0beb,512,1559.997700038366,0.9,90000,0,sha256:aaa00b3bd44c8b4eac45d7e7d997fa62366f1bf46f339190d03cee33407583a0,phase2l_stable_late,9,sha256:b6591f47e49d59e483ac3d40de7caab17782afc585d18465aaccd64d0b3b4709,100000,20260718T024708217922Z,stable-late-n100000-w512-m0900-s1888,1888,early_hash_materialized
92d2811fd3360a0e31cf1105104a2dbf691c0beb,512,1260.4676999617368,0.9,90000,1,sha256:f570cbbf354e04dbc1f358979321f6943968e8a815c0d2fb74a463dc822156e7,phase2l_stable_late,9,sha256:b6591f47e49d59e483ac3d40de7caab17782afc585d18465aaccd64d0b3b4709,100000,20260718T024708217922Z,stable-late-n100000-w512-m0900-s1888,1888,late_fused
92d2811fd3360a0e31cf1105104a2dbf691c0beb,512,485.7486000400968,0.9,90000,2,sha256:26c7beb699842444e252d17ec55e88fce7462da77b086dbbfc8863980d091221,phase2l_stable_late,9,sha256:b6591f47e49d59e483ac3d40de7caab17782afc585d18465aaccd64d0b3b4709,100000,20260718T024708217922Z,stable-late-n100000-w512-m0900-s1888,1888,late_join_materialized
92d2811fd3360a0e31cf1105104a2dbf691c0beb,512,1006.5541000221856,0.9,90000,3,sha256:8c775ff611abc16d74d7b882b9f184805f1ebab78a726a672f21ac5ab0810c9f,phase2l_stable_late,9,sha256:b6591f47e49d59e483ac3d40de7caab17782afc585d18465aaccd64d0b3b4709,100000,20260718T024708217922Z,stable-late-n100000-w512-m0900-s1888,1888,late_hash_materialized
92d2811fd3360a0e31cf1105104a2dbf691c0beb,512,1031.6351999645121,0.9,90000,0,sha256:f570cbbf354e04dbc1f358979321f6943968e8a815c0d2fb74a463dc822156e7,phase2l_stable_late,10,sha256:b6591f47e49d59e483ac3d40de7caab17782afc585d18465aaccd64d0b3b4709,100000,20260718T024708217922Z,stable-late-n100000-w512-m0900-s1888,1888,late_fused
92d2811fd3360a0e31cf1105104a2dbf691c0beb,512,435.3249999694526,0.9,90000,1,sha256:26c7beb699842444e252d17ec55e88fce7462da77b086dbbfc8863980d091221,phase2l_stable_late,10,sha256:b6591f47e49d59e483ac3d40de7caab17782afc585d18465aaccd64d0b3b4709,100000,20260718T024708217922Z,stable-late-n100000-w512-m0900-s1888,1888,late_join_materialized
92d2811fd3360a0e31cf1105104a2dbf691c0beb,512,866.3691999972798,0.9,90000,2,sha256:8c775ff611abc16d74d7b882b9f184805f1ebab78a726a672f21ac5ab0810c9f,phase2l_stable_late,10,sha256:b6591f47e49d59e483ac3d40de7caab17782afc585d18465aaccd64d0b3b4709,100000,20260718T024708217922Z,stable-late-n100000-w512-m0900-s1888,1888,late_hash_materialized
92d2811fd3360a0e31cf1105104a2dbf691c0beb,512,997.9300999548286,0.9,90000,3,sha256:aaa00b3bd44c8b4eac45d7e7d997fa62366f1bf46f339190d03cee33407583a0,phase2l_stable_late,10,sha256:b6591f47e49d59e483ac3d40de7caab17782afc585d18465aaccd64d0b3b4709,100000,20260718T024708217922Z,stable-late-n100000-w512-m0900-s1888,1888,early_hash_materialized
92d2811fd3360a0e31cf1105104a2dbf691c0beb,512,367.13799997232854,0.9,90000,0,sha256:26c7beb699842444e252d17ec55e88fce7462da77b086dbbfc8863980d091221,phase2l_stable_late,11,sha256:b6591f47e49d59e483ac3d40de7caab17782afc585d18465aaccd64d0b3b4709,100000,20260718T024708217922Z,stable-late-n100000-w512-m0900-s1888,1888,late_join_materialized
92d2811fd3360a0e31cf1105104a2dbf691c0beb,512,737.7536999993026,0.9,90000,1,sha256:8c775ff611abc16d74d7b882b9f184805f1ebab78a726a672f21ac5ab0810c9f,phase2l_stable_late,11,sha256:b6591f47e49d59e483ac3d40de7caab17782afc585d18465aaccd64d0b3b4709,100000,20260718T024708217922Z,stable-late-n100000-w512-m0900-s1888,1888,late_hash_materialized
92d2811fd3360a0e31cf1105104a2dbf691c0beb,512,1042.4536000355147,0.9,90000,2,sha256:aaa00b3bd44c8b4eac45d7e7d997fa62366f1bf46f339190d03cee33407583a0,phase2l_stable_late,11,sha256:b6591f47e49d59e483ac3d40de7caab17782afc585d18465aaccd64d0b3b4709,100000,20260718T024708217922Z,stable-late-n100000-w512-m0900-s1888,1888,early_hash_materialized
92d2811fd3360a0e31cf1105104a2dbf691c0beb,512,924.4538000202738,0.9,90000,3,sha256:f570cbbf354e04dbc1f358979321f6943968e8a815c0d2fb74a463dc822156e7,phase2l_stable_late,11,sha256:b6591f47e49d59e483ac3d40de7caab17782afc585d18465aaccd64d0b3b4709,100000,20260718T024708217922Z,stable-late-n100000-w512-m0900-s1888,1888,late_fused
92d2811fd3360a0e31cf1105104a2dbf691c0beb,512,919.2701000138186,0.9,90000,0,sha256:8c775ff611abc16d74d7b882b9f184805f1ebab78a726a672f21ac5ab0810c9f,phase2l_stable_late,12,sha256:b6591f47e49d59e483ac3d40de7caab17782afc585d18465aaccd64d0b3b4709,100000,20260718T024708217922Z,stable-late-n100000-w512-m0900-s1888,1888,late_hash_materialized
92d2811fd3360a0e31cf1105104a2dbf691c0beb,512,965.1985000236891,0.9,90000,1,sha256:aaa00b3bd44c8b4eac45d7e7d997fa62366f1bf46f339190d03cee33407583a0,phase2l_stable_late,12,sha256:b6591f47e49d59e483ac3d40de7caab17782afc585d18465aaccd64d0b3b4709,100000,20260718T024708217922Z,stable-late-n100000-w512-m0900-s1888,1888,early_hash_materialized
92d2811fd3360a0e31cf1105104a2dbf691c0beb,512,809.684699983336,0.9,90000,2,sha256:f570cbbf354e04dbc1f358979321f6943968e8a815c0d2fb74a463dc822156e7,phase2l_stable_late,12,sha256:b6591f47e49d59e483ac3d40de7caab17782afc585d18465aaccd64d0b3b4709,100000,20260718T024708217922Z,stable-late-n100000-w512-m0900-s1888,1888,late_fused
92d2811fd3360a0e31cf1105104a2dbf691c0beb,512,765.8992999931797,0.9,90000,3,sha256:26c7beb699842444e252d17ec55e88fce7462da77b086dbbfc8863980d091221,phase2l_stable_late,12,sha256:b6591f47e49d59e483ac3d40de7caab17782afc585d18465aaccd64d0b3b4709,100000,20260718T024708217922Z,stable-late-n100000-w512-m0900-s1888,1888,late_join_materialized
92d2811fd3360a0e31cf1105104a2dbf691c0beb,512,1446.5708999778144,0.9,90000,0,sha256:aaa00b3bd44c8b4eac45d7e7d997fa62366f1bf46f339190d03cee33407583a0,phase2l_stable_late,13,sha256:b6591f47e49d59e483ac3d40de7caab17782afc585d18465aaccd64d0b3b4709,100000,20260718T024708217922Z,stable-late-n100000-w512-m0900-s1888,1888,early_hash_materialized
92d2811fd3360a0e31cf1105104a2dbf691c0beb,512,1434.2689999612048,0.9,90000,1,sha256:f570cbbf354e04dbc1f358979321f6943968e8a815c0d2fb74a463dc822156e7,phase2l_stable_late,13,sha256:b6591f47e49d59e483ac3d40de7caab17782afc585d18465aaccd64d0b3b4709,100000,20260718T024708217922Z,stable-late-n100000-w512-m0900-s1888,1888,late_fused
92d2811fd3360a0e31cf1105104a2dbf691c0beb,512,565.1898999931291,0.9,90000,2,sha256:26c7beb699842444e252d17ec55e88fce7462da77b086dbbfc8863980d091221,phase2l_stable_late,13,sha256:b6591f47e49d59e483ac3d40de7caab17782afc585d18465aaccd64d0b3b4709,100000,20260718T024708217922Z,stable-late-n100000-w512-m0900-s1888,1888,late_join_materialized
92d2811fd3360a0e31cf1105104a2dbf691c0beb,512,1151.3098999857903,0.9,90000,3,sha256:8c775ff611abc16d74d7b882b9f184805f1ebab78a726a672f21ac5ab0810c9f,phase2l_stable_late,13,sha256:b6591f47e49d59e483ac3d40de7caab17782afc585d18465aaccd64d0b3b4709,100000,20260718T024708217922Z,stable-late-n100000-w512-m0900-s1888,1888,late_hash_materialized
92d2811fd3360a0e31cf1105104a2dbf691c0beb,512,1267.5309000187553,0.9,90000,0,sha256:f570cbbf354e04dbc1f358979321f6943968e8a815c0d2fb74a463dc822156e7,phase2l_stable_late,14,sha256:b6591f47e49d59e483ac3d40de7caab17782afc585d18465aaccd64d0b3b4709,100000,20260718T024708217922Z,stable-late-n100000-w512-m0900-s1888,1888,late_fused
92d2811fd3360a0e31cf1105104a2dbf691c0beb,512,562.1808000141755,0.9,90000,1,sha256:26c7beb699842444e252d17ec55e88fce7462da77b086dbbfc8863980d091221,phase2l_stable_late,14,sha256:b6591f47e49d59e483ac3d40de7caab17782afc585d18465aaccd64d0b3b4709,100000,20260718T024708217922Z,stable-late-n100000-w512-m0900-s1888,1888,late_join_materialized
92d2811fd3360a0e31cf1105104a2dbf691c0beb,512,1243.9957999740727,0.9,90000,2,sha256:8c775ff611abc16d74d7b882b9f184805f1ebab78a726a672f21ac5ab0810c9f,phase2l_stable_late,14,sha256:b6591f47e49d59e483ac3d40de7caab17782afc585d18465aaccd64d0b3b4709,100000,20260718T024708217922Z,stable-late-n100000-w512-m0900-s1888,1888,late_hash_materialized
92d2811fd3360a0e31cf1105104a2dbf691c0beb,512,1227.2498999955133,0.9,90000,3,sha256:aaa00b3bd44c8b4eac45d7e7d997fa62366f1bf46f339190d03cee33407583a0,phase2l_stable_late,14,sha256:b6591f47e49d59e483ac3d40de7caab17782afc585d18465aaccd64d0b3b4709,100000,20260718T024708217922Z,stable-late-n100000-w512-m0900-s1888,1888,early_hash_materialized
92d2811fd3360a0e31cf1105104a2dbf691c0beb,512,1109.0499999700114,0.9,90000,0,sha256:aaa00b3bd44c8b4eac45d7e7d997fa62366f1bf46f339190d03cee33407583a0,phase2l_stable_late,0,sha256:399dc8a8fd857f1add4a21ac8a7e9377beffb48ca263fdf3d144d05daa9f8383,100000,20260718T024708217922Z,stable-late-n100000-w512-m0900-s1999,1999,early_hash_materialized
92d2811fd3360a0e31cf1105104a2dbf691c0beb,512,927.9674999997951,0.9,90000,1,sha256:f570cbbf354e04dbc1f358979321f6943968e8a815c0d2fb74a463dc822156e7,phase2l_stable_late,0,sha256:399dc8a8fd857f1add4a21ac8a7e9377beffb48ca263fdf3d144d05daa9f8383,100000,20260718T024708217922Z,stable-late-n100000-w512-m0900-s1999,1999,late_fused
92d2811fd3360a0e31cf1105104a2dbf691c0beb,512,481.77399998530746,0.9,90000,2,sha256:26c7beb699842444e252d17ec55e88fce7462da77b086dbbfc8863980d091221,phase2l_stable_late,0,sha256:399dc8a8fd857f1add4a21ac8a7e9377beffb48ca263fdf3d144d05daa9f8383,100000,20260718T024708217922Z,stable-late-n100000-w512-m0900-s1999,1999,late_join_materialized
92d2811fd3360a0e31cf1105104a2dbf691c0beb,512,988.3220999618061,0.9,90000,3,sha256:8c775ff611abc16d74d7b882b9f184805f1ebab78a726a672f21ac5ab0810c9f,phase2l_stable_late,0,sha256:399dc8a8fd857f1add4a21ac8a7e9377beffb48ca263fdf3d144d05daa9f8383,100000,20260718T024708217922Z,stable-late-n100000-w512-m0900-s1999,1999,late_hash_materialized
92d2811fd3360a0e31cf1105104a2dbf691c0beb,512,970.9176999749616,0.9,90000,0,sha256:f570cbbf354e04dbc1f358979321f6943968e8a815c0d2fb74a463dc822156e7,phase2l_stable_late,1,sha256:399dc8a8fd857f1add4a21ac8a7e9377beffb48ca263fdf3d144d05daa9f8383,100000,20260718T024708217922Z,stable-late-n100000-w512-m0900-s1999,1999,late_fused
92d2811fd3360a0e31cf1105104a2dbf691c0beb,512,350.7695000153035,0.9,90000,1,sha256:26c7beb699842444e252d17ec55e88fce7462da77b086dbbfc8863980d091221,phase2l_stable_late,1,sha256:399dc8a8fd857f1add4a21ac8a7e9377beffb48ca263fdf3d144d05daa9f8383,100000,20260718T024708217922Z,stable-late-n100000-w512-m0900-s1999,1999,late_join_materialized
92d2811fd3360a0e31cf1105104a2dbf691c0beb,512,998.6322000040673,0.9,90000,2,sha256:8c775ff611abc16d74d7b882b9f184805f1ebab78a726a672f21ac5ab0810c9f,phase2l_stable_late,1,sha256:399dc8a8fd857f1add4a21ac8a7e9377beffb48ca263fdf3d144d05daa9f8383,100000,20260718T024708217922Z,stable-late-n100000-w512-m0900-s1999,1999,late_hash_materialized
92d2811fd3360a0e31cf1105104a2dbf691c0beb,512,901.9619000027888,0.9,90000,3,sha256:aaa00b3bd44c8b4eac45d7e7d997fa62366f1bf46f339190d03cee33407583a0,phase2l_stable_late,1,sha256:399dc8a8fd857f1add4a21ac8a7e9377beffb48ca263fdf3d144d05daa9f8383,100000,20260718T024708217922Z,stable-late-n100000-w512-m0900-s1999,1999,early_hash_materialized
92d2811fd3360a0e31cf1105104a2dbf691c0beb,512,418.5921000316739,0.9,90000,0,sha256:26c7beb699842444e252d17ec55e88fce7462da77b086dbbfc8863980d091221,phase2l_stable_late,2,sha256:399dc8a8fd857f1add4a21ac8a7e9377beffb48ca263fdf3d144d05daa9f8383,100000,20260718T024708217922Z,stable-late-n100000-w512-m0900-s1999,1999,late_join_materialized
92d2811fd3360a0e31cf1105104a2dbf691c0beb,512,886.3412000355311,0.9,90000,1,sha256:8c775ff611abc16d74d7b882b9f184805f1ebab78a726a672f21ac5ab0810c9f,phase2l_stable_late,2,sha256:399dc8a8fd857f1add4a21ac8a7e9377beffb48ca263fdf3d144d05daa9f8383,100000,20260718T024708217922Z,stable-late-n100000-w512-m0900-s1999,1999,late_hash_materialized
92d2811fd3360a0e31cf1105104a2dbf691c0beb,512,1041.074899956584,0.9,90000,2,sha256:aaa00b3bd44c8b4eac45d7e7d997fa62366f1bf46f339190d03cee33407583a0,phase2l_stable_late,2,sha256:399dc8a8fd857f1add4a21ac8a7e9377beffb48ca263fdf3d144d05daa9f8383,100000,20260718T024708217922Z,stable-late-n100000-w512-m0900-s1999,1999,early_hash_materialized
92d2811fd3360a0e31cf1105104a2dbf691c0beb,512,945.113499998115,0.9,90000,3,sha256:f570cbbf354e04dbc1f358979321f6943968e8a815c0d2fb74a463dc822156e7,phase2l_stable_late,2,sha256:399dc8a8fd857f1add4a21ac8a7e9377beffb48ca263fdf3d144d05daa9f8383,100000,20260718T024708217922Z,stable-late-n100000-w512-m0900-s1999,1999,late_fused
92d2811fd3360a0e31cf1105104a2dbf691c0beb,512,885.4129000101238,0.9,90000,0,sha256:8c775ff611abc16d74d7b882b9f184805f1ebab78a726a672f21ac5ab0810c9f,phase2l_stable_late,3,sha256:399dc8a8fd857f1add4a21ac8a7e9377beffb48ca263fdf3d144d05daa9f8383,100000,20260718T024708217922Z,stable-late-n100000-w512-m0900-s1999,1999,late_hash_materialized
92d2811fd3360a0e31cf1105104a2dbf691c0beb,512,785.7280999887735,0.9,90000,1,sha256:aaa00b3bd44c8b4eac45d7e7d997fa62366f1bf46f339190d03cee33407583a0,phase2l_stable_late,3,sha256:399dc8a8fd857f1add4a21ac8a7e9377beffb48ca263fdf3d144d05daa9f8383,100000,20260718T024708217922Z,stable-late-n100000-w512-m0900-s1999,1999,early_hash_materialized
92d2811fd3360a0e31cf1105104a2dbf691c0beb,512,737.5184000120498,0.9,90000,2,sha256:f570cbbf354e04dbc1f358979321f6943968e8a815c0d2fb74a463dc822156e7,phase2l_stable_late,3,sha256:399dc8a8fd857f1add4a21ac8a7e9377beffb48ca263fdf3d144d05daa9f8383,100000,20260718T024708217922Z,stable-late-n100000-w512-m0900-s1999,1999,late_fused
92d2811fd3360a0e31cf1105104a2dbf691c0beb,512,423.56799996923655,0.9,90000,3,sha256:26c7beb699842444e252d17ec55e88fce7462da77b086dbbfc8863980d091221,phase2l_stable_late,3,sha256:399dc8a8fd857f1add4a21ac8a7e9377beffb48ca263fdf3d144d05daa9f8383,100000,20260718T024708217922Z,stable-late-n100000-w512-m0900-s1999,1999,late_join_materialized
92d2811fd3360a0e31cf1105104a2dbf691c0beb,512,861.7186000337824,0.9,90000,0,sha256:aaa00b3bd44c8b4eac45d7e7d997fa62366f1bf46f339190d03cee33407583a0,phase2l_stable_late,4,sha256:399dc8a8fd857f1add4a21ac8a7e9377beffb48ca263fdf3d144d05daa9f8383,100000,20260718T024708217922Z,stable-late-n100000-w512-m0900-s1999,1999,early_hash_materialized
92d2811fd3360a0e31cf1105104a2dbf691c0beb,512,805.1271999720484,0.9,90000,1,sha256:f570cbbf354e04dbc1f358979321f6943968e8a815c0d2fb74a463dc822156e7,phase2l_stable_late,4,sha256:399dc8a8fd857f1add4a21ac8a7e9377beffb48ca263fdf3d144d05daa9f8383,100000,20260718T024708217922Z,stable-late-n100000-w512-m0900-s1999,1999,late_fused
92d2811fd3360a0e31cf1105104a2dbf691c0beb,512,410.87490000063553,0.9,90000,2,sha256:26c7beb699842444e252d17ec55e88fce7462da77b086dbbfc8863980d091221,phase2l_stable_late,4,sha256:399dc8a8fd857f1add4a21ac8a7e9377beffb48ca263fdf3d144d05daa9f8383,100000,20260718T024708217922Z,stable-late-n100000-w512-m0900-s1999,1999,late_join_materialized
92d2811fd3360a0e31cf1105104a2dbf691c0beb,512,1104.3864999664947,0.9,90000,3,sha256:8c775ff611abc16d74d7b882b9f184805f1ebab78a726a672f21ac5ab0810c9f,phase2l_stable_late,4,sha256:399dc8a8fd857f1add4a21ac8a7e9377beffb48ca263fdf3d144d05daa9f8383,100000,20260718T024708217922Z,stable-late-n100000-w512-m0900-s1999,1999,late_hash_materialized
92d2811fd3360a0e31cf1105104a2dbf691c0beb,512,784.4737999839708,0.9,90000,0,sha256:f570cbbf354e04dbc1f358979321f6943968e8a815c0d2fb74a463dc822156e7,phase2l_stable_late,5,sha256:399dc8a8fd857f1add4a21ac8a7e9377beffb48ca263fdf3d144d05daa9f8383,100000,20260718T024708217922Z,stable-late-n100000-w512-m0900-s1999,1999,late_fused
92d2811fd3360a0e31cf1105104a2dbf691c0beb,512,548.4993000281975,0.9,90000,1,sha256:26c7beb699842444e252d17ec55e88fce7462da77b086dbbfc8863980d091221,phase2l_stable_late,5,sha256:399dc8a8fd857f1add4a21ac8a7e9377beffb48ca263fdf3d144d05daa9f8383,100000,20260718T024708217922Z,stable-late-n100000-w512-m0900-s1999,1999,late_join_materialized
92d2811fd3360a0e31cf1105104a2dbf691c0beb,512,794.4649000419304,0.9,90000,2,sha256:8c775ff611abc16d74d7b882b9f184805f1ebab78a726a672f21ac5ab0810c9f,phase2l_stable_late,5,sha256:399dc8a8fd857f1add4a21ac8a7e9377beffb48ca263fdf3d144d05daa9f8383,100000,20260718T024708217922Z,stable-late-n100000-w512-m0900-s1999,1999,late_hash_materialized
92d2811fd3360a0e31cf1105104a2dbf691c0beb,512,734.8732000100426,0.9,90000,3,sha256:aaa00b3bd44c8b4eac45d7e7d997fa62366f1bf46f339190d03cee33407583a0,phase2l_stable_late,5,sha256:399dc8a8fd857f1add4a21ac8a7e9377beffb48ca263fdf3d144d05daa9f8383,100000,20260718T024708217922Z,stable-late-n100000-w512-m0900-s1999,1999,early_hash_materialized
92d2811fd3360a0e31cf1105104a2dbf691c0beb,512,356.22189997229725,0.9,90000,0,sha256:26c7beb699842444e252d17ec55e88fce7462da77b086dbbfc8863980d091221,phase2l_stable_late,6,sha256:399dc8a8fd857f1add4a21ac8a7e9377beffb48ca263fdf3d144d05daa9f8383,100000,20260718T024708217922Z,stable-late-n100000-w512-m0900-s1999,1999,late_join_materialized
92d2811fd3360a0e31cf1105104a2dbf691c0beb,512,917.5973000237718,0.9,90000,1,sha256:8c775ff611abc16d74d7b882b9f184805f1ebab78a726a672f21ac5ab0810c9f,phase2l_stable_late,6,sha256:399dc8a8fd857f1add4a21ac8a7e9377beffb48ca263fdf3d144d05daa9f8383,100000,20260718T024708217922Z,stable-late-n100000-w512-m0900-s1999,1999,late_hash_materialized
92d2811fd3360a0e31cf1105104a2dbf691c0beb,512,792.9532999987714,0.9,90000,2,sha256:aaa00b3bd44c8b4eac45d7e7d997fa62366f1bf46f339190d03cee33407583a0,phase2l_stable_late,6,sha256:399dc8a8fd857f1add4a21ac8a7e9377beffb48ca263fdf3d144d05daa9f8383,100000,20260718T024708217922Z,stable-late-n100000-w512-m0900-s1999,1999,early_hash_materialized
92d2811fd3360a0e31cf1105104a2dbf691c0beb,512,674.6798000531271,0.9,90000,3,sha256:f570cbbf354e04dbc1f358979321f6943968e8a815c0d2fb74a463dc822156e7,phase2l_stable_late,6,sha256:399dc8a8fd857f1add4a21ac8a7e9377beffb48ca263fdf3d144d05daa9f8383,100000,20260718T024708217922Z,stable-late-n100000-w512-m0900-s1999,1999,late_fused
92d2811fd3360a0e31cf1105104a2dbf691c0beb,512,576.5586000052281,0.9,90000,0,sha256:8c775ff611abc16d74d7b882b9f184805f1ebab78a726a672f21ac5ab0810c9f,phase2l_stable_late,7,sha256:399dc8a8fd857f1add4a21ac8a7e9377beffb48ca263fdf3d144d05daa9f8383,100000,20260718T024708217922Z,stable-late-n100000-w512-m0900-s1999,1999,late_hash_materialized
92d2811fd3360a0e31cf1105104a2dbf691c0beb,512,742.0939999865368,0.9,90000,1,sha256:aaa00b3bd44c8b4eac45d7e7d997fa62366f1bf46f339190d03cee33407583a0,phase2l_stable_late,7,sha256:399dc8a8fd857f1add4a21ac8a7e9377beffb48ca263fdf3d144d05daa9f8383,100000,20260718T024708217922Z,stable-late-n100000-w512-m0900-s1999,1999,early_hash_materialized
92d2811fd3360a0e31cf1105104a2dbf691c0beb,512,695.1938000274822,0.9,90000,2,sha256:f570cbbf354e04dbc1f358979321f6943968e8a815c0d2fb74a463dc822156e7,phase2l_stable_late,7,sha256:399dc8a8fd857f1add4a21ac8a7e9377beffb48ca263fdf3d144d05daa9f8383,100000,20260718T024708217922Z,stable-late-n100000-w512-m0900-s1999,1999,late_fused
92d2811fd3360a0e31cf1105104a2dbf691c0beb,512,396.53119997819886,0.9,90000,3,sha256:26c7beb699842444e252d17ec55e88fce7462da77b086dbbfc8863980d091221,phase2l_stable_late,7,sha256:399dc8a8fd857f1add4a21ac8a7e9377beffb48ca263fdf3d144d05daa9f8383,100000,20260718T024708217922Z,stable-late-n100000-w512-m0900-s1999,1999,late_join_materialized
92d2811fd3360a0e31cf1105104a2dbf691c0beb,512,712.2089000185952,0.9,90000,0,sha256:aaa00b3bd44c8b4eac45d7e7d997fa62366f1bf46f339190d03cee33407583a0,phase2l_stable_late,8,sha256:399dc8a8fd857f1add4a21ac8a7e9377beffb48ca263fdf3d144d05daa9f8383,100000,20260718T024708217922Z,stable-late-n100000-w512-m0900-s1999,1999,early_hash_materialized
92d2811fd3360a0e31cf1105104a2dbf691c0beb,512,658.5144000127912,0.9,90000,1,sha256:f570cbbf354e04dbc1f358979321f6943968e8a815c0d2fb74a463dc822156e7,phase2l_stable_late,8,sha256:399dc8a8fd857f1add4a21ac8a7e9377beffb48ca263fdf3d144d05daa9f8383,100000,20260718T024708217922Z,stable-late-n100000-w512-m0900-s1999,1999,late_fused
92d2811fd3360a0e31cf1105104a2dbf691c0beb,512,329.12010001018643,0.9,90000,2,sha256:26c7beb699842444e252d17ec55e88fce7462da77b086dbbfc8863980d091221,phase2l_stable_late,8,sha256:399dc8a8fd857f1add4a21ac8a7e9377beffb48ca263fdf3d144d05daa9f8383,100000,20260718T024708217922Z,stable-late-n100000-w512-m0900-s1999,1999,late_join_materialized
92d2811fd3360a0e31cf1105104a2dbf691c0beb,512,682.4573000194505,0.9,90000,3,sha256:8c775ff611abc16d74d7b882b9f184805f1ebab78a726a672f21ac5ab0810c9f,phase2l_stable_late,8,sha256:399dc8a8fd857f1add4a21ac8a7e9377beffb48ca263fdf3d144d05daa9f8383,100000,20260718T024708217922Z,stable-late-n100000-w512-m0900-s1999,1999,late_hash_materialized
92d2811fd3360a0e31cf1105104a2dbf691c0beb,512,530.2398999920115,0.9,90000,0,sha256:f570cbbf354e04dbc1f358979321f6943968e8a815c0d2fb74a463dc822156e7,phase2l_stable_late,9,sha256:399dc8a8fd857f1add4a21ac8a7e9377beffb48ca263fdf3d144d05daa9f8383,100000,20260718T024708217922Z,stable-late-n100000-w512-m0900-s1999,1999,late_fused
92d2811fd3360a0e31cf1105104a2dbf691c0beb,512,273.44299998367205,0.9,90000,1,sha256:26c7beb699842444e252d17ec55e88fce7462da77b086dbbfc8863980d091221,phase2l_stable_late,9,sha256:399dc8a8fd857f1add4a21ac8a7e9377beffb48ca263fdf3d144d05daa9f8383,100000,20260718T024708217922Z,stable-late-n100000-w512-m0900-s1999,1999,late_join_materialized
92d2811fd3360a0e31cf1105104a2dbf691c0beb,512,474.3888000375591,0.9,90000,2,sha256:8c775ff611abc16d74d7b882b9f184805f1ebab78a726a672f21ac5ab0810c9f,phase2l_stable_late,9,sha256:399dc8a8fd857f1add4a21ac8a7e9377beffb48ca263fdf3d144d05daa9f8383,100000,20260718T024708217922Z,stable-late-n100000-w512-m0900-s1999,1999,late_hash_materialized
92d2811fd3360a0e31cf1105104a2dbf691c0beb,512,593.2508999831043,0.9,90000,3,sha256:aaa00b3bd44c8b4eac45d7e7d997fa62366f1bf46f339190d03cee33407583a0,phase2l_stable_late,9,sha256:399dc8a8fd857f1add4a21ac8a7e9377beffb48ca263fdf3d144d05daa9f8383,100000,20260718T024708217922Z,stable-late-n100000-w512-m0900-s1999,1999,early_hash_materialized
92d2811fd3360a0e31cf1105104a2dbf691c0beb,512,318.83790000574663,0.9,90000,0,sha256:26c7beb699842444e252d17ec55e88fce7462da77b086dbbfc8863980d091221,phase2l_stable_late,10,sha256:399dc8a8fd857f1add4a21ac8a7e9377beffb48ca263fdf3d144d05daa9f8383,100000,20260718T024708217922Z,stable-late-n100000-w512-m0900-s1999,1999,late_join_materialized
92d2811fd3360a0e31cf1105104a2dbf691c0beb,512,578.3520999830216,0.9,90000,1,sha256:8c775ff611abc16d74d7b882b9f184805f1ebab78a726a672f21ac5ab0810c9f,phase2l_stable_late,10,sha256:399dc8a8fd857f1add4a21ac8a7e9377beffb48ca263fdf3d144d05daa9f8383,100000,20260718T024708217922Z,stable-late-n100000-w512-m0900-s1999,1999,late_hash_materialized
92d2811fd3360a0e31cf1105104a2dbf691c0beb,512,632.6415000366978,0.9,90000,2,sha256:aaa00b3bd44c8b4eac45d7e7d997fa62366f1bf46f339190d03cee33407583a0,phase2l_stable_late,10,sha256:399dc8a8fd857f1add4a21ac8a7e9377beffb48ca263fdf3d144d05daa9f8383,100000,20260718T024708217922Z,stable-late-n100000-w512-m0900-s1999,1999,early_hash_materialized
92d2811fd3360a0e31cf1105104a2dbf691c0beb,512,492.5224000471644,0.9,90000,3,sha256:f570cbbf354e04dbc1f358979321f6943968e8a815c0d2fb74a463dc822156e7,phase2l_stable_late,10,sha256:399dc8a8fd857f1add4a21ac8a7e9377beffb48ca263fdf3d144d05daa9f8383,100000,20260718T024708217922Z,stable-late-n100000-w512-m0900-s1999,1999,late_fused
92d2811fd3360a0e31cf1105104a2dbf691c0beb,512,456.94050000747666,0.9,90000,0,sha256:8c775ff611abc16d74d7b882b9f184805f1ebab78a726a672f21ac5ab0810c9f,phase2l_stable_late,11,sha256:399dc8a8fd857f1add4a21ac8a7e9377beffb48ca263fdf3d144d05daa9f8383,100000,20260718T024708217922Z,stable-late-n100000-w512-m0900-s1999,1999,late_hash_materialized
92d2811fd3360a0e31cf1105104a2dbf691c0beb,512,624.6570000075735,0.9,90000,1,sha256:aaa00b3bd44c8b4eac45d7e7d997fa62366f1bf46f339190d03cee33407583a0,phase2l_stable_late,11,sha256:399dc8a8fd857f1add4a21ac8a7e9377beffb48ca263fdf3d144d05daa9f8383,100000,20260718T024708217922Z,stable-late-n100000-w512-m0900-s1999,1999,early_hash_materialized
92d2811fd3360a0e31cf1105104a2dbf691c0beb,512,587.4252000357956,0.9,90000,2,sha256:f570cbbf354e04dbc1f358979321f6943968e8a815c0d2fb74a463dc822156e7,phase2l_stable_late,11,sha256:399dc8a8fd857f1add4a21ac8a7e9377beffb48ca263fdf3d144d05daa9f8383,100000,20260718T024708217922Z,stable-late-n100000-w512-m0900-s1999,1999,late_fused
92d2811fd3360a0e31cf1105104a2dbf691c0beb,512,286.4473999943584,0.9,90000,3,sha256:26c7beb699842444e252d17ec55e88fce7462da77b086dbbfc8863980d091221,phase2l_stable_late,11,sha256:399dc8a8fd857f1add4a21ac8a7e9377beffb48ca263fdf3d144d05daa9f8383,100000,20260718T024708217922Z,stable-late-n100000-w512-m0900-s1999,1999,late_join_materialized
92d2811fd3360a0e31cf1105104a2dbf691c0beb,512,611.3484000088647,0.9,90000,0,sha256:aaa00b3bd44c8b4eac45d7e7d997fa62366f1bf46f339190d03cee33407583a0,phase2l_stable_late,12,sha256:399dc8a8fd857f1add4a21ac8a7e9377beffb48ca263fdf3d144d05daa9f8383,100000,20260718T024708217922Z,stable-late-n100000-w512-m0900-s1999,1999,early_hash_materialized
92d2811fd3360a0e31cf1105104a2dbf691c0beb,512,519.2141000297852,0.9,90000,1,sha256:f570cbbf354e04dbc1f358979321f6943968e8a815c0d2fb74a463dc822156e7,phase2l_stable_late,12,sha256:399dc8a8fd857f1add4a21ac8a7e9377beffb48ca263fdf3d144d05daa9f8383,100000,20260718T024708217922Z,stable-late-n100000-w512-m0900-s1999,1999,late_fused
92d2811fd3360a0e31cf1105104a2dbf691c0beb,512,234.94579998077825,0.9,90000,2,sha256:26c7beb699842444e252d17ec55e88fce7462da77b086dbbfc8863980d091221,phase2l_stable_late,12,sha256:399dc8a8fd857f1add4a21ac8a7e9377beffb48ca263fdf3d144d05daa9f8383,100000,20260718T024708217922Z,stable-late-n100000-w512-m0900-s1999,1999,late_join_materialized
92d2811fd3360a0e31cf1105104a2dbf691c0beb,512,474.88629998406395,0.9,90000,3,sha256:8c775ff611abc16d74d7b882b9f184805f1ebab78a726a672f21ac5ab0810c9f,phase2l_stable_late,12,sha256:399dc8a8fd857f1add4a21ac8a7e9377beffb48ca263fdf3d144d05daa9f8383,100000,20260718T024708217922Z,stable-late-n100000-w512-m0900-s1999,1999,late_hash_materialized
92d2811fd3360a0e31cf1105104a2dbf691c0beb,512,665.0779000483453,0.9,90000,0,sha256:f570cbbf354e04dbc1f358979321f6943968e8a815c0d2fb74a463dc822156e7,phase2l_stable_late,13,sha256:399dc8a8fd857f1add4a21ac8a7e9377beffb48ca263fdf3d144d05daa9f8383,100000,20260718T024708217922Z,stable-late-n100000-w512-m0900-s1999,1999,late_fused
92d2811fd3360a0e31cf1105104a2dbf691c0beb,512,284.55580002628267,0.9,90000,1,sha256:26c7beb699842444e252d17ec55e88fce7462da77b086dbbfc8863980d091221,phase2l_stable_late,13,sha256:399dc8a8fd857f1add4a21ac8a7e9377beffb48ca263fdf3d144d05daa9f8383,100000,20260718T024708217922Z,stable-late-n100000-w512-m0900-s1999,1999,late_join_materialized
92d2811fd3360a0e31cf1105104a2dbf691c0beb,512,505.2544999634847,0.9,90000,2,sha256:8c775ff611abc16d74d7b882b9f184805f1ebab78a726a672f21ac5ab0810c9f,phase2l_stable_late,13,sha256:399dc8a8fd857f1add4a21ac8a7e9377beffb48ca263fdf3d144d05daa9f8383,100000,20260718T024708217922Z,stable-late-n100000-w512-m0900-s1999,1999,late_hash_materialized
92d2811fd3360a0e31cf1105104a2dbf691c0beb,512,514.9639000301249,0.9,90000,3,sha256:aaa00b3bd44c8b4eac45d7e7d997fa62366f1bf46f339190d03cee33407583a0,phase2l_stable_late,13,sha256:399dc8a8fd857f1add4a21ac8a7e9377beffb48ca263fdf3d144d05daa9f8383,100000,20260718T024708217922Z,stable-late-n100000-w512-m0900-s1999,1999,early_hash_materialized
92d2811fd3360a0e31cf1105104a2dbf691c0beb,512,338.37299997685477,0.9,90000,0,sha256:26c7beb699842444e252d17ec55e88fce7462da77b086dbbfc8863980d091221,phase2l_stable_late,14,sha256:399dc8a8fd857f1add4a21ac8a7e9377beffb48ca263fdf3d144d05daa9f8383,100000,20260718T024708217922Z,stable-late-n100000-w512-m0900-s1999,1999,late_join_materialized
92d2811fd3360a0e31cf1105104a2dbf691c0beb,512,606.8297000019811,0.9,90000,1,sha256:8c775ff611abc16d74d7b882b9f184805f1ebab78a726a672f21ac5ab0810c9f,phase2l_stable_late,14,sha256:399dc8a8fd857f1add4a21ac8a7e9377beffb48ca263fdf3d144d05daa9f8383,100000,20260718T024708217922Z,stable-late-n100000-w512-m0900-s1999,1999,late_hash_materialized
92d2811fd3360a0e31cf1105104a2dbf691c0beb,512,876.4686000067741,0.9,90000,2,sha256:aaa00b3bd44c8b4eac45d7e7d997fa62366f1bf46f339190d03cee33407583a0,phase2l_stable_late,14,sha256:399dc8a8fd857f1add4a21ac8a7e9377beffb48ca263fdf3d144d05daa9f8383,100000,20260718T024708217922Z,stable-late-n100000-w512-m0900-s1999,1999,early_hash_materialized
92d2811fd3360a0e31cf1105104a2dbf691c0beb,512,808.0427999957465,0.9,90000,3,sha256:f570cbbf354e04dbc1f358979321f6943968e8a815c0d2fb74a463dc822156e7,phase2l_stable_late,14,sha256:399dc8a8fd857f1add4a21ac8a7e9377beffb48ca263fdf3d144d05daa9f8383,100000,20260718T024708217922Z,stable-late-n100000-w512-m0900-s1999,1999,late_fused
92d2811fd3360a0e31cf1105104a2dbf691c0beb,512,303.3648999989964,0.9,90000,0,sha256:26c7beb699842444e252d17ec55e88fce7462da77b086dbbfc8863980d091221,phase2l_stable_late,0,sha256:8f8763e7f79e767dad142eb26d7adf444515ee6b0d49970b9ecd997f592b1f0a,100000,20260718T024708217922Z,stable-late-n100000-w512-m0900-s2111,2111,late_join_materialized
92d2811fd3360a0e31cf1105104a2dbf691c0beb,512,467.47999999206513,0.9,90000,1,sha256:8c775ff611abc16d74d7b882b9f184805f1ebab78a726a672f21ac5ab0810c9f,phase2l_stable_late,0,sha256:8f8763e7f79e767dad142eb26d7adf444515ee6b0d49970b9ecd997f592b1f0a,100000,20260718T024708217922Z,stable-late-n100000-w512-m0900-s2111,2111,late_hash_materialized
92d2811fd3360a0e31cf1105104a2dbf691c0beb,512,608.5344000020996,0.9,90000,2,sha256:aaa00b3bd44c8b4eac45d7e7d997fa62366f1bf46f339190d03cee33407583a0,phase2l_stable_late,0,sha256:8f8763e7f79e767dad142eb26d7adf444515ee6b0d49970b9ecd997f592b1f0a,100000,20260718T024708217922Z,stable-late-n100000-w512-m0900-s2111,2111,early_hash_materialized
92d2811fd3360a0e31cf1105104a2dbf691c0beb,512,517.2572999726981,0.9,90000,3,sha256:f570cbbf354e04dbc1f358979321f6943968e8a815c0d2fb74a463dc822156e7,phase2l_stable_late,0,sha256:8f8763e7f79e767dad142eb26d7adf444515ee6b0d49970b9ecd997f592b1f0a,100000,20260718T024708217922Z,stable-late-n100000-w512-m0900-s2111,2111,late_fused
92d2811fd3360a0e31cf1105104a2dbf691c0beb,512,451.6499000019394,0.9,90000,0,sha256:8c775ff611abc16d74d7b882b9f184805f1ebab78a726a672f21ac5ab0810c9f,phase2l_stable_late,1,sha256:8f8763e7f79e767dad142eb26d7adf444515ee6b0d49970b9ecd997f592b1f0a,100000,20260718T024708217922Z,stable-late-n100000-w512-m0900-s2111,2111,late_hash_materialized
92d2811fd3360a0e31cf1105104a2dbf691c0beb,512,477.7833999833092,0.9,90000,1,sha256:aaa00b3bd44c8b4eac45d7e7d997fa62366f1bf46f339190d03cee33407583a0,phase2l_stable_late,1,sha256:8f8763e7f79e767dad142eb26d7adf444515ee6b0d49970b9ecd997f592b1f0a,100000,20260718T024708217922Z,stable-late-n100000-w512-m0900-s2111,2111,early_hash_materialized
92d2811fd3360a0e31cf1105104a2dbf691c0beb,512,473.7149000284262,0.9,90000,2,sha256:f570cbbf354e04dbc1f358979321f6943968e8a815c0d2fb74a463dc822156e7,phase2l_stable_late,1,sha256:8f8763e7f79e767dad142eb26d7adf444515ee6b0d49970b9ecd997f592b1f0a,100000,20260718T024708217922Z,stable-late-n100000-w512-m0900-s2111,2111,late_fused
92d2811fd3360a0e31cf1105104a2dbf691c0beb,512,257.78089999221265,0.9,90000,3,sha256:26c7beb699842444e252d17ec55e88fce7462da77b086dbbfc8863980d091221,phase2l_stable_late,1,sha256:8f8763e7f79e767dad142eb26d7adf444515ee6b0d49970b9ecd997f592b1f0a,100000,20260718T024708217922Z,stable-late-n100000-w512-m0900-s2111,2111,late_join_materialized
92d2811fd3360a0e31cf1105104a2dbf691c0beb,512,594.6832000045106,0.9,90000,0,sha256:aaa00b3bd44c8b4eac45d7e7d997fa62366f1bf46f339190d03cee33407583a0,phase2l_stable_late,2,sha256:8f8763e7f79e767dad142eb26d7adf444515ee6b0d49970b9ecd997f592b1f0a,100000,20260718T024708217922Z,stable-late-n100000-w512-m0900-s2111,2111,early_hash_materialized
92d2811fd3360a0e31cf1105104a2dbf691c0beb,512,471.9411000260152,0.9,90000,1,sha256:f570cbbf354e04dbc1f358979321f6943968e8a815c0d2fb74a463dc822156e7,phase2l_stable_late,2,sha256:8f8763e7f79e767dad142eb26d7adf444515ee6b0d49970b9ecd997f592b1f0a,100000,20260718T024708217922Z,stable-late-n100000-w512-m0900-s2111,2111,late_fused
92d2811fd3360a0e31cf1105104a2dbf691c0beb,512,238.25619998387992,0.9,90000,2,sha256:26c7beb699842444e252d17ec55e88fce7462da77b086dbbfc8863980d091221,phase2l_stable_late,2,sha256:8f8763e7f79e767dad142eb26d7adf444515ee6b0d49970b9ecd997f592b1f0a,100000,20260718T024708217922Z,stable-late-n100000-w512-m0900-s2111,2111,late_join_materialized
92d2811fd3360a0e31cf1105104a2dbf691c0beb,512,495.7072000252083,0.9,90000,3,sha256:8c775ff611abc16d74d7b882b9f184805f1ebab78a726a672f21ac5ab0810c9f,phase2l_stable_late,2,sha256:8f8763e7f79e767dad142eb26d7adf444515ee6b0d49970b9ecd997f592b1f0a,100000,20260718T024708217922Z,stable-late-n100000-w512-m0900-s2111,2111,late_hash_materialized
92d2811fd3360a0e31cf1105104a2dbf691c0beb,512,464.02740001212806,0.9,90000,0,sha256:f570cbbf354e04dbc1f358979321f6943968e8a815c0d2fb74a463dc822156e7,phase2l_stable_late,3,sha256:8f8763e7f79e767dad142eb26d7adf444515ee6b0d49970b9ecd997f592b1f0a,100000,20260718T024708217922Z,stable-late-n100000-w512-m0900-s2111,2111,late_fused
92d2811fd3360a0e31cf1105104a2dbf691c0beb,512,277.3013000260107,0.9,90000,1,sha256:26c7beb699842444e252d17ec55e88fce7462da77b086dbbfc8863980d091221,phase2l_stable_late,3,sha256:8f8763e7f79e767dad142eb26d7adf444515ee6b0d49970b9ecd997f592b1f0a,100000,20260718T024708217922Z,stable-late-n100000-w512-m0900-s2111,2111,late_join_materialized
92d2811fd3360a0e31cf1105104a2dbf691c0beb,512,456.3015000312589,0.9,90000,2,sha256:8c775ff611abc16d74d7b882b9f184805f1ebab78a726a672f21ac5ab0810c9f,phase2l_stable_late,3,sha256:8f8763e7f79e767dad142eb26d7adf444515ee6b0d49970b9ecd997f592b1f0a,100000,20260718T024708217922Z,stable-late-n100000-w512-m0900-s2111,2111,late_hash_materialized
92d2811fd3360a0e31cf1105104a2dbf691c0beb,512,615.0058000348508,0.9,90000,3,sha256:aaa00b3bd44c8b4eac45d7e7d997fa62366f1bf46f339190d03cee33407583a0,phase2l_stable_late,3,sha256:8f8763e7f79e767dad142eb26d7adf444515ee6b0d49970b9ecd997f592b1f0a,100000,20260718T024708217922Z,stable-late-n100000-w512-m0900-s2111,2111,early_hash_materialized
92d2811fd3360a0e31cf1105104a2dbf691c0beb,512,275.29779996257275,0.9,90000,0,sha256:26c7beb699842444e252d17ec55e88fce7462da77b086dbbfc8863980d091221,phase2l_stable_late,4,sha256:8f8763e7f79e767dad142eb26d7adf444515ee6b0d49970b9ecd997f592b1f0a,100000,20260718T024708217922Z,stable-late-n100000-w512-m0900-s2111,2111,late_join_materialized
92d2811fd3360a0e31cf1105104a2dbf691c0beb,512,502.01900000683963,0.9,90000,1,sha256:8c775ff611abc16d74d7b882b9f184805f1ebab78a726a672f21ac5ab0810c9f,phase2l_stable_late,4,sha256:8f8763e7f79e767dad142eb26d7adf444515ee6b0d49970b9ecd997f592b1f0a,100000,20260718T024708217922Z,stable-late-n100000-w512-m0900-s2111,2111,late_hash_materialized
92d2811fd3360a0e31cf1105104a2dbf691c0beb,512,618.5952000087127,0.9,90000,2,sha256:aaa00b3bd44c8b4eac45d7e7d997fa62366f1bf46f339190d03cee33407583a0,phase2l_stable_late,4,sha256:8f8763e7f79e767dad142eb26d7adf444515ee6b0d49970b9ecd997f592b1f0a,100000,20260718T024708217922Z,stable-late-n100000-w512-m0900-s2111,2111,early_hash_materialized
92d2811fd3360a0e31cf1105104a2dbf691c0beb,512,498.5461999895051,0.9,90000,3,sha256:f570cbbf354e04dbc1f358979321f6943968e8a815c0d2fb74a463dc822156e7,phase2l_stable_late,4,sha256:8f8763e7f79e767dad142eb26d7adf444515ee6b0d49970b9ecd997f592b1f0a,100000,20260718T024708217922Z,stable-late-n100000-w512-m0900-s2111,2111,late_fused
92d2811fd3360a0e31cf1105104a2dbf691c0beb,512,455.09179995860904,0.9,90000,0,sha256:8c775ff611abc16d74d7b882b9f184805f1ebab78a726a672f21ac5ab0810c9f,phase2l_stable_late,5,sha256:8f8763e7f79e767dad142eb26d7adf444515ee6b0d49970b9ecd997f592b1f0a,100000,20260718T024708217922Z,stable-late-n100000-w512-m0900-s2111,2111,late_hash_materialized
92d2811fd3360a0e31cf1105104a2dbf691c0beb,512,601.8502000370063,0.9,90000,1,sha256:aaa00b3bd44c8b4eac45d7e7d997fa62366f1bf46f339190d03cee33407583a0,phase2l_stable_late,5,sha256:8f8763e7f79e767dad142eb26d7adf444515ee6b0d49970b9ecd997f592b1f0a,100000,20260718T024708217922Z,stable-late-n100000-w512-m0900-s2111,2111,early_hash_materialized
92d2811fd3360a0e31cf1105104a2dbf691c0beb,512,588.1977999815717,0.9,90000,2,sha256:f570cbbf354e04dbc1f358979321f6943968e8a815c0d2fb74a463dc822156e7,phase2l_stable_late,5,sha256:8f8763e7f79e767dad142eb26d7adf444515ee6b0d49970b9ecd997f592b1f0a,100000,20260718T024708217922Z,stable-late-n100000-w512-m0900-s2111,2111,late_fused
92d2811fd3360a0e31cf1105104a2dbf691c0beb,512,293.46240003360435,0.9,90000,3,sha256:26c7beb699842444e252d17ec55e88fce7462da77b086dbbfc8863980d091221,phase2l_stable_late,5,sha256:8f8763e7f79e767dad142eb26d7adf444515ee6b0d49970b9ecd997f592b1f0a,100000,20260718T024708217922Z,stable-late-n100000-w512-m0900-s2111,2111,late_join_materialized
92d2811fd3360a0e31cf1105104a2dbf691c0beb,512,640.7605999847874,0.9,90000,0,sha256:aaa00b3bd44c8b4eac45d7e7d997fa62366f1bf46f339190d03cee33407583a0,phase2l_stable_late,6,sha256:8f8763e7f79e767dad142eb26d7adf444515ee6b0d49970b9ecd997f592b1f0a,100000,20260718T024708217922Z,stable-late-n100000-w512-m0900-s2111,2111,early_hash_materialized
92d2811fd3360a0e31cf1105104a2dbf691c0beb,512,490.7426999998279,0.9,90000,1,sha256:f570cbbf354e04dbc1f358979321f6943968e8a815c0d2fb74a463dc822156e7,phase2l_stable_late,6,sha256:8f8763e7f79e767dad142eb26d7adf444515ee6b0d49970b9ecd997f592b1f0a,100000,20260718T024708217922Z,stable-late-n100000-w512-m0900-s2111,2111,late_fused
92d2811fd3360a0e31cf1105104a2dbf691c0beb,512,246.65780004579574,0.9,90000,2,sha256:26c7beb699842444e252d17ec55e88fce7462da77b086dbbfc8863980d091221,phase2l_stable_late,6,sha256:8f8763e7f79e767dad142eb26d7adf444515ee6b0d49970b9ecd997f592b1f0a,100000,20260718T024708217922Z,stable-late-n100000-w512-m0900-s2111,2111,late_join_materialized
92d2811fd3360a0e31cf1105104a2dbf691c0beb,512,474.32139999000356,0.9,90000,3,sha256:8c775ff611abc16d74d7b882b9f184805f1ebab78a726a672f21ac5ab0810c9f,phase2l_stable_late,6,sha256:8f8763e7f79e767dad142eb26d7adf444515ee6b0d49970b9ecd997f592b1f0a,100000,20260718T024708217922Z,stable-late-n100000-w512-m0900-s2111,2111,late_hash_materialized
92d2811fd3360a0e31cf1105104a2dbf691c0beb,512,499.06810000538826,0.9,90000,0,sha256:f570cbbf354e04dbc1f358979321f6943968e8a815c0d2fb74a463dc822156e7,phase2l_stable_late,7,sha256:8f8763e7f79e767dad142eb26d7adf444515ee6b0d49970b9ecd997f592b1f0a,100000,20260718T024708217922Z,stable-late-n100000-w512-m0900-s2111,2111,late_fused
92d2811fd3360a0e31cf1105104a2dbf691c0beb,512,304.9363999743946,0.9,90000,1,sha256:26c7beb699842444e252d17ec55e88fce7462da77b086dbbfc8863980d091221,phase2l_stable_late,7,sha256:8f8763e7f79e767dad142eb26d7adf444515ee6b0d49970b9ecd997f592b1f0a,100000,20260718T024708217922Z,stable-late-n100000-w512-m0900-s2111,2111,late_join_materialized
92d2811fd3360a0e31cf1105104a2dbf691c0beb,512,607.7559000113979,0.9,90000,2,sha256:8c775ff611abc16d74d7b882b9f184805f1ebab78a726a672f21ac5ab0810c9f,phase2l_stable_late,7,sha256:8f8763e7f79e767dad142eb26d7adf444515ee6b0d49970b9ecd997f592b1f0a,100000,20260718T024708217922Z,stable-late-n100000-w512-m0900-s2111,2111,late_hash_materialized
92d2811fd3360a0e31cf1105104a2dbf691c0beb,512,532.0700000156648,0.9,90000,3,sha256:aaa00b3bd44c8b4eac45d7e7d997fa62366f1bf46f339190d03cee33407583a0,phase2l_stable_late,7,sha256:8f8763e7f79e767dad142eb26d7adf444515ee6b0d49970b9ecd997f592b1f0a,100000,20260718T024708217922Z,stable-late-n100000-w512-m0900-s2111,2111,early_hash_materialized
92d2811fd3360a0e31cf1105104a2dbf691c0beb,512,301.8933000275865,0.9,90000,0,sha256:26c7beb699842444e252d17ec55e88fce7462da77b086dbbfc8863980d091221,phase2l_stable_late,8,sha256:8f8763e7f79e767dad142eb26d7adf444515ee6b0d49970b9ecd997f592b1f0a,100000,20260718T024708217922Z,stable-late-n100000-w512-m0900-s2111,2111,late_join_materialized
92d2811fd3360a0e31cf1105104a2dbf691c0beb,512,520.8573000272736,0.9,90000,1,sha256:8c775ff611abc16d74d7b882b9f184805f1ebab78a726a672f21ac5ab0810c9f,phase2l_stable_late,8,sha256:8f8763e7f79e767dad142eb26d7adf444515ee6b0d49970b9ecd997f592b1f0a,100000,20260718T024708217922Z,stable-late-n100000-w512-m0900-s2111,2111,late_hash_materialized
92d2811fd3360a0e31cf1105104a2dbf691c0beb,512,642.3425000393763,0.9,90000,2,sha256:aaa00b3bd44c8b4eac45d7e7d997fa62366f1bf46f339190d03cee33407583a0,phase2l_stable_late,8,sha256:8f8763e7f79e767dad142eb26d7adf444515ee6b0d49970b9ecd997f592b1f0a,100000,20260718T024708217922Z,stable-late-n100000-w512-m0900-s2111,2111,early_hash_materialized
92d2811fd3360a0e31cf1105104a2dbf691c0beb,512,810.4997000191361,0.9,90000,3,sha256:f570cbbf354e04dbc1f358979321f6943968e8a815c0d2fb74a463dc822156e7,phase2l_stable_late,8,sha256:8f8763e7f79e767dad142eb26d7adf444515ee6b0d49970b9ecd997f592b1f0a,100000,20260718T024708217922Z,stable-late-n100000-w512-m0900-s2111,2111,late_fused
92d2811fd3360a0e31cf1105104a2dbf691c0beb,512,963.2907999912277,0.9,90000,0,sha256:8c775ff611abc16d74d7b882b9f184805f1ebab78a726a672f21ac5ab0810c9f,phase2l_stable_late,9,sha256:8f8763e7f79e767dad142eb26d7adf444515ee6b0d49970b9ecd997f592b1f0a,100000,20260718T024708217922Z,stable-late-n100000-w512-m0900-s2111,2111,late_hash_materialized
92d2811fd3360a0e31cf1105104a2dbf691c0beb,512,1025.8587999851443,0.9,90000,1,sha256:aaa00b3bd44c8b4eac45d7e7d997fa62366f1bf46f339190d03cee33407583a0,phase2l_stable_late,9,sha256:8f8763e7f79e767dad142eb26d7adf444515ee6b0d49970b9ecd997f592b1f0a,100000,20260718T024708217922Z,stable-late-n100000-w512-m0900-s2111,2111,early_hash_materialized
92d2811fd3360a0e31cf1105104a2dbf691c0beb,512,880.9937000041828,0.9,90000,2,sha256:f570cbbf354e04dbc1f358979321f6943968e8a815c0d2fb74a463dc822156e7,phase2l_stable_late,9,sha256:8f8763e7f79e767dad142eb26d7adf444515ee6b0d49970b9ecd997f592b1f0a,100000,20260718T024708217922Z,stable-late-n100000-w512-m0900-s2111,2111,late_fused
92d2811fd3360a0e31cf1105104a2dbf691c0beb,512,370.23199995746836,0.9,90000,3,sha256:26c7beb699842444e252d17ec55e88fce7462da77b086dbbfc8863980d091221,phase2l_stable_late,9,sha256:8f8763e7f79e767dad142eb26d7adf444515ee6b0d49970b9ecd997f592b1f0a,100000,20260718T024708217922Z,stable-late-n100000-w512-m0900-s2111,2111,late_join_materialized
92d2811fd3360a0e31cf1105104a2dbf691c0beb,512,941.5489000384696,0.9,90000,0,sha256:aaa00b3bd44c8b4eac45d7e7d997fa62366f1bf46f339190d03cee33407583a0,phase2l_stable_late,10,sha256:8f8763e7f79e767dad142eb26d7adf444515ee6b0d49970b9ecd997f592b1f0a,100000,20260718T024708217922Z,stable-late-n100000-w512-m0900-s2111,2111,early_hash_materialized
92d2811fd3360a0e31cf1105104a2dbf691c0beb,512,929.5285000116564,0.9,90000,1,sha256:f570cbbf354e04dbc1f358979321f6943968e8a815c0d2fb74a463dc822156e7,phase2l_stable_late,10,sha256:8f8763e7f79e767dad142eb26d7adf444515ee6b0d49970b9ecd997f592b1f0a,100000,20260718T024708217922Z,stable-late-n100000-w512-m0900-s2111,2111,late_fused
92d2811fd3360a0e31cf1105104a2dbf691c0beb,512,520.8639000193216,0.9,90000,2,sha256:26c7beb699842444e252d17ec55e88fce7462da77b086dbbfc8863980d091221,phase2l_stable_late,10,sha256:8f8763e7f79e767dad142eb26d7adf444515ee6b0d49970b9ecd997f592b1f0a,100000,20260718T024708217922Z,stable-late-n100000-w512-m0900-s2111,2111,late_join_materialized
92d2811fd3360a0e31cf1105104a2dbf691c0beb,512,765.8685999922454,0.9,90000,3,sha256:8c775ff611abc16d74d7b882b9f184805f1ebab78a726a672f21ac5ab0810c9f,phase2l_stable_late,10,sha256:8f8763e7f79e767dad142eb26d7adf444515ee6b0d49970b9ecd997f592b1f0a,100000,20260718T024708217922Z,stable-late-n100000-w512-m0900-s2111,2111,late_hash_materialized
92d2811fd3360a0e31cf1105104a2dbf691c0beb,512,798.1785000301898,0.9,90000,0,sha256:f570cbbf354e04dbc1f358979321f6943968e8a815c0d2fb74a463dc822156e7,phase2l_stable_late,11,sha256:8f8763e7f79e767dad142eb26d7adf444515ee6b0d49970b9ecd997f592b1f0a,100000,20260718T024708217922Z,stable-late-n100000-w512-m0900-s2111,2111,late_fused
92d2811fd3360a0e31cf1105104a2dbf691c0beb,512,325.34539996413514,0.9,90000,1,sha256:26c7beb699842444e252d17ec55e88fce7462da77b086dbbfc8863980d091221,phase2l_stable_late,11,sha256:8f8763e7f79e767dad142eb26d7adf444515ee6b0d49970b9ecd997f592b1f0a,100000,20260718T024708217922Z,stable-late-n100000-w512-m0900-s2111,2111,late_join_materialized
92d2811fd3360a0e31cf1105104a2dbf691c0beb,512,649.024999991525,0.9,90000,2,sha256:8c775ff611abc16d74d7b882b9f184805f1ebab78a726a672f21ac5ab0810c9f,phase2l_stable_late,11,sha256:8f8763e7f79e767dad142eb26d7adf444515ee6b0d49970b9ecd997f592b1f0a,100000,20260718T024708217922Z,stable-late-n100000-w512-m0900-s2111,2111,late_hash_materialized
92d2811fd3360a0e31cf1105104a2dbf691c0beb,512,789.2263000248931,0.9,90000,3,sha256:aaa00b3bd44c8b4eac45d7e7d997fa62366f1bf46f339190d03cee33407583a0,phase2l_stable_late,11,sha256:8f8763e7f79e767dad142eb26d7adf444515ee6b0d49970b9ecd997f592b1f0a,100000,20260718T024708217922Z,stable-late-n100000-w512-m0900-s2111,2111,early_hash_materialized
92d2811fd3360a0e31cf1105104a2dbf691c0beb,512,396.81910001672804,0.9,90000,0,sha256:26c7beb699842444e252d17ec55e88fce7462da77b086dbbfc8863980d091221,phase2l_stable_late,12,sha256:8f8763e7f79e767dad142eb26d7adf444515ee6b0d49970b9ecd997f592b1f0a,100000,20260718T024708217922Z,stable-late-n100000-w512-m0900-s2111,2111,late_join_materialized
92d2811fd3360a0e31cf1105104a2dbf691c0beb,512,828.0080999829806,0.9,90000,1,sha256:8c775ff611abc16d74d7b882b9f184805f1ebab78a726a672f21ac5ab0810c9f,phase2l_stable_late,12,sha256:8f8763e7f79e767dad142eb26d7adf444515ee6b0d49970b9ecd997f592b1f0a,100000,20260718T024708217922Z,stable-late-n100000-w512-m0900-s2111,2111,late_hash_materialized
92d2811fd3360a0e31cf1105104a2dbf691c0beb,512,676.0802999488078,0.9,90000,2,sha256:aaa00b3bd44c8b4eac45d7e7d997fa62366f1bf46f339190d03cee33407583a0,phase2l_stable_late,12,sha256:8f8763e7f79e767dad142eb26d7adf444515ee6b0d49970b9ecd997f592b1f0a,100000,20260718T024708217922Z,stable-late-n100000-w512-m0900-s2111,2111,early_hash_materialized
92d2811fd3360a0e31cf1105104a2dbf691c0beb,512,479.53219996998087,0.9,90000,3,sha256:f570cbbf354e04dbc1f358979321f6943968e8a815c0d2fb74a463dc822156e7,phase2l_stable_late,12,sha256:8f8763e7f79e767dad142eb26d7adf444515ee6b0d49970b9ecd997f592b1f0a,100000,20260718T024708217922Z,stable-late-n100000-w512-m0900-s2111,2111,late_fused
92d2811fd3360a0e31cf1105104a2dbf691c0beb,512,463.3429000386968,0.9,90000,0,sha256:8c775ff611abc16d74d7b882b9f184805f1ebab78a726a672f21ac5ab0810c9f,phase2l_stable_late,13,sha256:8f8763e7f79e767dad142eb26d7adf444515ee6b0d49970b9ecd997f592b1f0a,100000,20260718T024708217922Z,stable-late-n100000-w512-m0900-s2111,2111,late_hash_materialized
92d2811fd3360a0e31cf1105104a2dbf691c0beb,512,639.3599999719299,0.9,90000,1,sha256:aaa00b3bd44c8b4eac45d7e7d997fa62366f1bf46f339190d03cee33407583a0,phase2l_stable_late,13,sha256:8f8763e7f79e767dad142eb26d7adf444515ee6b0d49970b9ecd997f592b1f0a,100000,20260718T024708217922Z,stable-late-n100000-w512-m0900-s2111,2111,early_hash_materialized
92d2811fd3360a0e31cf1105104a2dbf691c0beb,512,537.9295999882743,0.9,90000,2,sha256:f570cbbf354e04dbc1f358979321f6943968e8a815c0d2fb74a463dc822156e7,phase2l_stable_late,13,sha256:8f8763e7f79e767dad142eb26d7adf444515ee6b0d49970b9ecd997f592b1f0a,100000,20260718T024708217922Z,stable-late-n100000-w512-m0900-s2111,2111,late_fused
92d2811fd3360a0e31cf1105104a2dbf691c0beb,512,333.9119000011124,0.9,90000,3,sha256:26c7beb699842444e252d17ec55e88fce7462da77b086dbbfc8863980d091221,phase2l_stable_late,13,sha256:8f8763e7f79e767dad142eb26d7adf444515ee6b0d49970b9ecd997f592b1f0a,100000,20260718T024708217922Z,stable-late-n100000-w512-m0900-s2111,2111,late_join_materialized
92d2811fd3360a0e31cf1105104a2dbf691c0beb,512,518.7834000098519,0.9,90000,0,sha256:aaa00b3bd44c8b4eac45d7e7d997fa62366f1bf46f339190d03cee33407583a0,phase2l_stable_late,14,sha256:8f8763e7f79e767dad142eb26d7adf444515ee6b0d49970b9ecd997f592b1f0a,100000,20260718T024708217922Z,stable-late-n100000-w512-m0900-s2111,2111,early_hash_materialized
92d2811fd3360a0e31cf1105104a2dbf691c0beb,512,493.136000004597,0.9,90000,1,sha256:f570cbbf354e04dbc1f358979321f6943968e8a815c0d2fb74a463dc822156e7,phase2l_stable_late,14,sha256:8f8763e7f79e767dad142eb26d7adf444515ee6b0d49970b9ecd997f592b1f0a,100000,20260718T024708217922Z,stable-late-n100000-w512-m0900-s2111,2111,late_fused
92d2811fd3360a0e31cf1105104a2dbf691c0beb,512,333.633899979759,0.9,90000,2,sha256:26c7beb699842444e252d17ec55e88fce7462da77b086dbbfc8863980d091221,phase2l_stable_late,14,sha256:8f8763e7f79e767dad142eb26d7adf444515ee6b0d49970b9ecd997f592b1f0a,100000,20260718T024708217922Z,stable-late-n100000-w512-m0900-s2111,2111,late_join_materialized
92d2811fd3360a0e31cf1105104a2dbf691c0beb,512,466.00160002708435,0.9,90000,3,sha256:8c775ff611abc16d74d7b882b9f184805f1ebab78a726a672f21ac5ab0810c9f,phase2l_stable_late,14,sha256:8f8763e7f79e767dad142eb26d7adf444515ee6b0d49970b9ecd997f592b1f0a,100000,20260718T024708217922Z,stable-late-n100000-w512-m0900-s2111,2111,late_hash_materialized
92d2811fd3360a0e31cf1105104a2dbf691c0beb,512,880.820800026413,0.9,90000,0,sha256:f570cbbf354e04dbc1f358979321f6943968e8a815c0d2fb74a463dc822156e7,phase2l_stable_late,0,sha256:e82935e253d67a7d002bd9af5eb89db33b6453201166196838c138e2f86a2ad9,100000,20260718T024708217922Z,stable-late-n100000-w512-m0900-s2222,2222,late_fused
92d2811fd3360a0e31cf1105104a2dbf691c0beb,512,493.806799990125,0.9,90000,1,sha256:26c7beb699842444e252d17ec55e88fce7462da77b086dbbfc8863980d091221,phase2l_stable_late,0,sha256:e82935e253d67a7d002bd9af5eb89db33b6453201166196838c138e2f86a2ad9,100000,20260718T024708217922Z,stable-late-n100000-w512-m0900-s2222,2222,late_join_materialized
92d2811fd3360a0e31cf1105104a2dbf691c0beb,512,903.5034000407904,0.9,90000,2,sha256:8c775ff611abc16d74d7b882b9f184805f1ebab78a726a672f21ac5ab0810c9f,phase2l_stable_late,0,sha256:e82935e253d67a7d002bd9af5eb89db33b6453201166196838c138e2f86a2ad9,100000,20260718T024708217922Z,stable-late-n100000-w512-m0900-s2222,2222,late_hash_materialized
92d2811fd3360a0e31cf1105104a2dbf691c0beb,512,1009.055599977728,0.9,90000,3,sha256:aaa00b3bd44c8b4eac45d7e7d997fa62366f1bf46f339190d03cee33407583a0,phase2l_stable_late,0,sha256:e82935e253d67a7d002bd9af5eb89db33b6453201166196838c138e2f86a2ad9,100000,20260718T024708217922Z,stable-late-n100000-w512-m0900-s2222,2222,early_hash_materialized
92d2811fd3360a0e31cf1105104a2dbf691c0beb,512,434.6386000397615,0.9,90000,0,sha256:26c7beb699842444e252d17ec55e88fce7462da77b086dbbfc8863980d091221,phase2l_stable_late,1,sha256:e82935e253d67a7d002bd9af5eb89db33b6453201166196838c138e2f86a2ad9,100000,20260718T024708217922Z,stable-late-n100000-w512-m0900-s2222,2222,late_join_materialized
92d2811fd3360a0e31cf1105104a2dbf691c0beb,512,1033.1659999792464,0.9,90000,1,sha256:8c775ff611abc16d74d7b882b9f184805f1ebab78a726a672f21ac5ab0810c9f,phase2l_stable_late,1,sha256:e82935e253d67a7d002bd9af5eb89db33b6453201166196838c138e2f86a2ad9,100000,20260718T024708217922Z,stable-late-n100000-w512-m0900-s2222,2222,late_hash_materialized
92d2811fd3360a0e31cf1105104a2dbf691c0beb,512,1085.6977999792434,0.9,90000,2,sha256:aaa00b3bd44c8b4eac45d7e7d997fa62366f1bf46f339190d03cee33407583a0,phase2l_stable_late,1,sha256:e82935e253d67a7d002bd9af5eb89db33b6453201166196838c138e2f86a2ad9,100000,20260718T024708217922Z,stable-late-n100000-w512-m0900-s2222,2222,early_hash_materialized
92d2811fd3360a0e31cf1105104a2dbf691c0beb,512,937.2230999870226,0.9,90000,3,sha256:f570cbbf354e04dbc1f358979321f6943968e8a815c0d2fb74a463dc822156e7,phase2l_stable_late,1,sha256:e82935e253d67a7d002bd9af5eb89db33b6453201166196838c138e2f86a2ad9,100000,20260718T024708217922Z,stable-late-n100000-w512-m0900-s2222,2222,late_fused
92d2811fd3360a0e31cf1105104a2dbf691c0beb,512,706.1065000016242,0.9,90000,0,sha256:8c775ff611abc16d74d7b882b9f184805f1ebab78a726a672f21ac5ab0810c9f,phase2l_stable_late,2,sha256:e82935e253d67a7d002bd9af5eb89db33b6453201166196838c138e2f86a2ad9,100000,20260718T024708217922Z,stable-late-n100000-w512-m0900-s2222,2222,late_hash_materialized
92d2811fd3360a0e31cf1105104a2dbf691c0beb,512,812.0194000075571,0.9,90000,1,sha256:aaa00b3bd44c8b4eac45d7e7d997fa62366f1bf46f339190d03cee33407583a0,phase2l_stable_late,2,sha256:e82935e253d67a7d002bd9af5eb89db33b6453201166196838c138e2f86a2ad9,100000,20260718T024708217922Z,stable-late-n100000-w512-m0900-s2222,2222,early_hash_materialized
92d2811fd3360a0e31cf1105104a2dbf691c0beb,512,809.3044000561349,0.9,90000,2,sha256:f570cbbf354e04dbc1f358979321f6943968e8a815c0d2fb74a463dc822156e7,phase2l_stable_late,2,sha256:e82935e253d67a7d002bd9af5eb89db33b6453201166196838c138e2f86a2ad9,100000,20260718T024708217922Z,stable-late-n100000-w512-m0900-s2222,2222,late_fused
92d2811fd3360a0e31cf1105104a2dbf691c0beb,512,378.21559997973964,0.9,90000,3,sha256:26c7beb699842444e252d17ec55e88fce7462da77b086dbbfc8863980d091221,phase2l_stable_late,2,sha256:e82935e253d67a7d002bd9af5eb89db33b6453201166196838c138e2f86a2ad9,100000,20260718T024708217922Z,stable-late-n100000-w512-m0900-s2222,2222,late_join_materialized
92d2811fd3360a0e31cf1105104a2dbf691c0beb,512,845.8951999782585,0.9,90000,0,sha256:aaa00b3bd44c8b4eac45d7e7d997fa62366f1bf46f339190d03cee33407583a0,phase2l_stable_late,3,sha256:e82935e253d67a7d002bd9af5eb89db33b6453201166196838c138e2f86a2ad9,100000,20260718T024708217922Z,stable-late-n100000-w512-m0900-s2222,2222,early_hash_materialized
92d2811fd3360a0e31cf1105104a2dbf691c0beb,512,551.2027000077069,0.9,90000,1,sha256:f570cbbf354e04dbc1f358979321f6943968e8a815c0d2fb74a463dc822156e7,phase2l_stable_late,3,sha256:e82935e253d67a7d002bd9af5eb89db33b6453201166196838c138e2f86a2ad9,100000,20260718T024708217922Z,stable-late-n100000-w512-m0900-s2222,2222,late_fused
92d2811fd3360a0e31cf1105104a2dbf691c0beb,512,287.91920002549887,0.9,90000,2,sha256:26c7beb699842444e252d17ec55e88fce7462da77b086dbbfc8863980d091221,phase2l_stable_late,3,sha256:e82935e253d67a7d002bd9af5eb89db33b6453201166196838c138e2f86a2ad9,100000,20260718T024708217922Z,stable-late-n100000-w512-m0900-s2222,2222,late_join_materialized
92d2811fd3360a0e31cf1105104a2dbf691c0beb,512,633.1862000515684,0.9,90000,3,sha256:8c775ff611abc16d74d7b882b9f184805f1ebab78a726a672f21ac5ab0810c9f,phase2l_stable_late,3,sha256:e82935e253d67a7d002bd9af5eb89db33b6453201166196838c138e2f86a2ad9,100000,20260718T024708217922Z,stable-late-n100000-w512-m0900-s2222,2222,late_hash_materialized
92d2811fd3360a0e31cf1105104a2dbf691c0beb,512,546.1975000216626,0.9,90000,0,sha256:f570cbbf354e04dbc1f358979321f6943968e8a815c0d2fb74a463dc822156e7,phase2l_stable_late,4,sha256:e82935e253d67a7d002bd9af5eb89db33b6453201166196838c138e2f86a2ad9,100000,20260718T024708217922Z,stable-late-n100000-w512-m0900-s2222,2222,late_fused
92d2811fd3360a0e31cf1105104a2dbf691c0beb,512,326.1563999694772,0.9,90000,1,sha256:26c7beb699842444e252d17ec55e88fce7462da77b086dbbfc8863980d091221,phase2l_stable_late,4,sha256:e82935e253d67a7d002bd9af5eb89db33b6453201166196838c138e2f86a2ad9,100000,20260718T024708217922Z,stable-late-n100000-w512-m0900-s2222,2222,late_join_materialized
92d2811fd3360a0e31cf1105104a2dbf691c0beb,512,633.9446000056341,0.9,90000,2,sha256:8c775ff611abc16d74d7b882b9f184805f1ebab78a726a672f21ac5ab0810c9f,phase2l_stable_late,4,sha256:e82935e253d67a7d002bd9af5eb89db33b6453201166196838c138e2f86a2ad9,100000,20260718T024708217922Z,stable-late-n100000-w512-m0900-s2222,2222,late_hash_materialized
92d2811fd3360a0e31cf1105104a2dbf691c0beb,512,912.2380000189878,0.9,90000,3,sha256:aaa00b3bd44c8b4eac45d7e7d997fa62366f1bf46f339190d03cee33407583a0,phase2l_stable_late,4,sha256:e82935e253d67a7d002bd9af5eb89db33b6453201166196838c138e2f86a2ad9,100000,20260718T024708217922Z,stable-late-n100000-w512-m0900-s2222,2222,early_hash_materialized
92d2811fd3360a0e31cf1105104a2dbf691c0beb,512,347.1694000181742,0.9,90000,0,sha256:26c7beb699842444e252d17ec55e88fce7462da77b086dbbfc8863980d091221,phase2l_stable_late,5,sha256:e82935e253d67a7d002bd9af5eb89db33b6453201166196838c138e2f86a2ad9,100000,20260718T024708217922Z,stable-late-n100000-w512-m0900-s2222,2222,late_join_materialized
92d2811fd3360a0e31cf1105104a2dbf691c0beb,512,658.9149999781512,0.9,90000,1,sha256:8c775ff611abc16d74d7b882b9f184805f1ebab78a726a672f21ac5ab0810c9f,phase2l_stable_late,5,sha256:e82935e253d67a7d002bd9af5eb89db33b6453201166196838c138e2f86a2ad9,100000,20260718T024708217922Z,stable-late-n100000-w512-m0900-s2222,2222,late_hash_materialized
92d2811fd3360a0e31cf1105104a2dbf691c0beb,512,855.0532999797724,0.9,90000,2,sha256:aaa00b3bd44c8b4eac45d7e7d997fa62366f1bf46f339190d03cee33407583a0,phase2l_stable_late,5,sha256:e82935e253d67a7d002bd9af5eb89db33b6453201166196838c138e2f86a2ad9,100000,20260718T024708217922Z,stable-late-n100000-w512-m0900-s2222,2222,early_hash_materialized
92d2811fd3360a0e31cf1105104a2dbf691c0beb,512,734.9814000190236,0.9,90000,3,sha256:f570cbbf354e04dbc1f358979321f6943968e8a815c0d2fb74a463dc822156e7,phase2l_stable_late,5,sha256:e82935e253d67a7d002bd9af5eb89db33b6453201166196838c138e2f86a2ad9,100000,20260718T024708217922Z,stable-late-n100000-w512-m0900-s2222,2222,late_fused
92d2811fd3360a0e31cf1105104a2dbf691c0beb,512,634.2075999709778,0.9,90000,0,sha256:8c775ff611abc16d74d7b882b9f184805f1ebab78a726a672f21ac5ab0810c9f,phase2l_stable_late,6,sha256:e82935e253d67a7d002bd9af5eb89db33b6453201166196838c138e2f86a2ad9,100000,20260718T024708217922Z,stable-late-n100000-w512-m0900-s2222,2222,late_hash_materialized
92d2811fd3360a0e31cf1105104a2dbf691c0beb,512,888.2440000306815,0.9,90000,1,sha256:aaa00b3bd44c8b4eac45d7e7d997fa62366f1bf46f339190d03cee33407583a0,phase2l_stable_late,6,sha256:e82935e253d67a7d002bd9af5eb89db33b6453201166196838c138e2f86a2ad9,100000,20260718T024708217922Z,stable-late-n100000-w512-m0900-s2222,2222,early_hash_materialized
92d2811fd3360a0e31cf1105104a2dbf691c0beb,512,780.784800008405,0.9,90000,2,sha256:f570cbbf354e04dbc1f358979321f6943968e8a815c0d2fb74a463dc822156e7,phase2l_stable_late,6,sha256:e82935e253d67a7d002bd9af5eb89db33b6453201166196838c138e2f86a2ad9,100000,20260718T024708217922Z,stable-late-n100000-w512-m0900-s2222,2222,late_fused
92d2811fd3360a0e31cf1105104a2dbf691c0beb,512,353.56610000599176,0.9,90000,3,sha256:26c7beb699842444e252d17ec55e88fce7462da77b086dbbfc8863980d091221,phase2l_stable_late,6,sha256:e82935e253d67a7d002bd9af5eb89db33b6453201166196838c138e2f86a2ad9,100000,20260718T024708217922Z,stable-late-n100000-w512-m0900-s2222,2222,late_join_materialized
92d2811fd3360a0e31cf1105104a2dbf691c0beb,512,707.471199973952,0.9,90000,0,sha256:aaa00b3bd44c8b4eac45d7e7d997fa62366f1bf46f339190d03cee33407583a0,phase2l_stable_late,7,sha256:e82935e253d67a7d002bd9af5eb89db33b6453201166196838c138e2f86a2ad9,100000,20260718T024708217922Z,stable-late-n100000-w512-m0900-s2222,2222,early_hash_materialized
92d2811fd3360a0e31cf1105104a2dbf691c0beb,512,595.524900010787,0.9,90000,1,sha256:f570cbbf354e04dbc1f358979321f6943968e8a815c0d2fb74a463dc822156e7,phase2l_stable_late,7,sha256:e82935e253d67a7d002bd9af5eb89db33b6453201166196838c138e2f86a2ad9,100000,20260718T024708217922Z,stable-late-n100000-w512-m0900-s2222,2222,late_fused
92d2811fd3360a0e31cf1105104a2dbf691c0beb,512,379.5733000151813,0.9,90000,2,sha256:26c7beb699842444e252d17ec55e88fce7462da77b086dbbfc8863980d091221,phase2l_stable_late,7,sha256:e82935e253d67a7d002bd9af5eb89db33b6453201166196838c138e2f86a2ad9,100000,20260718T024708217922Z,stable-late-n100000-w512-m0900-s2222,2222,late_join_materialized
92d2811fd3360a0e31cf1105104a2dbf691c0beb,512,653.9794999989681,0.9,90000,3,sha256:8c775ff611abc16d74d7b882b9f184805f1ebab78a726a672f21ac5ab0810c9f,phase2l_stable_late,7,sha256:e82935e253d67a7d002bd9af5eb89db33b6453201166196838c138e2f86a2ad9,100000,20260718T024708217922Z,stable-late-n100000-w512-m0900-s2222,2222,late_hash_materialized
92d2811fd3360a0e31cf1105104a2dbf691c0beb,512,745.32469996484,0.9,90000,0,sha256:f570cbbf354e04dbc1f358979321f6943968e8a815c0d2fb74a463dc822156e7,phase2l_stable_late,8,sha256:e82935e253d67a7d002bd9af5eb89db33b6453201166196838c138e2f86a2ad9,100000,20260718T024708217922Z,stable-late-n100000-w512-m0900-s2222,2222,late_fused
92d2811fd3360a0e31cf1105104a2dbf691c0beb,512,322.3829999915324,0.9,90000,1,sha256:26c7beb699842444e252d17ec55e88fce7462da77b086dbbfc8863980d091221,phase2l_stable_late,8,sha256:e82935e253d67a7d002bd9af5eb89db33b6453201166196838c138e2f86a2ad9,100000,20260718T024708217922Z,stable-late-n100000-w512-m0900-s2222,2222,late_join_materialized
92d2811fd3360a0e31cf1105104a2dbf691c0beb,512,638.19450000301,0.9,90000,2,sha256:8c775ff611abc16d74d7b882b9f184805f1ebab78a726a672f21ac5ab0810c9f,phase2l_stable_late,8,sha256:e82935e253d67a7d002bd9af5eb89db33b6453201166196838c138e2f86a2ad9,100000,20260718T024708217922Z,stable-late-n100000-w512-m0900-s2222,2222,late_hash_materialized
92d2811fd3360a0e31cf1105104a2dbf691c0beb,512,699.906199995894,0.9,90000,3,sha256:aaa00b3bd44c8b4eac45d7e7d997fa62366f1bf46f339190d03cee33407583a0,phase2l_stable_late,8,sha256:e82935e253d67a7d002bd9af5eb89db33b6453201166196838c138e2f86a2ad9,100000,20260718T024708217922Z,stable-late-n100000-w512-m0900-s2222,2222,early_hash_materialized
92d2811fd3360a0e31cf1105104a2dbf691c0beb,512,323.5833000508137,0.9,90000,0,sha256:26c7beb699842444e252d17ec55e88fce7462da77b086dbbfc8863980d091221,phase2l_stable_late,9,sha256:e82935e253d67a7d002bd9af5eb89db33b6453201166196838c138e2f86a2ad9,100000,20260718T024708217922Z,stable-late-n100000-w512-m0900-s2222,2222,late_join_materialized
92d2811fd3360a0e31cf1105104a2dbf691c0beb,512,623.6985999858007,0.9,90000,1,sha256:8c775ff611abc16d74d7b882b9f184805f1ebab78a726a672f21ac5ab0810c9f,phase2l_stable_late,9,sha256:e82935e253d67a7d002bd9af5eb89db33b6453201166196838c138e2f86a2ad9,100000,20260718T024708217922Z,stable-late-n100000-w512-m0900-s2222,2222,late_hash_materialized
92d2811fd3360a0e31cf1105104a2dbf691c0beb,512,858.3742000046186,0.9,90000,2,sha256:aaa00b3bd44c8b4eac45d7e7d997fa62366f1bf46f339190d03cee33407583a0,phase2l_stable_late,9,sha256:e82935e253d67a7d002bd9af5eb89db33b6453201166196838c138e2f86a2ad9,100000,20260718T024708217922Z,stable-late-n100000-w512-m0900-s2222,2222,early_hash_materialized
92d2811fd3360a0e31cf1105104a2dbf691c0beb,512,796.2005999870598,0.9,90000,3,sha256:f570cbbf354e04dbc1f358979321f6943968e8a815c0d2fb74a463dc822156e7,phase2l_stable_late,9,sha256:e82935e253d67a7d002bd9af5eb89db33b6453201166196838c138e2f86a2ad9,100000,20260718T024708217922Z,stable-late-n100000-w512-m0900-s2222,2222,late_fused
92d2811fd3360a0e31cf1105104a2dbf691c0beb,512,698.9810999948531,0.9,90000,0,sha256:8c775ff611abc16d74d7b882b9f184805f1ebab78a726a672f21ac5ab0810c9f,phase2l_stable_late,10,sha256:e82935e253d67a7d002bd9af5eb89db33b6453201166196838c138e2f86a2ad9,100000,20260718T024708217922Z,stable-late-n100000-w512-m0900-s2222,2222,late_hash_materialized
92d2811fd3360a0e31cf1105104a2dbf691c0beb,512,1055.890800023917,0.9,90000,1,sha256:aaa00b3bd44c8b4eac45d7e7d997fa62366f1bf46f339190d03cee33407583a0,phase2l_stable_late,10,sha256:e82935e253d67a7d002bd9af5eb89db33b6453201166196838c138e2f86a2ad9,100000,20260718T024708217922Z,stable-late-n100000-w512-m0900-s2222,2222,early_hash_materialized
92d2811fd3360a0e31cf1105104a2dbf691c0beb,512,987.3491000034846,0.9,90000,2,sha256:f570cbbf354e04dbc1f358979321f6943968e8a815c0d2fb74a463dc822156e7,phase2l_stable_late,10,sha256:e82935e253d67a7d002bd9af5eb89db33b6453201166196838c138e2f86a2ad9,100000,20260718T024708217922Z,stable-late-n100000-w512-m0900-s2222,2222,late_fused
92d2811fd3360a0e31cf1105104a2dbf691c0beb,512,421.71279998729005,0.9,90000,3,sha256:26c7beb699842444e252d17ec55e88fce7462da77b086dbbfc8863980d091221,phase2l_stable_late,10,sha256:e82935e253d67a7d002bd9af5eb89db33b6453201166196838c138e2f86a2ad9,100000,20260718T024708217922Z,stable-late-n100000-w512-m0900-s2222,2222,late_join_materialized
92d2811fd3360a0e31cf1105104a2dbf691c0beb,512,1161.1415999941528,0.9,90000,0,sha256:aaa00b3bd44c8b4eac45d7e7d997fa62366f1bf46f339190d03cee33407583a0,phase2l_stable_late,11,sha256:e82935e253d67a7d002bd9af5eb89db33b6453201166196838c138e2f86a2ad9,100000,20260718T024708217922Z,stable-late-n100000-w512-m0900-s2222,2222,early_hash_materialized
92d2811fd3360a0e31cf1105104a2dbf691c0beb,512,775.5556000047363,0.9,90000,1,sha256:f570cbbf354e04dbc1f358979321f6943968e8a815c0d2fb74a463dc822156e7,phase2l_stable_late,11,sha256:e82935e253d67a7d002bd9af5eb89db33b6453201166196838c138e2f86a2ad9,100000,20260718T024708217922Z,stable-late-n100000-w512-m0900-s2222,2222,late_fused
92d2811fd3360a0e31cf1105104a2dbf691c0beb,512,352.2044999990612,0.9,90000,2,sha256:26c7beb699842444e252d17ec55e88fce7462da77b086dbbfc8863980d091221,phase2l_stable_late,11,sha256:e82935e253d67a7d002bd9af5eb89db33b6453201166196838c138e2f86a2ad9,100000,20260718T024708217922Z,stable-late-n100000-w512-m0900-s2222,2222,late_join_materialized
92d2811fd3360a0e31cf1105104a2dbf691c0beb,512,823.1445999699645,0.9,90000,3,sha256:8c775ff611abc16d74d7b882b9f184805f1ebab78a726a672f21ac5ab0810c9f,phase2l_stable_late,11,sha256:e82935e253d67a7d002bd9af5eb89db33b6453201166196838c138e2f86a2ad9,100000,20260718T024708217922Z,stable-late-n100000-w512-m0900-s2222,2222,late_hash_materialized
92d2811fd3360a0e31cf1105104a2dbf691c0beb,512,896.159500000067,0.9,90000,0,sha256:f570cbbf354e04dbc1f358979321f6943968e8a815c0d2fb74a463dc822156e7,phase2l_stable_late,12,sha256:e82935e253d67a7d002bd9af5eb89db33b6453201166196838c138e2f86a2ad9,100000,20260718T024708217922Z,stable-late-n100000-w512-m0900-s2222,2222,late_fused
92d2811fd3360a0e31cf1105104a2dbf691c0beb,512,541.1221999675035,0.9,90000,1,sha256:26c7beb699842444e252d17ec55e88fce7462da77b086dbbfc8863980d091221,phase2l_stable_late,12,sha256:e82935e253d67a7d002bd9af5eb89db33b6453201166196838c138e2f86a2ad9,100000,20260718T024708217922Z,stable-late-n100000-w512-m0900-s2222,2222,late_join_materialized
92d2811fd3360a0e31cf1105104a2dbf691c0beb,512,815.3611000161618,0.9,90000,2,sha256:8c775ff611abc16d74d7b882b9f184805f1ebab78a726a672f21ac5ab0810c9f,phase2l_stable_late,12,sha256:e82935e253d67a7d002bd9af5eb89db33b6453201166196838c138e2f86a2ad9,100000,20260718T024708217922Z,stable-late-n100000-w512-m0900-s2222,2222,late_hash_materialized
92d2811fd3360a0e31cf1105104a2dbf691c0beb,512,970.7329999655485,0.9,90000,3,sha256:aaa00b3bd44c8b4eac45d7e7d997fa62366f1bf46f339190d03cee33407583a0,phase2l_stable_late,12,sha256:e82935e253d67a7d002bd9af5eb89db33b6453201166196838c138e2f86a2ad9,100000,20260718T024708217922Z,stable-late-n100000-w512-m0900-s2222,2222,early_hash_materialized
92d2811fd3360a0e31cf1105104a2dbf691c0beb,512,438.97499999729916,0.9,90000,0,sha256:26c7beb699842444e252d17ec55e88fce7462da77b086dbbfc8863980d091221,phase2l_stable_late,13,sha256:e82935e253d67a7d002bd9af5eb89db33b6453201166196838c138e2f86a2ad9,100000,20260718T024708217922Z,stable-late-n100000-w512-m0900-s2222,2222,late_join_materialized
92d2811fd3360a0e31cf1105104a2dbf691c0beb,512,1111.8143000057898,0.9,90000,1,sha256:8c775ff611abc16d74d7b882b9f184805f1ebab78a726a672f21ac5ab0810c9f,phase2l_stable_late,13,sha256:e82935e253d67a7d002bd9af5eb89db33b6453201166196838c138e2f86a2ad9,100000,20260718T024708217922Z,stable-late-n100000-w512-m0900-s2222,2222,late_hash_materialized
92d2811fd3360a0e31cf1105104a2dbf691c0beb,512,914.9605999700725,0.9,90000,2,sha256:aaa00b3bd44c8b4eac45d7e7d997fa62366f1bf46f339190d03cee33407583a0,phase2l_stable_late,13,sha256:e82935e253d67a7d002bd9af5eb89db33b6453201166196838c138e2f86a2ad9,100000,20260718T024708217922Z,stable-late-n100000-w512-m0900-s2222,2222,early_hash_materialized
92d2811fd3360a0e31cf1105104a2dbf691c0beb,512,666.0866999882273,0.9,90000,3,sha256:f570cbbf354e04dbc1f358979321f6943968e8a815c0d2fb74a463dc822156e7,phase2l_stable_late,13,sha256:e82935e253d67a7d002bd9af5eb89db33b6453201166196838c138e2f86a2ad9,100000,20260718T024708217922Z,stable-late-n100000-w512-m0900-s2222,2222,late_fused
92d2811fd3360a0e31cf1105104a2dbf691c0beb,512,746.8501999974251,0.9,90000,0,sha256:8c775ff611abc16d74d7b882b9f184805f1ebab78a726a672f21ac5ab0810c9f,phase2l_stable_late,14,sha256:e82935e253d67a7d002bd9af5eb89db33b6453201166196838c138e2f86a2ad9,100000,20260718T024708217922Z,stable-late-n100000-w512-m0900-s2222,2222,late_hash_materialized
92d2811fd3360a0e31cf1105104a2dbf691c0beb,512,762.8508000052534,0.9,90000,1,sha256:aaa00b3bd44c8b4eac45d7e7d997fa62366f1bf46f339190d03cee33407583a0,phase2l_stable_late,14,sha256:e82935e253d67a7d002bd9af5eb89db33b6453201166196838c138e2f86a2ad9,100000,20260718T024708217922Z,stable-late-n100000-w512-m0900-s2222,2222,early_hash_materialized
92d2811fd3360a0e31cf1105104a2dbf691c0beb,512,526.2463999679312,0.9,90000,2,sha256:f570cbbf354e04dbc1f358979321f6943968e8a815c0d2fb74a463dc822156e7,phase2l_stable_late,14,sha256:e82935e253d67a7d002bd9af5eb89db33b6453201166196838c138e2f86a2ad9,100000,20260718T024708217922Z,stable-late-n100000-w512-m0900-s2222,2222,late_fused
92d2811fd3360a0e31cf1105104a2dbf691c0beb,512,313.6804000241682,0.9,90000,3,sha256:26c7beb699842444e252d17ec55e88fce7462da77b086dbbfc8863980d091221,phase2l_stable_late,14,sha256:e82935e253d67a7d002bd9af5eb89db33b6453201166196838c138e2f86a2ad9,100000,20260718T024708217922Z,stable-late-n100000-w512-m0900-s2222,2222,late_join_materialized
