unit_id,benchmark,identifier_width,match_rate,row_count,seed,matched_rows,component,operator_index,operator_name,profile_runs,median_operator_timing_ms,p95_operator_timing_ms,min_operator_timing_ms,max_operator_timing_ms,actual_cardinality,rows_scanned,physical_plan_fingerprint
mask_fragment-n150000-w1024-m0100-s707,mask_fragment,1024,0.1,150000,707,15000,early_mask_fragment,0,EXPLAIN_ANALYZE,5,0.00039999999999999996,0.0005,0.00019999999999999998,0.0005,0,0,sha256:1a43e0ddf8cc02438cc76d27ba1cce86da34109d2e43dcc8ed7c9d581b95b39d
mask_fragment-n150000-w1024-m0100-s707,mask_fragment,1024,0.1,150000,707,15000,early_mask_fragment,1,BATCH_CREATE_TABLE_AS,5,1.7369,2.0898000000000003,1.3799000000000001,2.0898000000000003,1,0,sha256:1a43e0ddf8cc02438cc76d27ba1cce86da34109d2e43dcc8ed7c9d581b95b39d
mask_fragment-n150000-w1024-m0100-s707,mask_fragment,1024,0.1,150000,707,15000,early_mask_fragment,2,CTE,5,21.7486,29.825899999999994,17.311000000000003,29.825899999999994,0,0,sha256:1a43e0ddf8cc02438cc76d27ba1cce86da34109d2e43dcc8ed7c9d581b95b39d
mask_fragment-n150000-w1024-m0100-s707,mask_fragment,1024,0.1,150000,707,15000,early_mask_fragment,3,PROJECTION,5,2491.5284000000006,2955.8012,2325.5795,2955.8012,150000,0,sha256:1a43e0ddf8cc02438cc76d27ba1cce86da34109d2e43dcc8ed7c9d581b95b39d
mask_fragment-n150000-w1024-m0100-s707,mask_fragment,1024,0.1,150000,707,15000,early_mask_fragment,4,SEQ_SCAN,5,10.665599999999998,17.3667,8.8483,17.3667,150000,150000,sha256:1a43e0ddf8cc02438cc76d27ba1cce86da34109d2e43dcc8ed7c9d581b95b39d
mask_fragment-n150000-w1024-m0100-s707,mask_fragment,1024,0.1,150000,707,15000,early_mask_fragment,5,PROJECTION,5,0.0394,0.0522,0.027800000000000002,0.0522,15000,0,sha256:1a43e0ddf8cc02438cc76d27ba1cce86da34109d2e43dcc8ed7c9d581b95b39d
mask_fragment-n150000-w1024-m0100-s707,mask_fragment,1024,0.1,150000,707,15000,early_mask_fragment,6,ORDER_BY,5,9.5088,13.029599999999999,7.8073,13.029599999999999,15000,0,sha256:1a43e0ddf8cc02438cc76d27ba1cce86da34109d2e43dcc8ed7c9d581b95b39d
mask_fragment-n150000-w1024-m0100-s707,mask_fragment,1024,0.1,150000,707,15000,early_mask_fragment,7,PROJECTION,5,0.0541,0.0745,0.03849999999999999,0.0745,15000,0,sha256:1a43e0ddf8cc02438cc76d27ba1cce86da34109d2e43dcc8ed7c9d581b95b39d
mask_fragment-n150000-w1024-m0100-s707,mask_fragment,1024,0.1,150000,707,15000,early_mask_fragment,8,HASH_JOIN,5,5.2255,11.855899999999997,4.7819,11.855899999999997,15000,0,sha256:1a43e0ddf8cc02438cc76d27ba1cce86da34109d2e43dcc8ed7c9d581b95b39d
mask_fragment-n150000-w1024-m0100-s707,mask_fragment,1024,0.1,150000,707,15000,early_mask_fragment,9,CTE_SCAN,5,0.39720000000000005,0.6722000000000001,0.2842,0.6722000000000001,150000,0,sha256:1a43e0ddf8cc02438cc76d27ba1cce86da34109d2e43dcc8ed7c9d581b95b39d
mask_fragment-n150000-w1024-m0100-s707,mask_fragment,1024,0.1,150000,707,15000,early_mask_fragment,10,SEQ_SCAN,5,0.0406,0.05910000000000001,0.025800000000000003,0.05910000000000001,10000,10000,sha256:1a43e0ddf8cc02438cc76d27ba1cce86da34109d2e43dcc8ed7c9d581b95b39d
mask_fragment-n150000-w1024-m0100-s707,mask_fragment,1024,0.1,150000,707,15000,late_mask_fragment,0,EXPLAIN_ANALYZE,5,0.0005,0.0007,0.00019999999999999998,0.0007,0,0,sha256:18bd7fb3b6d02ff88c53bf4a74124c631590d7e276f031a9034dc7f9cb857902
mask_fragment-n150000-w1024-m0100-s707,mask_fragment,1024,0.1,150000,707,15000,late_mask_fragment,1,BATCH_CREATE_TABLE_AS,5,1.8337999999999997,2.3879,1.2878999999999998,2.3879,1,0,sha256:18bd7fb3b6d02ff88c53bf4a74124c631590d7e276f031a9034dc7f9cb857902
mask_fragment-n150000-w1024-m0100-s707,mask_fragment,1024,0.1,150000,707,15000,late_mask_fragment,2,PROJECTION,5,0.067,0.1793,0.053599999999999995,0.1793,15000,0,sha256:18bd7fb3b6d02ff88c53bf4a74124c631590d7e276f031a9034dc7f9cb857902
mask_fragment-n150000-w1024-m0100-s707,mask_fragment,1024,0.1,150000,707,15000,late_mask_fragment,3,ORDER_BY,5,10.760699999999998,14.5145,9.668899999999999,14.5145,15000,0,sha256:18bd7fb3b6d02ff88c53bf4a74124c631590d7e276f031a9034dc7f9cb857902
mask_fragment-n150000-w1024-m0100-s707,mask_fragment,1024,0.1,150000,707,15000,late_mask_fragment,4,PROJECTION,5,0.6276,1.0626,0.5461999999999999,1.0626,15000,0,sha256:18bd7fb3b6d02ff88c53bf4a74124c631590d7e276f031a9034dc7f9cb857902
mask_fragment-n150000-w1024-m0100-s707,mask_fragment,1024,0.1,150000,707,15000,late_mask_fragment,5,PROJECTION,5,211.78020000000004,294.4427,198.2871,294.4427,15000,0,sha256:18bd7fb3b6d02ff88c53bf4a74124c631590d7e276f031a9034dc7f9cb857902
mask_fragment-n150000-w1024-m0100-s707,mask_fragment,1024,0.1,150000,707,15000,late_mask_fragment,6,HASH_JOIN,5,0.9147000000000001,1.1853000000000002,0.5783999999999999,1.1853000000000002,15000,0,sha256:18bd7fb3b6d02ff88c53bf4a74124c631590d7e276f031a9034dc7f9cb857902
mask_fragment-n150000-w1024-m0100-s707,mask_fragment,1024,0.1,150000,707,15000,late_mask_fragment,7,SEQ_SCAN,5,2.8566999999999996,3.728,2.1338,3.728,15000,122880,sha256:18bd7fb3b6d02ff88c53bf4a74124c631590d7e276f031a9034dc7f9cb857902
mask_fragment-n150000-w1024-m0100-s707,mask_fragment,1024,0.1,150000,707,15000,late_mask_fragment,8,SEQ_SCAN,5,0.0306,0.05050000000000001,0.019500000000000003,0.05050000000000001,10000,10000,sha256:18bd7fb3b6d02ff88c53bf4a74124c631590d7e276f031a9034dc7f9cb857902
mask_fragment-n150000-w1024-m0100-s808,mask_fragment,1024,0.1,150000,808,15000,early_mask_fragment,0,EXPLAIN_ANALYZE,5,0.0003,0.00039999999999999996,0.00019999999999999998,0.00039999999999999996,0,0,sha256:1a43e0ddf8cc02438cc76d27ba1cce86da34109d2e43dcc8ed7c9d581b95b39d
mask_fragment-n150000-w1024-m0100-s808,mask_fragment,1024,0.1,150000,808,15000,early_mask_fragment,1,BATCH_CREATE_TABLE_AS,5,1.7994,2.1595,1.4237999999999997,2.1595,1,0,sha256:1a43e0ddf8cc02438cc76d27ba1cce86da34109d2e43dcc8ed7c9d581b95b39d
mask_fragment-n150000-w1024-m0100-s808,mask_fragment,1024,0.1,150000,808,15000,early_mask_fragment,2,CTE,5,21.657000000000004,28.572700000000005,17.7394,28.572700000000005,0,0,sha256:1a43e0ddf8cc02438cc76d27ba1cce86da34109d2e43dcc8ed7c9d581b95b39d
mask_fragment-n150000-w1024-m0100-s808,mask_fragment,1024,0.1,150000,808,15000,early_mask_fragment,3,PROJECTION,5,2213.11,2474.1249,1951.2497,2474.1249,150000,0,sha256:1a43e0ddf8cc02438cc76d27ba1cce86da34109d2e43dcc8ed7c9d581b95b39d
mask_fragment-n150000-w1024-m0100-s808,mask_fragment,1024,0.1,150000,808,15000,early_mask_fragment,4,SEQ_SCAN,5,10.645599999999998,11.077900000000001,9.477,11.077900000000001,150000,150000,sha256:1a43e0ddf8cc02438cc76d27ba1cce86da34109d2e43dcc8ed7c9d581b95b39d
mask_fragment-n150000-w1024-m0100-s808,mask_fragment,1024,0.1,150000,808,15000,early_mask_fragment,5,PROJECTION,5,0.05659999999999999,0.11430000000000001,0.0224,0.11430000000000001,15000,0,sha256:1a43e0ddf8cc02438cc76d27ba1cce86da34109d2e43dcc8ed7c9d581b95b39d
mask_fragment-n150000-w1024-m0100-s808,mask_fragment,1024,0.1,150000,808,15000,early_mask_fragment,6,ORDER_BY,5,11.0846,14.8748,9.0631,14.8748,15000,0,sha256:1a43e0ddf8cc02438cc76d27ba1cce86da34109d2e43dcc8ed7c9d581b95b39d
mask_fragment-n150000-w1024-m0100-s808,mask_fragment,1024,0.1,150000,808,15000,early_mask_fragment,7,PROJECTION,5,0.052700000000000004,0.0801,0.04369999999999999,0.0801,15000,0,sha256:1a43e0ddf8cc02438cc76d27ba1cce86da34109d2e43dcc8ed7c9d581b95b39d
mask_fragment-n150000-w1024-m0100-s808,mask_fragment,1024,0.1,150000,808,15000,early_mask_fragment,8,HASH_JOIN,5,4.1976,4.6835,3.8435999999999995,4.6835,15000,0,sha256:1a43e0ddf8cc02438cc76d27ba1cce86da34109d2e43dcc8ed7c9d581b95b39d
mask_fragment-n150000-w1024-m0100-s808,mask_fragment,1024,0.1,150000,808,15000,early_mask_fragment,9,CTE_SCAN,5,0.3306,0.3546,0.30369999999999997,0.3546,150000,0,sha256:1a43e0ddf8cc02438cc76d27ba1cce86da34109d2e43dcc8ed7c9d581b95b39d
mask_fragment-n150000-w1024-m0100-s808,mask_fragment,1024,0.1,150000,808,15000,early_mask_fragment,10,SEQ_SCAN,5,0.03799999999999999,0.046,0.028,0.046,10000,10000,sha256:1a43e0ddf8cc02438cc76d27ba1cce86da34109d2e43dcc8ed7c9d581b95b39d
mask_fragment-n150000-w1024-m0100-s808,mask_fragment,1024,0.1,150000,808,15000,late_mask_fragment,0,EXPLAIN_ANALYZE,5,0.0003,0.0003,0.0003,0.0003,0,0,sha256:18bd7fb3b6d02ff88c53bf4a74124c631590d7e276f031a9034dc7f9cb857902
mask_fragment-n150000-w1024-m0100-s808,mask_fragment,1024,0.1,150000,808,15000,late_mask_fragment,1,BATCH_CREATE_TABLE_AS,5,2.103,2.442,0.9781,2.442,1,0,sha256:18bd7fb3b6d02ff88c53bf4a74124c631590d7e276f031a9034dc7f9cb857902
mask_fragment-n150000-w1024-m0100-s808,mask_fragment,1024,0.1,150000,808,15000,late_mask_fragment,2,PROJECTION,5,0.07649999999999998,0.119,0.035500000000000004,0.119,15000,0,sha256:18bd7fb3b6d02ff88c53bf4a74124c631590d7e276f031a9034dc7f9cb857902
mask_fragment-n150000-w1024-m0100-s808,mask_fragment,1024,0.1,150000,808,15000,late_mask_fragment,3,ORDER_BY,5,8.641800000000002,9.8759,5.8966,9.8759,15000,0,sha256:18bd7fb3b6d02ff88c53bf4a74124c631590d7e276f031a9034dc7f9cb857902
mask_fragment-n150000-w1024-m0100-s808,mask_fragment,1024,0.1,150000,808,15000,late_mask_fragment,4,PROJECTION,5,0.46869999999999995,0.7277999999999999,0.42860000000000004,0.7277999999999999,15000,0,sha256:18bd7fb3b6d02ff88c53bf4a74124c631590d7e276f031a9034dc7f9cb857902
mask_fragment-n150000-w1024-m0100-s808,mask_fragment,1024,0.1,150000,808,15000,late_mask_fragment,5,PROJECTION,5,228.7254,268.29789999999997,168.0609,268.29789999999997,15000,0,sha256:18bd7fb3b6d02ff88c53bf4a74124c631590d7e276f031a9034dc7f9cb857902
mask_fragment-n150000-w1024-m0100-s808,mask_fragment,1024,0.1,150000,808,15000,late_mask_fragment,6,HASH_JOIN,5,0.7507,0.8189999999999998,0.5555,0.8189999999999998,15000,0,sha256:18bd7fb3b6d02ff88c53bf4a74124c631590d7e276f031a9034dc7f9cb857902
mask_fragment-n150000-w1024-m0100-s808,mask_fragment,1024,0.1,150000,808,15000,late_mask_fragment,7,SEQ_SCAN,5,2.1126,2.2933,1.7593,2.2933,15000,122880,sha256:18bd7fb3b6d02ff88c53bf4a74124c631590d7e276f031a9034dc7f9cb857902
mask_fragment-n150000-w1024-m0100-s808,mask_fragment,1024,0.1,150000,808,15000,late_mask_fragment,8,SEQ_SCAN,5,0.041400000000000006,0.06539999999999999,0.0208,0.06539999999999999,10000,10000,sha256:18bd7fb3b6d02ff88c53bf4a74124c631590d7e276f031a9034dc7f9cb857902
mask_fragment-n150000-w1024-m0100-s909,mask_fragment,1024,0.1,150000,909,15000,early_mask_fragment,0,EXPLAIN_ANALYZE,5,0.0003,0.001,0.00019999999999999998,0.001,0,0,sha256:1a43e0ddf8cc02438cc76d27ba1cce86da34109d2e43dcc8ed7c9d581b95b39d
mask_fragment-n150000-w1024-m0100-s909,mask_fragment,1024,0.1,150000,909,15000,early_mask_fragment,1,BATCH_CREATE_TABLE_AS,5,1.13,2.2754,1.0776999999999999,2.2754,1,0,sha256:1a43e0ddf8cc02438cc76d27ba1cce86da34109d2e43dcc8ed7c9d581b95b39d
mask_fragment-n150000-w1024-m0100-s909,mask_fragment,1024,0.1,150000,909,15000,early_mask_fragment,2,CTE,5,18.212999999999997,21.742599999999996,13.628900000000003,21.742599999999996,0,0,sha256:1a43e0ddf8cc02438cc76d27ba1cce86da34109d2e43dcc8ed7c9d581b95b39d
mask_fragment-n150000-w1024-m0100-s909,mask_fragment,1024,0.1,150000,909,15000,early_mask_fragment,3,PROJECTION,5,2158.1935999999996,2234.9003,1962.4806,2234.9003,150000,0,sha256:1a43e0ddf8cc02438cc76d27ba1cce86da34109d2e43dcc8ed7c9d581b95b39d
mask_fragment-n150000-w1024-m0100-s909,mask_fragment,1024,0.1,150000,909,15000,early_mask_fragment,4,SEQ_SCAN,5,9.778299999999998,13.499500000000001,8.8332,13.499500000000001,150000,150000,sha256:1a43e0ddf8cc02438cc76d27ba1cce86da34109d2e43dcc8ed7c9d581b95b39d
mask_fragment-n150000-w1024-m0100-s909,mask_fragment,1024,0.1,150000,909,15000,early_mask_fragment,5,PROJECTION,5,0.027299999999999998,0.15259999999999999,0.023500000000000007,0.15259999999999999,15000,0,sha256:1a43e0ddf8cc02438cc76d27ba1cce86da34109d2e43dcc8ed7c9d581b95b39d
mask_fragment-n150000-w1024-m0100-s909,mask_fragment,1024,0.1,150000,909,15000,early_mask_fragment,6,ORDER_BY,5,8.6896,11.920799999999998,7.743900000000001,11.920799999999998,15000,0,sha256:1a43e0ddf8cc02438cc76d27ba1cce86da34109d2e43dcc8ed7c9d581b95b39d
mask_fragment-n150000-w1024-m0100-s909,mask_fragment,1024,0.1,150000,909,15000,early_mask_fragment,7,PROJECTION,5,0.0578,0.0885,0.0493,0.0885,15000,0,sha256:1a43e0ddf8cc02438cc76d27ba1cce86da34109d2e43dcc8ed7c9d581b95b39d
mask_fragment-n150000-w1024-m0100-s909,mask_fragment,1024,0.1,150000,909,15000,early_mask_fragment,8,HASH_JOIN,5,4.9284,5.720400000000001,4.0155,5.720400000000001,15000,0,sha256:1a43e0ddf8cc02438cc76d27ba1cce86da34109d2e43dcc8ed7c9d581b95b39d
mask_fragment-n150000-w1024-m0100-s909,mask_fragment,1024,0.1,150000,909,15000,early_mask_fragment,9,CTE_SCAN,5,0.4444,0.5312,0.335,0.5312,150000,0,sha256:1a43e0ddf8cc02438cc76d27ba1cce86da34109d2e43dcc8ed7c9d581b95b39d
mask_fragment-n150000-w1024-m0100-s909,mask_fragment,1024,0.1,150000,909,15000,early_mask_fragment,10,SEQ_SCAN,5,0.032799999999999996,0.0556,0.022899999999999997,0.0556,10000,10000,sha256:1a43e0ddf8cc02438cc76d27ba1cce86da34109d2e43dcc8ed7c9d581b95b39d
mask_fragment-n150000-w1024-m0100-s909,mask_fragment,1024,0.1,150000,909,15000,late_mask_fragment,0,EXPLAIN_ANALYZE,5,0.0003,0.0003,0.00019999999999999998,0.0003,0,0,sha256:18bd7fb3b6d02ff88c53bf4a74124c631590d7e276f031a9034dc7f9cb857902
mask_fragment-n150000-w1024-m0100-s909,mask_fragment,1024,0.1,150000,909,15000,late_mask_fragment,1,BATCH_CREATE_TABLE_AS,5,1.4911999999999999,1.9807000000000001,1.0478,1.9807000000000001,1,0,sha256:18bd7fb3b6d02ff88c53bf4a74124c631590d7e276f031a9034dc7f9cb857902
mask_fragment-n150000-w1024-m0100-s909,mask_fragment,1024,0.1,150000,909,15000,late_mask_fragment,2,PROJECTION,5,0.052099999999999994,0.1288,0.034999999999999996,0.1288,15000,0,sha256:18bd7fb3b6d02ff88c53bf4a74124c631590d7e276f031a9034dc7f9cb857902
mask_fragment-n150000-w1024-m0100-s909,mask_fragment,1024,0.1,150000,909,15000,late_mask_fragment,3,ORDER_BY,5,7.172,9.013200000000001,6.0653,9.013200000000001,15000,0,sha256:18bd7fb3b6d02ff88c53bf4a74124c631590d7e276f031a9034dc7f9cb857902
mask_fragment-n150000-w1024-m0100-s909,mask_fragment,1024,0.1,150000,909,15000,late_mask_fragment,4,PROJECTION,5,0.3258,0.5013,0.28659999999999997,0.5013,15000,0,sha256:18bd7fb3b6d02ff88c53bf4a74124c631590d7e276f031a9034dc7f9cb857902
mask_fragment-n150000-w1024-m0100-s909,mask_fragment,1024,0.1,150000,909,15000,late_mask_fragment,5,PROJECTION,5,199.9886,235.9945,188.35760000000002,235.9945,15000,0,sha256:18bd7fb3b6d02ff88c53bf4a74124c631590d7e276f031a9034dc7f9cb857902
mask_fragment-n150000-w1024-m0100-s909,mask_fragment,1024,0.1,150000,909,15000,late_mask_fragment,6,HASH_JOIN,5,0.5877,0.7890999999999998,0.4638999999999999,0.7890999999999998,15000,0,sha256:18bd7fb3b6d02ff88c53bf4a74124c631590d7e276f031a9034dc7f9cb857902
mask_fragment-n150000-w1024-m0100-s909,mask_fragment,1024,0.1,150000,909,15000,late_mask_fragment,7,SEQ_SCAN,5,1.5294000000000003,1.8806,1.1516,1.8806,15000,122880,sha256:18bd7fb3b6d02ff88c53bf4a74124c631590d7e276f031a9034dc7f9cb857902
mask_fragment-n150000-w1024-m0100-s909,mask_fragment,1024,0.1,150000,909,15000,late_mask_fragment,8,SEQ_SCAN,5,0.028800000000000003,0.035500000000000004,0.0243,0.035500000000000004,10000,10000,sha256:18bd7fb3b6d02ff88c53bf4a74124c631590d7e276f031a9034dc7f9cb857902
mask_fragment-n150000-w1024-m0500-s707,mask_fragment,1024,0.5,150000,707,75000,early_mask_fragment,0,EXPLAIN_ANALYZE,5,0.0003,0.0003,0.00019999999999999998,0.0003,0,0,sha256:1a43e0ddf8cc02438cc76d27ba1cce86da34109d2e43dcc8ed7c9d581b95b39d
mask_fragment-n150000-w1024-m0500-s707,mask_fragment,1024,0.5,150000,707,75000,early_mask_fragment,1,BATCH_CREATE_TABLE_AS,5,8.1046,9.598999999999998,8.001299999999999,9.598999999999998,1,0,sha256:1a43e0ddf8cc02438cc76d27ba1cce86da34109d2e43dcc8ed7c9d581b95b39d
mask_fragment-n150000-w1024-m0500-s707,mask_fragment,1024,0.5,150000,707,75000,early_mask_fragment,2,CTE,5,14.7667,21.426100000000005,13.653699999999999,21.426100000000005,0,0,sha256:1a43e0ddf8cc02438cc76d27ba1cce86da34109d2e43dcc8ed7c9d581b95b39d
mask_fragment-n150000-w1024-m0500-s707,mask_fragment,1024,0.5,150000,707,75000,early_mask_fragment,3,PROJECTION,5,2300.8183000000004,2528.6616,1945.2442000000003,2528.6616,150000,0,sha256:1a43e0ddf8cc02438cc76d27ba1cce86da34109d2e43dcc8ed7c9d581b95b39d
mask_fragment-n150000-w1024-m0500-s707,mask_fragment,1024,0.5,150000,707,75000,early_mask_fragment,4,SEQ_SCAN,5,10.008200000000002,10.9788,9.4567,10.9788,150000,150000,sha256:1a43e0ddf8cc02438cc76d27ba1cce86da34109d2e43dcc8ed7c9d581b95b39d
mask_fragment-n150000-w1024-m0500-s707,mask_fragment,1024,0.5,150000,707,75000,early_mask_fragment,5,PROJECTION,5,0.24510000000000004,0.30890000000000006,0.21149999999999997,0.30890000000000006,75000,0,sha256:1a43e0ddf8cc02438cc76d27ba1cce86da34109d2e43dcc8ed7c9d581b95b39d
mask_fragment-n150000-w1024-m0500-s707,mask_fragment,1024,0.5,150000,707,75000,early_mask_fragment,6,ORDER_BY,5,51.228199999999994,53.9659,47.114799999999995,53.9659,75000,0,sha256:1a43e0ddf8cc02438cc76d27ba1cce86da34109d2e43dcc8ed7c9d581b95b39d
mask_fragment-n150000-w1024-m0500-s707,mask_fragment,1024,0.5,150000,707,75000,early_mask_fragment,7,PROJECTION,5,0.1788,0.2544,0.16260000000000002,0.2544,75000,0,sha256:1a43e0ddf8cc02438cc76d27ba1cce86da34109d2e43dcc8ed7c9d581b95b39d
mask_fragment-n150000-w1024-m0500-s707,mask_fragment,1024,0.5,150000,707,75000,early_mask_fragment,8,HASH_JOIN,5,6.272600000000001,6.9573,5.206799999999999,6.9573,75000,0,sha256:1a43e0ddf8cc02438cc76d27ba1cce86da34109d2e43dcc8ed7c9d581b95b39d
mask_fragment-n150000-w1024-m0500-s707,mask_fragment,1024,0.5,150000,707,75000,early_mask_fragment,9,CTE_SCAN,5,0.4235,0.5971,0.3561,0.5971,150000,0,sha256:1a43e0ddf8cc02438cc76d27ba1cce86da34109d2e43dcc8ed7c9d581b95b39d
mask_fragment-n150000-w1024-m0500-s707,mask_fragment,1024,0.5,150000,707,75000,early_mask_fragment,10,SEQ_SCAN,5,0.0384,0.09250000000000001,0.023699999999999995,0.09250000000000001,10000,10000,sha256:1a43e0ddf8cc02438cc76d27ba1cce86da34109d2e43dcc8ed7c9d581b95b39d
mask_fragment-n150000-w1024-m0500-s707,mask_fragment,1024,0.5,150000,707,75000,late_mask_fragment,0,EXPLAIN_ANALYZE,5,0.00039999999999999996,0.0011,0.00019999999999999998,0.0011,0,0,sha256:18bd7fb3b6d02ff88c53bf4a74124c631590d7e276f031a9034dc7f9cb857902
mask_fragment-n150000-w1024-m0500-s707,mask_fragment,1024,0.5,150000,707,75000,late_mask_fragment,1,BATCH_CREATE_TABLE_AS,5,7.4346000000000005,9.777899999999999,6.461100000000001,9.777899999999999,1,0,sha256:18bd7fb3b6d02ff88c53bf4a74124c631590d7e276f031a9034dc7f9cb857902
mask_fragment-n150000-w1024-m0500-s707,mask_fragment,1024,0.5,150000,707,75000,late_mask_fragment,2,PROJECTION,5,0.3597999999999999,0.5486000000000002,0.2776,0.5486000000000002,75000,0,sha256:18bd7fb3b6d02ff88c53bf4a74124c631590d7e276f031a9034dc7f9cb857902
mask_fragment-n150000-w1024-m0500-s707,mask_fragment,1024,0.5,150000,707,75000,late_mask_fragment,3,ORDER_BY,5,43.573100000000004,49.987899999999996,43.246599999999994,49.987899999999996,75000,0,sha256:18bd7fb3b6d02ff88c53bf4a74124c631590d7e276f031a9034dc7f9cb857902
mask_fragment-n150000-w1024-m0500-s707,mask_fragment,1024,0.5,150000,707,75000,late_mask_fragment,4,PROJECTION,5,1.9965,3.0160999999999993,1.633,3.0160999999999993,75000,0,sha256:18bd7fb3b6d02ff88c53bf4a74124c631590d7e276f031a9034dc7f9cb857902
mask_fragment-n150000-w1024-m0500-s707,mask_fragment,1024,0.5,150000,707,75000,late_mask_fragment,5,PROJECTION,5,1096.8837,1139.4858,908.3964999999998,1139.4858,75000,0,sha256:18bd7fb3b6d02ff88c53bf4a74124c631590d7e276f031a9034dc7f9cb857902
mask_fragment-n150000-w1024-m0500-s707,mask_fragment,1024,0.5,150000,707,75000,late_mask_fragment,6,HASH_JOIN,5,1.6373,1.7610000000000001,1.0760999999999998,1.7610000000000001,75000,0,sha256:18bd7fb3b6d02ff88c53bf4a74124c631590d7e276f031a9034dc7f9cb857902
mask_fragment-n150000-w1024-m0500-s707,mask_fragment,1024,0.5,150000,707,75000,late_mask_fragment,7,SEQ_SCAN,5,6.242799999999999,10.061599999999999,5.984599999999999,10.061599999999999,75000,122880,sha256:18bd7fb3b6d02ff88c53bf4a74124c631590d7e276f031a9034dc7f9cb857902
mask_fragment-n150000-w1024-m0500-s707,mask_fragment,1024,0.5,150000,707,75000,late_mask_fragment,8,SEQ_SCAN,5,0.04650000000000001,0.14450000000000002,0.027299999999999998,0.14450000000000002,10000,10000,sha256:18bd7fb3b6d02ff88c53bf4a74124c631590d7e276f031a9034dc7f9cb857902
mask_fragment-n150000-w1024-m0500-s808,mask_fragment,1024,0.5,150000,808,75000,early_mask_fragment,0,EXPLAIN_ANALYZE,5,0.0003,0.0006,0.00019999999999999998,0.0006,0,0,sha256:1a43e0ddf8cc02438cc76d27ba1cce86da34109d2e43dcc8ed7c9d581b95b39d
mask_fragment-n150000-w1024-m0500-s808,mask_fragment,1024,0.5,150000,808,75000,early_mask_fragment,1,BATCH_CREATE_TABLE_AS,5,8.579999999999998,10.979299999999999,6.141199999999999,10.979299999999999,1,0,sha256:1a43e0ddf8cc02438cc76d27ba1cce86da34109d2e43dcc8ed7c9d581b95b39d
mask_fragment-n150000-w1024-m0500-s808,mask_fragment,1024,0.5,150000,808,75000,early_mask_fragment,2,CTE,5,16.3978,20.6842,13.433399999999999,20.6842,0,0,sha256:1a43e0ddf8cc02438cc76d27ba1cce86da34109d2e43dcc8ed7c9d581b95b39d
mask_fragment-n150000-w1024-m0500-s808,mask_fragment,1024,0.5,150000,808,75000,early_mask_fragment,3,PROJECTION,5,1973.5764000000001,2298.102,1941.5763000000004,2298.102,150000,0,sha256:1a43e0ddf8cc02438cc76d27ba1cce86da34109d2e43dcc8ed7c9d581b95b39d
mask_fragment-n150000-w1024-m0500-s808,mask_fragment,1024,0.5,150000,808,75000,early_mask_fragment,4,SEQ_SCAN,5,10.623099999999999,11.774600000000001,9.9283,11.774600000000001,150000,150000,sha256:1a43e0ddf8cc02438cc76d27ba1cce86da34109d2e43dcc8ed7c9d581b95b39d
mask_fragment-n150000-w1024-m0500-s808,mask_fragment,1024,0.5,150000,808,75000,early_mask_fragment,5,PROJECTION,5,0.227,0.26309999999999995,0.13730000000000006,0.26309999999999995,75000,0,sha256:1a43e0ddf8cc02438cc76d27ba1cce86da34109d2e43dcc8ed7c9d581b95b39d
mask_fragment-n150000-w1024-m0500-s808,mask_fragment,1024,0.5,150000,808,75000,early_mask_fragment,6,ORDER_BY,5,46.255700000000004,65.0261,38.60869999999999,65.0261,75000,0,sha256:1a43e0ddf8cc02438cc76d27ba1cce86da34109d2e43dcc8ed7c9d581b95b39d
mask_fragment-n150000-w1024-m0500-s808,mask_fragment,1024,0.5,150000,808,75000,early_mask_fragment,7,PROJECTION,5,0.1676,0.3036,0.1497,0.3036,75000,0,sha256:1a43e0ddf8cc02438cc76d27ba1cce86da34109d2e43dcc8ed7c9d581b95b39d
mask_fragment-n150000-w1024-m0500-s808,mask_fragment,1024,0.5,150000,808,75000,early_mask_fragment,8,HASH_JOIN,5,5.7768,9.034699999999999,5.2253,9.034699999999999,75000,0,sha256:1a43e0ddf8cc02438cc76d27ba1cce86da34109d2e43dcc8ed7c9d581b95b39d
mask_fragment-n150000-w1024-m0500-s808,mask_fragment,1024,0.5,150000,808,75000,early_mask_fragment,9,CTE_SCAN,5,0.3884,0.7244,0.30469999999999997,0.7244,150000,0,sha256:1a43e0ddf8cc02438cc76d27ba1cce86da34109d2e43dcc8ed7c9d581b95b39d
mask_fragment-n150000-w1024-m0500-s808,mask_fragment,1024,0.5,150000,808,75000,early_mask_fragment,10,SEQ_SCAN,5,0.04310000000000001,0.061,0.024100000000000003,0.061,10000,10000,sha256:1a43e0ddf8cc02438cc76d27ba1cce86da34109d2e43dcc8ed7c9d581b95b39d
mask_fragment-n150000-w1024-m0500-s808,mask_fragment,1024,0.5,150000,808,75000,late_mask_fragment,0,EXPLAIN_ANALYZE,5,0.0003,0.0006,0.00019999999999999998,0.0006,0,0,sha256:18bd7fb3b6d02ff88c53bf4a74124c631590d7e276f031a9034dc7f9cb857902
mask_fragment-n150000-w1024-m0500-s808,mask_fragment,1024,0.5,150000,808,75000,late_mask_fragment,1,BATCH_CREATE_TABLE_AS,5,6.493200000000002,7.2713,5.864499999999999,7.2713,1,0,sha256:18bd7fb3b6d02ff88c53bf4a74124c631590d7e276f031a9034dc7f9cb857902
mask_fragment-n150000-w1024-m0500-s808,mask_fragment,1024,0.5,150000,808,75000,late_mask_fragment,2,PROJECTION,5,0.3166999999999999,0.3614,0.2099,0.3614,75000,0,sha256:18bd7fb3b6d02ff88c53bf4a74124c631590d7e276f031a9034dc7f9cb857902
mask_fragment-n150000-w1024-m0500-s808,mask_fragment,1024,0.5,150000,808,75000,late_mask_fragment,3,ORDER_BY,5,41.956999999999994,44.6838,38.9263,44.6838,75000,0,sha256:18bd7fb3b6d02ff88c53bf4a74124c631590d7e276f031a9034dc7f9cb857902
mask_fragment-n150000-w1024-m0500-s808,mask_fragment,1024,0.5,150000,808,75000,late_mask_fragment,4,PROJECTION,5,1.7061000000000002,2.109100000000001,1.5631000000000002,2.109100000000001,75000,0,sha256:18bd7fb3b6d02ff88c53bf4a74124c631590d7e276f031a9034dc7f9cb857902
mask_fragment-n150000-w1024-m0500-s808,mask_fragment,1024,0.5,150000,808,75000,late_mask_fragment,5,PROJECTION,5,915.5332000000002,1085.8993000000003,864.0290999999999,1085.8993000000003,75000,0,sha256:18bd7fb3b6d02ff88c53bf4a74124c631590d7e276f031a9034dc7f9cb857902
mask_fragment-n150000-w1024-m0500-s808,mask_fragment,1024,0.5,150000,808,75000,late_mask_fragment,6,HASH_JOIN,5,1.2644,2.9245,1.2067,2.9245,75000,0,sha256:18bd7fb3b6d02ff88c53bf4a74124c631590d7e276f031a9034dc7f9cb857902
mask_fragment-n150000-w1024-m0500-s808,mask_fragment,1024,0.5,150000,808,75000,late_mask_fragment,7,SEQ_SCAN,5,6.502300000000001,6.759399999999999,6.2788999999999975,6.759399999999999,75000,122880,sha256:18bd7fb3b6d02ff88c53bf4a74124c631590d7e276f031a9034dc7f9cb857902
mask_fragment-n150000-w1024-m0500-s808,mask_fragment,1024,0.5,150000,808,75000,late_mask_fragment,8,SEQ_SCAN,5,0.027000000000000003,0.23570000000000002,0.0254,0.23570000000000002,10000,10000,sha256:18bd7fb3b6d02ff88c53bf4a74124c631590d7e276f031a9034dc7f9cb857902
mask_fragment-n150000-w1024-m0500-s909,mask_fragment,1024,0.5,150000,909,75000,early_mask_fragment,0,EXPLAIN_ANALYZE,5,0.0003,0.0006,0.00019999999999999998,0.0006,0,0,sha256:1a43e0ddf8cc02438cc76d27ba1cce86da34109d2e43dcc8ed7c9d581b95b39d
mask_fragment-n150000-w1024-m0500-s909,mask_fragment,1024,0.5,150000,909,75000,early_mask_fragment,1,BATCH_CREATE_TABLE_AS,5,9.361100000000002,11.345400000000003,8.621599999999999,11.345400000000003,1,0,sha256:1a43e0ddf8cc02438cc76d27ba1cce86da34109d2e43dcc8ed7c9d581b95b39d
mask_fragment-n150000-w1024-m0500-s909,mask_fragment,1024,0.5,150000,909,75000,early_mask_fragment,2,CTE,5,19.2729,23.469400000000004,17.986999999999995,23.469400000000004,0,0,sha256:1a43e0ddf8cc02438cc76d27ba1cce86da34109d2e43dcc8ed7c9d581b95b39d
mask_fragment-n150000-w1024-m0500-s909,mask_fragment,1024,0.5,150000,909,75000,early_mask_fragment,3,PROJECTION,5,2386.6492000000007,2832.252099999999,2107.1726,2832.252099999999,150000,0,sha256:1a43e0ddf8cc02438cc76d27ba1cce86da34109d2e43dcc8ed7c9d581b95b39d
mask_fragment-n150000-w1024-m0500-s909,mask_fragment,1024,0.5,150000,909,75000,early_mask_fragment,4,SEQ_SCAN,5,12.570699999999999,14.527999999999995,12.0093,14.527999999999995,150000,150000,sha256:1a43e0ddf8cc02438cc76d27ba1cce86da34109d2e43dcc8ed7c9d581b95b39d
mask_fragment-n150000-w1024-m0500-s909,mask_fragment,1024,0.5,150000,909,75000,early_mask_fragment,5,PROJECTION,5,0.31449999999999995,0.4016999999999999,0.2795,0.4016999999999999,75000,0,sha256:1a43e0ddf8cc02438cc76d27ba1cce86da34109d2e43dcc8ed7c9d581b95b39d
mask_fragment-n150000-w1024-m0500-s909,mask_fragment,1024,0.5,150000,909,75000,early_mask_fragment,6,ORDER_BY,5,52.9028,72.22760000000001,51.03970000000001,72.22760000000001,75000,0,sha256:1a43e0ddf8cc02438cc76d27ba1cce86da34109d2e43dcc8ed7c9d581b95b39d
mask_fragment-n150000-w1024-m0500-s909,mask_fragment,1024,0.5,150000,909,75000,early_mask_fragment,7,PROJECTION,5,0.3699,1.7726999999999997,0.238,1.7726999999999997,75000,0,sha256:1a43e0ddf8cc02438cc76d27ba1cce86da34109d2e43dcc8ed7c9d581b95b39d
mask_fragment-n150000-w1024-m0500-s909,mask_fragment,1024,0.5,150000,909,75000,early_mask_fragment,8,HASH_JOIN,5,9.7462,18.977200000000003,5.680700000000001,18.977200000000003,75000,0,sha256:1a43e0ddf8cc02438cc76d27ba1cce86da34109d2e43dcc8ed7c9d581b95b39d
mask_fragment-n150000-w1024-m0500-s909,mask_fragment,1024,0.5,150000,909,75000,early_mask_fragment,9,CTE_SCAN,5,0.534,0.9250000000000002,0.43160000000000004,0.9250000000000002,150000,0,sha256:1a43e0ddf8cc02438cc76d27ba1cce86da34109d2e43dcc8ed7c9d581b95b39d
mask_fragment-n150000-w1024-m0500-s909,mask_fragment,1024,0.5,150000,909,75000,early_mask_fragment,10,SEQ_SCAN,5,0.026300000000000004,0.1011,0.022099999999999998,0.1011,10000,10000,sha256:1a43e0ddf8cc02438cc76d27ba1cce86da34109d2e43dcc8ed7c9d581b95b39d
mask_fragment-n150000-w1024-m0500-s909,mask_fragment,1024,0.5,150000,909,75000,late_mask_fragment,0,EXPLAIN_ANALYZE,5,0.0003,0.00039999999999999996,0.00019999999999999998,0.00039999999999999996,0,0,sha256:18bd7fb3b6d02ff88c53bf4a74124c631590d7e276f031a9034dc7f9cb857902
mask_fragment-n150000-w1024-m0500-s909,mask_fragment,1024,0.5,150000,909,75000,late_mask_fragment,1,BATCH_CREATE_TABLE_AS,5,8.7563,12.564400000000001,7.5504,12.564400000000001,1,0,sha256:18bd7fb3b6d02ff88c53bf4a74124c631590d7e276f031a9034dc7f9cb857902
mask_fragment-n150000-w1024-m0500-s909,mask_fragment,1024,0.5,150000,909,75000,late_mask_fragment,2,PROJECTION,5,0.4979000000000001,0.7876,0.3047999999999999,0.7876,75000,0,sha256:18bd7fb3b6d02ff88c53bf4a74124c631590d7e276f031a9034dc7f9cb857902
mask_fragment-n150000-w1024-m0500-s909,mask_fragment,1024,0.5,150000,909,75000,late_mask_fragment,3,ORDER_BY,5,58.979600000000005,60.14979999999999,52.404199999999996,60.14979999999999,75000,0,sha256:18bd7fb3b6d02ff88c53bf4a74124c631590d7e276f031a9034dc7f9cb857902
mask_fragment-n150000-w1024-m0500-s909,mask_fragment,1024,0.5,150000,909,75000,late_mask_fragment,4,PROJECTION,5,2.0180999999999996,3.0667999999999993,1.5234999999999999,3.0667999999999993,75000,0,sha256:18bd7fb3b6d02ff88c53bf4a74124c631590d7e276f031a9034dc7f9cb857902
mask_fragment-n150000-w1024-m0500-s909,mask_fragment,1024,0.5,150000,909,75000,late_mask_fragment,5,PROJECTION,5,1188.8992999999998,1211.7263,1018.5231000000001,1211.7263,75000,0,sha256:18bd7fb3b6d02ff88c53bf4a74124c631590d7e276f031a9034dc7f9cb857902
mask_fragment-n150000-w1024-m0500-s909,mask_fragment,1024,0.5,150000,909,75000,late_mask_fragment,6,HASH_JOIN,5,1.3458999999999997,2.3652000000000006,1.1907999999999999,2.3652000000000006,75000,0,sha256:18bd7fb3b6d02ff88c53bf4a74124c631590d7e276f031a9034dc7f9cb857902
mask_fragment-n150000-w1024-m0500-s909,mask_fragment,1024,0.5,150000,909,75000,late_mask_fragment,7,SEQ_SCAN,5,7.748600000000002,10.0971,6.1886,10.0971,75000,122880,sha256:18bd7fb3b6d02ff88c53bf4a74124c631590d7e276f031a9034dc7f9cb857902
mask_fragment-n150000-w1024-m0500-s909,mask_fragment,1024,0.5,150000,909,75000,late_mask_fragment,8,SEQ_SCAN,5,0.0322,0.11950000000000001,0.020700000000000003,0.11950000000000001,10000,10000,sha256:18bd7fb3b6d02ff88c53bf4a74124c631590d7e276f031a9034dc7f9cb857902
mask_fragment-n150000-w1024-m1000-s707,mask_fragment,1024,1.0,150000,707,150000,early_mask_fragment,0,EXPLAIN_ANALYZE,5,0.0005,0.0013,0.0003,0.0013,0,0,sha256:1a43e0ddf8cc02438cc76d27ba1cce86da34109d2e43dcc8ed7c9d581b95b39d
mask_fragment-n150000-w1024-m1000-s707,mask_fragment,1024,1.0,150000,707,150000,early_mask_fragment,1,BATCH_CREATE_TABLE_AS,5,25.129899999999996,31.664399999999997,22.157499999999995,31.664399999999997,1,0,sha256:1a43e0ddf8cc02438cc76d27ba1cce86da34109d2e43dcc8ed7c9d581b95b39d
mask_fragment-n150000-w1024-m1000-s707,mask_fragment,1024,1.0,150000,707,150000,early_mask_fragment,2,CTE,5,25.371900000000004,28.2157,17.9802,28.2157,0,0,sha256:1a43e0ddf8cc02438cc76d27ba1cce86da34109d2e43dcc8ed7c9d581b95b39d
mask_fragment-n150000-w1024-m1000-s707,mask_fragment,1024,1.0,150000,707,150000,early_mask_fragment,3,PROJECTION,5,2564.8821,3112.2136000000005,2298.6205,3112.2136000000005,150000,0,sha256:1a43e0ddf8cc02438cc76d27ba1cce86da34109d2e43dcc8ed7c9d581b95b39d
mask_fragment-n150000-w1024-m1000-s707,mask_fragment,1024,1.0,150000,707,150000,early_mask_fragment,4,SEQ_SCAN,5,14.023200000000001,23.443400000000008,11.386300000000002,23.443400000000008,150000,150000,sha256:1a43e0ddf8cc02438cc76d27ba1cce86da34109d2e43dcc8ed7c9d581b95b39d
mask_fragment-n150000-w1024-m1000-s707,mask_fragment,1024,1.0,150000,707,150000,early_mask_fragment,5,PROJECTION,5,0.7154,3.3847000000000005,0.6396999999999999,3.3847000000000005,150000,0,sha256:1a43e0ddf8cc02438cc76d27ba1cce86da34109d2e43dcc8ed7c9d581b95b39d
mask_fragment-n150000-w1024-m1000-s707,mask_fragment,1024,1.0,150000,707,150000,early_mask_fragment,6,ORDER_BY,5,136.50689999999997,179.5563,109.67429999999999,179.5563,150000,0,sha256:1a43e0ddf8cc02438cc76d27ba1cce86da34109d2e43dcc8ed7c9d581b95b39d
mask_fragment-n150000-w1024-m1000-s707,mask_fragment,1024,1.0,150000,707,150000,early_mask_fragment,7,PROJECTION,5,0.3606,0.4553,0.32449999999999996,0.4553,150000,0,sha256:1a43e0ddf8cc02438cc76d27ba1cce86da34109d2e43dcc8ed7c9d581b95b39d
mask_fragment-n150000-w1024-m1000-s707,mask_fragment,1024,1.0,150000,707,150000,early_mask_fragment,8,HASH_JOIN,5,9.0106,14.3847,7.482099999999999,14.3847,150000,0,sha256:1a43e0ddf8cc02438cc76d27ba1cce86da34109d2e43dcc8ed7c9d581b95b39d
mask_fragment-n150000-w1024-m1000-s707,mask_fragment,1024,1.0,150000,707,150000,early_mask_fragment,9,CTE_SCAN,5,0.5417,0.9188999999999998,0.4498,0.9188999999999998,150000,0,sha256:1a43e0ddf8cc02438cc76d27ba1cce86da34109d2e43dcc8ed7c9d581b95b39d
mask_fragment-n150000-w1024-m1000-s707,mask_fragment,1024,1.0,150000,707,150000,early_mask_fragment,10,SEQ_SCAN,5,0.03200000000000001,0.0477,0.022500000000000003,0.0477,10000,10000,sha256:1a43e0ddf8cc02438cc76d27ba1cce86da34109d2e43dcc8ed7c9d581b95b39d
mask_fragment-n150000-w1024-m1000-s707,mask_fragment,1024,1.0,150000,707,150000,late_mask_fragment,0,EXPLAIN_ANALYZE,5,0.0005,0.0009,9.999999999999999e-05,0.0009,0,0,sha256:92b825cb6ca6efd8c921ae328d9dcd567e5fc1cecda65d185180a168e33b45c9
mask_fragment-n150000-w1024-m1000-s707,mask_fragment,1024,1.0,150000,707,150000,late_mask_fragment,1,BATCH_CREATE_TABLE_AS,5,18.973000000000006,21.523699999999995,16.8594,21.523699999999995,1,0,sha256:92b825cb6ca6efd8c921ae328d9dcd567e5fc1cecda65d185180a168e33b45c9
mask_fragment-n150000-w1024-m1000-s707,mask_fragment,1024,1.0,150000,707,150000,late_mask_fragment,2,PROJECTION,5,1.4020999999999997,1.5175000000000003,0.8961,1.5175000000000003,150000,0,sha256:92b825cb6ca6efd8c921ae328d9dcd567e5fc1cecda65d185180a168e33b45c9
mask_fragment-n150000-w1024-m1000-s707,mask_fragment,1024,1.0,150000,707,150000,late_mask_fragment,3,ORDER_BY,5,118.02129999999998,124.00630000000001,116.76000000000002,124.00630000000001,150000,0,sha256:92b825cb6ca6efd8c921ae328d9dcd567e5fc1cecda65d185180a168e33b45c9
mask_fragment-n150000-w1024-m1000-s707,mask_fragment,1024,1.0,150000,707,150000,late_mask_fragment,4,PROJECTION,5,2.9908999999999994,3.1999000000000004,2.6499000000000006,3.1999000000000004,150000,0,sha256:92b825cb6ca6efd8c921ae328d9dcd567e5fc1cecda65d185180a168e33b45c9
mask_fragment-n150000-w1024-m1000-s707,mask_fragment,1024,1.0,150000,707,150000,late_mask_fragment,5,PROJECTION,5,2193.9584,2448.9217,2124.8786999999998,2448.9217,150000,0,sha256:92b825cb6ca6efd8c921ae328d9dcd567e5fc1cecda65d185180a168e33b45c9
mask_fragment-n150000-w1024-m1000-s707,mask_fragment,1024,1.0,150000,707,150000,late_mask_fragment,6,HASH_JOIN,5,2.4534999999999996,3.1825,2.2270999999999996,3.1825,150000,0,sha256:92b825cb6ca6efd8c921ae328d9dcd567e5fc1cecda65d185180a168e33b45c9
mask_fragment-n150000-w1024-m1000-s707,mask_fragment,1024,1.0,150000,707,150000,late_mask_fragment,7,SEQ_SCAN,5,12.863599999999998,17.2204,9.5974,17.2204,150000,150000,sha256:92b825cb6ca6efd8c921ae328d9dcd567e5fc1cecda65d185180a168e33b45c9
mask_fragment-n150000-w1024-m1000-s707,mask_fragment,1024,1.0,150000,707,150000,late_mask_fragment,8,SEQ_SCAN,5,0.09830000000000001,0.1589,0.030199999999999998,0.1589,10000,10000,sha256:92b825cb6ca6efd8c921ae328d9dcd567e5fc1cecda65d185180a168e33b45c9
mask_fragment-n150000-w1024-m1000-s808,mask_fragment,1024,1.0,150000,808,150000,early_mask_fragment,0,EXPLAIN_ANALYZE,5,0.00019999999999999998,0.0003,0.00019999999999999998,0.0003,0,0,sha256:1a43e0ddf8cc02438cc76d27ba1cce86da34109d2e43dcc8ed7c9d581b95b39d
mask_fragment-n150000-w1024-m1000-s808,mask_fragment,1024,1.0,150000,808,150000,early_mask_fragment,1,BATCH_CREATE_TABLE_AS,5,22.5581,23.7069,20.174400000000002,23.7069,1,0,sha256:1a43e0ddf8cc02438cc76d27ba1cce86da34109d2e43dcc8ed7c9d581b95b39d
mask_fragment-n150000-w1024-m1000-s808,mask_fragment,1024,1.0,150000,808,150000,early_mask_fragment,2,CTE,5,20.950899999999994,26.884300000000007,15.013899999999996,26.884300000000007,0,0,sha256:1a43e0ddf8cc02438cc76d27ba1cce86da34109d2e43dcc8ed7c9d581b95b39d
mask_fragment-n150000-w1024-m1000-s808,mask_fragment,1024,1.0,150000,808,150000,early_mask_fragment,3,PROJECTION,5,2440.0817,2562.7588,2129.304,2562.7588,150000,0,sha256:1a43e0ddf8cc02438cc76d27ba1cce86da34109d2e43dcc8ed7c9d581b95b39d
mask_fragment-n150000-w1024-m1000-s808,mask_fragment,1024,1.0,150000,808,150000,early_mask_fragment,4,SEQ_SCAN,5,11.494899999999998,15.794099999999998,11.196999999999996,15.794099999999998,150000,150000,sha256:1a43e0ddf8cc02438cc76d27ba1cce86da34109d2e43dcc8ed7c9d581b95b39d
mask_fragment-n150000-w1024-m1000-s808,mask_fragment,1024,1.0,150000,808,150000,early_mask_fragment,5,PROJECTION,5,0.7532000000000001,0.9872000000000002,0.7020000000000001,0.9872000000000002,150000,0,sha256:1a43e0ddf8cc02438cc76d27ba1cce86da34109d2e43dcc8ed7c9d581b95b39d
mask_fragment-n150000-w1024-m1000-s808,mask_fragment,1024,1.0,150000,808,150000,early_mask_fragment,6,ORDER_BY,5,125.67229999999996,139.24409999999997,115.11859999999999,139.24409999999997,150000,0,sha256:1a43e0ddf8cc02438cc76d27ba1cce86da34109d2e43dcc8ed7c9d581b95b39d
mask_fragment-n150000-w1024-m1000-s808,mask_fragment,1024,1.0,150000,808,150000,early_mask_fragment,7,PROJECTION,5,0.3323,0.49299999999999994,0.2915999999999999,0.49299999999999994,150000,0,sha256:1a43e0ddf8cc02438cc76d27ba1cce86da34109d2e43dcc8ed7c9d581b95b39d
mask_fragment-n150000-w1024-m1000-s808,mask_fragment,1024,1.0,150000,808,150000,early_mask_fragment,8,HASH_JOIN,5,7.566000000000001,20.295000000000005,6.711599999999999,20.295000000000005,150000,0,sha256:1a43e0ddf8cc02438cc76d27ba1cce86da34109d2e43dcc8ed7c9d581b95b39d
mask_fragment-n150000-w1024-m1000-s808,mask_fragment,1024,1.0,150000,808,150000,early_mask_fragment,9,CTE_SCAN,5,0.48900000000000005,0.6567999999999999,0.37059999999999993,0.6567999999999999,150000,0,sha256:1a43e0ddf8cc02438cc76d27ba1cce86da34109d2e43dcc8ed7c9d581b95b39d
mask_fragment-n150000-w1024-m1000-s808,mask_fragment,1024,1.0,150000,808,150000,early_mask_fragment,10,SEQ_SCAN,5,0.0372,0.06430000000000001,0.018299999999999997,0.06430000000000001,10000,10000,sha256:1a43e0ddf8cc02438cc76d27ba1cce86da34109d2e43dcc8ed7c9d581b95b39d
mask_fragment-n150000-w1024-m1000-s808,mask_fragment,1024,1.0,150000,808,150000,late_mask_fragment,0,EXPLAIN_ANALYZE,5,0.001,0.0018,0.00019999999999999998,0.0018,0,0,sha256:92b825cb6ca6efd8c921ae328d9dcd567e5fc1cecda65d185180a168e33b45c9
mask_fragment-n150000-w1024-m1000-s808,mask_fragment,1024,1.0,150000,808,150000,late_mask_fragment,1,BATCH_CREATE_TABLE_AS,5,16.8818,21.707000000000004,15.767199999999999,21.707000000000004,1,0,sha256:92b825cb6ca6efd8c921ae328d9dcd567e5fc1cecda65d185180a168e33b45c9
mask_fragment-n150000-w1024-m1000-s808,mask_fragment,1024,1.0,150000,808,150000,late_mask_fragment,2,PROJECTION,5,0.9362,4.359000000000002,0.8701000000000001,4.359000000000002,150000,0,sha256:92b825cb6ca6efd8c921ae328d9dcd567e5fc1cecda65d185180a168e33b45c9
mask_fragment-n150000-w1024-m1000-s808,mask_fragment,1024,1.0,150000,808,150000,late_mask_fragment,3,ORDER_BY,5,119.66509999999998,128.87619999999998,115.46410000000002,128.87619999999998,150000,0,sha256:92b825cb6ca6efd8c921ae328d9dcd567e5fc1cecda65d185180a168e33b45c9
mask_fragment-n150000-w1024-m1000-s808,mask_fragment,1024,1.0,150000,808,150000,late_mask_fragment,4,PROJECTION,5,3.4802999999999993,4.426800000000002,3.2529999999999992,4.426800000000002,150000,0,sha256:92b825cb6ca6efd8c921ae328d9dcd567e5fc1cecda65d185180a168e33b45c9
mask_fragment-n150000-w1024-m1000-s808,mask_fragment,1024,1.0,150000,808,150000,late_mask_fragment,5,PROJECTION,5,2227.1578999999997,2483.6987,2160.4812,2483.6987,150000,0,sha256:92b825cb6ca6efd8c921ae328d9dcd567e5fc1cecda65d185180a168e33b45c9
mask_fragment-n150000-w1024-m1000-s808,mask_fragment,1024,1.0,150000,808,150000,late_mask_fragment,6,HASH_JOIN,5,2.1878000000000006,2.7749,1.9913,2.7749,150000,0,sha256:92b825cb6ca6efd8c921ae328d9dcd567e5fc1cecda65d185180a168e33b45c9
mask_fragment-n150000-w1024-m1000-s808,mask_fragment,1024,1.0,150000,808,150000,late_mask_fragment,7,SEQ_SCAN,5,11.637799999999999,12.709599999999996,10.4753,12.709599999999996,150000,150000,sha256:92b825cb6ca6efd8c921ae328d9dcd567e5fc1cecda65d185180a168e33b45c9
mask_fragment-n150000-w1024-m1000-s808,mask_fragment,1024,1.0,150000,808,150000,late_mask_fragment,8,SEQ_SCAN,5,0.029700000000000004,0.0817,0.020700000000000003,0.0817,10000,10000,sha256:92b825cb6ca6efd8c921ae328d9dcd567e5fc1cecda65d185180a168e33b45c9
mask_fragment-n150000-w1024-m1000-s909,mask_fragment,1024,1.0,150000,909,150000,early_mask_fragment,0,EXPLAIN_ANALYZE,5,0.00019999999999999998,0.00039999999999999996,0.00019999999999999998,0.00039999999999999996,0,0,sha256:1a43e0ddf8cc02438cc76d27ba1cce86da34109d2e43dcc8ed7c9d581b95b39d
mask_fragment-n150000-w1024-m1000-s909,mask_fragment,1024,1.0,150000,909,150000,early_mask_fragment,1,BATCH_CREATE_TABLE_AS,5,24.959300000000006,30.351699999999987,21.613299999999995,30.351699999999987,1,0,sha256:1a43e0ddf8cc02438cc76d27ba1cce86da34109d2e43dcc8ed7c9d581b95b39d
mask_fragment-n150000-w1024-m1000-s909,mask_fragment,1024,1.0,150000,909,150000,early_mask_fragment,2,CTE,5,18.9379,24.342299999999998,14.363500000000002,24.342299999999998,0,0,sha256:1a43e0ddf8cc02438cc76d27ba1cce86da34109d2e43dcc8ed7c9d581b95b39d
mask_fragment-n150000-w1024-m1000-s909,mask_fragment,1024,1.0,150000,909,150000,early_mask_fragment,3,PROJECTION,5,2420.6621000000005,2655.8084999999996,2379.6422,2655.8084999999996,150000,0,sha256:1a43e0ddf8cc02438cc76d27ba1cce86da34109d2e43dcc8ed7c9d581b95b39d
mask_fragment-n150000-w1024-m1000-s909,mask_fragment,1024,1.0,150000,909,150000,early_mask_fragment,4,SEQ_SCAN,5,12.775900000000004,15.579300000000002,9.4962,15.579300000000002,150000,150000,sha256:1a43e0ddf8cc02438cc76d27ba1cce86da34109d2e43dcc8ed7c9d581b95b39d
mask_fragment-n150000-w1024-m1000-s909,mask_fragment,1024,1.0,150000,909,150000,early_mask_fragment,5,PROJECTION,5,0.8135000000000001,0.9036,0.5659,0.9036,150000,0,sha256:1a43e0ddf8cc02438cc76d27ba1cce86da34109d2e43dcc8ed7c9d581b95b39d
mask_fragment-n150000-w1024-m1000-s909,mask_fragment,1024,1.0,150000,909,150000,early_mask_fragment,6,ORDER_BY,5,130.0848,145.06070000000003,123.73379999999997,145.06070000000003,150000,0,sha256:1a43e0ddf8cc02438cc76d27ba1cce86da34109d2e43dcc8ed7c9d581b95b39d
mask_fragment-n150000-w1024-m1000-s909,mask_fragment,1024,1.0,150000,909,150000,early_mask_fragment,7,PROJECTION,5,0.37410000000000004,0.5651,0.3409999999999999,0.5651,150000,0,sha256:1a43e0ddf8cc02438cc76d27ba1cce86da34109d2e43dcc8ed7c9d581b95b39d
mask_fragment-n150000-w1024-m1000-s909,mask_fragment,1024,1.0,150000,909,150000,early_mask_fragment,8,HASH_JOIN,5,9.044199999999998,11.8797,7.730699999999999,11.8797,150000,0,sha256:1a43e0ddf8cc02438cc76d27ba1cce86da34109d2e43dcc8ed7c9d581b95b39d
mask_fragment-n150000-w1024-m1000-s909,mask_fragment,1024,1.0,150000,909,150000,early_mask_fragment,9,CTE_SCAN,5,0.6532,1.9662999999999997,0.432,1.9662999999999997,150000,0,sha256:1a43e0ddf8cc02438cc76d27ba1cce86da34109d2e43dcc8ed7c9d581b95b39d
mask_fragment-n150000-w1024-m1000-s909,mask_fragment,1024,1.0,150000,909,150000,early_mask_fragment,10,SEQ_SCAN,5,0.0342,0.0807,0.0253,0.0807,10000,10000,sha256:1a43e0ddf8cc02438cc76d27ba1cce86da34109d2e43dcc8ed7c9d581b95b39d
mask_fragment-n150000-w1024-m1000-s909,mask_fragment,1024,1.0,150000,909,150000,late_mask_fragment,0,EXPLAIN_ANALYZE,5,0.00019999999999999998,0.0003,0.00019999999999999998,0.0003,0,0,sha256:92b825cb6ca6efd8c921ae328d9dcd567e5fc1cecda65d185180a168e33b45c9
mask_fragment-n150000-w1024-m1000-s909,mask_fragment,1024,1.0,150000,909,150000,late_mask_fragment,1,BATCH_CREATE_TABLE_AS,5,19.159999999999997,21.708099999999998,16.774100000000004,21.708099999999998,1,0,sha256:92b825cb6ca6efd8c921ae328d9dcd567e5fc1cecda65d185180a168e33b45c9
mask_fragment-n150000-w1024-m1000-s909,mask_fragment,1024,1.0,150000,909,150000,late_mask_fragment,2,PROJECTION,5,1.1661,1.6169999999999995,1.0353000000000003,1.6169999999999995,150000,0,sha256:92b825cb6ca6efd8c921ae328d9dcd567e5fc1cecda65d185180a168e33b45c9
mask_fragment-n150000-w1024-m1000-s909,mask_fragment,1024,1.0,150000,909,150000,late_mask_fragment,3,ORDER_BY,5,132.28619999999998,145.0764,120.677,145.0764,150000,0,sha256:92b825cb6ca6efd8c921ae328d9dcd567e5fc1cecda65d185180a168e33b45c9
mask_fragment-n150000-w1024-m1000-s909,mask_fragment,1024,1.0,150000,909,150000,late_mask_fragment,4,PROJECTION,5,3.4954999999999994,4.0953,3.202200000000001,4.0953,150000,0,sha256:92b825cb6ca6efd8c921ae328d9dcd567e5fc1cecda65d185180a168e33b45c9
mask_fragment-n150000-w1024-m1000-s909,mask_fragment,1024,1.0,150000,909,150000,late_mask_fragment,5,PROJECTION,5,2504.9545,3172.273999999999,2137.2353999999996,3172.273999999999,150000,0,sha256:92b825cb6ca6efd8c921ae328d9dcd567e5fc1cecda65d185180a168e33b45c9
mask_fragment-n150000-w1024-m1000-s909,mask_fragment,1024,1.0,150000,909,150000,late_mask_fragment,6,HASH_JOIN,5,2.2610999999999994,3.4263000000000003,2.1743000000000006,3.4263000000000003,150000,0,sha256:92b825cb6ca6efd8c921ae328d9dcd567e5fc1cecda65d185180a168e33b45c9
mask_fragment-n150000-w1024-m1000-s909,mask_fragment,1024,1.0,150000,909,150000,late_mask_fragment,7,SEQ_SCAN,5,12.564199999999996,13.927199999999997,9.8866,13.927199999999997,150000,150000,sha256:92b825cb6ca6efd8c921ae328d9dcd567e5fc1cecda65d185180a168e33b45c9
mask_fragment-n150000-w1024-m1000-s909,mask_fragment,1024,1.0,150000,909,150000,late_mask_fragment,8,SEQ_SCAN,5,0.0371,0.0906,0.0201,0.0906,10000,10000,sha256:92b825cb6ca6efd8c921ae328d9dcd567e5fc1cecda65d185180a168e33b45c9
mask_fragment-n150000-w2048-m0100-s707,mask_fragment,2048,0.1,150000,707,15000,early_mask_fragment,0,EXPLAIN_ANALYZE,5,0.00039999999999999996,0.00039999999999999996,0.00019999999999999998,0.00039999999999999996,0,0,sha256:1a43e0ddf8cc02438cc76d27ba1cce86da34109d2e43dcc8ed7c9d581b95b39d
mask_fragment-n150000-w2048-m0100-s707,mask_fragment,2048,0.1,150000,707,15000,early_mask_fragment,1,BATCH_CREATE_TABLE_AS,5,2.2567999999999997,7.161899999999999,1.0703,7.161899999999999,1,0,sha256:1a43e0ddf8cc02438cc76d27ba1cce86da34109d2e43dcc8ed7c9d581b95b39d
mask_fragment-n150000-w2048-m0100-s707,mask_fragment,2048,0.1,150000,707,15000,early_mask_fragment,2,CTE,5,30.3047,44.173199999999994,28.056,44.173199999999994,0,0,sha256:1a43e0ddf8cc02438cc76d27ba1cce86da34109d2e43dcc8ed7c9d581b95b39d
mask_fragment-n150000-w2048-m0100-s707,mask_fragment,2048,0.1,150000,707,15000,early_mask_fragment,3,PROJECTION,5,4625.615999999999,5732.4454,4031.263900000001,5732.4454,150000,0,sha256:1a43e0ddf8cc02438cc76d27ba1cce86da34109d2e43dcc8ed7c9d581b95b39d
mask_fragment-n150000-w2048-m0100-s707,mask_fragment,2048,0.1,150000,707,15000,early_mask_fragment,4,SEQ_SCAN,5,16.737599999999997,26.14229999999999,11.467799999999997,26.14229999999999,150000,150000,sha256:1a43e0ddf8cc02438cc76d27ba1cce86da34109d2e43dcc8ed7c9d581b95b39d
mask_fragment-n150000-w2048-m0100-s707,mask_fragment,2048,0.1,150000,707,15000,early_mask_fragment,5,PROJECTION,5,0.0578,0.2785,0.027499999999999997,0.2785,15000,0,sha256:1a43e0ddf8cc02438cc76d27ba1cce86da34109d2e43dcc8ed7c9d581b95b39d
mask_fragment-n150000-w2048-m0100-s707,mask_fragment,2048,0.1,150000,707,15000,early_mask_fragment,6,ORDER_BY,5,14.1873,15.7498,11.7272,15.7498,15000,0,sha256:1a43e0ddf8cc02438cc76d27ba1cce86da34109d2e43dcc8ed7c9d581b95b39d
mask_fragment-n150000-w2048-m0100-s707,mask_fragment,2048,0.1,150000,707,15000,early_mask_fragment,7,PROJECTION,5,0.055,0.1137,0.04340000000000001,0.1137,15000,0,sha256:1a43e0ddf8cc02438cc76d27ba1cce86da34109d2e43dcc8ed7c9d581b95b39d
mask_fragment-n150000-w2048-m0100-s707,mask_fragment,2048,0.1,150000,707,15000,early_mask_fragment,8,HASH_JOIN,5,5.2416,7.5852,3.9762,7.5852,15000,0,sha256:1a43e0ddf8cc02438cc76d27ba1cce86da34109d2e43dcc8ed7c9d581b95b39d
mask_fragment-n150000-w2048-m0100-s707,mask_fragment,2048,0.1,150000,707,15000,early_mask_fragment,9,CTE_SCAN,5,0.4054,5.1219,0.30099999999999993,5.1219,150000,0,sha256:1a43e0ddf8cc02438cc76d27ba1cce86da34109d2e43dcc8ed7c9d581b95b39d
mask_fragment-n150000-w2048-m0100-s707,mask_fragment,2048,0.1,150000,707,15000,early_mask_fragment,10,SEQ_SCAN,5,0.031,0.44980000000000003,0.024200000000000003,0.44980000000000003,10000,10000,sha256:1a43e0ddf8cc02438cc76d27ba1cce86da34109d2e43dcc8ed7c9d581b95b39d
mask_fragment-n150000-w2048-m0100-s707,mask_fragment,2048,0.1,150000,707,15000,late_mask_fragment,0,EXPLAIN_ANALYZE,5,0.0003,0.0005,0.00019999999999999998,0.0005,0,0,sha256:18bd7fb3b6d02ff88c53bf4a74124c631590d7e276f031a9034dc7f9cb857902
mask_fragment-n150000-w2048-m0100-s707,mask_fragment,2048,0.1,150000,707,15000,late_mask_fragment,1,BATCH_CREATE_TABLE_AS,5,1.3342,1.9575,1.3025,1.9575,1,0,sha256:18bd7fb3b6d02ff88c53bf4a74124c631590d7e276f031a9034dc7f9cb857902
mask_fragment-n150000-w2048-m0100-s707,mask_fragment,2048,0.1,150000,707,15000,late_mask_fragment,2,PROJECTION,5,0.04680000000000001,0.31160000000000004,0.0391,0.31160000000000004,15000,0,sha256:18bd7fb3b6d02ff88c53bf4a74124c631590d7e276f031a9034dc7f9cb857902
mask_fragment-n150000-w2048-m0100-s707,mask_fragment,2048,0.1,150000,707,15000,late_mask_fragment,3,ORDER_BY,5,6.9395,9.5789,5.680299999999999,9.5789,15000,0,sha256:18bd7fb3b6d02ff88c53bf4a74124c631590d7e276f031a9034dc7f9cb857902
mask_fragment-n150000-w2048-m0100-s707,mask_fragment,2048,0.1,150000,707,15000,late_mask_fragment,4,PROJECTION,5,0.48669999999999997,0.7233999999999999,0.22500000000000003,0.7233999999999999,15000,0,sha256:18bd7fb3b6d02ff88c53bf4a74124c631590d7e276f031a9034dc7f9cb857902
mask_fragment-n150000-w2048-m0100-s707,mask_fragment,2048,0.1,150000,707,15000,late_mask_fragment,5,PROJECTION,5,423.49289999999996,447.69109999999995,370.00629999999995,447.69109999999995,15000,0,sha256:18bd7fb3b6d02ff88c53bf4a74124c631590d7e276f031a9034dc7f9cb857902
mask_fragment-n150000-w2048-m0100-s707,mask_fragment,2048,0.1,150000,707,15000,late_mask_fragment,6,HASH_JOIN,5,0.7079999999999999,0.7725000000000001,0.6214000000000001,0.7725000000000001,15000,0,sha256:18bd7fb3b6d02ff88c53bf4a74124c631590d7e276f031a9034dc7f9cb857902
mask_fragment-n150000-w2048-m0100-s707,mask_fragment,2048,0.1,150000,707,15000,late_mask_fragment,7,SEQ_SCAN,5,2.735,4.841600000000001,1.4389,4.841600000000001,15000,122880,sha256:18bd7fb3b6d02ff88c53bf4a74124c631590d7e276f031a9034dc7f9cb857902
mask_fragment-n150000-w2048-m0100-s707,mask_fragment,2048,0.1,150000,707,15000,late_mask_fragment,8,SEQ_SCAN,5,0.0354,0.0365,0.0271,0.0365,10000,10000,sha256:18bd7fb3b6d02ff88c53bf4a74124c631590d7e276f031a9034dc7f9cb857902
mask_fragment-n150000-w2048-m0100-s808,mask_fragment,2048,0.1,150000,808,15000,early_mask_fragment,0,EXPLAIN_ANALYZE,5,0.00019999999999999998,0.0005,0.00019999999999999998,0.0005,0,0,sha256:1a43e0ddf8cc02438cc76d27ba1cce86da34109d2e43dcc8ed7c9d581b95b39d
mask_fragment-n150000-w2048-m0100-s808,mask_fragment,2048,0.1,150000,808,15000,early_mask_fragment,1,BATCH_CREATE_TABLE_AS,5,2.1968,5.8315,1.1952999999999998,5.8315,1,0,sha256:1a43e0ddf8cc02438cc76d27ba1cce86da34109d2e43dcc8ed7c9d581b95b39d
mask_fragment-n150000-w2048-m0100-s808,mask_fragment,2048,0.1,150000,808,15000,early_mask_fragment,2,CTE,5,29.723000000000006,32.6313,22.7617,32.6313,0,0,sha256:1a43e0ddf8cc02438cc76d27ba1cce86da34109d2e43dcc8ed7c9d581b95b39d
mask_fragment-n150000-w2048-m0100-s808,mask_fragment,2048,0.1,150000,808,15000,early_mask_fragment,3,PROJECTION,5,4305.1407,5002.379900000001,4230.3385,5002.379900000001,150000,0,sha256:1a43e0ddf8cc02438cc76d27ba1cce86da34109d2e43dcc8ed7c9d581b95b39d
mask_fragment-n150000-w2048-m0100-s808,mask_fragment,2048,0.1,150000,808,15000,early_mask_fragment,4,SEQ_SCAN,5,17.4385,18.0863,11.935399999999998,18.0863,150000,150000,sha256:1a43e0ddf8cc02438cc76d27ba1cce86da34109d2e43dcc8ed7c9d581b95b39d
mask_fragment-n150000-w2048-m0100-s808,mask_fragment,2048,0.1,150000,808,15000,early_mask_fragment,5,PROJECTION,5,0.07369999999999999,0.1064,0.0265,0.1064,15000,0,sha256:1a43e0ddf8cc02438cc76d27ba1cce86da34109d2e43dcc8ed7c9d581b95b39d
mask_fragment-n150000-w2048-m0100-s808,mask_fragment,2048,0.1,150000,808,15000,early_mask_fragment,6,ORDER_BY,5,10.971,16.184800000000003,8.97,16.184800000000003,15000,0,sha256:1a43e0ddf8cc02438cc76d27ba1cce86da34109d2e43dcc8ed7c9d581b95b39d
mask_fragment-n150000-w2048-m0100-s808,mask_fragment,2048,0.1,150000,808,15000,early_mask_fragment,7,PROJECTION,5,0.0584,0.12209999999999999,0.051199999999999996,0.12209999999999999,15000,0,sha256:1a43e0ddf8cc02438cc76d27ba1cce86da34109d2e43dcc8ed7c9d581b95b39d
mask_fragment-n150000-w2048-m0100-s808,mask_fragment,2048,0.1,150000,808,15000,early_mask_fragment,8,HASH_JOIN,5,5.042599999999999,14.709599999999998,4.1517,14.709599999999998,15000,0,sha256:1a43e0ddf8cc02438cc76d27ba1cce86da34109d2e43dcc8ed7c9d581b95b39d
mask_fragment-n150000-w2048-m0100-s808,mask_fragment,2048,0.1,150000,808,15000,early_mask_fragment,9,CTE_SCAN,5,0.363,0.6428999999999999,0.3334,0.6428999999999999,150000,0,sha256:1a43e0ddf8cc02438cc76d27ba1cce86da34109d2e43dcc8ed7c9d581b95b39d
mask_fragment-n150000-w2048-m0100-s808,mask_fragment,2048,0.1,150000,808,15000,early_mask_fragment,10,SEQ_SCAN,5,0.027699999999999995,0.08650000000000001,0.0246,0.08650000000000001,10000,10000,sha256:1a43e0ddf8cc02438cc76d27ba1cce86da34109d2e43dcc8ed7c9d581b95b39d
mask_fragment-n150000-w2048-m0100-s808,mask_fragment,2048,0.1,150000,808,15000,late_mask_fragment,0,EXPLAIN_ANALYZE,5,0.0003,0.0006,0.00019999999999999998,0.0006,0,0,sha256:18bd7fb3b6d02ff88c53bf4a74124c631590d7e276f031a9034dc7f9cb857902
mask_fragment-n150000-w2048-m0100-s808,mask_fragment,2048,0.1,150000,808,15000,late_mask_fragment,1,BATCH_CREATE_TABLE_AS,5,1.6481000000000001,2.2992000000000004,1.4173999999999998,2.2992000000000004,1,0,sha256:18bd7fb3b6d02ff88c53bf4a74124c631590d7e276f031a9034dc7f9cb857902
mask_fragment-n150000-w2048-m0100-s808,mask_fragment,2048,0.1,150000,808,15000,late_mask_fragment,2,PROJECTION,5,0.0547,0.12029999999999999,0.0489,0.12029999999999999,15000,0,sha256:18bd7fb3b6d02ff88c53bf4a74124c631590d7e276f031a9034dc7f9cb857902
mask_fragment-n150000-w2048-m0100-s808,mask_fragment,2048,0.1,150000,808,15000,late_mask_fragment,3,ORDER_BY,5,9.157700000000002,15.977400000000003,8.058599999999998,15.977400000000003,15000,0,sha256:18bd7fb3b6d02ff88c53bf4a74124c631590d7e276f031a9034dc7f9cb857902
mask_fragment-n150000-w2048-m0100-s808,mask_fragment,2048,0.1,150000,808,15000,late_mask_fragment,4,PROJECTION,5,0.5186999999999999,0.5613,0.2746,0.5613,15000,0,sha256:18bd7fb3b6d02ff88c53bf4a74124c631590d7e276f031a9034dc7f9cb857902
mask_fragment-n150000-w2048-m0100-s808,mask_fragment,2048,0.1,150000,808,15000,late_mask_fragment,5,PROJECTION,5,377.9821,410.16739999999993,355.43829999999997,410.16739999999993,15000,0,sha256:18bd7fb3b6d02ff88c53bf4a74124c631590d7e276f031a9034dc7f9cb857902
mask_fragment-n150000-w2048-m0100-s808,mask_fragment,2048,0.1,150000,808,15000,late_mask_fragment,6,HASH_JOIN,5,0.8175999999999999,0.9141,0.7312,0.9141,15000,0,sha256:18bd7fb3b6d02ff88c53bf4a74124c631590d7e276f031a9034dc7f9cb857902
mask_fragment-n150000-w2048-m0100-s808,mask_fragment,2048,0.1,150000,808,15000,late_mask_fragment,7,SEQ_SCAN,5,2.9425,3.4741,1.6161,3.4741,15000,122880,sha256:18bd7fb3b6d02ff88c53bf4a74124c631590d7e276f031a9034dc7f9cb857902
mask_fragment-n150000-w2048-m0100-s808,mask_fragment,2048,0.1,150000,808,15000,late_mask_fragment,8,SEQ_SCAN,5,0.0357,0.0447,0.027299999999999998,0.0447,10000,10000,sha256:18bd7fb3b6d02ff88c53bf4a74124c631590d7e276f031a9034dc7f9cb857902
mask_fragment-n150000-w2048-m0100-s909,mask_fragment,2048,0.1,150000,909,15000,early_mask_fragment,0,EXPLAIN_ANALYZE,5,0.00039999999999999996,0.0014,0.00019999999999999998,0.0014,0,0,sha256:1a43e0ddf8cc02438cc76d27ba1cce86da34109d2e43dcc8ed7c9d581b95b39d
mask_fragment-n150000-w2048-m0100-s909,mask_fragment,2048,0.1,150000,909,15000,early_mask_fragment,1,BATCH_CREATE_TABLE_AS,5,1.6817000000000002,4.018000000000001,1.206,4.018000000000001,1,0,sha256:1a43e0ddf8cc02438cc76d27ba1cce86da34109d2e43dcc8ed7c9d581b95b39d
mask_fragment-n150000-w2048-m0100-s909,mask_fragment,2048,0.1,150000,909,15000,early_mask_fragment,2,CTE,5,29.8202,33.1533,27.135999999999996,33.1533,0,0,sha256:1a43e0ddf8cc02438cc76d27ba1cce86da34109d2e43dcc8ed7c9d581b95b39d
mask_fragment-n150000-w2048-m0100-s909,mask_fragment,2048,0.1,150000,909,15000,early_mask_fragment,3,PROJECTION,5,4383.704900000001,4975.3676000000005,3860.4966,4975.3676000000005,150000,0,sha256:1a43e0ddf8cc02438cc76d27ba1cce86da34109d2e43dcc8ed7c9d581b95b39d
mask_fragment-n150000-w2048-m0100-s909,mask_fragment,2048,0.1,150000,909,15000,early_mask_fragment,4,SEQ_SCAN,5,14.611299999999996,14.868099999999998,14.049599999999995,14.868099999999998,150000,150000,sha256:1a43e0ddf8cc02438cc76d27ba1cce86da34109d2e43dcc8ed7c9d581b95b39d
mask_fragment-n150000-w2048-m0100-s909,mask_fragment,2048,0.1,150000,909,15000,early_mask_fragment,5,PROJECTION,5,0.045000000000000005,0.11220000000000001,0.031,0.11220000000000001,15000,0,sha256:1a43e0ddf8cc02438cc76d27ba1cce86da34109d2e43dcc8ed7c9d581b95b39d
mask_fragment-n150000-w2048-m0100-s909,mask_fragment,2048,0.1,150000,909,15000,early_mask_fragment,6,ORDER_BY,5,11.319500000000001,15.214699999999999,8.8284,15.214699999999999,15000,0,sha256:1a43e0ddf8cc02438cc76d27ba1cce86da34109d2e43dcc8ed7c9d581b95b39d
mask_fragment-n150000-w2048-m0100-s909,mask_fragment,2048,0.1,150000,909,15000,early_mask_fragment,7,PROJECTION,5,0.0524,0.0788,0.041999999999999996,0.0788,15000,0,sha256:1a43e0ddf8cc02438cc76d27ba1cce86da34109d2e43dcc8ed7c9d581b95b39d
mask_fragment-n150000-w2048-m0100-s909,mask_fragment,2048,0.1,150000,909,15000,early_mask_fragment,8,HASH_JOIN,5,5.3523000000000005,6.1339,4.957599999999999,6.1339,15000,0,sha256:1a43e0ddf8cc02438cc76d27ba1cce86da34109d2e43dcc8ed7c9d581b95b39d
mask_fragment-n150000-w2048-m0100-s909,mask_fragment,2048,0.1,150000,909,15000,early_mask_fragment,9,CTE_SCAN,5,0.47600000000000003,0.7202999999999999,0.37170000000000003,0.7202999999999999,150000,0,sha256:1a43e0ddf8cc02438cc76d27ba1cce86da34109d2e43dcc8ed7c9d581b95b39d
mask_fragment-n150000-w2048-m0100-s909,mask_fragment,2048,0.1,150000,909,15000,early_mask_fragment,10,SEQ_SCAN,5,0.0336,0.05989999999999999,0.022099999999999998,0.05989999999999999,10000,10000,sha256:1a43e0ddf8cc02438cc76d27ba1cce86da34109d2e43dcc8ed7c9d581b95b39d
mask_fragment-n150000-w2048-m0100-s909,mask_fragment,2048,0.1,150000,909,15000,late_mask_fragment,0,EXPLAIN_ANALYZE,5,0.0003,0.00039999999999999996,0.00019999999999999998,0.00039999999999999996,0,0,sha256:18bd7fb3b6d02ff88c53bf4a74124c631590d7e276f031a9034dc7f9cb857902
mask_fragment-n150000-w2048-m0100-s909,mask_fragment,2048,0.1,150000,909,15000,late_mask_fragment,1,BATCH_CREATE_TABLE_AS,5,1.9326999999999999,2.5217000000000005,1.7644000000000002,2.5217000000000005,1,0,sha256:18bd7fb3b6d02ff88c53bf4a74124c631590d7e276f031a9034dc7f9cb857902
mask_fragment-n150000-w2048-m0100-s909,mask_fragment,2048,0.1,150000,909,15000,late_mask_fragment,2,PROJECTION,5,0.12449999999999999,0.1694,0.060599999999999994,0.1694,15000,0,sha256:18bd7fb3b6d02ff88c53bf4a74124c631590d7e276f031a9034dc7f9cb857902
mask_fragment-n150000-w2048-m0100-s909,mask_fragment,2048,0.1,150000,909,15000,late_mask_fragment,3,ORDER_BY,5,12.087299999999999,13.9368,11.0838,13.9368,15000,0,sha256:18bd7fb3b6d02ff88c53bf4a74124c631590d7e276f031a9034dc7f9cb857902
mask_fragment-n150000-w2048-m0100-s909,mask_fragment,2048,0.1,150000,909,15000,late_mask_fragment,4,PROJECTION,5,0.5518000000000001,1.9307999999999998,0.27909999999999996,1.9307999999999998,15000,0,sha256:18bd7fb3b6d02ff88c53bf4a74124c631590d7e276f031a9034dc7f9cb857902
mask_fragment-n150000-w2048-m0100-s909,mask_fragment,2048,0.1,150000,909,15000,late_mask_fragment,5,PROJECTION,5,440.8842,465.06230000000005,416.0615000000001,465.06230000000005,15000,0,sha256:18bd7fb3b6d02ff88c53bf4a74124c631590d7e276f031a9034dc7f9cb857902
mask_fragment-n150000-w2048-m0100-s909,mask_fragment,2048,0.1,150000,909,15000,late_mask_fragment,6,HASH_JOIN,5,0.8106,1.5195999999999998,0.6527,1.5195999999999998,15000,0,sha256:18bd7fb3b6d02ff88c53bf4a74124c631590d7e276f031a9034dc7f9cb857902
mask_fragment-n150000-w2048-m0100-s909,mask_fragment,2048,0.1,150000,909,15000,late_mask_fragment,7,SEQ_SCAN,5,2.3767,3.0528999999999993,1.6315000000000002,3.0528999999999993,15000,122880,sha256:18bd7fb3b6d02ff88c53bf4a74124c631590d7e276f031a9034dc7f9cb857902
mask_fragment-n150000-w2048-m0100-s909,mask_fragment,2048,0.1,150000,909,15000,late_mask_fragment,8,SEQ_SCAN,5,0.029500000000000002,0.04660000000000001,0.020300000000000002,0.04660000000000001,10000,10000,sha256:18bd7fb3b6d02ff88c53bf4a74124c631590d7e276f031a9034dc7f9cb857902
mask_fragment-n150000-w2048-m0500-s707,mask_fragment,2048,0.5,150000,707,75000,early_mask_fragment,0,EXPLAIN_ANALYZE,5,0.0003,0.0003,0.0003,0.0003,0,0,sha256:1a43e0ddf8cc02438cc76d27ba1cce86da34109d2e43dcc8ed7c9d581b95b39d
mask_fragment-n150000-w2048-m0500-s707,mask_fragment,2048,0.5,150000,707,75000,early_mask_fragment,1,BATCH_CREATE_TABLE_AS,5,10.884500000000001,12.8489,9.310700000000002,12.8489,1,0,sha256:1a43e0ddf8cc02438cc76d27ba1cce86da34109d2e43dcc8ed7c9d581b95b39d
mask_fragment-n150000-w2048-m0500-s707,mask_fragment,2048,0.5,150000,707,75000,early_mask_fragment,2,CTE,5,25.2023,32.05410000000001,23.309299999999993,32.05410000000001,0,0,sha256:1a43e0ddf8cc02438cc76d27ba1cce86da34109d2e43dcc8ed7c9d581b95b39d
mask_fragment-n150000-w2048-m0500-s707,mask_fragment,2048,0.5,150000,707,75000,early_mask_fragment,3,PROJECTION,5,4666.2263,4701.787099999999,3953.1549000000005,4701.787099999999,150000,0,sha256:1a43e0ddf8cc02438cc76d27ba1cce86da34109d2e43dcc8ed7c9d581b95b39d
mask_fragment-n150000-w2048-m0500-s707,mask_fragment,2048,0.5,150000,707,75000,early_mask_fragment,4,SEQ_SCAN,5,14.698999999999998,15.6781,11.1442,15.6781,150000,150000,sha256:1a43e0ddf8cc02438cc76d27ba1cce86da34109d2e43dcc8ed7c9d581b95b39d
mask_fragment-n150000-w2048-m0500-s707,mask_fragment,2048,0.5,150000,707,75000,early_mask_fragment,5,PROJECTION,5,0.371,0.40230000000000005,0.3340999999999999,0.40230000000000005,75000,0,sha256:1a43e0ddf8cc02438cc76d27ba1cce86da34109d2e43dcc8ed7c9d581b95b39d
mask_fragment-n150000-w2048-m0500-s707,mask_fragment,2048,0.5,150000,707,75000,early_mask_fragment,6,ORDER_BY,5,65.45070000000001,74.674,63.464099999999995,74.674,75000,0,sha256:1a43e0ddf8cc02438cc76d27ba1cce86da34109d2e43dcc8ed7c9d581b95b39d
mask_fragment-n150000-w2048-m0500-s707,mask_fragment,2048,0.5,150000,707,75000,early_mask_fragment,7,PROJECTION,5,0.2535,1.4489,0.1793,1.4489,75000,0,sha256:1a43e0ddf8cc02438cc76d27ba1cce86da34109d2e43dcc8ed7c9d581b95b39d
mask_fragment-n150000-w2048-m0500-s707,mask_fragment,2048,0.5,150000,707,75000,early_mask_fragment,8,HASH_JOIN,5,8.240999999999998,13.707699999999999,6.1829,13.707699999999999,75000,0,sha256:1a43e0ddf8cc02438cc76d27ba1cce86da34109d2e43dcc8ed7c9d581b95b39d
mask_fragment-n150000-w2048-m0500-s707,mask_fragment,2048,0.5,150000,707,75000,early_mask_fragment,9,CTE_SCAN,5,0.5334000000000001,1.3291000000000002,0.35119999999999996,1.3291000000000002,150000,0,sha256:1a43e0ddf8cc02438cc76d27ba1cce86da34109d2e43dcc8ed7c9d581b95b39d
mask_fragment-n150000-w2048-m0500-s707,mask_fragment,2048,0.5,150000,707,75000,early_mask_fragment,10,SEQ_SCAN,5,0.041100000000000005,0.16,0.031100000000000003,0.16,10000,10000,sha256:1a43e0ddf8cc02438cc76d27ba1cce86da34109d2e43dcc8ed7c9d581b95b39d
mask_fragment-n150000-w2048-m0500-s707,mask_fragment,2048,0.5,150000,707,75000,late_mask_fragment,0,EXPLAIN_ANALYZE,5,0.00039999999999999996,0.0009,0.00019999999999999998,0.0009,0,0,sha256:18bd7fb3b6d02ff88c53bf4a74124c631590d7e276f031a9034dc7f9cb857902
mask_fragment-n150000-w2048-m0500-s707,mask_fragment,2048,0.5,150000,707,75000,late_mask_fragment,1,BATCH_CREATE_TABLE_AS,5,10.584900000000001,14.888599999999999,7.3055,14.888599999999999,1,0,sha256:18bd7fb3b6d02ff88c53bf4a74124c631590d7e276f031a9034dc7f9cb857902
mask_fragment-n150000-w2048-m0500-s707,mask_fragment,2048,0.5,150000,707,75000,late_mask_fragment,2,PROJECTION,5,0.5929999999999999,0.9055000000000002,0.4014,0.9055000000000002,75000,0,sha256:18bd7fb3b6d02ff88c53bf4a74124c631590d7e276f031a9034dc7f9cb857902
mask_fragment-n150000-w2048-m0500-s707,mask_fragment,2048,0.5,150000,707,75000,late_mask_fragment,3,ORDER_BY,5,66.23989999999999,94.2483,46.912,94.2483,75000,0,sha256:18bd7fb3b6d02ff88c53bf4a74124c631590d7e276f031a9034dc7f9cb857902
mask_fragment-n150000-w2048-m0500-s707,mask_fragment,2048,0.5,150000,707,75000,late_mask_fragment,4,PROJECTION,5,2.6558000000000006,3.5876,2.1711000000000005,3.5876,75000,0,sha256:18bd7fb3b6d02ff88c53bf4a74124c631590d7e276f031a9034dc7f9cb857902
mask_fragment-n150000-w2048-m0500-s707,mask_fragment,2048,0.5,150000,707,75000,late_mask_fragment,5,PROJECTION,5,2121.3644,2847.9028999999996,1870.2711000000002,2847.9028999999996,75000,0,sha256:18bd7fb3b6d02ff88c53bf4a74124c631590d7e276f031a9034dc7f9cb857902
mask_fragment-n150000-w2048-m0500-s707,mask_fragment,2048,0.5,150000,707,75000,late_mask_fragment,6,HASH_JOIN,5,1.678,3.2272000000000003,1.2648,3.2272000000000003,75000,0,sha256:18bd7fb3b6d02ff88c53bf4a74124c631590d7e276f031a9034dc7f9cb857902
mask_fragment-n150000-w2048-m0500-s707,mask_fragment,2048,0.5,150000,707,75000,late_mask_fragment,7,SEQ_SCAN,5,9.867299999999998,11.310200000000004,6.386299999999999,11.310200000000004,75000,122880,sha256:18bd7fb3b6d02ff88c53bf4a74124c631590d7e276f031a9034dc7f9cb857902
mask_fragment-n150000-w2048-m0500-s707,mask_fragment,2048,0.5,150000,707,75000,late_mask_fragment,8,SEQ_SCAN,5,0.043,0.06149999999999999,0.029900000000000003,0.06149999999999999,10000,10000,sha256:18bd7fb3b6d02ff88c53bf4a74124c631590d7e276f031a9034dc7f9cb857902
mask_fragment-n150000-w2048-m0500-s808,mask_fragment,2048,0.5,150000,808,75000,early_mask_fragment,0,EXPLAIN_ANALYZE,5,0.0005,0.0005,0.00019999999999999998,0.0005,0,0,sha256:1a43e0ddf8cc02438cc76d27ba1cce86da34109d2e43dcc8ed7c9d581b95b39d
mask_fragment-n150000-w2048-m0500-s808,mask_fragment,2048,0.5,150000,808,75000,early_mask_fragment,1,BATCH_CREATE_TABLE_AS,5,12.426200000000001,13.447000000000001,12.129299999999999,13.447000000000001,1,0,sha256:1a43e0ddf8cc02438cc76d27ba1cce86da34109d2e43dcc8ed7c9d581b95b39d
mask_fragment-n150000-w2048-m0500-s808,mask_fragment,2048,0.5,150000,808,75000,early_mask_fragment,2,CTE,5,29.7455,40.3637,25.865800000000004,40.3637,0,0,sha256:1a43e0ddf8cc02438cc76d27ba1cce86da34109d2e43dcc8ed7c9d581b95b39d
mask_fragment-n150000-w2048-m0500-s808,mask_fragment,2048,0.5,150000,808,75000,early_mask_fragment,3,PROJECTION,5,5189.093699999999,5671.8108999999995,4435.4796,5671.8108999999995,150000,0,sha256:1a43e0ddf8cc02438cc76d27ba1cce86da34109d2e43dcc8ed7c9d581b95b39d
mask_fragment-n150000-w2048-m0500-s808,mask_fragment,2048,0.5,150000,808,75000,early_mask_fragment,4,SEQ_SCAN,5,19.312099999999997,26.411899999999992,15.238700000000005,26.411899999999992,150000,150000,sha256:1a43e0ddf8cc02438cc76d27ba1cce86da34109d2e43dcc8ed7c9d581b95b39d
mask_fragment-n150000-w2048-m0500-s808,mask_fragment,2048,0.5,150000,808,75000,early_mask_fragment,5,PROJECTION,5,0.47290000000000004,0.5229999999999999,0.29889999999999994,0.5229999999999999,75000,0,sha256:1a43e0ddf8cc02438cc76d27ba1cce86da34109d2e43dcc8ed7c9d581b95b39d
mask_fragment-n150000-w2048-m0500-s808,mask_fragment,2048,0.5,150000,808,75000,early_mask_fragment,6,ORDER_BY,5,74.67660000000001,141.9959,67.6361,141.9959,75000,0,sha256:1a43e0ddf8cc02438cc76d27ba1cce86da34109d2e43dcc8ed7c9d581b95b39d
mask_fragment-n150000-w2048-m0500-s808,mask_fragment,2048,0.5,150000,808,75000,early_mask_fragment,7,PROJECTION,5,0.23800000000000002,0.34009999999999996,0.20609999999999998,0.34009999999999996,75000,0,sha256:1a43e0ddf8cc02438cc76d27ba1cce86da34109d2e43dcc8ed7c9d581b95b39d
mask_fragment-n150000-w2048-m0500-s808,mask_fragment,2048,0.5,150000,808,75000,early_mask_fragment,8,HASH_JOIN,5,6.9158,12.0409,5.8436,12.0409,75000,0,sha256:1a43e0ddf8cc02438cc76d27ba1cce86da34109d2e43dcc8ed7c9d581b95b39d
mask_fragment-n150000-w2048-m0500-s808,mask_fragment,2048,0.5,150000,808,75000,early_mask_fragment,9,CTE_SCAN,5,0.4393,0.9301999999999998,0.41669999999999996,0.9301999999999998,150000,0,sha256:1a43e0ddf8cc02438cc76d27ba1cce86da34109d2e43dcc8ed7c9d581b95b39d
mask_fragment-n150000-w2048-m0500-s808,mask_fragment,2048,0.5,150000,808,75000,early_mask_fragment,10,SEQ_SCAN,5,0.0367,0.07629999999999999,0.028000000000000004,0.07629999999999999,10000,10000,sha256:1a43e0ddf8cc02438cc76d27ba1cce86da34109d2e43dcc8ed7c9d581b95b39d
mask_fragment-n150000-w2048-m0500-s808,mask_fragment,2048,0.5,150000,808,75000,late_mask_fragment,0,EXPLAIN_ANALYZE,5,0.0003,0.0038,0.0003,0.0038,0,0,sha256:18bd7fb3b6d02ff88c53bf4a74124c631590d7e276f031a9034dc7f9cb857902
mask_fragment-n150000-w2048-m0500-s808,mask_fragment,2048,0.5,150000,808,75000,late_mask_fragment,1,BATCH_CREATE_TABLE_AS,5,9.767,11.155199999999997,7.715500000000003,11.155199999999997,1,0,sha256:18bd7fb3b6d02ff88c53bf4a74124c631590d7e276f031a9034dc7f9cb857902
mask_fragment-n150000-w2048-m0500-s808,mask_fragment,2048,0.5,150000,808,75000,late_mask_fragment,2,PROJECTION,5,0.5393999999999999,0.8307000000000002,0.40040000000000003,0.8307000000000002,75000,0,sha256:18bd7fb3b6d02ff88c53bf4a74124c631590d7e276f031a9034dc7f9cb857902
mask_fragment-n150000-w2048-m0500-s808,mask_fragment,2048,0.5,150000,808,75000,late_mask_fragment,3,ORDER_BY,5,70.88829999999999,78.87749999999998,60.86930000000001,78.87749999999998,75000,0,sha256:18bd7fb3b6d02ff88c53bf4a74124c631590d7e276f031a9034dc7f9cb857902
mask_fragment-n150000-w2048-m0500-s808,mask_fragment,2048,0.5,150000,808,75000,late_mask_fragment,4,PROJECTION,5,3.6002000000000005,5.062799999999999,2.0985000000000005,5.062799999999999,75000,0,sha256:18bd7fb3b6d02ff88c53bf4a74124c631590d7e276f031a9034dc7f9cb857902
mask_fragment-n150000-w2048-m0500-s808,mask_fragment,2048,0.5,150000,808,75000,late_mask_fragment,5,PROJECTION,5,2294.5496000000003,2402.8013999999994,1835.6858,2402.8013999999994,75000,0,sha256:18bd7fb3b6d02ff88c53bf4a74124c631590d7e276f031a9034dc7f9cb857902
mask_fragment-n150000-w2048-m0500-s808,mask_fragment,2048,0.5,150000,808,75000,late_mask_fragment,6,HASH_JOIN,5,1.5043000000000002,1.9188999999999998,1.3175000000000001,1.9188999999999998,75000,0,sha256:18bd7fb3b6d02ff88c53bf4a74124c631590d7e276f031a9034dc7f9cb857902
mask_fragment-n150000-w2048-m0500-s808,mask_fragment,2048,0.5,150000,808,75000,late_mask_fragment,7,SEQ_SCAN,5,7.596799999999999,15.050000000000004,6.6362,15.050000000000004,75000,122880,sha256:18bd7fb3b6d02ff88c53bf4a74124c631590d7e276f031a9034dc7f9cb857902
mask_fragment-n150000-w2048-m0500-s808,mask_fragment,2048,0.5,150000,808,75000,late_mask_fragment,8,SEQ_SCAN,5,0.03620000000000001,0.0537,0.0295,0.0537,10000,10000,sha256:18bd7fb3b6d02ff88c53bf4a74124c631590d7e276f031a9034dc7f9cb857902
mask_fragment-n150000-w2048-m0500-s909,mask_fragment,2048,0.5,150000,909,75000,early_mask_fragment,0,EXPLAIN_ANALYZE,5,0.0003,0.0003,0.00019999999999999998,0.0003,0,0,sha256:1a43e0ddf8cc02438cc76d27ba1cce86da34109d2e43dcc8ed7c9d581b95b39d
mask_fragment-n150000-w2048-m0500-s909,mask_fragment,2048,0.5,150000,909,75000,early_mask_fragment,1,BATCH_CREATE_TABLE_AS,5,10.882499999999999,13.329299999999996,8.4596,13.329299999999996,1,0,sha256:1a43e0ddf8cc02438cc76d27ba1cce86da34109d2e43dcc8ed7c9d581b95b39d
mask_fragment-n150000-w2048-m0500-s909,mask_fragment,2048,0.5,150000,909,75000,early_mask_fragment,2,CTE,5,31.400399999999994,39.16160000000001,24.47199999999999,39.16160000000001,0,0,sha256:1a43e0ddf8cc02438cc76d27ba1cce86da34109d2e43dcc8ed7c9d581b95b39d
mask_fragment-n150000-w2048-m0500-s909,mask_fragment,2048,0.5,150000,909,75000,early_mask_fragment,3,PROJECTION,5,4644.012,5723.8976999999995,4343.616900000001,5723.8976999999995,150000,0,sha256:1a43e0ddf8cc02438cc76d27ba1cce86da34109d2e43dcc8ed7c9d581b95b39d
mask_fragment-n150000-w2048-m0500-s909,mask_fragment,2048,0.5,150000,909,75000,early_mask_fragment,4,SEQ_SCAN,5,17.1122,19.811700000000002,15.528199999999995,19.811700000000002,150000,150000,sha256:1a43e0ddf8cc02438cc76d27ba1cce86da34109d2e43dcc8ed7c9d581b95b39d
mask_fragment-n150000-w2048-m0500-s909,mask_fragment,2048,0.5,150000,909,75000,early_mask_fragment,5,PROJECTION,5,0.3439999999999999,0.5617000000000001,0.2735,0.5617000000000001,75000,0,sha256:1a43e0ddf8cc02438cc76d27ba1cce86da34109d2e43dcc8ed7c9d581b95b39d
mask_fragment-n150000-w2048-m0500-s909,mask_fragment,2048,0.5,150000,909,75000,early_mask_fragment,6,ORDER_BY,5,80.88060000000002,84.1999,57.366299999999995,84.1999,75000,0,sha256:1a43e0ddf8cc02438cc76d27ba1cce86da34109d2e43dcc8ed7c9d581b95b39d
mask_fragment-n150000-w2048-m0500-s909,mask_fragment,2048,0.5,150000,909,75000,early_mask_fragment,7,PROJECTION,5,0.2052,0.3608,0.18939999999999999,0.3608,75000,0,sha256:1a43e0ddf8cc02438cc76d27ba1cce86da34109d2e43dcc8ed7c9d581b95b39d
mask_fragment-n150000-w2048-m0500-s909,mask_fragment,2048,0.5,150000,909,75000,early_mask_fragment,8,HASH_JOIN,5,6.5391,9.184700000000001,5.8352,9.184700000000001,75000,0,sha256:1a43e0ddf8cc02438cc76d27ba1cce86da34109d2e43dcc8ed7c9d581b95b39d
mask_fragment-n150000-w2048-m0500-s909,mask_fragment,2048,0.5,150000,909,75000,early_mask_fragment,9,CTE_SCAN,5,0.43860000000000005,0.6161,0.3546,0.6161,150000,0,sha256:1a43e0ddf8cc02438cc76d27ba1cce86da34109d2e43dcc8ed7c9d581b95b39d
mask_fragment-n150000-w2048-m0500-s909,mask_fragment,2048,0.5,150000,909,75000,early_mask_fragment,10,SEQ_SCAN,5,0.0324,0.1103,0.023500000000000004,0.1103,10000,10000,sha256:1a43e0ddf8cc02438cc76d27ba1cce86da34109d2e43dcc8ed7c9d581b95b39d
mask_fragment-n150000-w2048-m0500-s909,mask_fragment,2048,0.5,150000,909,75000,late_mask_fragment,0,EXPLAIN_ANALYZE,5,0.0003,0.0011,0.0003,0.0011,0,0,sha256:18bd7fb3b6d02ff88c53bf4a74124c631590d7e276f031a9034dc7f9cb857902
mask_fragment-n150000-w2048-m0500-s909,mask_fragment,2048,0.5,150000,909,75000,late_mask_fragment,1,BATCH_CREATE_TABLE_AS,5,9.6962,14.135399999999997,7.421700000000002,14.135399999999997,1,0,sha256:18bd7fb3b6d02ff88c53bf4a74124c631590d7e276f031a9034dc7f9cb857902
mask_fragment-n150000-w2048-m0500-s909,mask_fragment,2048,0.5,150000,909,75000,late_mask_fragment,2,PROJECTION,5,0.6419999999999998,0.7934,0.4397999999999999,0.7934,75000,0,sha256:18bd7fb3b6d02ff88c53bf4a74124c631590d7e276f031a9034dc7f9cb857902
mask_fragment-n150000-w2048-m0500-s909,mask_fragment,2048,0.5,150000,909,75000,late_mask_fragment,3,ORDER_BY,5,60.2892,73.7943,47.9393,73.7943,75000,0,sha256:18bd7fb3b6d02ff88c53bf4a74124c631590d7e276f031a9034dc7f9cb857902
mask_fragment-n150000-w2048-m0500-s909,mask_fragment,2048,0.5,150000,909,75000,late_mask_fragment,4,PROJECTION,5,2.0103,2.1656000000000004,1.5240000000000002,2.1656000000000004,75000,0,sha256:18bd7fb3b6d02ff88c53bf4a74124c631590d7e276f031a9034dc7f9cb857902
mask_fragment-n150000-w2048-m0500-s909,mask_fragment,2048,0.5,150000,909,75000,late_mask_fragment,5,PROJECTION,5,1913.5111000000002,2333.700499999999,1879.745,2333.700499999999,75000,0,sha256:18bd7fb3b6d02ff88c53bf4a74124c631590d7e276f031a9034dc7f9cb857902
mask_fragment-n150000-w2048-m0500-s909,mask_fragment,2048,0.5,150000,909,75000,late_mask_fragment,6,HASH_JOIN,5,1.8899000000000001,2.1474,1.3049000000000002,2.1474,75000,0,sha256:18bd7fb3b6d02ff88c53bf4a74124c631590d7e276f031a9034dc7f9cb857902
mask_fragment-n150000-w2048-m0500-s909,mask_fragment,2048,0.5,150000,909,75000,late_mask_fragment,7,SEQ_SCAN,5,9.402700000000001,10.400400000000001,5.7715000000000005,10.400400000000001,75000,122880,sha256:18bd7fb3b6d02ff88c53bf4a74124c631590d7e276f031a9034dc7f9cb857902
mask_fragment-n150000-w2048-m0500-s909,mask_fragment,2048,0.5,150000,909,75000,late_mask_fragment,8,SEQ_SCAN,5,0.0464,0.08190000000000001,0.030199999999999998,0.08190000000000001,10000,10000,sha256:18bd7fb3b6d02ff88c53bf4a74124c631590d7e276f031a9034dc7f9cb857902
mask_fragment-n150000-w2048-m1000-s707,mask_fragment,2048,1.0,150000,707,150000,early_mask_fragment,0,EXPLAIN_ANALYZE,5,0.0003,0.00039999999999999996,0.0003,0.00039999999999999996,0,0,sha256:1a43e0ddf8cc02438cc76d27ba1cce86da34109d2e43dcc8ed7c9d581b95b39d
mask_fragment-n150000-w2048-m1000-s707,mask_fragment,2048,1.0,150000,707,150000,early_mask_fragment,1,BATCH_CREATE_TABLE_AS,5,25.628000000000004,27.135299999999997,22.082700000000006,27.135299999999997,1,0,sha256:1a43e0ddf8cc02438cc76d27ba1cce86da34109d2e43dcc8ed7c9d581b95b39d
mask_fragment-n150000-w2048-m1000-s707,mask_fragment,2048,1.0,150000,707,150000,early_mask_fragment,2,CTE,5,27.6646,31.324099999999994,24.2189,31.324099999999994,0,0,sha256:1a43e0ddf8cc02438cc76d27ba1cce86da34109d2e43dcc8ed7c9d581b95b39d
mask_fragment-n150000-w2048-m1000-s707,mask_fragment,2048,1.0,150000,707,150000,early_mask_fragment,3,PROJECTION,5,4592.0841,5059.1265,4469.915800000001,5059.1265,150000,0,sha256:1a43e0ddf8cc02438cc76d27ba1cce86da34109d2e43dcc8ed7c9d581b95b39d
mask_fragment-n150000-w2048-m1000-s707,mask_fragment,2048,1.0,150000,707,150000,early_mask_fragment,4,SEQ_SCAN,5,15.007399999999997,21.306500000000007,13.5556,21.306500000000007,150000,150000,sha256:1a43e0ddf8cc02438cc76d27ba1cce86da34109d2e43dcc8ed7c9d581b95b39d
mask_fragment-n150000-w2048-m1000-s707,mask_fragment,2048,1.0,150000,707,150000,early_mask_fragment,5,PROJECTION,5,0.8700000000000003,0.9483,0.6925999999999998,0.9483,150000,0,sha256:1a43e0ddf8cc02438cc76d27ba1cce86da34109d2e43dcc8ed7c9d581b95b39d
mask_fragment-n150000-w2048-m1000-s707,mask_fragment,2048,1.0,150000,707,150000,early_mask_fragment,6,ORDER_BY,5,144.04429999999996,173.16209999999998,132.9152,173.16209999999998,150000,0,sha256:1a43e0ddf8cc02438cc76d27ba1cce86da34109d2e43dcc8ed7c9d581b95b39d
mask_fragment-n150000-w2048-m1000-s707,mask_fragment,2048,1.0,150000,707,150000,early_mask_fragment,7,PROJECTION,5,0.41089999999999993,0.4601999999999999,0.3202,0.4601999999999999,150000,0,sha256:1a43e0ddf8cc02438cc76d27ba1cce86da34109d2e43dcc8ed7c9d581b95b39d
mask_fragment-n150000-w2048-m1000-s707,mask_fragment,2048,1.0,150000,707,150000,early_mask_fragment,8,HASH_JOIN,5,12.4535,14.113199999999997,7.628499999999999,14.113199999999997,150000,0,sha256:1a43e0ddf8cc02438cc76d27ba1cce86da34109d2e43dcc8ed7c9d581b95b39d
mask_fragment-n150000-w2048-m1000-s707,mask_fragment,2048,1.0,150000,707,150000,early_mask_fragment,9,CTE_SCAN,5,0.6216,0.8585999999999999,0.3926,0.8585999999999999,150000,0,sha256:1a43e0ddf8cc02438cc76d27ba1cce86da34109d2e43dcc8ed7c9d581b95b39d
mask_fragment-n150000-w2048-m1000-s707,mask_fragment,2048,1.0,150000,707,150000,early_mask_fragment,10,SEQ_SCAN,5,0.04000000000000001,0.1331,0.0333,0.1331,10000,10000,sha256:1a43e0ddf8cc02438cc76d27ba1cce86da34109d2e43dcc8ed7c9d581b95b39d
mask_fragment-n150000-w2048-m1000-s707,mask_fragment,2048,1.0,150000,707,150000,late_mask_fragment,0,EXPLAIN_ANALYZE,5,0.0003,0.00039999999999999996,0.00019999999999999998,0.00039999999999999996,0,0,sha256:92b825cb6ca6efd8c921ae328d9dcd567e5fc1cecda65d185180a168e33b45c9
mask_fragment-n150000-w2048-m1000-s707,mask_fragment,2048,1.0,150000,707,150000,late_mask_fragment,1,BATCH_CREATE_TABLE_AS,5,24.370900000000002,27.375299999999996,18.546000000000003,27.375299999999996,1,0,sha256:92b825cb6ca6efd8c921ae328d9dcd567e5fc1cecda65d185180a168e33b45c9
mask_fragment-n150000-w2048-m1000-s707,mask_fragment,2048,1.0,150000,707,150000,late_mask_fragment,2,PROJECTION,5,1.3265999999999996,1.4001000000000006,1.0849,1.4001000000000006,150000,0,sha256:92b825cb6ca6efd8c921ae328d9dcd567e5fc1cecda65d185180a168e33b45c9
mask_fragment-n150000-w2048-m1000-s707,mask_fragment,2048,1.0,150000,707,150000,late_mask_fragment,3,ORDER_BY,5,149.29240000000001,180.08059999999998,116.8516,180.08059999999998,150000,0,sha256:92b825cb6ca6efd8c921ae328d9dcd567e5fc1cecda65d185180a168e33b45c9
mask_fragment-n150000-w2048-m1000-s707,mask_fragment,2048,1.0,150000,707,150000,late_mask_fragment,4,PROJECTION,5,3.3699000000000003,3.7037,2.7435,3.7037,150000,0,sha256:92b825cb6ca6efd8c921ae328d9dcd567e5fc1cecda65d185180a168e33b45c9
mask_fragment-n150000-w2048-m1000-s707,mask_fragment,2048,1.0,150000,707,150000,late_mask_fragment,5,PROJECTION,5,5290.833699999999,6051.820499999998,3950.646599999999,6051.820499999998,150000,0,sha256:92b825cb6ca6efd8c921ae328d9dcd567e5fc1cecda65d185180a168e33b45c9
mask_fragment-n150000-w2048-m1000-s707,mask_fragment,2048,1.0,150000,707,150000,late_mask_fragment,6,HASH_JOIN,5,2.8069999999999995,6.8085,2.3594000000000004,6.8085,150000,0,sha256:92b825cb6ca6efd8c921ae328d9dcd567e5fc1cecda65d185180a168e33b45c9
mask_fragment-n150000-w2048-m1000-s707,mask_fragment,2048,1.0,150000,707,150000,late_mask_fragment,7,SEQ_SCAN,5,14.640000000000004,16.720900000000004,11.509199999999998,16.720900000000004,150000,150000,sha256:92b825cb6ca6efd8c921ae328d9dcd567e5fc1cecda65d185180a168e33b45c9
mask_fragment-n150000-w2048-m1000-s707,mask_fragment,2048,1.0,150000,707,150000,late_mask_fragment,8,SEQ_SCAN,5,0.0702,0.1452,0.0336,0.1452,10000,10000,sha256:92b825cb6ca6efd8c921ae328d9dcd567e5fc1cecda65d185180a168e33b45c9
mask_fragment-n150000-w2048-m1000-s808,mask_fragment,2048,1.0,150000,808,150000,early_mask_fragment,0,EXPLAIN_ANALYZE,5,0.00019999999999999998,0.0003,0.00019999999999999998,0.0003,0,0,sha256:1a43e0ddf8cc02438cc76d27ba1cce86da34109d2e43dcc8ed7c9d581b95b39d
mask_fragment-n150000-w2048-m1000-s808,mask_fragment,2048,1.0,150000,808,150000,early_mask_fragment,1,BATCH_CREATE_TABLE_AS,5,26.76759999999999,31.0323,24.459999999999994,31.0323,1,0,sha256:1a43e0ddf8cc02438cc76d27ba1cce86da34109d2e43dcc8ed7c9d581b95b39d
mask_fragment-n150000-w2048-m1000-s808,mask_fragment,2048,1.0,150000,808,150000,early_mask_fragment,2,CTE,5,27.976999999999997,39.22740000000001,24.057800000000004,39.22740000000001,0,0,sha256:1a43e0ddf8cc02438cc76d27ba1cce86da34109d2e43dcc8ed7c9d581b95b39d
mask_fragment-n150000-w2048-m1000-s808,mask_fragment,2048,1.0,150000,808,150000,early_mask_fragment,3,PROJECTION,5,4526.418699999999,5358.9202,3955.3702000000017,5358.9202,150000,0,sha256:1a43e0ddf8cc02438cc76d27ba1cce86da34109d2e43dcc8ed7c9d581b95b39d
mask_fragment-n150000-w2048-m1000-s808,mask_fragment,2048,1.0,150000,808,150000,early_mask_fragment,4,SEQ_SCAN,5,15.913699999999999,30.400399999999998,11.9653,30.400399999999998,150000,150000,sha256:1a43e0ddf8cc02438cc76d27ba1cce86da34109d2e43dcc8ed7c9d581b95b39d
mask_fragment-n150000-w2048-m1000-s808,mask_fragment,2048,1.0,150000,808,150000,early_mask_fragment,5,PROJECTION,5,0.8150999999999999,1.0114999999999998,0.6961000000000003,1.0114999999999998,150000,0,sha256:1a43e0ddf8cc02438cc76d27ba1cce86da34109d2e43dcc8ed7c9d581b95b39d
mask_fragment-n150000-w2048-m1000-s808,mask_fragment,2048,1.0,150000,808,150000,early_mask_fragment,6,ORDER_BY,5,147.4353,157.83130000000003,132.6547,157.83130000000003,150000,0,sha256:1a43e0ddf8cc02438cc76d27ba1cce86da34109d2e43dcc8ed7c9d581b95b39d
mask_fragment-n150000-w2048-m1000-s808,mask_fragment,2048,1.0,150000,808,150000,early_mask_fragment,7,PROJECTION,5,0.4679,0.5468999999999999,0.3227000000000001,0.5468999999999999,150000,0,sha256:1a43e0ddf8cc02438cc76d27ba1cce86da34109d2e43dcc8ed7c9d581b95b39d
mask_fragment-n150000-w2048-m1000-s808,mask_fragment,2048,1.0,150000,808,150000,early_mask_fragment,8,HASH_JOIN,5,10.433399999999999,20.8608,7.0782,20.8608,150000,0,sha256:1a43e0ddf8cc02438cc76d27ba1cce86da34109d2e43dcc8ed7c9d581b95b39d
mask_fragment-n150000-w2048-m1000-s808,mask_fragment,2048,1.0,150000,808,150000,early_mask_fragment,9,CTE_SCAN,5,0.5896,0.6719999999999999,0.40770000000000006,0.6719999999999999,150000,0,sha256:1a43e0ddf8cc02438cc76d27ba1cce86da34109d2e43dcc8ed7c9d581b95b39d
mask_fragment-n150000-w2048-m1000-s808,mask_fragment,2048,1.0,150000,808,150000,early_mask_fragment,10,SEQ_SCAN,5,0.038299999999999994,0.09300000000000001,0.0249,0.09300000000000001,10000,10000,sha256:1a43e0ddf8cc02438cc76d27ba1cce86da34109d2e43dcc8ed7c9d581b95b39d
mask_fragment-n150000-w2048-m1000-s808,mask_fragment,2048,1.0,150000,808,150000,late_mask_fragment,0,EXPLAIN_ANALYZE,5,0.00019999999999999998,0.0003,0.00019999999999999998,0.0003,0,0,sha256:92b825cb6ca6efd8c921ae328d9dcd567e5fc1cecda65d185180a168e33b45c9
mask_fragment-n150000-w2048-m1000-s808,mask_fragment,2048,1.0,150000,808,150000,late_mask_fragment,1,BATCH_CREATE_TABLE_AS,5,23.292200000000005,35.6342,19.043100000000006,35.6342,1,0,sha256:92b825cb6ca6efd8c921ae328d9dcd567e5fc1cecda65d185180a168e33b45c9
mask_fragment-n150000-w2048-m1000-s808,mask_fragment,2048,1.0,150000,808,150000,late_mask_fragment,2,PROJECTION,5,1.2628000000000001,1.7204000000000006,0.9089,1.7204000000000006,150000,0,sha256:92b825cb6ca6efd8c921ae328d9dcd567e5fc1cecda65d185180a168e33b45c9
mask_fragment-n150000-w2048-m1000-s808,mask_fragment,2048,1.0,150000,808,150000,late_mask_fragment,3,ORDER_BY,5,146.89679999999998,178.42620000000002,112.0003,178.42620000000002,150000,0,sha256:92b825cb6ca6efd8c921ae328d9dcd567e5fc1cecda65d185180a168e33b45c9
mask_fragment-n150000-w2048-m1000-s808,mask_fragment,2048,1.0,150000,808,150000,late_mask_fragment,4,PROJECTION,5,3.2240000000000006,3.306999999999999,2.4741,3.306999999999999,150000,0,sha256:92b825cb6ca6efd8c921ae328d9dcd567e5fc1cecda65d185180a168e33b45c9
mask_fragment-n150000-w2048-m1000-s808,mask_fragment,2048,1.0,150000,808,150000,late_mask_fragment,5,PROJECTION,5,4722.163500000001,5471.302099999999,4275.910400000001,5471.302099999999,150000,0,sha256:92b825cb6ca6efd8c921ae328d9dcd567e5fc1cecda65d185180a168e33b45c9
mask_fragment-n150000-w2048-m1000-s808,mask_fragment,2048,1.0,150000,808,150000,late_mask_fragment,6,HASH_JOIN,5,2.7449,5.108199999999999,2.2329000000000003,5.108199999999999,150000,0,sha256:92b825cb6ca6efd8c921ae328d9dcd567e5fc1cecda65d185180a168e33b45c9
mask_fragment-n150000-w2048-m1000-s808,mask_fragment,2048,1.0,150000,808,150000,late_mask_fragment,7,SEQ_SCAN,5,14.956799999999996,18.4841,11.518099999999999,18.4841,150000,150000,sha256:92b825cb6ca6efd8c921ae328d9dcd567e5fc1cecda65d185180a168e33b45c9
mask_fragment-n150000-w2048-m1000-s808,mask_fragment,2048,1.0,150000,808,150000,late_mask_fragment,8,SEQ_SCAN,5,0.028499999999999998,0.0453,0.026000000000000002,0.0453,10000,10000,sha256:92b825cb6ca6efd8c921ae328d9dcd567e5fc1cecda65d185180a168e33b45c9
mask_fragment-n150000-w2048-m1000-s909,mask_fragment,2048,1.0,150000,909,150000,early_mask_fragment,0,EXPLAIN_ANALYZE,5,0.0003,0.00039999999999999996,0.00019999999999999998,0.00039999999999999996,0,0,sha256:1a43e0ddf8cc02438cc76d27ba1cce86da34109d2e43dcc8ed7c9d581b95b39d
mask_fragment-n150000-w2048-m1000-s909,mask_fragment,2048,1.0,150000,909,150000,early_mask_fragment,1,BATCH_CREATE_TABLE_AS,5,26.572299999999995,26.766599999999997,22.555500000000006,26.766599999999997,1,0,sha256:1a43e0ddf8cc02438cc76d27ba1cce86da34109d2e43dcc8ed7c9d581b95b39d
mask_fragment-n150000-w2048-m1000-s909,mask_fragment,2048,1.0,150000,909,150000,early_mask_fragment,2,CTE,5,36.041700000000006,47.0185,29.244199999999996,47.0185,0,0,sha256:1a43e0ddf8cc02438cc76d27ba1cce86da34109d2e43dcc8ed7c9d581b95b39d
mask_fragment-n150000-w2048-m1000-s909,mask_fragment,2048,1.0,150000,909,150000,early_mask_fragment,3,PROJECTION,5,4895.608000000001,5468.3402,4326.981600000001,5468.3402,150000,0,sha256:1a43e0ddf8cc02438cc76d27ba1cce86da34109d2e43dcc8ed7c9d581b95b39d
mask_fragment-n150000-w2048-m1000-s909,mask_fragment,2048,1.0,150000,909,150000,early_mask_fragment,4,SEQ_SCAN,5,16.448,24.765600000000003,12.213299999999998,24.765600000000003,150000,150000,sha256:1a43e0ddf8cc02438cc76d27ba1cce86da34109d2e43dcc8ed7c9d581b95b39d
mask_fragment-n150000-w2048-m1000-s909,mask_fragment,2048,1.0,150000,909,150000,early_mask_fragment,5,PROJECTION,5,0.7681000000000001,0.7817999999999999,0.7133999999999999,0.7817999999999999,150000,0,sha256:1a43e0ddf8cc02438cc76d27ba1cce86da34109d2e43dcc8ed7c9d581b95b39d
mask_fragment-n150000-w2048-m1000-s909,mask_fragment,2048,1.0,150000,909,150000,early_mask_fragment,6,ORDER_BY,5,151.21699999999998,172.10999999999996,146.94030000000004,172.10999999999996,150000,0,sha256:1a43e0ddf8cc02438cc76d27ba1cce86da34109d2e43dcc8ed7c9d581b95b39d
mask_fragment-n150000-w2048-m1000-s909,mask_fragment,2048,1.0,150000,909,150000,early_mask_fragment,7,PROJECTION,5,0.4497,0.5414,0.4253,0.5414,150000,0,sha256:1a43e0ddf8cc02438cc76d27ba1cce86da34109d2e43dcc8ed7c9d581b95b39d
mask_fragment-n150000-w2048-m1000-s909,mask_fragment,2048,1.0,150000,909,150000,early_mask_fragment,8,HASH_JOIN,5,12.238500000000002,16.3765,10.2622,16.3765,150000,0,sha256:1a43e0ddf8cc02438cc76d27ba1cce86da34109d2e43dcc8ed7c9d581b95b39d
mask_fragment-n150000-w2048-m1000-s909,mask_fragment,2048,1.0,150000,909,150000,early_mask_fragment,9,CTE_SCAN,5,0.5872,0.8085000000000002,0.5739,0.8085000000000002,150000,0,sha256:1a43e0ddf8cc02438cc76d27ba1cce86da34109d2e43dcc8ed7c9d581b95b39d
mask_fragment-n150000-w2048-m1000-s909,mask_fragment,2048,1.0,150000,909,150000,early_mask_fragment,10,SEQ_SCAN,5,0.0322,0.058100000000000006,0.0312,0.058100000000000006,10000,10000,sha256:1a43e0ddf8cc02438cc76d27ba1cce86da34109d2e43dcc8ed7c9d581b95b39d
mask_fragment-n150000-w2048-m1000-s909,mask_fragment,2048,1.0,150000,909,150000,late_mask_fragment,0,EXPLAIN_ANALYZE,5,0.0003,0.0005,0.0003,0.0005,0,0,sha256:92b825cb6ca6efd8c921ae328d9dcd567e5fc1cecda65d185180a168e33b45c9
mask_fragment-n150000-w2048-m1000-s909,mask_fragment,2048,1.0,150000,909,150000,late_mask_fragment,1,BATCH_CREATE_TABLE_AS,5,21.225399999999993,25.346799999999998,15.049399999999997,25.346799999999998,1,0,sha256:92b825cb6ca6efd8c921ae328d9dcd567e5fc1cecda65d185180a168e33b45c9
mask_fragment-n150000-w2048-m1000-s909,mask_fragment,2048,1.0,150000,909,150000,late_mask_fragment,2,PROJECTION,5,1.1656999999999997,1.458,0.8735999999999999,1.458,150000,0,sha256:92b825cb6ca6efd8c921ae328d9dcd567e5fc1cecda65d185180a168e33b45c9
mask_fragment-n150000-w2048-m1000-s909,mask_fragment,2048,1.0,150000,909,150000,late_mask_fragment,3,ORDER_BY,5,140.90780000000004,182.80980000000002,133.6877,182.80980000000002,150000,0,sha256:92b825cb6ca6efd8c921ae328d9dcd567e5fc1cecda65d185180a168e33b45c9
mask_fragment-n150000-w2048-m1000-s909,mask_fragment,2048,1.0,150000,909,150000,late_mask_fragment,4,PROJECTION,5,4.2829999999999995,4.911899999999998,2.842,4.911899999999998,150000,0,sha256:92b825cb6ca6efd8c921ae328d9dcd567e5fc1cecda65d185180a168e33b45c9
mask_fragment-n150000-w2048-m1000-s909,mask_fragment,2048,1.0,150000,909,150000,late_mask_fragment,5,PROJECTION,5,4270.8141000000005,5355.567400000001,3930.9180999999994,5355.567400000001,150000,0,sha256:92b825cb6ca6efd8c921ae328d9dcd567e5fc1cecda65d185180a168e33b45c9
mask_fragment-n150000-w2048-m1000-s909,mask_fragment,2048,1.0,150000,909,150000,late_mask_fragment,6,HASH_JOIN,5,3.0920999999999994,3.7579000000000002,2.2978,3.7579000000000002,150000,0,sha256:92b825cb6ca6efd8c921ae328d9dcd567e5fc1cecda65d185180a168e33b45c9
mask_fragment-n150000-w2048-m1000-s909,mask_fragment,2048,1.0,150000,909,150000,late_mask_fragment,7,SEQ_SCAN,5,15.469899999999999,19.926300000000005,11.537700000000001,19.926300000000005,150000,150000,sha256:92b825cb6ca6efd8c921ae328d9dcd567e5fc1cecda65d185180a168e33b45c9
mask_fragment-n150000-w2048-m1000-s909,mask_fragment,2048,1.0,150000,909,150000,late_mask_fragment,8,SEQ_SCAN,5,0.035800000000000005,0.057300000000000004,0.026,0.057300000000000004,10000,10000,sha256:92b825cb6ca6efd8c921ae328d9dcd567e5fc1cecda65d185180a168e33b45c9
mask_fragment-n150000-w256-m0100-s707,mask_fragment,256,0.1,150000,707,15000,early_mask_fragment,0,EXPLAIN_ANALYZE,5,0.0003,0.0005,0.00019999999999999998,0.0005,0,0,sha256:1a43e0ddf8cc02438cc76d27ba1cce86da34109d2e43dcc8ed7c9d581b95b39d
mask_fragment-n150000-w256-m0100-s707,mask_fragment,256,0.1,150000,707,15000,early_mask_fragment,1,BATCH_CREATE_TABLE_AS,5,2.0000999999999998,3.2699999999999996,1.5116999999999998,3.2699999999999996,1,0,sha256:1a43e0ddf8cc02438cc76d27ba1cce86da34109d2e43dcc8ed7c9d581b95b39d
mask_fragment-n150000-w256-m0100-s707,mask_fragment,256,0.1,150000,707,15000,early_mask_fragment,2,CTE,5,19.235599999999994,25.297200000000004,14.786499999999998,25.297200000000004,0,0,sha256:1a43e0ddf8cc02438cc76d27ba1cce86da34109d2e43dcc8ed7c9d581b95b39d
mask_fragment-n150000-w256-m0100-s707,mask_fragment,256,0.1,150000,707,15000,early_mask_fragment,3,PROJECTION,5,845.5559999999999,2117.8623000000002,776.0868999999999,2117.8623000000002,150000,0,sha256:1a43e0ddf8cc02438cc76d27ba1cce86da34109d2e43dcc8ed7c9d581b95b39d
mask_fragment-n150000-w256-m0100-s707,mask_fragment,256,0.1,150000,707,15000,early_mask_fragment,4,SEQ_SCAN,5,10.222299999999997,14.055199999999994,9.671199999999999,14.055199999999994,150000,150000,sha256:1a43e0ddf8cc02438cc76d27ba1cce86da34109d2e43dcc8ed7c9d581b95b39d
mask_fragment-n150000-w256-m0100-s707,mask_fragment,256,0.1,150000,707,15000,early_mask_fragment,5,PROJECTION,5,0.055900000000000005,0.14820000000000003,0.037,0.14820000000000003,15000,0,sha256:1a43e0ddf8cc02438cc76d27ba1cce86da34109d2e43dcc8ed7c9d581b95b39d
mask_fragment-n150000-w256-m0100-s707,mask_fragment,256,0.1,150000,707,15000,early_mask_fragment,6,ORDER_BY,5,9.8253,14.512,8.952000000000002,14.512,15000,0,sha256:1a43e0ddf8cc02438cc76d27ba1cce86da34109d2e43dcc8ed7c9d581b95b39d
mask_fragment-n150000-w256-m0100-s707,mask_fragment,256,0.1,150000,707,15000,early_mask_fragment,7,PROJECTION,5,0.0652,0.32949999999999996,0.0435,0.32949999999999996,15000,0,sha256:1a43e0ddf8cc02438cc76d27ba1cce86da34109d2e43dcc8ed7c9d581b95b39d
mask_fragment-n150000-w256-m0100-s707,mask_fragment,256,0.1,150000,707,15000,early_mask_fragment,8,HASH_JOIN,5,4.2904,10.0417,3.7274999999999996,10.0417,15000,0,sha256:1a43e0ddf8cc02438cc76d27ba1cce86da34109d2e43dcc8ed7c9d581b95b39d
mask_fragment-n150000-w256-m0100-s707,mask_fragment,256,0.1,150000,707,15000,early_mask_fragment,9,CTE_SCAN,5,0.362,1.0846,0.2736,1.0846,150000,0,sha256:1a43e0ddf8cc02438cc76d27ba1cce86da34109d2e43dcc8ed7c9d581b95b39d
mask_fragment-n150000-w256-m0100-s707,mask_fragment,256,0.1,150000,707,15000,early_mask_fragment,10,SEQ_SCAN,5,0.03150000000000001,0.0547,0.0244,0.0547,10000,10000,sha256:1a43e0ddf8cc02438cc76d27ba1cce86da34109d2e43dcc8ed7c9d581b95b39d
mask_fragment-n150000-w256-m0100-s707,mask_fragment,256,0.1,150000,707,15000,late_mask_fragment,0,EXPLAIN_ANALYZE,5,0.0003,0.0007999999999999999,0.0003,0.0007999999999999999,0,0,sha256:18bd7fb3b6d02ff88c53bf4a74124c631590d7e276f031a9034dc7f9cb857902
mask_fragment-n150000-w256-m0100-s707,mask_fragment,256,0.1,150000,707,15000,late_mask_fragment,1,BATCH_CREATE_TABLE_AS,5,2.0475000000000003,3.5220000000000002,1.7227000000000001,3.5220000000000002,1,0,sha256:18bd7fb3b6d02ff88c53bf4a74124c631590d7e276f031a9034dc7f9cb857902
mask_fragment-n150000-w256-m0100-s707,mask_fragment,256,0.1,150000,707,15000,late_mask_fragment,2,PROJECTION,5,0.1494,0.8405000000000002,0.06549999999999999,0.8405000000000002,15000,0,sha256:18bd7fb3b6d02ff88c53bf4a74124c631590d7e276f031a9034dc7f9cb857902
mask_fragment-n150000-w256-m0100-s707,mask_fragment,256,0.1,150000,707,15000,late_mask_fragment,3,ORDER_BY,5,11.1086,13.4764,9.3904,13.4764,15000,0,sha256:18bd7fb3b6d02ff88c53bf4a74124c631590d7e276f031a9034dc7f9cb857902
mask_fragment-n150000-w256-m0100-s707,mask_fragment,256,0.1,150000,707,15000,late_mask_fragment,4,PROJECTION,5,0.40019999999999994,0.6518000000000002,0.2961,0.6518000000000002,15000,0,sha256:18bd7fb3b6d02ff88c53bf4a74124c631590d7e276f031a9034dc7f9cb857902
mask_fragment-n150000-w256-m0100-s707,mask_fragment,256,0.1,150000,707,15000,late_mask_fragment,5,PROJECTION,5,100.59989999999999,108.43070000000002,84.8938,108.43070000000002,15000,0,sha256:18bd7fb3b6d02ff88c53bf4a74124c631590d7e276f031a9034dc7f9cb857902
mask_fragment-n150000-w256-m0100-s707,mask_fragment,256,0.1,150000,707,15000,late_mask_fragment,6,HASH_JOIN,5,0.8168,0.8456999999999999,0.6503,0.8456999999999999,15000,0,sha256:18bd7fb3b6d02ff88c53bf4a74124c631590d7e276f031a9034dc7f9cb857902
mask_fragment-n150000-w256-m0100-s707,mask_fragment,256,0.1,150000,707,15000,late_mask_fragment,7,SEQ_SCAN,5,1.8172000000000001,3.9809,1.4675999999999998,3.9809,15000,122880,sha256:18bd7fb3b6d02ff88c53bf4a74124c631590d7e276f031a9034dc7f9cb857902
mask_fragment-n150000-w256-m0100-s707,mask_fragment,256,0.1,150000,707,15000,late_mask_fragment,8,SEQ_SCAN,5,0.034699999999999995,0.0463,0.029099999999999997,0.0463,10000,10000,sha256:18bd7fb3b6d02ff88c53bf4a74124c631590d7e276f031a9034dc7f9cb857902
mask_fragment-n150000-w256-m0100-s808,mask_fragment,256,0.1,150000,808,15000,early_mask_fragment,0,EXPLAIN_ANALYZE,5,0.0003,0.0011,0.00019999999999999998,0.0011,0,0,sha256:1a43e0ddf8cc02438cc76d27ba1cce86da34109d2e43dcc8ed7c9d581b95b39d
mask_fragment-n150000-w256-m0100-s808,mask_fragment,256,0.1,150000,808,15000,early_mask_fragment,1,BATCH_CREATE_TABLE_AS,5,1.98,2.2209999999999996,1.5132999999999999,2.2209999999999996,1,0,sha256:1a43e0ddf8cc02438cc76d27ba1cce86da34109d2e43dcc8ed7c9d581b95b39d
mask_fragment-n150000-w256-m0100-s808,mask_fragment,256,0.1,150000,808,15000,early_mask_fragment,2,CTE,5,14.978600000000004,15.9026,13.6302,15.9026,0,0,sha256:1a43e0ddf8cc02438cc76d27ba1cce86da34109d2e43dcc8ed7c9d581b95b39d
mask_fragment-n150000-w256-m0100-s808,mask_fragment,256,0.1,150000,808,15000,early_mask_fragment,3,PROJECTION,5,810.8629000000002,1932.7389999999996,767.1932000000002,1932.7389999999996,150000,0,sha256:1a43e0ddf8cc02438cc76d27ba1cce86da34109d2e43dcc8ed7c9d581b95b39d
mask_fragment-n150000-w256-m0100-s808,mask_fragment,256,0.1,150000,808,15000,early_mask_fragment,4,SEQ_SCAN,5,11.0473,17.5229,8.867300000000002,17.5229,150000,150000,sha256:1a43e0ddf8cc02438cc76d27ba1cce86da34109d2e43dcc8ed7c9d581b95b39d
mask_fragment-n150000-w256-m0100-s808,mask_fragment,256,0.1,150000,808,15000,early_mask_fragment,5,PROJECTION,5,0.0709,0.0934,0.0365,0.0934,15000,0,sha256:1a43e0ddf8cc02438cc76d27ba1cce86da34109d2e43dcc8ed7c9d581b95b39d
mask_fragment-n150000-w256-m0100-s808,mask_fragment,256,0.1,150000,808,15000,early_mask_fragment,6,ORDER_BY,5,9.317099999999998,10.1866,9.074200000000001,10.1866,15000,0,sha256:1a43e0ddf8cc02438cc76d27ba1cce86da34109d2e43dcc8ed7c9d581b95b39d
mask_fragment-n150000-w256-m0100-s808,mask_fragment,256,0.1,150000,808,15000,early_mask_fragment,7,PROJECTION,5,0.054,0.0826,0.0461,0.0826,15000,0,sha256:1a43e0ddf8cc02438cc76d27ba1cce86da34109d2e43dcc8ed7c9d581b95b39d
mask_fragment-n150000-w256-m0100-s808,mask_fragment,256,0.1,150000,808,15000,early_mask_fragment,8,HASH_JOIN,5,4.1324000000000005,7.0912,3.7460000000000004,7.0912,15000,0,sha256:1a43e0ddf8cc02438cc76d27ba1cce86da34109d2e43dcc8ed7c9d581b95b39d
mask_fragment-n150000-w256-m0100-s808,mask_fragment,256,0.1,150000,808,15000,early_mask_fragment,9,CTE_SCAN,5,0.41750000000000004,0.7307,0.3121,0.7307,150000,0,sha256:1a43e0ddf8cc02438cc76d27ba1cce86da34109d2e43dcc8ed7c9d581b95b39d
mask_fragment-n150000-w256-m0100-s808,mask_fragment,256,0.1,150000,808,15000,early_mask_fragment,10,SEQ_SCAN,5,0.0318,0.054599999999999996,0.0219,0.054599999999999996,10000,10000,sha256:1a43e0ddf8cc02438cc76d27ba1cce86da34109d2e43dcc8ed7c9d581b95b39d
mask_fragment-n150000-w256-m0100-s808,mask_fragment,256,0.1,150000,808,15000,late_mask_fragment,0,EXPLAIN_ANALYZE,5,0.00039999999999999996,0.0005,0.00019999999999999998,0.0005,0,0,sha256:18bd7fb3b6d02ff88c53bf4a74124c631590d7e276f031a9034dc7f9cb857902
mask_fragment-n150000-w256-m0100-s808,mask_fragment,256,0.1,150000,808,15000,late_mask_fragment,1,BATCH_CREATE_TABLE_AS,5,1.7271,2.3678000000000003,1.1281,2.3678000000000003,1,0,sha256:18bd7fb3b6d02ff88c53bf4a74124c631590d7e276f031a9034dc7f9cb857902
mask_fragment-n150000-w256-m0100-s808,mask_fragment,256,0.1,150000,808,15000,late_mask_fragment,2,PROJECTION,5,0.0501,0.16,0.0467,0.16,15000,0,sha256:18bd7fb3b6d02ff88c53bf4a74124c631590d7e276f031a9034dc7f9cb857902
mask_fragment-n150000-w256-m0100-s808,mask_fragment,256,0.1,150000,808,15000,late_mask_fragment,3,ORDER_BY,5,8.3676,10.602,7.389200000000001,10.602,15000,0,sha256:18bd7fb3b6d02ff88c53bf4a74124c631590d7e276f031a9034dc7f9cb857902
mask_fragment-n150000-w256-m0100-s808,mask_fragment,256,0.1,150000,808,15000,late_mask_fragment,4,PROJECTION,5,0.5398,0.9988,0.38499999999999995,0.9988,15000,0,sha256:18bd7fb3b6d02ff88c53bf4a74124c631590d7e276f031a9034dc7f9cb857902
mask_fragment-n150000-w256-m0100-s808,mask_fragment,256,0.1,150000,808,15000,late_mask_fragment,5,PROJECTION,5,76.2872,95.88329999999999,68.69729999999998,95.88329999999999,15000,0,sha256:18bd7fb3b6d02ff88c53bf4a74124c631590d7e276f031a9034dc7f9cb857902
mask_fragment-n150000-w256-m0100-s808,mask_fragment,256,0.1,150000,808,15000,late_mask_fragment,6,HASH_JOIN,5,0.9691999999999998,1.4318,0.4744,1.4318,15000,0,sha256:18bd7fb3b6d02ff88c53bf4a74124c631590d7e276f031a9034dc7f9cb857902
mask_fragment-n150000-w256-m0100-s808,mask_fragment,256,0.1,150000,808,15000,late_mask_fragment,7,SEQ_SCAN,5,2.0638,2.274,1.4881,2.274,15000,122880,sha256:18bd7fb3b6d02ff88c53bf4a74124c631590d7e276f031a9034dc7f9cb857902
mask_fragment-n150000-w256-m0100-s808,mask_fragment,256,0.1,150000,808,15000,late_mask_fragment,8,SEQ_SCAN,5,0.047799999999999995,0.2013,0.021300000000000003,0.2013,10000,10000,sha256:18bd7fb3b6d02ff88c53bf4a74124c631590d7e276f031a9034dc7f9cb857902
mask_fragment-n150000-w256-m0100-s909,mask_fragment,256,0.1,150000,909,15000,early_mask_fragment,0,EXPLAIN_ANALYZE,5,0.0003,0.00039999999999999996,0.00019999999999999998,0.00039999999999999996,0,0,sha256:1a43e0ddf8cc02438cc76d27ba1cce86da34109d2e43dcc8ed7c9d581b95b39d
mask_fragment-n150000-w256-m0100-s909,mask_fragment,256,0.1,150000,909,15000,early_mask_fragment,1,BATCH_CREATE_TABLE_AS,5,1.9265999999999999,4.491099999999999,1.3203000000000003,4.491099999999999,1,0,sha256:1a43e0ddf8cc02438cc76d27ba1cce86da34109d2e43dcc8ed7c9d581b95b39d
mask_fragment-n150000-w256-m0100-s909,mask_fragment,256,0.1,150000,909,15000,early_mask_fragment,2,CTE,5,17.080599999999997,31.093399999999995,13.9399,31.093399999999995,0,0,sha256:1a43e0ddf8cc02438cc76d27ba1cce86da34109d2e43dcc8ed7c9d581b95b39d
mask_fragment-n150000-w256-m0100-s909,mask_fragment,256,0.1,150000,909,15000,early_mask_fragment,3,PROJECTION,5,913.0201,1210.6462,866.2893000000001,1210.6462,150000,0,sha256:1a43e0ddf8cc02438cc76d27ba1cce86da34109d2e43dcc8ed7c9d581b95b39d
mask_fragment-n150000-w256-m0100-s909,mask_fragment,256,0.1,150000,909,15000,early_mask_fragment,4,SEQ_SCAN,5,13.317899999999996,15.385200000000001,9.585099999999997,15.385200000000001,150000,150000,sha256:1a43e0ddf8cc02438cc76d27ba1cce86da34109d2e43dcc8ed7c9d581b95b39d
mask_fragment-n150000-w256-m0100-s909,mask_fragment,256,0.1,150000,909,15000,early_mask_fragment,5,PROJECTION,5,0.054,0.1308,0.03119999999999999,0.1308,15000,0,sha256:1a43e0ddf8cc02438cc76d27ba1cce86da34109d2e43dcc8ed7c9d581b95b39d
mask_fragment-n150000-w256-m0100-s909,mask_fragment,256,0.1,150000,909,15000,early_mask_fragment,6,ORDER_BY,5,12.494599999999998,16.152,8.617799999999999,16.152,15000,0,sha256:1a43e0ddf8cc02438cc76d27ba1cce86da34109d2e43dcc8ed7c9d581b95b39d
mask_fragment-n150000-w256-m0100-s909,mask_fragment,256,0.1,150000,909,15000,early_mask_fragment,7,PROJECTION,5,0.0566,0.0937,0.0368,0.0937,15000,0,sha256:1a43e0ddf8cc02438cc76d27ba1cce86da34109d2e43dcc8ed7c9d581b95b39d
mask_fragment-n150000-w256-m0100-s909,mask_fragment,256,0.1,150000,909,15000,early_mask_fragment,8,HASH_JOIN,5,4.4447,7.6236,3.2502999999999997,7.6236,15000,0,sha256:1a43e0ddf8cc02438cc76d27ba1cce86da34109d2e43dcc8ed7c9d581b95b39d
mask_fragment-n150000-w256-m0100-s909,mask_fragment,256,0.1,150000,909,15000,early_mask_fragment,9,CTE_SCAN,5,0.3735,0.7697000000000002,0.2918,0.7697000000000002,150000,0,sha256:1a43e0ddf8cc02438cc76d27ba1cce86da34109d2e43dcc8ed7c9d581b95b39d
mask_fragment-n150000-w256-m0100-s909,mask_fragment,256,0.1,150000,909,15000,early_mask_fragment,10,SEQ_SCAN,5,0.0366,0.0939,0.0234,0.0939,10000,10000,sha256:1a43e0ddf8cc02438cc76d27ba1cce86da34109d2e43dcc8ed7c9d581b95b39d
mask_fragment-n150000-w256-m0100-s909,mask_fragment,256,0.1,150000,909,15000,late_mask_fragment,0,EXPLAIN_ANALYZE,5,0.0005,0.0011,0.00019999999999999998,0.0011,0,0,sha256:18bd7fb3b6d02ff88c53bf4a74124c631590d7e276f031a9034dc7f9cb857902
mask_fragment-n150000-w256-m0100-s909,mask_fragment,256,0.1,150000,909,15000,late_mask_fragment,1,BATCH_CREATE_TABLE_AS,5,1.496,3.8227999999999995,1.0101,3.8227999999999995,1,0,sha256:18bd7fb3b6d02ff88c53bf4a74124c631590d7e276f031a9034dc7f9cb857902
mask_fragment-n150000-w256-m0100-s909,mask_fragment,256,0.1,150000,909,15000,late_mask_fragment,2,PROJECTION,5,0.058899999999999994,0.2107,0.031200000000000006,0.2107,15000,0,sha256:18bd7fb3b6d02ff88c53bf4a74124c631590d7e276f031a9034dc7f9cb857902
mask_fragment-n150000-w256-m0100-s909,mask_fragment,256,0.1,150000,909,15000,late_mask_fragment,3,ORDER_BY,5,7.8541000000000025,10.891,7.051400000000001,10.891,15000,0,sha256:18bd7fb3b6d02ff88c53bf4a74124c631590d7e276f031a9034dc7f9cb857902
mask_fragment-n150000-w256-m0100-s909,mask_fragment,256,0.1,150000,909,15000,late_mask_fragment,4,PROJECTION,5,0.5511999999999999,0.6774,0.3782000000000001,0.6774,15000,0,sha256:18bd7fb3b6d02ff88c53bf4a74124c631590d7e276f031a9034dc7f9cb857902
mask_fragment-n150000-w256-m0100-s909,mask_fragment,256,0.1,150000,909,15000,late_mask_fragment,5,PROJECTION,5,210.9536,218.80939999999998,89.71990000000001,218.80939999999998,15000,0,sha256:18bd7fb3b6d02ff88c53bf4a74124c631590d7e276f031a9034dc7f9cb857902
mask_fragment-n150000-w256-m0100-s909,mask_fragment,256,0.1,150000,909,15000,late_mask_fragment,6,HASH_JOIN,5,0.791,1.4198999999999997,0.7541000000000002,1.4198999999999997,15000,0,sha256:18bd7fb3b6d02ff88c53bf4a74124c631590d7e276f031a9034dc7f9cb857902
mask_fragment-n150000-w256-m0100-s909,mask_fragment,256,0.1,150000,909,15000,late_mask_fragment,7,SEQ_SCAN,5,2.1134,2.3872999999999998,1.6954,2.3872999999999998,15000,122880,sha256:18bd7fb3b6d02ff88c53bf4a74124c631590d7e276f031a9034dc7f9cb857902
mask_fragment-n150000-w256-m0100-s909,mask_fragment,256,0.1,150000,909,15000,late_mask_fragment,8,SEQ_SCAN,5,0.087,0.17970000000000003,0.0382,0.17970000000000003,10000,10000,sha256:18bd7fb3b6d02ff88c53bf4a74124c631590d7e276f031a9034dc7f9cb857902
mask_fragment-n150000-w256-m0500-s707,mask_fragment,256,0.5,150000,707,75000,early_mask_fragment,0,EXPLAIN_ANALYZE,5,0.00039999999999999996,0.0005,0.00019999999999999998,0.0005,0,0,sha256:1a43e0ddf8cc02438cc76d27ba1cce86da34109d2e43dcc8ed7c9d581b95b39d
mask_fragment-n150000-w256-m0500-s707,mask_fragment,256,0.5,150000,707,75000,early_mask_fragment,1,BATCH_CREATE_TABLE_AS,5,11.2461,27.182799999999997,10.683900000000003,27.182799999999997,1,0,sha256:1a43e0ddf8cc02438cc76d27ba1cce86da34109d2e43dcc8ed7c9d581b95b39d
mask_fragment-n150000-w256-m0500-s707,mask_fragment,256,0.5,150000,707,75000,early_mask_fragment,2,CTE,5,21.412,41.420200000000015,15.551799999999998,41.420200000000015,0,0,sha256:1a43e0ddf8cc02438cc76d27ba1cce86da34109d2e43dcc8ed7c9d581b95b39d
mask_fragment-n150000-w256-m0500-s707,mask_fragment,256,0.5,150000,707,75000,early_mask_fragment,3,PROJECTION,5,1086.3483000000003,1204.331,1038.9604000000002,1204.331,150000,0,sha256:1a43e0ddf8cc02438cc76d27ba1cce86da34109d2e43dcc8ed7c9d581b95b39d
mask_fragment-n150000-w256-m0500-s707,mask_fragment,256,0.5,150000,707,75000,early_mask_fragment,4,SEQ_SCAN,5,13.9491,24.068099999999998,11.584500000000002,24.068099999999998,150000,150000,sha256:1a43e0ddf8cc02438cc76d27ba1cce86da34109d2e43dcc8ed7c9d581b95b39d
mask_fragment-n150000-w256-m0500-s707,mask_fragment,256,0.5,150000,707,75000,early_mask_fragment,5,PROJECTION,5,0.4774999999999999,0.5523999999999998,0.39680000000000004,0.5523999999999998,75000,0,sha256:1a43e0ddf8cc02438cc76d27ba1cce86da34109d2e43dcc8ed7c9d581b95b39d
mask_fragment-n150000-w256-m0500-s707,mask_fragment,256,0.5,150000,707,75000,early_mask_fragment,6,ORDER_BY,5,76.8781,95.29899999999999,65.3536,95.29899999999999,75000,0,sha256:1a43e0ddf8cc02438cc76d27ba1cce86da34109d2e43dcc8ed7c9d581b95b39d
mask_fragment-n150000-w256-m0500-s707,mask_fragment,256,0.5,150000,707,75000,early_mask_fragment,7,PROJECTION,5,0.22149999999999997,0.22820000000000001,0.18899999999999997,0.22820000000000001,75000,0,sha256:1a43e0ddf8cc02438cc76d27ba1cce86da34109d2e43dcc8ed7c9d581b95b39d
mask_fragment-n150000-w256-m0500-s707,mask_fragment,256,0.5,150000,707,75000,early_mask_fragment,8,HASH_JOIN,5,8.090399999999999,9.459800000000001,5.9165,9.459800000000001,75000,0,sha256:1a43e0ddf8cc02438cc76d27ba1cce86da34109d2e43dcc8ed7c9d581b95b39d
mask_fragment-n150000-w256-m0500-s707,mask_fragment,256,0.5,150000,707,75000,early_mask_fragment,9,CTE_SCAN,5,0.5216,1.1207,0.4386,1.1207,150000,0,sha256:1a43e0ddf8cc02438cc76d27ba1cce86da34109d2e43dcc8ed7c9d581b95b39d
mask_fragment-n150000-w256-m0500-s707,mask_fragment,256,0.5,150000,707,75000,early_mask_fragment,10,SEQ_SCAN,5,0.031299999999999994,0.1382,0.0265,0.1382,10000,10000,sha256:1a43e0ddf8cc02438cc76d27ba1cce86da34109d2e43dcc8ed7c9d581b95b39d
mask_fragment-n150000-w256-m0500-s707,mask_fragment,256,0.5,150000,707,75000,late_mask_fragment,0,EXPLAIN_ANALYZE,5,0.0003,0.00039999999999999996,0.0003,0.00039999999999999996,0,0,sha256:18bd7fb3b6d02ff88c53bf4a74124c631590d7e276f031a9034dc7f9cb857902
mask_fragment-n150000-w256-m0500-s707,mask_fragment,256,0.5,150000,707,75000,late_mask_fragment,1,BATCH_CREATE_TABLE_AS,5,8.8639,16.552799999999998,7.985500000000001,16.552799999999998,1,0,sha256:18bd7fb3b6d02ff88c53bf4a74124c631590d7e276f031a9034dc7f9cb857902
mask_fragment-n150000-w256-m0500-s707,mask_fragment,256,0.5,150000,707,75000,late_mask_fragment,2,PROJECTION,5,0.5153000000000001,1.3229000000000002,0.3857,1.3229000000000002,75000,0,sha256:18bd7fb3b6d02ff88c53bf4a74124c631590d7e276f031a9034dc7f9cb857902
mask_fragment-n150000-w256-m0500-s707,mask_fragment,256,0.5,150000,707,75000,late_mask_fragment,3,ORDER_BY,5,57.295300000000005,68.56289999999998,47.138299999999994,68.56289999999998,75000,0,sha256:18bd7fb3b6d02ff88c53bf4a74124c631590d7e276f031a9034dc7f9cb857902
mask_fragment-n150000-w256-m0500-s707,mask_fragment,256,0.5,150000,707,75000,late_mask_fragment,4,PROJECTION,5,2.7884,3.1478,2.1422999999999996,3.1478,75000,0,sha256:18bd7fb3b6d02ff88c53bf4a74124c631590d7e276f031a9034dc7f9cb857902
mask_fragment-n150000-w256-m0500-s707,mask_fragment,256,0.5,150000,707,75000,late_mask_fragment,5,PROJECTION,5,498.0006,518.8983000000001,353.80020000000013,518.8983000000001,75000,0,sha256:18bd7fb3b6d02ff88c53bf4a74124c631590d7e276f031a9034dc7f9cb857902
mask_fragment-n150000-w256-m0500-s707,mask_fragment,256,0.5,150000,707,75000,late_mask_fragment,6,HASH_JOIN,5,1.4732999999999998,2.7221,1.2918999999999996,2.7221,75000,0,sha256:18bd7fb3b6d02ff88c53bf4a74124c631590d7e276f031a9034dc7f9cb857902
mask_fragment-n150000-w256-m0500-s707,mask_fragment,256,0.5,150000,707,75000,late_mask_fragment,7,SEQ_SCAN,5,7.728300000000003,9.6863,6.120199999999998,9.6863,75000,122880,sha256:18bd7fb3b6d02ff88c53bf4a74124c631590d7e276f031a9034dc7f9cb857902
mask_fragment-n150000-w256-m0500-s707,mask_fragment,256,0.5,150000,707,75000,late_mask_fragment,8,SEQ_SCAN,5,0.0411,0.16940000000000002,0.034,0.16940000000000002,10000,10000,sha256:18bd7fb3b6d02ff88c53bf4a74124c631590d7e276f031a9034dc7f9cb857902
mask_fragment-n150000-w256-m0500-s808,mask_fragment,256,0.5,150000,808,75000,early_mask_fragment,0,EXPLAIN_ANALYZE,5,0.00039999999999999996,0.0005,0.0003,0.0005,0,0,sha256:1a43e0ddf8cc02438cc76d27ba1cce86da34109d2e43dcc8ed7c9d581b95b39d
mask_fragment-n150000-w256-m0500-s808,mask_fragment,256,0.5,150000,808,75000,early_mask_fragment,1,BATCH_CREATE_TABLE_AS,5,11.462600000000002,32.83689999999999,9.069,32.83689999999999,1,0,sha256:1a43e0ddf8cc02438cc76d27ba1cce86da34109d2e43dcc8ed7c9d581b95b39d
mask_fragment-n150000-w256-m0500-s808,mask_fragment,256,0.5,150000,808,75000,early_mask_fragment,2,CTE,5,19.5911,25.921000000000006,15.602900000000004,25.921000000000006,0,0,sha256:1a43e0ddf8cc02438cc76d27ba1cce86da34109d2e43dcc8ed7c9d581b95b39d
mask_fragment-n150000-w256-m0500-s808,mask_fragment,256,0.5,150000,808,75000,early_mask_fragment,3,PROJECTION,5,1017.7535,1093.4072,853.3576999999999,1093.4072,150000,0,sha256:1a43e0ddf8cc02438cc76d27ba1cce86da34109d2e43dcc8ed7c9d581b95b39d
mask_fragment-n150000-w256-m0500-s808,mask_fragment,256,0.5,150000,808,75000,early_mask_fragment,4,SEQ_SCAN,5,12.633999999999997,27.749799999999997,10.079300000000002,27.749799999999997,150000,150000,sha256:1a43e0ddf8cc02438cc76d27ba1cce86da34109d2e43dcc8ed7c9d581b95b39d
mask_fragment-n150000-w256-m0500-s808,mask_fragment,256,0.5,150000,808,75000,early_mask_fragment,5,PROJECTION,5,0.39849999999999985,0.4769,0.31560000000000005,0.4769,75000,0,sha256:1a43e0ddf8cc02438cc76d27ba1cce86da34109d2e43dcc8ed7c9d581b95b39d
mask_fragment-n150000-w256-m0500-s808,mask_fragment,256,0.5,150000,808,75000,early_mask_fragment,6,ORDER_BY,5,62.00640000000001,77.5226,55.47030000000001,77.5226,75000,0,sha256:1a43e0ddf8cc02438cc76d27ba1cce86da34109d2e43dcc8ed7c9d581b95b39d
mask_fragment-n150000-w256-m0500-s808,mask_fragment,256,0.5,150000,808,75000,early_mask_fragment,7,PROJECTION,5,0.2235,0.2459,0.19999999999999998,0.2459,75000,0,sha256:1a43e0ddf8cc02438cc76d27ba1cce86da34109d2e43dcc8ed7c9d581b95b39d
mask_fragment-n150000-w256-m0500-s808,mask_fragment,256,0.5,150000,808,75000,early_mask_fragment,8,HASH_JOIN,5,7.325999999999999,9.173399999999999,6.6972,9.173399999999999,75000,0,sha256:1a43e0ddf8cc02438cc76d27ba1cce86da34109d2e43dcc8ed7c9d581b95b39d
mask_fragment-n150000-w256-m0500-s808,mask_fragment,256,0.5,150000,808,75000,early_mask_fragment,9,CTE_SCAN,5,0.5135,0.8476999999999999,0.42889999999999995,0.8476999999999999,150000,0,sha256:1a43e0ddf8cc02438cc76d27ba1cce86da34109d2e43dcc8ed7c9d581b95b39d
mask_fragment-n150000-w256-m0500-s808,mask_fragment,256,0.5,150000,808,75000,early_mask_fragment,10,SEQ_SCAN,5,0.037700000000000004,0.1115,0.027700000000000006,0.1115,10000,10000,sha256:1a43e0ddf8cc02438cc76d27ba1cce86da34109d2e43dcc8ed7c9d581b95b39d
mask_fragment-n150000-w256-m0500-s808,mask_fragment,256,0.5,150000,808,75000,late_mask_fragment,0,EXPLAIN_ANALYZE,5,0.0003,0.0017000000000000001,0.00019999999999999998,0.0017000000000000001,0,0,sha256:18bd7fb3b6d02ff88c53bf4a74124c631590d7e276f031a9034dc7f9cb857902
mask_fragment-n150000-w256-m0500-s808,mask_fragment,256,0.5,150000,808,75000,late_mask_fragment,1,BATCH_CREATE_TABLE_AS,5,9.1934,11.839200000000003,7.5607,11.839200000000003,1,0,sha256:18bd7fb3b6d02ff88c53bf4a74124c631590d7e276f031a9034dc7f9cb857902
mask_fragment-n150000-w256-m0500-s808,mask_fragment,256,0.5,150000,808,75000,late_mask_fragment,2,PROJECTION,5,0.517,0.6346999999999998,0.3285999999999999,0.6346999999999998,75000,0,sha256:18bd7fb3b6d02ff88c53bf4a74124c631590d7e276f031a9034dc7f9cb857902
mask_fragment-n150000-w256-m0500-s808,mask_fragment,256,0.5,150000,808,75000,late_mask_fragment,3,ORDER_BY,5,50.4929,71.11200000000001,46.1986,71.11200000000001,75000,0,sha256:18bd7fb3b6d02ff88c53bf4a74124c631590d7e276f031a9034dc7f9cb857902
mask_fragment-n150000-w256-m0500-s808,mask_fragment,256,0.5,150000,808,75000,late_mask_fragment,4,PROJECTION,5,2.0787000000000004,3.4837000000000007,1.8258,3.4837000000000007,75000,0,sha256:18bd7fb3b6d02ff88c53bf4a74124c631590d7e276f031a9034dc7f9cb857902
mask_fragment-n150000-w256-m0500-s808,mask_fragment,256,0.5,150000,808,75000,late_mask_fragment,5,PROJECTION,5,380.18279999999993,412.9970999999999,327.10949999999997,412.9970999999999,75000,0,sha256:18bd7fb3b6d02ff88c53bf4a74124c631590d7e276f031a9034dc7f9cb857902
mask_fragment-n150000-w256-m0500-s808,mask_fragment,256,0.5,150000,808,75000,late_mask_fragment,6,HASH_JOIN,5,1.5089000000000004,1.9451000000000003,1.2532999999999999,1.9451000000000003,75000,0,sha256:18bd7fb3b6d02ff88c53bf4a74124c631590d7e276f031a9034dc7f9cb857902
mask_fragment-n150000-w256-m0500-s808,mask_fragment,256,0.5,150000,808,75000,late_mask_fragment,7,SEQ_SCAN,5,6.432000000000002,9.6641,6.015700000000002,9.6641,75000,122880,sha256:18bd7fb3b6d02ff88c53bf4a74124c631590d7e276f031a9034dc7f9cb857902
mask_fragment-n150000-w256-m0500-s808,mask_fragment,256,0.5,150000,808,75000,late_mask_fragment,8,SEQ_SCAN,5,0.0356,0.0954,0.024200000000000006,0.0954,10000,10000,sha256:18bd7fb3b6d02ff88c53bf4a74124c631590d7e276f031a9034dc7f9cb857902
mask_fragment-n150000-w256-m0500-s909,mask_fragment,256,0.5,150000,909,75000,early_mask_fragment,0,EXPLAIN_ANALYZE,5,0.0003,0.00039999999999999996,0.00019999999999999998,0.00039999999999999996,0,0,sha256:1a43e0ddf8cc02438cc76d27ba1cce86da34109d2e43dcc8ed7c9d581b95b39d
mask_fragment-n150000-w256-m0500-s909,mask_fragment,256,0.5,150000,909,75000,early_mask_fragment,1,BATCH_CREATE_TABLE_AS,5,14.405700000000003,19.63229999999999,9.852999999999998,19.63229999999999,1,0,sha256:1a43e0ddf8cc02438cc76d27ba1cce86da34109d2e43dcc8ed7c9d581b95b39d
mask_fragment-n150000-w256-m0500-s909,mask_fragment,256,0.5,150000,909,75000,early_mask_fragment,2,CTE,5,23.806600000000003,28.443700000000003,18.785699999999995,28.443700000000003,0,0,sha256:1a43e0ddf8cc02438cc76d27ba1cce86da34109d2e43dcc8ed7c9d581b95b39d
mask_fragment-n150000-w256-m0500-s909,mask_fragment,256,0.5,150000,909,75000,early_mask_fragment,3,PROJECTION,5,1088.9818,1124.8856999999998,925.9828,1124.8856999999998,150000,0,sha256:1a43e0ddf8cc02438cc76d27ba1cce86da34109d2e43dcc8ed7c9d581b95b39d
mask_fragment-n150000-w256-m0500-s909,mask_fragment,256,0.5,150000,909,75000,early_mask_fragment,4,SEQ_SCAN,5,14.142199999999995,15.681500000000005,12.729699999999994,15.681500000000005,150000,150000,sha256:1a43e0ddf8cc02438cc76d27ba1cce86da34109d2e43dcc8ed7c9d581b95b39d
mask_fragment-n150000-w256-m0500-s909,mask_fragment,256,0.5,150000,909,75000,early_mask_fragment,5,PROJECTION,5,0.4485,0.5067000000000002,0.35209999999999997,0.5067000000000002,75000,0,sha256:1a43e0ddf8cc02438cc76d27ba1cce86da34109d2e43dcc8ed7c9d581b95b39d
mask_fragment-n150000-w256-m0500-s909,mask_fragment,256,0.5,150000,909,75000,early_mask_fragment,6,ORDER_BY,5,66.0326,81.35340000000002,59.68819999999998,81.35340000000002,75000,0,sha256:1a43e0ddf8cc02438cc76d27ba1cce86da34109d2e43dcc8ed7c9d581b95b39d
mask_fragment-n150000-w256-m0500-s909,mask_fragment,256,0.5,150000,909,75000,early_mask_fragment,7,PROJECTION,5,0.22610000000000002,0.6377,0.18689999999999998,0.6377,75000,0,sha256:1a43e0ddf8cc02438cc76d27ba1cce86da34109d2e43dcc8ed7c9d581b95b39d
mask_fragment-n150000-w256-m0500-s909,mask_fragment,256,0.5,150000,909,75000,early_mask_fragment,8,HASH_JOIN,5,7.0789,10.233200000000002,5.366900000000001,10.233200000000002,75000,0,sha256:1a43e0ddf8cc02438cc76d27ba1cce86da34109d2e43dcc8ed7c9d581b95b39d
mask_fragment-n150000-w256-m0500-s909,mask_fragment,256,0.5,150000,909,75000,early_mask_fragment,9,CTE_SCAN,5,0.5039,0.8006999999999999,0.34359999999999996,0.8006999999999999,150000,0,sha256:1a43e0ddf8cc02438cc76d27ba1cce86da34109d2e43dcc8ed7c9d581b95b39d
mask_fragment-n150000-w256-m0500-s909,mask_fragment,256,0.5,150000,909,75000,early_mask_fragment,10,SEQ_SCAN,5,0.0433,0.2016,0.0237,0.2016,10000,10000,sha256:1a43e0ddf8cc02438cc76d27ba1cce86da34109d2e43dcc8ed7c9d581b95b39d
mask_fragment-n150000-w256-m0500-s909,mask_fragment,256,0.5,150000,909,75000,late_mask_fragment,0,EXPLAIN_ANALYZE,5,0.0003,0.0079,0.0003,0.0079,0,0,sha256:18bd7fb3b6d02ff88c53bf4a74124c631590d7e276f031a9034dc7f9cb857902
mask_fragment-n150000-w256-m0500-s909,mask_fragment,256,0.5,150000,909,75000,late_mask_fragment,1,BATCH_CREATE_TABLE_AS,5,8.677899999999998,11.8553,7.4206,11.8553,1,0,sha256:18bd7fb3b6d02ff88c53bf4a74124c631590d7e276f031a9034dc7f9cb857902
mask_fragment-n150000-w256-m0500-s909,mask_fragment,256,0.5,150000,909,75000,late_mask_fragment,2,PROJECTION,5,0.6613000000000001,0.8486,0.4932999999999998,0.8486,75000,0,sha256:18bd7fb3b6d02ff88c53bf4a74124c631590d7e276f031a9034dc7f9cb857902
mask_fragment-n150000-w256-m0500-s909,mask_fragment,256,0.5,150000,909,75000,late_mask_fragment,3,ORDER_BY,5,56.69160000000001,71.75569999999999,45.44040000000001,71.75569999999999,75000,0,sha256:18bd7fb3b6d02ff88c53bf4a74124c631590d7e276f031a9034dc7f9cb857902
mask_fragment-n150000-w256-m0500-s909,mask_fragment,256,0.5,150000,909,75000,late_mask_fragment,4,PROJECTION,5,2.1864999999999997,2.5422000000000002,1.4087000000000003,2.5422000000000002,75000,0,sha256:18bd7fb3b6d02ff88c53bf4a74124c631590d7e276f031a9034dc7f9cb857902
mask_fragment-n150000-w256-m0500-s909,mask_fragment,256,0.5,150000,909,75000,late_mask_fragment,5,PROJECTION,5,399.74080000000004,419.9029000000001,341.74479999999994,419.9029000000001,75000,0,sha256:18bd7fb3b6d02ff88c53bf4a74124c631590d7e276f031a9034dc7f9cb857902
mask_fragment-n150000-w256-m0500-s909,mask_fragment,256,0.5,150000,909,75000,late_mask_fragment,6,HASH_JOIN,5,1.1866,2.5087,1.0900000000000003,2.5087,75000,0,sha256:18bd7fb3b6d02ff88c53bf4a74124c631590d7e276f031a9034dc7f9cb857902
mask_fragment-n150000-w256-m0500-s909,mask_fragment,256,0.5,150000,909,75000,late_mask_fragment,7,SEQ_SCAN,5,6.243499999999999,8.414099999999998,5.703499999999999,8.414099999999998,75000,122880,sha256:18bd7fb3b6d02ff88c53bf4a74124c631590d7e276f031a9034dc7f9cb857902
mask_fragment-n150000-w256-m0500-s909,mask_fragment,256,0.5,150000,909,75000,late_mask_fragment,8,SEQ_SCAN,5,0.028900000000000006,0.1248,0.025300000000000007,0.1248,10000,10000,sha256:18bd7fb3b6d02ff88c53bf4a74124c631590d7e276f031a9034dc7f9cb857902
mask_fragment-n150000-w256-m1000-s707,mask_fragment,256,1.0,150000,707,150000,early_mask_fragment,0,EXPLAIN_ANALYZE,5,0.0003,0.0003,0.00019999999999999998,0.0003,0,0,sha256:1a43e0ddf8cc02438cc76d27ba1cce86da34109d2e43dcc8ed7c9d581b95b39d
mask_fragment-n150000-w256-m1000-s707,mask_fragment,256,1.0,150000,707,150000,early_mask_fragment,1,BATCH_CREATE_TABLE_AS,5,24.315300000000004,30.401299999999996,19.765900000000006,30.401299999999996,1,0,sha256:1a43e0ddf8cc02438cc76d27ba1cce86da34109d2e43dcc8ed7c9d581b95b39d
mask_fragment-n150000-w256-m1000-s707,mask_fragment,256,1.0,150000,707,150000,early_mask_fragment,2,CTE,5,23.531099999999995,80.92640000000002,14.7376,80.92640000000002,0,0,sha256:1a43e0ddf8cc02438cc76d27ba1cce86da34109d2e43dcc8ed7c9d581b95b39d
mask_fragment-n150000-w256-m1000-s707,mask_fragment,256,1.0,150000,707,150000,early_mask_fragment,3,PROJECTION,5,949.3257,2051.780600000001,766.6303,2051.780600000001,150000,0,sha256:1a43e0ddf8cc02438cc76d27ba1cce86da34109d2e43dcc8ed7c9d581b95b39d
mask_fragment-n150000-w256-m1000-s707,mask_fragment,256,1.0,150000,707,150000,early_mask_fragment,4,SEQ_SCAN,5,11.741900000000003,15.313200000000004,9.103899999999998,15.313200000000004,150000,150000,sha256:1a43e0ddf8cc02438cc76d27ba1cce86da34109d2e43dcc8ed7c9d581b95b39d
mask_fragment-n150000-w256-m1000-s707,mask_fragment,256,1.0,150000,707,150000,early_mask_fragment,5,PROJECTION,5,0.9859000000000001,2.7500000000000004,0.9466999999999998,2.7500000000000004,150000,0,sha256:1a43e0ddf8cc02438cc76d27ba1cce86da34109d2e43dcc8ed7c9d581b95b39d
mask_fragment-n150000-w256-m1000-s707,mask_fragment,256,1.0,150000,707,150000,early_mask_fragment,6,ORDER_BY,5,143.14340000000004,173.58790000000002,127.78410000000001,173.58790000000002,150000,0,sha256:1a43e0ddf8cc02438cc76d27ba1cce86da34109d2e43dcc8ed7c9d581b95b39d
mask_fragment-n150000-w256-m1000-s707,mask_fragment,256,1.0,150000,707,150000,early_mask_fragment,7,PROJECTION,5,0.4441,2.4508000000000005,0.32319999999999993,2.4508000000000005,150000,0,sha256:1a43e0ddf8cc02438cc76d27ba1cce86da34109d2e43dcc8ed7c9d581b95b39d
mask_fragment-n150000-w256-m1000-s707,mask_fragment,256,1.0,150000,707,150000,early_mask_fragment,8,HASH_JOIN,5,9.5549,21.2752,7.5341,21.2752,150000,0,sha256:1a43e0ddf8cc02438cc76d27ba1cce86da34109d2e43dcc8ed7c9d581b95b39d
mask_fragment-n150000-w256-m1000-s707,mask_fragment,256,1.0,150000,707,150000,early_mask_fragment,9,CTE_SCAN,5,0.5852999999999999,0.9713,0.3801,0.9713,150000,0,sha256:1a43e0ddf8cc02438cc76d27ba1cce86da34109d2e43dcc8ed7c9d581b95b39d
mask_fragment-n150000-w256-m1000-s707,mask_fragment,256,1.0,150000,707,150000,early_mask_fragment,10,SEQ_SCAN,5,0.033,0.0598,0.0257,0.0598,10000,10000,sha256:1a43e0ddf8cc02438cc76d27ba1cce86da34109d2e43dcc8ed7c9d581b95b39d
mask_fragment-n150000-w256-m1000-s707,mask_fragment,256,1.0,150000,707,150000,late_mask_fragment,0,EXPLAIN_ANALYZE,5,0.00039999999999999996,0.0007999999999999999,0.00019999999999999998,0.0007999999999999999,0,0,sha256:92b825cb6ca6efd8c921ae328d9dcd567e5fc1cecda65d185180a168e33b45c9
mask_fragment-n150000-w256-m1000-s707,mask_fragment,256,1.0,150000,707,150000,late_mask_fragment,1,BATCH_CREATE_TABLE_AS,5,21.97649999999999,32.503499999999995,19.599099999999993,32.503499999999995,1,0,sha256:92b825cb6ca6efd8c921ae328d9dcd567e5fc1cecda65d185180a168e33b45c9
mask_fragment-n150000-w256-m1000-s707,mask_fragment,256,1.0,150000,707,150000,late_mask_fragment,2,PROJECTION,5,1.2294,1.6260000000000003,1.1859,1.6260000000000003,150000,0,sha256:92b825cb6ca6efd8c921ae328d9dcd567e5fc1cecda65d185180a168e33b45c9
mask_fragment-n150000-w256-m1000-s707,mask_fragment,256,1.0,150000,707,150000,late_mask_fragment,3,ORDER_BY,5,140.73939999999996,157.9244,131.97209999999998,157.9244,150000,0,sha256:92b825cb6ca6efd8c921ae328d9dcd567e5fc1cecda65d185180a168e33b45c9
mask_fragment-n150000-w256-m1000-s707,mask_fragment,256,1.0,150000,707,150000,late_mask_fragment,4,PROJECTION,5,3.7497000000000007,5.0377,3.3833999999999995,5.0377,150000,0,sha256:92b825cb6ca6efd8c921ae328d9dcd567e5fc1cecda65d185180a168e33b45c9
mask_fragment-n150000-w256-m1000-s707,mask_fragment,256,1.0,150000,707,150000,late_mask_fragment,5,PROJECTION,5,1044.1966999999997,1309.0350999999998,913.8987999999997,1309.0350999999998,150000,0,sha256:92b825cb6ca6efd8c921ae328d9dcd567e5fc1cecda65d185180a168e33b45c9
mask_fragment-n150000-w256-m1000-s707,mask_fragment,256,1.0,150000,707,150000,late_mask_fragment,6,HASH_JOIN,5,3.0435999999999996,3.3696,2.724999999999999,3.3696,150000,0,sha256:92b825cb6ca6efd8c921ae328d9dcd567e5fc1cecda65d185180a168e33b45c9
mask_fragment-n150000-w256-m1000-s707,mask_fragment,256,1.0,150000,707,150000,late_mask_fragment,7,SEQ_SCAN,5,13.039700000000003,17.147799999999997,9.847999999999997,17.147799999999997,150000,150000,sha256:92b825cb6ca6efd8c921ae328d9dcd567e5fc1cecda65d185180a168e33b45c9
mask_fragment-n150000-w256-m1000-s707,mask_fragment,256,1.0,150000,707,150000,late_mask_fragment,8,SEQ_SCAN,5,0.10830000000000002,0.17789999999999997,0.031700000000000006,0.17789999999999997,10000,10000,sha256:92b825cb6ca6efd8c921ae328d9dcd567e5fc1cecda65d185180a168e33b45c9
mask_fragment-n150000-w256-m1000-s808,mask_fragment,256,1.0,150000,808,150000,early_mask_fragment,0,EXPLAIN_ANALYZE,5,0.00019999999999999998,0.0003,0.00019999999999999998,0.0003,0,0,sha256:1a43e0ddf8cc02438cc76d27ba1cce86da34109d2e43dcc8ed7c9d581b95b39d
mask_fragment-n150000-w256-m1000-s808,mask_fragment,256,1.0,150000,808,150000,early_mask_fragment,1,BATCH_CREATE_TABLE_AS,5,19.412499999999998,27.0529,18.8201,27.0529,1,0,sha256:1a43e0ddf8cc02438cc76d27ba1cce86da34109d2e43dcc8ed7c9d581b95b39d
mask_fragment-n150000-w256-m1000-s808,mask_fragment,256,1.0,150000,808,150000,early_mask_fragment,2,CTE,5,20.108899999999988,22.022899999999996,14.415199999999999,22.022899999999996,0,0,sha256:1a43e0ddf8cc02438cc76d27ba1cce86da34109d2e43dcc8ed7c9d581b95b39d
mask_fragment-n150000-w256-m1000-s808,mask_fragment,256,1.0,150000,808,150000,early_mask_fragment,3,PROJECTION,5,820.5746,1015.7818000000001,802.8933000000002,1015.7818000000001,150000,0,sha256:1a43e0ddf8cc02438cc76d27ba1cce86da34109d2e43dcc8ed7c9d581b95b39d
mask_fragment-n150000-w256-m1000-s808,mask_fragment,256,1.0,150000,808,150000,early_mask_fragment,4,SEQ_SCAN,5,13.016499999999999,15.3645,9.635400000000002,15.3645,150000,150000,sha256:1a43e0ddf8cc02438cc76d27ba1cce86da34109d2e43dcc8ed7c9d581b95b39d
mask_fragment-n150000-w256-m1000-s808,mask_fragment,256,1.0,150000,808,150000,early_mask_fragment,5,PROJECTION,5,0.8545,1.284,0.7336,1.284,150000,0,sha256:1a43e0ddf8cc02438cc76d27ba1cce86da34109d2e43dcc8ed7c9d581b95b39d
mask_fragment-n150000-w256-m1000-s808,mask_fragment,256,1.0,150000,808,150000,early_mask_fragment,6,ORDER_BY,5,150.791,161.05650000000006,124.47900000000001,161.05650000000006,150000,0,sha256:1a43e0ddf8cc02438cc76d27ba1cce86da34109d2e43dcc8ed7c9d581b95b39d
mask_fragment-n150000-w256-m1000-s808,mask_fragment,256,1.0,150000,808,150000,early_mask_fragment,7,PROJECTION,5,0.5745,0.7242,0.4808,0.7242,150000,0,sha256:1a43e0ddf8cc02438cc76d27ba1cce86da34109d2e43dcc8ed7c9d581b95b39d
mask_fragment-n150000-w256-m1000-s808,mask_fragment,256,1.0,150000,808,150000,early_mask_fragment,8,HASH_JOIN,5,14.6372,19.0649,10.323000000000002,19.0649,150000,0,sha256:1a43e0ddf8cc02438cc76d27ba1cce86da34109d2e43dcc8ed7c9d581b95b39d
mask_fragment-n150000-w256-m1000-s808,mask_fragment,256,1.0,150000,808,150000,early_mask_fragment,9,CTE_SCAN,5,0.9794999999999999,1.8155,0.5721999999999999,1.8155,150000,0,sha256:1a43e0ddf8cc02438cc76d27ba1cce86da34109d2e43dcc8ed7c9d581b95b39d
mask_fragment-n150000-w256-m1000-s808,mask_fragment,256,1.0,150000,808,150000,early_mask_fragment,10,SEQ_SCAN,5,0.031100000000000003,0.07100000000000001,0.027299999999999998,0.07100000000000001,10000,10000,sha256:1a43e0ddf8cc02438cc76d27ba1cce86da34109d2e43dcc8ed7c9d581b95b39d
mask_fragment-n150000-w256-m1000-s808,mask_fragment,256,1.0,150000,808,150000,late_mask_fragment,0,EXPLAIN_ANALYZE,5,0.00019999999999999998,0.0009,0.00019999999999999998,0.0009,0,0,sha256:92b825cb6ca6efd8c921ae328d9dcd567e5fc1cecda65d185180a168e33b45c9
mask_fragment-n150000-w256-m1000-s808,mask_fragment,256,1.0,150000,808,150000,late_mask_fragment,1,BATCH_CREATE_TABLE_AS,5,21.583399999999994,29.072099999999995,14.3563,29.072099999999995,1,0,sha256:92b825cb6ca6efd8c921ae328d9dcd567e5fc1cecda65d185180a168e33b45c9
mask_fragment-n150000-w256-m1000-s808,mask_fragment,256,1.0,150000,808,150000,late_mask_fragment,2,PROJECTION,5,1.3158,1.7607,0.8161,1.7607,150000,0,sha256:92b825cb6ca6efd8c921ae328d9dcd567e5fc1cecda65d185180a168e33b45c9
mask_fragment-n150000-w256-m1000-s808,mask_fragment,256,1.0,150000,808,150000,late_mask_fragment,3,ORDER_BY,5,134.65920000000003,140.76819999999998,101.15460000000002,140.76819999999998,150000,0,sha256:92b825cb6ca6efd8c921ae328d9dcd567e5fc1cecda65d185180a168e33b45c9
mask_fragment-n150000-w256-m1000-s808,mask_fragment,256,1.0,150000,808,150000,late_mask_fragment,4,PROJECTION,5,3.3829,3.9708999999999985,2.9490999999999996,3.9708999999999985,150000,0,sha256:92b825cb6ca6efd8c921ae328d9dcd567e5fc1cecda65d185180a168e33b45c9
mask_fragment-n150000-w256-m1000-s808,mask_fragment,256,1.0,150000,808,150000,late_mask_fragment,5,PROJECTION,5,780.5215999999999,923.2478000000001,747.5564000000003,923.2478000000001,150000,0,sha256:92b825cb6ca6efd8c921ae328d9dcd567e5fc1cecda65d185180a168e33b45c9
mask_fragment-n150000-w256-m1000-s808,mask_fragment,256,1.0,150000,808,150000,late_mask_fragment,6,HASH_JOIN,5,2.6238999999999995,2.7962,2.4561999999999995,2.7962,150000,0,sha256:92b825cb6ca6efd8c921ae328d9dcd567e5fc1cecda65d185180a168e33b45c9
mask_fragment-n150000-w256-m1000-s808,mask_fragment,256,1.0,150000,808,150000,late_mask_fragment,7,SEQ_SCAN,5,12.846600000000004,14.9931,11.288699999999999,14.9931,150000,150000,sha256:92b825cb6ca6efd8c921ae328d9dcd567e5fc1cecda65d185180a168e33b45c9
mask_fragment-n150000-w256-m1000-s808,mask_fragment,256,1.0,150000,808,150000,late_mask_fragment,8,SEQ_SCAN,5,0.061099999999999995,0.1132,0.0329,0.1132,10000,10000,sha256:92b825cb6ca6efd8c921ae328d9dcd567e5fc1cecda65d185180a168e33b45c9
mask_fragment-n150000-w256-m1000-s909,mask_fragment,256,1.0,150000,909,150000,early_mask_fragment,0,EXPLAIN_ANALYZE,5,0.0003,0.0003,0.00019999999999999998,0.0003,0,0,sha256:1a43e0ddf8cc02438cc76d27ba1cce86da34109d2e43dcc8ed7c9d581b95b39d
mask_fragment-n150000-w256-m1000-s909,mask_fragment,256,1.0,150000,909,150000,early_mask_fragment,1,BATCH_CREATE_TABLE_AS,5,20.973599999999998,27.238300000000002,17.82570000000001,27.238300000000002,1,0,sha256:1a43e0ddf8cc02438cc76d27ba1cce86da34109d2e43dcc8ed7c9d581b95b39d
mask_fragment-n150000-w256-m1000-s909,mask_fragment,256,1.0,150000,909,150000,early_mask_fragment,2,CTE,5,16.939600000000002,26.46629999999999,13.168899999999997,26.46629999999999,0,0,sha256:1a43e0ddf8cc02438cc76d27ba1cce86da34109d2e43dcc8ed7c9d581b95b39d
mask_fragment-n150000-w256-m1000-s909,mask_fragment,256,1.0,150000,909,150000,early_mask_fragment,3,PROJECTION,5,796.8894999999998,874.7290999999998,710.7380000000003,874.7290999999998,150000,0,sha256:1a43e0ddf8cc02438cc76d27ba1cce86da34109d2e43dcc8ed7c9d581b95b39d
mask_fragment-n150000-w256-m1000-s909,mask_fragment,256,1.0,150000,909,150000,early_mask_fragment,4,SEQ_SCAN,5,10.3756,11.060900000000002,9.513700000000004,11.060900000000002,150000,150000,sha256:1a43e0ddf8cc02438cc76d27ba1cce86da34109d2e43dcc8ed7c9d581b95b39d
mask_fragment-n150000-w256-m1000-s909,mask_fragment,256,1.0,150000,909,150000,early_mask_fragment,5,PROJECTION,5,0.8860000000000002,0.9911,0.6200000000000001,0.9911,150000,0,sha256:1a43e0ddf8cc02438cc76d27ba1cce86da34109d2e43dcc8ed7c9d581b95b39d
mask_fragment-n150000-w256-m1000-s909,mask_fragment,256,1.0,150000,909,150000,early_mask_fragment,6,ORDER_BY,5,119.14699999999996,128.1832,116.40330000000002,128.1832,150000,0,sha256:1a43e0ddf8cc02438cc76d27ba1cce86da34109d2e43dcc8ed7c9d581b95b39d
mask_fragment-n150000-w256-m1000-s909,mask_fragment,256,1.0,150000,909,150000,early_mask_fragment,7,PROJECTION,5,0.3714,0.49590000000000006,0.32130000000000003,0.49590000000000006,150000,0,sha256:1a43e0ddf8cc02438cc76d27ba1cce86da34109d2e43dcc8ed7c9d581b95b39d
mask_fragment-n150000-w256-m1000-s909,mask_fragment,256,1.0,150000,909,150000,early_mask_fragment,8,HASH_JOIN,5,8.357899999999997,11.512299999999998,7.5687999999999995,11.512299999999998,150000,0,sha256:1a43e0ddf8cc02438cc76d27ba1cce86da34109d2e43dcc8ed7c9d581b95b39d
mask_fragment-n150000-w256-m1000-s909,mask_fragment,256,1.0,150000,909,150000,early_mask_fragment,9,CTE_SCAN,5,0.6572000000000001,0.8011,0.5069999999999999,0.8011,150000,0,sha256:1a43e0ddf8cc02438cc76d27ba1cce86da34109d2e43dcc8ed7c9d581b95b39d
mask_fragment-n150000-w256-m1000-s909,mask_fragment,256,1.0,150000,909,150000,early_mask_fragment,10,SEQ_SCAN,5,0.03370000000000001,0.0451,0.021700000000000004,0.0451,10000,10000,sha256:1a43e0ddf8cc02438cc76d27ba1cce86da34109d2e43dcc8ed7c9d581b95b39d
mask_fragment-n150000-w256-m1000-s909,mask_fragment,256,1.0,150000,909,150000,late_mask_fragment,0,EXPLAIN_ANALYZE,5,0.0003,0.0003,0.0003,0.0003,0,0,sha256:92b825cb6ca6efd8c921ae328d9dcd567e5fc1cecda65d185180a168e33b45c9
mask_fragment-n150000-w256-m1000-s909,mask_fragment,256,1.0,150000,909,150000,late_mask_fragment,1,BATCH_CREATE_TABLE_AS,5,18.511999999999997,21.199999999999996,15.204899999999997,21.199999999999996,1,0,sha256:92b825cb6ca6efd8c921ae328d9dcd567e5fc1cecda65d185180a168e33b45c9
mask_fragment-n150000-w256-m1000-s909,mask_fragment,256,1.0,150000,909,150000,late_mask_fragment,2,PROJECTION,5,1.2174999999999998,1.7371999999999996,0.7421,1.7371999999999996,150000,0,sha256:92b825cb6ca6efd8c921ae328d9dcd567e5fc1cecda65d185180a168e33b45c9
mask_fragment-n150000-w256-m1000-s909,mask_fragment,256,1.0,150000,909,150000,late_mask_fragment,3,ORDER_BY,5,125.70520000000002,151.4793,103.33009999999999,151.4793,150000,0,sha256:92b825cb6ca6efd8c921ae328d9dcd567e5fc1cecda65d185180a168e33b45c9
mask_fragment-n150000-w256-m1000-s909,mask_fragment,256,1.0,150000,909,150000,late_mask_fragment,4,PROJECTION,5,3.3780999999999994,4.088500000000001,2.5067000000000004,4.088500000000001,150000,0,sha256:92b825cb6ca6efd8c921ae328d9dcd567e5fc1cecda65d185180a168e33b45c9
mask_fragment-n150000-w256-m1000-s909,mask_fragment,256,1.0,150000,909,150000,late_mask_fragment,5,PROJECTION,5,824.6166000000001,1008.0387000000002,759.1534999999998,1008.0387000000002,150000,0,sha256:92b825cb6ca6efd8c921ae328d9dcd567e5fc1cecda65d185180a168e33b45c9
mask_fragment-n150000-w256-m1000-s909,mask_fragment,256,1.0,150000,909,150000,late_mask_fragment,6,HASH_JOIN,5,2.4298,2.7056000000000004,1.9353999999999998,2.7056000000000004,150000,0,sha256:92b825cb6ca6efd8c921ae328d9dcd567e5fc1cecda65d185180a168e33b45c9
mask_fragment-n150000-w256-m1000-s909,mask_fragment,256,1.0,150000,909,150000,late_mask_fragment,7,SEQ_SCAN,5,10.7394,12.2659,7.8602,12.2659,150000,150000,sha256:92b825cb6ca6efd8c921ae328d9dcd567e5fc1cecda65d185180a168e33b45c9
mask_fragment-n150000-w256-m1000-s909,mask_fragment,256,1.0,150000,909,150000,late_mask_fragment,8,SEQ_SCAN,5,0.0378,0.07170000000000001,0.023400000000000004,0.07170000000000001,10000,10000,sha256:92b825cb6ca6efd8c921ae328d9dcd567e5fc1cecda65d185180a168e33b45c9
mask_fragment-n150000-w512-m0100-s707,mask_fragment,512,0.1,150000,707,15000,early_mask_fragment,0,EXPLAIN_ANALYZE,5,0.0003,0.0007999999999999999,0.00019999999999999998,0.0007999999999999999,0,0,sha256:1a43e0ddf8cc02438cc76d27ba1cce86da34109d2e43dcc8ed7c9d581b95b39d
mask_fragment-n150000-w512-m0100-s707,mask_fragment,512,0.1,150000,707,15000,early_mask_fragment,1,BATCH_CREATE_TABLE_AS,5,1.9039999999999997,2.3286000000000002,1.7527000000000001,2.3286000000000002,1,0,sha256:1a43e0ddf8cc02438cc76d27ba1cce86da34109d2e43dcc8ed7c9d581b95b39d
mask_fragment-n150000-w512-m0100-s707,mask_fragment,512,0.1,150000,707,15000,early_mask_fragment,2,CTE,5,18.2361,25.216499999999993,13.691600000000001,25.216499999999993,0,0,sha256:1a43e0ddf8cc02438cc76d27ba1cce86da34109d2e43dcc8ed7c9d581b95b39d
mask_fragment-n150000-w512-m0100-s707,mask_fragment,512,0.1,150000,707,15000,early_mask_fragment,3,PROJECTION,5,1320.4269,1711.9580999999991,1219.5763,1711.9580999999991,150000,0,sha256:1a43e0ddf8cc02438cc76d27ba1cce86da34109d2e43dcc8ed7c9d581b95b39d
mask_fragment-n150000-w512-m0100-s707,mask_fragment,512,0.1,150000,707,15000,early_mask_fragment,4,SEQ_SCAN,5,10.795000000000002,12.580400000000003,10.0389,12.580400000000003,150000,150000,sha256:1a43e0ddf8cc02438cc76d27ba1cce86da34109d2e43dcc8ed7c9d581b95b39d
mask_fragment-n150000-w512-m0100-s707,mask_fragment,512,0.1,150000,707,15000,early_mask_fragment,5,PROJECTION,5,0.08120000000000001,0.3451,0.049199999999999994,0.3451,15000,0,sha256:1a43e0ddf8cc02438cc76d27ba1cce86da34109d2e43dcc8ed7c9d581b95b39d
mask_fragment-n150000-w512-m0100-s707,mask_fragment,512,0.1,150000,707,15000,early_mask_fragment,6,ORDER_BY,5,10.6335,15.9306,9.4403,15.9306,15000,0,sha256:1a43e0ddf8cc02438cc76d27ba1cce86da34109d2e43dcc8ed7c9d581b95b39d
mask_fragment-n150000-w512-m0100-s707,mask_fragment,512,0.1,150000,707,15000,early_mask_fragment,7,PROJECTION,5,0.0475,0.7336,0.0415,0.7336,15000,0,sha256:1a43e0ddf8cc02438cc76d27ba1cce86da34109d2e43dcc8ed7c9d581b95b39d
mask_fragment-n150000-w512-m0100-s707,mask_fragment,512,0.1,150000,707,15000,early_mask_fragment,8,HASH_JOIN,5,4.2512,9.316799999999999,4.1216,9.316799999999999,15000,0,sha256:1a43e0ddf8cc02438cc76d27ba1cce86da34109d2e43dcc8ed7c9d581b95b39d
mask_fragment-n150000-w512-m0100-s707,mask_fragment,512,0.1,150000,707,15000,early_mask_fragment,9,CTE_SCAN,5,0.35009999999999997,0.4971999999999999,0.3114,0.4971999999999999,150000,0,sha256:1a43e0ddf8cc02438cc76d27ba1cce86da34109d2e43dcc8ed7c9d581b95b39d
mask_fragment-n150000-w512-m0100-s707,mask_fragment,512,0.1,150000,707,15000,early_mask_fragment,10,SEQ_SCAN,5,0.0473,0.13489999999999996,0.0273,0.13489999999999996,10000,10000,sha256:1a43e0ddf8cc02438cc76d27ba1cce86da34109d2e43dcc8ed7c9d581b95b39d
mask_fragment-n150000-w512-m0100-s707,mask_fragment,512,0.1,150000,707,15000,late_mask_fragment,0,EXPLAIN_ANALYZE,5,0.0003,0.00039999999999999996,0.0003,0.00039999999999999996,0,0,sha256:18bd7fb3b6d02ff88c53bf4a74124c631590d7e276f031a9034dc7f9cb857902
mask_fragment-n150000-w512-m0100-s707,mask_fragment,512,0.1,150000,707,15000,late_mask_fragment,1,BATCH_CREATE_TABLE_AS,5,2.0100000000000002,2.8201,1.4741,2.8201,1,0,sha256:18bd7fb3b6d02ff88c53bf4a74124c631590d7e276f031a9034dc7f9cb857902
mask_fragment-n150000-w512-m0100-s707,mask_fragment,512,0.1,150000,707,15000,late_mask_fragment,2,PROJECTION,5,0.12689999999999999,0.23679999999999998,0.067,0.23679999999999998,15000,0,sha256:18bd7fb3b6d02ff88c53bf4a74124c631590d7e276f031a9034dc7f9cb857902
mask_fragment-n150000-w512-m0100-s707,mask_fragment,512,0.1,150000,707,15000,late_mask_fragment,3,ORDER_BY,5,9.8138,11.969899999999999,7.9538,11.969899999999999,15000,0,sha256:18bd7fb3b6d02ff88c53bf4a74124c631590d7e276f031a9034dc7f9cb857902
mask_fragment-n150000-w512-m0100-s707,mask_fragment,512,0.1,150000,707,15000,late_mask_fragment,4,PROJECTION,5,0.298,0.7015999999999999,0.2257,0.7015999999999999,15000,0,sha256:18bd7fb3b6d02ff88c53bf4a74124c631590d7e276f031a9034dc7f9cb857902
mask_fragment-n150000-w512-m0100-s707,mask_fragment,512,0.1,150000,707,15000,late_mask_fragment,5,PROJECTION,5,110.9533,137.5831,108.09830000000002,137.5831,15000,0,sha256:18bd7fb3b6d02ff88c53bf4a74124c631590d7e276f031a9034dc7f9cb857902
mask_fragment-n150000-w512-m0100-s707,mask_fragment,512,0.1,150000,707,15000,late_mask_fragment,6,HASH_JOIN,5,0.6455,0.8894000000000001,0.5001999999999999,0.8894000000000001,15000,0,sha256:18bd7fb3b6d02ff88c53bf4a74124c631590d7e276f031a9034dc7f9cb857902
mask_fragment-n150000-w512-m0100-s707,mask_fragment,512,0.1,150000,707,15000,late_mask_fragment,7,SEQ_SCAN,5,1.8287000000000002,3.0428999999999995,1.1337000000000002,3.0428999999999995,15000,122880,sha256:18bd7fb3b6d02ff88c53bf4a74124c631590d7e276f031a9034dc7f9cb857902
mask_fragment-n150000-w512-m0100-s707,mask_fragment,512,0.1,150000,707,15000,late_mask_fragment,8,SEQ_SCAN,5,0.026100000000000005,0.0363,0.0222,0.0363,10000,10000,sha256:18bd7fb3b6d02ff88c53bf4a74124c631590d7e276f031a9034dc7f9cb857902
mask_fragment-n150000-w512-m0100-s808,mask_fragment,512,0.1,150000,808,15000,early_mask_fragment,0,EXPLAIN_ANALYZE,5,0.0003,0.001,0.00019999999999999998,0.001,0,0,sha256:1a43e0ddf8cc02438cc76d27ba1cce86da34109d2e43dcc8ed7c9d581b95b39d
mask_fragment-n150000-w512-m0100-s808,mask_fragment,512,0.1,150000,808,15000,early_mask_fragment,1,BATCH_CREATE_TABLE_AS,5,1.6637000000000002,2.3323999999999994,1.089,2.3323999999999994,1,0,sha256:1a43e0ddf8cc02438cc76d27ba1cce86da34109d2e43dcc8ed7c9d581b95b39d
mask_fragment-n150000-w512-m0100-s808,mask_fragment,512,0.1,150000,808,15000,early_mask_fragment,2,CTE,5,13.414900000000001,17.748100000000004,12.432500000000005,17.748100000000004,0,0,sha256:1a43e0ddf8cc02438cc76d27ba1cce86da34109d2e43dcc8ed7c9d581b95b39d
mask_fragment-n150000-w512-m0100-s808,mask_fragment,512,0.1,150000,808,15000,early_mask_fragment,3,PROJECTION,5,1367.1319999999998,1637.3033000000003,1238.4991,1637.3033000000003,150000,0,sha256:1a43e0ddf8cc02438cc76d27ba1cce86da34109d2e43dcc8ed7c9d581b95b39d
mask_fragment-n150000-w512-m0100-s808,mask_fragment,512,0.1,150000,808,15000,early_mask_fragment,4,SEQ_SCAN,5,9.844399999999998,17.065400000000004,8.4624,17.065400000000004,150000,150000,sha256:1a43e0ddf8cc02438cc76d27ba1cce86da34109d2e43dcc8ed7c9d581b95b39d
mask_fragment-n150000-w512-m0100-s808,mask_fragment,512,0.1,150000,808,15000,early_mask_fragment,5,PROJECTION,5,0.0456,0.0746,0.023299999999999998,0.0746,15000,0,sha256:1a43e0ddf8cc02438cc76d27ba1cce86da34109d2e43dcc8ed7c9d581b95b39d
mask_fragment-n150000-w512-m0100-s808,mask_fragment,512,0.1,150000,808,15000,early_mask_fragment,6,ORDER_BY,5,10.0889,13.428799999999999,7.7103,13.428799999999999,15000,0,sha256:1a43e0ddf8cc02438cc76d27ba1cce86da34109d2e43dcc8ed7c9d581b95b39d
mask_fragment-n150000-w512-m0100-s808,mask_fragment,512,0.1,150000,808,15000,early_mask_fragment,7,PROJECTION,5,0.054900000000000004,0.0769,0.04290000000000001,0.0769,15000,0,sha256:1a43e0ddf8cc02438cc76d27ba1cce86da34109d2e43dcc8ed7c9d581b95b39d
mask_fragment-n150000-w512-m0100-s808,mask_fragment,512,0.1,150000,808,15000,early_mask_fragment,8,HASH_JOIN,5,4.504700000000001,5.7078,3.9168000000000007,5.7078,15000,0,sha256:1a43e0ddf8cc02438cc76d27ba1cce86da34109d2e43dcc8ed7c9d581b95b39d
mask_fragment-n150000-w512-m0100-s808,mask_fragment,512,0.1,150000,808,15000,early_mask_fragment,9,CTE_SCAN,5,0.46590000000000015,0.7722,0.29309999999999997,0.7722,150000,0,sha256:1a43e0ddf8cc02438cc76d27ba1cce86da34109d2e43dcc8ed7c9d581b95b39d
mask_fragment-n150000-w512-m0100-s808,mask_fragment,512,0.1,150000,808,15000,early_mask_fragment,10,SEQ_SCAN,5,0.028,0.1174,0.0234,0.1174,10000,10000,sha256:1a43e0ddf8cc02438cc76d27ba1cce86da34109d2e43dcc8ed7c9d581b95b39d
mask_fragment-n150000-w512-m0100-s808,mask_fragment,512,0.1,150000,808,15000,late_mask_fragment,0,EXPLAIN_ANALYZE,5,0.0003,0.0005,0.0003,0.0005,0,0,sha256:18bd7fb3b6d02ff88c53bf4a74124c631590d7e276f031a9034dc7f9cb857902
mask_fragment-n150000-w512-m0100-s808,mask_fragment,512,0.1,150000,808,15000,late_mask_fragment,1,BATCH_CREATE_TABLE_AS,5,1.7815999999999996,5.0136,1.7326,5.0136,1,0,sha256:18bd7fb3b6d02ff88c53bf4a74124c631590d7e276f031a9034dc7f9cb857902
mask_fragment-n150000-w512-m0100-s808,mask_fragment,512,0.1,150000,808,15000,late_mask_fragment,2,PROJECTION,5,0.0851,0.1701,0.060899999999999996,0.1701,15000,0,sha256:18bd7fb3b6d02ff88c53bf4a74124c631590d7e276f031a9034dc7f9cb857902
mask_fragment-n150000-w512-m0100-s808,mask_fragment,512,0.1,150000,808,15000,late_mask_fragment,3,ORDER_BY,5,10.550899999999999,18.180800000000005,6.6765,18.180800000000005,15000,0,sha256:18bd7fb3b6d02ff88c53bf4a74124c631590d7e276f031a9034dc7f9cb857902
mask_fragment-n150000-w512-m0100-s808,mask_fragment,512,0.1,150000,808,15000,late_mask_fragment,4,PROJECTION,5,0.5663,1.3816999999999997,0.3101,1.3816999999999997,15000,0,sha256:18bd7fb3b6d02ff88c53bf4a74124c631590d7e276f031a9034dc7f9cb857902
mask_fragment-n150000-w512-m0100-s808,mask_fragment,512,0.1,150000,808,15000,late_mask_fragment,5,PROJECTION,5,160.168,182.0977,152.1363,182.0977,15000,0,sha256:18bd7fb3b6d02ff88c53bf4a74124c631590d7e276f031a9034dc7f9cb857902
mask_fragment-n150000-w512-m0100-s808,mask_fragment,512,0.1,150000,808,15000,late_mask_fragment,6,HASH_JOIN,5,0.6864000000000001,0.9211999999999999,0.6315999999999999,0.9211999999999999,15000,0,sha256:18bd7fb3b6d02ff88c53bf4a74124c631590d7e276f031a9034dc7f9cb857902
mask_fragment-n150000-w512-m0100-s808,mask_fragment,512,0.1,150000,808,15000,late_mask_fragment,7,SEQ_SCAN,5,1.8036,2.6703,1.3249,2.6703,15000,122880,sha256:18bd7fb3b6d02ff88c53bf4a74124c631590d7e276f031a9034dc7f9cb857902
mask_fragment-n150000-w512-m0100-s808,mask_fragment,512,0.1,150000,808,15000,late_mask_fragment,8,SEQ_SCAN,5,0.0336,0.0387,0.030199999999999998,0.0387,10000,10000,sha256:18bd7fb3b6d02ff88c53bf4a74124c631590d7e276f031a9034dc7f9cb857902
mask_fragment-n150000-w512-m0100-s909,mask_fragment,512,0.1,150000,909,15000,early_mask_fragment,0,EXPLAIN_ANALYZE,5,0.0003,0.0009,0.00019999999999999998,0.0009,0,0,sha256:1a43e0ddf8cc02438cc76d27ba1cce86da34109d2e43dcc8ed7c9d581b95b39d
mask_fragment-n150000-w512-m0100-s909,mask_fragment,512,0.1,150000,909,15000,early_mask_fragment,1,BATCH_CREATE_TABLE_AS,5,1.6221999999999999,2.4401,1.0945,2.4401,1,0,sha256:1a43e0ddf8cc02438cc76d27ba1cce86da34109d2e43dcc8ed7c9d581b95b39d
mask_fragment-n150000-w512-m0100-s909,mask_fragment,512,0.1,150000,909,15000,early_mask_fragment,2,CTE,5,15.1984,27.65800000000001,15.0381,27.65800000000001,0,0,sha256:1a43e0ddf8cc02438cc76d27ba1cce86da34109d2e43dcc8ed7c9d581b95b39d
mask_fragment-n150000-w512-m0100-s909,mask_fragment,512,0.1,150000,909,15000,early_mask_fragment,3,PROJECTION,5,1353.0486,1455.2236999999998,1204.0815,1455.2236999999998,150000,0,sha256:1a43e0ddf8cc02438cc76d27ba1cce86da34109d2e43dcc8ed7c9d581b95b39d
mask_fragment-n150000-w512-m0100-s909,mask_fragment,512,0.1,150000,909,15000,early_mask_fragment,4,SEQ_SCAN,5,10.8649,11.567200000000003,9.261200000000002,11.567200000000003,150000,150000,sha256:1a43e0ddf8cc02438cc76d27ba1cce86da34109d2e43dcc8ed7c9d581b95b39d
mask_fragment-n150000-w512-m0100-s909,mask_fragment,512,0.1,150000,909,15000,early_mask_fragment,5,PROJECTION,5,0.048299999999999996,0.1228,0.021400000000000002,0.1228,15000,0,sha256:1a43e0ddf8cc02438cc76d27ba1cce86da34109d2e43dcc8ed7c9d581b95b39d
mask_fragment-n150000-w512-m0100-s909,mask_fragment,512,0.1,150000,909,15000,early_mask_fragment,6,ORDER_BY,5,10.841899999999999,11.9961,9.2675,11.9961,15000,0,sha256:1a43e0ddf8cc02438cc76d27ba1cce86da34109d2e43dcc8ed7c9d581b95b39d
mask_fragment-n150000-w512-m0100-s909,mask_fragment,512,0.1,150000,909,15000,early_mask_fragment,7,PROJECTION,5,0.0756,0.0977,0.049499999999999995,0.0977,15000,0,sha256:1a43e0ddf8cc02438cc76d27ba1cce86da34109d2e43dcc8ed7c9d581b95b39d
mask_fragment-n150000-w512-m0100-s909,mask_fragment,512,0.1,150000,909,15000,early_mask_fragment,8,HASH_JOIN,5,6.1299,7.3406,5.495500000000001,7.3406,15000,0,sha256:1a43e0ddf8cc02438cc76d27ba1cce86da34109d2e43dcc8ed7c9d581b95b39d
mask_fragment-n150000-w512-m0100-s909,mask_fragment,512,0.1,150000,909,15000,early_mask_fragment,9,CTE_SCAN,5,0.7329000000000002,0.8343,0.38189999999999996,0.8343,150000,0,sha256:1a43e0ddf8cc02438cc76d27ba1cce86da34109d2e43dcc8ed7c9d581b95b39d
mask_fragment-n150000-w512-m0100-s909,mask_fragment,512,0.1,150000,909,15000,early_mask_fragment,10,SEQ_SCAN,5,0.028900000000000006,0.0976,0.0253,0.0976,10000,10000,sha256:1a43e0ddf8cc02438cc76d27ba1cce86da34109d2e43dcc8ed7c9d581b95b39d
mask_fragment-n150000-w512-m0100-s909,mask_fragment,512,0.1,150000,909,15000,late_mask_fragment,0,EXPLAIN_ANALYZE,5,0.0003,0.0006,0.00019999999999999998,0.0006,0,0,sha256:18bd7fb3b6d02ff88c53bf4a74124c631590d7e276f031a9034dc7f9cb857902
mask_fragment-n150000-w512-m0100-s909,mask_fragment,512,0.1,150000,909,15000,late_mask_fragment,1,BATCH_CREATE_TABLE_AS,5,1.5694,2.8392999999999997,1.3814999999999997,2.8392999999999997,1,0,sha256:18bd7fb3b6d02ff88c53bf4a74124c631590d7e276f031a9034dc7f9cb857902
mask_fragment-n150000-w512-m0100-s909,mask_fragment,512,0.1,150000,909,15000,late_mask_fragment,2,PROJECTION,5,0.06290000000000001,0.1087,0.0465,0.1087,15000,0,sha256:18bd7fb3b6d02ff88c53bf4a74124c631590d7e276f031a9034dc7f9cb857902
mask_fragment-n150000-w512-m0100-s909,mask_fragment,512,0.1,150000,909,15000,late_mask_fragment,3,ORDER_BY,5,7.673,12.910599999999999,6.4072000000000005,12.910599999999999,15000,0,sha256:18bd7fb3b6d02ff88c53bf4a74124c631590d7e276f031a9034dc7f9cb857902
mask_fragment-n150000-w512-m0100-s909,mask_fragment,512,0.1,150000,909,15000,late_mask_fragment,4,PROJECTION,5,0.46909999999999996,0.5412,0.28800000000000003,0.5412,15000,0,sha256:18bd7fb3b6d02ff88c53bf4a74124c631590d7e276f031a9034dc7f9cb857902
mask_fragment-n150000-w512-m0100-s909,mask_fragment,512,0.1,150000,909,15000,late_mask_fragment,5,PROJECTION,5,138.4938,166.59369999999998,128.62619999999998,166.59369999999998,15000,0,sha256:18bd7fb3b6d02ff88c53bf4a74124c631590d7e276f031a9034dc7f9cb857902
mask_fragment-n150000-w512-m0100-s909,mask_fragment,512,0.1,150000,909,15000,late_mask_fragment,6,HASH_JOIN,5,0.7255000000000001,1.0781,0.5244,1.0781,15000,0,sha256:18bd7fb3b6d02ff88c53bf4a74124c631590d7e276f031a9034dc7f9cb857902
mask_fragment-n150000-w512-m0100-s909,mask_fragment,512,0.1,150000,909,15000,late_mask_fragment,7,SEQ_SCAN,5,2.5701,4.4955,1.4032,4.4955,15000,122880,sha256:18bd7fb3b6d02ff88c53bf4a74124c631590d7e276f031a9034dc7f9cb857902
mask_fragment-n150000-w512-m0100-s909,mask_fragment,512,0.1,150000,909,15000,late_mask_fragment,8,SEQ_SCAN,5,0.0318,0.056,0.019799999999999998,0.056,10000,10000,sha256:18bd7fb3b6d02ff88c53bf4a74124c631590d7e276f031a9034dc7f9cb857902
mask_fragment-n150000-w512-m0500-s707,mask_fragment,512,0.5,150000,707,75000,early_mask_fragment,0,EXPLAIN_ANALYZE,5,0.0006,0.001,0.0003,0.001,0,0,sha256:1a43e0ddf8cc02438cc76d27ba1cce86da34109d2e43dcc8ed7c9d581b95b39d
mask_fragment-n150000-w512-m0500-s707,mask_fragment,512,0.5,150000,707,75000,early_mask_fragment,1,BATCH_CREATE_TABLE_AS,5,11.237499999999999,15.450999999999999,10.093899999999998,15.450999999999999,1,0,sha256:1a43e0ddf8cc02438cc76d27ba1cce86da34109d2e43dcc8ed7c9d581b95b39d
mask_fragment-n150000-w512-m0500-s707,mask_fragment,512,0.5,150000,707,75000,early_mask_fragment,2,CTE,5,17.876800000000003,26.2591,16.607799999999997,26.2591,0,0,sha256:1a43e0ddf8cc02438cc76d27ba1cce86da34109d2e43dcc8ed7c9d581b95b39d
mask_fragment-n150000-w512-m0500-s707,mask_fragment,512,0.5,150000,707,75000,early_mask_fragment,3,PROJECTION,5,1517.0263,1981.3874000000003,1144.3622999999998,1981.3874000000003,150000,0,sha256:1a43e0ddf8cc02438cc76d27ba1cce86da34109d2e43dcc8ed7c9d581b95b39d
mask_fragment-n150000-w512-m0500-s707,mask_fragment,512,0.5,150000,707,75000,early_mask_fragment,4,SEQ_SCAN,5,14.456100000000003,16.958700000000004,11.3343,16.958700000000004,150000,150000,sha256:1a43e0ddf8cc02438cc76d27ba1cce86da34109d2e43dcc8ed7c9d581b95b39d
mask_fragment-n150000-w512-m0500-s707,mask_fragment,512,0.5,150000,707,75000,early_mask_fragment,5,PROJECTION,5,0.5449,0.9155000000000001,0.3670999999999999,0.9155000000000001,75000,0,sha256:1a43e0ddf8cc02438cc76d27ba1cce86da34109d2e43dcc8ed7c9d581b95b39d
mask_fragment-n150000-w512-m0500-s707,mask_fragment,512,0.5,150000,707,75000,early_mask_fragment,6,ORDER_BY,5,74.4477,86.48270000000001,58.245900000000006,86.48270000000001,75000,0,sha256:1a43e0ddf8cc02438cc76d27ba1cce86da34109d2e43dcc8ed7c9d581b95b39d
mask_fragment-n150000-w512-m0500-s707,mask_fragment,512,0.5,150000,707,75000,early_mask_fragment,7,PROJECTION,5,0.22360000000000002,0.2371,0.1927,0.2371,75000,0,sha256:1a43e0ddf8cc02438cc76d27ba1cce86da34109d2e43dcc8ed7c9d581b95b39d
mask_fragment-n150000-w512-m0500-s707,mask_fragment,512,0.5,150000,707,75000,early_mask_fragment,8,HASH_JOIN,5,7.4156,8.3355,6.444800000000001,8.3355,75000,0,sha256:1a43e0ddf8cc02438cc76d27ba1cce86da34109d2e43dcc8ed7c9d581b95b39d
mask_fragment-n150000-w512-m0500-s707,mask_fragment,512,0.5,150000,707,75000,early_mask_fragment,9,CTE_SCAN,5,0.4542999999999999,0.9370999999999999,0.4031,0.9370999999999999,150000,0,sha256:1a43e0ddf8cc02438cc76d27ba1cce86da34109d2e43dcc8ed7c9d581b95b39d
mask_fragment-n150000-w512-m0500-s707,mask_fragment,512,0.5,150000,707,75000,early_mask_fragment,10,SEQ_SCAN,5,0.033600000000000005,0.055700000000000006,0.026500000000000003,0.055700000000000006,10000,10000,sha256:1a43e0ddf8cc02438cc76d27ba1cce86da34109d2e43dcc8ed7c9d581b95b39d
mask_fragment-n150000-w512-m0500-s707,mask_fragment,512,0.5,150000,707,75000,late_mask_fragment,0,EXPLAIN_ANALYZE,5,0.00039999999999999996,0.0027,0.00019999999999999998,0.0027,0,0,sha256:18bd7fb3b6d02ff88c53bf4a74124c631590d7e276f031a9034dc7f9cb857902
mask_fragment-n150000-w512-m0500-s707,mask_fragment,512,0.5,150000,707,75000,late_mask_fragment,1,BATCH_CREATE_TABLE_AS,5,9.951600000000001,10.732499999999998,8.741,10.732499999999998,1,0,sha256:18bd7fb3b6d02ff88c53bf4a74124c631590d7e276f031a9034dc7f9cb857902
mask_fragment-n150000-w512-m0500-s707,mask_fragment,512,0.5,150000,707,75000,late_mask_fragment,2,PROJECTION,5,0.6482000000000001,0.8195999999999999,0.4375000000000001,0.8195999999999999,75000,0,sha256:18bd7fb3b6d02ff88c53bf4a74124c631590d7e276f031a9034dc7f9cb857902
mask_fragment-n150000-w512-m0500-s707,mask_fragment,512,0.5,150000,707,75000,late_mask_fragment,3,ORDER_BY,5,72.98530000000001,77.62369999999999,53.4101,77.62369999999999,75000,0,sha256:18bd7fb3b6d02ff88c53bf4a74124c631590d7e276f031a9034dc7f9cb857902
mask_fragment-n150000-w512-m0500-s707,mask_fragment,512,0.5,150000,707,75000,late_mask_fragment,4,PROJECTION,5,3.2840999999999996,4.183999999999999,2.3369,4.183999999999999,75000,0,sha256:18bd7fb3b6d02ff88c53bf4a74124c631590d7e276f031a9034dc7f9cb857902
mask_fragment-n150000-w512-m0500-s707,mask_fragment,512,0.5,150000,707,75000,late_mask_fragment,5,PROJECTION,5,846.4943999999999,856.8049000000001,564.2937999999998,856.8049000000001,75000,0,sha256:18bd7fb3b6d02ff88c53bf4a74124c631590d7e276f031a9034dc7f9cb857902
mask_fragment-n150000-w512-m0500-s707,mask_fragment,512,0.5,150000,707,75000,late_mask_fragment,6,HASH_JOIN,5,1.743,1.8915,1.4130000000000003,1.8915,75000,0,sha256:18bd7fb3b6d02ff88c53bf4a74124c631590d7e276f031a9034dc7f9cb857902
mask_fragment-n150000-w512-m0500-s707,mask_fragment,512,0.5,150000,707,75000,late_mask_fragment,7,SEQ_SCAN,5,8.2021,10.513300000000001,7.199500000000001,10.513300000000001,75000,122880,sha256:18bd7fb3b6d02ff88c53bf4a74124c631590d7e276f031a9034dc7f9cb857902
mask_fragment-n150000-w512-m0500-s707,mask_fragment,512,0.5,150000,707,75000,late_mask_fragment,8,SEQ_SCAN,5,0.05679999999999999,0.0733,0.04209999999999999,0.0733,10000,10000,sha256:18bd7fb3b6d02ff88c53bf4a74124c631590d7e276f031a9034dc7f9cb857902
mask_fragment-n150000-w512-m0500-s808,mask_fragment,512,0.5,150000,808,75000,early_mask_fragment,0,EXPLAIN_ANALYZE,5,0.0003,0.0003,0.0003,0.0003,0,0,sha256:1a43e0ddf8cc02438cc76d27ba1cce86da34109d2e43dcc8ed7c9d581b95b39d
mask_fragment-n150000-w512-m0500-s808,mask_fragment,512,0.5,150000,808,75000,early_mask_fragment,1,BATCH_CREATE_TABLE_AS,5,10.240199999999998,11.277000000000001,7.732700000000001,11.277000000000001,1,0,sha256:1a43e0ddf8cc02438cc76d27ba1cce86da34109d2e43dcc8ed7c9d581b95b39d
mask_fragment-n150000-w512-m0500-s808,mask_fragment,512,0.5,150000,808,75000,early_mask_fragment,2,CTE,5,16.6508,24.838199999999997,13.8865,24.838199999999997,0,0,sha256:1a43e0ddf8cc02438cc76d27ba1cce86da34109d2e43dcc8ed7c9d581b95b39d
mask_fragment-n150000-w512-m0500-s808,mask_fragment,512,0.5,150000,808,75000,early_mask_fragment,3,PROJECTION,5,1304.4941999999996,1411.8977999999997,1189.1415000000004,1411.8977999999997,150000,0,sha256:1a43e0ddf8cc02438cc76d27ba1cce86da34109d2e43dcc8ed7c9d581b95b39d
mask_fragment-n150000-w512-m0500-s808,mask_fragment,512,0.5,150000,808,75000,early_mask_fragment,4,SEQ_SCAN,5,11.665599999999996,12.8824,9.773099999999996,12.8824,150000,150000,sha256:1a43e0ddf8cc02438cc76d27ba1cce86da34109d2e43dcc8ed7c9d581b95b39d
mask_fragment-n150000-w512-m0500-s808,mask_fragment,512,0.5,150000,808,75000,early_mask_fragment,5,PROJECTION,5,0.34959999999999986,0.5831000000000002,0.26210000000000006,0.5831000000000002,75000,0,sha256:1a43e0ddf8cc02438cc76d27ba1cce86da34109d2e43dcc8ed7c9d581b95b39d
mask_fragment-n150000-w512-m0500-s808,mask_fragment,512,0.5,150000,808,75000,early_mask_fragment,6,ORDER_BY,5,60.5876,64.95450000000001,50.2272,64.95450000000001,75000,0,sha256:1a43e0ddf8cc02438cc76d27ba1cce86da34109d2e43dcc8ed7c9d581b95b39d
mask_fragment-n150000-w512-m0500-s808,mask_fragment,512,0.5,150000,808,75000,early_mask_fragment,7,PROJECTION,5,0.1993,0.29729999999999995,0.1691,0.29729999999999995,75000,0,sha256:1a43e0ddf8cc02438cc76d27ba1cce86da34109d2e43dcc8ed7c9d581b95b39d
mask_fragment-n150000-w512-m0500-s808,mask_fragment,512,0.5,150000,808,75000,early_mask_fragment,8,HASH_JOIN,5,5.5135000000000005,9.8661,5.2582,9.8661,75000,0,sha256:1a43e0ddf8cc02438cc76d27ba1cce86da34109d2e43dcc8ed7c9d581b95b39d
mask_fragment-n150000-w512-m0500-s808,mask_fragment,512,0.5,150000,808,75000,early_mask_fragment,9,CTE_SCAN,5,0.4051,0.7792000000000002,0.35800000000000004,0.7792000000000002,150000,0,sha256:1a43e0ddf8cc02438cc76d27ba1cce86da34109d2e43dcc8ed7c9d581b95b39d
mask_fragment-n150000-w512-m0500-s808,mask_fragment,512,0.5,150000,808,75000,early_mask_fragment,10,SEQ_SCAN,5,0.026099999999999998,0.040900000000000006,0.0233,0.040900000000000006,10000,10000,sha256:1a43e0ddf8cc02438cc76d27ba1cce86da34109d2e43dcc8ed7c9d581b95b39d
mask_fragment-n150000-w512-m0500-s808,mask_fragment,512,0.5,150000,808,75000,late_mask_fragment,0,EXPLAIN_ANALYZE,5,0.00019999999999999998,0.0011,0.00019999999999999998,0.0011,0,0,sha256:18bd7fb3b6d02ff88c53bf4a74124c631590d7e276f031a9034dc7f9cb857902
mask_fragment-n150000-w512-m0500-s808,mask_fragment,512,0.5,150000,808,75000,late_mask_fragment,1,BATCH_CREATE_TABLE_AS,5,9.422999999999998,10.5115,7.1598,10.5115,1,0,sha256:18bd7fb3b6d02ff88c53bf4a74124c631590d7e276f031a9034dc7f9cb857902
mask_fragment-n150000-w512-m0500-s808,mask_fragment,512,0.5,150000,808,75000,late_mask_fragment,2,PROJECTION,5,0.4370000000000001,0.6051999999999998,0.4171,0.6051999999999998,75000,0,sha256:18bd7fb3b6d02ff88c53bf4a74124c631590d7e276f031a9034dc7f9cb857902
mask_fragment-n150000-w512-m0500-s808,mask_fragment,512,0.5,150000,808,75000,late_mask_fragment,3,ORDER_BY,5,50.12820000000001,51.6908,47.697599999999994,51.6908,75000,0,sha256:18bd7fb3b6d02ff88c53bf4a74124c631590d7e276f031a9034dc7f9cb857902
mask_fragment-n150000-w512-m0500-s808,mask_fragment,512,0.5,150000,808,75000,late_mask_fragment,4,PROJECTION,5,2.3933,2.5848999999999998,1.6562000000000003,2.5848999999999998,75000,0,sha256:18bd7fb3b6d02ff88c53bf4a74124c631590d7e276f031a9034dc7f9cb857902
mask_fragment-n150000-w512-m0500-s808,mask_fragment,512,0.5,150000,808,75000,late_mask_fragment,5,PROJECTION,5,593.653,653.2714000000001,579.7174999999999,653.2714000000001,75000,0,sha256:18bd7fb3b6d02ff88c53bf4a74124c631590d7e276f031a9034dc7f9cb857902
mask_fragment-n150000-w512-m0500-s808,mask_fragment,512,0.5,150000,808,75000,late_mask_fragment,6,HASH_JOIN,5,1.3136000000000003,1.878,1.0492,1.878,75000,0,sha256:18bd7fb3b6d02ff88c53bf4a74124c631590d7e276f031a9034dc7f9cb857902
mask_fragment-n150000-w512-m0500-s808,mask_fragment,512,0.5,150000,808,75000,late_mask_fragment,7,SEQ_SCAN,5,8.2174,10.097199999999999,5.683199999999999,10.097199999999999,75000,122880,sha256:18bd7fb3b6d02ff88c53bf4a74124c631590d7e276f031a9034dc7f9cb857902
mask_fragment-n150000-w512-m0500-s808,mask_fragment,512,0.5,150000,808,75000,late_mask_fragment,8,SEQ_SCAN,5,0.03320000000000001,0.0526,0.027800000000000002,0.0526,10000,10000,sha256:18bd7fb3b6d02ff88c53bf4a74124c631590d7e276f031a9034dc7f9cb857902
mask_fragment-n150000-w512-m0500-s909,mask_fragment,512,0.5,150000,909,75000,early_mask_fragment,0,EXPLAIN_ANALYZE,5,0.0003,0.0022,0.0003,0.0022,0,0,sha256:1a43e0ddf8cc02438cc76d27ba1cce86da34109d2e43dcc8ed7c9d581b95b39d
mask_fragment-n150000-w512-m0500-s909,mask_fragment,512,0.5,150000,909,75000,early_mask_fragment,1,BATCH_CREATE_TABLE_AS,5,10.3454,31.1759,9.6929,31.1759,1,0,sha256:1a43e0ddf8cc02438cc76d27ba1cce86da34109d2e43dcc8ed7c9d581b95b39d
mask_fragment-n150000-w512-m0500-s909,mask_fragment,512,0.5,150000,909,75000,early_mask_fragment,2,CTE,5,22.6808,40.506800000000005,15.666099999999998,40.506800000000005,0,0,sha256:1a43e0ddf8cc02438cc76d27ba1cce86da34109d2e43dcc8ed7c9d581b95b39d
mask_fragment-n150000-w512-m0500-s909,mask_fragment,512,0.5,150000,909,75000,early_mask_fragment,3,PROJECTION,5,1709.6467,1742.0129,1458.8281,1742.0129,150000,0,sha256:1a43e0ddf8cc02438cc76d27ba1cce86da34109d2e43dcc8ed7c9d581b95b39d
mask_fragment-n150000-w512-m0500-s909,mask_fragment,512,0.5,150000,909,75000,early_mask_fragment,4,SEQ_SCAN,5,12.302900000000003,15.8226,11.656,15.8226,150000,150000,sha256:1a43e0ddf8cc02438cc76d27ba1cce86da34109d2e43dcc8ed7c9d581b95b39d
mask_fragment-n150000-w512-m0500-s909,mask_fragment,512,0.5,150000,909,75000,early_mask_fragment,5,PROJECTION,5,0.4465,0.5710000000000001,0.36150000000000004,0.5710000000000001,75000,0,sha256:1a43e0ddf8cc02438cc76d27ba1cce86da34109d2e43dcc8ed7c9d581b95b39d
mask_fragment-n150000-w512-m0500-s909,mask_fragment,512,0.5,150000,909,75000,early_mask_fragment,6,ORDER_BY,5,67.12449999999998,120.79520000000001,63.90860000000001,120.79520000000001,75000,0,sha256:1a43e0ddf8cc02438cc76d27ba1cce86da34109d2e43dcc8ed7c9d581b95b39d
mask_fragment-n150000-w512-m0500-s909,mask_fragment,512,0.5,150000,909,75000,early_mask_fragment,7,PROJECTION,5,0.2209,0.48109999999999997,0.20210000000000003,0.48109999999999997,75000,0,sha256:1a43e0ddf8cc02438cc76d27ba1cce86da34109d2e43dcc8ed7c9d581b95b39d
mask_fragment-n150000-w512-m0500-s909,mask_fragment,512,0.5,150000,909,75000,early_mask_fragment,8,HASH_JOIN,5,9.017900000000003,14.4764,6.392699999999999,14.4764,75000,0,sha256:1a43e0ddf8cc02438cc76d27ba1cce86da34109d2e43dcc8ed7c9d581b95b39d
mask_fragment-n150000-w512-m0500-s909,mask_fragment,512,0.5,150000,909,75000,early_mask_fragment,9,CTE_SCAN,5,0.7683000000000001,2.1145,0.4439,2.1145,150000,0,sha256:1a43e0ddf8cc02438cc76d27ba1cce86da34109d2e43dcc8ed7c9d581b95b39d
mask_fragment-n150000-w512-m0500-s909,mask_fragment,512,0.5,150000,909,75000,early_mask_fragment,10,SEQ_SCAN,5,0.0553,0.0665,0.0359,0.0665,10000,10000,sha256:1a43e0ddf8cc02438cc76d27ba1cce86da34109d2e43dcc8ed7c9d581b95b39d
mask_fragment-n150000-w512-m0500-s909,mask_fragment,512,0.5,150000,909,75000,late_mask_fragment,0,EXPLAIN_ANALYZE,5,0.0005,0.0018,0.0003,0.0018,0,0,sha256:18bd7fb3b6d02ff88c53bf4a74124c631590d7e276f031a9034dc7f9cb857902
mask_fragment-n150000-w512-m0500-s909,mask_fragment,512,0.5,150000,909,75000,late_mask_fragment,1,BATCH_CREATE_TABLE_AS,5,10.2577,13.686700000000002,8.2901,13.686700000000002,1,0,sha256:18bd7fb3b6d02ff88c53bf4a74124c631590d7e276f031a9034dc7f9cb857902
mask_fragment-n150000-w512-m0500-s909,mask_fragment,512,0.5,150000,909,75000,late_mask_fragment,2,PROJECTION,5,0.5487999999999998,0.8300000000000001,0.4471999999999999,0.8300000000000001,75000,0,sha256:18bd7fb3b6d02ff88c53bf4a74124c631590d7e276f031a9034dc7f9cb857902
mask_fragment-n150000-w512-m0500-s909,mask_fragment,512,0.5,150000,909,75000,late_mask_fragment,3,ORDER_BY,5,62.14920000000001,80.8493,44.0387,80.8493,75000,0,sha256:18bd7fb3b6d02ff88c53bf4a74124c631590d7e276f031a9034dc7f9cb857902
mask_fragment-n150000-w512-m0500-s909,mask_fragment,512,0.5,150000,909,75000,late_mask_fragment,4,PROJECTION,5,2.3038000000000003,2.8409,1.8749,2.8409,75000,0,sha256:18bd7fb3b6d02ff88c53bf4a74124c631590d7e276f031a9034dc7f9cb857902
mask_fragment-n150000-w512-m0500-s909,mask_fragment,512,0.5,150000,909,75000,late_mask_fragment,5,PROJECTION,5,777.2466000000002,782.4760999999999,573.0899000000001,782.4760999999999,75000,0,sha256:18bd7fb3b6d02ff88c53bf4a74124c631590d7e276f031a9034dc7f9cb857902
mask_fragment-n150000-w512-m0500-s909,mask_fragment,512,0.5,150000,909,75000,late_mask_fragment,6,HASH_JOIN,5,1.6256,2.1350000000000002,1.3106999999999998,2.1350000000000002,75000,0,sha256:18bd7fb3b6d02ff88c53bf4a74124c631590d7e276f031a9034dc7f9cb857902
mask_fragment-n150000-w512-m0500-s909,mask_fragment,512,0.5,150000,909,75000,late_mask_fragment,7,SEQ_SCAN,5,8.910099999999998,11.5479,8.467899999999998,11.5479,75000,122880,sha256:18bd7fb3b6d02ff88c53bf4a74124c631590d7e276f031a9034dc7f9cb857902
mask_fragment-n150000-w512-m0500-s909,mask_fragment,512,0.5,150000,909,75000,late_mask_fragment,8,SEQ_SCAN,5,0.0358,0.0704,0.0281,0.0704,10000,10000,sha256:18bd7fb3b6d02ff88c53bf4a74124c631590d7e276f031a9034dc7f9cb857902
mask_fragment-n150000-w512-m1000-s707,mask_fragment,512,1.0,150000,707,150000,early_mask_fragment,0,EXPLAIN_ANALYZE,5,0.00019999999999999998,0.0011,0.00019999999999999998,0.0011,0,0,sha256:1a43e0ddf8cc02438cc76d27ba1cce86da34109d2e43dcc8ed7c9d581b95b39d
mask_fragment-n150000-w512-m1000-s707,mask_fragment,512,1.0,150000,707,150000,early_mask_fragment,1,BATCH_CREATE_TABLE_AS,5,22.996299999999994,29.296300000000006,21.924400000000002,29.296300000000006,1,0,sha256:1a43e0ddf8cc02438cc76d27ba1cce86da34109d2e43dcc8ed7c9d581b95b39d
mask_fragment-n150000-w512-m1000-s707,mask_fragment,512,1.0,150000,707,150000,early_mask_fragment,2,CTE,5,17.3821,27.120400000000007,16.6513,27.120400000000007,0,0,sha256:1a43e0ddf8cc02438cc76d27ba1cce86da34109d2e43dcc8ed7c9d581b95b39d
mask_fragment-n150000-w512-m1000-s707,mask_fragment,512,1.0,150000,707,150000,early_mask_fragment,3,PROJECTION,5,1367.3873999999996,1465.2931000000005,1132.8688,1465.2931000000005,150000,0,sha256:1a43e0ddf8cc02438cc76d27ba1cce86da34109d2e43dcc8ed7c9d581b95b39d
mask_fragment-n150000-w512-m1000-s707,mask_fragment,512,1.0,150000,707,150000,early_mask_fragment,4,SEQ_SCAN,5,11.754100000000003,14.576299999999996,10.341100000000003,14.576299999999996,150000,150000,sha256:1a43e0ddf8cc02438cc76d27ba1cce86da34109d2e43dcc8ed7c9d581b95b39d
mask_fragment-n150000-w512-m1000-s707,mask_fragment,512,1.0,150000,707,150000,early_mask_fragment,5,PROJECTION,5,0.7882,1.2170000000000003,0.6912999999999998,1.2170000000000003,150000,0,sha256:1a43e0ddf8cc02438cc76d27ba1cce86da34109d2e43dcc8ed7c9d581b95b39d
mask_fragment-n150000-w512-m1000-s707,mask_fragment,512,1.0,150000,707,150000,early_mask_fragment,6,ORDER_BY,5,130.7859,137.78809999999996,123.1037,137.78809999999996,150000,0,sha256:1a43e0ddf8cc02438cc76d27ba1cce86da34109d2e43dcc8ed7c9d581b95b39d
mask_fragment-n150000-w512-m1000-s707,mask_fragment,512,1.0,150000,707,150000,early_mask_fragment,7,PROJECTION,5,0.5263,0.636,0.4774999999999999,0.636,150000,0,sha256:1a43e0ddf8cc02438cc76d27ba1cce86da34109d2e43dcc8ed7c9d581b95b39d
mask_fragment-n150000-w512-m1000-s707,mask_fragment,512,1.0,150000,707,150000,early_mask_fragment,8,HASH_JOIN,5,11.961299999999998,16.7302,7.452200000000001,16.7302,150000,0,sha256:1a43e0ddf8cc02438cc76d27ba1cce86da34109d2e43dcc8ed7c9d581b95b39d
mask_fragment-n150000-w512-m1000-s707,mask_fragment,512,1.0,150000,707,150000,early_mask_fragment,9,CTE_SCAN,5,0.8457,1.0234000000000003,0.5331999999999999,1.0234000000000003,150000,0,sha256:1a43e0ddf8cc02438cc76d27ba1cce86da34109d2e43dcc8ed7c9d581b95b39d
mask_fragment-n150000-w512-m1000-s707,mask_fragment,512,1.0,150000,707,150000,early_mask_fragment,10,SEQ_SCAN,5,0.0488,0.32939999999999997,0.0318,0.32939999999999997,10000,10000,sha256:1a43e0ddf8cc02438cc76d27ba1cce86da34109d2e43dcc8ed7c9d581b95b39d
mask_fragment-n150000-w512-m1000-s707,mask_fragment,512,1.0,150000,707,150000,late_mask_fragment,0,EXPLAIN_ANALYZE,5,0.00019999999999999998,0.0003,0.00019999999999999998,0.0003,0,0,sha256:92b825cb6ca6efd8c921ae328d9dcd567e5fc1cecda65d185180a168e33b45c9
mask_fragment-n150000-w512-m1000-s707,mask_fragment,512,1.0,150000,707,150000,late_mask_fragment,1,BATCH_CREATE_TABLE_AS,5,16.951400000000003,23.9493,16.136400000000002,23.9493,1,0,sha256:92b825cb6ca6efd8c921ae328d9dcd567e5fc1cecda65d185180a168e33b45c9
mask_fragment-n150000-w512-m1000-s707,mask_fragment,512,1.0,150000,707,150000,late_mask_fragment,2,PROJECTION,5,1.1384,1.3870999999999998,0.8612999999999998,1.3870999999999998,150000,0,sha256:92b825cb6ca6efd8c921ae328d9dcd567e5fc1cecda65d185180a168e33b45c9
mask_fragment-n150000-w512-m1000-s707,mask_fragment,512,1.0,150000,707,150000,late_mask_fragment,3,ORDER_BY,5,126.83000000000003,144.61360000000002,104.3636,144.61360000000002,150000,0,sha256:92b825cb6ca6efd8c921ae328d9dcd567e5fc1cecda65d185180a168e33b45c9
mask_fragment-n150000-w512-m1000-s707,mask_fragment,512,1.0,150000,707,150000,late_mask_fragment,4,PROJECTION,5,3.765600000000001,5.279400000000002,2.7327,5.279400000000002,150000,0,sha256:92b825cb6ca6efd8c921ae328d9dcd567e5fc1cecda65d185180a168e33b45c9
mask_fragment-n150000-w512-m1000-s707,mask_fragment,512,1.0,150000,707,150000,late_mask_fragment,5,PROJECTION,5,1337.4194999999997,1476.0351,1217.9437,1476.0351,150000,0,sha256:92b825cb6ca6efd8c921ae328d9dcd567e5fc1cecda65d185180a168e33b45c9
mask_fragment-n150000-w512-m1000-s707,mask_fragment,512,1.0,150000,707,150000,late_mask_fragment,6,HASH_JOIN,5,2.4152999999999993,3.5029999999999997,2.2457000000000003,3.5029999999999997,150000,0,sha256:92b825cb6ca6efd8c921ae328d9dcd567e5fc1cecda65d185180a168e33b45c9
mask_fragment-n150000-w512-m1000-s707,mask_fragment,512,1.0,150000,707,150000,late_mask_fragment,7,SEQ_SCAN,5,9.9447,14.948,9.541300000000001,14.948,150000,150000,sha256:92b825cb6ca6efd8c921ae328d9dcd567e5fc1cecda65d185180a168e33b45c9
mask_fragment-n150000-w512-m1000-s707,mask_fragment,512,1.0,150000,707,150000,late_mask_fragment,8,SEQ_SCAN,5,0.032799999999999996,0.0444,0.027,0.0444,10000,10000,sha256:92b825cb6ca6efd8c921ae328d9dcd567e5fc1cecda65d185180a168e33b45c9
mask_fragment-n150000-w512-m1000-s808,mask_fragment,512,1.0,150000,808,150000,early_mask_fragment,0,EXPLAIN_ANALYZE,5,0.00019999999999999998,0.0003,0.00019999999999999998,0.0003,0,0,sha256:1a43e0ddf8cc02438cc76d27ba1cce86da34109d2e43dcc8ed7c9d581b95b39d
mask_fragment-n150000-w512-m1000-s808,mask_fragment,512,1.0,150000,808,150000,early_mask_fragment,1,BATCH_CREATE_TABLE_AS,5,24.6465,26.88790000000001,24.579200000000004,26.88790000000001,1,0,sha256:1a43e0ddf8cc02438cc76d27ba1cce86da34109d2e43dcc8ed7c9d581b95b39d
mask_fragment-n150000-w512-m1000-s808,mask_fragment,512,1.0,150000,808,150000,early_mask_fragment,2,CTE,5,18.7289,24.881899999999998,14.821900000000003,24.881899999999998,0,0,sha256:1a43e0ddf8cc02438cc76d27ba1cce86da34109d2e43dcc8ed7c9d581b95b39d
mask_fragment-n150000-w512-m1000-s808,mask_fragment,512,1.0,150000,808,150000,early_mask_fragment,3,PROJECTION,5,1401.2060000000004,1532.0883,1323.4416,1532.0883,150000,0,sha256:1a43e0ddf8cc02438cc76d27ba1cce86da34109d2e43dcc8ed7c9d581b95b39d
mask_fragment-n150000-w512-m1000-s808,mask_fragment,512,1.0,150000,808,150000,early_mask_fragment,4,SEQ_SCAN,5,10.517299999999997,12.450199999999999,9.568200000000003,12.450199999999999,150000,150000,sha256:1a43e0ddf8cc02438cc76d27ba1cce86da34109d2e43dcc8ed7c9d581b95b39d
mask_fragment-n150000-w512-m1000-s808,mask_fragment,512,1.0,150000,808,150000,early_mask_fragment,5,PROJECTION,5,0.9555999999999998,1.1651,0.7295999999999999,1.1651,150000,0,sha256:1a43e0ddf8cc02438cc76d27ba1cce86da34109d2e43dcc8ed7c9d581b95b39d
mask_fragment-n150000-w512-m1000-s808,mask_fragment,512,1.0,150000,808,150000,early_mask_fragment,6,ORDER_BY,5,137.67629999999997,146.6204,126.56539999999997,146.6204,150000,0,sha256:1a43e0ddf8cc02438cc76d27ba1cce86da34109d2e43dcc8ed7c9d581b95b39d
mask_fragment-n150000-w512-m1000-s808,mask_fragment,512,1.0,150000,808,150000,early_mask_fragment,7,PROJECTION,5,0.4599999999999999,0.6460000000000001,0.3549,0.6460000000000001,150000,0,sha256:1a43e0ddf8cc02438cc76d27ba1cce86da34109d2e43dcc8ed7c9d581b95b39d
mask_fragment-n150000-w512-m1000-s808,mask_fragment,512,1.0,150000,808,150000,early_mask_fragment,8,HASH_JOIN,5,12.4239,12.899799999999997,9.646099999999997,12.899799999999997,150000,0,sha256:1a43e0ddf8cc02438cc76d27ba1cce86da34109d2e43dcc8ed7c9d581b95b39d
mask_fragment-n150000-w512-m1000-s808,mask_fragment,512,1.0,150000,808,150000,early_mask_fragment,9,CTE_SCAN,5,0.6712,0.8573000000000001,0.47859999999999997,0.8573000000000001,150000,0,sha256:1a43e0ddf8cc02438cc76d27ba1cce86da34109d2e43dcc8ed7c9d581b95b39d
mask_fragment-n150000-w512-m1000-s808,mask_fragment,512,1.0,150000,808,150000,early_mask_fragment,10,SEQ_SCAN,5,0.040299999999999996,0.0496,0.028999999999999998,0.0496,10000,10000,sha256:1a43e0ddf8cc02438cc76d27ba1cce86da34109d2e43dcc8ed7c9d581b95b39d
mask_fragment-n150000-w512-m1000-s808,mask_fragment,512,1.0,150000,808,150000,late_mask_fragment,0,EXPLAIN_ANALYZE,5,0.0003,0.0027,0.00019999999999999998,0.0027,0,0,sha256:92b825cb6ca6efd8c921ae328d9dcd567e5fc1cecda65d185180a168e33b45c9
mask_fragment-n150000-w512-m1000-s808,mask_fragment,512,1.0,150000,808,150000,late_mask_fragment,1,BATCH_CREATE_TABLE_AS,5,23.780300000000004,30.51640000000001,18.764200000000002,30.51640000000001,1,0,sha256:92b825cb6ca6efd8c921ae328d9dcd567e5fc1cecda65d185180a168e33b45c9
mask_fragment-n150000-w512-m1000-s808,mask_fragment,512,1.0,150000,808,150000,late_mask_fragment,2,PROJECTION,5,1.3583000000000003,1.6919000000000002,1.1868000000000003,1.6919000000000002,150000,0,sha256:92b825cb6ca6efd8c921ae328d9dcd567e5fc1cecda65d185180a168e33b45c9
mask_fragment-n150000-w512-m1000-s808,mask_fragment,512,1.0,150000,808,150000,late_mask_fragment,3,ORDER_BY,5,135.9369,140.89140000000003,119.34490000000001,140.89140000000003,150000,0,sha256:92b825cb6ca6efd8c921ae328d9dcd567e5fc1cecda65d185180a168e33b45c9
mask_fragment-n150000-w512-m1000-s808,mask_fragment,512,1.0,150000,808,150000,late_mask_fragment,4,PROJECTION,5,3.7776999999999994,4.654499999999999,2.7327999999999992,4.654499999999999,150000,0,sha256:92b825cb6ca6efd8c921ae328d9dcd567e5fc1cecda65d185180a168e33b45c9
mask_fragment-n150000-w512-m1000-s808,mask_fragment,512,1.0,150000,808,150000,late_mask_fragment,5,PROJECTION,5,1469.3628,1515.5367,1196.0688,1515.5367,150000,0,sha256:92b825cb6ca6efd8c921ae328d9dcd567e5fc1cecda65d185180a168e33b45c9
mask_fragment-n150000-w512-m1000-s808,mask_fragment,512,1.0,150000,808,150000,late_mask_fragment,6,HASH_JOIN,5,2.3870999999999998,2.7828999999999997,1.9868,2.7828999999999997,150000,0,sha256:92b825cb6ca6efd8c921ae328d9dcd567e5fc1cecda65d185180a168e33b45c9
mask_fragment-n150000-w512-m1000-s808,mask_fragment,512,1.0,150000,808,150000,late_mask_fragment,7,SEQ_SCAN,5,10.4924,13.930099999999998,9.012899999999998,13.930099999999998,150000,150000,sha256:92b825cb6ca6efd8c921ae328d9dcd567e5fc1cecda65d185180a168e33b45c9
mask_fragment-n150000-w512-m1000-s808,mask_fragment,512,1.0,150000,808,150000,late_mask_fragment,8,SEQ_SCAN,5,0.0337,0.142,0.0257,0.142,10000,10000,sha256:92b825cb6ca6efd8c921ae328d9dcd567e5fc1cecda65d185180a168e33b45c9
mask_fragment-n150000-w512-m1000-s909,mask_fragment,512,1.0,150000,909,150000,early_mask_fragment,0,EXPLAIN_ANALYZE,5,0.0003,0.00039999999999999996,0.00019999999999999998,0.00039999999999999996,0,0,sha256:1a43e0ddf8cc02438cc76d27ba1cce86da34109d2e43dcc8ed7c9d581b95b39d
mask_fragment-n150000-w512-m1000-s909,mask_fragment,512,1.0,150000,909,150000,early_mask_fragment,1,BATCH_CREATE_TABLE_AS,5,22.736700000000003,31.80509999999999,20.848699999999997,31.80509999999999,1,0,sha256:1a43e0ddf8cc02438cc76d27ba1cce86da34109d2e43dcc8ed7c9d581b95b39d
mask_fragment-n150000-w512-m1000-s909,mask_fragment,512,1.0,150000,909,150000,early_mask_fragment,2,CTE,5,16.695799999999995,26.563700000000004,14.379899999999997,26.563700000000004,0,0,sha256:1a43e0ddf8cc02438cc76d27ba1cce86da34109d2e43dcc8ed7c9d581b95b39d
mask_fragment-n150000-w512-m1000-s909,mask_fragment,512,1.0,150000,909,150000,early_mask_fragment,3,PROJECTION,5,1594.0368,1806.9705999999996,1311.1237,1806.9705999999996,150000,0,sha256:1a43e0ddf8cc02438cc76d27ba1cce86da34109d2e43dcc8ed7c9d581b95b39d
mask_fragment-n150000-w512-m1000-s909,mask_fragment,512,1.0,150000,909,150000,early_mask_fragment,4,SEQ_SCAN,5,11.233599999999996,11.394,9.642700000000001,11.394,150000,150000,sha256:1a43e0ddf8cc02438cc76d27ba1cce86da34109d2e43dcc8ed7c9d581b95b39d
mask_fragment-n150000-w512-m1000-s909,mask_fragment,512,1.0,150000,909,150000,early_mask_fragment,5,PROJECTION,5,0.9922,2.0696999999999997,0.7374,2.0696999999999997,150000,0,sha256:1a43e0ddf8cc02438cc76d27ba1cce86da34109d2e43dcc8ed7c9d581b95b39d
mask_fragment-n150000-w512-m1000-s909,mask_fragment,512,1.0,150000,909,150000,early_mask_fragment,6,ORDER_BY,5,143.30240000000003,165.93449999999999,127.64729999999999,165.93449999999999,150000,0,sha256:1a43e0ddf8cc02438cc76d27ba1cce86da34109d2e43dcc8ed7c9d581b95b39d
mask_fragment-n150000-w512-m1000-s909,mask_fragment,512,1.0,150000,909,150000,early_mask_fragment,7,PROJECTION,5,0.46520000000000006,0.7236,0.3412,0.7236,150000,0,sha256:1a43e0ddf8cc02438cc76d27ba1cce86da34109d2e43dcc8ed7c9d581b95b39d
mask_fragment-n150000-w512-m1000-s909,mask_fragment,512,1.0,150000,909,150000,early_mask_fragment,8,HASH_JOIN,5,10.685299999999998,14.407299999999998,7.527799999999999,14.407299999999998,150000,0,sha256:1a43e0ddf8cc02438cc76d27ba1cce86da34109d2e43dcc8ed7c9d581b95b39d
mask_fragment-n150000-w512-m1000-s909,mask_fragment,512,1.0,150000,909,150000,early_mask_fragment,9,CTE_SCAN,5,0.6234999999999999,1.0333,0.4209,1.0333,150000,0,sha256:1a43e0ddf8cc02438cc76d27ba1cce86da34109d2e43dcc8ed7c9d581b95b39d
mask_fragment-n150000-w512-m1000-s909,mask_fragment,512,1.0,150000,909,150000,early_mask_fragment,10,SEQ_SCAN,5,0.042499999999999996,0.07850000000000001,0.017099999999999997,0.07850000000000001,10000,10000,sha256:1a43e0ddf8cc02438cc76d27ba1cce86da34109d2e43dcc8ed7c9d581b95b39d
mask_fragment-n150000-w512-m1000-s909,mask_fragment,512,1.0,150000,909,150000,late_mask_fragment,0,EXPLAIN_ANALYZE,5,0.0003,0.0003,0.00019999999999999998,0.0003,0,0,sha256:92b825cb6ca6efd8c921ae328d9dcd567e5fc1cecda65d185180a168e33b45c9
mask_fragment-n150000-w512-m1000-s909,mask_fragment,512,1.0,150000,909,150000,late_mask_fragment,1,BATCH_CREATE_TABLE_AS,5,17.789800000000003,20.673000000000002,15.022199999999998,20.673000000000002,1,0,sha256:92b825cb6ca6efd8c921ae328d9dcd567e5fc1cecda65d185180a168e33b45c9
mask_fragment-n150000-w512-m1000-s909,mask_fragment,512,1.0,150000,909,150000,late_mask_fragment,2,PROJECTION,5,0.9290999999999998,1.7644999999999997,0.7441,1.7644999999999997,150000,0,sha256:92b825cb6ca6efd8c921ae328d9dcd567e5fc1cecda65d185180a168e33b45c9
mask_fragment-n150000-w512-m1000-s909,mask_fragment,512,1.0,150000,909,150000,late_mask_fragment,3,ORDER_BY,5,118.97029999999998,136.39080000000004,101.69130000000001,136.39080000000004,150000,0,sha256:92b825cb6ca6efd8c921ae328d9dcd567e5fc1cecda65d185180a168e33b45c9
mask_fragment-n150000-w512-m1000-s909,mask_fragment,512,1.0,150000,909,150000,late_mask_fragment,4,PROJECTION,5,2.9941000000000004,3.9927,2.5809999999999995,3.9927,150000,0,sha256:92b825cb6ca6efd8c921ae328d9dcd567e5fc1cecda65d185180a168e33b45c9
mask_fragment-n150000-w512-m1000-s909,mask_fragment,512,1.0,150000,909,150000,late_mask_fragment,5,PROJECTION,5,1322.2287000000001,1375.4994000000002,1265.3949000000002,1375.4994000000002,150000,0,sha256:92b825cb6ca6efd8c921ae328d9dcd567e5fc1cecda65d185180a168e33b45c9
mask_fragment-n150000-w512-m1000-s909,mask_fragment,512,1.0,150000,909,150000,late_mask_fragment,6,HASH_JOIN,5,2.5463,3.4984999999999995,1.8216,3.4984999999999995,150000,0,sha256:92b825cb6ca6efd8c921ae328d9dcd567e5fc1cecda65d185180a168e33b45c9
mask_fragment-n150000-w512-m1000-s909,mask_fragment,512,1.0,150000,909,150000,late_mask_fragment,7,SEQ_SCAN,5,11.299600000000002,20.377099999999995,9.3331,20.377099999999995,150000,150000,sha256:92b825cb6ca6efd8c921ae328d9dcd567e5fc1cecda65d185180a168e33b45c9
mask_fragment-n150000-w512-m1000-s909,mask_fragment,512,1.0,150000,909,150000,late_mask_fragment,8,SEQ_SCAN,5,0.0427,0.1366,0.020399999999999998,0.1366,10000,10000,sha256:92b825cb6ca6efd8c921ae328d9dcd567e5fc1cecda65d185180a168e33b45c9
mask_fragment-n50000-w1024-m0100-s707,mask_fragment,1024,0.1,50000,707,5000,early_mask_fragment,0,EXPLAIN_ANALYZE,5,0.0003,0.0003,0.00019999999999999998,0.0003,0,0,sha256:1a43e0ddf8cc02438cc76d27ba1cce86da34109d2e43dcc8ed7c9d581b95b39d
mask_fragment-n50000-w1024-m0100-s707,mask_fragment,1024,0.1,50000,707,5000,early_mask_fragment,1,BATCH_CREATE_TABLE_AS,5,0.43019999999999997,0.6721999999999999,0.39619999999999994,0.6721999999999999,1,0,sha256:1a43e0ddf8cc02438cc76d27ba1cce86da34109d2e43dcc8ed7c9d581b95b39d
mask_fragment-n50000-w1024-m0100-s707,mask_fragment,1024,0.1,50000,707,5000,early_mask_fragment,2,CTE,5,5.9662000000000015,6.783999999999998,4.879899999999999,6.783999999999998,0,0,sha256:1a43e0ddf8cc02438cc76d27ba1cce86da34109d2e43dcc8ed7c9d581b95b39d
mask_fragment-n50000-w1024-m0100-s707,mask_fragment,1024,0.1,50000,707,5000,early_mask_fragment,3,PROJECTION,5,713.5888999999999,737.4719999999999,663.9742999999999,737.4719999999999,50000,0,sha256:1a43e0ddf8cc02438cc76d27ba1cce86da34109d2e43dcc8ed7c9d581b95b39d
mask_fragment-n50000-w1024-m0100-s707,mask_fragment,1024,0.1,50000,707,5000,early_mask_fragment,4,SEQ_SCAN,5,3.0527000000000006,4.5545,2.6919,4.5545,50000,50000,sha256:1a43e0ddf8cc02438cc76d27ba1cce86da34109d2e43dcc8ed7c9d581b95b39d
mask_fragment-n50000-w1024-m0100-s707,mask_fragment,1024,0.1,50000,707,5000,early_mask_fragment,5,PROJECTION,5,0.011799999999999998,0.0184,0.0076,0.0184,5000,0,sha256:1a43e0ddf8cc02438cc76d27ba1cce86da34109d2e43dcc8ed7c9d581b95b39d
mask_fragment-n50000-w1024-m0100-s707,mask_fragment,1024,0.1,50000,707,5000,early_mask_fragment,6,ORDER_BY,5,2.4545,6.9581,2.1571000000000002,6.9581,5000,0,sha256:1a43e0ddf8cc02438cc76d27ba1cce86da34109d2e43dcc8ed7c9d581b95b39d
mask_fragment-n50000-w1024-m0100-s707,mask_fragment,1024,0.1,50000,707,5000,early_mask_fragment,7,PROJECTION,5,0.0222,0.0429,0.014,0.0429,5000,0,sha256:1a43e0ddf8cc02438cc76d27ba1cce86da34109d2e43dcc8ed7c9d581b95b39d
mask_fragment-n50000-w1024-m0100-s707,mask_fragment,1024,0.1,50000,707,5000,early_mask_fragment,8,HASH_JOIN,5,2.312,5.232499999999999,2.1767000000000003,5.232499999999999,5000,0,sha256:1a43e0ddf8cc02438cc76d27ba1cce86da34109d2e43dcc8ed7c9d581b95b39d
mask_fragment-n50000-w1024-m0100-s707,mask_fragment,1024,0.1,50000,707,5000,early_mask_fragment,9,CTE_SCAN,5,0.11719999999999998,0.6538,0.0969,0.6538,50000,0,sha256:1a43e0ddf8cc02438cc76d27ba1cce86da34109d2e43dcc8ed7c9d581b95b39d
mask_fragment-n50000-w1024-m0100-s707,mask_fragment,1024,0.1,50000,707,5000,early_mask_fragment,10,SEQ_SCAN,5,0.0342,0.09259999999999999,0.027200000000000002,0.09259999999999999,10000,10000,sha256:1a43e0ddf8cc02438cc76d27ba1cce86da34109d2e43dcc8ed7c9d581b95b39d
mask_fragment-n50000-w1024-m0100-s707,mask_fragment,1024,0.1,50000,707,5000,late_mask_fragment,0,EXPLAIN_ANALYZE,5,0.0003,0.0005,0.00019999999999999998,0.0005,0,0,sha256:c31a5394c72fa4480e21e21f18941a529737407325437b881b853a480254b8dd
mask_fragment-n50000-w1024-m0100-s707,mask_fragment,1024,0.1,50000,707,5000,late_mask_fragment,1,BATCH_CREATE_TABLE_AS,5,0.6335000000000001,0.9928999999999999,0.3844,0.9928999999999999,1,0,sha256:c31a5394c72fa4480e21e21f18941a529737407325437b881b853a480254b8dd
mask_fragment-n50000-w1024-m0100-s707,mask_fragment,1024,0.1,50000,707,5000,late_mask_fragment,2,PROJECTION,5,0.022799999999999997,0.0332,0.0119,0.0332,5000,0,sha256:c31a5394c72fa4480e21e21f18941a529737407325437b881b853a480254b8dd
mask_fragment-n50000-w1024-m0100-s707,mask_fragment,1024,0.1,50000,707,5000,late_mask_fragment,3,ORDER_BY,5,2.1688,3.2531,1.36,3.2531,5000,0,sha256:c31a5394c72fa4480e21e21f18941a529737407325437b881b853a480254b8dd
mask_fragment-n50000-w1024-m0100-s707,mask_fragment,1024,0.1,50000,707,5000,late_mask_fragment,4,PROJECTION,5,0.1237,0.4043,0.0864,0.4043,5000,0,sha256:c31a5394c72fa4480e21e21f18941a529737407325437b881b853a480254b8dd
mask_fragment-n50000-w1024-m0100-s707,mask_fragment,1024,0.1,50000,707,5000,late_mask_fragment,5,PROJECTION,5,63.229800000000004,83.3696,52.6378,83.3696,5000,0,sha256:c31a5394c72fa4480e21e21f18941a529737407325437b881b853a480254b8dd
mask_fragment-n50000-w1024-m0100-s707,mask_fragment,1024,0.1,50000,707,5000,late_mask_fragment,6,HASH_JOIN,5,0.5117999999999999,0.5942000000000001,0.4744,0.5942000000000001,5000,0,sha256:c31a5394c72fa4480e21e21f18941a529737407325437b881b853a480254b8dd
mask_fragment-n50000-w1024-m0100-s707,mask_fragment,1024,0.1,50000,707,5000,late_mask_fragment,7,SEQ_SCAN,5,0.5527,1.0943,0.49520000000000003,1.0943,5000,50000,sha256:c31a5394c72fa4480e21e21f18941a529737407325437b881b853a480254b8dd
mask_fragment-n50000-w1024-m0100-s707,mask_fragment,1024,0.1,50000,707,5000,late_mask_fragment,8,SEQ_SCAN,5,0.0337,0.055099999999999996,0.0293,0.055099999999999996,10000,10000,sha256:c31a5394c72fa4480e21e21f18941a529737407325437b881b853a480254b8dd
mask_fragment-n50000-w1024-m0100-s808,mask_fragment,1024,0.1,50000,808,5000,early_mask_fragment,0,EXPLAIN_ANALYZE,5,0.00019999999999999998,0.00039999999999999996,0.00019999999999999998,0.00039999999999999996,0,0,sha256:1a43e0ddf8cc02438cc76d27ba1cce86da34109d2e43dcc8ed7c9d581b95b39d
mask_fragment-n50000-w1024-m0100-s808,mask_fragment,1024,0.1,50000,808,5000,early_mask_fragment,1,BATCH_CREATE_TABLE_AS,5,0.6299,1.0234,0.4414,1.0234,1,0,sha256:1a43e0ddf8cc02438cc76d27ba1cce86da34109d2e43dcc8ed7c9d581b95b39d
mask_fragment-n50000-w1024-m0100-s808,mask_fragment,1024,0.1,50000,808,5000,early_mask_fragment,2,CTE,5,5.255699999999999,6.8141,3.0321,6.8141,0,0,sha256:1a43e0ddf8cc02438cc76d27ba1cce86da34109d2e43dcc8ed7c9d581b95b39d
mask_fragment-n50000-w1024-m0100-s808,mask_fragment,1024,0.1,50000,808,5000,early_mask_fragment,3,PROJECTION,5,752.6442000000001,806.4387000000002,609.1840000000001,806.4387000000002,50000,0,sha256:1a43e0ddf8cc02438cc76d27ba1cce86da34109d2e43dcc8ed7c9d581b95b39d
mask_fragment-n50000-w1024-m0100-s808,mask_fragment,1024,0.1,50000,808,5000,early_mask_fragment,4,SEQ_SCAN,5,3.5341,6.1163,2.9868999999999994,6.1163,50000,50000,sha256:1a43e0ddf8cc02438cc76d27ba1cce86da34109d2e43dcc8ed7c9d581b95b39d
mask_fragment-n50000-w1024-m0100-s808,mask_fragment,1024,0.1,50000,808,5000,early_mask_fragment,5,PROJECTION,5,0.015700000000000002,0.0202,0.0115,0.0202,5000,0,sha256:1a43e0ddf8cc02438cc76d27ba1cce86da34109d2e43dcc8ed7c9d581b95b39d
mask_fragment-n50000-w1024-m0100-s808,mask_fragment,1024,0.1,50000,808,5000,early_mask_fragment,6,ORDER_BY,5,3.3124000000000002,4.0531999999999995,2.8836,4.0531999999999995,5000,0,sha256:1a43e0ddf8cc02438cc76d27ba1cce86da34109d2e43dcc8ed7c9d581b95b39d
mask_fragment-n50000-w1024-m0100-s808,mask_fragment,1024,0.1,50000,808,5000,early_mask_fragment,7,PROJECTION,5,0.0219,0.0262,0.017,0.0262,5000,0,sha256:1a43e0ddf8cc02438cc76d27ba1cce86da34109d2e43dcc8ed7c9d581b95b39d
mask_fragment-n50000-w1024-m0100-s808,mask_fragment,1024,0.1,50000,808,5000,early_mask_fragment,8,HASH_JOIN,5,2.3198999999999996,3.9887000000000006,2.0847,3.9887000000000006,5000,0,sha256:1a43e0ddf8cc02438cc76d27ba1cce86da34109d2e43dcc8ed7c9d581b95b39d
mask_fragment-n50000-w1024-m0100-s808,mask_fragment,1024,0.1,50000,808,5000,early_mask_fragment,9,CTE_SCAN,5,0.1519,0.21769999999999998,0.10860000000000002,0.21769999999999998,50000,0,sha256:1a43e0ddf8cc02438cc76d27ba1cce86da34109d2e43dcc8ed7c9d581b95b39d
mask_fragment-n50000-w1024-m0100-s808,mask_fragment,1024,0.1,50000,808,5000,early_mask_fragment,10,SEQ_SCAN,5,0.0282,0.0682,0.0233,0.0682,10000,10000,sha256:1a43e0ddf8cc02438cc76d27ba1cce86da34109d2e43dcc8ed7c9d581b95b39d
mask_fragment-n50000-w1024-m0100-s808,mask_fragment,1024,0.1,50000,808,5000,late_mask_fragment,0,EXPLAIN_ANALYZE,5,0.00019999999999999998,0.0003,0.00019999999999999998,0.0003,0,0,sha256:c31a5394c72fa4480e21e21f18941a529737407325437b881b853a480254b8dd
mask_fragment-n50000-w1024-m0100-s808,mask_fragment,1024,0.1,50000,808,5000,late_mask_fragment,1,BATCH_CREATE_TABLE_AS,5,0.6028000000000001,0.7578,0.43610000000000004,0.7578,1,0,sha256:c31a5394c72fa4480e21e21f18941a529737407325437b881b853a480254b8dd
mask_fragment-n50000-w1024-m0100-s808,mask_fragment,1024,0.1,50000,808,5000,late_mask_fragment,2,PROJECTION,5,0.0184,0.030299999999999997,0.012799999999999999,0.030299999999999997,5000,0,sha256:c31a5394c72fa4480e21e21f18941a529737407325437b881b853a480254b8dd
mask_fragment-n50000-w1024-m0100-s808,mask_fragment,1024,0.1,50000,808,5000,late_mask_fragment,3,ORDER_BY,5,2.4335,3.1843000000000004,1.6188,3.1843000000000004,5000,0,sha256:c31a5394c72fa4480e21e21f18941a529737407325437b881b853a480254b8dd
mask_fragment-n50000-w1024-m0100-s808,mask_fragment,1024,0.1,50000,808,5000,late_mask_fragment,4,PROJECTION,5,0.1411,0.3483,0.1106,0.3483,5000,0,sha256:c31a5394c72fa4480e21e21f18941a529737407325437b881b853a480254b8dd
mask_fragment-n50000-w1024-m0100-s808,mask_fragment,1024,0.1,50000,808,5000,late_mask_fragment,5,PROJECTION,5,75.19189999999999,88.1058,69.29830000000001,88.1058,5000,0,sha256:c31a5394c72fa4480e21e21f18941a529737407325437b881b853a480254b8dd
mask_fragment-n50000-w1024-m0100-s808,mask_fragment,1024,0.1,50000,808,5000,late_mask_fragment,6,HASH_JOIN,5,0.871,1.2609000000000001,0.5367,1.2609000000000001,5000,0,sha256:c31a5394c72fa4480e21e21f18941a529737407325437b881b853a480254b8dd
mask_fragment-n50000-w1024-m0100-s808,mask_fragment,1024,0.1,50000,808,5000,late_mask_fragment,7,SEQ_SCAN,5,0.9419000000000001,1.549,0.5927,1.549,5000,50000,sha256:c31a5394c72fa4480e21e21f18941a529737407325437b881b853a480254b8dd
mask_fragment-n50000-w1024-m0100-s808,mask_fragment,1024,0.1,50000,808,5000,late_mask_fragment,8,SEQ_SCAN,5,0.08200000000000002,0.16469999999999999,0.032799999999999996,0.16469999999999999,10000,10000,sha256:c31a5394c72fa4480e21e21f18941a529737407325437b881b853a480254b8dd
mask_fragment-n50000-w1024-m0100-s909,mask_fragment,1024,0.1,50000,909,5000,early_mask_fragment,0,EXPLAIN_ANALYZE,5,0.0003,0.00039999999999999996,0.00019999999999999998,0.00039999999999999996,0,0,sha256:1a43e0ddf8cc02438cc76d27ba1cce86da34109d2e43dcc8ed7c9d581b95b39d
mask_fragment-n50000-w1024-m0100-s909,mask_fragment,1024,0.1,50000,909,5000,early_mask_fragment,1,BATCH_CREATE_TABLE_AS,5,0.6633,1.9069000000000003,0.5309999999999999,1.9069000000000003,1,0,sha256:1a43e0ddf8cc02438cc76d27ba1cce86da34109d2e43dcc8ed7c9d581b95b39d
mask_fragment-n50000-w1024-m0100-s909,mask_fragment,1024,0.1,50000,909,5000,early_mask_fragment,2,CTE,5,4.707099999999999,6.9989,3.2765999999999997,6.9989,0,0,sha256:1a43e0ddf8cc02438cc76d27ba1cce86da34109d2e43dcc8ed7c9d581b95b39d
mask_fragment-n50000-w1024-m0100-s909,mask_fragment,1024,0.1,50000,909,5000,early_mask_fragment,3,PROJECTION,5,800.7876000000001,847.6657,734.5784000000001,847.6657,50000,0,sha256:1a43e0ddf8cc02438cc76d27ba1cce86da34109d2e43dcc8ed7c9d581b95b39d
mask_fragment-n50000-w1024-m0100-s909,mask_fragment,1024,0.1,50000,909,5000,early_mask_fragment,4,SEQ_SCAN,5,3.1975000000000007,4.285500000000001,2.8503,4.285500000000001,50000,50000,sha256:1a43e0ddf8cc02438cc76d27ba1cce86da34109d2e43dcc8ed7c9d581b95b39d
mask_fragment-n50000-w1024-m0100-s909,mask_fragment,1024,0.1,50000,909,5000,early_mask_fragment,5,PROJECTION,5,0.018099999999999998,0.1038,0.0129,0.1038,5000,0,sha256:1a43e0ddf8cc02438cc76d27ba1cce86da34109d2e43dcc8ed7c9d581b95b39d
mask_fragment-n50000-w1024-m0100-s909,mask_fragment,1024,0.1,50000,909,5000,early_mask_fragment,6,ORDER_BY,5,3.314,4.8294999999999995,2.5931,4.8294999999999995,5000,0,sha256:1a43e0ddf8cc02438cc76d27ba1cce86da34109d2e43dcc8ed7c9d581b95b39d
mask_fragment-n50000-w1024-m0100-s909,mask_fragment,1024,0.1,50000,909,5000,early_mask_fragment,7,PROJECTION,5,0.019,0.027100000000000003,0.0171,0.027100000000000003,5000,0,sha256:1a43e0ddf8cc02438cc76d27ba1cce86da34109d2e43dcc8ed7c9d581b95b39d
mask_fragment-n50000-w1024-m0100-s909,mask_fragment,1024,0.1,50000,909,5000,early_mask_fragment,8,HASH_JOIN,5,2.6253,3.1587,2.2065,3.1587,5000,0,sha256:1a43e0ddf8cc02438cc76d27ba1cce86da34109d2e43dcc8ed7c9d581b95b39d
mask_fragment-n50000-w1024-m0100-s909,mask_fragment,1024,0.1,50000,909,5000,early_mask_fragment,9,CTE_SCAN,5,0.13349999999999998,1.0286,0.11359999999999999,1.0286,50000,0,sha256:1a43e0ddf8cc02438cc76d27ba1cce86da34109d2e43dcc8ed7c9d581b95b39d
mask_fragment-n50000-w1024-m0100-s909,mask_fragment,1024,0.1,50000,909,5000,early_mask_fragment,10,SEQ_SCAN,5,0.06709999999999999,0.1091,0.029800000000000004,0.1091,10000,10000,sha256:1a43e0ddf8cc02438cc76d27ba1cce86da34109d2e43dcc8ed7c9d581b95b39d
mask_fragment-n50000-w1024-m0100-s909,mask_fragment,1024,0.1,50000,909,5000,late_mask_fragment,0,EXPLAIN_ANALYZE,5,0.0003,0.0006,0.00019999999999999998,0.0006,0,0,sha256:c31a5394c72fa4480e21e21f18941a529737407325437b881b853a480254b8dd
mask_fragment-n50000-w1024-m0100-s909,mask_fragment,1024,0.1,50000,909,5000,late_mask_fragment,1,BATCH_CREATE_TABLE_AS,5,0.43970000000000004,0.6571,0.3911,0.6571,1,0,sha256:c31a5394c72fa4480e21e21f18941a529737407325437b881b853a480254b8dd
mask_fragment-n50000-w1024-m0100-s909,mask_fragment,1024,0.1,50000,909,5000,late_mask_fragment,2,PROJECTION,5,0.021799999999999996,0.031099999999999996,0.013199999999999998,0.031099999999999996,5000,0,sha256:c31a5394c72fa4480e21e21f18941a529737407325437b881b853a480254b8dd
mask_fragment-n50000-w1024-m0100-s909,mask_fragment,1024,0.1,50000,909,5000,late_mask_fragment,3,ORDER_BY,5,2.4457000000000004,3.0852000000000004,1.8357,3.0852000000000004,5000,0,sha256:c31a5394c72fa4480e21e21f18941a529737407325437b881b853a480254b8dd
mask_fragment-n50000-w1024-m0100-s909,mask_fragment,1024,0.1,50000,909,5000,late_mask_fragment,4,PROJECTION,5,0.1531,0.2746,0.11669999999999998,0.2746,5000,0,sha256:c31a5394c72fa4480e21e21f18941a529737407325437b881b853a480254b8dd
mask_fragment-n50000-w1024-m0100-s909,mask_fragment,1024,0.1,50000,909,5000,late_mask_fragment,5,PROJECTION,5,76.6762,80.5197,62.0249,80.5197,5000,0,sha256:c31a5394c72fa4480e21e21f18941a529737407325437b881b853a480254b8dd
mask_fragment-n50000-w1024-m0100-s909,mask_fragment,1024,0.1,50000,909,5000,late_mask_fragment,6,HASH_JOIN,5,0.5393,0.6939,0.4513,0.6939,5000,0,sha256:c31a5394c72fa4480e21e21f18941a529737407325437b881b853a480254b8dd
mask_fragment-n50000-w1024-m0100-s909,mask_fragment,1024,0.1,50000,909,5000,late_mask_fragment,7,SEQ_SCAN,5,0.6835,1.4482,0.5651999999999999,1.4482,5000,50000,sha256:c31a5394c72fa4480e21e21f18941a529737407325437b881b853a480254b8dd
mask_fragment-n50000-w1024-m0100-s909,mask_fragment,1024,0.1,50000,909,5000,late_mask_fragment,8,SEQ_SCAN,5,0.032999999999999995,0.09069999999999999,0.028000000000000004,0.09069999999999999,10000,10000,sha256:c31a5394c72fa4480e21e21f18941a529737407325437b881b853a480254b8dd
mask_fragment-n50000-w1024-m0500-s707,mask_fragment,1024,0.5,50000,707,25000,early_mask_fragment,0,EXPLAIN_ANALYZE,5,0.0003,0.0007999999999999999,0.00019999999999999998,0.0007999999999999999,0,0,sha256:1a43e0ddf8cc02438cc76d27ba1cce86da34109d2e43dcc8ed7c9d581b95b39d
mask_fragment-n50000-w1024-m0500-s707,mask_fragment,1024,0.5,50000,707,25000,early_mask_fragment,1,BATCH_CREATE_TABLE_AS,5,2.5565000000000007,3.5527999999999995,2.4311999999999996,3.5527999999999995,1,0,sha256:1a43e0ddf8cc02438cc76d27ba1cce86da34109d2e43dcc8ed7c9d581b95b39d
mask_fragment-n50000-w1024-m0500-s707,mask_fragment,1024,0.5,50000,707,25000,early_mask_fragment,2,CTE,5,4.245800000000001,8.470500000000001,3.4415999999999993,8.470500000000001,0,0,sha256:1a43e0ddf8cc02438cc76d27ba1cce86da34109d2e43dcc8ed7c9d581b95b39d
mask_fragment-n50000-w1024-m0500-s707,mask_fragment,1024,0.5,50000,707,25000,early_mask_fragment,3,PROJECTION,5,770.3338000000001,1001.0159999999998,707.301,1001.0159999999998,50000,0,sha256:1a43e0ddf8cc02438cc76d27ba1cce86da34109d2e43dcc8ed7c9d581b95b39d
mask_fragment-n50000-w1024-m0500-s707,mask_fragment,1024,0.5,50000,707,25000,early_mask_fragment,4,SEQ_SCAN,5,3.9307000000000003,4.213899999999999,3.3930999999999996,4.213899999999999,50000,50000,sha256:1a43e0ddf8cc02438cc76d27ba1cce86da34109d2e43dcc8ed7c9d581b95b39d
mask_fragment-n50000-w1024-m0500-s707,mask_fragment,1024,0.5,50000,707,25000,early_mask_fragment,5,PROJECTION,5,0.07609999999999999,0.12470000000000002,0.0592,0.12470000000000002,25000,0,sha256:1a43e0ddf8cc02438cc76d27ba1cce86da34109d2e43dcc8ed7c9d581b95b39d
mask_fragment-n50000-w1024-m0500-s707,mask_fragment,1024,0.5,50000,707,25000,early_mask_fragment,6,ORDER_BY,5,16.6788,31.308500000000002,13.6282,31.308500000000002,25000,0,sha256:1a43e0ddf8cc02438cc76d27ba1cce86da34109d2e43dcc8ed7c9d581b95b39d
mask_fragment-n50000-w1024-m0500-s707,mask_fragment,1024,0.5,50000,707,25000,early_mask_fragment,7,PROJECTION,5,0.0934,0.1556,0.0614,0.1556,25000,0,sha256:1a43e0ddf8cc02438cc76d27ba1cce86da34109d2e43dcc8ed7c9d581b95b39d
mask_fragment-n50000-w1024-m0500-s707,mask_fragment,1024,0.5,50000,707,25000,early_mask_fragment,8,HASH_JOIN,5,3.5322,6.076999999999999,2.8644,6.076999999999999,25000,0,sha256:1a43e0ddf8cc02438cc76d27ba1cce86da34109d2e43dcc8ed7c9d581b95b39d
mask_fragment-n50000-w1024-m0500-s707,mask_fragment,1024,0.5,50000,707,25000,early_mask_fragment,9,CTE_SCAN,5,0.16790000000000002,0.5196,0.13470000000000001,0.5196,50000,0,sha256:1a43e0ddf8cc02438cc76d27ba1cce86da34109d2e43dcc8ed7c9d581b95b39d
mask_fragment-n50000-w1024-m0500-s707,mask_fragment,1024,0.5,50000,707,25000,early_mask_fragment,10,SEQ_SCAN,5,0.0262,0.1983,0.0232,0.1983,10000,10000,sha256:1a43e0ddf8cc02438cc76d27ba1cce86da34109d2e43dcc8ed7c9d581b95b39d
mask_fragment-n50000-w1024-m0500-s707,mask_fragment,1024,0.5,50000,707,25000,late_mask_fragment,0,EXPLAIN_ANALYZE,5,0.0003,0.0003,0.00019999999999999998,0.0003,0,0,sha256:c31a5394c72fa4480e21e21f18941a529737407325437b881b853a480254b8dd
mask_fragment-n50000-w1024-m0500-s707,mask_fragment,1024,0.5,50000,707,25000,late_mask_fragment,1,BATCH_CREATE_TABLE_AS,5,2.3917,2.9283000000000006,1.6971000000000005,2.9283000000000006,1,0,sha256:c31a5394c72fa4480e21e21f18941a529737407325437b881b853a480254b8dd
mask_fragment-n50000-w1024-m0500-s707,mask_fragment,1024,0.5,50000,707,25000,late_mask_fragment,2,PROJECTION,5,0.07519999999999999,0.21819999999999998,0.05750000000000001,0.21819999999999998,25000,0,sha256:c31a5394c72fa4480e21e21f18941a529737407325437b881b853a480254b8dd
mask_fragment-n50000-w1024-m0500-s707,mask_fragment,1024,0.5,50000,707,25000,late_mask_fragment,3,ORDER_BY,5,11.913899999999998,15.233699999999999,8.161200000000001,15.233699999999999,25000,0,sha256:c31a5394c72fa4480e21e21f18941a529737407325437b881b853a480254b8dd
mask_fragment-n50000-w1024-m0500-s707,mask_fragment,1024,0.5,50000,707,25000,late_mask_fragment,4,PROJECTION,5,0.5700000000000001,0.6104999999999999,0.4236,0.6104999999999999,25000,0,sha256:c31a5394c72fa4480e21e21f18941a529737407325437b881b853a480254b8dd
mask_fragment-n50000-w1024-m0500-s707,mask_fragment,1024,0.5,50000,707,25000,late_mask_fragment,5,PROJECTION,5,336.40440000000007,351.9748000000001,298.8652,351.9748000000001,25000,0,sha256:c31a5394c72fa4480e21e21f18941a529737407325437b881b853a480254b8dd
mask_fragment-n50000-w1024-m0500-s707,mask_fragment,1024,0.5,50000,707,25000,late_mask_fragment,6,HASH_JOIN,5,0.6801,1.2693999999999996,0.6489,1.2693999999999996,25000,0,sha256:c31a5394c72fa4480e21e21f18941a529737407325437b881b853a480254b8dd
mask_fragment-n50000-w1024-m0500-s707,mask_fragment,1024,0.5,50000,707,25000,late_mask_fragment,7,SEQ_SCAN,5,2.0484,2.5065,1.6219999999999999,2.5065,25000,50000,sha256:c31a5394c72fa4480e21e21f18941a529737407325437b881b853a480254b8dd
mask_fragment-n50000-w1024-m0500-s707,mask_fragment,1024,0.5,50000,707,25000,late_mask_fragment,8,SEQ_SCAN,5,0.0348,0.0422,0.024299999999999995,0.0422,10000,10000,sha256:c31a5394c72fa4480e21e21f18941a529737407325437b881b853a480254b8dd
mask_fragment-n50000-w1024-m0500-s808,mask_fragment,1024,0.5,50000,808,25000,early_mask_fragment,0,EXPLAIN_ANALYZE,5,0.0003,0.0027,0.0003,0.0027,0,0,sha256:1a43e0ddf8cc02438cc76d27ba1cce86da34109d2e43dcc8ed7c9d581b95b39d
mask_fragment-n50000-w1024-m0500-s808,mask_fragment,1024,0.5,50000,808,25000,early_mask_fragment,1,BATCH_CREATE_TABLE_AS,5,3.7569999999999997,5.4117,2.3673000000000006,5.4117,1,0,sha256:1a43e0ddf8cc02438cc76d27ba1cce86da34109d2e43dcc8ed7c9d581b95b39d
mask_fragment-n50000-w1024-m0500-s808,mask_fragment,1024,0.5,50000,808,25000,early_mask_fragment,2,CTE,5,4.188,7.7267,3.6213000000000006,7.7267,0,0,sha256:1a43e0ddf8cc02438cc76d27ba1cce86da34109d2e43dcc8ed7c9d581b95b39d
mask_fragment-n50000-w1024-m0500-s808,mask_fragment,1024,0.5,50000,808,25000,early_mask_fragment,3,PROJECTION,5,926.4314999999998,1270.4297,832.7653999999998,1270.4297,50000,0,sha256:1a43e0ddf8cc02438cc76d27ba1cce86da34109d2e43dcc8ed7c9d581b95b39d
mask_fragment-n50000-w1024-m0500-s808,mask_fragment,1024,0.5,50000,808,25000,early_mask_fragment,4,SEQ_SCAN,5,3.5523000000000002,5.391,2.9393,5.391,50000,50000,sha256:1a43e0ddf8cc02438cc76d27ba1cce86da34109d2e43dcc8ed7c9d581b95b39d
mask_fragment-n50000-w1024-m0500-s808,mask_fragment,1024,0.5,50000,808,25000,early_mask_fragment,5,PROJECTION,5,0.10899999999999999,0.1782,0.06780000000000001,0.1782,25000,0,sha256:1a43e0ddf8cc02438cc76d27ba1cce86da34109d2e43dcc8ed7c9d581b95b39d
mask_fragment-n50000-w1024-m0500-s808,mask_fragment,1024,0.5,50000,808,25000,early_mask_fragment,6,ORDER_BY,5,18.5279,30.999700000000004,15.091999999999997,30.999700000000004,25000,0,sha256:1a43e0ddf8cc02438cc76d27ba1cce86da34109d2e43dcc8ed7c9d581b95b39d
mask_fragment-n50000-w1024-m0500-s808,mask_fragment,1024,0.5,50000,808,25000,early_mask_fragment,7,PROJECTION,5,0.0849,0.1147,0.07619999999999999,0.1147,25000,0,sha256:1a43e0ddf8cc02438cc76d27ba1cce86da34109d2e43dcc8ed7c9d581b95b39d
mask_fragment-n50000-w1024-m0500-s808,mask_fragment,1024,0.5,50000,808,25000,early_mask_fragment,8,HASH_JOIN,5,3.8697,7.3847000000000005,3.2356,7.3847000000000005,25000,0,sha256:1a43e0ddf8cc02438cc76d27ba1cce86da34109d2e43dcc8ed7c9d581b95b39d
mask_fragment-n50000-w1024-m0500-s808,mask_fragment,1024,0.5,50000,808,25000,early_mask_fragment,9,CTE_SCAN,5,0.2124,0.308,0.1497,0.308,50000,0,sha256:1a43e0ddf8cc02438cc76d27ba1cce86da34109d2e43dcc8ed7c9d581b95b39d
mask_fragment-n50000-w1024-m0500-s808,mask_fragment,1024,0.5,50000,808,25000,early_mask_fragment,10,SEQ_SCAN,5,0.045200000000000004,0.0695,0.022999999999999996,0.0695,10000,10000,sha256:1a43e0ddf8cc02438cc76d27ba1cce86da34109d2e43dcc8ed7c9d581b95b39d
mask_fragment-n50000-w1024-m0500-s808,mask_fragment,1024,0.5,50000,808,25000,late_mask_fragment,0,EXPLAIN_ANALYZE,5,0.0003,0.0007,0.00019999999999999998,0.0007,0,0,sha256:c31a5394c72fa4480e21e21f18941a529737407325437b881b853a480254b8dd
mask_fragment-n50000-w1024-m0500-s808,mask_fragment,1024,0.5,50000,808,25000,late_mask_fragment,1,BATCH_CREATE_TABLE_AS,5,3.025699999999999,3.5897000000000006,1.8590999999999998,3.5897000000000006,1,0,sha256:c31a5394c72fa4480e21e21f18941a529737407325437b881b853a480254b8dd
mask_fragment-n50000-w1024-m0500-s808,mask_fragment,1024,0.5,50000,808,25000,late_mask_fragment,2,PROJECTION,5,0.10080000000000001,0.18589999999999998,0.0579,0.18589999999999998,25000,0,sha256:c31a5394c72fa4480e21e21f18941a529737407325437b881b853a480254b8dd
mask_fragment-n50000-w1024-m0500-s808,mask_fragment,1024,0.5,50000,808,25000,late_mask_fragment,3,ORDER_BY,5,12.546399999999997,14.763099999999998,10.3602,14.763099999999998,25000,0,sha256:c31a5394c72fa4480e21e21f18941a529737407325437b881b853a480254b8dd
mask_fragment-n50000-w1024-m0500-s808,mask_fragment,1024,0.5,50000,808,25000,late_mask_fragment,4,PROJECTION,5,0.5329,0.7306,0.4858,0.7306,25000,0,sha256:c31a5394c72fa4480e21e21f18941a529737407325437b881b853a480254b8dd
mask_fragment-n50000-w1024-m0500-s808,mask_fragment,1024,0.5,50000,808,25000,late_mask_fragment,5,PROJECTION,5,352.4001,361.4951,309.21209999999996,361.4951,25000,0,sha256:c31a5394c72fa4480e21e21f18941a529737407325437b881b853a480254b8dd
mask_fragment-n50000-w1024-m0500-s808,mask_fragment,1024,0.5,50000,808,25000,late_mask_fragment,6,HASH_JOIN,5,0.6815,0.8128000000000001,0.6228999999999999,0.8128000000000001,25000,0,sha256:c31a5394c72fa4480e21e21f18941a529737407325437b881b853a480254b8dd
mask_fragment-n50000-w1024-m0500-s808,mask_fragment,1024,0.5,50000,808,25000,late_mask_fragment,7,SEQ_SCAN,5,2.5483999999999996,3.0254,2.1506,3.0254,25000,50000,sha256:c31a5394c72fa4480e21e21f18941a529737407325437b881b853a480254b8dd
mask_fragment-n50000-w1024-m0500-s808,mask_fragment,1024,0.5,50000,808,25000,late_mask_fragment,8,SEQ_SCAN,5,0.0349,0.0569,0.026300000000000004,0.0569,10000,10000,sha256:c31a5394c72fa4480e21e21f18941a529737407325437b881b853a480254b8dd
mask_fragment-n50000-w1024-m0500-s909,mask_fragment,1024,0.5,50000,909,25000,early_mask_fragment,0,EXPLAIN_ANALYZE,5,0.0003,0.0007,0.00019999999999999998,0.0007,0,0,sha256:1a43e0ddf8cc02438cc76d27ba1cce86da34109d2e43dcc8ed7c9d581b95b39d
mask_fragment-n50000-w1024-m0500-s909,mask_fragment,1024,0.5,50000,909,25000,early_mask_fragment,1,BATCH_CREATE_TABLE_AS,5,2.6818,5.3708,2.4703999999999997,5.3708,1,0,sha256:1a43e0ddf8cc02438cc76d27ba1cce86da34109d2e43dcc8ed7c9d581b95b39d
mask_fragment-n50000-w1024-m0500-s909,mask_fragment,1024,0.5,50000,909,25000,early_mask_fragment,2,CTE,5,4.3965,9.338799999999999,3.7744999999999997,9.338799999999999,0,0,sha256:1a43e0ddf8cc02438cc76d27ba1cce86da34109d2e43dcc8ed7c9d581b95b39d
mask_fragment-n50000-w1024-m0500-s909,mask_fragment,1024,0.5,50000,909,25000,early_mask_fragment,3,PROJECTION,5,738.2721,765.2915000000003,706.3135000000001,765.2915000000003,50000,0,sha256:1a43e0ddf8cc02438cc76d27ba1cce86da34109d2e43dcc8ed7c9d581b95b39d
mask_fragment-n50000-w1024-m0500-s909,mask_fragment,1024,0.5,50000,909,25000,early_mask_fragment,4,SEQ_SCAN,5,3.6622,4.0632,3.1043,4.0632,50000,50000,sha256:1a43e0ddf8cc02438cc76d27ba1cce86da34109d2e43dcc8ed7c9d581b95b39d
mask_fragment-n50000-w1024-m0500-s909,mask_fragment,1024,0.5,50000,909,25000,early_mask_fragment,5,PROJECTION,5,0.10549999999999998,0.1669,0.0581,0.1669,25000,0,sha256:1a43e0ddf8cc02438cc76d27ba1cce86da34109d2e43dcc8ed7c9d581b95b39d
mask_fragment-n50000-w1024-m0500-s909,mask_fragment,1024,0.5,50000,909,25000,early_mask_fragment,6,ORDER_BY,5,14.793699999999998,30.9229,12.924499999999998,30.9229,25000,0,sha256:1a43e0ddf8cc02438cc76d27ba1cce86da34109d2e43dcc8ed7c9d581b95b39d
mask_fragment-n50000-w1024-m0500-s909,mask_fragment,1024,0.5,50000,909,25000,early_mask_fragment,7,PROJECTION,5,0.08199999999999999,1.1537999999999997,0.0606,1.1537999999999997,25000,0,sha256:1a43e0ddf8cc02438cc76d27ba1cce86da34109d2e43dcc8ed7c9d581b95b39d
mask_fragment-n50000-w1024-m0500-s909,mask_fragment,1024,0.5,50000,909,25000,early_mask_fragment,8,HASH_JOIN,5,2.6312999999999995,5.7142,2.2518,5.7142,25000,0,sha256:1a43e0ddf8cc02438cc76d27ba1cce86da34109d2e43dcc8ed7c9d581b95b39d
mask_fragment-n50000-w1024-m0500-s909,mask_fragment,1024,0.5,50000,909,25000,early_mask_fragment,9,CTE_SCAN,5,0.126,0.3328,0.1053,0.3328,50000,0,sha256:1a43e0ddf8cc02438cc76d27ba1cce86da34109d2e43dcc8ed7c9d581b95b39d
mask_fragment-n50000-w1024-m0500-s909,mask_fragment,1024,0.5,50000,909,25000,early_mask_fragment,10,SEQ_SCAN,5,0.0342,0.04120000000000001,0.0262,0.04120000000000001,10000,10000,sha256:1a43e0ddf8cc02438cc76d27ba1cce86da34109d2e43dcc8ed7c9d581b95b39d
mask_fragment-n50000-w1024-m0500-s909,mask_fragment,1024,0.5,50000,909,25000,late_mask_fragment,0,EXPLAIN_ANALYZE,5,0.0003,0.00039999999999999996,0.00019999999999999998,0.00039999999999999996,0,0,sha256:c31a5394c72fa4480e21e21f18941a529737407325437b881b853a480254b8dd
mask_fragment-n50000-w1024-m0500-s909,mask_fragment,1024,0.5,50000,909,25000,late_mask_fragment,1,BATCH_CREATE_TABLE_AS,5,2.8508000000000004,3.4865999999999997,1.9577000000000002,3.4865999999999997,1,0,sha256:c31a5394c72fa4480e21e21f18941a529737407325437b881b853a480254b8dd
mask_fragment-n50000-w1024-m0500-s909,mask_fragment,1024,0.5,50000,909,25000,late_mask_fragment,2,PROJECTION,5,0.1395,0.19710000000000003,0.09849999999999999,0.19710000000000003,25000,0,sha256:c31a5394c72fa4480e21e21f18941a529737407325437b881b853a480254b8dd
mask_fragment-n50000-w1024-m0500-s909,mask_fragment,1024,0.5,50000,909,25000,late_mask_fragment,3,ORDER_BY,5,12.899899999999999,15.6178,11.485000000000001,15.6178,25000,0,sha256:c31a5394c72fa4480e21e21f18941a529737407325437b881b853a480254b8dd
mask_fragment-n50000-w1024-m0500-s909,mask_fragment,1024,0.5,50000,909,25000,late_mask_fragment,4,PROJECTION,5,0.6285000000000001,0.8132999999999999,0.4,0.8132999999999999,25000,0,sha256:c31a5394c72fa4480e21e21f18941a529737407325437b881b853a480254b8dd
mask_fragment-n50000-w1024-m0500-s909,mask_fragment,1024,0.5,50000,909,25000,late_mask_fragment,5,PROJECTION,5,327.97389999999996,542.7037,303.42479999999995,542.7037,25000,0,sha256:c31a5394c72fa4480e21e21f18941a529737407325437b881b853a480254b8dd
mask_fragment-n50000-w1024-m0500-s909,mask_fragment,1024,0.5,50000,909,25000,late_mask_fragment,6,HASH_JOIN,5,0.7887000000000001,0.8087000000000001,0.6416,0.8087000000000001,25000,0,sha256:c31a5394c72fa4480e21e21f18941a529737407325437b881b853a480254b8dd
mask_fragment-n50000-w1024-m0500-s909,mask_fragment,1024,0.5,50000,909,25000,late_mask_fragment,7,SEQ_SCAN,5,2.1624,2.5859,1.7818999999999998,2.5859,25000,50000,sha256:c31a5394c72fa4480e21e21f18941a529737407325437b881b853a480254b8dd
mask_fragment-n50000-w1024-m0500-s909,mask_fragment,1024,0.5,50000,909,25000,late_mask_fragment,8,SEQ_SCAN,5,0.0398,0.050699999999999995,0.027499999999999997,0.050699999999999995,10000,10000,sha256:c31a5394c72fa4480e21e21f18941a529737407325437b881b853a480254b8dd
mask_fragment-n50000-w1024-m1000-s707,mask_fragment,1024,1.0,50000,707,50000,early_mask_fragment,0,EXPLAIN_ANALYZE,5,0.0003,0.0005,0.00019999999999999998,0.0005,0,0,sha256:1a43e0ddf8cc02438cc76d27ba1cce86da34109d2e43dcc8ed7c9d581b95b39d
mask_fragment-n50000-w1024-m1000-s707,mask_fragment,1024,1.0,50000,707,50000,early_mask_fragment,1,BATCH_CREATE_TABLE_AS,5,6.087199999999999,7.2707999999999995,3.9702,7.2707999999999995,1,0,sha256:1a43e0ddf8cc02438cc76d27ba1cce86da34109d2e43dcc8ed7c9d581b95b39d
mask_fragment-n50000-w1024-m1000-s707,mask_fragment,1024,1.0,50000,707,50000,early_mask_fragment,2,CTE,5,4.2777,5.831,3.1416000000000004,5.831,0,0,sha256:1a43e0ddf8cc02438cc76d27ba1cce86da34109d2e43dcc8ed7c9d581b95b39d
mask_fragment-n50000-w1024-m1000-s707,mask_fragment,1024,1.0,50000,707,50000,early_mask_fragment,3,PROJECTION,5,719.3311,858.1195999999999,647.8686,858.1195999999999,50000,0,sha256:1a43e0ddf8cc02438cc76d27ba1cce86da34109d2e43dcc8ed7c9d581b95b39d
mask_fragment-n50000-w1024-m1000-s707,mask_fragment,1024,1.0,50000,707,50000,early_mask_fragment,4,SEQ_SCAN,5,2.611999999999999,3.3253000000000004,2.4929,3.3253000000000004,50000,50000,sha256:1a43e0ddf8cc02438cc76d27ba1cce86da34109d2e43dcc8ed7c9d581b95b39d
mask_fragment-n50000-w1024-m1000-s707,mask_fragment,1024,1.0,50000,707,50000,early_mask_fragment,5,PROJECTION,5,0.14329999999999998,0.17270000000000005,0.09590000000000001,0.17270000000000005,50000,0,sha256:1a43e0ddf8cc02438cc76d27ba1cce86da34109d2e43dcc8ed7c9d581b95b39d
mask_fragment-n50000-w1024-m1000-s707,mask_fragment,1024,1.0,50000,707,50000,early_mask_fragment,6,ORDER_BY,5,38.0713,39.3289,24.570999999999998,39.3289,50000,0,sha256:1a43e0ddf8cc02438cc76d27ba1cce86da34109d2e43dcc8ed7c9d581b95b39d
mask_fragment-n50000-w1024-m1000-s707,mask_fragment,1024,1.0,50000,707,50000,early_mask_fragment,7,PROJECTION,5,0.12229999999999999,0.1807,0.11570000000000003,0.1807,50000,0,sha256:1a43e0ddf8cc02438cc76d27ba1cce86da34109d2e43dcc8ed7c9d581b95b39d
mask_fragment-n50000-w1024-m1000-s707,mask_fragment,1024,1.0,50000,707,50000,early_mask_fragment,8,HASH_JOIN,5,3.9606,5.7618,3.2558000000000002,5.7618,50000,0,sha256:1a43e0ddf8cc02438cc76d27ba1cce86da34109d2e43dcc8ed7c9d581b95b39d
mask_fragment-n50000-w1024-m1000-s707,mask_fragment,1024,1.0,50000,707,50000,early_mask_fragment,9,CTE_SCAN,5,0.1762,0.21680000000000002,0.13590000000000002,0.21680000000000002,50000,0,sha256:1a43e0ddf8cc02438cc76d27ba1cce86da34109d2e43dcc8ed7c9d581b95b39d
mask_fragment-n50000-w1024-m1000-s707,mask_fragment,1024,1.0,50000,707,50000,early_mask_fragment,10,SEQ_SCAN,5,0.0335,0.1388,0.025400000000000002,0.1388,10000,10000,sha256:1a43e0ddf8cc02438cc76d27ba1cce86da34109d2e43dcc8ed7c9d581b95b39d
mask_fragment-n50000-w1024-m1000-s707,mask_fragment,1024,1.0,50000,707,50000,late_mask_fragment,0,EXPLAIN_ANALYZE,5,0.00039999999999999996,0.0013,0.00019999999999999998,0.0013,0,0,sha256:6520d056e696ffac14dc135144255adbe9a9d7bbb5ae889b1b0e266e1ada2e57
mask_fragment-n50000-w1024-m1000-s707,mask_fragment,1024,1.0,50000,707,50000,late_mask_fragment,1,BATCH_CREATE_TABLE_AS,5,7.103000000000001,26.0366,5.343900000000001,26.0366,1,0,sha256:6520d056e696ffac14dc135144255adbe9a9d7bbb5ae889b1b0e266e1ada2e57
mask_fragment-n50000-w1024-m1000-s707,mask_fragment,1024,1.0,50000,707,50000,late_mask_fragment,2,PROJECTION,5,0.33460000000000006,0.8524999999999999,0.2853,0.8524999999999999,50000,0,sha256:6520d056e696ffac14dc135144255adbe9a9d7bbb5ae889b1b0e266e1ada2e57
mask_fragment-n50000-w1024-m1000-s707,mask_fragment,1024,1.0,50000,707,50000,late_mask_fragment,3,ORDER_BY,5,31.649200000000004,58.259600000000006,27.8554,58.259600000000006,50000,0,sha256:6520d056e696ffac14dc135144255adbe9a9d7bbb5ae889b1b0e266e1ada2e57
mask_fragment-n50000-w1024-m1000-s707,mask_fragment,1024,1.0,50000,707,50000,late_mask_fragment,4,PROJECTION,5,1.0205,4.136700000000001,0.7501000000000001,4.136700000000001,50000,0,sha256:6520d056e696ffac14dc135144255adbe9a9d7bbb5ae889b1b0e266e1ada2e57
mask_fragment-n50000-w1024-m1000-s707,mask_fragment,1024,1.0,50000,707,50000,late_mask_fragment,5,PROJECTION,5,1151.4164999999998,1281.4417999999996,598.4119999999999,1281.4417999999996,50000,0,sha256:6520d056e696ffac14dc135144255adbe9a9d7bbb5ae889b1b0e266e1ada2e57
mask_fragment-n50000-w1024-m1000-s707,mask_fragment,1024,1.0,50000,707,50000,late_mask_fragment,6,HASH_JOIN,5,1.155,1.6926999999999996,0.845,1.6926999999999996,50000,0,sha256:6520d056e696ffac14dc135144255adbe9a9d7bbb5ae889b1b0e266e1ada2e57
mask_fragment-n50000-w1024-m1000-s707,mask_fragment,1024,1.0,50000,707,50000,late_mask_fragment,7,SEQ_SCAN,5,3.2636000000000003,4.0735,2.8255,4.0735,50000,50000,sha256:6520d056e696ffac14dc135144255adbe9a9d7bbb5ae889b1b0e266e1ada2e57
mask_fragment-n50000-w1024-m1000-s707,mask_fragment,1024,1.0,50000,707,50000,late_mask_fragment,8,SEQ_SCAN,5,0.037200000000000004,0.0621,0.029000000000000005,0.0621,10000,10000,sha256:6520d056e696ffac14dc135144255adbe9a9d7bbb5ae889b1b0e266e1ada2e57
mask_fragment-n50000-w1024-m1000-s808,mask_fragment,1024,1.0,50000,808,50000,early_mask_fragment,0,EXPLAIN_ANALYZE,5,0.0003,0.0015999999999999999,0.00019999999999999998,0.0015999999999999999,0,0,sha256:1a43e0ddf8cc02438cc76d27ba1cce86da34109d2e43dcc8ed7c9d581b95b39d
mask_fragment-n50000-w1024-m1000-s808,mask_fragment,1024,1.0,50000,808,50000,early_mask_fragment,1,BATCH_CREATE_TABLE_AS,5,7.079700000000001,11.4851,4.771999999999999,11.4851,1,0,sha256:1a43e0ddf8cc02438cc76d27ba1cce86da34109d2e43dcc8ed7c9d581b95b39d
mask_fragment-n50000-w1024-m1000-s808,mask_fragment,1024,1.0,50000,808,50000,early_mask_fragment,2,CTE,5,9.814599999999997,11.7036,4.552599999999999,11.7036,0,0,sha256:1a43e0ddf8cc02438cc76d27ba1cce86da34109d2e43dcc8ed7c9d581b95b39d
mask_fragment-n50000-w1024-m1000-s808,mask_fragment,1024,1.0,50000,808,50000,early_mask_fragment,3,PROJECTION,5,882.8801000000001,1071.4648000000002,781.6603000000001,1071.4648000000002,50000,0,sha256:1a43e0ddf8cc02438cc76d27ba1cce86da34109d2e43dcc8ed7c9d581b95b39d
mask_fragment-n50000-w1024-m1000-s808,mask_fragment,1024,1.0,50000,808,50000,early_mask_fragment,4,SEQ_SCAN,5,3.9553000000000003,4.7501,3.575,4.7501,50000,50000,sha256:1a43e0ddf8cc02438cc76d27ba1cce86da34109d2e43dcc8ed7c9d581b95b39d
mask_fragment-n50000-w1024-m1000-s808,mask_fragment,1024,1.0,50000,808,50000,early_mask_fragment,5,PROJECTION,5,0.25970000000000004,0.48919999999999997,0.146,0.48919999999999997,50000,0,sha256:1a43e0ddf8cc02438cc76d27ba1cce86da34109d2e43dcc8ed7c9d581b95b39d
mask_fragment-n50000-w1024-m1000-s808,mask_fragment,1024,1.0,50000,808,50000,early_mask_fragment,6,ORDER_BY,5,38.0313,66.1825,34.873400000000004,66.1825,50000,0,sha256:1a43e0ddf8cc02438cc76d27ba1cce86da34109d2e43dcc8ed7c9d581b95b39d
mask_fragment-n50000-w1024-m1000-s808,mask_fragment,1024,1.0,50000,808,50000,early_mask_fragment,7,PROJECTION,5,0.18159999999999998,1.2265,0.1194,1.2265,50000,0,sha256:1a43e0ddf8cc02438cc76d27ba1cce86da34109d2e43dcc8ed7c9d581b95b39d
mask_fragment-n50000-w1024-m1000-s808,mask_fragment,1024,1.0,50000,808,50000,early_mask_fragment,8,HASH_JOIN,5,5.543200000000001,10.942899999999998,3.1863,10.942899999999998,50000,0,sha256:1a43e0ddf8cc02438cc76d27ba1cce86da34109d2e43dcc8ed7c9d581b95b39d
mask_fragment-n50000-w1024-m1000-s808,mask_fragment,1024,1.0,50000,808,50000,early_mask_fragment,9,CTE_SCAN,5,0.23379999999999998,0.27040000000000003,0.1296,0.27040000000000003,50000,0,sha256:1a43e0ddf8cc02438cc76d27ba1cce86da34109d2e43dcc8ed7c9d581b95b39d
mask_fragment-n50000-w1024-m1000-s808,mask_fragment,1024,1.0,50000,808,50000,early_mask_fragment,10,SEQ_SCAN,5,0.04049999999999999,0.0948,0.0202,0.0948,10000,10000,sha256:1a43e0ddf8cc02438cc76d27ba1cce86da34109d2e43dcc8ed7c9d581b95b39d
mask_fragment-n50000-w1024-m1000-s808,mask_fragment,1024,1.0,50000,808,50000,late_mask_fragment,0,EXPLAIN_ANALYZE,5,0.0003,0.001,0.0003,0.001,0,0,sha256:6520d056e696ffac14dc135144255adbe9a9d7bbb5ae889b1b0e266e1ada2e57
mask_fragment-n50000-w1024-m1000-s808,mask_fragment,1024,1.0,50000,808,50000,late_mask_fragment,1,BATCH_CREATE_TABLE_AS,5,6.4057,7.1342,4.997699999999998,7.1342,1,0,sha256:6520d056e696ffac14dc135144255adbe9a9d7bbb5ae889b1b0e266e1ada2e57
mask_fragment-n50000-w1024-m1000-s808,mask_fragment,1024,1.0,50000,808,50000,late_mask_fragment,2,PROJECTION,5,0.4287,0.6241000000000001,0.20959999999999998,0.6241000000000001,50000,0,sha256:6520d056e696ffac14dc135144255adbe9a9d7bbb5ae889b1b0e266e1ada2e57
mask_fragment-n50000-w1024-m1000-s808,mask_fragment,1024,1.0,50000,808,50000,late_mask_fragment,3,ORDER_BY,5,39.73069999999999,40.714099999999995,23.986700000000003,40.714099999999995,50000,0,sha256:6520d056e696ffac14dc135144255adbe9a9d7bbb5ae889b1b0e266e1ada2e57
mask_fragment-n50000-w1024-m1000-s808,mask_fragment,1024,1.0,50000,808,50000,late_mask_fragment,4,PROJECTION,5,1.1584999999999999,1.2258000000000002,0.8253000000000001,1.2258000000000002,50000,0,sha256:6520d056e696ffac14dc135144255adbe9a9d7bbb5ae889b1b0e266e1ada2e57
mask_fragment-n50000-w1024-m1000-s808,mask_fragment,1024,1.0,50000,808,50000,late_mask_fragment,5,PROJECTION,5,821.6125000000001,1016.0837999999999,772.6942999999999,1016.0837999999999,50000,0,sha256:6520d056e696ffac14dc135144255adbe9a9d7bbb5ae889b1b0e266e1ada2e57
mask_fragment-n50000-w1024-m1000-s808,mask_fragment,1024,1.0,50000,808,50000,late_mask_fragment,6,HASH_JOIN,5,1.0031,1.5341999999999998,0.7537,1.5341999999999998,50000,0,sha256:6520d056e696ffac14dc135144255adbe9a9d7bbb5ae889b1b0e266e1ada2e57
mask_fragment-n50000-w1024-m1000-s808,mask_fragment,1024,1.0,50000,808,50000,late_mask_fragment,7,SEQ_SCAN,5,3.7531,4.680499999999999,2.7192000000000003,4.680499999999999,50000,50000,sha256:6520d056e696ffac14dc135144255adbe9a9d7bbb5ae889b1b0e266e1ada2e57
mask_fragment-n50000-w1024-m1000-s808,mask_fragment,1024,1.0,50000,808,50000,late_mask_fragment,8,SEQ_SCAN,5,0.0324,0.06380000000000001,0.030199999999999998,0.06380000000000001,10000,10000,sha256:6520d056e696ffac14dc135144255adbe9a9d7bbb5ae889b1b0e266e1ada2e57
mask_fragment-n50000-w1024-m1000-s909,mask_fragment,1024,1.0,50000,909,50000,early_mask_fragment,0,EXPLAIN_ANALYZE,5,0.0003,0.0003,0.00019999999999999998,0.0003,0,0,sha256:1a43e0ddf8cc02438cc76d27ba1cce86da34109d2e43dcc8ed7c9d581b95b39d
mask_fragment-n50000-w1024-m1000-s909,mask_fragment,1024,1.0,50000,909,50000,early_mask_fragment,1,BATCH_CREATE_TABLE_AS,5,8.660400000000003,14.816799999999999,7.484499999999998,14.816799999999999,1,0,sha256:1a43e0ddf8cc02438cc76d27ba1cce86da34109d2e43dcc8ed7c9d581b95b39d
mask_fragment-n50000-w1024-m1000-s909,mask_fragment,1024,1.0,50000,909,50000,early_mask_fragment,2,CTE,5,7.6911000000000005,12.1764,5.9937,12.1764,0,0,sha256:1a43e0ddf8cc02438cc76d27ba1cce86da34109d2e43dcc8ed7c9d581b95b39d
mask_fragment-n50000-w1024-m1000-s909,mask_fragment,1024,1.0,50000,909,50000,early_mask_fragment,3,PROJECTION,5,1212.0413,1401.3522999999998,1026.1712,1401.3522999999998,50000,0,sha256:1a43e0ddf8cc02438cc76d27ba1cce86da34109d2e43dcc8ed7c9d581b95b39d
mask_fragment-n50000-w1024-m1000-s909,mask_fragment,1024,1.0,50000,909,50000,early_mask_fragment,4,SEQ_SCAN,5,5.209499999999999,11.855,3.5131000000000006,11.855,50000,50000,sha256:1a43e0ddf8cc02438cc76d27ba1cce86da34109d2e43dcc8ed7c9d581b95b39d
mask_fragment-n50000-w1024-m1000-s909,mask_fragment,1024,1.0,50000,909,50000,early_mask_fragment,5,PROJECTION,5,0.34709999999999996,0.38580000000000003,0.2194,0.38580000000000003,50000,0,sha256:1a43e0ddf8cc02438cc76d27ba1cce86da34109d2e43dcc8ed7c9d581b95b39d
mask_fragment-n50000-w1024-m1000-s909,mask_fragment,1024,1.0,50000,909,50000,early_mask_fragment,6,ORDER_BY,5,52.596800000000016,114.3213,49.538599999999995,114.3213,50000,0,sha256:1a43e0ddf8cc02438cc76d27ba1cce86da34109d2e43dcc8ed7c9d581b95b39d
mask_fragment-n50000-w1024-m1000-s909,mask_fragment,1024,1.0,50000,909,50000,early_mask_fragment,7,PROJECTION,5,0.19510000000000002,0.25919999999999993,0.1225,0.25919999999999993,50000,0,sha256:1a43e0ddf8cc02438cc76d27ba1cce86da34109d2e43dcc8ed7c9d581b95b39d
mask_fragment-n50000-w1024-m1000-s909,mask_fragment,1024,1.0,50000,909,50000,early_mask_fragment,8,HASH_JOIN,5,6.605100000000001,12.4777,6.1202000000000005,12.4777,50000,0,sha256:1a43e0ddf8cc02438cc76d27ba1cce86da34109d2e43dcc8ed7c9d581b95b39d
mask_fragment-n50000-w1024-m1000-s909,mask_fragment,1024,1.0,50000,909,50000,early_mask_fragment,9,CTE_SCAN,5,0.3533,0.49409999999999993,0.24330000000000002,0.49409999999999993,50000,0,sha256:1a43e0ddf8cc02438cc76d27ba1cce86da34109d2e43dcc8ed7c9d581b95b39d
mask_fragment-n50000-w1024-m1000-s909,mask_fragment,1024,1.0,50000,909,50000,early_mask_fragment,10,SEQ_SCAN,5,0.0656,0.0924,0.023799999999999998,0.0924,10000,10000,sha256:1a43e0ddf8cc02438cc76d27ba1cce86da34109d2e43dcc8ed7c9d581b95b39d
mask_fragment-n50000-w1024-m1000-s909,mask_fragment,1024,1.0,50000,909,50000,late_mask_fragment,0,EXPLAIN_ANALYZE,5,0.00039999999999999996,0.0007999999999999999,0.0003,0.0007999999999999999,0,0,sha256:6520d056e696ffac14dc135144255adbe9a9d7bbb5ae889b1b0e266e1ada2e57
mask_fragment-n50000-w1024-m1000-s909,mask_fragment,1024,1.0,50000,909,50000,late_mask_fragment,1,BATCH_CREATE_TABLE_AS,5,8.6323,12.979600000000001,4.263100000000001,12.979600000000001,1,0,sha256:6520d056e696ffac14dc135144255adbe9a9d7bbb5ae889b1b0e266e1ada2e57
mask_fragment-n50000-w1024-m1000-s909,mask_fragment,1024,1.0,50000,909,50000,late_mask_fragment,2,PROJECTION,5,0.42010000000000003,0.5826,0.25950000000000006,0.5826,50000,0,sha256:6520d056e696ffac14dc135144255adbe9a9d7bbb5ae889b1b0e266e1ada2e57
mask_fragment-n50000-w1024-m1000-s909,mask_fragment,1024,1.0,50000,909,50000,late_mask_fragment,3,ORDER_BY,5,48.6686,82.2236,30.9838,82.2236,50000,0,sha256:6520d056e696ffac14dc135144255adbe9a9d7bbb5ae889b1b0e266e1ada2e57
mask_fragment-n50000-w1024-m1000-s909,mask_fragment,1024,1.0,50000,909,50000,late_mask_fragment,4,PROJECTION,5,1.2409999999999999,2.3911,1.1355999999999997,2.3911,50000,0,sha256:6520d056e696ffac14dc135144255adbe9a9d7bbb5ae889b1b0e266e1ada2e57
mask_fragment-n50000-w1024-m1000-s909,mask_fragment,1024,1.0,50000,909,50000,late_mask_fragment,5,PROJECTION,5,907.5569999999998,968.6696999999998,800.3425999999998,968.6696999999998,50000,0,sha256:6520d056e696ffac14dc135144255adbe9a9d7bbb5ae889b1b0e266e1ada2e57
mask_fragment-n50000-w1024-m1000-s909,mask_fragment,1024,1.0,50000,909,50000,late_mask_fragment,6,HASH_JOIN,5,1.3006,1.3165,1.0679999999999998,1.3165,50000,0,sha256:6520d056e696ffac14dc135144255adbe9a9d7bbb5ae889b1b0e266e1ada2e57
mask_fragment-n50000-w1024-m1000-s909,mask_fragment,1024,1.0,50000,909,50000,late_mask_fragment,7,SEQ_SCAN,5,5.208499999999999,5.83,3.8248,5.83,50000,50000,sha256:6520d056e696ffac14dc135144255adbe9a9d7bbb5ae889b1b0e266e1ada2e57
mask_fragment-n50000-w1024-m1000-s909,mask_fragment,1024,1.0,50000,909,50000,late_mask_fragment,8,SEQ_SCAN,5,0.039999999999999994,0.0443,0.034699999999999995,0.0443,10000,10000,sha256:6520d056e696ffac14dc135144255adbe9a9d7bbb5ae889b1b0e266e1ada2e57
mask_fragment-n50000-w2048-m0100-s707,mask_fragment,2048,0.1,50000,707,5000,early_mask_fragment,0,EXPLAIN_ANALYZE,5,0.0003,0.00039999999999999996,0.0003,0.00039999999999999996,0,0,sha256:1a43e0ddf8cc02438cc76d27ba1cce86da34109d2e43dcc8ed7c9d581b95b39d
mask_fragment-n50000-w2048-m0100-s707,mask_fragment,2048,0.1,50000,707,5000,early_mask_fragment,1,BATCH_CREATE_TABLE_AS,5,0.787,1.6914,0.5956,1.6914,1,0,sha256:1a43e0ddf8cc02438cc76d27ba1cce86da34109d2e43dcc8ed7c9d581b95b39d
mask_fragment-n50000-w2048-m0100-s707,mask_fragment,2048,0.1,50000,707,5000,early_mask_fragment,2,CTE,5,6.877900000000001,10.848000000000003,6.3904,10.848000000000003,0,0,sha256:1a43e0ddf8cc02438cc76d27ba1cce86da34109d2e43dcc8ed7c9d581b95b39d
mask_fragment-n50000-w2048-m0100-s707,mask_fragment,2048,0.1,50000,707,5000,early_mask_fragment,3,PROJECTION,5,1556.1187,1677.2794000000004,1524.919,1677.2794000000004,50000,0,sha256:1a43e0ddf8cc02438cc76d27ba1cce86da34109d2e43dcc8ed7c9d581b95b39d
mask_fragment-n50000-w2048-m0100-s707,mask_fragment,2048,0.1,50000,707,5000,early_mask_fragment,4,SEQ_SCAN,5,6.339999999999999,8.660999999999998,4.1049999999999995,8.660999999999998,50000,50000,sha256:1a43e0ddf8cc02438cc76d27ba1cce86da34109d2e43dcc8ed7c9d581b95b39d
mask_fragment-n50000-w2048-m0100-s707,mask_fragment,2048,0.1,50000,707,5000,early_mask_fragment,5,PROJECTION,5,0.0346,0.1043,0.016399999999999998,0.1043,5000,0,sha256:1a43e0ddf8cc02438cc76d27ba1cce86da34109d2e43dcc8ed7c9d581b95b39d
mask_fragment-n50000-w2048-m0100-s707,mask_fragment,2048,0.1,50000,707,5000,early_mask_fragment,6,ORDER_BY,5,4.1613,5.3991999999999996,3.2317,5.3991999999999996,5000,0,sha256:1a43e0ddf8cc02438cc76d27ba1cce86da34109d2e43dcc8ed7c9d581b95b39d
mask_fragment-n50000-w2048-m0100-s707,mask_fragment,2048,0.1,50000,707,5000,early_mask_fragment,7,PROJECTION,5,0.017499999999999998,0.0935,0.014900000000000002,0.0935,5000,0,sha256:1a43e0ddf8cc02438cc76d27ba1cce86da34109d2e43dcc8ed7c9d581b95b39d
mask_fragment-n50000-w2048-m0100-s707,mask_fragment,2048,0.1,50000,707,5000,early_mask_fragment,8,HASH_JOIN,5,2.8558,4.5672,2.3206999999999995,4.5672,5000,0,sha256:1a43e0ddf8cc02438cc76d27ba1cce86da34109d2e43dcc8ed7c9d581b95b39d
mask_fragment-n50000-w2048-m0100-s707,mask_fragment,2048,0.1,50000,707,5000,early_mask_fragment,9,CTE_SCAN,5,0.17939999999999998,0.3408,0.1432,0.3408,50000,0,sha256:1a43e0ddf8cc02438cc76d27ba1cce86da34109d2e43dcc8ed7c9d581b95b39d
mask_fragment-n50000-w2048-m0100-s707,mask_fragment,2048,0.1,50000,707,5000,early_mask_fragment,10,SEQ_SCAN,5,0.0356,0.8831999999999999,0.027999999999999997,0.8831999999999999,10000,10000,sha256:1a43e0ddf8cc02438cc76d27ba1cce86da34109d2e43dcc8ed7c9d581b95b39d
mask_fragment-n50000-w2048-m0100-s707,mask_fragment,2048,0.1,50000,707,5000,late_mask_fragment,0,EXPLAIN_ANALYZE,5,0.00039999999999999996,0.0006,0.00019999999999999998,0.0006,0,0,sha256:c31a5394c72fa4480e21e21f18941a529737407325437b881b853a480254b8dd
mask_fragment-n50000-w2048-m0100-s707,mask_fragment,2048,0.1,50000,707,5000,late_mask_fragment,1,BATCH_CREATE_TABLE_AS,5,1.02,1.8599,0.4088,1.8599,1,0,sha256:c31a5394c72fa4480e21e21f18941a529737407325437b881b853a480254b8dd
mask_fragment-n50000-w2048-m0100-s707,mask_fragment,2048,0.1,50000,707,5000,late_mask_fragment,2,PROJECTION,5,0.030799999999999998,0.1193,0.0132,0.1193,5000,0,sha256:c31a5394c72fa4480e21e21f18941a529737407325437b881b853a480254b8dd
mask_fragment-n50000-w2048-m0100-s707,mask_fragment,2048,0.1,50000,707,5000,late_mask_fragment,3,ORDER_BY,5,3.1852,9.400100000000002,2.0286000000000004,9.400100000000002,5000,0,sha256:c31a5394c72fa4480e21e21f18941a529737407325437b881b853a480254b8dd
mask_fragment-n50000-w2048-m0100-s707,mask_fragment,2048,0.1,50000,707,5000,late_mask_fragment,4,PROJECTION,5,0.2816,0.9511,0.1483,0.9511,5000,0,sha256:c31a5394c72fa4480e21e21f18941a529737407325437b881b853a480254b8dd
mask_fragment-n50000-w2048-m0100-s707,mask_fragment,2048,0.1,50000,707,5000,late_mask_fragment,5,PROJECTION,5,133.4366,136.4697,119.67790000000001,136.4697,5000,0,sha256:c31a5394c72fa4480e21e21f18941a529737407325437b881b853a480254b8dd
mask_fragment-n50000-w2048-m0100-s707,mask_fragment,2048,0.1,50000,707,5000,late_mask_fragment,6,HASH_JOIN,5,0.5226999999999999,1.2316,0.3834,1.2316,5000,0,sha256:c31a5394c72fa4480e21e21f18941a529737407325437b881b853a480254b8dd
mask_fragment-n50000-w2048-m0100-s707,mask_fragment,2048,0.1,50000,707,5000,late_mask_fragment,7,SEQ_SCAN,5,0.7329000000000001,2.0737000000000005,0.6043999999999999,2.0737000000000005,5000,50000,sha256:c31a5394c72fa4480e21e21f18941a529737407325437b881b853a480254b8dd
mask_fragment-n50000-w2048-m0100-s707,mask_fragment,2048,0.1,50000,707,5000,late_mask_fragment,8,SEQ_SCAN,5,0.039799999999999995,0.08769999999999999,0.020300000000000002,0.08769999999999999,10000,10000,sha256:c31a5394c72fa4480e21e21f18941a529737407325437b881b853a480254b8dd
mask_fragment-n50000-w2048-m0100-s808,mask_fragment,2048,0.1,50000,808,5000,early_mask_fragment,0,EXPLAIN_ANALYZE,5,0.0003,0.0005,0.00019999999999999998,0.0005,0,0,sha256:1a43e0ddf8cc02438cc76d27ba1cce86da34109d2e43dcc8ed7c9d581b95b39d
mask_fragment-n50000-w2048-m0100-s808,mask_fragment,2048,0.1,50000,808,5000,early_mask_fragment,1,BATCH_CREATE_TABLE_AS,5,0.9126,2.0983,0.4278,2.0983,1,0,sha256:1a43e0ddf8cc02438cc76d27ba1cce86da34109d2e43dcc8ed7c9d581b95b39d
mask_fragment-n50000-w2048-m0100-s808,mask_fragment,2048,0.1,50000,808,5000,early_mask_fragment,2,CTE,5,9.667099999999998,12.051499999999997,8.8716,12.051499999999997,0,0,sha256:1a43e0ddf8cc02438cc76d27ba1cce86da34109d2e43dcc8ed7c9d581b95b39d
mask_fragment-n50000-w2048-m0100-s808,mask_fragment,2048,0.1,50000,808,5000,early_mask_fragment,3,PROJECTION,5,1544.8552000000002,1665.5046,1399.9506000000001,1665.5046,50000,0,sha256:1a43e0ddf8cc02438cc76d27ba1cce86da34109d2e43dcc8ed7c9d581b95b39d
mask_fragment-n50000-w2048-m0100-s808,mask_fragment,2048,0.1,50000,808,5000,early_mask_fragment,4,SEQ_SCAN,5,6.4233,8.640500000000003,4.0297,8.640500000000003,50000,50000,sha256:1a43e0ddf8cc02438cc76d27ba1cce86da34109d2e43dcc8ed7c9d581b95b39d
mask_fragment-n50000-w2048-m0100-s808,mask_fragment,2048,0.1,50000,808,5000,early_mask_fragment,5,PROJECTION,5,0.0247,0.09589999999999999,0.008199999999999999,0.09589999999999999,5000,0,sha256:1a43e0ddf8cc02438cc76d27ba1cce86da34109d2e43dcc8ed7c9d581b95b39d
mask_fragment-n50000-w2048-m0100-s808,mask_fragment,2048,0.1,50000,808,5000,early_mask_fragment,6,ORDER_BY,5,4.9247,7.0386,2.5891000000000006,7.0386,5000,0,sha256:1a43e0ddf8cc02438cc76d27ba1cce86da34109d2e43dcc8ed7c9d581b95b39d
mask_fragment-n50000-w2048-m0100-s808,mask_fragment,2048,0.1,50000,808,5000,early_mask_fragment,7,PROJECTION,5,0.022099999999999998,0.0288,0.0141,0.0288,5000,0,sha256:1a43e0ddf8cc02438cc76d27ba1cce86da34109d2e43dcc8ed7c9d581b95b39d
mask_fragment-n50000-w2048-m0100-s808,mask_fragment,2048,0.1,50000,808,5000,early_mask_fragment,8,HASH_JOIN,5,3.8375000000000004,4.793900000000001,3.3263,4.793900000000001,5000,0,sha256:1a43e0ddf8cc02438cc76d27ba1cce86da34109d2e43dcc8ed7c9d581b95b39d
mask_fragment-n50000-w2048-m0100-s808,mask_fragment,2048,0.1,50000,808,5000,early_mask_fragment,9,CTE_SCAN,5,0.1658,0.3501000000000001,0.119,0.3501000000000001,50000,0,sha256:1a43e0ddf8cc02438cc76d27ba1cce86da34109d2e43dcc8ed7c9d581b95b39d
mask_fragment-n50000-w2048-m0100-s808,mask_fragment,2048,0.1,50000,808,5000,early_mask_fragment,10,SEQ_SCAN,5,0.03609999999999999,0.08719999999999999,0.0223,0.08719999999999999,10000,10000,sha256:1a43e0ddf8cc02438cc76d27ba1cce86da34109d2e43dcc8ed7c9d581b95b39d
mask_fragment-n50000-w2048-m0100-s808,mask_fragment,2048,0.1,50000,808,5000,late_mask_fragment,0,EXPLAIN_ANALYZE,5,0.0003,0.0024,0.00019999999999999998,0.0024,0,0,sha256:c31a5394c72fa4480e21e21f18941a529737407325437b881b853a480254b8dd
mask_fragment-n50000-w2048-m0100-s808,mask_fragment,2048,0.1,50000,808,5000,late_mask_fragment,1,BATCH_CREATE_TABLE_AS,5,0.6475,2.2847,0.4072,2.2847,1,0,sha256:c31a5394c72fa4480e21e21f18941a529737407325437b881b853a480254b8dd
mask_fragment-n50000-w2048-m0100-s808,mask_fragment,2048,0.1,50000,808,5000,late_mask_fragment,2,PROJECTION,5,0.0229,0.15419999999999998,0.0119,0.15419999999999998,5000,0,sha256:c31a5394c72fa4480e21e21f18941a529737407325437b881b853a480254b8dd
mask_fragment-n50000-w2048-m0100-s808,mask_fragment,2048,0.1,50000,808,5000,late_mask_fragment,3,ORDER_BY,5,3.3074000000000003,3.5921,1.7486,3.5921,5000,0,sha256:c31a5394c72fa4480e21e21f18941a529737407325437b881b853a480254b8dd
mask_fragment-n50000-w2048-m0100-s808,mask_fragment,2048,0.1,50000,808,5000,late_mask_fragment,4,PROJECTION,5,0.2389,0.6097,0.1151,0.6097,5000,0,sha256:c31a5394c72fa4480e21e21f18941a529737407325437b881b853a480254b8dd
mask_fragment-n50000-w2048-m0100-s808,mask_fragment,2048,0.1,50000,808,5000,late_mask_fragment,5,PROJECTION,5,140.3825,165.3048,124.22500000000001,165.3048,5000,0,sha256:c31a5394c72fa4480e21e21f18941a529737407325437b881b853a480254b8dd
mask_fragment-n50000-w2048-m0100-s808,mask_fragment,2048,0.1,50000,808,5000,late_mask_fragment,6,HASH_JOIN,5,0.419,0.7155,0.3777,0.7155,5000,0,sha256:c31a5394c72fa4480e21e21f18941a529737407325437b881b853a480254b8dd
mask_fragment-n50000-w2048-m0100-s808,mask_fragment,2048,0.1,50000,808,5000,late_mask_fragment,7,SEQ_SCAN,5,0.8022,1.3144,0.5289999999999999,1.3144,5000,50000,sha256:c31a5394c72fa4480e21e21f18941a529737407325437b881b853a480254b8dd
mask_fragment-n50000-w2048-m0100-s808,mask_fragment,2048,0.1,50000,808,5000,late_mask_fragment,8,SEQ_SCAN,5,0.0309,0.08580000000000002,0.0258,0.08580000000000002,10000,10000,sha256:c31a5394c72fa4480e21e21f18941a529737407325437b881b853a480254b8dd
mask_fragment-n50000-w2048-m0100-s909,mask_fragment,2048,0.1,50000,909,5000,early_mask_fragment,0,EXPLAIN_ANALYZE,5,0.0003,0.0007999999999999999,0.00019999999999999998,0.0007999999999999999,0,0,sha256:1a43e0ddf8cc02438cc76d27ba1cce86da34109d2e43dcc8ed7c9d581b95b39d
mask_fragment-n50000-w2048-m0100-s909,mask_fragment,2048,0.1,50000,909,5000,early_mask_fragment,1,BATCH_CREATE_TABLE_AS,5,0.6849999999999999,1.7967,0.5103,1.7967,1,0,sha256:1a43e0ddf8cc02438cc76d27ba1cce86da34109d2e43dcc8ed7c9d581b95b39d
mask_fragment-n50000-w2048-m0100-s909,mask_fragment,2048,0.1,50000,909,5000,early_mask_fragment,2,CTE,5,9.3011,11.411499999999998,7.769500000000001,11.411499999999998,0,0,sha256:1a43e0ddf8cc02438cc76d27ba1cce86da34109d2e43dcc8ed7c9d581b95b39d
mask_fragment-n50000-w2048-m0100-s909,mask_fragment,2048,0.1,50000,909,5000,early_mask_fragment,3,PROJECTION,5,1534.9693000000007,1722.3953000000004,1295.5276999999999,1722.3953000000004,50000,0,sha256:1a43e0ddf8cc02438cc76d27ba1cce86da34109d2e43dcc8ed7c9d581b95b39d
mask_fragment-n50000-w2048-m0100-s909,mask_fragment,2048,0.1,50000,909,5000,early_mask_fragment,4,SEQ_SCAN,5,5.411699999999999,6.6898,4.554400000000001,6.6898,50000,50000,sha256:1a43e0ddf8cc02438cc76d27ba1cce86da34109d2e43dcc8ed7c9d581b95b39d
mask_fragment-n50000-w2048-m0100-s909,mask_fragment,2048,0.1,50000,909,5000,early_mask_fragment,5,PROJECTION,5,0.024099999999999996,0.08170000000000001,0.0146,0.08170000000000001,5000,0,sha256:1a43e0ddf8cc02438cc76d27ba1cce86da34109d2e43dcc8ed7c9d581b95b39d
mask_fragment-n50000-w2048-m0100-s909,mask_fragment,2048,0.1,50000,909,5000,early_mask_fragment,6,ORDER_BY,5,5.604399999999999,7.5047999999999995,3.7816000000000005,7.5047999999999995,5000,0,sha256:1a43e0ddf8cc02438cc76d27ba1cce86da34109d2e43dcc8ed7c9d581b95b39d
mask_fragment-n50000-w2048-m0100-s909,mask_fragment,2048,0.1,50000,909,5000,early_mask_fragment,7,PROJECTION,5,0.018,0.10160000000000001,0.0143,0.10160000000000001,5000,0,sha256:1a43e0ddf8cc02438cc76d27ba1cce86da34109d2e43dcc8ed7c9d581b95b39d
mask_fragment-n50000-w2048-m0100-s909,mask_fragment,2048,0.1,50000,909,5000,early_mask_fragment,8,HASH_JOIN,5,3.3024,5.285099999999999,2.115,5.285099999999999,5000,0,sha256:1a43e0ddf8cc02438cc76d27ba1cce86da34109d2e43dcc8ed7c9d581b95b39d
mask_fragment-n50000-w2048-m0100-s909,mask_fragment,2048,0.1,50000,909,5000,early_mask_fragment,9,CTE_SCAN,5,0.2496,2.6808999999999994,0.11059999999999999,2.6808999999999994,50000,0,sha256:1a43e0ddf8cc02438cc76d27ba1cce86da34109d2e43dcc8ed7c9d581b95b39d
mask_fragment-n50000-w2048-m0100-s909,mask_fragment,2048,0.1,50000,909,5000,early_mask_fragment,10,SEQ_SCAN,5,0.0318,0.09079999999999998,0.0217,0.09079999999999998,10000,10000,sha256:1a43e0ddf8cc02438cc76d27ba1cce86da34109d2e43dcc8ed7c9d581b95b39d
mask_fragment-n50000-w2048-m0100-s909,mask_fragment,2048,0.1,50000,909,5000,late_mask_fragment,0,EXPLAIN_ANALYZE,5,0.00039999999999999996,0.0007,0.00019999999999999998,0.0007,0,0,sha256:c31a5394c72fa4480e21e21f18941a529737407325437b881b853a480254b8dd
mask_fragment-n50000-w2048-m0100-s909,mask_fragment,2048,0.1,50000,909,5000,late_mask_fragment,1,BATCH_CREATE_TABLE_AS,5,0.8162,1.3761999999999999,0.785,1.3761999999999999,1,0,sha256:c31a5394c72fa4480e21e21f18941a529737407325437b881b853a480254b8dd
mask_fragment-n50000-w2048-m0100-s909,mask_fragment,2048,0.1,50000,909,5000,late_mask_fragment,2,PROJECTION,5,0.037099999999999994,0.1021,0.0259,0.1021,5000,0,sha256:c31a5394c72fa4480e21e21f18941a529737407325437b881b853a480254b8dd
mask_fragment-n50000-w2048-m0100-s909,mask_fragment,2048,0.1,50000,909,5000,late_mask_fragment,3,ORDER_BY,5,3.0803000000000003,5.0445,2.9682,5.0445,5000,0,sha256:c31a5394c72fa4480e21e21f18941a529737407325437b881b853a480254b8dd
mask_fragment-n50000-w2048-m0100-s909,mask_fragment,2048,0.1,50000,909,5000,late_mask_fragment,4,PROJECTION,5,0.20229999999999998,0.33540000000000003,0.16329999999999997,0.33540000000000003,5000,0,sha256:c31a5394c72fa4480e21e21f18941a529737407325437b881b853a480254b8dd
mask_fragment-n50000-w2048-m0100-s909,mask_fragment,2048,0.1,50000,909,5000,late_mask_fragment,5,PROJECTION,5,198.6466,269.8136,175.6767,269.8136,5000,0,sha256:c31a5394c72fa4480e21e21f18941a529737407325437b881b853a480254b8dd
mask_fragment-n50000-w2048-m0100-s909,mask_fragment,2048,0.1,50000,909,5000,late_mask_fragment,6,HASH_JOIN,5,0.621,0.6645000000000001,0.5837,0.6645000000000001,5000,0,sha256:c31a5394c72fa4480e21e21f18941a529737407325437b881b853a480254b8dd
mask_fragment-n50000-w2048-m0100-s909,mask_fragment,2048,0.1,50000,909,5000,late_mask_fragment,7,SEQ_SCAN,5,1.3487,15.577300000000001,0.7924,15.577300000000001,5000,50000,sha256:c31a5394c72fa4480e21e21f18941a529737407325437b881b853a480254b8dd
mask_fragment-n50000-w2048-m0100-s909,mask_fragment,2048,0.1,50000,909,5000,late_mask_fragment,8,SEQ_SCAN,5,0.036,0.041100000000000005,0.027800000000000002,0.041100000000000005,10000,10000,sha256:c31a5394c72fa4480e21e21f18941a529737407325437b881b853a480254b8dd
mask_fragment-n50000-w2048-m0500-s707,mask_fragment,2048,0.5,50000,707,25000,early_mask_fragment,0,EXPLAIN_ANALYZE,5,0.0003,0.0003,0.00019999999999999998,0.0003,0,0,sha256:1a43e0ddf8cc02438cc76d27ba1cce86da34109d2e43dcc8ed7c9d581b95b39d
mask_fragment-n50000-w2048-m0500-s707,mask_fragment,2048,0.5,50000,707,25000,early_mask_fragment,1,BATCH_CREATE_TABLE_AS,5,3.1546000000000003,3.5863000000000005,2.348299999999999,3.5863000000000005,1,0,sha256:1a43e0ddf8cc02438cc76d27ba1cce86da34109d2e43dcc8ed7c9d581b95b39d
mask_fragment-n50000-w2048-m0500-s707,mask_fragment,2048,0.5,50000,707,25000,early_mask_fragment,2,CTE,5,7.2493,9.621400000000001,4.941499999999999,9.621400000000001,0,0,sha256:1a43e0ddf8cc02438cc76d27ba1cce86da34109d2e43dcc8ed7c9d581b95b39d
mask_fragment-n50000-w2048-m0500-s707,mask_fragment,2048,0.5,50000,707,25000,early_mask_fragment,3,PROJECTION,5,1551.7429999999997,1663.9907999999998,1476.0810000000001,1663.9907999999998,50000,0,sha256:1a43e0ddf8cc02438cc76d27ba1cce86da34109d2e43dcc8ed7c9d581b95b39d
mask_fragment-n50000-w2048-m0500-s707,mask_fragment,2048,0.5,50000,707,25000,early_mask_fragment,4,SEQ_SCAN,5,5.283099999999998,9.859799999999998,4.5976,9.859799999999998,50000,50000,sha256:1a43e0ddf8cc02438cc76d27ba1cce86da34109d2e43dcc8ed7c9d581b95b39d
mask_fragment-n50000-w2048-m0500-s707,mask_fragment,2048,0.5,50000,707,25000,early_mask_fragment,5,PROJECTION,5,0.1253,0.164,0.0694,0.164,25000,0,sha256:1a43e0ddf8cc02438cc76d27ba1cce86da34109d2e43dcc8ed7c9d581b95b39d
mask_fragment-n50000-w2048-m0500-s707,mask_fragment,2048,0.5,50000,707,25000,early_mask_fragment,6,ORDER_BY,5,19.9027,35.7301,17.2455,35.7301,25000,0,sha256:1a43e0ddf8cc02438cc76d27ba1cce86da34109d2e43dcc8ed7c9d581b95b39d
mask_fragment-n50000-w2048-m0500-s707,mask_fragment,2048,0.5,50000,707,25000,early_mask_fragment,7,PROJECTION,5,0.0759,0.27570000000000006,0.062,0.27570000000000006,25000,0,sha256:1a43e0ddf8cc02438cc76d27ba1cce86da34109d2e43dcc8ed7c9d581b95b39d
mask_fragment-n50000-w2048-m0500-s707,mask_fragment,2048,0.5,50000,707,25000,early_mask_fragment,8,HASH_JOIN,5,4.3527000000000005,10.927499999999998,2.5919000000000003,10.927499999999998,25000,0,sha256:1a43e0ddf8cc02438cc76d27ba1cce86da34109d2e43dcc8ed7c9d581b95b39d
mask_fragment-n50000-w2048-m0500-s707,mask_fragment,2048,0.5,50000,707,25000,early_mask_fragment,9,CTE_SCAN,5,0.18560000000000001,2.5037,0.1317,2.5037,50000,0,sha256:1a43e0ddf8cc02438cc76d27ba1cce86da34109d2e43dcc8ed7c9d581b95b39d
mask_fragment-n50000-w2048-m0500-s707,mask_fragment,2048,0.5,50000,707,25000,early_mask_fragment,10,SEQ_SCAN,5,0.0323,0.0612,0.026000000000000002,0.0612,10000,10000,sha256:1a43e0ddf8cc02438cc76d27ba1cce86da34109d2e43dcc8ed7c9d581b95b39d
mask_fragment-n50000-w2048-m0500-s707,mask_fragment,2048,0.5,50000,707,25000,late_mask_fragment,0,EXPLAIN_ANALYZE,5,0.0003,0.00039999999999999996,0.0003,0.00039999999999999996,0,0,sha256:c31a5394c72fa4480e21e21f18941a529737407325437b881b853a480254b8dd
mask_fragment-n50000-w2048-m0500-s707,mask_fragment,2048,0.5,50000,707,25000,late_mask_fragment,1,BATCH_CREATE_TABLE_AS,5,2.6507,3.4672999999999994,2.5304,3.4672999999999994,1,0,sha256:c31a5394c72fa4480e21e21f18941a529737407325437b881b853a480254b8dd
mask_fragment-n50000-w2048-m0500-s707,mask_fragment,2048,0.5,50000,707,25000,late_mask_fragment,2,PROJECTION,5,0.13279999999999997,0.14070000000000002,0.10610000000000003,0.14070000000000002,25000,0,sha256:c31a5394c72fa4480e21e21f18941a529737407325437b881b853a480254b8dd
mask_fragment-n50000-w2048-m0500-s707,mask_fragment,2048,0.5,50000,707,25000,late_mask_fragment,3,ORDER_BY,5,15.571500000000002,15.911200000000001,12.7549,15.911200000000001,25000,0,sha256:c31a5394c72fa4480e21e21f18941a529737407325437b881b853a480254b8dd
mask_fragment-n50000-w2048-m0500-s707,mask_fragment,2048,0.5,50000,707,25000,late_mask_fragment,4,PROJECTION,5,0.7894000000000001,0.8408000000000001,0.46670000000000006,0.8408000000000001,25000,0,sha256:c31a5394c72fa4480e21e21f18941a529737407325437b881b853a480254b8dd
mask_fragment-n50000-w2048-m0500-s707,mask_fragment,2048,0.5,50000,707,25000,late_mask_fragment,5,PROJECTION,5,755.7167000000001,832.8898999999999,601.8241999999999,832.8898999999999,25000,0,sha256:c31a5394c72fa4480e21e21f18941a529737407325437b881b853a480254b8dd
mask_fragment-n50000-w2048-m0500-s707,mask_fragment,2048,0.5,50000,707,25000,late_mask_fragment,6,HASH_JOIN,5,0.9557999999999999,1.5201999999999998,0.7535999999999999,1.5201999999999998,25000,0,sha256:c31a5394c72fa4480e21e21f18941a529737407325437b881b853a480254b8dd
mask_fragment-n50000-w2048-m0500-s707,mask_fragment,2048,0.5,50000,707,25000,late_mask_fragment,7,SEQ_SCAN,5,3.8305000000000007,4.706900000000001,2.5707000000000004,4.706900000000001,25000,50000,sha256:c31a5394c72fa4480e21e21f18941a529737407325437b881b853a480254b8dd
mask_fragment-n50000-w2048-m0500-s707,mask_fragment,2048,0.5,50000,707,25000,late_mask_fragment,8,SEQ_SCAN,5,0.0654,0.1805,0.048,0.1805,10000,10000,sha256:c31a5394c72fa4480e21e21f18941a529737407325437b881b853a480254b8dd
mask_fragment-n50000-w2048-m0500-s808,mask_fragment,2048,0.5,50000,808,25000,early_mask_fragment,0,EXPLAIN_ANALYZE,5,0.0003,0.001,0.0003,0.001,0,0,sha256:1a43e0ddf8cc02438cc76d27ba1cce86da34109d2e43dcc8ed7c9d581b95b39d
mask_fragment-n50000-w2048-m0500-s808,mask_fragment,2048,0.5,50000,808,25000,early_mask_fragment,1,BATCH_CREATE_TABLE_AS,5,3.2536000000000005,4.775499999999999,2.1318,4.775499999999999,1,0,sha256:1a43e0ddf8cc02438cc76d27ba1cce86da34109d2e43dcc8ed7c9d581b95b39d
mask_fragment-n50000-w2048-m0500-s808,mask_fragment,2048,0.5,50000,808,25000,early_mask_fragment,2,CTE,5,5.0745,11.672300000000002,4.5019,11.672300000000002,0,0,sha256:1a43e0ddf8cc02438cc76d27ba1cce86da34109d2e43dcc8ed7c9d581b95b39d
mask_fragment-n50000-w2048-m0500-s808,mask_fragment,2048,0.5,50000,808,25000,early_mask_fragment,3,PROJECTION,5,1516.6541999999997,1833.0099999999998,1429.0346000000004,1833.0099999999998,50000,0,sha256:1a43e0ddf8cc02438cc76d27ba1cce86da34109d2e43dcc8ed7c9d581b95b39d
mask_fragment-n50000-w2048-m0500-s808,mask_fragment,2048,0.5,50000,808,25000,early_mask_fragment,4,SEQ_SCAN,5,4.626,10.5544,3.784499999999999,10.5544,50000,50000,sha256:1a43e0ddf8cc02438cc76d27ba1cce86da34109d2e43dcc8ed7c9d581b95b39d
mask_fragment-n50000-w2048-m0500-s808,mask_fragment,2048,0.5,50000,808,25000,early_mask_fragment,5,PROJECTION,5,0.0954,0.1378,0.055600000000000004,0.1378,25000,0,sha256:1a43e0ddf8cc02438cc76d27ba1cce86da34109d2e43dcc8ed7c9d581b95b39d
mask_fragment-n50000-w2048-m0500-s808,mask_fragment,2048,0.5,50000,808,25000,early_mask_fragment,6,ORDER_BY,5,16.357499999999998,19.807,12.6037,19.807,25000,0,sha256:1a43e0ddf8cc02438cc76d27ba1cce86da34109d2e43dcc8ed7c9d581b95b39d
mask_fragment-n50000-w2048-m0500-s808,mask_fragment,2048,0.5,50000,808,25000,early_mask_fragment,7,PROJECTION,5,0.0693,0.18629999999999997,0.0582,0.18629999999999997,25000,0,sha256:1a43e0ddf8cc02438cc76d27ba1cce86da34109d2e43dcc8ed7c9d581b95b39d
mask_fragment-n50000-w2048-m0500-s808,mask_fragment,2048,0.5,50000,808,25000,early_mask_fragment,8,HASH_JOIN,5,2.8838000000000004,4.9673,2.1859,4.9673,25000,0,sha256:1a43e0ddf8cc02438cc76d27ba1cce86da34109d2e43dcc8ed7c9d581b95b39d
mask_fragment-n50000-w2048-m0500-s808,mask_fragment,2048,0.5,50000,808,25000,early_mask_fragment,9,CTE_SCAN,5,0.1358,0.45049999999999996,0.1157,0.45049999999999996,50000,0,sha256:1a43e0ddf8cc02438cc76d27ba1cce86da34109d2e43dcc8ed7c9d581b95b39d
mask_fragment-n50000-w2048-m0500-s808,mask_fragment,2048,0.5,50000,808,25000,early_mask_fragment,10,SEQ_SCAN,5,0.0275,0.1467,0.0236,0.1467,10000,10000,sha256:1a43e0ddf8cc02438cc76d27ba1cce86da34109d2e43dcc8ed7c9d581b95b39d
mask_fragment-n50000-w2048-m0500-s808,mask_fragment,2048,0.5,50000,808,25000,late_mask_fragment,0,EXPLAIN_ANALYZE,5,0.0003,0.0003,0.00019999999999999998,0.0003,0,0,sha256:c31a5394c72fa4480e21e21f18941a529737407325437b881b853a480254b8dd
mask_fragment-n50000-w2048-m0500-s808,mask_fragment,2048,0.5,50000,808,25000,late_mask_fragment,1,BATCH_CREATE_TABLE_AS,5,2.5273000000000008,2.8159,1.7324,2.8159,1,0,sha256:c31a5394c72fa4480e21e21f18941a529737407325437b881b853a480254b8dd
mask_fragment-n50000-w2048-m0500-s808,mask_fragment,2048,0.5,50000,808,25000,late_mask_fragment,2,PROJECTION,5,0.09870000000000001,0.2007,0.0639,0.2007,25000,0,sha256:c31a5394c72fa4480e21e21f18941a529737407325437b881b853a480254b8dd
mask_fragment-n50000-w2048-m0500-s808,mask_fragment,2048,0.5,50000,808,25000,late_mask_fragment,3,ORDER_BY,5,12.533,17.447400000000002,10.49,17.447400000000002,25000,0,sha256:c31a5394c72fa4480e21e21f18941a529737407325437b881b853a480254b8dd
mask_fragment-n50000-w2048-m0500-s808,mask_fragment,2048,0.5,50000,808,25000,late_mask_fragment,4,PROJECTION,5,0.5207999999999999,0.7322,0.46240000000000003,0.7322,25000,0,sha256:c31a5394c72fa4480e21e21f18941a529737407325437b881b853a480254b8dd
mask_fragment-n50000-w2048-m0500-s808,mask_fragment,2048,0.5,50000,808,25000,late_mask_fragment,5,PROJECTION,5,779.5489999999999,955.0131999999999,648.9198,955.0131999999999,25000,0,sha256:c31a5394c72fa4480e21e21f18941a529737407325437b881b853a480254b8dd
mask_fragment-n50000-w2048-m0500-s808,mask_fragment,2048,0.5,50000,808,25000,late_mask_fragment,6,HASH_JOIN,5,0.7023999999999999,0.8366999999999999,0.5728,0.8366999999999999,25000,0,sha256:c31a5394c72fa4480e21e21f18941a529737407325437b881b853a480254b8dd
mask_fragment-n50000-w2048-m0500-s808,mask_fragment,2048,0.5,50000,808,25000,late_mask_fragment,7,SEQ_SCAN,5,2.5038,3.6472999999999995,2.4145,3.6472999999999995,25000,50000,sha256:c31a5394c72fa4480e21e21f18941a529737407325437b881b853a480254b8dd
mask_fragment-n50000-w2048-m0500-s808,mask_fragment,2048,0.5,50000,808,25000,late_mask_fragment,8,SEQ_SCAN,5,0.0267,0.0418,0.026399999999999996,0.0418,10000,10000,sha256:c31a5394c72fa4480e21e21f18941a529737407325437b881b853a480254b8dd
mask_fragment-n50000-w2048-m0500-s909,mask_fragment,2048,0.5,50000,909,25000,early_mask_fragment,0,EXPLAIN_ANALYZE,5,0.0003,0.0005,0.00019999999999999998,0.0005,0,0,sha256:1a43e0ddf8cc02438cc76d27ba1cce86da34109d2e43dcc8ed7c9d581b95b39d
mask_fragment-n50000-w2048-m0500-s909,mask_fragment,2048,0.5,50000,909,25000,early_mask_fragment,1,BATCH_CREATE_TABLE_AS,5,3.2820000000000005,4.657299999999999,2.4253,4.657299999999999,1,0,sha256:1a43e0ddf8cc02438cc76d27ba1cce86da34109d2e43dcc8ed7c9d581b95b39d
mask_fragment-n50000-w2048-m0500-s909,mask_fragment,2048,0.5,50000,909,25000,early_mask_fragment,2,CTE,5,4.478000000000001,6.078099999999999,2.9003999999999994,6.078099999999999,0,0,sha256:1a43e0ddf8cc02438cc76d27ba1cce86da34109d2e43dcc8ed7c9d581b95b39d
mask_fragment-n50000-w2048-m0500-s909,mask_fragment,2048,0.5,50000,909,25000,early_mask_fragment,3,PROJECTION,5,1282.5781,1364.1843999999999,1081.0053000000003,1364.1843999999999,50000,0,sha256:1a43e0ddf8cc02438cc76d27ba1cce86da34109d2e43dcc8ed7c9d581b95b39d
mask_fragment-n50000-w2048-m0500-s909,mask_fragment,2048,0.5,50000,909,25000,early_mask_fragment,4,SEQ_SCAN,5,3.1894,4.5371,2.7218000000000004,4.5371,50000,50000,sha256:1a43e0ddf8cc02438cc76d27ba1cce86da34109d2e43dcc8ed7c9d581b95b39d
mask_fragment-n50000-w2048-m0500-s909,mask_fragment,2048,0.5,50000,909,25000,early_mask_fragment,5,PROJECTION,5,0.08779999999999999,0.21640000000000004,0.05539999999999999,0.21640000000000004,25000,0,sha256:1a43e0ddf8cc02438cc76d27ba1cce86da34109d2e43dcc8ed7c9d581b95b39d
mask_fragment-n50000-w2048-m0500-s909,mask_fragment,2048,0.5,50000,909,25000,early_mask_fragment,6,ORDER_BY,5,16.9009,20.270699999999998,14.2563,20.270699999999998,25000,0,sha256:1a43e0ddf8cc02438cc76d27ba1cce86da34109d2e43dcc8ed7c9d581b95b39d
mask_fragment-n50000-w2048-m0500-s909,mask_fragment,2048,0.5,50000,909,25000,early_mask_fragment,7,PROJECTION,5,0.0777,0.1787,0.06620000000000001,0.1787,25000,0,sha256:1a43e0ddf8cc02438cc76d27ba1cce86da34109d2e43dcc8ed7c9d581b95b39d
mask_fragment-n50000-w2048-m0500-s909,mask_fragment,2048,0.5,50000,909,25000,early_mask_fragment,8,HASH_JOIN,5,3.2057,5.9081,2.5942000000000003,5.9081,25000,0,sha256:1a43e0ddf8cc02438cc76d27ba1cce86da34109d2e43dcc8ed7c9d581b95b39d
mask_fragment-n50000-w2048-m0500-s909,mask_fragment,2048,0.5,50000,909,25000,early_mask_fragment,9,CTE_SCAN,5,0.1559,0.3099,0.129,0.3099,50000,0,sha256:1a43e0ddf8cc02438cc76d27ba1cce86da34109d2e43dcc8ed7c9d581b95b39d
mask_fragment-n50000-w2048-m0500-s909,mask_fragment,2048,0.5,50000,909,25000,early_mask_fragment,10,SEQ_SCAN,5,0.047599999999999996,0.12210000000000001,0.0204,0.12210000000000001,10000,10000,sha256:1a43e0ddf8cc02438cc76d27ba1cce86da34109d2e43dcc8ed7c9d581b95b39d
mask_fragment-n50000-w2048-m0500-s909,mask_fragment,2048,0.5,50000,909,25000,late_mask_fragment,0,EXPLAIN_ANALYZE,5,0.0003,0.0028,9.999999999999999e-05,0.0028,0,0,sha256:c31a5394c72fa4480e21e21f18941a529737407325437b881b853a480254b8dd
mask_fragment-n50000-w2048-m0500-s909,mask_fragment,2048,0.5,50000,909,25000,late_mask_fragment,1,BATCH_CREATE_TABLE_AS,5,2.1818000000000004,2.7397,1.4874,2.7397,1,0,sha256:c31a5394c72fa4480e21e21f18941a529737407325437b881b853a480254b8dd
mask_fragment-n50000-w2048-m0500-s909,mask_fragment,2048,0.5,50000,909,25000,late_mask_fragment,2,PROJECTION,5,0.10279999999999999,0.11240000000000001,0.043,0.11240000000000001,25000,0,sha256:c31a5394c72fa4480e21e21f18941a529737407325437b881b853a480254b8dd
mask_fragment-n50000-w2048-m0500-s909,mask_fragment,2048,0.5,50000,909,25000,late_mask_fragment,3,ORDER_BY,5,10.8062,16.9818,7.731299999999998,16.9818,25000,0,sha256:c31a5394c72fa4480e21e21f18941a529737407325437b881b853a480254b8dd
mask_fragment-n50000-w2048-m0500-s909,mask_fragment,2048,0.5,50000,909,25000,late_mask_fragment,4,PROJECTION,5,0.48160000000000003,0.8887,0.4288,0.8887,25000,0,sha256:c31a5394c72fa4480e21e21f18941a529737407325437b881b853a480254b8dd
mask_fragment-n50000-w2048-m0500-s909,mask_fragment,2048,0.5,50000,909,25000,late_mask_fragment,5,PROJECTION,5,581.6999999999999,645.9304,546.2729,645.9304,25000,0,sha256:c31a5394c72fa4480e21e21f18941a529737407325437b881b853a480254b8dd
mask_fragment-n50000-w2048-m0500-s909,mask_fragment,2048,0.5,50000,909,25000,late_mask_fragment,6,HASH_JOIN,5,0.6847,1.3503999999999996,0.5539999999999999,1.3503999999999996,25000,0,sha256:c31a5394c72fa4480e21e21f18941a529737407325437b881b853a480254b8dd
mask_fragment-n50000-w2048-m0500-s909,mask_fragment,2048,0.5,50000,909,25000,late_mask_fragment,7,SEQ_SCAN,5,2.6496,3.5603000000000002,1.9734000000000003,3.5603000000000002,25000,50000,sha256:c31a5394c72fa4480e21e21f18941a529737407325437b881b853a480254b8dd
mask_fragment-n50000-w2048-m0500-s909,mask_fragment,2048,0.5,50000,909,25000,late_mask_fragment,8,SEQ_SCAN,5,0.0324,0.12340000000000002,0.0204,0.12340000000000002,10000,10000,sha256:c31a5394c72fa4480e21e21f18941a529737407325437b881b853a480254b8dd
mask_fragment-n50000-w2048-m1000-s707,mask_fragment,2048,1.0,50000,707,50000,early_mask_fragment,0,EXPLAIN_ANALYZE,5,0.0003,0.0007999999999999999,0.00019999999999999998,0.0007999999999999999,0,0,sha256:1a43e0ddf8cc02438cc76d27ba1cce86da34109d2e43dcc8ed7c9d581b95b39d
mask_fragment-n50000-w2048-m1000-s707,mask_fragment,2048,1.0,50000,707,50000,early_mask_fragment,1,BATCH_CREATE_TABLE_AS,5,6.1175999999999995,6.193899999999998,5.762199999999999,6.193899999999998,1,0,sha256:1a43e0ddf8cc02438cc76d27ba1cce86da34109d2e43dcc8ed7c9d581b95b39d
mask_fragment-n50000-w2048-m1000-s707,mask_fragment,2048,1.0,50000,707,50000,early_mask_fragment,2,CTE,5,4.5116000000000005,5.15,3.8126999999999995,5.15,0,0,sha256:1a43e0ddf8cc02438cc76d27ba1cce86da34109d2e43dcc8ed7c9d581b95b39d
mask_fragment-n50000-w2048-m1000-s707,mask_fragment,2048,1.0,50000,707,50000,early_mask_fragment,3,PROJECTION,5,1368.4981000000002,1432.6046999999999,1299.8211999999999,1432.6046999999999,50000,0,sha256:1a43e0ddf8cc02438cc76d27ba1cce86da34109d2e43dcc8ed7c9d581b95b39d
mask_fragment-n50000-w2048-m1000-s707,mask_fragment,2048,1.0,50000,707,50000,early_mask_fragment,4,SEQ_SCAN,5,3.7222999999999997,4.970400000000001,3.3416999999999994,4.970400000000001,50000,50000,sha256:1a43e0ddf8cc02438cc76d27ba1cce86da34109d2e43dcc8ed7c9d581b95b39d
mask_fragment-n50000-w2048-m1000-s707,mask_fragment,2048,1.0,50000,707,50000,early_mask_fragment,5,PROJECTION,5,0.15600000000000003,0.26980000000000004,0.1318,0.26980000000000004,50000,0,sha256:1a43e0ddf8cc02438cc76d27ba1cce86da34109d2e43dcc8ed7c9d581b95b39d
mask_fragment-n50000-w2048-m1000-s707,mask_fragment,2048,1.0,50000,707,50000,early_mask_fragment,6,ORDER_BY,5,31.8523,38.005900000000004,28.960299999999997,38.005900000000004,50000,0,sha256:1a43e0ddf8cc02438cc76d27ba1cce86da34109d2e43dcc8ed7c9d581b95b39d
mask_fragment-n50000-w2048-m1000-s707,mask_fragment,2048,1.0,50000,707,50000,early_mask_fragment,7,PROJECTION,5,0.1494,0.1782,0.1271,0.1782,50000,0,sha256:1a43e0ddf8cc02438cc76d27ba1cce86da34109d2e43dcc8ed7c9d581b95b39d
mask_fragment-n50000-w2048-m1000-s707,mask_fragment,2048,1.0,50000,707,50000,early_mask_fragment,8,HASH_JOIN,5,3.8283,6.273000000000001,3.312,6.273000000000001,50000,0,sha256:1a43e0ddf8cc02438cc76d27ba1cce86da34109d2e43dcc8ed7c9d581b95b39d
mask_fragment-n50000-w2048-m1000-s707,mask_fragment,2048,1.0,50000,707,50000,early_mask_fragment,9,CTE_SCAN,5,0.2755,0.43139999999999995,0.1528,0.43139999999999995,50000,0,sha256:1a43e0ddf8cc02438cc76d27ba1cce86da34109d2e43dcc8ed7c9d581b95b39d
mask_fragment-n50000-w2048-m1000-s707,mask_fragment,2048,1.0,50000,707,50000,early_mask_fragment,10,SEQ_SCAN,5,0.028399999999999998,0.03590000000000001,0.023,0.03590000000000001,10000,10000,sha256:1a43e0ddf8cc02438cc76d27ba1cce86da34109d2e43dcc8ed7c9d581b95b39d
mask_fragment-n50000-w2048-m1000-s707,mask_fragment,2048,1.0,50000,707,50000,late_mask_fragment,0,EXPLAIN_ANALYZE,5,0.00019999999999999998,0.0003,0.00019999999999999998,0.0003,0,0,sha256:6520d056e696ffac14dc135144255adbe9a9d7bbb5ae889b1b0e266e1ada2e57
mask_fragment-n50000-w2048-m1000-s707,mask_fragment,2048,1.0,50000,707,50000,late_mask_fragment,1,BATCH_CREATE_TABLE_AS,5,4.936300000000001,5.3397,4.4692,5.3397,1,0,sha256:6520d056e696ffac14dc135144255adbe9a9d7bbb5ae889b1b0e266e1ada2e57
mask_fragment-n50000-w2048-m1000-s707,mask_fragment,2048,1.0,50000,707,50000,late_mask_fragment,2,PROJECTION,5,0.1922,0.25709999999999994,0.16400000000000003,0.25709999999999994,50000,0,sha256:6520d056e696ffac14dc135144255adbe9a9d7bbb5ae889b1b0e266e1ada2e57
mask_fragment-n50000-w2048-m1000-s707,mask_fragment,2048,1.0,50000,707,50000,late_mask_fragment,3,ORDER_BY,5,27.4127,31.867800000000003,24.151799999999998,31.867800000000003,50000,0,sha256:6520d056e696ffac14dc135144255adbe9a9d7bbb5ae889b1b0e266e1ada2e57
mask_fragment-n50000-w2048-m1000-s707,mask_fragment,2048,1.0,50000,707,50000,late_mask_fragment,4,PROJECTION,5,0.8539000000000001,0.9893000000000003,0.7869000000000002,0.9893000000000003,50000,0,sha256:6520d056e696ffac14dc135144255adbe9a9d7bbb5ae889b1b0e266e1ada2e57
mask_fragment-n50000-w2048-m1000-s707,mask_fragment,2048,1.0,50000,707,50000,late_mask_fragment,5,PROJECTION,5,1325.0496999999998,1458.8585999999998,1308.9047000000003,1458.8585999999998,50000,0,sha256:6520d056e696ffac14dc135144255adbe9a9d7bbb5ae889b1b0e266e1ada2e57
mask_fragment-n50000-w2048-m1000-s707,mask_fragment,2048,1.0,50000,707,50000,late_mask_fragment,6,HASH_JOIN,5,1.046,1.4048000000000003,0.8271,1.4048000000000003,50000,0,sha256:6520d056e696ffac14dc135144255adbe9a9d7bbb5ae889b1b0e266e1ada2e57
mask_fragment-n50000-w2048-m1000-s707,mask_fragment,2048,1.0,50000,707,50000,late_mask_fragment,7,SEQ_SCAN,5,4.005599999999999,5.1770000000000005,2.9145999999999996,5.1770000000000005,50000,50000,sha256:6520d056e696ffac14dc135144255adbe9a9d7bbb5ae889b1b0e266e1ada2e57
mask_fragment-n50000-w2048-m1000-s707,mask_fragment,2048,1.0,50000,707,50000,late_mask_fragment,8,SEQ_SCAN,5,0.026399999999999993,0.0409,0.025599999999999998,0.0409,10000,10000,sha256:6520d056e696ffac14dc135144255adbe9a9d7bbb5ae889b1b0e266e1ada2e57
mask_fragment-n50000-w2048-m1000-s808,mask_fragment,2048,1.0,50000,808,50000,early_mask_fragment,0,EXPLAIN_ANALYZE,5,0.0003,0.0006,0.00019999999999999998,0.0006,0,0,sha256:1a43e0ddf8cc02438cc76d27ba1cce86da34109d2e43dcc8ed7c9d581b95b39d
mask_fragment-n50000-w2048-m1000-s808,mask_fragment,2048,1.0,50000,808,50000,early_mask_fragment,1,BATCH_CREATE_TABLE_AS,5,5.619399999999999,7.159199999999999,4.807599999999999,7.159199999999999,1,0,sha256:1a43e0ddf8cc02438cc76d27ba1cce86da34109d2e43dcc8ed7c9d581b95b39d
mask_fragment-n50000-w2048-m1000-s808,mask_fragment,2048,1.0,50000,808,50000,early_mask_fragment,2,CTE,5,4.854799999999999,6.6196,4.0120000000000005,6.6196,0,0,sha256:1a43e0ddf8cc02438cc76d27ba1cce86da34109d2e43dcc8ed7c9d581b95b39d
mask_fragment-n50000-w2048-m1000-s808,mask_fragment,2048,1.0,50000,808,50000,early_mask_fragment,3,PROJECTION,5,1337.3681000000004,1349.4215000000002,1325.9464,1349.4215000000002,50000,0,sha256:1a43e0ddf8cc02438cc76d27ba1cce86da34109d2e43dcc8ed7c9d581b95b39d
mask_fragment-n50000-w2048-m1000-s808,mask_fragment,2048,1.0,50000,808,50000,early_mask_fragment,4,SEQ_SCAN,5,4.0615,5.210799999999999,3.783500000000001,5.210799999999999,50000,50000,sha256:1a43e0ddf8cc02438cc76d27ba1cce86da34109d2e43dcc8ed7c9d581b95b39d
mask_fragment-n50000-w2048-m1000-s808,mask_fragment,2048,1.0,50000,808,50000,early_mask_fragment,5,PROJECTION,5,0.1654,0.2051,0.12060000000000001,0.2051,50000,0,sha256:1a43e0ddf8cc02438cc76d27ba1cce86da34109d2e43dcc8ed7c9d581b95b39d
mask_fragment-n50000-w2048-m1000-s808,mask_fragment,2048,1.0,50000,808,50000,early_mask_fragment,6,ORDER_BY,5,30.546,38.094,29.158000000000005,38.094,50000,0,sha256:1a43e0ddf8cc02438cc76d27ba1cce86da34109d2e43dcc8ed7c9d581b95b39d
mask_fragment-n50000-w2048-m1000-s808,mask_fragment,2048,1.0,50000,808,50000,early_mask_fragment,7,PROJECTION,5,0.13799999999999998,0.1839,0.1266,0.1839,50000,0,sha256:1a43e0ddf8cc02438cc76d27ba1cce86da34109d2e43dcc8ed7c9d581b95b39d
mask_fragment-n50000-w2048-m1000-s808,mask_fragment,2048,1.0,50000,808,50000,early_mask_fragment,8,HASH_JOIN,5,3.8366000000000002,4.055300000000001,3.4442,4.055300000000001,50000,0,sha256:1a43e0ddf8cc02438cc76d27ba1cce86da34109d2e43dcc8ed7c9d581b95b39d
mask_fragment-n50000-w2048-m1000-s808,mask_fragment,2048,1.0,50000,808,50000,early_mask_fragment,9,CTE_SCAN,5,0.179,0.2042,0.1545,0.2042,50000,0,sha256:1a43e0ddf8cc02438cc76d27ba1cce86da34109d2e43dcc8ed7c9d581b95b39d
mask_fragment-n50000-w2048-m1000-s808,mask_fragment,2048,1.0,50000,808,50000,early_mask_fragment,10,SEQ_SCAN,5,0.033600000000000005,0.0469,0.0266,0.0469,10000,10000,sha256:1a43e0ddf8cc02438cc76d27ba1cce86da34109d2e43dcc8ed7c9d581b95b39d
mask_fragment-n50000-w2048-m1000-s808,mask_fragment,2048,1.0,50000,808,50000,late_mask_fragment,0,EXPLAIN_ANALYZE,5,0.0003,0.00039999999999999996,0.0003,0.00039999999999999996,0,0,sha256:6520d056e696ffac14dc135144255adbe9a9d7bbb5ae889b1b0e266e1ada2e57
mask_fragment-n50000-w2048-m1000-s808,mask_fragment,2048,1.0,50000,808,50000,late_mask_fragment,1,BATCH_CREATE_TABLE_AS,5,4.9328,5.9943,4.1274,5.9943,1,0,sha256:6520d056e696ffac14dc135144255adbe9a9d7bbb5ae889b1b0e266e1ada2e57
mask_fragment-n50000-w2048-m1000-s808,mask_fragment,2048,1.0,50000,808,50000,late_mask_fragment,2,PROJECTION,5,0.22959999999999997,0.34069999999999995,0.17639999999999995,0.34069999999999995,50000,0,sha256:6520d056e696ffac14dc135144255adbe9a9d7bbb5ae889b1b0e266e1ada2e57
mask_fragment-n50000-w2048-m1000-s808,mask_fragment,2048,1.0,50000,808,50000,late_mask_fragment,3,ORDER_BY,5,28.6584,30.029100000000007,25.437,30.029100000000007,50000,0,sha256:6520d056e696ffac14dc135144255adbe9a9d7bbb5ae889b1b0e266e1ada2e57
mask_fragment-n50000-w2048-m1000-s808,mask_fragment,2048,1.0,50000,808,50000,late_mask_fragment,4,PROJECTION,5,0.8982999999999999,1.3632999999999997,0.638,1.3632999999999997,50000,0,sha256:6520d056e696ffac14dc135144255adbe9a9d7bbb5ae889b1b0e266e1ada2e57
mask_fragment-n50000-w2048-m1000-s808,mask_fragment,2048,1.0,50000,808,50000,late_mask_fragment,5,PROJECTION,5,1167.9179000000001,1458.6988999999996,1106.8283000000004,1458.6988999999996,50000,0,sha256:6520d056e696ffac14dc135144255adbe9a9d7bbb5ae889b1b0e266e1ada2e57
mask_fragment-n50000-w2048-m1000-s808,mask_fragment,2048,1.0,50000,808,50000,late_mask_fragment,6,HASH_JOIN,5,0.9909999999999999,1.8838999999999997,0.8540999999999999,1.8838999999999997,50000,0,sha256:6520d056e696ffac14dc135144255adbe9a9d7bbb5ae889b1b0e266e1ada2e57
mask_fragment-n50000-w2048-m1000-s808,mask_fragment,2048,1.0,50000,808,50000,late_mask_fragment,7,SEQ_SCAN,5,3.2384000000000004,4.5398000000000005,2.7905000000000006,4.5398000000000005,50000,50000,sha256:6520d056e696ffac14dc135144255adbe9a9d7bbb5ae889b1b0e266e1ada2e57
mask_fragment-n50000-w2048-m1000-s808,mask_fragment,2048,1.0,50000,808,50000,late_mask_fragment,8,SEQ_SCAN,5,0.029700000000000004,0.0449,0.018600000000000002,0.0449,10000,10000,sha256:6520d056e696ffac14dc135144255adbe9a9d7bbb5ae889b1b0e266e1ada2e57
mask_fragment-n50000-w2048-m1000-s909,mask_fragment,2048,1.0,50000,909,50000,early_mask_fragment,0,EXPLAIN_ANALYZE,5,0.00039999999999999996,0.0006,0.0003,0.0006,0,0,sha256:1a43e0ddf8cc02438cc76d27ba1cce86da34109d2e43dcc8ed7c9d581b95b39d
mask_fragment-n50000-w2048-m1000-s909,mask_fragment,2048,1.0,50000,909,50000,early_mask_fragment,1,BATCH_CREATE_TABLE_AS,5,5.1219,6.2505999999999995,4.8351999999999995,6.2505999999999995,1,0,sha256:1a43e0ddf8cc02438cc76d27ba1cce86da34109d2e43dcc8ed7c9d581b95b39d
mask_fragment-n50000-w2048-m1000-s909,mask_fragment,2048,1.0,50000,909,50000,early_mask_fragment,2,CTE,5,4.2725,8.4609,3.1024,8.4609,0,0,sha256:1a43e0ddf8cc02438cc76d27ba1cce86da34109d2e43dcc8ed7c9d581b95b39d
mask_fragment-n50000-w2048-m1000-s909,mask_fragment,2048,1.0,50000,909,50000,early_mask_fragment,3,PROJECTION,5,1352.6200000000001,1367.9375,1314.8315000000002,1367.9375,50000,0,sha256:1a43e0ddf8cc02438cc76d27ba1cce86da34109d2e43dcc8ed7c9d581b95b39d
mask_fragment-n50000-w2048-m1000-s909,mask_fragment,2048,1.0,50000,909,50000,early_mask_fragment,4,SEQ_SCAN,5,3.998699999999999,4.216000000000001,2.955399999999999,4.216000000000001,50000,50000,sha256:1a43e0ddf8cc02438cc76d27ba1cce86da34109d2e43dcc8ed7c9d581b95b39d
mask_fragment-n50000-w2048-m1000-s909,mask_fragment,2048,1.0,50000,909,50000,early_mask_fragment,5,PROJECTION,5,0.16270000000000004,0.17460000000000003,0.12660000000000002,0.17460000000000003,50000,0,sha256:1a43e0ddf8cc02438cc76d27ba1cce86da34109d2e43dcc8ed7c9d581b95b39d
mask_fragment-n50000-w2048-m1000-s909,mask_fragment,2048,1.0,50000,909,50000,early_mask_fragment,6,ORDER_BY,5,31.844599999999993,32.8354,24.049300000000002,32.8354,50000,0,sha256:1a43e0ddf8cc02438cc76d27ba1cce86da34109d2e43dcc8ed7c9d581b95b39d
mask_fragment-n50000-w2048-m1000-s909,mask_fragment,2048,1.0,50000,909,50000,early_mask_fragment,7,PROJECTION,5,0.13729999999999998,0.34640000000000004,0.1327,0.34640000000000004,50000,0,sha256:1a43e0ddf8cc02438cc76d27ba1cce86da34109d2e43dcc8ed7c9d581b95b39d
mask_fragment-n50000-w2048-m1000-s909,mask_fragment,2048,1.0,50000,909,50000,early_mask_fragment,8,HASH_JOIN,5,3.8516,5.180399999999999,3.3974,5.180399999999999,50000,0,sha256:1a43e0ddf8cc02438cc76d27ba1cce86da34109d2e43dcc8ed7c9d581b95b39d
mask_fragment-n50000-w2048-m1000-s909,mask_fragment,2048,1.0,50000,909,50000,early_mask_fragment,9,CTE_SCAN,5,0.19299999999999998,0.2532,0.1802,0.2532,50000,0,sha256:1a43e0ddf8cc02438cc76d27ba1cce86da34109d2e43dcc8ed7c9d581b95b39d
mask_fragment-n50000-w2048-m1000-s909,mask_fragment,2048,1.0,50000,909,50000,early_mask_fragment,10,SEQ_SCAN,5,0.0262,0.06949999999999999,0.023999999999999997,0.06949999999999999,10000,10000,sha256:1a43e0ddf8cc02438cc76d27ba1cce86da34109d2e43dcc8ed7c9d581b95b39d
mask_fragment-n50000-w2048-m1000-s909,mask_fragment,2048,1.0,50000,909,50000,late_mask_fragment,0,EXPLAIN_ANALYZE,5,0.0003,0.0007999999999999999,0.00019999999999999998,0.0007999999999999999,0,0,sha256:6520d056e696ffac14dc135144255adbe9a9d7bbb5ae889b1b0e266e1ada2e57
mask_fragment-n50000-w2048-m1000-s909,mask_fragment,2048,1.0,50000,909,50000,late_mask_fragment,1,BATCH_CREATE_TABLE_AS,5,5.1175,6.379,4.5575,6.379,1,0,sha256:6520d056e696ffac14dc135144255adbe9a9d7bbb5ae889b1b0e266e1ada2e57
mask_fragment-n50000-w2048-m1000-s909,mask_fragment,2048,1.0,50000,909,50000,late_mask_fragment,2,PROJECTION,5,0.2322000000000001,0.4363,0.1963,0.4363,50000,0,sha256:6520d056e696ffac14dc135144255adbe9a9d7bbb5ae889b1b0e266e1ada2e57
mask_fragment-n50000-w2048-m1000-s909,mask_fragment,2048,1.0,50000,909,50000,late_mask_fragment,3,ORDER_BY,5,26.291499999999996,31.107999999999997,25.359800000000003,31.107999999999997,50000,0,sha256:6520d056e696ffac14dc135144255adbe9a9d7bbb5ae889b1b0e266e1ada2e57
mask_fragment-n50000-w2048-m1000-s909,mask_fragment,2048,1.0,50000,909,50000,late_mask_fragment,4,PROJECTION,5,0.7544,1.0946999999999998,0.699,1.0946999999999998,50000,0,sha256:6520d056e696ffac14dc135144255adbe9a9d7bbb5ae889b1b0e266e1ada2e57
mask_fragment-n50000-w2048-m1000-s909,mask_fragment,2048,1.0,50000,909,50000,late_mask_fragment,5,PROJECTION,5,1301.9627999999996,1488.6615000000002,1106.9884000000004,1488.6615000000002,50000,0,sha256:6520d056e696ffac14dc135144255adbe9a9d7bbb5ae889b1b0e266e1ada2e57
mask_fragment-n50000-w2048-m1000-s909,mask_fragment,2048,1.0,50000,909,50000,late_mask_fragment,6,HASH_JOIN,5,0.9016000000000001,1.1789999999999998,0.8326000000000001,1.1789999999999998,50000,0,sha256:6520d056e696ffac14dc135144255adbe9a9d7bbb5ae889b1b0e266e1ada2e57
mask_fragment-n50000-w2048-m1000-s909,mask_fragment,2048,1.0,50000,909,50000,late_mask_fragment,7,SEQ_SCAN,5,3.7876,4.277399999999999,3.1177999999999995,4.277399999999999,50000,50000,sha256:6520d056e696ffac14dc135144255adbe9a9d7bbb5ae889b1b0e266e1ada2e57
mask_fragment-n50000-w2048-m1000-s909,mask_fragment,2048,1.0,50000,909,50000,late_mask_fragment,8,SEQ_SCAN,5,0.0274,0.034699999999999995,0.023900000000000005,0.034699999999999995,10000,10000,sha256:6520d056e696ffac14dc135144255adbe9a9d7bbb5ae889b1b0e266e1ada2e57
mask_fragment-n50000-w256-m0100-s707,mask_fragment,256,0.1,50000,707,5000,early_mask_fragment,0,EXPLAIN_ANALYZE,5,0.00039999999999999996,0.0007,0.00019999999999999998,0.0007,0,0,sha256:1a43e0ddf8cc02438cc76d27ba1cce86da34109d2e43dcc8ed7c9d581b95b39d
mask_fragment-n50000-w256-m0100-s707,mask_fragment,256,0.1,50000,707,5000,early_mask_fragment,1,BATCH_CREATE_TABLE_AS,5,0.7287999999999999,0.8526,0.5604,0.8526,1,0,sha256:1a43e0ddf8cc02438cc76d27ba1cce86da34109d2e43dcc8ed7c9d581b95b39d
mask_fragment-n50000-w256-m0100-s707,mask_fragment,256,0.1,50000,707,5000,early_mask_fragment,2,CTE,5,5.977600000000001,7.5291999999999994,5.0078,7.5291999999999994,0,0,sha256:1a43e0ddf8cc02438cc76d27ba1cce86da34109d2e43dcc8ed7c9d581b95b39d
mask_fragment-n50000-w256-m0100-s707,mask_fragment,256,0.1,50000,707,5000,early_mask_fragment,3,PROJECTION,5,236.5456,281.29659999999996,210.1576,281.29659999999996,50000,0,sha256:1a43e0ddf8cc02438cc76d27ba1cce86da34109d2e43dcc8ed7c9d581b95b39d
mask_fragment-n50000-w256-m0100-s707,mask_fragment,256,0.1,50000,707,5000,early_mask_fragment,4,SEQ_SCAN,5,3.0858,3.7788999999999997,2.4513000000000003,3.7788999999999997,50000,50000,sha256:1a43e0ddf8cc02438cc76d27ba1cce86da34109d2e43dcc8ed7c9d581b95b39d
mask_fragment-n50000-w256-m0100-s707,mask_fragment,256,0.1,50000,707,5000,early_mask_fragment,5,PROJECTION,5,0.0187,0.024300000000000002,0.014799999999999999,0.024300000000000002,5000,0,sha256:1a43e0ddf8cc02438cc76d27ba1cce86da34109d2e43dcc8ed7c9d581b95b39d
mask_fragment-n50000-w256-m0100-s707,mask_fragment,256,0.1,50000,707,5000,early_mask_fragment,6,ORDER_BY,5,4.1629,4.517,3.3300000000000005,4.517,5000,0,sha256:1a43e0ddf8cc02438cc76d27ba1cce86da34109d2e43dcc8ed7c9d581b95b39d
mask_fragment-n50000-w256-m0100-s707,mask_fragment,256,0.1,50000,707,5000,early_mask_fragment,7,PROJECTION,5,0.0203,0.0258,0.018099999999999998,0.0258,5000,0,sha256:1a43e0ddf8cc02438cc76d27ba1cce86da34109d2e43dcc8ed7c9d581b95b39d
mask_fragment-n50000-w256-m0100-s707,mask_fragment,256,0.1,50000,707,5000,early_mask_fragment,8,HASH_JOIN,5,3.0218000000000003,5.0659,2.7033999999999994,5.0659,5000,0,sha256:1a43e0ddf8cc02438cc76d27ba1cce86da34109d2e43dcc8ed7c9d581b95b39d
mask_fragment-n50000-w256-m0100-s707,mask_fragment,256,0.1,50000,707,5000,early_mask_fragment,9,CTE_SCAN,5,0.15589999999999996,0.2019,0.15020000000000003,0.2019,50000,0,sha256:1a43e0ddf8cc02438cc76d27ba1cce86da34109d2e43dcc8ed7c9d581b95b39d
mask_fragment-n50000-w256-m0100-s707,mask_fragment,256,0.1,50000,707,5000,early_mask_fragment,10,SEQ_SCAN,5,0.0568,0.07719999999999999,0.0431,0.07719999999999999,10000,10000,sha256:1a43e0ddf8cc02438cc76d27ba1cce86da34109d2e43dcc8ed7c9d581b95b39d
mask_fragment-n50000-w256-m0100-s707,mask_fragment,256,0.1,50000,707,5000,late_mask_fragment,0,EXPLAIN_ANALYZE,5,0.0003,0.00039999999999999996,9.999999999999999e-05,0.00039999999999999996,0,0,sha256:c31a5394c72fa4480e21e21f18941a529737407325437b881b853a480254b8dd
mask_fragment-n50000-w256-m0100-s707,mask_fragment,256,0.1,50000,707,5000,late_mask_fragment,1,BATCH_CREATE_TABLE_AS,5,0.6699999999999999,1.6286,0.5152000000000001,1.6286,1,0,sha256:c31a5394c72fa4480e21e21f18941a529737407325437b881b853a480254b8dd
mask_fragment-n50000-w256-m0100-s707,mask_fragment,256,0.1,50000,707,5000,late_mask_fragment,2,PROJECTION,5,0.023799999999999998,0.1704,0.019999999999999997,0.1704,5000,0,sha256:c31a5394c72fa4480e21e21f18941a529737407325437b881b853a480254b8dd
mask_fragment-n50000-w256-m0100-s707,mask_fragment,256,0.1,50000,707,5000,late_mask_fragment,3,ORDER_BY,5,2.5384000000000007,4.5293,2.1488,4.5293,5000,0,sha256:c31a5394c72fa4480e21e21f18941a529737407325437b881b853a480254b8dd
mask_fragment-n50000-w256-m0100-s707,mask_fragment,256,0.1,50000,707,5000,late_mask_fragment,4,PROJECTION,5,0.1197,0.2697,0.0885,0.2697,5000,0,sha256:c31a5394c72fa4480e21e21f18941a529737407325437b881b853a480254b8dd
mask_fragment-n50000-w256-m0100-s707,mask_fragment,256,0.1,50000,707,5000,late_mask_fragment,5,PROJECTION,5,21.5021,23.0028,19.454199999999997,23.0028,5000,0,sha256:c31a5394c72fa4480e21e21f18941a529737407325437b881b853a480254b8dd
mask_fragment-n50000-w256-m0100-s707,mask_fragment,256,0.1,50000,707,5000,late_mask_fragment,6,HASH_JOIN,5,0.7277,1.0289,0.5756,1.0289,5000,0,sha256:c31a5394c72fa4480e21e21f18941a529737407325437b881b853a480254b8dd
mask_fragment-n50000-w256-m0100-s707,mask_fragment,256,0.1,50000,707,5000,late_mask_fragment,7,SEQ_SCAN,5,0.5331999999999999,0.6145999999999999,0.3809,0.6145999999999999,5000,50000,sha256:c31a5394c72fa4480e21e21f18941a529737407325437b881b853a480254b8dd
mask_fragment-n50000-w256-m0100-s707,mask_fragment,256,0.1,50000,707,5000,late_mask_fragment,8,SEQ_SCAN,5,0.0291,0.0348,0.027499999999999997,0.0348,10000,10000,sha256:c31a5394c72fa4480e21e21f18941a529737407325437b881b853a480254b8dd
mask_fragment-n50000-w256-m0100-s808,mask_fragment,256,0.1,50000,808,5000,early_mask_fragment,0,EXPLAIN_ANALYZE,5,0.00019999999999999998,0.00039999999999999996,0.00019999999999999998,0.00039999999999999996,0,0,sha256:1a43e0ddf8cc02438cc76d27ba1cce86da34109d2e43dcc8ed7c9d581b95b39d
mask_fragment-n50000-w256-m0100-s808,mask_fragment,256,0.1,50000,808,5000,early_mask_fragment,1,BATCH_CREATE_TABLE_AS,5,0.7691000000000001,0.8417,0.4856,0.8417,1,0,sha256:1a43e0ddf8cc02438cc76d27ba1cce86da34109d2e43dcc8ed7c9d581b95b39d
mask_fragment-n50000-w256-m0100-s808,mask_fragment,256,0.1,50000,808,5000,early_mask_fragment,2,CTE,5,5.998099999999999,7.1007,5.484400000000001,7.1007,0,0,sha256:1a43e0ddf8cc02438cc76d27ba1cce86da34109d2e43dcc8ed7c9d581b95b39d
mask_fragment-n50000-w256-m0100-s808,mask_fragment,256,0.1,50000,808,5000,early_mask_fragment,3,PROJECTION,5,243.1431,252.31409999999994,234.13290000000006,252.31409999999994,50000,0,sha256:1a43e0ddf8cc02438cc76d27ba1cce86da34109d2e43dcc8ed7c9d581b95b39d
mask_fragment-n50000-w256-m0100-s808,mask_fragment,256,0.1,50000,808,5000,early_mask_fragment,4,SEQ_SCAN,5,3.2391,4.8255,2.2461000000000007,4.8255,50000,50000,sha256:1a43e0ddf8cc02438cc76d27ba1cce86da34109d2e43dcc8ed7c9d581b95b39d
mask_fragment-n50000-w256-m0100-s808,mask_fragment,256,0.1,50000,808,5000,early_mask_fragment,5,PROJECTION,5,0.0135,0.0229,0.008,0.0229,5000,0,sha256:1a43e0ddf8cc02438cc76d27ba1cce86da34109d2e43dcc8ed7c9d581b95b39d
mask_fragment-n50000-w256-m0100-s808,mask_fragment,256,0.1,50000,808,5000,early_mask_fragment,6,ORDER_BY,5,3.6628,4.128299999999999,2.9589,4.128299999999999,5000,0,sha256:1a43e0ddf8cc02438cc76d27ba1cce86da34109d2e43dcc8ed7c9d581b95b39d
mask_fragment-n50000-w256-m0100-s808,mask_fragment,256,0.1,50000,808,5000,early_mask_fragment,7,PROJECTION,5,0.020500000000000004,0.0832,0.0155,0.0832,5000,0,sha256:1a43e0ddf8cc02438cc76d27ba1cce86da34109d2e43dcc8ed7c9d581b95b39d
mask_fragment-n50000-w256-m0100-s808,mask_fragment,256,0.1,50000,808,5000,early_mask_fragment,8,HASH_JOIN,5,3.3014,4.0158000000000005,2.6181,4.0158000000000005,5000,0,sha256:1a43e0ddf8cc02438cc76d27ba1cce86da34109d2e43dcc8ed7c9d581b95b39d
mask_fragment-n50000-w256-m0100-s808,mask_fragment,256,0.1,50000,808,5000,early_mask_fragment,9,CTE_SCAN,5,0.1404,0.22300000000000003,0.1106,0.22300000000000003,50000,0,sha256:1a43e0ddf8cc02438cc76d27ba1cce86da34109d2e43dcc8ed7c9d581b95b39d
mask_fragment-n50000-w256-m0100-s808,mask_fragment,256,0.1,50000,808,5000,early_mask_fragment,10,SEQ_SCAN,5,0.061,0.0779,0.0501,0.0779,10000,10000,sha256:1a43e0ddf8cc02438cc76d27ba1cce86da34109d2e43dcc8ed7c9d581b95b39d
mask_fragment-n50000-w256-m0100-s808,mask_fragment,256,0.1,50000,808,5000,late_mask_fragment,0,EXPLAIN_ANALYZE,5,0.0003,0.00039999999999999996,0.00019999999999999998,0.00039999999999999996,0,0,sha256:c31a5394c72fa4480e21e21f18941a529737407325437b881b853a480254b8dd
mask_fragment-n50000-w256-m0100-s808,mask_fragment,256,0.1,50000,808,5000,late_mask_fragment,1,BATCH_CREATE_TABLE_AS,5,0.8627,0.8943,0.717,0.8943,1,0,sha256:c31a5394c72fa4480e21e21f18941a529737407325437b881b853a480254b8dd
mask_fragment-n50000-w256-m0100-s808,mask_fragment,256,0.1,50000,808,5000,late_mask_fragment,2,PROJECTION,5,0.025599999999999998,0.0334,0.0201,0.0334,5000,0,sha256:c31a5394c72fa4480e21e21f18941a529737407325437b881b853a480254b8dd
mask_fragment-n50000-w256-m0100-s808,mask_fragment,256,0.1,50000,808,5000,late_mask_fragment,3,ORDER_BY,5,2.6332999999999998,2.7405,2.5022,2.7405,5000,0,sha256:c31a5394c72fa4480e21e21f18941a529737407325437b881b853a480254b8dd
mask_fragment-n50000-w256-m0100-s808,mask_fragment,256,0.1,50000,808,5000,late_mask_fragment,4,PROJECTION,5,0.1098,0.19119999999999998,0.1005,0.19119999999999998,5000,0,sha256:c31a5394c72fa4480e21e21f18941a529737407325437b881b853a480254b8dd
mask_fragment-n50000-w256-m0100-s808,mask_fragment,256,0.1,50000,808,5000,late_mask_fragment,5,PROJECTION,5,20.8932,23.647399999999998,15.4522,23.647399999999998,5000,0,sha256:c31a5394c72fa4480e21e21f18941a529737407325437b881b853a480254b8dd
mask_fragment-n50000-w256-m0100-s808,mask_fragment,256,0.1,50000,808,5000,late_mask_fragment,6,HASH_JOIN,5,0.7563,0.8669,0.6611,0.8669,5000,0,sha256:c31a5394c72fa4480e21e21f18941a529737407325437b881b853a480254b8dd
mask_fragment-n50000-w256-m0100-s808,mask_fragment,256,0.1,50000,808,5000,late_mask_fragment,7,SEQ_SCAN,5,0.5588,0.7059,0.5239999999999999,0.7059,5000,50000,sha256:c31a5394c72fa4480e21e21f18941a529737407325437b881b853a480254b8dd
mask_fragment-n50000-w256-m0100-s808,mask_fragment,256,0.1,50000,808,5000,late_mask_fragment,8,SEQ_SCAN,5,0.0251,0.0706,0.0234,0.0706,10000,10000,sha256:c31a5394c72fa4480e21e21f18941a529737407325437b881b853a480254b8dd
mask_fragment-n50000-w256-m0100-s909,mask_fragment,256,0.1,50000,909,5000,early_mask_fragment,0,EXPLAIN_ANALYZE,5,0.00019999999999999998,0.0025,0.00019999999999999998,0.0025,0,0,sha256:1a43e0ddf8cc02438cc76d27ba1cce86da34109d2e43dcc8ed7c9d581b95b39d
mask_fragment-n50000-w256-m0100-s909,mask_fragment,256,0.1,50000,909,5000,early_mask_fragment,1,BATCH_CREATE_TABLE_AS,5,0.6233000000000002,0.7494999999999999,0.48790000000000006,0.7494999999999999,1,0,sha256:1a43e0ddf8cc02438cc76d27ba1cce86da34109d2e43dcc8ed7c9d581b95b39d
mask_fragment-n50000-w256-m0100-s909,mask_fragment,256,0.1,50000,909,5000,early_mask_fragment,2,CTE,5,5.658099999999999,7.222300000000001,5.2318999999999996,7.222300000000001,0,0,sha256:1a43e0ddf8cc02438cc76d27ba1cce86da34109d2e43dcc8ed7c9d581b95b39d
mask_fragment-n50000-w256-m0100-s909,mask_fragment,256,0.1,50000,909,5000,early_mask_fragment,3,PROJECTION,5,236.4861,249.89059999999998,217.64229999999998,249.89059999999998,50000,0,sha256:1a43e0ddf8cc02438cc76d27ba1cce86da34109d2e43dcc8ed7c9d581b95b39d
mask_fragment-n50000-w256-m0100-s909,mask_fragment,256,0.1,50000,909,5000,early_mask_fragment,4,SEQ_SCAN,5,2.9039,3.4899000000000013,2.1754000000000002,3.4899000000000013,50000,50000,sha256:1a43e0ddf8cc02438cc76d27ba1cce86da34109d2e43dcc8ed7c9d581b95b39d
mask_fragment-n50000-w256-m0100-s909,mask_fragment,256,0.1,50000,909,5000,early_mask_fragment,5,PROJECTION,5,0.0183,0.0208,0.0095,0.0208,5000,0,sha256:1a43e0ddf8cc02438cc76d27ba1cce86da34109d2e43dcc8ed7c9d581b95b39d
mask_fragment-n50000-w256-m0100-s909,mask_fragment,256,0.1,50000,909,5000,early_mask_fragment,6,ORDER_BY,5,3.356,3.7494,3.18,3.7494,5000,0,sha256:1a43e0ddf8cc02438cc76d27ba1cce86da34109d2e43dcc8ed7c9d581b95b39d
mask_fragment-n50000-w256-m0100-s909,mask_fragment,256,0.1,50000,909,5000,early_mask_fragment,7,PROJECTION,5,0.0208,0.0301,0.0147,0.0301,5000,0,sha256:1a43e0ddf8cc02438cc76d27ba1cce86da34109d2e43dcc8ed7c9d581b95b39d
mask_fragment-n50000-w256-m0100-s909,mask_fragment,256,0.1,50000,909,5000,early_mask_fragment,8,HASH_JOIN,5,2.8485,4.6772,2.0633999999999997,4.6772,5000,0,sha256:1a43e0ddf8cc02438cc76d27ba1cce86da34109d2e43dcc8ed7c9d581b95b39d
mask_fragment-n50000-w256-m0100-s909,mask_fragment,256,0.1,50000,909,5000,early_mask_fragment,9,CTE_SCAN,5,0.12830000000000003,0.2416,0.087,0.2416,50000,0,sha256:1a43e0ddf8cc02438cc76d27ba1cce86da34109d2e43dcc8ed7c9d581b95b39d
mask_fragment-n50000-w256-m0100-s909,mask_fragment,256,0.1,50000,909,5000,early_mask_fragment,10,SEQ_SCAN,5,0.039799999999999995,0.08339999999999999,0.020600000000000004,0.08339999999999999,10000,10000,sha256:1a43e0ddf8cc02438cc76d27ba1cce86da34109d2e43dcc8ed7c9d581b95b39d
mask_fragment-n50000-w256-m0100-s909,mask_fragment,256,0.1,50000,909,5000,late_mask_fragment,0,EXPLAIN_ANALYZE,5,0.00019999999999999998,0.00039999999999999996,0.00019999999999999998,0.00039999999999999996,0,0,sha256:c31a5394c72fa4480e21e21f18941a529737407325437b881b853a480254b8dd
mask_fragment-n50000-w256-m0100-s909,mask_fragment,256,0.1,50000,909,5000,late_mask_fragment,1,BATCH_CREATE_TABLE_AS,5,0.5729,0.9726,0.39840000000000003,0.9726,1,0,sha256:c31a5394c72fa4480e21e21f18941a529737407325437b881b853a480254b8dd
mask_fragment-n50000-w256-m0100-s909,mask_fragment,256,0.1,50000,909,5000,late_mask_fragment,2,PROJECTION,5,0.0189,0.037500000000000006,0.0135,0.037500000000000006,5000,0,sha256:c31a5394c72fa4480e21e21f18941a529737407325437b881b853a480254b8dd
mask_fragment-n50000-w256-m0100-s909,mask_fragment,256,0.1,50000,909,5000,late_mask_fragment,3,ORDER_BY,5,2.1059,3.0090000000000003,1.9364999999999999,3.0090000000000003,5000,0,sha256:c31a5394c72fa4480e21e21f18941a529737407325437b881b853a480254b8dd
mask_fragment-n50000-w256-m0100-s909,mask_fragment,256,0.1,50000,909,5000,late_mask_fragment,4,PROJECTION,5,0.12460000000000002,0.14439999999999997,0.1049,0.14439999999999997,5000,0,sha256:c31a5394c72fa4480e21e21f18941a529737407325437b881b853a480254b8dd
mask_fragment-n50000-w256-m0100-s909,mask_fragment,256,0.1,50000,909,5000,late_mask_fragment,5,PROJECTION,5,20.3603,25.9367,19.595000000000002,25.9367,5000,0,sha256:c31a5394c72fa4480e21e21f18941a529737407325437b881b853a480254b8dd
mask_fragment-n50000-w256-m0100-s909,mask_fragment,256,0.1,50000,909,5000,late_mask_fragment,6,HASH_JOIN,5,0.5915,0.914,0.36299999999999993,0.914,5000,0,sha256:c31a5394c72fa4480e21e21f18941a529737407325437b881b853a480254b8dd
mask_fragment-n50000-w256-m0100-s909,mask_fragment,256,0.1,50000,909,5000,late_mask_fragment,7,SEQ_SCAN,5,0.5266,1.0414,0.4578,1.0414,5000,50000,sha256:c31a5394c72fa4480e21e21f18941a529737407325437b881b853a480254b8dd
mask_fragment-n50000-w256-m0100-s909,mask_fragment,256,0.1,50000,909,5000,late_mask_fragment,8,SEQ_SCAN,5,0.0287,0.10260000000000002,0.024300000000000002,0.10260000000000002,10000,10000,sha256:c31a5394c72fa4480e21e21f18941a529737407325437b881b853a480254b8dd
mask_fragment-n50000-w256-m0500-s707,mask_fragment,256,0.5,50000,707,25000,early_mask_fragment,0,EXPLAIN_ANALYZE,5,0.0003,0.0009,0.00019999999999999998,0.0009,0,0,sha256:1a43e0ddf8cc02438cc76d27ba1cce86da34109d2e43dcc8ed7c9d581b95b39d
mask_fragment-n50000-w256-m0500-s707,mask_fragment,256,0.5,50000,707,25000,early_mask_fragment,1,BATCH_CREATE_TABLE_AS,5,3.3648000000000002,3.7826,1.8741000000000003,3.7826,1,0,sha256:1a43e0ddf8cc02438cc76d27ba1cce86da34109d2e43dcc8ed7c9d581b95b39d
mask_fragment-n50000-w256-m0500-s707,mask_fragment,256,0.5,50000,707,25000,early_mask_fragment,2,CTE,5,5.662999999999999,7.3607,3.1615999999999995,7.3607,0,0,sha256:1a43e0ddf8cc02438cc76d27ba1cce86da34109d2e43dcc8ed7c9d581b95b39d
mask_fragment-n50000-w256-m0500-s707,mask_fragment,256,0.5,50000,707,25000,early_mask_fragment,3,PROJECTION,5,237.85999999999993,259.03020000000004,220.71200000000002,259.03020000000004,50000,0,sha256:1a43e0ddf8cc02438cc76d27ba1cce86da34109d2e43dcc8ed7c9d581b95b39d
mask_fragment-n50000-w256-m0500-s707,mask_fragment,256,0.5,50000,707,25000,early_mask_fragment,4,SEQ_SCAN,5,2.6636000000000006,2.9346,2.634,2.9346,50000,50000,sha256:1a43e0ddf8cc02438cc76d27ba1cce86da34109d2e43dcc8ed7c9d581b95b39d
mask_fragment-n50000-w256-m0500-s707,mask_fragment,256,0.5,50000,707,25000,early_mask_fragment,5,PROJECTION,5,0.0798,0.1125,0.047799999999999995,0.1125,25000,0,sha256:1a43e0ddf8cc02438cc76d27ba1cce86da34109d2e43dcc8ed7c9d581b95b39d
mask_fragment-n50000-w256-m0500-s707,mask_fragment,256,0.5,50000,707,25000,early_mask_fragment,6,ORDER_BY,5,15.817599999999997,20.263400000000004,12.818,20.263400000000004,25000,0,sha256:1a43e0ddf8cc02438cc76d27ba1cce86da34109d2e43dcc8ed7c9d581b95b39d
mask_fragment-n50000-w256-m0500-s707,mask_fragment,256,0.5,50000,707,25000,early_mask_fragment,7,PROJECTION,5,0.0746,0.1209,0.058499999999999996,0.1209,25000,0,sha256:1a43e0ddf8cc02438cc76d27ba1cce86da34109d2e43dcc8ed7c9d581b95b39d
mask_fragment-n50000-w256-m0500-s707,mask_fragment,256,0.5,50000,707,25000,early_mask_fragment,8,HASH_JOIN,5,3.4717000000000002,5.037699999999999,3.1082,5.037699999999999,25000,0,sha256:1a43e0ddf8cc02438cc76d27ba1cce86da34109d2e43dcc8ed7c9d581b95b39d
mask_fragment-n50000-w256-m0500-s707,mask_fragment,256,0.5,50000,707,25000,early_mask_fragment,9,CTE_SCAN,5,0.16440000000000002,0.4236,0.1298,0.4236,50000,0,sha256:1a43e0ddf8cc02438cc76d27ba1cce86da34109d2e43dcc8ed7c9d581b95b39d
mask_fragment-n50000-w256-m0500-s707,mask_fragment,256,0.5,50000,707,25000,early_mask_fragment,10,SEQ_SCAN,5,0.0513,0.0705,0.049499999999999995,0.0705,10000,10000,sha256:1a43e0ddf8cc02438cc76d27ba1cce86da34109d2e43dcc8ed7c9d581b95b39d
mask_fragment-n50000-w256-m0500-s707,mask_fragment,256,0.5,50000,707,25000,late_mask_fragment,0,EXPLAIN_ANALYZE,5,0.0003,0.00039999999999999996,0.00019999999999999998,0.00039999999999999996,0,0,sha256:c31a5394c72fa4480e21e21f18941a529737407325437b881b853a480254b8dd
mask_fragment-n50000-w256-m0500-s707,mask_fragment,256,0.5,50000,707,25000,late_mask_fragment,1,BATCH_CREATE_TABLE_AS,5,3.5250999999999997,4.3679,2.1165999999999996,4.3679,1,0,sha256:c31a5394c72fa4480e21e21f18941a529737407325437b881b853a480254b8dd
mask_fragment-n50000-w256-m0500-s707,mask_fragment,256,0.5,50000,707,25000,late_mask_fragment,2,PROJECTION,5,0.1265,0.15460000000000002,0.07669999999999999,0.15460000000000002,25000,0,sha256:c31a5394c72fa4480e21e21f18941a529737407325437b881b853a480254b8dd
mask_fragment-n50000-w256-m0500-s707,mask_fragment,256,0.5,50000,707,25000,late_mask_fragment,3,ORDER_BY,5,14.320400000000001,16.1035,11.5082,16.1035,25000,0,sha256:c31a5394c72fa4480e21e21f18941a529737407325437b881b853a480254b8dd
mask_fragment-n50000-w256-m0500-s707,mask_fragment,256,0.5,50000,707,25000,late_mask_fragment,4,PROJECTION,5,0.5193,0.6898000000000001,0.3765,0.6898000000000001,25000,0,sha256:c31a5394c72fa4480e21e21f18941a529737407325437b881b853a480254b8dd
mask_fragment-n50000-w256-m0500-s707,mask_fragment,256,0.5,50000,707,25000,late_mask_fragment,5,PROJECTION,5,107.8486,118.64560000000002,105.8746,118.64560000000002,25000,0,sha256:c31a5394c72fa4480e21e21f18941a529737407325437b881b853a480254b8dd
mask_fragment-n50000-w256-m0500-s707,mask_fragment,256,0.5,50000,707,25000,late_mask_fragment,6,HASH_JOIN,5,0.8828999999999999,2.4005,0.6253,2.4005,25000,0,sha256:c31a5394c72fa4480e21e21f18941a529737407325437b881b853a480254b8dd
mask_fragment-n50000-w256-m0500-s707,mask_fragment,256,0.5,50000,707,25000,late_mask_fragment,7,SEQ_SCAN,5,1.6795,4.0981000000000005,1.6405,4.0981000000000005,25000,50000,sha256:c31a5394c72fa4480e21e21f18941a529737407325437b881b853a480254b8dd
mask_fragment-n50000-w256-m0500-s707,mask_fragment,256,0.5,50000,707,25000,late_mask_fragment,8,SEQ_SCAN,5,0.029199999999999997,0.08709999999999998,0.018500000000000003,0.08709999999999998,10000,10000,sha256:c31a5394c72fa4480e21e21f18941a529737407325437b881b853a480254b8dd
mask_fragment-n50000-w256-m0500-s808,mask_fragment,256,0.5,50000,808,25000,early_mask_fragment,0,EXPLAIN_ANALYZE,5,0.0003,0.00039999999999999996,0.00019999999999999998,0.00039999999999999996,0,0,sha256:1a43e0ddf8cc02438cc76d27ba1cce86da34109d2e43dcc8ed7c9d581b95b39d
mask_fragment-n50000-w256-m0500-s808,mask_fragment,256,0.5,50000,808,25000,early_mask_fragment,1,BATCH_CREATE_TABLE_AS,5,3.1881999999999997,3.6939,2.8434999999999997,3.6939,1,0,sha256:1a43e0ddf8cc02438cc76d27ba1cce86da34109d2e43dcc8ed7c9d581b95b39d
mask_fragment-n50000-w256-m0500-s808,mask_fragment,256,0.5,50000,808,25000,early_mask_fragment,2,CTE,5,4.509900000000001,7.8797999999999995,3.7469999999999994,7.8797999999999995,0,0,sha256:1a43e0ddf8cc02438cc76d27ba1cce86da34109d2e43dcc8ed7c9d581b95b39d
mask_fragment-n50000-w256-m0500-s808,mask_fragment,256,0.5,50000,808,25000,early_mask_fragment,3,PROJECTION,5,277.43989999999997,291.905,241.57309999999998,291.905,50000,0,sha256:1a43e0ddf8cc02438cc76d27ba1cce86da34109d2e43dcc8ed7c9d581b95b39d
mask_fragment-n50000-w256-m0500-s808,mask_fragment,256,0.5,50000,808,25000,early_mask_fragment,4,SEQ_SCAN,5,2.8625,3.4381000000000004,2.7906999999999993,3.4381000000000004,50000,50000,sha256:1a43e0ddf8cc02438cc76d27ba1cce86da34109d2e43dcc8ed7c9d581b95b39d
mask_fragment-n50000-w256-m0500-s808,mask_fragment,256,0.5,50000,808,25000,early_mask_fragment,5,PROJECTION,5,0.08520000000000001,0.1327,0.048,0.1327,25000,0,sha256:1a43e0ddf8cc02438cc76d27ba1cce86da34109d2e43dcc8ed7c9d581b95b39d
mask_fragment-n50000-w256-m0500-s808,mask_fragment,256,0.5,50000,808,25000,early_mask_fragment,6,ORDER_BY,5,18.7856,24.4774,16.645999999999997,24.4774,25000,0,sha256:1a43e0ddf8cc02438cc76d27ba1cce86da34109d2e43dcc8ed7c9d581b95b39d
mask_fragment-n50000-w256-m0500-s808,mask_fragment,256,0.5,50000,808,25000,early_mask_fragment,7,PROJECTION,5,0.11659999999999998,0.3436,0.0897,0.3436,25000,0,sha256:1a43e0ddf8cc02438cc76d27ba1cce86da34109d2e43dcc8ed7c9d581b95b39d
mask_fragment-n50000-w256-m0500-s808,mask_fragment,256,0.5,50000,808,25000,early_mask_fragment,8,HASH_JOIN,5,4.2302,6.4487,3.1015999999999995,6.4487,25000,0,sha256:1a43e0ddf8cc02438cc76d27ba1cce86da34109d2e43dcc8ed7c9d581b95b39d
mask_fragment-n50000-w256-m0500-s808,mask_fragment,256,0.5,50000,808,25000,early_mask_fragment,9,CTE_SCAN,5,0.15430000000000002,0.4192,0.15179999999999996,0.4192,50000,0,sha256:1a43e0ddf8cc02438cc76d27ba1cce86da34109d2e43dcc8ed7c9d581b95b39d
mask_fragment-n50000-w256-m0500-s808,mask_fragment,256,0.5,50000,808,25000,early_mask_fragment,10,SEQ_SCAN,5,0.031700000000000006,0.04719999999999999,0.0245,0.04719999999999999,10000,10000,sha256:1a43e0ddf8cc02438cc76d27ba1cce86da34109d2e43dcc8ed7c9d581b95b39d
mask_fragment-n50000-w256-m0500-s808,mask_fragment,256,0.5,50000,808,25000,late_mask_fragment,0,EXPLAIN_ANALYZE,5,0.0003,0.0011,0.00019999999999999998,0.0011,0,0,sha256:c31a5394c72fa4480e21e21f18941a529737407325437b881b853a480254b8dd
mask_fragment-n50000-w256-m0500-s808,mask_fragment,256,0.5,50000,808,25000,late_mask_fragment,1,BATCH_CREATE_TABLE_AS,5,3.4917,5.2274,2.377099999999999,5.2274,1,0,sha256:c31a5394c72fa4480e21e21f18941a529737407325437b881b853a480254b8dd
mask_fragment-n50000-w256-m0500-s808,mask_fragment,256,0.5,50000,808,25000,late_mask_fragment,2,PROJECTION,5,0.21030000000000001,0.3071,0.0915,0.3071,25000,0,sha256:c31a5394c72fa4480e21e21f18941a529737407325437b881b853a480254b8dd
mask_fragment-n50000-w256-m0500-s808,mask_fragment,256,0.5,50000,808,25000,late_mask_fragment,3,ORDER_BY,5,15.120700000000005,21.6054,11.3635,21.6054,25000,0,sha256:c31a5394c72fa4480e21e21f18941a529737407325437b881b853a480254b8dd
mask_fragment-n50000-w256-m0500-s808,mask_fragment,256,0.5,50000,808,25000,late_mask_fragment,4,PROJECTION,5,0.5796000000000001,0.7906000000000001,0.5009999999999999,0.7906000000000001,25000,0,sha256:c31a5394c72fa4480e21e21f18941a529737407325437b881b853a480254b8dd
mask_fragment-n50000-w256-m0500-s808,mask_fragment,256,0.5,50000,808,25000,late_mask_fragment,5,PROJECTION,5,117.64359999999999,141.9776,113.31290000000003,141.9776,25000,0,sha256:c31a5394c72fa4480e21e21f18941a529737407325437b881b853a480254b8dd
mask_fragment-n50000-w256-m0500-s808,mask_fragment,256,0.5,50000,808,25000,late_mask_fragment,6,HASH_JOIN,5,0.8496,1.4006000000000003,0.7665000000000001,1.4006000000000003,25000,0,sha256:c31a5394c72fa4480e21e21f18941a529737407325437b881b853a480254b8dd
mask_fragment-n50000-w256-m0500-s808,mask_fragment,256,0.5,50000,808,25000,late_mask_fragment,7,SEQ_SCAN,5,2.0635,2.571599999999999,1.9600999999999997,2.571599999999999,25000,50000,sha256:c31a5394c72fa4480e21e21f18941a529737407325437b881b853a480254b8dd
mask_fragment-n50000-w256-m0500-s808,mask_fragment,256,0.5,50000,808,25000,late_mask_fragment,8,SEQ_SCAN,5,0.048,0.1571,0.030799999999999998,0.1571,10000,10000,sha256:c31a5394c72fa4480e21e21f18941a529737407325437b881b853a480254b8dd
mask_fragment-n50000-w256-m0500-s909,mask_fragment,256,0.5,50000,909,25000,early_mask_fragment,0,EXPLAIN_ANALYZE,5,0.00039999999999999996,0.0005,0.00019999999999999998,0.0005,0,0,sha256:1a43e0ddf8cc02438cc76d27ba1cce86da34109d2e43dcc8ed7c9d581b95b39d
mask_fragment-n50000-w256-m0500-s909,mask_fragment,256,0.5,50000,909,25000,early_mask_fragment,1,BATCH_CREATE_TABLE_AS,5,2.5462,3.8982,2.1866000000000003,3.8982,1,0,sha256:1a43e0ddf8cc02438cc76d27ba1cce86da34109d2e43dcc8ed7c9d581b95b39d
mask_fragment-n50000-w256-m0500-s909,mask_fragment,256,0.5,50000,909,25000,early_mask_fragment,2,CTE,5,4.3534000000000015,5.855600000000002,2.992100000000001,5.855600000000002,0,0,sha256:1a43e0ddf8cc02438cc76d27ba1cce86da34109d2e43dcc8ed7c9d581b95b39d
mask_fragment-n50000-w256-m0500-s909,mask_fragment,256,0.5,50000,909,25000,early_mask_fragment,3,PROJECTION,5,252.07859999999994,331.57869999999997,197.28259999999997,331.57869999999997,50000,0,sha256:1a43e0ddf8cc02438cc76d27ba1cce86da34109d2e43dcc8ed7c9d581b95b39d
mask_fragment-n50000-w256-m0500-s909,mask_fragment,256,0.5,50000,909,25000,early_mask_fragment,4,SEQ_SCAN,5,2.4205,3.435400000000001,2.1858,3.435400000000001,50000,50000,sha256:1a43e0ddf8cc02438cc76d27ba1cce86da34109d2e43dcc8ed7c9d581b95b39d
mask_fragment-n50000-w256-m0500-s909,mask_fragment,256,0.5,50000,909,25000,early_mask_fragment,5,PROJECTION,5,0.0648,0.1059,0.052000000000000005,0.1059,25000,0,sha256:1a43e0ddf8cc02438cc76d27ba1cce86da34109d2e43dcc8ed7c9d581b95b39d
mask_fragment-n50000-w256-m0500-s909,mask_fragment,256,0.5,50000,909,25000,early_mask_fragment,6,ORDER_BY,5,12.737300000000003,17.829800000000002,11.2343,17.829800000000002,25000,0,sha256:1a43e0ddf8cc02438cc76d27ba1cce86da34109d2e43dcc8ed7c9d581b95b39d
mask_fragment-n50000-w256-m0500-s909,mask_fragment,256,0.5,50000,909,25000,early_mask_fragment,7,PROJECTION,5,0.0678,0.1072,0.0586,0.1072,25000,0,sha256:1a43e0ddf8cc02438cc76d27ba1cce86da34109d2e43dcc8ed7c9d581b95b39d
mask_fragment-n50000-w256-m0500-s909,mask_fragment,256,0.5,50000,909,25000,early_mask_fragment,8,HASH_JOIN,5,3.3234,4.8686,2.7635,4.8686,25000,0,sha256:1a43e0ddf8cc02438cc76d27ba1cce86da34109d2e43dcc8ed7c9d581b95b39d
mask_fragment-n50000-w256-m0500-s909,mask_fragment,256,0.5,50000,909,25000,early_mask_fragment,9,CTE_SCAN,5,0.1504,0.1727,0.13230000000000003,0.1727,50000,0,sha256:1a43e0ddf8cc02438cc76d27ba1cce86da34109d2e43dcc8ed7c9d581b95b39d
mask_fragment-n50000-w256-m0500-s909,mask_fragment,256,0.5,50000,909,25000,early_mask_fragment,10,SEQ_SCAN,5,0.0345,0.042,0.025599999999999998,0.042,10000,10000,sha256:1a43e0ddf8cc02438cc76d27ba1cce86da34109d2e43dcc8ed7c9d581b95b39d
mask_fragment-n50000-w256-m0500-s909,mask_fragment,256,0.5,50000,909,25000,late_mask_fragment,0,EXPLAIN_ANALYZE,5,0.0003,0.00039999999999999996,0.00019999999999999998,0.00039999999999999996,0,0,sha256:c31a5394c72fa4480e21e21f18941a529737407325437b881b853a480254b8dd
mask_fragment-n50000-w256-m0500-s909,mask_fragment,256,0.5,50000,909,25000,late_mask_fragment,1,BATCH_CREATE_TABLE_AS,5,2.3285,2.8320999999999996,2.2714999999999996,2.8320999999999996,1,0,sha256:c31a5394c72fa4480e21e21f18941a529737407325437b881b853a480254b8dd
mask_fragment-n50000-w256-m0500-s909,mask_fragment,256,0.5,50000,909,25000,late_mask_fragment,2,PROJECTION,5,0.08729999999999999,0.11739999999999999,0.0701,0.11739999999999999,25000,0,sha256:c31a5394c72fa4480e21e21f18941a529737407325437b881b853a480254b8dd
mask_fragment-n50000-w256-m0500-s909,mask_fragment,256,0.5,50000,909,25000,late_mask_fragment,3,ORDER_BY,5,12.047100000000002,14.489800000000002,9.7395,14.489800000000002,25000,0,sha256:c31a5394c72fa4480e21e21f18941a529737407325437b881b853a480254b8dd
mask_fragment-n50000-w256-m0500-s909,mask_fragment,256,0.5,50000,909,25000,late_mask_fragment,4,PROJECTION,5,0.5832,0.8369,0.42660000000000003,0.8369,25000,0,sha256:c31a5394c72fa4480e21e21f18941a529737407325437b881b853a480254b8dd
mask_fragment-n50000-w256-m0500-s909,mask_fragment,256,0.5,50000,909,25000,late_mask_fragment,5,PROJECTION,5,98.59620000000001,102.4806,87.35190000000001,102.4806,25000,0,sha256:c31a5394c72fa4480e21e21f18941a529737407325437b881b853a480254b8dd
mask_fragment-n50000-w256-m0500-s909,mask_fragment,256,0.5,50000,909,25000,late_mask_fragment,6,HASH_JOIN,5,0.6116999999999999,0.9806000000000001,0.4552,0.9806000000000001,25000,0,sha256:c31a5394c72fa4480e21e21f18941a529737407325437b881b853a480254b8dd
mask_fragment-n50000-w256-m0500-s909,mask_fragment,256,0.5,50000,909,25000,late_mask_fragment,7,SEQ_SCAN,5,1.866,2.4536000000000002,1.4660000000000002,2.4536000000000002,25000,50000,sha256:c31a5394c72fa4480e21e21f18941a529737407325437b881b853a480254b8dd
mask_fragment-n50000-w256-m0500-s909,mask_fragment,256,0.5,50000,909,25000,late_mask_fragment,8,SEQ_SCAN,5,0.031099999999999996,0.048799999999999996,0.017299999999999996,0.048799999999999996,10000,10000,sha256:c31a5394c72fa4480e21e21f18941a529737407325437b881b853a480254b8dd
mask_fragment-n50000-w256-m1000-s707,mask_fragment,256,1.0,50000,707,50000,early_mask_fragment,0,EXPLAIN_ANALYZE,5,0.00039999999999999996,0.0015999999999999999,0.0003,0.0015999999999999999,0,0,sha256:1a43e0ddf8cc02438cc76d27ba1cce86da34109d2e43dcc8ed7c9d581b95b39d
mask_fragment-n50000-w256-m1000-s707,mask_fragment,256,1.0,50000,707,50000,early_mask_fragment,1,BATCH_CREATE_TABLE_AS,5,5.8224,7.001599999999999,5.0332,7.001599999999999,1,0,sha256:1a43e0ddf8cc02438cc76d27ba1cce86da34109d2e43dcc8ed7c9d581b95b39d
mask_fragment-n50000-w256-m1000-s707,mask_fragment,256,1.0,50000,707,50000,early_mask_fragment,2,CTE,5,3.5051,5.823299999999999,2.9309,5.823299999999999,0,0,sha256:1a43e0ddf8cc02438cc76d27ba1cce86da34109d2e43dcc8ed7c9d581b95b39d
mask_fragment-n50000-w256-m1000-s707,mask_fragment,256,1.0,50000,707,50000,early_mask_fragment,3,PROJECTION,5,227.3451,238.1252,209.597,238.1252,50000,0,sha256:1a43e0ddf8cc02438cc76d27ba1cce86da34109d2e43dcc8ed7c9d581b95b39d
mask_fragment-n50000-w256-m1000-s707,mask_fragment,256,1.0,50000,707,50000,early_mask_fragment,4,SEQ_SCAN,5,2.6203999999999996,2.781399999999999,2.3117,2.781399999999999,50000,50000,sha256:1a43e0ddf8cc02438cc76d27ba1cce86da34109d2e43dcc8ed7c9d581b95b39d
mask_fragment-n50000-w256-m1000-s707,mask_fragment,256,1.0,50000,707,50000,early_mask_fragment,5,PROJECTION,5,0.17900000000000005,0.251,0.1136,0.251,50000,0,sha256:1a43e0ddf8cc02438cc76d27ba1cce86da34109d2e43dcc8ed7c9d581b95b39d
mask_fragment-n50000-w256-m1000-s707,mask_fragment,256,1.0,50000,707,50000,early_mask_fragment,6,ORDER_BY,5,30.6013,46.3265,27.95829999999999,46.3265,50000,0,sha256:1a43e0ddf8cc02438cc76d27ba1cce86da34109d2e43dcc8ed7c9d581b95b39d
mask_fragment-n50000-w256-m1000-s707,mask_fragment,256,1.0,50000,707,50000,early_mask_fragment,7,PROJECTION,5,0.1158,0.1922,0.10830000000000001,0.1922,50000,0,sha256:1a43e0ddf8cc02438cc76d27ba1cce86da34109d2e43dcc8ed7c9d581b95b39d
mask_fragment-n50000-w256-m1000-s707,mask_fragment,256,1.0,50000,707,50000,early_mask_fragment,8,HASH_JOIN,5,3.5638,7.1659,2.9303000000000003,7.1659,50000,0,sha256:1a43e0ddf8cc02438cc76d27ba1cce86da34109d2e43dcc8ed7c9d581b95b39d
mask_fragment-n50000-w256-m1000-s707,mask_fragment,256,1.0,50000,707,50000,early_mask_fragment,9,CTE_SCAN,5,0.15669999999999998,0.4416,0.1316,0.4416,50000,0,sha256:1a43e0ddf8cc02438cc76d27ba1cce86da34109d2e43dcc8ed7c9d581b95b39d
mask_fragment-n50000-w256-m1000-s707,mask_fragment,256,1.0,50000,707,50000,early_mask_fragment,10,SEQ_SCAN,5,0.025199999999999997,0.09079999999999999,0.0201,0.09079999999999999,10000,10000,sha256:1a43e0ddf8cc02438cc76d27ba1cce86da34109d2e43dcc8ed7c9d581b95b39d
mask_fragment-n50000-w256-m1000-s707,mask_fragment,256,1.0,50000,707,50000,late_mask_fragment,0,EXPLAIN_ANALYZE,5,0.0003,0.00039999999999999996,0.00019999999999999998,0.00039999999999999996,0,0,sha256:6520d056e696ffac14dc135144255adbe9a9d7bbb5ae889b1b0e266e1ada2e57
mask_fragment-n50000-w256-m1000-s707,mask_fragment,256,1.0,50000,707,50000,late_mask_fragment,1,BATCH_CREATE_TABLE_AS,5,4.585699999999999,6.394100000000001,3.6742999999999997,6.394100000000001,1,0,sha256:6520d056e696ffac14dc135144255adbe9a9d7bbb5ae889b1b0e266e1ada2e57
mask_fragment-n50000-w256-m1000-s707,mask_fragment,256,1.0,50000,707,50000,late_mask_fragment,2,PROJECTION,5,0.20290000000000002,0.24939999999999998,0.17049999999999998,0.24939999999999998,50000,0,sha256:6520d056e696ffac14dc135144255adbe9a9d7bbb5ae889b1b0e266e1ada2e57
mask_fragment-n50000-w256-m1000-s707,mask_fragment,256,1.0,50000,707,50000,late_mask_fragment,3,ORDER_BY,5,24.957200000000007,28.0413,20.720200000000002,28.0413,50000,0,sha256:6520d056e696ffac14dc135144255adbe9a9d7bbb5ae889b1b0e266e1ada2e57
mask_fragment-n50000-w256-m1000-s707,mask_fragment,256,1.0,50000,707,50000,late_mask_fragment,4,PROJECTION,5,0.7849000000000003,1.0118999999999998,0.5672999999999999,1.0118999999999998,50000,0,sha256:6520d056e696ffac14dc135144255adbe9a9d7bbb5ae889b1b0e266e1ada2e57
mask_fragment-n50000-w256-m1000-s707,mask_fragment,256,1.0,50000,707,50000,late_mask_fragment,5,PROJECTION,5,185.6873,244.90449999999996,184.6634,244.90449999999996,50000,0,sha256:6520d056e696ffac14dc135144255adbe9a9d7bbb5ae889b1b0e266e1ada2e57
mask_fragment-n50000-w256-m1000-s707,mask_fragment,256,1.0,50000,707,50000,late_mask_fragment,6,HASH_JOIN,5,0.8825999999999999,1.6901999999999997,0.861,1.6901999999999997,50000,0,sha256:6520d056e696ffac14dc135144255adbe9a9d7bbb5ae889b1b0e266e1ada2e57
mask_fragment-n50000-w256-m1000-s707,mask_fragment,256,1.0,50000,707,50000,late_mask_fragment,7,SEQ_SCAN,5,2.3598000000000003,2.9967000000000006,1.7361000000000002,2.9967000000000006,50000,50000,sha256:6520d056e696ffac14dc135144255adbe9a9d7bbb5ae889b1b0e266e1ada2e57
mask_fragment-n50000-w256-m1000-s707,mask_fragment,256,1.0,50000,707,50000,late_mask_fragment,8,SEQ_SCAN,5,0.026699999999999998,0.15309999999999999,0.0235,0.15309999999999999,10000,10000,sha256:6520d056e696ffac14dc135144255adbe9a9d7bbb5ae889b1b0e266e1ada2e57
mask_fragment-n50000-w256-m1000-s808,mask_fragment,256,1.0,50000,808,50000,early_mask_fragment,0,EXPLAIN_ANALYZE,5,0.0003,0.00039999999999999996,0.00019999999999999998,0.00039999999999999996,0,0,sha256:1a43e0ddf8cc02438cc76d27ba1cce86da34109d2e43dcc8ed7c9d581b95b39d
mask_fragment-n50000-w256-m1000-s808,mask_fragment,256,1.0,50000,808,50000,early_mask_fragment,1,BATCH_CREATE_TABLE_AS,5,5.9099,8.1117,4.2348,8.1117,1,0,sha256:1a43e0ddf8cc02438cc76d27ba1cce86da34109d2e43dcc8ed7c9d581b95b39d
mask_fragment-n50000-w256-m1000-s808,mask_fragment,256,1.0,50000,808,50000,early_mask_fragment,2,CTE,5,4.194699999999999,5.641899999999999,2.8598999999999997,5.641899999999999,0,0,sha256:1a43e0ddf8cc02438cc76d27ba1cce86da34109d2e43dcc8ed7c9d581b95b39d
mask_fragment-n50000-w256-m1000-s808,mask_fragment,256,1.0,50000,808,50000,early_mask_fragment,3,PROJECTION,5,227.42900000000003,250.99729999999997,190.98799999999997,250.99729999999997,50000,0,sha256:1a43e0ddf8cc02438cc76d27ba1cce86da34109d2e43dcc8ed7c9d581b95b39d
mask_fragment-n50000-w256-m1000-s808,mask_fragment,256,1.0,50000,808,50000,early_mask_fragment,4,SEQ_SCAN,5,3.0655,3.5254000000000003,2.4878,3.5254000000000003,50000,50000,sha256:1a43e0ddf8cc02438cc76d27ba1cce86da34109d2e43dcc8ed7c9d581b95b39d
mask_fragment-n50000-w256-m1000-s808,mask_fragment,256,1.0,50000,808,50000,early_mask_fragment,5,PROJECTION,5,0.18889999999999998,0.25459999999999994,0.14380000000000007,0.25459999999999994,50000,0,sha256:1a43e0ddf8cc02438cc76d27ba1cce86da34109d2e43dcc8ed7c9d581b95b39d
mask_fragment-n50000-w256-m1000-s808,mask_fragment,256,1.0,50000,808,50000,early_mask_fragment,6,ORDER_BY,5,32.5617,35.73709999999999,26.919,35.73709999999999,50000,0,sha256:1a43e0ddf8cc02438cc76d27ba1cce86da34109d2e43dcc8ed7c9d581b95b39d
mask_fragment-n50000-w256-m1000-s808,mask_fragment,256,1.0,50000,808,50000,early_mask_fragment,7,PROJECTION,5,0.1459,0.1682,0.1133,0.1682,50000,0,sha256:1a43e0ddf8cc02438cc76d27ba1cce86da34109d2e43dcc8ed7c9d581b95b39d
mask_fragment-n50000-w256-m1000-s808,mask_fragment,256,1.0,50000,808,50000,early_mask_fragment,8,HASH_JOIN,5,3.535499999999999,7.989300000000001,2.9246000000000003,7.989300000000001,50000,0,sha256:1a43e0ddf8cc02438cc76d27ba1cce86da34109d2e43dcc8ed7c9d581b95b39d
mask_fragment-n50000-w256-m1000-s808,mask_fragment,256,1.0,50000,808,50000,early_mask_fragment,9,CTE_SCAN,5,0.1667,0.2246,0.12069999999999999,0.2246,50000,0,sha256:1a43e0ddf8cc02438cc76d27ba1cce86da34109d2e43dcc8ed7c9d581b95b39d
mask_fragment-n50000-w256-m1000-s808,mask_fragment,256,1.0,50000,808,50000,early_mask_fragment,10,SEQ_SCAN,5,0.022999999999999996,0.025800000000000003,0.0172,0.025800000000000003,10000,10000,sha256:1a43e0ddf8cc02438cc76d27ba1cce86da34109d2e43dcc8ed7c9d581b95b39d
mask_fragment-n50000-w256-m1000-s808,mask_fragment,256,1.0,50000,808,50000,late_mask_fragment,0,EXPLAIN_ANALYZE,5,0.0003,0.0012,0.00019999999999999998,0.0012,0,0,sha256:6520d056e696ffac14dc135144255adbe9a9d7bbb5ae889b1b0e266e1ada2e57
mask_fragment-n50000-w256-m1000-s808,mask_fragment,256,1.0,50000,808,50000,late_mask_fragment,1,BATCH_CREATE_TABLE_AS,5,5.157399999999999,6.1011999999999995,3.4672,6.1011999999999995,1,0,sha256:6520d056e696ffac14dc135144255adbe9a9d7bbb5ae889b1b0e266e1ada2e57
mask_fragment-n50000-w256-m1000-s808,mask_fragment,256,1.0,50000,808,50000,late_mask_fragment,2,PROJECTION,5,0.19810000000000005,0.2579,0.12250000000000003,0.2579,50000,0,sha256:6520d056e696ffac14dc135144255adbe9a9d7bbb5ae889b1b0e266e1ada2e57
mask_fragment-n50000-w256-m1000-s808,mask_fragment,256,1.0,50000,808,50000,late_mask_fragment,3,ORDER_BY,5,25.1966,30.0068,22.6899,30.0068,50000,0,sha256:6520d056e696ffac14dc135144255adbe9a9d7bbb5ae889b1b0e266e1ada2e57
mask_fragment-n50000-w256-m1000-s808,mask_fragment,256,1.0,50000,808,50000,late_mask_fragment,4,PROJECTION,5,0.8468000000000001,0.8872000000000001,0.8068000000000001,0.8872000000000001,50000,0,sha256:6520d056e696ffac14dc135144255adbe9a9d7bbb5ae889b1b0e266e1ada2e57
mask_fragment-n50000-w256-m1000-s808,mask_fragment,256,1.0,50000,808,50000,late_mask_fragment,5,PROJECTION,5,250.84329999999994,632.1775999999999,189.76020000000005,632.1775999999999,50000,0,sha256:6520d056e696ffac14dc135144255adbe9a9d7bbb5ae889b1b0e266e1ada2e57
mask_fragment-n50000-w256-m1000-s808,mask_fragment,256,1.0,50000,808,50000,late_mask_fragment,6,HASH_JOIN,5,1.0195000000000003,1.3175,0.7003,1.3175,50000,0,sha256:6520d056e696ffac14dc135144255adbe9a9d7bbb5ae889b1b0e266e1ada2e57
mask_fragment-n50000-w256-m1000-s808,mask_fragment,256,1.0,50000,808,50000,late_mask_fragment,7,SEQ_SCAN,5,2.5779,3.0829,2.2203000000000004,3.0829,50000,50000,sha256:6520d056e696ffac14dc135144255adbe9a9d7bbb5ae889b1b0e266e1ada2e57
mask_fragment-n50000-w256-m1000-s808,mask_fragment,256,1.0,50000,808,50000,late_mask_fragment,8,SEQ_SCAN,5,0.033,0.0825,0.0195,0.0825,10000,10000,sha256:6520d056e696ffac14dc135144255adbe9a9d7bbb5ae889b1b0e266e1ada2e57
mask_fragment-n50000-w256-m1000-s909,mask_fragment,256,1.0,50000,909,50000,early_mask_fragment,0,EXPLAIN_ANALYZE,5,0.0003,0.0022,0.00019999999999999998,0.0022,0,0,sha256:1a43e0ddf8cc02438cc76d27ba1cce86da34109d2e43dcc8ed7c9d581b95b39d
mask_fragment-n50000-w256-m1000-s909,mask_fragment,256,1.0,50000,909,50000,early_mask_fragment,1,BATCH_CREATE_TABLE_AS,5,5.270300000000001,6.658499999999998,4.647200000000001,6.658499999999998,1,0,sha256:1a43e0ddf8cc02438cc76d27ba1cce86da34109d2e43dcc8ed7c9d581b95b39d
mask_fragment-n50000-w256-m1000-s909,mask_fragment,256,1.0,50000,909,50000,early_mask_fragment,2,CTE,5,4.369300000000001,6.332600000000002,3.0094000000000007,6.332600000000002,0,0,sha256:1a43e0ddf8cc02438cc76d27ba1cce86da34109d2e43dcc8ed7c9d581b95b39d
mask_fragment-n50000-w256-m1000-s909,mask_fragment,256,1.0,50000,909,50000,early_mask_fragment,3,PROJECTION,5,213.78640000000001,237.55100000000002,212.50319999999996,237.55100000000002,50000,0,sha256:1a43e0ddf8cc02438cc76d27ba1cce86da34109d2e43dcc8ed7c9d581b95b39d
mask_fragment-n50000-w256-m1000-s909,mask_fragment,256,1.0,50000,909,50000,early_mask_fragment,4,SEQ_SCAN,5,2.6228000000000007,3.2530000000000006,2.1927000000000008,3.2530000000000006,50000,50000,sha256:1a43e0ddf8cc02438cc76d27ba1cce86da34109d2e43dcc8ed7c9d581b95b39d
mask_fragment-n50000-w256-m1000-s909,mask_fragment,256,1.0,50000,909,50000,early_mask_fragment,5,PROJECTION,5,0.13470000000000001,0.3272999999999999,0.11829999999999999,0.3272999999999999,50000,0,sha256:1a43e0ddf8cc02438cc76d27ba1cce86da34109d2e43dcc8ed7c9d581b95b39d
mask_fragment-n50000-w256-m1000-s909,mask_fragment,256,1.0,50000,909,50000,early_mask_fragment,6,ORDER_BY,5,34.7004,37.1412,26.357499999999998,37.1412,50000,0,sha256:1a43e0ddf8cc02438cc76d27ba1cce86da34109d2e43dcc8ed7c9d581b95b39d
mask_fragment-n50000-w256-m1000-s909,mask_fragment,256,1.0,50000,909,50000,early_mask_fragment,7,PROJECTION,5,0.2293,0.3996,0.116,0.3996,50000,0,sha256:1a43e0ddf8cc02438cc76d27ba1cce86da34109d2e43dcc8ed7c9d581b95b39d
mask_fragment-n50000-w256-m1000-s909,mask_fragment,256,1.0,50000,909,50000,early_mask_fragment,8,HASH_JOIN,5,6.4199,6.9276,3.0709,6.9276,50000,0,sha256:1a43e0ddf8cc02438cc76d27ba1cce86da34109d2e43dcc8ed7c9d581b95b39d
mask_fragment-n50000-w256-m1000-s909,mask_fragment,256,1.0,50000,909,50000,early_mask_fragment,9,CTE_SCAN,5,0.39990000000000003,1.267,0.13699999999999998,1.267,50000,0,sha256:1a43e0ddf8cc02438cc76d27ba1cce86da34109d2e43dcc8ed7c9d581b95b39d
mask_fragment-n50000-w256-m1000-s909,mask_fragment,256,1.0,50000,909,50000,early_mask_fragment,10,SEQ_SCAN,5,0.030000000000000002,0.0363,0.019399999999999997,0.0363,10000,10000,sha256:1a43e0ddf8cc02438cc76d27ba1cce86da34109d2e43dcc8ed7c9d581b95b39d
mask_fragment-n50000-w256-m1000-s909,mask_fragment,256,1.0,50000,909,50000,late_mask_fragment,0,EXPLAIN_ANALYZE,5,0.0003,0.0014,0.00019999999999999998,0.0014,0,0,sha256:6520d056e696ffac14dc135144255adbe9a9d7bbb5ae889b1b0e266e1ada2e57
mask_fragment-n50000-w256-m1000-s909,mask_fragment,256,1.0,50000,909,50000,late_mask_fragment,1,BATCH_CREATE_TABLE_AS,5,4.7642,6.6059,4.383000000000001,6.6059,1,0,sha256:6520d056e696ffac14dc135144255adbe9a9d7bbb5ae889b1b0e266e1ada2e57
mask_fragment-n50000-w256-m1000-s909,mask_fragment,256,1.0,50000,909,50000,late_mask_fragment,2,PROJECTION,5,0.21279999999999993,0.45880000000000004,0.14339999999999997,0.45880000000000004,50000,0,sha256:6520d056e696ffac14dc135144255adbe9a9d7bbb5ae889b1b0e266e1ada2e57
mask_fragment-n50000-w256-m1000-s909,mask_fragment,256,1.0,50000,909,50000,late_mask_fragment,3,ORDER_BY,5,26.741099999999996,31.719600000000007,22.553899999999995,31.719600000000007,50000,0,sha256:6520d056e696ffac14dc135144255adbe9a9d7bbb5ae889b1b0e266e1ada2e57
mask_fragment-n50000-w256-m1000-s909,mask_fragment,256,1.0,50000,909,50000,late_mask_fragment,4,PROJECTION,5,0.8402000000000001,1.1336,0.6463000000000001,1.1336,50000,0,sha256:6520d056e696ffac14dc135144255adbe9a9d7bbb5ae889b1b0e266e1ada2e57
mask_fragment-n50000-w256-m1000-s909,mask_fragment,256,1.0,50000,909,50000,late_mask_fragment,5,PROJECTION,5,638.1039,722.6570999999999,194.05820000000003,722.6570999999999,50000,0,sha256:6520d056e696ffac14dc135144255adbe9a9d7bbb5ae889b1b0e266e1ada2e57
mask_fragment-n50000-w256-m1000-s909,mask_fragment,256,1.0,50000,909,50000,late_mask_fragment,6,HASH_JOIN,5,0.9074,1.1843,0.8768000000000001,1.1843,50000,0,sha256:6520d056e696ffac14dc135144255adbe9a9d7bbb5ae889b1b0e266e1ada2e57
mask_fragment-n50000-w256-m1000-s909,mask_fragment,256,1.0,50000,909,50000,late_mask_fragment,7,SEQ_SCAN,5,2.7135000000000002,3.3032999999999997,2.3898,3.3032999999999997,50000,50000,sha256:6520d056e696ffac14dc135144255adbe9a9d7bbb5ae889b1b0e266e1ada2e57
mask_fragment-n50000-w256-m1000-s909,mask_fragment,256,1.0,50000,909,50000,late_mask_fragment,8,SEQ_SCAN,5,0.040600000000000004,0.05539999999999999,0.031599999999999996,0.05539999999999999,10000,10000,sha256:6520d056e696ffac14dc135144255adbe9a9d7bbb5ae889b1b0e266e1ada2e57
mask_fragment-n50000-w512-m0100-s707,mask_fragment,512,0.1,50000,707,5000,early_mask_fragment,0,EXPLAIN_ANALYZE,5,0.0003,0.00039999999999999996,0.00019999999999999998,0.00039999999999999996,0,0,sha256:1a43e0ddf8cc02438cc76d27ba1cce86da34109d2e43dcc8ed7c9d581b95b39d
mask_fragment-n50000-w512-m0100-s707,mask_fragment,512,0.1,50000,707,5000,early_mask_fragment,1,BATCH_CREATE_TABLE_AS,5,0.7528000000000001,1.1772999999999998,0.7077,1.1772999999999998,1,0,sha256:1a43e0ddf8cc02438cc76d27ba1cce86da34109d2e43dcc8ed7c9d581b95b39d
mask_fragment-n50000-w512-m0100-s707,mask_fragment,512,0.1,50000,707,5000,early_mask_fragment,2,CTE,5,6.657999999999999,25.0748,4.072699999999999,25.0748,0,0,sha256:1a43e0ddf8cc02438cc76d27ba1cce86da34109d2e43dcc8ed7c9d581b95b39d
mask_fragment-n50000-w512-m0100-s707,mask_fragment,512,0.1,50000,707,5000,early_mask_fragment,3,PROJECTION,5,840.6832999999999,1257.8443999999997,494.15259999999995,1257.8443999999997,50000,0,sha256:1a43e0ddf8cc02438cc76d27ba1cce86da34109d2e43dcc8ed7c9d581b95b39d
mask_fragment-n50000-w512-m0100-s707,mask_fragment,512,0.1,50000,707,5000,early_mask_fragment,4,SEQ_SCAN,5,3.4111000000000002,50.3686,3.1336999999999997,50.3686,50000,50000,sha256:1a43e0ddf8cc02438cc76d27ba1cce86da34109d2e43dcc8ed7c9d581b95b39d
mask_fragment-n50000-w512-m0100-s707,mask_fragment,512,0.1,50000,707,5000,early_mask_fragment,5,PROJECTION,5,0.0229,0.2029,0.0195,0.2029,5000,0,sha256:1a43e0ddf8cc02438cc76d27ba1cce86da34109d2e43dcc8ed7c9d581b95b39d
mask_fragment-n50000-w512-m0100-s707,mask_fragment,512,0.1,50000,707,5000,early_mask_fragment,6,ORDER_BY,5,3.6772000000000005,4.939900000000001,3.0589999999999997,4.939900000000001,5000,0,sha256:1a43e0ddf8cc02438cc76d27ba1cce86da34109d2e43dcc8ed7c9d581b95b39d
mask_fragment-n50000-w512-m0100-s707,mask_fragment,512,0.1,50000,707,5000,early_mask_fragment,7,PROJECTION,5,0.019,0.0217,0.0165,0.0217,5000,0,sha256:1a43e0ddf8cc02438cc76d27ba1cce86da34109d2e43dcc8ed7c9d581b95b39d
mask_fragment-n50000-w512-m0100-s707,mask_fragment,512,0.1,50000,707,5000,early_mask_fragment,8,HASH_JOIN,5,2.4987999999999997,4.8126,2.2903,4.8126,5000,0,sha256:1a43e0ddf8cc02438cc76d27ba1cce86da34109d2e43dcc8ed7c9d581b95b39d
mask_fragment-n50000-w512-m0100-s707,mask_fragment,512,0.1,50000,707,5000,early_mask_fragment,9,CTE_SCAN,5,0.13739999999999997,0.2292,0.1284,0.2292,50000,0,sha256:1a43e0ddf8cc02438cc76d27ba1cce86da34109d2e43dcc8ed7c9d581b95b39d
mask_fragment-n50000-w512-m0100-s707,mask_fragment,512,0.1,50000,707,5000,early_mask_fragment,10,SEQ_SCAN,5,0.0291,0.0405,0.0245,0.0405,10000,10000,sha256:1a43e0ddf8cc02438cc76d27ba1cce86da34109d2e43dcc8ed7c9d581b95b39d
mask_fragment-n50000-w512-m0100-s707,mask_fragment,512,0.1,50000,707,5000,late_mask_fragment,0,EXPLAIN_ANALYZE,5,0.0003,0.0011,0.0003,0.0011,0,0,sha256:c31a5394c72fa4480e21e21f18941a529737407325437b881b853a480254b8dd
mask_fragment-n50000-w512-m0100-s707,mask_fragment,512,0.1,50000,707,5000,late_mask_fragment,1,BATCH_CREATE_TABLE_AS,5,0.7091000000000001,0.8269000000000001,0.6965,0.8269000000000001,1,0,sha256:c31a5394c72fa4480e21e21f18941a529737407325437b881b853a480254b8dd
mask_fragment-n50000-w512-m0100-s707,mask_fragment,512,0.1,50000,707,5000,late_mask_fragment,2,PROJECTION,5,0.0349,0.0357,0.0229,0.0357,5000,0,sha256:c31a5394c72fa4480e21e21f18941a529737407325437b881b853a480254b8dd
mask_fragment-n50000-w512-m0100-s707,mask_fragment,512,0.1,50000,707,5000,late_mask_fragment,3,ORDER_BY,5,2.8208,6.138299999999999,2.4800999999999997,6.138299999999999,5000,0,sha256:c31a5394c72fa4480e21e21f18941a529737407325437b881b853a480254b8dd
mask_fragment-n50000-w512-m0100-s707,mask_fragment,512,0.1,50000,707,5000,late_mask_fragment,4,PROJECTION,5,0.20620000000000002,0.42500000000000004,0.13549999999999998,0.42500000000000004,5000,0,sha256:c31a5394c72fa4480e21e21f18941a529737407325437b881b853a480254b8dd
mask_fragment-n50000-w512-m0100-s707,mask_fragment,512,0.1,50000,707,5000,late_mask_fragment,5,PROJECTION,5,58.2456,202.8832,54.250400000000006,202.8832,5000,0,sha256:c31a5394c72fa4480e21e21f18941a529737407325437b881b853a480254b8dd
mask_fragment-n50000-w512-m0100-s707,mask_fragment,512,0.1,50000,707,5000,late_mask_fragment,6,HASH_JOIN,5,0.5876000000000001,1.2445999999999997,0.5336,1.2445999999999997,5000,0,sha256:c31a5394c72fa4480e21e21f18941a529737407325437b881b853a480254b8dd
mask_fragment-n50000-w512-m0100-s707,mask_fragment,512,0.1,50000,707,5000,late_mask_fragment,7,SEQ_SCAN,5,0.6486000000000001,116.53270000000002,0.5686000000000001,116.53270000000002,5000,50000,sha256:c31a5394c72fa4480e21e21f18941a529737407325437b881b853a480254b8dd
mask_fragment-n50000-w512-m0100-s707,mask_fragment,512,0.1,50000,707,5000,late_mask_fragment,8,SEQ_SCAN,5,0.041400000000000006,0.04880000000000001,0.03459999999999999,0.04880000000000001,10000,10000,sha256:c31a5394c72fa4480e21e21f18941a529737407325437b881b853a480254b8dd
mask_fragment-n50000-w512-m0100-s808,mask_fragment,512,0.1,50000,808,5000,early_mask_fragment,0,EXPLAIN_ANALYZE,5,0.0003,0.00039999999999999996,0.00019999999999999998,0.00039999999999999996,0,0,sha256:1a43e0ddf8cc02438cc76d27ba1cce86da34109d2e43dcc8ed7c9d581b95b39d
mask_fragment-n50000-w512-m0100-s808,mask_fragment,512,0.1,50000,808,5000,early_mask_fragment,1,BATCH_CREATE_TABLE_AS,5,0.9705999999999999,1.5558000000000003,0.8019,1.5558000000000003,1,0,sha256:1a43e0ddf8cc02438cc76d27ba1cce86da34109d2e43dcc8ed7c9d581b95b39d
mask_fragment-n50000-w512-m0100-s808,mask_fragment,512,0.1,50000,808,5000,early_mask_fragment,2,CTE,5,6.260999999999999,9.638900000000001,5.6546,9.638900000000001,0,0,sha256:1a43e0ddf8cc02438cc76d27ba1cce86da34109d2e43dcc8ed7c9d581b95b39d
mask_fragment-n50000-w512-m0100-s808,mask_fragment,512,0.1,50000,808,5000,early_mask_fragment,3,PROJECTION,5,606.1840000000001,766.0863999999999,556.4721000000002,766.0863999999999,50000,0,sha256:1a43e0ddf8cc02438cc76d27ba1cce86da34109d2e43dcc8ed7c9d581b95b39d
mask_fragment-n50000-w512-m0100-s808,mask_fragment,512,0.1,50000,808,5000,early_mask_fragment,4,SEQ_SCAN,5,3.4610000000000003,6.487600000000001,3.1763999999999992,6.487600000000001,50000,50000,sha256:1a43e0ddf8cc02438cc76d27ba1cce86da34109d2e43dcc8ed7c9d581b95b39d
mask_fragment-n50000-w512-m0100-s808,mask_fragment,512,0.1,50000,808,5000,early_mask_fragment,5,PROJECTION,5,0.0253,0.0488,0.0196,0.0488,5000,0,sha256:1a43e0ddf8cc02438cc76d27ba1cce86da34109d2e43dcc8ed7c9d581b95b39d
mask_fragment-n50000-w512-m0100-s808,mask_fragment,512,0.1,50000,808,5000,early_mask_fragment,6,ORDER_BY,5,4.356400000000001,5.3472,3.5551,5.3472,5000,0,sha256:1a43e0ddf8cc02438cc76d27ba1cce86da34109d2e43dcc8ed7c9d581b95b39d
mask_fragment-n50000-w512-m0100-s808,mask_fragment,512,0.1,50000,808,5000,early_mask_fragment,7,PROJECTION,5,0.029099999999999997,0.0985,0.016800000000000002,0.0985,5000,0,sha256:1a43e0ddf8cc02438cc76d27ba1cce86da34109d2e43dcc8ed7c9d581b95b39d
mask_fragment-n50000-w512-m0100-s808,mask_fragment,512,0.1,50000,808,5000,early_mask_fragment,8,HASH_JOIN,5,3.3387999999999995,10.845399999999998,2.5863,10.845399999999998,5000,0,sha256:1a43e0ddf8cc02438cc76d27ba1cce86da34109d2e43dcc8ed7c9d581b95b39d
mask_fragment-n50000-w512-m0100-s808,mask_fragment,512,0.1,50000,808,5000,early_mask_fragment,9,CTE_SCAN,5,0.14129999999999998,0.3009,0.1282,0.3009,50000,0,sha256:1a43e0ddf8cc02438cc76d27ba1cce86da34109d2e43dcc8ed7c9d581b95b39d
mask_fragment-n50000-w512-m0100-s808,mask_fragment,512,0.1,50000,808,5000,early_mask_fragment,10,SEQ_SCAN,5,0.08430000000000001,0.3371,0.0374,0.3371,10000,10000,sha256:1a43e0ddf8cc02438cc76d27ba1cce86da34109d2e43dcc8ed7c9d581b95b39d
mask_fragment-n50000-w512-m0100-s808,mask_fragment,512,0.1,50000,808,5000,late_mask_fragment,0,EXPLAIN_ANALYZE,5,0.0003,0.00039999999999999996,0.0003,0.00039999999999999996,0,0,sha256:c31a5394c72fa4480e21e21f18941a529737407325437b881b853a480254b8dd
mask_fragment-n50000-w512-m0100-s808,mask_fragment,512,0.1,50000,808,5000,late_mask_fragment,1,BATCH_CREATE_TABLE_AS,5,0.7033,1.3444,0.6332,1.3444,1,0,sha256:c31a5394c72fa4480e21e21f18941a529737407325437b881b853a480254b8dd
mask_fragment-n50000-w512-m0100-s808,mask_fragment,512,0.1,50000,808,5000,late_mask_fragment,2,PROJECTION,5,0.0334,0.12310000000000001,0.0208,0.12310000000000001,5000,0,sha256:c31a5394c72fa4480e21e21f18941a529737407325437b881b853a480254b8dd
mask_fragment-n50000-w512-m0100-s808,mask_fragment,512,0.1,50000,808,5000,late_mask_fragment,3,ORDER_BY,5,3.206,8.1503,2.1717999999999997,8.1503,5000,0,sha256:c31a5394c72fa4480e21e21f18941a529737407325437b881b853a480254b8dd
mask_fragment-n50000-w512-m0100-s808,mask_fragment,512,0.1,50000,808,5000,late_mask_fragment,4,PROJECTION,5,0.1891,0.7075,0.1255,0.7075,5000,0,sha256:c31a5394c72fa4480e21e21f18941a529737407325437b881b853a480254b8dd
mask_fragment-n50000-w512-m0100-s808,mask_fragment,512,0.1,50000,808,5000,late_mask_fragment,5,PROJECTION,5,53.195,61.3178,45.4851,61.3178,5000,0,sha256:c31a5394c72fa4480e21e21f18941a529737407325437b881b853a480254b8dd
mask_fragment-n50000-w512-m0100-s808,mask_fragment,512,0.1,50000,808,5000,late_mask_fragment,6,HASH_JOIN,5,0.6441999999999999,0.8062,0.49490000000000006,0.8062,5000,0,sha256:c31a5394c72fa4480e21e21f18941a529737407325437b881b853a480254b8dd
mask_fragment-n50000-w512-m0100-s808,mask_fragment,512,0.1,50000,808,5000,late_mask_fragment,7,SEQ_SCAN,5,0.7305,1.2665,0.5264,1.2665,5000,50000,sha256:c31a5394c72fa4480e21e21f18941a529737407325437b881b853a480254b8dd
mask_fragment-n50000-w512-m0100-s808,mask_fragment,512,0.1,50000,808,5000,late_mask_fragment,8,SEQ_SCAN,5,0.0344,0.042499999999999996,0.030500000000000003,0.042499999999999996,10000,10000,sha256:c31a5394c72fa4480e21e21f18941a529737407325437b881b853a480254b8dd
mask_fragment-n50000-w512-m0100-s909,mask_fragment,512,0.1,50000,909,5000,early_mask_fragment,0,EXPLAIN_ANALYZE,5,0.0003,0.0003,0.00019999999999999998,0.0003,0,0,sha256:1a43e0ddf8cc02438cc76d27ba1cce86da34109d2e43dcc8ed7c9d581b95b39d
mask_fragment-n50000-w512-m0100-s909,mask_fragment,512,0.1,50000,909,5000,early_mask_fragment,1,BATCH_CREATE_TABLE_AS,5,0.7052,0.9925999999999999,0.5080000000000001,0.9925999999999999,1,0,sha256:1a43e0ddf8cc02438cc76d27ba1cce86da34109d2e43dcc8ed7c9d581b95b39d
mask_fragment-n50000-w512-m0100-s909,mask_fragment,512,0.1,50000,909,5000,early_mask_fragment,2,CTE,5,3.826,9.532899999999998,2.8955000000000006,9.532899999999998,0,0,sha256:1a43e0ddf8cc02438cc76d27ba1cce86da34109d2e43dcc8ed7c9d581b95b39d
mask_fragment-n50000-w512-m0100-s909,mask_fragment,512,0.1,50000,909,5000,early_mask_fragment,3,PROJECTION,5,393.74390000000005,790.2759999999997,376.06749999999994,790.2759999999997,50000,0,sha256:1a43e0ddf8cc02438cc76d27ba1cce86da34109d2e43dcc8ed7c9d581b95b39d
mask_fragment-n50000-w512-m0100-s909,mask_fragment,512,0.1,50000,909,5000,early_mask_fragment,4,SEQ_SCAN,5,2.6154,4.624300000000001,2.2028,4.624300000000001,50000,50000,sha256:1a43e0ddf8cc02438cc76d27ba1cce86da34109d2e43dcc8ed7c9d581b95b39d
mask_fragment-n50000-w512-m0100-s909,mask_fragment,512,0.1,50000,909,5000,early_mask_fragment,5,PROJECTION,5,0.017199999999999997,0.0259,0.012900000000000002,0.0259,5000,0,sha256:1a43e0ddf8cc02438cc76d27ba1cce86da34109d2e43dcc8ed7c9d581b95b39d
mask_fragment-n50000-w512-m0100-s909,mask_fragment,512,0.1,50000,909,5000,early_mask_fragment,6,ORDER_BY,5,3.4609,8.0232,3.1913,8.0232,5000,0,sha256:1a43e0ddf8cc02438cc76d27ba1cce86da34109d2e43dcc8ed7c9d581b95b39d
mask_fragment-n50000-w512-m0100-s909,mask_fragment,512,0.1,50000,909,5000,early_mask_fragment,7,PROJECTION,5,0.019,0.032100000000000004,0.0159,0.032100000000000004,5000,0,sha256:1a43e0ddf8cc02438cc76d27ba1cce86da34109d2e43dcc8ed7c9d581b95b39d
mask_fragment-n50000-w512-m0100-s909,mask_fragment,512,0.1,50000,909,5000,early_mask_fragment,8,HASH_JOIN,5,2.3317000000000005,5.062,2.1104,5.062,5000,0,sha256:1a43e0ddf8cc02438cc76d27ba1cce86da34109d2e43dcc8ed7c9d581b95b39d
mask_fragment-n50000-w512-m0100-s909,mask_fragment,512,0.1,50000,909,5000,early_mask_fragment,9,CTE_SCAN,5,0.154,0.2051,0.1137,0.2051,50000,0,sha256:1a43e0ddf8cc02438cc76d27ba1cce86da34109d2e43dcc8ed7c9d581b95b39d
mask_fragment-n50000-w512-m0100-s909,mask_fragment,512,0.1,50000,909,5000,early_mask_fragment,10,SEQ_SCAN,5,0.0305,0.045599999999999995,0.023200000000000002,0.045599999999999995,10000,10000,sha256:1a43e0ddf8cc02438cc76d27ba1cce86da34109d2e43dcc8ed7c9d581b95b39d
mask_fragment-n50000-w512-m0100-s909,mask_fragment,512,0.1,50000,909,5000,late_mask_fragment,0,EXPLAIN_ANALYZE,5,0.00039999999999999996,0.0005,0.0003,0.0005,0,0,sha256:c31a5394c72fa4480e21e21f18941a529737407325437b881b853a480254b8dd
mask_fragment-n50000-w512-m0100-s909,mask_fragment,512,0.1,50000,909,5000,late_mask_fragment,1,BATCH_CREATE_TABLE_AS,5,0.8366,1.1926999999999999,0.7056000000000001,1.1926999999999999,1,0,sha256:c31a5394c72fa4480e21e21f18941a529737407325437b881b853a480254b8dd
mask_fragment-n50000-w512-m0100-s909,mask_fragment,512,0.1,50000,909,5000,late_mask_fragment,2,PROJECTION,5,0.038,0.0811,0.025599999999999998,0.0811,5000,0,sha256:c31a5394c72fa4480e21e21f18941a529737407325437b881b853a480254b8dd
mask_fragment-n50000-w512-m0100-s909,mask_fragment,512,0.1,50000,909,5000,late_mask_fragment,3,ORDER_BY,5,4.047000000000001,5.0886000000000005,2.5599,5.0886000000000005,5000,0,sha256:c31a5394c72fa4480e21e21f18941a529737407325437b881b853a480254b8dd
mask_fragment-n50000-w512-m0100-s909,mask_fragment,512,0.1,50000,909,5000,late_mask_fragment,4,PROJECTION,5,0.164,0.1789,0.1357,0.1789,5000,0,sha256:c31a5394c72fa4480e21e21f18941a529737407325437b881b853a480254b8dd
mask_fragment-n50000-w512-m0100-s909,mask_fragment,512,0.1,50000,909,5000,late_mask_fragment,5,PROJECTION,5,73.4048,209.2818,48.3484,209.2818,5000,0,sha256:c31a5394c72fa4480e21e21f18941a529737407325437b881b853a480254b8dd
mask_fragment-n50000-w512-m0100-s909,mask_fragment,512,0.1,50000,909,5000,late_mask_fragment,6,HASH_JOIN,5,0.5573,1.0620000000000003,0.47590000000000005,1.0620000000000003,5000,0,sha256:c31a5394c72fa4480e21e21f18941a529737407325437b881b853a480254b8dd
mask_fragment-n50000-w512-m0100-s909,mask_fragment,512,0.1,50000,909,5000,late_mask_fragment,7,SEQ_SCAN,5,0.764,0.8065,0.6387,0.8065,5000,50000,sha256:c31a5394c72fa4480e21e21f18941a529737407325437b881b853a480254b8dd
mask_fragment-n50000-w512-m0100-s909,mask_fragment,512,0.1,50000,909,5000,late_mask_fragment,8,SEQ_SCAN,5,0.042800000000000005,0.1112,0.0307,0.1112,10000,10000,sha256:c31a5394c72fa4480e21e21f18941a529737407325437b881b853a480254b8dd
mask_fragment-n50000-w512-m0500-s707,mask_fragment,512,0.5,50000,707,25000,early_mask_fragment,0,EXPLAIN_ANALYZE,5,0.0003,0.00039999999999999996,9.999999999999999e-05,0.00039999999999999996,0,0,sha256:1a43e0ddf8cc02438cc76d27ba1cce86da34109d2e43dcc8ed7c9d581b95b39d
mask_fragment-n50000-w512-m0500-s707,mask_fragment,512,0.5,50000,707,25000,early_mask_fragment,1,BATCH_CREATE_TABLE_AS,5,3.4905000000000004,4.0873,3.1949,4.0873,1,0,sha256:1a43e0ddf8cc02438cc76d27ba1cce86da34109d2e43dcc8ed7c9d581b95b39d
mask_fragment-n50000-w512-m0500-s707,mask_fragment,512,0.5,50000,707,25000,early_mask_fragment,2,CTE,5,4.289599999999999,7.276,4.048500000000001,7.276,0,0,sha256:1a43e0ddf8cc02438cc76d27ba1cce86da34109d2e43dcc8ed7c9d581b95b39d
mask_fragment-n50000-w512-m0500-s707,mask_fragment,512,0.5,50000,707,25000,early_mask_fragment,3,PROJECTION,5,461.593,519.4136000000001,453.88699999999994,519.4136000000001,50000,0,sha256:1a43e0ddf8cc02438cc76d27ba1cce86da34109d2e43dcc8ed7c9d581b95b39d
mask_fragment-n50000-w512-m0500-s707,mask_fragment,512,0.5,50000,707,25000,early_mask_fragment,4,SEQ_SCAN,5,3.221800000000001,11.425699999999999,2.2161000000000004,11.425699999999999,50000,50000,sha256:1a43e0ddf8cc02438cc76d27ba1cce86da34109d2e43dcc8ed7c9d581b95b39d
mask_fragment-n50000-w512-m0500-s707,mask_fragment,512,0.5,50000,707,25000,early_mask_fragment,5,PROJECTION,5,0.09960000000000001,0.26470000000000005,0.09029999999999999,0.26470000000000005,25000,0,sha256:1a43e0ddf8cc02438cc76d27ba1cce86da34109d2e43dcc8ed7c9d581b95b39d
mask_fragment-n50000-w512-m0500-s707,mask_fragment,512,0.5,50000,707,25000,early_mask_fragment,6,ORDER_BY,5,19.519499999999997,24.329000000000004,14.507099999999998,24.329000000000004,25000,0,sha256:1a43e0ddf8cc02438cc76d27ba1cce86da34109d2e43dcc8ed7c9d581b95b39d
mask_fragment-n50000-w512-m0500-s707,mask_fragment,512,0.5,50000,707,25000,early_mask_fragment,7,PROJECTION,5,0.08850000000000001,0.1826,0.07150000000000001,0.1826,25000,0,sha256:1a43e0ddf8cc02438cc76d27ba1cce86da34109d2e43dcc8ed7c9d581b95b39d
mask_fragment-n50000-w512-m0500-s707,mask_fragment,512,0.5,50000,707,25000,early_mask_fragment,8,HASH_JOIN,5,4.2824,4.9961,3.3327,4.9961,25000,0,sha256:1a43e0ddf8cc02438cc76d27ba1cce86da34109d2e43dcc8ed7c9d581b95b39d
mask_fragment-n50000-w512-m0500-s707,mask_fragment,512,0.5,50000,707,25000,early_mask_fragment,9,CTE_SCAN,5,0.16820000000000002,0.23060000000000003,0.15109999999999998,0.23060000000000003,50000,0,sha256:1a43e0ddf8cc02438cc76d27ba1cce86da34109d2e43dcc8ed7c9d581b95b39d
mask_fragment-n50000-w512-m0500-s707,mask_fragment,512,0.5,50000,707,25000,early_mask_fragment,10,SEQ_SCAN,5,0.067,1.0899,0.0241,1.0899,10000,10000,sha256:1a43e0ddf8cc02438cc76d27ba1cce86da34109d2e43dcc8ed7c9d581b95b39d
mask_fragment-n50000-w512-m0500-s707,mask_fragment,512,0.5,50000,707,25000,late_mask_fragment,0,EXPLAIN_ANALYZE,5,0.0003,0.0003,0.00019999999999999998,0.0003,0,0,sha256:c31a5394c72fa4480e21e21f18941a529737407325437b881b853a480254b8dd
mask_fragment-n50000-w512-m0500-s707,mask_fragment,512,0.5,50000,707,25000,late_mask_fragment,1,BATCH_CREATE_TABLE_AS,5,3.3961,3.6149999999999993,2.7434,3.6149999999999993,1,0,sha256:c31a5394c72fa4480e21e21f18941a529737407325437b881b853a480254b8dd
mask_fragment-n50000-w512-m0500-s707,mask_fragment,512,0.5,50000,707,25000,late_mask_fragment,2,PROJECTION,5,0.1957,0.2623,0.13299999999999998,0.2623,25000,0,sha256:c31a5394c72fa4480e21e21f18941a529737407325437b881b853a480254b8dd
mask_fragment-n50000-w512-m0500-s707,mask_fragment,512,0.5,50000,707,25000,late_mask_fragment,3,ORDER_BY,5,14.580200000000003,16.6184,12.196,16.6184,25000,0,sha256:c31a5394c72fa4480e21e21f18941a529737407325437b881b853a480254b8dd
mask_fragment-n50000-w512-m0500-s707,mask_fragment,512,0.5,50000,707,25000,late_mask_fragment,4,PROJECTION,5,0.7645000000000001,1.3475000000000001,0.4346,1.3475000000000001,25000,0,sha256:c31a5394c72fa4480e21e21f18941a529737407325437b881b853a480254b8dd
mask_fragment-n50000-w512-m0500-s707,mask_fragment,512,0.5,50000,707,25000,late_mask_fragment,5,PROJECTION,5,232.18820000000005,259.9772,218.91429999999997,259.9772,25000,0,sha256:c31a5394c72fa4480e21e21f18941a529737407325437b881b853a480254b8dd
mask_fragment-n50000-w512-m0500-s707,mask_fragment,512,0.5,50000,707,25000,late_mask_fragment,6,HASH_JOIN,5,1.2515000000000003,1.3245000000000002,0.7608999999999999,1.3245000000000002,25000,0,sha256:c31a5394c72fa4480e21e21f18941a529737407325437b881b853a480254b8dd
mask_fragment-n50000-w512-m0500-s707,mask_fragment,512,0.5,50000,707,25000,late_mask_fragment,7,SEQ_SCAN,5,2.3478000000000003,3.7268,1.7885000000000002,3.7268,25000,50000,sha256:c31a5394c72fa4480e21e21f18941a529737407325437b881b853a480254b8dd
mask_fragment-n50000-w512-m0500-s707,mask_fragment,512,0.5,50000,707,25000,late_mask_fragment,8,SEQ_SCAN,5,0.08360000000000001,0.2896,0.0487,0.2896,10000,10000,sha256:c31a5394c72fa4480e21e21f18941a529737407325437b881b853a480254b8dd
mask_fragment-n50000-w512-m0500-s808,mask_fragment,512,0.5,50000,808,25000,early_mask_fragment,0,EXPLAIN_ANALYZE,5,0.0003,0.00039999999999999996,0.00019999999999999998,0.00039999999999999996,0,0,sha256:1a43e0ddf8cc02438cc76d27ba1cce86da34109d2e43dcc8ed7c9d581b95b39d
mask_fragment-n50000-w512-m0500-s808,mask_fragment,512,0.5,50000,808,25000,early_mask_fragment,1,BATCH_CREATE_TABLE_AS,5,3.0371,3.8819,2.1718,3.8819,1,0,sha256:1a43e0ddf8cc02438cc76d27ba1cce86da34109d2e43dcc8ed7c9d581b95b39d
mask_fragment-n50000-w512-m0500-s808,mask_fragment,512,0.5,50000,808,25000,early_mask_fragment,2,CTE,5,3.9144,5.6123,3.2773000000000008,5.6123,0,0,sha256:1a43e0ddf8cc02438cc76d27ba1cce86da34109d2e43dcc8ed7c9d581b95b39d
mask_fragment-n50000-w512-m0500-s808,mask_fragment,512,0.5,50000,808,25000,early_mask_fragment,3,PROJECTION,5,396.30350000000004,541.4415000000001,344.64940000000007,541.4415000000001,50000,0,sha256:1a43e0ddf8cc02438cc76d27ba1cce86da34109d2e43dcc8ed7c9d581b95b39d
mask_fragment-n50000-w512-m0500-s808,mask_fragment,512,0.5,50000,808,25000,early_mask_fragment,4,SEQ_SCAN,5,2.8216999999999994,3.3245999999999998,2.6381000000000006,3.3245999999999998,50000,50000,sha256:1a43e0ddf8cc02438cc76d27ba1cce86da34109d2e43dcc8ed7c9d581b95b39d
mask_fragment-n50000-w512-m0500-s808,mask_fragment,512,0.5,50000,808,25000,early_mask_fragment,5,PROJECTION,5,0.06460000000000002,0.12150000000000001,0.05329999999999999,0.12150000000000001,25000,0,sha256:1a43e0ddf8cc02438cc76d27ba1cce86da34109d2e43dcc8ed7c9d581b95b39d
mask_fragment-n50000-w512-m0500-s808,mask_fragment,512,0.5,50000,808,25000,early_mask_fragment,6,ORDER_BY,5,14.059099999999997,19.6519,11.6946,19.6519,25000,0,sha256:1a43e0ddf8cc02438cc76d27ba1cce86da34109d2e43dcc8ed7c9d581b95b39d
mask_fragment-n50000-w512-m0500-s808,mask_fragment,512,0.5,50000,808,25000,early_mask_fragment,7,PROJECTION,5,0.08429999999999999,0.12430000000000001,0.0586,0.12430000000000001,25000,0,sha256:1a43e0ddf8cc02438cc76d27ba1cce86da34109d2e43dcc8ed7c9d581b95b39d
mask_fragment-n50000-w512-m0500-s808,mask_fragment,512,0.5,50000,808,25000,early_mask_fragment,8,HASH_JOIN,5,3.3436999999999997,4.8277,2.4533,4.8277,25000,0,sha256:1a43e0ddf8cc02438cc76d27ba1cce86da34109d2e43dcc8ed7c9d581b95b39d
mask_fragment-n50000-w512-m0500-s808,mask_fragment,512,0.5,50000,808,25000,early_mask_fragment,9,CTE_SCAN,5,0.1626,0.3305,0.1353,0.3305,50000,0,sha256:1a43e0ddf8cc02438cc76d27ba1cce86da34109d2e43dcc8ed7c9d581b95b39d
mask_fragment-n50000-w512-m0500-s808,mask_fragment,512,0.5,50000,808,25000,early_mask_fragment,10,SEQ_SCAN,5,0.0467,0.1184,0.024999999999999998,0.1184,10000,10000,sha256:1a43e0ddf8cc02438cc76d27ba1cce86da34109d2e43dcc8ed7c9d581b95b39d
mask_fragment-n50000-w512-m0500-s808,mask_fragment,512,0.5,50000,808,25000,late_mask_fragment,0,EXPLAIN_ANALYZE,5,0.0003,0.00039999999999999996,0.00019999999999999998,0.00039999999999999996,0,0,sha256:c31a5394c72fa4480e21e21f18941a529737407325437b881b853a480254b8dd
mask_fragment-n50000-w512-m0500-s808,mask_fragment,512,0.5,50000,808,25000,late_mask_fragment,1,BATCH_CREATE_TABLE_AS,5,2.7214,4.1438999999999995,2.3872999999999998,4.1438999999999995,1,0,sha256:c31a5394c72fa4480e21e21f18941a529737407325437b881b853a480254b8dd
mask_fragment-n50000-w512-m0500-s808,mask_fragment,512,0.5,50000,808,25000,late_mask_fragment,2,PROJECTION,5,0.10480000000000002,0.19920000000000002,0.0935,0.19920000000000002,25000,0,sha256:c31a5394c72fa4480e21e21f18941a529737407325437b881b853a480254b8dd
mask_fragment-n50000-w512-m0500-s808,mask_fragment,512,0.5,50000,808,25000,late_mask_fragment,3,ORDER_BY,5,13.2086,16.9631,12.068100000000001,16.9631,25000,0,sha256:c31a5394c72fa4480e21e21f18941a529737407325437b881b853a480254b8dd
mask_fragment-n50000-w512-m0500-s808,mask_fragment,512,0.5,50000,808,25000,late_mask_fragment,4,PROJECTION,5,0.6764,0.958,0.6515999999999998,0.958,25000,0,sha256:c31a5394c72fa4480e21e21f18941a529737407325437b881b853a480254b8dd
mask_fragment-n50000-w512-m0500-s808,mask_fragment,512,0.5,50000,808,25000,late_mask_fragment,5,PROJECTION,5,189.2524,369.91459999999995,175.9976,369.91459999999995,25000,0,sha256:c31a5394c72fa4480e21e21f18941a529737407325437b881b853a480254b8dd
mask_fragment-n50000-w512-m0500-s808,mask_fragment,512,0.5,50000,808,25000,late_mask_fragment,6,HASH_JOIN,5,0.7208999999999999,0.7855,0.6697,0.7855,25000,0,sha256:c31a5394c72fa4480e21e21f18941a529737407325437b881b853a480254b8dd
mask_fragment-n50000-w512-m0500-s808,mask_fragment,512,0.5,50000,808,25000,late_mask_fragment,7,SEQ_SCAN,5,2.1732,2.4534000000000007,1.9970000000000006,2.4534000000000007,25000,50000,sha256:c31a5394c72fa4480e21e21f18941a529737407325437b881b853a480254b8dd
mask_fragment-n50000-w512-m0500-s808,mask_fragment,512,0.5,50000,808,25000,late_mask_fragment,8,SEQ_SCAN,5,0.0344,0.044000000000000004,0.029400000000000006,0.044000000000000004,10000,10000,sha256:c31a5394c72fa4480e21e21f18941a529737407325437b881b853a480254b8dd
mask_fragment-n50000-w512-m0500-s909,mask_fragment,512,0.5,50000,909,25000,early_mask_fragment,0,EXPLAIN_ANALYZE,5,0.0003,0.0007,0.00019999999999999998,0.0007,0,0,sha256:1a43e0ddf8cc02438cc76d27ba1cce86da34109d2e43dcc8ed7c9d581b95b39d
mask_fragment-n50000-w512-m0500-s909,mask_fragment,512,0.5,50000,909,25000,early_mask_fragment,1,BATCH_CREATE_TABLE_AS,5,3.6759000000000004,4.415300000000001,2.6136999999999997,4.415300000000001,1,0,sha256:1a43e0ddf8cc02438cc76d27ba1cce86da34109d2e43dcc8ed7c9d581b95b39d
mask_fragment-n50000-w512-m0500-s909,mask_fragment,512,0.5,50000,909,25000,early_mask_fragment,2,CTE,5,4.455099999999999,6.9220999999999995,3.1384,6.9220999999999995,0,0,sha256:1a43e0ddf8cc02438cc76d27ba1cce86da34109d2e43dcc8ed7c9d581b95b39d
mask_fragment-n50000-w512-m0500-s909,mask_fragment,512,0.5,50000,909,25000,early_mask_fragment,3,PROJECTION,5,457.4056,470.673,390.02979999999985,470.673,50000,0,sha256:1a43e0ddf8cc02438cc76d27ba1cce86da34109d2e43dcc8ed7c9d581b95b39d
mask_fragment-n50000-w512-m0500-s909,mask_fragment,512,0.5,50000,909,25000,early_mask_fragment,4,SEQ_SCAN,5,2.6392999999999995,3.5704999999999996,2.3701000000000003,3.5704999999999996,50000,50000,sha256:1a43e0ddf8cc02438cc76d27ba1cce86da34109d2e43dcc8ed7c9d581b95b39d
mask_fragment-n50000-w512-m0500-s909,mask_fragment,512,0.5,50000,909,25000,early_mask_fragment,5,PROJECTION,5,0.1091,0.20110000000000003,0.0731,0.20110000000000003,25000,0,sha256:1a43e0ddf8cc02438cc76d27ba1cce86da34109d2e43dcc8ed7c9d581b95b39d
mask_fragment-n50000-w512-m0500-s909,mask_fragment,512,0.5,50000,909,25000,early_mask_fragment,6,ORDER_BY,5,17.880300000000002,23.543600000000005,14.6969,23.543600000000005,25000,0,sha256:1a43e0ddf8cc02438cc76d27ba1cce86da34109d2e43dcc8ed7c9d581b95b39d
mask_fragment-n50000-w512-m0500-s909,mask_fragment,512,0.5,50000,909,25000,early_mask_fragment,7,PROJECTION,5,0.07920000000000002,0.1037,0.0624,0.1037,25000,0,sha256:1a43e0ddf8cc02438cc76d27ba1cce86da34109d2e43dcc8ed7c9d581b95b39d
mask_fragment-n50000-w512-m0500-s909,mask_fragment,512,0.5,50000,909,25000,early_mask_fragment,8,HASH_JOIN,5,3.4148,9.082900000000002,2.6665000000000005,9.082900000000002,25000,0,sha256:1a43e0ddf8cc02438cc76d27ba1cce86da34109d2e43dcc8ed7c9d581b95b39d
mask_fragment-n50000-w512-m0500-s909,mask_fragment,512,0.5,50000,909,25000,early_mask_fragment,9,CTE_SCAN,5,0.15990000000000001,0.42910000000000004,0.1365,0.42910000000000004,50000,0,sha256:1a43e0ddf8cc02438cc76d27ba1cce86da34109d2e43dcc8ed7c9d581b95b39d
mask_fragment-n50000-w512-m0500-s909,mask_fragment,512,0.5,50000,909,25000,early_mask_fragment,10,SEQ_SCAN,5,0.029500000000000002,0.0659,0.026099999999999998,0.0659,10000,10000,sha256:1a43e0ddf8cc02438cc76d27ba1cce86da34109d2e43dcc8ed7c9d581b95b39d
mask_fragment-n50000-w512-m0500-s909,mask_fragment,512,0.5,50000,909,25000,late_mask_fragment,0,EXPLAIN_ANALYZE,5,0.0003,0.0003,0.00019999999999999998,0.0003,0,0,sha256:c31a5394c72fa4480e21e21f18941a529737407325437b881b853a480254b8dd
mask_fragment-n50000-w512-m0500-s909,mask_fragment,512,0.5,50000,909,25000,late_mask_fragment,1,BATCH_CREATE_TABLE_AS,5,2.5866,2.7518,1.9178999999999997,2.7518,1,0,sha256:c31a5394c72fa4480e21e21f18941a529737407325437b881b853a480254b8dd
mask_fragment-n50000-w512-m0500-s909,mask_fragment,512,0.5,50000,909,25000,late_mask_fragment,2,PROJECTION,5,0.0848,0.11340000000000001,0.0675,0.11340000000000001,25000,0,sha256:c31a5394c72fa4480e21e21f18941a529737407325437b881b853a480254b8dd
mask_fragment-n50000-w512-m0500-s909,mask_fragment,512,0.5,50000,909,25000,late_mask_fragment,3,ORDER_BY,5,11.602100000000004,14.1656,10.1145,14.1656,25000,0,sha256:c31a5394c72fa4480e21e21f18941a529737407325437b881b853a480254b8dd
mask_fragment-n50000-w512-m0500-s909,mask_fragment,512,0.5,50000,909,25000,late_mask_fragment,4,PROJECTION,5,0.5446,0.7452,0.4996999999999999,0.7452,25000,0,sha256:c31a5394c72fa4480e21e21f18941a529737407325437b881b853a480254b8dd
mask_fragment-n50000-w512-m0500-s909,mask_fragment,512,0.5,50000,909,25000,late_mask_fragment,5,PROJECTION,5,193.31629999999996,268.799,180.9953,268.799,25000,0,sha256:c31a5394c72fa4480e21e21f18941a529737407325437b881b853a480254b8dd
mask_fragment-n50000-w512-m0500-s909,mask_fragment,512,0.5,50000,909,25000,late_mask_fragment,6,HASH_JOIN,5,0.7068,0.9576,0.5825,0.9576,25000,0,sha256:c31a5394c72fa4480e21e21f18941a529737407325437b881b853a480254b8dd
mask_fragment-n50000-w512-m0500-s909,mask_fragment,512,0.5,50000,909,25000,late_mask_fragment,7,SEQ_SCAN,5,2.1290000000000004,2.7589999999999995,1.7298999999999998,2.7589999999999995,25000,50000,sha256:c31a5394c72fa4480e21e21f18941a529737407325437b881b853a480254b8dd
mask_fragment-n50000-w512-m0500-s909,mask_fragment,512,0.5,50000,909,25000,late_mask_fragment,8,SEQ_SCAN,5,0.023500000000000004,0.0411,0.021700000000000004,0.0411,10000,10000,sha256:c31a5394c72fa4480e21e21f18941a529737407325437b881b853a480254b8dd
mask_fragment-n50000-w512-m1000-s707,mask_fragment,512,1.0,50000,707,50000,early_mask_fragment,0,EXPLAIN_ANALYZE,5,0.0003,0.0005,0.00019999999999999998,0.0005,0,0,sha256:1a43e0ddf8cc02438cc76d27ba1cce86da34109d2e43dcc8ed7c9d581b95b39d
mask_fragment-n50000-w512-m1000-s707,mask_fragment,512,1.0,50000,707,50000,early_mask_fragment,1,BATCH_CREATE_TABLE_AS,5,6.7336,6.970099999999999,4.5075,6.970099999999999,1,0,sha256:1a43e0ddf8cc02438cc76d27ba1cce86da34109d2e43dcc8ed7c9d581b95b39d
mask_fragment-n50000-w512-m1000-s707,mask_fragment,512,1.0,50000,707,50000,early_mask_fragment,2,CTE,5,4.398700000000001,6.9152000000000005,3.6800000000000006,6.9152000000000005,0,0,sha256:1a43e0ddf8cc02438cc76d27ba1cce86da34109d2e43dcc8ed7c9d581b95b39d
mask_fragment-n50000-w512-m1000-s707,mask_fragment,512,1.0,50000,707,50000,early_mask_fragment,3,PROJECTION,5,465.94599999999997,513.2508,386.1059,513.2508,50000,0,sha256:1a43e0ddf8cc02438cc76d27ba1cce86da34109d2e43dcc8ed7c9d581b95b39d
mask_fragment-n50000-w512-m1000-s707,mask_fragment,512,1.0,50000,707,50000,early_mask_fragment,4,SEQ_SCAN,5,3.6546,5.9894,2.3336000000000006,5.9894,50000,50000,sha256:1a43e0ddf8cc02438cc76d27ba1cce86da34109d2e43dcc8ed7c9d581b95b39d
mask_fragment-n50000-w512-m1000-s707,mask_fragment,512,1.0,50000,707,50000,early_mask_fragment,5,PROJECTION,5,0.1617,0.1957,0.1091,0.1957,50000,0,sha256:1a43e0ddf8cc02438cc76d27ba1cce86da34109d2e43dcc8ed7c9d581b95b39d
mask_fragment-n50000-w512-m1000-s707,mask_fragment,512,1.0,50000,707,50000,early_mask_fragment,6,ORDER_BY,5,34.142999999999994,36.424099999999996,29.422000000000004,36.424099999999996,50000,0,sha256:1a43e0ddf8cc02438cc76d27ba1cce86da34109d2e43dcc8ed7c9d581b95b39d
mask_fragment-n50000-w512-m1000-s707,mask_fragment,512,1.0,50000,707,50000,early_mask_fragment,7,PROJECTION,5,0.13999999999999999,0.216,0.1202,0.216,50000,0,sha256:1a43e0ddf8cc02438cc76d27ba1cce86da34109d2e43dcc8ed7c9d581b95b39d
mask_fragment-n50000-w512-m1000-s707,mask_fragment,512,1.0,50000,707,50000,early_mask_fragment,8,HASH_JOIN,5,3.5463,4.921599999999999,3.2313,4.921599999999999,50000,0,sha256:1a43e0ddf8cc02438cc76d27ba1cce86da34109d2e43dcc8ed7c9d581b95b39d
mask_fragment-n50000-w512-m1000-s707,mask_fragment,512,1.0,50000,707,50000,early_mask_fragment,9,CTE_SCAN,5,0.1786,0.3035,0.1547,0.3035,50000,0,sha256:1a43e0ddf8cc02438cc76d27ba1cce86da34109d2e43dcc8ed7c9d581b95b39d
mask_fragment-n50000-w512-m1000-s707,mask_fragment,512,1.0,50000,707,50000,early_mask_fragment,10,SEQ_SCAN,5,0.033800000000000004,0.035500000000000004,0.026599999999999995,0.035500000000000004,10000,10000,sha256:1a43e0ddf8cc02438cc76d27ba1cce86da34109d2e43dcc8ed7c9d581b95b39d
mask_fragment-n50000-w512-m1000-s707,mask_fragment,512,1.0,50000,707,50000,late_mask_fragment,0,EXPLAIN_ANALYZE,5,0.0003,0.0009,0.00019999999999999998,0.0009,0,0,sha256:6520d056e696ffac14dc135144255adbe9a9d7bbb5ae889b1b0e266e1ada2e57
mask_fragment-n50000-w512-m1000-s707,mask_fragment,512,1.0,50000,707,50000,late_mask_fragment,1,BATCH_CREATE_TABLE_AS,5,4.291300000000001,6.4333,4.144000000000001,6.4333,1,0,sha256:6520d056e696ffac14dc135144255adbe9a9d7bbb5ae889b1b0e266e1ada2e57
mask_fragment-n50000-w512-m1000-s707,mask_fragment,512,1.0,50000,707,50000,late_mask_fragment,2,PROJECTION,5,0.1581,0.25529999999999997,0.146,0.25529999999999997,50000,0,sha256:6520d056e696ffac14dc135144255adbe9a9d7bbb5ae889b1b0e266e1ada2e57
mask_fragment-n50000-w512-m1000-s707,mask_fragment,512,1.0,50000,707,50000,late_mask_fragment,3,ORDER_BY,5,24.161,27.4844,21.001500000000004,27.4844,50000,0,sha256:6520d056e696ffac14dc135144255adbe9a9d7bbb5ae889b1b0e266e1ada2e57
mask_fragment-n50000-w512-m1000-s707,mask_fragment,512,1.0,50000,707,50000,late_mask_fragment,4,PROJECTION,5,0.769,0.8341,0.6783999999999999,0.8341,50000,0,sha256:6520d056e696ffac14dc135144255adbe9a9d7bbb5ae889b1b0e266e1ada2e57
mask_fragment-n50000-w512-m1000-s707,mask_fragment,512,1.0,50000,707,50000,late_mask_fragment,5,PROJECTION,5,344.0556,418.6647000000001,318.5479,418.6647000000001,50000,0,sha256:6520d056e696ffac14dc135144255adbe9a9d7bbb5ae889b1b0e266e1ada2e57
mask_fragment-n50000-w512-m1000-s707,mask_fragment,512,1.0,50000,707,50000,late_mask_fragment,6,HASH_JOIN,5,0.9256,1.0026,0.8585000000000002,1.0026,50000,0,sha256:6520d056e696ffac14dc135144255adbe9a9d7bbb5ae889b1b0e266e1ada2e57
mask_fragment-n50000-w512-m1000-s707,mask_fragment,512,1.0,50000,707,50000,late_mask_fragment,7,SEQ_SCAN,5,2.4894000000000003,2.9848999999999997,2.2546999999999997,2.9848999999999997,50000,50000,sha256:6520d056e696ffac14dc135144255adbe9a9d7bbb5ae889b1b0e266e1ada2e57
mask_fragment-n50000-w512-m1000-s707,mask_fragment,512,1.0,50000,707,50000,late_mask_fragment,8,SEQ_SCAN,5,0.0278,0.033800000000000004,0.0264,0.033800000000000004,10000,10000,sha256:6520d056e696ffac14dc135144255adbe9a9d7bbb5ae889b1b0e266e1ada2e57
mask_fragment-n50000-w512-m1000-s808,mask_fragment,512,1.0,50000,808,50000,early_mask_fragment,0,EXPLAIN_ANALYZE,5,0.0003,0.0003,0.00019999999999999998,0.0003,0,0,sha256:1a43e0ddf8cc02438cc76d27ba1cce86da34109d2e43dcc8ed7c9d581b95b39d
mask_fragment-n50000-w512-m1000-s808,mask_fragment,512,1.0,50000,808,50000,early_mask_fragment,1,BATCH_CREATE_TABLE_AS,5,6.6663,6.9067,5.6113,6.9067,1,0,sha256:1a43e0ddf8cc02438cc76d27ba1cce86da34109d2e43dcc8ed7c9d581b95b39d
mask_fragment-n50000-w512-m1000-s808,mask_fragment,512,1.0,50000,808,50000,early_mask_fragment,2,CTE,5,5.1511,6.089099999999999,4.097100000000001,6.089099999999999,0,0,sha256:1a43e0ddf8cc02438cc76d27ba1cce86da34109d2e43dcc8ed7c9d581b95b39d
mask_fragment-n50000-w512-m1000-s808,mask_fragment,512,1.0,50000,808,50000,early_mask_fragment,3,PROJECTION,5,385.9568,526.6368,324.0487,526.6368,50000,0,sha256:1a43e0ddf8cc02438cc76d27ba1cce86da34109d2e43dcc8ed7c9d581b95b39d
mask_fragment-n50000-w512-m1000-s808,mask_fragment,512,1.0,50000,808,50000,early_mask_fragment,4,SEQ_SCAN,5,2.9443999999999995,3.0463999999999998,2.356699999999999,3.0463999999999998,50000,50000,sha256:1a43e0ddf8cc02438cc76d27ba1cce86da34109d2e43dcc8ed7c9d581b95b39d
mask_fragment-n50000-w512-m1000-s808,mask_fragment,512,1.0,50000,808,50000,early_mask_fragment,5,PROJECTION,5,0.17769999999999997,0.26609999999999995,0.146,0.26609999999999995,50000,0,sha256:1a43e0ddf8cc02438cc76d27ba1cce86da34109d2e43dcc8ed7c9d581b95b39d
mask_fragment-n50000-w512-m1000-s808,mask_fragment,512,1.0,50000,808,50000,early_mask_fragment,6,ORDER_BY,5,34.08369999999999,34.704100000000004,31.379000000000005,34.704100000000004,50000,0,sha256:1a43e0ddf8cc02438cc76d27ba1cce86da34109d2e43dcc8ed7c9d581b95b39d
mask_fragment-n50000-w512-m1000-s808,mask_fragment,512,1.0,50000,808,50000,early_mask_fragment,7,PROJECTION,5,0.12689999999999999,0.1772,0.1157,0.1772,50000,0,sha256:1a43e0ddf8cc02438cc76d27ba1cce86da34109d2e43dcc8ed7c9d581b95b39d
mask_fragment-n50000-w512-m1000-s808,mask_fragment,512,1.0,50000,808,50000,early_mask_fragment,8,HASH_JOIN,5,4.000599999999999,5.1247,3.3234,5.1247,50000,0,sha256:1a43e0ddf8cc02438cc76d27ba1cce86da34109d2e43dcc8ed7c9d581b95b39d
mask_fragment-n50000-w512-m1000-s808,mask_fragment,512,1.0,50000,808,50000,early_mask_fragment,9,CTE_SCAN,5,0.17049999999999998,0.2278,0.15259999999999999,0.2278,50000,0,sha256:1a43e0ddf8cc02438cc76d27ba1cce86da34109d2e43dcc8ed7c9d581b95b39d
mask_fragment-n50000-w512-m1000-s808,mask_fragment,512,1.0,50000,808,50000,early_mask_fragment,10,SEQ_SCAN,5,0.0335,0.0436,0.0307,0.0436,10000,10000,sha256:1a43e0ddf8cc02438cc76d27ba1cce86da34109d2e43dcc8ed7c9d581b95b39d
mask_fragment-n50000-w512-m1000-s808,mask_fragment,512,1.0,50000,808,50000,late_mask_fragment,0,EXPLAIN_ANALYZE,5,0.0003,0.00039999999999999996,0.00019999999999999998,0.00039999999999999996,0,0,sha256:6520d056e696ffac14dc135144255adbe9a9d7bbb5ae889b1b0e266e1ada2e57
mask_fragment-n50000-w512-m1000-s808,mask_fragment,512,1.0,50000,808,50000,late_mask_fragment,1,BATCH_CREATE_TABLE_AS,5,4.8605,5.4166,4.3814,5.4166,1,0,sha256:6520d056e696ffac14dc135144255adbe9a9d7bbb5ae889b1b0e266e1ada2e57
mask_fragment-n50000-w512-m1000-s808,mask_fragment,512,1.0,50000,808,50000,late_mask_fragment,2,PROJECTION,5,0.21919999999999995,0.24500000000000005,0.18980000000000002,0.24500000000000005,50000,0,sha256:6520d056e696ffac14dc135144255adbe9a9d7bbb5ae889b1b0e266e1ada2e57
mask_fragment-n50000-w512-m1000-s808,mask_fragment,512,1.0,50000,808,50000,late_mask_fragment,3,ORDER_BY,5,27.428500000000003,32.1469,23.2982,32.1469,50000,0,sha256:6520d056e696ffac14dc135144255adbe9a9d7bbb5ae889b1b0e266e1ada2e57
mask_fragment-n50000-w512-m1000-s808,mask_fragment,512,1.0,50000,808,50000,late_mask_fragment,4,PROJECTION,5,0.8327,1.0648999999999997,0.6825,1.0648999999999997,50000,0,sha256:6520d056e696ffac14dc135144255adbe9a9d7bbb5ae889b1b0e266e1ada2e57
mask_fragment-n50000-w512-m1000-s808,mask_fragment,512,1.0,50000,808,50000,late_mask_fragment,5,PROJECTION,5,454.26370000000003,534.7088,325.97259999999994,534.7088,50000,0,sha256:6520d056e696ffac14dc135144255adbe9a9d7bbb5ae889b1b0e266e1ada2e57
mask_fragment-n50000-w512-m1000-s808,mask_fragment,512,1.0,50000,808,50000,late_mask_fragment,6,HASH_JOIN,5,1.3848,1.9015999999999997,0.9643000000000002,1.9015999999999997,50000,0,sha256:6520d056e696ffac14dc135144255adbe9a9d7bbb5ae889b1b0e266e1ada2e57
mask_fragment-n50000-w512-m1000-s808,mask_fragment,512,1.0,50000,808,50000,late_mask_fragment,7,SEQ_SCAN,5,2.6374000000000004,3.2197000000000005,2.2410000000000005,3.2197000000000005,50000,50000,sha256:6520d056e696ffac14dc135144255adbe9a9d7bbb5ae889b1b0e266e1ada2e57
mask_fragment-n50000-w512-m1000-s808,mask_fragment,512,1.0,50000,808,50000,late_mask_fragment,8,SEQ_SCAN,5,0.047799999999999995,0.08029999999999998,0.0359,0.08029999999999998,10000,10000,sha256:6520d056e696ffac14dc135144255adbe9a9d7bbb5ae889b1b0e266e1ada2e57
mask_fragment-n50000-w512-m1000-s909,mask_fragment,512,1.0,50000,909,50000,early_mask_fragment,0,EXPLAIN_ANALYZE,5,0.00039999999999999996,0.00039999999999999996,0.00019999999999999998,0.00039999999999999996,0,0,sha256:1a43e0ddf8cc02438cc76d27ba1cce86da34109d2e43dcc8ed7c9d581b95b39d
mask_fragment-n50000-w512-m1000-s909,mask_fragment,512,1.0,50000,909,50000,early_mask_fragment,1,BATCH_CREATE_TABLE_AS,5,6.253000000000002,9.289200000000001,5.384099999999998,9.289200000000001,1,0,sha256:1a43e0ddf8cc02438cc76d27ba1cce86da34109d2e43dcc8ed7c9d581b95b39d
mask_fragment-n50000-w512-m1000-s909,mask_fragment,512,1.0,50000,909,50000,early_mask_fragment,2,CTE,5,4.6305000000000005,6.958,3.6008999999999998,6.958,0,0,sha256:1a43e0ddf8cc02438cc76d27ba1cce86da34109d2e43dcc8ed7c9d581b95b39d
mask_fragment-n50000-w512-m1000-s909,mask_fragment,512,1.0,50000,909,50000,early_mask_fragment,3,PROJECTION,5,503.25960000000003,553.2192999999999,466.74450000000013,553.2192999999999,50000,0,sha256:1a43e0ddf8cc02438cc76d27ba1cce86da34109d2e43dcc8ed7c9d581b95b39d
mask_fragment-n50000-w512-m1000-s909,mask_fragment,512,1.0,50000,909,50000,early_mask_fragment,4,SEQ_SCAN,5,3.5059,4.265300000000001,2.5571000000000006,4.265300000000001,50000,50000,sha256:1a43e0ddf8cc02438cc76d27ba1cce86da34109d2e43dcc8ed7c9d581b95b39d
mask_fragment-n50000-w512-m1000-s909,mask_fragment,512,1.0,50000,909,50000,early_mask_fragment,5,PROJECTION,5,0.2296,0.3804,0.14989999999999998,0.3804,50000,0,sha256:1a43e0ddf8cc02438cc76d27ba1cce86da34109d2e43dcc8ed7c9d581b95b39d
mask_fragment-n50000-w512-m1000-s909,mask_fragment,512,1.0,50000,909,50000,early_mask_fragment,6,ORDER_BY,5,38.3313,52.9043,29.946999999999996,52.9043,50000,0,sha256:1a43e0ddf8cc02438cc76d27ba1cce86da34109d2e43dcc8ed7c9d581b95b39d
mask_fragment-n50000-w512-m1000-s909,mask_fragment,512,1.0,50000,909,50000,early_mask_fragment,7,PROJECTION,5,0.14849999999999997,0.1774,0.1134,0.1774,50000,0,sha256:1a43e0ddf8cc02438cc76d27ba1cce86da34109d2e43dcc8ed7c9d581b95b39d
mask_fragment-n50000-w512-m1000-s909,mask_fragment,512,1.0,50000,909,50000,early_mask_fragment,8,HASH_JOIN,5,3.9036999999999997,6.326699999999999,3.2638999999999996,6.326699999999999,50000,0,sha256:1a43e0ddf8cc02438cc76d27ba1cce86da34109d2e43dcc8ed7c9d581b95b39d
mask_fragment-n50000-w512-m1000-s909,mask_fragment,512,1.0,50000,909,50000,early_mask_fragment,9,CTE_SCAN,5,0.20149999999999998,0.3571000000000001,0.16340000000000002,0.3571000000000001,50000,0,sha256:1a43e0ddf8cc02438cc76d27ba1cce86da34109d2e43dcc8ed7c9d581b95b39d
mask_fragment-n50000-w512-m1000-s909,mask_fragment,512,1.0,50000,909,50000,early_mask_fragment,10,SEQ_SCAN,5,0.0337,0.055099999999999996,0.028499999999999998,0.055099999999999996,10000,10000,sha256:1a43e0ddf8cc02438cc76d27ba1cce86da34109d2e43dcc8ed7c9d581b95b39d
mask_fragment-n50000-w512-m1000-s909,mask_fragment,512,1.0,50000,909,50000,late_mask_fragment,0,EXPLAIN_ANALYZE,5,0.0003,0.0005,9.999999999999999e-05,0.0005,0,0,sha256:6520d056e696ffac14dc135144255adbe9a9d7bbb5ae889b1b0e266e1ada2e57
mask_fragment-n50000-w512-m1000-s909,mask_fragment,512,1.0,50000,909,50000,late_mask_fragment,1,BATCH_CREATE_TABLE_AS,5,6.0798,7.5482,4.5794,7.5482,1,0,sha256:6520d056e696ffac14dc135144255adbe9a9d7bbb5ae889b1b0e266e1ada2e57
mask_fragment-n50000-w512-m1000-s909,mask_fragment,512,1.0,50000,909,50000,late_mask_fragment,2,PROJECTION,5,0.29830000000000007,0.46579999999999994,0.17769999999999997,0.46579999999999994,50000,0,sha256:6520d056e696ffac14dc135144255adbe9a9d7bbb5ae889b1b0e266e1ada2e57
mask_fragment-n50000-w512-m1000-s909,mask_fragment,512,1.0,50000,909,50000,late_mask_fragment,3,ORDER_BY,5,29.4972,31.9425,24.557500000000005,31.9425,50000,0,sha256:6520d056e696ffac14dc135144255adbe9a9d7bbb5ae889b1b0e266e1ada2e57
mask_fragment-n50000-w512-m1000-s909,mask_fragment,512,1.0,50000,909,50000,late_mask_fragment,4,PROJECTION,5,0.7777000000000001,1.2473000000000003,0.5969000000000002,1.2473000000000003,50000,0,sha256:6520d056e696ffac14dc135144255adbe9a9d7bbb5ae889b1b0e266e1ada2e57
mask_fragment-n50000-w512-m1000-s909,mask_fragment,512,1.0,50000,909,50000,late_mask_fragment,5,PROJECTION,5,363.41399999999993,405.61480000000006,308.284,405.61480000000006,50000,0,sha256:6520d056e696ffac14dc135144255adbe9a9d7bbb5ae889b1b0e266e1ada2e57
mask_fragment-n50000-w512-m1000-s909,mask_fragment,512,1.0,50000,909,50000,late_mask_fragment,6,HASH_JOIN,5,0.9943999999999998,1.9304000000000001,0.6974,1.9304000000000001,50000,0,sha256:6520d056e696ffac14dc135144255adbe9a9d7bbb5ae889b1b0e266e1ada2e57
mask_fragment-n50000-w512-m1000-s909,mask_fragment,512,1.0,50000,909,50000,late_mask_fragment,7,SEQ_SCAN,5,2.7379,3.0631000000000004,2.2307000000000006,3.0631000000000004,50000,50000,sha256:6520d056e696ffac14dc135144255adbe9a9d7bbb5ae889b1b0e266e1ada2e57
mask_fragment-n50000-w512-m1000-s909,mask_fragment,512,1.0,50000,909,50000,late_mask_fragment,8,SEQ_SCAN,5,0.043699999999999996,0.0775,0.026200000000000005,0.0775,10000,10000,sha256:6520d056e696ffac14dc135144255adbe9a9d7bbb5ae889b1b0e266e1ada2e57
