benchmark,commit_hash,component,identifier_width,latency_ms,logical_payload_bytes,match_rate,matched_rows,order_position,physical_plan_fingerprint,repeat_index,result_digest,row_count,run_id,seed,unit_id
mask_fragment,58ced0e286dfa2b04542a7873472fb4400aeb830,late_mask_fragment,1024,268.51199998054653,153600000,0.1,15000,0,sha256:18bd7fb3b6d02ff88c53bf4a74124c631590d7e276f031a9034dc7f9cb857902,0,sha256:61b1e4d6b9b9974e432c60cc5cc2e0fcaef308361c918c8a094811d0f8e06a97,150000,20260717T120435635390Z,707,mask_fragment-n150000-w1024-m0100-s707
mask_fragment,58ced0e286dfa2b04542a7873472fb4400aeb830,early_mask_fragment,1024,2155.7061999919824,153600000,0.1,15000,1,sha256:1a43e0ddf8cc02438cc76d27ba1cce86da34109d2e43dcc8ed7c9d581b95b39d,0,sha256:61b1e4d6b9b9974e432c60cc5cc2e0fcaef308361c918c8a094811d0f8e06a97,150000,20260717T120435635390Z,707,mask_fragment-n150000-w1024-m0100-s707
mask_fragment,58ced0e286dfa2b04542a7873472fb4400aeb830,early_mask_fragment,1024,2112.1099999872968,153600000,0.1,15000,0,sha256:1a43e0ddf8cc02438cc76d27ba1cce86da34109d2e43dcc8ed7c9d581b95b39d,1,sha256:61b1e4d6b9b9974e432c60cc5cc2e0fcaef308361c918c8a094811d0f8e06a97,150000,20260717T120435635390Z,707,mask_fragment-n150000-w1024-m0100-s707
mask_fragment,58ced0e286dfa2b04542a7873472fb4400aeb830,late_mask_fragment,1024,241.09809997025877,153600000,0.1,15000,1,sha256:18bd7fb3b6d02ff88c53bf4a74124c631590d7e276f031a9034dc7f9cb857902,1,sha256:61b1e4d6b9b9974e432c60cc5cc2e0fcaef308361c918c8a094811d0f8e06a97,150000,20260717T120435635390Z,707,mask_fragment-n150000-w1024-m0100-s707
mask_fragment,58ced0e286dfa2b04542a7873472fb4400aeb830,late_mask_fragment,1024,224.45710003376007,153600000,0.1,15000,0,sha256:18bd7fb3b6d02ff88c53bf4a74124c631590d7e276f031a9034dc7f9cb857902,2,sha256:61b1e4d6b9b9974e432c60cc5cc2e0fcaef308361c918c8a094811d0f8e06a97,150000,20260717T120435635390Z,707,mask_fragment-n150000-w1024-m0100-s707
mask_fragment,58ced0e286dfa2b04542a7873472fb4400aeb830,early_mask_fragment,1024,2003.3503000158817,153600000,0.1,15000,1,sha256:1a43e0ddf8cc02438cc76d27ba1cce86da34109d2e43dcc8ed7c9d581b95b39d,2,sha256:61b1e4d6b9b9974e432c60cc5cc2e0fcaef308361c918c8a094811d0f8e06a97,150000,20260717T120435635390Z,707,mask_fragment-n150000-w1024-m0100-s707
mask_fragment,58ced0e286dfa2b04542a7873472fb4400aeb830,early_mask_fragment,1024,1761.1441999906674,153600000,0.1,15000,0,sha256:1a43e0ddf8cc02438cc76d27ba1cce86da34109d2e43dcc8ed7c9d581b95b39d,3,sha256:61b1e4d6b9b9974e432c60cc5cc2e0fcaef308361c918c8a094811d0f8e06a97,150000,20260717T120435635390Z,707,mask_fragment-n150000-w1024-m0100-s707
mask_fragment,58ced0e286dfa2b04542a7873472fb4400aeb830,late_mask_fragment,1024,216.285600035917,153600000,0.1,15000,1,sha256:18bd7fb3b6d02ff88c53bf4a74124c631590d7e276f031a9034dc7f9cb857902,3,sha256:61b1e4d6b9b9974e432c60cc5cc2e0fcaef308361c918c8a094811d0f8e06a97,150000,20260717T120435635390Z,707,mask_fragment-n150000-w1024-m0100-s707
mask_fragment,58ced0e286dfa2b04542a7873472fb4400aeb830,late_mask_fragment,1024,205.3017999860458,153600000,0.1,15000,0,sha256:18bd7fb3b6d02ff88c53bf4a74124c631590d7e276f031a9034dc7f9cb857902,4,sha256:61b1e4d6b9b9974e432c60cc5cc2e0fcaef308361c918c8a094811d0f8e06a97,150000,20260717T120435635390Z,707,mask_fragment-n150000-w1024-m0100-s707
mask_fragment,58ced0e286dfa2b04542a7873472fb4400aeb830,early_mask_fragment,1024,2029.0951000060886,153600000,0.1,15000,1,sha256:1a43e0ddf8cc02438cc76d27ba1cce86da34109d2e43dcc8ed7c9d581b95b39d,4,sha256:61b1e4d6b9b9974e432c60cc5cc2e0fcaef308361c918c8a094811d0f8e06a97,150000,20260717T120435635390Z,707,mask_fragment-n150000-w1024-m0100-s707
mask_fragment,58ced0e286dfa2b04542a7873472fb4400aeb830,early_mask_fragment,1024,1838.027699966915,153600000,0.1,15000,0,sha256:1a43e0ddf8cc02438cc76d27ba1cce86da34109d2e43dcc8ed7c9d581b95b39d,5,sha256:61b1e4d6b9b9974e432c60cc5cc2e0fcaef308361c918c8a094811d0f8e06a97,150000,20260717T120435635390Z,707,mask_fragment-n150000-w1024-m0100-s707
mask_fragment,58ced0e286dfa2b04542a7873472fb4400aeb830,late_mask_fragment,1024,273.44159997301176,153600000,0.1,15000,1,sha256:18bd7fb3b6d02ff88c53bf4a74124c631590d7e276f031a9034dc7f9cb857902,5,sha256:61b1e4d6b9b9974e432c60cc5cc2e0fcaef308361c918c8a094811d0f8e06a97,150000,20260717T120435635390Z,707,mask_fragment-n150000-w1024-m0100-s707
mask_fragment,58ced0e286dfa2b04542a7873472fb4400aeb830,late_mask_fragment,1024,251.2781000114046,153600000,0.1,15000,0,sha256:18bd7fb3b6d02ff88c53bf4a74124c631590d7e276f031a9034dc7f9cb857902,6,sha256:61b1e4d6b9b9974e432c60cc5cc2e0fcaef308361c918c8a094811d0f8e06a97,150000,20260717T120435635390Z,707,mask_fragment-n150000-w1024-m0100-s707
mask_fragment,58ced0e286dfa2b04542a7873472fb4400aeb830,early_mask_fragment,1024,1976.051900011953,153600000,0.1,15000,1,sha256:1a43e0ddf8cc02438cc76d27ba1cce86da34109d2e43dcc8ed7c9d581b95b39d,6,sha256:61b1e4d6b9b9974e432c60cc5cc2e0fcaef308361c918c8a094811d0f8e06a97,150000,20260717T120435635390Z,707,mask_fragment-n150000-w1024-m0100-s707
mask_fragment,58ced0e286dfa2b04542a7873472fb4400aeb830,early_mask_fragment,1024,2156.645000039134,153600000,0.1,15000,0,sha256:1a43e0ddf8cc02438cc76d27ba1cce86da34109d2e43dcc8ed7c9d581b95b39d,7,sha256:61b1e4d6b9b9974e432c60cc5cc2e0fcaef308361c918c8a094811d0f8e06a97,150000,20260717T120435635390Z,707,mask_fragment-n150000-w1024-m0100-s707
mask_fragment,58ced0e286dfa2b04542a7873472fb4400aeb830,late_mask_fragment,1024,255.76779997209087,153600000,0.1,15000,1,sha256:18bd7fb3b6d02ff88c53bf4a74124c631590d7e276f031a9034dc7f9cb857902,7,sha256:61b1e4d6b9b9974e432c60cc5cc2e0fcaef308361c918c8a094811d0f8e06a97,150000,20260717T120435635390Z,707,mask_fragment-n150000-w1024-m0100-s707
mask_fragment,58ced0e286dfa2b04542a7873472fb4400aeb830,late_mask_fragment,1024,263.74000002397224,153600000,0.1,15000,0,sha256:18bd7fb3b6d02ff88c53bf4a74124c631590d7e276f031a9034dc7f9cb857902,8,sha256:61b1e4d6b9b9974e432c60cc5cc2e0fcaef308361c918c8a094811d0f8e06a97,150000,20260717T120435635390Z,707,mask_fragment-n150000-w1024-m0100-s707
mask_fragment,58ced0e286dfa2b04542a7873472fb4400aeb830,early_mask_fragment,1024,1846.9313000096008,153600000,0.1,15000,1,sha256:1a43e0ddf8cc02438cc76d27ba1cce86da34109d2e43dcc8ed7c9d581b95b39d,8,sha256:61b1e4d6b9b9974e432c60cc5cc2e0fcaef308361c918c8a094811d0f8e06a97,150000,20260717T120435635390Z,707,mask_fragment-n150000-w1024-m0100-s707
mask_fragment,58ced0e286dfa2b04542a7873472fb4400aeb830,early_mask_fragment,1024,2136.858200014103,153600000,0.1,15000,0,sha256:1a43e0ddf8cc02438cc76d27ba1cce86da34109d2e43dcc8ed7c9d581b95b39d,9,sha256:61b1e4d6b9b9974e432c60cc5cc2e0fcaef308361c918c8a094811d0f8e06a97,150000,20260717T120435635390Z,707,mask_fragment-n150000-w1024-m0100-s707
mask_fragment,58ced0e286dfa2b04542a7873472fb4400aeb830,late_mask_fragment,1024,365.4196999850683,153600000,0.1,15000,1,sha256:18bd7fb3b6d02ff88c53bf4a74124c631590d7e276f031a9034dc7f9cb857902,9,sha256:61b1e4d6b9b9974e432c60cc5cc2e0fcaef308361c918c8a094811d0f8e06a97,150000,20260717T120435635390Z,707,mask_fragment-n150000-w1024-m0100-s707
mask_fragment,58ced0e286dfa2b04542a7873472fb4400aeb830,late_mask_fragment,1024,288.6980000184849,153600000,0.1,15000,0,sha256:18bd7fb3b6d02ff88c53bf4a74124c631590d7e276f031a9034dc7f9cb857902,10,sha256:61b1e4d6b9b9974e432c60cc5cc2e0fcaef308361c918c8a094811d0f8e06a97,150000,20260717T120435635390Z,707,mask_fragment-n150000-w1024-m0100-s707
mask_fragment,58ced0e286dfa2b04542a7873472fb4400aeb830,early_mask_fragment,1024,2468.755300040357,153600000,0.1,15000,1,sha256:1a43e0ddf8cc02438cc76d27ba1cce86da34109d2e43dcc8ed7c9d581b95b39d,10,sha256:61b1e4d6b9b9974e432c60cc5cc2e0fcaef308361c918c8a094811d0f8e06a97,150000,20260717T120435635390Z,707,mask_fragment-n150000-w1024-m0100-s707
mask_fragment,58ced0e286dfa2b04542a7873472fb4400aeb830,early_mask_fragment,1024,2788.523500028532,153600000,0.1,15000,0,sha256:1a43e0ddf8cc02438cc76d27ba1cce86da34109d2e43dcc8ed7c9d581b95b39d,11,sha256:61b1e4d6b9b9974e432c60cc5cc2e0fcaef308361c918c8a094811d0f8e06a97,150000,20260717T120435635390Z,707,mask_fragment-n150000-w1024-m0100-s707
mask_fragment,58ced0e286dfa2b04542a7873472fb4400aeb830,late_mask_fragment,1024,382.3369000456296,153600000,0.1,15000,1,sha256:18bd7fb3b6d02ff88c53bf4a74124c631590d7e276f031a9034dc7f9cb857902,11,sha256:61b1e4d6b9b9974e432c60cc5cc2e0fcaef308361c918c8a094811d0f8e06a97,150000,20260717T120435635390Z,707,mask_fragment-n150000-w1024-m0100-s707
mask_fragment,58ced0e286dfa2b04542a7873472fb4400aeb830,late_mask_fragment,1024,401.24649996869266,153600000,0.1,15000,0,sha256:18bd7fb3b6d02ff88c53bf4a74124c631590d7e276f031a9034dc7f9cb857902,12,sha256:61b1e4d6b9b9974e432c60cc5cc2e0fcaef308361c918c8a094811d0f8e06a97,150000,20260717T120435635390Z,707,mask_fragment-n150000-w1024-m0100-s707
mask_fragment,58ced0e286dfa2b04542a7873472fb4400aeb830,early_mask_fragment,1024,2915.7238000188954,153600000,0.1,15000,1,sha256:1a43e0ddf8cc02438cc76d27ba1cce86da34109d2e43dcc8ed7c9d581b95b39d,12,sha256:61b1e4d6b9b9974e432c60cc5cc2e0fcaef308361c918c8a094811d0f8e06a97,150000,20260717T120435635390Z,707,mask_fragment-n150000-w1024-m0100-s707
mask_fragment,58ced0e286dfa2b04542a7873472fb4400aeb830,early_mask_fragment,1024,2681.202600011602,153600000,0.1,15000,0,sha256:1a43e0ddf8cc02438cc76d27ba1cce86da34109d2e43dcc8ed7c9d581b95b39d,13,sha256:61b1e4d6b9b9974e432c60cc5cc2e0fcaef308361c918c8a094811d0f8e06a97,150000,20260717T120435635390Z,707,mask_fragment-n150000-w1024-m0100-s707
mask_fragment,58ced0e286dfa2b04542a7873472fb4400aeb830,late_mask_fragment,1024,316.6073000174947,153600000,0.1,15000,1,sha256:18bd7fb3b6d02ff88c53bf4a74124c631590d7e276f031a9034dc7f9cb857902,13,sha256:61b1e4d6b9b9974e432c60cc5cc2e0fcaef308361c918c8a094811d0f8e06a97,150000,20260717T120435635390Z,707,mask_fragment-n150000-w1024-m0100-s707
mask_fragment,58ced0e286dfa2b04542a7873472fb4400aeb830,late_mask_fragment,1024,292.89870004868135,153600000,0.1,15000,0,sha256:18bd7fb3b6d02ff88c53bf4a74124c631590d7e276f031a9034dc7f9cb857902,14,sha256:61b1e4d6b9b9974e432c60cc5cc2e0fcaef308361c918c8a094811d0f8e06a97,150000,20260717T120435635390Z,707,mask_fragment-n150000-w1024-m0100-s707
mask_fragment,58ced0e286dfa2b04542a7873472fb4400aeb830,early_mask_fragment,1024,2211.4504000055604,153600000,0.1,15000,1,sha256:1a43e0ddf8cc02438cc76d27ba1cce86da34109d2e43dcc8ed7c9d581b95b39d,14,sha256:61b1e4d6b9b9974e432c60cc5cc2e0fcaef308361c918c8a094811d0f8e06a97,150000,20260717T120435635390Z,707,mask_fragment-n150000-w1024-m0100-s707
mask_fragment,58ced0e286dfa2b04542a7873472fb4400aeb830,early_mask_fragment,1024,1747.8551999665797,153600000,0.1,15000,0,sha256:1a43e0ddf8cc02438cc76d27ba1cce86da34109d2e43dcc8ed7c9d581b95b39d,0,sha256:f94c98784cdef519122ae87d9d52c56815c765a094baa1be45f40c0125a53089,150000,20260717T120435635390Z,808,mask_fragment-n150000-w1024-m0100-s808
mask_fragment,58ced0e286dfa2b04542a7873472fb4400aeb830,late_mask_fragment,1024,291.02699999930337,153600000,0.1,15000,1,sha256:18bd7fb3b6d02ff88c53bf4a74124c631590d7e276f031a9034dc7f9cb857902,0,sha256:f94c98784cdef519122ae87d9d52c56815c765a094baa1be45f40c0125a53089,150000,20260717T120435635390Z,808,mask_fragment-n150000-w1024-m0100-s808
mask_fragment,58ced0e286dfa2b04542a7873472fb4400aeb830,late_mask_fragment,1024,228.85720001067966,153600000,0.1,15000,0,sha256:18bd7fb3b6d02ff88c53bf4a74124c631590d7e276f031a9034dc7f9cb857902,1,sha256:f94c98784cdef519122ae87d9d52c56815c765a094baa1be45f40c0125a53089,150000,20260717T120435635390Z,808,mask_fragment-n150000-w1024-m0100-s808
mask_fragment,58ced0e286dfa2b04542a7873472fb4400aeb830,early_mask_fragment,1024,1796.7362999916077,153600000,0.1,15000,1,sha256:1a43e0ddf8cc02438cc76d27ba1cce86da34109d2e43dcc8ed7c9d581b95b39d,1,sha256:f94c98784cdef519122ae87d9d52c56815c765a094baa1be45f40c0125a53089,150000,20260717T120435635390Z,808,mask_fragment-n150000-w1024-m0100-s808
mask_fragment,58ced0e286dfa2b04542a7873472fb4400aeb830,early_mask_fragment,1024,1790.891999960877,153600000,0.1,15000,0,sha256:1a43e0ddf8cc02438cc76d27ba1cce86da34109d2e43dcc8ed7c9d581b95b39d,2,sha256:f94c98784cdef519122ae87d9d52c56815c765a094baa1be45f40c0125a53089,150000,20260717T120435635390Z,808,mask_fragment-n150000-w1024-m0100-s808
mask_fragment,58ced0e286dfa2b04542a7873472fb4400aeb830,late_mask_fragment,1024,280.73050000239164,153600000,0.1,15000,1,sha256:18bd7fb3b6d02ff88c53bf4a74124c631590d7e276f031a9034dc7f9cb857902,2,sha256:f94c98784cdef519122ae87d9d52c56815c765a094baa1be45f40c0125a53089,150000,20260717T120435635390Z,808,mask_fragment-n150000-w1024-m0100-s808
mask_fragment,58ced0e286dfa2b04542a7873472fb4400aeb830,late_mask_fragment,1024,200.39459998952225,153600000,0.1,15000,0,sha256:18bd7fb3b6d02ff88c53bf4a74124c631590d7e276f031a9034dc7f9cb857902,3,sha256:f94c98784cdef519122ae87d9d52c56815c765a094baa1be45f40c0125a53089,150000,20260717T120435635390Z,808,mask_fragment-n150000-w1024-m0100-s808
mask_fragment,58ced0e286dfa2b04542a7873472fb4400aeb830,early_mask_fragment,1024,1716.9261999661103,153600000,0.1,15000,1,sha256:1a43e0ddf8cc02438cc76d27ba1cce86da34109d2e43dcc8ed7c9d581b95b39d,3,sha256:f94c98784cdef519122ae87d9d52c56815c765a094baa1be45f40c0125a53089,150000,20260717T120435635390Z,808,mask_fragment-n150000-w1024-m0100-s808
mask_fragment,58ced0e286dfa2b04542a7873472fb4400aeb830,early_mask_fragment,1024,1803.7933000014164,153600000,0.1,15000,0,sha256:1a43e0ddf8cc02438cc76d27ba1cce86da34109d2e43dcc8ed7c9d581b95b39d,4,sha256:f94c98784cdef519122ae87d9d52c56815c765a094baa1be45f40c0125a53089,150000,20260717T120435635390Z,808,mask_fragment-n150000-w1024-m0100-s808
mask_fragment,58ced0e286dfa2b04542a7873472fb4400aeb830,late_mask_fragment,1024,260.523299977649,153600000,0.1,15000,1,sha256:18bd7fb3b6d02ff88c53bf4a74124c631590d7e276f031a9034dc7f9cb857902,4,sha256:f94c98784cdef519122ae87d9d52c56815c765a094baa1be45f40c0125a53089,150000,20260717T120435635390Z,808,mask_fragment-n150000-w1024-m0100-s808
mask_fragment,58ced0e286dfa2b04542a7873472fb4400aeb830,late_mask_fragment,1024,235.61679996782914,153600000,0.1,15000,0,sha256:18bd7fb3b6d02ff88c53bf4a74124c631590d7e276f031a9034dc7f9cb857902,5,sha256:f94c98784cdef519122ae87d9d52c56815c765a094baa1be45f40c0125a53089,150000,20260717T120435635390Z,808,mask_fragment-n150000-w1024-m0100-s808
mask_fragment,58ced0e286dfa2b04542a7873472fb4400aeb830,early_mask_fragment,1024,2119.6873000008054,153600000,0.1,15000,1,sha256:1a43e0ddf8cc02438cc76d27ba1cce86da34109d2e43dcc8ed7c9d581b95b39d,5,sha256:f94c98784cdef519122ae87d9d52c56815c765a094baa1be45f40c0125a53089,150000,20260717T120435635390Z,808,mask_fragment-n150000-w1024-m0100-s808
mask_fragment,58ced0e286dfa2b04542a7873472fb4400aeb830,early_mask_fragment,1024,1869.7093999944627,153600000,0.1,15000,0,sha256:1a43e0ddf8cc02438cc76d27ba1cce86da34109d2e43dcc8ed7c9d581b95b39d,6,sha256:f94c98784cdef519122ae87d9d52c56815c765a094baa1be45f40c0125a53089,150000,20260717T120435635390Z,808,mask_fragment-n150000-w1024-m0100-s808
mask_fragment,58ced0e286dfa2b04542a7873472fb4400aeb830,late_mask_fragment,1024,207.74749998236075,153600000,0.1,15000,1,sha256:18bd7fb3b6d02ff88c53bf4a74124c631590d7e276f031a9034dc7f9cb857902,6,sha256:f94c98784cdef519122ae87d9d52c56815c765a094baa1be45f40c0125a53089,150000,20260717T120435635390Z,808,mask_fragment-n150000-w1024-m0100-s808
mask_fragment,58ced0e286dfa2b04542a7873472fb4400aeb830,late_mask_fragment,1024,247.78900004457682,153600000,0.1,15000,0,sha256:18bd7fb3b6d02ff88c53bf4a74124c631590d7e276f031a9034dc7f9cb857902,7,sha256:f94c98784cdef519122ae87d9d52c56815c765a094baa1be45f40c0125a53089,150000,20260717T120435635390Z,808,mask_fragment-n150000-w1024-m0100-s808
mask_fragment,58ced0e286dfa2b04542a7873472fb4400aeb830,early_mask_fragment,1024,1843.3717000298202,153600000,0.1,15000,1,sha256:1a43e0ddf8cc02438cc76d27ba1cce86da34109d2e43dcc8ed7c9d581b95b39d,7,sha256:f94c98784cdef519122ae87d9d52c56815c765a094baa1be45f40c0125a53089,150000,20260717T120435635390Z,808,mask_fragment-n150000-w1024-m0100-s808
mask_fragment,58ced0e286dfa2b04542a7873472fb4400aeb830,early_mask_fragment,1024,1821.378399967216,153600000,0.1,15000,0,sha256:1a43e0ddf8cc02438cc76d27ba1cce86da34109d2e43dcc8ed7c9d581b95b39d,8,sha256:f94c98784cdef519122ae87d9d52c56815c765a094baa1be45f40c0125a53089,150000,20260717T120435635390Z,808,mask_fragment-n150000-w1024-m0100-s808
mask_fragment,58ced0e286dfa2b04542a7873472fb4400aeb830,late_mask_fragment,1024,364.3124000518583,153600000,0.1,15000,1,sha256:18bd7fb3b6d02ff88c53bf4a74124c631590d7e276f031a9034dc7f9cb857902,8,sha256:f94c98784cdef519122ae87d9d52c56815c765a094baa1be45f40c0125a53089,150000,20260717T120435635390Z,808,mask_fragment-n150000-w1024-m0100-s808
mask_fragment,58ced0e286dfa2b04542a7873472fb4400aeb830,late_mask_fragment,1024,220.44029994867742,153600000,0.1,15000,0,sha256:18bd7fb3b6d02ff88c53bf4a74124c631590d7e276f031a9034dc7f9cb857902,9,sha256:f94c98784cdef519122ae87d9d52c56815c765a094baa1be45f40c0125a53089,150000,20260717T120435635390Z,808,mask_fragment-n150000-w1024-m0100-s808
mask_fragment,58ced0e286dfa2b04542a7873472fb4400aeb830,early_mask_fragment,1024,1848.285800020676,153600000,0.1,15000,1,sha256:1a43e0ddf8cc02438cc76d27ba1cce86da34109d2e43dcc8ed7c9d581b95b39d,9,sha256:f94c98784cdef519122ae87d9d52c56815c765a094baa1be45f40c0125a53089,150000,20260717T120435635390Z,808,mask_fragment-n150000-w1024-m0100-s808
mask_fragment,58ced0e286dfa2b04542a7873472fb4400aeb830,early_mask_fragment,1024,1781.6860000020824,153600000,0.1,15000,0,sha256:1a43e0ddf8cc02438cc76d27ba1cce86da34109d2e43dcc8ed7c9d581b95b39d,10,sha256:f94c98784cdef519122ae87d9d52c56815c765a094baa1be45f40c0125a53089,150000,20260717T120435635390Z,808,mask_fragment-n150000-w1024-m0100-s808
mask_fragment,58ced0e286dfa2b04542a7873472fb4400aeb830,late_mask_fragment,1024,188.2642999989912,153600000,0.1,15000,1,sha256:18bd7fb3b6d02ff88c53bf4a74124c631590d7e276f031a9034dc7f9cb857902,10,sha256:f94c98784cdef519122ae87d9d52c56815c765a094baa1be45f40c0125a53089,150000,20260717T120435635390Z,808,mask_fragment-n150000-w1024-m0100-s808
mask_fragment,58ced0e286dfa2b04542a7873472fb4400aeb830,late_mask_fragment,1024,211.82779996888712,153600000,0.1,15000,0,sha256:18bd7fb3b6d02ff88c53bf4a74124c631590d7e276f031a9034dc7f9cb857902,11,sha256:f94c98784cdef519122ae87d9d52c56815c765a094baa1be45f40c0125a53089,150000,20260717T120435635390Z,808,mask_fragment-n150000-w1024-m0100-s808
mask_fragment,58ced0e286dfa2b04542a7873472fb4400aeb830,early_mask_fragment,1024,1770.7000999944285,153600000,0.1,15000,1,sha256:1a43e0ddf8cc02438cc76d27ba1cce86da34109d2e43dcc8ed7c9d581b95b39d,11,sha256:f94c98784cdef519122ae87d9d52c56815c765a094baa1be45f40c0125a53089,150000,20260717T120435635390Z,808,mask_fragment-n150000-w1024-m0100-s808
mask_fragment,58ced0e286dfa2b04542a7873472fb4400aeb830,early_mask_fragment,1024,1826.1656000395305,153600000,0.1,15000,0,sha256:1a43e0ddf8cc02438cc76d27ba1cce86da34109d2e43dcc8ed7c9d581b95b39d,12,sha256:f94c98784cdef519122ae87d9d52c56815c765a094baa1be45f40c0125a53089,150000,20260717T120435635390Z,808,mask_fragment-n150000-w1024-m0100-s808
mask_fragment,58ced0e286dfa2b04542a7873472fb4400aeb830,late_mask_fragment,1024,189.71259996760637,153600000,0.1,15000,1,sha256:18bd7fb3b6d02ff88c53bf4a74124c631590d7e276f031a9034dc7f9cb857902,12,sha256:f94c98784cdef519122ae87d9d52c56815c765a094baa1be45f40c0125a53089,150000,20260717T120435635390Z,808,mask_fragment-n150000-w1024-m0100-s808
mask_fragment,58ced0e286dfa2b04542a7873472fb4400aeb830,late_mask_fragment,1024,218.90349994646385,153600000,0.1,15000,0,sha256:18bd7fb3b6d02ff88c53bf4a74124c631590d7e276f031a9034dc7f9cb857902,13,sha256:f94c98784cdef519122ae87d9d52c56815c765a094baa1be45f40c0125a53089,150000,20260717T120435635390Z,808,mask_fragment-n150000-w1024-m0100-s808
mask_fragment,58ced0e286dfa2b04542a7873472fb4400aeb830,early_mask_fragment,1024,1846.4910000329837,153600000,0.1,15000,1,sha256:1a43e0ddf8cc02438cc76d27ba1cce86da34109d2e43dcc8ed7c9d581b95b39d,13,sha256:f94c98784cdef519122ae87d9d52c56815c765a094baa1be45f40c0125a53089,150000,20260717T120435635390Z,808,mask_fragment-n150000-w1024-m0100-s808
mask_fragment,58ced0e286dfa2b04542a7873472fb4400aeb830,early_mask_fragment,1024,1547.370599990245,153600000,0.1,15000,0,sha256:1a43e0ddf8cc02438cc76d27ba1cce86da34109d2e43dcc8ed7c9d581b95b39d,14,sha256:f94c98784cdef519122ae87d9d52c56815c765a094baa1be45f40c0125a53089,150000,20260717T120435635390Z,808,mask_fragment-n150000-w1024-m0100-s808
mask_fragment,58ced0e286dfa2b04542a7873472fb4400aeb830,late_mask_fragment,1024,197.23200000589713,153600000,0.1,15000,1,sha256:18bd7fb3b6d02ff88c53bf4a74124c631590d7e276f031a9034dc7f9cb857902,14,sha256:f94c98784cdef519122ae87d9d52c56815c765a094baa1be45f40c0125a53089,150000,20260717T120435635390Z,808,mask_fragment-n150000-w1024-m0100-s808
mask_fragment,58ced0e286dfa2b04542a7873472fb4400aeb830,late_mask_fragment,1024,238.19399997591972,153600000,0.1,15000,0,sha256:18bd7fb3b6d02ff88c53bf4a74124c631590d7e276f031a9034dc7f9cb857902,0,sha256:339e3078f44131f28aed05fb00709e05269be42ff0aadc0ce862db7bf35ad59e,150000,20260717T120435635390Z,909,mask_fragment-n150000-w1024-m0100-s909
mask_fragment,58ced0e286dfa2b04542a7873472fb4400aeb830,early_mask_fragment,1024,1587.563599983696,153600000,0.1,15000,1,sha256:1a43e0ddf8cc02438cc76d27ba1cce86da34109d2e43dcc8ed7c9d581b95b39d,0,sha256:339e3078f44131f28aed05fb00709e05269be42ff0aadc0ce862db7bf35ad59e,150000,20260717T120435635390Z,909,mask_fragment-n150000-w1024-m0100-s909
mask_fragment,58ced0e286dfa2b04542a7873472fb4400aeb830,early_mask_fragment,1024,1799.6229999698699,153600000,0.1,15000,0,sha256:1a43e0ddf8cc02438cc76d27ba1cce86da34109d2e43dcc8ed7c9d581b95b39d,1,sha256:339e3078f44131f28aed05fb00709e05269be42ff0aadc0ce862db7bf35ad59e,150000,20260717T120435635390Z,909,mask_fragment-n150000-w1024-m0100-s909
mask_fragment,58ced0e286dfa2b04542a7873472fb4400aeb830,late_mask_fragment,1024,190.73459994979203,153600000,0.1,15000,1,sha256:18bd7fb3b6d02ff88c53bf4a74124c631590d7e276f031a9034dc7f9cb857902,1,sha256:339e3078f44131f28aed05fb00709e05269be42ff0aadc0ce862db7bf35ad59e,150000,20260717T120435635390Z,909,mask_fragment-n150000-w1024-m0100-s909
mask_fragment,58ced0e286dfa2b04542a7873472fb4400aeb830,late_mask_fragment,1024,199.10830003209412,153600000,0.1,15000,0,sha256:18bd7fb3b6d02ff88c53bf4a74124c631590d7e276f031a9034dc7f9cb857902,2,sha256:339e3078f44131f28aed05fb00709e05269be42ff0aadc0ce862db7bf35ad59e,150000,20260717T120435635390Z,909,mask_fragment-n150000-w1024-m0100-s909
mask_fragment,58ced0e286dfa2b04542a7873472fb4400aeb830,early_mask_fragment,1024,1811.0469999955967,153600000,0.1,15000,1,sha256:1a43e0ddf8cc02438cc76d27ba1cce86da34109d2e43dcc8ed7c9d581b95b39d,2,sha256:339e3078f44131f28aed05fb00709e05269be42ff0aadc0ce862db7bf35ad59e,150000,20260717T120435635390Z,909,mask_fragment-n150000-w1024-m0100-s909
mask_fragment,58ced0e286dfa2b04542a7873472fb4400aeb830,early_mask_fragment,1024,1575.6075999815948,153600000,0.1,15000,0,sha256:1a43e0ddf8cc02438cc76d27ba1cce86da34109d2e43dcc8ed7c9d581b95b39d,3,sha256:339e3078f44131f28aed05fb00709e05269be42ff0aadc0ce862db7bf35ad59e,150000,20260717T120435635390Z,909,mask_fragment-n150000-w1024-m0100-s909
mask_fragment,58ced0e286dfa2b04542a7873472fb4400aeb830,late_mask_fragment,1024,183.08690004050732,153600000,0.1,15000,1,sha256:18bd7fb3b6d02ff88c53bf4a74124c631590d7e276f031a9034dc7f9cb857902,3,sha256:339e3078f44131f28aed05fb00709e05269be42ff0aadc0ce862db7bf35ad59e,150000,20260717T120435635390Z,909,mask_fragment-n150000-w1024-m0100-s909
mask_fragment,58ced0e286dfa2b04542a7873472fb4400aeb830,late_mask_fragment,1024,193.67090001469478,153600000,0.1,15000,0,sha256:18bd7fb3b6d02ff88c53bf4a74124c631590d7e276f031a9034dc7f9cb857902,4,sha256:339e3078f44131f28aed05fb00709e05269be42ff0aadc0ce862db7bf35ad59e,150000,20260717T120435635390Z,909,mask_fragment-n150000-w1024-m0100-s909
mask_fragment,58ced0e286dfa2b04542a7873472fb4400aeb830,early_mask_fragment,1024,1810.6961000012234,153600000,0.1,15000,1,sha256:1a43e0ddf8cc02438cc76d27ba1cce86da34109d2e43dcc8ed7c9d581b95b39d,4,sha256:339e3078f44131f28aed05fb00709e05269be42ff0aadc0ce862db7bf35ad59e,150000,20260717T120435635390Z,909,mask_fragment-n150000-w1024-m0100-s909
mask_fragment,58ced0e286dfa2b04542a7873472fb4400aeb830,early_mask_fragment,1024,1723.8795000012033,153600000,0.1,15000,0,sha256:1a43e0ddf8cc02438cc76d27ba1cce86da34109d2e43dcc8ed7c9d581b95b39d,5,sha256:339e3078f44131f28aed05fb00709e05269be42ff0aadc0ce862db7bf35ad59e,150000,20260717T120435635390Z,909,mask_fragment-n150000-w1024-m0100-s909
mask_fragment,58ced0e286dfa2b04542a7873472fb4400aeb830,late_mask_fragment,1024,209.48970003519207,153600000,0.1,15000,1,sha256:18bd7fb3b6d02ff88c53bf4a74124c631590d7e276f031a9034dc7f9cb857902,5,sha256:339e3078f44131f28aed05fb00709e05269be42ff0aadc0ce862db7bf35ad59e,150000,20260717T120435635390Z,909,mask_fragment-n150000-w1024-m0100-s909
mask_fragment,58ced0e286dfa2b04542a7873472fb4400aeb830,late_mask_fragment,1024,234.65170001145452,153600000,0.1,15000,0,sha256:18bd7fb3b6d02ff88c53bf4a74124c631590d7e276f031a9034dc7f9cb857902,6,sha256:339e3078f44131f28aed05fb00709e05269be42ff0aadc0ce862db7bf35ad59e,150000,20260717T120435635390Z,909,mask_fragment-n150000-w1024-m0100-s909
mask_fragment,58ced0e286dfa2b04542a7873472fb4400aeb830,early_mask_fragment,1024,1568.3149000396952,153600000,0.1,15000,1,sha256:1a43e0ddf8cc02438cc76d27ba1cce86da34109d2e43dcc8ed7c9d581b95b39d,6,sha256:339e3078f44131f28aed05fb00709e05269be42ff0aadc0ce862db7bf35ad59e,150000,20260717T120435635390Z,909,mask_fragment-n150000-w1024-m0100-s909
mask_fragment,58ced0e286dfa2b04542a7873472fb4400aeb830,early_mask_fragment,1024,1489.7159000393003,153600000,0.1,15000,0,sha256:1a43e0ddf8cc02438cc76d27ba1cce86da34109d2e43dcc8ed7c9d581b95b39d,7,sha256:339e3078f44131f28aed05fb00709e05269be42ff0aadc0ce862db7bf35ad59e,150000,20260717T120435635390Z,909,mask_fragment-n150000-w1024-m0100-s909
mask_fragment,58ced0e286dfa2b04542a7873472fb4400aeb830,late_mask_fragment,1024,187.61279998579994,153600000,0.1,15000,1,sha256:18bd7fb3b6d02ff88c53bf4a74124c631590d7e276f031a9034dc7f9cb857902,7,sha256:339e3078f44131f28aed05fb00709e05269be42ff0aadc0ce862db7bf35ad59e,150000,20260717T120435635390Z,909,mask_fragment-n150000-w1024-m0100-s909
mask_fragment,58ced0e286dfa2b04542a7873472fb4400aeb830,late_mask_fragment,1024,186.05579994618893,153600000,0.1,15000,0,sha256:18bd7fb3b6d02ff88c53bf4a74124c631590d7e276f031a9034dc7f9cb857902,8,sha256:339e3078f44131f28aed05fb00709e05269be42ff0aadc0ce862db7bf35ad59e,150000,20260717T120435635390Z,909,mask_fragment-n150000-w1024-m0100-s909
mask_fragment,58ced0e286dfa2b04542a7873472fb4400aeb830,early_mask_fragment,1024,1848.8677000277676,153600000,0.1,15000,1,sha256:1a43e0ddf8cc02438cc76d27ba1cce86da34109d2e43dcc8ed7c9d581b95b39d,8,sha256:339e3078f44131f28aed05fb00709e05269be42ff0aadc0ce862db7bf35ad59e,150000,20260717T120435635390Z,909,mask_fragment-n150000-w1024-m0100-s909
mask_fragment,58ced0e286dfa2b04542a7873472fb4400aeb830,early_mask_fragment,1024,1983.1365999998525,153600000,0.1,15000,0,sha256:1a43e0ddf8cc02438cc76d27ba1cce86da34109d2e43dcc8ed7c9d581b95b39d,9,sha256:339e3078f44131f28aed05fb00709e05269be42ff0aadc0ce862db7bf35ad59e,150000,20260717T120435635390Z,909,mask_fragment-n150000-w1024-m0100-s909
mask_fragment,58ced0e286dfa2b04542a7873472fb4400aeb830,late_mask_fragment,1024,255.16629999037832,153600000,0.1,15000,1,sha256:18bd7fb3b6d02ff88c53bf4a74124c631590d7e276f031a9034dc7f9cb857902,9,sha256:339e3078f44131f28aed05fb00709e05269be42ff0aadc0ce862db7bf35ad59e,150000,20260717T120435635390Z,909,mask_fragment-n150000-w1024-m0100-s909
mask_fragment,58ced0e286dfa2b04542a7873472fb4400aeb830,late_mask_fragment,1024,210.46380000188947,153600000,0.1,15000,0,sha256:18bd7fb3b6d02ff88c53bf4a74124c631590d7e276f031a9034dc7f9cb857902,10,sha256:339e3078f44131f28aed05fb00709e05269be42ff0aadc0ce862db7bf35ad59e,150000,20260717T120435635390Z,909,mask_fragment-n150000-w1024-m0100-s909
mask_fragment,58ced0e286dfa2b04542a7873472fb4400aeb830,early_mask_fragment,1024,1849.095799960196,153600000,0.1,15000,1,sha256:1a43e0ddf8cc02438cc76d27ba1cce86da34109d2e43dcc8ed7c9d581b95b39d,10,sha256:339e3078f44131f28aed05fb00709e05269be42ff0aadc0ce862db7bf35ad59e,150000,20260717T120435635390Z,909,mask_fragment-n150000-w1024-m0100-s909
mask_fragment,58ced0e286dfa2b04542a7873472fb4400aeb830,early_mask_fragment,1024,1865.4217000002973,153600000,0.1,15000,0,sha256:1a43e0ddf8cc02438cc76d27ba1cce86da34109d2e43dcc8ed7c9d581b95b39d,11,sha256:339e3078f44131f28aed05fb00709e05269be42ff0aadc0ce862db7bf35ad59e,150000,20260717T120435635390Z,909,mask_fragment-n150000-w1024-m0100-s909
mask_fragment,58ced0e286dfa2b04542a7873472fb4400aeb830,late_mask_fragment,1024,210.65800002543256,153600000,0.1,15000,1,sha256:18bd7fb3b6d02ff88c53bf4a74124c631590d7e276f031a9034dc7f9cb857902,11,sha256:339e3078f44131f28aed05fb00709e05269be42ff0aadc0ce862db7bf35ad59e,150000,20260717T120435635390Z,909,mask_fragment-n150000-w1024-m0100-s909
mask_fragment,58ced0e286dfa2b04542a7873472fb4400aeb830,late_mask_fragment,1024,313.9468000154011,153600000,0.1,15000,0,sha256:18bd7fb3b6d02ff88c53bf4a74124c631590d7e276f031a9034dc7f9cb857902,12,sha256:339e3078f44131f28aed05fb00709e05269be42ff0aadc0ce862db7bf35ad59e,150000,20260717T120435635390Z,909,mask_fragment-n150000-w1024-m0100-s909
mask_fragment,58ced0e286dfa2b04542a7873472fb4400aeb830,early_mask_fragment,1024,2128.272800007835,153600000,0.1,15000,1,sha256:1a43e0ddf8cc02438cc76d27ba1cce86da34109d2e43dcc8ed7c9d581b95b39d,12,sha256:339e3078f44131f28aed05fb00709e05269be42ff0aadc0ce862db7bf35ad59e,150000,20260717T120435635390Z,909,mask_fragment-n150000-w1024-m0100-s909
mask_fragment,58ced0e286dfa2b04542a7873472fb4400aeb830,early_mask_fragment,1024,2318.1088999845088,153600000,0.1,15000,0,sha256:1a43e0ddf8cc02438cc76d27ba1cce86da34109d2e43dcc8ed7c9d581b95b39d,13,sha256:339e3078f44131f28aed05fb00709e05269be42ff0aadc0ce862db7bf35ad59e,150000,20260717T120435635390Z,909,mask_fragment-n150000-w1024-m0100-s909
mask_fragment,58ced0e286dfa2b04542a7873472fb4400aeb830,late_mask_fragment,1024,277.3276999942027,153600000,0.1,15000,1,sha256:18bd7fb3b6d02ff88c53bf4a74124c631590d7e276f031a9034dc7f9cb857902,13,sha256:339e3078f44131f28aed05fb00709e05269be42ff0aadc0ce862db7bf35ad59e,150000,20260717T120435635390Z,909,mask_fragment-n150000-w1024-m0100-s909
mask_fragment,58ced0e286dfa2b04542a7873472fb4400aeb830,late_mask_fragment,1024,339.410999964457,153600000,0.1,15000,0,sha256:18bd7fb3b6d02ff88c53bf4a74124c631590d7e276f031a9034dc7f9cb857902,14,sha256:339e3078f44131f28aed05fb00709e05269be42ff0aadc0ce862db7bf35ad59e,150000,20260717T120435635390Z,909,mask_fragment-n150000-w1024-m0100-s909
mask_fragment,58ced0e286dfa2b04542a7873472fb4400aeb830,early_mask_fragment,1024,2230.478499957826,153600000,0.1,15000,1,sha256:1a43e0ddf8cc02438cc76d27ba1cce86da34109d2e43dcc8ed7c9d581b95b39d,14,sha256:339e3078f44131f28aed05fb00709e05269be42ff0aadc0ce862db7bf35ad59e,150000,20260717T120435635390Z,909,mask_fragment-n150000-w1024-m0100-s909
mask_fragment,58ced0e286dfa2b04542a7873472fb4400aeb830,late_mask_fragment,1024,947.3247000132687,153600000,0.5,75000,0,sha256:18bd7fb3b6d02ff88c53bf4a74124c631590d7e276f031a9034dc7f9cb857902,0,sha256:1653df3d020cf0f50124fcf28381d69acb15fd87eba86720e53fa373ce23a41d,150000,20260717T120435635390Z,707,mask_fragment-n150000-w1024-m0500-s707
mask_fragment,58ced0e286dfa2b04542a7873472fb4400aeb830,early_mask_fragment,1024,1568.0809000041336,153600000,0.5,75000,1,sha256:1a43e0ddf8cc02438cc76d27ba1cce86da34109d2e43dcc8ed7c9d581b95b39d,0,sha256:1653df3d020cf0f50124fcf28381d69acb15fd87eba86720e53fa373ce23a41d,150000,20260717T120435635390Z,707,mask_fragment-n150000-w1024-m0500-s707
mask_fragment,58ced0e286dfa2b04542a7873472fb4400aeb830,early_mask_fragment,1024,1599.2273000301793,153600000,0.5,75000,0,sha256:1a43e0ddf8cc02438cc76d27ba1cce86da34109d2e43dcc8ed7c9d581b95b39d,1,sha256:1653df3d020cf0f50124fcf28381d69acb15fd87eba86720e53fa373ce23a41d,150000,20260717T120435635390Z,707,mask_fragment-n150000-w1024-m0500-s707
mask_fragment,58ced0e286dfa2b04542a7873472fb4400aeb830,late_mask_fragment,1024,947.059599973727,153600000,0.5,75000,1,sha256:18bd7fb3b6d02ff88c53bf4a74124c631590d7e276f031a9034dc7f9cb857902,1,sha256:1653df3d020cf0f50124fcf28381d69acb15fd87eba86720e53fa373ce23a41d,150000,20260717T120435635390Z,707,mask_fragment-n150000-w1024-m0500-s707
mask_fragment,58ced0e286dfa2b04542a7873472fb4400aeb830,late_mask_fragment,1024,1231.8265000358224,153600000,0.5,75000,0,sha256:18bd7fb3b6d02ff88c53bf4a74124c631590d7e276f031a9034dc7f9cb857902,2,sha256:1653df3d020cf0f50124fcf28381d69acb15fd87eba86720e53fa373ce23a41d,150000,20260717T120435635390Z,707,mask_fragment-n150000-w1024-m0500-s707
mask_fragment,58ced0e286dfa2b04542a7873472fb4400aeb830,early_mask_fragment,1024,1794.5941000361927,153600000,0.5,75000,1,sha256:1a43e0ddf8cc02438cc76d27ba1cce86da34109d2e43dcc8ed7c9d581b95b39d,2,sha256:1653df3d020cf0f50124fcf28381d69acb15fd87eba86720e53fa373ce23a41d,150000,20260717T120435635390Z,707,mask_fragment-n150000-w1024-m0500-s707
mask_fragment,58ced0e286dfa2b04542a7873472fb4400aeb830,early_mask_fragment,1024,1912.419600004796,153600000,0.5,75000,0,sha256:1a43e0ddf8cc02438cc76d27ba1cce86da34109d2e43dcc8ed7c9d581b95b39d,3,sha256:1653df3d020cf0f50124fcf28381d69acb15fd87eba86720e53fa373ce23a41d,150000,20260717T120435635390Z,707,mask_fragment-n150000-w1024-m0500-s707
mask_fragment,58ced0e286dfa2b04542a7873472fb4400aeb830,late_mask_fragment,1024,1129.3342999997549,153600000,0.5,75000,1,sha256:18bd7fb3b6d02ff88c53bf4a74124c631590d7e276f031a9034dc7f9cb857902,3,sha256:1653df3d020cf0f50124fcf28381d69acb15fd87eba86720e53fa373ce23a41d,150000,20260717T120435635390Z,707,mask_fragment-n150000-w1024-m0500-s707
mask_fragment,58ced0e286dfa2b04542a7873472fb4400aeb830,late_mask_fragment,1024,975.50030000275,153600000,0.5,75000,0,sha256:18bd7fb3b6d02ff88c53bf4a74124c631590d7e276f031a9034dc7f9cb857902,4,sha256:1653df3d020cf0f50124fcf28381d69acb15fd87eba86720e53fa373ce23a41d,150000,20260717T120435635390Z,707,mask_fragment-n150000-w1024-m0500-s707
mask_fragment,58ced0e286dfa2b04542a7873472fb4400aeb830,early_mask_fragment,1024,1836.6770999855362,153600000,0.5,75000,1,sha256:1a43e0ddf8cc02438cc76d27ba1cce86da34109d2e43dcc8ed7c9d581b95b39d,4,sha256:1653df3d020cf0f50124fcf28381d69acb15fd87eba86720e53fa373ce23a41d,150000,20260717T120435635390Z,707,mask_fragment-n150000-w1024-m0500-s707
mask_fragment,58ced0e286dfa2b04542a7873472fb4400aeb830,early_mask_fragment,1024,1946.967100026086,153600000,0.5,75000,0,sha256:1a43e0ddf8cc02438cc76d27ba1cce86da34109d2e43dcc8ed7c9d581b95b39d,5,sha256:1653df3d020cf0f50124fcf28381d69acb15fd87eba86720e53fa373ce23a41d,150000,20260717T120435635390Z,707,mask_fragment-n150000-w1024-m0500-s707
mask_fragment,58ced0e286dfa2b04542a7873472fb4400aeb830,late_mask_fragment,1024,1154.5747999916784,153600000,0.5,75000,1,sha256:18bd7fb3b6d02ff88c53bf4a74124c631590d7e276f031a9034dc7f9cb857902,5,sha256:1653df3d020cf0f50124fcf28381d69acb15fd87eba86720e53fa373ce23a41d,150000,20260717T120435635390Z,707,mask_fragment-n150000-w1024-m0500-s707
mask_fragment,58ced0e286dfa2b04542a7873472fb4400aeb830,late_mask_fragment,1024,1157.2864000336267,153600000,0.5,75000,0,sha256:18bd7fb3b6d02ff88c53bf4a74124c631590d7e276f031a9034dc7f9cb857902,6,sha256:1653df3d020cf0f50124fcf28381d69acb15fd87eba86720e53fa373ce23a41d,150000,20260717T120435635390Z,707,mask_fragment-n150000-w1024-m0500-s707
mask_fragment,58ced0e286dfa2b04542a7873472fb4400aeb830,early_mask_fragment,1024,1829.1137000196613,153600000,0.5,75000,1,sha256:1a43e0ddf8cc02438cc76d27ba1cce86da34109d2e43dcc8ed7c9d581b95b39d,6,sha256:1653df3d020cf0f50124fcf28381d69acb15fd87eba86720e53fa373ce23a41d,150000,20260717T120435635390Z,707,mask_fragment-n150000-w1024-m0500-s707
mask_fragment,58ced0e286dfa2b04542a7873472fb4400aeb830,early_mask_fragment,1024,1595.6891999812797,153600000,0.5,75000,0,sha256:1a43e0ddf8cc02438cc76d27ba1cce86da34109d2e43dcc8ed7c9d581b95b39d,7,sha256:1653df3d020cf0f50124fcf28381d69acb15fd87eba86720e53fa373ce23a41d,150000,20260717T120435635390Z,707,mask_fragment-n150000-w1024-m0500-s707
mask_fragment,58ced0e286dfa2b04542a7873472fb4400aeb830,late_mask_fragment,1024,1266.5655000018887,153600000,0.5,75000,1,sha256:18bd7fb3b6d02ff88c53bf4a74124c631590d7e276f031a9034dc7f9cb857902,7,sha256:1653df3d020cf0f50124fcf28381d69acb15fd87eba86720e53fa373ce23a41d,150000,20260717T120435635390Z,707,mask_fragment-n150000-w1024-m0500-s707
mask_fragment,58ced0e286dfa2b04542a7873472fb4400aeb830,late_mask_fragment,1024,961.4562999922782,153600000,0.5,75000,0,sha256:18bd7fb3b6d02ff88c53bf4a74124c631590d7e276f031a9034dc7f9cb857902,8,sha256:1653df3d020cf0f50124fcf28381d69acb15fd87eba86720e53fa373ce23a41d,150000,20260717T120435635390Z,707,mask_fragment-n150000-w1024-m0500-s707
mask_fragment,58ced0e286dfa2b04542a7873472fb4400aeb830,early_mask_fragment,1024,1558.383599971421,153600000,0.5,75000,1,sha256:1a43e0ddf8cc02438cc76d27ba1cce86da34109d2e43dcc8ed7c9d581b95b39d,8,sha256:1653df3d020cf0f50124fcf28381d69acb15fd87eba86720e53fa373ce23a41d,150000,20260717T120435635390Z,707,mask_fragment-n150000-w1024-m0500-s707
mask_fragment,58ced0e286dfa2b04542a7873472fb4400aeb830,early_mask_fragment,1024,1803.4049999550916,153600000,0.5,75000,0,sha256:1a43e0ddf8cc02438cc76d27ba1cce86da34109d2e43dcc8ed7c9d581b95b39d,9,sha256:1653df3d020cf0f50124fcf28381d69acb15fd87eba86720e53fa373ce23a41d,150000,20260717T120435635390Z,707,mask_fragment-n150000-w1024-m0500-s707
mask_fragment,58ced0e286dfa2b04542a7873472fb4400aeb830,late_mask_fragment,1024,1146.577800041996,153600000,0.5,75000,1,sha256:18bd7fb3b6d02ff88c53bf4a74124c631590d7e276f031a9034dc7f9cb857902,9,sha256:1653df3d020cf0f50124fcf28381d69acb15fd87eba86720e53fa373ce23a41d,150000,20260717T120435635390Z,707,mask_fragment-n150000-w1024-m0500-s707
mask_fragment,58ced0e286dfa2b04542a7873472fb4400aeb830,late_mask_fragment,1024,952.4489000323229,153600000,0.5,75000,0,sha256:18bd7fb3b6d02ff88c53bf4a74124c631590d7e276f031a9034dc7f9cb857902,10,sha256:1653df3d020cf0f50124fcf28381d69acb15fd87eba86720e53fa373ce23a41d,150000,20260717T120435635390Z,707,mask_fragment-n150000-w1024-m0500-s707
mask_fragment,58ced0e286dfa2b04542a7873472fb4400aeb830,early_mask_fragment,1024,1882.3260000208393,153600000,0.5,75000,1,sha256:1a43e0ddf8cc02438cc76d27ba1cce86da34109d2e43dcc8ed7c9d581b95b39d,10,sha256:1653df3d020cf0f50124fcf28381d69acb15fd87eba86720e53fa373ce23a41d,150000,20260717T120435635390Z,707,mask_fragment-n150000-w1024-m0500-s707
mask_fragment,58ced0e286dfa2b04542a7873472fb4400aeb830,early_mask_fragment,1024,2090.863600024022,153600000,0.5,75000,0,sha256:1a43e0ddf8cc02438cc76d27ba1cce86da34109d2e43dcc8ed7c9d581b95b39d,11,sha256:1653df3d020cf0f50124fcf28381d69acb15fd87eba86720e53fa373ce23a41d,150000,20260717T120435635390Z,707,mask_fragment-n150000-w1024-m0500-s707
mask_fragment,58ced0e286dfa2b04542a7873472fb4400aeb830,late_mask_fragment,1024,1239.1829999978654,153600000,0.5,75000,1,sha256:18bd7fb3b6d02ff88c53bf4a74124c631590d7e276f031a9034dc7f9cb857902,11,sha256:1653df3d020cf0f50124fcf28381d69acb15fd87eba86720e53fa373ce23a41d,150000,20260717T120435635390Z,707,mask_fragment-n150000-w1024-m0500-s707
mask_fragment,58ced0e286dfa2b04542a7873472fb4400aeb830,late_mask_fragment,1024,1012.4135999940336,153600000,0.5,75000,0,sha256:18bd7fb3b6d02ff88c53bf4a74124c631590d7e276f031a9034dc7f9cb857902,12,sha256:1653df3d020cf0f50124fcf28381d69acb15fd87eba86720e53fa373ce23a41d,150000,20260717T120435635390Z,707,mask_fragment-n150000-w1024-m0500-s707
mask_fragment,58ced0e286dfa2b04542a7873472fb4400aeb830,early_mask_fragment,1024,1775.6429000291973,153600000,0.5,75000,1,sha256:1a43e0ddf8cc02438cc76d27ba1cce86da34109d2e43dcc8ed7c9d581b95b39d,12,sha256:1653df3d020cf0f50124fcf28381d69acb15fd87eba86720e53fa373ce23a41d,150000,20260717T120435635390Z,707,mask_fragment-n150000-w1024-m0500-s707
mask_fragment,58ced0e286dfa2b04542a7873472fb4400aeb830,early_mask_fragment,1024,1915.0621999870054,153600000,0.5,75000,0,sha256:1a43e0ddf8cc02438cc76d27ba1cce86da34109d2e43dcc8ed7c9d581b95b39d,13,sha256:1653df3d020cf0f50124fcf28381d69acb15fd87eba86720e53fa373ce23a41d,150000,20260717T120435635390Z,707,mask_fragment-n150000-w1024-m0500-s707
mask_fragment,58ced0e286dfa2b04542a7873472fb4400aeb830,late_mask_fragment,1024,992.4825999769382,153600000,0.5,75000,1,sha256:18bd7fb3b6d02ff88c53bf4a74124c631590d7e276f031a9034dc7f9cb857902,13,sha256:1653df3d020cf0f50124fcf28381d69acb15fd87eba86720e53fa373ce23a41d,150000,20260717T120435635390Z,707,mask_fragment-n150000-w1024-m0500-s707
mask_fragment,58ced0e286dfa2b04542a7873472fb4400aeb830,late_mask_fragment,1024,1139.0614999691024,153600000,0.5,75000,0,sha256:18bd7fb3b6d02ff88c53bf4a74124c631590d7e276f031a9034dc7f9cb857902,14,sha256:1653df3d020cf0f50124fcf28381d69acb15fd87eba86720e53fa373ce23a41d,150000,20260717T120435635390Z,707,mask_fragment-n150000-w1024-m0500-s707
mask_fragment,58ced0e286dfa2b04542a7873472fb4400aeb830,early_mask_fragment,1024,1903.8951999973506,153600000,0.5,75000,1,sha256:1a43e0ddf8cc02438cc76d27ba1cce86da34109d2e43dcc8ed7c9d581b95b39d,14,sha256:1653df3d020cf0f50124fcf28381d69acb15fd87eba86720e53fa373ce23a41d,150000,20260717T120435635390Z,707,mask_fragment-n150000-w1024-m0500-s707
mask_fragment,58ced0e286dfa2b04542a7873472fb4400aeb830,early_mask_fragment,1024,2440.1015000185,153600000,0.5,75000,0,sha256:1a43e0ddf8cc02438cc76d27ba1cce86da34109d2e43dcc8ed7c9d581b95b39d,0,sha256:4b62066e7678cdd43f721d98155491a7a9d6d23d06830ae3bda9d294c0d76b14,150000,20260717T120435635390Z,808,mask_fragment-n150000-w1024-m0500-s808
mask_fragment,58ced0e286dfa2b04542a7873472fb4400aeb830,late_mask_fragment,1024,1282.6017999905162,153600000,0.5,75000,1,sha256:18bd7fb3b6d02ff88c53bf4a74124c631590d7e276f031a9034dc7f9cb857902,0,sha256:4b62066e7678cdd43f721d98155491a7a9d6d23d06830ae3bda9d294c0d76b14,150000,20260717T120435635390Z,808,mask_fragment-n150000-w1024-m0500-s808
mask_fragment,58ced0e286dfa2b04542a7873472fb4400aeb830,late_mask_fragment,1024,1261.82360004168,153600000,0.5,75000,0,sha256:18bd7fb3b6d02ff88c53bf4a74124c631590d7e276f031a9034dc7f9cb857902,1,sha256:4b62066e7678cdd43f721d98155491a7a9d6d23d06830ae3bda9d294c0d76b14,150000,20260717T120435635390Z,808,mask_fragment-n150000-w1024-m0500-s808
mask_fragment,58ced0e286dfa2b04542a7873472fb4400aeb830,early_mask_fragment,1024,1927.8817999875173,153600000,0.5,75000,1,sha256:1a43e0ddf8cc02438cc76d27ba1cce86da34109d2e43dcc8ed7c9d581b95b39d,1,sha256:4b62066e7678cdd43f721d98155491a7a9d6d23d06830ae3bda9d294c0d76b14,150000,20260717T120435635390Z,808,mask_fragment-n150000-w1024-m0500-s808
mask_fragment,58ced0e286dfa2b04542a7873472fb4400aeb830,early_mask_fragment,1024,1883.5836999933235,153600000,0.5,75000,0,sha256:1a43e0ddf8cc02438cc76d27ba1cce86da34109d2e43dcc8ed7c9d581b95b39d,2,sha256:4b62066e7678cdd43f721d98155491a7a9d6d23d06830ae3bda9d294c0d76b14,150000,20260717T120435635390Z,808,mask_fragment-n150000-w1024-m0500-s808
mask_fragment,58ced0e286dfa2b04542a7873472fb4400aeb830,late_mask_fragment,1024,1132.4389000074007,153600000,0.5,75000,1,sha256:18bd7fb3b6d02ff88c53bf4a74124c631590d7e276f031a9034dc7f9cb857902,2,sha256:4b62066e7678cdd43f721d98155491a7a9d6d23d06830ae3bda9d294c0d76b14,150000,20260717T120435635390Z,808,mask_fragment-n150000-w1024-m0500-s808
mask_fragment,58ced0e286dfa2b04542a7873472fb4400aeb830,late_mask_fragment,1024,1188.8885000371374,153600000,0.5,75000,0,sha256:18bd7fb3b6d02ff88c53bf4a74124c631590d7e276f031a9034dc7f9cb857902,3,sha256:4b62066e7678cdd43f721d98155491a7a9d6d23d06830ae3bda9d294c0d76b14,150000,20260717T120435635390Z,808,mask_fragment-n150000-w1024-m0500-s808
mask_fragment,58ced0e286dfa2b04542a7873472fb4400aeb830,early_mask_fragment,1024,1985.7881999923848,153600000,0.5,75000,1,sha256:1a43e0ddf8cc02438cc76d27ba1cce86da34109d2e43dcc8ed7c9d581b95b39d,3,sha256:4b62066e7678cdd43f721d98155491a7a9d6d23d06830ae3bda9d294c0d76b14,150000,20260717T120435635390Z,808,mask_fragment-n150000-w1024-m0500-s808
mask_fragment,58ced0e286dfa2b04542a7873472fb4400aeb830,early_mask_fragment,1024,1864.166799990926,153600000,0.5,75000,0,sha256:1a43e0ddf8cc02438cc76d27ba1cce86da34109d2e43dcc8ed7c9d581b95b39d,4,sha256:4b62066e7678cdd43f721d98155491a7a9d6d23d06830ae3bda9d294c0d76b14,150000,20260717T120435635390Z,808,mask_fragment-n150000-w1024-m0500-s808
mask_fragment,58ced0e286dfa2b04542a7873472fb4400aeb830,late_mask_fragment,1024,1168.4705999796279,153600000,0.5,75000,1,sha256:18bd7fb3b6d02ff88c53bf4a74124c631590d7e276f031a9034dc7f9cb857902,4,sha256:4b62066e7678cdd43f721d98155491a7a9d6d23d06830ae3bda9d294c0d76b14,150000,20260717T120435635390Z,808,mask_fragment-n150000-w1024-m0500-s808
mask_fragment,58ced0e286dfa2b04542a7873472fb4400aeb830,late_mask_fragment,1024,1117.860099999234,153600000,0.5,75000,0,sha256:18bd7fb3b6d02ff88c53bf4a74124c631590d7e276f031a9034dc7f9cb857902,5,sha256:4b62066e7678cdd43f721d98155491a7a9d6d23d06830ae3bda9d294c0d76b14,150000,20260717T120435635390Z,808,mask_fragment-n150000-w1024-m0500-s808
mask_fragment,58ced0e286dfa2b04542a7873472fb4400aeb830,early_mask_fragment,1024,1931.4192999736406,153600000,0.5,75000,1,sha256:1a43e0ddf8cc02438cc76d27ba1cce86da34109d2e43dcc8ed7c9d581b95b39d,5,sha256:4b62066e7678cdd43f721d98155491a7a9d6d23d06830ae3bda9d294c0d76b14,150000,20260717T120435635390Z,808,mask_fragment-n150000-w1024-m0500-s808
mask_fragment,58ced0e286dfa2b04542a7873472fb4400aeb830,early_mask_fragment,1024,1838.5056999977678,153600000,0.5,75000,0,sha256:1a43e0ddf8cc02438cc76d27ba1cce86da34109d2e43dcc8ed7c9d581b95b39d,6,sha256:4b62066e7678cdd43f721d98155491a7a9d6d23d06830ae3bda9d294c0d76b14,150000,20260717T120435635390Z,808,mask_fragment-n150000-w1024-m0500-s808
mask_fragment,58ced0e286dfa2b04542a7873472fb4400aeb830,late_mask_fragment,1024,1006.5870000398718,153600000,0.5,75000,1,sha256:18bd7fb3b6d02ff88c53bf4a74124c631590d7e276f031a9034dc7f9cb857902,6,sha256:4b62066e7678cdd43f721d98155491a7a9d6d23d06830ae3bda9d294c0d76b14,150000,20260717T120435635390Z,808,mask_fragment-n150000-w1024-m0500-s808
mask_fragment,58ced0e286dfa2b04542a7873472fb4400aeb830,late_mask_fragment,1024,951.4948999858461,153600000,0.5,75000,0,sha256:18bd7fb3b6d02ff88c53bf4a74124c631590d7e276f031a9034dc7f9cb857902,7,sha256:4b62066e7678cdd43f721d98155491a7a9d6d23d06830ae3bda9d294c0d76b14,150000,20260717T120435635390Z,808,mask_fragment-n150000-w1024-m0500-s808
mask_fragment,58ced0e286dfa2b04542a7873472fb4400aeb830,early_mask_fragment,1024,1555.380999983754,153600000,0.5,75000,1,sha256:1a43e0ddf8cc02438cc76d27ba1cce86da34109d2e43dcc8ed7c9d581b95b39d,7,sha256:4b62066e7678cdd43f721d98155491a7a9d6d23d06830ae3bda9d294c0d76b14,150000,20260717T120435635390Z,808,mask_fragment-n150000-w1024-m0500-s808
mask_fragment,58ced0e286dfa2b04542a7873472fb4400aeb830,early_mask_fragment,1024,1549.9474999960512,153600000,0.5,75000,0,sha256:1a43e0ddf8cc02438cc76d27ba1cce86da34109d2e43dcc8ed7c9d581b95b39d,8,sha256:4b62066e7678cdd43f721d98155491a7a9d6d23d06830ae3bda9d294c0d76b14,150000,20260717T120435635390Z,808,mask_fragment-n150000-w1024-m0500-s808
mask_fragment,58ced0e286dfa2b04542a7873472fb4400aeb830,late_mask_fragment,1024,1121.5296000009403,153600000,0.5,75000,1,sha256:18bd7fb3b6d02ff88c53bf4a74124c631590d7e276f031a9034dc7f9cb857902,8,sha256:4b62066e7678cdd43f721d98155491a7a9d6d23d06830ae3bda9d294c0d76b14,150000,20260717T120435635390Z,808,mask_fragment-n150000-w1024-m0500-s808
mask_fragment,58ced0e286dfa2b04542a7873472fb4400aeb830,late_mask_fragment,1024,1034.3840999994427,153600000,0.5,75000,0,sha256:18bd7fb3b6d02ff88c53bf4a74124c631590d7e276f031a9034dc7f9cb857902,9,sha256:4b62066e7678cdd43f721d98155491a7a9d6d23d06830ae3bda9d294c0d76b14,150000,20260717T120435635390Z,808,mask_fragment-n150000-w1024-m0500-s808
mask_fragment,58ced0e286dfa2b04542a7873472fb4400aeb830,early_mask_fragment,1024,2184.772700013127,153600000,0.5,75000,1,sha256:1a43e0ddf8cc02438cc76d27ba1cce86da34109d2e43dcc8ed7c9d581b95b39d,9,sha256:4b62066e7678cdd43f721d98155491a7a9d6d23d06830ae3bda9d294c0d76b14,150000,20260717T120435635390Z,808,mask_fragment-n150000-w1024-m0500-s808
mask_fragment,58ced0e286dfa2b04542a7873472fb4400aeb830,early_mask_fragment,1024,1934.3737000017427,153600000,0.5,75000,0,sha256:1a43e0ddf8cc02438cc76d27ba1cce86da34109d2e43dcc8ed7c9d581b95b39d,10,sha256:4b62066e7678cdd43f721d98155491a7a9d6d23d06830ae3bda9d294c0d76b14,150000,20260717T120435635390Z,808,mask_fragment-n150000-w1024-m0500-s808
mask_fragment,58ced0e286dfa2b04542a7873472fb4400aeb830,late_mask_fragment,1024,949.6982999844477,153600000,0.5,75000,1,sha256:18bd7fb3b6d02ff88c53bf4a74124c631590d7e276f031a9034dc7f9cb857902,10,sha256:4b62066e7678cdd43f721d98155491a7a9d6d23d06830ae3bda9d294c0d76b14,150000,20260717T120435635390Z,808,mask_fragment-n150000-w1024-m0500-s808
mask_fragment,58ced0e286dfa2b04542a7873472fb4400aeb830,late_mask_fragment,1024,1162.598800030537,153600000,0.5,75000,0,sha256:18bd7fb3b6d02ff88c53bf4a74124c631590d7e276f031a9034dc7f9cb857902,11,sha256:4b62066e7678cdd43f721d98155491a7a9d6d23d06830ae3bda9d294c0d76b14,150000,20260717T120435635390Z,808,mask_fragment-n150000-w1024-m0500-s808
mask_fragment,58ced0e286dfa2b04542a7873472fb4400aeb830,early_mask_fragment,1024,1820.7380000385456,153600000,0.5,75000,1,sha256:1a43e0ddf8cc02438cc76d27ba1cce86da34109d2e43dcc8ed7c9d581b95b39d,11,sha256:4b62066e7678cdd43f721d98155491a7a9d6d23d06830ae3bda9d294c0d76b14,150000,20260717T120435635390Z,808,mask_fragment-n150000-w1024-m0500-s808
mask_fragment,58ced0e286dfa2b04542a7873472fb4400aeb830,early_mask_fragment,1024,1872.2099000005983,153600000,0.5,75000,0,sha256:1a43e0ddf8cc02438cc76d27ba1cce86da34109d2e43dcc8ed7c9d581b95b39d,12,sha256:4b62066e7678cdd43f721d98155491a7a9d6d23d06830ae3bda9d294c0d76b14,150000,20260717T120435635390Z,808,mask_fragment-n150000-w1024-m0500-s808
mask_fragment,58ced0e286dfa2b04542a7873472fb4400aeb830,late_mask_fragment,1024,1183.1899000098929,153600000,0.5,75000,1,sha256:18bd7fb3b6d02ff88c53bf4a74124c631590d7e276f031a9034dc7f9cb857902,12,sha256:4b62066e7678cdd43f721d98155491a7a9d6d23d06830ae3bda9d294c0d76b14,150000,20260717T120435635390Z,808,mask_fragment-n150000-w1024-m0500-s808
mask_fragment,58ced0e286dfa2b04542a7873472fb4400aeb830,late_mask_fragment,1024,1029.8728999914601,153600000,0.5,75000,0,sha256:18bd7fb3b6d02ff88c53bf4a74124c631590d7e276f031a9034dc7f9cb857902,13,sha256:4b62066e7678cdd43f721d98155491a7a9d6d23d06830ae3bda9d294c0d76b14,150000,20260717T120435635390Z,808,mask_fragment-n150000-w1024-m0500-s808
mask_fragment,58ced0e286dfa2b04542a7873472fb4400aeb830,early_mask_fragment,1024,1911.1968000070192,153600000,0.5,75000,1,sha256:1a43e0ddf8cc02438cc76d27ba1cce86da34109d2e43dcc8ed7c9d581b95b39d,13,sha256:4b62066e7678cdd43f721d98155491a7a9d6d23d06830ae3bda9d294c0d76b14,150000,20260717T120435635390Z,808,mask_fragment-n150000-w1024-m0500-s808
mask_fragment,58ced0e286dfa2b04542a7873472fb4400aeb830,early_mask_fragment,1024,1897.7825000183657,153600000,0.5,75000,0,sha256:1a43e0ddf8cc02438cc76d27ba1cce86da34109d2e43dcc8ed7c9d581b95b39d,14,sha256:4b62066e7678cdd43f721d98155491a7a9d6d23d06830ae3bda9d294c0d76b14,150000,20260717T120435635390Z,808,mask_fragment-n150000-w1024-m0500-s808
mask_fragment,58ced0e286dfa2b04542a7873472fb4400aeb830,late_mask_fragment,1024,985.2074999944307,153600000,0.5,75000,1,sha256:18bd7fb3b6d02ff88c53bf4a74124c631590d7e276f031a9034dc7f9cb857902,14,sha256:4b62066e7678cdd43f721d98155491a7a9d6d23d06830ae3bda9d294c0d76b14,150000,20260717T120435635390Z,808,mask_fragment-n150000-w1024-m0500-s808
mask_fragment,58ced0e286dfa2b04542a7873472fb4400aeb830,early_mask_fragment,1024,1977.600899990648,153600000,0.5,75000,0,sha256:1a43e0ddf8cc02438cc76d27ba1cce86da34109d2e43dcc8ed7c9d581b95b39d,0,sha256:44e31d0462dcba177fa3694e8b0d6f4517f82673cf0280140843ba1b24fafb0b,150000,20260717T120435635390Z,909,mask_fragment-n150000-w1024-m0500-s909
mask_fragment,58ced0e286dfa2b04542a7873472fb4400aeb830,late_mask_fragment,1024,1253.9008999592625,153600000,0.5,75000,1,sha256:18bd7fb3b6d02ff88c53bf4a74124c631590d7e276f031a9034dc7f9cb857902,0,sha256:44e31d0462dcba177fa3694e8b0d6f4517f82673cf0280140843ba1b24fafb0b,150000,20260717T120435635390Z,909,mask_fragment-n150000-w1024-m0500-s909
mask_fragment,58ced0e286dfa2b04542a7873472fb4400aeb830,late_mask_fragment,1024,1068.410900013987,153600000,0.5,75000,0,sha256:18bd7fb3b6d02ff88c53bf4a74124c631590d7e276f031a9034dc7f9cb857902,1,sha256:44e31d0462dcba177fa3694e8b0d6f4517f82673cf0280140843ba1b24fafb0b,150000,20260717T120435635390Z,909,mask_fragment-n150000-w1024-m0500-s909
mask_fragment,58ced0e286dfa2b04542a7873472fb4400aeb830,early_mask_fragment,1024,1781.163900042884,153600000,0.5,75000,1,sha256:1a43e0ddf8cc02438cc76d27ba1cce86da34109d2e43dcc8ed7c9d581b95b39d,1,sha256:44e31d0462dcba177fa3694e8b0d6f4517f82673cf0280140843ba1b24fafb0b,150000,20260717T120435635390Z,909,mask_fragment-n150000-w1024-m0500-s909
mask_fragment,58ced0e286dfa2b04542a7873472fb4400aeb830,early_mask_fragment,1024,2096.6342000174336,153600000,0.5,75000,0,sha256:1a43e0ddf8cc02438cc76d27ba1cce86da34109d2e43dcc8ed7c9d581b95b39d,2,sha256:44e31d0462dcba177fa3694e8b0d6f4517f82673cf0280140843ba1b24fafb0b,150000,20260717T120435635390Z,909,mask_fragment-n150000-w1024-m0500-s909
mask_fragment,58ced0e286dfa2b04542a7873472fb4400aeb830,late_mask_fragment,1024,1124.1341999848373,153600000,0.5,75000,1,sha256:18bd7fb3b6d02ff88c53bf4a74124c631590d7e276f031a9034dc7f9cb857902,2,sha256:44e31d0462dcba177fa3694e8b0d6f4517f82673cf0280140843ba1b24fafb0b,150000,20260717T120435635390Z,909,mask_fragment-n150000-w1024-m0500-s909
mask_fragment,58ced0e286dfa2b04542a7873472fb4400aeb830,late_mask_fragment,1024,1242.5767999957316,153600000,0.5,75000,0,sha256:18bd7fb3b6d02ff88c53bf4a74124c631590d7e276f031a9034dc7f9cb857902,3,sha256:44e31d0462dcba177fa3694e8b0d6f4517f82673cf0280140843ba1b24fafb0b,150000,20260717T120435635390Z,909,mask_fragment-n150000-w1024-m0500-s909
mask_fragment,58ced0e286dfa2b04542a7873472fb4400aeb830,early_mask_fragment,1024,2081.6928999847732,153600000,0.5,75000,1,sha256:1a43e0ddf8cc02438cc76d27ba1cce86da34109d2e43dcc8ed7c9d581b95b39d,3,sha256:44e31d0462dcba177fa3694e8b0d6f4517f82673cf0280140843ba1b24fafb0b,150000,20260717T120435635390Z,909,mask_fragment-n150000-w1024-m0500-s909
mask_fragment,58ced0e286dfa2b04542a7873472fb4400aeb830,early_mask_fragment,1024,2346.6519999783486,153600000,0.5,75000,0,sha256:1a43e0ddf8cc02438cc76d27ba1cce86da34109d2e43dcc8ed7c9d581b95b39d,4,sha256:44e31d0462dcba177fa3694e8b0d6f4517f82673cf0280140843ba1b24fafb0b,150000,20260717T120435635390Z,909,mask_fragment-n150000-w1024-m0500-s909
mask_fragment,58ced0e286dfa2b04542a7873472fb4400aeb830,late_mask_fragment,1024,1618.5266000102274,153600000,0.5,75000,1,sha256:18bd7fb3b6d02ff88c53bf4a74124c631590d7e276f031a9034dc7f9cb857902,4,sha256:44e31d0462dcba177fa3694e8b0d6f4517f82673cf0280140843ba1b24fafb0b,150000,20260717T120435635390Z,909,mask_fragment-n150000-w1024-m0500-s909
mask_fragment,58ced0e286dfa2b04542a7873472fb4400aeb830,late_mask_fragment,1024,1621.7376999557018,153600000,0.5,75000,0,sha256:18bd7fb3b6d02ff88c53bf4a74124c631590d7e276f031a9034dc7f9cb857902,5,sha256:44e31d0462dcba177fa3694e8b0d6f4517f82673cf0280140843ba1b24fafb0b,150000,20260717T120435635390Z,909,mask_fragment-n150000-w1024-m0500-s909
mask_fragment,58ced0e286dfa2b04542a7873472fb4400aeb830,early_mask_fragment,1024,2979.909999994561,153600000,0.5,75000,1,sha256:1a43e0ddf8cc02438cc76d27ba1cce86da34109d2e43dcc8ed7c9d581b95b39d,5,sha256:44e31d0462dcba177fa3694e8b0d6f4517f82673cf0280140843ba1b24fafb0b,150000,20260717T120435635390Z,909,mask_fragment-n150000-w1024-m0500-s909
mask_fragment,58ced0e286dfa2b04542a7873472fb4400aeb830,early_mask_fragment,1024,2132.7865999774076,153600000,0.5,75000,0,sha256:1a43e0ddf8cc02438cc76d27ba1cce86da34109d2e43dcc8ed7c9d581b95b39d,6,sha256:44e31d0462dcba177fa3694e8b0d6f4517f82673cf0280140843ba1b24fafb0b,150000,20260717T120435635390Z,909,mask_fragment-n150000-w1024-m0500-s909
mask_fragment,58ced0e286dfa2b04542a7873472fb4400aeb830,late_mask_fragment,1024,1569.647399999667,153600000,0.5,75000,1,sha256:18bd7fb3b6d02ff88c53bf4a74124c631590d7e276f031a9034dc7f9cb857902,6,sha256:44e31d0462dcba177fa3694e8b0d6f4517f82673cf0280140843ba1b24fafb0b,150000,20260717T120435635390Z,909,mask_fragment-n150000-w1024-m0500-s909
mask_fragment,58ced0e286dfa2b04542a7873472fb4400aeb830,late_mask_fragment,1024,1573.3448000391945,153600000,0.5,75000,0,sha256:18bd7fb3b6d02ff88c53bf4a74124c631590d7e276f031a9034dc7f9cb857902,7,sha256:44e31d0462dcba177fa3694e8b0d6f4517f82673cf0280140843ba1b24fafb0b,150000,20260717T120435635390Z,909,mask_fragment-n150000-w1024-m0500-s909
mask_fragment,58ced0e286dfa2b04542a7873472fb4400aeb830,early_mask_fragment,1024,2402.3473000270315,153600000,0.5,75000,1,sha256:1a43e0ddf8cc02438cc76d27ba1cce86da34109d2e43dcc8ed7c9d581b95b39d,7,sha256:44e31d0462dcba177fa3694e8b0d6f4517f82673cf0280140843ba1b24fafb0b,150000,20260717T120435635390Z,909,mask_fragment-n150000-w1024-m0500-s909
mask_fragment,58ced0e286dfa2b04542a7873472fb4400aeb830,early_mask_fragment,1024,2098.1935000163503,153600000,0.5,75000,0,sha256:1a43e0ddf8cc02438cc76d27ba1cce86da34109d2e43dcc8ed7c9d581b95b39d,8,sha256:44e31d0462dcba177fa3694e8b0d6f4517f82673cf0280140843ba1b24fafb0b,150000,20260717T120435635390Z,909,mask_fragment-n150000-w1024-m0500-s909
mask_fragment,58ced0e286dfa2b04542a7873472fb4400aeb830,late_mask_fragment,1024,1132.5780999613926,153600000,0.5,75000,1,sha256:18bd7fb3b6d02ff88c53bf4a74124c631590d7e276f031a9034dc7f9cb857902,8,sha256:44e31d0462dcba177fa3694e8b0d6f4517f82673cf0280140843ba1b24fafb0b,150000,20260717T120435635390Z,909,mask_fragment-n150000-w1024-m0500-s909
mask_fragment,58ced0e286dfa2b04542a7873472fb4400aeb830,late_mask_fragment,1024,1247.4591000354849,153600000,0.5,75000,0,sha256:18bd7fb3b6d02ff88c53bf4a74124c631590d7e276f031a9034dc7f9cb857902,9,sha256:44e31d0462dcba177fa3694e8b0d6f4517f82673cf0280140843ba1b24fafb0b,150000,20260717T120435635390Z,909,mask_fragment-n150000-w1024-m0500-s909
mask_fragment,58ced0e286dfa2b04542a7873472fb4400aeb830,early_mask_fragment,1024,2133.2671000272967,153600000,0.5,75000,1,sha256:1a43e0ddf8cc02438cc76d27ba1cce86da34109d2e43dcc8ed7c9d581b95b39d,9,sha256:44e31d0462dcba177fa3694e8b0d6f4517f82673cf0280140843ba1b24fafb0b,150000,20260717T120435635390Z,909,mask_fragment-n150000-w1024-m0500-s909
mask_fragment,58ced0e286dfa2b04542a7873472fb4400aeb830,early_mask_fragment,1024,1717.239299963694,153600000,0.5,75000,0,sha256:1a43e0ddf8cc02438cc76d27ba1cce86da34109d2e43dcc8ed7c9d581b95b39d,10,sha256:44e31d0462dcba177fa3694e8b0d6f4517f82673cf0280140843ba1b24fafb0b,150000,20260717T120435635390Z,909,mask_fragment-n150000-w1024-m0500-s909
mask_fragment,58ced0e286dfa2b04542a7873472fb4400aeb830,late_mask_fragment,1024,1292.2980000148527,153600000,0.5,75000,1,sha256:18bd7fb3b6d02ff88c53bf4a74124c631590d7e276f031a9034dc7f9cb857902,10,sha256:44e31d0462dcba177fa3694e8b0d6f4517f82673cf0280140843ba1b24fafb0b,150000,20260717T120435635390Z,909,mask_fragment-n150000-w1024-m0500-s909
mask_fragment,58ced0e286dfa2b04542a7873472fb4400aeb830,late_mask_fragment,1024,1163.8663000194356,153600000,0.5,75000,0,sha256:18bd7fb3b6d02ff88c53bf4a74124c631590d7e276f031a9034dc7f9cb857902,11,sha256:44e31d0462dcba177fa3694e8b0d6f4517f82673cf0280140843ba1b24fafb0b,150000,20260717T120435635390Z,909,mask_fragment-n150000-w1024-m0500-s909
mask_fragment,58ced0e286dfa2b04542a7873472fb4400aeb830,early_mask_fragment,1024,2076.7262000008486,153600000,0.5,75000,1,sha256:1a43e0ddf8cc02438cc76d27ba1cce86da34109d2e43dcc8ed7c9d581b95b39d,11,sha256:44e31d0462dcba177fa3694e8b0d6f4517f82673cf0280140843ba1b24fafb0b,150000,20260717T120435635390Z,909,mask_fragment-n150000-w1024-m0500-s909
mask_fragment,58ced0e286dfa2b04542a7873472fb4400aeb830,early_mask_fragment,1024,2080.1391000277363,153600000,0.5,75000,0,sha256:1a43e0ddf8cc02438cc76d27ba1cce86da34109d2e43dcc8ed7c9d581b95b39d,12,sha256:44e31d0462dcba177fa3694e8b0d6f4517f82673cf0280140843ba1b24fafb0b,150000,20260717T120435635390Z,909,mask_fragment-n150000-w1024-m0500-s909
mask_fragment,58ced0e286dfa2b04542a7873472fb4400aeb830,late_mask_fragment,1024,1108.359300007578,153600000,0.5,75000,1,sha256:18bd7fb3b6d02ff88c53bf4a74124c631590d7e276f031a9034dc7f9cb857902,12,sha256:44e31d0462dcba177fa3694e8b0d6f4517f82673cf0280140843ba1b24fafb0b,150000,20260717T120435635390Z,909,mask_fragment-n150000-w1024-m0500-s909
mask_fragment,58ced0e286dfa2b04542a7873472fb4400aeb830,late_mask_fragment,1024,1216.9173000147566,153600000,0.5,75000,0,sha256:18bd7fb3b6d02ff88c53bf4a74124c631590d7e276f031a9034dc7f9cb857902,13,sha256:44e31d0462dcba177fa3694e8b0d6f4517f82673cf0280140843ba1b24fafb0b,150000,20260717T120435635390Z,909,mask_fragment-n150000-w1024-m0500-s909
mask_fragment,58ced0e286dfa2b04542a7873472fb4400aeb830,early_mask_fragment,1024,2067.4493000260554,153600000,0.5,75000,1,sha256:1a43e0ddf8cc02438cc76d27ba1cce86da34109d2e43dcc8ed7c9d581b95b39d,13,sha256:44e31d0462dcba177fa3694e8b0d6f4517f82673cf0280140843ba1b24fafb0b,150000,20260717T120435635390Z,909,mask_fragment-n150000-w1024-m0500-s909
mask_fragment,58ced0e286dfa2b04542a7873472fb4400aeb830,early_mask_fragment,1024,2140.071900037583,153600000,0.5,75000,0,sha256:1a43e0ddf8cc02438cc76d27ba1cce86da34109d2e43dcc8ed7c9d581b95b39d,14,sha256:44e31d0462dcba177fa3694e8b0d6f4517f82673cf0280140843ba1b24fafb0b,150000,20260717T120435635390Z,909,mask_fragment-n150000-w1024-m0500-s909
mask_fragment,58ced0e286dfa2b04542a7873472fb4400aeb830,late_mask_fragment,1024,1279.3251000111923,153600000,0.5,75000,1,sha256:18bd7fb3b6d02ff88c53bf4a74124c631590d7e276f031a9034dc7f9cb857902,14,sha256:44e31d0462dcba177fa3694e8b0d6f4517f82673cf0280140843ba1b24fafb0b,150000,20260717T120435635390Z,909,mask_fragment-n150000-w1024-m0500-s909
mask_fragment,58ced0e286dfa2b04542a7873472fb4400aeb830,early_mask_fragment,1024,2318.303800013382,153600000,1.0,150000,0,sha256:1a43e0ddf8cc02438cc76d27ba1cce86da34109d2e43dcc8ed7c9d581b95b39d,0,sha256:05fbfd86487567ba844b0b5875153229747115243a89b90d39633c780ebce0b1,150000,20260717T120435635390Z,707,mask_fragment-n150000-w1024-m1000-s707
mask_fragment,58ced0e286dfa2b04542a7873472fb4400aeb830,late_mask_fragment,1024,2422.4015999934636,153600000,1.0,150000,1,sha256:92b825cb6ca6efd8c921ae328d9dcd567e5fc1cecda65d185180a168e33b45c9,0,sha256:05fbfd86487567ba844b0b5875153229747115243a89b90d39633c780ebce0b1,150000,20260717T120435635390Z,707,mask_fragment-n150000-w1024-m1000-s707
mask_fragment,58ced0e286dfa2b04542a7873472fb4400aeb830,late_mask_fragment,1024,2152.56070002215,153600000,1.0,150000,0,sha256:92b825cb6ca6efd8c921ae328d9dcd567e5fc1cecda65d185180a168e33b45c9,1,sha256:05fbfd86487567ba844b0b5875153229747115243a89b90d39633c780ebce0b1,150000,20260717T120435635390Z,707,mask_fragment-n150000-w1024-m1000-s707
mask_fragment,58ced0e286dfa2b04542a7873472fb4400aeb830,early_mask_fragment,1024,1869.9723000172526,153600000,1.0,150000,1,sha256:1a43e0ddf8cc02438cc76d27ba1cce86da34109d2e43dcc8ed7c9d581b95b39d,1,sha256:05fbfd86487567ba844b0b5875153229747115243a89b90d39633c780ebce0b1,150000,20260717T120435635390Z,707,mask_fragment-n150000-w1024-m1000-s707
mask_fragment,58ced0e286dfa2b04542a7873472fb4400aeb830,early_mask_fragment,1024,1848.9419999532402,153600000,1.0,150000,0,sha256:1a43e0ddf8cc02438cc76d27ba1cce86da34109d2e43dcc8ed7c9d581b95b39d,2,sha256:05fbfd86487567ba844b0b5875153229747115243a89b90d39633c780ebce0b1,150000,20260717T120435635390Z,707,mask_fragment-n150000-w1024-m1000-s707
mask_fragment,58ced0e286dfa2b04542a7873472fb4400aeb830,late_mask_fragment,1024,1850.2446000347845,153600000,1.0,150000,1,sha256:92b825cb6ca6efd8c921ae328d9dcd567e5fc1cecda65d185180a168e33b45c9,2,sha256:05fbfd86487567ba844b0b5875153229747115243a89b90d39633c780ebce0b1,150000,20260717T120435635390Z,707,mask_fragment-n150000-w1024-m1000-s707
mask_fragment,58ced0e286dfa2b04542a7873472fb4400aeb830,late_mask_fragment,1024,2126.7213000101037,153600000,1.0,150000,0,sha256:92b825cb6ca6efd8c921ae328d9dcd567e5fc1cecda65d185180a168e33b45c9,3,sha256:05fbfd86487567ba844b0b5875153229747115243a89b90d39633c780ebce0b1,150000,20260717T120435635390Z,707,mask_fragment-n150000-w1024-m1000-s707
mask_fragment,58ced0e286dfa2b04542a7873472fb4400aeb830,early_mask_fragment,1024,1851.8794999690726,153600000,1.0,150000,1,sha256:1a43e0ddf8cc02438cc76d27ba1cce86da34109d2e43dcc8ed7c9d581b95b39d,3,sha256:05fbfd86487567ba844b0b5875153229747115243a89b90d39633c780ebce0b1,150000,20260717T120435635390Z,707,mask_fragment-n150000-w1024-m1000-s707
mask_fragment,58ced0e286dfa2b04542a7873472fb4400aeb830,early_mask_fragment,1024,2065.643900015857,153600000,1.0,150000,0,sha256:1a43e0ddf8cc02438cc76d27ba1cce86da34109d2e43dcc8ed7c9d581b95b39d,4,sha256:05fbfd86487567ba844b0b5875153229747115243a89b90d39633c780ebce0b1,150000,20260717T120435635390Z,707,mask_fragment-n150000-w1024-m1000-s707
mask_fragment,58ced0e286dfa2b04542a7873472fb4400aeb830,late_mask_fragment,1024,2599.2472000070848,153600000,1.0,150000,1,sha256:92b825cb6ca6efd8c921ae328d9dcd567e5fc1cecda65d185180a168e33b45c9,4,sha256:05fbfd86487567ba844b0b5875153229747115243a89b90d39633c780ebce0b1,150000,20260717T120435635390Z,707,mask_fragment-n150000-w1024-m1000-s707
mask_fragment,58ced0e286dfa2b04542a7873472fb4400aeb830,late_mask_fragment,1024,2729.8551999847405,153600000,1.0,150000,0,sha256:92b825cb6ca6efd8c921ae328d9dcd567e5fc1cecda65d185180a168e33b45c9,5,sha256:05fbfd86487567ba844b0b5875153229747115243a89b90d39633c780ebce0b1,150000,20260717T120435635390Z,707,mask_fragment-n150000-w1024-m1000-s707
mask_fragment,58ced0e286dfa2b04542a7873472fb4400aeb830,early_mask_fragment,1024,2359.3662999919616,153600000,1.0,150000,1,sha256:1a43e0ddf8cc02438cc76d27ba1cce86da34109d2e43dcc8ed7c9d581b95b39d,5,sha256:05fbfd86487567ba844b0b5875153229747115243a89b90d39633c780ebce0b1,150000,20260717T120435635390Z,707,mask_fragment-n150000-w1024-m1000-s707
mask_fragment,58ced0e286dfa2b04542a7873472fb4400aeb830,early_mask_fragment,1024,2220.3555000014603,153600000,1.0,150000,0,sha256:1a43e0ddf8cc02438cc76d27ba1cce86da34109d2e43dcc8ed7c9d581b95b39d,6,sha256:05fbfd86487567ba844b0b5875153229747115243a89b90d39633c780ebce0b1,150000,20260717T120435635390Z,707,mask_fragment-n150000-w1024-m1000-s707
mask_fragment,58ced0e286dfa2b04542a7873472fb4400aeb830,late_mask_fragment,1024,1843.4432999929413,153600000,1.0,150000,1,sha256:92b825cb6ca6efd8c921ae328d9dcd567e5fc1cecda65d185180a168e33b45c9,6,sha256:05fbfd86487567ba844b0b5875153229747115243a89b90d39633c780ebce0b1,150000,20260717T120435635390Z,707,mask_fragment-n150000-w1024-m1000-s707
mask_fragment,58ced0e286dfa2b04542a7873472fb4400aeb830,late_mask_fragment,1024,2488.0690000136383,153600000,1.0,150000,0,sha256:92b825cb6ca6efd8c921ae328d9dcd567e5fc1cecda65d185180a168e33b45c9,7,sha256:05fbfd86487567ba844b0b5875153229747115243a89b90d39633c780ebce0b1,150000,20260717T120435635390Z,707,mask_fragment-n150000-w1024-m1000-s707
mask_fragment,58ced0e286dfa2b04542a7873472fb4400aeb830,early_mask_fragment,1024,2795.036900031846,153600000,1.0,150000,1,sha256:1a43e0ddf8cc02438cc76d27ba1cce86da34109d2e43dcc8ed7c9d581b95b39d,7,sha256:05fbfd86487567ba844b0b5875153229747115243a89b90d39633c780ebce0b1,150000,20260717T120435635390Z,707,mask_fragment-n150000-w1024-m1000-s707
mask_fragment,58ced0e286dfa2b04542a7873472fb4400aeb830,early_mask_fragment,1024,2473.0204999796115,153600000,1.0,150000,0,sha256:1a43e0ddf8cc02438cc76d27ba1cce86da34109d2e43dcc8ed7c9d581b95b39d,8,sha256:05fbfd86487567ba844b0b5875153229747115243a89b90d39633c780ebce0b1,150000,20260717T120435635390Z,707,mask_fragment-n150000-w1024-m1000-s707
mask_fragment,58ced0e286dfa2b04542a7873472fb4400aeb830,late_mask_fragment,1024,2642.6598000107333,153600000,1.0,150000,1,sha256:92b825cb6ca6efd8c921ae328d9dcd567e5fc1cecda65d185180a168e33b45c9,8,sha256:05fbfd86487567ba844b0b5875153229747115243a89b90d39633c780ebce0b1,150000,20260717T120435635390Z,707,mask_fragment-n150000-w1024-m1000-s707
mask_fragment,58ced0e286dfa2b04542a7873472fb4400aeb830,late_mask_fragment,1024,1946.8707999913022,153600000,1.0,150000,0,sha256:92b825cb6ca6efd8c921ae328d9dcd567e5fc1cecda65d185180a168e33b45c9,9,sha256:05fbfd86487567ba844b0b5875153229747115243a89b90d39633c780ebce0b1,150000,20260717T120435635390Z,707,mask_fragment-n150000-w1024-m1000-s707
mask_fragment,58ced0e286dfa2b04542a7873472fb4400aeb830,early_mask_fragment,1024,2064.5460999803618,153600000,1.0,150000,1,sha256:1a43e0ddf8cc02438cc76d27ba1cce86da34109d2e43dcc8ed7c9d581b95b39d,9,sha256:05fbfd86487567ba844b0b5875153229747115243a89b90d39633c780ebce0b1,150000,20260717T120435635390Z,707,mask_fragment-n150000-w1024-m1000-s707
mask_fragment,58ced0e286dfa2b04542a7873472fb4400aeb830,early_mask_fragment,1024,2049.401999975089,153600000,1.0,150000,0,sha256:1a43e0ddf8cc02438cc76d27ba1cce86da34109d2e43dcc8ed7c9d581b95b39d,10,sha256:05fbfd86487567ba844b0b5875153229747115243a89b90d39633c780ebce0b1,150000,20260717T120435635390Z,707,mask_fragment-n150000-w1024-m1000-s707
mask_fragment,58ced0e286dfa2b04542a7873472fb4400aeb830,late_mask_fragment,1024,2162.924700009171,153600000,1.0,150000,1,sha256:92b825cb6ca6efd8c921ae328d9dcd567e5fc1cecda65d185180a168e33b45c9,10,sha256:05fbfd86487567ba844b0b5875153229747115243a89b90d39633c780ebce0b1,150000,20260717T120435635390Z,707,mask_fragment-n150000-w1024-m1000-s707
mask_fragment,58ced0e286dfa2b04542a7873472fb4400aeb830,late_mask_fragment,1024,2370.775400020648,153600000,1.0,150000,0,sha256:92b825cb6ca6efd8c921ae328d9dcd567e5fc1cecda65d185180a168e33b45c9,11,sha256:05fbfd86487567ba844b0b5875153229747115243a89b90d39633c780ebce0b1,150000,20260717T120435635390Z,707,mask_fragment-n150000-w1024-m1000-s707
mask_fragment,58ced0e286dfa2b04542a7873472fb4400aeb830,early_mask_fragment,1024,2250.8333000005223,153600000,1.0,150000,1,sha256:1a43e0ddf8cc02438cc76d27ba1cce86da34109d2e43dcc8ed7c9d581b95b39d,11,sha256:05fbfd86487567ba844b0b5875153229747115243a89b90d39633c780ebce0b1,150000,20260717T120435635390Z,707,mask_fragment-n150000-w1024-m1000-s707
mask_fragment,58ced0e286dfa2b04542a7873472fb4400aeb830,early_mask_fragment,1024,2292.3610000289045,153600000,1.0,150000,0,sha256:1a43e0ddf8cc02438cc76d27ba1cce86da34109d2e43dcc8ed7c9d581b95b39d,12,sha256:05fbfd86487567ba844b0b5875153229747115243a89b90d39633c780ebce0b1,150000,20260717T120435635390Z,707,mask_fragment-n150000-w1024-m1000-s707
mask_fragment,58ced0e286dfa2b04542a7873472fb4400aeb830,late_mask_fragment,1024,2279.964200046379,153600000,1.0,150000,1,sha256:92b825cb6ca6efd8c921ae328d9dcd567e5fc1cecda65d185180a168e33b45c9,12,sha256:05fbfd86487567ba844b0b5875153229747115243a89b90d39633c780ebce0b1,150000,20260717T120435635390Z,707,mask_fragment-n150000-w1024-m1000-s707
mask_fragment,58ced0e286dfa2b04542a7873472fb4400aeb830,late_mask_fragment,1024,2199.386099993717,153600000,1.0,150000,0,sha256:92b825cb6ca6efd8c921ae328d9dcd567e5fc1cecda65d185180a168e33b45c9,13,sha256:05fbfd86487567ba844b0b5875153229747115243a89b90d39633c780ebce0b1,150000,20260717T120435635390Z,707,mask_fragment-n150000-w1024-m1000-s707
mask_fragment,58ced0e286dfa2b04542a7873472fb4400aeb830,early_mask_fragment,1024,2587.7411999972537,153600000,1.0,150000,1,sha256:1a43e0ddf8cc02438cc76d27ba1cce86da34109d2e43dcc8ed7c9d581b95b39d,13,sha256:05fbfd86487567ba844b0b5875153229747115243a89b90d39633c780ebce0b1,150000,20260717T120435635390Z,707,mask_fragment-n150000-w1024-m1000-s707
mask_fragment,58ced0e286dfa2b04542a7873472fb4400aeb830,early_mask_fragment,1024,2624.762899999041,153600000,1.0,150000,0,sha256:1a43e0ddf8cc02438cc76d27ba1cce86da34109d2e43dcc8ed7c9d581b95b39d,14,sha256:05fbfd86487567ba844b0b5875153229747115243a89b90d39633c780ebce0b1,150000,20260717T120435635390Z,707,mask_fragment-n150000-w1024-m1000-s707
mask_fragment,58ced0e286dfa2b04542a7873472fb4400aeb830,late_mask_fragment,1024,1951.3239999650978,153600000,1.0,150000,1,sha256:92b825cb6ca6efd8c921ae328d9dcd567e5fc1cecda65d185180a168e33b45c9,14,sha256:05fbfd86487567ba844b0b5875153229747115243a89b90d39633c780ebce0b1,150000,20260717T120435635390Z,707,mask_fragment-n150000-w1024-m1000-s707
mask_fragment,58ced0e286dfa2b04542a7873472fb4400aeb830,early_mask_fragment,1024,2106.6496999701485,153600000,1.0,150000,0,sha256:1a43e0ddf8cc02438cc76d27ba1cce86da34109d2e43dcc8ed7c9d581b95b39d,0,sha256:18c536e0f1f487119636c1a9f3d5c319c86efdac37bf275c35b35d650fc29f2c,150000,20260717T120435635390Z,808,mask_fragment-n150000-w1024-m1000-s808
mask_fragment,58ced0e286dfa2b04542a7873472fb4400aeb830,late_mask_fragment,1024,1962.4084999668412,153600000,1.0,150000,1,sha256:92b825cb6ca6efd8c921ae328d9dcd567e5fc1cecda65d185180a168e33b45c9,0,sha256:18c536e0f1f487119636c1a9f3d5c319c86efdac37bf275c35b35d650fc29f2c,150000,20260717T120435635390Z,808,mask_fragment-n150000-w1024-m1000-s808
mask_fragment,58ced0e286dfa2b04542a7873472fb4400aeb830,late_mask_fragment,1024,2334.547200007364,153600000,1.0,150000,0,sha256:92b825cb6ca6efd8c921ae328d9dcd567e5fc1cecda65d185180a168e33b45c9,1,sha256:18c536e0f1f487119636c1a9f3d5c319c86efdac37bf275c35b35d650fc29f2c,150000,20260717T120435635390Z,808,mask_fragment-n150000-w1024-m1000-s808
mask_fragment,58ced0e286dfa2b04542a7873472fb4400aeb830,early_mask_fragment,1024,2126.625199976843,153600000,1.0,150000,1,sha256:1a43e0ddf8cc02438cc76d27ba1cce86da34109d2e43dcc8ed7c9d581b95b39d,1,sha256:18c536e0f1f487119636c1a9f3d5c319c86efdac37bf275c35b35d650fc29f2c,150000,20260717T120435635390Z,808,mask_fragment-n150000-w1024-m1000-s808
mask_fragment,58ced0e286dfa2b04542a7873472fb4400aeb830,early_mask_fragment,1024,2062.664399971254,153600000,1.0,150000,0,sha256:1a43e0ddf8cc02438cc76d27ba1cce86da34109d2e43dcc8ed7c9d581b95b39d,2,sha256:18c536e0f1f487119636c1a9f3d5c319c86efdac37bf275c35b35d650fc29f2c,150000,20260717T120435635390Z,808,mask_fragment-n150000-w1024-m1000-s808
mask_fragment,58ced0e286dfa2b04542a7873472fb4400aeb830,late_mask_fragment,1024,1839.655700023286,153600000,1.0,150000,1,sha256:92b825cb6ca6efd8c921ae328d9dcd567e5fc1cecda65d185180a168e33b45c9,2,sha256:18c536e0f1f487119636c1a9f3d5c319c86efdac37bf275c35b35d650fc29f2c,150000,20260717T120435635390Z,808,mask_fragment-n150000-w1024-m1000-s808
mask_fragment,58ced0e286dfa2b04542a7873472fb4400aeb830,late_mask_fragment,1024,2037.858200026676,153600000,1.0,150000,0,sha256:92b825cb6ca6efd8c921ae328d9dcd567e5fc1cecda65d185180a168e33b45c9,3,sha256:18c536e0f1f487119636c1a9f3d5c319c86efdac37bf275c35b35d650fc29f2c,150000,20260717T120435635390Z,808,mask_fragment-n150000-w1024-m1000-s808
mask_fragment,58ced0e286dfa2b04542a7873472fb4400aeb830,early_mask_fragment,1024,2596.19000001112,153600000,1.0,150000,1,sha256:1a43e0ddf8cc02438cc76d27ba1cce86da34109d2e43dcc8ed7c9d581b95b39d,3,sha256:18c536e0f1f487119636c1a9f3d5c319c86efdac37bf275c35b35d650fc29f2c,150000,20260717T120435635390Z,808,mask_fragment-n150000-w1024-m1000-s808
mask_fragment,58ced0e286dfa2b04542a7873472fb4400aeb830,early_mask_fragment,1024,3115.75840000296,153600000,1.0,150000,0,sha256:1a43e0ddf8cc02438cc76d27ba1cce86da34109d2e43dcc8ed7c9d581b95b39d,4,sha256:18c536e0f1f487119636c1a9f3d5c319c86efdac37bf275c35b35d650fc29f2c,150000,20260717T120435635390Z,808,mask_fragment-n150000-w1024-m1000-s808
mask_fragment,58ced0e286dfa2b04542a7873472fb4400aeb830,late_mask_fragment,1024,2303.980099968612,153600000,1.0,150000,1,sha256:92b825cb6ca6efd8c921ae328d9dcd567e5fc1cecda65d185180a168e33b45c9,4,sha256:18c536e0f1f487119636c1a9f3d5c319c86efdac37bf275c35b35d650fc29f2c,150000,20260717T120435635390Z,808,mask_fragment-n150000-w1024-m1000-s808
mask_fragment,58ced0e286dfa2b04542a7873472fb4400aeb830,late_mask_fragment,1024,2408.3832000033,153600000,1.0,150000,0,sha256:92b825cb6ca6efd8c921ae328d9dcd567e5fc1cecda65d185180a168e33b45c9,5,sha256:18c536e0f1f487119636c1a9f3d5c319c86efdac37bf275c35b35d650fc29f2c,150000,20260717T120435635390Z,808,mask_fragment-n150000-w1024-m1000-s808
mask_fragment,58ced0e286dfa2b04542a7873472fb4400aeb830,early_mask_fragment,1024,2774.2526999791153,153600000,1.0,150000,1,sha256:1a43e0ddf8cc02438cc76d27ba1cce86da34109d2e43dcc8ed7c9d581b95b39d,5,sha256:18c536e0f1f487119636c1a9f3d5c319c86efdac37bf275c35b35d650fc29f2c,150000,20260717T120435635390Z,808,mask_fragment-n150000-w1024-m1000-s808
mask_fragment,58ced0e286dfa2b04542a7873472fb4400aeb830,early_mask_fragment,1024,1901.1018000310287,153600000,1.0,150000,0,sha256:1a43e0ddf8cc02438cc76d27ba1cce86da34109d2e43dcc8ed7c9d581b95b39d,6,sha256:18c536e0f1f487119636c1a9f3d5c319c86efdac37bf275c35b35d650fc29f2c,150000,20260717T120435635390Z,808,mask_fragment-n150000-w1024-m1000-s808
mask_fragment,58ced0e286dfa2b04542a7873472fb4400aeb830,late_mask_fragment,1024,2441.109500010498,153600000,1.0,150000,1,sha256:92b825cb6ca6efd8c921ae328d9dcd567e5fc1cecda65d185180a168e33b45c9,6,sha256:18c536e0f1f487119636c1a9f3d5c319c86efdac37bf275c35b35d650fc29f2c,150000,20260717T120435635390Z,808,mask_fragment-n150000-w1024-m1000-s808
mask_fragment,58ced0e286dfa2b04542a7873472fb4400aeb830,late_mask_fragment,1024,2061.0555000021122,153600000,1.0,150000,0,sha256:92b825cb6ca6efd8c921ae328d9dcd567e5fc1cecda65d185180a168e33b45c9,7,sha256:18c536e0f1f487119636c1a9f3d5c319c86efdac37bf275c35b35d650fc29f2c,150000,20260717T120435635390Z,808,mask_fragment-n150000-w1024-m1000-s808
mask_fragment,58ced0e286dfa2b04542a7873472fb4400aeb830,early_mask_fragment,1024,1809.814800042659,153600000,1.0,150000,1,sha256:1a43e0ddf8cc02438cc76d27ba1cce86da34109d2e43dcc8ed7c9d581b95b39d,7,sha256:18c536e0f1f487119636c1a9f3d5c319c86efdac37bf275c35b35d650fc29f2c,150000,20260717T120435635390Z,808,mask_fragment-n150000-w1024-m1000-s808
mask_fragment,58ced0e286dfa2b04542a7873472fb4400aeb830,early_mask_fragment,1024,2074.9267999781296,153600000,1.0,150000,0,sha256:1a43e0ddf8cc02438cc76d27ba1cce86da34109d2e43dcc8ed7c9d581b95b39d,8,sha256:18c536e0f1f487119636c1a9f3d5c319c86efdac37bf275c35b35d650fc29f2c,150000,20260717T120435635390Z,808,mask_fragment-n150000-w1024-m1000-s808
mask_fragment,58ced0e286dfa2b04542a7873472fb4400aeb830,late_mask_fragment,1024,1912.7249000011943,153600000,1.0,150000,1,sha256:92b825cb6ca6efd8c921ae328d9dcd567e5fc1cecda65d185180a168e33b45c9,8,sha256:18c536e0f1f487119636c1a9f3d5c319c86efdac37bf275c35b35d650fc29f2c,150000,20260717T120435635390Z,808,mask_fragment-n150000-w1024-m1000-s808
mask_fragment,58ced0e286dfa2b04542a7873472fb4400aeb830,late_mask_fragment,1024,2081.761399982497,153600000,1.0,150000,0,sha256:92b825cb6ca6efd8c921ae328d9dcd567e5fc1cecda65d185180a168e33b45c9,9,sha256:18c536e0f1f487119636c1a9f3d5c319c86efdac37bf275c35b35d650fc29f2c,150000,20260717T120435635390Z,808,mask_fragment-n150000-w1024-m1000-s808
mask_fragment,58ced0e286dfa2b04542a7873472fb4400aeb830,early_mask_fragment,1024,2170.7865999778733,153600000,1.0,150000,1,sha256:1a43e0ddf8cc02438cc76d27ba1cce86da34109d2e43dcc8ed7c9d581b95b39d,9,sha256:18c536e0f1f487119636c1a9f3d5c319c86efdac37bf275c35b35d650fc29f2c,150000,20260717T120435635390Z,808,mask_fragment-n150000-w1024-m1000-s808
mask_fragment,58ced0e286dfa2b04542a7873472fb4400aeb830,early_mask_fragment,1024,2165.674499992747,153600000,1.0,150000,0,sha256:1a43e0ddf8cc02438cc76d27ba1cce86da34109d2e43dcc8ed7c9d581b95b39d,10,sha256:18c536e0f1f487119636c1a9f3d5c319c86efdac37bf275c35b35d650fc29f2c,150000,20260717T120435635390Z,808,mask_fragment-n150000-w1024-m1000-s808
mask_fragment,58ced0e286dfa2b04542a7873472fb4400aeb830,late_mask_fragment,1024,1974.5743999956176,153600000,1.0,150000,1,sha256:92b825cb6ca6efd8c921ae328d9dcd567e5fc1cecda65d185180a168e33b45c9,10,sha256:18c536e0f1f487119636c1a9f3d5c319c86efdac37bf275c35b35d650fc29f2c,150000,20260717T120435635390Z,808,mask_fragment-n150000-w1024-m1000-s808
mask_fragment,58ced0e286dfa2b04542a7873472fb4400aeb830,late_mask_fragment,1024,2037.33869997086,153600000,1.0,150000,0,sha256:92b825cb6ca6efd8c921ae328d9dcd567e5fc1cecda65d185180a168e33b45c9,11,sha256:18c536e0f1f487119636c1a9f3d5c319c86efdac37bf275c35b35d650fc29f2c,150000,20260717T120435635390Z,808,mask_fragment-n150000-w1024-m1000-s808
mask_fragment,58ced0e286dfa2b04542a7873472fb4400aeb830,early_mask_fragment,1024,2135.8336999546736,153600000,1.0,150000,1,sha256:1a43e0ddf8cc02438cc76d27ba1cce86da34109d2e43dcc8ed7c9d581b95b39d,11,sha256:18c536e0f1f487119636c1a9f3d5c319c86efdac37bf275c35b35d650fc29f2c,150000,20260717T120435635390Z,808,mask_fragment-n150000-w1024-m1000-s808
mask_fragment,58ced0e286dfa2b04542a7873472fb4400aeb830,early_mask_fragment,1024,2574.3989999755286,153600000,1.0,150000,0,sha256:1a43e0ddf8cc02438cc76d27ba1cce86da34109d2e43dcc8ed7c9d581b95b39d,12,sha256:18c536e0f1f487119636c1a9f3d5c319c86efdac37bf275c35b35d650fc29f2c,150000,20260717T120435635390Z,808,mask_fragment-n150000-w1024-m1000-s808
mask_fragment,58ced0e286dfa2b04542a7873472fb4400aeb830,late_mask_fragment,1024,2906.8434999790043,153600000,1.0,150000,1,sha256:92b825cb6ca6efd8c921ae328d9dcd567e5fc1cecda65d185180a168e33b45c9,12,sha256:18c536e0f1f487119636c1a9f3d5c319c86efdac37bf275c35b35d650fc29f2c,150000,20260717T120435635390Z,808,mask_fragment-n150000-w1024-m1000-s808
mask_fragment,58ced0e286dfa2b04542a7873472fb4400aeb830,late_mask_fragment,1024,1882.6794000342488,153600000,1.0,150000,0,sha256:92b825cb6ca6efd8c921ae328d9dcd567e5fc1cecda65d185180a168e33b45c9,13,sha256:18c536e0f1f487119636c1a9f3d5c319c86efdac37bf275c35b35d650fc29f2c,150000,20260717T120435635390Z,808,mask_fragment-n150000-w1024-m1000-s808
mask_fragment,58ced0e286dfa2b04542a7873472fb4400aeb830,early_mask_fragment,1024,2056.7815999966115,153600000,1.0,150000,1,sha256:1a43e0ddf8cc02438cc76d27ba1cce86da34109d2e43dcc8ed7c9d581b95b39d,13,sha256:18c536e0f1f487119636c1a9f3d5c319c86efdac37bf275c35b35d650fc29f2c,150000,20260717T120435635390Z,808,mask_fragment-n150000-w1024-m1000-s808
mask_fragment,58ced0e286dfa2b04542a7873472fb4400aeb830,early_mask_fragment,1024,2128.2025999971665,153600000,1.0,150000,0,sha256:1a43e0ddf8cc02438cc76d27ba1cce86da34109d2e43dcc8ed7c9d581b95b39d,14,sha256:18c536e0f1f487119636c1a9f3d5c319c86efdac37bf275c35b35d650fc29f2c,150000,20260717T120435635390Z,808,mask_fragment-n150000-w1024-m1000-s808
mask_fragment,58ced0e286dfa2b04542a7873472fb4400aeb830,late_mask_fragment,1024,1854.3684000032954,153600000,1.0,150000,1,sha256:92b825cb6ca6efd8c921ae328d9dcd567e5fc1cecda65d185180a168e33b45c9,14,sha256:18c536e0f1f487119636c1a9f3d5c319c86efdac37bf275c35b35d650fc29f2c,150000,20260717T120435635390Z,808,mask_fragment-n150000-w1024-m1000-s808
mask_fragment,58ced0e286dfa2b04542a7873472fb4400aeb830,early_mask_fragment,1024,2103.9397999993525,153600000,1.0,150000,0,sha256:1a43e0ddf8cc02438cc76d27ba1cce86da34109d2e43dcc8ed7c9d581b95b39d,0,sha256:7e6921ef65732595fc374ecc1f6f4dec80b953c8fd766fdcd4bc3e0da5ff7380,150000,20260717T120435635390Z,909,mask_fragment-n150000-w1024-m1000-s909
mask_fragment,58ced0e286dfa2b04542a7873472fb4400aeb830,late_mask_fragment,1024,1859.4077000161633,153600000,1.0,150000,1,sha256:92b825cb6ca6efd8c921ae328d9dcd567e5fc1cecda65d185180a168e33b45c9,0,sha256:7e6921ef65732595fc374ecc1f6f4dec80b953c8fd766fdcd4bc3e0da5ff7380,150000,20260717T120435635390Z,909,mask_fragment-n150000-w1024-m1000-s909
mask_fragment,58ced0e286dfa2b04542a7873472fb4400aeb830,late_mask_fragment,1024,2186.522900010459,153600000,1.0,150000,0,sha256:92b825cb6ca6efd8c921ae328d9dcd567e5fc1cecda65d185180a168e33b45c9,1,sha256:7e6921ef65732595fc374ecc1f6f4dec80b953c8fd766fdcd4bc3e0da5ff7380,150000,20260717T120435635390Z,909,mask_fragment-n150000-w1024-m1000-s909
mask_fragment,58ced0e286dfa2b04542a7873472fb4400aeb830,early_mask_fragment,1024,1884.6420999616385,153600000,1.0,150000,1,sha256:1a43e0ddf8cc02438cc76d27ba1cce86da34109d2e43dcc8ed7c9d581b95b39d,1,sha256:7e6921ef65732595fc374ecc1f6f4dec80b953c8fd766fdcd4bc3e0da5ff7380,150000,20260717T120435635390Z,909,mask_fragment-n150000-w1024-m1000-s909
mask_fragment,58ced0e286dfa2b04542a7873472fb4400aeb830,early_mask_fragment,1024,2358.1324000260793,153600000,1.0,150000,0,sha256:1a43e0ddf8cc02438cc76d27ba1cce86da34109d2e43dcc8ed7c9d581b95b39d,2,sha256:7e6921ef65732595fc374ecc1f6f4dec80b953c8fd766fdcd4bc3e0da5ff7380,150000,20260717T120435635390Z,909,mask_fragment-n150000-w1024-m1000-s909
mask_fragment,58ced0e286dfa2b04542a7873472fb4400aeb830,late_mask_fragment,1024,2917.321000015363,153600000,1.0,150000,1,sha256:92b825cb6ca6efd8c921ae328d9dcd567e5fc1cecda65d185180a168e33b45c9,2,sha256:7e6921ef65732595fc374ecc1f6f4dec80b953c8fd766fdcd4bc3e0da5ff7380,150000,20260717T120435635390Z,909,mask_fragment-n150000-w1024-m1000-s909
mask_fragment,58ced0e286dfa2b04542a7873472fb4400aeb830,late_mask_fragment,1024,2020.5586000229232,153600000,1.0,150000,0,sha256:92b825cb6ca6efd8c921ae328d9dcd567e5fc1cecda65d185180a168e33b45c9,3,sha256:7e6921ef65732595fc374ecc1f6f4dec80b953c8fd766fdcd4bc3e0da5ff7380,150000,20260717T120435635390Z,909,mask_fragment-n150000-w1024-m1000-s909
mask_fragment,58ced0e286dfa2b04542a7873472fb4400aeb830,early_mask_fragment,1024,2177.9070000047795,153600000,1.0,150000,1,sha256:1a43e0ddf8cc02438cc76d27ba1cce86da34109d2e43dcc8ed7c9d581b95b39d,3,sha256:7e6921ef65732595fc374ecc1f6f4dec80b953c8fd766fdcd4bc3e0da5ff7380,150000,20260717T120435635390Z,909,mask_fragment-n150000-w1024-m1000-s909
mask_fragment,58ced0e286dfa2b04542a7873472fb4400aeb830,early_mask_fragment,1024,2667.209599982016,153600000,1.0,150000,0,sha256:1a43e0ddf8cc02438cc76d27ba1cce86da34109d2e43dcc8ed7c9d581b95b39d,4,sha256:7e6921ef65732595fc374ecc1f6f4dec80b953c8fd766fdcd4bc3e0da5ff7380,150000,20260717T120435635390Z,909,mask_fragment-n150000-w1024-m1000-s909
mask_fragment,58ced0e286dfa2b04542a7873472fb4400aeb830,late_mask_fragment,1024,2583.1987999845296,153600000,1.0,150000,1,sha256:92b825cb6ca6efd8c921ae328d9dcd567e5fc1cecda65d185180a168e33b45c9,4,sha256:7e6921ef65732595fc374ecc1f6f4dec80b953c8fd766fdcd4bc3e0da5ff7380,150000,20260717T120435635390Z,909,mask_fragment-n150000-w1024-m1000-s909
mask_fragment,58ced0e286dfa2b04542a7873472fb4400aeb830,late_mask_fragment,1024,2143.9954999950714,153600000,1.0,150000,0,sha256:92b825cb6ca6efd8c921ae328d9dcd567e5fc1cecda65d185180a168e33b45c9,5,sha256:7e6921ef65732595fc374ecc1f6f4dec80b953c8fd766fdcd4bc3e0da5ff7380,150000,20260717T120435635390Z,909,mask_fragment-n150000-w1024-m1000-s909
mask_fragment,58ced0e286dfa2b04542a7873472fb4400aeb830,early_mask_fragment,1024,1821.00450003054,153600000,1.0,150000,1,sha256:1a43e0ddf8cc02438cc76d27ba1cce86da34109d2e43dcc8ed7c9d581b95b39d,5,sha256:7e6921ef65732595fc374ecc1f6f4dec80b953c8fd766fdcd4bc3e0da5ff7380,150000,20260717T120435635390Z,909,mask_fragment-n150000-w1024-m1000-s909
mask_fragment,58ced0e286dfa2b04542a7873472fb4400aeb830,early_mask_fragment,1024,1780.7375999982469,153600000,1.0,150000,0,sha256:1a43e0ddf8cc02438cc76d27ba1cce86da34109d2e43dcc8ed7c9d581b95b39d,6,sha256:7e6921ef65732595fc374ecc1f6f4dec80b953c8fd766fdcd4bc3e0da5ff7380,150000,20260717T120435635390Z,909,mask_fragment-n150000-w1024-m1000-s909
mask_fragment,58ced0e286dfa2b04542a7873472fb4400aeb830,late_mask_fragment,1024,1849.7783999773674,153600000,1.0,150000,1,sha256:92b825cb6ca6efd8c921ae328d9dcd567e5fc1cecda65d185180a168e33b45c9,6,sha256:7e6921ef65732595fc374ecc1f6f4dec80b953c8fd766fdcd4bc3e0da5ff7380,150000,20260717T120435635390Z,909,mask_fragment-n150000-w1024-m1000-s909
mask_fragment,58ced0e286dfa2b04542a7873472fb4400aeb830,late_mask_fragment,1024,2195.1608000090346,153600000,1.0,150000,0,sha256:92b825cb6ca6efd8c921ae328d9dcd567e5fc1cecda65d185180a168e33b45c9,7,sha256:7e6921ef65732595fc374ecc1f6f4dec80b953c8fd766fdcd4bc3e0da5ff7380,150000,20260717T120435635390Z,909,mask_fragment-n150000-w1024-m1000-s909
mask_fragment,58ced0e286dfa2b04542a7873472fb4400aeb830,early_mask_fragment,1024,2161.7491000215523,153600000,1.0,150000,1,sha256:1a43e0ddf8cc02438cc76d27ba1cce86da34109d2e43dcc8ed7c9d581b95b39d,7,sha256:7e6921ef65732595fc374ecc1f6f4dec80b953c8fd766fdcd4bc3e0da5ff7380,150000,20260717T120435635390Z,909,mask_fragment-n150000-w1024-m1000-s909
mask_fragment,58ced0e286dfa2b04542a7873472fb4400aeb830,early_mask_fragment,1024,2100.2800000132993,153600000,1.0,150000,0,sha256:1a43e0ddf8cc02438cc76d27ba1cce86da34109d2e43dcc8ed7c9d581b95b39d,8,sha256:7e6921ef65732595fc374ecc1f6f4dec80b953c8fd766fdcd4bc3e0da5ff7380,150000,20260717T120435635390Z,909,mask_fragment-n150000-w1024-m1000-s909
mask_fragment,58ced0e286dfa2b04542a7873472fb4400aeb830,late_mask_fragment,1024,1836.065600044094,153600000,1.0,150000,1,sha256:92b825cb6ca6efd8c921ae328d9dcd567e5fc1cecda65d185180a168e33b45c9,8,sha256:7e6921ef65732595fc374ecc1f6f4dec80b953c8fd766fdcd4bc3e0da5ff7380,150000,20260717T120435635390Z,909,mask_fragment-n150000-w1024-m1000-s909
mask_fragment,58ced0e286dfa2b04542a7873472fb4400aeb830,late_mask_fragment,1024,1986.854599963408,153600000,1.0,150000,0,sha256:92b825cb6ca6efd8c921ae328d9dcd567e5fc1cecda65d185180a168e33b45c9,9,sha256:7e6921ef65732595fc374ecc1f6f4dec80b953c8fd766fdcd4bc3e0da5ff7380,150000,20260717T120435635390Z,909,mask_fragment-n150000-w1024-m1000-s909
mask_fragment,58ced0e286dfa2b04542a7873472fb4400aeb830,early_mask_fragment,1024,2302.1245999843813,153600000,1.0,150000,1,sha256:1a43e0ddf8cc02438cc76d27ba1cce86da34109d2e43dcc8ed7c9d581b95b39d,9,sha256:7e6921ef65732595fc374ecc1f6f4dec80b953c8fd766fdcd4bc3e0da5ff7380,150000,20260717T120435635390Z,909,mask_fragment-n150000-w1024-m1000-s909
mask_fragment,58ced0e286dfa2b04542a7873472fb4400aeb830,early_mask_fragment,1024,2098.7154999747872,153600000,1.0,150000,0,sha256:1a43e0ddf8cc02438cc76d27ba1cce86da34109d2e43dcc8ed7c9d581b95b39d,10,sha256:7e6921ef65732595fc374ecc1f6f4dec80b953c8fd766fdcd4bc3e0da5ff7380,150000,20260717T120435635390Z,909,mask_fragment-n150000-w1024-m1000-s909
mask_fragment,58ced0e286dfa2b04542a7873472fb4400aeb830,late_mask_fragment,1024,2350.66320002079,153600000,1.0,150000,1,sha256:92b825cb6ca6efd8c921ae328d9dcd567e5fc1cecda65d185180a168e33b45c9,10,sha256:7e6921ef65732595fc374ecc1f6f4dec80b953c8fd766fdcd4bc3e0da5ff7380,150000,20260717T120435635390Z,909,mask_fragment-n150000-w1024-m1000-s909
mask_fragment,58ced0e286dfa2b04542a7873472fb4400aeb830,late_mask_fragment,1024,2672.8453000541776,153600000,1.0,150000,0,sha256:92b825cb6ca6efd8c921ae328d9dcd567e5fc1cecda65d185180a168e33b45c9,11,sha256:7e6921ef65732595fc374ecc1f6f4dec80b953c8fd766fdcd4bc3e0da5ff7380,150000,20260717T120435635390Z,909,mask_fragment-n150000-w1024-m1000-s909
mask_fragment,58ced0e286dfa2b04542a7873472fb4400aeb830,early_mask_fragment,1024,2373.698199982755,153600000,1.0,150000,1,sha256:1a43e0ddf8cc02438cc76d27ba1cce86da34109d2e43dcc8ed7c9d581b95b39d,11,sha256:7e6921ef65732595fc374ecc1f6f4dec80b953c8fd766fdcd4bc3e0da5ff7380,150000,20260717T120435635390Z,909,mask_fragment-n150000-w1024-m1000-s909
mask_fragment,58ced0e286dfa2b04542a7873472fb4400aeb830,early_mask_fragment,1024,1809.2570999870077,153600000,1.0,150000,0,sha256:1a43e0ddf8cc02438cc76d27ba1cce86da34109d2e43dcc8ed7c9d581b95b39d,12,sha256:7e6921ef65732595fc374ecc1f6f4dec80b953c8fd766fdcd4bc3e0da5ff7380,150000,20260717T120435635390Z,909,mask_fragment-n150000-w1024-m1000-s909
mask_fragment,58ced0e286dfa2b04542a7873472fb4400aeb830,late_mask_fragment,1024,1856.3235999899916,153600000,1.0,150000,1,sha256:92b825cb6ca6efd8c921ae328d9dcd567e5fc1cecda65d185180a168e33b45c9,12,sha256:7e6921ef65732595fc374ecc1f6f4dec80b953c8fd766fdcd4bc3e0da5ff7380,150000,20260717T120435635390Z,909,mask_fragment-n150000-w1024-m1000-s909
mask_fragment,58ced0e286dfa2b04542a7873472fb4400aeb830,late_mask_fragment,1024,1849.9627000419423,153600000,1.0,150000,0,sha256:92b825cb6ca6efd8c921ae328d9dcd567e5fc1cecda65d185180a168e33b45c9,13,sha256:7e6921ef65732595fc374ecc1f6f4dec80b953c8fd766fdcd4bc3e0da5ff7380,150000,20260717T120435635390Z,909,mask_fragment-n150000-w1024-m1000-s909
mask_fragment,58ced0e286dfa2b04542a7873472fb4400aeb830,early_mask_fragment,1024,2124.2683000164106,153600000,1.0,150000,1,sha256:1a43e0ddf8cc02438cc76d27ba1cce86da34109d2e43dcc8ed7c9d581b95b39d,13,sha256:7e6921ef65732595fc374ecc1f6f4dec80b953c8fd766fdcd4bc3e0da5ff7380,150000,20260717T120435635390Z,909,mask_fragment-n150000-w1024-m1000-s909
mask_fragment,58ced0e286dfa2b04542a7873472fb4400aeb830,early_mask_fragment,1024,2082.9531000345014,153600000,1.0,150000,0,sha256:1a43e0ddf8cc02438cc76d27ba1cce86da34109d2e43dcc8ed7c9d581b95b39d,14,sha256:7e6921ef65732595fc374ecc1f6f4dec80b953c8fd766fdcd4bc3e0da5ff7380,150000,20260717T120435635390Z,909,mask_fragment-n150000-w1024-m1000-s909
mask_fragment,58ced0e286dfa2b04542a7873472fb4400aeb830,late_mask_fragment,1024,2072.7288000052795,153600000,1.0,150000,1,sha256:92b825cb6ca6efd8c921ae328d9dcd567e5fc1cecda65d185180a168e33b45c9,14,sha256:7e6921ef65732595fc374ecc1f6f4dec80b953c8fd766fdcd4bc3e0da5ff7380,150000,20260717T120435635390Z,909,mask_fragment-n150000-w1024-m1000-s909
mask_fragment,58ced0e286dfa2b04542a7873472fb4400aeb830,late_mask_fragment,2048,499.29020000854507,307200000,0.1,15000,0,sha256:18bd7fb3b6d02ff88c53bf4a74124c631590d7e276f031a9034dc7f9cb857902,0,sha256:4e1981776862f482b0d86fda45dc37b07a4198e11bbeaddb8eb469b86bae40f9,150000,20260717T120435635390Z,707,mask_fragment-n150000-w2048-m0100-s707
mask_fragment,58ced0e286dfa2b04542a7873472fb4400aeb830,early_mask_fragment,2048,3732.612000021618,307200000,0.1,15000,1,sha256:1a43e0ddf8cc02438cc76d27ba1cce86da34109d2e43dcc8ed7c9d581b95b39d,0,sha256:4e1981776862f482b0d86fda45dc37b07a4198e11bbeaddb8eb469b86bae40f9,150000,20260717T120435635390Z,707,mask_fragment-n150000-w2048-m0100-s707
mask_fragment,58ced0e286dfa2b04542a7873472fb4400aeb830,early_mask_fragment,2048,4680.474900000263,307200000,0.1,15000,0,sha256:1a43e0ddf8cc02438cc76d27ba1cce86da34109d2e43dcc8ed7c9d581b95b39d,1,sha256:4e1981776862f482b0d86fda45dc37b07a4198e11bbeaddb8eb469b86bae40f9,150000,20260717T120435635390Z,707,mask_fragment-n150000-w2048-m0100-s707
mask_fragment,58ced0e286dfa2b04542a7873472fb4400aeb830,late_mask_fragment,2048,586.554299981799,307200000,0.1,15000,1,sha256:18bd7fb3b6d02ff88c53bf4a74124c631590d7e276f031a9034dc7f9cb857902,1,sha256:4e1981776862f482b0d86fda45dc37b07a4198e11bbeaddb8eb469b86bae40f9,150000,20260717T120435635390Z,707,mask_fragment-n150000-w2048-m0100-s707
mask_fragment,58ced0e286dfa2b04542a7873472fb4400aeb830,late_mask_fragment,2048,606.005500012543,307200000,0.1,15000,0,sha256:18bd7fb3b6d02ff88c53bf4a74124c631590d7e276f031a9034dc7f9cb857902,2,sha256:4e1981776862f482b0d86fda45dc37b07a4198e11bbeaddb8eb469b86bae40f9,150000,20260717T120435635390Z,707,mask_fragment-n150000-w2048-m0100-s707
mask_fragment,58ced0e286dfa2b04542a7873472fb4400aeb830,early_mask_fragment,2048,5296.15480004577,307200000,0.1,15000,1,sha256:1a43e0ddf8cc02438cc76d27ba1cce86da34109d2e43dcc8ed7c9d581b95b39d,2,sha256:4e1981776862f482b0d86fda45dc37b07a4198e11bbeaddb8eb469b86bae40f9,150000,20260717T120435635390Z,707,mask_fragment-n150000-w2048-m0100-s707
mask_fragment,58ced0e286dfa2b04542a7873472fb4400aeb830,early_mask_fragment,2048,3891.16949995514,307200000,0.1,15000,0,sha256:1a43e0ddf8cc02438cc76d27ba1cce86da34109d2e43dcc8ed7c9d581b95b39d,3,sha256:4e1981776862f482b0d86fda45dc37b07a4198e11bbeaddb8eb469b86bae40f9,150000,20260717T120435635390Z,707,mask_fragment-n150000-w2048-m0100-s707
mask_fragment,58ced0e286dfa2b04542a7873472fb4400aeb830,late_mask_fragment,2048,400.701200007461,307200000,0.1,15000,1,sha256:18bd7fb3b6d02ff88c53bf4a74124c631590d7e276f031a9034dc7f9cb857902,3,sha256:4e1981776862f482b0d86fda45dc37b07a4198e11bbeaddb8eb469b86bae40f9,150000,20260717T120435635390Z,707,mask_fragment-n150000-w2048-m0100-s707
mask_fragment,58ced0e286dfa2b04542a7873472fb4400aeb830,late_mask_fragment,2048,468.97269994951785,307200000,0.1,15000,0,sha256:18bd7fb3b6d02ff88c53bf4a74124c631590d7e276f031a9034dc7f9cb857902,4,sha256:4e1981776862f482b0d86fda45dc37b07a4198e11bbeaddb8eb469b86bae40f9,150000,20260717T120435635390Z,707,mask_fragment-n150000-w2048-m0100-s707
mask_fragment,58ced0e286dfa2b04542a7873472fb4400aeb830,early_mask_fragment,2048,3972.494599991478,307200000,0.1,15000,1,sha256:1a43e0ddf8cc02438cc76d27ba1cce86da34109d2e43dcc8ed7c9d581b95b39d,4,sha256:4e1981776862f482b0d86fda45dc37b07a4198e11bbeaddb8eb469b86bae40f9,150000,20260717T120435635390Z,707,mask_fragment-n150000-w2048-m0100-s707
mask_fragment,58ced0e286dfa2b04542a7873472fb4400aeb830,early_mask_fragment,2048,3618.518800009042,307200000,0.1,15000,0,sha256:1a43e0ddf8cc02438cc76d27ba1cce86da34109d2e43dcc8ed7c9d581b95b39d,5,sha256:4e1981776862f482b0d86fda45dc37b07a4198e11bbeaddb8eb469b86bae40f9,150000,20260717T120435635390Z,707,mask_fragment-n150000-w2048-m0100-s707
mask_fragment,58ced0e286dfa2b04542a7873472fb4400aeb830,late_mask_fragment,2048,390.50109998788685,307200000,0.1,15000,1,sha256:18bd7fb3b6d02ff88c53bf4a74124c631590d7e276f031a9034dc7f9cb857902,5,sha256:4e1981776862f482b0d86fda45dc37b07a4198e11bbeaddb8eb469b86bae40f9,150000,20260717T120435635390Z,707,mask_fragment-n150000-w2048-m0100-s707
mask_fragment,58ced0e286dfa2b04542a7873472fb4400aeb830,late_mask_fragment,2048,396.14299999084324,307200000,0.1,15000,0,sha256:18bd7fb3b6d02ff88c53bf4a74124c631590d7e276f031a9034dc7f9cb857902,6,sha256:4e1981776862f482b0d86fda45dc37b07a4198e11bbeaddb8eb469b86bae40f9,150000,20260717T120435635390Z,707,mask_fragment-n150000-w2048-m0100-s707
mask_fragment,58ced0e286dfa2b04542a7873472fb4400aeb830,early_mask_fragment,2048,3602.5969999609515,307200000,0.1,15000,1,sha256:1a43e0ddf8cc02438cc76d27ba1cce86da34109d2e43dcc8ed7c9d581b95b39d,6,sha256:4e1981776862f482b0d86fda45dc37b07a4198e11bbeaddb8eb469b86bae40f9,150000,20260717T120435635390Z,707,mask_fragment-n150000-w2048-m0100-s707
mask_fragment,58ced0e286dfa2b04542a7873472fb4400aeb830,early_mask_fragment,2048,3720.3532999847084,307200000,0.1,15000,0,sha256:1a43e0ddf8cc02438cc76d27ba1cce86da34109d2e43dcc8ed7c9d581b95b39d,7,sha256:4e1981776862f482b0d86fda45dc37b07a4198e11bbeaddb8eb469b86bae40f9,150000,20260717T120435635390Z,707,mask_fragment-n150000-w2048-m0100-s707
mask_fragment,58ced0e286dfa2b04542a7873472fb4400aeb830,late_mask_fragment,2048,486.79350002203137,307200000,0.1,15000,1,sha256:18bd7fb3b6d02ff88c53bf4a74124c631590d7e276f031a9034dc7f9cb857902,7,sha256:4e1981776862f482b0d86fda45dc37b07a4198e11bbeaddb8eb469b86bae40f9,150000,20260717T120435635390Z,707,mask_fragment-n150000-w2048-m0100-s707
mask_fragment,58ced0e286dfa2b04542a7873472fb4400aeb830,late_mask_fragment,2048,466.274100006558,307200000,0.1,15000,0,sha256:18bd7fb3b6d02ff88c53bf4a74124c631590d7e276f031a9034dc7f9cb857902,8,sha256:4e1981776862f482b0d86fda45dc37b07a4198e11bbeaddb8eb469b86bae40f9,150000,20260717T120435635390Z,707,mask_fragment-n150000-w2048-m0100-s707
mask_fragment,58ced0e286dfa2b04542a7873472fb4400aeb830,early_mask_fragment,2048,3482.985499955248,307200000,0.1,15000,1,sha256:1a43e0ddf8cc02438cc76d27ba1cce86da34109d2e43dcc8ed7c9d581b95b39d,8,sha256:4e1981776862f482b0d86fda45dc37b07a4198e11bbeaddb8eb469b86bae40f9,150000,20260717T120435635390Z,707,mask_fragment-n150000-w2048-m0100-s707
mask_fragment,58ced0e286dfa2b04542a7873472fb4400aeb830,early_mask_fragment,2048,4141.443800006527,307200000,0.1,15000,0,sha256:1a43e0ddf8cc02438cc76d27ba1cce86da34109d2e43dcc8ed7c9d581b95b39d,9,sha256:4e1981776862f482b0d86fda45dc37b07a4198e11bbeaddb8eb469b86bae40f9,150000,20260717T120435635390Z,707,mask_fragment-n150000-w2048-m0100-s707
mask_fragment,58ced0e286dfa2b04542a7873472fb4400aeb830,late_mask_fragment,2048,448.5179000184871,307200000,0.1,15000,1,sha256:18bd7fb3b6d02ff88c53bf4a74124c631590d7e276f031a9034dc7f9cb857902,9,sha256:4e1981776862f482b0d86fda45dc37b07a4198e11bbeaddb8eb469b86bae40f9,150000,20260717T120435635390Z,707,mask_fragment-n150000-w2048-m0100-s707
mask_fragment,58ced0e286dfa2b04542a7873472fb4400aeb830,late_mask_fragment,2048,436.3901999895461,307200000,0.1,15000,0,sha256:18bd7fb3b6d02ff88c53bf4a74124c631590d7e276f031a9034dc7f9cb857902,10,sha256:4e1981776862f482b0d86fda45dc37b07a4198e11bbeaddb8eb469b86bae40f9,150000,20260717T120435635390Z,707,mask_fragment-n150000-w2048-m0100-s707
mask_fragment,58ced0e286dfa2b04542a7873472fb4400aeb830,early_mask_fragment,2048,3764.7158000036143,307200000,0.1,15000,1,sha256:1a43e0ddf8cc02438cc76d27ba1cce86da34109d2e43dcc8ed7c9d581b95b39d,10,sha256:4e1981776862f482b0d86fda45dc37b07a4198e11bbeaddb8eb469b86bae40f9,150000,20260717T120435635390Z,707,mask_fragment-n150000-w2048-m0100-s707
mask_fragment,58ced0e286dfa2b04542a7873472fb4400aeb830,early_mask_fragment,2048,3829.3103000032715,307200000,0.1,15000,0,sha256:1a43e0ddf8cc02438cc76d27ba1cce86da34109d2e43dcc8ed7c9d581b95b39d,11,sha256:4e1981776862f482b0d86fda45dc37b07a4198e11bbeaddb8eb469b86bae40f9,150000,20260717T120435635390Z,707,mask_fragment-n150000-w2048-m0100-s707
mask_fragment,58ced0e286dfa2b04542a7873472fb4400aeb830,late_mask_fragment,2048,388.7838000082411,307200000,0.1,15000,1,sha256:18bd7fb3b6d02ff88c53bf4a74124c631590d7e276f031a9034dc7f9cb857902,11,sha256:4e1981776862f482b0d86fda45dc37b07a4198e11bbeaddb8eb469b86bae40f9,150000,20260717T120435635390Z,707,mask_fragment-n150000-w2048-m0100-s707
mask_fragment,58ced0e286dfa2b04542a7873472fb4400aeb830,late_mask_fragment,2048,474.3737999815494,307200000,0.1,15000,0,sha256:18bd7fb3b6d02ff88c53bf4a74124c631590d7e276f031a9034dc7f9cb857902,12,sha256:4e1981776862f482b0d86fda45dc37b07a4198e11bbeaddb8eb469b86bae40f9,150000,20260717T120435635390Z,707,mask_fragment-n150000-w2048-m0100-s707
mask_fragment,58ced0e286dfa2b04542a7873472fb4400aeb830,early_mask_fragment,2048,3622.988199989777,307200000,0.1,15000,1,sha256:1a43e0ddf8cc02438cc76d27ba1cce86da34109d2e43dcc8ed7c9d581b95b39d,12,sha256:4e1981776862f482b0d86fda45dc37b07a4198e11bbeaddb8eb469b86bae40f9,150000,20260717T120435635390Z,707,mask_fragment-n150000-w2048-m0100-s707
mask_fragment,58ced0e286dfa2b04542a7873472fb4400aeb830,early_mask_fragment,2048,4076.364500040654,307200000,0.1,15000,0,sha256:1a43e0ddf8cc02438cc76d27ba1cce86da34109d2e43dcc8ed7c9d581b95b39d,13,sha256:4e1981776862f482b0d86fda45dc37b07a4198e11bbeaddb8eb469b86bae40f9,150000,20260717T120435635390Z,707,mask_fragment-n150000-w2048-m0100-s707
mask_fragment,58ced0e286dfa2b04542a7873472fb4400aeb830,late_mask_fragment,2048,458.9970999513753,307200000,0.1,15000,1,sha256:18bd7fb3b6d02ff88c53bf4a74124c631590d7e276f031a9034dc7f9cb857902,13,sha256:4e1981776862f482b0d86fda45dc37b07a4198e11bbeaddb8eb469b86bae40f9,150000,20260717T120435635390Z,707,mask_fragment-n150000-w2048-m0100-s707
mask_fragment,58ced0e286dfa2b04542a7873472fb4400aeb830,late_mask_fragment,2048,525.7975999847986,307200000,0.1,15000,0,sha256:18bd7fb3b6d02ff88c53bf4a74124c631590d7e276f031a9034dc7f9cb857902,14,sha256:4e1981776862f482b0d86fda45dc37b07a4198e11bbeaddb8eb469b86bae40f9,150000,20260717T120435635390Z,707,mask_fragment-n150000-w2048-m0100-s707
mask_fragment,58ced0e286dfa2b04542a7873472fb4400aeb830,early_mask_fragment,2048,4162.266400002409,307200000,0.1,15000,1,sha256:1a43e0ddf8cc02438cc76d27ba1cce86da34109d2e43dcc8ed7c9d581b95b39d,14,sha256:4e1981776862f482b0d86fda45dc37b07a4198e11bbeaddb8eb469b86bae40f9,150000,20260717T120435635390Z,707,mask_fragment-n150000-w2048-m0100-s707
mask_fragment,58ced0e286dfa2b04542a7873472fb4400aeb830,early_mask_fragment,2048,3102.931000001263,307200000,0.1,15000,0,sha256:1a43e0ddf8cc02438cc76d27ba1cce86da34109d2e43dcc8ed7c9d581b95b39d,0,sha256:aba3275579f95a6b4cc08ce99b766c17d4480bd1e2d9f505163464c5257f11e5,150000,20260717T120435635390Z,808,mask_fragment-n150000-w2048-m0100-s808
mask_fragment,58ced0e286dfa2b04542a7873472fb4400aeb830,late_mask_fragment,2048,481.05719999875873,307200000,0.1,15000,1,sha256:18bd7fb3b6d02ff88c53bf4a74124c631590d7e276f031a9034dc7f9cb857902,0,sha256:aba3275579f95a6b4cc08ce99b766c17d4480bd1e2d9f505163464c5257f11e5,150000,20260717T120435635390Z,808,mask_fragment-n150000-w2048-m0100-s808
mask_fragment,58ced0e286dfa2b04542a7873472fb4400aeb830,late_mask_fragment,2048,432.44860001141205,307200000,0.1,15000,0,sha256:18bd7fb3b6d02ff88c53bf4a74124c631590d7e276f031a9034dc7f9cb857902,1,sha256:aba3275579f95a6b4cc08ce99b766c17d4480bd1e2d9f505163464c5257f11e5,150000,20260717T120435635390Z,808,mask_fragment-n150000-w2048-m0100-s808
mask_fragment,58ced0e286dfa2b04542a7873472fb4400aeb830,early_mask_fragment,2048,4558.603400015272,307200000,0.1,15000,1,sha256:1a43e0ddf8cc02438cc76d27ba1cce86da34109d2e43dcc8ed7c9d581b95b39d,1,sha256:aba3275579f95a6b4cc08ce99b766c17d4480bd1e2d9f505163464c5257f11e5,150000,20260717T120435635390Z,808,mask_fragment-n150000-w2048-m0100-s808
mask_fragment,58ced0e286dfa2b04542a7873472fb4400aeb830,early_mask_fragment,2048,4587.04700000817,307200000,0.1,15000,0,sha256:1a43e0ddf8cc02438cc76d27ba1cce86da34109d2e43dcc8ed7c9d581b95b39d,2,sha256:aba3275579f95a6b4cc08ce99b766c17d4480bd1e2d9f505163464c5257f11e5,150000,20260717T120435635390Z,808,mask_fragment-n150000-w2048-m0100-s808
mask_fragment,58ced0e286dfa2b04542a7873472fb4400aeb830,late_mask_fragment,2048,416.6263999650255,307200000,0.1,15000,1,sha256:18bd7fb3b6d02ff88c53bf4a74124c631590d7e276f031a9034dc7f9cb857902,2,sha256:aba3275579f95a6b4cc08ce99b766c17d4480bd1e2d9f505163464c5257f11e5,150000,20260717T120435635390Z,808,mask_fragment-n150000-w2048-m0100-s808
mask_fragment,58ced0e286dfa2b04542a7873472fb4400aeb830,late_mask_fragment,2048,447.3674999899231,307200000,0.1,15000,0,sha256:18bd7fb3b6d02ff88c53bf4a74124c631590d7e276f031a9034dc7f9cb857902,3,sha256:aba3275579f95a6b4cc08ce99b766c17d4480bd1e2d9f505163464c5257f11e5,150000,20260717T120435635390Z,808,mask_fragment-n150000-w2048-m0100-s808
mask_fragment,58ced0e286dfa2b04542a7873472fb4400aeb830,early_mask_fragment,2048,3832.628400006797,307200000,0.1,15000,1,sha256:1a43e0ddf8cc02438cc76d27ba1cce86da34109d2e43dcc8ed7c9d581b95b39d,3,sha256:aba3275579f95a6b4cc08ce99b766c17d4480bd1e2d9f505163464c5257f11e5,150000,20260717T120435635390Z,808,mask_fragment-n150000-w2048-m0100-s808
mask_fragment,58ced0e286dfa2b04542a7873472fb4400aeb830,early_mask_fragment,2048,3833.7596000055782,307200000,0.1,15000,0,sha256:1a43e0ddf8cc02438cc76d27ba1cce86da34109d2e43dcc8ed7c9d581b95b39d,4,sha256:aba3275579f95a6b4cc08ce99b766c17d4480bd1e2d9f505163464c5257f11e5,150000,20260717T120435635390Z,808,mask_fragment-n150000-w2048-m0100-s808
mask_fragment,58ced0e286dfa2b04542a7873472fb4400aeb830,late_mask_fragment,2048,508.04279994918033,307200000,0.1,15000,1,sha256:18bd7fb3b6d02ff88c53bf4a74124c631590d7e276f031a9034dc7f9cb857902,4,sha256:aba3275579f95a6b4cc08ce99b766c17d4480bd1e2d9f505163464c5257f11e5,150000,20260717T120435635390Z,808,mask_fragment-n150000-w2048-m0100-s808
mask_fragment,58ced0e286dfa2b04542a7873472fb4400aeb830,late_mask_fragment,2048,418.20280003594235,307200000,0.1,15000,0,sha256:18bd7fb3b6d02ff88c53bf4a74124c631590d7e276f031a9034dc7f9cb857902,5,sha256:aba3275579f95a6b4cc08ce99b766c17d4480bd1e2d9f505163464c5257f11e5,150000,20260717T120435635390Z,808,mask_fragment-n150000-w2048-m0100-s808
mask_fragment,58ced0e286dfa2b04542a7873472fb4400aeb830,early_mask_fragment,2048,3699.445399979595,307200000,0.1,15000,1,sha256:1a43e0ddf8cc02438cc76d27ba1cce86da34109d2e43dcc8ed7c9d581b95b39d,5,sha256:aba3275579f95a6b4cc08ce99b766c17d4480bd1e2d9f505163464c5257f11e5,150000,20260717T120435635390Z,808,mask_fragment-n150000-w2048-m0100-s808
mask_fragment,58ced0e286dfa2b04542a7873472fb4400aeb830,early_mask_fragment,2048,3524.013100017328,307200000,0.1,15000,0,sha256:1a43e0ddf8cc02438cc76d27ba1cce86da34109d2e43dcc8ed7c9d581b95b39d,6,sha256:aba3275579f95a6b4cc08ce99b766c17d4480bd1e2d9f505163464c5257f11e5,150000,20260717T120435635390Z,808,mask_fragment-n150000-w2048-m0100-s808
mask_fragment,58ced0e286dfa2b04542a7873472fb4400aeb830,late_mask_fragment,2048,379.4399999896996,307200000,0.1,15000,1,sha256:18bd7fb3b6d02ff88c53bf4a74124c631590d7e276f031a9034dc7f9cb857902,6,sha256:aba3275579f95a6b4cc08ce99b766c17d4480bd1e2d9f505163464c5257f11e5,150000,20260717T120435635390Z,808,mask_fragment-n150000-w2048-m0100-s808
mask_fragment,58ced0e286dfa2b04542a7873472fb4400aeb830,late_mask_fragment,2048,369.89259999245405,307200000,0.1,15000,0,sha256:18bd7fb3b6d02ff88c53bf4a74124c631590d7e276f031a9034dc7f9cb857902,7,sha256:aba3275579f95a6b4cc08ce99b766c17d4480bd1e2d9f505163464c5257f11e5,150000,20260717T120435635390Z,808,mask_fragment-n150000-w2048-m0100-s808
mask_fragment,58ced0e286dfa2b04542a7873472fb4400aeb830,early_mask_fragment,2048,3156.2353000044823,307200000,0.1,15000,1,sha256:1a43e0ddf8cc02438cc76d27ba1cce86da34109d2e43dcc8ed7c9d581b95b39d,7,sha256:aba3275579f95a6b4cc08ce99b766c17d4480bd1e2d9f505163464c5257f11e5,150000,20260717T120435635390Z,808,mask_fragment-n150000-w2048-m0100-s808
mask_fragment,58ced0e286dfa2b04542a7873472fb4400aeb830,early_mask_fragment,2048,4113.774699973874,307200000,0.1,15000,0,sha256:1a43e0ddf8cc02438cc76d27ba1cce86da34109d2e43dcc8ed7c9d581b95b39d,8,sha256:aba3275579f95a6b4cc08ce99b766c17d4480bd1e2d9f505163464c5257f11e5,150000,20260717T120435635390Z,808,mask_fragment-n150000-w2048-m0100-s808
mask_fragment,58ced0e286dfa2b04542a7873472fb4400aeb830,late_mask_fragment,2048,453.6876999773085,307200000,0.1,15000,1,sha256:18bd7fb3b6d02ff88c53bf4a74124c631590d7e276f031a9034dc7f9cb857902,8,sha256:aba3275579f95a6b4cc08ce99b766c17d4480bd1e2d9f505163464c5257f11e5,150000,20260717T120435635390Z,808,mask_fragment-n150000-w2048-m0100-s808
mask_fragment,58ced0e286dfa2b04542a7873472fb4400aeb830,late_mask_fragment,2048,405.3100000019185,307200000,0.1,15000,0,sha256:18bd7fb3b6d02ff88c53bf4a74124c631590d7e276f031a9034dc7f9cb857902,9,sha256:aba3275579f95a6b4cc08ce99b766c17d4480bd1e2d9f505163464c5257f11e5,150000,20260717T120435635390Z,808,mask_fragment-n150000-w2048-m0100-s808
mask_fragment,58ced0e286dfa2b04542a7873472fb4400aeb830,early_mask_fragment,2048,3514.788100030273,307200000,0.1,15000,1,sha256:1a43e0ddf8cc02438cc76d27ba1cce86da34109d2e43dcc8ed7c9d581b95b39d,9,sha256:aba3275579f95a6b4cc08ce99b766c17d4480bd1e2d9f505163464c5257f11e5,150000,20260717T120435635390Z,808,mask_fragment-n150000-w2048-m0100-s808
mask_fragment,58ced0e286dfa2b04542a7873472fb4400aeb830,early_mask_fragment,2048,3587.5019999803044,307200000,0.1,15000,0,sha256:1a43e0ddf8cc02438cc76d27ba1cce86da34109d2e43dcc8ed7c9d581b95b39d,10,sha256:aba3275579f95a6b4cc08ce99b766c17d4480bd1e2d9f505163464c5257f11e5,150000,20260717T120435635390Z,808,mask_fragment-n150000-w2048-m0100-s808
mask_fragment,58ced0e286dfa2b04542a7873472fb4400aeb830,late_mask_fragment,2048,450.9695000015199,307200000,0.1,15000,1,sha256:18bd7fb3b6d02ff88c53bf4a74124c631590d7e276f031a9034dc7f9cb857902,10,sha256:aba3275579f95a6b4cc08ce99b766c17d4480bd1e2d9f505163464c5257f11e5,150000,20260717T120435635390Z,808,mask_fragment-n150000-w2048-m0100-s808
mask_fragment,58ced0e286dfa2b04542a7873472fb4400aeb830,late_mask_fragment,2048,448.95990000804886,307200000,0.1,15000,0,sha256:18bd7fb3b6d02ff88c53bf4a74124c631590d7e276f031a9034dc7f9cb857902,11,sha256:aba3275579f95a6b4cc08ce99b766c17d4480bd1e2d9f505163464c5257f11e5,150000,20260717T120435635390Z,808,mask_fragment-n150000-w2048-m0100-s808
mask_fragment,58ced0e286dfa2b04542a7873472fb4400aeb830,early_mask_fragment,2048,3612.109200039413,307200000,0.1,15000,1,sha256:1a43e0ddf8cc02438cc76d27ba1cce86da34109d2e43dcc8ed7c9d581b95b39d,11,sha256:aba3275579f95a6b4cc08ce99b766c17d4480bd1e2d9f505163464c5257f11e5,150000,20260717T120435635390Z,808,mask_fragment-n150000-w2048-m0100-s808
mask_fragment,58ced0e286dfa2b04542a7873472fb4400aeb830,early_mask_fragment,2048,3866.850600054022,307200000,0.1,15000,0,sha256:1a43e0ddf8cc02438cc76d27ba1cce86da34109d2e43dcc8ed7c9d581b95b39d,12,sha256:aba3275579f95a6b4cc08ce99b766c17d4480bd1e2d9f505163464c5257f11e5,150000,20260717T120435635390Z,808,mask_fragment-n150000-w2048-m0100-s808
mask_fragment,58ced0e286dfa2b04542a7873472fb4400aeb830,late_mask_fragment,2048,468.812600011006,307200000,0.1,15000,1,sha256:18bd7fb3b6d02ff88c53bf4a74124c631590d7e276f031a9034dc7f9cb857902,12,sha256:aba3275579f95a6b4cc08ce99b766c17d4480bd1e2d9f505163464c5257f11e5,150000,20260717T120435635390Z,808,mask_fragment-n150000-w2048-m0100-s808
mask_fragment,58ced0e286dfa2b04542a7873472fb4400aeb830,late_mask_fragment,2048,515.3063999605365,307200000,0.1,15000,0,sha256:18bd7fb3b6d02ff88c53bf4a74124c631590d7e276f031a9034dc7f9cb857902,13,sha256:aba3275579f95a6b4cc08ce99b766c17d4480bd1e2d9f505163464c5257f11e5,150000,20260717T120435635390Z,808,mask_fragment-n150000-w2048-m0100-s808
mask_fragment,58ced0e286dfa2b04542a7873472fb4400aeb830,early_mask_fragment,2048,4113.8680999865755,307200000,0.1,15000,1,sha256:1a43e0ddf8cc02438cc76d27ba1cce86da34109d2e43dcc8ed7c9d581b95b39d,13,sha256:aba3275579f95a6b4cc08ce99b766c17d4480bd1e2d9f505163464c5257f11e5,150000,20260717T120435635390Z,808,mask_fragment-n150000-w2048-m0100-s808
mask_fragment,58ced0e286dfa2b04542a7873472fb4400aeb830,early_mask_fragment,2048,3623.839300009422,307200000,0.1,15000,0,sha256:1a43e0ddf8cc02438cc76d27ba1cce86da34109d2e43dcc8ed7c9d581b95b39d,14,sha256:aba3275579f95a6b4cc08ce99b766c17d4480bd1e2d9f505163464c5257f11e5,150000,20260717T120435635390Z,808,mask_fragment-n150000-w2048-m0100-s808
mask_fragment,58ced0e286dfa2b04542a7873472fb4400aeb830,late_mask_fragment,2048,501.2751000467688,307200000,0.1,15000,1,sha256:18bd7fb3b6d02ff88c53bf4a74124c631590d7e276f031a9034dc7f9cb857902,14,sha256:aba3275579f95a6b4cc08ce99b766c17d4480bd1e2d9f505163464c5257f11e5,150000,20260717T120435635390Z,808,mask_fragment-n150000-w2048-m0100-s808
mask_fragment,58ced0e286dfa2b04542a7873472fb4400aeb830,late_mask_fragment,2048,669.8624999844469,307200000,0.1,15000,0,sha256:18bd7fb3b6d02ff88c53bf4a74124c631590d7e276f031a9034dc7f9cb857902,0,sha256:360e58830a9732222c0554550bdb4169896cb8ecbddad824db0037fad3b88f12,150000,20260717T120435635390Z,909,mask_fragment-n150000-w2048-m0100-s909
mask_fragment,58ced0e286dfa2b04542a7873472fb4400aeb830,early_mask_fragment,2048,4546.721199993044,307200000,0.1,15000,1,sha256:1a43e0ddf8cc02438cc76d27ba1cce86da34109d2e43dcc8ed7c9d581b95b39d,0,sha256:360e58830a9732222c0554550bdb4169896cb8ecbddad824db0037fad3b88f12,150000,20260717T120435635390Z,909,mask_fragment-n150000-w2048-m0100-s909
mask_fragment,58ced0e286dfa2b04542a7873472fb4400aeb830,early_mask_fragment,2048,4654.979399987496,307200000,0.1,15000,0,sha256:1a43e0ddf8cc02438cc76d27ba1cce86da34109d2e43dcc8ed7c9d581b95b39d,1,sha256:360e58830a9732222c0554550bdb4169896cb8ecbddad824db0037fad3b88f12,150000,20260717T120435635390Z,909,mask_fragment-n150000-w2048-m0100-s909
mask_fragment,58ced0e286dfa2b04542a7873472fb4400aeb830,late_mask_fragment,2048,515.7618999946862,307200000,0.1,15000,1,sha256:18bd7fb3b6d02ff88c53bf4a74124c631590d7e276f031a9034dc7f9cb857902,1,sha256:360e58830a9732222c0554550bdb4169896cb8ecbddad824db0037fad3b88f12,150000,20260717T120435635390Z,909,mask_fragment-n150000-w2048-m0100-s909
mask_fragment,58ced0e286dfa2b04542a7873472fb4400aeb830,late_mask_fragment,2048,513.4481000131927,307200000,0.1,15000,0,sha256:18bd7fb3b6d02ff88c53bf4a74124c631590d7e276f031a9034dc7f9cb857902,2,sha256:360e58830a9732222c0554550bdb4169896cb8ecbddad824db0037fad3b88f12,150000,20260717T120435635390Z,909,mask_fragment-n150000-w2048-m0100-s909
mask_fragment,58ced0e286dfa2b04542a7873472fb4400aeb830,early_mask_fragment,2048,3242.3466999898665,307200000,0.1,15000,1,sha256:1a43e0ddf8cc02438cc76d27ba1cce86da34109d2e43dcc8ed7c9d581b95b39d,2,sha256:360e58830a9732222c0554550bdb4169896cb8ecbddad824db0037fad3b88f12,150000,20260717T120435635390Z,909,mask_fragment-n150000-w2048-m0100-s909
mask_fragment,58ced0e286dfa2b04542a7873472fb4400aeb830,early_mask_fragment,2048,3137.4194999807514,307200000,0.1,15000,0,sha256:1a43e0ddf8cc02438cc76d27ba1cce86da34109d2e43dcc8ed7c9d581b95b39d,3,sha256:360e58830a9732222c0554550bdb4169896cb8ecbddad824db0037fad3b88f12,150000,20260717T120435635390Z,909,mask_fragment-n150000-w2048-m0100-s909
mask_fragment,58ced0e286dfa2b04542a7873472fb4400aeb830,late_mask_fragment,2048,408.6050000041723,307200000,0.1,15000,1,sha256:18bd7fb3b6d02ff88c53bf4a74124c631590d7e276f031a9034dc7f9cb857902,3,sha256:360e58830a9732222c0554550bdb4169896cb8ecbddad824db0037fad3b88f12,150000,20260717T120435635390Z,909,mask_fragment-n150000-w2048-m0100-s909
mask_fragment,58ced0e286dfa2b04542a7873472fb4400aeb830,late_mask_fragment,2048,436.80060002952814,307200000,0.1,15000,0,sha256:18bd7fb3b6d02ff88c53bf4a74124c631590d7e276f031a9034dc7f9cb857902,4,sha256:360e58830a9732222c0554550bdb4169896cb8ecbddad824db0037fad3b88f12,150000,20260717T120435635390Z,909,mask_fragment-n150000-w2048-m0100-s909
mask_fragment,58ced0e286dfa2b04542a7873472fb4400aeb830,early_mask_fragment,2048,3382.8453999594785,307200000,0.1,15000,1,sha256:1a43e0ddf8cc02438cc76d27ba1cce86da34109d2e43dcc8ed7c9d581b95b39d,4,sha256:360e58830a9732222c0554550bdb4169896cb8ecbddad824db0037fad3b88f12,150000,20260717T120435635390Z,909,mask_fragment-n150000-w2048-m0100-s909
mask_fragment,58ced0e286dfa2b04542a7873472fb4400aeb830,early_mask_fragment,2048,3712.298099999316,307200000,0.1,15000,0,sha256:1a43e0ddf8cc02438cc76d27ba1cce86da34109d2e43dcc8ed7c9d581b95b39d,5,sha256:360e58830a9732222c0554550bdb4169896cb8ecbddad824db0037fad3b88f12,150000,20260717T120435635390Z,909,mask_fragment-n150000-w2048-m0100-s909
mask_fragment,58ced0e286dfa2b04542a7873472fb4400aeb830,late_mask_fragment,2048,407.38210000563413,307200000,0.1,15000,1,sha256:18bd7fb3b6d02ff88c53bf4a74124c631590d7e276f031a9034dc7f9cb857902,5,sha256:360e58830a9732222c0554550bdb4169896cb8ecbddad824db0037fad3b88f12,150000,20260717T120435635390Z,909,mask_fragment-n150000-w2048-m0100-s909
mask_fragment,58ced0e286dfa2b04542a7873472fb4400aeb830,late_mask_fragment,2048,379.6959000173956,307200000,0.1,15000,0,sha256:18bd7fb3b6d02ff88c53bf4a74124c631590d7e276f031a9034dc7f9cb857902,6,sha256:360e58830a9732222c0554550bdb4169896cb8ecbddad824db0037fad3b88f12,150000,20260717T120435635390Z,909,mask_fragment-n150000-w2048-m0100-s909
mask_fragment,58ced0e286dfa2b04542a7873472fb4400aeb830,early_mask_fragment,2048,3130.22930000443,307200000,0.1,15000,1,sha256:1a43e0ddf8cc02438cc76d27ba1cce86da34109d2e43dcc8ed7c9d581b95b39d,6,sha256:360e58830a9732222c0554550bdb4169896cb8ecbddad824db0037fad3b88f12,150000,20260717T120435635390Z,909,mask_fragment-n150000-w2048-m0100-s909
mask_fragment,58ced0e286dfa2b04542a7873472fb4400aeb830,early_mask_fragment,2048,4098.016900010407,307200000,0.1,15000,0,sha256:1a43e0ddf8cc02438cc76d27ba1cce86da34109d2e43dcc8ed7c9d581b95b39d,7,sha256:360e58830a9732222c0554550bdb4169896cb8ecbddad824db0037fad3b88f12,150000,20260717T120435635390Z,909,mask_fragment-n150000-w2048-m0100-s909
mask_fragment,58ced0e286dfa2b04542a7873472fb4400aeb830,late_mask_fragment,2048,523.796699999366,307200000,0.1,15000,1,sha256:18bd7fb3b6d02ff88c53bf4a74124c631590d7e276f031a9034dc7f9cb857902,7,sha256:360e58830a9732222c0554550bdb4169896cb8ecbddad824db0037fad3b88f12,150000,20260717T120435635390Z,909,mask_fragment-n150000-w2048-m0100-s909
mask_fragment,58ced0e286dfa2b04542a7873472fb4400aeb830,late_mask_fragment,2048,497.65839998144656,307200000,0.1,15000,0,sha256:18bd7fb3b6d02ff88c53bf4a74124c631590d7e276f031a9034dc7f9cb857902,8,sha256:360e58830a9732222c0554550bdb4169896cb8ecbddad824db0037fad3b88f12,150000,20260717T120435635390Z,909,mask_fragment-n150000-w2048-m0100-s909
mask_fragment,58ced0e286dfa2b04542a7873472fb4400aeb830,early_mask_fragment,2048,3786.0493999905884,307200000,0.1,15000,1,sha256:1a43e0ddf8cc02438cc76d27ba1cce86da34109d2e43dcc8ed7c9d581b95b39d,8,sha256:360e58830a9732222c0554550bdb4169896cb8ecbddad824db0037fad3b88f12,150000,20260717T120435635390Z,909,mask_fragment-n150000-w2048-m0100-s909
mask_fragment,58ced0e286dfa2b04542a7873472fb4400aeb830,early_mask_fragment,2048,3185.8375999727286,307200000,0.1,15000,0,sha256:1a43e0ddf8cc02438cc76d27ba1cce86da34109d2e43dcc8ed7c9d581b95b39d,9,sha256:360e58830a9732222c0554550bdb4169896cb8ecbddad824db0037fad3b88f12,150000,20260717T120435635390Z,909,mask_fragment-n150000-w2048-m0100-s909
mask_fragment,58ced0e286dfa2b04542a7873472fb4400aeb830,late_mask_fragment,2048,426.259400031995,307200000,0.1,15000,1,sha256:18bd7fb3b6d02ff88c53bf4a74124c631590d7e276f031a9034dc7f9cb857902,9,sha256:360e58830a9732222c0554550bdb4169896cb8ecbddad824db0037fad3b88f12,150000,20260717T120435635390Z,909,mask_fragment-n150000-w2048-m0100-s909
mask_fragment,58ced0e286dfa2b04542a7873472fb4400aeb830,late_mask_fragment,2048,428.19669999880716,307200000,0.1,15000,0,sha256:18bd7fb3b6d02ff88c53bf4a74124c631590d7e276f031a9034dc7f9cb857902,10,sha256:360e58830a9732222c0554550bdb4169896cb8ecbddad824db0037fad3b88f12,150000,20260717T120435635390Z,909,mask_fragment-n150000-w2048-m0100-s909
mask_fragment,58ced0e286dfa2b04542a7873472fb4400aeb830,early_mask_fragment,2048,3609.0617000008933,307200000,0.1,15000,1,sha256:1a43e0ddf8cc02438cc76d27ba1cce86da34109d2e43dcc8ed7c9d581b95b39d,10,sha256:360e58830a9732222c0554550bdb4169896cb8ecbddad824db0037fad3b88f12,150000,20260717T120435635390Z,909,mask_fragment-n150000-w2048-m0100-s909
mask_fragment,58ced0e286dfa2b04542a7873472fb4400aeb830,early_mask_fragment,2048,3156.4203000161797,307200000,0.1,15000,0,sha256:1a43e0ddf8cc02438cc76d27ba1cce86da34109d2e43dcc8ed7c9d581b95b39d,11,sha256:360e58830a9732222c0554550bdb4169896cb8ecbddad824db0037fad3b88f12,150000,20260717T120435635390Z,909,mask_fragment-n150000-w2048-m0100-s909
mask_fragment,58ced0e286dfa2b04542a7873472fb4400aeb830,late_mask_fragment,2048,447.9678000207059,307200000,0.1,15000,1,sha256:18bd7fb3b6d02ff88c53bf4a74124c631590d7e276f031a9034dc7f9cb857902,11,sha256:360e58830a9732222c0554550bdb4169896cb8ecbddad824db0037fad3b88f12,150000,20260717T120435635390Z,909,mask_fragment-n150000-w2048-m0100-s909
mask_fragment,58ced0e286dfa2b04542a7873472fb4400aeb830,late_mask_fragment,2048,426.7725000390783,307200000,0.1,15000,0,sha256:18bd7fb3b6d02ff88c53bf4a74124c631590d7e276f031a9034dc7f9cb857902,12,sha256:360e58830a9732222c0554550bdb4169896cb8ecbddad824db0037fad3b88f12,150000,20260717T120435635390Z,909,mask_fragment-n150000-w2048-m0100-s909
mask_fragment,58ced0e286dfa2b04542a7873472fb4400aeb830,early_mask_fragment,2048,4072.836500010453,307200000,0.1,15000,1,sha256:1a43e0ddf8cc02438cc76d27ba1cce86da34109d2e43dcc8ed7c9d581b95b39d,12,sha256:360e58830a9732222c0554550bdb4169896cb8ecbddad824db0037fad3b88f12,150000,20260717T120435635390Z,909,mask_fragment-n150000-w2048-m0100-s909
mask_fragment,58ced0e286dfa2b04542a7873472fb4400aeb830,early_mask_fragment,2048,4042.8601000458,307200000,0.1,15000,0,sha256:1a43e0ddf8cc02438cc76d27ba1cce86da34109d2e43dcc8ed7c9d581b95b39d,13,sha256:360e58830a9732222c0554550bdb4169896cb8ecbddad824db0037fad3b88f12,150000,20260717T120435635390Z,909,mask_fragment-n150000-w2048-m0100-s909
mask_fragment,58ced0e286dfa2b04542a7873472fb4400aeb830,late_mask_fragment,2048,384.83150000683963,307200000,0.1,15000,1,sha256:18bd7fb3b6d02ff88c53bf4a74124c631590d7e276f031a9034dc7f9cb857902,13,sha256:360e58830a9732222c0554550bdb4169896cb8ecbddad824db0037fad3b88f12,150000,20260717T120435635390Z,909,mask_fragment-n150000-w2048-m0100-s909
mask_fragment,58ced0e286dfa2b04542a7873472fb4400aeb830,late_mask_fragment,2048,386.27869996707886,307200000,0.1,15000,0,sha256:18bd7fb3b6d02ff88c53bf4a74124c631590d7e276f031a9034dc7f9cb857902,14,sha256:360e58830a9732222c0554550bdb4169896cb8ecbddad824db0037fad3b88f12,150000,20260717T120435635390Z,909,mask_fragment-n150000-w2048-m0100-s909
mask_fragment,58ced0e286dfa2b04542a7873472fb4400aeb830,early_mask_fragment,2048,4481.800900015514,307200000,0.1,15000,1,sha256:1a43e0ddf8cc02438cc76d27ba1cce86da34109d2e43dcc8ed7c9d581b95b39d,14,sha256:360e58830a9732222c0554550bdb4169896cb8ecbddad824db0037fad3b88f12,150000,20260717T120435635390Z,909,mask_fragment-n150000-w2048-m0100-s909
mask_fragment,58ced0e286dfa2b04542a7873472fb4400aeb830,early_mask_fragment,2048,3678.645999985747,307200000,0.5,75000,0,sha256:1a43e0ddf8cc02438cc76d27ba1cce86da34109d2e43dcc8ed7c9d581b95b39d,0,sha256:825aa2f7090443fba461f6973eb67b2c1783f4bb37ac8b0a8e2ae95fcde8ee21,150000,20260717T120435635390Z,707,mask_fragment-n150000-w2048-m0500-s707
mask_fragment,58ced0e286dfa2b04542a7873472fb4400aeb830,late_mask_fragment,2048,2844.2896000342444,307200000,0.5,75000,1,sha256:18bd7fb3b6d02ff88c53bf4a74124c631590d7e276f031a9034dc7f9cb857902,0,sha256:825aa2f7090443fba461f6973eb67b2c1783f4bb37ac8b0a8e2ae95fcde8ee21,150000,20260717T120435635390Z,707,mask_fragment-n150000-w2048-m0500-s707
mask_fragment,58ced0e286dfa2b04542a7873472fb4400aeb830,late_mask_fragment,2048,3183.9150000014342,307200000,0.5,75000,0,sha256:18bd7fb3b6d02ff88c53bf4a74124c631590d7e276f031a9034dc7f9cb857902,1,sha256:825aa2f7090443fba461f6973eb67b2c1783f4bb37ac8b0a8e2ae95fcde8ee21,150000,20260717T120435635390Z,707,mask_fragment-n150000-w2048-m0500-s707
mask_fragment,58ced0e286dfa2b04542a7873472fb4400aeb830,early_mask_fragment,2048,4282.911200018134,307200000,0.5,75000,1,sha256:1a43e0ddf8cc02438cc76d27ba1cce86da34109d2e43dcc8ed7c9d581b95b39d,1,sha256:825aa2f7090443fba461f6973eb67b2c1783f4bb37ac8b0a8e2ae95fcde8ee21,150000,20260717T120435635390Z,707,mask_fragment-n150000-w2048-m0500-s707
mask_fragment,58ced0e286dfa2b04542a7873472fb4400aeb830,early_mask_fragment,2048,4538.45170000568,307200000,0.5,75000,0,sha256:1a43e0ddf8cc02438cc76d27ba1cce86da34109d2e43dcc8ed7c9d581b95b39d,2,sha256:825aa2f7090443fba461f6973eb67b2c1783f4bb37ac8b0a8e2ae95fcde8ee21,150000,20260717T120435635390Z,707,mask_fragment-n150000-w2048-m0500-s707
mask_fragment,58ced0e286dfa2b04542a7873472fb4400aeb830,late_mask_fragment,2048,1958.1872999551706,307200000,0.5,75000,1,sha256:18bd7fb3b6d02ff88c53bf4a74124c631590d7e276f031a9034dc7f9cb857902,2,sha256:825aa2f7090443fba461f6973eb67b2c1783f4bb37ac8b0a8e2ae95fcde8ee21,150000,20260717T120435635390Z,707,mask_fragment-n150000-w2048-m0500-s707
mask_fragment,58ced0e286dfa2b04542a7873472fb4400aeb830,late_mask_fragment,2048,2342.945000040345,307200000,0.5,75000,0,sha256:18bd7fb3b6d02ff88c53bf4a74124c631590d7e276f031a9034dc7f9cb857902,3,sha256:825aa2f7090443fba461f6973eb67b2c1783f4bb37ac8b0a8e2ae95fcde8ee21,150000,20260717T120435635390Z,707,mask_fragment-n150000-w2048-m0500-s707
mask_fragment,58ced0e286dfa2b04542a7873472fb4400aeb830,early_mask_fragment,2048,3743.094299978111,307200000,0.5,75000,1,sha256:1a43e0ddf8cc02438cc76d27ba1cce86da34109d2e43dcc8ed7c9d581b95b39d,3,sha256:825aa2f7090443fba461f6973eb67b2c1783f4bb37ac8b0a8e2ae95fcde8ee21,150000,20260717T120435635390Z,707,mask_fragment-n150000-w2048-m0500-s707
mask_fragment,58ced0e286dfa2b04542a7873472fb4400aeb830,early_mask_fragment,2048,3814.4946999964304,307200000,0.5,75000,0,sha256:1a43e0ddf8cc02438cc76d27ba1cce86da34109d2e43dcc8ed7c9d581b95b39d,4,sha256:825aa2f7090443fba461f6973eb67b2c1783f4bb37ac8b0a8e2ae95fcde8ee21,150000,20260717T120435635390Z,707,mask_fragment-n150000-w2048-m0500-s707
mask_fragment,58ced0e286dfa2b04542a7873472fb4400aeb830,late_mask_fragment,2048,1990.1849999441765,307200000,0.5,75000,1,sha256:18bd7fb3b6d02ff88c53bf4a74124c631590d7e276f031a9034dc7f9cb857902,4,sha256:825aa2f7090443fba461f6973eb67b2c1783f4bb37ac8b0a8e2ae95fcde8ee21,150000,20260717T120435635390Z,707,mask_fragment-n150000-w2048-m0500-s707
mask_fragment,58ced0e286dfa2b04542a7873472fb4400aeb830,late_mask_fragment,2048,1909.859300008975,307200000,0.5,75000,0,sha256:18bd7fb3b6d02ff88c53bf4a74124c631590d7e276f031a9034dc7f9cb857902,5,sha256:825aa2f7090443fba461f6973eb67b2c1783f4bb37ac8b0a8e2ae95fcde8ee21,150000,20260717T120435635390Z,707,mask_fragment-n150000-w2048-m0500-s707
mask_fragment,58ced0e286dfa2b04542a7873472fb4400aeb830,early_mask_fragment,2048,3800.6110999849625,307200000,0.5,75000,1,sha256:1a43e0ddf8cc02438cc76d27ba1cce86da34109d2e43dcc8ed7c9d581b95b39d,5,sha256:825aa2f7090443fba461f6973eb67b2c1783f4bb37ac8b0a8e2ae95fcde8ee21,150000,20260717T120435635390Z,707,mask_fragment-n150000-w2048-m0500-s707
mask_fragment,58ced0e286dfa2b04542a7873472fb4400aeb830,early_mask_fragment,2048,3828.8344999891706,307200000,0.5,75000,0,sha256:1a43e0ddf8cc02438cc76d27ba1cce86da34109d2e43dcc8ed7c9d581b95b39d,6,sha256:825aa2f7090443fba461f6973eb67b2c1783f4bb37ac8b0a8e2ae95fcde8ee21,150000,20260717T120435635390Z,707,mask_fragment-n150000-w2048-m0500-s707
mask_fragment,58ced0e286dfa2b04542a7873472fb4400aeb830,late_mask_fragment,2048,2426.7100999713875,307200000,0.5,75000,1,sha256:18bd7fb3b6d02ff88c53bf4a74124c631590d7e276f031a9034dc7f9cb857902,6,sha256:825aa2f7090443fba461f6973eb67b2c1783f4bb37ac8b0a8e2ae95fcde8ee21,150000,20260717T120435635390Z,707,mask_fragment-n150000-w2048-m0500-s707
mask_fragment,58ced0e286dfa2b04542a7873472fb4400aeb830,late_mask_fragment,2048,2512.8172999829985,307200000,0.5,75000,0,sha256:18bd7fb3b6d02ff88c53bf4a74124c631590d7e276f031a9034dc7f9cb857902,7,sha256:825aa2f7090443fba461f6973eb67b2c1783f4bb37ac8b0a8e2ae95fcde8ee21,150000,20260717T120435635390Z,707,mask_fragment-n150000-w2048-m0500-s707
mask_fragment,58ced0e286dfa2b04542a7873472fb4400aeb830,early_mask_fragment,2048,3279.6605000039563,307200000,0.5,75000,1,sha256:1a43e0ddf8cc02438cc76d27ba1cce86da34109d2e43dcc8ed7c9d581b95b39d,7,sha256:825aa2f7090443fba461f6973eb67b2c1783f4bb37ac8b0a8e2ae95fcde8ee21,150000,20260717T120435635390Z,707,mask_fragment-n150000-w2048-m0500-s707
mask_fragment,58ced0e286dfa2b04542a7873472fb4400aeb830,early_mask_fragment,2048,3786.5751999779604,307200000,0.5,75000,0,sha256:1a43e0ddf8cc02438cc76d27ba1cce86da34109d2e43dcc8ed7c9d581b95b39d,8,sha256:825aa2f7090443fba461f6973eb67b2c1783f4bb37ac8b0a8e2ae95fcde8ee21,150000,20260717T120435635390Z,707,mask_fragment-n150000-w2048-m0500-s707
mask_fragment,58ced0e286dfa2b04542a7873472fb4400aeb830,late_mask_fragment,2048,1970.592099998612,307200000,0.5,75000,1,sha256:18bd7fb3b6d02ff88c53bf4a74124c631590d7e276f031a9034dc7f9cb857902,8,sha256:825aa2f7090443fba461f6973eb67b2c1783f4bb37ac8b0a8e2ae95fcde8ee21,150000,20260717T120435635390Z,707,mask_fragment-n150000-w2048-m0500-s707
mask_fragment,58ced0e286dfa2b04542a7873472fb4400aeb830,late_mask_fragment,2048,2269.684700004291,307200000,0.5,75000,0,sha256:18bd7fb3b6d02ff88c53bf4a74124c631590d7e276f031a9034dc7f9cb857902,9,sha256:825aa2f7090443fba461f6973eb67b2c1783f4bb37ac8b0a8e2ae95fcde8ee21,150000,20260717T120435635390Z,707,mask_fragment-n150000-w2048-m0500-s707
mask_fragment,58ced0e286dfa2b04542a7873472fb4400aeb830,early_mask_fragment,2048,3753.1773999799043,307200000,0.5,75000,1,sha256:1a43e0ddf8cc02438cc76d27ba1cce86da34109d2e43dcc8ed7c9d581b95b39d,9,sha256:825aa2f7090443fba461f6973eb67b2c1783f4bb37ac8b0a8e2ae95fcde8ee21,150000,20260717T120435635390Z,707,mask_fragment-n150000-w2048-m0500-s707
mask_fragment,58ced0e286dfa2b04542a7873472fb4400aeb830,early_mask_fragment,2048,3806.771000032313,307200000,0.5,75000,0,sha256:1a43e0ddf8cc02438cc76d27ba1cce86da34109d2e43dcc8ed7c9d581b95b39d,10,sha256:825aa2f7090443fba461f6973eb67b2c1783f4bb37ac8b0a8e2ae95fcde8ee21,150000,20260717T120435635390Z,707,mask_fragment-n150000-w2048-m0500-s707
mask_fragment,58ced0e286dfa2b04542a7873472fb4400aeb830,late_mask_fragment,2048,2404.891600017436,307200000,0.5,75000,1,sha256:18bd7fb3b6d02ff88c53bf4a74124c631590d7e276f031a9034dc7f9cb857902,10,sha256:825aa2f7090443fba461f6973eb67b2c1783f4bb37ac8b0a8e2ae95fcde8ee21,150000,20260717T120435635390Z,707,mask_fragment-n150000-w2048-m0500-s707
mask_fragment,58ced0e286dfa2b04542a7873472fb4400aeb830,late_mask_fragment,2048,1928.2341999933124,307200000,0.5,75000,0,sha256:18bd7fb3b6d02ff88c53bf4a74124c631590d7e276f031a9034dc7f9cb857902,11,sha256:825aa2f7090443fba461f6973eb67b2c1783f4bb37ac8b0a8e2ae95fcde8ee21,150000,20260717T120435635390Z,707,mask_fragment-n150000-w2048-m0500-s707
mask_fragment,58ced0e286dfa2b04542a7873472fb4400aeb830,early_mask_fragment,2048,4254.496900015511,307200000,0.5,75000,1,sha256:1a43e0ddf8cc02438cc76d27ba1cce86da34109d2e43dcc8ed7c9d581b95b39d,11,sha256:825aa2f7090443fba461f6973eb67b2c1783f4bb37ac8b0a8e2ae95fcde8ee21,150000,20260717T120435635390Z,707,mask_fragment-n150000-w2048-m0500-s707
mask_fragment,58ced0e286dfa2b04542a7873472fb4400aeb830,early_mask_fragment,2048,4245.930900040548,307200000,0.5,75000,0,sha256:1a43e0ddf8cc02438cc76d27ba1cce86da34109d2e43dcc8ed7c9d581b95b39d,12,sha256:825aa2f7090443fba461f6973eb67b2c1783f4bb37ac8b0a8e2ae95fcde8ee21,150000,20260717T120435635390Z,707,mask_fragment-n150000-w2048-m0500-s707
mask_fragment,58ced0e286dfa2b04542a7873472fb4400aeb830,late_mask_fragment,2048,1902.0219999947585,307200000,0.5,75000,1,sha256:18bd7fb3b6d02ff88c53bf4a74124c631590d7e276f031a9034dc7f9cb857902,12,sha256:825aa2f7090443fba461f6973eb67b2c1783f4bb37ac8b0a8e2ae95fcde8ee21,150000,20260717T120435635390Z,707,mask_fragment-n150000-w2048-m0500-s707
mask_fragment,58ced0e286dfa2b04542a7873472fb4400aeb830,late_mask_fragment,2048,2219.2936000064947,307200000,0.5,75000,0,sha256:18bd7fb3b6d02ff88c53bf4a74124c631590d7e276f031a9034dc7f9cb857902,13,sha256:825aa2f7090443fba461f6973eb67b2c1783f4bb37ac8b0a8e2ae95fcde8ee21,150000,20260717T120435635390Z,707,mask_fragment-n150000-w2048-m0500-s707
mask_fragment,58ced0e286dfa2b04542a7873472fb4400aeb830,early_mask_fragment,2048,4208.251899981406,307200000,0.5,75000,1,sha256:1a43e0ddf8cc02438cc76d27ba1cce86da34109d2e43dcc8ed7c9d581b95b39d,13,sha256:825aa2f7090443fba461f6973eb67b2c1783f4bb37ac8b0a8e2ae95fcde8ee21,150000,20260717T120435635390Z,707,mask_fragment-n150000-w2048-m0500-s707
mask_fragment,58ced0e286dfa2b04542a7873472fb4400aeb830,early_mask_fragment,2048,3598.014899995178,307200000,0.5,75000,0,sha256:1a43e0ddf8cc02438cc76d27ba1cce86da34109d2e43dcc8ed7c9d581b95b39d,14,sha256:825aa2f7090443fba461f6973eb67b2c1783f4bb37ac8b0a8e2ae95fcde8ee21,150000,20260717T120435635390Z,707,mask_fragment-n150000-w2048-m0500-s707
mask_fragment,58ced0e286dfa2b04542a7873472fb4400aeb830,late_mask_fragment,2048,2730.755299970042,307200000,0.5,75000,1,sha256:18bd7fb3b6d02ff88c53bf4a74124c631590d7e276f031a9034dc7f9cb857902,14,sha256:825aa2f7090443fba461f6973eb67b2c1783f4bb37ac8b0a8e2ae95fcde8ee21,150000,20260717T120435635390Z,707,mask_fragment-n150000-w2048-m0500-s707
mask_fragment,58ced0e286dfa2b04542a7873472fb4400aeb830,early_mask_fragment,2048,3619.942900026217,307200000,0.5,75000,0,sha256:1a43e0ddf8cc02438cc76d27ba1cce86da34109d2e43dcc8ed7c9d581b95b39d,0,sha256:477814d1874510a36fde0c641866dc506522a064285458ffb172e1842b6f4411,150000,20260717T120435635390Z,808,mask_fragment-n150000-w2048-m0500-s808
mask_fragment,58ced0e286dfa2b04542a7873472fb4400aeb830,late_mask_fragment,2048,2250.170299957972,307200000,0.5,75000,1,sha256:18bd7fb3b6d02ff88c53bf4a74124c631590d7e276f031a9034dc7f9cb857902,0,sha256:477814d1874510a36fde0c641866dc506522a064285458ffb172e1842b6f4411,150000,20260717T120435635390Z,808,mask_fragment-n150000-w2048-m0500-s808
mask_fragment,58ced0e286dfa2b04542a7873472fb4400aeb830,late_mask_fragment,2048,2302.2563999984413,307200000,0.5,75000,0,sha256:18bd7fb3b6d02ff88c53bf4a74124c631590d7e276f031a9034dc7f9cb857902,1,sha256:477814d1874510a36fde0c641866dc506522a064285458ffb172e1842b6f4411,150000,20260717T120435635390Z,808,mask_fragment-n150000-w2048-m0500-s808
mask_fragment,58ced0e286dfa2b04542a7873472fb4400aeb830,early_mask_fragment,2048,3799.547100032214,307200000,0.5,75000,1,sha256:1a43e0ddf8cc02438cc76d27ba1cce86da34109d2e43dcc8ed7c9d581b95b39d,1,sha256:477814d1874510a36fde0c641866dc506522a064285458ffb172e1842b6f4411,150000,20260717T120435635390Z,808,mask_fragment-n150000-w2048-m0500-s808
mask_fragment,58ced0e286dfa2b04542a7873472fb4400aeb830,early_mask_fragment,2048,3312.0323000475764,307200000,0.5,75000,0,sha256:1a43e0ddf8cc02438cc76d27ba1cce86da34109d2e43dcc8ed7c9d581b95b39d,2,sha256:477814d1874510a36fde0c641866dc506522a064285458ffb172e1842b6f4411,150000,20260717T120435635390Z,808,mask_fragment-n150000-w2048-m0500-s808
mask_fragment,58ced0e286dfa2b04542a7873472fb4400aeb830,late_mask_fragment,2048,2327.0519000361674,307200000,0.5,75000,1,sha256:18bd7fb3b6d02ff88c53bf4a74124c631590d7e276f031a9034dc7f9cb857902,2,sha256:477814d1874510a36fde0c641866dc506522a064285458ffb172e1842b6f4411,150000,20260717T120435635390Z,808,mask_fragment-n150000-w2048-m0500-s808
mask_fragment,58ced0e286dfa2b04542a7873472fb4400aeb830,late_mask_fragment,2048,2007.224300003145,307200000,0.5,75000,0,sha256:18bd7fb3b6d02ff88c53bf4a74124c631590d7e276f031a9034dc7f9cb857902,3,sha256:477814d1874510a36fde0c641866dc506522a064285458ffb172e1842b6f4411,150000,20260717T120435635390Z,808,mask_fragment-n150000-w2048-m0500-s808
mask_fragment,58ced0e286dfa2b04542a7873472fb4400aeb830,early_mask_fragment,2048,4138.535199977923,307200000,0.5,75000,1,sha256:1a43e0ddf8cc02438cc76d27ba1cce86da34109d2e43dcc8ed7c9d581b95b39d,3,sha256:477814d1874510a36fde0c641866dc506522a064285458ffb172e1842b6f4411,150000,20260717T120435635390Z,808,mask_fragment-n150000-w2048-m0500-s808
mask_fragment,58ced0e286dfa2b04542a7873472fb4400aeb830,early_mask_fragment,2048,4002.03179998789,307200000,0.5,75000,0,sha256:1a43e0ddf8cc02438cc76d27ba1cce86da34109d2e43dcc8ed7c9d581b95b39d,4,sha256:477814d1874510a36fde0c641866dc506522a064285458ffb172e1842b6f4411,150000,20260717T120435635390Z,808,mask_fragment-n150000-w2048-m0500-s808
mask_fragment,58ced0e286dfa2b04542a7873472fb4400aeb830,late_mask_fragment,2048,2248.2038000016473,307200000,0.5,75000,1,sha256:18bd7fb3b6d02ff88c53bf4a74124c631590d7e276f031a9034dc7f9cb857902,4,sha256:477814d1874510a36fde0c641866dc506522a064285458ffb172e1842b6f4411,150000,20260717T120435635390Z,808,mask_fragment-n150000-w2048-m0500-s808
mask_fragment,58ced0e286dfa2b04542a7873472fb4400aeb830,late_mask_fragment,2048,1969.645999954082,307200000,0.5,75000,0,sha256:18bd7fb3b6d02ff88c53bf4a74124c631590d7e276f031a9034dc7f9cb857902,5,sha256:477814d1874510a36fde0c641866dc506522a064285458ffb172e1842b6f4411,150000,20260717T120435635390Z,808,mask_fragment-n150000-w2048-m0500-s808
mask_fragment,58ced0e286dfa2b04542a7873472fb4400aeb830,early_mask_fragment,2048,3696.7909000231884,307200000,0.5,75000,1,sha256:1a43e0ddf8cc02438cc76d27ba1cce86da34109d2e43dcc8ed7c9d581b95b39d,5,sha256:477814d1874510a36fde0c641866dc506522a064285458ffb172e1842b6f4411,150000,20260717T120435635390Z,808,mask_fragment-n150000-w2048-m0500-s808
mask_fragment,58ced0e286dfa2b04542a7873472fb4400aeb830,early_mask_fragment,2048,3816.678299976047,307200000,0.5,75000,0,sha256:1a43e0ddf8cc02438cc76d27ba1cce86da34109d2e43dcc8ed7c9d581b95b39d,6,sha256:477814d1874510a36fde0c641866dc506522a064285458ffb172e1842b6f4411,150000,20260717T120435635390Z,808,mask_fragment-n150000-w2048-m0500-s808
mask_fragment,58ced0e286dfa2b04542a7873472fb4400aeb830,late_mask_fragment,2048,1944.6935000014491,307200000,0.5,75000,1,sha256:18bd7fb3b6d02ff88c53bf4a74124c631590d7e276f031a9034dc7f9cb857902,6,sha256:477814d1874510a36fde0c641866dc506522a064285458ffb172e1842b6f4411,150000,20260717T120435635390Z,808,mask_fragment-n150000-w2048-m0500-s808
mask_fragment,58ced0e286dfa2b04542a7873472fb4400aeb830,late_mask_fragment,2048,2467.4850999726914,307200000,0.5,75000,0,sha256:18bd7fb3b6d02ff88c53bf4a74124c631590d7e276f031a9034dc7f9cb857902,7,sha256:477814d1874510a36fde0c641866dc506522a064285458ffb172e1842b6f4411,150000,20260717T120435635390Z,808,mask_fragment-n150000-w2048-m0500-s808
mask_fragment,58ced0e286dfa2b04542a7873472fb4400aeb830,early_mask_fragment,2048,4472.6814000168815,307200000,0.5,75000,1,sha256:1a43e0ddf8cc02438cc76d27ba1cce86da34109d2e43dcc8ed7c9d581b95b39d,7,sha256:477814d1874510a36fde0c641866dc506522a064285458ffb172e1842b6f4411,150000,20260717T120435635390Z,808,mask_fragment-n150000-w2048-m0500-s808
mask_fragment,58ced0e286dfa2b04542a7873472fb4400aeb830,early_mask_fragment,2048,4319.529699976556,307200000,0.5,75000,0,sha256:1a43e0ddf8cc02438cc76d27ba1cce86da34109d2e43dcc8ed7c9d581b95b39d,8,sha256:477814d1874510a36fde0c641866dc506522a064285458ffb172e1842b6f4411,150000,20260717T120435635390Z,808,mask_fragment-n150000-w2048-m0500-s808
mask_fragment,58ced0e286dfa2b04542a7873472fb4400aeb830,late_mask_fragment,2048,2926.7014000215568,307200000,0.5,75000,1,sha256:18bd7fb3b6d02ff88c53bf4a74124c631590d7e276f031a9034dc7f9cb857902,8,sha256:477814d1874510a36fde0c641866dc506522a064285458ffb172e1842b6f4411,150000,20260717T120435635390Z,808,mask_fragment-n150000-w2048-m0500-s808
mask_fragment,58ced0e286dfa2b04542a7873472fb4400aeb830,late_mask_fragment,2048,1903.0925999977626,307200000,0.5,75000,0,sha256:18bd7fb3b6d02ff88c53bf4a74124c631590d7e276f031a9034dc7f9cb857902,9,sha256:477814d1874510a36fde0c641866dc506522a064285458ffb172e1842b6f4411,150000,20260717T120435635390Z,808,mask_fragment-n150000-w2048-m0500-s808
mask_fragment,58ced0e286dfa2b04542a7873472fb4400aeb830,early_mask_fragment,2048,3646.5700000408106,307200000,0.5,75000,1,sha256:1a43e0ddf8cc02438cc76d27ba1cce86da34109d2e43dcc8ed7c9d581b95b39d,9,sha256:477814d1874510a36fde0c641866dc506522a064285458ffb172e1842b6f4411,150000,20260717T120435635390Z,808,mask_fragment-n150000-w2048-m0500-s808
mask_fragment,58ced0e286dfa2b04542a7873472fb4400aeb830,early_mask_fragment,2048,4534.508800017647,307200000,0.5,75000,0,sha256:1a43e0ddf8cc02438cc76d27ba1cce86da34109d2e43dcc8ed7c9d581b95b39d,10,sha256:477814d1874510a36fde0c641866dc506522a064285458ffb172e1842b6f4411,150000,20260717T120435635390Z,808,mask_fragment-n150000-w2048-m0500-s808
mask_fragment,58ced0e286dfa2b04542a7873472fb4400aeb830,late_mask_fragment,2048,1987.0943000423722,307200000,0.5,75000,1,sha256:18bd7fb3b6d02ff88c53bf4a74124c631590d7e276f031a9034dc7f9cb857902,10,sha256:477814d1874510a36fde0c641866dc506522a064285458ffb172e1842b6f4411,150000,20260717T120435635390Z,808,mask_fragment-n150000-w2048-m0500-s808
mask_fragment,58ced0e286dfa2b04542a7873472fb4400aeb830,late_mask_fragment,2048,1931.3137999852188,307200000,0.5,75000,0,sha256:18bd7fb3b6d02ff88c53bf4a74124c631590d7e276f031a9034dc7f9cb857902,11,sha256:477814d1874510a36fde0c641866dc506522a064285458ffb172e1842b6f4411,150000,20260717T120435635390Z,808,mask_fragment-n150000-w2048-m0500-s808
mask_fragment,58ced0e286dfa2b04542a7873472fb4400aeb830,early_mask_fragment,2048,3957.399800012354,307200000,0.5,75000,1,sha256:1a43e0ddf8cc02438cc76d27ba1cce86da34109d2e43dcc8ed7c9d581b95b39d,11,sha256:477814d1874510a36fde0c641866dc506522a064285458ffb172e1842b6f4411,150000,20260717T120435635390Z,808,mask_fragment-n150000-w2048-m0500-s808
mask_fragment,58ced0e286dfa2b04542a7873472fb4400aeb830,early_mask_fragment,2048,4365.837799967267,307200000,0.5,75000,0,sha256:1a43e0ddf8cc02438cc76d27ba1cce86da34109d2e43dcc8ed7c9d581b95b39d,12,sha256:477814d1874510a36fde0c641866dc506522a064285458ffb172e1842b6f4411,150000,20260717T120435635390Z,808,mask_fragment-n150000-w2048-m0500-s808
mask_fragment,58ced0e286dfa2b04542a7873472fb4400aeb830,late_mask_fragment,2048,2012.6390000223182,307200000,0.5,75000,1,sha256:18bd7fb3b6d02ff88c53bf4a74124c631590d7e276f031a9034dc7f9cb857902,12,sha256:477814d1874510a36fde0c641866dc506522a064285458ffb172e1842b6f4411,150000,20260717T120435635390Z,808,mask_fragment-n150000-w2048-m0500-s808
mask_fragment,58ced0e286dfa2b04542a7873472fb4400aeb830,late_mask_fragment,2048,2533.39340002276,307200000,0.5,75000,0,sha256:18bd7fb3b6d02ff88c53bf4a74124c631590d7e276f031a9034dc7f9cb857902,13,sha256:477814d1874510a36fde0c641866dc506522a064285458ffb172e1842b6f4411,150000,20260717T120435635390Z,808,mask_fragment-n150000-w2048-m0500-s808
mask_fragment,58ced0e286dfa2b04542a7873472fb4400aeb830,early_mask_fragment,2048,4268.691799952649,307200000,0.5,75000,1,sha256:1a43e0ddf8cc02438cc76d27ba1cce86da34109d2e43dcc8ed7c9d581b95b39d,13,sha256:477814d1874510a36fde0c641866dc506522a064285458ffb172e1842b6f4411,150000,20260717T120435635390Z,808,mask_fragment-n150000-w2048-m0500-s808
mask_fragment,58ced0e286dfa2b04542a7873472fb4400aeb830,early_mask_fragment,2048,3815.700499981176,307200000,0.5,75000,0,sha256:1a43e0ddf8cc02438cc76d27ba1cce86da34109d2e43dcc8ed7c9d581b95b39d,14,sha256:477814d1874510a36fde0c641866dc506522a064285458ffb172e1842b6f4411,150000,20260717T120435635390Z,808,mask_fragment-n150000-w2048-m0500-s808
mask_fragment,58ced0e286dfa2b04542a7873472fb4400aeb830,late_mask_fragment,2048,2317.2332999529317,307200000,0.5,75000,1,sha256:18bd7fb3b6d02ff88c53bf4a74124c631590d7e276f031a9034dc7f9cb857902,14,sha256:477814d1874510a36fde0c641866dc506522a064285458ffb172e1842b6f4411,150000,20260717T120435635390Z,808,mask_fragment-n150000-w2048-m0500-s808
mask_fragment,58ced0e286dfa2b04542a7873472fb4400aeb830,late_mask_fragment,2048,2344.6960000437684,307200000,0.5,75000,0,sha256:18bd7fb3b6d02ff88c53bf4a74124c631590d7e276f031a9034dc7f9cb857902,0,sha256:35c8bb4d972d42426d83e6da25590f3dc9721c9c56ef1ffc6ad9819c77881408,150000,20260717T120435635390Z,909,mask_fragment-n150000-w2048-m0500-s909
mask_fragment,58ced0e286dfa2b04542a7873472fb4400aeb830,early_mask_fragment,2048,4472.224899975117,307200000,0.5,75000,1,sha256:1a43e0ddf8cc02438cc76d27ba1cce86da34109d2e43dcc8ed7c9d581b95b39d,0,sha256:35c8bb4d972d42426d83e6da25590f3dc9721c9c56ef1ffc6ad9819c77881408,150000,20260717T120435635390Z,909,mask_fragment-n150000-w2048-m0500-s909
mask_fragment,58ced0e286dfa2b04542a7873472fb4400aeb830,early_mask_fragment,2048,3841.5290000266396,307200000,0.5,75000,0,sha256:1a43e0ddf8cc02438cc76d27ba1cce86da34109d2e43dcc8ed7c9d581b95b39d,1,sha256:35c8bb4d972d42426d83e6da25590f3dc9721c9c56ef1ffc6ad9819c77881408,150000,20260717T120435635390Z,909,mask_fragment-n150000-w2048-m0500-s909
mask_fragment,58ced0e286dfa2b04542a7873472fb4400aeb830,late_mask_fragment,2048,2009.9975999910384,307200000,0.5,75000,1,sha256:18bd7fb3b6d02ff88c53bf4a74124c631590d7e276f031a9034dc7f9cb857902,1,sha256:35c8bb4d972d42426d83e6da25590f3dc9721c9c56ef1ffc6ad9819c77881408,150000,20260717T120435635390Z,909,mask_fragment-n150000-w2048-m0500-s909
mask_fragment,58ced0e286dfa2b04542a7873472fb4400aeb830,late_mask_fragment,2048,1931.7000999581069,307200000,0.5,75000,0,sha256:18bd7fb3b6d02ff88c53bf4a74124c631590d7e276f031a9034dc7f9cb857902,2,sha256:35c8bb4d972d42426d83e6da25590f3dc9721c9c56ef1ffc6ad9819c77881408,150000,20260717T120435635390Z,909,mask_fragment-n150000-w2048-m0500-s909
mask_fragment,58ced0e286dfa2b04542a7873472fb4400aeb830,early_mask_fragment,2048,3771.9420999637805,307200000,0.5,75000,1,sha256:1a43e0ddf8cc02438cc76d27ba1cce86da34109d2e43dcc8ed7c9d581b95b39d,2,sha256:35c8bb4d972d42426d83e6da25590f3dc9721c9c56ef1ffc6ad9819c77881408,150000,20260717T120435635390Z,909,mask_fragment-n150000-w2048-m0500-s909
mask_fragment,58ced0e286dfa2b04542a7873472fb4400aeb830,early_mask_fragment,2048,4006.2713000224903,307200000,0.5,75000,0,sha256:1a43e0ddf8cc02438cc76d27ba1cce86da34109d2e43dcc8ed7c9d581b95b39d,3,sha256:35c8bb4d972d42426d83e6da25590f3dc9721c9c56ef1ffc6ad9819c77881408,150000,20260717T120435635390Z,909,mask_fragment-n150000-w2048-m0500-s909
mask_fragment,58ced0e286dfa2b04542a7873472fb4400aeb830,late_mask_fragment,2048,3041.1891999538057,307200000,0.5,75000,1,sha256:18bd7fb3b6d02ff88c53bf4a74124c631590d7e276f031a9034dc7f9cb857902,3,sha256:35c8bb4d972d42426d83e6da25590f3dc9721c9c56ef1ffc6ad9819c77881408,150000,20260717T120435635390Z,909,mask_fragment-n150000-w2048-m0500-s909
mask_fragment,58ced0e286dfa2b04542a7873472fb4400aeb830,late_mask_fragment,2048,2866.935400001239,307200000,0.5,75000,0,sha256:18bd7fb3b6d02ff88c53bf4a74124c631590d7e276f031a9034dc7f9cb857902,4,sha256:35c8bb4d972d42426d83e6da25590f3dc9721c9c56ef1ffc6ad9819c77881408,150000,20260717T120435635390Z,909,mask_fragment-n150000-w2048-m0500-s909
mask_fragment,58ced0e286dfa2b04542a7873472fb4400aeb830,early_mask_fragment,2048,3697.080299956724,307200000,0.5,75000,1,sha256:1a43e0ddf8cc02438cc76d27ba1cce86da34109d2e43dcc8ed7c9d581b95b39d,4,sha256:35c8bb4d972d42426d83e6da25590f3dc9721c9c56ef1ffc6ad9819c77881408,150000,20260717T120435635390Z,909,mask_fragment-n150000-w2048-m0500-s909
mask_fragment,58ced0e286dfa2b04542a7873472fb4400aeb830,early_mask_fragment,2048,4308.895600028336,307200000,0.5,75000,0,sha256:1a43e0ddf8cc02438cc76d27ba1cce86da34109d2e43dcc8ed7c9d581b95b39d,5,sha256:35c8bb4d972d42426d83e6da25590f3dc9721c9c56ef1ffc6ad9819c77881408,150000,20260717T120435635390Z,909,mask_fragment-n150000-w2048-m0500-s909
mask_fragment,58ced0e286dfa2b04542a7873472fb4400aeb830,late_mask_fragment,2048,2412.0623000198975,307200000,0.5,75000,1,sha256:18bd7fb3b6d02ff88c53bf4a74124c631590d7e276f031a9034dc7f9cb857902,5,sha256:35c8bb4d972d42426d83e6da25590f3dc9721c9c56ef1ffc6ad9819c77881408,150000,20260717T120435635390Z,909,mask_fragment-n150000-w2048-m0500-s909
mask_fragment,58ced0e286dfa2b04542a7873472fb4400aeb830,late_mask_fragment,2048,1953.8440000033006,307200000,0.5,75000,0,sha256:18bd7fb3b6d02ff88c53bf4a74124c631590d7e276f031a9034dc7f9cb857902,6,sha256:35c8bb4d972d42426d83e6da25590f3dc9721c9c56ef1ffc6ad9819c77881408,150000,20260717T120435635390Z,909,mask_fragment-n150000-w2048-m0500-s909
mask_fragment,58ced0e286dfa2b04542a7873472fb4400aeb830,early_mask_fragment,2048,3780.457899963949,307200000,0.5,75000,1,sha256:1a43e0ddf8cc02438cc76d27ba1cce86da34109d2e43dcc8ed7c9d581b95b39d,6,sha256:35c8bb4d972d42426d83e6da25590f3dc9721c9c56ef1ffc6ad9819c77881408,150000,20260717T120435635390Z,909,mask_fragment-n150000-w2048-m0500-s909
mask_fragment,58ced0e286dfa2b04542a7873472fb4400aeb830,early_mask_fragment,2048,3267.331499955617,307200000,0.5,75000,0,sha256:1a43e0ddf8cc02438cc76d27ba1cce86da34109d2e43dcc8ed7c9d581b95b39d,7,sha256:35c8bb4d972d42426d83e6da25590f3dc9721c9c56ef1ffc6ad9819c77881408,150000,20260717T120435635390Z,909,mask_fragment-n150000-w2048-m0500-s909
mask_fragment,58ced0e286dfa2b04542a7873472fb4400aeb830,late_mask_fragment,2048,1928.4929999848828,307200000,0.5,75000,1,sha256:18bd7fb3b6d02ff88c53bf4a74124c631590d7e276f031a9034dc7f9cb857902,7,sha256:35c8bb4d972d42426d83e6da25590f3dc9721c9c56ef1ffc6ad9819c77881408,150000,20260717T120435635390Z,909,mask_fragment-n150000-w2048-m0500-s909
mask_fragment,58ced0e286dfa2b04542a7873472fb4400aeb830,late_mask_fragment,2048,2282.5030999956653,307200000,0.5,75000,0,sha256:18bd7fb3b6d02ff88c53bf4a74124c631590d7e276f031a9034dc7f9cb857902,8,sha256:35c8bb4d972d42426d83e6da25590f3dc9721c9c56ef1ffc6ad9819c77881408,150000,20260717T120435635390Z,909,mask_fragment-n150000-w2048-m0500-s909
mask_fragment,58ced0e286dfa2b04542a7873472fb4400aeb830,early_mask_fragment,2048,3804.957900021691,307200000,0.5,75000,1,sha256:1a43e0ddf8cc02438cc76d27ba1cce86da34109d2e43dcc8ed7c9d581b95b39d,8,sha256:35c8bb4d972d42426d83e6da25590f3dc9721c9c56ef1ffc6ad9819c77881408,150000,20260717T120435635390Z,909,mask_fragment-n150000-w2048-m0500-s909
mask_fragment,58ced0e286dfa2b04542a7873472fb4400aeb830,early_mask_fragment,2048,3744.509099982679,307200000,0.5,75000,0,sha256:1a43e0ddf8cc02438cc76d27ba1cce86da34109d2e43dcc8ed7c9d581b95b39d,9,sha256:35c8bb4d972d42426d83e6da25590f3dc9721c9c56ef1ffc6ad9819c77881408,150000,20260717T120435635390Z,909,mask_fragment-n150000-w2048-m0500-s909
mask_fragment,58ced0e286dfa2b04542a7873472fb4400aeb830,late_mask_fragment,2048,2403.8674000184983,307200000,0.5,75000,1,sha256:18bd7fb3b6d02ff88c53bf4a74124c631590d7e276f031a9034dc7f9cb857902,9,sha256:35c8bb4d972d42426d83e6da25590f3dc9721c9c56ef1ffc6ad9819c77881408,150000,20260717T120435635390Z,909,mask_fragment-n150000-w2048-m0500-s909
mask_fragment,58ced0e286dfa2b04542a7873472fb4400aeb830,late_mask_fragment,2048,2435.58099999791,307200000,0.5,75000,0,sha256:18bd7fb3b6d02ff88c53bf4a74124c631590d7e276f031a9034dc7f9cb857902,10,sha256:35c8bb4d972d42426d83e6da25590f3dc9721c9c56ef1ffc6ad9819c77881408,150000,20260717T120435635390Z,909,mask_fragment-n150000-w2048-m0500-s909
mask_fragment,58ced0e286dfa2b04542a7873472fb4400aeb830,early_mask_fragment,2048,3856.6983000491746,307200000,0.5,75000,1,sha256:1a43e0ddf8cc02438cc76d27ba1cce86da34109d2e43dcc8ed7c9d581b95b39d,10,sha256:35c8bb4d972d42426d83e6da25590f3dc9721c9c56ef1ffc6ad9819c77881408,150000,20260717T120435635390Z,909,mask_fragment-n150000-w2048-m0500-s909
mask_fragment,58ced0e286dfa2b04542a7873472fb4400aeb830,early_mask_fragment,2048,3584.0626999852248,307200000,0.5,75000,0,sha256:1a43e0ddf8cc02438cc76d27ba1cce86da34109d2e43dcc8ed7c9d581b95b39d,11,sha256:35c8bb4d972d42426d83e6da25590f3dc9721c9c56ef1ffc6ad9819c77881408,150000,20260717T120435635390Z,909,mask_fragment-n150000-w2048-m0500-s909
mask_fragment,58ced0e286dfa2b04542a7873472fb4400aeb830,late_mask_fragment,2048,2267.183699994348,307200000,0.5,75000,1,sha256:18bd7fb3b6d02ff88c53bf4a74124c631590d7e276f031a9034dc7f9cb857902,11,sha256:35c8bb4d972d42426d83e6da25590f3dc9721c9c56ef1ffc6ad9819c77881408,150000,20260717T120435635390Z,909,mask_fragment-n150000-w2048-m0500-s909
mask_fragment,58ced0e286dfa2b04542a7873472fb4400aeb830,late_mask_fragment,2048,2280.932900030166,307200000,0.5,75000,0,sha256:18bd7fb3b6d02ff88c53bf4a74124c631590d7e276f031a9034dc7f9cb857902,12,sha256:35c8bb4d972d42426d83e6da25590f3dc9721c9c56ef1ffc6ad9819c77881408,150000,20260717T120435635390Z,909,mask_fragment-n150000-w2048-m0500-s909
mask_fragment,58ced0e286dfa2b04542a7873472fb4400aeb830,early_mask_fragment,2048,3812.634300033096,307200000,0.5,75000,1,sha256:1a43e0ddf8cc02438cc76d27ba1cce86da34109d2e43dcc8ed7c9d581b95b39d,12,sha256:35c8bb4d972d42426d83e6da25590f3dc9721c9c56ef1ffc6ad9819c77881408,150000,20260717T120435635390Z,909,mask_fragment-n150000-w2048-m0500-s909
mask_fragment,58ced0e286dfa2b04542a7873472fb4400aeb830,early_mask_fragment,2048,3799.2290999973193,307200000,0.5,75000,0,sha256:1a43e0ddf8cc02438cc76d27ba1cce86da34109d2e43dcc8ed7c9d581b95b39d,13,sha256:35c8bb4d972d42426d83e6da25590f3dc9721c9c56ef1ffc6ad9819c77881408,150000,20260717T120435635390Z,909,mask_fragment-n150000-w2048-m0500-s909
mask_fragment,58ced0e286dfa2b04542a7873472fb4400aeb830,late_mask_fragment,2048,2298.827300022822,307200000,0.5,75000,1,sha256:18bd7fb3b6d02ff88c53bf4a74124c631590d7e276f031a9034dc7f9cb857902,13,sha256:35c8bb4d972d42426d83e6da25590f3dc9721c9c56ef1ffc6ad9819c77881408,150000,20260717T120435635390Z,909,mask_fragment-n150000-w2048-m0500-s909
mask_fragment,58ced0e286dfa2b04542a7873472fb4400aeb830,late_mask_fragment,2048,2302.401099994313,307200000,0.5,75000,0,sha256:18bd7fb3b6d02ff88c53bf4a74124c631590d7e276f031a9034dc7f9cb857902,14,sha256:35c8bb4d972d42426d83e6da25590f3dc9721c9c56ef1ffc6ad9819c77881408,150000,20260717T120435635390Z,909,mask_fragment-n150000-w2048-m0500-s909
mask_fragment,58ced0e286dfa2b04542a7873472fb4400aeb830,early_mask_fragment,2048,3198.8127999939024,307200000,0.5,75000,1,sha256:1a43e0ddf8cc02438cc76d27ba1cce86da34109d2e43dcc8ed7c9d581b95b39d,14,sha256:35c8bb4d972d42426d83e6da25590f3dc9721c9c56ef1ffc6ad9819c77881408,150000,20260717T120435635390Z,909,mask_fragment-n150000-w2048-m0500-s909
mask_fragment,58ced0e286dfa2b04542a7873472fb4400aeb830,late_mask_fragment,2048,4590.665600029752,307200000,1.0,150000,0,sha256:92b825cb6ca6efd8c921ae328d9dcd567e5fc1cecda65d185180a168e33b45c9,0,sha256:087bbdf8f45c5e2c5c9366108c5f76fd8fb52b92129ea1997469c88a5603fcdb,150000,20260717T120435635390Z,707,mask_fragment-n150000-w2048-m1000-s707
mask_fragment,58ced0e286dfa2b04542a7873472fb4400aeb830,early_mask_fragment,2048,3802.0077000255696,307200000,1.0,150000,1,sha256:1a43e0ddf8cc02438cc76d27ba1cce86da34109d2e43dcc8ed7c9d581b95b39d,0,sha256:087bbdf8f45c5e2c5c9366108c5f76fd8fb52b92129ea1997469c88a5603fcdb,150000,20260717T120435635390Z,707,mask_fragment-n150000-w2048-m1000-s707
mask_fragment,58ced0e286dfa2b04542a7873472fb4400aeb830,early_mask_fragment,2048,3846.7017999500968,307200000,1.0,150000,0,sha256:1a43e0ddf8cc02438cc76d27ba1cce86da34109d2e43dcc8ed7c9d581b95b39d,1,sha256:087bbdf8f45c5e2c5c9366108c5f76fd8fb52b92129ea1997469c88a5603fcdb,150000,20260717T120435635390Z,707,mask_fragment-n150000-w2048-m1000-s707
mask_fragment,58ced0e286dfa2b04542a7873472fb4400aeb830,late_mask_fragment,2048,3353.1994000077248,307200000,1.0,150000,1,sha256:92b825cb6ca6efd8c921ae328d9dcd567e5fc1cecda65d185180a168e33b45c9,1,sha256:087bbdf8f45c5e2c5c9366108c5f76fd8fb52b92129ea1997469c88a5603fcdb,150000,20260717T120435635390Z,707,mask_fragment-n150000-w2048-m1000-s707
mask_fragment,58ced0e286dfa2b04542a7873472fb4400aeb830,late_mask_fragment,2048,3798.075400001835,307200000,1.0,150000,0,sha256:92b825cb6ca6efd8c921ae328d9dcd567e5fc1cecda65d185180a168e33b45c9,2,sha256:087bbdf8f45c5e2c5c9366108c5f76fd8fb52b92129ea1997469c88a5603fcdb,150000,20260717T120435635390Z,707,mask_fragment-n150000-w2048-m1000-s707
mask_fragment,58ced0e286dfa2b04542a7873472fb4400aeb830,early_mask_fragment,2048,3662.6221999758855,307200000,1.0,150000,1,sha256:1a43e0ddf8cc02438cc76d27ba1cce86da34109d2e43dcc8ed7c9d581b95b39d,2,sha256:087bbdf8f45c5e2c5c9366108c5f76fd8fb52b92129ea1997469c88a5603fcdb,150000,20260717T120435635390Z,707,mask_fragment-n150000-w2048-m1000-s707
mask_fragment,58ced0e286dfa2b04542a7873472fb4400aeb830,early_mask_fragment,2048,3878.2715999986976,307200000,1.0,150000,0,sha256:1a43e0ddf8cc02438cc76d27ba1cce86da34109d2e43dcc8ed7c9d581b95b39d,3,sha256:087bbdf8f45c5e2c5c9366108c5f76fd8fb52b92129ea1997469c88a5603fcdb,150000,20260717T120435635390Z,707,mask_fragment-n150000-w2048-m1000-s707
mask_fragment,58ced0e286dfa2b04542a7873472fb4400aeb830,late_mask_fragment,2048,3432.253600039985,307200000,1.0,150000,1,sha256:92b825cb6ca6efd8c921ae328d9dcd567e5fc1cecda65d185180a168e33b45c9,3,sha256:087bbdf8f45c5e2c5c9366108c5f76fd8fb52b92129ea1997469c88a5603fcdb,150000,20260717T120435635390Z,707,mask_fragment-n150000-w2048-m1000-s707
mask_fragment,58ced0e286dfa2b04542a7873472fb4400aeb830,late_mask_fragment,2048,4732.985200011171,307200000,1.0,150000,0,sha256:92b825cb6ca6efd8c921ae328d9dcd567e5fc1cecda65d185180a168e33b45c9,4,sha256:087bbdf8f45c5e2c5c9366108c5f76fd8fb52b92129ea1997469c88a5603fcdb,150000,20260717T120435635390Z,707,mask_fragment-n150000-w2048-m1000-s707
mask_fragment,58ced0e286dfa2b04542a7873472fb4400aeb830,early_mask_fragment,2048,4000.058199977502,307200000,1.0,150000,1,sha256:1a43e0ddf8cc02438cc76d27ba1cce86da34109d2e43dcc8ed7c9d581b95b39d,4,sha256:087bbdf8f45c5e2c5c9366108c5f76fd8fb52b92129ea1997469c88a5603fcdb,150000,20260717T120435635390Z,707,mask_fragment-n150000-w2048-m1000-s707
mask_fragment,58ced0e286dfa2b04542a7873472fb4400aeb830,early_mask_fragment,2048,3858.8593000313267,307200000,1.0,150000,0,sha256:1a43e0ddf8cc02438cc76d27ba1cce86da34109d2e43dcc8ed7c9d581b95b39d,5,sha256:087bbdf8f45c5e2c5c9366108c5f76fd8fb52b92129ea1997469c88a5603fcdb,150000,20260717T120435635390Z,707,mask_fragment-n150000-w2048-m1000-s707
mask_fragment,58ced0e286dfa2b04542a7873472fb4400aeb830,late_mask_fragment,2048,4032.362199970521,307200000,1.0,150000,1,sha256:92b825cb6ca6efd8c921ae328d9dcd567e5fc1cecda65d185180a168e33b45c9,5,sha256:087bbdf8f45c5e2c5c9366108c5f76fd8fb52b92129ea1997469c88a5603fcdb,150000,20260717T120435635390Z,707,mask_fragment-n150000-w2048-m1000-s707
mask_fragment,58ced0e286dfa2b04542a7873472fb4400aeb830,late_mask_fragment,2048,3501.502800034359,307200000,1.0,150000,0,sha256:92b825cb6ca6efd8c921ae328d9dcd567e5fc1cecda65d185180a168e33b45c9,6,sha256:087bbdf8f45c5e2c5c9366108c5f76fd8fb52b92129ea1997469c88a5603fcdb,150000,20260717T120435635390Z,707,mask_fragment-n150000-w2048-m1000-s707
mask_fragment,58ced0e286dfa2b04542a7873472fb4400aeb830,early_mask_fragment,2048,4047.5986000383273,307200000,1.0,150000,1,sha256:1a43e0ddf8cc02438cc76d27ba1cce86da34109d2e43dcc8ed7c9d581b95b39d,6,sha256:087bbdf8f45c5e2c5c9366108c5f76fd8fb52b92129ea1997469c88a5603fcdb,150000,20260717T120435635390Z,707,mask_fragment-n150000-w2048-m1000-s707
mask_fragment,58ced0e286dfa2b04542a7873472fb4400aeb830,early_mask_fragment,2048,4857.9352000379,307200000,1.0,150000,0,sha256:1a43e0ddf8cc02438cc76d27ba1cce86da34109d2e43dcc8ed7c9d581b95b39d,7,sha256:087bbdf8f45c5e2c5c9366108c5f76fd8fb52b92129ea1997469c88a5603fcdb,150000,20260717T120435635390Z,707,mask_fragment-n150000-w2048-m1000-s707
mask_fragment,58ced0e286dfa2b04542a7873472fb4400aeb830,late_mask_fragment,2048,3964.3136999802664,307200000,1.0,150000,1,sha256:92b825cb6ca6efd8c921ae328d9dcd567e5fc1cecda65d185180a168e33b45c9,7,sha256:087bbdf8f45c5e2c5c9366108c5f76fd8fb52b92129ea1997469c88a5603fcdb,150000,20260717T120435635390Z,707,mask_fragment-n150000-w2048-m1000-s707
mask_fragment,58ced0e286dfa2b04542a7873472fb4400aeb830,late_mask_fragment,2048,4755.141799978446,307200000,1.0,150000,0,sha256:92b825cb6ca6efd8c921ae328d9dcd567e5fc1cecda65d185180a168e33b45c9,8,sha256:087bbdf8f45c5e2c5c9366108c5f76fd8fb52b92129ea1997469c88a5603fcdb,150000,20260717T120435635390Z,707,mask_fragment-n150000-w2048-m1000-s707
mask_fragment,58ced0e286dfa2b04542a7873472fb4400aeb830,early_mask_fragment,2048,3318.338799988851,307200000,1.0,150000,1,sha256:1a43e0ddf8cc02438cc76d27ba1cce86da34109d2e43dcc8ed7c9d581b95b39d,8,sha256:087bbdf8f45c5e2c5c9366108c5f76fd8fb52b92129ea1997469c88a5603fcdb,150000,20260717T120435635390Z,707,mask_fragment-n150000-w2048-m1000-s707
mask_fragment,58ced0e286dfa2b04542a7873472fb4400aeb830,early_mask_fragment,2048,3897.2573000355624,307200000,1.0,150000,0,sha256:1a43e0ddf8cc02438cc76d27ba1cce86da34109d2e43dcc8ed7c9d581b95b39d,9,sha256:087bbdf8f45c5e2c5c9366108c5f76fd8fb52b92129ea1997469c88a5603fcdb,150000,20260717T120435635390Z,707,mask_fragment-n150000-w2048-m1000-s707
mask_fragment,58ced0e286dfa2b04542a7873472fb4400aeb830,late_mask_fragment,2048,3245.3401000238955,307200000,1.0,150000,1,sha256:92b825cb6ca6efd8c921ae328d9dcd567e5fc1cecda65d185180a168e33b45c9,9,sha256:087bbdf8f45c5e2c5c9366108c5f76fd8fb52b92129ea1997469c88a5603fcdb,150000,20260717T120435635390Z,707,mask_fragment-n150000-w2048-m1000-s707
mask_fragment,58ced0e286dfa2b04542a7873472fb4400aeb830,late_mask_fragment,2048,3332.6371000148356,307200000,1.0,150000,0,sha256:92b825cb6ca6efd8c921ae328d9dcd567e5fc1cecda65d185180a168e33b45c9,10,sha256:087bbdf8f45c5e2c5c9366108c5f76fd8fb52b92129ea1997469c88a5603fcdb,150000,20260717T120435635390Z,707,mask_fragment-n150000-w2048-m1000-s707
mask_fragment,58ced0e286dfa2b04542a7873472fb4400aeb830,early_mask_fragment,2048,3685.51760003902,307200000,1.0,150000,1,sha256:1a43e0ddf8cc02438cc76d27ba1cce86da34109d2e43dcc8ed7c9d581b95b39d,10,sha256:087bbdf8f45c5e2c5c9366108c5f76fd8fb52b92129ea1997469c88a5603fcdb,150000,20260717T120435635390Z,707,mask_fragment-n150000-w2048-m1000-s707
mask_fragment,58ced0e286dfa2b04542a7873472fb4400aeb830,early_mask_fragment,2048,3837.217200023588,307200000,1.0,150000,0,sha256:1a43e0ddf8cc02438cc76d27ba1cce86da34109d2e43dcc8ed7c9d581b95b39d,11,sha256:087bbdf8f45c5e2c5c9366108c5f76fd8fb52b92129ea1997469c88a5603fcdb,150000,20260717T120435635390Z,707,mask_fragment-n150000-w2048-m1000-s707
mask_fragment,58ced0e286dfa2b04542a7873472fb4400aeb830,late_mask_fragment,2048,4052.661399997305,307200000,1.0,150000,1,sha256:92b825cb6ca6efd8c921ae328d9dcd567e5fc1cecda65d185180a168e33b45c9,11,sha256:087bbdf8f45c5e2c5c9366108c5f76fd8fb52b92129ea1997469c88a5603fcdb,150000,20260717T120435635390Z,707,mask_fragment-n150000-w2048-m1000-s707
mask_fragment,58ced0e286dfa2b04542a7873472fb4400aeb830,late_mask_fragment,2048,4382.954399974551,307200000,1.0,150000,0,sha256:92b825cb6ca6efd8c921ae328d9dcd567e5fc1cecda65d185180a168e33b45c9,12,sha256:087bbdf8f45c5e2c5c9366108c5f76fd8fb52b92129ea1997469c88a5603fcdb,150000,20260717T120435635390Z,707,mask_fragment-n150000-w2048-m1000-s707
mask_fragment,58ced0e286dfa2b04542a7873472fb4400aeb830,early_mask_fragment,2048,3687.362500000745,307200000,1.0,150000,1,sha256:1a43e0ddf8cc02438cc76d27ba1cce86da34109d2e43dcc8ed7c9d581b95b39d,12,sha256:087bbdf8f45c5e2c5c9366108c5f76fd8fb52b92129ea1997469c88a5603fcdb,150000,20260717T120435635390Z,707,mask_fragment-n150000-w2048-m1000-s707
mask_fragment,58ced0e286dfa2b04542a7873472fb4400aeb830,early_mask_fragment,2048,3899.44009995088,307200000,1.0,150000,0,sha256:1a43e0ddf8cc02438cc76d27ba1cce86da34109d2e43dcc8ed7c9d581b95b39d,13,sha256:087bbdf8f45c5e2c5c9366108c5f76fd8fb52b92129ea1997469c88a5603fcdb,150000,20260717T120435635390Z,707,mask_fragment-n150000-w2048-m1000-s707
mask_fragment,58ced0e286dfa2b04542a7873472fb4400aeb830,late_mask_fragment,2048,3304.9619999947026,307200000,1.0,150000,1,sha256:92b825cb6ca6efd8c921ae328d9dcd567e5fc1cecda65d185180a168e33b45c9,13,sha256:087bbdf8f45c5e2c5c9366108c5f76fd8fb52b92129ea1997469c88a5603fcdb,150000,20260717T120435635390Z,707,mask_fragment-n150000-w2048-m1000-s707
mask_fragment,58ced0e286dfa2b04542a7873472fb4400aeb830,late_mask_fragment,2048,3845.130799978506,307200000,1.0,150000,0,sha256:92b825cb6ca6efd8c921ae328d9dcd567e5fc1cecda65d185180a168e33b45c9,14,sha256:087bbdf8f45c5e2c5c9366108c5f76fd8fb52b92129ea1997469c88a5603fcdb,150000,20260717T120435635390Z,707,mask_fragment-n150000-w2048-m1000-s707
mask_fragment,58ced0e286dfa2b04542a7873472fb4400aeb830,early_mask_fragment,2048,4098.367200000212,307200000,1.0,150000,1,sha256:1a43e0ddf8cc02438cc76d27ba1cce86da34109d2e43dcc8ed7c9d581b95b39d,14,sha256:087bbdf8f45c5e2c5c9366108c5f76fd8fb52b92129ea1997469c88a5603fcdb,150000,20260717T120435635390Z,707,mask_fragment-n150000-w2048-m1000-s707
mask_fragment,58ced0e286dfa2b04542a7873472fb4400aeb830,early_mask_fragment,2048,3697.6588999968953,307200000,1.0,150000,0,sha256:1a43e0ddf8cc02438cc76d27ba1cce86da34109d2e43dcc8ed7c9d581b95b39d,0,sha256:5af9479be4b64970fffab2fbe088002ff90887e0d2c49023793e904b1002896e,150000,20260717T120435635390Z,808,mask_fragment-n150000-w2048-m1000-s808
mask_fragment,58ced0e286dfa2b04542a7873472fb4400aeb830,late_mask_fragment,2048,4163.022900000215,307200000,1.0,150000,1,sha256:92b825cb6ca6efd8c921ae328d9dcd567e5fc1cecda65d185180a168e33b45c9,0,sha256:5af9479be4b64970fffab2fbe088002ff90887e0d2c49023793e904b1002896e,150000,20260717T120435635390Z,808,mask_fragment-n150000-w2048-m1000-s808
mask_fragment,58ced0e286dfa2b04542a7873472fb4400aeb830,late_mask_fragment,2048,4582.223400007933,307200000,1.0,150000,0,sha256:92b825cb6ca6efd8c921ae328d9dcd567e5fc1cecda65d185180a168e33b45c9,1,sha256:5af9479be4b64970fffab2fbe088002ff90887e0d2c49023793e904b1002896e,150000,20260717T120435635390Z,808,mask_fragment-n150000-w2048-m1000-s808
mask_fragment,58ced0e286dfa2b04542a7873472fb4400aeb830,early_mask_fragment,2048,3962.8351000137627,307200000,1.0,150000,1,sha256:1a43e0ddf8cc02438cc76d27ba1cce86da34109d2e43dcc8ed7c9d581b95b39d,1,sha256:5af9479be4b64970fffab2fbe088002ff90887e0d2c49023793e904b1002896e,150000,20260717T120435635390Z,808,mask_fragment-n150000-w2048-m1000-s808
mask_fragment,58ced0e286dfa2b04542a7873472fb4400aeb830,early_mask_fragment,2048,3674.0467000054196,307200000,1.0,150000,0,sha256:1a43e0ddf8cc02438cc76d27ba1cce86da34109d2e43dcc8ed7c9d581b95b39d,2,sha256:5af9479be4b64970fffab2fbe088002ff90887e0d2c49023793e904b1002896e,150000,20260717T120435635390Z,808,mask_fragment-n150000-w2048-m1000-s808
mask_fragment,58ced0e286dfa2b04542a7873472fb4400aeb830,late_mask_fragment,2048,3242.583800049033,307200000,1.0,150000,1,sha256:92b825cb6ca6efd8c921ae328d9dcd567e5fc1cecda65d185180a168e33b45c9,2,sha256:5af9479be4b64970fffab2fbe088002ff90887e0d2c49023793e904b1002896e,150000,20260717T120435635390Z,808,mask_fragment-n150000-w2048-m1000-s808
mask_fragment,58ced0e286dfa2b04542a7873472fb4400aeb830,late_mask_fragment,2048,3740.227499976754,307200000,1.0,150000,0,sha256:92b825cb6ca6efd8c921ae328d9dcd567e5fc1cecda65d185180a168e33b45c9,3,sha256:5af9479be4b64970fffab2fbe088002ff90887e0d2c49023793e904b1002896e,150000,20260717T120435635390Z,808,mask_fragment-n150000-w2048-m1000-s808
mask_fragment,58ced0e286dfa2b04542a7873472fb4400aeb830,early_mask_fragment,2048,3850.22200003732,307200000,1.0,150000,1,sha256:1a43e0ddf8cc02438cc76d27ba1cce86da34109d2e43dcc8ed7c9d581b95b39d,3,sha256:5af9479be4b64970fffab2fbe088002ff90887e0d2c49023793e904b1002896e,150000,20260717T120435635390Z,808,mask_fragment-n150000-w2048-m1000-s808
mask_fragment,58ced0e286dfa2b04542a7873472fb4400aeb830,early_mask_fragment,2048,3943.034299998544,307200000,1.0,150000,0,sha256:1a43e0ddf8cc02438cc76d27ba1cce86da34109d2e43dcc8ed7c9d581b95b39d,4,sha256:5af9479be4b64970fffab2fbe088002ff90887e0d2c49023793e904b1002896e,150000,20260717T120435635390Z,808,mask_fragment-n150000-w2048-m1000-s808
mask_fragment,58ced0e286dfa2b04542a7873472fb4400aeb830,late_mask_fragment,2048,4309.552200022154,307200000,1.0,150000,1,sha256:92b825cb6ca6efd8c921ae328d9dcd567e5fc1cecda65d185180a168e33b45c9,4,sha256:5af9479be4b64970fffab2fbe088002ff90887e0d2c49023793e904b1002896e,150000,20260717T120435635390Z,808,mask_fragment-n150000-w2048-m1000-s808
mask_fragment,58ced0e286dfa2b04542a7873472fb4400aeb830,late_mask_fragment,2048,3381.60640001297,307200000,1.0,150000,0,sha256:92b825cb6ca6efd8c921ae328d9dcd567e5fc1cecda65d185180a168e33b45c9,5,sha256:5af9479be4b64970fffab2fbe088002ff90887e0d2c49023793e904b1002896e,150000,20260717T120435635390Z,808,mask_fragment-n150000-w2048-m1000-s808
mask_fragment,58ced0e286dfa2b04542a7873472fb4400aeb830,early_mask_fragment,2048,3903.007799992338,307200000,1.0,150000,1,sha256:1a43e0ddf8cc02438cc76d27ba1cce86da34109d2e43dcc8ed7c9d581b95b39d,5,sha256:5af9479be4b64970fffab2fbe088002ff90887e0d2c49023793e904b1002896e,150000,20260717T120435635390Z,808,mask_fragment-n150000-w2048-m1000-s808
mask_fragment,58ced0e286dfa2b04542a7873472fb4400aeb830,early_mask_fragment,2048,3790.915700024925,307200000,1.0,150000,0,sha256:1a43e0ddf8cc02438cc76d27ba1cce86da34109d2e43dcc8ed7c9d581b95b39d,6,sha256:5af9479be4b64970fffab2fbe088002ff90887e0d2c49023793e904b1002896e,150000,20260717T120435635390Z,808,mask_fragment-n150000-w2048-m1000-s808
mask_fragment,58ced0e286dfa2b04542a7873472fb4400aeb830,late_mask_fragment,2048,3247.2108000074513,307200000,1.0,150000,1,sha256:92b825cb6ca6efd8c921ae328d9dcd567e5fc1cecda65d185180a168e33b45c9,6,sha256:5af9479be4b64970fffab2fbe088002ff90887e0d2c49023793e904b1002896e,150000,20260717T120435635390Z,808,mask_fragment-n150000-w2048-m1000-s808
mask_fragment,58ced0e286dfa2b04542a7873472fb4400aeb830,late_mask_fragment,2048,3249.4296000222676,307200000,1.0,150000,0,sha256:92b825cb6ca6efd8c921ae328d9dcd567e5fc1cecda65d185180a168e33b45c9,7,sha256:5af9479be4b64970fffab2fbe088002ff90887e0d2c49023793e904b1002896e,150000,20260717T120435635390Z,808,mask_fragment-n150000-w2048-m1000-s808
mask_fragment,58ced0e286dfa2b04542a7873472fb4400aeb830,early_mask_fragment,2048,3634.141299990006,307200000,1.0,150000,1,sha256:1a43e0ddf8cc02438cc76d27ba1cce86da34109d2e43dcc8ed7c9d581b95b39d,7,sha256:5af9479be4b64970fffab2fbe088002ff90887e0d2c49023793e904b1002896e,150000,20260717T120435635390Z,808,mask_fragment-n150000-w2048-m1000-s808
mask_fragment,58ced0e286dfa2b04542a7873472fb4400aeb830,early_mask_fragment,2048,3718.5662999982014,307200000,1.0,150000,0,sha256:1a43e0ddf8cc02438cc76d27ba1cce86da34109d2e43dcc8ed7c9d581b95b39d,8,sha256:5af9479be4b64970fffab2fbe088002ff90887e0d2c49023793e904b1002896e,150000,20260717T120435635390Z,808,mask_fragment-n150000-w2048-m1000-s808
mask_fragment,58ced0e286dfa2b04542a7873472fb4400aeb830,late_mask_fragment,2048,4408.795199997257,307200000,1.0,150000,1,sha256:92b825cb6ca6efd8c921ae328d9dcd567e5fc1cecda65d185180a168e33b45c9,8,sha256:5af9479be4b64970fffab2fbe088002ff90887e0d2c49023793e904b1002896e,150000,20260717T120435635390Z,808,mask_fragment-n150000-w2048-m1000-s808
mask_fragment,58ced0e286dfa2b04542a7873472fb4400aeb830,late_mask_fragment,2048,3953.4097999567166,307200000,1.0,150000,0,sha256:92b825cb6ca6efd8c921ae328d9dcd567e5fc1cecda65d185180a168e33b45c9,9,sha256:5af9479be4b64970fffab2fbe088002ff90887e0d2c49023793e904b1002896e,150000,20260717T120435635390Z,808,mask_fragment-n150000-w2048-m1000-s808
mask_fragment,58ced0e286dfa2b04542a7873472fb4400aeb830,early_mask_fragment,2048,3921.3634000043385,307200000,1.0,150000,1,sha256:1a43e0ddf8cc02438cc76d27ba1cce86da34109d2e43dcc8ed7c9d581b95b39d,9,sha256:5af9479be4b64970fffab2fbe088002ff90887e0d2c49023793e904b1002896e,150000,20260717T120435635390Z,808,mask_fragment-n150000-w2048-m1000-s808
mask_fragment,58ced0e286dfa2b04542a7873472fb4400aeb830,early_mask_fragment,2048,3855.869899969548,307200000,1.0,150000,0,sha256:1a43e0ddf8cc02438cc76d27ba1cce86da34109d2e43dcc8ed7c9d581b95b39d,10,sha256:5af9479be4b64970fffab2fbe088002ff90887e0d2c49023793e904b1002896e,150000,20260717T120435635390Z,808,mask_fragment-n150000-w2048-m1000-s808
mask_fragment,58ced0e286dfa2b04542a7873472fb4400aeb830,late_mask_fragment,2048,3830.658900027629,307200000,1.0,150000,1,sha256:92b825cb6ca6efd8c921ae328d9dcd567e5fc1cecda65d185180a168e33b45c9,10,sha256:5af9479be4b64970fffab2fbe088002ff90887e0d2c49023793e904b1002896e,150000,20260717T120435635390Z,808,mask_fragment-n150000-w2048-m1000-s808
mask_fragment,58ced0e286dfa2b04542a7873472fb4400aeb830,late_mask_fragment,2048,3306.426399969496,307200000,1.0,150000,0,sha256:92b825cb6ca6efd8c921ae328d9dcd567e5fc1cecda65d185180a168e33b45c9,11,sha256:5af9479be4b64970fffab2fbe088002ff90887e0d2c49023793e904b1002896e,150000,20260717T120435635390Z,808,mask_fragment-n150000-w2048-m1000-s808
mask_fragment,58ced0e286dfa2b04542a7873472fb4400aeb830,early_mask_fragment,2048,4373.56830004137,307200000,1.0,150000,1,sha256:1a43e0ddf8cc02438cc76d27ba1cce86da34109d2e43dcc8ed7c9d581b95b39d,11,sha256:5af9479be4b64970fffab2fbe088002ff90887e0d2c49023793e904b1002896e,150000,20260717T120435635390Z,808,mask_fragment-n150000-w2048-m1000-s808
mask_fragment,58ced0e286dfa2b04542a7873472fb4400aeb830,early_mask_fragment,2048,4967.488299997058,307200000,1.0,150000,0,sha256:1a43e0ddf8cc02438cc76d27ba1cce86da34109d2e43dcc8ed7c9d581b95b39d,12,sha256:5af9479be4b64970fffab2fbe088002ff90887e0d2c49023793e904b1002896e,150000,20260717T120435635390Z,808,mask_fragment-n150000-w2048-m1000-s808
mask_fragment,58ced0e286dfa2b04542a7873472fb4400aeb830,late_mask_fragment,2048,4162.006099999417,307200000,1.0,150000,1,sha256:92b825cb6ca6efd8c921ae328d9dcd567e5fc1cecda65d185180a168e33b45c9,12,sha256:5af9479be4b64970fffab2fbe088002ff90887e0d2c49023793e904b1002896e,150000,20260717T120435635390Z,808,mask_fragment-n150000-w2048-m1000-s808
mask_fragment,58ced0e286dfa2b04542a7873472fb4400aeb830,late_mask_fragment,2048,4132.793599972501,307200000,1.0,150000,0,sha256:92b825cb6ca6efd8c921ae328d9dcd567e5fc1cecda65d185180a168e33b45c9,13,sha256:5af9479be4b64970fffab2fbe088002ff90887e0d2c49023793e904b1002896e,150000,20260717T120435635390Z,808,mask_fragment-n150000-w2048-m1000-s808
mask_fragment,58ced0e286dfa2b04542a7873472fb4400aeb830,early_mask_fragment,2048,3903.0689999926835,307200000,1.0,150000,1,sha256:1a43e0ddf8cc02438cc76d27ba1cce86da34109d2e43dcc8ed7c9d581b95b39d,13,sha256:5af9479be4b64970fffab2fbe088002ff90887e0d2c49023793e904b1002896e,150000,20260717T120435635390Z,808,mask_fragment-n150000-w2048-m1000-s808
mask_fragment,58ced0e286dfa2b04542a7873472fb4400aeb830,early_mask_fragment,2048,3723.088299972005,307200000,1.0,150000,0,sha256:1a43e0ddf8cc02438cc76d27ba1cce86da34109d2e43dcc8ed7c9d581b95b39d,14,sha256:5af9479be4b64970fffab2fbe088002ff90887e0d2c49023793e904b1002896e,150000,20260717T120435635390Z,808,mask_fragment-n150000-w2048-m1000-s808
mask_fragment,58ced0e286dfa2b04542a7873472fb4400aeb830,late_mask_fragment,2048,3787.483300024178,307200000,1.0,150000,1,sha256:92b825cb6ca6efd8c921ae328d9dcd567e5fc1cecda65d185180a168e33b45c9,14,sha256:5af9479be4b64970fffab2fbe088002ff90887e0d2c49023793e904b1002896e,150000,20260717T120435635390Z,808,mask_fragment-n150000-w2048-m1000-s808
mask_fragment,58ced0e286dfa2b04542a7873472fb4400aeb830,early_mask_fragment,2048,3888.4850000031292,307200000,1.0,150000,0,sha256:1a43e0ddf8cc02438cc76d27ba1cce86da34109d2e43dcc8ed7c9d581b95b39d,0,sha256:99418ca6f4decf6785ba33c93c056f19d99baa5e437b3cc24310376d61c37648,150000,20260717T120435635390Z,909,mask_fragment-n150000-w2048-m1000-s909
mask_fragment,58ced0e286dfa2b04542a7873472fb4400aeb830,late_mask_fragment,2048,4370.526399987284,307200000,1.0,150000,1,sha256:92b825cb6ca6efd8c921ae328d9dcd567e5fc1cecda65d185180a168e33b45c9,0,sha256:99418ca6f4decf6785ba33c93c056f19d99baa5e437b3cc24310376d61c37648,150000,20260717T120435635390Z,909,mask_fragment-n150000-w2048-m1000-s909
mask_fragment,58ced0e286dfa2b04542a7873472fb4400aeb830,late_mask_fragment,2048,3698.136900027748,307200000,1.0,150000,0,sha256:92b825cb6ca6efd8c921ae328d9dcd567e5fc1cecda65d185180a168e33b45c9,1,sha256:99418ca6f4decf6785ba33c93c056f19d99baa5e437b3cc24310376d61c37648,150000,20260717T120435635390Z,909,mask_fragment-n150000-w2048-m1000-s909
mask_fragment,58ced0e286dfa2b04542a7873472fb4400aeb830,early_mask_fragment,2048,4584.971900039818,307200000,1.0,150000,1,sha256:1a43e0ddf8cc02438cc76d27ba1cce86da34109d2e43dcc8ed7c9d581b95b39d,1,sha256:99418ca6f4decf6785ba33c93c056f19d99baa5e437b3cc24310376d61c37648,150000,20260717T120435635390Z,909,mask_fragment-n150000-w2048-m1000-s909
mask_fragment,58ced0e286dfa2b04542a7873472fb4400aeb830,early_mask_fragment,2048,3998.8007999490947,307200000,1.0,150000,0,sha256:1a43e0ddf8cc02438cc76d27ba1cce86da34109d2e43dcc8ed7c9d581b95b39d,2,sha256:99418ca6f4decf6785ba33c93c056f19d99baa5e437b3cc24310376d61c37648,150000,20260717T120435635390Z,909,mask_fragment-n150000-w2048-m1000-s909
mask_fragment,58ced0e286dfa2b04542a7873472fb4400aeb830,late_mask_fragment,2048,4810.388999991119,307200000,1.0,150000,1,sha256:92b825cb6ca6efd8c921ae328d9dcd567e5fc1cecda65d185180a168e33b45c9,2,sha256:99418ca6f4decf6785ba33c93c056f19d99baa5e437b3cc24310376d61c37648,150000,20260717T120435635390Z,909,mask_fragment-n150000-w2048-m1000-s909
mask_fragment,58ced0e286dfa2b04542a7873472fb4400aeb830,late_mask_fragment,2048,3720.732100016903,307200000,1.0,150000,0,sha256:92b825cb6ca6efd8c921ae328d9dcd567e5fc1cecda65d185180a168e33b45c9,3,sha256:99418ca6f4decf6785ba33c93c056f19d99baa5e437b3cc24310376d61c37648,150000,20260717T120435635390Z,909,mask_fragment-n150000-w2048-m1000-s909
mask_fragment,58ced0e286dfa2b04542a7873472fb4400aeb830,early_mask_fragment,2048,3666.7270999751054,307200000,1.0,150000,1,sha256:1a43e0ddf8cc02438cc76d27ba1cce86da34109d2e43dcc8ed7c9d581b95b39d,3,sha256:99418ca6f4decf6785ba33c93c056f19d99baa5e437b3cc24310376d61c37648,150000,20260717T120435635390Z,909,mask_fragment-n150000-w2048-m1000-s909
mask_fragment,58ced0e286dfa2b04542a7873472fb4400aeb830,early_mask_fragment,2048,3428.2208000076935,307200000,1.0,150000,0,sha256:1a43e0ddf8cc02438cc76d27ba1cce86da34109d2e43dcc8ed7c9d581b95b39d,4,sha256:99418ca6f4decf6785ba33c93c056f19d99baa5e437b3cc24310376d61c37648,150000,20260717T120435635390Z,909,mask_fragment-n150000-w2048-m1000-s909
mask_fragment,58ced0e286dfa2b04542a7873472fb4400aeb830,late_mask_fragment,2048,3918.2985000079498,307200000,1.0,150000,1,sha256:92b825cb6ca6efd8c921ae328d9dcd567e5fc1cecda65d185180a168e33b45c9,4,sha256:99418ca6f4decf6785ba33c93c056f19d99baa5e437b3cc24310376d61c37648,150000,20260717T120435635390Z,909,mask_fragment-n150000-w2048-m1000-s909
mask_fragment,58ced0e286dfa2b04542a7873472fb4400aeb830,late_mask_fragment,2048,4787.728499970399,307200000,1.0,150000,0,sha256:92b825cb6ca6efd8c921ae328d9dcd567e5fc1cecda65d185180a168e33b45c9,5,sha256:99418ca6f4decf6785ba33c93c056f19d99baa5e437b3cc24310376d61c37648,150000,20260717T120435635390Z,909,mask_fragment-n150000-w2048-m1000-s909
mask_fragment,58ced0e286dfa2b04542a7873472fb4400aeb830,early_mask_fragment,2048,3379.249899997376,307200000,1.0,150000,1,sha256:1a43e0ddf8cc02438cc76d27ba1cce86da34109d2e43dcc8ed7c9d581b95b39d,5,sha256:99418ca6f4decf6785ba33c93c056f19d99baa5e437b3cc24310376d61c37648,150000,20260717T120435635390Z,909,mask_fragment-n150000-w2048-m1000-s909
mask_fragment,58ced0e286dfa2b04542a7873472fb4400aeb830,early_mask_fragment,2048,3778.9464999805205,307200000,1.0,150000,0,sha256:1a43e0ddf8cc02438cc76d27ba1cce86da34109d2e43dcc8ed7c9d581b95b39d,6,sha256:99418ca6f4decf6785ba33c93c056f19d99baa5e437b3cc24310376d61c37648,150000,20260717T120435635390Z,909,mask_fragment-n150000-w2048-m1000-s909
mask_fragment,58ced0e286dfa2b04542a7873472fb4400aeb830,late_mask_fragment,2048,3198.0058000190184,307200000,1.0,150000,1,sha256:92b825cb6ca6efd8c921ae328d9dcd567e5fc1cecda65d185180a168e33b45c9,6,sha256:99418ca6f4decf6785ba33c93c056f19d99baa5e437b3cc24310376d61c37648,150000,20260717T120435635390Z,909,mask_fragment-n150000-w2048-m1000-s909
mask_fragment,58ced0e286dfa2b04542a7873472fb4400aeb830,late_mask_fragment,2048,3877.778700029012,307200000,1.0,150000,0,sha256:92b825cb6ca6efd8c921ae328d9dcd567e5fc1cecda65d185180a168e33b45c9,7,sha256:99418ca6f4decf6785ba33c93c056f19d99baa5e437b3cc24310376d61c37648,150000,20260717T120435635390Z,909,mask_fragment-n150000-w2048-m1000-s909
mask_fragment,58ced0e286dfa2b04542a7873472fb4400aeb830,early_mask_fragment,2048,3810.52020000061,307200000,1.0,150000,1,sha256:1a43e0ddf8cc02438cc76d27ba1cce86da34109d2e43dcc8ed7c9d581b95b39d,7,sha256:99418ca6f4decf6785ba33c93c056f19d99baa5e437b3cc24310376d61c37648,150000,20260717T120435635390Z,909,mask_fragment-n150000-w2048-m1000-s909
mask_fragment,58ced0e286dfa2b04542a7873472fb4400aeb830,early_mask_fragment,2048,4479.525900038425,307200000,1.0,150000,0,sha256:1a43e0ddf8cc02438cc76d27ba1cce86da34109d2e43dcc8ed7c9d581b95b39d,8,sha256:99418ca6f4decf6785ba33c93c056f19d99baa5e437b3cc24310376d61c37648,150000,20260717T120435635390Z,909,mask_fragment-n150000-w2048-m1000-s909
mask_fragment,58ced0e286dfa2b04542a7873472fb4400aeb830,late_mask_fragment,2048,4269.686400017235,307200000,1.0,150000,1,sha256:92b825cb6ca6efd8c921ae328d9dcd567e5fc1cecda65d185180a168e33b45c9,8,sha256:99418ca6f4decf6785ba33c93c056f19d99baa5e437b3cc24310376d61c37648,150000,20260717T120435635390Z,909,mask_fragment-n150000-w2048-m1000-s909
mask_fragment,58ced0e286dfa2b04542a7873472fb4400aeb830,late_mask_fragment,2048,3528.896400006488,307200000,1.0,150000,0,sha256:92b825cb6ca6efd8c921ae328d9dcd567e5fc1cecda65d185180a168e33b45c9,9,sha256:99418ca6f4decf6785ba33c93c056f19d99baa5e437b3cc24310376d61c37648,150000,20260717T120435635390Z,909,mask_fragment-n150000-w2048-m1000-s909
mask_fragment,58ced0e286dfa2b04542a7873472fb4400aeb830,early_mask_fragment,2048,3804.9147999845445,307200000,1.0,150000,1,sha256:1a43e0ddf8cc02438cc76d27ba1cce86da34109d2e43dcc8ed7c9d581b95b39d,9,sha256:99418ca6f4decf6785ba33c93c056f19d99baa5e437b3cc24310376d61c37648,150000,20260717T120435635390Z,909,mask_fragment-n150000-w2048-m1000-s909
mask_fragment,58ced0e286dfa2b04542a7873472fb4400aeb830,early_mask_fragment,2048,3877.5087000103667,307200000,1.0,150000,0,sha256:1a43e0ddf8cc02438cc76d27ba1cce86da34109d2e43dcc8ed7c9d581b95b39d,10,sha256:99418ca6f4decf6785ba33c93c056f19d99baa5e437b3cc24310376d61c37648,150000,20260717T120435635390Z,909,mask_fragment-n150000-w2048-m1000-s909
mask_fragment,58ced0e286dfa2b04542a7873472fb4400aeb830,late_mask_fragment,2048,3403.4129000501707,307200000,1.0,150000,1,sha256:92b825cb6ca6efd8c921ae328d9dcd567e5fc1cecda65d185180a168e33b45c9,10,sha256:99418ca6f4decf6785ba33c93c056f19d99baa5e437b3cc24310376d61c37648,150000,20260717T120435635390Z,909,mask_fragment-n150000-w2048-m1000-s909
mask_fragment,58ced0e286dfa2b04542a7873472fb4400aeb830,late_mask_fragment,2048,3211.738099984359,307200000,1.0,150000,0,sha256:92b825cb6ca6efd8c921ae328d9dcd567e5fc1cecda65d185180a168e33b45c9,11,sha256:99418ca6f4decf6785ba33c93c056f19d99baa5e437b3cc24310376d61c37648,150000,20260717T120435635390Z,909,mask_fragment-n150000-w2048-m1000-s909
mask_fragment,58ced0e286dfa2b04542a7873472fb4400aeb830,early_mask_fragment,2048,3752.885799971409,307200000,1.0,150000,1,sha256:1a43e0ddf8cc02438cc76d27ba1cce86da34109d2e43dcc8ed7c9d581b95b39d,11,sha256:99418ca6f4decf6785ba33c93c056f19d99baa5e437b3cc24310376d61c37648,150000,20260717T120435635390Z,909,mask_fragment-n150000-w2048-m1000-s909
mask_fragment,58ced0e286dfa2b04542a7873472fb4400aeb830,early_mask_fragment,2048,3319.457000005059,307200000,1.0,150000,0,sha256:1a43e0ddf8cc02438cc76d27ba1cce86da34109d2e43dcc8ed7c9d581b95b39d,12,sha256:99418ca6f4decf6785ba33c93c056f19d99baa5e437b3cc24310376d61c37648,150000,20260717T120435635390Z,909,mask_fragment-n150000-w2048-m1000-s909
mask_fragment,58ced0e286dfa2b04542a7873472fb4400aeb830,late_mask_fragment,2048,4388.734200038016,307200000,1.0,150000,1,sha256:92b825cb6ca6efd8c921ae328d9dcd567e5fc1cecda65d185180a168e33b45c9,12,sha256:99418ca6f4decf6785ba33c93c056f19d99baa5e437b3cc24310376d61c37648,150000,20260717T120435635390Z,909,mask_fragment-n150000-w2048-m1000-s909
mask_fragment,58ced0e286dfa2b04542a7873472fb4400aeb830,late_mask_fragment,2048,4424.339300021529,307200000,1.0,150000,0,sha256:92b825cb6ca6efd8c921ae328d9dcd567e5fc1cecda65d185180a168e33b45c9,13,sha256:99418ca6f4decf6785ba33c93c056f19d99baa5e437b3cc24310376d61c37648,150000,20260717T120435635390Z,909,mask_fragment-n150000-w2048-m1000-s909
mask_fragment,58ced0e286dfa2b04542a7873472fb4400aeb830,early_mask_fragment,2048,3886.181999987457,307200000,1.0,150000,1,sha256:1a43e0ddf8cc02438cc76d27ba1cce86da34109d2e43dcc8ed7c9d581b95b39d,13,sha256:99418ca6f4decf6785ba33c93c056f19d99baa5e437b3cc24310376d61c37648,150000,20260717T120435635390Z,909,mask_fragment-n150000-w2048-m1000-s909
mask_fragment,58ced0e286dfa2b04542a7873472fb4400aeb830,early_mask_fragment,2048,3819.5326999993995,307200000,1.0,150000,0,sha256:1a43e0ddf8cc02438cc76d27ba1cce86da34109d2e43dcc8ed7c9d581b95b39d,14,sha256:99418ca6f4decf6785ba33c93c056f19d99baa5e437b3cc24310376d61c37648,150000,20260717T120435635390Z,909,mask_fragment-n150000-w2048-m1000-s909
mask_fragment,58ced0e286dfa2b04542a7873472fb4400aeb830,late_mask_fragment,2048,3296.3004000484943,307200000,1.0,150000,1,sha256:92b825cb6ca6efd8c921ae328d9dcd567e5fc1cecda65d185180a168e33b45c9,14,sha256:99418ca6f4decf6785ba33c93c056f19d99baa5e437b3cc24310376d61c37648,150000,20260717T120435635390Z,909,mask_fragment-n150000-w2048-m1000-s909
mask_fragment,58ced0e286dfa2b04542a7873472fb4400aeb830,early_mask_fragment,256,807.6943000196479,38400000,0.1,15000,0,sha256:1a43e0ddf8cc02438cc76d27ba1cce86da34109d2e43dcc8ed7c9d581b95b39d,0,sha256:4fd9f50efd123eaade788b5983629c5b2d545a04106443d9d7d8a69020c628c1,150000,20260717T120435635390Z,707,mask_fragment-n150000-w256-m0100-s707
mask_fragment,58ced0e286dfa2b04542a7873472fb4400aeb830,late_mask_fragment,256,84.2549999943003,38400000,0.1,15000,1,sha256:18bd7fb3b6d02ff88c53bf4a74124c631590d7e276f031a9034dc7f9cb857902,0,sha256:4fd9f50efd123eaade788b5983629c5b2d545a04106443d9d7d8a69020c628c1,150000,20260717T120435635390Z,707,mask_fragment-n150000-w256-m0100-s707
mask_fragment,58ced0e286dfa2b04542a7873472fb4400aeb830,late_mask_fragment,256,98.53600000496954,38400000,0.1,15000,0,sha256:18bd7fb3b6d02ff88c53bf4a74124c631590d7e276f031a9034dc7f9cb857902,1,sha256:4fd9f50efd123eaade788b5983629c5b2d545a04106443d9d7d8a69020c628c1,150000,20260717T120435635390Z,707,mask_fragment-n150000-w256-m0100-s707
mask_fragment,58ced0e286dfa2b04542a7873472fb4400aeb830,early_mask_fragment,256,606.0864999890327,38400000,0.1,15000,1,sha256:1a43e0ddf8cc02438cc76d27ba1cce86da34109d2e43dcc8ed7c9d581b95b39d,1,sha256:4fd9f50efd123eaade788b5983629c5b2d545a04106443d9d7d8a69020c628c1,150000,20260717T120435635390Z,707,mask_fragment-n150000-w256-m0100-s707
mask_fragment,58ced0e286dfa2b04542a7873472fb4400aeb830,early_mask_fragment,256,605.359299981501,38400000,0.1,15000,0,sha256:1a43e0ddf8cc02438cc76d27ba1cce86da34109d2e43dcc8ed7c9d581b95b39d,2,sha256:4fd9f50efd123eaade788b5983629c5b2d545a04106443d9d7d8a69020c628c1,150000,20260717T120435635390Z,707,mask_fragment-n150000-w256-m0100-s707
mask_fragment,58ced0e286dfa2b04542a7873472fb4400aeb830,late_mask_fragment,256,91.41830005683005,38400000,0.1,15000,1,sha256:18bd7fb3b6d02ff88c53bf4a74124c631590d7e276f031a9034dc7f9cb857902,2,sha256:4fd9f50efd123eaade788b5983629c5b2d545a04106443d9d7d8a69020c628c1,150000,20260717T120435635390Z,707,mask_fragment-n150000-w256-m0100-s707
mask_fragment,58ced0e286dfa2b04542a7873472fb4400aeb830,late_mask_fragment,256,86.44939999794587,38400000,0.1,15000,0,sha256:18bd7fb3b6d02ff88c53bf4a74124c631590d7e276f031a9034dc7f9cb857902,3,sha256:4fd9f50efd123eaade788b5983629c5b2d545a04106443d9d7d8a69020c628c1,150000,20260717T120435635390Z,707,mask_fragment-n150000-w256-m0100-s707
mask_fragment,58ced0e286dfa2b04542a7873472fb4400aeb830,early_mask_fragment,256,615.8585000084713,38400000,0.1,15000,1,sha256:1a43e0ddf8cc02438cc76d27ba1cce86da34109d2e43dcc8ed7c9d581b95b39d,3,sha256:4fd9f50efd123eaade788b5983629c5b2d545a04106443d9d7d8a69020c628c1,150000,20260717T120435635390Z,707,mask_fragment-n150000-w256-m0100-s707
mask_fragment,58ced0e286dfa2b04542a7873472fb4400aeb830,early_mask_fragment,256,649.8756000073627,38400000,0.1,15000,0,sha256:1a43e0ddf8cc02438cc76d27ba1cce86da34109d2e43dcc8ed7c9d581b95b39d,4,sha256:4fd9f50efd123eaade788b5983629c5b2d545a04106443d9d7d8a69020c628c1,150000,20260717T120435635390Z,707,mask_fragment-n150000-w256-m0100-s707
mask_fragment,58ced0e286dfa2b04542a7873472fb4400aeb830,late_mask_fragment,256,119.4759999634698,38400000,0.1,15000,1,sha256:18bd7fb3b6d02ff88c53bf4a74124c631590d7e276f031a9034dc7f9cb857902,4,sha256:4fd9f50efd123eaade788b5983629c5b2d545a04106443d9d7d8a69020c628c1,150000,20260717T120435635390Z,707,mask_fragment-n150000-w256-m0100-s707
mask_fragment,58ced0e286dfa2b04542a7873472fb4400aeb830,late_mask_fragment,256,82.50479999696836,38400000,0.1,15000,0,sha256:18bd7fb3b6d02ff88c53bf4a74124c631590d7e276f031a9034dc7f9cb857902,5,sha256:4fd9f50efd123eaade788b5983629c5b2d545a04106443d9d7d8a69020c628c1,150000,20260717T120435635390Z,707,mask_fragment-n150000-w256-m0100-s707
mask_fragment,58ced0e286dfa2b04542a7873472fb4400aeb830,early_mask_fragment,256,611.3057999755256,38400000,0.1,15000,1,sha256:1a43e0ddf8cc02438cc76d27ba1cce86da34109d2e43dcc8ed7c9d581b95b39d,5,sha256:4fd9f50efd123eaade788b5983629c5b2d545a04106443d9d7d8a69020c628c1,150000,20260717T120435635390Z,707,mask_fragment-n150000-w256-m0100-s707
mask_fragment,58ced0e286dfa2b04542a7873472fb4400aeb830,early_mask_fragment,256,720.1900000218302,38400000,0.1,15000,0,sha256:1a43e0ddf8cc02438cc76d27ba1cce86da34109d2e43dcc8ed7c9d581b95b39d,6,sha256:4fd9f50efd123eaade788b5983629c5b2d545a04106443d9d7d8a69020c628c1,150000,20260717T120435635390Z,707,mask_fragment-n150000-w256-m0100-s707
mask_fragment,58ced0e286dfa2b04542a7873472fb4400aeb830,late_mask_fragment,256,203.27050000196323,38400000,0.1,15000,1,sha256:18bd7fb3b6d02ff88c53bf4a74124c631590d7e276f031a9034dc7f9cb857902,6,sha256:4fd9f50efd123eaade788b5983629c5b2d545a04106443d9d7d8a69020c628c1,150000,20260717T120435635390Z,707,mask_fragment-n150000-w256-m0100-s707
mask_fragment,58ced0e286dfa2b04542a7873472fb4400aeb830,late_mask_fragment,256,114.71789999632165,38400000,0.1,15000,0,sha256:18bd7fb3b6d02ff88c53bf4a74124c631590d7e276f031a9034dc7f9cb857902,7,sha256:4fd9f50efd123eaade788b5983629c5b2d545a04106443d9d7d8a69020c628c1,150000,20260717T120435635390Z,707,mask_fragment-n150000-w256-m0100-s707
mask_fragment,58ced0e286dfa2b04542a7873472fb4400aeb830,early_mask_fragment,256,705.2641000482254,38400000,0.1,15000,1,sha256:1a43e0ddf8cc02438cc76d27ba1cce86da34109d2e43dcc8ed7c9d581b95b39d,7,sha256:4fd9f50efd123eaade788b5983629c5b2d545a04106443d9d7d8a69020c628c1,150000,20260717T120435635390Z,707,mask_fragment-n150000-w256-m0100-s707
mask_fragment,58ced0e286dfa2b04542a7873472fb4400aeb830,early_mask_fragment,256,704.1231999755837,38400000,0.1,15000,0,sha256:1a43e0ddf8cc02438cc76d27ba1cce86da34109d2e43dcc8ed7c9d581b95b39d,8,sha256:4fd9f50efd123eaade788b5983629c5b2d545a04106443d9d7d8a69020c628c1,150000,20260717T120435635390Z,707,mask_fragment-n150000-w256-m0100-s707
mask_fragment,58ced0e286dfa2b04542a7873472fb4400aeb830,late_mask_fragment,256,95.90239997487515,38400000,0.1,15000,1,sha256:18bd7fb3b6d02ff88c53bf4a74124c631590d7e276f031a9034dc7f9cb857902,8,sha256:4fd9f50efd123eaade788b5983629c5b2d545a04106443d9d7d8a69020c628c1,150000,20260717T120435635390Z,707,mask_fragment-n150000-w256-m0100-s707
mask_fragment,58ced0e286dfa2b04542a7873472fb4400aeb830,late_mask_fragment,256,99.234199966304,38400000,0.1,15000,0,sha256:18bd7fb3b6d02ff88c53bf4a74124c631590d7e276f031a9034dc7f9cb857902,9,sha256:4fd9f50efd123eaade788b5983629c5b2d545a04106443d9d7d8a69020c628c1,150000,20260717T120435635390Z,707,mask_fragment-n150000-w256-m0100-s707
mask_fragment,58ced0e286dfa2b04542a7873472fb4400aeb830,early_mask_fragment,256,634.2090999823995,38400000,0.1,15000,1,sha256:1a43e0ddf8cc02438cc76d27ba1cce86da34109d2e43dcc8ed7c9d581b95b39d,9,sha256:4fd9f50efd123eaade788b5983629c5b2d545a04106443d9d7d8a69020c628c1,150000,20260717T120435635390Z,707,mask_fragment-n150000-w256-m0100-s707
mask_fragment,58ced0e286dfa2b04542a7873472fb4400aeb830,early_mask_fragment,256,589.8443999467418,38400000,0.1,15000,0,sha256:1a43e0ddf8cc02438cc76d27ba1cce86da34109d2e43dcc8ed7c9d581b95b39d,10,sha256:4fd9f50efd123eaade788b5983629c5b2d545a04106443d9d7d8a69020c628c1,150000,20260717T120435635390Z,707,mask_fragment-n150000-w256-m0100-s707
mask_fragment,58ced0e286dfa2b04542a7873472fb4400aeb830,late_mask_fragment,256,117.68009996740147,38400000,0.1,15000,1,sha256:18bd7fb3b6d02ff88c53bf4a74124c631590d7e276f031a9034dc7f9cb857902,10,sha256:4fd9f50efd123eaade788b5983629c5b2d545a04106443d9d7d8a69020c628c1,150000,20260717T120435635390Z,707,mask_fragment-n150000-w256-m0100-s707
mask_fragment,58ced0e286dfa2b04542a7873472fb4400aeb830,late_mask_fragment,256,79.82530002482235,38400000,0.1,15000,0,sha256:18bd7fb3b6d02ff88c53bf4a74124c631590d7e276f031a9034dc7f9cb857902,11,sha256:4fd9f50efd123eaade788b5983629c5b2d545a04106443d9d7d8a69020c628c1,150000,20260717T120435635390Z,707,mask_fragment-n150000-w256-m0100-s707
mask_fragment,58ced0e286dfa2b04542a7873472fb4400aeb830,early_mask_fragment,256,1805.0492000184022,38400000,0.1,15000,1,sha256:1a43e0ddf8cc02438cc76d27ba1cce86da34109d2e43dcc8ed7c9d581b95b39d,11,sha256:4fd9f50efd123eaade788b5983629c5b2d545a04106443d9d7d8a69020c628c1,150000,20260717T120435635390Z,707,mask_fragment-n150000-w256-m0100-s707
mask_fragment,58ced0e286dfa2b04542a7873472fb4400aeb830,early_mask_fragment,256,579.1743000154383,38400000,0.1,15000,0,sha256:1a43e0ddf8cc02438cc76d27ba1cce86da34109d2e43dcc8ed7c9d581b95b39d,12,sha256:4fd9f50efd123eaade788b5983629c5b2d545a04106443d9d7d8a69020c628c1,150000,20260717T120435635390Z,707,mask_fragment-n150000-w256-m0100-s707
mask_fragment,58ced0e286dfa2b04542a7873472fb4400aeb830,late_mask_fragment,256,84.46709997951984,38400000,0.1,15000,1,sha256:18bd7fb3b6d02ff88c53bf4a74124c631590d7e276f031a9034dc7f9cb857902,12,sha256:4fd9f50efd123eaade788b5983629c5b2d545a04106443d9d7d8a69020c628c1,150000,20260717T120435635390Z,707,mask_fragment-n150000-w256-m0100-s707
mask_fragment,58ced0e286dfa2b04542a7873472fb4400aeb830,late_mask_fragment,256,84.19180003693327,38400000,0.1,15000,0,sha256:18bd7fb3b6d02ff88c53bf4a74124c631590d7e276f031a9034dc7f9cb857902,13,sha256:4fd9f50efd123eaade788b5983629c5b2d545a04106443d9d7d8a69020c628c1,150000,20260717T120435635390Z,707,mask_fragment-n150000-w256-m0100-s707
mask_fragment,58ced0e286dfa2b04542a7873472fb4400aeb830,early_mask_fragment,256,695.9390999982134,38400000,0.1,15000,1,sha256:1a43e0ddf8cc02438cc76d27ba1cce86da34109d2e43dcc8ed7c9d581b95b39d,13,sha256:4fd9f50efd123eaade788b5983629c5b2d545a04106443d9d7d8a69020c628c1,150000,20260717T120435635390Z,707,mask_fragment-n150000-w256-m0100-s707
mask_fragment,58ced0e286dfa2b04542a7873472fb4400aeb830,early_mask_fragment,256,711.7098000016995,38400000,0.1,15000,0,sha256:1a43e0ddf8cc02438cc76d27ba1cce86da34109d2e43dcc8ed7c9d581b95b39d,14,sha256:4fd9f50efd123eaade788b5983629c5b2d545a04106443d9d7d8a69020c628c1,150000,20260717T120435635390Z,707,mask_fragment-n150000-w256-m0100-s707
mask_fragment,58ced0e286dfa2b04542a7873472fb4400aeb830,late_mask_fragment,256,96.02429997175932,38400000,0.1,15000,1,sha256:18bd7fb3b6d02ff88c53bf4a74124c631590d7e276f031a9034dc7f9cb857902,14,sha256:4fd9f50efd123eaade788b5983629c5b2d545a04106443d9d7d8a69020c628c1,150000,20260717T120435635390Z,707,mask_fragment-n150000-w256-m0100-s707
mask_fragment,58ced0e286dfa2b04542a7873472fb4400aeb830,late_mask_fragment,256,102.16549999313429,38400000,0.1,15000,0,sha256:18bd7fb3b6d02ff88c53bf4a74124c631590d7e276f031a9034dc7f9cb857902,0,sha256:fffce7e4a562658ce65d3c764b482636f495c6e30a1582121ea38fd4ec5b96c3,150000,20260717T120435635390Z,808,mask_fragment-n150000-w256-m0100-s808
mask_fragment,58ced0e286dfa2b04542a7873472fb4400aeb830,early_mask_fragment,256,714.9030999862589,38400000,0.1,15000,1,sha256:1a43e0ddf8cc02438cc76d27ba1cce86da34109d2e43dcc8ed7c9d581b95b39d,0,sha256:fffce7e4a562658ce65d3c764b482636f495c6e30a1582121ea38fd4ec5b96c3,150000,20260717T120435635390Z,808,mask_fragment-n150000-w256-m0100-s808
mask_fragment,58ced0e286dfa2b04542a7873472fb4400aeb830,early_mask_fragment,256,750.9533999837004,38400000,0.1,15000,0,sha256:1a43e0ddf8cc02438cc76d27ba1cce86da34109d2e43dcc8ed7c9d581b95b39d,1,sha256:fffce7e4a562658ce65d3c764b482636f495c6e30a1582121ea38fd4ec5b96c3,150000,20260717T120435635390Z,808,mask_fragment-n150000-w256-m0100-s808
mask_fragment,58ced0e286dfa2b04542a7873472fb4400aeb830,late_mask_fragment,256,111.26490001333877,38400000,0.1,15000,1,sha256:18bd7fb3b6d02ff88c53bf4a74124c631590d7e276f031a9034dc7f9cb857902,1,sha256:fffce7e4a562658ce65d3c764b482636f495c6e30a1582121ea38fd4ec5b96c3,150000,20260717T120435635390Z,808,mask_fragment-n150000-w256-m0100-s808
mask_fragment,58ced0e286dfa2b04542a7873472fb4400aeb830,late_mask_fragment,256,100.28709995094687,38400000,0.1,15000,0,sha256:18bd7fb3b6d02ff88c53bf4a74124c631590d7e276f031a9034dc7f9cb857902,2,sha256:fffce7e4a562658ce65d3c764b482636f495c6e30a1582121ea38fd4ec5b96c3,150000,20260717T120435635390Z,808,mask_fragment-n150000-w256-m0100-s808
mask_fragment,58ced0e286dfa2b04542a7873472fb4400aeb830,early_mask_fragment,256,628.0002000275999,38400000,0.1,15000,1,sha256:1a43e0ddf8cc02438cc76d27ba1cce86da34109d2e43dcc8ed7c9d581b95b39d,2,sha256:fffce7e4a562658ce65d3c764b482636f495c6e30a1582121ea38fd4ec5b96c3,150000,20260717T120435635390Z,808,mask_fragment-n150000-w256-m0100-s808
mask_fragment,58ced0e286dfa2b04542a7873472fb4400aeb830,early_mask_fragment,256,695.181799994316,38400000,0.1,15000,0,sha256:1a43e0ddf8cc02438cc76d27ba1cce86da34109d2e43dcc8ed7c9d581b95b39d,3,sha256:fffce7e4a562658ce65d3c764b482636f495c6e30a1582121ea38fd4ec5b96c3,150000,20260717T120435635390Z,808,mask_fragment-n150000-w256-m0100-s808
mask_fragment,58ced0e286dfa2b04542a7873472fb4400aeb830,late_mask_fragment,256,89.88079999107867,38400000,0.1,15000,1,sha256:18bd7fb3b6d02ff88c53bf4a74124c631590d7e276f031a9034dc7f9cb857902,3,sha256:fffce7e4a562658ce65d3c764b482636f495c6e30a1582121ea38fd4ec5b96c3,150000,20260717T120435635390Z,808,mask_fragment-n150000-w256-m0100-s808
mask_fragment,58ced0e286dfa2b04542a7873472fb4400aeb830,late_mask_fragment,256,92.15879999101162,38400000,0.1,15000,0,sha256:18bd7fb3b6d02ff88c53bf4a74124c631590d7e276f031a9034dc7f9cb857902,4,sha256:fffce7e4a562658ce65d3c764b482636f495c6e30a1582121ea38fd4ec5b96c3,150000,20260717T120435635390Z,808,mask_fragment-n150000-w256-m0100-s808
mask_fragment,58ced0e286dfa2b04542a7873472fb4400aeb830,early_mask_fragment,256,692.1610999852419,38400000,0.1,15000,1,sha256:1a43e0ddf8cc02438cc76d27ba1cce86da34109d2e43dcc8ed7c9d581b95b39d,4,sha256:fffce7e4a562658ce65d3c764b482636f495c6e30a1582121ea38fd4ec5b96c3,150000,20260717T120435635390Z,808,mask_fragment-n150000-w256-m0100-s808
mask_fragment,58ced0e286dfa2b04542a7873472fb4400aeb830,early_mask_fragment,256,681.6715000313707,38400000,0.1,15000,0,sha256:1a43e0ddf8cc02438cc76d27ba1cce86da34109d2e43dcc8ed7c9d581b95b39d,5,sha256:fffce7e4a562658ce65d3c764b482636f495c6e30a1582121ea38fd4ec5b96c3,150000,20260717T120435635390Z,808,mask_fragment-n150000-w256-m0100-s808
mask_fragment,58ced0e286dfa2b04542a7873472fb4400aeb830,late_mask_fragment,256,99.57549994578585,38400000,0.1,15000,1,sha256:18bd7fb3b6d02ff88c53bf4a74124c631590d7e276f031a9034dc7f9cb857902,5,sha256:fffce7e4a562658ce65d3c764b482636f495c6e30a1582121ea38fd4ec5b96c3,150000,20260717T120435635390Z,808,mask_fragment-n150000-w256-m0100-s808
mask_fragment,58ced0e286dfa2b04542a7873472fb4400aeb830,late_mask_fragment,256,99.83869997086003,38400000,0.1,15000,0,sha256:18bd7fb3b6d02ff88c53bf4a74124c631590d7e276f031a9034dc7f9cb857902,6,sha256:fffce7e4a562658ce65d3c764b482636f495c6e30a1582121ea38fd4ec5b96c3,150000,20260717T120435635390Z,808,mask_fragment-n150000-w256-m0100-s808
mask_fragment,58ced0e286dfa2b04542a7873472fb4400aeb830,early_mask_fragment,256,750.6794000510126,38400000,0.1,15000,1,sha256:1a43e0ddf8cc02438cc76d27ba1cce86da34109d2e43dcc8ed7c9d581b95b39d,6,sha256:fffce7e4a562658ce65d3c764b482636f495c6e30a1582121ea38fd4ec5b96c3,150000,20260717T120435635390Z,808,mask_fragment-n150000-w256-m0100-s808
mask_fragment,58ced0e286dfa2b04542a7873472fb4400aeb830,early_mask_fragment,256,891.3920999621041,38400000,0.1,15000,0,sha256:1a43e0ddf8cc02438cc76d27ba1cce86da34109d2e43dcc8ed7c9d581b95b39d,7,sha256:fffce7e4a562658ce65d3c764b482636f495c6e30a1582121ea38fd4ec5b96c3,150000,20260717T120435635390Z,808,mask_fragment-n150000-w256-m0100-s808
mask_fragment,58ced0e286dfa2b04542a7873472fb4400aeb830,late_mask_fragment,256,127.67670000903308,38400000,0.1,15000,1,sha256:18bd7fb3b6d02ff88c53bf4a74124c631590d7e276f031a9034dc7f9cb857902,7,sha256:fffce7e4a562658ce65d3c764b482636f495c6e30a1582121ea38fd4ec5b96c3,150000,20260717T120435635390Z,808,mask_fragment-n150000-w256-m0100-s808
mask_fragment,58ced0e286dfa2b04542a7873472fb4400aeb830,late_mask_fragment,256,263.36459995945916,38400000,0.1,15000,0,sha256:18bd7fb3b6d02ff88c53bf4a74124c631590d7e276f031a9034dc7f9cb857902,8,sha256:fffce7e4a562658ce65d3c764b482636f495c6e30a1582121ea38fd4ec5b96c3,150000,20260717T120435635390Z,808,mask_fragment-n150000-w256-m0100-s808
mask_fragment,58ced0e286dfa2b04542a7873472fb4400aeb830,early_mask_fragment,256,857.432399992831,38400000,0.1,15000,1,sha256:1a43e0ddf8cc02438cc76d27ba1cce86da34109d2e43dcc8ed7c9d581b95b39d,8,sha256:fffce7e4a562658ce65d3c764b482636f495c6e30a1582121ea38fd4ec5b96c3,150000,20260717T120435635390Z,808,mask_fragment-n150000-w256-m0100-s808
mask_fragment,58ced0e286dfa2b04542a7873472fb4400aeb830,early_mask_fragment,256,898.1031000148505,38400000,0.1,15000,0,sha256:1a43e0ddf8cc02438cc76d27ba1cce86da34109d2e43dcc8ed7c9d581b95b39d,9,sha256:fffce7e4a562658ce65d3c764b482636f495c6e30a1582121ea38fd4ec5b96c3,150000,20260717T120435635390Z,808,mask_fragment-n150000-w256-m0100-s808
mask_fragment,58ced0e286dfa2b04542a7873472fb4400aeb830,late_mask_fragment,256,126.65429996559396,38400000,0.1,15000,1,sha256:18bd7fb3b6d02ff88c53bf4a74124c631590d7e276f031a9034dc7f9cb857902,9,sha256:fffce7e4a562658ce65d3c764b482636f495c6e30a1582121ea38fd4ec5b96c3,150000,20260717T120435635390Z,808,mask_fragment-n150000-w256-m0100-s808
mask_fragment,58ced0e286dfa2b04542a7873472fb4400aeb830,late_mask_fragment,256,119.87329996190965,38400000,0.1,15000,0,sha256:18bd7fb3b6d02ff88c53bf4a74124c631590d7e276f031a9034dc7f9cb857902,10,sha256:fffce7e4a562658ce65d3c764b482636f495c6e30a1582121ea38fd4ec5b96c3,150000,20260717T120435635390Z,808,mask_fragment-n150000-w256-m0100-s808
mask_fragment,58ced0e286dfa2b04542a7873472fb4400aeb830,early_mask_fragment,256,900.7376999943517,38400000,0.1,15000,1,sha256:1a43e0ddf8cc02438cc76d27ba1cce86da34109d2e43dcc8ed7c9d581b95b39d,10,sha256:fffce7e4a562658ce65d3c764b482636f495c6e30a1582121ea38fd4ec5b96c3,150000,20260717T120435635390Z,808,mask_fragment-n150000-w256-m0100-s808
mask_fragment,58ced0e286dfa2b04542a7873472fb4400aeb830,early_mask_fragment,256,709.2640999471769,38400000,0.1,15000,0,sha256:1a43e0ddf8cc02438cc76d27ba1cce86da34109d2e43dcc8ed7c9d581b95b39d,11,sha256:fffce7e4a562658ce65d3c764b482636f495c6e30a1582121ea38fd4ec5b96c3,150000,20260717T120435635390Z,808,mask_fragment-n150000-w256-m0100-s808
mask_fragment,58ced0e286dfa2b04542a7873472fb4400aeb830,late_mask_fragment,256,86.74919995246455,38400000,0.1,15000,1,sha256:18bd7fb3b6d02ff88c53bf4a74124c631590d7e276f031a9034dc7f9cb857902,11,sha256:fffce7e4a562658ce65d3c764b482636f495c6e30a1582121ea38fd4ec5b96c3,150000,20260717T120435635390Z,808,mask_fragment-n150000-w256-m0100-s808
mask_fragment,58ced0e286dfa2b04542a7873472fb4400aeb830,late_mask_fragment,256,91.58900001784787,38400000,0.1,15000,0,sha256:18bd7fb3b6d02ff88c53bf4a74124c631590d7e276f031a9034dc7f9cb857902,12,sha256:fffce7e4a562658ce65d3c764b482636f495c6e30a1582121ea38fd4ec5b96c3,150000,20260717T120435635390Z,808,mask_fragment-n150000-w256-m0100-s808
mask_fragment,58ced0e286dfa2b04542a7873472fb4400aeb830,early_mask_fragment,256,697.6844000164419,38400000,0.1,15000,1,sha256:1a43e0ddf8cc02438cc76d27ba1cce86da34109d2e43dcc8ed7c9d581b95b39d,12,sha256:fffce7e4a562658ce65d3c764b482636f495c6e30a1582121ea38fd4ec5b96c3,150000,20260717T120435635390Z,808,mask_fragment-n150000-w256-m0100-s808
mask_fragment,58ced0e286dfa2b04542a7873472fb4400aeb830,early_mask_fragment,256,729.4234000146389,38400000,0.1,15000,0,sha256:1a43e0ddf8cc02438cc76d27ba1cce86da34109d2e43dcc8ed7c9d581b95b39d,13,sha256:fffce7e4a562658ce65d3c764b482636f495c6e30a1582121ea38fd4ec5b96c3,150000,20260717T120435635390Z,808,mask_fragment-n150000-w256-m0100-s808
mask_fragment,58ced0e286dfa2b04542a7873472fb4400aeb830,late_mask_fragment,256,232.01120004523546,38400000,0.1,15000,1,sha256:18bd7fb3b6d02ff88c53bf4a74124c631590d7e276f031a9034dc7f9cb857902,13,sha256:fffce7e4a562658ce65d3c764b482636f495c6e30a1582121ea38fd4ec5b96c3,150000,20260717T120435635390Z,808,mask_fragment-n150000-w256-m0100-s808
mask_fragment,58ced0e286dfa2b04542a7873472fb4400aeb830,late_mask_fragment,256,85.21509997081012,38400000,0.1,15000,0,sha256:18bd7fb3b6d02ff88c53bf4a74124c631590d7e276f031a9034dc7f9cb857902,14,sha256:fffce7e4a562658ce65d3c764b482636f495c6e30a1582121ea38fd4ec5b96c3,150000,20260717T120435635390Z,808,mask_fragment-n150000-w256-m0100-s808
mask_fragment,58ced0e286dfa2b04542a7873472fb4400aeb830,early_mask_fragment,256,766.568000020925,38400000,0.1,15000,1,sha256:1a43e0ddf8cc02438cc76d27ba1cce86da34109d2e43dcc8ed7c9d581b95b39d,14,sha256:fffce7e4a562658ce65d3c764b482636f495c6e30a1582121ea38fd4ec5b96c3,150000,20260717T120435635390Z,808,mask_fragment-n150000-w256-m0100-s808
mask_fragment,58ced0e286dfa2b04542a7873472fb4400aeb830,late_mask_fragment,256,221.99789999285713,38400000,0.1,15000,0,sha256:18bd7fb3b6d02ff88c53bf4a74124c631590d7e276f031a9034dc7f9cb857902,0,sha256:f641da71349e4532458045f248220504f4e0717b8bc8623a6f2064d34ce47420,150000,20260717T120435635390Z,909,mask_fragment-n150000-w256-m0100-s909
mask_fragment,58ced0e286dfa2b04542a7873472fb4400aeb830,early_mask_fragment,256,683.9142999961041,38400000,0.1,15000,1,sha256:1a43e0ddf8cc02438cc76d27ba1cce86da34109d2e43dcc8ed7c9d581b95b39d,0,sha256:f641da71349e4532458045f248220504f4e0717b8bc8623a6f2064d34ce47420,150000,20260717T120435635390Z,909,mask_fragment-n150000-w256-m0100-s909
mask_fragment,58ced0e286dfa2b04542a7873472fb4400aeb830,early_mask_fragment,256,1695.1168999657966,38400000,0.1,15000,0,sha256:1a43e0ddf8cc02438cc76d27ba1cce86da34109d2e43dcc8ed7c9d581b95b39d,1,sha256:f641da71349e4532458045f248220504f4e0717b8bc8623a6f2064d34ce47420,150000,20260717T120435635390Z,909,mask_fragment-n150000-w256-m0100-s909
mask_fragment,58ced0e286dfa2b04542a7873472fb4400aeb830,late_mask_fragment,256,218.6513000051491,38400000,0.1,15000,1,sha256:18bd7fb3b6d02ff88c53bf4a74124c631590d7e276f031a9034dc7f9cb857902,1,sha256:f641da71349e4532458045f248220504f4e0717b8bc8623a6f2064d34ce47420,150000,20260717T120435635390Z,909,mask_fragment-n150000-w256-m0100-s909
mask_fragment,58ced0e286dfa2b04542a7873472fb4400aeb830,late_mask_fragment,256,187.21030000597239,38400000,0.1,15000,0,sha256:18bd7fb3b6d02ff88c53bf4a74124c631590d7e276f031a9034dc7f9cb857902,2,sha256:f641da71349e4532458045f248220504f4e0717b8bc8623a6f2064d34ce47420,150000,20260717T120435635390Z,909,mask_fragment-n150000-w256-m0100-s909
mask_fragment,58ced0e286dfa2b04542a7873472fb4400aeb830,early_mask_fragment,256,715.319000009913,38400000,0.1,15000,1,sha256:1a43e0ddf8cc02438cc76d27ba1cce86da34109d2e43dcc8ed7c9d581b95b39d,2,sha256:f641da71349e4532458045f248220504f4e0717b8bc8623a6f2064d34ce47420,150000,20260717T120435635390Z,909,mask_fragment-n150000-w256-m0100-s909
mask_fragment,58ced0e286dfa2b04542a7873472fb4400aeb830,early_mask_fragment,256,733.6064000264741,38400000,0.1,15000,0,sha256:1a43e0ddf8cc02438cc76d27ba1cce86da34109d2e43dcc8ed7c9d581b95b39d,3,sha256:f641da71349e4532458045f248220504f4e0717b8bc8623a6f2064d34ce47420,150000,20260717T120435635390Z,909,mask_fragment-n150000-w256-m0100-s909
mask_fragment,58ced0e286dfa2b04542a7873472fb4400aeb830,late_mask_fragment,256,234.29769999347627,38400000,0.1,15000,1,sha256:18bd7fb3b6d02ff88c53bf4a74124c631590d7e276f031a9034dc7f9cb857902,3,sha256:f641da71349e4532458045f248220504f4e0717b8bc8623a6f2064d34ce47420,150000,20260717T120435635390Z,909,mask_fragment-n150000-w256-m0100-s909
mask_fragment,58ced0e286dfa2b04542a7873472fb4400aeb830,late_mask_fragment,256,239.20889996225014,38400000,0.1,15000,0,sha256:18bd7fb3b6d02ff88c53bf4a74124c631590d7e276f031a9034dc7f9cb857902,4,sha256:f641da71349e4532458045f248220504f4e0717b8bc8623a6f2064d34ce47420,150000,20260717T120435635390Z,909,mask_fragment-n150000-w256-m0100-s909
mask_fragment,58ced0e286dfa2b04542a7873472fb4400aeb830,early_mask_fragment,256,661.2357000121847,38400000,0.1,15000,1,sha256:1a43e0ddf8cc02438cc76d27ba1cce86da34109d2e43dcc8ed7c9d581b95b39d,4,sha256:f641da71349e4532458045f248220504f4e0717b8bc8623a6f2064d34ce47420,150000,20260717T120435635390Z,909,mask_fragment-n150000-w256-m0100-s909
mask_fragment,58ced0e286dfa2b04542a7873472fb4400aeb830,early_mask_fragment,256,682.5415999628603,38400000,0.1,15000,0,sha256:1a43e0ddf8cc02438cc76d27ba1cce86da34109d2e43dcc8ed7c9d581b95b39d,5,sha256:f641da71349e4532458045f248220504f4e0717b8bc8623a6f2064d34ce47420,150000,20260717T120435635390Z,909,mask_fragment-n150000-w256-m0100-s909
mask_fragment,58ced0e286dfa2b04542a7873472fb4400aeb830,late_mask_fragment,256,122.78750003315508,38400000,0.1,15000,1,sha256:18bd7fb3b6d02ff88c53bf4a74124c631590d7e276f031a9034dc7f9cb857902,5,sha256:f641da71349e4532458045f248220504f4e0717b8bc8623a6f2064d34ce47420,150000,20260717T120435635390Z,909,mask_fragment-n150000-w256-m0100-s909
mask_fragment,58ced0e286dfa2b04542a7873472fb4400aeb830,late_mask_fragment,256,116.92910001147538,38400000,0.1,15000,0,sha256:18bd7fb3b6d02ff88c53bf4a74124c631590d7e276f031a9034dc7f9cb857902,6,sha256:f641da71349e4532458045f248220504f4e0717b8bc8623a6f2064d34ce47420,150000,20260717T120435635390Z,909,mask_fragment-n150000-w256-m0100-s909
mask_fragment,58ced0e286dfa2b04542a7873472fb4400aeb830,early_mask_fragment,256,702.2063999902457,38400000,0.1,15000,1,sha256:1a43e0ddf8cc02438cc76d27ba1cce86da34109d2e43dcc8ed7c9d581b95b39d,6,sha256:f641da71349e4532458045f248220504f4e0717b8bc8623a6f2064d34ce47420,150000,20260717T120435635390Z,909,mask_fragment-n150000-w256-m0100-s909
mask_fragment,58ced0e286dfa2b04542a7873472fb4400aeb830,early_mask_fragment,256,691.0539999953471,38400000,0.1,15000,0,sha256:1a43e0ddf8cc02438cc76d27ba1cce86da34109d2e43dcc8ed7c9d581b95b39d,7,sha256:f641da71349e4532458045f248220504f4e0717b8bc8623a6f2064d34ce47420,150000,20260717T120435635390Z,909,mask_fragment-n150000-w256-m0100-s909
mask_fragment,58ced0e286dfa2b04542a7873472fb4400aeb830,late_mask_fragment,256,108.51610003737733,38400000,0.1,15000,1,sha256:18bd7fb3b6d02ff88c53bf4a74124c631590d7e276f031a9034dc7f9cb857902,7,sha256:f641da71349e4532458045f248220504f4e0717b8bc8623a6f2064d34ce47420,150000,20260717T120435635390Z,909,mask_fragment-n150000-w256-m0100-s909
mask_fragment,58ced0e286dfa2b04542a7873472fb4400aeb830,late_mask_fragment,256,233.68800000753254,38400000,0.1,15000,0,sha256:18bd7fb3b6d02ff88c53bf4a74124c631590d7e276f031a9034dc7f9cb857902,8,sha256:f641da71349e4532458045f248220504f4e0717b8bc8623a6f2064d34ce47420,150000,20260717T120435635390Z,909,mask_fragment-n150000-w256-m0100-s909
mask_fragment,58ced0e286dfa2b04542a7873472fb4400aeb830,early_mask_fragment,256,588.8099999865517,38400000,0.1,15000,1,sha256:1a43e0ddf8cc02438cc76d27ba1cce86da34109d2e43dcc8ed7c9d581b95b39d,8,sha256:f641da71349e4532458045f248220504f4e0717b8bc8623a6f2064d34ce47420,150000,20260717T120435635390Z,909,mask_fragment-n150000-w256-m0100-s909
mask_fragment,58ced0e286dfa2b04542a7873472fb4400aeb830,early_mask_fragment,256,821.3732999865897,38400000,0.1,15000,0,sha256:1a43e0ddf8cc02438cc76d27ba1cce86da34109d2e43dcc8ed7c9d581b95b39d,9,sha256:f641da71349e4532458045f248220504f4e0717b8bc8623a6f2064d34ce47420,150000,20260717T120435635390Z,909,mask_fragment-n150000-w256-m0100-s909
mask_fragment,58ced0e286dfa2b04542a7873472fb4400aeb830,late_mask_fragment,256,247.8028999757953,38400000,0.1,15000,1,sha256:18bd7fb3b6d02ff88c53bf4a74124c631590d7e276f031a9034dc7f9cb857902,9,sha256:f641da71349e4532458045f248220504f4e0717b8bc8623a6f2064d34ce47420,150000,20260717T120435635390Z,909,mask_fragment-n150000-w256-m0100-s909
mask_fragment,58ced0e286dfa2b04542a7873472fb4400aeb830,late_mask_fragment,256,97.3574000527151,38400000,0.1,15000,0,sha256:18bd7fb3b6d02ff88c53bf4a74124c631590d7e276f031a9034dc7f9cb857902,10,sha256:f641da71349e4532458045f248220504f4e0717b8bc8623a6f2064d34ce47420,150000,20260717T120435635390Z,909,mask_fragment-n150000-w256-m0100-s909
mask_fragment,58ced0e286dfa2b04542a7873472fb4400aeb830,early_mask_fragment,256,1723.9873000071384,38400000,0.1,15000,1,sha256:1a43e0ddf8cc02438cc76d27ba1cce86da34109d2e43dcc8ed7c9d581b95b39d,10,sha256:f641da71349e4532458045f248220504f4e0717b8bc8623a6f2064d34ce47420,150000,20260717T120435635390Z,909,mask_fragment-n150000-w256-m0100-s909
mask_fragment,58ced0e286dfa2b04542a7873472fb4400aeb830,early_mask_fragment,256,671.0074000293389,38400000,0.1,15000,0,sha256:1a43e0ddf8cc02438cc76d27ba1cce86da34109d2e43dcc8ed7c9d581b95b39d,11,sha256:f641da71349e4532458045f248220504f4e0717b8bc8623a6f2064d34ce47420,150000,20260717T120435635390Z,909,mask_fragment-n150000-w256-m0100-s909
mask_fragment,58ced0e286dfa2b04542a7873472fb4400aeb830,late_mask_fragment,256,102.00610000174493,38400000,0.1,15000,1,sha256:18bd7fb3b6d02ff88c53bf4a74124c631590d7e276f031a9034dc7f9cb857902,11,sha256:f641da71349e4532458045f248220504f4e0717b8bc8623a6f2064d34ce47420,150000,20260717T120435635390Z,909,mask_fragment-n150000-w256-m0100-s909
mask_fragment,58ced0e286dfa2b04542a7873472fb4400aeb830,late_mask_fragment,256,231.3729000161402,38400000,0.1,15000,0,sha256:18bd7fb3b6d02ff88c53bf4a74124c631590d7e276f031a9034dc7f9cb857902,12,sha256:f641da71349e4532458045f248220504f4e0717b8bc8623a6f2064d34ce47420,150000,20260717T120435635390Z,909,mask_fragment-n150000-w256-m0100-s909
mask_fragment,58ced0e286dfa2b04542a7873472fb4400aeb830,early_mask_fragment,256,698.5556000145152,38400000,0.1,15000,1,sha256:1a43e0ddf8cc02438cc76d27ba1cce86da34109d2e43dcc8ed7c9d581b95b39d,12,sha256:f641da71349e4532458045f248220504f4e0717b8bc8623a6f2064d34ce47420,150000,20260717T120435635390Z,909,mask_fragment-n150000-w256-m0100-s909
mask_fragment,58ced0e286dfa2b04542a7873472fb4400aeb830,early_mask_fragment,256,712.5325999804772,38400000,0.1,15000,0,sha256:1a43e0ddf8cc02438cc76d27ba1cce86da34109d2e43dcc8ed7c9d581b95b39d,13,sha256:f641da71349e4532458045f248220504f4e0717b8bc8623a6f2064d34ce47420,150000,20260717T120435635390Z,909,mask_fragment-n150000-w256-m0100-s909
mask_fragment,58ced0e286dfa2b04542a7873472fb4400aeb830,late_mask_fragment,256,93.01399998366833,38400000,0.1,15000,1,sha256:18bd7fb3b6d02ff88c53bf4a74124c631590d7e276f031a9034dc7f9cb857902,13,sha256:f641da71349e4532458045f248220504f4e0717b8bc8623a6f2064d34ce47420,150000,20260717T120435635390Z,909,mask_fragment-n150000-w256-m0100-s909
mask_fragment,58ced0e286dfa2b04542a7873472fb4400aeb830,late_mask_fragment,256,239.71279995748773,38400000,0.1,15000,0,sha256:18bd7fb3b6d02ff88c53bf4a74124c631590d7e276f031a9034dc7f9cb857902,14,sha256:f641da71349e4532458045f248220504f4e0717b8bc8623a6f2064d34ce47420,150000,20260717T120435635390Z,909,mask_fragment-n150000-w256-m0100-s909
mask_fragment,58ced0e286dfa2b04542a7873472fb4400aeb830,early_mask_fragment,256,886.7257999954745,38400000,0.1,15000,1,sha256:1a43e0ddf8cc02438cc76d27ba1cce86da34109d2e43dcc8ed7c9d581b95b39d,14,sha256:f641da71349e4532458045f248220504f4e0717b8bc8623a6f2064d34ce47420,150000,20260717T120435635390Z,909,mask_fragment-n150000-w256-m0100-s909
mask_fragment,58ced0e286dfa2b04542a7873472fb4400aeb830,early_mask_fragment,256,847.158299991861,38400000,0.5,75000,0,sha256:1a43e0ddf8cc02438cc76d27ba1cce86da34109d2e43dcc8ed7c9d581b95b39d,0,sha256:711b2169384e6ef013e51d56a10a338c76efcc6b707725aa988c2bf15e29d750,150000,20260717T120435635390Z,707,mask_fragment-n150000-w256-m0500-s707
mask_fragment,58ced0e286dfa2b04542a7873472fb4400aeb830,late_mask_fragment,256,724.9739000108093,38400000,0.5,75000,1,sha256:18bd7fb3b6d02ff88c53bf4a74124c631590d7e276f031a9034dc7f9cb857902,0,sha256:711b2169384e6ef013e51d56a10a338c76efcc6b707725aa988c2bf15e29d750,150000,20260717T120435635390Z,707,mask_fragment-n150000-w256-m0500-s707
mask_fragment,58ced0e286dfa2b04542a7873472fb4400aeb830,late_mask_fragment,256,671.7968999873847,38400000,0.5,75000,0,sha256:18bd7fb3b6d02ff88c53bf4a74124c631590d7e276f031a9034dc7f9cb857902,1,sha256:711b2169384e6ef013e51d56a10a338c76efcc6b707725aa988c2bf15e29d750,150000,20260717T120435635390Z,707,mask_fragment-n150000-w256-m0500-s707
mask_fragment,58ced0e286dfa2b04542a7873472fb4400aeb830,early_mask_fragment,256,792.5432000192814,38400000,0.5,75000,1,sha256:1a43e0ddf8cc02438cc76d27ba1cce86da34109d2e43dcc8ed7c9d581b95b39d,1,sha256:711b2169384e6ef013e51d56a10a338c76efcc6b707725aa988c2bf15e29d750,150000,20260717T120435635390Z,707,mask_fragment-n150000-w256-m0500-s707
mask_fragment,58ced0e286dfa2b04542a7873472fb4400aeb830,early_mask_fragment,256,767.7342999959365,38400000,0.5,75000,0,sha256:1a43e0ddf8cc02438cc76d27ba1cce86da34109d2e43dcc8ed7c9d581b95b39d,2,sha256:711b2169384e6ef013e51d56a10a338c76efcc6b707725aa988c2bf15e29d750,150000,20260717T120435635390Z,707,mask_fragment-n150000-w256-m0500-s707
mask_fragment,58ced0e286dfa2b04542a7873472fb4400aeb830,late_mask_fragment,256,497.29329999536276,38400000,0.5,75000,1,sha256:18bd7fb3b6d02ff88c53bf4a74124c631590d7e276f031a9034dc7f9cb857902,2,sha256:711b2169384e6ef013e51d56a10a338c76efcc6b707725aa988c2bf15e29d750,150000,20260717T120435635390Z,707,mask_fragment-n150000-w256-m0500-s707
mask_fragment,58ced0e286dfa2b04542a7873472fb4400aeb830,late_mask_fragment,256,484.92109996732324,38400000,0.5,75000,0,sha256:18bd7fb3b6d02ff88c53bf4a74124c631590d7e276f031a9034dc7f9cb857902,3,sha256:711b2169384e6ef013e51d56a10a338c76efcc6b707725aa988c2bf15e29d750,150000,20260717T120435635390Z,707,mask_fragment-n150000-w256-m0500-s707
mask_fragment,58ced0e286dfa2b04542a7873472fb4400aeb830,early_mask_fragment,256,720.7797999726608,38400000,0.5,75000,1,sha256:1a43e0ddf8cc02438cc76d27ba1cce86da34109d2e43dcc8ed7c9d581b95b39d,3,sha256:711b2169384e6ef013e51d56a10a338c76efcc6b707725aa988c2bf15e29d750,150000,20260717T120435635390Z,707,mask_fragment-n150000-w256-m0500-s707
mask_fragment,58ced0e286dfa2b04542a7873472fb4400aeb830,early_mask_fragment,256,775.6990999914706,38400000,0.5,75000,0,sha256:1a43e0ddf8cc02438cc76d27ba1cce86da34109d2e43dcc8ed7c9d581b95b39d,4,sha256:711b2169384e6ef013e51d56a10a338c76efcc6b707725aa988c2bf15e29d750,150000,20260717T120435635390Z,707,mask_fragment-n150000-w256-m0500-s707
mask_fragment,58ced0e286dfa2b04542a7873472fb4400aeb830,late_mask_fragment,256,506.557899992913,38400000,0.5,75000,1,sha256:18bd7fb3b6d02ff88c53bf4a74124c631590d7e276f031a9034dc7f9cb857902,4,sha256:711b2169384e6ef013e51d56a10a338c76efcc6b707725aa988c2bf15e29d750,150000,20260717T120435635390Z,707,mask_fragment-n150000-w256-m0500-s707
mask_fragment,58ced0e286dfa2b04542a7873472fb4400aeb830,late_mask_fragment,256,503.253799979575,38400000,0.5,75000,0,sha256:18bd7fb3b6d02ff88c53bf4a74124c631590d7e276f031a9034dc7f9cb857902,5,sha256:711b2169384e6ef013e51d56a10a338c76efcc6b707725aa988c2bf15e29d750,150000,20260717T120435635390Z,707,mask_fragment-n150000-w256-m0500-s707
mask_fragment,58ced0e286dfa2b04542a7873472fb4400aeb830,early_mask_fragment,256,699.1353000048548,38400000,0.5,75000,1,sha256:1a43e0ddf8cc02438cc76d27ba1cce86da34109d2e43dcc8ed7c9d581b95b39d,5,sha256:711b2169384e6ef013e51d56a10a338c76efcc6b707725aa988c2bf15e29d750,150000,20260717T120435635390Z,707,mask_fragment-n150000-w256-m0500-s707
mask_fragment,58ced0e286dfa2b04542a7873472fb4400aeb830,early_mask_fragment,256,661.504999967292,38400000,0.5,75000,0,sha256:1a43e0ddf8cc02438cc76d27ba1cce86da34109d2e43dcc8ed7c9d581b95b39d,6,sha256:711b2169384e6ef013e51d56a10a338c76efcc6b707725aa988c2bf15e29d750,150000,20260717T120435635390Z,707,mask_fragment-n150000-w256-m0500-s707
mask_fragment,58ced0e286dfa2b04542a7873472fb4400aeb830,late_mask_fragment,256,544.4513999973424,38400000,0.5,75000,1,sha256:18bd7fb3b6d02ff88c53bf4a74124c631590d7e276f031a9034dc7f9cb857902,6,sha256:711b2169384e6ef013e51d56a10a338c76efcc6b707725aa988c2bf15e29d750,150000,20260717T120435635390Z,707,mask_fragment-n150000-w256-m0500-s707
mask_fragment,58ced0e286dfa2b04542a7873472fb4400aeb830,late_mask_fragment,256,497.1807000110857,38400000,0.5,75000,0,sha256:18bd7fb3b6d02ff88c53bf4a74124c631590d7e276f031a9034dc7f9cb857902,7,sha256:711b2169384e6ef013e51d56a10a338c76efcc6b707725aa988c2bf15e29d750,150000,20260717T120435635390Z,707,mask_fragment-n150000-w256-m0500-s707
mask_fragment,58ced0e286dfa2b04542a7873472fb4400aeb830,early_mask_fragment,256,685.8346999506466,38400000,0.5,75000,1,sha256:1a43e0ddf8cc02438cc76d27ba1cce86da34109d2e43dcc8ed7c9d581b95b39d,7,sha256:711b2169384e6ef013e51d56a10a338c76efcc6b707725aa988c2bf15e29d750,150000,20260717T120435635390Z,707,mask_fragment-n150000-w256-m0500-s707
mask_fragment,58ced0e286dfa2b04542a7873472fb4400aeb830,early_mask_fragment,256,751.6691999626346,38400000,0.5,75000,0,sha256:1a43e0ddf8cc02438cc76d27ba1cce86da34109d2e43dcc8ed7c9d581b95b39d,8,sha256:711b2169384e6ef013e51d56a10a338c76efcc6b707725aa988c2bf15e29d750,150000,20260717T120435635390Z,707,mask_fragment-n150000-w256-m0500-s707
mask_fragment,58ced0e286dfa2b04542a7873472fb4400aeb830,late_mask_fragment,256,515.3166000382043,38400000,0.5,75000,1,sha256:18bd7fb3b6d02ff88c53bf4a74124c631590d7e276f031a9034dc7f9cb857902,8,sha256:711b2169384e6ef013e51d56a10a338c76efcc6b707725aa988c2bf15e29d750,150000,20260717T120435635390Z,707,mask_fragment-n150000-w256-m0500-s707
mask_fragment,58ced0e286dfa2b04542a7873472fb4400aeb830,late_mask_fragment,256,452.7177999843843,38400000,0.5,75000,0,sha256:18bd7fb3b6d02ff88c53bf4a74124c631590d7e276f031a9034dc7f9cb857902,9,sha256:711b2169384e6ef013e51d56a10a338c76efcc6b707725aa988c2bf15e29d750,150000,20260717T120435635390Z,707,mask_fragment-n150000-w256-m0500-s707
mask_fragment,58ced0e286dfa2b04542a7873472fb4400aeb830,early_mask_fragment,256,768.9092999789864,38400000,0.5,75000,1,sha256:1a43e0ddf8cc02438cc76d27ba1cce86da34109d2e43dcc8ed7c9d581b95b39d,9,sha256:711b2169384e6ef013e51d56a10a338c76efcc6b707725aa988c2bf15e29d750,150000,20260717T120435635390Z,707,mask_fragment-n150000-w256-m0500-s707
mask_fragment,58ced0e286dfa2b04542a7873472fb4400aeb830,early_mask_fragment,256,784.4645000295714,38400000,0.5,75000,0,sha256:1a43e0ddf8cc02438cc76d27ba1cce86da34109d2e43dcc8ed7c9d581b95b39d,10,sha256:711b2169384e6ef013e51d56a10a338c76efcc6b707725aa988c2bf15e29d750,150000,20260717T120435635390Z,707,mask_fragment-n150000-w256-m0500-s707
mask_fragment,58ced0e286dfa2b04542a7873472fb4400aeb830,late_mask_fragment,256,444.28830000106245,38400000,0.5,75000,1,sha256:18bd7fb3b6d02ff88c53bf4a74124c631590d7e276f031a9034dc7f9cb857902,10,sha256:711b2169384e6ef013e51d56a10a338c76efcc6b707725aa988c2bf15e29d750,150000,20260717T120435635390Z,707,mask_fragment-n150000-w256-m0500-s707
mask_fragment,58ced0e286dfa2b04542a7873472fb4400aeb830,late_mask_fragment,256,470.7580000394955,38400000,0.5,75000,0,sha256:18bd7fb3b6d02ff88c53bf4a74124c631590d7e276f031a9034dc7f9cb857902,11,sha256:711b2169384e6ef013e51d56a10a338c76efcc6b707725aa988c2bf15e29d750,150000,20260717T120435635390Z,707,mask_fragment-n150000-w256-m0500-s707
mask_fragment,58ced0e286dfa2b04542a7873472fb4400aeb830,early_mask_fragment,256,639.521400036756,38400000,0.5,75000,1,sha256:1a43e0ddf8cc02438cc76d27ba1cce86da34109d2e43dcc8ed7c9d581b95b39d,11,sha256:711b2169384e6ef013e51d56a10a338c76efcc6b707725aa988c2bf15e29d750,150000,20260717T120435635390Z,707,mask_fragment-n150000-w256-m0500-s707
mask_fragment,58ced0e286dfa2b04542a7873472fb4400aeb830,early_mask_fragment,256,723.6175999860279,38400000,0.5,75000,0,sha256:1a43e0ddf8cc02438cc76d27ba1cce86da34109d2e43dcc8ed7c9d581b95b39d,12,sha256:711b2169384e6ef013e51d56a10a338c76efcc6b707725aa988c2bf15e29d750,150000,20260717T120435635390Z,707,mask_fragment-n150000-w256-m0500-s707
mask_fragment,58ced0e286dfa2b04542a7873472fb4400aeb830,late_mask_fragment,256,504.1787999798544,38400000,0.5,75000,1,sha256:18bd7fb3b6d02ff88c53bf4a74124c631590d7e276f031a9034dc7f9cb857902,12,sha256:711b2169384e6ef013e51d56a10a338c76efcc6b707725aa988c2bf15e29d750,150000,20260717T120435635390Z,707,mask_fragment-n150000-w256-m0500-s707
mask_fragment,58ced0e286dfa2b04542a7873472fb4400aeb830,late_mask_fragment,256,455.5292999721132,38400000,0.5,75000,0,sha256:18bd7fb3b6d02ff88c53bf4a74124c631590d7e276f031a9034dc7f9cb857902,13,sha256:711b2169384e6ef013e51d56a10a338c76efcc6b707725aa988c2bf15e29d750,150000,20260717T120435635390Z,707,mask_fragment-n150000-w256-m0500-s707
mask_fragment,58ced0e286dfa2b04542a7873472fb4400aeb830,early_mask_fragment,256,738.2467000279576,38400000,0.5,75000,1,sha256:1a43e0ddf8cc02438cc76d27ba1cce86da34109d2e43dcc8ed7c9d581b95b39d,13,sha256:711b2169384e6ef013e51d56a10a338c76efcc6b707725aa988c2bf15e29d750,150000,20260717T120435635390Z,707,mask_fragment-n150000-w256-m0500-s707
mask_fragment,58ced0e286dfa2b04542a7873472fb4400aeb830,early_mask_fragment,256,877.1766000427306,38400000,0.5,75000,0,sha256:1a43e0ddf8cc02438cc76d27ba1cce86da34109d2e43dcc8ed7c9d581b95b39d,14,sha256:711b2169384e6ef013e51d56a10a338c76efcc6b707725aa988c2bf15e29d750,150000,20260717T120435635390Z,707,mask_fragment-n150000-w256-m0500-s707
mask_fragment,58ced0e286dfa2b04542a7873472fb4400aeb830,late_mask_fragment,256,718.0986999883316,38400000,0.5,75000,1,sha256:18bd7fb3b6d02ff88c53bf4a74124c631590d7e276f031a9034dc7f9cb857902,14,sha256:711b2169384e6ef013e51d56a10a338c76efcc6b707725aa988c2bf15e29d750,150000,20260717T120435635390Z,707,mask_fragment-n150000-w256-m0500-s707
mask_fragment,58ced0e286dfa2b04542a7873472fb4400aeb830,early_mask_fragment,256,709.1433000168763,38400000,0.5,75000,0,sha256:1a43e0ddf8cc02438cc76d27ba1cce86da34109d2e43dcc8ed7c9d581b95b39d,0,sha256:41fa51d1a301152a891aa9e8378ec82065c64ce94547daa706d9124b7917ac5b,150000,20260717T120435635390Z,808,mask_fragment-n150000-w256-m0500-s808
mask_fragment,58ced0e286dfa2b04542a7873472fb4400aeb830,late_mask_fragment,256,442.55139998858795,38400000,0.5,75000,1,sha256:18bd7fb3b6d02ff88c53bf4a74124c631590d7e276f031a9034dc7f9cb857902,0,sha256:41fa51d1a301152a891aa9e8378ec82065c64ce94547daa706d9124b7917ac5b,150000,20260717T120435635390Z,808,mask_fragment-n150000-w256-m0500-s808
mask_fragment,58ced0e286dfa2b04542a7873472fb4400aeb830,late_mask_fragment,256,441.4493999793194,38400000,0.5,75000,0,sha256:18bd7fb3b6d02ff88c53bf4a74124c631590d7e276f031a9034dc7f9cb857902,1,sha256:41fa51d1a301152a891aa9e8378ec82065c64ce94547daa706d9124b7917ac5b,150000,20260717T120435635390Z,808,mask_fragment-n150000-w256-m0500-s808
mask_fragment,58ced0e286dfa2b04542a7873472fb4400aeb830,early_mask_fragment,256,760.6152999796905,38400000,0.5,75000,1,sha256:1a43e0ddf8cc02438cc76d27ba1cce86da34109d2e43dcc8ed7c9d581b95b39d,1,sha256:41fa51d1a301152a891aa9e8378ec82065c64ce94547daa706d9124b7917ac5b,150000,20260717T120435635390Z,808,mask_fragment-n150000-w256-m0500-s808
mask_fragment,58ced0e286dfa2b04542a7873472fb4400aeb830,early_mask_fragment,256,714.3970000324771,38400000,0.5,75000,0,sha256:1a43e0ddf8cc02438cc76d27ba1cce86da34109d2e43dcc8ed7c9d581b95b39d,2,sha256:41fa51d1a301152a891aa9e8378ec82065c64ce94547daa706d9124b7917ac5b,150000,20260717T120435635390Z,808,mask_fragment-n150000-w256-m0500-s808
mask_fragment,58ced0e286dfa2b04542a7873472fb4400aeb830,late_mask_fragment,256,441.71590002952144,38400000,0.5,75000,1,sha256:18bd7fb3b6d02ff88c53bf4a74124c631590d7e276f031a9034dc7f9cb857902,2,sha256:41fa51d1a301152a891aa9e8378ec82065c64ce94547daa706d9124b7917ac5b,150000,20260717T120435635390Z,808,mask_fragment-n150000-w256-m0500-s808
mask_fragment,58ced0e286dfa2b04542a7873472fb4400aeb830,late_mask_fragment,256,504.1691000224091,38400000,0.5,75000,0,sha256:18bd7fb3b6d02ff88c53bf4a74124c631590d7e276f031a9034dc7f9cb857902,3,sha256:41fa51d1a301152a891aa9e8378ec82065c64ce94547daa706d9124b7917ac5b,150000,20260717T120435635390Z,808,mask_fragment-n150000-w256-m0500-s808
mask_fragment,58ced0e286dfa2b04542a7873472fb4400aeb830,early_mask_fragment,256,712.2615999542177,38400000,0.5,75000,1,sha256:1a43e0ddf8cc02438cc76d27ba1cce86da34109d2e43dcc8ed7c9d581b95b39d,3,sha256:41fa51d1a301152a891aa9e8378ec82065c64ce94547daa706d9124b7917ac5b,150000,20260717T120435635390Z,808,mask_fragment-n150000-w256-m0500-s808
mask_fragment,58ced0e286dfa2b04542a7873472fb4400aeb830,early_mask_fragment,256,792.783499986399,38400000,0.5,75000,0,sha256:1a43e0ddf8cc02438cc76d27ba1cce86da34109d2e43dcc8ed7c9d581b95b39d,4,sha256:41fa51d1a301152a891aa9e8378ec82065c64ce94547daa706d9124b7917ac5b,150000,20260717T120435635390Z,808,mask_fragment-n150000-w256-m0500-s808
mask_fragment,58ced0e286dfa2b04542a7873472fb4400aeb830,late_mask_fragment,256,491.44100002013147,38400000,0.5,75000,1,sha256:18bd7fb3b6d02ff88c53bf4a74124c631590d7e276f031a9034dc7f9cb857902,4,sha256:41fa51d1a301152a891aa9e8378ec82065c64ce94547daa706d9124b7917ac5b,150000,20260717T120435635390Z,808,mask_fragment-n150000-w256-m0500-s808
mask_fragment,58ced0e286dfa2b04542a7873472fb4400aeb830,late_mask_fragment,256,523.6249000299722,38400000,0.5,75000,0,sha256:18bd7fb3b6d02ff88c53bf4a74124c631590d7e276f031a9034dc7f9cb857902,5,sha256:41fa51d1a301152a891aa9e8378ec82065c64ce94547daa706d9124b7917ac5b,150000,20260717T120435635390Z,808,mask_fragment-n150000-w256-m0500-s808
mask_fragment,58ced0e286dfa2b04542a7873472fb4400aeb830,early_mask_fragment,256,768.1996999890544,38400000,0.5,75000,1,sha256:1a43e0ddf8cc02438cc76d27ba1cce86da34109d2e43dcc8ed7c9d581b95b39d,5,sha256:41fa51d1a301152a891aa9e8378ec82065c64ce94547daa706d9124b7917ac5b,150000,20260717T120435635390Z,808,mask_fragment-n150000-w256-m0500-s808
mask_fragment,58ced0e286dfa2b04542a7873472fb4400aeb830,early_mask_fragment,256,737.3361000209115,38400000,0.5,75000,0,sha256:1a43e0ddf8cc02438cc76d27ba1cce86da34109d2e43dcc8ed7c9d581b95b39d,6,sha256:41fa51d1a301152a891aa9e8378ec82065c64ce94547daa706d9124b7917ac5b,150000,20260717T120435635390Z,808,mask_fragment-n150000-w256-m0500-s808
mask_fragment,58ced0e286dfa2b04542a7873472fb4400aeb830,late_mask_fragment,256,443.1809000088833,38400000,0.5,75000,1,sha256:18bd7fb3b6d02ff88c53bf4a74124c631590d7e276f031a9034dc7f9cb857902,6,sha256:41fa51d1a301152a891aa9e8378ec82065c64ce94547daa706d9124b7917ac5b,150000,20260717T120435635390Z,808,mask_fragment-n150000-w256-m0500-s808
mask_fragment,58ced0e286dfa2b04542a7873472fb4400aeb830,late_mask_fragment,256,531.9311999483034,38400000,0.5,75000,0,sha256:18bd7fb3b6d02ff88c53bf4a74124c631590d7e276f031a9034dc7f9cb857902,7,sha256:41fa51d1a301152a891aa9e8378ec82065c64ce94547daa706d9124b7917ac5b,150000,20260717T120435635390Z,808,mask_fragment-n150000-w256-m0500-s808
mask_fragment,58ced0e286dfa2b04542a7873472fb4400aeb830,early_mask_fragment,256,823.6336000263691,38400000,0.5,75000,1,sha256:1a43e0ddf8cc02438cc76d27ba1cce86da34109d2e43dcc8ed7c9d581b95b39d,7,sha256:41fa51d1a301152a891aa9e8378ec82065c64ce94547daa706d9124b7917ac5b,150000,20260717T120435635390Z,808,mask_fragment-n150000-w256-m0500-s808
mask_fragment,58ced0e286dfa2b04542a7873472fb4400aeb830,early_mask_fragment,256,645.8388000028208,38400000,0.5,75000,0,sha256:1a43e0ddf8cc02438cc76d27ba1cce86da34109d2e43dcc8ed7c9d581b95b39d,8,sha256:41fa51d1a301152a891aa9e8378ec82065c64ce94547daa706d9124b7917ac5b,150000,20260717T120435635390Z,808,mask_fragment-n150000-w256-m0500-s808
mask_fragment,58ced0e286dfa2b04542a7873472fb4400aeb830,late_mask_fragment,256,474.89509999286383,38400000,0.5,75000,1,sha256:18bd7fb3b6d02ff88c53bf4a74124c631590d7e276f031a9034dc7f9cb857902,8,sha256:41fa51d1a301152a891aa9e8378ec82065c64ce94547daa706d9124b7917ac5b,150000,20260717T120435635390Z,808,mask_fragment-n150000-w256-m0500-s808
mask_fragment,58ced0e286dfa2b04542a7873472fb4400aeb830,late_mask_fragment,256,449.4053000234999,38400000,0.5,75000,0,sha256:18bd7fb3b6d02ff88c53bf4a74124c631590d7e276f031a9034dc7f9cb857902,9,sha256:41fa51d1a301152a891aa9e8378ec82065c64ce94547daa706d9124b7917ac5b,150000,20260717T120435635390Z,808,mask_fragment-n150000-w256-m0500-s808
mask_fragment,58ced0e286dfa2b04542a7873472fb4400aeb830,early_mask_fragment,256,752.380300022196,38400000,0.5,75000,1,sha256:1a43e0ddf8cc02438cc76d27ba1cce86da34109d2e43dcc8ed7c9d581b95b39d,9,sha256:41fa51d1a301152a891aa9e8378ec82065c64ce94547daa706d9124b7917ac5b,150000,20260717T120435635390Z,808,mask_fragment-n150000-w256-m0500-s808
mask_fragment,58ced0e286dfa2b04542a7873472fb4400aeb830,early_mask_fragment,256,767.0318000018597,38400000,0.5,75000,0,sha256:1a43e0ddf8cc02438cc76d27ba1cce86da34109d2e43dcc8ed7c9d581b95b39d,10,sha256:41fa51d1a301152a891aa9e8378ec82065c64ce94547daa706d9124b7917ac5b,150000,20260717T120435635390Z,808,mask_fragment-n150000-w256-m0500-s808
mask_fragment,58ced0e286dfa2b04542a7873472fb4400aeb830,late_mask_fragment,256,506.22139999177307,38400000,0.5,75000,1,sha256:18bd7fb3b6d02ff88c53bf4a74124c631590d7e276f031a9034dc7f9cb857902,10,sha256:41fa51d1a301152a891aa9e8378ec82065c64ce94547daa706d9124b7917ac5b,150000,20260717T120435635390Z,808,mask_fragment-n150000-w256-m0500-s808
mask_fragment,58ced0e286dfa2b04542a7873472fb4400aeb830,late_mask_fragment,256,498.98219999158755,38400000,0.5,75000,0,sha256:18bd7fb3b6d02ff88c53bf4a74124c631590d7e276f031a9034dc7f9cb857902,11,sha256:41fa51d1a301152a891aa9e8378ec82065c64ce94547daa706d9124b7917ac5b,150000,20260717T120435635390Z,808,mask_fragment-n150000-w256-m0500-s808
mask_fragment,58ced0e286dfa2b04542a7873472fb4400aeb830,early_mask_fragment,256,658.7111999979243,38400000,0.5,75000,1,sha256:1a43e0ddf8cc02438cc76d27ba1cce86da34109d2e43dcc8ed7c9d581b95b39d,11,sha256:41fa51d1a301152a891aa9e8378ec82065c64ce94547daa706d9124b7917ac5b,150000,20260717T120435635390Z,808,mask_fragment-n150000-w256-m0500-s808
mask_fragment,58ced0e286dfa2b04542a7873472fb4400aeb830,early_mask_fragment,256,642.1747000422329,38400000,0.5,75000,0,sha256:1a43e0ddf8cc02438cc76d27ba1cce86da34109d2e43dcc8ed7c9d581b95b39d,12,sha256:41fa51d1a301152a891aa9e8378ec82065c64ce94547daa706d9124b7917ac5b,150000,20260717T120435635390Z,808,mask_fragment-n150000-w256-m0500-s808
mask_fragment,58ced0e286dfa2b04542a7873472fb4400aeb830,late_mask_fragment,256,414.33699999470264,38400000,0.5,75000,1,sha256:18bd7fb3b6d02ff88c53bf4a74124c631590d7e276f031a9034dc7f9cb857902,12,sha256:41fa51d1a301152a891aa9e8378ec82065c64ce94547daa706d9124b7917ac5b,150000,20260717T120435635390Z,808,mask_fragment-n150000-w256-m0500-s808
mask_fragment,58ced0e286dfa2b04542a7873472fb4400aeb830,late_mask_fragment,256,420.7797999843024,38400000,0.5,75000,0,sha256:18bd7fb3b6d02ff88c53bf4a74124c631590d7e276f031a9034dc7f9cb857902,13,sha256:41fa51d1a301152a891aa9e8378ec82065c64ce94547daa706d9124b7917ac5b,150000,20260717T120435635390Z,808,mask_fragment-n150000-w256-m0500-s808
mask_fragment,58ced0e286dfa2b04542a7873472fb4400aeb830,early_mask_fragment,256,760.7823999715038,38400000,0.5,75000,1,sha256:1a43e0ddf8cc02438cc76d27ba1cce86da34109d2e43dcc8ed7c9d581b95b39d,13,sha256:41fa51d1a301152a891aa9e8378ec82065c64ce94547daa706d9124b7917ac5b,150000,20260717T120435635390Z,808,mask_fragment-n150000-w256-m0500-s808
mask_fragment,58ced0e286dfa2b04542a7873472fb4400aeb830,early_mask_fragment,256,760.6872000033036,38400000,0.5,75000,0,sha256:1a43e0ddf8cc02438cc76d27ba1cce86da34109d2e43dcc8ed7c9d581b95b39d,14,sha256:41fa51d1a301152a891aa9e8378ec82065c64ce94547daa706d9124b7917ac5b,150000,20260717T120435635390Z,808,mask_fragment-n150000-w256-m0500-s808
mask_fragment,58ced0e286dfa2b04542a7873472fb4400aeb830,late_mask_fragment,256,450.35050000296906,38400000,0.5,75000,1,sha256:18bd7fb3b6d02ff88c53bf4a74124c631590d7e276f031a9034dc7f9cb857902,14,sha256:41fa51d1a301152a891aa9e8378ec82065c64ce94547daa706d9124b7917ac5b,150000,20260717T120435635390Z,808,mask_fragment-n150000-w256-m0500-s808
mask_fragment,58ced0e286dfa2b04542a7873472fb4400aeb830,early_mask_fragment,256,691.588000045158,38400000,0.5,75000,0,sha256:1a43e0ddf8cc02438cc76d27ba1cce86da34109d2e43dcc8ed7c9d581b95b39d,0,sha256:38846939b07bfaa9beb861477b01b732346018feab1fc621f082ad0ccf69f047,150000,20260717T120435635390Z,909,mask_fragment-n150000-w256-m0500-s909
mask_fragment,58ced0e286dfa2b04542a7873472fb4400aeb830,late_mask_fragment,256,476.0935999802314,38400000,0.5,75000,1,sha256:18bd7fb3b6d02ff88c53bf4a74124c631590d7e276f031a9034dc7f9cb857902,0,sha256:38846939b07bfaa9beb861477b01b732346018feab1fc621f082ad0ccf69f047,150000,20260717T120435635390Z,909,mask_fragment-n150000-w256-m0500-s909
mask_fragment,58ced0e286dfa2b04542a7873472fb4400aeb830,late_mask_fragment,256,465.59669997077435,38400000,0.5,75000,0,sha256:18bd7fb3b6d02ff88c53bf4a74124c631590d7e276f031a9034dc7f9cb857902,1,sha256:38846939b07bfaa9beb861477b01b732346018feab1fc621f082ad0ccf69f047,150000,20260717T120435635390Z,909,mask_fragment-n150000-w256-m0500-s909
mask_fragment,58ced0e286dfa2b04542a7873472fb4400aeb830,early_mask_fragment,256,667.4158999812789,38400000,0.5,75000,1,sha256:1a43e0ddf8cc02438cc76d27ba1cce86da34109d2e43dcc8ed7c9d581b95b39d,1,sha256:38846939b07bfaa9beb861477b01b732346018feab1fc621f082ad0ccf69f047,150000,20260717T120435635390Z,909,mask_fragment-n150000-w256-m0500-s909
mask_fragment,58ced0e286dfa2b04542a7873472fb4400aeb830,early_mask_fragment,256,750.8704999927431,38400000,0.5,75000,0,sha256:1a43e0ddf8cc02438cc76d27ba1cce86da34109d2e43dcc8ed7c9d581b95b39d,2,sha256:38846939b07bfaa9beb861477b01b732346018feab1fc621f082ad0ccf69f047,150000,20260717T120435635390Z,909,mask_fragment-n150000-w256-m0500-s909
mask_fragment,58ced0e286dfa2b04542a7873472fb4400aeb830,late_mask_fragment,256,438.13350005075336,38400000,0.5,75000,1,sha256:18bd7fb3b6d02ff88c53bf4a74124c631590d7e276f031a9034dc7f9cb857902,2,sha256:38846939b07bfaa9beb861477b01b732346018feab1fc621f082ad0ccf69f047,150000,20260717T120435635390Z,909,mask_fragment-n150000-w256-m0500-s909
mask_fragment,58ced0e286dfa2b04542a7873472fb4400aeb830,late_mask_fragment,256,415.67449999274686,38400000,0.5,75000,0,sha256:18bd7fb3b6d02ff88c53bf4a74124c631590d7e276f031a9034dc7f9cb857902,3,sha256:38846939b07bfaa9beb861477b01b732346018feab1fc621f082ad0ccf69f047,150000,20260717T120435635390Z,909,mask_fragment-n150000-w256-m0500-s909
mask_fragment,58ced0e286dfa2b04542a7873472fb4400aeb830,early_mask_fragment,256,666.8972999905236,38400000,0.5,75000,1,sha256:1a43e0ddf8cc02438cc76d27ba1cce86da34109d2e43dcc8ed7c9d581b95b39d,3,sha256:38846939b07bfaa9beb861477b01b732346018feab1fc621f082ad0ccf69f047,150000,20260717T120435635390Z,909,mask_fragment-n150000-w256-m0500-s909
mask_fragment,58ced0e286dfa2b04542a7873472fb4400aeb830,early_mask_fragment,256,650.7784000132233,38400000,0.5,75000,0,sha256:1a43e0ddf8cc02438cc76d27ba1cce86da34109d2e43dcc8ed7c9d581b95b39d,4,sha256:38846939b07bfaa9beb861477b01b732346018feab1fc621f082ad0ccf69f047,150000,20260717T120435635390Z,909,mask_fragment-n150000-w256-m0500-s909
mask_fragment,58ced0e286dfa2b04542a7873472fb4400aeb830,late_mask_fragment,256,461.2745000049472,38400000,0.5,75000,1,sha256:18bd7fb3b6d02ff88c53bf4a74124c631590d7e276f031a9034dc7f9cb857902,4,sha256:38846939b07bfaa9beb861477b01b732346018feab1fc621f082ad0ccf69f047,150000,20260717T120435635390Z,909,mask_fragment-n150000-w256-m0500-s909
mask_fragment,58ced0e286dfa2b04542a7873472fb4400aeb830,late_mask_fragment,256,491.48079997394234,38400000,0.5,75000,0,sha256:18bd7fb3b6d02ff88c53bf4a74124c631590d7e276f031a9034dc7f9cb857902,5,sha256:38846939b07bfaa9beb861477b01b732346018feab1fc621f082ad0ccf69f047,150000,20260717T120435635390Z,909,mask_fragment-n150000-w256-m0500-s909
mask_fragment,58ced0e286dfa2b04542a7873472fb4400aeb830,early_mask_fragment,256,718.5219000093639,38400000,0.5,75000,1,sha256:1a43e0ddf8cc02438cc76d27ba1cce86da34109d2e43dcc8ed7c9d581b95b39d,5,sha256:38846939b07bfaa9beb861477b01b732346018feab1fc621f082ad0ccf69f047,150000,20260717T120435635390Z,909,mask_fragment-n150000-w256-m0500-s909
mask_fragment,58ced0e286dfa2b04542a7873472fb4400aeb830,early_mask_fragment,256,750.7243999862112,38400000,0.5,75000,0,sha256:1a43e0ddf8cc02438cc76d27ba1cce86da34109d2e43dcc8ed7c9d581b95b39d,6,sha256:38846939b07bfaa9beb861477b01b732346018feab1fc621f082ad0ccf69f047,150000,20260717T120435635390Z,909,mask_fragment-n150000-w256-m0500-s909
mask_fragment,58ced0e286dfa2b04542a7873472fb4400aeb830,late_mask_fragment,256,506.3887999858707,38400000,0.5,75000,1,sha256:18bd7fb3b6d02ff88c53bf4a74124c631590d7e276f031a9034dc7f9cb857902,6,sha256:38846939b07bfaa9beb861477b01b732346018feab1fc621f082ad0ccf69f047,150000,20260717T120435635390Z,909,mask_fragment-n150000-w256-m0500-s909
mask_fragment,58ced0e286dfa2b04542a7873472fb4400aeb830,late_mask_fragment,256,436.3664000411518,38400000,0.5,75000,0,sha256:18bd7fb3b6d02ff88c53bf4a74124c631590d7e276f031a9034dc7f9cb857902,7,sha256:38846939b07bfaa9beb861477b01b732346018feab1fc621f082ad0ccf69f047,150000,20260717T120435635390Z,909,mask_fragment-n150000-w256-m0500-s909
mask_fragment,58ced0e286dfa2b04542a7873472fb4400aeb830,early_mask_fragment,256,724.9281000113115,38400000,0.5,75000,1,sha256:1a43e0ddf8cc02438cc76d27ba1cce86da34109d2e43dcc8ed7c9d581b95b39d,7,sha256:38846939b07bfaa9beb861477b01b732346018feab1fc621f082ad0ccf69f047,150000,20260717T120435635390Z,909,mask_fragment-n150000-w256-m0500-s909
mask_fragment,58ced0e286dfa2b04542a7873472fb4400aeb830,early_mask_fragment,256,694.1321000340395,38400000,0.5,75000,0,sha256:1a43e0ddf8cc02438cc76d27ba1cce86da34109d2e43dcc8ed7c9d581b95b39d,8,sha256:38846939b07bfaa9beb861477b01b732346018feab1fc621f082ad0ccf69f047,150000,20260717T120435635390Z,909,mask_fragment-n150000-w256-m0500-s909
mask_fragment,58ced0e286dfa2b04542a7873472fb4400aeb830,late_mask_fragment,256,487.6253000111319,38400000,0.5,75000,1,sha256:18bd7fb3b6d02ff88c53bf4a74124c631590d7e276f031a9034dc7f9cb857902,8,sha256:38846939b07bfaa9beb861477b01b732346018feab1fc621f082ad0ccf69f047,150000,20260717T120435635390Z,909,mask_fragment-n150000-w256-m0500-s909
mask_fragment,58ced0e286dfa2b04542a7873472fb4400aeb830,late_mask_fragment,256,496.3604000513442,38400000,0.5,75000,0,sha256:18bd7fb3b6d02ff88c53bf4a74124c631590d7e276f031a9034dc7f9cb857902,9,sha256:38846939b07bfaa9beb861477b01b732346018feab1fc621f082ad0ccf69f047,150000,20260717T120435635390Z,909,mask_fragment-n150000-w256-m0500-s909
mask_fragment,58ced0e286dfa2b04542a7873472fb4400aeb830,early_mask_fragment,256,645.9614999475889,38400000,0.5,75000,1,sha256:1a43e0ddf8cc02438cc76d27ba1cce86da34109d2e43dcc8ed7c9d581b95b39d,9,sha256:38846939b07bfaa9beb861477b01b732346018feab1fc621f082ad0ccf69f047,150000,20260717T120435635390Z,909,mask_fragment-n150000-w256-m0500-s909
mask_fragment,58ced0e286dfa2b04542a7873472fb4400aeb830,early_mask_fragment,256,822.4882999784313,38400000,0.5,75000,0,sha256:1a43e0ddf8cc02438cc76d27ba1cce86da34109d2e43dcc8ed7c9d581b95b39d,10,sha256:38846939b07bfaa9beb861477b01b732346018feab1fc621f082ad0ccf69f047,150000,20260717T120435635390Z,909,mask_fragment-n150000-w256-m0500-s909
mask_fragment,58ced0e286dfa2b04542a7873472fb4400aeb830,late_mask_fragment,256,498.38009994709864,38400000,0.5,75000,1,sha256:18bd7fb3b6d02ff88c53bf4a74124c631590d7e276f031a9034dc7f9cb857902,10,sha256:38846939b07bfaa9beb861477b01b732346018feab1fc621f082ad0ccf69f047,150000,20260717T120435635390Z,909,mask_fragment-n150000-w256-m0500-s909
mask_fragment,58ced0e286dfa2b04542a7873472fb4400aeb830,late_mask_fragment,256,494.78099995758384,38400000,0.5,75000,0,sha256:18bd7fb3b6d02ff88c53bf4a74124c631590d7e276f031a9034dc7f9cb857902,11,sha256:38846939b07bfaa9beb861477b01b732346018feab1fc621f082ad0ccf69f047,150000,20260717T120435635390Z,909,mask_fragment-n150000-w256-m0500-s909
mask_fragment,58ced0e286dfa2b04542a7873472fb4400aeb830,early_mask_fragment,256,826.0393999516964,38400000,0.5,75000,1,sha256:1a43e0ddf8cc02438cc76d27ba1cce86da34109d2e43dcc8ed7c9d581b95b39d,11,sha256:38846939b07bfaa9beb861477b01b732346018feab1fc621f082ad0ccf69f047,150000,20260717T120435635390Z,909,mask_fragment-n150000-w256-m0500-s909
mask_fragment,58ced0e286dfa2b04542a7873472fb4400aeb830,early_mask_fragment,256,764.3797000055201,38400000,0.5,75000,0,sha256:1a43e0ddf8cc02438cc76d27ba1cce86da34109d2e43dcc8ed7c9d581b95b39d,12,sha256:38846939b07bfaa9beb861477b01b732346018feab1fc621f082ad0ccf69f047,150000,20260717T120435635390Z,909,mask_fragment-n150000-w256-m0500-s909
mask_fragment,58ced0e286dfa2b04542a7873472fb4400aeb830,late_mask_fragment,256,412.8976999782026,38400000,0.5,75000,1,sha256:18bd7fb3b6d02ff88c53bf4a74124c631590d7e276f031a9034dc7f9cb857902,12,sha256:38846939b07bfaa9beb861477b01b732346018feab1fc621f082ad0ccf69f047,150000,20260717T120435635390Z,909,mask_fragment-n150000-w256-m0500-s909
mask_fragment,58ced0e286dfa2b04542a7873472fb4400aeb830,late_mask_fragment,256,469.3688999977894,38400000,0.5,75000,0,sha256:18bd7fb3b6d02ff88c53bf4a74124c631590d7e276f031a9034dc7f9cb857902,13,sha256:38846939b07bfaa9beb861477b01b732346018feab1fc621f082ad0ccf69f047,150000,20260717T120435635390Z,909,mask_fragment-n150000-w256-m0500-s909
mask_fragment,58ced0e286dfa2b04542a7873472fb4400aeb830,early_mask_fragment,256,770.7365999813192,38400000,0.5,75000,1,sha256:1a43e0ddf8cc02438cc76d27ba1cce86da34109d2e43dcc8ed7c9d581b95b39d,13,sha256:38846939b07bfaa9beb861477b01b732346018feab1fc621f082ad0ccf69f047,150000,20260717T120435635390Z,909,mask_fragment-n150000-w256-m0500-s909
mask_fragment,58ced0e286dfa2b04542a7873472fb4400aeb830,early_mask_fragment,256,762.7573999925517,38400000,0.5,75000,0,sha256:1a43e0ddf8cc02438cc76d27ba1cce86da34109d2e43dcc8ed7c9d581b95b39d,14,sha256:38846939b07bfaa9beb861477b01b732346018feab1fc621f082ad0ccf69f047,150000,20260717T120435635390Z,909,mask_fragment-n150000-w256-m0500-s909
mask_fragment,58ced0e286dfa2b04542a7873472fb4400aeb830,late_mask_fragment,256,435.6227000243962,38400000,0.5,75000,1,sha256:18bd7fb3b6d02ff88c53bf4a74124c631590d7e276f031a9034dc7f9cb857902,14,sha256:38846939b07bfaa9beb861477b01b732346018feab1fc621f082ad0ccf69f047,150000,20260717T120435635390Z,909,mask_fragment-n150000-w256-m0500-s909
mask_fragment,58ced0e286dfa2b04542a7873472fb4400aeb830,late_mask_fragment,256,747.5517999846488,38400000,1.0,150000,0,sha256:92b825cb6ca6efd8c921ae328d9dcd567e5fc1cecda65d185180a168e33b45c9,0,sha256:07542a02f04158b8210963df7d9a363246d9c001806b85d4c1332654624e21d9,150000,20260717T120435635390Z,707,mask_fragment-n150000-w256-m1000-s707
mask_fragment,58ced0e286dfa2b04542a7873472fb4400aeb830,early_mask_fragment,256,732.9795999685302,38400000,1.0,150000,1,sha256:1a43e0ddf8cc02438cc76d27ba1cce86da34109d2e43dcc8ed7c9d581b95b39d,0,sha256:07542a02f04158b8210963df7d9a363246d9c001806b85d4c1332654624e21d9,150000,20260717T120435635390Z,707,mask_fragment-n150000-w256-m1000-s707
mask_fragment,58ced0e286dfa2b04542a7873472fb4400aeb830,early_mask_fragment,256,787.6514000236057,38400000,1.0,150000,0,sha256:1a43e0ddf8cc02438cc76d27ba1cce86da34109d2e43dcc8ed7c9d581b95b39d,1,sha256:07542a02f04158b8210963df7d9a363246d9c001806b85d4c1332654624e21d9,150000,20260717T120435635390Z,707,mask_fragment-n150000-w256-m1000-s707
mask_fragment,58ced0e286dfa2b04542a7873472fb4400aeb830,late_mask_fragment,256,790.6159000121988,38400000,1.0,150000,1,sha256:92b825cb6ca6efd8c921ae328d9dcd567e5fc1cecda65d185180a168e33b45c9,1,sha256:07542a02f04158b8210963df7d9a363246d9c001806b85d4c1332654624e21d9,150000,20260717T120435635390Z,707,mask_fragment-n150000-w256-m1000-s707
mask_fragment,58ced0e286dfa2b04542a7873472fb4400aeb830,late_mask_fragment,256,859.6479999832809,38400000,1.0,150000,0,sha256:92b825cb6ca6efd8c921ae328d9dcd567e5fc1cecda65d185180a168e33b45c9,2,sha256:07542a02f04158b8210963df7d9a363246d9c001806b85d4c1332654624e21d9,150000,20260717T120435635390Z,707,mask_fragment-n150000-w256-m1000-s707
mask_fragment,58ced0e286dfa2b04542a7873472fb4400aeb830,early_mask_fragment,256,711.5467999828979,38400000,1.0,150000,1,sha256:1a43e0ddf8cc02438cc76d27ba1cce86da34109d2e43dcc8ed7c9d581b95b39d,2,sha256:07542a02f04158b8210963df7d9a363246d9c001806b85d4c1332654624e21d9,150000,20260717T120435635390Z,707,mask_fragment-n150000-w256-m1000-s707
mask_fragment,58ced0e286dfa2b04542a7873472fb4400aeb830,early_mask_fragment,256,782.0567999733612,38400000,1.0,150000,0,sha256:1a43e0ddf8cc02438cc76d27ba1cce86da34109d2e43dcc8ed7c9d581b95b39d,3,sha256:07542a02f04158b8210963df7d9a363246d9c001806b85d4c1332654624e21d9,150000,20260717T120435635390Z,707,mask_fragment-n150000-w256-m1000-s707
mask_fragment,58ced0e286dfa2b04542a7873472fb4400aeb830,late_mask_fragment,256,898.5309999552555,38400000,1.0,150000,1,sha256:92b825cb6ca6efd8c921ae328d9dcd567e5fc1cecda65d185180a168e33b45c9,3,sha256:07542a02f04158b8210963df7d9a363246d9c001806b85d4c1332654624e21d9,150000,20260717T120435635390Z,707,mask_fragment-n150000-w256-m1000-s707
mask_fragment,58ced0e286dfa2b04542a7873472fb4400aeb830,late_mask_fragment,256,899.2408000049181,38400000,1.0,150000,0,sha256:92b825cb6ca6efd8c921ae328d9dcd567e5fc1cecda65d185180a168e33b45c9,4,sha256:07542a02f04158b8210963df7d9a363246d9c001806b85d4c1332654624e21d9,150000,20260717T120435635390Z,707,mask_fragment-n150000-w256-m1000-s707
mask_fragment,58ced0e286dfa2b04542a7873472fb4400aeb830,early_mask_fragment,256,782.5340999988839,38400000,1.0,150000,1,sha256:1a43e0ddf8cc02438cc76d27ba1cce86da34109d2e43dcc8ed7c9d581b95b39d,4,sha256:07542a02f04158b8210963df7d9a363246d9c001806b85d4c1332654624e21d9,150000,20260717T120435635390Z,707,mask_fragment-n150000-w256-m1000-s707
mask_fragment,58ced0e286dfa2b04542a7873472fb4400aeb830,early_mask_fragment,256,885.418199992273,38400000,1.0,150000,0,sha256:1a43e0ddf8cc02438cc76d27ba1cce86da34109d2e43dcc8ed7c9d581b95b39d,5,sha256:07542a02f04158b8210963df7d9a363246d9c001806b85d4c1332654624e21d9,150000,20260717T120435635390Z,707,mask_fragment-n150000-w256-m1000-s707
mask_fragment,58ced0e286dfa2b04542a7873472fb4400aeb830,late_mask_fragment,256,982.1157999685965,38400000,1.0,150000,1,sha256:92b825cb6ca6efd8c921ae328d9dcd567e5fc1cecda65d185180a168e33b45c9,5,sha256:07542a02f04158b8210963df7d9a363246d9c001806b85d4c1332654624e21d9,150000,20260717T120435635390Z,707,mask_fragment-n150000-w256-m1000-s707
mask_fragment,58ced0e286dfa2b04542a7873472fb4400aeb830,late_mask_fragment,256,778.4402000252157,38400000,1.0,150000,0,sha256:92b825cb6ca6efd8c921ae328d9dcd567e5fc1cecda65d185180a168e33b45c9,6,sha256:07542a02f04158b8210963df7d9a363246d9c001806b85d4c1332654624e21d9,150000,20260717T120435635390Z,707,mask_fragment-n150000-w256-m1000-s707
mask_fragment,58ced0e286dfa2b04542a7873472fb4400aeb830,early_mask_fragment,256,699.2553999880329,38400000,1.0,150000,1,sha256:1a43e0ddf8cc02438cc76d27ba1cce86da34109d2e43dcc8ed7c9d581b95b39d,6,sha256:07542a02f04158b8210963df7d9a363246d9c001806b85d4c1332654624e21d9,150000,20260717T120435635390Z,707,mask_fragment-n150000-w256-m1000-s707
mask_fragment,58ced0e286dfa2b04542a7873472fb4400aeb830,early_mask_fragment,256,819.9746999889612,38400000,1.0,150000,0,sha256:1a43e0ddf8cc02438cc76d27ba1cce86da34109d2e43dcc8ed7c9d581b95b39d,7,sha256:07542a02f04158b8210963df7d9a363246d9c001806b85d4c1332654624e21d9,150000,20260717T120435635390Z,707,mask_fragment-n150000-w256-m1000-s707
mask_fragment,58ced0e286dfa2b04542a7873472fb4400aeb830,late_mask_fragment,256,914.2748999875039,38400000,1.0,150000,1,sha256:92b825cb6ca6efd8c921ae328d9dcd567e5fc1cecda65d185180a168e33b45c9,7,sha256:07542a02f04158b8210963df7d9a363246d9c001806b85d4c1332654624e21d9,150000,20260717T120435635390Z,707,mask_fragment-n150000-w256-m1000-s707
mask_fragment,58ced0e286dfa2b04542a7873472fb4400aeb830,late_mask_fragment,256,743.4594999649562,38400000,1.0,150000,0,sha256:92b825cb6ca6efd8c921ae328d9dcd567e5fc1cecda65d185180a168e33b45c9,8,sha256:07542a02f04158b8210963df7d9a363246d9c001806b85d4c1332654624e21d9,150000,20260717T120435635390Z,707,mask_fragment-n150000-w256-m1000-s707
mask_fragment,58ced0e286dfa2b04542a7873472fb4400aeb830,early_mask_fragment,256,687.9327999777161,38400000,1.0,150000,1,sha256:1a43e0ddf8cc02438cc76d27ba1cce86da34109d2e43dcc8ed7c9d581b95b39d,8,sha256:07542a02f04158b8210963df7d9a363246d9c001806b85d4c1332654624e21d9,150000,20260717T120435635390Z,707,mask_fragment-n150000-w256-m1000-s707
mask_fragment,58ced0e286dfa2b04542a7873472fb4400aeb830,early_mask_fragment,256,805.4455000092275,38400000,1.0,150000,0,sha256:1a43e0ddf8cc02438cc76d27ba1cce86da34109d2e43dcc8ed7c9d581b95b39d,9,sha256:07542a02f04158b8210963df7d9a363246d9c001806b85d4c1332654624e21d9,150000,20260717T120435635390Z,707,mask_fragment-n150000-w256-m1000-s707
mask_fragment,58ced0e286dfa2b04542a7873472fb4400aeb830,late_mask_fragment,256,809.9179000128061,38400000,1.0,150000,1,sha256:92b825cb6ca6efd8c921ae328d9dcd567e5fc1cecda65d185180a168e33b45c9,9,sha256:07542a02f04158b8210963df7d9a363246d9c001806b85d4c1332654624e21d9,150000,20260717T120435635390Z,707,mask_fragment-n150000-w256-m1000-s707
mask_fragment,58ced0e286dfa2b04542a7873472fb4400aeb830,late_mask_fragment,256,763.0447000265121,38400000,1.0,150000,0,sha256:92b825cb6ca6efd8c921ae328d9dcd567e5fc1cecda65d185180a168e33b45c9,10,sha256:07542a02f04158b8210963df7d9a363246d9c001806b85d4c1332654624e21d9,150000,20260717T120435635390Z,707,mask_fragment-n150000-w256-m1000-s707
mask_fragment,58ced0e286dfa2b04542a7873472fb4400aeb830,early_mask_fragment,256,942.3245000070892,38400000,1.0,150000,1,sha256:1a43e0ddf8cc02438cc76d27ba1cce86da34109d2e43dcc8ed7c9d581b95b39d,10,sha256:07542a02f04158b8210963df7d9a363246d9c001806b85d4c1332654624e21d9,150000,20260717T120435635390Z,707,mask_fragment-n150000-w256-m1000-s707
mask_fragment,58ced0e286dfa2b04542a7873472fb4400aeb830,early_mask_fragment,256,917.0599000062793,38400000,1.0,150000,0,sha256:1a43e0ddf8cc02438cc76d27ba1cce86da34109d2e43dcc8ed7c9d581b95b39d,11,sha256:07542a02f04158b8210963df7d9a363246d9c001806b85d4c1332654624e21d9,150000,20260717T120435635390Z,707,mask_fragment-n150000-w256-m1000-s707
mask_fragment,58ced0e286dfa2b04542a7873472fb4400aeb830,late_mask_fragment,256,1063.8738000416197,38400000,1.0,150000,1,sha256:92b825cb6ca6efd8c921ae328d9dcd567e5fc1cecda65d185180a168e33b45c9,11,sha256:07542a02f04158b8210963df7d9a363246d9c001806b85d4c1332654624e21d9,150000,20260717T120435635390Z,707,mask_fragment-n150000-w256-m1000-s707
mask_fragment,58ced0e286dfa2b04542a7873472fb4400aeb830,late_mask_fragment,256,1044.5355999981984,38400000,1.0,150000,0,sha256:92b825cb6ca6efd8c921ae328d9dcd567e5fc1cecda65d185180a168e33b45c9,12,sha256:07542a02f04158b8210963df7d9a363246d9c001806b85d4c1332654624e21d9,150000,20260717T120435635390Z,707,mask_fragment-n150000-w256-m1000-s707
mask_fragment,58ced0e286dfa2b04542a7873472fb4400aeb830,early_mask_fragment,256,925.9332999936305,38400000,1.0,150000,1,sha256:1a43e0ddf8cc02438cc76d27ba1cce86da34109d2e43dcc8ed7c9d581b95b39d,12,sha256:07542a02f04158b8210963df7d9a363246d9c001806b85d4c1332654624e21d9,150000,20260717T120435635390Z,707,mask_fragment-n150000-w256-m1000-s707
mask_fragment,58ced0e286dfa2b04542a7873472fb4400aeb830,early_mask_fragment,256,745.2047999831848,38400000,1.0,150000,0,sha256:1a43e0ddf8cc02438cc76d27ba1cce86da34109d2e43dcc8ed7c9d581b95b39d,13,sha256:07542a02f04158b8210963df7d9a363246d9c001806b85d4c1332654624e21d9,150000,20260717T120435635390Z,707,mask_fragment-n150000-w256-m1000-s707
mask_fragment,58ced0e286dfa2b04542a7873472fb4400aeb830,late_mask_fragment,256,825.1438000006601,38400000,1.0,150000,1,sha256:92b825cb6ca6efd8c921ae328d9dcd567e5fc1cecda65d185180a168e33b45c9,13,sha256:07542a02f04158b8210963df7d9a363246d9c001806b85d4c1332654624e21d9,150000,20260717T120435635390Z,707,mask_fragment-n150000-w256-m1000-s707
mask_fragment,58ced0e286dfa2b04542a7873472fb4400aeb830,late_mask_fragment,256,712.6364000141621,38400000,1.0,150000,0,sha256:92b825cb6ca6efd8c921ae328d9dcd567e5fc1cecda65d185180a168e33b45c9,14,sha256:07542a02f04158b8210963df7d9a363246d9c001806b85d4c1332654624e21d9,150000,20260717T120435635390Z,707,mask_fragment-n150000-w256-m1000-s707
mask_fragment,58ced0e286dfa2b04542a7873472fb4400aeb830,early_mask_fragment,256,711.4848000346683,38400000,1.0,150000,1,sha256:1a43e0ddf8cc02438cc76d27ba1cce86da34109d2e43dcc8ed7c9d581b95b39d,14,sha256:07542a02f04158b8210963df7d9a363246d9c001806b85d4c1332654624e21d9,150000,20260717T120435635390Z,707,mask_fragment-n150000-w256-m1000-s707
mask_fragment,58ced0e286dfa2b04542a7873472fb4400aeb830,early_mask_fragment,256,827.7457999647595,38400000,1.0,150000,0,sha256:1a43e0ddf8cc02438cc76d27ba1cce86da34109d2e43dcc8ed7c9d581b95b39d,0,sha256:1fa69d7adab91cb388d452f6c389e52837097c856493bfd54a186d0e89a953e8,150000,20260717T120435635390Z,808,mask_fragment-n150000-w256-m1000-s808
mask_fragment,58ced0e286dfa2b04542a7873472fb4400aeb830,late_mask_fragment,256,887.5815999926999,38400000,1.0,150000,1,sha256:92b825cb6ca6efd8c921ae328d9dcd567e5fc1cecda65d185180a168e33b45c9,0,sha256:1fa69d7adab91cb388d452f6c389e52837097c856493bfd54a186d0e89a953e8,150000,20260717T120435635390Z,808,mask_fragment-n150000-w256-m1000-s808
mask_fragment,58ced0e286dfa2b04542a7873472fb4400aeb830,late_mask_fragment,256,781.5186000079848,38400000,1.0,150000,0,sha256:92b825cb6ca6efd8c921ae328d9dcd567e5fc1cecda65d185180a168e33b45c9,1,sha256:1fa69d7adab91cb388d452f6c389e52837097c856493bfd54a186d0e89a953e8,150000,20260717T120435635390Z,808,mask_fragment-n150000-w256-m1000-s808
mask_fragment,58ced0e286dfa2b04542a7873472fb4400aeb830,early_mask_fragment,256,724.2816000361927,38400000,1.0,150000,1,sha256:1a43e0ddf8cc02438cc76d27ba1cce86da34109d2e43dcc8ed7c9d581b95b39d,1,sha256:1fa69d7adab91cb388d452f6c389e52837097c856493bfd54a186d0e89a953e8,150000,20260717T120435635390Z,808,mask_fragment-n150000-w256-m1000-s808
mask_fragment,58ced0e286dfa2b04542a7873472fb4400aeb830,early_mask_fragment,256,727.7452999842353,38400000,1.0,150000,0,sha256:1a43e0ddf8cc02438cc76d27ba1cce86da34109d2e43dcc8ed7c9d581b95b39d,2,sha256:1fa69d7adab91cb388d452f6c389e52837097c856493bfd54a186d0e89a953e8,150000,20260717T120435635390Z,808,mask_fragment-n150000-w256-m1000-s808
mask_fragment,58ced0e286dfa2b04542a7873472fb4400aeb830,late_mask_fragment,256,721.2271000025794,38400000,1.0,150000,1,sha256:92b825cb6ca6efd8c921ae328d9dcd567e5fc1cecda65d185180a168e33b45c9,2,sha256:1fa69d7adab91cb388d452f6c389e52837097c856493bfd54a186d0e89a953e8,150000,20260717T120435635390Z,808,mask_fragment-n150000-w256-m1000-s808
mask_fragment,58ced0e286dfa2b04542a7873472fb4400aeb830,late_mask_fragment,256,709.4647999620065,38400000,1.0,150000,0,sha256:92b825cb6ca6efd8c921ae328d9dcd567e5fc1cecda65d185180a168e33b45c9,3,sha256:1fa69d7adab91cb388d452f6c389e52837097c856493bfd54a186d0e89a953e8,150000,20260717T120435635390Z,808,mask_fragment-n150000-w256-m1000-s808
mask_fragment,58ced0e286dfa2b04542a7873472fb4400aeb830,early_mask_fragment,256,757.665499986615,38400000,1.0,150000,1,sha256:1a43e0ddf8cc02438cc76d27ba1cce86da34109d2e43dcc8ed7c9d581b95b39d,3,sha256:1fa69d7adab91cb388d452f6c389e52837097c856493bfd54a186d0e89a953e8,150000,20260717T120435635390Z,808,mask_fragment-n150000-w256-m1000-s808
mask_fragment,58ced0e286dfa2b04542a7873472fb4400aeb830,early_mask_fragment,256,751.6180999809876,38400000,1.0,150000,0,sha256:1a43e0ddf8cc02438cc76d27ba1cce86da34109d2e43dcc8ed7c9d581b95b39d,4,sha256:1fa69d7adab91cb388d452f6c389e52837097c856493bfd54a186d0e89a953e8,150000,20260717T120435635390Z,808,mask_fragment-n150000-w256-m1000-s808
mask_fragment,58ced0e286dfa2b04542a7873472fb4400aeb830,late_mask_fragment,256,827.1124999737367,38400000,1.0,150000,1,sha256:92b825cb6ca6efd8c921ae328d9dcd567e5fc1cecda65d185180a168e33b45c9,4,sha256:1fa69d7adab91cb388d452f6c389e52837097c856493bfd54a186d0e89a953e8,150000,20260717T120435635390Z,808,mask_fragment-n150000-w256-m1000-s808
mask_fragment,58ced0e286dfa2b04542a7873472fb4400aeb830,late_mask_fragment,256,732.9233000054955,38400000,1.0,150000,0,sha256:92b825cb6ca6efd8c921ae328d9dcd567e5fc1cecda65d185180a168e33b45c9,5,sha256:1fa69d7adab91cb388d452f6c389e52837097c856493bfd54a186d0e89a953e8,150000,20260717T120435635390Z,808,mask_fragment-n150000-w256-m1000-s808
mask_fragment,58ced0e286dfa2b04542a7873472fb4400aeb830,early_mask_fragment,256,798.8602999830619,38400000,1.0,150000,1,sha256:1a43e0ddf8cc02438cc76d27ba1cce86da34109d2e43dcc8ed7c9d581b95b39d,5,sha256:1fa69d7adab91cb388d452f6c389e52837097c856493bfd54a186d0e89a953e8,150000,20260717T120435635390Z,808,mask_fragment-n150000-w256-m1000-s808
mask_fragment,58ced0e286dfa2b04542a7873472fb4400aeb830,early_mask_fragment,256,730.4618000052869,38400000,1.0,150000,0,sha256:1a43e0ddf8cc02438cc76d27ba1cce86da34109d2e43dcc8ed7c9d581b95b39d,6,sha256:1fa69d7adab91cb388d452f6c389e52837097c856493bfd54a186d0e89a953e8,150000,20260717T120435635390Z,808,mask_fragment-n150000-w256-m1000-s808
mask_fragment,58ced0e286dfa2b04542a7873472fb4400aeb830,late_mask_fragment,256,1048.3968000044115,38400000,1.0,150000,1,sha256:92b825cb6ca6efd8c921ae328d9dcd567e5fc1cecda65d185180a168e33b45c9,6,sha256:1fa69d7adab91cb388d452f6c389e52837097c856493bfd54a186d0e89a953e8,150000,20260717T120435635390Z,808,mask_fragment-n150000-w256-m1000-s808
mask_fragment,58ced0e286dfa2b04542a7873472fb4400aeb830,late_mask_fragment,256,1051.3532000477426,38400000,1.0,150000,0,sha256:92b825cb6ca6efd8c921ae328d9dcd567e5fc1cecda65d185180a168e33b45c9,7,sha256:1fa69d7adab91cb388d452f6c389e52837097c856493bfd54a186d0e89a953e8,150000,20260717T120435635390Z,808,mask_fragment-n150000-w256-m1000-s808
mask_fragment,58ced0e286dfa2b04542a7873472fb4400aeb830,early_mask_fragment,256,959.0798999997787,38400000,1.0,150000,1,sha256:1a43e0ddf8cc02438cc76d27ba1cce86da34109d2e43dcc8ed7c9d581b95b39d,7,sha256:1fa69d7adab91cb388d452f6c389e52837097c856493bfd54a186d0e89a953e8,150000,20260717T120435635390Z,808,mask_fragment-n150000-w256-m1000-s808
mask_fragment,58ced0e286dfa2b04542a7873472fb4400aeb830,early_mask_fragment,256,991.5859999600798,38400000,1.0,150000,0,sha256:1a43e0ddf8cc02438cc76d27ba1cce86da34109d2e43dcc8ed7c9d581b95b39d,8,sha256:1fa69d7adab91cb388d452f6c389e52837097c856493bfd54a186d0e89a953e8,150000,20260717T120435635390Z,808,mask_fragment-n150000-w256-m1000-s808
mask_fragment,58ced0e286dfa2b04542a7873472fb4400aeb830,late_mask_fragment,256,1042.7700000000186,38400000,1.0,150000,1,sha256:92b825cb6ca6efd8c921ae328d9dcd567e5fc1cecda65d185180a168e33b45c9,8,sha256:1fa69d7adab91cb388d452f6c389e52837097c856493bfd54a186d0e89a953e8,150000,20260717T120435635390Z,808,mask_fragment-n150000-w256-m1000-s808
mask_fragment,58ced0e286dfa2b04542a7873472fb4400aeb830,late_mask_fragment,256,827.5370000046678,38400000,1.0,150000,0,sha256:92b825cb6ca6efd8c921ae328d9dcd567e5fc1cecda65d185180a168e33b45c9,9,sha256:1fa69d7adab91cb388d452f6c389e52837097c856493bfd54a186d0e89a953e8,150000,20260717T120435635390Z,808,mask_fragment-n150000-w256-m1000-s808
mask_fragment,58ced0e286dfa2b04542a7873472fb4400aeb830,early_mask_fragment,256,749.030800012406,38400000,1.0,150000,1,sha256:1a43e0ddf8cc02438cc76d27ba1cce86da34109d2e43dcc8ed7c9d581b95b39d,9,sha256:1fa69d7adab91cb388d452f6c389e52837097c856493bfd54a186d0e89a953e8,150000,20260717T120435635390Z,808,mask_fragment-n150000-w256-m1000-s808
mask_fragment,58ced0e286dfa2b04542a7873472fb4400aeb830,early_mask_fragment,256,684.6452999743633,38400000,1.0,150000,0,sha256:1a43e0ddf8cc02438cc76d27ba1cce86da34109d2e43dcc8ed7c9d581b95b39d,10,sha256:1fa69d7adab91cb388d452f6c389e52837097c856493bfd54a186d0e89a953e8,150000,20260717T120435635390Z,808,mask_fragment-n150000-w256-m1000-s808
mask_fragment,58ced0e286dfa2b04542a7873472fb4400aeb830,late_mask_fragment,256,799.9855999951251,38400000,1.0,150000,1,sha256:92b825cb6ca6efd8c921ae328d9dcd567e5fc1cecda65d185180a168e33b45c9,10,sha256:1fa69d7adab91cb388d452f6c389e52837097c856493bfd54a186d0e89a953e8,150000,20260717T120435635390Z,808,mask_fragment-n150000-w256-m1000-s808
mask_fragment,58ced0e286dfa2b04542a7873472fb4400aeb830,late_mask_fragment,256,760.221799951978,38400000,1.0,150000,0,sha256:92b825cb6ca6efd8c921ae328d9dcd567e5fc1cecda65d185180a168e33b45c9,11,sha256:1fa69d7adab91cb388d452f6c389e52837097c856493bfd54a186d0e89a953e8,150000,20260717T120435635390Z,808,mask_fragment-n150000-w256-m1000-s808
mask_fragment,58ced0e286dfa2b04542a7873472fb4400aeb830,early_mask_fragment,256,668.4813000028953,38400000,1.0,150000,1,sha256:1a43e0ddf8cc02438cc76d27ba1cce86da34109d2e43dcc8ed7c9d581b95b39d,11,sha256:1fa69d7adab91cb388d452f6c389e52837097c856493bfd54a186d0e89a953e8,150000,20260717T120435635390Z,808,mask_fragment-n150000-w256-m1000-s808
mask_fragment,58ced0e286dfa2b04542a7873472fb4400aeb830,early_mask_fragment,256,763.7274999869987,38400000,1.0,150000,0,sha256:1a43e0ddf8cc02438cc76d27ba1cce86da34109d2e43dcc8ed7c9d581b95b39d,12,sha256:1fa69d7adab91cb388d452f6c389e52837097c856493bfd54a186d0e89a953e8,150000,20260717T120435635390Z,808,mask_fragment-n150000-w256-m1000-s808
mask_fragment,58ced0e286dfa2b04542a7873472fb4400aeb830,late_mask_fragment,256,710.9242000151426,38400000,1.0,150000,1,sha256:92b825cb6ca6efd8c921ae328d9dcd567e5fc1cecda65d185180a168e33b45c9,12,sha256:1fa69d7adab91cb388d452f6c389e52837097c856493bfd54a186d0e89a953e8,150000,20260717T120435635390Z,808,mask_fragment-n150000-w256-m1000-s808
mask_fragment,58ced0e286dfa2b04542a7873472fb4400aeb830,late_mask_fragment,256,890.1399000314996,38400000,1.0,150000,0,sha256:92b825cb6ca6efd8c921ae328d9dcd567e5fc1cecda65d185180a168e33b45c9,13,sha256:1fa69d7adab91cb388d452f6c389e52837097c856493bfd54a186d0e89a953e8,150000,20260717T120435635390Z,808,mask_fragment-n150000-w256-m1000-s808
mask_fragment,58ced0e286dfa2b04542a7873472fb4400aeb830,early_mask_fragment,256,691.4681000052951,38400000,1.0,150000,1,sha256:1a43e0ddf8cc02438cc76d27ba1cce86da34109d2e43dcc8ed7c9d581b95b39d,13,sha256:1fa69d7adab91cb388d452f6c389e52837097c856493bfd54a186d0e89a953e8,150000,20260717T120435635390Z,808,mask_fragment-n150000-w256-m1000-s808
mask_fragment,58ced0e286dfa2b04542a7873472fb4400aeb830,early_mask_fragment,256,709.918100037612,38400000,1.0,150000,0,sha256:1a43e0ddf8cc02438cc76d27ba1cce86da34109d2e43dcc8ed7c9d581b95b39d,14,sha256:1fa69d7adab91cb388d452f6c389e52837097c856493bfd54a186d0e89a953e8,150000,20260717T120435635390Z,808,mask_fragment-n150000-w256-m1000-s808
mask_fragment,58ced0e286dfa2b04542a7873472fb4400aeb830,late_mask_fragment,256,811.1437999759801,38400000,1.0,150000,1,sha256:92b825cb6ca6efd8c921ae328d9dcd567e5fc1cecda65d185180a168e33b45c9,14,sha256:1fa69d7adab91cb388d452f6c389e52837097c856493bfd54a186d0e89a953e8,150000,20260717T120435635390Z,808,mask_fragment-n150000-w256-m1000-s808
mask_fragment,58ced0e286dfa2b04542a7873472fb4400aeb830,late_mask_fragment,256,745.693199976813,38400000,1.0,150000,0,sha256:92b825cb6ca6efd8c921ae328d9dcd567e5fc1cecda65d185180a168e33b45c9,0,sha256:6210e8e5549d5e6d29f0a960c245c459725b3e89fee8f53eb9b930630ca920b5,150000,20260717T120435635390Z,909,mask_fragment-n150000-w256-m1000-s909
mask_fragment,58ced0e286dfa2b04542a7873472fb4400aeb830,early_mask_fragment,256,782.528400013689,38400000,1.0,150000,1,sha256:1a43e0ddf8cc02438cc76d27ba1cce86da34109d2e43dcc8ed7c9d581b95b39d,0,sha256:6210e8e5549d5e6d29f0a960c245c459725b3e89fee8f53eb9b930630ca920b5,150000,20260717T120435635390Z,909,mask_fragment-n150000-w256-m1000-s909
mask_fragment,58ced0e286dfa2b04542a7873472fb4400aeb830,early_mask_fragment,256,819.6312999934889,38400000,1.0,150000,0,sha256:1a43e0ddf8cc02438cc76d27ba1cce86da34109d2e43dcc8ed7c9d581b95b39d,1,sha256:6210e8e5549d5e6d29f0a960c245c459725b3e89fee8f53eb9b930630ca920b5,150000,20260717T120435635390Z,909,mask_fragment-n150000-w256-m1000-s909
mask_fragment,58ced0e286dfa2b04542a7873472fb4400aeb830,late_mask_fragment,256,732.3784999898635,38400000,1.0,150000,1,sha256:92b825cb6ca6efd8c921ae328d9dcd567e5fc1cecda65d185180a168e33b45c9,1,sha256:6210e8e5549d5e6d29f0a960c245c459725b3e89fee8f53eb9b930630ca920b5,150000,20260717T120435635390Z,909,mask_fragment-n150000-w256-m1000-s909
mask_fragment,58ced0e286dfa2b04542a7873472fb4400aeb830,late_mask_fragment,256,919.53640000429,38400000,1.0,150000,0,sha256:92b825cb6ca6efd8c921ae328d9dcd567e5fc1cecda65d185180a168e33b45c9,2,sha256:6210e8e5549d5e6d29f0a960c245c459725b3e89fee8f53eb9b930630ca920b5,150000,20260717T120435635390Z,909,mask_fragment-n150000-w256-m1000-s909
mask_fragment,58ced0e286dfa2b04542a7873472fb4400aeb830,early_mask_fragment,256,1020.3135999618098,38400000,1.0,150000,1,sha256:1a43e0ddf8cc02438cc76d27ba1cce86da34109d2e43dcc8ed7c9d581b95b39d,2,sha256:6210e8e5549d5e6d29f0a960c245c459725b3e89fee8f53eb9b930630ca920b5,150000,20260717T120435635390Z,909,mask_fragment-n150000-w256-m1000-s909
mask_fragment,58ced0e286dfa2b04542a7873472fb4400aeb830,early_mask_fragment,256,1018.3131999801844,38400000,1.0,150000,0,sha256:1a43e0ddf8cc02438cc76d27ba1cce86da34109d2e43dcc8ed7c9d581b95b39d,3,sha256:6210e8e5549d5e6d29f0a960c245c459725b3e89fee8f53eb9b930630ca920b5,150000,20260717T120435635390Z,909,mask_fragment-n150000-w256-m1000-s909
mask_fragment,58ced0e286dfa2b04542a7873472fb4400aeb830,late_mask_fragment,256,1122.7769000106491,38400000,1.0,150000,1,sha256:92b825cb6ca6efd8c921ae328d9dcd567e5fc1cecda65d185180a168e33b45c9,3,sha256:6210e8e5549d5e6d29f0a960c245c459725b3e89fee8f53eb9b930630ca920b5,150000,20260717T120435635390Z,909,mask_fragment-n150000-w256-m1000-s909
mask_fragment,58ced0e286dfa2b04542a7873472fb4400aeb830,late_mask_fragment,256,991.3126999745145,38400000,1.0,150000,0,sha256:92b825cb6ca6efd8c921ae328d9dcd567e5fc1cecda65d185180a168e33b45c9,4,sha256:6210e8e5549d5e6d29f0a960c245c459725b3e89fee8f53eb9b930630ca920b5,150000,20260717T120435635390Z,909,mask_fragment-n150000-w256-m1000-s909
mask_fragment,58ced0e286dfa2b04542a7873472fb4400aeb830,early_mask_fragment,256,740.1048999745399,38400000,1.0,150000,1,sha256:1a43e0ddf8cc02438cc76d27ba1cce86da34109d2e43dcc8ed7c9d581b95b39d,4,sha256:6210e8e5549d5e6d29f0a960c245c459725b3e89fee8f53eb9b930630ca920b5,150000,20260717T120435635390Z,909,mask_fragment-n150000-w256-m1000-s909
mask_fragment,58ced0e286dfa2b04542a7873472fb4400aeb830,early_mask_fragment,256,795.6539000151679,38400000,1.0,150000,0,sha256:1a43e0ddf8cc02438cc76d27ba1cce86da34109d2e43dcc8ed7c9d581b95b39d,5,sha256:6210e8e5549d5e6d29f0a960c245c459725b3e89fee8f53eb9b930630ca920b5,150000,20260717T120435635390Z,909,mask_fragment-n150000-w256-m1000-s909
mask_fragment,58ced0e286dfa2b04542a7873472fb4400aeb830,late_mask_fragment,256,914.7324000368826,38400000,1.0,150000,1,sha256:92b825cb6ca6efd8c921ae328d9dcd567e5fc1cecda65d185180a168e33b45c9,5,sha256:6210e8e5549d5e6d29f0a960c245c459725b3e89fee8f53eb9b930630ca920b5,150000,20260717T120435635390Z,909,mask_fragment-n150000-w256-m1000-s909
mask_fragment,58ced0e286dfa2b04542a7873472fb4400aeb830,late_mask_fragment,256,988.10090002371,38400000,1.0,150000,0,sha256:92b825cb6ca6efd8c921ae328d9dcd567e5fc1cecda65d185180a168e33b45c9,6,sha256:6210e8e5549d5e6d29f0a960c245c459725b3e89fee8f53eb9b930630ca920b5,150000,20260717T120435635390Z,909,mask_fragment-n150000-w256-m1000-s909
mask_fragment,58ced0e286dfa2b04542a7873472fb4400aeb830,early_mask_fragment,256,1005.705899966415,38400000,1.0,150000,1,sha256:1a43e0ddf8cc02438cc76d27ba1cce86da34109d2e43dcc8ed7c9d581b95b39d,6,sha256:6210e8e5549d5e6d29f0a960c245c459725b3e89fee8f53eb9b930630ca920b5,150000,20260717T120435635390Z,909,mask_fragment-n150000-w256-m1000-s909
mask_fragment,58ced0e286dfa2b04542a7873472fb4400aeb830,early_mask_fragment,256,1003.5422000219114,38400000,1.0,150000,0,sha256:1a43e0ddf8cc02438cc76d27ba1cce86da34109d2e43dcc8ed7c9d581b95b39d,7,sha256:6210e8e5549d5e6d29f0a960c245c459725b3e89fee8f53eb9b930630ca920b5,150000,20260717T120435635390Z,909,mask_fragment-n150000-w256-m1000-s909
mask_fragment,58ced0e286dfa2b04542a7873472fb4400aeb830,late_mask_fragment,256,950.7360000279732,38400000,1.0,150000,1,sha256:92b825cb6ca6efd8c921ae328d9dcd567e5fc1cecda65d185180a168e33b45c9,7,sha256:6210e8e5549d5e6d29f0a960c245c459725b3e89fee8f53eb9b930630ca920b5,150000,20260717T120435635390Z,909,mask_fragment-n150000-w256-m1000-s909
mask_fragment,58ced0e286dfa2b04542a7873472fb4400aeb830,late_mask_fragment,256,1037.3468000325374,38400000,1.0,150000,0,sha256:92b825cb6ca6efd8c921ae328d9dcd567e5fc1cecda65d185180a168e33b45c9,8,sha256:6210e8e5549d5e6d29f0a960c245c459725b3e89fee8f53eb9b930630ca920b5,150000,20260717T120435635390Z,909,mask_fragment-n150000-w256-m1000-s909
mask_fragment,58ced0e286dfa2b04542a7873472fb4400aeb830,early_mask_fragment,256,890.1268999907188,38400000,1.0,150000,1,sha256:1a43e0ddf8cc02438cc76d27ba1cce86da34109d2e43dcc8ed7c9d581b95b39d,8,sha256:6210e8e5549d5e6d29f0a960c245c459725b3e89fee8f53eb9b930630ca920b5,150000,20260717T120435635390Z,909,mask_fragment-n150000-w256-m1000-s909
mask_fragment,58ced0e286dfa2b04542a7873472fb4400aeb830,early_mask_fragment,256,732.3739000130445,38400000,1.0,150000,0,sha256:1a43e0ddf8cc02438cc76d27ba1cce86da34109d2e43dcc8ed7c9d581b95b39d,9,sha256:6210e8e5549d5e6d29f0a960c245c459725b3e89fee8f53eb9b930630ca920b5,150000,20260717T120435635390Z,909,mask_fragment-n150000-w256-m1000-s909
mask_fragment,58ced0e286dfa2b04542a7873472fb4400aeb830,late_mask_fragment,256,752.3847999982536,38400000,1.0,150000,1,sha256:92b825cb6ca6efd8c921ae328d9dcd567e5fc1cecda65d185180a168e33b45c9,9,sha256:6210e8e5549d5e6d29f0a960c245c459725b3e89fee8f53eb9b930630ca920b5,150000,20260717T120435635390Z,909,mask_fragment-n150000-w256-m1000-s909
mask_fragment,58ced0e286dfa2b04542a7873472fb4400aeb830,late_mask_fragment,256,808.3294999669306,38400000,1.0,150000,0,sha256:92b825cb6ca6efd8c921ae328d9dcd567e5fc1cecda65d185180a168e33b45c9,10,sha256:6210e8e5549d5e6d29f0a960c245c459725b3e89fee8f53eb9b930630ca920b5,150000,20260717T120435635390Z,909,mask_fragment-n150000-w256-m1000-s909
mask_fragment,58ced0e286dfa2b04542a7873472fb4400aeb830,early_mask_fragment,256,792.8212000406347,38400000,1.0,150000,1,sha256:1a43e0ddf8cc02438cc76d27ba1cce86da34109d2e43dcc8ed7c9d581b95b39d,10,sha256:6210e8e5549d5e6d29f0a960c245c459725b3e89fee8f53eb9b930630ca920b5,150000,20260717T120435635390Z,909,mask_fragment-n150000-w256-m1000-s909
mask_fragment,58ced0e286dfa2b04542a7873472fb4400aeb830,early_mask_fragment,256,815.9188999561593,38400000,1.0,150000,0,sha256:1a43e0ddf8cc02438cc76d27ba1cce86da34109d2e43dcc8ed7c9d581b95b39d,11,sha256:6210e8e5549d5e6d29f0a960c245c459725b3e89fee8f53eb9b930630ca920b5,150000,20260717T120435635390Z,909,mask_fragment-n150000-w256-m1000-s909
mask_fragment,58ced0e286dfa2b04542a7873472fb4400aeb830,late_mask_fragment,256,834.3597000348382,38400000,1.0,150000,1,sha256:92b825cb6ca6efd8c921ae328d9dcd567e5fc1cecda65d185180a168e33b45c9,11,sha256:6210e8e5549d5e6d29f0a960c245c459725b3e89fee8f53eb9b930630ca920b5,150000,20260717T120435635390Z,909,mask_fragment-n150000-w256-m1000-s909
mask_fragment,58ced0e286dfa2b04542a7873472fb4400aeb830,late_mask_fragment,256,848.3149000094272,38400000,1.0,150000,0,sha256:92b825cb6ca6efd8c921ae328d9dcd567e5fc1cecda65d185180a168e33b45c9,12,sha256:6210e8e5549d5e6d29f0a960c245c459725b3e89fee8f53eb9b930630ca920b5,150000,20260717T120435635390Z,909,mask_fragment-n150000-w256-m1000-s909
mask_fragment,58ced0e286dfa2b04542a7873472fb4400aeb830,early_mask_fragment,256,789.0836999868043,38400000,1.0,150000,1,sha256:1a43e0ddf8cc02438cc76d27ba1cce86da34109d2e43dcc8ed7c9d581b95b39d,12,sha256:6210e8e5549d5e6d29f0a960c245c459725b3e89fee8f53eb9b930630ca920b5,150000,20260717T120435635390Z,909,mask_fragment-n150000-w256-m1000-s909
mask_fragment,58ced0e286dfa2b04542a7873472fb4400aeb830,early_mask_fragment,256,781.7644999595359,38400000,1.0,150000,0,sha256:1a43e0ddf8cc02438cc76d27ba1cce86da34109d2e43dcc8ed7c9d581b95b39d,13,sha256:6210e8e5549d5e6d29f0a960c245c459725b3e89fee8f53eb9b930630ca920b5,150000,20260717T120435635390Z,909,mask_fragment-n150000-w256-m1000-s909
mask_fragment,58ced0e286dfa2b04542a7873472fb4400aeb830,late_mask_fragment,256,797.4182000034489,38400000,1.0,150000,1,sha256:92b825cb6ca6efd8c921ae328d9dcd567e5fc1cecda65d185180a168e33b45c9,13,sha256:6210e8e5549d5e6d29f0a960c245c459725b3e89fee8f53eb9b930630ca920b5,150000,20260717T120435635390Z,909,mask_fragment-n150000-w256-m1000-s909
mask_fragment,58ced0e286dfa2b04542a7873472fb4400aeb830,late_mask_fragment,256,786.3232000381686,38400000,1.0,150000,0,sha256:92b825cb6ca6efd8c921ae328d9dcd567e5fc1cecda65d185180a168e33b45c9,14,sha256:6210e8e5549d5e6d29f0a960c245c459725b3e89fee8f53eb9b930630ca920b5,150000,20260717T120435635390Z,909,mask_fragment-n150000-w256-m1000-s909
mask_fragment,58ced0e286dfa2b04542a7873472fb4400aeb830,early_mask_fragment,256,717.6320999860764,38400000,1.0,150000,1,sha256:1a43e0ddf8cc02438cc76d27ba1cce86da34109d2e43dcc8ed7c9d581b95b39d,14,sha256:6210e8e5549d5e6d29f0a960c245c459725b3e89fee8f53eb9b930630ca920b5,150000,20260717T120435635390Z,909,mask_fragment-n150000-w256-m1000-s909
mask_fragment,58ced0e286dfa2b04542a7873472fb4400aeb830,early_mask_fragment,512,1382.122499984689,76800000,0.1,15000,0,sha256:1a43e0ddf8cc02438cc76d27ba1cce86da34109d2e43dcc8ed7c9d581b95b39d,0,sha256:7b6945631bab12435ca9163623131b712f6bbc494856a0ba7c6c7b4e919c1a61,150000,20260717T120435635390Z,707,mask_fragment-n150000-w512-m0100-s707
mask_fragment,58ced0e286dfa2b04542a7873472fb4400aeb830,late_mask_fragment,512,237.10909998044372,76800000,0.1,15000,1,sha256:18bd7fb3b6d02ff88c53bf4a74124c631590d7e276f031a9034dc7f9cb857902,0,sha256:7b6945631bab12435ca9163623131b712f6bbc494856a0ba7c6c7b4e919c1a61,150000,20260717T120435635390Z,707,mask_fragment-n150000-w512-m0100-s707
mask_fragment,58ced0e286dfa2b04542a7873472fb4400aeb830,late_mask_fragment,512,214.6548999589868,76800000,0.1,15000,0,sha256:18bd7fb3b6d02ff88c53bf4a74124c631590d7e276f031a9034dc7f9cb857902,1,sha256:7b6945631bab12435ca9163623131b712f6bbc494856a0ba7c6c7b4e919c1a61,150000,20260717T120435635390Z,707,mask_fragment-n150000-w512-m0100-s707
mask_fragment,58ced0e286dfa2b04542a7873472fb4400aeb830,early_mask_fragment,512,1424.134899978526,76800000,0.1,15000,1,sha256:1a43e0ddf8cc02438cc76d27ba1cce86da34109d2e43dcc8ed7c9d581b95b39d,1,sha256:7b6945631bab12435ca9163623131b712f6bbc494856a0ba7c6c7b4e919c1a61,150000,20260717T120435635390Z,707,mask_fragment-n150000-w512-m0100-s707
mask_fragment,58ced0e286dfa2b04542a7873472fb4400aeb830,early_mask_fragment,512,1563.3460999815725,76800000,0.1,15000,0,sha256:1a43e0ddf8cc02438cc76d27ba1cce86da34109d2e43dcc8ed7c9d581b95b39d,2,sha256:7b6945631bab12435ca9163623131b712f6bbc494856a0ba7c6c7b4e919c1a61,150000,20260717T120435635390Z,707,mask_fragment-n150000-w512-m0100-s707
mask_fragment,58ced0e286dfa2b04542a7873472fb4400aeb830,late_mask_fragment,512,216.23170003294945,76800000,0.1,15000,1,sha256:18bd7fb3b6d02ff88c53bf4a74124c631590d7e276f031a9034dc7f9cb857902,2,sha256:7b6945631bab12435ca9163623131b712f6bbc494856a0ba7c6c7b4e919c1a61,150000,20260717T120435635390Z,707,mask_fragment-n150000-w512-m0100-s707
mask_fragment,58ced0e286dfa2b04542a7873472fb4400aeb830,late_mask_fragment,512,203.61289998982102,76800000,0.1,15000,0,sha256:18bd7fb3b6d02ff88c53bf4a74124c631590d7e276f031a9034dc7f9cb857902,3,sha256:7b6945631bab12435ca9163623131b712f6bbc494856a0ba7c6c7b4e919c1a61,150000,20260717T120435635390Z,707,mask_fragment-n150000-w512-m0100-s707
mask_fragment,58ced0e286dfa2b04542a7873472fb4400aeb830,early_mask_fragment,512,1433.8114999700338,76800000,0.1,15000,1,sha256:1a43e0ddf8cc02438cc76d27ba1cce86da34109d2e43dcc8ed7c9d581b95b39d,3,sha256:7b6945631bab12435ca9163623131b712f6bbc494856a0ba7c6c7b4e919c1a61,150000,20260717T120435635390Z,707,mask_fragment-n150000-w512-m0100-s707
mask_fragment,58ced0e286dfa2b04542a7873472fb4400aeb830,early_mask_fragment,512,1501.121699984651,76800000,0.1,15000,0,sha256:1a43e0ddf8cc02438cc76d27ba1cce86da34109d2e43dcc8ed7c9d581b95b39d,4,sha256:7b6945631bab12435ca9163623131b712f6bbc494856a0ba7c6c7b4e919c1a61,150000,20260717T120435635390Z,707,mask_fragment-n150000-w512-m0100-s707
mask_fragment,58ced0e286dfa2b04542a7873472fb4400aeb830,late_mask_fragment,512,376.3113999739289,76800000,0.1,15000,1,sha256:18bd7fb3b6d02ff88c53bf4a74124c631590d7e276f031a9034dc7f9cb857902,4,sha256:7b6945631bab12435ca9163623131b712f6bbc494856a0ba7c6c7b4e919c1a61,150000,20260717T120435635390Z,707,mask_fragment-n150000-w512-m0100-s707
mask_fragment,58ced0e286dfa2b04542a7873472fb4400aeb830,late_mask_fragment,512,218.38080004090443,76800000,0.1,15000,0,sha256:18bd7fb3b6d02ff88c53bf4a74124c631590d7e276f031a9034dc7f9cb857902,5,sha256:7b6945631bab12435ca9163623131b712f6bbc494856a0ba7c6c7b4e919c1a61,150000,20260717T120435635390Z,707,mask_fragment-n150000-w512-m0100-s707
mask_fragment,58ced0e286dfa2b04542a7873472fb4400aeb830,early_mask_fragment,512,1574.3173999944702,76800000,0.1,15000,1,sha256:1a43e0ddf8cc02438cc76d27ba1cce86da34109d2e43dcc8ed7c9d581b95b39d,5,sha256:7b6945631bab12435ca9163623131b712f6bbc494856a0ba7c6c7b4e919c1a61,150000,20260717T120435635390Z,707,mask_fragment-n150000-w512-m0100-s707
mask_fragment,58ced0e286dfa2b04542a7873472fb4400aeb830,early_mask_fragment,512,1203.0016999924555,76800000,0.1,15000,0,sha256:1a43e0ddf8cc02438cc76d27ba1cce86da34109d2e43dcc8ed7c9d581b95b39d,6,sha256:7b6945631bab12435ca9163623131b712f6bbc494856a0ba7c6c7b4e919c1a61,150000,20260717T120435635390Z,707,mask_fragment-n150000-w512-m0100-s707
mask_fragment,58ced0e286dfa2b04542a7873472fb4400aeb830,late_mask_fragment,512,124.90059999981895,76800000,0.1,15000,1,sha256:18bd7fb3b6d02ff88c53bf4a74124c631590d7e276f031a9034dc7f9cb857902,6,sha256:7b6945631bab12435ca9163623131b712f6bbc494856a0ba7c6c7b4e919c1a61,150000,20260717T120435635390Z,707,mask_fragment-n150000-w512-m0100-s707
mask_fragment,58ced0e286dfa2b04542a7873472fb4400aeb830,late_mask_fragment,512,142.51449995208532,76800000,0.1,15000,0,sha256:18bd7fb3b6d02ff88c53bf4a74124c631590d7e276f031a9034dc7f9cb857902,7,sha256:7b6945631bab12435ca9163623131b712f6bbc494856a0ba7c6c7b4e919c1a61,150000,20260717T120435635390Z,707,mask_fragment-n150000-w512-m0100-s707
mask_fragment,58ced0e286dfa2b04542a7873472fb4400aeb830,early_mask_fragment,512,984.7070999676362,76800000,0.1,15000,1,sha256:1a43e0ddf8cc02438cc76d27ba1cce86da34109d2e43dcc8ed7c9d581b95b39d,7,sha256:7b6945631bab12435ca9163623131b712f6bbc494856a0ba7c6c7b4e919c1a61,150000,20260717T120435635390Z,707,mask_fragment-n150000-w512-m0100-s707
mask_fragment,58ced0e286dfa2b04542a7873472fb4400aeb830,early_mask_fragment,512,1083.789500000421,76800000,0.1,15000,0,sha256:1a43e0ddf8cc02438cc76d27ba1cce86da34109d2e43dcc8ed7c9d581b95b39d,8,sha256:7b6945631bab12435ca9163623131b712f6bbc494856a0ba7c6c7b4e919c1a61,150000,20260717T120435635390Z,707,mask_fragment-n150000-w512-m0100-s707
mask_fragment,58ced0e286dfa2b04542a7873472fb4400aeb830,late_mask_fragment,512,144.36330000171438,76800000,0.1,15000,1,sha256:18bd7fb3b6d02ff88c53bf4a74124c631590d7e276f031a9034dc7f9cb857902,8,sha256:7b6945631bab12435ca9163623131b712f6bbc494856a0ba7c6c7b4e919c1a61,150000,20260717T120435635390Z,707,mask_fragment-n150000-w512-m0100-s707
mask_fragment,58ced0e286dfa2b04542a7873472fb4400aeb830,late_mask_fragment,512,124.81559999287128,76800000,0.1,15000,0,sha256:18bd7fb3b6d02ff88c53bf4a74124c631590d7e276f031a9034dc7f9cb857902,9,sha256:7b6945631bab12435ca9163623131b712f6bbc494856a0ba7c6c7b4e919c1a61,150000,20260717T120435635390Z,707,mask_fragment-n150000-w512-m0100-s707
mask_fragment,58ced0e286dfa2b04542a7873472fb4400aeb830,early_mask_fragment,512,1078.5412999684922,76800000,0.1,15000,1,sha256:1a43e0ddf8cc02438cc76d27ba1cce86da34109d2e43dcc8ed7c9d581b95b39d,9,sha256:7b6945631bab12435ca9163623131b712f6bbc494856a0ba7c6c7b4e919c1a61,150000,20260717T120435635390Z,707,mask_fragment-n150000-w512-m0100-s707
mask_fragment,58ced0e286dfa2b04542a7873472fb4400aeb830,early_mask_fragment,512,966.863400011789,76800000,0.1,15000,0,sha256:1a43e0ddf8cc02438cc76d27ba1cce86da34109d2e43dcc8ed7c9d581b95b39d,10,sha256:7b6945631bab12435ca9163623131b712f6bbc494856a0ba7c6c7b4e919c1a61,150000,20260717T120435635390Z,707,mask_fragment-n150000-w512-m0100-s707
mask_fragment,58ced0e286dfa2b04542a7873472fb4400aeb830,late_mask_fragment,512,132.36980000510812,76800000,0.1,15000,1,sha256:18bd7fb3b6d02ff88c53bf4a74124c631590d7e276f031a9034dc7f9cb857902,10,sha256:7b6945631bab12435ca9163623131b712f6bbc494856a0ba7c6c7b4e919c1a61,150000,20260717T120435635390Z,707,mask_fragment-n150000-w512-m0100-s707
mask_fragment,58ced0e286dfa2b04542a7873472fb4400aeb830,late_mask_fragment,512,136.5421999944374,76800000,0.1,15000,0,sha256:18bd7fb3b6d02ff88c53bf4a74124c631590d7e276f031a9034dc7f9cb857902,11,sha256:7b6945631bab12435ca9163623131b712f6bbc494856a0ba7c6c7b4e919c1a61,150000,20260717T120435635390Z,707,mask_fragment-n150000-w512-m0100-s707
mask_fragment,58ced0e286dfa2b04542a7873472fb4400aeb830,early_mask_fragment,512,1107.332799991127,76800000,0.1,15000,1,sha256:1a43e0ddf8cc02438cc76d27ba1cce86da34109d2e43dcc8ed7c9d581b95b39d,11,sha256:7b6945631bab12435ca9163623131b712f6bbc494856a0ba7c6c7b4e919c1a61,150000,20260717T120435635390Z,707,mask_fragment-n150000-w512-m0100-s707
mask_fragment,58ced0e286dfa2b04542a7873472fb4400aeb830,early_mask_fragment,512,944.1398000344634,76800000,0.1,15000,0,sha256:1a43e0ddf8cc02438cc76d27ba1cce86da34109d2e43dcc8ed7c9d581b95b39d,12,sha256:7b6945631bab12435ca9163623131b712f6bbc494856a0ba7c6c7b4e919c1a61,150000,20260717T120435635390Z,707,mask_fragment-n150000-w512-m0100-s707
mask_fragment,58ced0e286dfa2b04542a7873472fb4400aeb830,late_mask_fragment,512,134.5067999791354,76800000,0.1,15000,1,sha256:18bd7fb3b6d02ff88c53bf4a74124c631590d7e276f031a9034dc7f9cb857902,12,sha256:7b6945631bab12435ca9163623131b712f6bbc494856a0ba7c6c7b4e919c1a61,150000,20260717T120435635390Z,707,mask_fragment-n150000-w512-m0100-s707
mask_fragment,58ced0e286dfa2b04542a7873472fb4400aeb830,late_mask_fragment,512,145.41130000725389,76800000,0.1,15000,0,sha256:18bd7fb3b6d02ff88c53bf4a74124c631590d7e276f031a9034dc7f9cb857902,13,sha256:7b6945631bab12435ca9163623131b712f6bbc494856a0ba7c6c7b4e919c1a61,150000,20260717T120435635390Z,707,mask_fragment-n150000-w512-m0100-s707
mask_fragment,58ced0e286dfa2b04542a7873472fb4400aeb830,early_mask_fragment,512,1062.63439997565,76800000,0.1,15000,1,sha256:1a43e0ddf8cc02438cc76d27ba1cce86da34109d2e43dcc8ed7c9d581b95b39d,13,sha256:7b6945631bab12435ca9163623131b712f6bbc494856a0ba7c6c7b4e919c1a61,150000,20260717T120435635390Z,707,mask_fragment-n150000-w512-m0100-s707
mask_fragment,58ced0e286dfa2b04542a7873472fb4400aeb830,early_mask_fragment,512,1135.68349997513,76800000,0.1,15000,0,sha256:1a43e0ddf8cc02438cc76d27ba1cce86da34109d2e43dcc8ed7c9d581b95b39d,14,sha256:7b6945631bab12435ca9163623131b712f6bbc494856a0ba7c6c7b4e919c1a61,150000,20260717T120435635390Z,707,mask_fragment-n150000-w512-m0100-s707
mask_fragment,58ced0e286dfa2b04542a7873472fb4400aeb830,late_mask_fragment,512,172.1722999936901,76800000,0.1,15000,1,sha256:18bd7fb3b6d02ff88c53bf4a74124c631590d7e276f031a9034dc7f9cb857902,14,sha256:7b6945631bab12435ca9163623131b712f6bbc494856a0ba7c6c7b4e919c1a61,150000,20260717T120435635390Z,707,mask_fragment-n150000-w512-m0100-s707
mask_fragment,58ced0e286dfa2b04542a7873472fb4400aeb830,late_mask_fragment,512,153.90229999320582,76800000,0.1,15000,0,sha256:18bd7fb3b6d02ff88c53bf4a74124c631590d7e276f031a9034dc7f9cb857902,0,sha256:f8f3863b5dc209dac24409198e312a616af62d171e8a2bc20410febd9c9e8379,150000,20260717T120435635390Z,808,mask_fragment-n150000-w512-m0100-s808
mask_fragment,58ced0e286dfa2b04542a7873472fb4400aeb830,early_mask_fragment,512,1175.5947000347078,76800000,0.1,15000,1,sha256:1a43e0ddf8cc02438cc76d27ba1cce86da34109d2e43dcc8ed7c9d581b95b39d,0,sha256:f8f3863b5dc209dac24409198e312a616af62d171e8a2bc20410febd9c9e8379,150000,20260717T120435635390Z,808,mask_fragment-n150000-w512-m0100-s808
mask_fragment,58ced0e286dfa2b04542a7873472fb4400aeb830,early_mask_fragment,512,1020.6023999489844,76800000,0.1,15000,0,sha256:1a43e0ddf8cc02438cc76d27ba1cce86da34109d2e43dcc8ed7c9d581b95b39d,1,sha256:f8f3863b5dc209dac24409198e312a616af62d171e8a2bc20410febd9c9e8379,150000,20260717T120435635390Z,808,mask_fragment-n150000-w512-m0100-s808
mask_fragment,58ced0e286dfa2b04542a7873472fb4400aeb830,late_mask_fragment,512,128.90070001594722,76800000,0.1,15000,1,sha256:18bd7fb3b6d02ff88c53bf4a74124c631590d7e276f031a9034dc7f9cb857902,1,sha256:f8f3863b5dc209dac24409198e312a616af62d171e8a2bc20410febd9c9e8379,150000,20260717T120435635390Z,808,mask_fragment-n150000-w512-m0100-s808
mask_fragment,58ced0e286dfa2b04542a7873472fb4400aeb830,late_mask_fragment,512,132.96150002861395,76800000,0.1,15000,0,sha256:18bd7fb3b6d02ff88c53bf4a74124c631590d7e276f031a9034dc7f9cb857902,2,sha256:f8f3863b5dc209dac24409198e312a616af62d171e8a2bc20410febd9c9e8379,150000,20260717T120435635390Z,808,mask_fragment-n150000-w512-m0100-s808
mask_fragment,58ced0e286dfa2b04542a7873472fb4400aeb830,early_mask_fragment,512,984.972900012508,76800000,0.1,15000,1,sha256:1a43e0ddf8cc02438cc76d27ba1cce86da34109d2e43dcc8ed7c9d581b95b39d,2,sha256:f8f3863b5dc209dac24409198e312a616af62d171e8a2bc20410febd9c9e8379,150000,20260717T120435635390Z,808,mask_fragment-n150000-w512-m0100-s808
mask_fragment,58ced0e286dfa2b04542a7873472fb4400aeb830,early_mask_fragment,512,1092.4619000288658,76800000,0.1,15000,0,sha256:1a43e0ddf8cc02438cc76d27ba1cce86da34109d2e43dcc8ed7c9d581b95b39d,3,sha256:f8f3863b5dc209dac24409198e312a616af62d171e8a2bc20410febd9c9e8379,150000,20260717T120435635390Z,808,mask_fragment-n150000-w512-m0100-s808
mask_fragment,58ced0e286dfa2b04542a7873472fb4400aeb830,late_mask_fragment,512,143.86180002475157,76800000,0.1,15000,1,sha256:18bd7fb3b6d02ff88c53bf4a74124c631590d7e276f031a9034dc7f9cb857902,3,sha256:f8f3863b5dc209dac24409198e312a616af62d171e8a2bc20410febd9c9e8379,150000,20260717T120435635390Z,808,mask_fragment-n150000-w512-m0100-s808
mask_fragment,58ced0e286dfa2b04542a7873472fb4400aeb830,late_mask_fragment,512,132.07759999204427,76800000,0.1,15000,0,sha256:18bd7fb3b6d02ff88c53bf4a74124c631590d7e276f031a9034dc7f9cb857902,4,sha256:f8f3863b5dc209dac24409198e312a616af62d171e8a2bc20410febd9c9e8379,150000,20260717T120435635390Z,808,mask_fragment-n150000-w512-m0100-s808
mask_fragment,58ced0e286dfa2b04542a7873472fb4400aeb830,early_mask_fragment,512,1130.2309000166133,76800000,0.1,15000,1,sha256:1a43e0ddf8cc02438cc76d27ba1cce86da34109d2e43dcc8ed7c9d581b95b39d,4,sha256:f8f3863b5dc209dac24409198e312a616af62d171e8a2bc20410febd9c9e8379,150000,20260717T120435635390Z,808,mask_fragment-n150000-w512-m0100-s808
mask_fragment,58ced0e286dfa2b04542a7873472fb4400aeb830,early_mask_fragment,512,1117.1579000074416,76800000,0.1,15000,0,sha256:1a43e0ddf8cc02438cc76d27ba1cce86da34109d2e43dcc8ed7c9d581b95b39d,5,sha256:f8f3863b5dc209dac24409198e312a616af62d171e8a2bc20410febd9c9e8379,150000,20260717T120435635390Z,808,mask_fragment-n150000-w512-m0100-s808
mask_fragment,58ced0e286dfa2b04542a7873472fb4400aeb830,late_mask_fragment,512,159.60110002197325,76800000,0.1,15000,1,sha256:18bd7fb3b6d02ff88c53bf4a74124c631590d7e276f031a9034dc7f9cb857902,5,sha256:f8f3863b5dc209dac24409198e312a616af62d171e8a2bc20410febd9c9e8379,150000,20260717T120435635390Z,808,mask_fragment-n150000-w512-m0100-s808
mask_fragment,58ced0e286dfa2b04542a7873472fb4400aeb830,late_mask_fragment,512,128.600700001698,76800000,0.1,15000,0,sha256:18bd7fb3b6d02ff88c53bf4a74124c631590d7e276f031a9034dc7f9cb857902,6,sha256:f8f3863b5dc209dac24409198e312a616af62d171e8a2bc20410febd9c9e8379,150000,20260717T120435635390Z,808,mask_fragment-n150000-w512-m0100-s808
mask_fragment,58ced0e286dfa2b04542a7873472fb4400aeb830,early_mask_fragment,512,1084.8296000040136,76800000,0.1,15000,1,sha256:1a43e0ddf8cc02438cc76d27ba1cce86da34109d2e43dcc8ed7c9d581b95b39d,6,sha256:f8f3863b5dc209dac24409198e312a616af62d171e8a2bc20410febd9c9e8379,150000,20260717T120435635390Z,808,mask_fragment-n150000-w512-m0100-s808
mask_fragment,58ced0e286dfa2b04542a7873472fb4400aeb830,early_mask_fragment,512,981.2008999870159,76800000,0.1,15000,0,sha256:1a43e0ddf8cc02438cc76d27ba1cce86da34109d2e43dcc8ed7c9d581b95b39d,7,sha256:f8f3863b5dc209dac24409198e312a616af62d171e8a2bc20410febd9c9e8379,150000,20260717T120435635390Z,808,mask_fragment-n150000-w512-m0100-s808
mask_fragment,58ced0e286dfa2b04542a7873472fb4400aeb830,late_mask_fragment,512,152.77290000813082,76800000,0.1,15000,1,sha256:18bd7fb3b6d02ff88c53bf4a74124c631590d7e276f031a9034dc7f9cb857902,7,sha256:f8f3863b5dc209dac24409198e312a616af62d171e8a2bc20410febd9c9e8379,150000,20260717T120435635390Z,808,mask_fragment-n150000-w512-m0100-s808
mask_fragment,58ced0e286dfa2b04542a7873472fb4400aeb830,late_mask_fragment,512,122.69749998813495,76800000,0.1,15000,0,sha256:18bd7fb3b6d02ff88c53bf4a74124c631590d7e276f031a9034dc7f9cb857902,8,sha256:f8f3863b5dc209dac24409198e312a616af62d171e8a2bc20410febd9c9e8379,150000,20260717T120435635390Z,808,mask_fragment-n150000-w512-m0100-s808
mask_fragment,58ced0e286dfa2b04542a7873472fb4400aeb830,early_mask_fragment,512,1164.2019999562763,76800000,0.1,15000,1,sha256:1a43e0ddf8cc02438cc76d27ba1cce86da34109d2e43dcc8ed7c9d581b95b39d,8,sha256:f8f3863b5dc209dac24409198e312a616af62d171e8a2bc20410febd9c9e8379,150000,20260717T120435635390Z,808,mask_fragment-n150000-w512-m0100-s808
mask_fragment,58ced0e286dfa2b04542a7873472fb4400aeb830,early_mask_fragment,512,982.1353000006638,76800000,0.1,15000,0,sha256:1a43e0ddf8cc02438cc76d27ba1cce86da34109d2e43dcc8ed7c9d581b95b39d,9,sha256:f8f3863b5dc209dac24409198e312a616af62d171e8a2bc20410febd9c9e8379,150000,20260717T120435635390Z,808,mask_fragment-n150000-w512-m0100-s808
mask_fragment,58ced0e286dfa2b04542a7873472fb4400aeb830,late_mask_fragment,512,134.5061000320129,76800000,0.1,15000,1,sha256:18bd7fb3b6d02ff88c53bf4a74124c631590d7e276f031a9034dc7f9cb857902,9,sha256:f8f3863b5dc209dac24409198e312a616af62d171e8a2bc20410febd9c9e8379,150000,20260717T120435635390Z,808,mask_fragment-n150000-w512-m0100-s808
mask_fragment,58ced0e286dfa2b04542a7873472fb4400aeb830,late_mask_fragment,512,122.75720003526658,76800000,0.1,15000,0,sha256:18bd7fb3b6d02ff88c53bf4a74124c631590d7e276f031a9034dc7f9cb857902,10,sha256:f8f3863b5dc209dac24409198e312a616af62d171e8a2bc20410febd9c9e8379,150000,20260717T120435635390Z,808,mask_fragment-n150000-w512-m0100-s808
mask_fragment,58ced0e286dfa2b04542a7873472fb4400aeb830,early_mask_fragment,512,1163.2270000409335,76800000,0.1,15000,1,sha256:1a43e0ddf8cc02438cc76d27ba1cce86da34109d2e43dcc8ed7c9d581b95b39d,10,sha256:f8f3863b5dc209dac24409198e312a616af62d171e8a2bc20410febd9c9e8379,150000,20260717T120435635390Z,808,mask_fragment-n150000-w512-m0100-s808
mask_fragment,58ced0e286dfa2b04542a7873472fb4400aeb830,early_mask_fragment,512,1041.8107999721542,76800000,0.1,15000,0,sha256:1a43e0ddf8cc02438cc76d27ba1cce86da34109d2e43dcc8ed7c9d581b95b39d,11,sha256:f8f3863b5dc209dac24409198e312a616af62d171e8a2bc20410febd9c9e8379,150000,20260717T120435635390Z,808,mask_fragment-n150000-w512-m0100-s808
mask_fragment,58ced0e286dfa2b04542a7873472fb4400aeb830,late_mask_fragment,512,132.59689998812973,76800000,0.1,15000,1,sha256:18bd7fb3b6d02ff88c53bf4a74124c631590d7e276f031a9034dc7f9cb857902,11,sha256:f8f3863b5dc209dac24409198e312a616af62d171e8a2bc20410febd9c9e8379,150000,20260717T120435635390Z,808,mask_fragment-n150000-w512-m0100-s808
mask_fragment,58ced0e286dfa2b04542a7873472fb4400aeb830,late_mask_fragment,512,156.14739997545257,76800000,0.1,15000,0,sha256:18bd7fb3b6d02ff88c53bf4a74124c631590d7e276f031a9034dc7f9cb857902,12,sha256:f8f3863b5dc209dac24409198e312a616af62d171e8a2bc20410febd9c9e8379,150000,20260717T120435635390Z,808,mask_fragment-n150000-w512-m0100-s808
mask_fragment,58ced0e286dfa2b04542a7873472fb4400aeb830,early_mask_fragment,512,1150.7160000037402,76800000,0.1,15000,1,sha256:1a43e0ddf8cc02438cc76d27ba1cce86da34109d2e43dcc8ed7c9d581b95b39d,12,sha256:f8f3863b5dc209dac24409198e312a616af62d171e8a2bc20410febd9c9e8379,150000,20260717T120435635390Z,808,mask_fragment-n150000-w512-m0100-s808
mask_fragment,58ced0e286dfa2b04542a7873472fb4400aeb830,early_mask_fragment,512,1157.3275999980979,76800000,0.1,15000,0,sha256:1a43e0ddf8cc02438cc76d27ba1cce86da34109d2e43dcc8ed7c9d581b95b39d,13,sha256:f8f3863b5dc209dac24409198e312a616af62d171e8a2bc20410febd9c9e8379,150000,20260717T120435635390Z,808,mask_fragment-n150000-w512-m0100-s808
mask_fragment,58ced0e286dfa2b04542a7873472fb4400aeb830,late_mask_fragment,512,139.43550002295524,76800000,0.1,15000,1,sha256:18bd7fb3b6d02ff88c53bf4a74124c631590d7e276f031a9034dc7f9cb857902,13,sha256:f8f3863b5dc209dac24409198e312a616af62d171e8a2bc20410febd9c9e8379,150000,20260717T120435635390Z,808,mask_fragment-n150000-w512-m0100-s808
mask_fragment,58ced0e286dfa2b04542a7873472fb4400aeb830,late_mask_fragment,512,130.76789997285232,76800000,0.1,15000,0,sha256:18bd7fb3b6d02ff88c53bf4a74124c631590d7e276f031a9034dc7f9cb857902,14,sha256:f8f3863b5dc209dac24409198e312a616af62d171e8a2bc20410febd9c9e8379,150000,20260717T120435635390Z,808,mask_fragment-n150000-w512-m0100-s808
mask_fragment,58ced0e286dfa2b04542a7873472fb4400aeb830,early_mask_fragment,512,976.1297000222839,76800000,0.1,15000,1,sha256:1a43e0ddf8cc02438cc76d27ba1cce86da34109d2e43dcc8ed7c9d581b95b39d,14,sha256:f8f3863b5dc209dac24409198e312a616af62d171e8a2bc20410febd9c9e8379,150000,20260717T120435635390Z,808,mask_fragment-n150000-w512-m0100-s808
mask_fragment,58ced0e286dfa2b04542a7873472fb4400aeb830,early_mask_fragment,512,1193.50370002212,76800000,0.1,15000,0,sha256:1a43e0ddf8cc02438cc76d27ba1cce86da34109d2e43dcc8ed7c9d581b95b39d,0,sha256:904a3b31c5d98dc813314337490b4b701d1e0d1458402ea7590afd6095f2288c,150000,20260717T120435635390Z,909,mask_fragment-n150000-w512-m0100-s909
mask_fragment,58ced0e286dfa2b04542a7873472fb4400aeb830,late_mask_fragment,512,170.4036999726668,76800000,0.1,15000,1,sha256:18bd7fb3b6d02ff88c53bf4a74124c631590d7e276f031a9034dc7f9cb857902,0,sha256:904a3b31c5d98dc813314337490b4b701d1e0d1458402ea7590afd6095f2288c,150000,20260717T120435635390Z,909,mask_fragment-n150000-w512-m0100-s909
mask_fragment,58ced0e286dfa2b04542a7873472fb4400aeb830,late_mask_fragment,512,148.4261000296101,76800000,0.1,15000,0,sha256:18bd7fb3b6d02ff88c53bf4a74124c631590d7e276f031a9034dc7f9cb857902,1,sha256:904a3b31c5d98dc813314337490b4b701d1e0d1458402ea7590afd6095f2288c,150000,20260717T120435635390Z,909,mask_fragment-n150000-w512-m0100-s909
mask_fragment,58ced0e286dfa2b04542a7873472fb4400aeb830,early_mask_fragment,512,1116.9644999899901,76800000,0.1,15000,1,sha256:1a43e0ddf8cc02438cc76d27ba1cce86da34109d2e43dcc8ed7c9d581b95b39d,1,sha256:904a3b31c5d98dc813314337490b4b701d1e0d1458402ea7590afd6095f2288c,150000,20260717T120435635390Z,909,mask_fragment-n150000-w512-m0100-s909
mask_fragment,58ced0e286dfa2b04542a7873472fb4400aeb830,early_mask_fragment,512,937.6373999984935,76800000,0.1,15000,0,sha256:1a43e0ddf8cc02438cc76d27ba1cce86da34109d2e43dcc8ed7c9d581b95b39d,2,sha256:904a3b31c5d98dc813314337490b4b701d1e0d1458402ea7590afd6095f2288c,150000,20260717T120435635390Z,909,mask_fragment-n150000-w512-m0100-s909
mask_fragment,58ced0e286dfa2b04542a7873472fb4400aeb830,late_mask_fragment,512,117.2002999810502,76800000,0.1,15000,1,sha256:18bd7fb3b6d02ff88c53bf4a74124c631590d7e276f031a9034dc7f9cb857902,2,sha256:904a3b31c5d98dc813314337490b4b701d1e0d1458402ea7590afd6095f2288c,150000,20260717T120435635390Z,909,mask_fragment-n150000-w512-m0100-s909
mask_fragment,58ced0e286dfa2b04542a7873472fb4400aeb830,late_mask_fragment,512,135.9846999985166,76800000,0.1,15000,0,sha256:18bd7fb3b6d02ff88c53bf4a74124c631590d7e276f031a9034dc7f9cb857902,3,sha256:904a3b31c5d98dc813314337490b4b701d1e0d1458402ea7590afd6095f2288c,150000,20260717T120435635390Z,909,mask_fragment-n150000-w512-m0100-s909
mask_fragment,58ced0e286dfa2b04542a7873472fb4400aeb830,early_mask_fragment,512,1161.3877000054345,76800000,0.1,15000,1,sha256:1a43e0ddf8cc02438cc76d27ba1cce86da34109d2e43dcc8ed7c9d581b95b39d,3,sha256:904a3b31c5d98dc813314337490b4b701d1e0d1458402ea7590afd6095f2288c,150000,20260717T120435635390Z,909,mask_fragment-n150000-w512-m0100-s909
mask_fragment,58ced0e286dfa2b04542a7873472fb4400aeb830,early_mask_fragment,512,1145.3133000177331,76800000,0.1,15000,0,sha256:1a43e0ddf8cc02438cc76d27ba1cce86da34109d2e43dcc8ed7c9d581b95b39d,4,sha256:904a3b31c5d98dc813314337490b4b701d1e0d1458402ea7590afd6095f2288c,150000,20260717T120435635390Z,909,mask_fragment-n150000-w512-m0100-s909
mask_fragment,58ced0e286dfa2b04542a7873472fb4400aeb830,late_mask_fragment,512,152.75059995474294,76800000,0.1,15000,1,sha256:18bd7fb3b6d02ff88c53bf4a74124c631590d7e276f031a9034dc7f9cb857902,4,sha256:904a3b31c5d98dc813314337490b4b701d1e0d1458402ea7590afd6095f2288c,150000,20260717T120435635390Z,909,mask_fragment-n150000-w512-m0100-s909
mask_fragment,58ced0e286dfa2b04542a7873472fb4400aeb830,late_mask_fragment,512,135.1023000315763,76800000,0.1,15000,0,sha256:18bd7fb3b6d02ff88c53bf4a74124c631590d7e276f031a9034dc7f9cb857902,5,sha256:904a3b31c5d98dc813314337490b4b701d1e0d1458402ea7590afd6095f2288c,150000,20260717T120435635390Z,909,mask_fragment-n150000-w512-m0100-s909
mask_fragment,58ced0e286dfa2b04542a7873472fb4400aeb830,early_mask_fragment,512,1274.994399980642,76800000,0.1,15000,1,sha256:1a43e0ddf8cc02438cc76d27ba1cce86da34109d2e43dcc8ed7c9d581b95b39d,5,sha256:904a3b31c5d98dc813314337490b4b701d1e0d1458402ea7590afd6095f2288c,150000,20260717T120435635390Z,909,mask_fragment-n150000-w512-m0100-s909
mask_fragment,58ced0e286dfa2b04542a7873472fb4400aeb830,early_mask_fragment,512,1132.1844999911264,76800000,0.1,15000,0,sha256:1a43e0ddf8cc02438cc76d27ba1cce86da34109d2e43dcc8ed7c9d581b95b39d,6,sha256:904a3b31c5d98dc813314337490b4b701d1e0d1458402ea7590afd6095f2288c,150000,20260717T120435635390Z,909,mask_fragment-n150000-w512-m0100-s909
mask_fragment,58ced0e286dfa2b04542a7873472fb4400aeb830,late_mask_fragment,512,132.9115999978967,76800000,0.1,15000,1,sha256:18bd7fb3b6d02ff88c53bf4a74124c631590d7e276f031a9034dc7f9cb857902,6,sha256:904a3b31c5d98dc813314337490b4b701d1e0d1458402ea7590afd6095f2288c,150000,20260717T120435635390Z,909,mask_fragment-n150000-w512-m0100-s909
mask_fragment,58ced0e286dfa2b04542a7873472fb4400aeb830,late_mask_fragment,512,170.52120005246252,76800000,0.1,15000,0,sha256:18bd7fb3b6d02ff88c53bf4a74124c631590d7e276f031a9034dc7f9cb857902,7,sha256:904a3b31c5d98dc813314337490b4b701d1e0d1458402ea7590afd6095f2288c,150000,20260717T120435635390Z,909,mask_fragment-n150000-w512-m0100-s909
mask_fragment,58ced0e286dfa2b04542a7873472fb4400aeb830,early_mask_fragment,512,1223.1882000342011,76800000,0.1,15000,1,sha256:1a43e0ddf8cc02438cc76d27ba1cce86da34109d2e43dcc8ed7c9d581b95b39d,7,sha256:904a3b31c5d98dc813314337490b4b701d1e0d1458402ea7590afd6095f2288c,150000,20260717T120435635390Z,909,mask_fragment-n150000-w512-m0100-s909
mask_fragment,58ced0e286dfa2b04542a7873472fb4400aeb830,early_mask_fragment,512,1153.2611000002362,76800000,0.1,15000,0,sha256:1a43e0ddf8cc02438cc76d27ba1cce86da34109d2e43dcc8ed7c9d581b95b39d,8,sha256:904a3b31c5d98dc813314337490b4b701d1e0d1458402ea7590afd6095f2288c,150000,20260717T120435635390Z,909,mask_fragment-n150000-w512-m0100-s909
mask_fragment,58ced0e286dfa2b04542a7873472fb4400aeb830,late_mask_fragment,512,165.06919998209924,76800000,0.1,15000,1,sha256:18bd7fb3b6d02ff88c53bf4a74124c631590d7e276f031a9034dc7f9cb857902,8,sha256:904a3b31c5d98dc813314337490b4b701d1e0d1458402ea7590afd6095f2288c,150000,20260717T120435635390Z,909,mask_fragment-n150000-w512-m0100-s909
mask_fragment,58ced0e286dfa2b04542a7873472fb4400aeb830,late_mask_fragment,512,150.8752999943681,76800000,0.1,15000,0,sha256:18bd7fb3b6d02ff88c53bf4a74124c631590d7e276f031a9034dc7f9cb857902,9,sha256:904a3b31c5d98dc813314337490b4b701d1e0d1458402ea7590afd6095f2288c,150000,20260717T120435635390Z,909,mask_fragment-n150000-w512-m0100-s909
mask_fragment,58ced0e286dfa2b04542a7873472fb4400aeb830,early_mask_fragment,512,1100.8571999846026,76800000,0.1,15000,1,sha256:1a43e0ddf8cc02438cc76d27ba1cce86da34109d2e43dcc8ed7c9d581b95b39d,9,sha256:904a3b31c5d98dc813314337490b4b701d1e0d1458402ea7590afd6095f2288c,150000,20260717T120435635390Z,909,mask_fragment-n150000-w512-m0100-s909
mask_fragment,58ced0e286dfa2b04542a7873472fb4400aeb830,early_mask_fragment,512,1316.1725000245497,76800000,0.1,15000,0,sha256:1a43e0ddf8cc02438cc76d27ba1cce86da34109d2e43dcc8ed7c9d581b95b39d,10,sha256:904a3b31c5d98dc813314337490b4b701d1e0d1458402ea7590afd6095f2288c,150000,20260717T120435635390Z,909,mask_fragment-n150000-w512-m0100-s909
mask_fragment,58ced0e286dfa2b04542a7873472fb4400aeb830,late_mask_fragment,512,166.79639997892082,76800000,0.1,15000,1,sha256:18bd7fb3b6d02ff88c53bf4a74124c631590d7e276f031a9034dc7f9cb857902,10,sha256:904a3b31c5d98dc813314337490b4b701d1e0d1458402ea7590afd6095f2288c,150000,20260717T120435635390Z,909,mask_fragment-n150000-w512-m0100-s909
mask_fragment,58ced0e286dfa2b04542a7873472fb4400aeb830,late_mask_fragment,512,155.5108000175096,76800000,0.1,15000,0,sha256:18bd7fb3b6d02ff88c53bf4a74124c631590d7e276f031a9034dc7f9cb857902,11,sha256:904a3b31c5d98dc813314337490b4b701d1e0d1458402ea7590afd6095f2288c,150000,20260717T120435635390Z,909,mask_fragment-n150000-w512-m0100-s909
mask_fragment,58ced0e286dfa2b04542a7873472fb4400aeb830,early_mask_fragment,512,1405.0034999963827,76800000,0.1,15000,1,sha256:1a43e0ddf8cc02438cc76d27ba1cce86da34109d2e43dcc8ed7c9d581b95b39d,11,sha256:904a3b31c5d98dc813314337490b4b701d1e0d1458402ea7590afd6095f2288c,150000,20260717T120435635390Z,909,mask_fragment-n150000-w512-m0100-s909
mask_fragment,58ced0e286dfa2b04542a7873472fb4400aeb830,early_mask_fragment,512,1448.212599963881,76800000,0.1,15000,0,sha256:1a43e0ddf8cc02438cc76d27ba1cce86da34109d2e43dcc8ed7c9d581b95b39d,12,sha256:904a3b31c5d98dc813314337490b4b701d1e0d1458402ea7590afd6095f2288c,150000,20260717T120435635390Z,909,mask_fragment-n150000-w512-m0100-s909
mask_fragment,58ced0e286dfa2b04542a7873472fb4400aeb830,late_mask_fragment,512,162.88009996060282,76800000,0.1,15000,1,sha256:18bd7fb3b6d02ff88c53bf4a74124c631590d7e276f031a9034dc7f9cb857902,12,sha256:904a3b31c5d98dc813314337490b4b701d1e0d1458402ea7590afd6095f2288c,150000,20260717T120435635390Z,909,mask_fragment-n150000-w512-m0100-s909
mask_fragment,58ced0e286dfa2b04542a7873472fb4400aeb830,late_mask_fragment,512,195.31080004526302,76800000,0.1,15000,0,sha256:18bd7fb3b6d02ff88c53bf4a74124c631590d7e276f031a9034dc7f9cb857902,13,sha256:904a3b31c5d98dc813314337490b4b701d1e0d1458402ea7590afd6095f2288c,150000,20260717T120435635390Z,909,mask_fragment-n150000-w512-m0100-s909
mask_fragment,58ced0e286dfa2b04542a7873472fb4400aeb830,early_mask_fragment,512,1501.2169999536127,76800000,0.1,15000,1,sha256:1a43e0ddf8cc02438cc76d27ba1cce86da34109d2e43dcc8ed7c9d581b95b39d,13,sha256:904a3b31c5d98dc813314337490b4b701d1e0d1458402ea7590afd6095f2288c,150000,20260717T120435635390Z,909,mask_fragment-n150000-w512-m0100-s909
mask_fragment,58ced0e286dfa2b04542a7873472fb4400aeb830,early_mask_fragment,512,1167.6768000470474,76800000,0.1,15000,0,sha256:1a43e0ddf8cc02438cc76d27ba1cce86da34109d2e43dcc8ed7c9d581b95b39d,14,sha256:904a3b31c5d98dc813314337490b4b701d1e0d1458402ea7590afd6095f2288c,150000,20260717T120435635390Z,909,mask_fragment-n150000-w512-m0100-s909
mask_fragment,58ced0e286dfa2b04542a7873472fb4400aeb830,late_mask_fragment,512,130.05570002133027,76800000,0.1,15000,1,sha256:18bd7fb3b6d02ff88c53bf4a74124c631590d7e276f031a9034dc7f9cb857902,14,sha256:904a3b31c5d98dc813314337490b4b701d1e0d1458402ea7590afd6095f2288c,150000,20260717T120435635390Z,909,mask_fragment-n150000-w512-m0100-s909
mask_fragment,58ced0e286dfa2b04542a7873472fb4400aeb830,late_mask_fragment,512,726.1619999771938,76800000,0.5,75000,0,sha256:18bd7fb3b6d02ff88c53bf4a74124c631590d7e276f031a9034dc7f9cb857902,0,sha256:34bf0ca1ba5178dfb5265068f04b214059809dd4be04e2d6a2b7dff0732e2d43,150000,20260717T120435635390Z,707,mask_fragment-n150000-w512-m0500-s707
mask_fragment,58ced0e286dfa2b04542a7873472fb4400aeb830,early_mask_fragment,512,1027.020099980291,76800000,0.5,75000,1,sha256:1a43e0ddf8cc02438cc76d27ba1cce86da34109d2e43dcc8ed7c9d581b95b39d,0,sha256:34bf0ca1ba5178dfb5265068f04b214059809dd4be04e2d6a2b7dff0732e2d43,150000,20260717T120435635390Z,707,mask_fragment-n150000-w512-m0500-s707
mask_fragment,58ced0e286dfa2b04542a7873472fb4400aeb830,early_mask_fragment,512,1157.4169000377879,76800000,0.5,75000,0,sha256:1a43e0ddf8cc02438cc76d27ba1cce86da34109d2e43dcc8ed7c9d581b95b39d,1,sha256:34bf0ca1ba5178dfb5265068f04b214059809dd4be04e2d6a2b7dff0732e2d43,150000,20260717T120435635390Z,707,mask_fragment-n150000-w512-m0500-s707
mask_fragment,58ced0e286dfa2b04542a7873472fb4400aeb830,late_mask_fragment,512,649.7255000285804,76800000,0.5,75000,1,sha256:18bd7fb3b6d02ff88c53bf4a74124c631590d7e276f031a9034dc7f9cb857902,1,sha256:34bf0ca1ba5178dfb5265068f04b214059809dd4be04e2d6a2b7dff0732e2d43,150000,20260717T120435635390Z,707,mask_fragment-n150000-w512-m0500-s707
mask_fragment,58ced0e286dfa2b04542a7873472fb4400aeb830,late_mask_fragment,512,641.3031999836676,76800000,0.5,75000,0,sha256:18bd7fb3b6d02ff88c53bf4a74124c631590d7e276f031a9034dc7f9cb857902,2,sha256:34bf0ca1ba5178dfb5265068f04b214059809dd4be04e2d6a2b7dff0732e2d43,150000,20260717T120435635390Z,707,mask_fragment-n150000-w512-m0500-s707
mask_fragment,58ced0e286dfa2b04542a7873472fb4400aeb830,early_mask_fragment,512,1183.6806000210345,76800000,0.5,75000,1,sha256:1a43e0ddf8cc02438cc76d27ba1cce86da34109d2e43dcc8ed7c9d581b95b39d,2,sha256:34bf0ca1ba5178dfb5265068f04b214059809dd4be04e2d6a2b7dff0732e2d43,150000,20260717T120435635390Z,707,mask_fragment-n150000-w512-m0500-s707
mask_fragment,58ced0e286dfa2b04542a7873472fb4400aeb830,early_mask_fragment,512,1164.6575999911875,76800000,0.5,75000,0,sha256:1a43e0ddf8cc02438cc76d27ba1cce86da34109d2e43dcc8ed7c9d581b95b39d,3,sha256:34bf0ca1ba5178dfb5265068f04b214059809dd4be04e2d6a2b7dff0732e2d43,150000,20260717T120435635390Z,707,mask_fragment-n150000-w512-m0500-s707
mask_fragment,58ced0e286dfa2b04542a7873472fb4400aeb830,late_mask_fragment,512,649.1601999732666,76800000,0.5,75000,1,sha256:18bd7fb3b6d02ff88c53bf4a74124c631590d7e276f031a9034dc7f9cb857902,3,sha256:34bf0ca1ba5178dfb5265068f04b214059809dd4be04e2d6a2b7dff0732e2d43,150000,20260717T120435635390Z,707,mask_fragment-n150000-w512-m0500-s707
mask_fragment,58ced0e286dfa2b04542a7873472fb4400aeb830,late_mask_fragment,512,711.094599973876,76800000,0.5,75000,0,sha256:18bd7fb3b6d02ff88c53bf4a74124c631590d7e276f031a9034dc7f9cb857902,4,sha256:34bf0ca1ba5178dfb5265068f04b214059809dd4be04e2d6a2b7dff0732e2d43,150000,20260717T120435635390Z,707,mask_fragment-n150000-w512-m0500-s707
mask_fragment,58ced0e286dfa2b04542a7873472fb4400aeb830,early_mask_fragment,512,1243.1205000029877,76800000,0.5,75000,1,sha256:1a43e0ddf8cc02438cc76d27ba1cce86da34109d2e43dcc8ed7c9d581b95b39d,4,sha256:34bf0ca1ba5178dfb5265068f04b214059809dd4be04e2d6a2b7dff0732e2d43,150000,20260717T120435635390Z,707,mask_fragment-n150000-w512-m0500-s707
mask_fragment,58ced0e286dfa2b04542a7873472fb4400aeb830,early_mask_fragment,512,1141.3777000270784,76800000,0.5,75000,0,sha256:1a43e0ddf8cc02438cc76d27ba1cce86da34109d2e43dcc8ed7c9d581b95b39d,5,sha256:34bf0ca1ba5178dfb5265068f04b214059809dd4be04e2d6a2b7dff0732e2d43,150000,20260717T120435635390Z,707,mask_fragment-n150000-w512-m0500-s707
mask_fragment,58ced0e286dfa2b04542a7873472fb4400aeb830,late_mask_fragment,512,719.7296000085771,76800000,0.5,75000,1,sha256:18bd7fb3b6d02ff88c53bf4a74124c631590d7e276f031a9034dc7f9cb857902,5,sha256:34bf0ca1ba5178dfb5265068f04b214059809dd4be04e2d6a2b7dff0732e2d43,150000,20260717T120435635390Z,707,mask_fragment-n150000-w512-m0500-s707
mask_fragment,58ced0e286dfa2b04542a7873472fb4400aeb830,late_mask_fragment,512,732.9926999518648,76800000,0.5,75000,0,sha256:18bd7fb3b6d02ff88c53bf4a74124c631590d7e276f031a9034dc7f9cb857902,6,sha256:34bf0ca1ba5178dfb5265068f04b214059809dd4be04e2d6a2b7dff0732e2d43,150000,20260717T120435635390Z,707,mask_fragment-n150000-w512-m0500-s707
mask_fragment,58ced0e286dfa2b04542a7873472fb4400aeb830,early_mask_fragment,512,1183.2649999996647,76800000,0.5,75000,1,sha256:1a43e0ddf8cc02438cc76d27ba1cce86da34109d2e43dcc8ed7c9d581b95b39d,6,sha256:34bf0ca1ba5178dfb5265068f04b214059809dd4be04e2d6a2b7dff0732e2d43,150000,20260717T120435635390Z,707,mask_fragment-n150000-w512-m0500-s707
mask_fragment,58ced0e286dfa2b04542a7873472fb4400aeb830,early_mask_fragment,512,1028.7211000104435,76800000,0.5,75000,0,sha256:1a43e0ddf8cc02438cc76d27ba1cce86da34109d2e43dcc8ed7c9d581b95b39d,7,sha256:34bf0ca1ba5178dfb5265068f04b214059809dd4be04e2d6a2b7dff0732e2d43,150000,20260717T120435635390Z,707,mask_fragment-n150000-w512-m0500-s707
mask_fragment,58ced0e286dfa2b04542a7873472fb4400aeb830,late_mask_fragment,512,749.9273999710567,76800000,0.5,75000,1,sha256:18bd7fb3b6d02ff88c53bf4a74124c631590d7e276f031a9034dc7f9cb857902,7,sha256:34bf0ca1ba5178dfb5265068f04b214059809dd4be04e2d6a2b7dff0732e2d43,150000,20260717T120435635390Z,707,mask_fragment-n150000-w512-m0500-s707
mask_fragment,58ced0e286dfa2b04542a7873472fb4400aeb830,late_mask_fragment,512,703.9670000085607,76800000,0.5,75000,0,sha256:18bd7fb3b6d02ff88c53bf4a74124c631590d7e276f031a9034dc7f9cb857902,8,sha256:34bf0ca1ba5178dfb5265068f04b214059809dd4be04e2d6a2b7dff0732e2d43,150000,20260717T120435635390Z,707,mask_fragment-n150000-w512-m0500-s707
mask_fragment,58ced0e286dfa2b04542a7873472fb4400aeb830,early_mask_fragment,512,1188.114000018686,76800000,0.5,75000,1,sha256:1a43e0ddf8cc02438cc76d27ba1cce86da34109d2e43dcc8ed7c9d581b95b39d,8,sha256:34bf0ca1ba5178dfb5265068f04b214059809dd4be04e2d6a2b7dff0732e2d43,150000,20260717T120435635390Z,707,mask_fragment-n150000-w512-m0500-s707
mask_fragment,58ced0e286dfa2b04542a7873472fb4400aeb830,early_mask_fragment,512,1193.4308999916539,76800000,0.5,75000,0,sha256:1a43e0ddf8cc02438cc76d27ba1cce86da34109d2e43dcc8ed7c9d581b95b39d,9,sha256:34bf0ca1ba5178dfb5265068f04b214059809dd4be04e2d6a2b7dff0732e2d43,150000,20260717T120435635390Z,707,mask_fragment-n150000-w512-m0500-s707
mask_fragment,58ced0e286dfa2b04542a7873472fb4400aeb830,late_mask_fragment,512,713.6013999697752,76800000,0.5,75000,1,sha256:18bd7fb3b6d02ff88c53bf4a74124c631590d7e276f031a9034dc7f9cb857902,9,sha256:34bf0ca1ba5178dfb5265068f04b214059809dd4be04e2d6a2b7dff0732e2d43,150000,20260717T120435635390Z,707,mask_fragment-n150000-w512-m0500-s707
mask_fragment,58ced0e286dfa2b04542a7873472fb4400aeb830,late_mask_fragment,512,684.505800018087,76800000,0.5,75000,0,sha256:18bd7fb3b6d02ff88c53bf4a74124c631590d7e276f031a9034dc7f9cb857902,10,sha256:34bf0ca1ba5178dfb5265068f04b214059809dd4be04e2d6a2b7dff0732e2d43,150000,20260717T120435635390Z,707,mask_fragment-n150000-w512-m0500-s707
mask_fragment,58ced0e286dfa2b04542a7873472fb4400aeb830,early_mask_fragment,512,1280.4498000186868,76800000,0.5,75000,1,sha256:1a43e0ddf8cc02438cc76d27ba1cce86da34109d2e43dcc8ed7c9d581b95b39d,10,sha256:34bf0ca1ba5178dfb5265068f04b214059809dd4be04e2d6a2b7dff0732e2d43,150000,20260717T120435635390Z,707,mask_fragment-n150000-w512-m0500-s707
mask_fragment,58ced0e286dfa2b04542a7873472fb4400aeb830,early_mask_fragment,512,1273.5310000134632,76800000,0.5,75000,0,sha256:1a43e0ddf8cc02438cc76d27ba1cce86da34109d2e43dcc8ed7c9d581b95b39d,11,sha256:34bf0ca1ba5178dfb5265068f04b214059809dd4be04e2d6a2b7dff0732e2d43,150000,20260717T120435635390Z,707,mask_fragment-n150000-w512-m0500-s707
mask_fragment,58ced0e286dfa2b04542a7873472fb4400aeb830,late_mask_fragment,512,923.0879999813624,76800000,0.5,75000,1,sha256:18bd7fb3b6d02ff88c53bf4a74124c631590d7e276f031a9034dc7f9cb857902,11,sha256:34bf0ca1ba5178dfb5265068f04b214059809dd4be04e2d6a2b7dff0732e2d43,150000,20260717T120435635390Z,707,mask_fragment-n150000-w512-m0500-s707
mask_fragment,58ced0e286dfa2b04542a7873472fb4400aeb830,late_mask_fragment,512,952.9876000015065,76800000,0.5,75000,0,sha256:18bd7fb3b6d02ff88c53bf4a74124c631590d7e276f031a9034dc7f9cb857902,12,sha256:34bf0ca1ba5178dfb5265068f04b214059809dd4be04e2d6a2b7dff0732e2d43,150000,20260717T120435635390Z,707,mask_fragment-n150000-w512-m0500-s707
mask_fragment,58ced0e286dfa2b04542a7873472fb4400aeb830,early_mask_fragment,512,1253.1306999735534,76800000,0.5,75000,1,sha256:1a43e0ddf8cc02438cc76d27ba1cce86da34109d2e43dcc8ed7c9d581b95b39d,12,sha256:34bf0ca1ba5178dfb5265068f04b214059809dd4be04e2d6a2b7dff0732e2d43,150000,20260717T120435635390Z,707,mask_fragment-n150000-w512-m0500-s707
mask_fragment,58ced0e286dfa2b04542a7873472fb4400aeb830,early_mask_fragment,512,1070.1927000191063,76800000,0.5,75000,0,sha256:1a43e0ddf8cc02438cc76d27ba1cce86da34109d2e43dcc8ed7c9d581b95b39d,13,sha256:34bf0ca1ba5178dfb5265068f04b214059809dd4be04e2d6a2b7dff0732e2d43,150000,20260717T120435635390Z,707,mask_fragment-n150000-w512-m0500-s707
mask_fragment,58ced0e286dfa2b04542a7873472fb4400aeb830,late_mask_fragment,512,749.2678000126034,76800000,0.5,75000,1,sha256:18bd7fb3b6d02ff88c53bf4a74124c631590d7e276f031a9034dc7f9cb857902,13,sha256:34bf0ca1ba5178dfb5265068f04b214059809dd4be04e2d6a2b7dff0732e2d43,150000,20260717T120435635390Z,707,mask_fragment-n150000-w512-m0500-s707
mask_fragment,58ced0e286dfa2b04542a7873472fb4400aeb830,late_mask_fragment,512,797.2883000038564,76800000,0.5,75000,0,sha256:18bd7fb3b6d02ff88c53bf4a74124c631590d7e276f031a9034dc7f9cb857902,14,sha256:34bf0ca1ba5178dfb5265068f04b214059809dd4be04e2d6a2b7dff0732e2d43,150000,20260717T120435635390Z,707,mask_fragment-n150000-w512-m0500-s707
mask_fragment,58ced0e286dfa2b04542a7873472fb4400aeb830,early_mask_fragment,512,1175.3829999943264,76800000,0.5,75000,1,sha256:1a43e0ddf8cc02438cc76d27ba1cce86da34109d2e43dcc8ed7c9d581b95b39d,14,sha256:34bf0ca1ba5178dfb5265068f04b214059809dd4be04e2d6a2b7dff0732e2d43,150000,20260717T120435635390Z,707,mask_fragment-n150000-w512-m0500-s707
mask_fragment,58ced0e286dfa2b04542a7873472fb4400aeb830,early_mask_fragment,512,1007.2822000365704,76800000,0.5,75000,0,sha256:1a43e0ddf8cc02438cc76d27ba1cce86da34109d2e43dcc8ed7c9d581b95b39d,0,sha256:8a1e372ff4bb0078d8b1bf23eb551dd1eb791c257406a6bb4ade762e36844533,150000,20260717T120435635390Z,808,mask_fragment-n150000-w512-m0500-s808
mask_fragment,58ced0e286dfa2b04542a7873472fb4400aeb830,late_mask_fragment,512,728.0979999923147,76800000,0.5,75000,1,sha256:18bd7fb3b6d02ff88c53bf4a74124c631590d7e276f031a9034dc7f9cb857902,0,sha256:8a1e372ff4bb0078d8b1bf23eb551dd1eb791c257406a6bb4ade762e36844533,150000,20260717T120435635390Z,808,mask_fragment-n150000-w512-m0500-s808
mask_fragment,58ced0e286dfa2b04542a7873472fb4400aeb830,late_mask_fragment,512,680.5632000323385,76800000,0.5,75000,0,sha256:18bd7fb3b6d02ff88c53bf4a74124c631590d7e276f031a9034dc7f9cb857902,1,sha256:8a1e372ff4bb0078d8b1bf23eb551dd1eb791c257406a6bb4ade762e36844533,150000,20260717T120435635390Z,808,mask_fragment-n150000-w512-m0500-s808
mask_fragment,58ced0e286dfa2b04542a7873472fb4400aeb830,early_mask_fragment,512,1161.654900002759,76800000,0.5,75000,1,sha256:1a43e0ddf8cc02438cc76d27ba1cce86da34109d2e43dcc8ed7c9d581b95b39d,1,sha256:8a1e372ff4bb0078d8b1bf23eb551dd1eb791c257406a6bb4ade762e36844533,150000,20260717T120435635390Z,808,mask_fragment-n150000-w512-m0500-s808
mask_fragment,58ced0e286dfa2b04542a7873472fb4400aeb830,early_mask_fragment,512,1090.3804000117816,76800000,0.5,75000,0,sha256:1a43e0ddf8cc02438cc76d27ba1cce86da34109d2e43dcc8ed7c9d581b95b39d,2,sha256:8a1e372ff4bb0078d8b1bf23eb551dd1eb791c257406a6bb4ade762e36844533,150000,20260717T120435635390Z,808,mask_fragment-n150000-w512-m0500-s808
mask_fragment,58ced0e286dfa2b04542a7873472fb4400aeb830,late_mask_fragment,512,803.2163000316359,76800000,0.5,75000,1,sha256:18bd7fb3b6d02ff88c53bf4a74124c631590d7e276f031a9034dc7f9cb857902,2,sha256:8a1e372ff4bb0078d8b1bf23eb551dd1eb791c257406a6bb4ade762e36844533,150000,20260717T120435635390Z,808,mask_fragment-n150000-w512-m0500-s808
mask_fragment,58ced0e286dfa2b04542a7873472fb4400aeb830,late_mask_fragment,512,678.2208000076935,76800000,0.5,75000,0,sha256:18bd7fb3b6d02ff88c53bf4a74124c631590d7e276f031a9034dc7f9cb857902,3,sha256:8a1e372ff4bb0078d8b1bf23eb551dd1eb791c257406a6bb4ade762e36844533,150000,20260717T120435635390Z,808,mask_fragment-n150000-w512-m0500-s808
mask_fragment,58ced0e286dfa2b04542a7873472fb4400aeb830,early_mask_fragment,512,979.704600002151,76800000,0.5,75000,1,sha256:1a43e0ddf8cc02438cc76d27ba1cce86da34109d2e43dcc8ed7c9d581b95b39d,3,sha256:8a1e372ff4bb0078d8b1bf23eb551dd1eb791c257406a6bb4ade762e36844533,150000,20260717T120435635390Z,808,mask_fragment-n150000-w512-m0500-s808
mask_fragment,58ced0e286dfa2b04542a7873472fb4400aeb830,early_mask_fragment,512,1310.0129999802448,76800000,0.5,75000,0,sha256:1a43e0ddf8cc02438cc76d27ba1cce86da34109d2e43dcc8ed7c9d581b95b39d,4,sha256:8a1e372ff4bb0078d8b1bf23eb551dd1eb791c257406a6bb4ade762e36844533,150000,20260717T120435635390Z,808,mask_fragment-n150000-w512-m0500-s808
mask_fragment,58ced0e286dfa2b04542a7873472fb4400aeb830,late_mask_fragment,512,856.5378999919631,76800000,0.5,75000,1,sha256:18bd7fb3b6d02ff88c53bf4a74124c631590d7e276f031a9034dc7f9cb857902,4,sha256:8a1e372ff4bb0078d8b1bf23eb551dd1eb791c257406a6bb4ade762e36844533,150000,20260717T120435635390Z,808,mask_fragment-n150000-w512-m0500-s808
mask_fragment,58ced0e286dfa2b04542a7873472fb4400aeb830,late_mask_fragment,512,846.012000052724,76800000,0.5,75000,0,sha256:18bd7fb3b6d02ff88c53bf4a74124c631590d7e276f031a9034dc7f9cb857902,5,sha256:8a1e372ff4bb0078d8b1bf23eb551dd1eb791c257406a6bb4ade762e36844533,150000,20260717T120435635390Z,808,mask_fragment-n150000-w512-m0500-s808
mask_fragment,58ced0e286dfa2b04542a7873472fb4400aeb830,early_mask_fragment,512,1393.333200016059,76800000,0.5,75000,1,sha256:1a43e0ddf8cc02438cc76d27ba1cce86da34109d2e43dcc8ed7c9d581b95b39d,5,sha256:8a1e372ff4bb0078d8b1bf23eb551dd1eb791c257406a6bb4ade762e36844533,150000,20260717T120435635390Z,808,mask_fragment-n150000-w512-m0500-s808
mask_fragment,58ced0e286dfa2b04542a7873472fb4400aeb830,early_mask_fragment,512,1390.2518000104465,76800000,0.5,75000,0,sha256:1a43e0ddf8cc02438cc76d27ba1cce86da34109d2e43dcc8ed7c9d581b95b39d,6,sha256:8a1e372ff4bb0078d8b1bf23eb551dd1eb791c257406a6bb4ade762e36844533,150000,20260717T120435635390Z,808,mask_fragment-n150000-w512-m0500-s808
mask_fragment,58ced0e286dfa2b04542a7873472fb4400aeb830,late_mask_fragment,512,672.8848000057042,76800000,0.5,75000,1,sha256:18bd7fb3b6d02ff88c53bf4a74124c631590d7e276f031a9034dc7f9cb857902,6,sha256:8a1e372ff4bb0078d8b1bf23eb551dd1eb791c257406a6bb4ade762e36844533,150000,20260717T120435635390Z,808,mask_fragment-n150000-w512-m0500-s808
mask_fragment,58ced0e286dfa2b04542a7873472fb4400aeb830,late_mask_fragment,512,602.3846000316553,76800000,0.5,75000,0,sha256:18bd7fb3b6d02ff88c53bf4a74124c631590d7e276f031a9034dc7f9cb857902,7,sha256:8a1e372ff4bb0078d8b1bf23eb551dd1eb791c257406a6bb4ade762e36844533,150000,20260717T120435635390Z,808,mask_fragment-n150000-w512-m0500-s808
mask_fragment,58ced0e286dfa2b04542a7873472fb4400aeb830,early_mask_fragment,512,1168.3699000277556,76800000,0.5,75000,1,sha256:1a43e0ddf8cc02438cc76d27ba1cce86da34109d2e43dcc8ed7c9d581b95b39d,7,sha256:8a1e372ff4bb0078d8b1bf23eb551dd1eb791c257406a6bb4ade762e36844533,150000,20260717T120435635390Z,808,mask_fragment-n150000-w512-m0500-s808
mask_fragment,58ced0e286dfa2b04542a7873472fb4400aeb830,early_mask_fragment,512,1164.2859000130557,76800000,0.5,75000,0,sha256:1a43e0ddf8cc02438cc76d27ba1cce86da34109d2e43dcc8ed7c9d581b95b39d,8,sha256:8a1e372ff4bb0078d8b1bf23eb551dd1eb791c257406a6bb4ade762e36844533,150000,20260717T120435635390Z,808,mask_fragment-n150000-w512-m0500-s808
mask_fragment,58ced0e286dfa2b04542a7873472fb4400aeb830,late_mask_fragment,512,761.470100027509,76800000,0.5,75000,1,sha256:18bd7fb3b6d02ff88c53bf4a74124c631590d7e276f031a9034dc7f9cb857902,8,sha256:8a1e372ff4bb0078d8b1bf23eb551dd1eb791c257406a6bb4ade762e36844533,150000,20260717T120435635390Z,808,mask_fragment-n150000-w512-m0500-s808
mask_fragment,58ced0e286dfa2b04542a7873472fb4400aeb830,late_mask_fragment,512,895.533200004138,76800000,0.5,75000,0,sha256:18bd7fb3b6d02ff88c53bf4a74124c631590d7e276f031a9034dc7f9cb857902,9,sha256:8a1e372ff4bb0078d8b1bf23eb551dd1eb791c257406a6bb4ade762e36844533,150000,20260717T120435635390Z,808,mask_fragment-n150000-w512-m0500-s808
mask_fragment,58ced0e286dfa2b04542a7873472fb4400aeb830,early_mask_fragment,512,1048.143899999559,76800000,0.5,75000,1,sha256:1a43e0ddf8cc02438cc76d27ba1cce86da34109d2e43dcc8ed7c9d581b95b39d,9,sha256:8a1e372ff4bb0078d8b1bf23eb551dd1eb791c257406a6bb4ade762e36844533,150000,20260717T120435635390Z,808,mask_fragment-n150000-w512-m0500-s808
mask_fragment,58ced0e286dfa2b04542a7873472fb4400aeb830,early_mask_fragment,512,1163.5947999893688,76800000,0.5,75000,0,sha256:1a43e0ddf8cc02438cc76d27ba1cce86da34109d2e43dcc8ed7c9d581b95b39d,10,sha256:8a1e372ff4bb0078d8b1bf23eb551dd1eb791c257406a6bb4ade762e36844533,150000,20260717T120435635390Z,808,mask_fragment-n150000-w512-m0500-s808
mask_fragment,58ced0e286dfa2b04542a7873472fb4400aeb830,late_mask_fragment,512,767.4767000135034,76800000,0.5,75000,1,sha256:18bd7fb3b6d02ff88c53bf4a74124c631590d7e276f031a9034dc7f9cb857902,10,sha256:8a1e372ff4bb0078d8b1bf23eb551dd1eb791c257406a6bb4ade762e36844533,150000,20260717T120435635390Z,808,mask_fragment-n150000-w512-m0500-s808
mask_fragment,58ced0e286dfa2b04542a7873472fb4400aeb830,late_mask_fragment,512,737.9867999698035,76800000,0.5,75000,0,sha256:18bd7fb3b6d02ff88c53bf4a74124c631590d7e276f031a9034dc7f9cb857902,11,sha256:8a1e372ff4bb0078d8b1bf23eb551dd1eb791c257406a6bb4ade762e36844533,150000,20260717T120435635390Z,808,mask_fragment-n150000-w512-m0500-s808
mask_fragment,58ced0e286dfa2b04542a7873472fb4400aeb830,early_mask_fragment,512,1132.9553999821655,76800000,0.5,75000,1,sha256:1a43e0ddf8cc02438cc76d27ba1cce86da34109d2e43dcc8ed7c9d581b95b39d,11,sha256:8a1e372ff4bb0078d8b1bf23eb551dd1eb791c257406a6bb4ade762e36844533,150000,20260717T120435635390Z,808,mask_fragment-n150000-w512-m0500-s808
mask_fragment,58ced0e286dfa2b04542a7873472fb4400aeb830,early_mask_fragment,512,1193.203100003302,76800000,0.5,75000,0,sha256:1a43e0ddf8cc02438cc76d27ba1cce86da34109d2e43dcc8ed7c9d581b95b39d,12,sha256:8a1e372ff4bb0078d8b1bf23eb551dd1eb791c257406a6bb4ade762e36844533,150000,20260717T120435635390Z,808,mask_fragment-n150000-w512-m0500-s808
mask_fragment,58ced0e286dfa2b04542a7873472fb4400aeb830,late_mask_fragment,512,638.9106999849901,76800000,0.5,75000,1,sha256:18bd7fb3b6d02ff88c53bf4a74124c631590d7e276f031a9034dc7f9cb857902,12,sha256:8a1e372ff4bb0078d8b1bf23eb551dd1eb791c257406a6bb4ade762e36844533,150000,20260717T120435635390Z,808,mask_fragment-n150000-w512-m0500-s808
mask_fragment,58ced0e286dfa2b04542a7873472fb4400aeb830,late_mask_fragment,512,657.6969000161625,76800000,0.5,75000,0,sha256:18bd7fb3b6d02ff88c53bf4a74124c631590d7e276f031a9034dc7f9cb857902,13,sha256:8a1e372ff4bb0078d8b1bf23eb551dd1eb791c257406a6bb4ade762e36844533,150000,20260717T120435635390Z,808,mask_fragment-n150000-w512-m0500-s808
mask_fragment,58ced0e286dfa2b04542a7873472fb4400aeb830,early_mask_fragment,512,1177.6957000256516,76800000,0.5,75000,1,sha256:1a43e0ddf8cc02438cc76d27ba1cce86da34109d2e43dcc8ed7c9d581b95b39d,13,sha256:8a1e372ff4bb0078d8b1bf23eb551dd1eb791c257406a6bb4ade762e36844533,150000,20260717T120435635390Z,808,mask_fragment-n150000-w512-m0500-s808
mask_fragment,58ced0e286dfa2b04542a7873472fb4400aeb830,early_mask_fragment,512,1181.8384999642149,76800000,0.5,75000,0,sha256:1a43e0ddf8cc02438cc76d27ba1cce86da34109d2e43dcc8ed7c9d581b95b39d,14,sha256:8a1e372ff4bb0078d8b1bf23eb551dd1eb791c257406a6bb4ade762e36844533,150000,20260717T120435635390Z,808,mask_fragment-n150000-w512-m0500-s808
mask_fragment,58ced0e286dfa2b04542a7873472fb4400aeb830,late_mask_fragment,512,913.6914000264369,76800000,0.5,75000,1,sha256:18bd7fb3b6d02ff88c53bf4a74124c631590d7e276f031a9034dc7f9cb857902,14,sha256:8a1e372ff4bb0078d8b1bf23eb551dd1eb791c257406a6bb4ade762e36844533,150000,20260717T120435635390Z,808,mask_fragment-n150000-w512-m0500-s808
mask_fragment,58ced0e286dfa2b04542a7873472fb4400aeb830,early_mask_fragment,512,1038.0180000211112,76800000,0.5,75000,0,sha256:1a43e0ddf8cc02438cc76d27ba1cce86da34109d2e43dcc8ed7c9d581b95b39d,0,sha256:960a98df73202bd160a5a0e1e7f8f4e852438f571e383db09f546be9308d85a4,150000,20260717T120435635390Z,909,mask_fragment-n150000-w512-m0500-s909
mask_fragment,58ced0e286dfa2b04542a7873472fb4400aeb830,late_mask_fragment,512,628.4134000306949,76800000,0.5,75000,1,sha256:18bd7fb3b6d02ff88c53bf4a74124c631590d7e276f031a9034dc7f9cb857902,0,sha256:960a98df73202bd160a5a0e1e7f8f4e852438f571e383db09f546be9308d85a4,150000,20260717T120435635390Z,909,mask_fragment-n150000-w512-m0500-s909
mask_fragment,58ced0e286dfa2b04542a7873472fb4400aeb830,late_mask_fragment,512,635.167200001888,76800000,0.5,75000,0,sha256:18bd7fb3b6d02ff88c53bf4a74124c631590d7e276f031a9034dc7f9cb857902,1,sha256:960a98df73202bd160a5a0e1e7f8f4e852438f571e383db09f546be9308d85a4,150000,20260717T120435635390Z,909,mask_fragment-n150000-w512-m0500-s909
mask_fragment,58ced0e286dfa2b04542a7873472fb4400aeb830,early_mask_fragment,512,1177.333700004965,76800000,0.5,75000,1,sha256:1a43e0ddf8cc02438cc76d27ba1cce86da34109d2e43dcc8ed7c9d581b95b39d,1,sha256:960a98df73202bd160a5a0e1e7f8f4e852438f571e383db09f546be9308d85a4,150000,20260717T120435635390Z,909,mask_fragment-n150000-w512-m0500-s909
mask_fragment,58ced0e286dfa2b04542a7873472fb4400aeb830,early_mask_fragment,512,1000.1365999924019,76800000,0.5,75000,0,sha256:1a43e0ddf8cc02438cc76d27ba1cce86da34109d2e43dcc8ed7c9d581b95b39d,2,sha256:960a98df73202bd160a5a0e1e7f8f4e852438f571e383db09f546be9308d85a4,150000,20260717T120435635390Z,909,mask_fragment-n150000-w512-m0500-s909
mask_fragment,58ced0e286dfa2b04542a7873472fb4400aeb830,late_mask_fragment,512,636.40919997124,76800000,0.5,75000,1,sha256:18bd7fb3b6d02ff88c53bf4a74124c631590d7e276f031a9034dc7f9cb857902,2,sha256:960a98df73202bd160a5a0e1e7f8f4e852438f571e383db09f546be9308d85a4,150000,20260717T120435635390Z,909,mask_fragment-n150000-w512-m0500-s909
mask_fragment,58ced0e286dfa2b04542a7873472fb4400aeb830,late_mask_fragment,512,633.5836000507697,76800000,0.5,75000,0,sha256:18bd7fb3b6d02ff88c53bf4a74124c631590d7e276f031a9034dc7f9cb857902,3,sha256:960a98df73202bd160a5a0e1e7f8f4e852438f571e383db09f546be9308d85a4,150000,20260717T120435635390Z,909,mask_fragment-n150000-w512-m0500-s909
mask_fragment,58ced0e286dfa2b04542a7873472fb4400aeb830,early_mask_fragment,512,1141.3677000091411,76800000,0.5,75000,1,sha256:1a43e0ddf8cc02438cc76d27ba1cce86da34109d2e43dcc8ed7c9d581b95b39d,3,sha256:960a98df73202bd160a5a0e1e7f8f4e852438f571e383db09f546be9308d85a4,150000,20260717T120435635390Z,909,mask_fragment-n150000-w512-m0500-s909
mask_fragment,58ced0e286dfa2b04542a7873472fb4400aeb830,early_mask_fragment,512,1211.713500029873,76800000,0.5,75000,0,sha256:1a43e0ddf8cc02438cc76d27ba1cce86da34109d2e43dcc8ed7c9d581b95b39d,4,sha256:960a98df73202bd160a5a0e1e7f8f4e852438f571e383db09f546be9308d85a4,150000,20260717T120435635390Z,909,mask_fragment-n150000-w512-m0500-s909
mask_fragment,58ced0e286dfa2b04542a7873472fb4400aeb830,late_mask_fragment,512,745.1056999852881,76800000,0.5,75000,1,sha256:18bd7fb3b6d02ff88c53bf4a74124c631590d7e276f031a9034dc7f9cb857902,4,sha256:960a98df73202bd160a5a0e1e7f8f4e852438f571e383db09f546be9308d85a4,150000,20260717T120435635390Z,909,mask_fragment-n150000-w512-m0500-s909
mask_fragment,58ced0e286dfa2b04542a7873472fb4400aeb830,late_mask_fragment,512,763.2537999888882,76800000,0.5,75000,0,sha256:18bd7fb3b6d02ff88c53bf4a74124c631590d7e276f031a9034dc7f9cb857902,5,sha256:960a98df73202bd160a5a0e1e7f8f4e852438f571e383db09f546be9308d85a4,150000,20260717T120435635390Z,909,mask_fragment-n150000-w512-m0500-s909
mask_fragment,58ced0e286dfa2b04542a7873472fb4400aeb830,early_mask_fragment,512,1154.1890000225976,76800000,0.5,75000,1,sha256:1a43e0ddf8cc02438cc76d27ba1cce86da34109d2e43dcc8ed7c9d581b95b39d,5,sha256:960a98df73202bd160a5a0e1e7f8f4e852438f571e383db09f546be9308d85a4,150000,20260717T120435635390Z,909,mask_fragment-n150000-w512-m0500-s909
mask_fragment,58ced0e286dfa2b04542a7873472fb4400aeb830,early_mask_fragment,512,1175.2855000086129,76800000,0.5,75000,0,sha256:1a43e0ddf8cc02438cc76d27ba1cce86da34109d2e43dcc8ed7c9d581b95b39d,6,sha256:960a98df73202bd160a5a0e1e7f8f4e852438f571e383db09f546be9308d85a4,150000,20260717T120435635390Z,909,mask_fragment-n150000-w512-m0500-s909
mask_fragment,58ced0e286dfa2b04542a7873472fb4400aeb830,late_mask_fragment,512,737.6093000057153,76800000,0.5,75000,1,sha256:18bd7fb3b6d02ff88c53bf4a74124c631590d7e276f031a9034dc7f9cb857902,6,sha256:960a98df73202bd160a5a0e1e7f8f4e852438f571e383db09f546be9308d85a4,150000,20260717T120435635390Z,909,mask_fragment-n150000-w512-m0500-s909
mask_fragment,58ced0e286dfa2b04542a7873472fb4400aeb830,late_mask_fragment,512,645.9000000031665,76800000,0.5,75000,0,sha256:18bd7fb3b6d02ff88c53bf4a74124c631590d7e276f031a9034dc7f9cb857902,7,sha256:960a98df73202bd160a5a0e1e7f8f4e852438f571e383db09f546be9308d85a4,150000,20260717T120435635390Z,909,mask_fragment-n150000-w512-m0500-s909
mask_fragment,58ced0e286dfa2b04542a7873472fb4400aeb830,early_mask_fragment,512,1119.4006000296213,76800000,0.5,75000,1,sha256:1a43e0ddf8cc02438cc76d27ba1cce86da34109d2e43dcc8ed7c9d581b95b39d,7,sha256:960a98df73202bd160a5a0e1e7f8f4e852438f571e383db09f546be9308d85a4,150000,20260717T120435635390Z,909,mask_fragment-n150000-w512-m0500-s909
mask_fragment,58ced0e286dfa2b04542a7873472fb4400aeb830,early_mask_fragment,512,1208.3112999680452,76800000,0.5,75000,0,sha256:1a43e0ddf8cc02438cc76d27ba1cce86da34109d2e43dcc8ed7c9d581b95b39d,8,sha256:960a98df73202bd160a5a0e1e7f8f4e852438f571e383db09f546be9308d85a4,150000,20260717T120435635390Z,909,mask_fragment-n150000-w512-m0500-s909
mask_fragment,58ced0e286dfa2b04542a7873472fb4400aeb830,late_mask_fragment,512,679.6077000326477,76800000,0.5,75000,1,sha256:18bd7fb3b6d02ff88c53bf4a74124c631590d7e276f031a9034dc7f9cb857902,8,sha256:960a98df73202bd160a5a0e1e7f8f4e852438f571e383db09f546be9308d85a4,150000,20260717T120435635390Z,909,mask_fragment-n150000-w512-m0500-s909
mask_fragment,58ced0e286dfa2b04542a7873472fb4400aeb830,late_mask_fragment,512,726.346299983561,76800000,0.5,75000,0,sha256:18bd7fb3b6d02ff88c53bf4a74124c631590d7e276f031a9034dc7f9cb857902,9,sha256:960a98df73202bd160a5a0e1e7f8f4e852438f571e383db09f546be9308d85a4,150000,20260717T120435635390Z,909,mask_fragment-n150000-w512-m0500-s909
mask_fragment,58ced0e286dfa2b04542a7873472fb4400aeb830,early_mask_fragment,512,1294.975400029216,76800000,0.5,75000,1,sha256:1a43e0ddf8cc02438cc76d27ba1cce86da34109d2e43dcc8ed7c9d581b95b39d,9,sha256:960a98df73202bd160a5a0e1e7f8f4e852438f571e383db09f546be9308d85a4,150000,20260717T120435635390Z,909,mask_fragment-n150000-w512-m0500-s909
mask_fragment,58ced0e286dfa2b04542a7873472fb4400aeb830,early_mask_fragment,512,1222.2369000082836,76800000,0.5,75000,0,sha256:1a43e0ddf8cc02438cc76d27ba1cce86da34109d2e43dcc8ed7c9d581b95b39d,10,sha256:960a98df73202bd160a5a0e1e7f8f4e852438f571e383db09f546be9308d85a4,150000,20260717T120435635390Z,909,mask_fragment-n150000-w512-m0500-s909
mask_fragment,58ced0e286dfa2b04542a7873472fb4400aeb830,late_mask_fragment,512,742.4585000262596,76800000,0.5,75000,1,sha256:18bd7fb3b6d02ff88c53bf4a74124c631590d7e276f031a9034dc7f9cb857902,10,sha256:960a98df73202bd160a5a0e1e7f8f4e852438f571e383db09f546be9308d85a4,150000,20260717T120435635390Z,909,mask_fragment-n150000-w512-m0500-s909
mask_fragment,58ced0e286dfa2b04542a7873472fb4400aeb830,late_mask_fragment,512,780.1598000223748,76800000,0.5,75000,0,sha256:18bd7fb3b6d02ff88c53bf4a74124c631590d7e276f031a9034dc7f9cb857902,11,sha256:960a98df73202bd160a5a0e1e7f8f4e852438f571e383db09f546be9308d85a4,150000,20260717T120435635390Z,909,mask_fragment-n150000-w512-m0500-s909
mask_fragment,58ced0e286dfa2b04542a7873472fb4400aeb830,early_mask_fragment,512,1105.027000012342,76800000,0.5,75000,1,sha256:1a43e0ddf8cc02438cc76d27ba1cce86da34109d2e43dcc8ed7c9d581b95b39d,11,sha256:960a98df73202bd160a5a0e1e7f8f4e852438f571e383db09f546be9308d85a4,150000,20260717T120435635390Z,909,mask_fragment-n150000-w512-m0500-s909
mask_fragment,58ced0e286dfa2b04542a7873472fb4400aeb830,early_mask_fragment,512,1297.8774000075646,76800000,0.5,75000,0,sha256:1a43e0ddf8cc02438cc76d27ba1cce86da34109d2e43dcc8ed7c9d581b95b39d,12,sha256:960a98df73202bd160a5a0e1e7f8f4e852438f571e383db09f546be9308d85a4,150000,20260717T120435635390Z,909,mask_fragment-n150000-w512-m0500-s909
mask_fragment,58ced0e286dfa2b04542a7873472fb4400aeb830,late_mask_fragment,512,869.1011000191793,76800000,0.5,75000,1,sha256:18bd7fb3b6d02ff88c53bf4a74124c631590d7e276f031a9034dc7f9cb857902,12,sha256:960a98df73202bd160a5a0e1e7f8f4e852438f571e383db09f546be9308d85a4,150000,20260717T120435635390Z,909,mask_fragment-n150000-w512-m0500-s909
mask_fragment,58ced0e286dfa2b04542a7873472fb4400aeb830,late_mask_fragment,512,938.8216999941505,76800000,0.5,75000,0,sha256:18bd7fb3b6d02ff88c53bf4a74124c631590d7e276f031a9034dc7f9cb857902,13,sha256:960a98df73202bd160a5a0e1e7f8f4e852438f571e383db09f546be9308d85a4,150000,20260717T120435635390Z,909,mask_fragment-n150000-w512-m0500-s909
mask_fragment,58ced0e286dfa2b04542a7873472fb4400aeb830,early_mask_fragment,512,1302.7832999941893,76800000,0.5,75000,1,sha256:1a43e0ddf8cc02438cc76d27ba1cce86da34109d2e43dcc8ed7c9d581b95b39d,13,sha256:960a98df73202bd160a5a0e1e7f8f4e852438f571e383db09f546be9308d85a4,150000,20260717T120435635390Z,909,mask_fragment-n150000-w512-m0500-s909
mask_fragment,58ced0e286dfa2b04542a7873472fb4400aeb830,early_mask_fragment,512,1195.0684000039473,76800000,0.5,75000,0,sha256:1a43e0ddf8cc02438cc76d27ba1cce86da34109d2e43dcc8ed7c9d581b95b39d,14,sha256:960a98df73202bd160a5a0e1e7f8f4e852438f571e383db09f546be9308d85a4,150000,20260717T120435635390Z,909,mask_fragment-n150000-w512-m0500-s909
mask_fragment,58ced0e286dfa2b04542a7873472fb4400aeb830,late_mask_fragment,512,710.0968000013381,76800000,0.5,75000,1,sha256:18bd7fb3b6d02ff88c53bf4a74124c631590d7e276f031a9034dc7f9cb857902,14,sha256:960a98df73202bd160a5a0e1e7f8f4e852438f571e383db09f546be9308d85a4,150000,20260717T120435635390Z,909,mask_fragment-n150000-w512-m0500-s909
mask_fragment,58ced0e286dfa2b04542a7873472fb4400aeb830,early_mask_fragment,512,1242.338500043843,76800000,1.0,150000,0,sha256:1a43e0ddf8cc02438cc76d27ba1cce86da34109d2e43dcc8ed7c9d581b95b39d,0,sha256:26cc526e01308819cbfd18d29fc16eed95f6cfd10a620fed154b0e15586202c0,150000,20260717T120435635390Z,707,mask_fragment-n150000-w512-m1000-s707
mask_fragment,58ced0e286dfa2b04542a7873472fb4400aeb830,late_mask_fragment,512,1270.1398000353947,76800000,1.0,150000,1,sha256:92b825cb6ca6efd8c921ae328d9dcd567e5fc1cecda65d185180a168e33b45c9,0,sha256:26cc526e01308819cbfd18d29fc16eed95f6cfd10a620fed154b0e15586202c0,150000,20260717T120435635390Z,707,mask_fragment-n150000-w512-m1000-s707
mask_fragment,58ced0e286dfa2b04542a7873472fb4400aeb830,late_mask_fragment,512,1111.3340000156313,76800000,1.0,150000,0,sha256:92b825cb6ca6efd8c921ae328d9dcd567e5fc1cecda65d185180a168e33b45c9,1,sha256:26cc526e01308819cbfd18d29fc16eed95f6cfd10a620fed154b0e15586202c0,150000,20260717T120435635390Z,707,mask_fragment-n150000-w512-m1000-s707
mask_fragment,58ced0e286dfa2b04542a7873472fb4400aeb830,early_mask_fragment,512,1211.3864999846555,76800000,1.0,150000,1,sha256:1a43e0ddf8cc02438cc76d27ba1cce86da34109d2e43dcc8ed7c9d581b95b39d,1,sha256:26cc526e01308819cbfd18d29fc16eed95f6cfd10a620fed154b0e15586202c0,150000,20260717T120435635390Z,707,mask_fragment-n150000-w512-m1000-s707
mask_fragment,58ced0e286dfa2b04542a7873472fb4400aeb830,early_mask_fragment,512,1320.6488000578247,76800000,1.0,150000,0,sha256:1a43e0ddf8cc02438cc76d27ba1cce86da34109d2e43dcc8ed7c9d581b95b39d,2,sha256:26cc526e01308819cbfd18d29fc16eed95f6cfd10a620fed154b0e15586202c0,150000,20260717T120435635390Z,707,mask_fragment-n150000-w512-m1000-s707
mask_fragment,58ced0e286dfa2b04542a7873472fb4400aeb830,late_mask_fragment,512,1518.3862999547273,76800000,1.0,150000,1,sha256:92b825cb6ca6efd8c921ae328d9dcd567e5fc1cecda65d185180a168e33b45c9,2,sha256:26cc526e01308819cbfd18d29fc16eed95f6cfd10a620fed154b0e15586202c0,150000,20260717T120435635390Z,707,mask_fragment-n150000-w512-m1000-s707
mask_fragment,58ced0e286dfa2b04542a7873472fb4400aeb830,late_mask_fragment,512,1549.116000009235,76800000,1.0,150000,0,sha256:92b825cb6ca6efd8c921ae328d9dcd567e5fc1cecda65d185180a168e33b45c9,3,sha256:26cc526e01308819cbfd18d29fc16eed95f6cfd10a620fed154b0e15586202c0,150000,20260717T120435635390Z,707,mask_fragment-n150000-w512-m1000-s707
mask_fragment,58ced0e286dfa2b04542a7873472fb4400aeb830,early_mask_fragment,512,1188.331699988339,76800000,1.0,150000,1,sha256:1a43e0ddf8cc02438cc76d27ba1cce86da34109d2e43dcc8ed7c9d581b95b39d,3,sha256:26cc526e01308819cbfd18d29fc16eed95f6cfd10a620fed154b0e15586202c0,150000,20260717T120435635390Z,707,mask_fragment-n150000-w512-m1000-s707
mask_fragment,58ced0e286dfa2b04542a7873472fb4400aeb830,early_mask_fragment,512,1221.188900002744,76800000,1.0,150000,0,sha256:1a43e0ddf8cc02438cc76d27ba1cce86da34109d2e43dcc8ed7c9d581b95b39d,4,sha256:26cc526e01308819cbfd18d29fc16eed95f6cfd10a620fed154b0e15586202c0,150000,20260717T120435635390Z,707,mask_fragment-n150000-w512-m1000-s707
mask_fragment,58ced0e286dfa2b04542a7873472fb4400aeb830,late_mask_fragment,512,1092.5702000386082,76800000,1.0,150000,1,sha256:92b825cb6ca6efd8c921ae328d9dcd567e5fc1cecda65d185180a168e33b45c9,4,sha256:26cc526e01308819cbfd18d29fc16eed95f6cfd10a620fed154b0e15586202c0,150000,20260717T120435635390Z,707,mask_fragment-n150000-w512-m1000-s707
mask_fragment,58ced0e286dfa2b04542a7873472fb4400aeb830,late_mask_fragment,512,1233.4707000409253,76800000,1.0,150000,0,sha256:92b825cb6ca6efd8c921ae328d9dcd567e5fc1cecda65d185180a168e33b45c9,5,sha256:26cc526e01308819cbfd18d29fc16eed95f6cfd10a620fed154b0e15586202c0,150000,20260717T120435635390Z,707,mask_fragment-n150000-w512-m1000-s707
mask_fragment,58ced0e286dfa2b04542a7873472fb4400aeb830,early_mask_fragment,512,1228.6523000220768,76800000,1.0,150000,1,sha256:1a43e0ddf8cc02438cc76d27ba1cce86da34109d2e43dcc8ed7c9d581b95b39d,5,sha256:26cc526e01308819cbfd18d29fc16eed95f6cfd10a620fed154b0e15586202c0,150000,20260717T120435635390Z,707,mask_fragment-n150000-w512-m1000-s707
mask_fragment,58ced0e286dfa2b04542a7873472fb4400aeb830,early_mask_fragment,512,1258.7241999572143,76800000,1.0,150000,0,sha256:1a43e0ddf8cc02438cc76d27ba1cce86da34109d2e43dcc8ed7c9d581b95b39d,6,sha256:26cc526e01308819cbfd18d29fc16eed95f6cfd10a620fed154b0e15586202c0,150000,20260717T120435635390Z,707,mask_fragment-n150000-w512-m1000-s707
mask_fragment,58ced0e286dfa2b04542a7873472fb4400aeb830,late_mask_fragment,512,1182.1503000101075,76800000,1.0,150000,1,sha256:92b825cb6ca6efd8c921ae328d9dcd567e5fc1cecda65d185180a168e33b45c9,6,sha256:26cc526e01308819cbfd18d29fc16eed95f6cfd10a620fed154b0e15586202c0,150000,20260717T120435635390Z,707,mask_fragment-n150000-w512-m1000-s707
mask_fragment,58ced0e286dfa2b04542a7873472fb4400aeb830,late_mask_fragment,512,1079.3551999959163,76800000,1.0,150000,0,sha256:92b825cb6ca6efd8c921ae328d9dcd567e5fc1cecda65d185180a168e33b45c9,7,sha256:26cc526e01308819cbfd18d29fc16eed95f6cfd10a620fed154b0e15586202c0,150000,20260717T120435635390Z,707,mask_fragment-n150000-w512-m1000-s707
mask_fragment,58ced0e286dfa2b04542a7873472fb4400aeb830,early_mask_fragment,512,1279.2741999728605,76800000,1.0,150000,1,sha256:1a43e0ddf8cc02438cc76d27ba1cce86da34109d2e43dcc8ed7c9d581b95b39d,7,sha256:26cc526e01308819cbfd18d29fc16eed95f6cfd10a620fed154b0e15586202c0,150000,20260717T120435635390Z,707,mask_fragment-n150000-w512-m1000-s707
mask_fragment,58ced0e286dfa2b04542a7873472fb4400aeb830,early_mask_fragment,512,1253.9734999882057,76800000,1.0,150000,0,sha256:1a43e0ddf8cc02438cc76d27ba1cce86da34109d2e43dcc8ed7c9d581b95b39d,8,sha256:26cc526e01308819cbfd18d29fc16eed95f6cfd10a620fed154b0e15586202c0,150000,20260717T120435635390Z,707,mask_fragment-n150000-w512-m1000-s707
mask_fragment,58ced0e286dfa2b04542a7873472fb4400aeb830,late_mask_fragment,512,1261.1443000496365,76800000,1.0,150000,1,sha256:92b825cb6ca6efd8c921ae328d9dcd567e5fc1cecda65d185180a168e33b45c9,8,sha256:26cc526e01308819cbfd18d29fc16eed95f6cfd10a620fed154b0e15586202c0,150000,20260717T120435635390Z,707,mask_fragment-n150000-w512-m1000-s707
mask_fragment,58ced0e286dfa2b04542a7873472fb4400aeb830,late_mask_fragment,512,1201.01960003376,76800000,1.0,150000,0,sha256:92b825cb6ca6efd8c921ae328d9dcd567e5fc1cecda65d185180a168e33b45c9,9,sha256:26cc526e01308819cbfd18d29fc16eed95f6cfd10a620fed154b0e15586202c0,150000,20260717T120435635390Z,707,mask_fragment-n150000-w512-m1000-s707
mask_fragment,58ced0e286dfa2b04542a7873472fb4400aeb830,early_mask_fragment,512,1451.0233999462798,76800000,1.0,150000,1,sha256:1a43e0ddf8cc02438cc76d27ba1cce86da34109d2e43dcc8ed7c9d581b95b39d,9,sha256:26cc526e01308819cbfd18d29fc16eed95f6cfd10a620fed154b0e15586202c0,150000,20260717T120435635390Z,707,mask_fragment-n150000-w512-m1000-s707
mask_fragment,58ced0e286dfa2b04542a7873472fb4400aeb830,early_mask_fragment,512,1539.2458999995142,76800000,1.0,150000,0,sha256:1a43e0ddf8cc02438cc76d27ba1cce86da34109d2e43dcc8ed7c9d581b95b39d,10,sha256:26cc526e01308819cbfd18d29fc16eed95f6cfd10a620fed154b0e15586202c0,150000,20260717T120435635390Z,707,mask_fragment-n150000-w512-m1000-s707
mask_fragment,58ced0e286dfa2b04542a7873472fb4400aeb830,late_mask_fragment,512,1597.4086000351235,76800000,1.0,150000,1,sha256:92b825cb6ca6efd8c921ae328d9dcd567e5fc1cecda65d185180a168e33b45c9,10,sha256:26cc526e01308819cbfd18d29fc16eed95f6cfd10a620fed154b0e15586202c0,150000,20260717T120435635390Z,707,mask_fragment-n150000-w512-m1000-s707
mask_fragment,58ced0e286dfa2b04542a7873472fb4400aeb830,late_mask_fragment,512,1452.8186999959871,76800000,1.0,150000,0,sha256:92b825cb6ca6efd8c921ae328d9dcd567e5fc1cecda65d185180a168e33b45c9,11,sha256:26cc526e01308819cbfd18d29fc16eed95f6cfd10a620fed154b0e15586202c0,150000,20260717T120435635390Z,707,mask_fragment-n150000-w512-m1000-s707
mask_fragment,58ced0e286dfa2b04542a7873472fb4400aeb830,early_mask_fragment,512,1182.9894999973476,76800000,1.0,150000,1,sha256:1a43e0ddf8cc02438cc76d27ba1cce86da34109d2e43dcc8ed7c9d581b95b39d,11,sha256:26cc526e01308819cbfd18d29fc16eed95f6cfd10a620fed154b0e15586202c0,150000,20260717T120435635390Z,707,mask_fragment-n150000-w512-m1000-s707
mask_fragment,58ced0e286dfa2b04542a7873472fb4400aeb830,early_mask_fragment,512,1066.1071999929845,76800000,1.0,150000,0,sha256:1a43e0ddf8cc02438cc76d27ba1cce86da34109d2e43dcc8ed7c9d581b95b39d,12,sha256:26cc526e01308819cbfd18d29fc16eed95f6cfd10a620fed154b0e15586202c0,150000,20260717T120435635390Z,707,mask_fragment-n150000-w512-m1000-s707
mask_fragment,58ced0e286dfa2b04542a7873472fb4400aeb830,late_mask_fragment,512,1197.7925000246614,76800000,1.0,150000,1,sha256:92b825cb6ca6efd8c921ae328d9dcd567e5fc1cecda65d185180a168e33b45c9,12,sha256:26cc526e01308819cbfd18d29fc16eed95f6cfd10a620fed154b0e15586202c0,150000,20260717T120435635390Z,707,mask_fragment-n150000-w512-m1000-s707
mask_fragment,58ced0e286dfa2b04542a7873472fb4400aeb830,late_mask_fragment,512,1141.3578999927267,76800000,1.0,150000,0,sha256:92b825cb6ca6efd8c921ae328d9dcd567e5fc1cecda65d185180a168e33b45c9,13,sha256:26cc526e01308819cbfd18d29fc16eed95f6cfd10a620fed154b0e15586202c0,150000,20260717T120435635390Z,707,mask_fragment-n150000-w512-m1000-s707
mask_fragment,58ced0e286dfa2b04542a7873472fb4400aeb830,early_mask_fragment,512,1437.291600042954,76800000,1.0,150000,1,sha256:1a43e0ddf8cc02438cc76d27ba1cce86da34109d2e43dcc8ed7c9d581b95b39d,13,sha256:26cc526e01308819cbfd18d29fc16eed95f6cfd10a620fed154b0e15586202c0,150000,20260717T120435635390Z,707,mask_fragment-n150000-w512-m1000-s707
mask_fragment,58ced0e286dfa2b04542a7873472fb4400aeb830,early_mask_fragment,512,1847.3354000016116,76800000,1.0,150000,0,sha256:1a43e0ddf8cc02438cc76d27ba1cce86da34109d2e43dcc8ed7c9d581b95b39d,14,sha256:26cc526e01308819cbfd18d29fc16eed95f6cfd10a620fed154b0e15586202c0,150000,20260717T120435635390Z,707,mask_fragment-n150000-w512-m1000-s707
mask_fragment,58ced0e286dfa2b04542a7873472fb4400aeb830,late_mask_fragment,512,1582.511099986732,76800000,1.0,150000,1,sha256:92b825cb6ca6efd8c921ae328d9dcd567e5fc1cecda65d185180a168e33b45c9,14,sha256:26cc526e01308819cbfd18d29fc16eed95f6cfd10a620fed154b0e15586202c0,150000,20260717T120435635390Z,707,mask_fragment-n150000-w512-m1000-s707
mask_fragment,58ced0e286dfa2b04542a7873472fb4400aeb830,late_mask_fragment,512,1197.2532999934629,76800000,1.0,150000,0,sha256:92b825cb6ca6efd8c921ae328d9dcd567e5fc1cecda65d185180a168e33b45c9,0,sha256:ef20219344b1d2604e73a64f88f8d505f9a4965df0c0779e4aa6ea2461b3004b,150000,20260717T120435635390Z,808,mask_fragment-n150000-w512-m1000-s808
mask_fragment,58ced0e286dfa2b04542a7873472fb4400aeb830,early_mask_fragment,512,1292.2383999684826,76800000,1.0,150000,1,sha256:1a43e0ddf8cc02438cc76d27ba1cce86da34109d2e43dcc8ed7c9d581b95b39d,0,sha256:ef20219344b1d2604e73a64f88f8d505f9a4965df0c0779e4aa6ea2461b3004b,150000,20260717T120435635390Z,808,mask_fragment-n150000-w512-m1000-s808
mask_fragment,58ced0e286dfa2b04542a7873472fb4400aeb830,early_mask_fragment,512,1193.3899000287056,76800000,1.0,150000,0,sha256:1a43e0ddf8cc02438cc76d27ba1cce86da34109d2e43dcc8ed7c9d581b95b39d,1,sha256:ef20219344b1d2604e73a64f88f8d505f9a4965df0c0779e4aa6ea2461b3004b,150000,20260717T120435635390Z,808,mask_fragment-n150000-w512-m1000-s808
mask_fragment,58ced0e286dfa2b04542a7873472fb4400aeb830,late_mask_fragment,512,1303.8894000346772,76800000,1.0,150000,1,sha256:92b825cb6ca6efd8c921ae328d9dcd567e5fc1cecda65d185180a168e33b45c9,1,sha256:ef20219344b1d2604e73a64f88f8d505f9a4965df0c0779e4aa6ea2461b3004b,150000,20260717T120435635390Z,808,mask_fragment-n150000-w512-m1000-s808
mask_fragment,58ced0e286dfa2b04542a7873472fb4400aeb830,late_mask_fragment,512,1267.4663999932818,76800000,1.0,150000,0,sha256:92b825cb6ca6efd8c921ae328d9dcd567e5fc1cecda65d185180a168e33b45c9,2,sha256:ef20219344b1d2604e73a64f88f8d505f9a4965df0c0779e4aa6ea2461b3004b,150000,20260717T120435635390Z,808,mask_fragment-n150000-w512-m1000-s808
mask_fragment,58ced0e286dfa2b04542a7873472fb4400aeb830,early_mask_fragment,512,1304.392599966377,76800000,1.0,150000,1,sha256:1a43e0ddf8cc02438cc76d27ba1cce86da34109d2e43dcc8ed7c9d581b95b39d,2,sha256:ef20219344b1d2604e73a64f88f8d505f9a4965df0c0779e4aa6ea2461b3004b,150000,20260717T120435635390Z,808,mask_fragment-n150000-w512-m1000-s808
mask_fragment,58ced0e286dfa2b04542a7873472fb4400aeb830,early_mask_fragment,512,1599.6077000163496,76800000,1.0,150000,0,sha256:1a43e0ddf8cc02438cc76d27ba1cce86da34109d2e43dcc8ed7c9d581b95b39d,3,sha256:ef20219344b1d2604e73a64f88f8d505f9a4965df0c0779e4aa6ea2461b3004b,150000,20260717T120435635390Z,808,mask_fragment-n150000-w512-m1000-s808
mask_fragment,58ced0e286dfa2b04542a7873472fb4400aeb830,late_mask_fragment,512,1499.921099981293,76800000,1.0,150000,1,sha256:92b825cb6ca6efd8c921ae328d9dcd567e5fc1cecda65d185180a168e33b45c9,3,sha256:ef20219344b1d2604e73a64f88f8d505f9a4965df0c0779e4aa6ea2461b3004b,150000,20260717T120435635390Z,808,mask_fragment-n150000-w512-m1000-s808
mask_fragment,58ced0e286dfa2b04542a7873472fb4400aeb830,late_mask_fragment,512,1373.224700044375,76800000,1.0,150000,0,sha256:92b825cb6ca6efd8c921ae328d9dcd567e5fc1cecda65d185180a168e33b45c9,4,sha256:ef20219344b1d2604e73a64f88f8d505f9a4965df0c0779e4aa6ea2461b3004b,150000,20260717T120435635390Z,808,mask_fragment-n150000-w512-m1000-s808
mask_fragment,58ced0e286dfa2b04542a7873472fb4400aeb830,early_mask_fragment,512,1708.6601000046358,76800000,1.0,150000,1,sha256:1a43e0ddf8cc02438cc76d27ba1cce86da34109d2e43dcc8ed7c9d581b95b39d,4,sha256:ef20219344b1d2604e73a64f88f8d505f9a4965df0c0779e4aa6ea2461b3004b,150000,20260717T120435635390Z,808,mask_fragment-n150000-w512-m1000-s808
mask_fragment,58ced0e286dfa2b04542a7873472fb4400aeb830,early_mask_fragment,512,1514.7928000078537,76800000,1.0,150000,0,sha256:1a43e0ddf8cc02438cc76d27ba1cce86da34109d2e43dcc8ed7c9d581b95b39d,5,sha256:ef20219344b1d2604e73a64f88f8d505f9a4965df0c0779e4aa6ea2461b3004b,150000,20260717T120435635390Z,808,mask_fragment-n150000-w512-m1000-s808
mask_fragment,58ced0e286dfa2b04542a7873472fb4400aeb830,late_mask_fragment,512,1183.8478000136092,76800000,1.0,150000,1,sha256:92b825cb6ca6efd8c921ae328d9dcd567e5fc1cecda65d185180a168e33b45c9,5,sha256:ef20219344b1d2604e73a64f88f8d505f9a4965df0c0779e4aa6ea2461b3004b,150000,20260717T120435635390Z,808,mask_fragment-n150000-w512-m1000-s808
mask_fragment,58ced0e286dfa2b04542a7873472fb4400aeb830,late_mask_fragment,512,1256.4708000281826,76800000,1.0,150000,0,sha256:92b825cb6ca6efd8c921ae328d9dcd567e5fc1cecda65d185180a168e33b45c9,6,sha256:ef20219344b1d2604e73a64f88f8d505f9a4965df0c0779e4aa6ea2461b3004b,150000,20260717T120435635390Z,808,mask_fragment-n150000-w512-m1000-s808
mask_fragment,58ced0e286dfa2b04542a7873472fb4400aeb830,early_mask_fragment,512,1232.3746000183746,76800000,1.0,150000,1,sha256:1a43e0ddf8cc02438cc76d27ba1cce86da34109d2e43dcc8ed7c9d581b95b39d,6,sha256:ef20219344b1d2604e73a64f88f8d505f9a4965df0c0779e4aa6ea2461b3004b,150000,20260717T120435635390Z,808,mask_fragment-n150000-w512-m1000-s808
mask_fragment,58ced0e286dfa2b04542a7873472fb4400aeb830,early_mask_fragment,512,1295.754200022202,76800000,1.0,150000,0,sha256:1a43e0ddf8cc02438cc76d27ba1cce86da34109d2e43dcc8ed7c9d581b95b39d,7,sha256:ef20219344b1d2604e73a64f88f8d505f9a4965df0c0779e4aa6ea2461b3004b,150000,20260717T120435635390Z,808,mask_fragment-n150000-w512-m1000-s808
mask_fragment,58ced0e286dfa2b04542a7873472fb4400aeb830,late_mask_fragment,512,1279.7549000242725,76800000,1.0,150000,1,sha256:92b825cb6ca6efd8c921ae328d9dcd567e5fc1cecda65d185180a168e33b45c9,7,sha256:ef20219344b1d2604e73a64f88f8d505f9a4965df0c0779e4aa6ea2461b3004b,150000,20260717T120435635390Z,808,mask_fragment-n150000-w512-m1000-s808
mask_fragment,58ced0e286dfa2b04542a7873472fb4400aeb830,late_mask_fragment,512,1437.430799996946,76800000,1.0,150000,0,sha256:92b825cb6ca6efd8c921ae328d9dcd567e5fc1cecda65d185180a168e33b45c9,8,sha256:ef20219344b1d2604e73a64f88f8d505f9a4965df0c0779e4aa6ea2461b3004b,150000,20260717T120435635390Z,808,mask_fragment-n150000-w512-m1000-s808
mask_fragment,58ced0e286dfa2b04542a7873472fb4400aeb830,early_mask_fragment,512,1376.0852999985218,76800000,1.0,150000,1,sha256:1a43e0ddf8cc02438cc76d27ba1cce86da34109d2e43dcc8ed7c9d581b95b39d,8,sha256:ef20219344b1d2604e73a64f88f8d505f9a4965df0c0779e4aa6ea2461b3004b,150000,20260717T120435635390Z,808,mask_fragment-n150000-w512-m1000-s808
mask_fragment,58ced0e286dfa2b04542a7873472fb4400aeb830,early_mask_fragment,512,1288.0223999964073,76800000,1.0,150000,0,sha256:1a43e0ddf8cc02438cc76d27ba1cce86da34109d2e43dcc8ed7c9d581b95b39d,9,sha256:ef20219344b1d2604e73a64f88f8d505f9a4965df0c0779e4aa6ea2461b3004b,150000,20260717T120435635390Z,808,mask_fragment-n150000-w512-m1000-s808
mask_fragment,58ced0e286dfa2b04542a7873472fb4400aeb830,late_mask_fragment,512,1294.599000015296,76800000,1.0,150000,1,sha256:92b825cb6ca6efd8c921ae328d9dcd567e5fc1cecda65d185180a168e33b45c9,9,sha256:ef20219344b1d2604e73a64f88f8d505f9a4965df0c0779e4aa6ea2461b3004b,150000,20260717T120435635390Z,808,mask_fragment-n150000-w512-m1000-s808
mask_fragment,58ced0e286dfa2b04542a7873472fb4400aeb830,late_mask_fragment,512,1180.90050003957,76800000,1.0,150000,0,sha256:92b825cb6ca6efd8c921ae328d9dcd567e5fc1cecda65d185180a168e33b45c9,10,sha256:ef20219344b1d2604e73a64f88f8d505f9a4965df0c0779e4aa6ea2461b3004b,150000,20260717T120435635390Z,808,mask_fragment-n150000-w512-m1000-s808
mask_fragment,58ced0e286dfa2b04542a7873472fb4400aeb830,early_mask_fragment,512,1236.6379000013694,76800000,1.0,150000,1,sha256:1a43e0ddf8cc02438cc76d27ba1cce86da34109d2e43dcc8ed7c9d581b95b39d,10,sha256:ef20219344b1d2604e73a64f88f8d505f9a4965df0c0779e4aa6ea2461b3004b,150000,20260717T120435635390Z,808,mask_fragment-n150000-w512-m1000-s808
mask_fragment,58ced0e286dfa2b04542a7873472fb4400aeb830,early_mask_fragment,512,1225.159799971152,76800000,1.0,150000,0,sha256:1a43e0ddf8cc02438cc76d27ba1cce86da34109d2e43dcc8ed7c9d581b95b39d,11,sha256:ef20219344b1d2604e73a64f88f8d505f9a4965df0c0779e4aa6ea2461b3004b,150000,20260717T120435635390Z,808,mask_fragment-n150000-w512-m1000-s808
mask_fragment,58ced0e286dfa2b04542a7873472fb4400aeb830,late_mask_fragment,512,1109.443299996201,76800000,1.0,150000,1,sha256:92b825cb6ca6efd8c921ae328d9dcd567e5fc1cecda65d185180a168e33b45c9,11,sha256:ef20219344b1d2604e73a64f88f8d505f9a4965df0c0779e4aa6ea2461b3004b,150000,20260717T120435635390Z,808,mask_fragment-n150000-w512-m1000-s808
mask_fragment,58ced0e286dfa2b04542a7873472fb4400aeb830,late_mask_fragment,512,1053.7672000355087,76800000,1.0,150000,0,sha256:92b825cb6ca6efd8c921ae328d9dcd567e5fc1cecda65d185180a168e33b45c9,12,sha256:ef20219344b1d2604e73a64f88f8d505f9a4965df0c0779e4aa6ea2461b3004b,150000,20260717T120435635390Z,808,mask_fragment-n150000-w512-m1000-s808
mask_fragment,58ced0e286dfa2b04542a7873472fb4400aeb830,early_mask_fragment,512,1078.4922000020742,76800000,1.0,150000,1,sha256:1a43e0ddf8cc02438cc76d27ba1cce86da34109d2e43dcc8ed7c9d581b95b39d,12,sha256:ef20219344b1d2604e73a64f88f8d505f9a4965df0c0779e4aa6ea2461b3004b,150000,20260717T120435635390Z,808,mask_fragment-n150000-w512-m1000-s808
mask_fragment,58ced0e286dfa2b04542a7873472fb4400aeb830,early_mask_fragment,512,1248.6760999890976,76800000,1.0,150000,0,sha256:1a43e0ddf8cc02438cc76d27ba1cce86da34109d2e43dcc8ed7c9d581b95b39d,13,sha256:ef20219344b1d2604e73a64f88f8d505f9a4965df0c0779e4aa6ea2461b3004b,150000,20260717T120435635390Z,808,mask_fragment-n150000-w512-m1000-s808
mask_fragment,58ced0e286dfa2b04542a7873472fb4400aeb830,late_mask_fragment,512,1278.6020999774337,76800000,1.0,150000,1,sha256:92b825cb6ca6efd8c921ae328d9dcd567e5fc1cecda65d185180a168e33b45c9,13,sha256:ef20219344b1d2604e73a64f88f8d505f9a4965df0c0779e4aa6ea2461b3004b,150000,20260717T120435635390Z,808,mask_fragment-n150000-w512-m1000-s808
mask_fragment,58ced0e286dfa2b04542a7873472fb4400aeb830,late_mask_fragment,512,1456.9890000275336,76800000,1.0,150000,0,sha256:92b825cb6ca6efd8c921ae328d9dcd567e5fc1cecda65d185180a168e33b45c9,14,sha256:ef20219344b1d2604e73a64f88f8d505f9a4965df0c0779e4aa6ea2461b3004b,150000,20260717T120435635390Z,808,mask_fragment-n150000-w512-m1000-s808
mask_fragment,58ced0e286dfa2b04542a7873472fb4400aeb830,early_mask_fragment,512,1701.0994000011124,76800000,1.0,150000,1,sha256:1a43e0ddf8cc02438cc76d27ba1cce86da34109d2e43dcc8ed7c9d581b95b39d,14,sha256:ef20219344b1d2604e73a64f88f8d505f9a4965df0c0779e4aa6ea2461b3004b,150000,20260717T120435635390Z,808,mask_fragment-n150000-w512-m1000-s808
mask_fragment,58ced0e286dfa2b04542a7873472fb4400aeb830,early_mask_fragment,512,1406.2213000142947,76800000,1.0,150000,0,sha256:1a43e0ddf8cc02438cc76d27ba1cce86da34109d2e43dcc8ed7c9d581b95b39d,0,sha256:b6dc5c31d1619216bdc2f4066fab9a830cc65c35b844a67d5d02200e966972f3,150000,20260717T120435635390Z,909,mask_fragment-n150000-w512-m1000-s909
mask_fragment,58ced0e286dfa2b04542a7873472fb4400aeb830,late_mask_fragment,512,1412.3587000067346,76800000,1.0,150000,1,sha256:92b825cb6ca6efd8c921ae328d9dcd567e5fc1cecda65d185180a168e33b45c9,0,sha256:b6dc5c31d1619216bdc2f4066fab9a830cc65c35b844a67d5d02200e966972f3,150000,20260717T120435635390Z,909,mask_fragment-n150000-w512-m1000-s909
mask_fragment,58ced0e286dfa2b04542a7873472fb4400aeb830,late_mask_fragment,512,1543.863800005056,76800000,1.0,150000,0,sha256:92b825cb6ca6efd8c921ae328d9dcd567e5fc1cecda65d185180a168e33b45c9,1,sha256:b6dc5c31d1619216bdc2f4066fab9a830cc65c35b844a67d5d02200e966972f3,150000,20260717T120435635390Z,909,mask_fragment-n150000-w512-m1000-s909
mask_fragment,58ced0e286dfa2b04542a7873472fb4400aeb830,early_mask_fragment,512,1176.3347999658436,76800000,1.0,150000,1,sha256:1a43e0ddf8cc02438cc76d27ba1cce86da34109d2e43dcc8ed7c9d581b95b39d,1,sha256:b6dc5c31d1619216bdc2f4066fab9a830cc65c35b844a67d5d02200e966972f3,150000,20260717T120435635390Z,909,mask_fragment-n150000-w512-m1000-s909
mask_fragment,58ced0e286dfa2b04542a7873472fb4400aeb830,early_mask_fragment,512,1588.386899966281,76800000,1.0,150000,0,sha256:1a43e0ddf8cc02438cc76d27ba1cce86da34109d2e43dcc8ed7c9d581b95b39d,2,sha256:b6dc5c31d1619216bdc2f4066fab9a830cc65c35b844a67d5d02200e966972f3,150000,20260717T120435635390Z,909,mask_fragment-n150000-w512-m1000-s909
mask_fragment,58ced0e286dfa2b04542a7873472fb4400aeb830,late_mask_fragment,512,1204.7939999611117,76800000,1.0,150000,1,sha256:92b825cb6ca6efd8c921ae328d9dcd567e5fc1cecda65d185180a168e33b45c9,2,sha256:b6dc5c31d1619216bdc2f4066fab9a830cc65c35b844a67d5d02200e966972f3,150000,20260717T120435635390Z,909,mask_fragment-n150000-w512-m1000-s909
mask_fragment,58ced0e286dfa2b04542a7873472fb4400aeb830,late_mask_fragment,512,1577.3091000155546,76800000,1.0,150000,0,sha256:92b825cb6ca6efd8c921ae328d9dcd567e5fc1cecda65d185180a168e33b45c9,3,sha256:b6dc5c31d1619216bdc2f4066fab9a830cc65c35b844a67d5d02200e966972f3,150000,20260717T120435635390Z,909,mask_fragment-n150000-w512-m1000-s909
mask_fragment,58ced0e286dfa2b04542a7873472fb4400aeb830,early_mask_fragment,512,1670.1548999990337,76800000,1.0,150000,1,sha256:1a43e0ddf8cc02438cc76d27ba1cce86da34109d2e43dcc8ed7c9d581b95b39d,3,sha256:b6dc5c31d1619216bdc2f4066fab9a830cc65c35b844a67d5d02200e966972f3,150000,20260717T120435635390Z,909,mask_fragment-n150000-w512-m1000-s909
mask_fragment,58ced0e286dfa2b04542a7873472fb4400aeb830,early_mask_fragment,512,1530.5339000187814,76800000,1.0,150000,0,sha256:1a43e0ddf8cc02438cc76d27ba1cce86da34109d2e43dcc8ed7c9d581b95b39d,4,sha256:b6dc5c31d1619216bdc2f4066fab9a830cc65c35b844a67d5d02200e966972f3,150000,20260717T120435635390Z,909,mask_fragment-n150000-w512-m1000-s909
mask_fragment,58ced0e286dfa2b04542a7873472fb4400aeb830,late_mask_fragment,512,1317.3650999669917,76800000,1.0,150000,1,sha256:92b825cb6ca6efd8c921ae328d9dcd567e5fc1cecda65d185180a168e33b45c9,4,sha256:b6dc5c31d1619216bdc2f4066fab9a830cc65c35b844a67d5d02200e966972f3,150000,20260717T120435635390Z,909,mask_fragment-n150000-w512-m1000-s909
mask_fragment,58ced0e286dfa2b04542a7873472fb4400aeb830,late_mask_fragment,512,1315.9431000240147,76800000,1.0,150000,0,sha256:92b825cb6ca6efd8c921ae328d9dcd567e5fc1cecda65d185180a168e33b45c9,5,sha256:b6dc5c31d1619216bdc2f4066fab9a830cc65c35b844a67d5d02200e966972f3,150000,20260717T120435635390Z,909,mask_fragment-n150000-w512-m1000-s909
mask_fragment,58ced0e286dfa2b04542a7873472fb4400aeb830,early_mask_fragment,512,1356.244299968239,76800000,1.0,150000,1,sha256:1a43e0ddf8cc02438cc76d27ba1cce86da34109d2e43dcc8ed7c9d581b95b39d,5,sha256:b6dc5c31d1619216bdc2f4066fab9a830cc65c35b844a67d5d02200e966972f3,150000,20260717T120435635390Z,909,mask_fragment-n150000-w512-m1000-s909
mask_fragment,58ced0e286dfa2b04542a7873472fb4400aeb830,early_mask_fragment,512,1212.8879999509081,76800000,1.0,150000,0,sha256:1a43e0ddf8cc02438cc76d27ba1cce86da34109d2e43dcc8ed7c9d581b95b39d,6,sha256:b6dc5c31d1619216bdc2f4066fab9a830cc65c35b844a67d5d02200e966972f3,150000,20260717T120435635390Z,909,mask_fragment-n150000-w512-m1000-s909
mask_fragment,58ced0e286dfa2b04542a7873472fb4400aeb830,late_mask_fragment,512,1073.866899998393,76800000,1.0,150000,1,sha256:92b825cb6ca6efd8c921ae328d9dcd567e5fc1cecda65d185180a168e33b45c9,6,sha256:b6dc5c31d1619216bdc2f4066fab9a830cc65c35b844a67d5d02200e966972f3,150000,20260717T120435635390Z,909,mask_fragment-n150000-w512-m1000-s909
mask_fragment,58ced0e286dfa2b04542a7873472fb4400aeb830,late_mask_fragment,512,1301.6300999443047,76800000,1.0,150000,0,sha256:92b825cb6ca6efd8c921ae328d9dcd567e5fc1cecda65d185180a168e33b45c9,7,sha256:b6dc5c31d1619216bdc2f4066fab9a830cc65c35b844a67d5d02200e966972f3,150000,20260717T120435635390Z,909,mask_fragment-n150000-w512-m1000-s909
mask_fragment,58ced0e286dfa2b04542a7873472fb4400aeb830,early_mask_fragment,512,1069.947600015439,76800000,1.0,150000,1,sha256:1a43e0ddf8cc02438cc76d27ba1cce86da34109d2e43dcc8ed7c9d581b95b39d,7,sha256:b6dc5c31d1619216bdc2f4066fab9a830cc65c35b844a67d5d02200e966972f3,150000,20260717T120435635390Z,909,mask_fragment-n150000-w512-m1000-s909
mask_fragment,58ced0e286dfa2b04542a7873472fb4400aeb830,early_mask_fragment,512,1194.6594000328332,76800000,1.0,150000,0,sha256:1a43e0ddf8cc02438cc76d27ba1cce86da34109d2e43dcc8ed7c9d581b95b39d,8,sha256:b6dc5c31d1619216bdc2f4066fab9a830cc65c35b844a67d5d02200e966972f3,150000,20260717T120435635390Z,909,mask_fragment-n150000-w512-m1000-s909
mask_fragment,58ced0e286dfa2b04542a7873472fb4400aeb830,late_mask_fragment,512,1266.8651000130922,76800000,1.0,150000,1,sha256:92b825cb6ca6efd8c921ae328d9dcd567e5fc1cecda65d185180a168e33b45c9,8,sha256:b6dc5c31d1619216bdc2f4066fab9a830cc65c35b844a67d5d02200e966972f3,150000,20260717T120435635390Z,909,mask_fragment-n150000-w512-m1000-s909
mask_fragment,58ced0e286dfa2b04542a7873472fb4400aeb830,late_mask_fragment,512,1290.4142999905162,76800000,1.0,150000,0,sha256:92b825cb6ca6efd8c921ae328d9dcd567e5fc1cecda65d185180a168e33b45c9,9,sha256:b6dc5c31d1619216bdc2f4066fab9a830cc65c35b844a67d5d02200e966972f3,150000,20260717T120435635390Z,909,mask_fragment-n150000-w512-m1000-s909
mask_fragment,58ced0e286dfa2b04542a7873472fb4400aeb830,early_mask_fragment,512,1262.3330000205897,76800000,1.0,150000,1,sha256:1a43e0ddf8cc02438cc76d27ba1cce86da34109d2e43dcc8ed7c9d581b95b39d,9,sha256:b6dc5c31d1619216bdc2f4066fab9a830cc65c35b844a67d5d02200e966972f3,150000,20260717T120435635390Z,909,mask_fragment-n150000-w512-m1000-s909
mask_fragment,58ced0e286dfa2b04542a7873472fb4400aeb830,early_mask_fragment,512,1035.922200011555,76800000,1.0,150000,0,sha256:1a43e0ddf8cc02438cc76d27ba1cce86da34109d2e43dcc8ed7c9d581b95b39d,10,sha256:b6dc5c31d1619216bdc2f4066fab9a830cc65c35b844a67d5d02200e966972f3,150000,20260717T120435635390Z,909,mask_fragment-n150000-w512-m1000-s909
mask_fragment,58ced0e286dfa2b04542a7873472fb4400aeb830,late_mask_fragment,512,1078.008199983742,76800000,1.0,150000,1,sha256:92b825cb6ca6efd8c921ae328d9dcd567e5fc1cecda65d185180a168e33b45c9,10,sha256:b6dc5c31d1619216bdc2f4066fab9a830cc65c35b844a67d5d02200e966972f3,150000,20260717T120435635390Z,909,mask_fragment-n150000-w512-m1000-s909
mask_fragment,58ced0e286dfa2b04542a7873472fb4400aeb830,late_mask_fragment,512,1092.6180999958888,76800000,1.0,150000,0,sha256:92b825cb6ca6efd8c921ae328d9dcd567e5fc1cecda65d185180a168e33b45c9,11,sha256:b6dc5c31d1619216bdc2f4066fab9a830cc65c35b844a67d5d02200e966972f3,150000,20260717T120435635390Z,909,mask_fragment-n150000-w512-m1000-s909
mask_fragment,58ced0e286dfa2b04542a7873472fb4400aeb830,early_mask_fragment,512,1397.9736000183038,76800000,1.0,150000,1,sha256:1a43e0ddf8cc02438cc76d27ba1cce86da34109d2e43dcc8ed7c9d581b95b39d,11,sha256:b6dc5c31d1619216bdc2f4066fab9a830cc65c35b844a67d5d02200e966972f3,150000,20260717T120435635390Z,909,mask_fragment-n150000-w512-m1000-s909
mask_fragment,58ced0e286dfa2b04542a7873472fb4400aeb830,early_mask_fragment,512,1654.54519999912,76800000,1.0,150000,0,sha256:1a43e0ddf8cc02438cc76d27ba1cce86da34109d2e43dcc8ed7c9d581b95b39d,12,sha256:b6dc5c31d1619216bdc2f4066fab9a830cc65c35b844a67d5d02200e966972f3,150000,20260717T120435635390Z,909,mask_fragment-n150000-w512-m1000-s909
mask_fragment,58ced0e286dfa2b04542a7873472fb4400aeb830,late_mask_fragment,512,1534.010200004559,76800000,1.0,150000,1,sha256:92b825cb6ca6efd8c921ae328d9dcd567e5fc1cecda65d185180a168e33b45c9,12,sha256:b6dc5c31d1619216bdc2f4066fab9a830cc65c35b844a67d5d02200e966972f3,150000,20260717T120435635390Z,909,mask_fragment-n150000-w512-m1000-s909
mask_fragment,58ced0e286dfa2b04542a7873472fb4400aeb830,late_mask_fragment,512,1590.671400015708,76800000,1.0,150000,0,sha256:92b825cb6ca6efd8c921ae328d9dcd567e5fc1cecda65d185180a168e33b45c9,13,sha256:b6dc5c31d1619216bdc2f4066fab9a830cc65c35b844a67d5d02200e966972f3,150000,20260717T120435635390Z,909,mask_fragment-n150000-w512-m1000-s909
mask_fragment,58ced0e286dfa2b04542a7873472fb4400aeb830,early_mask_fragment,512,1610.7779999729246,76800000,1.0,150000,1,sha256:1a43e0ddf8cc02438cc76d27ba1cce86da34109d2e43dcc8ed7c9d581b95b39d,13,sha256:b6dc5c31d1619216bdc2f4066fab9a830cc65c35b844a67d5d02200e966972f3,150000,20260717T120435635390Z,909,mask_fragment-n150000-w512-m1000-s909
mask_fragment,58ced0e286dfa2b04542a7873472fb4400aeb830,early_mask_fragment,512,1366.3657999713905,76800000,1.0,150000,0,sha256:1a43e0ddf8cc02438cc76d27ba1cce86da34109d2e43dcc8ed7c9d581b95b39d,14,sha256:b6dc5c31d1619216bdc2f4066fab9a830cc65c35b844a67d5d02200e966972f3,150000,20260717T120435635390Z,909,mask_fragment-n150000-w512-m1000-s909
mask_fragment,58ced0e286dfa2b04542a7873472fb4400aeb830,late_mask_fragment,512,1483.2429999951273,76800000,1.0,150000,1,sha256:92b825cb6ca6efd8c921ae328d9dcd567e5fc1cecda65d185180a168e33b45c9,14,sha256:b6dc5c31d1619216bdc2f4066fab9a830cc65c35b844a67d5d02200e966972f3,150000,20260717T120435635390Z,909,mask_fragment-n150000-w512-m1000-s909
mask_fragment,58ced0e286dfa2b04542a7873472fb4400aeb830,late_mask_fragment,1024,94.60759995272383,51200000,0.1,5000,0,sha256:c31a5394c72fa4480e21e21f18941a529737407325437b881b853a480254b8dd,0,sha256:742ad72cae564c26b528b44bba56a4b35c440cb90d54e9b5db6629aafc62a220,50000,20260717T120435635390Z,707,mask_fragment-n50000-w1024-m0100-s707
mask_fragment,58ced0e286dfa2b04542a7873472fb4400aeb830,early_mask_fragment,1024,823.0060000205413,51200000,0.1,5000,1,sha256:1a43e0ddf8cc02438cc76d27ba1cce86da34109d2e43dcc8ed7c9d581b95b39d,0,sha256:742ad72cae564c26b528b44bba56a4b35c440cb90d54e9b5db6629aafc62a220,50000,20260717T120435635390Z,707,mask_fragment-n50000-w1024-m0100-s707
mask_fragment,58ced0e286dfa2b04542a7873472fb4400aeb830,early_mask_fragment,1024,648.9284000126645,51200000,0.1,5000,0,sha256:1a43e0ddf8cc02438cc76d27ba1cce86da34109d2e43dcc8ed7c9d581b95b39d,1,sha256:742ad72cae564c26b528b44bba56a4b35c440cb90d54e9b5db6629aafc62a220,50000,20260717T120435635390Z,707,mask_fragment-n50000-w1024-m0100-s707
mask_fragment,58ced0e286dfa2b04542a7873472fb4400aeb830,late_mask_fragment,1024,75.78189997002482,51200000,0.1,5000,1,sha256:c31a5394c72fa4480e21e21f18941a529737407325437b881b853a480254b8dd,1,sha256:742ad72cae564c26b528b44bba56a4b35c440cb90d54e9b5db6629aafc62a220,50000,20260717T120435635390Z,707,mask_fragment-n50000-w1024-m0100-s707
mask_fragment,58ced0e286dfa2b04542a7873472fb4400aeb830,late_mask_fragment,1024,75.56600001407787,51200000,0.1,5000,0,sha256:c31a5394c72fa4480e21e21f18941a529737407325437b881b853a480254b8dd,2,sha256:742ad72cae564c26b528b44bba56a4b35c440cb90d54e9b5db6629aafc62a220,50000,20260717T120435635390Z,707,mask_fragment-n50000-w1024-m0100-s707
mask_fragment,58ced0e286dfa2b04542a7873472fb4400aeb830,early_mask_fragment,1024,1196.3967000483535,51200000,0.1,5000,1,sha256:1a43e0ddf8cc02438cc76d27ba1cce86da34109d2e43dcc8ed7c9d581b95b39d,2,sha256:742ad72cae564c26b528b44bba56a4b35c440cb90d54e9b5db6629aafc62a220,50000,20260717T120435635390Z,707,mask_fragment-n50000-w1024-m0100-s707
mask_fragment,58ced0e286dfa2b04542a7873472fb4400aeb830,early_mask_fragment,1024,1115.0058999774046,51200000,0.1,5000,0,sha256:1a43e0ddf8cc02438cc76d27ba1cce86da34109d2e43dcc8ed7c9d581b95b39d,3,sha256:742ad72cae564c26b528b44bba56a4b35c440cb90d54e9b5db6629aafc62a220,50000,20260717T120435635390Z,707,mask_fragment-n50000-w1024-m0100-s707
mask_fragment,58ced0e286dfa2b04542a7873472fb4400aeb830,late_mask_fragment,1024,130.02360000973567,51200000,0.1,5000,1,sha256:c31a5394c72fa4480e21e21f18941a529737407325437b881b853a480254b8dd,3,sha256:742ad72cae564c26b528b44bba56a4b35c440cb90d54e9b5db6629aafc62a220,50000,20260717T120435635390Z,707,mask_fragment-n50000-w1024-m0100-s707
mask_fragment,58ced0e286dfa2b04542a7873472fb4400aeb830,late_mask_fragment,1024,132.50890001654625,51200000,0.1,5000,0,sha256:c31a5394c72fa4480e21e21f18941a529737407325437b881b853a480254b8dd,4,sha256:742ad72cae564c26b528b44bba56a4b35c440cb90d54e9b5db6629aafc62a220,50000,20260717T120435635390Z,707,mask_fragment-n50000-w1024-m0100-s707
mask_fragment,58ced0e286dfa2b04542a7873472fb4400aeb830,early_mask_fragment,1024,1211.2850999692455,51200000,0.1,5000,1,sha256:1a43e0ddf8cc02438cc76d27ba1cce86da34109d2e43dcc8ed7c9d581b95b39d,4,sha256:742ad72cae564c26b528b44bba56a4b35c440cb90d54e9b5db6629aafc62a220,50000,20260717T120435635390Z,707,mask_fragment-n50000-w1024-m0100-s707
mask_fragment,58ced0e286dfa2b04542a7873472fb4400aeb830,early_mask_fragment,1024,1105.3701000055298,51200000,0.1,5000,0,sha256:1a43e0ddf8cc02438cc76d27ba1cce86da34109d2e43dcc8ed7c9d581b95b39d,5,sha256:742ad72cae564c26b528b44bba56a4b35c440cb90d54e9b5db6629aafc62a220,50000,20260717T120435635390Z,707,mask_fragment-n50000-w1024-m0100-s707
mask_fragment,58ced0e286dfa2b04542a7873472fb4400aeb830,late_mask_fragment,1024,86.93280001170933,51200000,0.1,5000,1,sha256:c31a5394c72fa4480e21e21f18941a529737407325437b881b853a480254b8dd,5,sha256:742ad72cae564c26b528b44bba56a4b35c440cb90d54e9b5db6629aafc62a220,50000,20260717T120435635390Z,707,mask_fragment-n50000-w1024-m0100-s707
mask_fragment,58ced0e286dfa2b04542a7873472fb4400aeb830,late_mask_fragment,1024,94.46430002572015,51200000,0.1,5000,0,sha256:c31a5394c72fa4480e21e21f18941a529737407325437b881b853a480254b8dd,6,sha256:742ad72cae564c26b528b44bba56a4b35c440cb90d54e9b5db6629aafc62a220,50000,20260717T120435635390Z,707,mask_fragment-n50000-w1024-m0100-s707
mask_fragment,58ced0e286dfa2b04542a7873472fb4400aeb830,early_mask_fragment,1024,911.8986999965273,51200000,0.1,5000,1,sha256:1a43e0ddf8cc02438cc76d27ba1cce86da34109d2e43dcc8ed7c9d581b95b39d,6,sha256:742ad72cae564c26b528b44bba56a4b35c440cb90d54e9b5db6629aafc62a220,50000,20260717T120435635390Z,707,mask_fragment-n50000-w1024-m0100-s707
mask_fragment,58ced0e286dfa2b04542a7873472fb4400aeb830,early_mask_fragment,1024,738.0108000361361,51200000,0.1,5000,0,sha256:1a43e0ddf8cc02438cc76d27ba1cce86da34109d2e43dcc8ed7c9d581b95b39d,7,sha256:742ad72cae564c26b528b44bba56a4b35c440cb90d54e9b5db6629aafc62a220,50000,20260717T120435635390Z,707,mask_fragment-n50000-w1024-m0100-s707
mask_fragment,58ced0e286dfa2b04542a7873472fb4400aeb830,late_mask_fragment,1024,103.14259998267516,51200000,0.1,5000,1,sha256:c31a5394c72fa4480e21e21f18941a529737407325437b881b853a480254b8dd,7,sha256:742ad72cae564c26b528b44bba56a4b35c440cb90d54e9b5db6629aafc62a220,50000,20260717T120435635390Z,707,mask_fragment-n50000-w1024-m0100-s707
mask_fragment,58ced0e286dfa2b04542a7873472fb4400aeb830,late_mask_fragment,1024,180.44779996853322,51200000,0.1,5000,0,sha256:c31a5394c72fa4480e21e21f18941a529737407325437b881b853a480254b8dd,8,sha256:742ad72cae564c26b528b44bba56a4b35c440cb90d54e9b5db6629aafc62a220,50000,20260717T120435635390Z,707,mask_fragment-n50000-w1024-m0100-s707
mask_fragment,58ced0e286dfa2b04542a7873472fb4400aeb830,early_mask_fragment,1024,668.095400033053,51200000,0.1,5000,1,sha256:1a43e0ddf8cc02438cc76d27ba1cce86da34109d2e43dcc8ed7c9d581b95b39d,8,sha256:742ad72cae564c26b528b44bba56a4b35c440cb90d54e9b5db6629aafc62a220,50000,20260717T120435635390Z,707,mask_fragment-n50000-w1024-m0100-s707
mask_fragment,58ced0e286dfa2b04542a7873472fb4400aeb830,early_mask_fragment,1024,853.275700006634,51200000,0.1,5000,0,sha256:1a43e0ddf8cc02438cc76d27ba1cce86da34109d2e43dcc8ed7c9d581b95b39d,9,sha256:742ad72cae564c26b528b44bba56a4b35c440cb90d54e9b5db6629aafc62a220,50000,20260717T120435635390Z,707,mask_fragment-n50000-w1024-m0100-s707
mask_fragment,58ced0e286dfa2b04542a7873472fb4400aeb830,late_mask_fragment,1024,70.11090003652498,51200000,0.1,5000,1,sha256:c31a5394c72fa4480e21e21f18941a529737407325437b881b853a480254b8dd,9,sha256:742ad72cae564c26b528b44bba56a4b35c440cb90d54e9b5db6629aafc62a220,50000,20260717T120435635390Z,707,mask_fragment-n50000-w1024-m0100-s707
mask_fragment,58ced0e286dfa2b04542a7873472fb4400aeb830,late_mask_fragment,1024,77.7327999821864,51200000,0.1,5000,0,sha256:c31a5394c72fa4480e21e21f18941a529737407325437b881b853a480254b8dd,10,sha256:742ad72cae564c26b528b44bba56a4b35c440cb90d54e9b5db6629aafc62a220,50000,20260717T120435635390Z,707,mask_fragment-n50000-w1024-m0100-s707
mask_fragment,58ced0e286dfa2b04542a7873472fb4400aeb830,early_mask_fragment,1024,906.2332999892533,51200000,0.1,5000,1,sha256:1a43e0ddf8cc02438cc76d27ba1cce86da34109d2e43dcc8ed7c9d581b95b39d,10,sha256:742ad72cae564c26b528b44bba56a4b35c440cb90d54e9b5db6629aafc62a220,50000,20260717T120435635390Z,707,mask_fragment-n50000-w1024-m0100-s707
mask_fragment,58ced0e286dfa2b04542a7873472fb4400aeb830,early_mask_fragment,1024,1342.1934000216424,51200000,0.1,5000,0,sha256:1a43e0ddf8cc02438cc76d27ba1cce86da34109d2e43dcc8ed7c9d581b95b39d,11,sha256:742ad72cae564c26b528b44bba56a4b35c440cb90d54e9b5db6629aafc62a220,50000,20260717T120435635390Z,707,mask_fragment-n50000-w1024-m0100-s707
mask_fragment,58ced0e286dfa2b04542a7873472fb4400aeb830,late_mask_fragment,1024,106.22519999742508,51200000,0.1,5000,1,sha256:c31a5394c72fa4480e21e21f18941a529737407325437b881b853a480254b8dd,11,sha256:742ad72cae564c26b528b44bba56a4b35c440cb90d54e9b5db6629aafc62a220,50000,20260717T120435635390Z,707,mask_fragment-n50000-w1024-m0100-s707
mask_fragment,58ced0e286dfa2b04542a7873472fb4400aeb830,late_mask_fragment,1024,87.10619999328628,51200000,0.1,5000,0,sha256:c31a5394c72fa4480e21e21f18941a529737407325437b881b853a480254b8dd,12,sha256:742ad72cae564c26b528b44bba56a4b35c440cb90d54e9b5db6629aafc62a220,50000,20260717T120435635390Z,707,mask_fragment-n50000-w1024-m0100-s707
mask_fragment,58ced0e286dfa2b04542a7873472fb4400aeb830,early_mask_fragment,1024,755.0898999907076,51200000,0.1,5000,1,sha256:1a43e0ddf8cc02438cc76d27ba1cce86da34109d2e43dcc8ed7c9d581b95b39d,12,sha256:742ad72cae564c26b528b44bba56a4b35c440cb90d54e9b5db6629aafc62a220,50000,20260717T120435635390Z,707,mask_fragment-n50000-w1024-m0100-s707
mask_fragment,58ced0e286dfa2b04542a7873472fb4400aeb830,early_mask_fragment,1024,780.4772999952547,51200000,0.1,5000,0,sha256:1a43e0ddf8cc02438cc76d27ba1cce86da34109d2e43dcc8ed7c9d581b95b39d,13,sha256:742ad72cae564c26b528b44bba56a4b35c440cb90d54e9b5db6629aafc62a220,50000,20260717T120435635390Z,707,mask_fragment-n50000-w1024-m0100-s707
mask_fragment,58ced0e286dfa2b04542a7873472fb4400aeb830,late_mask_fragment,1024,87.86420000251383,51200000,0.1,5000,1,sha256:c31a5394c72fa4480e21e21f18941a529737407325437b881b853a480254b8dd,13,sha256:742ad72cae564c26b528b44bba56a4b35c440cb90d54e9b5db6629aafc62a220,50000,20260717T120435635390Z,707,mask_fragment-n50000-w1024-m0100-s707
mask_fragment,58ced0e286dfa2b04542a7873472fb4400aeb830,late_mask_fragment,1024,79.41359997494146,51200000,0.1,5000,0,sha256:c31a5394c72fa4480e21e21f18941a529737407325437b881b853a480254b8dd,14,sha256:742ad72cae564c26b528b44bba56a4b35c440cb90d54e9b5db6629aafc62a220,50000,20260717T120435635390Z,707,mask_fragment-n50000-w1024-m0100-s707
mask_fragment,58ced0e286dfa2b04542a7873472fb4400aeb830,early_mask_fragment,1024,658.945599978324,51200000,0.1,5000,1,sha256:1a43e0ddf8cc02438cc76d27ba1cce86da34109d2e43dcc8ed7c9d581b95b39d,14,sha256:742ad72cae564c26b528b44bba56a4b35c440cb90d54e9b5db6629aafc62a220,50000,20260717T120435635390Z,707,mask_fragment-n50000-w1024-m0100-s707
mask_fragment,58ced0e286dfa2b04542a7873472fb4400aeb830,late_mask_fragment,1024,70.7778999931179,51200000,0.1,5000,0,sha256:c31a5394c72fa4480e21e21f18941a529737407325437b881b853a480254b8dd,0,sha256:231061cf8aed466741202694956a98fade366028e60b3eae976e466e7279360a,50000,20260717T120435635390Z,808,mask_fragment-n50000-w1024-m0100-s808
mask_fragment,58ced0e286dfa2b04542a7873472fb4400aeb830,early_mask_fragment,1024,639.4800000125542,51200000,0.1,5000,1,sha256:1a43e0ddf8cc02438cc76d27ba1cce86da34109d2e43dcc8ed7c9d581b95b39d,0,sha256:231061cf8aed466741202694956a98fade366028e60b3eae976e466e7279360a,50000,20260717T120435635390Z,808,mask_fragment-n50000-w1024-m0100-s808
mask_fragment,58ced0e286dfa2b04542a7873472fb4400aeb830,early_mask_fragment,1024,742.0732000027783,51200000,0.1,5000,0,sha256:1a43e0ddf8cc02438cc76d27ba1cce86da34109d2e43dcc8ed7c9d581b95b39d,1,sha256:231061cf8aed466741202694956a98fade366028e60b3eae976e466e7279360a,50000,20260717T120435635390Z,808,mask_fragment-n50000-w1024-m0100-s808
mask_fragment,58ced0e286dfa2b04542a7873472fb4400aeb830,late_mask_fragment,1024,74.84689995180815,51200000,0.1,5000,1,sha256:c31a5394c72fa4480e21e21f18941a529737407325437b881b853a480254b8dd,1,sha256:231061cf8aed466741202694956a98fade366028e60b3eae976e466e7279360a,50000,20260717T120435635390Z,808,mask_fragment-n50000-w1024-m0100-s808
mask_fragment,58ced0e286dfa2b04542a7873472fb4400aeb830,late_mask_fragment,1024,85.42570000281557,51200000,0.1,5000,0,sha256:c31a5394c72fa4480e21e21f18941a529737407325437b881b853a480254b8dd,2,sha256:231061cf8aed466741202694956a98fade366028e60b3eae976e466e7279360a,50000,20260717T120435635390Z,808,mask_fragment-n50000-w1024-m0100-s808
mask_fragment,58ced0e286dfa2b04542a7873472fb4400aeb830,early_mask_fragment,1024,903.9575000060722,51200000,0.1,5000,1,sha256:1a43e0ddf8cc02438cc76d27ba1cce86da34109d2e43dcc8ed7c9d581b95b39d,2,sha256:231061cf8aed466741202694956a98fade366028e60b3eae976e466e7279360a,50000,20260717T120435635390Z,808,mask_fragment-n50000-w1024-m0100-s808
mask_fragment,58ced0e286dfa2b04542a7873472fb4400aeb830,early_mask_fragment,1024,828.3576000249013,51200000,0.1,5000,0,sha256:1a43e0ddf8cc02438cc76d27ba1cce86da34109d2e43dcc8ed7c9d581b95b39d,3,sha256:231061cf8aed466741202694956a98fade366028e60b3eae976e466e7279360a,50000,20260717T120435635390Z,808,mask_fragment-n50000-w1024-m0100-s808
mask_fragment,58ced0e286dfa2b04542a7873472fb4400aeb830,late_mask_fragment,1024,120.64870004542172,51200000,0.1,5000,1,sha256:c31a5394c72fa4480e21e21f18941a529737407325437b881b853a480254b8dd,3,sha256:231061cf8aed466741202694956a98fade366028e60b3eae976e466e7279360a,50000,20260717T120435635390Z,808,mask_fragment-n50000-w1024-m0100-s808
mask_fragment,58ced0e286dfa2b04542a7873472fb4400aeb830,late_mask_fragment,1024,73.70219996664673,51200000,0.1,5000,0,sha256:c31a5394c72fa4480e21e21f18941a529737407325437b881b853a480254b8dd,4,sha256:231061cf8aed466741202694956a98fade366028e60b3eae976e466e7279360a,50000,20260717T120435635390Z,808,mask_fragment-n50000-w1024-m0100-s808
mask_fragment,58ced0e286dfa2b04542a7873472fb4400aeb830,early_mask_fragment,1024,808.0619999673218,51200000,0.1,5000,1,sha256:1a43e0ddf8cc02438cc76d27ba1cce86da34109d2e43dcc8ed7c9d581b95b39d,4,sha256:231061cf8aed466741202694956a98fade366028e60b3eae976e466e7279360a,50000,20260717T120435635390Z,808,mask_fragment-n50000-w1024-m0100-s808
mask_fragment,58ced0e286dfa2b04542a7873472fb4400aeb830,early_mask_fragment,1024,779.9309999682009,51200000,0.1,5000,0,sha256:1a43e0ddf8cc02438cc76d27ba1cce86da34109d2e43dcc8ed7c9d581b95b39d,5,sha256:231061cf8aed466741202694956a98fade366028e60b3eae976e466e7279360a,50000,20260717T120435635390Z,808,mask_fragment-n50000-w1024-m0100-s808
mask_fragment,58ced0e286dfa2b04542a7873472fb4400aeb830,late_mask_fragment,1024,89.53299996210262,51200000,0.1,5000,1,sha256:c31a5394c72fa4480e21e21f18941a529737407325437b881b853a480254b8dd,5,sha256:231061cf8aed466741202694956a98fade366028e60b3eae976e466e7279360a,50000,20260717T120435635390Z,808,mask_fragment-n50000-w1024-m0100-s808
mask_fragment,58ced0e286dfa2b04542a7873472fb4400aeb830,late_mask_fragment,1024,96.66809998452663,51200000,0.1,5000,0,sha256:c31a5394c72fa4480e21e21f18941a529737407325437b881b853a480254b8dd,6,sha256:231061cf8aed466741202694956a98fade366028e60b3eae976e466e7279360a,50000,20260717T120435635390Z,808,mask_fragment-n50000-w1024-m0100-s808
mask_fragment,58ced0e286dfa2b04542a7873472fb4400aeb830,early_mask_fragment,1024,1061.5841000108048,51200000,0.1,5000,1,sha256:1a43e0ddf8cc02438cc76d27ba1cce86da34109d2e43dcc8ed7c9d581b95b39d,6,sha256:231061cf8aed466741202694956a98fade366028e60b3eae976e466e7279360a,50000,20260717T120435635390Z,808,mask_fragment-n50000-w1024-m0100-s808
mask_fragment,58ced0e286dfa2b04542a7873472fb4400aeb830,early_mask_fragment,1024,998.503000009805,51200000,0.1,5000,0,sha256:1a43e0ddf8cc02438cc76d27ba1cce86da34109d2e43dcc8ed7c9d581b95b39d,7,sha256:231061cf8aed466741202694956a98fade366028e60b3eae976e466e7279360a,50000,20260717T120435635390Z,808,mask_fragment-n50000-w1024-m0100-s808
mask_fragment,58ced0e286dfa2b04542a7873472fb4400aeb830,late_mask_fragment,1024,81.23539999360219,51200000,0.1,5000,1,sha256:c31a5394c72fa4480e21e21f18941a529737407325437b881b853a480254b8dd,7,sha256:231061cf8aed466741202694956a98fade366028e60b3eae976e466e7279360a,50000,20260717T120435635390Z,808,mask_fragment-n50000-w1024-m0100-s808
mask_fragment,58ced0e286dfa2b04542a7873472fb4400aeb830,late_mask_fragment,1024,106.13930004183203,51200000,0.1,5000,0,sha256:c31a5394c72fa4480e21e21f18941a529737407325437b881b853a480254b8dd,8,sha256:231061cf8aed466741202694956a98fade366028e60b3eae976e466e7279360a,50000,20260717T120435635390Z,808,mask_fragment-n50000-w1024-m0100-s808
mask_fragment,58ced0e286dfa2b04542a7873472fb4400aeb830,early_mask_fragment,1024,985.2991999941878,51200000,0.1,5000,1,sha256:1a43e0ddf8cc02438cc76d27ba1cce86da34109d2e43dcc8ed7c9d581b95b39d,8,sha256:231061cf8aed466741202694956a98fade366028e60b3eae976e466e7279360a,50000,20260717T120435635390Z,808,mask_fragment-n50000-w1024-m0100-s808
mask_fragment,58ced0e286dfa2b04542a7873472fb4400aeb830,early_mask_fragment,1024,1021.4666000101715,51200000,0.1,5000,0,sha256:1a43e0ddf8cc02438cc76d27ba1cce86da34109d2e43dcc8ed7c9d581b95b39d,9,sha256:231061cf8aed466741202694956a98fade366028e60b3eae976e466e7279360a,50000,20260717T120435635390Z,808,mask_fragment-n50000-w1024-m0100-s808
mask_fragment,58ced0e286dfa2b04542a7873472fb4400aeb830,late_mask_fragment,1024,91.25350002432242,51200000,0.1,5000,1,sha256:c31a5394c72fa4480e21e21f18941a529737407325437b881b853a480254b8dd,9,sha256:231061cf8aed466741202694956a98fade366028e60b3eae976e466e7279360a,50000,20260717T120435635390Z,808,mask_fragment-n50000-w1024-m0100-s808
mask_fragment,58ced0e286dfa2b04542a7873472fb4400aeb830,late_mask_fragment,1024,88.18730001803488,51200000,0.1,5000,0,sha256:c31a5394c72fa4480e21e21f18941a529737407325437b881b853a480254b8dd,10,sha256:231061cf8aed466741202694956a98fade366028e60b3eae976e466e7279360a,50000,20260717T120435635390Z,808,mask_fragment-n50000-w1024-m0100-s808
mask_fragment,58ced0e286dfa2b04542a7873472fb4400aeb830,early_mask_fragment,1024,1096.3113000034355,51200000,0.1,5000,1,sha256:1a43e0ddf8cc02438cc76d27ba1cce86da34109d2e43dcc8ed7c9d581b95b39d,10,sha256:231061cf8aed466741202694956a98fade366028e60b3eae976e466e7279360a,50000,20260717T120435635390Z,808,mask_fragment-n50000-w1024-m0100-s808
mask_fragment,58ced0e286dfa2b04542a7873472fb4400aeb830,early_mask_fragment,1024,959.4549000030383,51200000,0.1,5000,0,sha256:1a43e0ddf8cc02438cc76d27ba1cce86da34109d2e43dcc8ed7c9d581b95b39d,11,sha256:231061cf8aed466741202694956a98fade366028e60b3eae976e466e7279360a,50000,20260717T120435635390Z,808,mask_fragment-n50000-w1024-m0100-s808
mask_fragment,58ced0e286dfa2b04542a7873472fb4400aeb830,late_mask_fragment,1024,118.95120004191995,51200000,0.1,5000,1,sha256:c31a5394c72fa4480e21e21f18941a529737407325437b881b853a480254b8dd,11,sha256:231061cf8aed466741202694956a98fade366028e60b3eae976e466e7279360a,50000,20260717T120435635390Z,808,mask_fragment-n50000-w1024-m0100-s808
mask_fragment,58ced0e286dfa2b04542a7873472fb4400aeb830,late_mask_fragment,1024,96.04729997226968,51200000,0.1,5000,0,sha256:c31a5394c72fa4480e21e21f18941a529737407325437b881b853a480254b8dd,12,sha256:231061cf8aed466741202694956a98fade366028e60b3eae976e466e7279360a,50000,20260717T120435635390Z,808,mask_fragment-n50000-w1024-m0100-s808
mask_fragment,58ced0e286dfa2b04542a7873472fb4400aeb830,early_mask_fragment,1024,934.3696000287309,51200000,0.1,5000,1,sha256:1a43e0ddf8cc02438cc76d27ba1cce86da34109d2e43dcc8ed7c9d581b95b39d,12,sha256:231061cf8aed466741202694956a98fade366028e60b3eae976e466e7279360a,50000,20260717T120435635390Z,808,mask_fragment-n50000-w1024-m0100-s808
mask_fragment,58ced0e286dfa2b04542a7873472fb4400aeb830,early_mask_fragment,1024,1141.9853999977931,51200000,0.1,5000,0,sha256:1a43e0ddf8cc02438cc76d27ba1cce86da34109d2e43dcc8ed7c9d581b95b39d,13,sha256:231061cf8aed466741202694956a98fade366028e60b3eae976e466e7279360a,50000,20260717T120435635390Z,808,mask_fragment-n50000-w1024-m0100-s808
mask_fragment,58ced0e286dfa2b04542a7873472fb4400aeb830,late_mask_fragment,1024,74.98620002297685,51200000,0.1,5000,1,sha256:c31a5394c72fa4480e21e21f18941a529737407325437b881b853a480254b8dd,13,sha256:231061cf8aed466741202694956a98fade366028e60b3eae976e466e7279360a,50000,20260717T120435635390Z,808,mask_fragment-n50000-w1024-m0100-s808
mask_fragment,58ced0e286dfa2b04542a7873472fb4400aeb830,late_mask_fragment,1024,77.06559996586293,51200000,0.1,5000,0,sha256:c31a5394c72fa4480e21e21f18941a529737407325437b881b853a480254b8dd,14,sha256:231061cf8aed466741202694956a98fade366028e60b3eae976e466e7279360a,50000,20260717T120435635390Z,808,mask_fragment-n50000-w1024-m0100-s808
mask_fragment,58ced0e286dfa2b04542a7873472fb4400aeb830,early_mask_fragment,1024,746.802200039383,51200000,0.1,5000,1,sha256:1a43e0ddf8cc02438cc76d27ba1cce86da34109d2e43dcc8ed7c9d581b95b39d,14,sha256:231061cf8aed466741202694956a98fade366028e60b3eae976e466e7279360a,50000,20260717T120435635390Z,808,mask_fragment-n50000-w1024-m0100-s808
mask_fragment,58ced0e286dfa2b04542a7873472fb4400aeb830,late_mask_fragment,1024,66.18650001473725,51200000,0.1,5000,0,sha256:c31a5394c72fa4480e21e21f18941a529737407325437b881b853a480254b8dd,0,sha256:5f6728289012f2a6d655d23ed51bf83b05eb8c1ff8241d6caa0ab5737106d91a,50000,20260717T120435635390Z,909,mask_fragment-n50000-w1024-m0100-s909
mask_fragment,58ced0e286dfa2b04542a7873472fb4400aeb830,early_mask_fragment,1024,719.6373000042513,51200000,0.1,5000,1,sha256:1a43e0ddf8cc02438cc76d27ba1cce86da34109d2e43dcc8ed7c9d581b95b39d,0,sha256:5f6728289012f2a6d655d23ed51bf83b05eb8c1ff8241d6caa0ab5737106d91a,50000,20260717T120435635390Z,909,mask_fragment-n50000-w1024-m0100-s909
mask_fragment,58ced0e286dfa2b04542a7873472fb4400aeb830,early_mask_fragment,1024,742.5849999999627,51200000,0.1,5000,0,sha256:1a43e0ddf8cc02438cc76d27ba1cce86da34109d2e43dcc8ed7c9d581b95b39d,1,sha256:5f6728289012f2a6d655d23ed51bf83b05eb8c1ff8241d6caa0ab5737106d91a,50000,20260717T120435635390Z,909,mask_fragment-n50000-w1024-m0100-s909
mask_fragment,58ced0e286dfa2b04542a7873472fb4400aeb830,late_mask_fragment,1024,80.12960001360625,51200000,0.1,5000,1,sha256:c31a5394c72fa4480e21e21f18941a529737407325437b881b853a480254b8dd,1,sha256:5f6728289012f2a6d655d23ed51bf83b05eb8c1ff8241d6caa0ab5737106d91a,50000,20260717T120435635390Z,909,mask_fragment-n50000-w1024-m0100-s909
mask_fragment,58ced0e286dfa2b04542a7873472fb4400aeb830,late_mask_fragment,1024,78.89850001083687,51200000,0.1,5000,0,sha256:c31a5394c72fa4480e21e21f18941a529737407325437b881b853a480254b8dd,2,sha256:5f6728289012f2a6d655d23ed51bf83b05eb8c1ff8241d6caa0ab5737106d91a,50000,20260717T120435635390Z,909,mask_fragment-n50000-w1024-m0100-s909
mask_fragment,58ced0e286dfa2b04542a7873472fb4400aeb830,early_mask_fragment,1024,744.9881000211462,51200000,0.1,5000,1,sha256:1a43e0ddf8cc02438cc76d27ba1cce86da34109d2e43dcc8ed7c9d581b95b39d,2,sha256:5f6728289012f2a6d655d23ed51bf83b05eb8c1ff8241d6caa0ab5737106d91a,50000,20260717T120435635390Z,909,mask_fragment-n50000-w1024-m0100-s909
mask_fragment,58ced0e286dfa2b04542a7873472fb4400aeb830,early_mask_fragment,1024,751.376900007017,51200000,0.1,5000,0,sha256:1a43e0ddf8cc02438cc76d27ba1cce86da34109d2e43dcc8ed7c9d581b95b39d,3,sha256:5f6728289012f2a6d655d23ed51bf83b05eb8c1ff8241d6caa0ab5737106d91a,50000,20260717T120435635390Z,909,mask_fragment-n50000-w1024-m0100-s909
mask_fragment,58ced0e286dfa2b04542a7873472fb4400aeb830,late_mask_fragment,1024,79.37729998957366,51200000,0.1,5000,1,sha256:c31a5394c72fa4480e21e21f18941a529737407325437b881b853a480254b8dd,3,sha256:5f6728289012f2a6d655d23ed51bf83b05eb8c1ff8241d6caa0ab5737106d91a,50000,20260717T120435635390Z,909,mask_fragment-n50000-w1024-m0100-s909
mask_fragment,58ced0e286dfa2b04542a7873472fb4400aeb830,late_mask_fragment,1024,67.79170001391321,51200000,0.1,5000,0,sha256:c31a5394c72fa4480e21e21f18941a529737407325437b881b853a480254b8dd,4,sha256:5f6728289012f2a6d655d23ed51bf83b05eb8c1ff8241d6caa0ab5737106d91a,50000,20260717T120435635390Z,909,mask_fragment-n50000-w1024-m0100-s909
mask_fragment,58ced0e286dfa2b04542a7873472fb4400aeb830,early_mask_fragment,1024,690.0213999906555,51200000,0.1,5000,1,sha256:1a43e0ddf8cc02438cc76d27ba1cce86da34109d2e43dcc8ed7c9d581b95b39d,4,sha256:5f6728289012f2a6d655d23ed51bf83b05eb8c1ff8241d6caa0ab5737106d91a,50000,20260717T120435635390Z,909,mask_fragment-n50000-w1024-m0100-s909
mask_fragment,58ced0e286dfa2b04542a7873472fb4400aeb830,early_mask_fragment,1024,722.7553999982774,51200000,0.1,5000,0,sha256:1a43e0ddf8cc02438cc76d27ba1cce86da34109d2e43dcc8ed7c9d581b95b39d,5,sha256:5f6728289012f2a6d655d23ed51bf83b05eb8c1ff8241d6caa0ab5737106d91a,50000,20260717T120435635390Z,909,mask_fragment-n50000-w1024-m0100-s909
mask_fragment,58ced0e286dfa2b04542a7873472fb4400aeb830,late_mask_fragment,1024,81.32890000706539,51200000,0.1,5000,1,sha256:c31a5394c72fa4480e21e21f18941a529737407325437b881b853a480254b8dd,5,sha256:5f6728289012f2a6d655d23ed51bf83b05eb8c1ff8241d6caa0ab5737106d91a,50000,20260717T120435635390Z,909,mask_fragment-n50000-w1024-m0100-s909
mask_fragment,58ced0e286dfa2b04542a7873472fb4400aeb830,late_mask_fragment,1024,77.79589999699965,51200000,0.1,5000,0,sha256:c31a5394c72fa4480e21e21f18941a529737407325437b881b853a480254b8dd,6,sha256:5f6728289012f2a6d655d23ed51bf83b05eb8c1ff8241d6caa0ab5737106d91a,50000,20260717T120435635390Z,909,mask_fragment-n50000-w1024-m0100-s909
mask_fragment,58ced0e286dfa2b04542a7873472fb4400aeb830,early_mask_fragment,1024,746.028900030069,51200000,0.1,5000,1,sha256:1a43e0ddf8cc02438cc76d27ba1cce86da34109d2e43dcc8ed7c9d581b95b39d,6,sha256:5f6728289012f2a6d655d23ed51bf83b05eb8c1ff8241d6caa0ab5737106d91a,50000,20260717T120435635390Z,909,mask_fragment-n50000-w1024-m0100-s909
mask_fragment,58ced0e286dfa2b04542a7873472fb4400aeb830,early_mask_fragment,1024,735.4936000192538,51200000,0.1,5000,0,sha256:1a43e0ddf8cc02438cc76d27ba1cce86da34109d2e43dcc8ed7c9d581b95b39d,7,sha256:5f6728289012f2a6d655d23ed51bf83b05eb8c1ff8241d6caa0ab5737106d91a,50000,20260717T120435635390Z,909,mask_fragment-n50000-w1024-m0100-s909
mask_fragment,58ced0e286dfa2b04542a7873472fb4400aeb830,late_mask_fragment,1024,66.17779994849116,51200000,0.1,5000,1,sha256:c31a5394c72fa4480e21e21f18941a529737407325437b881b853a480254b8dd,7,sha256:5f6728289012f2a6d655d23ed51bf83b05eb8c1ff8241d6caa0ab5737106d91a,50000,20260717T120435635390Z,909,mask_fragment-n50000-w1024-m0100-s909
mask_fragment,58ced0e286dfa2b04542a7873472fb4400aeb830,late_mask_fragment,1024,64.3440000130795,51200000,0.1,5000,0,sha256:c31a5394c72fa4480e21e21f18941a529737407325437b881b853a480254b8dd,8,sha256:5f6728289012f2a6d655d23ed51bf83b05eb8c1ff8241d6caa0ab5737106d91a,50000,20260717T120435635390Z,909,mask_fragment-n50000-w1024-m0100-s909
mask_fragment,58ced0e286dfa2b04542a7873472fb4400aeb830,early_mask_fragment,1024,712.2338000335731,51200000,0.1,5000,1,sha256:1a43e0ddf8cc02438cc76d27ba1cce86da34109d2e43dcc8ed7c9d581b95b39d,8,sha256:5f6728289012f2a6d655d23ed51bf83b05eb8c1ff8241d6caa0ab5737106d91a,50000,20260717T120435635390Z,909,mask_fragment-n50000-w1024-m0100-s909
mask_fragment,58ced0e286dfa2b04542a7873472fb4400aeb830,early_mask_fragment,1024,596.1779999779537,51200000,0.1,5000,0,sha256:1a43e0ddf8cc02438cc76d27ba1cce86da34109d2e43dcc8ed7c9d581b95b39d,9,sha256:5f6728289012f2a6d655d23ed51bf83b05eb8c1ff8241d6caa0ab5737106d91a,50000,20260717T120435635390Z,909,mask_fragment-n50000-w1024-m0100-s909
mask_fragment,58ced0e286dfa2b04542a7873472fb4400aeb830,late_mask_fragment,1024,65.4851000290364,51200000,0.1,5000,1,sha256:c31a5394c72fa4480e21e21f18941a529737407325437b881b853a480254b8dd,9,sha256:5f6728289012f2a6d655d23ed51bf83b05eb8c1ff8241d6caa0ab5737106d91a,50000,20260717T120435635390Z,909,mask_fragment-n50000-w1024-m0100-s909
mask_fragment,58ced0e286dfa2b04542a7873472fb4400aeb830,late_mask_fragment,1024,76.51270000496879,51200000,0.1,5000,0,sha256:c31a5394c72fa4480e21e21f18941a529737407325437b881b853a480254b8dd,10,sha256:5f6728289012f2a6d655d23ed51bf83b05eb8c1ff8241d6caa0ab5737106d91a,50000,20260717T120435635390Z,909,mask_fragment-n50000-w1024-m0100-s909
mask_fragment,58ced0e286dfa2b04542a7873472fb4400aeb830,early_mask_fragment,1024,739.9886999628507,51200000,0.1,5000,1,sha256:1a43e0ddf8cc02438cc76d27ba1cce86da34109d2e43dcc8ed7c9d581b95b39d,10,sha256:5f6728289012f2a6d655d23ed51bf83b05eb8c1ff8241d6caa0ab5737106d91a,50000,20260717T120435635390Z,909,mask_fragment-n50000-w1024-m0100-s909
mask_fragment,58ced0e286dfa2b04542a7873472fb4400aeb830,early_mask_fragment,1024,757.7813999960199,51200000,0.1,5000,0,sha256:1a43e0ddf8cc02438cc76d27ba1cce86da34109d2e43dcc8ed7c9d581b95b39d,11,sha256:5f6728289012f2a6d655d23ed51bf83b05eb8c1ff8241d6caa0ab5737106d91a,50000,20260717T120435635390Z,909,mask_fragment-n50000-w1024-m0100-s909
mask_fragment,58ced0e286dfa2b04542a7873472fb4400aeb830,late_mask_fragment,1024,68.68890003534034,51200000,0.1,5000,1,sha256:c31a5394c72fa4480e21e21f18941a529737407325437b881b853a480254b8dd,11,sha256:5f6728289012f2a6d655d23ed51bf83b05eb8c1ff8241d6caa0ab5737106d91a,50000,20260717T120435635390Z,909,mask_fragment-n50000-w1024-m0100-s909
mask_fragment,58ced0e286dfa2b04542a7873472fb4400aeb830,late_mask_fragment,1024,65.09920000098646,51200000,0.1,5000,0,sha256:c31a5394c72fa4480e21e21f18941a529737407325437b881b853a480254b8dd,12,sha256:5f6728289012f2a6d655d23ed51bf83b05eb8c1ff8241d6caa0ab5737106d91a,50000,20260717T120435635390Z,909,mask_fragment-n50000-w1024-m0100-s909
mask_fragment,58ced0e286dfa2b04542a7873472fb4400aeb830,early_mask_fragment,1024,715.1310999761336,51200000,0.1,5000,1,sha256:1a43e0ddf8cc02438cc76d27ba1cce86da34109d2e43dcc8ed7c9d581b95b39d,12,sha256:5f6728289012f2a6d655d23ed51bf83b05eb8c1ff8241d6caa0ab5737106d91a,50000,20260717T120435635390Z,909,mask_fragment-n50000-w1024-m0100-s909
mask_fragment,58ced0e286dfa2b04542a7873472fb4400aeb830,early_mask_fragment,1024,716.1306000198238,51200000,0.1,5000,0,sha256:1a43e0ddf8cc02438cc76d27ba1cce86da34109d2e43dcc8ed7c9d581b95b39d,13,sha256:5f6728289012f2a6d655d23ed51bf83b05eb8c1ff8241d6caa0ab5737106d91a,50000,20260717T120435635390Z,909,mask_fragment-n50000-w1024-m0100-s909
mask_fragment,58ced0e286dfa2b04542a7873472fb4400aeb830,late_mask_fragment,1024,66.75759999779984,51200000,0.1,5000,1,sha256:c31a5394c72fa4480e21e21f18941a529737407325437b881b853a480254b8dd,13,sha256:5f6728289012f2a6d655d23ed51bf83b05eb8c1ff8241d6caa0ab5737106d91a,50000,20260717T120435635390Z,909,mask_fragment-n50000-w1024-m0100-s909
mask_fragment,58ced0e286dfa2b04542a7873472fb4400aeb830,late_mask_fragment,1024,68.83090001065284,51200000,0.1,5000,0,sha256:c31a5394c72fa4480e21e21f18941a529737407325437b881b853a480254b8dd,14,sha256:5f6728289012f2a6d655d23ed51bf83b05eb8c1ff8241d6caa0ab5737106d91a,50000,20260717T120435635390Z,909,mask_fragment-n50000-w1024-m0100-s909
mask_fragment,58ced0e286dfa2b04542a7873472fb4400aeb830,early_mask_fragment,1024,740.945199970156,51200000,0.1,5000,1,sha256:1a43e0ddf8cc02438cc76d27ba1cce86da34109d2e43dcc8ed7c9d581b95b39d,14,sha256:5f6728289012f2a6d655d23ed51bf83b05eb8c1ff8241d6caa0ab5737106d91a,50000,20260717T120435635390Z,909,mask_fragment-n50000-w1024-m0100-s909
mask_fragment,58ced0e286dfa2b04542a7873472fb4400aeb830,early_mask_fragment,1024,747.6486999657936,51200000,0.5,25000,0,sha256:1a43e0ddf8cc02438cc76d27ba1cce86da34109d2e43dcc8ed7c9d581b95b39d,0,sha256:a1a3729d9f390a620266767844fa6068d47e31187a70393216c2e7df2a97695d,50000,20260717T120435635390Z,707,mask_fragment-n50000-w1024-m0500-s707
mask_fragment,58ced0e286dfa2b04542a7873472fb4400aeb830,late_mask_fragment,1024,338.5324999690056,51200000,0.5,25000,1,sha256:c31a5394c72fa4480e21e21f18941a529737407325437b881b853a480254b8dd,0,sha256:a1a3729d9f390a620266767844fa6068d47e31187a70393216c2e7df2a97695d,50000,20260717T120435635390Z,707,mask_fragment-n50000-w1024-m0500-s707
mask_fragment,58ced0e286dfa2b04542a7873472fb4400aeb830,late_mask_fragment,1024,388.83019995409995,51200000,0.5,25000,0,sha256:c31a5394c72fa4480e21e21f18941a529737407325437b881b853a480254b8dd,1,sha256:a1a3729d9f390a620266767844fa6068d47e31187a70393216c2e7df2a97695d,50000,20260717T120435635390Z,707,mask_fragment-n50000-w1024-m0500-s707
mask_fragment,58ced0e286dfa2b04542a7873472fb4400aeb830,early_mask_fragment,1024,731.5926000010222,51200000,0.5,25000,1,sha256:1a43e0ddf8cc02438cc76d27ba1cce86da34109d2e43dcc8ed7c9d581b95b39d,1,sha256:a1a3729d9f390a620266767844fa6068d47e31187a70393216c2e7df2a97695d,50000,20260717T120435635390Z,707,mask_fragment-n50000-w1024-m0500-s707
mask_fragment,58ced0e286dfa2b04542a7873472fb4400aeb830,early_mask_fragment,1024,814.6692999871448,51200000,0.5,25000,0,sha256:1a43e0ddf8cc02438cc76d27ba1cce86da34109d2e43dcc8ed7c9d581b95b39d,2,sha256:a1a3729d9f390a620266767844fa6068d47e31187a70393216c2e7df2a97695d,50000,20260717T120435635390Z,707,mask_fragment-n50000-w1024-m0500-s707
mask_fragment,58ced0e286dfa2b04542a7873472fb4400aeb830,late_mask_fragment,1024,573.7930999603122,51200000,0.5,25000,1,sha256:c31a5394c72fa4480e21e21f18941a529737407325437b881b853a480254b8dd,2,sha256:a1a3729d9f390a620266767844fa6068d47e31187a70393216c2e7df2a97695d,50000,20260717T120435635390Z,707,mask_fragment-n50000-w1024-m0500-s707
mask_fragment,58ced0e286dfa2b04542a7873472fb4400aeb830,late_mask_fragment,1024,456.8311999901198,51200000,0.5,25000,0,sha256:c31a5394c72fa4480e21e21f18941a529737407325437b881b853a480254b8dd,3,sha256:a1a3729d9f390a620266767844fa6068d47e31187a70393216c2e7df2a97695d,50000,20260717T120435635390Z,707,mask_fragment-n50000-w1024-m0500-s707
mask_fragment,58ced0e286dfa2b04542a7873472fb4400aeb830,early_mask_fragment,1024,901.4488999964669,51200000,0.5,25000,1,sha256:1a43e0ddf8cc02438cc76d27ba1cce86da34109d2e43dcc8ed7c9d581b95b39d,3,sha256:a1a3729d9f390a620266767844fa6068d47e31187a70393216c2e7df2a97695d,50000,20260717T120435635390Z,707,mask_fragment-n50000-w1024-m0500-s707
mask_fragment,58ced0e286dfa2b04542a7873472fb4400aeb830,early_mask_fragment,1024,856.5322000067681,51200000,0.5,25000,0,sha256:1a43e0ddf8cc02438cc76d27ba1cce86da34109d2e43dcc8ed7c9d581b95b39d,4,sha256:a1a3729d9f390a620266767844fa6068d47e31187a70393216c2e7df2a97695d,50000,20260717T120435635390Z,707,mask_fragment-n50000-w1024-m0500-s707
mask_fragment,58ced0e286dfa2b04542a7873472fb4400aeb830,late_mask_fragment,1024,408.6271999985911,51200000,0.5,25000,1,sha256:c31a5394c72fa4480e21e21f18941a529737407325437b881b853a480254b8dd,4,sha256:a1a3729d9f390a620266767844fa6068d47e31187a70393216c2e7df2a97695d,50000,20260717T120435635390Z,707,mask_fragment-n50000-w1024-m0500-s707
mask_fragment,58ced0e286dfa2b04542a7873472fb4400aeb830,late_mask_fragment,1024,410.0145999691449,51200000,0.5,25000,0,sha256:c31a5394c72fa4480e21e21f18941a529737407325437b881b853a480254b8dd,5,sha256:a1a3729d9f390a620266767844fa6068d47e31187a70393216c2e7df2a97695d,50000,20260717T120435635390Z,707,mask_fragment-n50000-w1024-m0500-s707
mask_fragment,58ced0e286dfa2b04542a7873472fb4400aeb830,early_mask_fragment,1024,599.676100013312,51200000,0.5,25000,1,sha256:1a43e0ddf8cc02438cc76d27ba1cce86da34109d2e43dcc8ed7c9d581b95b39d,5,sha256:a1a3729d9f390a620266767844fa6068d47e31187a70393216c2e7df2a97695d,50000,20260717T120435635390Z,707,mask_fragment-n50000-w1024-m0500-s707
mask_fragment,58ced0e286dfa2b04542a7873472fb4400aeb830,early_mask_fragment,1024,727.0629000267945,51200000,0.5,25000,0,sha256:1a43e0ddf8cc02438cc76d27ba1cce86da34109d2e43dcc8ed7c9d581b95b39d,6,sha256:a1a3729d9f390a620266767844fa6068d47e31187a70393216c2e7df2a97695d,50000,20260717T120435635390Z,707,mask_fragment-n50000-w1024-m0500-s707
mask_fragment,58ced0e286dfa2b04542a7873472fb4400aeb830,late_mask_fragment,1024,365.5947999795899,51200000,0.5,25000,1,sha256:c31a5394c72fa4480e21e21f18941a529737407325437b881b853a480254b8dd,6,sha256:a1a3729d9f390a620266767844fa6068d47e31187a70393216c2e7df2a97695d,50000,20260717T120435635390Z,707,mask_fragment-n50000-w1024-m0500-s707
mask_fragment,58ced0e286dfa2b04542a7873472fb4400aeb830,late_mask_fragment,1024,323.7801999785006,51200000,0.5,25000,0,sha256:c31a5394c72fa4480e21e21f18941a529737407325437b881b853a480254b8dd,7,sha256:a1a3729d9f390a620266767844fa6068d47e31187a70393216c2e7df2a97695d,50000,20260717T120435635390Z,707,mask_fragment-n50000-w1024-m0500-s707
mask_fragment,58ced0e286dfa2b04542a7873472fb4400aeb830,early_mask_fragment,1024,710.9191000345163,51200000,0.5,25000,1,sha256:1a43e0ddf8cc02438cc76d27ba1cce86da34109d2e43dcc8ed7c9d581b95b39d,7,sha256:a1a3729d9f390a620266767844fa6068d47e31187a70393216c2e7df2a97695d,50000,20260717T120435635390Z,707,mask_fragment-n50000-w1024-m0500-s707
mask_fragment,58ced0e286dfa2b04542a7873472fb4400aeb830,early_mask_fragment,1024,748.1930999783799,51200000,0.5,25000,0,sha256:1a43e0ddf8cc02438cc76d27ba1cce86da34109d2e43dcc8ed7c9d581b95b39d,8,sha256:a1a3729d9f390a620266767844fa6068d47e31187a70393216c2e7df2a97695d,50000,20260717T120435635390Z,707,mask_fragment-n50000-w1024-m0500-s707
mask_fragment,58ced0e286dfa2b04542a7873472fb4400aeb830,late_mask_fragment,1024,358.3369000116363,51200000,0.5,25000,1,sha256:c31a5394c72fa4480e21e21f18941a529737407325437b881b853a480254b8dd,8,sha256:a1a3729d9f390a620266767844fa6068d47e31187a70393216c2e7df2a97695d,50000,20260717T120435635390Z,707,mask_fragment-n50000-w1024-m0500-s707
mask_fragment,58ced0e286dfa2b04542a7873472fb4400aeb830,late_mask_fragment,1024,350.8208999992348,51200000,0.5,25000,0,sha256:c31a5394c72fa4480e21e21f18941a529737407325437b881b853a480254b8dd,9,sha256:a1a3729d9f390a620266767844fa6068d47e31187a70393216c2e7df2a97695d,50000,20260717T120435635390Z,707,mask_fragment-n50000-w1024-m0500-s707
mask_fragment,58ced0e286dfa2b04542a7873472fb4400aeb830,early_mask_fragment,1024,731.9678000058047,51200000,0.5,25000,1,sha256:1a43e0ddf8cc02438cc76d27ba1cce86da34109d2e43dcc8ed7c9d581b95b39d,9,sha256:a1a3729d9f390a620266767844fa6068d47e31187a70393216c2e7df2a97695d,50000,20260717T120435635390Z,707,mask_fragment-n50000-w1024-m0500-s707
mask_fragment,58ced0e286dfa2b04542a7873472fb4400aeb830,early_mask_fragment,1024,749.541400000453,51200000,0.5,25000,0,sha256:1a43e0ddf8cc02438cc76d27ba1cce86da34109d2e43dcc8ed7c9d581b95b39d,10,sha256:a1a3729d9f390a620266767844fa6068d47e31187a70393216c2e7df2a97695d,50000,20260717T120435635390Z,707,mask_fragment-n50000-w1024-m0500-s707
mask_fragment,58ced0e286dfa2b04542a7873472fb4400aeb830,late_mask_fragment,1024,318.9847000176087,51200000,0.5,25000,1,sha256:c31a5394c72fa4480e21e21f18941a529737407325437b881b853a480254b8dd,10,sha256:a1a3729d9f390a620266767844fa6068d47e31187a70393216c2e7df2a97695d,50000,20260717T120435635390Z,707,mask_fragment-n50000-w1024-m0500-s707
mask_fragment,58ced0e286dfa2b04542a7873472fb4400aeb830,late_mask_fragment,1024,406.11250000074506,51200000,0.5,25000,0,sha256:c31a5394c72fa4480e21e21f18941a529737407325437b881b853a480254b8dd,11,sha256:a1a3729d9f390a620266767844fa6068d47e31187a70393216c2e7df2a97695d,50000,20260717T120435635390Z,707,mask_fragment-n50000-w1024-m0500-s707
mask_fragment,58ced0e286dfa2b04542a7873472fb4400aeb830,early_mask_fragment,1024,734.3707000254653,51200000,0.5,25000,1,sha256:1a43e0ddf8cc02438cc76d27ba1cce86da34109d2e43dcc8ed7c9d581b95b39d,11,sha256:a1a3729d9f390a620266767844fa6068d47e31187a70393216c2e7df2a97695d,50000,20260717T120435635390Z,707,mask_fragment-n50000-w1024-m0500-s707
mask_fragment,58ced0e286dfa2b04542a7873472fb4400aeb830,early_mask_fragment,1024,657.4863999849185,51200000,0.5,25000,0,sha256:1a43e0ddf8cc02438cc76d27ba1cce86da34109d2e43dcc8ed7c9d581b95b39d,12,sha256:a1a3729d9f390a620266767844fa6068d47e31187a70393216c2e7df2a97695d,50000,20260717T120435635390Z,707,mask_fragment-n50000-w1024-m0500-s707
mask_fragment,58ced0e286dfa2b04542a7873472fb4400aeb830,late_mask_fragment,1024,347.84090000903234,51200000,0.5,25000,1,sha256:c31a5394c72fa4480e21e21f18941a529737407325437b881b853a480254b8dd,12,sha256:a1a3729d9f390a620266767844fa6068d47e31187a70393216c2e7df2a97695d,50000,20260717T120435635390Z,707,mask_fragment-n50000-w1024-m0500-s707
mask_fragment,58ced0e286dfa2b04542a7873472fb4400aeb830,late_mask_fragment,1024,328.7080000154674,51200000,0.5,25000,0,sha256:c31a5394c72fa4480e21e21f18941a529737407325437b881b853a480254b8dd,13,sha256:a1a3729d9f390a620266767844fa6068d47e31187a70393216c2e7df2a97695d,50000,20260717T120435635390Z,707,mask_fragment-n50000-w1024-m0500-s707
mask_fragment,58ced0e286dfa2b04542a7873472fb4400aeb830,early_mask_fragment,1024,778.6730999941938,51200000,0.5,25000,1,sha256:1a43e0ddf8cc02438cc76d27ba1cce86da34109d2e43dcc8ed7c9d581b95b39d,13,sha256:a1a3729d9f390a620266767844fa6068d47e31187a70393216c2e7df2a97695d,50000,20260717T120435635390Z,707,mask_fragment-n50000-w1024-m0500-s707
mask_fragment,58ced0e286dfa2b04542a7873472fb4400aeb830,early_mask_fragment,1024,944.7155000525527,51200000,0.5,25000,0,sha256:1a43e0ddf8cc02438cc76d27ba1cce86da34109d2e43dcc8ed7c9d581b95b39d,14,sha256:a1a3729d9f390a620266767844fa6068d47e31187a70393216c2e7df2a97695d,50000,20260717T120435635390Z,707,mask_fragment-n50000-w1024-m0500-s707
mask_fragment,58ced0e286dfa2b04542a7873472fb4400aeb830,late_mask_fragment,1024,575.9640999604017,51200000,0.5,25000,1,sha256:c31a5394c72fa4480e21e21f18941a529737407325437b881b853a480254b8dd,14,sha256:a1a3729d9f390a620266767844fa6068d47e31187a70393216c2e7df2a97695d,50000,20260717T120435635390Z,707,mask_fragment-n50000-w1024-m0500-s707
mask_fragment,58ced0e286dfa2b04542a7873472fb4400aeb830,early_mask_fragment,1024,789.952400024049,51200000,0.5,25000,0,sha256:1a43e0ddf8cc02438cc76d27ba1cce86da34109d2e43dcc8ed7c9d581b95b39d,0,sha256:9afba7bae4e52d5bf433bd1e91dde21fe426897f3c6b46920215aa69d86a9c78,50000,20260717T120435635390Z,808,mask_fragment-n50000-w1024-m0500-s808
mask_fragment,58ced0e286dfa2b04542a7873472fb4400aeb830,late_mask_fragment,1024,359.44410000229254,51200000,0.5,25000,1,sha256:c31a5394c72fa4480e21e21f18941a529737407325437b881b853a480254b8dd,0,sha256:9afba7bae4e52d5bf433bd1e91dde21fe426897f3c6b46920215aa69d86a9c78,50000,20260717T120435635390Z,808,mask_fragment-n50000-w1024-m0500-s808
mask_fragment,58ced0e286dfa2b04542a7873472fb4400aeb830,late_mask_fragment,1024,412.57169999880716,51200000,0.5,25000,0,sha256:c31a5394c72fa4480e21e21f18941a529737407325437b881b853a480254b8dd,1,sha256:9afba7bae4e52d5bf433bd1e91dde21fe426897f3c6b46920215aa69d86a9c78,50000,20260717T120435635390Z,808,mask_fragment-n50000-w1024-m0500-s808
mask_fragment,58ced0e286dfa2b04542a7873472fb4400aeb830,early_mask_fragment,1024,758.6000000010245,51200000,0.5,25000,1,sha256:1a43e0ddf8cc02438cc76d27ba1cce86da34109d2e43dcc8ed7c9d581b95b39d,1,sha256:9afba7bae4e52d5bf433bd1e91dde21fe426897f3c6b46920215aa69d86a9c78,50000,20260717T120435635390Z,808,mask_fragment-n50000-w1024-m0500-s808
mask_fragment,58ced0e286dfa2b04542a7873472fb4400aeb830,early_mask_fragment,1024,862.2905999654904,51200000,0.5,25000,0,sha256:1a43e0ddf8cc02438cc76d27ba1cce86da34109d2e43dcc8ed7c9d581b95b39d,2,sha256:9afba7bae4e52d5bf433bd1e91dde21fe426897f3c6b46920215aa69d86a9c78,50000,20260717T120435635390Z,808,mask_fragment-n50000-w1024-m0500-s808
mask_fragment,58ced0e286dfa2b04542a7873472fb4400aeb830,late_mask_fragment,1024,351.0742000071332,51200000,0.5,25000,1,sha256:c31a5394c72fa4480e21e21f18941a529737407325437b881b853a480254b8dd,2,sha256:9afba7bae4e52d5bf433bd1e91dde21fe426897f3c6b46920215aa69d86a9c78,50000,20260717T120435635390Z,808,mask_fragment-n50000-w1024-m0500-s808
mask_fragment,58ced0e286dfa2b04542a7873472fb4400aeb830,late_mask_fragment,1024,410.55249999044463,51200000,0.5,25000,0,sha256:c31a5394c72fa4480e21e21f18941a529737407325437b881b853a480254b8dd,3,sha256:9afba7bae4e52d5bf433bd1e91dde21fe426897f3c6b46920215aa69d86a9c78,50000,20260717T120435635390Z,808,mask_fragment-n50000-w1024-m0500-s808
mask_fragment,58ced0e286dfa2b04542a7873472fb4400aeb830,early_mask_fragment,1024,716.7964999680407,51200000,0.5,25000,1,sha256:1a43e0ddf8cc02438cc76d27ba1cce86da34109d2e43dcc8ed7c9d581b95b39d,3,sha256:9afba7bae4e52d5bf433bd1e91dde21fe426897f3c6b46920215aa69d86a9c78,50000,20260717T120435635390Z,808,mask_fragment-n50000-w1024-m0500-s808
mask_fragment,58ced0e286dfa2b04542a7873472fb4400aeb830,early_mask_fragment,1024,830.121600010898,51200000,0.5,25000,0,sha256:1a43e0ddf8cc02438cc76d27ba1cce86da34109d2e43dcc8ed7c9d581b95b39d,4,sha256:9afba7bae4e52d5bf433bd1e91dde21fe426897f3c6b46920215aa69d86a9c78,50000,20260717T120435635390Z,808,mask_fragment-n50000-w1024-m0500-s808
mask_fragment,58ced0e286dfa2b04542a7873472fb4400aeb830,late_mask_fragment,1024,427.3029000032693,51200000,0.5,25000,1,sha256:c31a5394c72fa4480e21e21f18941a529737407325437b881b853a480254b8dd,4,sha256:9afba7bae4e52d5bf433bd1e91dde21fe426897f3c6b46920215aa69d86a9c78,50000,20260717T120435635390Z,808,mask_fragment-n50000-w1024-m0500-s808
mask_fragment,58ced0e286dfa2b04542a7873472fb4400aeb830,late_mask_fragment,1024,377.60200002230704,51200000,0.5,25000,0,sha256:c31a5394c72fa4480e21e21f18941a529737407325437b881b853a480254b8dd,5,sha256:9afba7bae4e52d5bf433bd1e91dde21fe426897f3c6b46920215aa69d86a9c78,50000,20260717T120435635390Z,808,mask_fragment-n50000-w1024-m0500-s808
mask_fragment,58ced0e286dfa2b04542a7873472fb4400aeb830,early_mask_fragment,1024,804.4952999916859,51200000,0.5,25000,1,sha256:1a43e0ddf8cc02438cc76d27ba1cce86da34109d2e43dcc8ed7c9d581b95b39d,5,sha256:9afba7bae4e52d5bf433bd1e91dde21fe426897f3c6b46920215aa69d86a9c78,50000,20260717T120435635390Z,808,mask_fragment-n50000-w1024-m0500-s808
mask_fragment,58ced0e286dfa2b04542a7873472fb4400aeb830,early_mask_fragment,1024,740.5483000329696,51200000,0.5,25000,0,sha256:1a43e0ddf8cc02438cc76d27ba1cce86da34109d2e43dcc8ed7c9d581b95b39d,6,sha256:9afba7bae4e52d5bf433bd1e91dde21fe426897f3c6b46920215aa69d86a9c78,50000,20260717T120435635390Z,808,mask_fragment-n50000-w1024-m0500-s808
mask_fragment,58ced0e286dfa2b04542a7873472fb4400aeb830,late_mask_fragment,1024,366.187599953264,51200000,0.5,25000,1,sha256:c31a5394c72fa4480e21e21f18941a529737407325437b881b853a480254b8dd,6,sha256:9afba7bae4e52d5bf433bd1e91dde21fe426897f3c6b46920215aa69d86a9c78,50000,20260717T120435635390Z,808,mask_fragment-n50000-w1024-m0500-s808
mask_fragment,58ced0e286dfa2b04542a7873472fb4400aeb830,late_mask_fragment,1024,412.99469996010885,51200000,0.5,25000,0,sha256:c31a5394c72fa4480e21e21f18941a529737407325437b881b853a480254b8dd,7,sha256:9afba7bae4e52d5bf433bd1e91dde21fe426897f3c6b46920215aa69d86a9c78,50000,20260717T120435635390Z,808,mask_fragment-n50000-w1024-m0500-s808
mask_fragment,58ced0e286dfa2b04542a7873472fb4400aeb830,early_mask_fragment,1024,640.1256999815814,51200000,0.5,25000,1,sha256:1a43e0ddf8cc02438cc76d27ba1cce86da34109d2e43dcc8ed7c9d581b95b39d,7,sha256:9afba7bae4e52d5bf433bd1e91dde21fe426897f3c6b46920215aa69d86a9c78,50000,20260717T120435635390Z,808,mask_fragment-n50000-w1024-m0500-s808
mask_fragment,58ced0e286dfa2b04542a7873472fb4400aeb830,early_mask_fragment,1024,816.08459999552,51200000,0.5,25000,0,sha256:1a43e0ddf8cc02438cc76d27ba1cce86da34109d2e43dcc8ed7c9d581b95b39d,8,sha256:9afba7bae4e52d5bf433bd1e91dde21fe426897f3c6b46920215aa69d86a9c78,50000,20260717T120435635390Z,808,mask_fragment-n50000-w1024-m0500-s808
mask_fragment,58ced0e286dfa2b04542a7873472fb4400aeb830,late_mask_fragment,1024,348.03270001430064,51200000,0.5,25000,1,sha256:c31a5394c72fa4480e21e21f18941a529737407325437b881b853a480254b8dd,8,sha256:9afba7bae4e52d5bf433bd1e91dde21fe426897f3c6b46920215aa69d86a9c78,50000,20260717T120435635390Z,808,mask_fragment-n50000-w1024-m0500-s808
mask_fragment,58ced0e286dfa2b04542a7873472fb4400aeb830,late_mask_fragment,1024,331.6287000197917,51200000,0.5,25000,0,sha256:c31a5394c72fa4480e21e21f18941a529737407325437b881b853a480254b8dd,9,sha256:9afba7bae4e52d5bf433bd1e91dde21fe426897f3c6b46920215aa69d86a9c78,50000,20260717T120435635390Z,808,mask_fragment-n50000-w1024-m0500-s808
mask_fragment,58ced0e286dfa2b04542a7873472fb4400aeb830,early_mask_fragment,1024,792.2971000079997,51200000,0.5,25000,1,sha256:1a43e0ddf8cc02438cc76d27ba1cce86da34109d2e43dcc8ed7c9d581b95b39d,9,sha256:9afba7bae4e52d5bf433bd1e91dde21fe426897f3c6b46920215aa69d86a9c78,50000,20260717T120435635390Z,808,mask_fragment-n50000-w1024-m0500-s808
mask_fragment,58ced0e286dfa2b04542a7873472fb4400aeb830,early_mask_fragment,1024,1070.3574999934062,51200000,0.5,25000,0,sha256:1a43e0ddf8cc02438cc76d27ba1cce86da34109d2e43dcc8ed7c9d581b95b39d,10,sha256:9afba7bae4e52d5bf433bd1e91dde21fe426897f3c6b46920215aa69d86a9c78,50000,20260717T120435635390Z,808,mask_fragment-n50000-w1024-m0500-s808
mask_fragment,58ced0e286dfa2b04542a7873472fb4400aeb830,late_mask_fragment,1024,350.155399995856,51200000,0.5,25000,1,sha256:c31a5394c72fa4480e21e21f18941a529737407325437b881b853a480254b8dd,10,sha256:9afba7bae4e52d5bf433bd1e91dde21fe426897f3c6b46920215aa69d86a9c78,50000,20260717T120435635390Z,808,mask_fragment-n50000-w1024-m0500-s808
mask_fragment,58ced0e286dfa2b04542a7873472fb4400aeb830,late_mask_fragment,1024,366.7435999959707,51200000,0.5,25000,0,sha256:c31a5394c72fa4480e21e21f18941a529737407325437b881b853a480254b8dd,11,sha256:9afba7bae4e52d5bf433bd1e91dde21fe426897f3c6b46920215aa69d86a9c78,50000,20260717T120435635390Z,808,mask_fragment-n50000-w1024-m0500-s808
mask_fragment,58ced0e286dfa2b04542a7873472fb4400aeb830,early_mask_fragment,1024,789.3033999716863,51200000,0.5,25000,1,sha256:1a43e0ddf8cc02438cc76d27ba1cce86da34109d2e43dcc8ed7c9d581b95b39d,11,sha256:9afba7bae4e52d5bf433bd1e91dde21fe426897f3c6b46920215aa69d86a9c78,50000,20260717T120435635390Z,808,mask_fragment-n50000-w1024-m0500-s808
mask_fragment,58ced0e286dfa2b04542a7873472fb4400aeb830,early_mask_fragment,1024,825.8112999610603,51200000,0.5,25000,0,sha256:1a43e0ddf8cc02438cc76d27ba1cce86da34109d2e43dcc8ed7c9d581b95b39d,12,sha256:9afba7bae4e52d5bf433bd1e91dde21fe426897f3c6b46920215aa69d86a9c78,50000,20260717T120435635390Z,808,mask_fragment-n50000-w1024-m0500-s808
mask_fragment,58ced0e286dfa2b04542a7873472fb4400aeb830,late_mask_fragment,1024,473.59089995734394,51200000,0.5,25000,1,sha256:c31a5394c72fa4480e21e21f18941a529737407325437b881b853a480254b8dd,12,sha256:9afba7bae4e52d5bf433bd1e91dde21fe426897f3c6b46920215aa69d86a9c78,50000,20260717T120435635390Z,808,mask_fragment-n50000-w1024-m0500-s808
mask_fragment,58ced0e286dfa2b04542a7873472fb4400aeb830,late_mask_fragment,1024,425.65029999241233,51200000,0.5,25000,0,sha256:c31a5394c72fa4480e21e21f18941a529737407325437b881b853a480254b8dd,13,sha256:9afba7bae4e52d5bf433bd1e91dde21fe426897f3c6b46920215aa69d86a9c78,50000,20260717T120435635390Z,808,mask_fragment-n50000-w1024-m0500-s808
mask_fragment,58ced0e286dfa2b04542a7873472fb4400aeb830,early_mask_fragment,1024,871.1128999711946,51200000,0.5,25000,1,sha256:1a43e0ddf8cc02438cc76d27ba1cce86da34109d2e43dcc8ed7c9d581b95b39d,13,sha256:9afba7bae4e52d5bf433bd1e91dde21fe426897f3c6b46920215aa69d86a9c78,50000,20260717T120435635390Z,808,mask_fragment-n50000-w1024-m0500-s808
mask_fragment,58ced0e286dfa2b04542a7873472fb4400aeb830,early_mask_fragment,1024,862.7116000279784,51200000,0.5,25000,0,sha256:1a43e0ddf8cc02438cc76d27ba1cce86da34109d2e43dcc8ed7c9d581b95b39d,14,sha256:9afba7bae4e52d5bf433bd1e91dde21fe426897f3c6b46920215aa69d86a9c78,50000,20260717T120435635390Z,808,mask_fragment-n50000-w1024-m0500-s808
mask_fragment,58ced0e286dfa2b04542a7873472fb4400aeb830,late_mask_fragment,1024,407.7147000352852,51200000,0.5,25000,1,sha256:c31a5394c72fa4480e21e21f18941a529737407325437b881b853a480254b8dd,14,sha256:9afba7bae4e52d5bf433bd1e91dde21fe426897f3c6b46920215aa69d86a9c78,50000,20260717T120435635390Z,808,mask_fragment-n50000-w1024-m0500-s808
mask_fragment,58ced0e286dfa2b04542a7873472fb4400aeb830,early_mask_fragment,1024,920.0800000107847,51200000,0.5,25000,0,sha256:1a43e0ddf8cc02438cc76d27ba1cce86da34109d2e43dcc8ed7c9d581b95b39d,0,sha256:c1f5a3e8d20bd91028dc33c8a9f084c78ab71001f83f19568ab2d608fe155d2d,50000,20260717T120435635390Z,909,mask_fragment-n50000-w1024-m0500-s909
mask_fragment,58ced0e286dfa2b04542a7873472fb4400aeb830,late_mask_fragment,1024,492.73230001563206,51200000,0.5,25000,1,sha256:c31a5394c72fa4480e21e21f18941a529737407325437b881b853a480254b8dd,0,sha256:c1f5a3e8d20bd91028dc33c8a9f084c78ab71001f83f19568ab2d608fe155d2d,50000,20260717T120435635390Z,909,mask_fragment-n50000-w1024-m0500-s909
mask_fragment,58ced0e286dfa2b04542a7873472fb4400aeb830,late_mask_fragment,1024,450.7175000035204,51200000,0.5,25000,0,sha256:c31a5394c72fa4480e21e21f18941a529737407325437b881b853a480254b8dd,1,sha256:c1f5a3e8d20bd91028dc33c8a9f084c78ab71001f83f19568ab2d608fe155d2d,50000,20260717T120435635390Z,909,mask_fragment-n50000-w1024-m0500-s909
mask_fragment,58ced0e286dfa2b04542a7873472fb4400aeb830,early_mask_fragment,1024,1176.052000024356,51200000,0.5,25000,1,sha256:1a43e0ddf8cc02438cc76d27ba1cce86da34109d2e43dcc8ed7c9d581b95b39d,1,sha256:c1f5a3e8d20bd91028dc33c8a9f084c78ab71001f83f19568ab2d608fe155d2d,50000,20260717T120435635390Z,909,mask_fragment-n50000-w1024-m0500-s909
mask_fragment,58ced0e286dfa2b04542a7873472fb4400aeb830,early_mask_fragment,1024,883.1595999654382,51200000,0.5,25000,0,sha256:1a43e0ddf8cc02438cc76d27ba1cce86da34109d2e43dcc8ed7c9d581b95b39d,2,sha256:c1f5a3e8d20bd91028dc33c8a9f084c78ab71001f83f19568ab2d608fe155d2d,50000,20260717T120435635390Z,909,mask_fragment-n50000-w1024-m0500-s909
mask_fragment,58ced0e286dfa2b04542a7873472fb4400aeb830,late_mask_fragment,1024,475.1587000209838,51200000,0.5,25000,1,sha256:c31a5394c72fa4480e21e21f18941a529737407325437b881b853a480254b8dd,2,sha256:c1f5a3e8d20bd91028dc33c8a9f084c78ab71001f83f19568ab2d608fe155d2d,50000,20260717T120435635390Z,909,mask_fragment-n50000-w1024-m0500-s909
mask_fragment,58ced0e286dfa2b04542a7873472fb4400aeb830,late_mask_fragment,1024,422.80539998319,51200000,0.5,25000,0,sha256:c31a5394c72fa4480e21e21f18941a529737407325437b881b853a480254b8dd,3,sha256:c1f5a3e8d20bd91028dc33c8a9f084c78ab71001f83f19568ab2d608fe155d2d,50000,20260717T120435635390Z,909,mask_fragment-n50000-w1024-m0500-s909
mask_fragment,58ced0e286dfa2b04542a7873472fb4400aeb830,early_mask_fragment,1024,833.2007999997586,51200000,0.5,25000,1,sha256:1a43e0ddf8cc02438cc76d27ba1cce86da34109d2e43dcc8ed7c9d581b95b39d,3,sha256:c1f5a3e8d20bd91028dc33c8a9f084c78ab71001f83f19568ab2d608fe155d2d,50000,20260717T120435635390Z,909,mask_fragment-n50000-w1024-m0500-s909
mask_fragment,58ced0e286dfa2b04542a7873472fb4400aeb830,early_mask_fragment,1024,769.7389000095427,51200000,0.5,25000,0,sha256:1a43e0ddf8cc02438cc76d27ba1cce86da34109d2e43dcc8ed7c9d581b95b39d,4,sha256:c1f5a3e8d20bd91028dc33c8a9f084c78ab71001f83f19568ab2d608fe155d2d,50000,20260717T120435635390Z,909,mask_fragment-n50000-w1024-m0500-s909
mask_fragment,58ced0e286dfa2b04542a7873472fb4400aeb830,late_mask_fragment,1024,340.14980000210926,51200000,0.5,25000,1,sha256:c31a5394c72fa4480e21e21f18941a529737407325437b881b853a480254b8dd,4,sha256:c1f5a3e8d20bd91028dc33c8a9f084c78ab71001f83f19568ab2d608fe155d2d,50000,20260717T120435635390Z,909,mask_fragment-n50000-w1024-m0500-s909
mask_fragment,58ced0e286dfa2b04542a7873472fb4400aeb830,late_mask_fragment,1024,325.4282000125386,51200000,0.5,25000,0,sha256:c31a5394c72fa4480e21e21f18941a529737407325437b881b853a480254b8dd,5,sha256:c1f5a3e8d20bd91028dc33c8a9f084c78ab71001f83f19568ab2d608fe155d2d,50000,20260717T120435635390Z,909,mask_fragment-n50000-w1024-m0500-s909
mask_fragment,58ced0e286dfa2b04542a7873472fb4400aeb830,early_mask_fragment,1024,759.9365999922156,51200000,0.5,25000,1,sha256:1a43e0ddf8cc02438cc76d27ba1cce86da34109d2e43dcc8ed7c9d581b95b39d,5,sha256:c1f5a3e8d20bd91028dc33c8a9f084c78ab71001f83f19568ab2d608fe155d2d,50000,20260717T120435635390Z,909,mask_fragment-n50000-w1024-m0500-s909
mask_fragment,58ced0e286dfa2b04542a7873472fb4400aeb830,early_mask_fragment,1024,743.454199982807,51200000,0.5,25000,0,sha256:1a43e0ddf8cc02438cc76d27ba1cce86da34109d2e43dcc8ed7c9d581b95b39d,6,sha256:c1f5a3e8d20bd91028dc33c8a9f084c78ab71001f83f19568ab2d608fe155d2d,50000,20260717T120435635390Z,909,mask_fragment-n50000-w1024-m0500-s909
mask_fragment,58ced0e286dfa2b04542a7873472fb4400aeb830,late_mask_fragment,1024,336.96689998032525,51200000,0.5,25000,1,sha256:c31a5394c72fa4480e21e21f18941a529737407325437b881b853a480254b8dd,6,sha256:c1f5a3e8d20bd91028dc33c8a9f084c78ab71001f83f19568ab2d608fe155d2d,50000,20260717T120435635390Z,909,mask_fragment-n50000-w1024-m0500-s909
mask_fragment,58ced0e286dfa2b04542a7873472fb4400aeb830,late_mask_fragment,1024,360.66040000878274,51200000,0.5,25000,0,sha256:c31a5394c72fa4480e21e21f18941a529737407325437b881b853a480254b8dd,7,sha256:c1f5a3e8d20bd91028dc33c8a9f084c78ab71001f83f19568ab2d608fe155d2d,50000,20260717T120435635390Z,909,mask_fragment-n50000-w1024-m0500-s909
mask_fragment,58ced0e286dfa2b04542a7873472fb4400aeb830,early_mask_fragment,1024,728.433100041002,51200000,0.5,25000,1,sha256:1a43e0ddf8cc02438cc76d27ba1cce86da34109d2e43dcc8ed7c9d581b95b39d,7,sha256:c1f5a3e8d20bd91028dc33c8a9f084c78ab71001f83f19568ab2d608fe155d2d,50000,20260717T120435635390Z,909,mask_fragment-n50000-w1024-m0500-s909
mask_fragment,58ced0e286dfa2b04542a7873472fb4400aeb830,early_mask_fragment,1024,760.604000010062,51200000,0.5,25000,0,sha256:1a43e0ddf8cc02438cc76d27ba1cce86da34109d2e43dcc8ed7c9d581b95b39d,8,sha256:c1f5a3e8d20bd91028dc33c8a9f084c78ab71001f83f19568ab2d608fe155d2d,50000,20260717T120435635390Z,909,mask_fragment-n50000-w1024-m0500-s909
mask_fragment,58ced0e286dfa2b04542a7873472fb4400aeb830,late_mask_fragment,1024,347.12509997189045,51200000,0.5,25000,1,sha256:c31a5394c72fa4480e21e21f18941a529737407325437b881b853a480254b8dd,8,sha256:c1f5a3e8d20bd91028dc33c8a9f084c78ab71001f83f19568ab2d608fe155d2d,50000,20260717T120435635390Z,909,mask_fragment-n50000-w1024-m0500-s909
mask_fragment,58ced0e286dfa2b04542a7873472fb4400aeb830,late_mask_fragment,1024,361.3352999673225,51200000,0.5,25000,0,sha256:c31a5394c72fa4480e21e21f18941a529737407325437b881b853a480254b8dd,9,sha256:c1f5a3e8d20bd91028dc33c8a9f084c78ab71001f83f19568ab2d608fe155d2d,50000,20260717T120435635390Z,909,mask_fragment-n50000-w1024-m0500-s909
mask_fragment,58ced0e286dfa2b04542a7873472fb4400aeb830,early_mask_fragment,1024,728.7435000180267,51200000,0.5,25000,1,sha256:1a43e0ddf8cc02438cc76d27ba1cce86da34109d2e43dcc8ed7c9d581b95b39d,9,sha256:c1f5a3e8d20bd91028dc33c8a9f084c78ab71001f83f19568ab2d608fe155d2d,50000,20260717T120435635390Z,909,mask_fragment-n50000-w1024-m0500-s909
mask_fragment,58ced0e286dfa2b04542a7873472fb4400aeb830,early_mask_fragment,1024,885.9481000108644,51200000,0.5,25000,0,sha256:1a43e0ddf8cc02438cc76d27ba1cce86da34109d2e43dcc8ed7c9d581b95b39d,10,sha256:c1f5a3e8d20bd91028dc33c8a9f084c78ab71001f83f19568ab2d608fe155d2d,50000,20260717T120435635390Z,909,mask_fragment-n50000-w1024-m0500-s909
mask_fragment,58ced0e286dfa2b04542a7873472fb4400aeb830,late_mask_fragment,1024,340.04630002891645,51200000,0.5,25000,1,sha256:c31a5394c72fa4480e21e21f18941a529737407325437b881b853a480254b8dd,10,sha256:c1f5a3e8d20bd91028dc33c8a9f084c78ab71001f83f19568ab2d608fe155d2d,50000,20260717T120435635390Z,909,mask_fragment-n50000-w1024-m0500-s909
mask_fragment,58ced0e286dfa2b04542a7873472fb4400aeb830,late_mask_fragment,1024,443.3602999779396,51200000,0.5,25000,0,sha256:c31a5394c72fa4480e21e21f18941a529737407325437b881b853a480254b8dd,11,sha256:c1f5a3e8d20bd91028dc33c8a9f084c78ab71001f83f19568ab2d608fe155d2d,50000,20260717T120435635390Z,909,mask_fragment-n50000-w1024-m0500-s909
mask_fragment,58ced0e286dfa2b04542a7873472fb4400aeb830,early_mask_fragment,1024,916.1875999998301,51200000,0.5,25000,1,sha256:1a43e0ddf8cc02438cc76d27ba1cce86da34109d2e43dcc8ed7c9d581b95b39d,11,sha256:c1f5a3e8d20bd91028dc33c8a9f084c78ab71001f83f19568ab2d608fe155d2d,50000,20260717T120435635390Z,909,mask_fragment-n50000-w1024-m0500-s909
mask_fragment,58ced0e286dfa2b04542a7873472fb4400aeb830,early_mask_fragment,1024,1007.4454999994487,51200000,0.5,25000,0,sha256:1a43e0ddf8cc02438cc76d27ba1cce86da34109d2e43dcc8ed7c9d581b95b39d,12,sha256:c1f5a3e8d20bd91028dc33c8a9f084c78ab71001f83f19568ab2d608fe155d2d,50000,20260717T120435635390Z,909,mask_fragment-n50000-w1024-m0500-s909
mask_fragment,58ced0e286dfa2b04542a7873472fb4400aeb830,late_mask_fragment,1024,470.1150000328198,51200000,0.5,25000,1,sha256:c31a5394c72fa4480e21e21f18941a529737407325437b881b853a480254b8dd,12,sha256:c1f5a3e8d20bd91028dc33c8a9f084c78ab71001f83f19568ab2d608fe155d2d,50000,20260717T120435635390Z,909,mask_fragment-n50000-w1024-m0500-s909
mask_fragment,58ced0e286dfa2b04542a7873472fb4400aeb830,late_mask_fragment,1024,499.1912999539636,51200000,0.5,25000,0,sha256:c31a5394c72fa4480e21e21f18941a529737407325437b881b853a480254b8dd,13,sha256:c1f5a3e8d20bd91028dc33c8a9f084c78ab71001f83f19568ab2d608fe155d2d,50000,20260717T120435635390Z,909,mask_fragment-n50000-w1024-m0500-s909
mask_fragment,58ced0e286dfa2b04542a7873472fb4400aeb830,early_mask_fragment,1024,850.0454000313766,51200000,0.5,25000,1,sha256:1a43e0ddf8cc02438cc76d27ba1cce86da34109d2e43dcc8ed7c9d581b95b39d,13,sha256:c1f5a3e8d20bd91028dc33c8a9f084c78ab71001f83f19568ab2d608fe155d2d,50000,20260717T120435635390Z,909,mask_fragment-n50000-w1024-m0500-s909
mask_fragment,58ced0e286dfa2b04542a7873472fb4400aeb830,early_mask_fragment,1024,672.6096000056714,51200000,0.5,25000,0,sha256:1a43e0ddf8cc02438cc76d27ba1cce86da34109d2e43dcc8ed7c9d581b95b39d,14,sha256:c1f5a3e8d20bd91028dc33c8a9f084c78ab71001f83f19568ab2d608fe155d2d,50000,20260717T120435635390Z,909,mask_fragment-n50000-w1024-m0500-s909
mask_fragment,58ced0e286dfa2b04542a7873472fb4400aeb830,late_mask_fragment,1024,390.0736000505276,51200000,0.5,25000,1,sha256:c31a5394c72fa4480e21e21f18941a529737407325437b881b853a480254b8dd,14,sha256:c1f5a3e8d20bd91028dc33c8a9f084c78ab71001f83f19568ab2d608fe155d2d,50000,20260717T120435635390Z,909,mask_fragment-n50000-w1024-m0500-s909
mask_fragment,58ced0e286dfa2b04542a7873472fb4400aeb830,late_mask_fragment,1024,710.7991999946535,51200000,1.0,50000,0,sha256:6520d056e696ffac14dc135144255adbe9a9d7bbb5ae889b1b0e266e1ada2e57,0,sha256:7b3930d6faa7414f343e6123491622a9eaf37e3c67e4a4a53310ce61a283d886,50000,20260717T120435635390Z,707,mask_fragment-n50000-w1024-m1000-s707
mask_fragment,58ced0e286dfa2b04542a7873472fb4400aeb830,early_mask_fragment,1024,858.9902999810874,51200000,1.0,50000,1,sha256:1a43e0ddf8cc02438cc76d27ba1cce86da34109d2e43dcc8ed7c9d581b95b39d,0,sha256:7b3930d6faa7414f343e6123491622a9eaf37e3c67e4a4a53310ce61a283d886,50000,20260717T120435635390Z,707,mask_fragment-n50000-w1024-m1000-s707
mask_fragment,58ced0e286dfa2b04542a7873472fb4400aeb830,early_mask_fragment,1024,859.5777000300586,51200000,1.0,50000,0,sha256:1a43e0ddf8cc02438cc76d27ba1cce86da34109d2e43dcc8ed7c9d581b95b39d,1,sha256:7b3930d6faa7414f343e6123491622a9eaf37e3c67e4a4a53310ce61a283d886,50000,20260717T120435635390Z,707,mask_fragment-n50000-w1024-m1000-s707
mask_fragment,58ced0e286dfa2b04542a7873472fb4400aeb830,late_mask_fragment,1024,823.3260000124574,51200000,1.0,50000,1,sha256:6520d056e696ffac14dc135144255adbe9a9d7bbb5ae889b1b0e266e1ada2e57,1,sha256:7b3930d6faa7414f343e6123491622a9eaf37e3c67e4a4a53310ce61a283d886,50000,20260717T120435635390Z,707,mask_fragment-n50000-w1024-m1000-s707
mask_fragment,58ced0e286dfa2b04542a7873472fb4400aeb830,late_mask_fragment,1024,781.9339000270702,51200000,1.0,50000,0,sha256:6520d056e696ffac14dc135144255adbe9a9d7bbb5ae889b1b0e266e1ada2e57,2,sha256:7b3930d6faa7414f343e6123491622a9eaf37e3c67e4a4a53310ce61a283d886,50000,20260717T120435635390Z,707,mask_fragment-n50000-w1024-m1000-s707
mask_fragment,58ced0e286dfa2b04542a7873472fb4400aeb830,early_mask_fragment,1024,799.5462999679148,51200000,1.0,50000,1,sha256:1a43e0ddf8cc02438cc76d27ba1cce86da34109d2e43dcc8ed7c9d581b95b39d,2,sha256:7b3930d6faa7414f343e6123491622a9eaf37e3c67e4a4a53310ce61a283d886,50000,20260717T120435635390Z,707,mask_fragment-n50000-w1024-m1000-s707
mask_fragment,58ced0e286dfa2b04542a7873472fb4400aeb830,early_mask_fragment,1024,734.1948000248522,51200000,1.0,50000,0,sha256:1a43e0ddf8cc02438cc76d27ba1cce86da34109d2e43dcc8ed7c9d581b95b39d,3,sha256:7b3930d6faa7414f343e6123491622a9eaf37e3c67e4a4a53310ce61a283d886,50000,20260717T120435635390Z,707,mask_fragment-n50000-w1024-m1000-s707
mask_fragment,58ced0e286dfa2b04542a7873472fb4400aeb830,late_mask_fragment,1024,789.1041999682784,51200000,1.0,50000,1,sha256:6520d056e696ffac14dc135144255adbe9a9d7bbb5ae889b1b0e266e1ada2e57,3,sha256:7b3930d6faa7414f343e6123491622a9eaf37e3c67e4a4a53310ce61a283d886,50000,20260717T120435635390Z,707,mask_fragment-n50000-w1024-m1000-s707
mask_fragment,58ced0e286dfa2b04542a7873472fb4400aeb830,late_mask_fragment,1024,859.8142000264488,51200000,1.0,50000,0,sha256:6520d056e696ffac14dc135144255adbe9a9d7bbb5ae889b1b0e266e1ada2e57,4,sha256:7b3930d6faa7414f343e6123491622a9eaf37e3c67e4a4a53310ce61a283d886,50000,20260717T120435635390Z,707,mask_fragment-n50000-w1024-m1000-s707
mask_fragment,58ced0e286dfa2b04542a7873472fb4400aeb830,early_mask_fragment,1024,844.8159000254236,51200000,1.0,50000,1,sha256:1a43e0ddf8cc02438cc76d27ba1cce86da34109d2e43dcc8ed7c9d581b95b39d,4,sha256:7b3930d6faa7414f343e6123491622a9eaf37e3c67e4a4a53310ce61a283d886,50000,20260717T120435635390Z,707,mask_fragment-n50000-w1024-m1000-s707
mask_fragment,58ced0e286dfa2b04542a7873472fb4400aeb830,early_mask_fragment,1024,1051.2673000339419,51200000,1.0,50000,0,sha256:1a43e0ddf8cc02438cc76d27ba1cce86da34109d2e43dcc8ed7c9d581b95b39d,5,sha256:7b3930d6faa7414f343e6123491622a9eaf37e3c67e4a4a53310ce61a283d886,50000,20260717T120435635390Z,707,mask_fragment-n50000-w1024-m1000-s707
mask_fragment,58ced0e286dfa2b04542a7873472fb4400aeb830,late_mask_fragment,1024,1406.7403000080958,51200000,1.0,50000,1,sha256:6520d056e696ffac14dc135144255adbe9a9d7bbb5ae889b1b0e266e1ada2e57,5,sha256:7b3930d6faa7414f343e6123491622a9eaf37e3c67e4a4a53310ce61a283d886,50000,20260717T120435635390Z,707,mask_fragment-n50000-w1024-m1000-s707
mask_fragment,58ced0e286dfa2b04542a7873472fb4400aeb830,late_mask_fragment,1024,1182.5441000401042,51200000,1.0,50000,0,sha256:6520d056e696ffac14dc135144255adbe9a9d7bbb5ae889b1b0e266e1ada2e57,6,sha256:7b3930d6faa7414f343e6123491622a9eaf37e3c67e4a4a53310ce61a283d886,50000,20260717T120435635390Z,707,mask_fragment-n50000-w1024-m1000-s707
mask_fragment,58ced0e286dfa2b04542a7873472fb4400aeb830,early_mask_fragment,1024,927.1119000040926,51200000,1.0,50000,1,sha256:1a43e0ddf8cc02438cc76d27ba1cce86da34109d2e43dcc8ed7c9d581b95b39d,6,sha256:7b3930d6faa7414f343e6123491622a9eaf37e3c67e4a4a53310ce61a283d886,50000,20260717T120435635390Z,707,mask_fragment-n50000-w1024-m1000-s707
mask_fragment,58ced0e286dfa2b04542a7873472fb4400aeb830,early_mask_fragment,1024,813.5802999604493,51200000,1.0,50000,0,sha256:1a43e0ddf8cc02438cc76d27ba1cce86da34109d2e43dcc8ed7c9d581b95b39d,7,sha256:7b3930d6faa7414f343e6123491622a9eaf37e3c67e4a4a53310ce61a283d886,50000,20260717T120435635390Z,707,mask_fragment-n50000-w1024-m1000-s707
mask_fragment,58ced0e286dfa2b04542a7873472fb4400aeb830,late_mask_fragment,1024,847.4108000518754,51200000,1.0,50000,1,sha256:6520d056e696ffac14dc135144255adbe9a9d7bbb5ae889b1b0e266e1ada2e57,7,sha256:7b3930d6faa7414f343e6123491622a9eaf37e3c67e4a4a53310ce61a283d886,50000,20260717T120435635390Z,707,mask_fragment-n50000-w1024-m1000-s707
mask_fragment,58ced0e286dfa2b04542a7873472fb4400aeb830,late_mask_fragment,1024,979.5248999726027,51200000,1.0,50000,0,sha256:6520d056e696ffac14dc135144255adbe9a9d7bbb5ae889b1b0e266e1ada2e57,8,sha256:7b3930d6faa7414f343e6123491622a9eaf37e3c67e4a4a53310ce61a283d886,50000,20260717T120435635390Z,707,mask_fragment-n50000-w1024-m1000-s707
mask_fragment,58ced0e286dfa2b04542a7873472fb4400aeb830,early_mask_fragment,1024,1120.3789000282995,51200000,1.0,50000,1,sha256:1a43e0ddf8cc02438cc76d27ba1cce86da34109d2e43dcc8ed7c9d581b95b39d,8,sha256:7b3930d6faa7414f343e6123491622a9eaf37e3c67e4a4a53310ce61a283d886,50000,20260717T120435635390Z,707,mask_fragment-n50000-w1024-m1000-s707
mask_fragment,58ced0e286dfa2b04542a7873472fb4400aeb830,early_mask_fragment,1024,936.5491000353359,51200000,1.0,50000,0,sha256:1a43e0ddf8cc02438cc76d27ba1cce86da34109d2e43dcc8ed7c9d581b95b39d,9,sha256:7b3930d6faa7414f343e6123491622a9eaf37e3c67e4a4a53310ce61a283d886,50000,20260717T120435635390Z,707,mask_fragment-n50000-w1024-m1000-s707
mask_fragment,58ced0e286dfa2b04542a7873472fb4400aeb830,late_mask_fragment,1024,1083.3159000030719,51200000,1.0,50000,1,sha256:6520d056e696ffac14dc135144255adbe9a9d7bbb5ae889b1b0e266e1ada2e57,9,sha256:7b3930d6faa7414f343e6123491622a9eaf37e3c67e4a4a53310ce61a283d886,50000,20260717T120435635390Z,707,mask_fragment-n50000-w1024-m1000-s707
mask_fragment,58ced0e286dfa2b04542a7873472fb4400aeb830,late_mask_fragment,1024,848.4071999555454,51200000,1.0,50000,0,sha256:6520d056e696ffac14dc135144255adbe9a9d7bbb5ae889b1b0e266e1ada2e57,10,sha256:7b3930d6faa7414f343e6123491622a9eaf37e3c67e4a4a53310ce61a283d886,50000,20260717T120435635390Z,707,mask_fragment-n50000-w1024-m1000-s707
mask_fragment,58ced0e286dfa2b04542a7873472fb4400aeb830,early_mask_fragment,1024,915.7461000140756,51200000,1.0,50000,1,sha256:1a43e0ddf8cc02438cc76d27ba1cce86da34109d2e43dcc8ed7c9d581b95b39d,10,sha256:7b3930d6faa7414f343e6123491622a9eaf37e3c67e4a4a53310ce61a283d886,50000,20260717T120435635390Z,707,mask_fragment-n50000-w1024-m1000-s707
mask_fragment,58ced0e286dfa2b04542a7873472fb4400aeb830,early_mask_fragment,1024,934.281199995894,51200000,1.0,50000,0,sha256:1a43e0ddf8cc02438cc76d27ba1cce86da34109d2e43dcc8ed7c9d581b95b39d,11,sha256:7b3930d6faa7414f343e6123491622a9eaf37e3c67e4a4a53310ce61a283d886,50000,20260717T120435635390Z,707,mask_fragment-n50000-w1024-m1000-s707
mask_fragment,58ced0e286dfa2b04542a7873472fb4400aeb830,late_mask_fragment,1024,968.4032000368461,51200000,1.0,50000,1,sha256:6520d056e696ffac14dc135144255adbe9a9d7bbb5ae889b1b0e266e1ada2e57,11,sha256:7b3930d6faa7414f343e6123491622a9eaf37e3c67e4a4a53310ce61a283d886,50000,20260717T120435635390Z,707,mask_fragment-n50000-w1024-m1000-s707
mask_fragment,58ced0e286dfa2b04542a7873472fb4400aeb830,late_mask_fragment,1024,984.9458000389859,51200000,1.0,50000,0,sha256:6520d056e696ffac14dc135144255adbe9a9d7bbb5ae889b1b0e266e1ada2e57,12,sha256:7b3930d6faa7414f343e6123491622a9eaf37e3c67e4a4a53310ce61a283d886,50000,20260717T120435635390Z,707,mask_fragment-n50000-w1024-m1000-s707
mask_fragment,58ced0e286dfa2b04542a7873472fb4400aeb830,early_mask_fragment,1024,957.9342000070028,51200000,1.0,50000,1,sha256:1a43e0ddf8cc02438cc76d27ba1cce86da34109d2e43dcc8ed7c9d581b95b39d,12,sha256:7b3930d6faa7414f343e6123491622a9eaf37e3c67e4a4a53310ce61a283d886,50000,20260717T120435635390Z,707,mask_fragment-n50000-w1024-m1000-s707
mask_fragment,58ced0e286dfa2b04542a7873472fb4400aeb830,early_mask_fragment,1024,988.1763000157662,51200000,1.0,50000,0,sha256:1a43e0ddf8cc02438cc76d27ba1cce86da34109d2e43dcc8ed7c9d581b95b39d,13,sha256:7b3930d6faa7414f343e6123491622a9eaf37e3c67e4a4a53310ce61a283d886,50000,20260717T120435635390Z,707,mask_fragment-n50000-w1024-m1000-s707
mask_fragment,58ced0e286dfa2b04542a7873472fb4400aeb830,late_mask_fragment,1024,889.5467999973334,51200000,1.0,50000,1,sha256:6520d056e696ffac14dc135144255adbe9a9d7bbb5ae889b1b0e266e1ada2e57,13,sha256:7b3930d6faa7414f343e6123491622a9eaf37e3c67e4a4a53310ce61a283d886,50000,20260717T120435635390Z,707,mask_fragment-n50000-w1024-m1000-s707
mask_fragment,58ced0e286dfa2b04542a7873472fb4400aeb830,late_mask_fragment,1024,965.7562999636866,51200000,1.0,50000,0,sha256:6520d056e696ffac14dc135144255adbe9a9d7bbb5ae889b1b0e266e1ada2e57,14,sha256:7b3930d6faa7414f343e6123491622a9eaf37e3c67e4a4a53310ce61a283d886,50000,20260717T120435635390Z,707,mask_fragment-n50000-w1024-m1000-s707
mask_fragment,58ced0e286dfa2b04542a7873472fb4400aeb830,early_mask_fragment,1024,810.8703999896534,51200000,1.0,50000,1,sha256:1a43e0ddf8cc02438cc76d27ba1cce86da34109d2e43dcc8ed7c9d581b95b39d,14,sha256:7b3930d6faa7414f343e6123491622a9eaf37e3c67e4a4a53310ce61a283d886,50000,20260717T120435635390Z,707,mask_fragment-n50000-w1024-m1000-s707
mask_fragment,58ced0e286dfa2b04542a7873472fb4400aeb830,early_mask_fragment,1024,920.8405000390485,51200000,1.0,50000,0,sha256:1a43e0ddf8cc02438cc76d27ba1cce86da34109d2e43dcc8ed7c9d581b95b39d,0,sha256:032530268ff832df0b6db9f8514e22c0589a65c7968cb42be6fc57f58feaf0c5,50000,20260717T120435635390Z,808,mask_fragment-n50000-w1024-m1000-s808
mask_fragment,58ced0e286dfa2b04542a7873472fb4400aeb830,late_mask_fragment,1024,842.7338000037707,51200000,1.0,50000,1,sha256:6520d056e696ffac14dc135144255adbe9a9d7bbb5ae889b1b0e266e1ada2e57,0,sha256:032530268ff832df0b6db9f8514e22c0589a65c7968cb42be6fc57f58feaf0c5,50000,20260717T120435635390Z,808,mask_fragment-n50000-w1024-m1000-s808
mask_fragment,58ced0e286dfa2b04542a7873472fb4400aeb830,late_mask_fragment,1024,883.8782999664545,51200000,1.0,50000,0,sha256:6520d056e696ffac14dc135144255adbe9a9d7bbb5ae889b1b0e266e1ada2e57,1,sha256:032530268ff832df0b6db9f8514e22c0589a65c7968cb42be6fc57f58feaf0c5,50000,20260717T120435635390Z,808,mask_fragment-n50000-w1024-m1000-s808
mask_fragment,58ced0e286dfa2b04542a7873472fb4400aeb830,early_mask_fragment,1024,873.3077999786474,51200000,1.0,50000,1,sha256:1a43e0ddf8cc02438cc76d27ba1cce86da34109d2e43dcc8ed7c9d581b95b39d,1,sha256:032530268ff832df0b6db9f8514e22c0589a65c7968cb42be6fc57f58feaf0c5,50000,20260717T120435635390Z,808,mask_fragment-n50000-w1024-m1000-s808
mask_fragment,58ced0e286dfa2b04542a7873472fb4400aeb830,early_mask_fragment,1024,911.2472999840975,51200000,1.0,50000,0,sha256:1a43e0ddf8cc02438cc76d27ba1cce86da34109d2e43dcc8ed7c9d581b95b39d,2,sha256:032530268ff832df0b6db9f8514e22c0589a65c7968cb42be6fc57f58feaf0c5,50000,20260717T120435635390Z,808,mask_fragment-n50000-w1024-m1000-s808
mask_fragment,58ced0e286dfa2b04542a7873472fb4400aeb830,late_mask_fragment,1024,979.4646999798715,51200000,1.0,50000,1,sha256:6520d056e696ffac14dc135144255adbe9a9d7bbb5ae889b1b0e266e1ada2e57,2,sha256:032530268ff832df0b6db9f8514e22c0589a65c7968cb42be6fc57f58feaf0c5,50000,20260717T120435635390Z,808,mask_fragment-n50000-w1024-m1000-s808
mask_fragment,58ced0e286dfa2b04542a7873472fb4400aeb830,late_mask_fragment,1024,971.6713999514468,51200000,1.0,50000,0,sha256:6520d056e696ffac14dc135144255adbe9a9d7bbb5ae889b1b0e266e1ada2e57,3,sha256:032530268ff832df0b6db9f8514e22c0589a65c7968cb42be6fc57f58feaf0c5,50000,20260717T120435635390Z,808,mask_fragment-n50000-w1024-m1000-s808
mask_fragment,58ced0e286dfa2b04542a7873472fb4400aeb830,early_mask_fragment,1024,938.0961999995634,51200000,1.0,50000,1,sha256:1a43e0ddf8cc02438cc76d27ba1cce86da34109d2e43dcc8ed7c9d581b95b39d,3,sha256:032530268ff832df0b6db9f8514e22c0589a65c7968cb42be6fc57f58feaf0c5,50000,20260717T120435635390Z,808,mask_fragment-n50000-w1024-m1000-s808
mask_fragment,58ced0e286dfa2b04542a7873472fb4400aeb830,early_mask_fragment,1024,948.1661000172608,51200000,1.0,50000,0,sha256:1a43e0ddf8cc02438cc76d27ba1cce86da34109d2e43dcc8ed7c9d581b95b39d,4,sha256:032530268ff832df0b6db9f8514e22c0589a65c7968cb42be6fc57f58feaf0c5,50000,20260717T120435635390Z,808,mask_fragment-n50000-w1024-m1000-s808
mask_fragment,58ced0e286dfa2b04542a7873472fb4400aeb830,late_mask_fragment,1024,953.5086000105366,51200000,1.0,50000,1,sha256:6520d056e696ffac14dc135144255adbe9a9d7bbb5ae889b1b0e266e1ada2e57,4,sha256:032530268ff832df0b6db9f8514e22c0589a65c7968cb42be6fc57f58feaf0c5,50000,20260717T120435635390Z,808,mask_fragment-n50000-w1024-m1000-s808
mask_fragment,58ced0e286dfa2b04542a7873472fb4400aeb830,late_mask_fragment,1024,939.851599978283,51200000,1.0,50000,0,sha256:6520d056e696ffac14dc135144255adbe9a9d7bbb5ae889b1b0e266e1ada2e57,5,sha256:032530268ff832df0b6db9f8514e22c0589a65c7968cb42be6fc57f58feaf0c5,50000,20260717T120435635390Z,808,mask_fragment-n50000-w1024-m1000-s808
mask_fragment,58ced0e286dfa2b04542a7873472fb4400aeb830,early_mask_fragment,1024,1059.98710001586,51200000,1.0,50000,1,sha256:1a43e0ddf8cc02438cc76d27ba1cce86da34109d2e43dcc8ed7c9d581b95b39d,5,sha256:032530268ff832df0b6db9f8514e22c0589a65c7968cb42be6fc57f58feaf0c5,50000,20260717T120435635390Z,808,mask_fragment-n50000-w1024-m1000-s808
mask_fragment,58ced0e286dfa2b04542a7873472fb4400aeb830,early_mask_fragment,1024,1374.1625999682583,51200000,1.0,50000,0,sha256:1a43e0ddf8cc02438cc76d27ba1cce86da34109d2e43dcc8ed7c9d581b95b39d,6,sha256:032530268ff832df0b6db9f8514e22c0589a65c7968cb42be6fc57f58feaf0c5,50000,20260717T120435635390Z,808,mask_fragment-n50000-w1024-m1000-s808
mask_fragment,58ced0e286dfa2b04542a7873472fb4400aeb830,late_mask_fragment,1024,1093.4155999566428,51200000,1.0,50000,1,sha256:6520d056e696ffac14dc135144255adbe9a9d7bbb5ae889b1b0e266e1ada2e57,6,sha256:032530268ff832df0b6db9f8514e22c0589a65c7968cb42be6fc57f58feaf0c5,50000,20260717T120435635390Z,808,mask_fragment-n50000-w1024-m1000-s808
mask_fragment,58ced0e286dfa2b04542a7873472fb4400aeb830,late_mask_fragment,1024,881.4056999981403,51200000,1.0,50000,0,sha256:6520d056e696ffac14dc135144255adbe9a9d7bbb5ae889b1b0e266e1ada2e57,7,sha256:032530268ff832df0b6db9f8514e22c0589a65c7968cb42be6fc57f58feaf0c5,50000,20260717T120435635390Z,808,mask_fragment-n50000-w1024-m1000-s808
mask_fragment,58ced0e286dfa2b04542a7873472fb4400aeb830,early_mask_fragment,1024,774.8264000401832,51200000,1.0,50000,1,sha256:1a43e0ddf8cc02438cc76d27ba1cce86da34109d2e43dcc8ed7c9d581b95b39d,7,sha256:032530268ff832df0b6db9f8514e22c0589a65c7968cb42be6fc57f58feaf0c5,50000,20260717T120435635390Z,808,mask_fragment-n50000-w1024-m1000-s808
mask_fragment,58ced0e286dfa2b04542a7873472fb4400aeb830,early_mask_fragment,1024,1017.0487000141293,51200000,1.0,50000,0,sha256:1a43e0ddf8cc02438cc76d27ba1cce86da34109d2e43dcc8ed7c9d581b95b39d,8,sha256:032530268ff832df0b6db9f8514e22c0589a65c7968cb42be6fc57f58feaf0c5,50000,20260717T120435635390Z,808,mask_fragment-n50000-w1024-m1000-s808
mask_fragment,58ced0e286dfa2b04542a7873472fb4400aeb830,late_mask_fragment,1024,836.0113000380807,51200000,1.0,50000,1,sha256:6520d056e696ffac14dc135144255adbe9a9d7bbb5ae889b1b0e266e1ada2e57,8,sha256:032530268ff832df0b6db9f8514e22c0589a65c7968cb42be6fc57f58feaf0c5,50000,20260717T120435635390Z,808,mask_fragment-n50000-w1024-m1000-s808
mask_fragment,58ced0e286dfa2b04542a7873472fb4400aeb830,late_mask_fragment,1024,986.5288999862969,51200000,1.0,50000,0,sha256:6520d056e696ffac14dc135144255adbe9a9d7bbb5ae889b1b0e266e1ada2e57,9,sha256:032530268ff832df0b6db9f8514e22c0589a65c7968cb42be6fc57f58feaf0c5,50000,20260717T120435635390Z,808,mask_fragment-n50000-w1024-m1000-s808
mask_fragment,58ced0e286dfa2b04542a7873472fb4400aeb830,early_mask_fragment,1024,1018.2396000018343,51200000,1.0,50000,1,sha256:1a43e0ddf8cc02438cc76d27ba1cce86da34109d2e43dcc8ed7c9d581b95b39d,9,sha256:032530268ff832df0b6db9f8514e22c0589a65c7968cb42be6fc57f58feaf0c5,50000,20260717T120435635390Z,808,mask_fragment-n50000-w1024-m1000-s808
mask_fragment,58ced0e286dfa2b04542a7873472fb4400aeb830,early_mask_fragment,1024,901.5872000018135,51200000,1.0,50000,0,sha256:1a43e0ddf8cc02438cc76d27ba1cce86da34109d2e43dcc8ed7c9d581b95b39d,10,sha256:032530268ff832df0b6db9f8514e22c0589a65c7968cb42be6fc57f58feaf0c5,50000,20260717T120435635390Z,808,mask_fragment-n50000-w1024-m1000-s808
mask_fragment,58ced0e286dfa2b04542a7873472fb4400aeb830,late_mask_fragment,1024,861.108899989631,51200000,1.0,50000,1,sha256:6520d056e696ffac14dc135144255adbe9a9d7bbb5ae889b1b0e266e1ada2e57,10,sha256:032530268ff832df0b6db9f8514e22c0589a65c7968cb42be6fc57f58feaf0c5,50000,20260717T120435635390Z,808,mask_fragment-n50000-w1024-m1000-s808
mask_fragment,58ced0e286dfa2b04542a7873472fb4400aeb830,late_mask_fragment,1024,928.2006000285037,51200000,1.0,50000,0,sha256:6520d056e696ffac14dc135144255adbe9a9d7bbb5ae889b1b0e266e1ada2e57,11,sha256:032530268ff832df0b6db9f8514e22c0589a65c7968cb42be6fc57f58feaf0c5,50000,20260717T120435635390Z,808,mask_fragment-n50000-w1024-m1000-s808
mask_fragment,58ced0e286dfa2b04542a7873472fb4400aeb830,early_mask_fragment,1024,942.4228999996558,51200000,1.0,50000,1,sha256:1a43e0ddf8cc02438cc76d27ba1cce86da34109d2e43dcc8ed7c9d581b95b39d,11,sha256:032530268ff832df0b6db9f8514e22c0589a65c7968cb42be6fc57f58feaf0c5,50000,20260717T120435635390Z,808,mask_fragment-n50000-w1024-m1000-s808
mask_fragment,58ced0e286dfa2b04542a7873472fb4400aeb830,early_mask_fragment,1024,760.9758999897167,51200000,1.0,50000,0,sha256:1a43e0ddf8cc02438cc76d27ba1cce86da34109d2e43dcc8ed7c9d581b95b39d,12,sha256:032530268ff832df0b6db9f8514e22c0589a65c7968cb42be6fc57f58feaf0c5,50000,20260717T120435635390Z,808,mask_fragment-n50000-w1024-m1000-s808
mask_fragment,58ced0e286dfa2b04542a7873472fb4400aeb830,late_mask_fragment,1024,776.344700017944,51200000,1.0,50000,1,sha256:6520d056e696ffac14dc135144255adbe9a9d7bbb5ae889b1b0e266e1ada2e57,12,sha256:032530268ff832df0b6db9f8514e22c0589a65c7968cb42be6fc57f58feaf0c5,50000,20260717T120435635390Z,808,mask_fragment-n50000-w1024-m1000-s808
mask_fragment,58ced0e286dfa2b04542a7873472fb4400aeb830,late_mask_fragment,1024,892.0138000394218,51200000,1.0,50000,0,sha256:6520d056e696ffac14dc135144255adbe9a9d7bbb5ae889b1b0e266e1ada2e57,13,sha256:032530268ff832df0b6db9f8514e22c0589a65c7968cb42be6fc57f58feaf0c5,50000,20260717T120435635390Z,808,mask_fragment-n50000-w1024-m1000-s808
mask_fragment,58ced0e286dfa2b04542a7873472fb4400aeb830,early_mask_fragment,1024,1032.1885999874212,51200000,1.0,50000,1,sha256:1a43e0ddf8cc02438cc76d27ba1cce86da34109d2e43dcc8ed7c9d581b95b39d,13,sha256:032530268ff832df0b6db9f8514e22c0589a65c7968cb42be6fc57f58feaf0c5,50000,20260717T120435635390Z,808,mask_fragment-n50000-w1024-m1000-s808
mask_fragment,58ced0e286dfa2b04542a7873472fb4400aeb830,early_mask_fragment,1024,1107.5594000285491,51200000,1.0,50000,0,sha256:1a43e0ddf8cc02438cc76d27ba1cce86da34109d2e43dcc8ed7c9d581b95b39d,14,sha256:032530268ff832df0b6db9f8514e22c0589a65c7968cb42be6fc57f58feaf0c5,50000,20260717T120435635390Z,808,mask_fragment-n50000-w1024-m1000-s808
mask_fragment,58ced0e286dfa2b04542a7873472fb4400aeb830,late_mask_fragment,1024,1221.1316999746487,51200000,1.0,50000,1,sha256:6520d056e696ffac14dc135144255adbe9a9d7bbb5ae889b1b0e266e1ada2e57,14,sha256:032530268ff832df0b6db9f8514e22c0589a65c7968cb42be6fc57f58feaf0c5,50000,20260717T120435635390Z,808,mask_fragment-n50000-w1024-m1000-s808
mask_fragment,58ced0e286dfa2b04542a7873472fb4400aeb830,late_mask_fragment,1024,992.5421999651007,51200000,1.0,50000,0,sha256:6520d056e696ffac14dc135144255adbe9a9d7bbb5ae889b1b0e266e1ada2e57,0,sha256:2fb69ed91e61d3e3cec0d430eaec2761bc2689da1e24d5eaaacfa2dc004ac081,50000,20260717T120435635390Z,909,mask_fragment-n50000-w1024-m1000-s909
mask_fragment,58ced0e286dfa2b04542a7873472fb4400aeb830,early_mask_fragment,1024,1059.879100008402,51200000,1.0,50000,1,sha256:1a43e0ddf8cc02438cc76d27ba1cce86da34109d2e43dcc8ed7c9d581b95b39d,0,sha256:2fb69ed91e61d3e3cec0d430eaec2761bc2689da1e24d5eaaacfa2dc004ac081,50000,20260717T120435635390Z,909,mask_fragment-n50000-w1024-m1000-s909
mask_fragment,58ced0e286dfa2b04542a7873472fb4400aeb830,early_mask_fragment,1024,1030.7748999912292,51200000,1.0,50000,0,sha256:1a43e0ddf8cc02438cc76d27ba1cce86da34109d2e43dcc8ed7c9d581b95b39d,1,sha256:2fb69ed91e61d3e3cec0d430eaec2761bc2689da1e24d5eaaacfa2dc004ac081,50000,20260717T120435635390Z,909,mask_fragment-n50000-w1024-m1000-s909
mask_fragment,58ced0e286dfa2b04542a7873472fb4400aeb830,late_mask_fragment,1024,1007.3425999726169,51200000,1.0,50000,1,sha256:6520d056e696ffac14dc135144255adbe9a9d7bbb5ae889b1b0e266e1ada2e57,1,sha256:2fb69ed91e61d3e3cec0d430eaec2761bc2689da1e24d5eaaacfa2dc004ac081,50000,20260717T120435635390Z,909,mask_fragment-n50000-w1024-m1000-s909
mask_fragment,58ced0e286dfa2b04542a7873472fb4400aeb830,late_mask_fragment,1024,955.491799977608,51200000,1.0,50000,0,sha256:6520d056e696ffac14dc135144255adbe9a9d7bbb5ae889b1b0e266e1ada2e57,2,sha256:2fb69ed91e61d3e3cec0d430eaec2761bc2689da1e24d5eaaacfa2dc004ac081,50000,20260717T120435635390Z,909,mask_fragment-n50000-w1024-m1000-s909
mask_fragment,58ced0e286dfa2b04542a7873472fb4400aeb830,early_mask_fragment,1024,920.9211999550462,51200000,1.0,50000,1,sha256:1a43e0ddf8cc02438cc76d27ba1cce86da34109d2e43dcc8ed7c9d581b95b39d,2,sha256:2fb69ed91e61d3e3cec0d430eaec2761bc2689da1e24d5eaaacfa2dc004ac081,50000,20260717T120435635390Z,909,mask_fragment-n50000-w1024-m1000-s909
mask_fragment,58ced0e286dfa2b04542a7873472fb4400aeb830,early_mask_fragment,1024,767.5407999777235,51200000,1.0,50000,0,sha256:1a43e0ddf8cc02438cc76d27ba1cce86da34109d2e43dcc8ed7c9d581b95b39d,3,sha256:2fb69ed91e61d3e3cec0d430eaec2761bc2689da1e24d5eaaacfa2dc004ac081,50000,20260717T120435635390Z,909,mask_fragment-n50000-w1024-m1000-s909
mask_fragment,58ced0e286dfa2b04542a7873472fb4400aeb830,late_mask_fragment,1024,905.8539000106975,51200000,1.0,50000,1,sha256:6520d056e696ffac14dc135144255adbe9a9d7bbb5ae889b1b0e266e1ada2e57,3,sha256:2fb69ed91e61d3e3cec0d430eaec2761bc2689da1e24d5eaaacfa2dc004ac081,50000,20260717T120435635390Z,909,mask_fragment-n50000-w1024-m1000-s909
mask_fragment,58ced0e286dfa2b04542a7873472fb4400aeb830,late_mask_fragment,1024,779.9472999759018,51200000,1.0,50000,0,sha256:6520d056e696ffac14dc135144255adbe9a9d7bbb5ae889b1b0e266e1ada2e57,4,sha256:2fb69ed91e61d3e3cec0d430eaec2761bc2689da1e24d5eaaacfa2dc004ac081,50000,20260717T120435635390Z,909,mask_fragment-n50000-w1024-m1000-s909
mask_fragment,58ced0e286dfa2b04542a7873472fb4400aeb830,early_mask_fragment,1024,733.901200001128,51200000,1.0,50000,1,sha256:1a43e0ddf8cc02438cc76d27ba1cce86da34109d2e43dcc8ed7c9d581b95b39d,4,sha256:2fb69ed91e61d3e3cec0d430eaec2761bc2689da1e24d5eaaacfa2dc004ac081,50000,20260717T120435635390Z,909,mask_fragment-n50000-w1024-m1000-s909
mask_fragment,58ced0e286dfa2b04542a7873472fb4400aeb830,early_mask_fragment,1024,860.6092000263743,51200000,1.0,50000,0,sha256:1a43e0ddf8cc02438cc76d27ba1cce86da34109d2e43dcc8ed7c9d581b95b39d,5,sha256:2fb69ed91e61d3e3cec0d430eaec2761bc2689da1e24d5eaaacfa2dc004ac081,50000,20260717T120435635390Z,909,mask_fragment-n50000-w1024-m1000-s909
mask_fragment,58ced0e286dfa2b04542a7873472fb4400aeb830,late_mask_fragment,1024,897.8457000339404,51200000,1.0,50000,1,sha256:6520d056e696ffac14dc135144255adbe9a9d7bbb5ae889b1b0e266e1ada2e57,5,sha256:2fb69ed91e61d3e3cec0d430eaec2761bc2689da1e24d5eaaacfa2dc004ac081,50000,20260717T120435635390Z,909,mask_fragment-n50000-w1024-m1000-s909
mask_fragment,58ced0e286dfa2b04542a7873472fb4400aeb830,late_mask_fragment,1024,771.6830999706872,51200000,1.0,50000,0,sha256:6520d056e696ffac14dc135144255adbe9a9d7bbb5ae889b1b0e266e1ada2e57,6,sha256:2fb69ed91e61d3e3cec0d430eaec2761bc2689da1e24d5eaaacfa2dc004ac081,50000,20260717T120435635390Z,909,mask_fragment-n50000-w1024-m1000-s909
mask_fragment,58ced0e286dfa2b04542a7873472fb4400aeb830,early_mask_fragment,1024,877.4513999815099,51200000,1.0,50000,1,sha256:1a43e0ddf8cc02438cc76d27ba1cce86da34109d2e43dcc8ed7c9d581b95b39d,6,sha256:2fb69ed91e61d3e3cec0d430eaec2761bc2689da1e24d5eaaacfa2dc004ac081,50000,20260717T120435635390Z,909,mask_fragment-n50000-w1024-m1000-s909
mask_fragment,58ced0e286dfa2b04542a7873472fb4400aeb830,early_mask_fragment,1024,788.0396000109613,51200000,1.0,50000,0,sha256:1a43e0ddf8cc02438cc76d27ba1cce86da34109d2e43dcc8ed7c9d581b95b39d,7,sha256:2fb69ed91e61d3e3cec0d430eaec2761bc2689da1e24d5eaaacfa2dc004ac081,50000,20260717T120435635390Z,909,mask_fragment-n50000-w1024-m1000-s909
mask_fragment,58ced0e286dfa2b04542a7873472fb4400aeb830,late_mask_fragment,1024,901.7353999661282,51200000,1.0,50000,1,sha256:6520d056e696ffac14dc135144255adbe9a9d7bbb5ae889b1b0e266e1ada2e57,7,sha256:2fb69ed91e61d3e3cec0d430eaec2761bc2689da1e24d5eaaacfa2dc004ac081,50000,20260717T120435635390Z,909,mask_fragment-n50000-w1024-m1000-s909
mask_fragment,58ced0e286dfa2b04542a7873472fb4400aeb830,late_mask_fragment,1024,947.3626000108197,51200000,1.0,50000,0,sha256:6520d056e696ffac14dc135144255adbe9a9d7bbb5ae889b1b0e266e1ada2e57,8,sha256:2fb69ed91e61d3e3cec0d430eaec2761bc2689da1e24d5eaaacfa2dc004ac081,50000,20260717T120435635390Z,909,mask_fragment-n50000-w1024-m1000-s909
mask_fragment,58ced0e286dfa2b04542a7873472fb4400aeb830,early_mask_fragment,1024,862.7486999612302,51200000,1.0,50000,1,sha256:1a43e0ddf8cc02438cc76d27ba1cce86da34109d2e43dcc8ed7c9d581b95b39d,8,sha256:2fb69ed91e61d3e3cec0d430eaec2761bc2689da1e24d5eaaacfa2dc004ac081,50000,20260717T120435635390Z,909,mask_fragment-n50000-w1024-m1000-s909
mask_fragment,58ced0e286dfa2b04542a7873472fb4400aeb830,early_mask_fragment,1024,766.6661000112072,51200000,1.0,50000,0,sha256:1a43e0ddf8cc02438cc76d27ba1cce86da34109d2e43dcc8ed7c9d581b95b39d,9,sha256:2fb69ed91e61d3e3cec0d430eaec2761bc2689da1e24d5eaaacfa2dc004ac081,50000,20260717T120435635390Z,909,mask_fragment-n50000-w1024-m1000-s909
mask_fragment,58ced0e286dfa2b04542a7873472fb4400aeb830,late_mask_fragment,1024,939.4286000169814,51200000,1.0,50000,1,sha256:6520d056e696ffac14dc135144255adbe9a9d7bbb5ae889b1b0e266e1ada2e57,9,sha256:2fb69ed91e61d3e3cec0d430eaec2761bc2689da1e24d5eaaacfa2dc004ac081,50000,20260717T120435635390Z,909,mask_fragment-n50000-w1024-m1000-s909
mask_fragment,58ced0e286dfa2b04542a7873472fb4400aeb830,late_mask_fragment,1024,892.4542999593541,51200000,1.0,50000,0,sha256:6520d056e696ffac14dc135144255adbe9a9d7bbb5ae889b1b0e266e1ada2e57,10,sha256:2fb69ed91e61d3e3cec0d430eaec2761bc2689da1e24d5eaaacfa2dc004ac081,50000,20260717T120435635390Z,909,mask_fragment-n50000-w1024-m1000-s909
mask_fragment,58ced0e286dfa2b04542a7873472fb4400aeb830,early_mask_fragment,1024,1154.1132000274956,51200000,1.0,50000,1,sha256:1a43e0ddf8cc02438cc76d27ba1cce86da34109d2e43dcc8ed7c9d581b95b39d,10,sha256:2fb69ed91e61d3e3cec0d430eaec2761bc2689da1e24d5eaaacfa2dc004ac081,50000,20260717T120435635390Z,909,mask_fragment-n50000-w1024-m1000-s909
mask_fragment,58ced0e286dfa2b04542a7873472fb4400aeb830,early_mask_fragment,1024,887.3484000214376,51200000,1.0,50000,0,sha256:1a43e0ddf8cc02438cc76d27ba1cce86da34109d2e43dcc8ed7c9d581b95b39d,11,sha256:2fb69ed91e61d3e3cec0d430eaec2761bc2689da1e24d5eaaacfa2dc004ac081,50000,20260717T120435635390Z,909,mask_fragment-n50000-w1024-m1000-s909
mask_fragment,58ced0e286dfa2b04542a7873472fb4400aeb830,late_mask_fragment,1024,1046.3097000028938,51200000,1.0,50000,1,sha256:6520d056e696ffac14dc135144255adbe9a9d7bbb5ae889b1b0e266e1ada2e57,11,sha256:2fb69ed91e61d3e3cec0d430eaec2761bc2689da1e24d5eaaacfa2dc004ac081,50000,20260717T120435635390Z,909,mask_fragment-n50000-w1024-m1000-s909
mask_fragment,58ced0e286dfa2b04542a7873472fb4400aeb830,late_mask_fragment,1024,765.4494000016712,51200000,1.0,50000,0,sha256:6520d056e696ffac14dc135144255adbe9a9d7bbb5ae889b1b0e266e1ada2e57,12,sha256:2fb69ed91e61d3e3cec0d430eaec2761bc2689da1e24d5eaaacfa2dc004ac081,50000,20260717T120435635390Z,909,mask_fragment-n50000-w1024-m1000-s909
mask_fragment,58ced0e286dfa2b04542a7873472fb4400aeb830,early_mask_fragment,1024,757.4443000485189,51200000,1.0,50000,1,sha256:1a43e0ddf8cc02438cc76d27ba1cce86da34109d2e43dcc8ed7c9d581b95b39d,12,sha256:2fb69ed91e61d3e3cec0d430eaec2761bc2689da1e24d5eaaacfa2dc004ac081,50000,20260717T120435635390Z,909,mask_fragment-n50000-w1024-m1000-s909
mask_fragment,58ced0e286dfa2b04542a7873472fb4400aeb830,early_mask_fragment,1024,946.6022000415251,51200000,1.0,50000,0,sha256:1a43e0ddf8cc02438cc76d27ba1cce86da34109d2e43dcc8ed7c9d581b95b39d,13,sha256:2fb69ed91e61d3e3cec0d430eaec2761bc2689da1e24d5eaaacfa2dc004ac081,50000,20260717T120435635390Z,909,mask_fragment-n50000-w1024-m1000-s909
mask_fragment,58ced0e286dfa2b04542a7873472fb4400aeb830,late_mask_fragment,1024,798.7925999914296,51200000,1.0,50000,1,sha256:6520d056e696ffac14dc135144255adbe9a9d7bbb5ae889b1b0e266e1ada2e57,13,sha256:2fb69ed91e61d3e3cec0d430eaec2761bc2689da1e24d5eaaacfa2dc004ac081,50000,20260717T120435635390Z,909,mask_fragment-n50000-w1024-m1000-s909
mask_fragment,58ced0e286dfa2b04542a7873472fb4400aeb830,late_mask_fragment,1024,866.9718999881297,51200000,1.0,50000,0,sha256:6520d056e696ffac14dc135144255adbe9a9d7bbb5ae889b1b0e266e1ada2e57,14,sha256:2fb69ed91e61d3e3cec0d430eaec2761bc2689da1e24d5eaaacfa2dc004ac081,50000,20260717T120435635390Z,909,mask_fragment-n50000-w1024-m1000-s909
mask_fragment,58ced0e286dfa2b04542a7873472fb4400aeb830,early_mask_fragment,1024,722.9616999975406,51200000,1.0,50000,1,sha256:1a43e0ddf8cc02438cc76d27ba1cce86da34109d2e43dcc8ed7c9d581b95b39d,14,sha256:2fb69ed91e61d3e3cec0d430eaec2761bc2689da1e24d5eaaacfa2dc004ac081,50000,20260717T120435635390Z,909,mask_fragment-n50000-w1024-m1000-s909
mask_fragment,58ced0e286dfa2b04542a7873472fb4400aeb830,late_mask_fragment,2048,155.29620001325384,102400000,0.1,5000,0,sha256:c31a5394c72fa4480e21e21f18941a529737407325437b881b853a480254b8dd,0,sha256:24dc254fff2276fcf021f8bf57abce4a0b183990a74fa1c80f5bb864a3b9f492,50000,20260717T120435635390Z,707,mask_fragment-n50000-w2048-m0100-s707
mask_fragment,58ced0e286dfa2b04542a7873472fb4400aeb830,early_mask_fragment,2048,1535.8126999926753,102400000,0.1,5000,1,sha256:1a43e0ddf8cc02438cc76d27ba1cce86da34109d2e43dcc8ed7c9d581b95b39d,0,sha256:24dc254fff2276fcf021f8bf57abce4a0b183990a74fa1c80f5bb864a3b9f492,50000,20260717T120435635390Z,707,mask_fragment-n50000-w2048-m0100-s707
mask_fragment,58ced0e286dfa2b04542a7873472fb4400aeb830,early_mask_fragment,2048,1494.8901999741793,102400000,0.1,5000,0,sha256:1a43e0ddf8cc02438cc76d27ba1cce86da34109d2e43dcc8ed7c9d581b95b39d,1,sha256:24dc254fff2276fcf021f8bf57abce4a0b183990a74fa1c80f5bb864a3b9f492,50000,20260717T120435635390Z,707,mask_fragment-n50000-w2048-m0100-s707
mask_fragment,58ced0e286dfa2b04542a7873472fb4400aeb830,late_mask_fragment,2048,145.6406000070274,102400000,0.1,5000,1,sha256:c31a5394c72fa4480e21e21f18941a529737407325437b881b853a480254b8dd,1,sha256:24dc254fff2276fcf021f8bf57abce4a0b183990a74fa1c80f5bb864a3b9f492,50000,20260717T120435635390Z,707,mask_fragment-n50000-w2048-m0100-s707
mask_fragment,58ced0e286dfa2b04542a7873472fb4400aeb830,late_mask_fragment,2048,143.1080999900587,102400000,0.1,5000,0,sha256:c31a5394c72fa4480e21e21f18941a529737407325437b881b853a480254b8dd,2,sha256:24dc254fff2276fcf021f8bf57abce4a0b183990a74fa1c80f5bb864a3b9f492,50000,20260717T120435635390Z,707,mask_fragment-n50000-w2048-m0100-s707
mask_fragment,58ced0e286dfa2b04542a7873472fb4400aeb830,early_mask_fragment,2048,1753.3946000039577,102400000,0.1,5000,1,sha256:1a43e0ddf8cc02438cc76d27ba1cce86da34109d2e43dcc8ed7c9d581b95b39d,2,sha256:24dc254fff2276fcf021f8bf57abce4a0b183990a74fa1c80f5bb864a3b9f492,50000,20260717T120435635390Z,707,mask_fragment-n50000-w2048-m0100-s707
mask_fragment,58ced0e286dfa2b04542a7873472fb4400aeb830,early_mask_fragment,2048,1493.2151000248268,102400000,0.1,5000,0,sha256:1a43e0ddf8cc02438cc76d27ba1cce86da34109d2e43dcc8ed7c9d581b95b39d,3,sha256:24dc254fff2276fcf021f8bf57abce4a0b183990a74fa1c80f5bb864a3b9f492,50000,20260717T120435635390Z,707,mask_fragment-n50000-w2048-m0100-s707
mask_fragment,58ced0e286dfa2b04542a7873472fb4400aeb830,late_mask_fragment,2048,130.62489998992532,102400000,0.1,5000,1,sha256:c31a5394c72fa4480e21e21f18941a529737407325437b881b853a480254b8dd,3,sha256:24dc254fff2276fcf021f8bf57abce4a0b183990a74fa1c80f5bb864a3b9f492,50000,20260717T120435635390Z,707,mask_fragment-n50000-w2048-m0100-s707
mask_fragment,58ced0e286dfa2b04542a7873472fb4400aeb830,late_mask_fragment,2048,130.82980003673583,102400000,0.1,5000,0,sha256:c31a5394c72fa4480e21e21f18941a529737407325437b881b853a480254b8dd,4,sha256:24dc254fff2276fcf021f8bf57abce4a0b183990a74fa1c80f5bb864a3b9f492,50000,20260717T120435635390Z,707,mask_fragment-n50000-w2048-m0100-s707
mask_fragment,58ced0e286dfa2b04542a7873472fb4400aeb830,early_mask_fragment,2048,1231.9173999712802,102400000,0.1,5000,1,sha256:1a43e0ddf8cc02438cc76d27ba1cce86da34109d2e43dcc8ed7c9d581b95b39d,4,sha256:24dc254fff2276fcf021f8bf57abce4a0b183990a74fa1c80f5bb864a3b9f492,50000,20260717T120435635390Z,707,mask_fragment-n50000-w2048-m0100-s707
mask_fragment,58ced0e286dfa2b04542a7873472fb4400aeb830,early_mask_fragment,2048,1522.1890999819152,102400000,0.1,5000,0,sha256:1a43e0ddf8cc02438cc76d27ba1cce86da34109d2e43dcc8ed7c9d581b95b39d,5,sha256:24dc254fff2276fcf021f8bf57abce4a0b183990a74fa1c80f5bb864a3b9f492,50000,20260717T120435635390Z,707,mask_fragment-n50000-w2048-m0100-s707
mask_fragment,58ced0e286dfa2b04542a7873472fb4400aeb830,late_mask_fragment,2048,136.6969999508001,102400000,0.1,5000,1,sha256:c31a5394c72fa4480e21e21f18941a529737407325437b881b853a480254b8dd,5,sha256:24dc254fff2276fcf021f8bf57abce4a0b183990a74fa1c80f5bb864a3b9f492,50000,20260717T120435635390Z,707,mask_fragment-n50000-w2048-m0100-s707
mask_fragment,58ced0e286dfa2b04542a7873472fb4400aeb830,late_mask_fragment,2048,134.79790004203096,102400000,0.1,5000,0,sha256:c31a5394c72fa4480e21e21f18941a529737407325437b881b853a480254b8dd,6,sha256:24dc254fff2276fcf021f8bf57abce4a0b183990a74fa1c80f5bb864a3b9f492,50000,20260717T120435635390Z,707,mask_fragment-n50000-w2048-m0100-s707
mask_fragment,58ced0e286dfa2b04542a7873472fb4400aeb830,early_mask_fragment,2048,1501.332400017418,102400000,0.1,5000,1,sha256:1a43e0ddf8cc02438cc76d27ba1cce86da34109d2e43dcc8ed7c9d581b95b39d,6,sha256:24dc254fff2276fcf021f8bf57abce4a0b183990a74fa1c80f5bb864a3b9f492,50000,20260717T120435635390Z,707,mask_fragment-n50000-w2048-m0100-s707
mask_fragment,58ced0e286dfa2b04542a7873472fb4400aeb830,early_mask_fragment,2048,1538.8346000108868,102400000,0.1,5000,0,sha256:1a43e0ddf8cc02438cc76d27ba1cce86da34109d2e43dcc8ed7c9d581b95b39d,7,sha256:24dc254fff2276fcf021f8bf57abce4a0b183990a74fa1c80f5bb864a3b9f492,50000,20260717T120435635390Z,707,mask_fragment-n50000-w2048-m0100-s707
mask_fragment,58ced0e286dfa2b04542a7873472fb4400aeb830,late_mask_fragment,2048,166.33410000940785,102400000,0.1,5000,1,sha256:c31a5394c72fa4480e21e21f18941a529737407325437b881b853a480254b8dd,7,sha256:24dc254fff2276fcf021f8bf57abce4a0b183990a74fa1c80f5bb864a3b9f492,50000,20260717T120435635390Z,707,mask_fragment-n50000-w2048-m0100-s707
mask_fragment,58ced0e286dfa2b04542a7873472fb4400aeb830,late_mask_fragment,2048,146.91660000244156,102400000,0.1,5000,0,sha256:c31a5394c72fa4480e21e21f18941a529737407325437b881b853a480254b8dd,8,sha256:24dc254fff2276fcf021f8bf57abce4a0b183990a74fa1c80f5bb864a3b9f492,50000,20260717T120435635390Z,707,mask_fragment-n50000-w2048-m0100-s707
mask_fragment,58ced0e286dfa2b04542a7873472fb4400aeb830,early_mask_fragment,2048,1300.4220000002533,102400000,0.1,5000,1,sha256:1a43e0ddf8cc02438cc76d27ba1cce86da34109d2e43dcc8ed7c9d581b95b39d,8,sha256:24dc254fff2276fcf021f8bf57abce4a0b183990a74fa1c80f5bb864a3b9f492,50000,20260717T120435635390Z,707,mask_fragment-n50000-w2048-m0100-s707
mask_fragment,58ced0e286dfa2b04542a7873472fb4400aeb830,early_mask_fragment,2048,1312.5136999879032,102400000,0.1,5000,0,sha256:1a43e0ddf8cc02438cc76d27ba1cce86da34109d2e43dcc8ed7c9d581b95b39d,9,sha256:24dc254fff2276fcf021f8bf57abce4a0b183990a74fa1c80f5bb864a3b9f492,50000,20260717T120435635390Z,707,mask_fragment-n50000-w2048-m0100-s707
mask_fragment,58ced0e286dfa2b04542a7873472fb4400aeb830,late_mask_fragment,2048,149.6785000199452,102400000,0.1,5000,1,sha256:c31a5394c72fa4480e21e21f18941a529737407325437b881b853a480254b8dd,9,sha256:24dc254fff2276fcf021f8bf57abce4a0b183990a74fa1c80f5bb864a3b9f492,50000,20260717T120435635390Z,707,mask_fragment-n50000-w2048-m0100-s707
mask_fragment,58ced0e286dfa2b04542a7873472fb4400aeb830,late_mask_fragment,2048,139.22630000161007,102400000,0.1,5000,0,sha256:c31a5394c72fa4480e21e21f18941a529737407325437b881b853a480254b8dd,10,sha256:24dc254fff2276fcf021f8bf57abce4a0b183990a74fa1c80f5bb864a3b9f492,50000,20260717T120435635390Z,707,mask_fragment-n50000-w2048-m0100-s707
mask_fragment,58ced0e286dfa2b04542a7873472fb4400aeb830,early_mask_fragment,2048,1530.7540000067092,102400000,0.1,5000,1,sha256:1a43e0ddf8cc02438cc76d27ba1cce86da34109d2e43dcc8ed7c9d581b95b39d,10,sha256:24dc254fff2276fcf021f8bf57abce4a0b183990a74fa1c80f5bb864a3b9f492,50000,20260717T120435635390Z,707,mask_fragment-n50000-w2048-m0100-s707
mask_fragment,58ced0e286dfa2b04542a7873472fb4400aeb830,early_mask_fragment,2048,1547.69189999206,102400000,0.1,5000,0,sha256:1a43e0ddf8cc02438cc76d27ba1cce86da34109d2e43dcc8ed7c9d581b95b39d,11,sha256:24dc254fff2276fcf021f8bf57abce4a0b183990a74fa1c80f5bb864a3b9f492,50000,20260717T120435635390Z,707,mask_fragment-n50000-w2048-m0100-s707
mask_fragment,58ced0e286dfa2b04542a7873472fb4400aeb830,late_mask_fragment,2048,132.88059999467805,102400000,0.1,5000,1,sha256:c31a5394c72fa4480e21e21f18941a529737407325437b881b853a480254b8dd,11,sha256:24dc254fff2276fcf021f8bf57abce4a0b183990a74fa1c80f5bb864a3b9f492,50000,20260717T120435635390Z,707,mask_fragment-n50000-w2048-m0100-s707
mask_fragment,58ced0e286dfa2b04542a7873472fb4400aeb830,late_mask_fragment,2048,151.4828999643214,102400000,0.1,5000,0,sha256:c31a5394c72fa4480e21e21f18941a529737407325437b881b853a480254b8dd,12,sha256:24dc254fff2276fcf021f8bf57abce4a0b183990a74fa1c80f5bb864a3b9f492,50000,20260717T120435635390Z,707,mask_fragment-n50000-w2048-m0100-s707
mask_fragment,58ced0e286dfa2b04542a7873472fb4400aeb830,early_mask_fragment,2048,1266.8753000325523,102400000,0.1,5000,1,sha256:1a43e0ddf8cc02438cc76d27ba1cce86da34109d2e43dcc8ed7c9d581b95b39d,12,sha256:24dc254fff2276fcf021f8bf57abce4a0b183990a74fa1c80f5bb864a3b9f492,50000,20260717T120435635390Z,707,mask_fragment-n50000-w2048-m0100-s707
mask_fragment,58ced0e286dfa2b04542a7873472fb4400aeb830,early_mask_fragment,2048,1529.0258000022732,102400000,0.1,5000,0,sha256:1a43e0ddf8cc02438cc76d27ba1cce86da34109d2e43dcc8ed7c9d581b95b39d,13,sha256:24dc254fff2276fcf021f8bf57abce4a0b183990a74fa1c80f5bb864a3b9f492,50000,20260717T120435635390Z,707,mask_fragment-n50000-w2048-m0100-s707
mask_fragment,58ced0e286dfa2b04542a7873472fb4400aeb830,late_mask_fragment,2048,157.18649997143075,102400000,0.1,5000,1,sha256:c31a5394c72fa4480e21e21f18941a529737407325437b881b853a480254b8dd,13,sha256:24dc254fff2276fcf021f8bf57abce4a0b183990a74fa1c80f5bb864a3b9f492,50000,20260717T120435635390Z,707,mask_fragment-n50000-w2048-m0100-s707
mask_fragment,58ced0e286dfa2b04542a7873472fb4400aeb830,late_mask_fragment,2048,160.86609999183565,102400000,0.1,5000,0,sha256:c31a5394c72fa4480e21e21f18941a529737407325437b881b853a480254b8dd,14,sha256:24dc254fff2276fcf021f8bf57abce4a0b183990a74fa1c80f5bb864a3b9f492,50000,20260717T120435635390Z,707,mask_fragment-n50000-w2048-m0100-s707
mask_fragment,58ced0e286dfa2b04542a7873472fb4400aeb830,early_mask_fragment,2048,1520.1151999644935,102400000,0.1,5000,1,sha256:1a43e0ddf8cc02438cc76d27ba1cce86da34109d2e43dcc8ed7c9d581b95b39d,14,sha256:24dc254fff2276fcf021f8bf57abce4a0b183990a74fa1c80f5bb864a3b9f492,50000,20260717T120435635390Z,707,mask_fragment-n50000-w2048-m0100-s707
mask_fragment,58ced0e286dfa2b04542a7873472fb4400aeb830,late_mask_fragment,2048,213.04220001911744,102400000,0.1,5000,0,sha256:c31a5394c72fa4480e21e21f18941a529737407325437b881b853a480254b8dd,0,sha256:46d9ea020fc0d2b4a4f0a3cde43dfc558b480fc0f266bd6eb363e920c91cd5b7,50000,20260717T120435635390Z,808,mask_fragment-n50000-w2048-m0100-s808
mask_fragment,58ced0e286dfa2b04542a7873472fb4400aeb830,early_mask_fragment,2048,2152.653699973598,102400000,0.1,5000,1,sha256:1a43e0ddf8cc02438cc76d27ba1cce86da34109d2e43dcc8ed7c9d581b95b39d,0,sha256:46d9ea020fc0d2b4a4f0a3cde43dfc558b480fc0f266bd6eb363e920c91cd5b7,50000,20260717T120435635390Z,808,mask_fragment-n50000-w2048-m0100-s808
mask_fragment,58ced0e286dfa2b04542a7873472fb4400aeb830,early_mask_fragment,2048,2084.9802999873646,102400000,0.1,5000,0,sha256:1a43e0ddf8cc02438cc76d27ba1cce86da34109d2e43dcc8ed7c9d581b95b39d,1,sha256:46d9ea020fc0d2b4a4f0a3cde43dfc558b480fc0f266bd6eb363e920c91cd5b7,50000,20260717T120435635390Z,808,mask_fragment-n50000-w2048-m0100-s808
mask_fragment,58ced0e286dfa2b04542a7873472fb4400aeb830,late_mask_fragment,2048,158.02459995029494,102400000,0.1,5000,1,sha256:c31a5394c72fa4480e21e21f18941a529737407325437b881b853a480254b8dd,1,sha256:46d9ea020fc0d2b4a4f0a3cde43dfc558b480fc0f266bd6eb363e920c91cd5b7,50000,20260717T120435635390Z,808,mask_fragment-n50000-w2048-m0100-s808
mask_fragment,58ced0e286dfa2b04542a7873472fb4400aeb830,late_mask_fragment,2048,172.27789998287335,102400000,0.1,5000,0,sha256:c31a5394c72fa4480e21e21f18941a529737407325437b881b853a480254b8dd,2,sha256:46d9ea020fc0d2b4a4f0a3cde43dfc558b480fc0f266bd6eb363e920c91cd5b7,50000,20260717T120435635390Z,808,mask_fragment-n50000-w2048-m0100-s808
mask_fragment,58ced0e286dfa2b04542a7873472fb4400aeb830,early_mask_fragment,2048,1693.347399996128,102400000,0.1,5000,1,sha256:1a43e0ddf8cc02438cc76d27ba1cce86da34109d2e43dcc8ed7c9d581b95b39d,2,sha256:46d9ea020fc0d2b4a4f0a3cde43dfc558b480fc0f266bd6eb363e920c91cd5b7,50000,20260717T120435635390Z,808,mask_fragment-n50000-w2048-m0100-s808
mask_fragment,58ced0e286dfa2b04542a7873472fb4400aeb830,early_mask_fragment,2048,1843.6167999752797,102400000,0.1,5000,0,sha256:1a43e0ddf8cc02438cc76d27ba1cce86da34109d2e43dcc8ed7c9d581b95b39d,3,sha256:46d9ea020fc0d2b4a4f0a3cde43dfc558b480fc0f266bd6eb363e920c91cd5b7,50000,20260717T120435635390Z,808,mask_fragment-n50000-w2048-m0100-s808
mask_fragment,58ced0e286dfa2b04542a7873472fb4400aeb830,late_mask_fragment,2048,203.31839995924383,102400000,0.1,5000,1,sha256:c31a5394c72fa4480e21e21f18941a529737407325437b881b853a480254b8dd,3,sha256:46d9ea020fc0d2b4a4f0a3cde43dfc558b480fc0f266bd6eb363e920c91cd5b7,50000,20260717T120435635390Z,808,mask_fragment-n50000-w2048-m0100-s808
mask_fragment,58ced0e286dfa2b04542a7873472fb4400aeb830,late_mask_fragment,2048,211.24979999149218,102400000,0.1,5000,0,sha256:c31a5394c72fa4480e21e21f18941a529737407325437b881b853a480254b8dd,4,sha256:46d9ea020fc0d2b4a4f0a3cde43dfc558b480fc0f266bd6eb363e920c91cd5b7,50000,20260717T120435635390Z,808,mask_fragment-n50000-w2048-m0100-s808
mask_fragment,58ced0e286dfa2b04542a7873472fb4400aeb830,early_mask_fragment,2048,3000.9341999539174,102400000,0.1,5000,1,sha256:1a43e0ddf8cc02438cc76d27ba1cce86da34109d2e43dcc8ed7c9d581b95b39d,4,sha256:46d9ea020fc0d2b4a4f0a3cde43dfc558b480fc0f266bd6eb363e920c91cd5b7,50000,20260717T120435635390Z,808,mask_fragment-n50000-w2048-m0100-s808
mask_fragment,58ced0e286dfa2b04542a7873472fb4400aeb830,early_mask_fragment,2048,2498.8388999481685,102400000,0.1,5000,0,sha256:1a43e0ddf8cc02438cc76d27ba1cce86da34109d2e43dcc8ed7c9d581b95b39d,5,sha256:46d9ea020fc0d2b4a4f0a3cde43dfc558b480fc0f266bd6eb363e920c91cd5b7,50000,20260717T120435635390Z,808,mask_fragment-n50000-w2048-m0100-s808
mask_fragment,58ced0e286dfa2b04542a7873472fb4400aeb830,late_mask_fragment,2048,189.04310005018488,102400000,0.1,5000,1,sha256:c31a5394c72fa4480e21e21f18941a529737407325437b881b853a480254b8dd,5,sha256:46d9ea020fc0d2b4a4f0a3cde43dfc558b480fc0f266bd6eb363e920c91cd5b7,50000,20260717T120435635390Z,808,mask_fragment-n50000-w2048-m0100-s808
mask_fragment,58ced0e286dfa2b04542a7873472fb4400aeb830,late_mask_fragment,2048,170.83349998574704,102400000,0.1,5000,0,sha256:c31a5394c72fa4480e21e21f18941a529737407325437b881b853a480254b8dd,6,sha256:46d9ea020fc0d2b4a4f0a3cde43dfc558b480fc0f266bd6eb363e920c91cd5b7,50000,20260717T120435635390Z,808,mask_fragment-n50000-w2048-m0100-s808
mask_fragment,58ced0e286dfa2b04542a7873472fb4400aeb830,early_mask_fragment,2048,1712.3037000419572,102400000,0.1,5000,1,sha256:1a43e0ddf8cc02438cc76d27ba1cce86da34109d2e43dcc8ed7c9d581b95b39d,6,sha256:46d9ea020fc0d2b4a4f0a3cde43dfc558b480fc0f266bd6eb363e920c91cd5b7,50000,20260717T120435635390Z,808,mask_fragment-n50000-w2048-m0100-s808
mask_fragment,58ced0e286dfa2b04542a7873472fb4400aeb830,early_mask_fragment,2048,2117.307399981655,102400000,0.1,5000,0,sha256:1a43e0ddf8cc02438cc76d27ba1cce86da34109d2e43dcc8ed7c9d581b95b39d,7,sha256:46d9ea020fc0d2b4a4f0a3cde43dfc558b480fc0f266bd6eb363e920c91cd5b7,50000,20260717T120435635390Z,808,mask_fragment-n50000-w2048-m0100-s808
mask_fragment,58ced0e286dfa2b04542a7873472fb4400aeb830,late_mask_fragment,2048,180.7540000299923,102400000,0.1,5000,1,sha256:c31a5394c72fa4480e21e21f18941a529737407325437b881b853a480254b8dd,7,sha256:46d9ea020fc0d2b4a4f0a3cde43dfc558b480fc0f266bd6eb363e920c91cd5b7,50000,20260717T120435635390Z,808,mask_fragment-n50000-w2048-m0100-s808
mask_fragment,58ced0e286dfa2b04542a7873472fb4400aeb830,late_mask_fragment,2048,141.85050001833588,102400000,0.1,5000,0,sha256:c31a5394c72fa4480e21e21f18941a529737407325437b881b853a480254b8dd,8,sha256:46d9ea020fc0d2b4a4f0a3cde43dfc558b480fc0f266bd6eb363e920c91cd5b7,50000,20260717T120435635390Z,808,mask_fragment-n50000-w2048-m0100-s808
mask_fragment,58ced0e286dfa2b04542a7873472fb4400aeb830,early_mask_fragment,2048,1668.886300001759,102400000,0.1,5000,1,sha256:1a43e0ddf8cc02438cc76d27ba1cce86da34109d2e43dcc8ed7c9d581b95b39d,8,sha256:46d9ea020fc0d2b4a4f0a3cde43dfc558b480fc0f266bd6eb363e920c91cd5b7,50000,20260717T120435635390Z,808,mask_fragment-n50000-w2048-m0100-s808
mask_fragment,58ced0e286dfa2b04542a7873472fb4400aeb830,early_mask_fragment,2048,1615.1773000019602,102400000,0.1,5000,0,sha256:1a43e0ddf8cc02438cc76d27ba1cce86da34109d2e43dcc8ed7c9d581b95b39d,9,sha256:46d9ea020fc0d2b4a4f0a3cde43dfc558b480fc0f266bd6eb363e920c91cd5b7,50000,20260717T120435635390Z,808,mask_fragment-n50000-w2048-m0100-s808
mask_fragment,58ced0e286dfa2b04542a7873472fb4400aeb830,late_mask_fragment,2048,147.25340000586584,102400000,0.1,5000,1,sha256:c31a5394c72fa4480e21e21f18941a529737407325437b881b853a480254b8dd,9,sha256:46d9ea020fc0d2b4a4f0a3cde43dfc558b480fc0f266bd6eb363e920c91cd5b7,50000,20260717T120435635390Z,808,mask_fragment-n50000-w2048-m0100-s808
mask_fragment,58ced0e286dfa2b04542a7873472fb4400aeb830,late_mask_fragment,2048,151.47019998403266,102400000,0.1,5000,0,sha256:c31a5394c72fa4480e21e21f18941a529737407325437b881b853a480254b8dd,10,sha256:46d9ea020fc0d2b4a4f0a3cde43dfc558b480fc0f266bd6eb363e920c91cd5b7,50000,20260717T120435635390Z,808,mask_fragment-n50000-w2048-m0100-s808
mask_fragment,58ced0e286dfa2b04542a7873472fb4400aeb830,early_mask_fragment,2048,1423.0202000471763,102400000,0.1,5000,1,sha256:1a43e0ddf8cc02438cc76d27ba1cce86da34109d2e43dcc8ed7c9d581b95b39d,10,sha256:46d9ea020fc0d2b4a4f0a3cde43dfc558b480fc0f266bd6eb363e920c91cd5b7,50000,20260717T120435635390Z,808,mask_fragment-n50000-w2048-m0100-s808
mask_fragment,58ced0e286dfa2b04542a7873472fb4400aeb830,early_mask_fragment,2048,1579.1486999951303,102400000,0.1,5000,0,sha256:1a43e0ddf8cc02438cc76d27ba1cce86da34109d2e43dcc8ed7c9d581b95b39d,11,sha256:46d9ea020fc0d2b4a4f0a3cde43dfc558b480fc0f266bd6eb363e920c91cd5b7,50000,20260717T120435635390Z,808,mask_fragment-n50000-w2048-m0100-s808
mask_fragment,58ced0e286dfa2b04542a7873472fb4400aeb830,late_mask_fragment,2048,133.8098999694921,102400000,0.1,5000,1,sha256:c31a5394c72fa4480e21e21f18941a529737407325437b881b853a480254b8dd,11,sha256:46d9ea020fc0d2b4a4f0a3cde43dfc558b480fc0f266bd6eb363e920c91cd5b7,50000,20260717T120435635390Z,808,mask_fragment-n50000-w2048-m0100-s808
mask_fragment,58ced0e286dfa2b04542a7873472fb4400aeb830,late_mask_fragment,2048,139.9259000318125,102400000,0.1,5000,0,sha256:c31a5394c72fa4480e21e21f18941a529737407325437b881b853a480254b8dd,12,sha256:46d9ea020fc0d2b4a4f0a3cde43dfc558b480fc0f266bd6eb363e920c91cd5b7,50000,20260717T120435635390Z,808,mask_fragment-n50000-w2048-m0100-s808
mask_fragment,58ced0e286dfa2b04542a7873472fb4400aeb830,early_mask_fragment,2048,1900.2187000005506,102400000,0.1,5000,1,sha256:1a43e0ddf8cc02438cc76d27ba1cce86da34109d2e43dcc8ed7c9d581b95b39d,12,sha256:46d9ea020fc0d2b4a4f0a3cde43dfc558b480fc0f266bd6eb363e920c91cd5b7,50000,20260717T120435635390Z,808,mask_fragment-n50000-w2048-m0100-s808
mask_fragment,58ced0e286dfa2b04542a7873472fb4400aeb830,early_mask_fragment,2048,1712.7268000040203,102400000,0.1,5000,0,sha256:1a43e0ddf8cc02438cc76d27ba1cce86da34109d2e43dcc8ed7c9d581b95b39d,13,sha256:46d9ea020fc0d2b4a4f0a3cde43dfc558b480fc0f266bd6eb363e920c91cd5b7,50000,20260717T120435635390Z,808,mask_fragment-n50000-w2048-m0100-s808
mask_fragment,58ced0e286dfa2b04542a7873472fb4400aeb830,late_mask_fragment,2048,167.86220000358298,102400000,0.1,5000,1,sha256:c31a5394c72fa4480e21e21f18941a529737407325437b881b853a480254b8dd,13,sha256:46d9ea020fc0d2b4a4f0a3cde43dfc558b480fc0f266bd6eb363e920c91cd5b7,50000,20260717T120435635390Z,808,mask_fragment-n50000-w2048-m0100-s808
mask_fragment,58ced0e286dfa2b04542a7873472fb4400aeb830,late_mask_fragment,2048,142.08720001624897,102400000,0.1,5000,0,sha256:c31a5394c72fa4480e21e21f18941a529737407325437b881b853a480254b8dd,14,sha256:46d9ea020fc0d2b4a4f0a3cde43dfc558b480fc0f266bd6eb363e920c91cd5b7,50000,20260717T120435635390Z,808,mask_fragment-n50000-w2048-m0100-s808
mask_fragment,58ced0e286dfa2b04542a7873472fb4400aeb830,early_mask_fragment,2048,1515.1256999815814,102400000,0.1,5000,1,sha256:1a43e0ddf8cc02438cc76d27ba1cce86da34109d2e43dcc8ed7c9d581b95b39d,14,sha256:46d9ea020fc0d2b4a4f0a3cde43dfc558b480fc0f266bd6eb363e920c91cd5b7,50000,20260717T120435635390Z,808,mask_fragment-n50000-w2048-m0100-s808
mask_fragment,58ced0e286dfa2b04542a7873472fb4400aeb830,early_mask_fragment,2048,1431.9887000019662,102400000,0.1,5000,0,sha256:1a43e0ddf8cc02438cc76d27ba1cce86da34109d2e43dcc8ed7c9d581b95b39d,0,sha256:8df6ce855376bdeaafb4f4594af36d447b2dfda7e4d237908cf57581d383d45a,50000,20260717T120435635390Z,909,mask_fragment-n50000-w2048-m0100-s909
mask_fragment,58ced0e286dfa2b04542a7873472fb4400aeb830,late_mask_fragment,2048,167.9215999902226,102400000,0.1,5000,1,sha256:c31a5394c72fa4480e21e21f18941a529737407325437b881b853a480254b8dd,0,sha256:8df6ce855376bdeaafb4f4594af36d447b2dfda7e4d237908cf57581d383d45a,50000,20260717T120435635390Z,909,mask_fragment-n50000-w2048-m0100-s909
mask_fragment,58ced0e286dfa2b04542a7873472fb4400aeb830,late_mask_fragment,2048,130.95540000358596,102400000,0.1,5000,0,sha256:c31a5394c72fa4480e21e21f18941a529737407325437b881b853a480254b8dd,1,sha256:8df6ce855376bdeaafb4f4594af36d447b2dfda7e4d237908cf57581d383d45a,50000,20260717T120435635390Z,909,mask_fragment-n50000-w2048-m0100-s909
mask_fragment,58ced0e286dfa2b04542a7873472fb4400aeb830,early_mask_fragment,2048,1567.062700050883,102400000,0.1,5000,1,sha256:1a43e0ddf8cc02438cc76d27ba1cce86da34109d2e43dcc8ed7c9d581b95b39d,1,sha256:8df6ce855376bdeaafb4f4594af36d447b2dfda7e4d237908cf57581d383d45a,50000,20260717T120435635390Z,909,mask_fragment-n50000-w2048-m0100-s909
mask_fragment,58ced0e286dfa2b04542a7873472fb4400aeb830,early_mask_fragment,2048,1495.7258999929763,102400000,0.1,5000,0,sha256:1a43e0ddf8cc02438cc76d27ba1cce86da34109d2e43dcc8ed7c9d581b95b39d,2,sha256:8df6ce855376bdeaafb4f4594af36d447b2dfda7e4d237908cf57581d383d45a,50000,20260717T120435635390Z,909,mask_fragment-n50000-w2048-m0100-s909
mask_fragment,58ced0e286dfa2b04542a7873472fb4400aeb830,late_mask_fragment,2048,129.42869996186346,102400000,0.1,5000,1,sha256:c31a5394c72fa4480e21e21f18941a529737407325437b881b853a480254b8dd,2,sha256:8df6ce855376bdeaafb4f4594af36d447b2dfda7e4d237908cf57581d383d45a,50000,20260717T120435635390Z,909,mask_fragment-n50000-w2048-m0100-s909
mask_fragment,58ced0e286dfa2b04542a7873472fb4400aeb830,late_mask_fragment,2048,184.619199950248,102400000,0.1,5000,0,sha256:c31a5394c72fa4480e21e21f18941a529737407325437b881b853a480254b8dd,3,sha256:8df6ce855376bdeaafb4f4594af36d447b2dfda7e4d237908cf57581d383d45a,50000,20260717T120435635390Z,909,mask_fragment-n50000-w2048-m0100-s909
mask_fragment,58ced0e286dfa2b04542a7873472fb4400aeb830,early_mask_fragment,2048,1391.3054000004195,102400000,0.1,5000,1,sha256:1a43e0ddf8cc02438cc76d27ba1cce86da34109d2e43dcc8ed7c9d581b95b39d,3,sha256:8df6ce855376bdeaafb4f4594af36d447b2dfda7e4d237908cf57581d383d45a,50000,20260717T120435635390Z,909,mask_fragment-n50000-w2048-m0100-s909
mask_fragment,58ced0e286dfa2b04542a7873472fb4400aeb830,early_mask_fragment,2048,1420.2063000411727,102400000,0.1,5000,0,sha256:1a43e0ddf8cc02438cc76d27ba1cce86da34109d2e43dcc8ed7c9d581b95b39d,4,sha256:8df6ce855376bdeaafb4f4594af36d447b2dfda7e4d237908cf57581d383d45a,50000,20260717T120435635390Z,909,mask_fragment-n50000-w2048-m0100-s909
mask_fragment,58ced0e286dfa2b04542a7873472fb4400aeb830,late_mask_fragment,2048,148.8979000132531,102400000,0.1,5000,1,sha256:c31a5394c72fa4480e21e21f18941a529737407325437b881b853a480254b8dd,4,sha256:8df6ce855376bdeaafb4f4594af36d447b2dfda7e4d237908cf57581d383d45a,50000,20260717T120435635390Z,909,mask_fragment-n50000-w2048-m0100-s909
mask_fragment,58ced0e286dfa2b04542a7873472fb4400aeb830,late_mask_fragment,2048,150.9026000276208,102400000,0.1,5000,0,sha256:c31a5394c72fa4480e21e21f18941a529737407325437b881b853a480254b8dd,5,sha256:8df6ce855376bdeaafb4f4594af36d447b2dfda7e4d237908cf57581d383d45a,50000,20260717T120435635390Z,909,mask_fragment-n50000-w2048-m0100-s909
mask_fragment,58ced0e286dfa2b04542a7873472fb4400aeb830,early_mask_fragment,2048,1438.4718000073917,102400000,0.1,5000,1,sha256:1a43e0ddf8cc02438cc76d27ba1cce86da34109d2e43dcc8ed7c9d581b95b39d,5,sha256:8df6ce855376bdeaafb4f4594af36d447b2dfda7e4d237908cf57581d383d45a,50000,20260717T120435635390Z,909,mask_fragment-n50000-w2048-m0100-s909
mask_fragment,58ced0e286dfa2b04542a7873472fb4400aeb830,early_mask_fragment,2048,1513.02279997617,102400000,0.1,5000,0,sha256:1a43e0ddf8cc02438cc76d27ba1cce86da34109d2e43dcc8ed7c9d581b95b39d,6,sha256:8df6ce855376bdeaafb4f4594af36d447b2dfda7e4d237908cf57581d383d45a,50000,20260717T120435635390Z,909,mask_fragment-n50000-w2048-m0100-s909
mask_fragment,58ced0e286dfa2b04542a7873472fb4400aeb830,late_mask_fragment,2048,140.7179000088945,102400000,0.1,5000,1,sha256:c31a5394c72fa4480e21e21f18941a529737407325437b881b853a480254b8dd,6,sha256:8df6ce855376bdeaafb4f4594af36d447b2dfda7e4d237908cf57581d383d45a,50000,20260717T120435635390Z,909,mask_fragment-n50000-w2048-m0100-s909
mask_fragment,58ced0e286dfa2b04542a7873472fb4400aeb830,late_mask_fragment,2048,160.55540001252666,102400000,0.1,5000,0,sha256:c31a5394c72fa4480e21e21f18941a529737407325437b881b853a480254b8dd,7,sha256:8df6ce855376bdeaafb4f4594af36d447b2dfda7e4d237908cf57581d383d45a,50000,20260717T120435635390Z,909,mask_fragment-n50000-w2048-m0100-s909
mask_fragment,58ced0e286dfa2b04542a7873472fb4400aeb830,early_mask_fragment,2048,1550.4184999736026,102400000,0.1,5000,1,sha256:1a43e0ddf8cc02438cc76d27ba1cce86da34109d2e43dcc8ed7c9d581b95b39d,7,sha256:8df6ce855376bdeaafb4f4594af36d447b2dfda7e4d237908cf57581d383d45a,50000,20260717T120435635390Z,909,mask_fragment-n50000-w2048-m0100-s909
mask_fragment,58ced0e286dfa2b04542a7873472fb4400aeb830,early_mask_fragment,2048,1409.5694000134245,102400000,0.1,5000,0,sha256:1a43e0ddf8cc02438cc76d27ba1cce86da34109d2e43dcc8ed7c9d581b95b39d,8,sha256:8df6ce855376bdeaafb4f4594af36d447b2dfda7e4d237908cf57581d383d45a,50000,20260717T120435635390Z,909,mask_fragment-n50000-w2048-m0100-s909
mask_fragment,58ced0e286dfa2b04542a7873472fb4400aeb830,late_mask_fragment,2048,137.08329998189583,102400000,0.1,5000,1,sha256:c31a5394c72fa4480e21e21f18941a529737407325437b881b853a480254b8dd,8,sha256:8df6ce855376bdeaafb4f4594af36d447b2dfda7e4d237908cf57581d383d45a,50000,20260717T120435635390Z,909,mask_fragment-n50000-w2048-m0100-s909
mask_fragment,58ced0e286dfa2b04542a7873472fb4400aeb830,late_mask_fragment,2048,119.96059998637065,102400000,0.1,5000,0,sha256:c31a5394c72fa4480e21e21f18941a529737407325437b881b853a480254b8dd,9,sha256:8df6ce855376bdeaafb4f4594af36d447b2dfda7e4d237908cf57581d383d45a,50000,20260717T120435635390Z,909,mask_fragment-n50000-w2048-m0100-s909
mask_fragment,58ced0e286dfa2b04542a7873472fb4400aeb830,early_mask_fragment,2048,1556.828599947039,102400000,0.1,5000,1,sha256:1a43e0ddf8cc02438cc76d27ba1cce86da34109d2e43dcc8ed7c9d581b95b39d,9,sha256:8df6ce855376bdeaafb4f4594af36d447b2dfda7e4d237908cf57581d383d45a,50000,20260717T120435635390Z,909,mask_fragment-n50000-w2048-m0100-s909
mask_fragment,58ced0e286dfa2b04542a7873472fb4400aeb830,early_mask_fragment,2048,1471.5127000235952,102400000,0.1,5000,0,sha256:1a43e0ddf8cc02438cc76d27ba1cce86da34109d2e43dcc8ed7c9d581b95b39d,10,sha256:8df6ce855376bdeaafb4f4594af36d447b2dfda7e4d237908cf57581d383d45a,50000,20260717T120435635390Z,909,mask_fragment-n50000-w2048-m0100-s909
mask_fragment,58ced0e286dfa2b04542a7873472fb4400aeb830,late_mask_fragment,2048,128.67020000703633,102400000,0.1,5000,1,sha256:c31a5394c72fa4480e21e21f18941a529737407325437b881b853a480254b8dd,10,sha256:8df6ce855376bdeaafb4f4594af36d447b2dfda7e4d237908cf57581d383d45a,50000,20260717T120435635390Z,909,mask_fragment-n50000-w2048-m0100-s909
mask_fragment,58ced0e286dfa2b04542a7873472fb4400aeb830,late_mask_fragment,2048,126.16250000428408,102400000,0.1,5000,0,sha256:c31a5394c72fa4480e21e21f18941a529737407325437b881b853a480254b8dd,11,sha256:8df6ce855376bdeaafb4f4594af36d447b2dfda7e4d237908cf57581d383d45a,50000,20260717T120435635390Z,909,mask_fragment-n50000-w2048-m0100-s909
mask_fragment,58ced0e286dfa2b04542a7873472fb4400aeb830,early_mask_fragment,2048,1440.823100041598,102400000,0.1,5000,1,sha256:1a43e0ddf8cc02438cc76d27ba1cce86da34109d2e43dcc8ed7c9d581b95b39d,11,sha256:8df6ce855376bdeaafb4f4594af36d447b2dfda7e4d237908cf57581d383d45a,50000,20260717T120435635390Z,909,mask_fragment-n50000-w2048-m0100-s909
mask_fragment,58ced0e286dfa2b04542a7873472fb4400aeb830,early_mask_fragment,2048,1427.0295000169426,102400000,0.1,5000,0,sha256:1a43e0ddf8cc02438cc76d27ba1cce86da34109d2e43dcc8ed7c9d581b95b39d,12,sha256:8df6ce855376bdeaafb4f4594af36d447b2dfda7e4d237908cf57581d383d45a,50000,20260717T120435635390Z,909,mask_fragment-n50000-w2048-m0100-s909
mask_fragment,58ced0e286dfa2b04542a7873472fb4400aeb830,late_mask_fragment,2048,124.31859999196604,102400000,0.1,5000,1,sha256:c31a5394c72fa4480e21e21f18941a529737407325437b881b853a480254b8dd,12,sha256:8df6ce855376bdeaafb4f4594af36d447b2dfda7e4d237908cf57581d383d45a,50000,20260717T120435635390Z,909,mask_fragment-n50000-w2048-m0100-s909
mask_fragment,58ced0e286dfa2b04542a7873472fb4400aeb830,late_mask_fragment,2048,137.2849000035785,102400000,0.1,5000,0,sha256:c31a5394c72fa4480e21e21f18941a529737407325437b881b853a480254b8dd,13,sha256:8df6ce855376bdeaafb4f4594af36d447b2dfda7e4d237908cf57581d383d45a,50000,20260717T120435635390Z,909,mask_fragment-n50000-w2048-m0100-s909
mask_fragment,58ced0e286dfa2b04542a7873472fb4400aeb830,early_mask_fragment,2048,1418.9184000133537,102400000,0.1,5000,1,sha256:1a43e0ddf8cc02438cc76d27ba1cce86da34109d2e43dcc8ed7c9d581b95b39d,13,sha256:8df6ce855376bdeaafb4f4594af36d447b2dfda7e4d237908cf57581d383d45a,50000,20260717T120435635390Z,909,mask_fragment-n50000-w2048-m0100-s909
mask_fragment,58ced0e286dfa2b04542a7873472fb4400aeb830,early_mask_fragment,2048,1217.2231000149623,102400000,0.1,5000,0,sha256:1a43e0ddf8cc02438cc76d27ba1cce86da34109d2e43dcc8ed7c9d581b95b39d,14,sha256:8df6ce855376bdeaafb4f4594af36d447b2dfda7e4d237908cf57581d383d45a,50000,20260717T120435635390Z,909,mask_fragment-n50000-w2048-m0100-s909
mask_fragment,58ced0e286dfa2b04542a7873472fb4400aeb830,late_mask_fragment,2048,119.78270002873614,102400000,0.1,5000,1,sha256:c31a5394c72fa4480e21e21f18941a529737407325437b881b853a480254b8dd,14,sha256:8df6ce855376bdeaafb4f4594af36d447b2dfda7e4d237908cf57581d383d45a,50000,20260717T120435635390Z,909,mask_fragment-n50000-w2048-m0100-s909
mask_fragment,58ced0e286dfa2b04542a7873472fb4400aeb830,early_mask_fragment,2048,1509.6623999997973,102400000,0.5,25000,0,sha256:1a43e0ddf8cc02438cc76d27ba1cce86da34109d2e43dcc8ed7c9d581b95b39d,0,sha256:ec97be7f240cae3c19d9cd19c5b6b138ccaf459eed053d9199344416ada21f09,50000,20260717T120435635390Z,707,mask_fragment-n50000-w2048-m0500-s707
mask_fragment,58ced0e286dfa2b04542a7873472fb4400aeb830,late_mask_fragment,2048,700.8327000075951,102400000,0.5,25000,1,sha256:c31a5394c72fa4480e21e21f18941a529737407325437b881b853a480254b8dd,0,sha256:ec97be7f240cae3c19d9cd19c5b6b138ccaf459eed053d9199344416ada21f09,50000,20260717T120435635390Z,707,mask_fragment-n50000-w2048-m0500-s707
mask_fragment,58ced0e286dfa2b04542a7873472fb4400aeb830,late_mask_fragment,2048,806.560900004115,102400000,0.5,25000,0,sha256:c31a5394c72fa4480e21e21f18941a529737407325437b881b853a480254b8dd,1,sha256:ec97be7f240cae3c19d9cd19c5b6b138ccaf459eed053d9199344416ada21f09,50000,20260717T120435635390Z,707,mask_fragment-n50000-w2048-m0500-s707
mask_fragment,58ced0e286dfa2b04542a7873472fb4400aeb830,early_mask_fragment,2048,2111.9710000348277,102400000,0.5,25000,1,sha256:1a43e0ddf8cc02438cc76d27ba1cce86da34109d2e43dcc8ed7c9d581b95b39d,1,sha256:ec97be7f240cae3c19d9cd19c5b6b138ccaf459eed053d9199344416ada21f09,50000,20260717T120435635390Z,707,mask_fragment-n50000-w2048-m0500-s707
mask_fragment,58ced0e286dfa2b04542a7873472fb4400aeb830,early_mask_fragment,2048,2194.2866000463255,102400000,0.5,25000,0,sha256:1a43e0ddf8cc02438cc76d27ba1cce86da34109d2e43dcc8ed7c9d581b95b39d,2,sha256:ec97be7f240cae3c19d9cd19c5b6b138ccaf459eed053d9199344416ada21f09,50000,20260717T120435635390Z,707,mask_fragment-n50000-w2048-m0500-s707
mask_fragment,58ced0e286dfa2b04542a7873472fb4400aeb830,late_mask_fragment,2048,645.4601000295952,102400000,0.5,25000,1,sha256:c31a5394c72fa4480e21e21f18941a529737407325437b881b853a480254b8dd,2,sha256:ec97be7f240cae3c19d9cd19c5b6b138ccaf459eed053d9199344416ada21f09,50000,20260717T120435635390Z,707,mask_fragment-n50000-w2048-m0500-s707
mask_fragment,58ced0e286dfa2b04542a7873472fb4400aeb830,late_mask_fragment,2048,622.368699987419,102400000,0.5,25000,0,sha256:c31a5394c72fa4480e21e21f18941a529737407325437b881b853a480254b8dd,3,sha256:ec97be7f240cae3c19d9cd19c5b6b138ccaf459eed053d9199344416ada21f09,50000,20260717T120435635390Z,707,mask_fragment-n50000-w2048-m0500-s707
mask_fragment,58ced0e286dfa2b04542a7873472fb4400aeb830,early_mask_fragment,2048,1354.3147000018507,102400000,0.5,25000,1,sha256:1a43e0ddf8cc02438cc76d27ba1cce86da34109d2e43dcc8ed7c9d581b95b39d,3,sha256:ec97be7f240cae3c19d9cd19c5b6b138ccaf459eed053d9199344416ada21f09,50000,20260717T120435635390Z,707,mask_fragment-n50000-w2048-m0500-s707
mask_fragment,58ced0e286dfa2b04542a7873472fb4400aeb830,early_mask_fragment,2048,1366.4887000340968,102400000,0.5,25000,0,sha256:1a43e0ddf8cc02438cc76d27ba1cce86da34109d2e43dcc8ed7c9d581b95b39d,4,sha256:ec97be7f240cae3c19d9cd19c5b6b138ccaf459eed053d9199344416ada21f09,50000,20260717T120435635390Z,707,mask_fragment-n50000-w2048-m0500-s707
mask_fragment,58ced0e286dfa2b04542a7873472fb4400aeb830,late_mask_fragment,2048,556.3186000217684,102400000,0.5,25000,1,sha256:c31a5394c72fa4480e21e21f18941a529737407325437b881b853a480254b8dd,4,sha256:ec97be7f240cae3c19d9cd19c5b6b138ccaf459eed053d9199344416ada21f09,50000,20260717T120435635390Z,707,mask_fragment-n50000-w2048-m0500-s707
mask_fragment,58ced0e286dfa2b04542a7873472fb4400aeb830,late_mask_fragment,2048,642.4321999656968,102400000,0.5,25000,0,sha256:c31a5394c72fa4480e21e21f18941a529737407325437b881b853a480254b8dd,5,sha256:ec97be7f240cae3c19d9cd19c5b6b138ccaf459eed053d9199344416ada21f09,50000,20260717T120435635390Z,707,mask_fragment-n50000-w2048-m0500-s707
mask_fragment,58ced0e286dfa2b04542a7873472fb4400aeb830,early_mask_fragment,2048,1423.0528000043705,102400000,0.5,25000,1,sha256:1a43e0ddf8cc02438cc76d27ba1cce86da34109d2e43dcc8ed7c9d581b95b39d,5,sha256:ec97be7f240cae3c19d9cd19c5b6b138ccaf459eed053d9199344416ada21f09,50000,20260717T120435635390Z,707,mask_fragment-n50000-w2048-m0500-s707
mask_fragment,58ced0e286dfa2b04542a7873472fb4400aeb830,early_mask_fragment,2048,1361.8417999823578,102400000,0.5,25000,0,sha256:1a43e0ddf8cc02438cc76d27ba1cce86da34109d2e43dcc8ed7c9d581b95b39d,6,sha256:ec97be7f240cae3c19d9cd19c5b6b138ccaf459eed053d9199344416ada21f09,50000,20260717T120435635390Z,707,mask_fragment-n50000-w2048-m0500-s707
mask_fragment,58ced0e286dfa2b04542a7873472fb4400aeb830,late_mask_fragment,2048,600.0375999719836,102400000,0.5,25000,1,sha256:c31a5394c72fa4480e21e21f18941a529737407325437b881b853a480254b8dd,6,sha256:ec97be7f240cae3c19d9cd19c5b6b138ccaf459eed053d9199344416ada21f09,50000,20260717T120435635390Z,707,mask_fragment-n50000-w2048-m0500-s707
mask_fragment,58ced0e286dfa2b04542a7873472fb4400aeb830,late_mask_fragment,2048,644.0052000107244,102400000,0.5,25000,0,sha256:c31a5394c72fa4480e21e21f18941a529737407325437b881b853a480254b8dd,7,sha256:ec97be7f240cae3c19d9cd19c5b6b138ccaf459eed053d9199344416ada21f09,50000,20260717T120435635390Z,707,mask_fragment-n50000-w2048-m0500-s707
mask_fragment,58ced0e286dfa2b04542a7873472fb4400aeb830,early_mask_fragment,2048,1445.0843000086024,102400000,0.5,25000,1,sha256:1a43e0ddf8cc02438cc76d27ba1cce86da34109d2e43dcc8ed7c9d581b95b39d,7,sha256:ec97be7f240cae3c19d9cd19c5b6b138ccaf459eed053d9199344416ada21f09,50000,20260717T120435635390Z,707,mask_fragment-n50000-w2048-m0500-s707
mask_fragment,58ced0e286dfa2b04542a7873472fb4400aeb830,early_mask_fragment,2048,1674.3039999855682,102400000,0.5,25000,0,sha256:1a43e0ddf8cc02438cc76d27ba1cce86da34109d2e43dcc8ed7c9d581b95b39d,8,sha256:ec97be7f240cae3c19d9cd19c5b6b138ccaf459eed053d9199344416ada21f09,50000,20260717T120435635390Z,707,mask_fragment-n50000-w2048-m0500-s707
mask_fragment,58ced0e286dfa2b04542a7873472fb4400aeb830,late_mask_fragment,2048,834.6705999574624,102400000,0.5,25000,1,sha256:c31a5394c72fa4480e21e21f18941a529737407325437b881b853a480254b8dd,8,sha256:ec97be7f240cae3c19d9cd19c5b6b138ccaf459eed053d9199344416ada21f09,50000,20260717T120435635390Z,707,mask_fragment-n50000-w2048-m0500-s707
mask_fragment,58ced0e286dfa2b04542a7873472fb4400aeb830,late_mask_fragment,2048,787.8245000028983,102400000,0.5,25000,0,sha256:c31a5394c72fa4480e21e21f18941a529737407325437b881b853a480254b8dd,9,sha256:ec97be7f240cae3c19d9cd19c5b6b138ccaf459eed053d9199344416ada21f09,50000,20260717T120435635390Z,707,mask_fragment-n50000-w2048-m0500-s707
mask_fragment,58ced0e286dfa2b04542a7873472fb4400aeb830,early_mask_fragment,2048,1579.6910999924876,102400000,0.5,25000,1,sha256:1a43e0ddf8cc02438cc76d27ba1cce86da34109d2e43dcc8ed7c9d581b95b39d,9,sha256:ec97be7f240cae3c19d9cd19c5b6b138ccaf459eed053d9199344416ada21f09,50000,20260717T120435635390Z,707,mask_fragment-n50000-w2048-m0500-s707
mask_fragment,58ced0e286dfa2b04542a7873472fb4400aeb830,early_mask_fragment,2048,1399.9075000174344,102400000,0.5,25000,0,sha256:1a43e0ddf8cc02438cc76d27ba1cce86da34109d2e43dcc8ed7c9d581b95b39d,10,sha256:ec97be7f240cae3c19d9cd19c5b6b138ccaf459eed053d9199344416ada21f09,50000,20260717T120435635390Z,707,mask_fragment-n50000-w2048-m0500-s707
mask_fragment,58ced0e286dfa2b04542a7873472fb4400aeb830,late_mask_fragment,2048,601.0137000121176,102400000,0.5,25000,1,sha256:c31a5394c72fa4480e21e21f18941a529737407325437b881b853a480254b8dd,10,sha256:ec97be7f240cae3c19d9cd19c5b6b138ccaf459eed053d9199344416ada21f09,50000,20260717T120435635390Z,707,mask_fragment-n50000-w2048-m0500-s707
mask_fragment,58ced0e286dfa2b04542a7873472fb4400aeb830,late_mask_fragment,2048,691.6415000450797,102400000,0.5,25000,0,sha256:c31a5394c72fa4480e21e21f18941a529737407325437b881b853a480254b8dd,11,sha256:ec97be7f240cae3c19d9cd19c5b6b138ccaf459eed053d9199344416ada21f09,50000,20260717T120435635390Z,707,mask_fragment-n50000-w2048-m0500-s707
mask_fragment,58ced0e286dfa2b04542a7873472fb4400aeb830,early_mask_fragment,2048,1359.5423999940977,102400000,0.5,25000,1,sha256:1a43e0ddf8cc02438cc76d27ba1cce86da34109d2e43dcc8ed7c9d581b95b39d,11,sha256:ec97be7f240cae3c19d9cd19c5b6b138ccaf459eed053d9199344416ada21f09,50000,20260717T120435635390Z,707,mask_fragment-n50000-w2048-m0500-s707
mask_fragment,58ced0e286dfa2b04542a7873472fb4400aeb830,early_mask_fragment,2048,1303.215999971144,102400000,0.5,25000,0,sha256:1a43e0ddf8cc02438cc76d27ba1cce86da34109d2e43dcc8ed7c9d581b95b39d,12,sha256:ec97be7f240cae3c19d9cd19c5b6b138ccaf459eed053d9199344416ada21f09,50000,20260717T120435635390Z,707,mask_fragment-n50000-w2048-m0500-s707
mask_fragment,58ced0e286dfa2b04542a7873472fb4400aeb830,late_mask_fragment,2048,586.3064000150189,102400000,0.5,25000,1,sha256:c31a5394c72fa4480e21e21f18941a529737407325437b881b853a480254b8dd,12,sha256:ec97be7f240cae3c19d9cd19c5b6b138ccaf459eed053d9199344416ada21f09,50000,20260717T120435635390Z,707,mask_fragment-n50000-w2048-m0500-s707
mask_fragment,58ced0e286dfa2b04542a7873472fb4400aeb830,late_mask_fragment,2048,748.0300000170246,102400000,0.5,25000,0,sha256:c31a5394c72fa4480e21e21f18941a529737407325437b881b853a480254b8dd,13,sha256:ec97be7f240cae3c19d9cd19c5b6b138ccaf459eed053d9199344416ada21f09,50000,20260717T120435635390Z,707,mask_fragment-n50000-w2048-m0500-s707
mask_fragment,58ced0e286dfa2b04542a7873472fb4400aeb830,early_mask_fragment,2048,1598.6742000095546,102400000,0.5,25000,1,sha256:1a43e0ddf8cc02438cc76d27ba1cce86da34109d2e43dcc8ed7c9d581b95b39d,13,sha256:ec97be7f240cae3c19d9cd19c5b6b138ccaf459eed053d9199344416ada21f09,50000,20260717T120435635390Z,707,mask_fragment-n50000-w2048-m0500-s707
mask_fragment,58ced0e286dfa2b04542a7873472fb4400aeb830,early_mask_fragment,2048,1444.4567000027746,102400000,0.5,25000,0,sha256:1a43e0ddf8cc02438cc76d27ba1cce86da34109d2e43dcc8ed7c9d581b95b39d,14,sha256:ec97be7f240cae3c19d9cd19c5b6b138ccaf459eed053d9199344416ada21f09,50000,20260717T120435635390Z,707,mask_fragment-n50000-w2048-m0500-s707
mask_fragment,58ced0e286dfa2b04542a7873472fb4400aeb830,late_mask_fragment,2048,704.6617000014521,102400000,0.5,25000,1,sha256:c31a5394c72fa4480e21e21f18941a529737407325437b881b853a480254b8dd,14,sha256:ec97be7f240cae3c19d9cd19c5b6b138ccaf459eed053d9199344416ada21f09,50000,20260717T120435635390Z,707,mask_fragment-n50000-w2048-m0500-s707
mask_fragment,58ced0e286dfa2b04542a7873472fb4400aeb830,late_mask_fragment,2048,631.4320000237785,102400000,0.5,25000,0,sha256:c31a5394c72fa4480e21e21f18941a529737407325437b881b853a480254b8dd,0,sha256:23dd0de652b1c41d4310fe92529666b89d28b41e0d8ee45f2726e609b924daa8,50000,20260717T120435635390Z,808,mask_fragment-n50000-w2048-m0500-s808
mask_fragment,58ced0e286dfa2b04542a7873472fb4400aeb830,early_mask_fragment,2048,1431.313700042665,102400000,0.5,25000,1,sha256:1a43e0ddf8cc02438cc76d27ba1cce86da34109d2e43dcc8ed7c9d581b95b39d,0,sha256:23dd0de652b1c41d4310fe92529666b89d28b41e0d8ee45f2726e609b924daa8,50000,20260717T120435635390Z,808,mask_fragment-n50000-w2048-m0500-s808
mask_fragment,58ced0e286dfa2b04542a7873472fb4400aeb830,early_mask_fragment,2048,1532.9124000272714,102400000,0.5,25000,0,sha256:1a43e0ddf8cc02438cc76d27ba1cce86da34109d2e43dcc8ed7c9d581b95b39d,1,sha256:23dd0de652b1c41d4310fe92529666b89d28b41e0d8ee45f2726e609b924daa8,50000,20260717T120435635390Z,808,mask_fragment-n50000-w2048-m0500-s808
mask_fragment,58ced0e286dfa2b04542a7873472fb4400aeb830,late_mask_fragment,2048,585.8700000098906,102400000,0.5,25000,1,sha256:c31a5394c72fa4480e21e21f18941a529737407325437b881b853a480254b8dd,1,sha256:23dd0de652b1c41d4310fe92529666b89d28b41e0d8ee45f2726e609b924daa8,50000,20260717T120435635390Z,808,mask_fragment-n50000-w2048-m0500-s808
mask_fragment,58ced0e286dfa2b04542a7873472fb4400aeb830,late_mask_fragment,2048,559.5692999777384,102400000,0.5,25000,0,sha256:c31a5394c72fa4480e21e21f18941a529737407325437b881b853a480254b8dd,2,sha256:23dd0de652b1c41d4310fe92529666b89d28b41e0d8ee45f2726e609b924daa8,50000,20260717T120435635390Z,808,mask_fragment-n50000-w2048-m0500-s808
mask_fragment,58ced0e286dfa2b04542a7873472fb4400aeb830,early_mask_fragment,2048,1319.2045000032522,102400000,0.5,25000,1,sha256:1a43e0ddf8cc02438cc76d27ba1cce86da34109d2e43dcc8ed7c9d581b95b39d,2,sha256:23dd0de652b1c41d4310fe92529666b89d28b41e0d8ee45f2726e609b924daa8,50000,20260717T120435635390Z,808,mask_fragment-n50000-w2048-m0500-s808
mask_fragment,58ced0e286dfa2b04542a7873472fb4400aeb830,early_mask_fragment,2048,1374.4347000028938,102400000,0.5,25000,0,sha256:1a43e0ddf8cc02438cc76d27ba1cce86da34109d2e43dcc8ed7c9d581b95b39d,3,sha256:23dd0de652b1c41d4310fe92529666b89d28b41e0d8ee45f2726e609b924daa8,50000,20260717T120435635390Z,808,mask_fragment-n50000-w2048-m0500-s808
mask_fragment,58ced0e286dfa2b04542a7873472fb4400aeb830,late_mask_fragment,2048,592.3160000238568,102400000,0.5,25000,1,sha256:c31a5394c72fa4480e21e21f18941a529737407325437b881b853a480254b8dd,3,sha256:23dd0de652b1c41d4310fe92529666b89d28b41e0d8ee45f2726e609b924daa8,50000,20260717T120435635390Z,808,mask_fragment-n50000-w2048-m0500-s808
mask_fragment,58ced0e286dfa2b04542a7873472fb4400aeb830,late_mask_fragment,2048,559.6476999926381,102400000,0.5,25000,0,sha256:c31a5394c72fa4480e21e21f18941a529737407325437b881b853a480254b8dd,4,sha256:23dd0de652b1c41d4310fe92529666b89d28b41e0d8ee45f2726e609b924daa8,50000,20260717T120435635390Z,808,mask_fragment-n50000-w2048-m0500-s808
mask_fragment,58ced0e286dfa2b04542a7873472fb4400aeb830,early_mask_fragment,2048,1391.8495000107214,102400000,0.5,25000,1,sha256:1a43e0ddf8cc02438cc76d27ba1cce86da34109d2e43dcc8ed7c9d581b95b39d,4,sha256:23dd0de652b1c41d4310fe92529666b89d28b41e0d8ee45f2726e609b924daa8,50000,20260717T120435635390Z,808,mask_fragment-n50000-w2048-m0500-s808
mask_fragment,58ced0e286dfa2b04542a7873472fb4400aeb830,early_mask_fragment,2048,1318.2214999687858,102400000,0.5,25000,0,sha256:1a43e0ddf8cc02438cc76d27ba1cce86da34109d2e43dcc8ed7c9d581b95b39d,5,sha256:23dd0de652b1c41d4310fe92529666b89d28b41e0d8ee45f2726e609b924daa8,50000,20260717T120435635390Z,808,mask_fragment-n50000-w2048-m0500-s808
mask_fragment,58ced0e286dfa2b04542a7873472fb4400aeb830,late_mask_fragment,2048,673.4925999771804,102400000,0.5,25000,1,sha256:c31a5394c72fa4480e21e21f18941a529737407325437b881b853a480254b8dd,5,sha256:23dd0de652b1c41d4310fe92529666b89d28b41e0d8ee45f2726e609b924daa8,50000,20260717T120435635390Z,808,mask_fragment-n50000-w2048-m0500-s808
mask_fragment,58ced0e286dfa2b04542a7873472fb4400aeb830,late_mask_fragment,2048,578.0355000169948,102400000,0.5,25000,0,sha256:c31a5394c72fa4480e21e21f18941a529737407325437b881b853a480254b8dd,6,sha256:23dd0de652b1c41d4310fe92529666b89d28b41e0d8ee45f2726e609b924daa8,50000,20260717T120435635390Z,808,mask_fragment-n50000-w2048-m0500-s808
mask_fragment,58ced0e286dfa2b04542a7873472fb4400aeb830,early_mask_fragment,2048,1341.460699972231,102400000,0.5,25000,1,sha256:1a43e0ddf8cc02438cc76d27ba1cce86da34109d2e43dcc8ed7c9d581b95b39d,6,sha256:23dd0de652b1c41d4310fe92529666b89d28b41e0d8ee45f2726e609b924daa8,50000,20260717T120435635390Z,808,mask_fragment-n50000-w2048-m0500-s808
mask_fragment,58ced0e286dfa2b04542a7873472fb4400aeb830,early_mask_fragment,2048,1358.2352000521496,102400000,0.5,25000,0,sha256:1a43e0ddf8cc02438cc76d27ba1cce86da34109d2e43dcc8ed7c9d581b95b39d,7,sha256:23dd0de652b1c41d4310fe92529666b89d28b41e0d8ee45f2726e609b924daa8,50000,20260717T120435635390Z,808,mask_fragment-n50000-w2048-m0500-s808
mask_fragment,58ced0e286dfa2b04542a7873472fb4400aeb830,late_mask_fragment,2048,584.9241000250913,102400000,0.5,25000,1,sha256:c31a5394c72fa4480e21e21f18941a529737407325437b881b853a480254b8dd,7,sha256:23dd0de652b1c41d4310fe92529666b89d28b41e0d8ee45f2726e609b924daa8,50000,20260717T120435635390Z,808,mask_fragment-n50000-w2048-m0500-s808
mask_fragment,58ced0e286dfa2b04542a7873472fb4400aeb830,late_mask_fragment,2048,679.9095999449492,102400000,0.5,25000,0,sha256:c31a5394c72fa4480e21e21f18941a529737407325437b881b853a480254b8dd,8,sha256:23dd0de652b1c41d4310fe92529666b89d28b41e0d8ee45f2726e609b924daa8,50000,20260717T120435635390Z,808,mask_fragment-n50000-w2048-m0500-s808
mask_fragment,58ced0e286dfa2b04542a7873472fb4400aeb830,early_mask_fragment,2048,1489.5515000098385,102400000,0.5,25000,1,sha256:1a43e0ddf8cc02438cc76d27ba1cce86da34109d2e43dcc8ed7c9d581b95b39d,8,sha256:23dd0de652b1c41d4310fe92529666b89d28b41e0d8ee45f2726e609b924daa8,50000,20260717T120435635390Z,808,mask_fragment-n50000-w2048-m0500-s808
mask_fragment,58ced0e286dfa2b04542a7873472fb4400aeb830,early_mask_fragment,2048,1126.9336999976076,102400000,0.5,25000,0,sha256:1a43e0ddf8cc02438cc76d27ba1cce86da34109d2e43dcc8ed7c9d581b95b39d,9,sha256:23dd0de652b1c41d4310fe92529666b89d28b41e0d8ee45f2726e609b924daa8,50000,20260717T120435635390Z,808,mask_fragment-n50000-w2048-m0500-s808
mask_fragment,58ced0e286dfa2b04542a7873472fb4400aeb830,late_mask_fragment,2048,673.0877000372857,102400000,0.5,25000,1,sha256:c31a5394c72fa4480e21e21f18941a529737407325437b881b853a480254b8dd,9,sha256:23dd0de652b1c41d4310fe92529666b89d28b41e0d8ee45f2726e609b924daa8,50000,20260717T120435635390Z,808,mask_fragment-n50000-w2048-m0500-s808
mask_fragment,58ced0e286dfa2b04542a7873472fb4400aeb830,late_mask_fragment,2048,570.2833000104874,102400000,0.5,25000,0,sha256:c31a5394c72fa4480e21e21f18941a529737407325437b881b853a480254b8dd,10,sha256:23dd0de652b1c41d4310fe92529666b89d28b41e0d8ee45f2726e609b924daa8,50000,20260717T120435635390Z,808,mask_fragment-n50000-w2048-m0500-s808
mask_fragment,58ced0e286dfa2b04542a7873472fb4400aeb830,early_mask_fragment,2048,1359.4715999788605,102400000,0.5,25000,1,sha256:1a43e0ddf8cc02438cc76d27ba1cce86da34109d2e43dcc8ed7c9d581b95b39d,10,sha256:23dd0de652b1c41d4310fe92529666b89d28b41e0d8ee45f2726e609b924daa8,50000,20260717T120435635390Z,808,mask_fragment-n50000-w2048-m0500-s808
mask_fragment,58ced0e286dfa2b04542a7873472fb4400aeb830,early_mask_fragment,2048,1122.6097999606282,102400000,0.5,25000,0,sha256:1a43e0ddf8cc02438cc76d27ba1cce86da34109d2e43dcc8ed7c9d581b95b39d,11,sha256:23dd0de652b1c41d4310fe92529666b89d28b41e0d8ee45f2726e609b924daa8,50000,20260717T120435635390Z,808,mask_fragment-n50000-w2048-m0500-s808
mask_fragment,58ced0e286dfa2b04542a7873472fb4400aeb830,late_mask_fragment,2048,568.4535999898799,102400000,0.5,25000,1,sha256:c31a5394c72fa4480e21e21f18941a529737407325437b881b853a480254b8dd,11,sha256:23dd0de652b1c41d4310fe92529666b89d28b41e0d8ee45f2726e609b924daa8,50000,20260717T120435635390Z,808,mask_fragment-n50000-w2048-m0500-s808
mask_fragment,58ced0e286dfa2b04542a7873472fb4400aeb830,late_mask_fragment,2048,691.8238999787718,102400000,0.5,25000,0,sha256:c31a5394c72fa4480e21e21f18941a529737407325437b881b853a480254b8dd,12,sha256:23dd0de652b1c41d4310fe92529666b89d28b41e0d8ee45f2726e609b924daa8,50000,20260717T120435635390Z,808,mask_fragment-n50000-w2048-m0500-s808
mask_fragment,58ced0e286dfa2b04542a7873472fb4400aeb830,early_mask_fragment,2048,1431.6578999860212,102400000,0.5,25000,1,sha256:1a43e0ddf8cc02438cc76d27ba1cce86da34109d2e43dcc8ed7c9d581b95b39d,12,sha256:23dd0de652b1c41d4310fe92529666b89d28b41e0d8ee45f2726e609b924daa8,50000,20260717T120435635390Z,808,mask_fragment-n50000-w2048-m0500-s808
mask_fragment,58ced0e286dfa2b04542a7873472fb4400aeb830,early_mask_fragment,2048,1342.6522999652661,102400000,0.5,25000,0,sha256:1a43e0ddf8cc02438cc76d27ba1cce86da34109d2e43dcc8ed7c9d581b95b39d,13,sha256:23dd0de652b1c41d4310fe92529666b89d28b41e0d8ee45f2726e609b924daa8,50000,20260717T120435635390Z,808,mask_fragment-n50000-w2048-m0500-s808
mask_fragment,58ced0e286dfa2b04542a7873472fb4400aeb830,late_mask_fragment,2048,674.0521000465378,102400000,0.5,25000,1,sha256:c31a5394c72fa4480e21e21f18941a529737407325437b881b853a480254b8dd,13,sha256:23dd0de652b1c41d4310fe92529666b89d28b41e0d8ee45f2726e609b924daa8,50000,20260717T120435635390Z,808,mask_fragment-n50000-w2048-m0500-s808
mask_fragment,58ced0e286dfa2b04542a7873472fb4400aeb830,late_mask_fragment,2048,582.3738000472076,102400000,0.5,25000,0,sha256:c31a5394c72fa4480e21e21f18941a529737407325437b881b853a480254b8dd,14,sha256:23dd0de652b1c41d4310fe92529666b89d28b41e0d8ee45f2726e609b924daa8,50000,20260717T120435635390Z,808,mask_fragment-n50000-w2048-m0500-s808
mask_fragment,58ced0e286dfa2b04542a7873472fb4400aeb830,early_mask_fragment,2048,1288.023200002499,102400000,0.5,25000,1,sha256:1a43e0ddf8cc02438cc76d27ba1cce86da34109d2e43dcc8ed7c9d581b95b39d,14,sha256:23dd0de652b1c41d4310fe92529666b89d28b41e0d8ee45f2726e609b924daa8,50000,20260717T120435635390Z,808,mask_fragment-n50000-w2048-m0500-s808
mask_fragment,58ced0e286dfa2b04542a7873472fb4400aeb830,late_mask_fragment,2048,652.2350999875925,102400000,0.5,25000,0,sha256:c31a5394c72fa4480e21e21f18941a529737407325437b881b853a480254b8dd,0,sha256:8525d68fa64f8c583b13cdcd5314fe407e7ab2d62a1382fd70e17d62bfe533c9,50000,20260717T120435635390Z,909,mask_fragment-n50000-w2048-m0500-s909
mask_fragment,58ced0e286dfa2b04542a7873472fb4400aeb830,early_mask_fragment,2048,1314.1090999706648,102400000,0.5,25000,1,sha256:1a43e0ddf8cc02438cc76d27ba1cce86da34109d2e43dcc8ed7c9d581b95b39d,0,sha256:8525d68fa64f8c583b13cdcd5314fe407e7ab2d62a1382fd70e17d62bfe533c9,50000,20260717T120435635390Z,909,mask_fragment-n50000-w2048-m0500-s909
mask_fragment,58ced0e286dfa2b04542a7873472fb4400aeb830,early_mask_fragment,2048,1334.9726000451483,102400000,0.5,25000,0,sha256:1a43e0ddf8cc02438cc76d27ba1cce86da34109d2e43dcc8ed7c9d581b95b39d,1,sha256:8525d68fa64f8c583b13cdcd5314fe407e7ab2d62a1382fd70e17d62bfe533c9,50000,20260717T120435635390Z,909,mask_fragment-n50000-w2048-m0500-s909
mask_fragment,58ced0e286dfa2b04542a7873472fb4400aeb830,late_mask_fragment,2048,621.187899960205,102400000,0.5,25000,1,sha256:c31a5394c72fa4480e21e21f18941a529737407325437b881b853a480254b8dd,1,sha256:8525d68fa64f8c583b13cdcd5314fe407e7ab2d62a1382fd70e17d62bfe533c9,50000,20260717T120435635390Z,909,mask_fragment-n50000-w2048-m0500-s909
mask_fragment,58ced0e286dfa2b04542a7873472fb4400aeb830,late_mask_fragment,2048,591.2636000430211,102400000,0.5,25000,0,sha256:c31a5394c72fa4480e21e21f18941a529737407325437b881b853a480254b8dd,2,sha256:8525d68fa64f8c583b13cdcd5314fe407e7ab2d62a1382fd70e17d62bfe533c9,50000,20260717T120435635390Z,909,mask_fragment-n50000-w2048-m0500-s909
mask_fragment,58ced0e286dfa2b04542a7873472fb4400aeb830,early_mask_fragment,2048,1306.397799984552,102400000,0.5,25000,1,sha256:1a43e0ddf8cc02438cc76d27ba1cce86da34109d2e43dcc8ed7c9d581b95b39d,2,sha256:8525d68fa64f8c583b13cdcd5314fe407e7ab2d62a1382fd70e17d62bfe533c9,50000,20260717T120435635390Z,909,mask_fragment-n50000-w2048-m0500-s909
mask_fragment,58ced0e286dfa2b04542a7873472fb4400aeb830,early_mask_fragment,2048,1301.001299987547,102400000,0.5,25000,0,sha256:1a43e0ddf8cc02438cc76d27ba1cce86da34109d2e43dcc8ed7c9d581b95b39d,3,sha256:8525d68fa64f8c583b13cdcd5314fe407e7ab2d62a1382fd70e17d62bfe533c9,50000,20260717T120435635390Z,909,mask_fragment-n50000-w2048-m0500-s909
mask_fragment,58ced0e286dfa2b04542a7873472fb4400aeb830,late_mask_fragment,2048,561.7505999980494,102400000,0.5,25000,1,sha256:c31a5394c72fa4480e21e21f18941a529737407325437b881b853a480254b8dd,3,sha256:8525d68fa64f8c583b13cdcd5314fe407e7ab2d62a1382fd70e17d62bfe533c9,50000,20260717T120435635390Z,909,mask_fragment-n50000-w2048-m0500-s909
mask_fragment,58ced0e286dfa2b04542a7873472fb4400aeb830,late_mask_fragment,2048,729.7906000167131,102400000,0.5,25000,0,sha256:c31a5394c72fa4480e21e21f18941a529737407325437b881b853a480254b8dd,4,sha256:8525d68fa64f8c583b13cdcd5314fe407e7ab2d62a1382fd70e17d62bfe533c9,50000,20260717T120435635390Z,909,mask_fragment-n50000-w2048-m0500-s909
mask_fragment,58ced0e286dfa2b04542a7873472fb4400aeb830,early_mask_fragment,2048,1377.45139998151,102400000,0.5,25000,1,sha256:1a43e0ddf8cc02438cc76d27ba1cce86da34109d2e43dcc8ed7c9d581b95b39d,4,sha256:8525d68fa64f8c583b13cdcd5314fe407e7ab2d62a1382fd70e17d62bfe533c9,50000,20260717T120435635390Z,909,mask_fragment-n50000-w2048-m0500-s909
mask_fragment,58ced0e286dfa2b04542a7873472fb4400aeb830,early_mask_fragment,2048,1294.145899999421,102400000,0.5,25000,0,sha256:1a43e0ddf8cc02438cc76d27ba1cce86da34109d2e43dcc8ed7c9d581b95b39d,5,sha256:8525d68fa64f8c583b13cdcd5314fe407e7ab2d62a1382fd70e17d62bfe533c9,50000,20260717T120435635390Z,909,mask_fragment-n50000-w2048-m0500-s909
mask_fragment,58ced0e286dfa2b04542a7873472fb4400aeb830,late_mask_fragment,2048,810.5584999429993,102400000,0.5,25000,1,sha256:c31a5394c72fa4480e21e21f18941a529737407325437b881b853a480254b8dd,5,sha256:8525d68fa64f8c583b13cdcd5314fe407e7ab2d62a1382fd70e17d62bfe533c9,50000,20260717T120435635390Z,909,mask_fragment-n50000-w2048-m0500-s909
mask_fragment,58ced0e286dfa2b04542a7873472fb4400aeb830,late_mask_fragment,2048,604.8976000165567,102400000,0.5,25000,0,sha256:c31a5394c72fa4480e21e21f18941a529737407325437b881b853a480254b8dd,6,sha256:8525d68fa64f8c583b13cdcd5314fe407e7ab2d62a1382fd70e17d62bfe533c9,50000,20260717T120435635390Z,909,mask_fragment-n50000-w2048-m0500-s909
mask_fragment,58ced0e286dfa2b04542a7873472fb4400aeb830,early_mask_fragment,2048,1294.5612999610603,102400000,0.5,25000,1,sha256:1a43e0ddf8cc02438cc76d27ba1cce86da34109d2e43dcc8ed7c9d581b95b39d,6,sha256:8525d68fa64f8c583b13cdcd5314fe407e7ab2d62a1382fd70e17d62bfe533c9,50000,20260717T120435635390Z,909,mask_fragment-n50000-w2048-m0500-s909
mask_fragment,58ced0e286dfa2b04542a7873472fb4400aeb830,early_mask_fragment,2048,1330.1187999895774,102400000,0.5,25000,0,sha256:1a43e0ddf8cc02438cc76d27ba1cce86da34109d2e43dcc8ed7c9d581b95b39d,7,sha256:8525d68fa64f8c583b13cdcd5314fe407e7ab2d62a1382fd70e17d62bfe533c9,50000,20260717T120435635390Z,909,mask_fragment-n50000-w2048-m0500-s909
mask_fragment,58ced0e286dfa2b04542a7873472fb4400aeb830,late_mask_fragment,2048,606.5773000009358,102400000,0.5,25000,1,sha256:c31a5394c72fa4480e21e21f18941a529737407325437b881b853a480254b8dd,7,sha256:8525d68fa64f8c583b13cdcd5314fe407e7ab2d62a1382fd70e17d62bfe533c9,50000,20260717T120435635390Z,909,mask_fragment-n50000-w2048-m0500-s909
mask_fragment,58ced0e286dfa2b04542a7873472fb4400aeb830,late_mask_fragment,2048,595.9488999797031,102400000,0.5,25000,0,sha256:c31a5394c72fa4480e21e21f18941a529737407325437b881b853a480254b8dd,8,sha256:8525d68fa64f8c583b13cdcd5314fe407e7ab2d62a1382fd70e17d62bfe533c9,50000,20260717T120435635390Z,909,mask_fragment-n50000-w2048-m0500-s909
mask_fragment,58ced0e286dfa2b04542a7873472fb4400aeb830,early_mask_fragment,2048,1249.786000000313,102400000,0.5,25000,1,sha256:1a43e0ddf8cc02438cc76d27ba1cce86da34109d2e43dcc8ed7c9d581b95b39d,8,sha256:8525d68fa64f8c583b13cdcd5314fe407e7ab2d62a1382fd70e17d62bfe533c9,50000,20260717T120435635390Z,909,mask_fragment-n50000-w2048-m0500-s909
mask_fragment,58ced0e286dfa2b04542a7873472fb4400aeb830,early_mask_fragment,2048,1323.6472000135109,102400000,0.5,25000,0,sha256:1a43e0ddf8cc02438cc76d27ba1cce86da34109d2e43dcc8ed7c9d581b95b39d,9,sha256:8525d68fa64f8c583b13cdcd5314fe407e7ab2d62a1382fd70e17d62bfe533c9,50000,20260717T120435635390Z,909,mask_fragment-n50000-w2048-m0500-s909
mask_fragment,58ced0e286dfa2b04542a7873472fb4400aeb830,late_mask_fragment,2048,738.0168000236154,102400000,0.5,25000,1,sha256:c31a5394c72fa4480e21e21f18941a529737407325437b881b853a480254b8dd,9,sha256:8525d68fa64f8c583b13cdcd5314fe407e7ab2d62a1382fd70e17d62bfe533c9,50000,20260717T120435635390Z,909,mask_fragment-n50000-w2048-m0500-s909
mask_fragment,58ced0e286dfa2b04542a7873472fb4400aeb830,late_mask_fragment,2048,843.6708000372164,102400000,0.5,25000,0,sha256:c31a5394c72fa4480e21e21f18941a529737407325437b881b853a480254b8dd,10,sha256:8525d68fa64f8c583b13cdcd5314fe407e7ab2d62a1382fd70e17d62bfe533c9,50000,20260717T120435635390Z,909,mask_fragment-n50000-w2048-m0500-s909
mask_fragment,58ced0e286dfa2b04542a7873472fb4400aeb830,early_mask_fragment,2048,1740.795599995181,102400000,0.5,25000,1,sha256:1a43e0ddf8cc02438cc76d27ba1cce86da34109d2e43dcc8ed7c9d581b95b39d,10,sha256:8525d68fa64f8c583b13cdcd5314fe407e7ab2d62a1382fd70e17d62bfe533c9,50000,20260717T120435635390Z,909,mask_fragment-n50000-w2048-m0500-s909
mask_fragment,58ced0e286dfa2b04542a7873472fb4400aeb830,early_mask_fragment,2048,1644.9805999873206,102400000,0.5,25000,0,sha256:1a43e0ddf8cc02438cc76d27ba1cce86da34109d2e43dcc8ed7c9d581b95b39d,11,sha256:8525d68fa64f8c583b13cdcd5314fe407e7ab2d62a1382fd70e17d62bfe533c9,50000,20260717T120435635390Z,909,mask_fragment-n50000-w2048-m0500-s909
mask_fragment,58ced0e286dfa2b04542a7873472fb4400aeb830,late_mask_fragment,2048,689.5523000275716,102400000,0.5,25000,1,sha256:c31a5394c72fa4480e21e21f18941a529737407325437b881b853a480254b8dd,11,sha256:8525d68fa64f8c583b13cdcd5314fe407e7ab2d62a1382fd70e17d62bfe533c9,50000,20260717T120435635390Z,909,mask_fragment-n50000-w2048-m0500-s909
mask_fragment,58ced0e286dfa2b04542a7873472fb4400aeb830,late_mask_fragment,2048,809.1481999726966,102400000,0.5,25000,0,sha256:c31a5394c72fa4480e21e21f18941a529737407325437b881b853a480254b8dd,12,sha256:8525d68fa64f8c583b13cdcd5314fe407e7ab2d62a1382fd70e17d62bfe533c9,50000,20260717T120435635390Z,909,mask_fragment-n50000-w2048-m0500-s909
mask_fragment,58ced0e286dfa2b04542a7873472fb4400aeb830,early_mask_fragment,2048,1396.6823000228032,102400000,0.5,25000,1,sha256:1a43e0ddf8cc02438cc76d27ba1cce86da34109d2e43dcc8ed7c9d581b95b39d,12,sha256:8525d68fa64f8c583b13cdcd5314fe407e7ab2d62a1382fd70e17d62bfe533c9,50000,20260717T120435635390Z,909,mask_fragment-n50000-w2048-m0500-s909
mask_fragment,58ced0e286dfa2b04542a7873472fb4400aeb830,early_mask_fragment,2048,1451.9469999941066,102400000,0.5,25000,0,sha256:1a43e0ddf8cc02438cc76d27ba1cce86da34109d2e43dcc8ed7c9d581b95b39d,13,sha256:8525d68fa64f8c583b13cdcd5314fe407e7ab2d62a1382fd70e17d62bfe533c9,50000,20260717T120435635390Z,909,mask_fragment-n50000-w2048-m0500-s909
mask_fragment,58ced0e286dfa2b04542a7873472fb4400aeb830,late_mask_fragment,2048,771.342399995774,102400000,0.5,25000,1,sha256:c31a5394c72fa4480e21e21f18941a529737407325437b881b853a480254b8dd,13,sha256:8525d68fa64f8c583b13cdcd5314fe407e7ab2d62a1382fd70e17d62bfe533c9,50000,20260717T120435635390Z,909,mask_fragment-n50000-w2048-m0500-s909
mask_fragment,58ced0e286dfa2b04542a7873472fb4400aeb830,late_mask_fragment,2048,694.6816999698058,102400000,0.5,25000,0,sha256:c31a5394c72fa4480e21e21f18941a529737407325437b881b853a480254b8dd,14,sha256:8525d68fa64f8c583b13cdcd5314fe407e7ab2d62a1382fd70e17d62bfe533c9,50000,20260717T120435635390Z,909,mask_fragment-n50000-w2048-m0500-s909
mask_fragment,58ced0e286dfa2b04542a7873472fb4400aeb830,early_mask_fragment,2048,1439.3867999897338,102400000,0.5,25000,1,sha256:1a43e0ddf8cc02438cc76d27ba1cce86da34109d2e43dcc8ed7c9d581b95b39d,14,sha256:8525d68fa64f8c583b13cdcd5314fe407e7ab2d62a1382fd70e17d62bfe533c9,50000,20260717T120435635390Z,909,mask_fragment-n50000-w2048-m0500-s909
mask_fragment,58ced0e286dfa2b04542a7873472fb4400aeb830,late_mask_fragment,2048,1121.9833999639377,102400000,1.0,50000,0,sha256:6520d056e696ffac14dc135144255adbe9a9d7bbb5ae889b1b0e266e1ada2e57,0,sha256:b962621fddb27f7a6cf9a3ec6fa95795c8f1a08f3d9c010a05a0b8b3955fe761,50000,20260717T120435635390Z,707,mask_fragment-n50000-w2048-m1000-s707
mask_fragment,58ced0e286dfa2b04542a7873472fb4400aeb830,early_mask_fragment,2048,1348.6122000031173,102400000,1.0,50000,1,sha256:1a43e0ddf8cc02438cc76d27ba1cce86da34109d2e43dcc8ed7c9d581b95b39d,0,sha256:b962621fddb27f7a6cf9a3ec6fa95795c8f1a08f3d9c010a05a0b8b3955fe761,50000,20260717T120435635390Z,707,mask_fragment-n50000-w2048-m1000-s707
mask_fragment,58ced0e286dfa2b04542a7873472fb4400aeb830,early_mask_fragment,2048,1144.6865000179969,102400000,1.0,50000,0,sha256:1a43e0ddf8cc02438cc76d27ba1cce86da34109d2e43dcc8ed7c9d581b95b39d,1,sha256:b962621fddb27f7a6cf9a3ec6fa95795c8f1a08f3d9c010a05a0b8b3955fe761,50000,20260717T120435635390Z,707,mask_fragment-n50000-w2048-m1000-s707
mask_fragment,58ced0e286dfa2b04542a7873472fb4400aeb830,late_mask_fragment,2048,1109.91430003196,102400000,1.0,50000,1,sha256:6520d056e696ffac14dc135144255adbe9a9d7bbb5ae889b1b0e266e1ada2e57,1,sha256:b962621fddb27f7a6cf9a3ec6fa95795c8f1a08f3d9c010a05a0b8b3955fe761,50000,20260717T120435635390Z,707,mask_fragment-n50000-w2048-m1000-s707
mask_fragment,58ced0e286dfa2b04542a7873472fb4400aeb830,late_mask_fragment,2048,1338.1282999762334,102400000,1.0,50000,0,sha256:6520d056e696ffac14dc135144255adbe9a9d7bbb5ae889b1b0e266e1ada2e57,2,sha256:b962621fddb27f7a6cf9a3ec6fa95795c8f1a08f3d9c010a05a0b8b3955fe761,50000,20260717T120435635390Z,707,mask_fragment-n50000-w2048-m1000-s707
mask_fragment,58ced0e286dfa2b04542a7873472fb4400aeb830,early_mask_fragment,2048,1387.1306999935769,102400000,1.0,50000,1,sha256:1a43e0ddf8cc02438cc76d27ba1cce86da34109d2e43dcc8ed7c9d581b95b39d,2,sha256:b962621fddb27f7a6cf9a3ec6fa95795c8f1a08f3d9c010a05a0b8b3955fe761,50000,20260717T120435635390Z,707,mask_fragment-n50000-w2048-m1000-s707
mask_fragment,58ced0e286dfa2b04542a7873472fb4400aeb830,early_mask_fragment,2048,1371.2736999732442,102400000,1.0,50000,0,sha256:1a43e0ddf8cc02438cc76d27ba1cce86da34109d2e43dcc8ed7c9d581b95b39d,3,sha256:b962621fddb27f7a6cf9a3ec6fa95795c8f1a08f3d9c010a05a0b8b3955fe761,50000,20260717T120435635390Z,707,mask_fragment-n50000-w2048-m1000-s707
mask_fragment,58ced0e286dfa2b04542a7873472fb4400aeb830,late_mask_fragment,2048,1206.709399993997,102400000,1.0,50000,1,sha256:6520d056e696ffac14dc135144255adbe9a9d7bbb5ae889b1b0e266e1ada2e57,3,sha256:b962621fddb27f7a6cf9a3ec6fa95795c8f1a08f3d9c010a05a0b8b3955fe761,50000,20260717T120435635390Z,707,mask_fragment-n50000-w2048-m1000-s707
mask_fragment,58ced0e286dfa2b04542a7873472fb4400aeb830,late_mask_fragment,2048,1123.554799996782,102400000,1.0,50000,0,sha256:6520d056e696ffac14dc135144255adbe9a9d7bbb5ae889b1b0e266e1ada2e57,4,sha256:b962621fddb27f7a6cf9a3ec6fa95795c8f1a08f3d9c010a05a0b8b3955fe761,50000,20260717T120435635390Z,707,mask_fragment-n50000-w2048-m1000-s707
mask_fragment,58ced0e286dfa2b04542a7873472fb4400aeb830,early_mask_fragment,2048,1318.5972000355832,102400000,1.0,50000,1,sha256:1a43e0ddf8cc02438cc76d27ba1cce86da34109d2e43dcc8ed7c9d581b95b39d,4,sha256:b962621fddb27f7a6cf9a3ec6fa95795c8f1a08f3d9c010a05a0b8b3955fe761,50000,20260717T120435635390Z,707,mask_fragment-n50000-w2048-m1000-s707
mask_fragment,58ced0e286dfa2b04542a7873472fb4400aeb830,early_mask_fragment,2048,1384.4357999623753,102400000,1.0,50000,0,sha256:1a43e0ddf8cc02438cc76d27ba1cce86da34109d2e43dcc8ed7c9d581b95b39d,5,sha256:b962621fddb27f7a6cf9a3ec6fa95795c8f1a08f3d9c010a05a0b8b3955fe761,50000,20260717T120435635390Z,707,mask_fragment-n50000-w2048-m1000-s707
mask_fragment,58ced0e286dfa2b04542a7873472fb4400aeb830,late_mask_fragment,2048,1187.1164999902248,102400000,1.0,50000,1,sha256:6520d056e696ffac14dc135144255adbe9a9d7bbb5ae889b1b0e266e1ada2e57,5,sha256:b962621fddb27f7a6cf9a3ec6fa95795c8f1a08f3d9c010a05a0b8b3955fe761,50000,20260717T120435635390Z,707,mask_fragment-n50000-w2048-m1000-s707
mask_fragment,58ced0e286dfa2b04542a7873472fb4400aeb830,late_mask_fragment,2048,1122.3506999667734,102400000,1.0,50000,0,sha256:6520d056e696ffac14dc135144255adbe9a9d7bbb5ae889b1b0e266e1ada2e57,6,sha256:b962621fddb27f7a6cf9a3ec6fa95795c8f1a08f3d9c010a05a0b8b3955fe761,50000,20260717T120435635390Z,707,mask_fragment-n50000-w2048-m1000-s707
mask_fragment,58ced0e286dfa2b04542a7873472fb4400aeb830,early_mask_fragment,2048,1312.6229000044987,102400000,1.0,50000,1,sha256:1a43e0ddf8cc02438cc76d27ba1cce86da34109d2e43dcc8ed7c9d581b95b39d,6,sha256:b962621fddb27f7a6cf9a3ec6fa95795c8f1a08f3d9c010a05a0b8b3955fe761,50000,20260717T120435635390Z,707,mask_fragment-n50000-w2048-m1000-s707
mask_fragment,58ced0e286dfa2b04542a7873472fb4400aeb830,early_mask_fragment,2048,1356.8208999931812,102400000,1.0,50000,0,sha256:1a43e0ddf8cc02438cc76d27ba1cce86da34109d2e43dcc8ed7c9d581b95b39d,7,sha256:b962621fddb27f7a6cf9a3ec6fa95795c8f1a08f3d9c010a05a0b8b3955fe761,50000,20260717T120435635390Z,707,mask_fragment-n50000-w2048-m1000-s707
mask_fragment,58ced0e286dfa2b04542a7873472fb4400aeb830,late_mask_fragment,2048,1187.9006000235677,102400000,1.0,50000,1,sha256:6520d056e696ffac14dc135144255adbe9a9d7bbb5ae889b1b0e266e1ada2e57,7,sha256:b962621fddb27f7a6cf9a3ec6fa95795c8f1a08f3d9c010a05a0b8b3955fe761,50000,20260717T120435635390Z,707,mask_fragment-n50000-w2048-m1000-s707
mask_fragment,58ced0e286dfa2b04542a7873472fb4400aeb830,late_mask_fragment,2048,1351.330399978906,102400000,1.0,50000,0,sha256:6520d056e696ffac14dc135144255adbe9a9d7bbb5ae889b1b0e266e1ada2e57,8,sha256:b962621fddb27f7a6cf9a3ec6fa95795c8f1a08f3d9c010a05a0b8b3955fe761,50000,20260717T120435635390Z,707,mask_fragment-n50000-w2048-m1000-s707
mask_fragment,58ced0e286dfa2b04542a7873472fb4400aeb830,early_mask_fragment,2048,1327.7509000035934,102400000,1.0,50000,1,sha256:1a43e0ddf8cc02438cc76d27ba1cce86da34109d2e43dcc8ed7c9d581b95b39d,8,sha256:b962621fddb27f7a6cf9a3ec6fa95795c8f1a08f3d9c010a05a0b8b3955fe761,50000,20260717T120435635390Z,707,mask_fragment-n50000-w2048-m1000-s707
mask_fragment,58ced0e286dfa2b04542a7873472fb4400aeb830,early_mask_fragment,2048,1331.1646999791265,102400000,1.0,50000,0,sha256:1a43e0ddf8cc02438cc76d27ba1cce86da34109d2e43dcc8ed7c9d581b95b39d,9,sha256:b962621fddb27f7a6cf9a3ec6fa95795c8f1a08f3d9c010a05a0b8b3955fe761,50000,20260717T120435635390Z,707,mask_fragment-n50000-w2048-m1000-s707
mask_fragment,58ced0e286dfa2b04542a7873472fb4400aeb830,late_mask_fragment,2048,1189.047300023958,102400000,1.0,50000,1,sha256:6520d056e696ffac14dc135144255adbe9a9d7bbb5ae889b1b0e266e1ada2e57,9,sha256:b962621fddb27f7a6cf9a3ec6fa95795c8f1a08f3d9c010a05a0b8b3955fe761,50000,20260717T120435635390Z,707,mask_fragment-n50000-w2048-m1000-s707
mask_fragment,58ced0e286dfa2b04542a7873472fb4400aeb830,late_mask_fragment,2048,1354.7300000209361,102400000,1.0,50000,0,sha256:6520d056e696ffac14dc135144255adbe9a9d7bbb5ae889b1b0e266e1ada2e57,10,sha256:b962621fddb27f7a6cf9a3ec6fa95795c8f1a08f3d9c010a05a0b8b3955fe761,50000,20260717T120435635390Z,707,mask_fragment-n50000-w2048-m1000-s707
mask_fragment,58ced0e286dfa2b04542a7873472fb4400aeb830,early_mask_fragment,2048,1342.277199961245,102400000,1.0,50000,1,sha256:1a43e0ddf8cc02438cc76d27ba1cce86da34109d2e43dcc8ed7c9d581b95b39d,10,sha256:b962621fddb27f7a6cf9a3ec6fa95795c8f1a08f3d9c010a05a0b8b3955fe761,50000,20260717T120435635390Z,707,mask_fragment-n50000-w2048-m1000-s707
mask_fragment,58ced0e286dfa2b04542a7873472fb4400aeb830,early_mask_fragment,2048,1349.2412000196055,102400000,1.0,50000,0,sha256:1a43e0ddf8cc02438cc76d27ba1cce86da34109d2e43dcc8ed7c9d581b95b39d,11,sha256:b962621fddb27f7a6cf9a3ec6fa95795c8f1a08f3d9c010a05a0b8b3955fe761,50000,20260717T120435635390Z,707,mask_fragment-n50000-w2048-m1000-s707
mask_fragment,58ced0e286dfa2b04542a7873472fb4400aeb830,late_mask_fragment,2048,1229.9389999825507,102400000,1.0,50000,1,sha256:6520d056e696ffac14dc135144255adbe9a9d7bbb5ae889b1b0e266e1ada2e57,11,sha256:b962621fddb27f7a6cf9a3ec6fa95795c8f1a08f3d9c010a05a0b8b3955fe761,50000,20260717T120435635390Z,707,mask_fragment-n50000-w2048-m1000-s707
mask_fragment,58ced0e286dfa2b04542a7873472fb4400aeb830,late_mask_fragment,2048,1359.1132000437938,102400000,1.0,50000,0,sha256:6520d056e696ffac14dc135144255adbe9a9d7bbb5ae889b1b0e266e1ada2e57,12,sha256:b962621fddb27f7a6cf9a3ec6fa95795c8f1a08f3d9c010a05a0b8b3955fe761,50000,20260717T120435635390Z,707,mask_fragment-n50000-w2048-m1000-s707
mask_fragment,58ced0e286dfa2b04542a7873472fb4400aeb830,early_mask_fragment,2048,1306.0608999803662,102400000,1.0,50000,1,sha256:1a43e0ddf8cc02438cc76d27ba1cce86da34109d2e43dcc8ed7c9d581b95b39d,12,sha256:b962621fddb27f7a6cf9a3ec6fa95795c8f1a08f3d9c010a05a0b8b3955fe761,50000,20260717T120435635390Z,707,mask_fragment-n50000-w2048-m1000-s707
mask_fragment,58ced0e286dfa2b04542a7873472fb4400aeb830,early_mask_fragment,2048,1345.4186000162736,102400000,1.0,50000,0,sha256:1a43e0ddf8cc02438cc76d27ba1cce86da34109d2e43dcc8ed7c9d581b95b39d,13,sha256:b962621fddb27f7a6cf9a3ec6fa95795c8f1a08f3d9c010a05a0b8b3955fe761,50000,20260717T120435635390Z,707,mask_fragment-n50000-w2048-m1000-s707
mask_fragment,58ced0e286dfa2b04542a7873472fb4400aeb830,late_mask_fragment,2048,1174.1281999857165,102400000,1.0,50000,1,sha256:6520d056e696ffac14dc135144255adbe9a9d7bbb5ae889b1b0e266e1ada2e57,13,sha256:b962621fddb27f7a6cf9a3ec6fa95795c8f1a08f3d9c010a05a0b8b3955fe761,50000,20260717T120435635390Z,707,mask_fragment-n50000-w2048-m1000-s707
mask_fragment,58ced0e286dfa2b04542a7873472fb4400aeb830,late_mask_fragment,2048,1235.1963999681175,102400000,1.0,50000,0,sha256:6520d056e696ffac14dc135144255adbe9a9d7bbb5ae889b1b0e266e1ada2e57,14,sha256:b962621fddb27f7a6cf9a3ec6fa95795c8f1a08f3d9c010a05a0b8b3955fe761,50000,20260717T120435635390Z,707,mask_fragment-n50000-w2048-m1000-s707
mask_fragment,58ced0e286dfa2b04542a7873472fb4400aeb830,early_mask_fragment,2048,1445.6087999860756,102400000,1.0,50000,1,sha256:1a43e0ddf8cc02438cc76d27ba1cce86da34109d2e43dcc8ed7c9d581b95b39d,14,sha256:b962621fddb27f7a6cf9a3ec6fa95795c8f1a08f3d9c010a05a0b8b3955fe761,50000,20260717T120435635390Z,707,mask_fragment-n50000-w2048-m1000-s707
mask_fragment,58ced0e286dfa2b04542a7873472fb4400aeb830,early_mask_fragment,2048,1337.3574999859557,102400000,1.0,50000,0,sha256:1a43e0ddf8cc02438cc76d27ba1cce86da34109d2e43dcc8ed7c9d581b95b39d,0,sha256:67b3731ffbc3f38871ecbaab539595c9927c7481c9bce35cc6db6d054c6c2398,50000,20260717T120435635390Z,808,mask_fragment-n50000-w2048-m1000-s808
mask_fragment,58ced0e286dfa2b04542a7873472fb4400aeb830,late_mask_fragment,2048,1161.8041000328958,102400000,1.0,50000,1,sha256:6520d056e696ffac14dc135144255adbe9a9d7bbb5ae889b1b0e266e1ada2e57,0,sha256:67b3731ffbc3f38871ecbaab539595c9927c7481c9bce35cc6db6d054c6c2398,50000,20260717T120435635390Z,808,mask_fragment-n50000-w2048-m1000-s808
mask_fragment,58ced0e286dfa2b04542a7873472fb4400aeb830,late_mask_fragment,2048,1093.5316000250168,102400000,1.0,50000,0,sha256:6520d056e696ffac14dc135144255adbe9a9d7bbb5ae889b1b0e266e1ada2e57,1,sha256:67b3731ffbc3f38871ecbaab539595c9927c7481c9bce35cc6db6d054c6c2398,50000,20260717T120435635390Z,808,mask_fragment-n50000-w2048-m1000-s808
mask_fragment,58ced0e286dfa2b04542a7873472fb4400aeb830,early_mask_fragment,2048,1530.0447999616154,102400000,1.0,50000,1,sha256:1a43e0ddf8cc02438cc76d27ba1cce86da34109d2e43dcc8ed7c9d581b95b39d,1,sha256:67b3731ffbc3f38871ecbaab539595c9927c7481c9bce35cc6db6d054c6c2398,50000,20260717T120435635390Z,808,mask_fragment-n50000-w2048-m1000-s808
mask_fragment,58ced0e286dfa2b04542a7873472fb4400aeb830,early_mask_fragment,2048,1420.0638000038452,102400000,1.0,50000,0,sha256:1a43e0ddf8cc02438cc76d27ba1cce86da34109d2e43dcc8ed7c9d581b95b39d,2,sha256:67b3731ffbc3f38871ecbaab539595c9927c7481c9bce35cc6db6d054c6c2398,50000,20260717T120435635390Z,808,mask_fragment-n50000-w2048-m1000-s808
mask_fragment,58ced0e286dfa2b04542a7873472fb4400aeb830,late_mask_fragment,2048,1351.8687999458052,102400000,1.0,50000,1,sha256:6520d056e696ffac14dc135144255adbe9a9d7bbb5ae889b1b0e266e1ada2e57,2,sha256:67b3731ffbc3f38871ecbaab539595c9927c7481c9bce35cc6db6d054c6c2398,50000,20260717T120435635390Z,808,mask_fragment-n50000-w2048-m1000-s808
mask_fragment,58ced0e286dfa2b04542a7873472fb4400aeb830,late_mask_fragment,2048,1129.636700032279,102400000,1.0,50000,0,sha256:6520d056e696ffac14dc135144255adbe9a9d7bbb5ae889b1b0e266e1ada2e57,3,sha256:67b3731ffbc3f38871ecbaab539595c9927c7481c9bce35cc6db6d054c6c2398,50000,20260717T120435635390Z,808,mask_fragment-n50000-w2048-m1000-s808
mask_fragment,58ced0e286dfa2b04542a7873472fb4400aeb830,early_mask_fragment,2048,1336.3720999914221,102400000,1.0,50000,1,sha256:1a43e0ddf8cc02438cc76d27ba1cce86da34109d2e43dcc8ed7c9d581b95b39d,3,sha256:67b3731ffbc3f38871ecbaab539595c9927c7481c9bce35cc6db6d054c6c2398,50000,20260717T120435635390Z,808,mask_fragment-n50000-w2048-m1000-s808
mask_fragment,58ced0e286dfa2b04542a7873472fb4400aeb830,early_mask_fragment,2048,1186.664299981203,102400000,1.0,50000,0,sha256:1a43e0ddf8cc02438cc76d27ba1cce86da34109d2e43dcc8ed7c9d581b95b39d,4,sha256:67b3731ffbc3f38871ecbaab539595c9927c7481c9bce35cc6db6d054c6c2398,50000,20260717T120435635390Z,808,mask_fragment-n50000-w2048-m1000-s808
mask_fragment,58ced0e286dfa2b04542a7873472fb4400aeb830,late_mask_fragment,2048,1280.7796000270173,102400000,1.0,50000,1,sha256:6520d056e696ffac14dc135144255adbe9a9d7bbb5ae889b1b0e266e1ada2e57,4,sha256:67b3731ffbc3f38871ecbaab539595c9927c7481c9bce35cc6db6d054c6c2398,50000,20260717T120435635390Z,808,mask_fragment-n50000-w2048-m1000-s808
mask_fragment,58ced0e286dfa2b04542a7873472fb4400aeb830,late_mask_fragment,2048,1119.282400002703,102400000,1.0,50000,0,sha256:6520d056e696ffac14dc135144255adbe9a9d7bbb5ae889b1b0e266e1ada2e57,5,sha256:67b3731ffbc3f38871ecbaab539595c9927c7481c9bce35cc6db6d054c6c2398,50000,20260717T120435635390Z,808,mask_fragment-n50000-w2048-m1000-s808
mask_fragment,58ced0e286dfa2b04542a7873472fb4400aeb830,early_mask_fragment,2048,1312.7678000018932,102400000,1.0,50000,1,sha256:1a43e0ddf8cc02438cc76d27ba1cce86da34109d2e43dcc8ed7c9d581b95b39d,5,sha256:67b3731ffbc3f38871ecbaab539595c9927c7481c9bce35cc6db6d054c6c2398,50000,20260717T120435635390Z,808,mask_fragment-n50000-w2048-m1000-s808
mask_fragment,58ced0e286dfa2b04542a7873472fb4400aeb830,early_mask_fragment,2048,1340.037299960386,102400000,1.0,50000,0,sha256:1a43e0ddf8cc02438cc76d27ba1cce86da34109d2e43dcc8ed7c9d581b95b39d,6,sha256:67b3731ffbc3f38871ecbaab539595c9927c7481c9bce35cc6db6d054c6c2398,50000,20260717T120435635390Z,808,mask_fragment-n50000-w2048-m1000-s808
mask_fragment,58ced0e286dfa2b04542a7873472fb4400aeb830,late_mask_fragment,2048,1116.3739999756217,102400000,1.0,50000,1,sha256:6520d056e696ffac14dc135144255adbe9a9d7bbb5ae889b1b0e266e1ada2e57,6,sha256:67b3731ffbc3f38871ecbaab539595c9927c7481c9bce35cc6db6d054c6c2398,50000,20260717T120435635390Z,808,mask_fragment-n50000-w2048-m1000-s808
mask_fragment,58ced0e286dfa2b04542a7873472fb4400aeb830,late_mask_fragment,2048,1119.2026000353508,102400000,1.0,50000,0,sha256:6520d056e696ffac14dc135144255adbe9a9d7bbb5ae889b1b0e266e1ada2e57,7,sha256:67b3731ffbc3f38871ecbaab539595c9927c7481c9bce35cc6db6d054c6c2398,50000,20260717T120435635390Z,808,mask_fragment-n50000-w2048-m1000-s808
mask_fragment,58ced0e286dfa2b04542a7873472fb4400aeb830,early_mask_fragment,2048,1414.206599991303,102400000,1.0,50000,1,sha256:1a43e0ddf8cc02438cc76d27ba1cce86da34109d2e43dcc8ed7c9d581b95b39d,7,sha256:67b3731ffbc3f38871ecbaab539595c9927c7481c9bce35cc6db6d054c6c2398,50000,20260717T120435635390Z,808,mask_fragment-n50000-w2048-m1000-s808
mask_fragment,58ced0e286dfa2b04542a7873472fb4400aeb830,early_mask_fragment,2048,1353.0264999717474,102400000,1.0,50000,0,sha256:1a43e0ddf8cc02438cc76d27ba1cce86da34109d2e43dcc8ed7c9d581b95b39d,8,sha256:67b3731ffbc3f38871ecbaab539595c9927c7481c9bce35cc6db6d054c6c2398,50000,20260717T120435635390Z,808,mask_fragment-n50000-w2048-m1000-s808
mask_fragment,58ced0e286dfa2b04542a7873472fb4400aeb830,late_mask_fragment,2048,1105.9434000053443,102400000,1.0,50000,1,sha256:6520d056e696ffac14dc135144255adbe9a9d7bbb5ae889b1b0e266e1ada2e57,8,sha256:67b3731ffbc3f38871ecbaab539595c9927c7481c9bce35cc6db6d054c6c2398,50000,20260717T120435635390Z,808,mask_fragment-n50000-w2048-m1000-s808
mask_fragment,58ced0e286dfa2b04542a7873472fb4400aeb830,late_mask_fragment,2048,1098.4043999924324,102400000,1.0,50000,0,sha256:6520d056e696ffac14dc135144255adbe9a9d7bbb5ae889b1b0e266e1ada2e57,9,sha256:67b3731ffbc3f38871ecbaab539595c9927c7481c9bce35cc6db6d054c6c2398,50000,20260717T120435635390Z,808,mask_fragment-n50000-w2048-m1000-s808
mask_fragment,58ced0e286dfa2b04542a7873472fb4400aeb830,early_mask_fragment,2048,1338.9132000156678,102400000,1.0,50000,1,sha256:1a43e0ddf8cc02438cc76d27ba1cce86da34109d2e43dcc8ed7c9d581b95b39d,9,sha256:67b3731ffbc3f38871ecbaab539595c9927c7481c9bce35cc6db6d054c6c2398,50000,20260717T120435635390Z,808,mask_fragment-n50000-w2048-m1000-s808
mask_fragment,58ced0e286dfa2b04542a7873472fb4400aeb830,early_mask_fragment,2048,1406.4605999737978,102400000,1.0,50000,0,sha256:1a43e0ddf8cc02438cc76d27ba1cce86da34109d2e43dcc8ed7c9d581b95b39d,10,sha256:67b3731ffbc3f38871ecbaab539595c9927c7481c9bce35cc6db6d054c6c2398,50000,20260717T120435635390Z,808,mask_fragment-n50000-w2048-m1000-s808
mask_fragment,58ced0e286dfa2b04542a7873472fb4400aeb830,late_mask_fragment,2048,1201.7929999856278,102400000,1.0,50000,1,sha256:6520d056e696ffac14dc135144255adbe9a9d7bbb5ae889b1b0e266e1ada2e57,10,sha256:67b3731ffbc3f38871ecbaab539595c9927c7481c9bce35cc6db6d054c6c2398,50000,20260717T120435635390Z,808,mask_fragment-n50000-w2048-m1000-s808
mask_fragment,58ced0e286dfa2b04542a7873472fb4400aeb830,late_mask_fragment,2048,1290.1908999774605,102400000,1.0,50000,0,sha256:6520d056e696ffac14dc135144255adbe9a9d7bbb5ae889b1b0e266e1ada2e57,11,sha256:67b3731ffbc3f38871ecbaab539595c9927c7481c9bce35cc6db6d054c6c2398,50000,20260717T120435635390Z,808,mask_fragment-n50000-w2048-m1000-s808
mask_fragment,58ced0e286dfa2b04542a7873472fb4400aeb830,early_mask_fragment,2048,1139.636599982623,102400000,1.0,50000,1,sha256:1a43e0ddf8cc02438cc76d27ba1cce86da34109d2e43dcc8ed7c9d581b95b39d,11,sha256:67b3731ffbc3f38871ecbaab539595c9927c7481c9bce35cc6db6d054c6c2398,50000,20260717T120435635390Z,808,mask_fragment-n50000-w2048-m1000-s808
mask_fragment,58ced0e286dfa2b04542a7873472fb4400aeb830,early_mask_fragment,2048,1110.9956000000238,102400000,1.0,50000,0,sha256:1a43e0ddf8cc02438cc76d27ba1cce86da34109d2e43dcc8ed7c9d581b95b39d,12,sha256:67b3731ffbc3f38871ecbaab539595c9927c7481c9bce35cc6db6d054c6c2398,50000,20260717T120435635390Z,808,mask_fragment-n50000-w2048-m1000-s808
mask_fragment,58ced0e286dfa2b04542a7873472fb4400aeb830,late_mask_fragment,2048,1351.6968000330962,102400000,1.0,50000,1,sha256:6520d056e696ffac14dc135144255adbe9a9d7bbb5ae889b1b0e266e1ada2e57,12,sha256:67b3731ffbc3f38871ecbaab539595c9927c7481c9bce35cc6db6d054c6c2398,50000,20260717T120435635390Z,808,mask_fragment-n50000-w2048-m1000-s808
mask_fragment,58ced0e286dfa2b04542a7873472fb4400aeb830,late_mask_fragment,2048,1281.4789999974892,102400000,1.0,50000,0,sha256:6520d056e696ffac14dc135144255adbe9a9d7bbb5ae889b1b0e266e1ada2e57,13,sha256:67b3731ffbc3f38871ecbaab539595c9927c7481c9bce35cc6db6d054c6c2398,50000,20260717T120435635390Z,808,mask_fragment-n50000-w2048-m1000-s808
mask_fragment,58ced0e286dfa2b04542a7873472fb4400aeb830,early_mask_fragment,2048,1348.8138999673538,102400000,1.0,50000,1,sha256:1a43e0ddf8cc02438cc76d27ba1cce86da34109d2e43dcc8ed7c9d581b95b39d,13,sha256:67b3731ffbc3f38871ecbaab539595c9927c7481c9bce35cc6db6d054c6c2398,50000,20260717T120435635390Z,808,mask_fragment-n50000-w2048-m1000-s808
mask_fragment,58ced0e286dfa2b04542a7873472fb4400aeb830,early_mask_fragment,2048,1472.5409999955446,102400000,1.0,50000,0,sha256:1a43e0ddf8cc02438cc76d27ba1cce86da34109d2e43dcc8ed7c9d581b95b39d,14,sha256:67b3731ffbc3f38871ecbaab539595c9927c7481c9bce35cc6db6d054c6c2398,50000,20260717T120435635390Z,808,mask_fragment-n50000-w2048-m1000-s808
mask_fragment,58ced0e286dfa2b04542a7873472fb4400aeb830,late_mask_fragment,2048,1160.5920000001788,102400000,1.0,50000,1,sha256:6520d056e696ffac14dc135144255adbe9a9d7bbb5ae889b1b0e266e1ada2e57,14,sha256:67b3731ffbc3f38871ecbaab539595c9927c7481c9bce35cc6db6d054c6c2398,50000,20260717T120435635390Z,808,mask_fragment-n50000-w2048-m1000-s808
mask_fragment,58ced0e286dfa2b04542a7873472fb4400aeb830,early_mask_fragment,2048,1149.9903000076301,102400000,1.0,50000,0,sha256:1a43e0ddf8cc02438cc76d27ba1cce86da34109d2e43dcc8ed7c9d581b95b39d,0,sha256:44f748b5eb13806a2b7be2bed59085b8c6496ed8c3a7ba002b0a39c75f0eeec3,50000,20260717T120435635390Z,909,mask_fragment-n50000-w2048-m1000-s909
mask_fragment,58ced0e286dfa2b04542a7873472fb4400aeb830,late_mask_fragment,2048,1352.3265999974683,102400000,1.0,50000,1,sha256:6520d056e696ffac14dc135144255adbe9a9d7bbb5ae889b1b0e266e1ada2e57,0,sha256:44f748b5eb13806a2b7be2bed59085b8c6496ed8c3a7ba002b0a39c75f0eeec3,50000,20260717T120435635390Z,909,mask_fragment-n50000-w2048-m1000-s909
mask_fragment,58ced0e286dfa2b04542a7873472fb4400aeb830,late_mask_fragment,2048,1265.2347999974154,102400000,1.0,50000,0,sha256:6520d056e696ffac14dc135144255adbe9a9d7bbb5ae889b1b0e266e1ada2e57,1,sha256:44f748b5eb13806a2b7be2bed59085b8c6496ed8c3a7ba002b0a39c75f0eeec3,50000,20260717T120435635390Z,909,mask_fragment-n50000-w2048-m1000-s909
mask_fragment,58ced0e286dfa2b04542a7873472fb4400aeb830,early_mask_fragment,2048,1409.1305000474676,102400000,1.0,50000,1,sha256:1a43e0ddf8cc02438cc76d27ba1cce86da34109d2e43dcc8ed7c9d581b95b39d,1,sha256:44f748b5eb13806a2b7be2bed59085b8c6496ed8c3a7ba002b0a39c75f0eeec3,50000,20260717T120435635390Z,909,mask_fragment-n50000-w2048-m1000-s909
mask_fragment,58ced0e286dfa2b04542a7873472fb4400aeb830,early_mask_fragment,2048,1087.317100027576,102400000,1.0,50000,0,sha256:1a43e0ddf8cc02438cc76d27ba1cce86da34109d2e43dcc8ed7c9d581b95b39d,2,sha256:44f748b5eb13806a2b7be2bed59085b8c6496ed8c3a7ba002b0a39c75f0eeec3,50000,20260717T120435635390Z,909,mask_fragment-n50000-w2048-m1000-s909
mask_fragment,58ced0e286dfa2b04542a7873472fb4400aeb830,late_mask_fragment,2048,1143.6076000100002,102400000,1.0,50000,1,sha256:6520d056e696ffac14dc135144255adbe9a9d7bbb5ae889b1b0e266e1ada2e57,2,sha256:44f748b5eb13806a2b7be2bed59085b8c6496ed8c3a7ba002b0a39c75f0eeec3,50000,20260717T120435635390Z,909,mask_fragment-n50000-w2048-m1000-s909
mask_fragment,58ced0e286dfa2b04542a7873472fb4400aeb830,late_mask_fragment,2048,1405.6563999620266,102400000,1.0,50000,0,sha256:6520d056e696ffac14dc135144255adbe9a9d7bbb5ae889b1b0e266e1ada2e57,3,sha256:44f748b5eb13806a2b7be2bed59085b8c6496ed8c3a7ba002b0a39c75f0eeec3,50000,20260717T120435635390Z,909,mask_fragment-n50000-w2048-m1000-s909
mask_fragment,58ced0e286dfa2b04542a7873472fb4400aeb830,early_mask_fragment,2048,1502.7101999730803,102400000,1.0,50000,1,sha256:1a43e0ddf8cc02438cc76d27ba1cce86da34109d2e43dcc8ed7c9d581b95b39d,3,sha256:44f748b5eb13806a2b7be2bed59085b8c6496ed8c3a7ba002b0a39c75f0eeec3,50000,20260717T120435635390Z,909,mask_fragment-n50000-w2048-m1000-s909
mask_fragment,58ced0e286dfa2b04542a7873472fb4400aeb830,early_mask_fragment,2048,1514.802600024268,102400000,1.0,50000,0,sha256:1a43e0ddf8cc02438cc76d27ba1cce86da34109d2e43dcc8ed7c9d581b95b39d,4,sha256:44f748b5eb13806a2b7be2bed59085b8c6496ed8c3a7ba002b0a39c75f0eeec3,50000,20260717T120435635390Z,909,mask_fragment-n50000-w2048-m1000-s909
mask_fragment,58ced0e286dfa2b04542a7873472fb4400aeb830,late_mask_fragment,2048,1132.3780000093393,102400000,1.0,50000,1,sha256:6520d056e696ffac14dc135144255adbe9a9d7bbb5ae889b1b0e266e1ada2e57,4,sha256:44f748b5eb13806a2b7be2bed59085b8c6496ed8c3a7ba002b0a39c75f0eeec3,50000,20260717T120435635390Z,909,mask_fragment-n50000-w2048-m1000-s909
mask_fragment,58ced0e286dfa2b04542a7873472fb4400aeb830,late_mask_fragment,2048,1192.3852000036277,102400000,1.0,50000,0,sha256:6520d056e696ffac14dc135144255adbe9a9d7bbb5ae889b1b0e266e1ada2e57,5,sha256:44f748b5eb13806a2b7be2bed59085b8c6496ed8c3a7ba002b0a39c75f0eeec3,50000,20260717T120435635390Z,909,mask_fragment-n50000-w2048-m1000-s909
mask_fragment,58ced0e286dfa2b04542a7873472fb4400aeb830,early_mask_fragment,2048,1508.661600004416,102400000,1.0,50000,1,sha256:1a43e0ddf8cc02438cc76d27ba1cce86da34109d2e43dcc8ed7c9d581b95b39d,5,sha256:44f748b5eb13806a2b7be2bed59085b8c6496ed8c3a7ba002b0a39c75f0eeec3,50000,20260717T120435635390Z,909,mask_fragment-n50000-w2048-m1000-s909
mask_fragment,58ced0e286dfa2b04542a7873472fb4400aeb830,early_mask_fragment,2048,1658.2232999498956,102400000,1.0,50000,0,sha256:1a43e0ddf8cc02438cc76d27ba1cce86da34109d2e43dcc8ed7c9d581b95b39d,6,sha256:44f748b5eb13806a2b7be2bed59085b8c6496ed8c3a7ba002b0a39c75f0eeec3,50000,20260717T120435635390Z,909,mask_fragment-n50000-w2048-m1000-s909
mask_fragment,58ced0e286dfa2b04542a7873472fb4400aeb830,late_mask_fragment,2048,1389.5344999618828,102400000,1.0,50000,1,sha256:6520d056e696ffac14dc135144255adbe9a9d7bbb5ae889b1b0e266e1ada2e57,6,sha256:44f748b5eb13806a2b7be2bed59085b8c6496ed8c3a7ba002b0a39c75f0eeec3,50000,20260717T120435635390Z,909,mask_fragment-n50000-w2048-m1000-s909
mask_fragment,58ced0e286dfa2b04542a7873472fb4400aeb830,late_mask_fragment,2048,1379.7825000365265,102400000,1.0,50000,0,sha256:6520d056e696ffac14dc135144255adbe9a9d7bbb5ae889b1b0e266e1ada2e57,7,sha256:44f748b5eb13806a2b7be2bed59085b8c6496ed8c3a7ba002b0a39c75f0eeec3,50000,20260717T120435635390Z,909,mask_fragment-n50000-w2048-m1000-s909
mask_fragment,58ced0e286dfa2b04542a7873472fb4400aeb830,early_mask_fragment,2048,2064.1019999748096,102400000,1.0,50000,1,sha256:1a43e0ddf8cc02438cc76d27ba1cce86da34109d2e43dcc8ed7c9d581b95b39d,7,sha256:44f748b5eb13806a2b7be2bed59085b8c6496ed8c3a7ba002b0a39c75f0eeec3,50000,20260717T120435635390Z,909,mask_fragment-n50000-w2048-m1000-s909
mask_fragment,58ced0e286dfa2b04542a7873472fb4400aeb830,early_mask_fragment,2048,2637.4895999906585,102400000,1.0,50000,0,sha256:1a43e0ddf8cc02438cc76d27ba1cce86da34109d2e43dcc8ed7c9d581b95b39d,8,sha256:44f748b5eb13806a2b7be2bed59085b8c6496ed8c3a7ba002b0a39c75f0eeec3,50000,20260717T120435635390Z,909,mask_fragment-n50000-w2048-m1000-s909
mask_fragment,58ced0e286dfa2b04542a7873472fb4400aeb830,late_mask_fragment,2048,2146.5873999986798,102400000,1.0,50000,1,sha256:6520d056e696ffac14dc135144255adbe9a9d7bbb5ae889b1b0e266e1ada2e57,8,sha256:44f748b5eb13806a2b7be2bed59085b8c6496ed8c3a7ba002b0a39c75f0eeec3,50000,20260717T120435635390Z,909,mask_fragment-n50000-w2048-m1000-s909
mask_fragment,58ced0e286dfa2b04542a7873472fb4400aeb830,late_mask_fragment,2048,1624.2269999929704,102400000,1.0,50000,0,sha256:6520d056e696ffac14dc135144255adbe9a9d7bbb5ae889b1b0e266e1ada2e57,9,sha256:44f748b5eb13806a2b7be2bed59085b8c6496ed8c3a7ba002b0a39c75f0eeec3,50000,20260717T120435635390Z,909,mask_fragment-n50000-w2048-m1000-s909
mask_fragment,58ced0e286dfa2b04542a7873472fb4400aeb830,early_mask_fragment,2048,1777.0796000258997,102400000,1.0,50000,1,sha256:1a43e0ddf8cc02438cc76d27ba1cce86da34109d2e43dcc8ed7c9d581b95b39d,9,sha256:44f748b5eb13806a2b7be2bed59085b8c6496ed8c3a7ba002b0a39c75f0eeec3,50000,20260717T120435635390Z,909,mask_fragment-n50000-w2048-m1000-s909
mask_fragment,58ced0e286dfa2b04542a7873472fb4400aeb830,early_mask_fragment,2048,1758.3491999539547,102400000,1.0,50000,0,sha256:1a43e0ddf8cc02438cc76d27ba1cce86da34109d2e43dcc8ed7c9d581b95b39d,10,sha256:44f748b5eb13806a2b7be2bed59085b8c6496ed8c3a7ba002b0a39c75f0eeec3,50000,20260717T120435635390Z,909,mask_fragment-n50000-w2048-m1000-s909
mask_fragment,58ced0e286dfa2b04542a7873472fb4400aeb830,late_mask_fragment,2048,1461.0564000322483,102400000,1.0,50000,1,sha256:6520d056e696ffac14dc135144255adbe9a9d7bbb5ae889b1b0e266e1ada2e57,10,sha256:44f748b5eb13806a2b7be2bed59085b8c6496ed8c3a7ba002b0a39c75f0eeec3,50000,20260717T120435635390Z,909,mask_fragment-n50000-w2048-m1000-s909
mask_fragment,58ced0e286dfa2b04542a7873472fb4400aeb830,late_mask_fragment,2048,1431.9761999649927,102400000,1.0,50000,0,sha256:6520d056e696ffac14dc135144255adbe9a9d7bbb5ae889b1b0e266e1ada2e57,11,sha256:44f748b5eb13806a2b7be2bed59085b8c6496ed8c3a7ba002b0a39c75f0eeec3,50000,20260717T120435635390Z,909,mask_fragment-n50000-w2048-m1000-s909
mask_fragment,58ced0e286dfa2b04542a7873472fb4400aeb830,early_mask_fragment,2048,1855.9786999830976,102400000,1.0,50000,1,sha256:1a43e0ddf8cc02438cc76d27ba1cce86da34109d2e43dcc8ed7c9d581b95b39d,11,sha256:44f748b5eb13806a2b7be2bed59085b8c6496ed8c3a7ba002b0a39c75f0eeec3,50000,20260717T120435635390Z,909,mask_fragment-n50000-w2048-m1000-s909
mask_fragment,58ced0e286dfa2b04542a7873472fb4400aeb830,early_mask_fragment,2048,1711.6405999986455,102400000,1.0,50000,0,sha256:1a43e0ddf8cc02438cc76d27ba1cce86da34109d2e43dcc8ed7c9d581b95b39d,12,sha256:44f748b5eb13806a2b7be2bed59085b8c6496ed8c3a7ba002b0a39c75f0eeec3,50000,20260717T120435635390Z,909,mask_fragment-n50000-w2048-m1000-s909
mask_fragment,58ced0e286dfa2b04542a7873472fb4400aeb830,late_mask_fragment,2048,1543.4034999925643,102400000,1.0,50000,1,sha256:6520d056e696ffac14dc135144255adbe9a9d7bbb5ae889b1b0e266e1ada2e57,12,sha256:44f748b5eb13806a2b7be2bed59085b8c6496ed8c3a7ba002b0a39c75f0eeec3,50000,20260717T120435635390Z,909,mask_fragment-n50000-w2048-m1000-s909
mask_fragment,58ced0e286dfa2b04542a7873472fb4400aeb830,late_mask_fragment,2048,1312.0936999912374,102400000,1.0,50000,0,sha256:6520d056e696ffac14dc135144255adbe9a9d7bbb5ae889b1b0e266e1ada2e57,13,sha256:44f748b5eb13806a2b7be2bed59085b8c6496ed8c3a7ba002b0a39c75f0eeec3,50000,20260717T120435635390Z,909,mask_fragment-n50000-w2048-m1000-s909
mask_fragment,58ced0e286dfa2b04542a7873472fb4400aeb830,early_mask_fragment,2048,1461.8216999806464,102400000,1.0,50000,1,sha256:1a43e0ddf8cc02438cc76d27ba1cce86da34109d2e43dcc8ed7c9d581b95b39d,13,sha256:44f748b5eb13806a2b7be2bed59085b8c6496ed8c3a7ba002b0a39c75f0eeec3,50000,20260717T120435635390Z,909,mask_fragment-n50000-w2048-m1000-s909
mask_fragment,58ced0e286dfa2b04542a7873472fb4400aeb830,early_mask_fragment,2048,1503.0370999593288,102400000,1.0,50000,0,sha256:1a43e0ddf8cc02438cc76d27ba1cce86da34109d2e43dcc8ed7c9d581b95b39d,14,sha256:44f748b5eb13806a2b7be2bed59085b8c6496ed8c3a7ba002b0a39c75f0eeec3,50000,20260717T120435635390Z,909,mask_fragment-n50000-w2048-m1000-s909
mask_fragment,58ced0e286dfa2b04542a7873472fb4400aeb830,late_mask_fragment,2048,1547.928000043612,102400000,1.0,50000,1,sha256:6520d056e696ffac14dc135144255adbe9a9d7bbb5ae889b1b0e266e1ada2e57,14,sha256:44f748b5eb13806a2b7be2bed59085b8c6496ed8c3a7ba002b0a39c75f0eeec3,50000,20260717T120435635390Z,909,mask_fragment-n50000-w2048-m1000-s909
mask_fragment,58ced0e286dfa2b04542a7873472fb4400aeb830,late_mask_fragment,256,39.29939999943599,12800000,0.1,5000,0,sha256:c31a5394c72fa4480e21e21f18941a529737407325437b881b853a480254b8dd,0,sha256:c2517700178e38762ed7c0b563790a42693867795374ba5e336fd7dfb4562b1d,50000,20260717T120435635390Z,707,mask_fragment-n50000-w256-m0100-s707
mask_fragment,58ced0e286dfa2b04542a7873472fb4400aeb830,early_mask_fragment,256,263.22079997044057,12800000,0.1,5000,1,sha256:1a43e0ddf8cc02438cc76d27ba1cce86da34109d2e43dcc8ed7c9d581b95b39d,0,sha256:c2517700178e38762ed7c0b563790a42693867795374ba5e336fd7dfb4562b1d,50000,20260717T120435635390Z,707,mask_fragment-n50000-w256-m0100-s707
mask_fragment,58ced0e286dfa2b04542a7873472fb4400aeb830,early_mask_fragment,256,241.54079996515065,12800000,0.1,5000,0,sha256:1a43e0ddf8cc02438cc76d27ba1cce86da34109d2e43dcc8ed7c9d581b95b39d,1,sha256:c2517700178e38762ed7c0b563790a42693867795374ba5e336fd7dfb4562b1d,50000,20260717T120435635390Z,707,mask_fragment-n50000-w256-m0100-s707
mask_fragment,58ced0e286dfa2b04542a7873472fb4400aeb830,late_mask_fragment,256,30.179399996995926,12800000,0.1,5000,1,sha256:c31a5394c72fa4480e21e21f18941a529737407325437b881b853a480254b8dd,1,sha256:c2517700178e38762ed7c0b563790a42693867795374ba5e336fd7dfb4562b1d,50000,20260717T120435635390Z,707,mask_fragment-n50000-w256-m0100-s707
mask_fragment,58ced0e286dfa2b04542a7873472fb4400aeb830,late_mask_fragment,256,27.483299956656992,12800000,0.1,5000,0,sha256:c31a5394c72fa4480e21e21f18941a529737407325437b881b853a480254b8dd,2,sha256:c2517700178e38762ed7c0b563790a42693867795374ba5e336fd7dfb4562b1d,50000,20260717T120435635390Z,707,mask_fragment-n50000-w256-m0100-s707
mask_fragment,58ced0e286dfa2b04542a7873472fb4400aeb830,early_mask_fragment,256,245.9853999898769,12800000,0.1,5000,1,sha256:1a43e0ddf8cc02438cc76d27ba1cce86da34109d2e43dcc8ed7c9d581b95b39d,2,sha256:c2517700178e38762ed7c0b563790a42693867795374ba5e336fd7dfb4562b1d,50000,20260717T120435635390Z,707,mask_fragment-n50000-w256-m0100-s707
mask_fragment,58ced0e286dfa2b04542a7873472fb4400aeb830,early_mask_fragment,256,240.26480002794415,12800000,0.1,5000,0,sha256:1a43e0ddf8cc02438cc76d27ba1cce86da34109d2e43dcc8ed7c9d581b95b39d,3,sha256:c2517700178e38762ed7c0b563790a42693867795374ba5e336fd7dfb4562b1d,50000,20260717T120435635390Z,707,mask_fragment-n50000-w256-m0100-s707
mask_fragment,58ced0e286dfa2b04542a7873472fb4400aeb830,late_mask_fragment,256,40.39270000066608,12800000,0.1,5000,1,sha256:c31a5394c72fa4480e21e21f18941a529737407325437b881b853a480254b8dd,3,sha256:c2517700178e38762ed7c0b563790a42693867795374ba5e336fd7dfb4562b1d,50000,20260717T120435635390Z,707,mask_fragment-n50000-w256-m0100-s707
mask_fragment,58ced0e286dfa2b04542a7873472fb4400aeb830,late_mask_fragment,256,35.750499984715134,12800000,0.1,5000,0,sha256:c31a5394c72fa4480e21e21f18941a529737407325437b881b853a480254b8dd,4,sha256:c2517700178e38762ed7c0b563790a42693867795374ba5e336fd7dfb4562b1d,50000,20260717T120435635390Z,707,mask_fragment-n50000-w256-m0100-s707
mask_fragment,58ced0e286dfa2b04542a7873472fb4400aeb830,early_mask_fragment,256,276.67999995173886,12800000,0.1,5000,1,sha256:1a43e0ddf8cc02438cc76d27ba1cce86da34109d2e43dcc8ed7c9d581b95b39d,4,sha256:c2517700178e38762ed7c0b563790a42693867795374ba5e336fd7dfb4562b1d,50000,20260717T120435635390Z,707,mask_fragment-n50000-w256-m0100-s707
mask_fragment,58ced0e286dfa2b04542a7873472fb4400aeb830,early_mask_fragment,256,253.5809999681078,12800000,0.1,5000,0,sha256:1a43e0ddf8cc02438cc76d27ba1cce86da34109d2e43dcc8ed7c9d581b95b39d,5,sha256:c2517700178e38762ed7c0b563790a42693867795374ba5e336fd7dfb4562b1d,50000,20260717T120435635390Z,707,mask_fragment-n50000-w256-m0100-s707
mask_fragment,58ced0e286dfa2b04542a7873472fb4400aeb830,late_mask_fragment,256,28.83340005064383,12800000,0.1,5000,1,sha256:c31a5394c72fa4480e21e21f18941a529737407325437b881b853a480254b8dd,5,sha256:c2517700178e38762ed7c0b563790a42693867795374ba5e336fd7dfb4562b1d,50000,20260717T120435635390Z,707,mask_fragment-n50000-w256-m0100-s707
mask_fragment,58ced0e286dfa2b04542a7873472fb4400aeb830,late_mask_fragment,256,33.34500000346452,12800000,0.1,5000,0,sha256:c31a5394c72fa4480e21e21f18941a529737407325437b881b853a480254b8dd,6,sha256:c2517700178e38762ed7c0b563790a42693867795374ba5e336fd7dfb4562b1d,50000,20260717T120435635390Z,707,mask_fragment-n50000-w256-m0100-s707
mask_fragment,58ced0e286dfa2b04542a7873472fb4400aeb830,early_mask_fragment,256,243.61210002098233,12800000,0.1,5000,1,sha256:1a43e0ddf8cc02438cc76d27ba1cce86da34109d2e43dcc8ed7c9d581b95b39d,6,sha256:c2517700178e38762ed7c0b563790a42693867795374ba5e336fd7dfb4562b1d,50000,20260717T120435635390Z,707,mask_fragment-n50000-w256-m0100-s707
mask_fragment,58ced0e286dfa2b04542a7873472fb4400aeb830,early_mask_fragment,256,257.53220001934096,12800000,0.1,5000,0,sha256:1a43e0ddf8cc02438cc76d27ba1cce86da34109d2e43dcc8ed7c9d581b95b39d,7,sha256:c2517700178e38762ed7c0b563790a42693867795374ba5e336fd7dfb4562b1d,50000,20260717T120435635390Z,707,mask_fragment-n50000-w256-m0100-s707
mask_fragment,58ced0e286dfa2b04542a7873472fb4400aeb830,late_mask_fragment,256,29.098300030454993,12800000,0.1,5000,1,sha256:c31a5394c72fa4480e21e21f18941a529737407325437b881b853a480254b8dd,7,sha256:c2517700178e38762ed7c0b563790a42693867795374ba5e336fd7dfb4562b1d,50000,20260717T120435635390Z,707,mask_fragment-n50000-w256-m0100-s707
mask_fragment,58ced0e286dfa2b04542a7873472fb4400aeb830,late_mask_fragment,256,29.34729994740337,12800000,0.1,5000,0,sha256:c31a5394c72fa4480e21e21f18941a529737407325437b881b853a480254b8dd,8,sha256:c2517700178e38762ed7c0b563790a42693867795374ba5e336fd7dfb4562b1d,50000,20260717T120435635390Z,707,mask_fragment-n50000-w256-m0100-s707
mask_fragment,58ced0e286dfa2b04542a7873472fb4400aeb830,early_mask_fragment,256,202.21469999523833,12800000,0.1,5000,1,sha256:1a43e0ddf8cc02438cc76d27ba1cce86da34109d2e43dcc8ed7c9d581b95b39d,8,sha256:c2517700178e38762ed7c0b563790a42693867795374ba5e336fd7dfb4562b1d,50000,20260717T120435635390Z,707,mask_fragment-n50000-w256-m0100-s707
mask_fragment,58ced0e286dfa2b04542a7873472fb4400aeb830,early_mask_fragment,256,227.2804999956861,12800000,0.1,5000,0,sha256:1a43e0ddf8cc02438cc76d27ba1cce86da34109d2e43dcc8ed7c9d581b95b39d,9,sha256:c2517700178e38762ed7c0b563790a42693867795374ba5e336fd7dfb4562b1d,50000,20260717T120435635390Z,707,mask_fragment-n50000-w256-m0100-s707
mask_fragment,58ced0e286dfa2b04542a7873472fb4400aeb830,late_mask_fragment,256,33.65999995730817,12800000,0.1,5000,1,sha256:c31a5394c72fa4480e21e21f18941a529737407325437b881b853a480254b8dd,9,sha256:c2517700178e38762ed7c0b563790a42693867795374ba5e336fd7dfb4562b1d,50000,20260717T120435635390Z,707,mask_fragment-n50000-w256-m0100-s707
mask_fragment,58ced0e286dfa2b04542a7873472fb4400aeb830,late_mask_fragment,256,37.13920002337545,12800000,0.1,5000,0,sha256:c31a5394c72fa4480e21e21f18941a529737407325437b881b853a480254b8dd,10,sha256:c2517700178e38762ed7c0b563790a42693867795374ba5e336fd7dfb4562b1d,50000,20260717T120435635390Z,707,mask_fragment-n50000-w256-m0100-s707
mask_fragment,58ced0e286dfa2b04542a7873472fb4400aeb830,early_mask_fragment,256,247.17199994483963,12800000,0.1,5000,1,sha256:1a43e0ddf8cc02438cc76d27ba1cce86da34109d2e43dcc8ed7c9d581b95b39d,10,sha256:c2517700178e38762ed7c0b563790a42693867795374ba5e336fd7dfb4562b1d,50000,20260717T120435635390Z,707,mask_fragment-n50000-w256-m0100-s707
mask_fragment,58ced0e286dfa2b04542a7873472fb4400aeb830,early_mask_fragment,256,231.49489995557815,12800000,0.1,5000,0,sha256:1a43e0ddf8cc02438cc76d27ba1cce86da34109d2e43dcc8ed7c9d581b95b39d,11,sha256:c2517700178e38762ed7c0b563790a42693867795374ba5e336fd7dfb4562b1d,50000,20260717T120435635390Z,707,mask_fragment-n50000-w256-m0100-s707
mask_fragment,58ced0e286dfa2b04542a7873472fb4400aeb830,late_mask_fragment,256,28.001500002574176,12800000,0.1,5000,1,sha256:c31a5394c72fa4480e21e21f18941a529737407325437b881b853a480254b8dd,11,sha256:c2517700178e38762ed7c0b563790a42693867795374ba5e336fd7dfb4562b1d,50000,20260717T120435635390Z,707,mask_fragment-n50000-w256-m0100-s707
mask_fragment,58ced0e286dfa2b04542a7873472fb4400aeb830,late_mask_fragment,256,29.82160000829026,12800000,0.1,5000,0,sha256:c31a5394c72fa4480e21e21f18941a529737407325437b881b853a480254b8dd,12,sha256:c2517700178e38762ed7c0b563790a42693867795374ba5e336fd7dfb4562b1d,50000,20260717T120435635390Z,707,mask_fragment-n50000-w256-m0100-s707
mask_fragment,58ced0e286dfa2b04542a7873472fb4400aeb830,early_mask_fragment,256,229.20159995555878,12800000,0.1,5000,1,sha256:1a43e0ddf8cc02438cc76d27ba1cce86da34109d2e43dcc8ed7c9d581b95b39d,12,sha256:c2517700178e38762ed7c0b563790a42693867795374ba5e336fd7dfb4562b1d,50000,20260717T120435635390Z,707,mask_fragment-n50000-w256-m0100-s707
mask_fragment,58ced0e286dfa2b04542a7873472fb4400aeb830,early_mask_fragment,256,257.87799997488037,12800000,0.1,5000,0,sha256:1a43e0ddf8cc02438cc76d27ba1cce86da34109d2e43dcc8ed7c9d581b95b39d,13,sha256:c2517700178e38762ed7c0b563790a42693867795374ba5e336fd7dfb4562b1d,50000,20260717T120435635390Z,707,mask_fragment-n50000-w256-m0100-s707
mask_fragment,58ced0e286dfa2b04542a7873472fb4400aeb830,late_mask_fragment,256,30.967799946665764,12800000,0.1,5000,1,sha256:c31a5394c72fa4480e21e21f18941a529737407325437b881b853a480254b8dd,13,sha256:c2517700178e38762ed7c0b563790a42693867795374ba5e336fd7dfb4562b1d,50000,20260717T120435635390Z,707,mask_fragment-n50000-w256-m0100-s707
mask_fragment,58ced0e286dfa2b04542a7873472fb4400aeb830,late_mask_fragment,256,26.90290001919493,12800000,0.1,5000,0,sha256:c31a5394c72fa4480e21e21f18941a529737407325437b881b853a480254b8dd,14,sha256:c2517700178e38762ed7c0b563790a42693867795374ba5e336fd7dfb4562b1d,50000,20260717T120435635390Z,707,mask_fragment-n50000-w256-m0100-s707
mask_fragment,58ced0e286dfa2b04542a7873472fb4400aeb830,early_mask_fragment,256,253.46899998839945,12800000,0.1,5000,1,sha256:1a43e0ddf8cc02438cc76d27ba1cce86da34109d2e43dcc8ed7c9d581b95b39d,14,sha256:c2517700178e38762ed7c0b563790a42693867795374ba5e336fd7dfb4562b1d,50000,20260717T120435635390Z,707,mask_fragment-n50000-w256-m0100-s707
mask_fragment,58ced0e286dfa2b04542a7873472fb4400aeb830,early_mask_fragment,256,271.32329996675253,12800000,0.1,5000,0,sha256:1a43e0ddf8cc02438cc76d27ba1cce86da34109d2e43dcc8ed7c9d581b95b39d,0,sha256:c3a5fd5f60328b3c60bb9fdaa67bf141278cc4a225956728399d402599343f2b,50000,20260717T120435635390Z,808,mask_fragment-n50000-w256-m0100-s808
mask_fragment,58ced0e286dfa2b04542a7873472fb4400aeb830,late_mask_fragment,256,34.15510000195354,12800000,0.1,5000,1,sha256:c31a5394c72fa4480e21e21f18941a529737407325437b881b853a480254b8dd,0,sha256:c3a5fd5f60328b3c60bb9fdaa67bf141278cc4a225956728399d402599343f2b,50000,20260717T120435635390Z,808,mask_fragment-n50000-w256-m0100-s808
mask_fragment,58ced0e286dfa2b04542a7873472fb4400aeb830,late_mask_fragment,256,29.99500004807487,12800000,0.1,5000,0,sha256:c31a5394c72fa4480e21e21f18941a529737407325437b881b853a480254b8dd,1,sha256:c3a5fd5f60328b3c60bb9fdaa67bf141278cc4a225956728399d402599343f2b,50000,20260717T120435635390Z,808,mask_fragment-n50000-w256-m0100-s808
mask_fragment,58ced0e286dfa2b04542a7873472fb4400aeb830,early_mask_fragment,256,257.0416000089608,12800000,0.1,5000,1,sha256:1a43e0ddf8cc02438cc76d27ba1cce86da34109d2e43dcc8ed7c9d581b95b39d,1,sha256:c3a5fd5f60328b3c60bb9fdaa67bf141278cc4a225956728399d402599343f2b,50000,20260717T120435635390Z,808,mask_fragment-n50000-w256-m0100-s808
mask_fragment,58ced0e286dfa2b04542a7873472fb4400aeb830,early_mask_fragment,256,252.1458999835886,12800000,0.1,5000,0,sha256:1a43e0ddf8cc02438cc76d27ba1cce86da34109d2e43dcc8ed7c9d581b95b39d,2,sha256:c3a5fd5f60328b3c60bb9fdaa67bf141278cc4a225956728399d402599343f2b,50000,20260717T120435635390Z,808,mask_fragment-n50000-w256-m0100-s808
mask_fragment,58ced0e286dfa2b04542a7873472fb4400aeb830,late_mask_fragment,256,32.928200031165034,12800000,0.1,5000,1,sha256:c31a5394c72fa4480e21e21f18941a529737407325437b881b853a480254b8dd,2,sha256:c3a5fd5f60328b3c60bb9fdaa67bf141278cc4a225956728399d402599343f2b,50000,20260717T120435635390Z,808,mask_fragment-n50000-w256-m0100-s808
mask_fragment,58ced0e286dfa2b04542a7873472fb4400aeb830,late_mask_fragment,256,30.066600011195987,12800000,0.1,5000,0,sha256:c31a5394c72fa4480e21e21f18941a529737407325437b881b853a480254b8dd,3,sha256:c3a5fd5f60328b3c60bb9fdaa67bf141278cc4a225956728399d402599343f2b,50000,20260717T120435635390Z,808,mask_fragment-n50000-w256-m0100-s808
mask_fragment,58ced0e286dfa2b04542a7873472fb4400aeb830,early_mask_fragment,256,243.31329995766282,12800000,0.1,5000,1,sha256:1a43e0ddf8cc02438cc76d27ba1cce86da34109d2e43dcc8ed7c9d581b95b39d,3,sha256:c3a5fd5f60328b3c60bb9fdaa67bf141278cc4a225956728399d402599343f2b,50000,20260717T120435635390Z,808,mask_fragment-n50000-w256-m0100-s808
mask_fragment,58ced0e286dfa2b04542a7873472fb4400aeb830,early_mask_fragment,256,221.69480001321062,12800000,0.1,5000,0,sha256:1a43e0ddf8cc02438cc76d27ba1cce86da34109d2e43dcc8ed7c9d581b95b39d,4,sha256:c3a5fd5f60328b3c60bb9fdaa67bf141278cc4a225956728399d402599343f2b,50000,20260717T120435635390Z,808,mask_fragment-n50000-w256-m0100-s808
mask_fragment,58ced0e286dfa2b04542a7873472fb4400aeb830,late_mask_fragment,256,32.97150001162663,12800000,0.1,5000,1,sha256:c31a5394c72fa4480e21e21f18941a529737407325437b881b853a480254b8dd,4,sha256:c3a5fd5f60328b3c60bb9fdaa67bf141278cc4a225956728399d402599343f2b,50000,20260717T120435635390Z,808,mask_fragment-n50000-w256-m0100-s808
mask_fragment,58ced0e286dfa2b04542a7873472fb4400aeb830,late_mask_fragment,256,28.270899958442897,12800000,0.1,5000,0,sha256:c31a5394c72fa4480e21e21f18941a529737407325437b881b853a480254b8dd,5,sha256:c3a5fd5f60328b3c60bb9fdaa67bf141278cc4a225956728399d402599343f2b,50000,20260717T120435635390Z,808,mask_fragment-n50000-w256-m0100-s808
mask_fragment,58ced0e286dfa2b04542a7873472fb4400aeb830,early_mask_fragment,256,251.6812999965623,12800000,0.1,5000,1,sha256:1a43e0ddf8cc02438cc76d27ba1cce86da34109d2e43dcc8ed7c9d581b95b39d,5,sha256:c3a5fd5f60328b3c60bb9fdaa67bf141278cc4a225956728399d402599343f2b,50000,20260717T120435635390Z,808,mask_fragment-n50000-w256-m0100-s808
mask_fragment,58ced0e286dfa2b04542a7873472fb4400aeb830,early_mask_fragment,256,216.49910003179684,12800000,0.1,5000,0,sha256:1a43e0ddf8cc02438cc76d27ba1cce86da34109d2e43dcc8ed7c9d581b95b39d,6,sha256:c3a5fd5f60328b3c60bb9fdaa67bf141278cc4a225956728399d402599343f2b,50000,20260717T120435635390Z,808,mask_fragment-n50000-w256-m0100-s808
mask_fragment,58ced0e286dfa2b04542a7873472fb4400aeb830,late_mask_fragment,256,28.091699990909547,12800000,0.1,5000,1,sha256:c31a5394c72fa4480e21e21f18941a529737407325437b881b853a480254b8dd,6,sha256:c3a5fd5f60328b3c60bb9fdaa67bf141278cc4a225956728399d402599343f2b,50000,20260717T120435635390Z,808,mask_fragment-n50000-w256-m0100-s808
mask_fragment,58ced0e286dfa2b04542a7873472fb4400aeb830,late_mask_fragment,256,49.79640000965446,12800000,0.1,5000,0,sha256:c31a5394c72fa4480e21e21f18941a529737407325437b881b853a480254b8dd,7,sha256:c3a5fd5f60328b3c60bb9fdaa67bf141278cc4a225956728399d402599343f2b,50000,20260717T120435635390Z,808,mask_fragment-n50000-w256-m0100-s808
mask_fragment,58ced0e286dfa2b04542a7873472fb4400aeb830,early_mask_fragment,256,231.58419999526814,12800000,0.1,5000,1,sha256:1a43e0ddf8cc02438cc76d27ba1cce86da34109d2e43dcc8ed7c9d581b95b39d,7,sha256:c3a5fd5f60328b3c60bb9fdaa67bf141278cc4a225956728399d402599343f2b,50000,20260717T120435635390Z,808,mask_fragment-n50000-w256-m0100-s808
mask_fragment,58ced0e286dfa2b04542a7873472fb4400aeb830,early_mask_fragment,256,234.09990000072867,12800000,0.1,5000,0,sha256:1a43e0ddf8cc02438cc76d27ba1cce86da34109d2e43dcc8ed7c9d581b95b39d,8,sha256:c3a5fd5f60328b3c60bb9fdaa67bf141278cc4a225956728399d402599343f2b,50000,20260717T120435635390Z,808,mask_fragment-n50000-w256-m0100-s808
mask_fragment,58ced0e286dfa2b04542a7873472fb4400aeb830,late_mask_fragment,256,30.11059999698773,12800000,0.1,5000,1,sha256:c31a5394c72fa4480e21e21f18941a529737407325437b881b853a480254b8dd,8,sha256:c3a5fd5f60328b3c60bb9fdaa67bf141278cc4a225956728399d402599343f2b,50000,20260717T120435635390Z,808,mask_fragment-n50000-w256-m0100-s808
mask_fragment,58ced0e286dfa2b04542a7873472fb4400aeb830,late_mask_fragment,256,30.781600042246282,12800000,0.1,5000,0,sha256:c31a5394c72fa4480e21e21f18941a529737407325437b881b853a480254b8dd,9,sha256:c3a5fd5f60328b3c60bb9fdaa67bf141278cc4a225956728399d402599343f2b,50000,20260717T120435635390Z,808,mask_fragment-n50000-w256-m0100-s808
mask_fragment,58ced0e286dfa2b04542a7873472fb4400aeb830,early_mask_fragment,256,251.93020002916455,12800000,0.1,5000,1,sha256:1a43e0ddf8cc02438cc76d27ba1cce86da34109d2e43dcc8ed7c9d581b95b39d,9,sha256:c3a5fd5f60328b3c60bb9fdaa67bf141278cc4a225956728399d402599343f2b,50000,20260717T120435635390Z,808,mask_fragment-n50000-w256-m0100-s808
mask_fragment,58ced0e286dfa2b04542a7873472fb4400aeb830,early_mask_fragment,256,248.47910000244156,12800000,0.1,5000,0,sha256:1a43e0ddf8cc02438cc76d27ba1cce86da34109d2e43dcc8ed7c9d581b95b39d,10,sha256:c3a5fd5f60328b3c60bb9fdaa67bf141278cc4a225956728399d402599343f2b,50000,20260717T120435635390Z,808,mask_fragment-n50000-w256-m0100-s808
mask_fragment,58ced0e286dfa2b04542a7873472fb4400aeb830,late_mask_fragment,256,32.01919997809455,12800000,0.1,5000,1,sha256:c31a5394c72fa4480e21e21f18941a529737407325437b881b853a480254b8dd,10,sha256:c3a5fd5f60328b3c60bb9fdaa67bf141278cc4a225956728399d402599343f2b,50000,20260717T120435635390Z,808,mask_fragment-n50000-w256-m0100-s808
mask_fragment,58ced0e286dfa2b04542a7873472fb4400aeb830,late_mask_fragment,256,26.945499994326383,12800000,0.1,5000,0,sha256:c31a5394c72fa4480e21e21f18941a529737407325437b881b853a480254b8dd,11,sha256:c3a5fd5f60328b3c60bb9fdaa67bf141278cc4a225956728399d402599343f2b,50000,20260717T120435635390Z,808,mask_fragment-n50000-w256-m0100-s808
mask_fragment,58ced0e286dfa2b04542a7873472fb4400aeb830,early_mask_fragment,256,210.6952999602072,12800000,0.1,5000,1,sha256:1a43e0ddf8cc02438cc76d27ba1cce86da34109d2e43dcc8ed7c9d581b95b39d,11,sha256:c3a5fd5f60328b3c60bb9fdaa67bf141278cc4a225956728399d402599343f2b,50000,20260717T120435635390Z,808,mask_fragment-n50000-w256-m0100-s808
mask_fragment,58ced0e286dfa2b04542a7873472fb4400aeb830,early_mask_fragment,256,245.07050000829622,12800000,0.1,5000,0,sha256:1a43e0ddf8cc02438cc76d27ba1cce86da34109d2e43dcc8ed7c9d581b95b39d,12,sha256:c3a5fd5f60328b3c60bb9fdaa67bf141278cc4a225956728399d402599343f2b,50000,20260717T120435635390Z,808,mask_fragment-n50000-w256-m0100-s808
mask_fragment,58ced0e286dfa2b04542a7873472fb4400aeb830,late_mask_fragment,256,39.068999991286546,12800000,0.1,5000,1,sha256:c31a5394c72fa4480e21e21f18941a529737407325437b881b853a480254b8dd,12,sha256:c3a5fd5f60328b3c60bb9fdaa67bf141278cc4a225956728399d402599343f2b,50000,20260717T120435635390Z,808,mask_fragment-n50000-w256-m0100-s808
mask_fragment,58ced0e286dfa2b04542a7873472fb4400aeb830,late_mask_fragment,256,37.88560000248253,12800000,0.1,5000,0,sha256:c31a5394c72fa4480e21e21f18941a529737407325437b881b853a480254b8dd,13,sha256:c3a5fd5f60328b3c60bb9fdaa67bf141278cc4a225956728399d402599343f2b,50000,20260717T120435635390Z,808,mask_fragment-n50000-w256-m0100-s808
mask_fragment,58ced0e286dfa2b04542a7873472fb4400aeb830,early_mask_fragment,256,245.7113999989815,12800000,0.1,5000,1,sha256:1a43e0ddf8cc02438cc76d27ba1cce86da34109d2e43dcc8ed7c9d581b95b39d,13,sha256:c3a5fd5f60328b3c60bb9fdaa67bf141278cc4a225956728399d402599343f2b,50000,20260717T120435635390Z,808,mask_fragment-n50000-w256-m0100-s808
mask_fragment,58ced0e286dfa2b04542a7873472fb4400aeb830,early_mask_fragment,256,217.24399999948218,12800000,0.1,5000,0,sha256:1a43e0ddf8cc02438cc76d27ba1cce86da34109d2e43dcc8ed7c9d581b95b39d,14,sha256:c3a5fd5f60328b3c60bb9fdaa67bf141278cc4a225956728399d402599343f2b,50000,20260717T120435635390Z,808,mask_fragment-n50000-w256-m0100-s808
mask_fragment,58ced0e286dfa2b04542a7873472fb4400aeb830,late_mask_fragment,256,37.609799997881055,12800000,0.1,5000,1,sha256:c31a5394c72fa4480e21e21f18941a529737407325437b881b853a480254b8dd,14,sha256:c3a5fd5f60328b3c60bb9fdaa67bf141278cc4a225956728399d402599343f2b,50000,20260717T120435635390Z,808,mask_fragment-n50000-w256-m0100-s808
mask_fragment,58ced0e286dfa2b04542a7873472fb4400aeb830,late_mask_fragment,256,31.287299992982298,12800000,0.1,5000,0,sha256:c31a5394c72fa4480e21e21f18941a529737407325437b881b853a480254b8dd,0,sha256:050f3a648426c9e66f4b6739f043576880a43fbe7173b4e92a5daf67b8c568b6,50000,20260717T120435635390Z,909,mask_fragment-n50000-w256-m0100-s909
mask_fragment,58ced0e286dfa2b04542a7873472fb4400aeb830,early_mask_fragment,256,280.1760999718681,12800000,0.1,5000,1,sha256:1a43e0ddf8cc02438cc76d27ba1cce86da34109d2e43dcc8ed7c9d581b95b39d,0,sha256:050f3a648426c9e66f4b6739f043576880a43fbe7173b4e92a5daf67b8c568b6,50000,20260717T120435635390Z,909,mask_fragment-n50000-w256-m0100-s909
mask_fragment,58ced0e286dfa2b04542a7873472fb4400aeb830,early_mask_fragment,256,259.1551999794319,12800000,0.1,5000,0,sha256:1a43e0ddf8cc02438cc76d27ba1cce86da34109d2e43dcc8ed7c9d581b95b39d,1,sha256:050f3a648426c9e66f4b6739f043576880a43fbe7173b4e92a5daf67b8c568b6,50000,20260717T120435635390Z,909,mask_fragment-n50000-w256-m0100-s909
mask_fragment,58ced0e286dfa2b04542a7873472fb4400aeb830,late_mask_fragment,256,33.54209999088198,12800000,0.1,5000,1,sha256:c31a5394c72fa4480e21e21f18941a529737407325437b881b853a480254b8dd,1,sha256:050f3a648426c9e66f4b6739f043576880a43fbe7173b4e92a5daf67b8c568b6,50000,20260717T120435635390Z,909,mask_fragment-n50000-w256-m0100-s909
mask_fragment,58ced0e286dfa2b04542a7873472fb4400aeb830,late_mask_fragment,256,27.158799988683313,12800000,0.1,5000,0,sha256:c31a5394c72fa4480e21e21f18941a529737407325437b881b853a480254b8dd,2,sha256:050f3a648426c9e66f4b6739f043576880a43fbe7173b4e92a5daf67b8c568b6,50000,20260717T120435635390Z,909,mask_fragment-n50000-w256-m0100-s909
mask_fragment,58ced0e286dfa2b04542a7873472fb4400aeb830,early_mask_fragment,256,235.6982000055723,12800000,0.1,5000,1,sha256:1a43e0ddf8cc02438cc76d27ba1cce86da34109d2e43dcc8ed7c9d581b95b39d,2,sha256:050f3a648426c9e66f4b6739f043576880a43fbe7173b4e92a5daf67b8c568b6,50000,20260717T120435635390Z,909,mask_fragment-n50000-w256-m0100-s909
mask_fragment,58ced0e286dfa2b04542a7873472fb4400aeb830,early_mask_fragment,256,242.11140000261366,12800000,0.1,5000,0,sha256:1a43e0ddf8cc02438cc76d27ba1cce86da34109d2e43dcc8ed7c9d581b95b39d,3,sha256:050f3a648426c9e66f4b6739f043576880a43fbe7173b4e92a5daf67b8c568b6,50000,20260717T120435635390Z,909,mask_fragment-n50000-w256-m0100-s909
mask_fragment,58ced0e286dfa2b04542a7873472fb4400aeb830,late_mask_fragment,256,25.091700023040175,12800000,0.1,5000,1,sha256:c31a5394c72fa4480e21e21f18941a529737407325437b881b853a480254b8dd,3,sha256:050f3a648426c9e66f4b6739f043576880a43fbe7173b4e92a5daf67b8c568b6,50000,20260717T120435635390Z,909,mask_fragment-n50000-w256-m0100-s909
mask_fragment,58ced0e286dfa2b04542a7873472fb4400aeb830,late_mask_fragment,256,28.352399996947497,12800000,0.1,5000,0,sha256:c31a5394c72fa4480e21e21f18941a529737407325437b881b853a480254b8dd,4,sha256:050f3a648426c9e66f4b6739f043576880a43fbe7173b4e92a5daf67b8c568b6,50000,20260717T120435635390Z,909,mask_fragment-n50000-w256-m0100-s909
mask_fragment,58ced0e286dfa2b04542a7873472fb4400aeb830,early_mask_fragment,256,262.5343999825418,12800000,0.1,5000,1,sha256:1a43e0ddf8cc02438cc76d27ba1cce86da34109d2e43dcc8ed7c9d581b95b39d,4,sha256:050f3a648426c9e66f4b6739f043576880a43fbe7173b4e92a5daf67b8c568b6,50000,20260717T120435635390Z,909,mask_fragment-n50000-w256-m0100-s909
mask_fragment,58ced0e286dfa2b04542a7873472fb4400aeb830,early_mask_fragment,256,242.41499998606741,12800000,0.1,5000,0,sha256:1a43e0ddf8cc02438cc76d27ba1cce86da34109d2e43dcc8ed7c9d581b95b39d,5,sha256:050f3a648426c9e66f4b6739f043576880a43fbe7173b4e92a5daf67b8c568b6,50000,20260717T120435635390Z,909,mask_fragment-n50000-w256-m0100-s909
mask_fragment,58ced0e286dfa2b04542a7873472fb4400aeb830,late_mask_fragment,256,31.88429999863729,12800000,0.1,5000,1,sha256:c31a5394c72fa4480e21e21f18941a529737407325437b881b853a480254b8dd,5,sha256:050f3a648426c9e66f4b6739f043576880a43fbe7173b4e92a5daf67b8c568b6,50000,20260717T120435635390Z,909,mask_fragment-n50000-w256-m0100-s909
mask_fragment,58ced0e286dfa2b04542a7873472fb4400aeb830,late_mask_fragment,256,24.537699995562434,12800000,0.1,5000,0,sha256:c31a5394c72fa4480e21e21f18941a529737407325437b881b853a480254b8dd,6,sha256:050f3a648426c9e66f4b6739f043576880a43fbe7173b4e92a5daf67b8c568b6,50000,20260717T120435635390Z,909,mask_fragment-n50000-w256-m0100-s909
mask_fragment,58ced0e286dfa2b04542a7873472fb4400aeb830,early_mask_fragment,256,248.00479999976233,12800000,0.1,5000,1,sha256:1a43e0ddf8cc02438cc76d27ba1cce86da34109d2e43dcc8ed7c9d581b95b39d,6,sha256:050f3a648426c9e66f4b6739f043576880a43fbe7173b4e92a5daf67b8c568b6,50000,20260717T120435635390Z,909,mask_fragment-n50000-w256-m0100-s909
mask_fragment,58ced0e286dfa2b04542a7873472fb4400aeb830,early_mask_fragment,256,239.8352000163868,12800000,0.1,5000,0,sha256:1a43e0ddf8cc02438cc76d27ba1cce86da34109d2e43dcc8ed7c9d581b95b39d,7,sha256:050f3a648426c9e66f4b6739f043576880a43fbe7173b4e92a5daf67b8c568b6,50000,20260717T120435635390Z,909,mask_fragment-n50000-w256-m0100-s909
mask_fragment,58ced0e286dfa2b04542a7873472fb4400aeb830,late_mask_fragment,256,30.176899977959692,12800000,0.1,5000,1,sha256:c31a5394c72fa4480e21e21f18941a529737407325437b881b853a480254b8dd,7,sha256:050f3a648426c9e66f4b6739f043576880a43fbe7173b4e92a5daf67b8c568b6,50000,20260717T120435635390Z,909,mask_fragment-n50000-w256-m0100-s909
mask_fragment,58ced0e286dfa2b04542a7873472fb4400aeb830,late_mask_fragment,256,28.275799995753914,12800000,0.1,5000,0,sha256:c31a5394c72fa4480e21e21f18941a529737407325437b881b853a480254b8dd,8,sha256:050f3a648426c9e66f4b6739f043576880a43fbe7173b4e92a5daf67b8c568b6,50000,20260717T120435635390Z,909,mask_fragment-n50000-w256-m0100-s909
mask_fragment,58ced0e286dfa2b04542a7873472fb4400aeb830,early_mask_fragment,256,239.55860000569373,12800000,0.1,5000,1,sha256:1a43e0ddf8cc02438cc76d27ba1cce86da34109d2e43dcc8ed7c9d581b95b39d,8,sha256:050f3a648426c9e66f4b6739f043576880a43fbe7173b4e92a5daf67b8c568b6,50000,20260717T120435635390Z,909,mask_fragment-n50000-w256-m0100-s909
mask_fragment,58ced0e286dfa2b04542a7873472fb4400aeb830,early_mask_fragment,256,261.6578000015579,12800000,0.1,5000,0,sha256:1a43e0ddf8cc02438cc76d27ba1cce86da34109d2e43dcc8ed7c9d581b95b39d,9,sha256:050f3a648426c9e66f4b6739f043576880a43fbe7173b4e92a5daf67b8c568b6,50000,20260717T120435635390Z,909,mask_fragment-n50000-w256-m0100-s909
mask_fragment,58ced0e286dfa2b04542a7873472fb4400aeb830,late_mask_fragment,256,31.361599976662546,12800000,0.1,5000,1,sha256:c31a5394c72fa4480e21e21f18941a529737407325437b881b853a480254b8dd,9,sha256:050f3a648426c9e66f4b6739f043576880a43fbe7173b4e92a5daf67b8c568b6,50000,20260717T120435635390Z,909,mask_fragment-n50000-w256-m0100-s909
mask_fragment,58ced0e286dfa2b04542a7873472fb4400aeb830,late_mask_fragment,256,34.173699968960136,12800000,0.1,5000,0,sha256:c31a5394c72fa4480e21e21f18941a529737407325437b881b853a480254b8dd,10,sha256:050f3a648426c9e66f4b6739f043576880a43fbe7173b4e92a5daf67b8c568b6,50000,20260717T120435635390Z,909,mask_fragment-n50000-w256-m0100-s909
mask_fragment,58ced0e286dfa2b04542a7873472fb4400aeb830,early_mask_fragment,256,248.52339999051765,12800000,0.1,5000,1,sha256:1a43e0ddf8cc02438cc76d27ba1cce86da34109d2e43dcc8ed7c9d581b95b39d,10,sha256:050f3a648426c9e66f4b6739f043576880a43fbe7173b4e92a5daf67b8c568b6,50000,20260717T120435635390Z,909,mask_fragment-n50000-w256-m0100-s909
mask_fragment,58ced0e286dfa2b04542a7873472fb4400aeb830,early_mask_fragment,256,243.58070001471788,12800000,0.1,5000,0,sha256:1a43e0ddf8cc02438cc76d27ba1cce86da34109d2e43dcc8ed7c9d581b95b39d,11,sha256:050f3a648426c9e66f4b6739f043576880a43fbe7173b4e92a5daf67b8c568b6,50000,20260717T120435635390Z,909,mask_fragment-n50000-w256-m0100-s909
mask_fragment,58ced0e286dfa2b04542a7873472fb4400aeb830,late_mask_fragment,256,31.173499999567866,12800000,0.1,5000,1,sha256:c31a5394c72fa4480e21e21f18941a529737407325437b881b853a480254b8dd,11,sha256:050f3a648426c9e66f4b6739f043576880a43fbe7173b4e92a5daf67b8c568b6,50000,20260717T120435635390Z,909,mask_fragment-n50000-w256-m0100-s909
mask_fragment,58ced0e286dfa2b04542a7873472fb4400aeb830,late_mask_fragment,256,29.618100030347705,12800000,0.1,5000,0,sha256:c31a5394c72fa4480e21e21f18941a529737407325437b881b853a480254b8dd,12,sha256:050f3a648426c9e66f4b6739f043576880a43fbe7173b4e92a5daf67b8c568b6,50000,20260717T120435635390Z,909,mask_fragment-n50000-w256-m0100-s909
mask_fragment,58ced0e286dfa2b04542a7873472fb4400aeb830,early_mask_fragment,256,248.57629998587072,12800000,0.1,5000,1,sha256:1a43e0ddf8cc02438cc76d27ba1cce86da34109d2e43dcc8ed7c9d581b95b39d,12,sha256:050f3a648426c9e66f4b6739f043576880a43fbe7173b4e92a5daf67b8c568b6,50000,20260717T120435635390Z,909,mask_fragment-n50000-w256-m0100-s909
mask_fragment,58ced0e286dfa2b04542a7873472fb4400aeb830,early_mask_fragment,256,238.46670001512393,12800000,0.1,5000,0,sha256:1a43e0ddf8cc02438cc76d27ba1cce86da34109d2e43dcc8ed7c9d581b95b39d,13,sha256:050f3a648426c9e66f4b6739f043576880a43fbe7173b4e92a5daf67b8c568b6,50000,20260717T120435635390Z,909,mask_fragment-n50000-w256-m0100-s909
mask_fragment,58ced0e286dfa2b04542a7873472fb4400aeb830,late_mask_fragment,256,24.152000027243048,12800000,0.1,5000,1,sha256:c31a5394c72fa4480e21e21f18941a529737407325437b881b853a480254b8dd,13,sha256:050f3a648426c9e66f4b6739f043576880a43fbe7173b4e92a5daf67b8c568b6,50000,20260717T120435635390Z,909,mask_fragment-n50000-w256-m0100-s909
mask_fragment,58ced0e286dfa2b04542a7873472fb4400aeb830,late_mask_fragment,256,27.013699989765882,12800000,0.1,5000,0,sha256:c31a5394c72fa4480e21e21f18941a529737407325437b881b853a480254b8dd,14,sha256:050f3a648426c9e66f4b6739f043576880a43fbe7173b4e92a5daf67b8c568b6,50000,20260717T120435635390Z,909,mask_fragment-n50000-w256-m0100-s909
mask_fragment,58ced0e286dfa2b04542a7873472fb4400aeb830,early_mask_fragment,256,238.47969999769703,12800000,0.1,5000,1,sha256:1a43e0ddf8cc02438cc76d27ba1cce86da34109d2e43dcc8ed7c9d581b95b39d,14,sha256:050f3a648426c9e66f4b6739f043576880a43fbe7173b4e92a5daf67b8c568b6,50000,20260717T120435635390Z,909,mask_fragment-n50000-w256-m0100-s909
mask_fragment,58ced0e286dfa2b04542a7873472fb4400aeb830,late_mask_fragment,256,128.37309995666146,12800000,0.5,25000,0,sha256:c31a5394c72fa4480e21e21f18941a529737407325437b881b853a480254b8dd,0,sha256:400ac609a4779ad9b975f4ab317c3723d25be510a9d8fab9b5ae09f23ec47cae,50000,20260717T120435635390Z,707,mask_fragment-n50000-w256-m0500-s707
mask_fragment,58ced0e286dfa2b04542a7873472fb4400aeb830,early_mask_fragment,256,256.7846999736503,12800000,0.5,25000,1,sha256:1a43e0ddf8cc02438cc76d27ba1cce86da34109d2e43dcc8ed7c9d581b95b39d,0,sha256:400ac609a4779ad9b975f4ab317c3723d25be510a9d8fab9b5ae09f23ec47cae,50000,20260717T120435635390Z,707,mask_fragment-n50000-w256-m0500-s707
mask_fragment,58ced0e286dfa2b04542a7873472fb4400aeb830,early_mask_fragment,256,260.6546999886632,12800000,0.5,25000,0,sha256:1a43e0ddf8cc02438cc76d27ba1cce86da34109d2e43dcc8ed7c9d581b95b39d,1,sha256:400ac609a4779ad9b975f4ab317c3723d25be510a9d8fab9b5ae09f23ec47cae,50000,20260717T120435635390Z,707,mask_fragment-n50000-w256-m0500-s707
mask_fragment,58ced0e286dfa2b04542a7873472fb4400aeb830,late_mask_fragment,256,128.5362999769859,12800000,0.5,25000,1,sha256:c31a5394c72fa4480e21e21f18941a529737407325437b881b853a480254b8dd,1,sha256:400ac609a4779ad9b975f4ab317c3723d25be510a9d8fab9b5ae09f23ec47cae,50000,20260717T120435635390Z,707,mask_fragment-n50000-w256-m0500-s707
mask_fragment,58ced0e286dfa2b04542a7873472fb4400aeb830,late_mask_fragment,256,129.69410000368953,12800000,0.5,25000,0,sha256:c31a5394c72fa4480e21e21f18941a529737407325437b881b853a480254b8dd,2,sha256:400ac609a4779ad9b975f4ab317c3723d25be510a9d8fab9b5ae09f23ec47cae,50000,20260717T120435635390Z,707,mask_fragment-n50000-w256-m0500-s707
mask_fragment,58ced0e286dfa2b04542a7873472fb4400aeb830,early_mask_fragment,256,253.05569998454303,12800000,0.5,25000,1,sha256:1a43e0ddf8cc02438cc76d27ba1cce86da34109d2e43dcc8ed7c9d581b95b39d,2,sha256:400ac609a4779ad9b975f4ab317c3723d25be510a9d8fab9b5ae09f23ec47cae,50000,20260717T120435635390Z,707,mask_fragment-n50000-w256-m0500-s707
mask_fragment,58ced0e286dfa2b04542a7873472fb4400aeb830,early_mask_fragment,256,218.55910000158474,12800000,0.5,25000,0,sha256:1a43e0ddf8cc02438cc76d27ba1cce86da34109d2e43dcc8ed7c9d581b95b39d,3,sha256:400ac609a4779ad9b975f4ab317c3723d25be510a9d8fab9b5ae09f23ec47cae,50000,20260717T120435635390Z,707,mask_fragment-n50000-w256-m0500-s707
mask_fragment,58ced0e286dfa2b04542a7873472fb4400aeb830,late_mask_fragment,256,117.66350001562387,12800000,0.5,25000,1,sha256:c31a5394c72fa4480e21e21f18941a529737407325437b881b853a480254b8dd,3,sha256:400ac609a4779ad9b975f4ab317c3723d25be510a9d8fab9b5ae09f23ec47cae,50000,20260717T120435635390Z,707,mask_fragment-n50000-w256-m0500-s707
mask_fragment,58ced0e286dfa2b04542a7873472fb4400aeb830,late_mask_fragment,256,153.67889998015016,12800000,0.5,25000,0,sha256:c31a5394c72fa4480e21e21f18941a529737407325437b881b853a480254b8dd,4,sha256:400ac609a4779ad9b975f4ab317c3723d25be510a9d8fab9b5ae09f23ec47cae,50000,20260717T120435635390Z,707,mask_fragment-n50000-w256-m0500-s707
mask_fragment,58ced0e286dfa2b04542a7873472fb4400aeb830,early_mask_fragment,256,233.35679998854175,12800000,0.5,25000,1,sha256:1a43e0ddf8cc02438cc76d27ba1cce86da34109d2e43dcc8ed7c9d581b95b39d,4,sha256:400ac609a4779ad9b975f4ab317c3723d25be510a9d8fab9b5ae09f23ec47cae,50000,20260717T120435635390Z,707,mask_fragment-n50000-w256-m0500-s707
mask_fragment,58ced0e286dfa2b04542a7873472fb4400aeb830,early_mask_fragment,256,273.3651000307873,12800000,0.5,25000,0,sha256:1a43e0ddf8cc02438cc76d27ba1cce86da34109d2e43dcc8ed7c9d581b95b39d,5,sha256:400ac609a4779ad9b975f4ab317c3723d25be510a9d8fab9b5ae09f23ec47cae,50000,20260717T120435635390Z,707,mask_fragment-n50000-w256-m0500-s707
mask_fragment,58ced0e286dfa2b04542a7873472fb4400aeb830,late_mask_fragment,256,135.0477000232786,12800000,0.5,25000,1,sha256:c31a5394c72fa4480e21e21f18941a529737407325437b881b853a480254b8dd,5,sha256:400ac609a4779ad9b975f4ab317c3723d25be510a9d8fab9b5ae09f23ec47cae,50000,20260717T120435635390Z,707,mask_fragment-n50000-w256-m0500-s707
mask_fragment,58ced0e286dfa2b04542a7873472fb4400aeb830,late_mask_fragment,256,156.9397000130266,12800000,0.5,25000,0,sha256:c31a5394c72fa4480e21e21f18941a529737407325437b881b853a480254b8dd,6,sha256:400ac609a4779ad9b975f4ab317c3723d25be510a9d8fab9b5ae09f23ec47cae,50000,20260717T120435635390Z,707,mask_fragment-n50000-w256-m0500-s707
mask_fragment,58ced0e286dfa2b04542a7873472fb4400aeb830,early_mask_fragment,256,260.7688999851234,12800000,0.5,25000,1,sha256:1a43e0ddf8cc02438cc76d27ba1cce86da34109d2e43dcc8ed7c9d581b95b39d,6,sha256:400ac609a4779ad9b975f4ab317c3723d25be510a9d8fab9b5ae09f23ec47cae,50000,20260717T120435635390Z,707,mask_fragment-n50000-w256-m0500-s707
mask_fragment,58ced0e286dfa2b04542a7873472fb4400aeb830,early_mask_fragment,256,258.1612000358291,12800000,0.5,25000,0,sha256:1a43e0ddf8cc02438cc76d27ba1cce86da34109d2e43dcc8ed7c9d581b95b39d,7,sha256:400ac609a4779ad9b975f4ab317c3723d25be510a9d8fab9b5ae09f23ec47cae,50000,20260717T120435635390Z,707,mask_fragment-n50000-w256-m0500-s707
mask_fragment,58ced0e286dfa2b04542a7873472fb4400aeb830,late_mask_fragment,256,131.85990002239123,12800000,0.5,25000,1,sha256:c31a5394c72fa4480e21e21f18941a529737407325437b881b853a480254b8dd,7,sha256:400ac609a4779ad9b975f4ab317c3723d25be510a9d8fab9b5ae09f23ec47cae,50000,20260717T120435635390Z,707,mask_fragment-n50000-w256-m0500-s707
mask_fragment,58ced0e286dfa2b04542a7873472fb4400aeb830,late_mask_fragment,256,128.49119998281822,12800000,0.5,25000,0,sha256:c31a5394c72fa4480e21e21f18941a529737407325437b881b853a480254b8dd,8,sha256:400ac609a4779ad9b975f4ab317c3723d25be510a9d8fab9b5ae09f23ec47cae,50000,20260717T120435635390Z,707,mask_fragment-n50000-w256-m0500-s707
mask_fragment,58ced0e286dfa2b04542a7873472fb4400aeb830,early_mask_fragment,256,240.99370004842058,12800000,0.5,25000,1,sha256:1a43e0ddf8cc02438cc76d27ba1cce86da34109d2e43dcc8ed7c9d581b95b39d,8,sha256:400ac609a4779ad9b975f4ab317c3723d25be510a9d8fab9b5ae09f23ec47cae,50000,20260717T120435635390Z,707,mask_fragment-n50000-w256-m0500-s707
mask_fragment,58ced0e286dfa2b04542a7873472fb4400aeb830,early_mask_fragment,256,252.90549994679168,12800000,0.5,25000,0,sha256:1a43e0ddf8cc02438cc76d27ba1cce86da34109d2e43dcc8ed7c9d581b95b39d,9,sha256:400ac609a4779ad9b975f4ab317c3723d25be510a9d8fab9b5ae09f23ec47cae,50000,20260717T120435635390Z,707,mask_fragment-n50000-w256-m0500-s707
mask_fragment,58ced0e286dfa2b04542a7873472fb4400aeb830,late_mask_fragment,256,131.62200001534075,12800000,0.5,25000,1,sha256:c31a5394c72fa4480e21e21f18941a529737407325437b881b853a480254b8dd,9,sha256:400ac609a4779ad9b975f4ab317c3723d25be510a9d8fab9b5ae09f23ec47cae,50000,20260717T120435635390Z,707,mask_fragment-n50000-w256-m0500-s707
mask_fragment,58ced0e286dfa2b04542a7873472fb4400aeb830,late_mask_fragment,256,132.40160001441836,12800000,0.5,25000,0,sha256:c31a5394c72fa4480e21e21f18941a529737407325437b881b853a480254b8dd,10,sha256:400ac609a4779ad9b975f4ab317c3723d25be510a9d8fab9b5ae09f23ec47cae,50000,20260717T120435635390Z,707,mask_fragment-n50000-w256-m0500-s707
mask_fragment,58ced0e286dfa2b04542a7873472fb4400aeb830,early_mask_fragment,256,259.59420000435784,12800000,0.5,25000,1,sha256:1a43e0ddf8cc02438cc76d27ba1cce86da34109d2e43dcc8ed7c9d581b95b39d,10,sha256:400ac609a4779ad9b975f4ab317c3723d25be510a9d8fab9b5ae09f23ec47cae,50000,20260717T120435635390Z,707,mask_fragment-n50000-w256-m0500-s707
mask_fragment,58ced0e286dfa2b04542a7873472fb4400aeb830,early_mask_fragment,256,261.1041000345722,12800000,0.5,25000,0,sha256:1a43e0ddf8cc02438cc76d27ba1cce86da34109d2e43dcc8ed7c9d581b95b39d,11,sha256:400ac609a4779ad9b975f4ab317c3723d25be510a9d8fab9b5ae09f23ec47cae,50000,20260717T120435635390Z,707,mask_fragment-n50000-w256-m0500-s707
mask_fragment,58ced0e286dfa2b04542a7873472fb4400aeb830,late_mask_fragment,256,133.78669996745884,12800000,0.5,25000,1,sha256:c31a5394c72fa4480e21e21f18941a529737407325437b881b853a480254b8dd,11,sha256:400ac609a4779ad9b975f4ab317c3723d25be510a9d8fab9b5ae09f23ec47cae,50000,20260717T120435635390Z,707,mask_fragment-n50000-w256-m0500-s707
mask_fragment,58ced0e286dfa2b04542a7873472fb4400aeb830,late_mask_fragment,256,144.41410003928468,12800000,0.5,25000,0,sha256:c31a5394c72fa4480e21e21f18941a529737407325437b881b853a480254b8dd,12,sha256:400ac609a4779ad9b975f4ab317c3723d25be510a9d8fab9b5ae09f23ec47cae,50000,20260717T120435635390Z,707,mask_fragment-n50000-w256-m0500-s707
mask_fragment,58ced0e286dfa2b04542a7873472fb4400aeb830,early_mask_fragment,256,260.48520003678277,12800000,0.5,25000,1,sha256:1a43e0ddf8cc02438cc76d27ba1cce86da34109d2e43dcc8ed7c9d581b95b39d,12,sha256:400ac609a4779ad9b975f4ab317c3723d25be510a9d8fab9b5ae09f23ec47cae,50000,20260717T120435635390Z,707,mask_fragment-n50000-w256-m0500-s707
mask_fragment,58ced0e286dfa2b04542a7873472fb4400aeb830,early_mask_fragment,256,216.96099999826401,12800000,0.5,25000,0,sha256:1a43e0ddf8cc02438cc76d27ba1cce86da34109d2e43dcc8ed7c9d581b95b39d,13,sha256:400ac609a4779ad9b975f4ab317c3723d25be510a9d8fab9b5ae09f23ec47cae,50000,20260717T120435635390Z,707,mask_fragment-n50000-w256-m0500-s707
mask_fragment,58ced0e286dfa2b04542a7873472fb4400aeb830,late_mask_fragment,256,126.9726000027731,12800000,0.5,25000,1,sha256:c31a5394c72fa4480e21e21f18941a529737407325437b881b853a480254b8dd,13,sha256:400ac609a4779ad9b975f4ab317c3723d25be510a9d8fab9b5ae09f23ec47cae,50000,20260717T120435635390Z,707,mask_fragment-n50000-w256-m0500-s707
mask_fragment,58ced0e286dfa2b04542a7873472fb4400aeb830,late_mask_fragment,256,163.63969998201355,12800000,0.5,25000,0,sha256:c31a5394c72fa4480e21e21f18941a529737407325437b881b853a480254b8dd,14,sha256:400ac609a4779ad9b975f4ab317c3723d25be510a9d8fab9b5ae09f23ec47cae,50000,20260717T120435635390Z,707,mask_fragment-n50000-w256-m0500-s707
mask_fragment,58ced0e286dfa2b04542a7873472fb4400aeb830,early_mask_fragment,256,235.66770000616089,12800000,0.5,25000,1,sha256:1a43e0ddf8cc02438cc76d27ba1cce86da34109d2e43dcc8ed7c9d581b95b39d,14,sha256:400ac609a4779ad9b975f4ab317c3723d25be510a9d8fab9b5ae09f23ec47cae,50000,20260717T120435635390Z,707,mask_fragment-n50000-w256-m0500-s707
mask_fragment,58ced0e286dfa2b04542a7873472fb4400aeb830,late_mask_fragment,256,159.9968000082299,12800000,0.5,25000,0,sha256:c31a5394c72fa4480e21e21f18941a529737407325437b881b853a480254b8dd,0,sha256:8364350f7dfc4813a4734ff1670b2f008392f25945141c61971448cd2f252f7c,50000,20260717T120435635390Z,808,mask_fragment-n50000-w256-m0500-s808
mask_fragment,58ced0e286dfa2b04542a7873472fb4400aeb830,early_mask_fragment,256,287.15559997363016,12800000,0.5,25000,1,sha256:1a43e0ddf8cc02438cc76d27ba1cce86da34109d2e43dcc8ed7c9d581b95b39d,0,sha256:8364350f7dfc4813a4734ff1670b2f008392f25945141c61971448cd2f252f7c,50000,20260717T120435635390Z,808,mask_fragment-n50000-w256-m0500-s808
mask_fragment,58ced0e286dfa2b04542a7873472fb4400aeb830,early_mask_fragment,256,263.1182999466546,12800000,0.5,25000,0,sha256:1a43e0ddf8cc02438cc76d27ba1cce86da34109d2e43dcc8ed7c9d581b95b39d,1,sha256:8364350f7dfc4813a4734ff1670b2f008392f25945141c61971448cd2f252f7c,50000,20260717T120435635390Z,808,mask_fragment-n50000-w256-m0500-s808
mask_fragment,58ced0e286dfa2b04542a7873472fb4400aeb830,late_mask_fragment,256,161.63759998744354,12800000,0.5,25000,1,sha256:c31a5394c72fa4480e21e21f18941a529737407325437b881b853a480254b8dd,1,sha256:8364350f7dfc4813a4734ff1670b2f008392f25945141c61971448cd2f252f7c,50000,20260717T120435635390Z,808,mask_fragment-n50000-w256-m0500-s808
mask_fragment,58ced0e286dfa2b04542a7873472fb4400aeb830,late_mask_fragment,256,152.04030001768842,12800000,0.5,25000,0,sha256:c31a5394c72fa4480e21e21f18941a529737407325437b881b853a480254b8dd,2,sha256:8364350f7dfc4813a4734ff1670b2f008392f25945141c61971448cd2f252f7c,50000,20260717T120435635390Z,808,mask_fragment-n50000-w256-m0500-s808
mask_fragment,58ced0e286dfa2b04542a7873472fb4400aeb830,early_mask_fragment,256,274.5133999851532,12800000,0.5,25000,1,sha256:1a43e0ddf8cc02438cc76d27ba1cce86da34109d2e43dcc8ed7c9d581b95b39d,2,sha256:8364350f7dfc4813a4734ff1670b2f008392f25945141c61971448cd2f252f7c,50000,20260717T120435635390Z,808,mask_fragment-n50000-w256-m0500-s808
mask_fragment,58ced0e286dfa2b04542a7873472fb4400aeb830,early_mask_fragment,256,290.93790001934394,12800000,0.5,25000,0,sha256:1a43e0ddf8cc02438cc76d27ba1cce86da34109d2e43dcc8ed7c9d581b95b39d,3,sha256:8364350f7dfc4813a4734ff1670b2f008392f25945141c61971448cd2f252f7c,50000,20260717T120435635390Z,808,mask_fragment-n50000-w256-m0500-s808
mask_fragment,58ced0e286dfa2b04542a7873472fb4400aeb830,late_mask_fragment,256,151.0924000176601,12800000,0.5,25000,1,sha256:c31a5394c72fa4480e21e21f18941a529737407325437b881b853a480254b8dd,3,sha256:8364350f7dfc4813a4734ff1670b2f008392f25945141c61971448cd2f252f7c,50000,20260717T120435635390Z,808,mask_fragment-n50000-w256-m0500-s808
mask_fragment,58ced0e286dfa2b04542a7873472fb4400aeb830,late_mask_fragment,256,133.81610001670197,12800000,0.5,25000,0,sha256:c31a5394c72fa4480e21e21f18941a529737407325437b881b853a480254b8dd,4,sha256:8364350f7dfc4813a4734ff1670b2f008392f25945141c61971448cd2f252f7c,50000,20260717T120435635390Z,808,mask_fragment-n50000-w256-m0500-s808
mask_fragment,58ced0e286dfa2b04542a7873472fb4400aeb830,early_mask_fragment,256,268.9102999866009,12800000,0.5,25000,1,sha256:1a43e0ddf8cc02438cc76d27ba1cce86da34109d2e43dcc8ed7c9d581b95b39d,4,sha256:8364350f7dfc4813a4734ff1670b2f008392f25945141c61971448cd2f252f7c,50000,20260717T120435635390Z,808,mask_fragment-n50000-w256-m0500-s808
mask_fragment,58ced0e286dfa2b04542a7873472fb4400aeb830,early_mask_fragment,256,255.8273999602534,12800000,0.5,25000,0,sha256:1a43e0ddf8cc02438cc76d27ba1cce86da34109d2e43dcc8ed7c9d581b95b39d,5,sha256:8364350f7dfc4813a4734ff1670b2f008392f25945141c61971448cd2f252f7c,50000,20260717T120435635390Z,808,mask_fragment-n50000-w256-m0500-s808
mask_fragment,58ced0e286dfa2b04542a7873472fb4400aeb830,late_mask_fragment,256,137.95100001152605,12800000,0.5,25000,1,sha256:c31a5394c72fa4480e21e21f18941a529737407325437b881b853a480254b8dd,5,sha256:8364350f7dfc4813a4734ff1670b2f008392f25945141c61971448cd2f252f7c,50000,20260717T120435635390Z,808,mask_fragment-n50000-w256-m0500-s808
mask_fragment,58ced0e286dfa2b04542a7873472fb4400aeb830,late_mask_fragment,256,152.31959999073297,12800000,0.5,25000,0,sha256:c31a5394c72fa4480e21e21f18941a529737407325437b881b853a480254b8dd,6,sha256:8364350f7dfc4813a4734ff1670b2f008392f25945141c61971448cd2f252f7c,50000,20260717T120435635390Z,808,mask_fragment-n50000-w256-m0500-s808
mask_fragment,58ced0e286dfa2b04542a7873472fb4400aeb830,early_mask_fragment,256,256.5669000032358,12800000,0.5,25000,1,sha256:1a43e0ddf8cc02438cc76d27ba1cce86da34109d2e43dcc8ed7c9d581b95b39d,6,sha256:8364350f7dfc4813a4734ff1670b2f008392f25945141c61971448cd2f252f7c,50000,20260717T120435635390Z,808,mask_fragment-n50000-w256-m0500-s808
mask_fragment,58ced0e286dfa2b04542a7873472fb4400aeb830,early_mask_fragment,256,211.8116000201553,12800000,0.5,25000,0,sha256:1a43e0ddf8cc02438cc76d27ba1cce86da34109d2e43dcc8ed7c9d581b95b39d,7,sha256:8364350f7dfc4813a4734ff1670b2f008392f25945141c61971448cd2f252f7c,50000,20260717T120435635390Z,808,mask_fragment-n50000-w256-m0500-s808
mask_fragment,58ced0e286dfa2b04542a7873472fb4400aeb830,late_mask_fragment,256,121.82510003913194,12800000,0.5,25000,1,sha256:c31a5394c72fa4480e21e21f18941a529737407325437b881b853a480254b8dd,7,sha256:8364350f7dfc4813a4734ff1670b2f008392f25945141c61971448cd2f252f7c,50000,20260717T120435635390Z,808,mask_fragment-n50000-w256-m0500-s808
mask_fragment,58ced0e286dfa2b04542a7873472fb4400aeb830,late_mask_fragment,256,155.25790001265705,12800000,0.5,25000,0,sha256:c31a5394c72fa4480e21e21f18941a529737407325437b881b853a480254b8dd,8,sha256:8364350f7dfc4813a4734ff1670b2f008392f25945141c61971448cd2f252f7c,50000,20260717T120435635390Z,808,mask_fragment-n50000-w256-m0500-s808
mask_fragment,58ced0e286dfa2b04542a7873472fb4400aeb830,early_mask_fragment,256,245.09550002403557,12800000,0.5,25000,1,sha256:1a43e0ddf8cc02438cc76d27ba1cce86da34109d2e43dcc8ed7c9d581b95b39d,8,sha256:8364350f7dfc4813a4734ff1670b2f008392f25945141c61971448cd2f252f7c,50000,20260717T120435635390Z,808,mask_fragment-n50000-w256-m0500-s808
mask_fragment,58ced0e286dfa2b04542a7873472fb4400aeb830,early_mask_fragment,256,199.25730000250041,12800000,0.5,25000,0,sha256:1a43e0ddf8cc02438cc76d27ba1cce86da34109d2e43dcc8ed7c9d581b95b39d,9,sha256:8364350f7dfc4813a4734ff1670b2f008392f25945141c61971448cd2f252f7c,50000,20260717T120435635390Z,808,mask_fragment-n50000-w256-m0500-s808
mask_fragment,58ced0e286dfa2b04542a7873472fb4400aeb830,late_mask_fragment,256,133.22279998101294,12800000,0.5,25000,1,sha256:c31a5394c72fa4480e21e21f18941a529737407325437b881b853a480254b8dd,9,sha256:8364350f7dfc4813a4734ff1670b2f008392f25945141c61971448cd2f252f7c,50000,20260717T120435635390Z,808,mask_fragment-n50000-w256-m0500-s808
mask_fragment,58ced0e286dfa2b04542a7873472fb4400aeb830,late_mask_fragment,256,133.60499998088926,12800000,0.5,25000,0,sha256:c31a5394c72fa4480e21e21f18941a529737407325437b881b853a480254b8dd,10,sha256:8364350f7dfc4813a4734ff1670b2f008392f25945141c61971448cd2f252f7c,50000,20260717T120435635390Z,808,mask_fragment-n50000-w256-m0500-s808
mask_fragment,58ced0e286dfa2b04542a7873472fb4400aeb830,early_mask_fragment,256,262.3011999530718,12800000,0.5,25000,1,sha256:1a43e0ddf8cc02438cc76d27ba1cce86da34109d2e43dcc8ed7c9d581b95b39d,10,sha256:8364350f7dfc4813a4734ff1670b2f008392f25945141c61971448cd2f252f7c,50000,20260717T120435635390Z,808,mask_fragment-n50000-w256-m0500-s808
mask_fragment,58ced0e286dfa2b04542a7873472fb4400aeb830,early_mask_fragment,256,252.7630000258796,12800000,0.5,25000,0,sha256:1a43e0ddf8cc02438cc76d27ba1cce86da34109d2e43dcc8ed7c9d581b95b39d,11,sha256:8364350f7dfc4813a4734ff1670b2f008392f25945141c61971448cd2f252f7c,50000,20260717T120435635390Z,808,mask_fragment-n50000-w256-m0500-s808
mask_fragment,58ced0e286dfa2b04542a7873472fb4400aeb830,late_mask_fragment,256,135.3876999928616,12800000,0.5,25000,1,sha256:c31a5394c72fa4480e21e21f18941a529737407325437b881b853a480254b8dd,11,sha256:8364350f7dfc4813a4734ff1670b2f008392f25945141c61971448cd2f252f7c,50000,20260717T120435635390Z,808,mask_fragment-n50000-w256-m0500-s808
mask_fragment,58ced0e286dfa2b04542a7873472fb4400aeb830,late_mask_fragment,256,169.76409999188036,12800000,0.5,25000,0,sha256:c31a5394c72fa4480e21e21f18941a529737407325437b881b853a480254b8dd,12,sha256:8364350f7dfc4813a4734ff1670b2f008392f25945141c61971448cd2f252f7c,50000,20260717T120435635390Z,808,mask_fragment-n50000-w256-m0500-s808
mask_fragment,58ced0e286dfa2b04542a7873472fb4400aeb830,early_mask_fragment,256,260.8315999968909,12800000,0.5,25000,1,sha256:1a43e0ddf8cc02438cc76d27ba1cce86da34109d2e43dcc8ed7c9d581b95b39d,12,sha256:8364350f7dfc4813a4734ff1670b2f008392f25945141c61971448cd2f252f7c,50000,20260717T120435635390Z,808,mask_fragment-n50000-w256-m0500-s808
mask_fragment,58ced0e286dfa2b04542a7873472fb4400aeb830,early_mask_fragment,256,261.3776000216603,12800000,0.5,25000,0,sha256:1a43e0ddf8cc02438cc76d27ba1cce86da34109d2e43dcc8ed7c9d581b95b39d,13,sha256:8364350f7dfc4813a4734ff1670b2f008392f25945141c61971448cd2f252f7c,50000,20260717T120435635390Z,808,mask_fragment-n50000-w256-m0500-s808
mask_fragment,58ced0e286dfa2b04542a7873472fb4400aeb830,late_mask_fragment,256,128.84389999089763,12800000,0.5,25000,1,sha256:c31a5394c72fa4480e21e21f18941a529737407325437b881b853a480254b8dd,13,sha256:8364350f7dfc4813a4734ff1670b2f008392f25945141c61971448cd2f252f7c,50000,20260717T120435635390Z,808,mask_fragment-n50000-w256-m0500-s808
mask_fragment,58ced0e286dfa2b04542a7873472fb4400aeb830,late_mask_fragment,256,123.63259994890541,12800000,0.5,25000,0,sha256:c31a5394c72fa4480e21e21f18941a529737407325437b881b853a480254b8dd,14,sha256:8364350f7dfc4813a4734ff1670b2f008392f25945141c61971448cd2f252f7c,50000,20260717T120435635390Z,808,mask_fragment-n50000-w256-m0500-s808
mask_fragment,58ced0e286dfa2b04542a7873472fb4400aeb830,early_mask_fragment,256,234.36529998434708,12800000,0.5,25000,1,sha256:1a43e0ddf8cc02438cc76d27ba1cce86da34109d2e43dcc8ed7c9d581b95b39d,14,sha256:8364350f7dfc4813a4734ff1670b2f008392f25945141c61971448cd2f252f7c,50000,20260717T120435635390Z,808,mask_fragment-n50000-w256-m0500-s808
mask_fragment,58ced0e286dfa2b04542a7873472fb4400aeb830,early_mask_fragment,256,241.52790004154667,12800000,0.5,25000,0,sha256:1a43e0ddf8cc02438cc76d27ba1cce86da34109d2e43dcc8ed7c9d581b95b39d,0,sha256:e4d9f44e126404acd4446f12e807333fbfdc66abf3164a936516324a1a22ff77,50000,20260717T120435635390Z,909,mask_fragment-n50000-w256-m0500-s909
mask_fragment,58ced0e286dfa2b04542a7873472fb4400aeb830,late_mask_fragment,256,120.35049998667091,12800000,0.5,25000,1,sha256:c31a5394c72fa4480e21e21f18941a529737407325437b881b853a480254b8dd,0,sha256:e4d9f44e126404acd4446f12e807333fbfdc66abf3164a936516324a1a22ff77,50000,20260717T120435635390Z,909,mask_fragment-n50000-w256-m0500-s909
mask_fragment,58ced0e286dfa2b04542a7873472fb4400aeb830,late_mask_fragment,256,139.28619999205694,12800000,0.5,25000,0,sha256:c31a5394c72fa4480e21e21f18941a529737407325437b881b853a480254b8dd,1,sha256:e4d9f44e126404acd4446f12e807333fbfdc66abf3164a936516324a1a22ff77,50000,20260717T120435635390Z,909,mask_fragment-n50000-w256-m0500-s909
mask_fragment,58ced0e286dfa2b04542a7873472fb4400aeb830,early_mask_fragment,256,218.5753000085242,12800000,0.5,25000,1,sha256:1a43e0ddf8cc02438cc76d27ba1cce86da34109d2e43dcc8ed7c9d581b95b39d,1,sha256:e4d9f44e126404acd4446f12e807333fbfdc66abf3164a936516324a1a22ff77,50000,20260717T120435635390Z,909,mask_fragment-n50000-w256-m0500-s909
mask_fragment,58ced0e286dfa2b04542a7873472fb4400aeb830,early_mask_fragment,256,214.0944999991916,12800000,0.5,25000,0,sha256:1a43e0ddf8cc02438cc76d27ba1cce86da34109d2e43dcc8ed7c9d581b95b39d,2,sha256:e4d9f44e126404acd4446f12e807333fbfdc66abf3164a936516324a1a22ff77,50000,20260717T120435635390Z,909,mask_fragment-n50000-w256-m0500-s909
mask_fragment,58ced0e286dfa2b04542a7873472fb4400aeb830,late_mask_fragment,256,152.8812000178732,12800000,0.5,25000,1,sha256:c31a5394c72fa4480e21e21f18941a529737407325437b881b853a480254b8dd,2,sha256:e4d9f44e126404acd4446f12e807333fbfdc66abf3164a936516324a1a22ff77,50000,20260717T120435635390Z,909,mask_fragment-n50000-w256-m0500-s909
mask_fragment,58ced0e286dfa2b04542a7873472fb4400aeb830,late_mask_fragment,256,120.06340001244098,12800000,0.5,25000,0,sha256:c31a5394c72fa4480e21e21f18941a529737407325437b881b853a480254b8dd,3,sha256:e4d9f44e126404acd4446f12e807333fbfdc66abf3164a936516324a1a22ff77,50000,20260717T120435635390Z,909,mask_fragment-n50000-w256-m0500-s909
mask_fragment,58ced0e286dfa2b04542a7873472fb4400aeb830,early_mask_fragment,256,235.20350002218038,12800000,0.5,25000,1,sha256:1a43e0ddf8cc02438cc76d27ba1cce86da34109d2e43dcc8ed7c9d581b95b39d,3,sha256:e4d9f44e126404acd4446f12e807333fbfdc66abf3164a936516324a1a22ff77,50000,20260717T120435635390Z,909,mask_fragment-n50000-w256-m0500-s909
mask_fragment,58ced0e286dfa2b04542a7873472fb4400aeb830,early_mask_fragment,256,363.5503000114113,12800000,0.5,25000,0,sha256:1a43e0ddf8cc02438cc76d27ba1cce86da34109d2e43dcc8ed7c9d581b95b39d,4,sha256:e4d9f44e126404acd4446f12e807333fbfdc66abf3164a936516324a1a22ff77,50000,20260717T120435635390Z,909,mask_fragment-n50000-w256-m0500-s909
mask_fragment,58ced0e286dfa2b04542a7873472fb4400aeb830,late_mask_fragment,256,136.61859999410808,12800000,0.5,25000,1,sha256:c31a5394c72fa4480e21e21f18941a529737407325437b881b853a480254b8dd,4,sha256:e4d9f44e126404acd4446f12e807333fbfdc66abf3164a936516324a1a22ff77,50000,20260717T120435635390Z,909,mask_fragment-n50000-w256-m0500-s909
mask_fragment,58ced0e286dfa2b04542a7873472fb4400aeb830,late_mask_fragment,256,132.2091000038199,12800000,0.5,25000,0,sha256:c31a5394c72fa4480e21e21f18941a529737407325437b881b853a480254b8dd,5,sha256:e4d9f44e126404acd4446f12e807333fbfdc66abf3164a936516324a1a22ff77,50000,20260717T120435635390Z,909,mask_fragment-n50000-w256-m0500-s909
mask_fragment,58ced0e286dfa2b04542a7873472fb4400aeb830,early_mask_fragment,256,248.98620002204552,12800000,0.5,25000,1,sha256:1a43e0ddf8cc02438cc76d27ba1cce86da34109d2e43dcc8ed7c9d581b95b39d,5,sha256:e4d9f44e126404acd4446f12e807333fbfdc66abf3164a936516324a1a22ff77,50000,20260717T120435635390Z,909,mask_fragment-n50000-w256-m0500-s909
mask_fragment,58ced0e286dfa2b04542a7873472fb4400aeb830,early_mask_fragment,256,352.430299972184,12800000,0.5,25000,0,sha256:1a43e0ddf8cc02438cc76d27ba1cce86da34109d2e43dcc8ed7c9d581b95b39d,6,sha256:e4d9f44e126404acd4446f12e807333fbfdc66abf3164a936516324a1a22ff77,50000,20260717T120435635390Z,909,mask_fragment-n50000-w256-m0500-s909
mask_fragment,58ced0e286dfa2b04542a7873472fb4400aeb830,late_mask_fragment,256,130.71399996988475,12800000,0.5,25000,1,sha256:c31a5394c72fa4480e21e21f18941a529737407325437b881b853a480254b8dd,6,sha256:e4d9f44e126404acd4446f12e807333fbfdc66abf3164a936516324a1a22ff77,50000,20260717T120435635390Z,909,mask_fragment-n50000-w256-m0500-s909
mask_fragment,58ced0e286dfa2b04542a7873472fb4400aeb830,late_mask_fragment,256,108.92420000163838,12800000,0.5,25000,0,sha256:c31a5394c72fa4480e21e21f18941a529737407325437b881b853a480254b8dd,7,sha256:e4d9f44e126404acd4446f12e807333fbfdc66abf3164a936516324a1a22ff77,50000,20260717T120435635390Z,909,mask_fragment-n50000-w256-m0500-s909
mask_fragment,58ced0e286dfa2b04542a7873472fb4400aeb830,early_mask_fragment,256,236.54389998409897,12800000,0.5,25000,1,sha256:1a43e0ddf8cc02438cc76d27ba1cce86da34109d2e43dcc8ed7c9d581b95b39d,7,sha256:e4d9f44e126404acd4446f12e807333fbfdc66abf3164a936516324a1a22ff77,50000,20260717T120435635390Z,909,mask_fragment-n50000-w256-m0500-s909
mask_fragment,58ced0e286dfa2b04542a7873472fb4400aeb830,early_mask_fragment,256,352.5769999832846,12800000,0.5,25000,0,sha256:1a43e0ddf8cc02438cc76d27ba1cce86da34109d2e43dcc8ed7c9d581b95b39d,8,sha256:e4d9f44e126404acd4446f12e807333fbfdc66abf3164a936516324a1a22ff77,50000,20260717T120435635390Z,909,mask_fragment-n50000-w256-m0500-s909
mask_fragment,58ced0e286dfa2b04542a7873472fb4400aeb830,late_mask_fragment,256,128.4383999882266,12800000,0.5,25000,1,sha256:c31a5394c72fa4480e21e21f18941a529737407325437b881b853a480254b8dd,8,sha256:e4d9f44e126404acd4446f12e807333fbfdc66abf3164a936516324a1a22ff77,50000,20260717T120435635390Z,909,mask_fragment-n50000-w256-m0500-s909
mask_fragment,58ced0e286dfa2b04542a7873472fb4400aeb830,late_mask_fragment,256,139.87740001175553,12800000,0.5,25000,0,sha256:c31a5394c72fa4480e21e21f18941a529737407325437b881b853a480254b8dd,9,sha256:e4d9f44e126404acd4446f12e807333fbfdc66abf3164a936516324a1a22ff77,50000,20260717T120435635390Z,909,mask_fragment-n50000-w256-m0500-s909
mask_fragment,58ced0e286dfa2b04542a7873472fb4400aeb830,early_mask_fragment,256,362.90720000397414,12800000,0.5,25000,1,sha256:1a43e0ddf8cc02438cc76d27ba1cce86da34109d2e43dcc8ed7c9d581b95b39d,9,sha256:e4d9f44e126404acd4446f12e807333fbfdc66abf3164a936516324a1a22ff77,50000,20260717T120435635390Z,909,mask_fragment-n50000-w256-m0500-s909
mask_fragment,58ced0e286dfa2b04542a7873472fb4400aeb830,early_mask_fragment,256,348.03689998807386,12800000,0.5,25000,0,sha256:1a43e0ddf8cc02438cc76d27ba1cce86da34109d2e43dcc8ed7c9d581b95b39d,10,sha256:e4d9f44e126404acd4446f12e807333fbfdc66abf3164a936516324a1a22ff77,50000,20260717T120435635390Z,909,mask_fragment-n50000-w256-m0500-s909
mask_fragment,58ced0e286dfa2b04542a7873472fb4400aeb830,late_mask_fragment,256,134.2335999943316,12800000,0.5,25000,1,sha256:c31a5394c72fa4480e21e21f18941a529737407325437b881b853a480254b8dd,10,sha256:e4d9f44e126404acd4446f12e807333fbfdc66abf3164a936516324a1a22ff77,50000,20260717T120435635390Z,909,mask_fragment-n50000-w256-m0500-s909
mask_fragment,58ced0e286dfa2b04542a7873472fb4400aeb830,late_mask_fragment,256,123.23709996417165,12800000,0.5,25000,0,sha256:c31a5394c72fa4480e21e21f18941a529737407325437b881b853a480254b8dd,11,sha256:e4d9f44e126404acd4446f12e807333fbfdc66abf3164a936516324a1a22ff77,50000,20260717T120435635390Z,909,mask_fragment-n50000-w256-m0500-s909
mask_fragment,58ced0e286dfa2b04542a7873472fb4400aeb830,early_mask_fragment,256,232.28749999543652,12800000,0.5,25000,1,sha256:1a43e0ddf8cc02438cc76d27ba1cce86da34109d2e43dcc8ed7c9d581b95b39d,11,sha256:e4d9f44e126404acd4446f12e807333fbfdc66abf3164a936516324a1a22ff77,50000,20260717T120435635390Z,909,mask_fragment-n50000-w256-m0500-s909
mask_fragment,58ced0e286dfa2b04542a7873472fb4400aeb830,early_mask_fragment,256,237.80230002012104,12800000,0.5,25000,0,sha256:1a43e0ddf8cc02438cc76d27ba1cce86da34109d2e43dcc8ed7c9d581b95b39d,12,sha256:e4d9f44e126404acd4446f12e807333fbfdc66abf3164a936516324a1a22ff77,50000,20260717T120435635390Z,909,mask_fragment-n50000-w256-m0500-s909
mask_fragment,58ced0e286dfa2b04542a7873472fb4400aeb830,late_mask_fragment,256,131.1814000364393,12800000,0.5,25000,1,sha256:c31a5394c72fa4480e21e21f18941a529737407325437b881b853a480254b8dd,12,sha256:e4d9f44e126404acd4446f12e807333fbfdc66abf3164a936516324a1a22ff77,50000,20260717T120435635390Z,909,mask_fragment-n50000-w256-m0500-s909
mask_fragment,58ced0e286dfa2b04542a7873472fb4400aeb830,late_mask_fragment,256,131.08920003287494,12800000,0.5,25000,0,sha256:c31a5394c72fa4480e21e21f18941a529737407325437b881b853a480254b8dd,13,sha256:e4d9f44e126404acd4446f12e807333fbfdc66abf3164a936516324a1a22ff77,50000,20260717T120435635390Z,909,mask_fragment-n50000-w256-m0500-s909
mask_fragment,58ced0e286dfa2b04542a7873472fb4400aeb830,early_mask_fragment,256,209.38610000303015,12800000,0.5,25000,1,sha256:1a43e0ddf8cc02438cc76d27ba1cce86da34109d2e43dcc8ed7c9d581b95b39d,13,sha256:e4d9f44e126404acd4446f12e807333fbfdc66abf3164a936516324a1a22ff77,50000,20260717T120435635390Z,909,mask_fragment-n50000-w256-m0500-s909
mask_fragment,58ced0e286dfa2b04542a7873472fb4400aeb830,early_mask_fragment,256,201.02610002504662,12800000,0.5,25000,0,sha256:1a43e0ddf8cc02438cc76d27ba1cce86da34109d2e43dcc8ed7c9d581b95b39d,14,sha256:e4d9f44e126404acd4446f12e807333fbfdc66abf3164a936516324a1a22ff77,50000,20260717T120435635390Z,909,mask_fragment-n50000-w256-m0500-s909
mask_fragment,58ced0e286dfa2b04542a7873472fb4400aeb830,late_mask_fragment,256,134.64309996925294,12800000,0.5,25000,1,sha256:c31a5394c72fa4480e21e21f18941a529737407325437b881b853a480254b8dd,14,sha256:e4d9f44e126404acd4446f12e807333fbfdc66abf3164a936516324a1a22ff77,50000,20260717T120435635390Z,909,mask_fragment-n50000-w256-m0500-s909
mask_fragment,58ced0e286dfa2b04542a7873472fb4400aeb830,late_mask_fragment,256,255.4748000111431,12800000,1.0,50000,0,sha256:6520d056e696ffac14dc135144255adbe9a9d7bbb5ae889b1b0e266e1ada2e57,0,sha256:8e17484449f981d05564f1f876906a9385cf5f1c45b6dffc41c753c704e360c3,50000,20260717T120435635390Z,707,mask_fragment-n50000-w256-m1000-s707
mask_fragment,58ced0e286dfa2b04542a7873472fb4400aeb830,early_mask_fragment,256,280.43159999651834,12800000,1.0,50000,1,sha256:1a43e0ddf8cc02438cc76d27ba1cce86da34109d2e43dcc8ed7c9d581b95b39d,0,sha256:8e17484449f981d05564f1f876906a9385cf5f1c45b6dffc41c753c704e360c3,50000,20260717T120435635390Z,707,mask_fragment-n50000-w256-m1000-s707
mask_fragment,58ced0e286dfa2b04542a7873472fb4400aeb830,early_mask_fragment,256,267.77059998130426,12800000,1.0,50000,0,sha256:1a43e0ddf8cc02438cc76d27ba1cce86da34109d2e43dcc8ed7c9d581b95b39d,1,sha256:8e17484449f981d05564f1f876906a9385cf5f1c45b6dffc41c753c704e360c3,50000,20260717T120435635390Z,707,mask_fragment-n50000-w256-m1000-s707
mask_fragment,58ced0e286dfa2b04542a7873472fb4400aeb830,late_mask_fragment,256,259.7448999877088,12800000,1.0,50000,1,sha256:6520d056e696ffac14dc135144255adbe9a9d7bbb5ae889b1b0e266e1ada2e57,1,sha256:8e17484449f981d05564f1f876906a9385cf5f1c45b6dffc41c753c704e360c3,50000,20260717T120435635390Z,707,mask_fragment-n50000-w256-m1000-s707
mask_fragment,58ced0e286dfa2b04542a7873472fb4400aeb830,late_mask_fragment,256,289.61479995632544,12800000,1.0,50000,0,sha256:6520d056e696ffac14dc135144255adbe9a9d7bbb5ae889b1b0e266e1ada2e57,2,sha256:8e17484449f981d05564f1f876906a9385cf5f1c45b6dffc41c753c704e360c3,50000,20260717T120435635390Z,707,mask_fragment-n50000-w256-m1000-s707
mask_fragment,58ced0e286dfa2b04542a7873472fb4400aeb830,early_mask_fragment,256,285.2235999889672,12800000,1.0,50000,1,sha256:1a43e0ddf8cc02438cc76d27ba1cce86da34109d2e43dcc8ed7c9d581b95b39d,2,sha256:8e17484449f981d05564f1f876906a9385cf5f1c45b6dffc41c753c704e360c3,50000,20260717T120435635390Z,707,mask_fragment-n50000-w256-m1000-s707
mask_fragment,58ced0e286dfa2b04542a7873472fb4400aeb830,early_mask_fragment,256,271.198500005994,12800000,1.0,50000,0,sha256:1a43e0ddf8cc02438cc76d27ba1cce86da34109d2e43dcc8ed7c9d581b95b39d,3,sha256:8e17484449f981d05564f1f876906a9385cf5f1c45b6dffc41c753c704e360c3,50000,20260717T120435635390Z,707,mask_fragment-n50000-w256-m1000-s707
mask_fragment,58ced0e286dfa2b04542a7873472fb4400aeb830,late_mask_fragment,256,258.09610000578687,12800000,1.0,50000,1,sha256:6520d056e696ffac14dc135144255adbe9a9d7bbb5ae889b1b0e266e1ada2e57,3,sha256:8e17484449f981d05564f1f876906a9385cf5f1c45b6dffc41c753c704e360c3,50000,20260717T120435635390Z,707,mask_fragment-n50000-w256-m1000-s707
mask_fragment,58ced0e286dfa2b04542a7873472fb4400aeb830,late_mask_fragment,256,276.1873999843374,12800000,1.0,50000,0,sha256:6520d056e696ffac14dc135144255adbe9a9d7bbb5ae889b1b0e266e1ada2e57,4,sha256:8e17484449f981d05564f1f876906a9385cf5f1c45b6dffc41c753c704e360c3,50000,20260717T120435635390Z,707,mask_fragment-n50000-w256-m1000-s707
mask_fragment,58ced0e286dfa2b04542a7873472fb4400aeb830,early_mask_fragment,256,263.58689996413887,12800000,1.0,50000,1,sha256:1a43e0ddf8cc02438cc76d27ba1cce86da34109d2e43dcc8ed7c9d581b95b39d,4,sha256:8e17484449f981d05564f1f876906a9385cf5f1c45b6dffc41c753c704e360c3,50000,20260717T120435635390Z,707,mask_fragment-n50000-w256-m1000-s707
mask_fragment,58ced0e286dfa2b04542a7873472fb4400aeb830,early_mask_fragment,256,273.0401000007987,12800000,1.0,50000,0,sha256:1a43e0ddf8cc02438cc76d27ba1cce86da34109d2e43dcc8ed7c9d581b95b39d,5,sha256:8e17484449f981d05564f1f876906a9385cf5f1c45b6dffc41c753c704e360c3,50000,20260717T120435635390Z,707,mask_fragment-n50000-w256-m1000-s707
mask_fragment,58ced0e286dfa2b04542a7873472fb4400aeb830,late_mask_fragment,256,270.15019999817014,12800000,1.0,50000,1,sha256:6520d056e696ffac14dc135144255adbe9a9d7bbb5ae889b1b0e266e1ada2e57,5,sha256:8e17484449f981d05564f1f876906a9385cf5f1c45b6dffc41c753c704e360c3,50000,20260717T120435635390Z,707,mask_fragment-n50000-w256-m1000-s707
mask_fragment,58ced0e286dfa2b04542a7873472fb4400aeb830,late_mask_fragment,256,243.21970000164583,12800000,1.0,50000,0,sha256:6520d056e696ffac14dc135144255adbe9a9d7bbb5ae889b1b0e266e1ada2e57,6,sha256:8e17484449f981d05564f1f876906a9385cf5f1c45b6dffc41c753c704e360c3,50000,20260717T120435635390Z,707,mask_fragment-n50000-w256-m1000-s707
mask_fragment,58ced0e286dfa2b04542a7873472fb4400aeb830,early_mask_fragment,256,268.55440001236275,12800000,1.0,50000,1,sha256:1a43e0ddf8cc02438cc76d27ba1cce86da34109d2e43dcc8ed7c9d581b95b39d,6,sha256:8e17484449f981d05564f1f876906a9385cf5f1c45b6dffc41c753c704e360c3,50000,20260717T120435635390Z,707,mask_fragment-n50000-w256-m1000-s707
mask_fragment,58ced0e286dfa2b04542a7873472fb4400aeb830,early_mask_fragment,256,296.08489997917786,12800000,1.0,50000,0,sha256:1a43e0ddf8cc02438cc76d27ba1cce86da34109d2e43dcc8ed7c9d581b95b39d,7,sha256:8e17484449f981d05564f1f876906a9385cf5f1c45b6dffc41c753c704e360c3,50000,20260717T120435635390Z,707,mask_fragment-n50000-w256-m1000-s707
mask_fragment,58ced0e286dfa2b04542a7873472fb4400aeb830,late_mask_fragment,256,261.7047000094317,12800000,1.0,50000,1,sha256:6520d056e696ffac14dc135144255adbe9a9d7bbb5ae889b1b0e266e1ada2e57,7,sha256:8e17484449f981d05564f1f876906a9385cf5f1c45b6dffc41c753c704e360c3,50000,20260717T120435635390Z,707,mask_fragment-n50000-w256-m1000-s707
mask_fragment,58ced0e286dfa2b04542a7873472fb4400aeb830,late_mask_fragment,256,248.68829996557906,12800000,1.0,50000,0,sha256:6520d056e696ffac14dc135144255adbe9a9d7bbb5ae889b1b0e266e1ada2e57,8,sha256:8e17484449f981d05564f1f876906a9385cf5f1c45b6dffc41c753c704e360c3,50000,20260717T120435635390Z,707,mask_fragment-n50000-w256-m1000-s707
mask_fragment,58ced0e286dfa2b04542a7873472fb4400aeb830,early_mask_fragment,256,362.2190000023693,12800000,1.0,50000,1,sha256:1a43e0ddf8cc02438cc76d27ba1cce86da34109d2e43dcc8ed7c9d581b95b39d,8,sha256:8e17484449f981d05564f1f876906a9385cf5f1c45b6dffc41c753c704e360c3,50000,20260717T120435635390Z,707,mask_fragment-n50000-w256-m1000-s707
mask_fragment,58ced0e286dfa2b04542a7873472fb4400aeb830,early_mask_fragment,256,271.026200032793,12800000,1.0,50000,0,sha256:1a43e0ddf8cc02438cc76d27ba1cce86da34109d2e43dcc8ed7c9d581b95b39d,9,sha256:8e17484449f981d05564f1f876906a9385cf5f1c45b6dffc41c753c704e360c3,50000,20260717T120435635390Z,707,mask_fragment-n50000-w256-m1000-s707
mask_fragment,58ced0e286dfa2b04542a7873472fb4400aeb830,late_mask_fragment,256,676.057500008028,12800000,1.0,50000,1,sha256:6520d056e696ffac14dc135144255adbe9a9d7bbb5ae889b1b0e266e1ada2e57,9,sha256:8e17484449f981d05564f1f876906a9385cf5f1c45b6dffc41c753c704e360c3,50000,20260717T120435635390Z,707,mask_fragment-n50000-w256-m1000-s707
mask_fragment,58ced0e286dfa2b04542a7873472fb4400aeb830,late_mask_fragment,256,243.54070000117645,12800000,1.0,50000,0,sha256:6520d056e696ffac14dc135144255adbe9a9d7bbb5ae889b1b0e266e1ada2e57,10,sha256:8e17484449f981d05564f1f876906a9385cf5f1c45b6dffc41c753c704e360c3,50000,20260717T120435635390Z,707,mask_fragment-n50000-w256-m1000-s707
mask_fragment,58ced0e286dfa2b04542a7873472fb4400aeb830,early_mask_fragment,256,264.9865000275895,12800000,1.0,50000,1,sha256:1a43e0ddf8cc02438cc76d27ba1cce86da34109d2e43dcc8ed7c9d581b95b39d,10,sha256:8e17484449f981d05564f1f876906a9385cf5f1c45b6dffc41c753c704e360c3,50000,20260717T120435635390Z,707,mask_fragment-n50000-w256-m1000-s707
mask_fragment,58ced0e286dfa2b04542a7873472fb4400aeb830,early_mask_fragment,256,272.08170003723353,12800000,1.0,50000,0,sha256:1a43e0ddf8cc02438cc76d27ba1cce86da34109d2e43dcc8ed7c9d581b95b39d,11,sha256:8e17484449f981d05564f1f876906a9385cf5f1c45b6dffc41c753c704e360c3,50000,20260717T120435635390Z,707,mask_fragment-n50000-w256-m1000-s707
mask_fragment,58ced0e286dfa2b04542a7873472fb4400aeb830,late_mask_fragment,256,267.65619998332113,12800000,1.0,50000,1,sha256:6520d056e696ffac14dc135144255adbe9a9d7bbb5ae889b1b0e266e1ada2e57,11,sha256:8e17484449f981d05564f1f876906a9385cf5f1c45b6dffc41c753c704e360c3,50000,20260717T120435635390Z,707,mask_fragment-n50000-w256-m1000-s707
mask_fragment,58ced0e286dfa2b04542a7873472fb4400aeb830,late_mask_fragment,256,284.2540999990888,12800000,1.0,50000,0,sha256:6520d056e696ffac14dc135144255adbe9a9d7bbb5ae889b1b0e266e1ada2e57,12,sha256:8e17484449f981d05564f1f876906a9385cf5f1c45b6dffc41c753c704e360c3,50000,20260717T120435635390Z,707,mask_fragment-n50000-w256-m1000-s707
mask_fragment,58ced0e286dfa2b04542a7873472fb4400aeb830,early_mask_fragment,256,274.37230001669377,12800000,1.0,50000,1,sha256:1a43e0ddf8cc02438cc76d27ba1cce86da34109d2e43dcc8ed7c9d581b95b39d,12,sha256:8e17484449f981d05564f1f876906a9385cf5f1c45b6dffc41c753c704e360c3,50000,20260717T120435635390Z,707,mask_fragment-n50000-w256-m1000-s707
mask_fragment,58ced0e286dfa2b04542a7873472fb4400aeb830,early_mask_fragment,256,296.50460003176704,12800000,1.0,50000,0,sha256:1a43e0ddf8cc02438cc76d27ba1cce86da34109d2e43dcc8ed7c9d581b95b39d,13,sha256:8e17484449f981d05564f1f876906a9385cf5f1c45b6dffc41c753c704e360c3,50000,20260717T120435635390Z,707,mask_fragment-n50000-w256-m1000-s707
mask_fragment,58ced0e286dfa2b04542a7873472fb4400aeb830,late_mask_fragment,256,259.03030001791194,12800000,1.0,50000,1,sha256:6520d056e696ffac14dc135144255adbe9a9d7bbb5ae889b1b0e266e1ada2e57,13,sha256:8e17484449f981d05564f1f876906a9385cf5f1c45b6dffc41c753c704e360c3,50000,20260717T120435635390Z,707,mask_fragment-n50000-w256-m1000-s707
mask_fragment,58ced0e286dfa2b04542a7873472fb4400aeb830,late_mask_fragment,256,695.9798000170849,12800000,1.0,50000,0,sha256:6520d056e696ffac14dc135144255adbe9a9d7bbb5ae889b1b0e266e1ada2e57,14,sha256:8e17484449f981d05564f1f876906a9385cf5f1c45b6dffc41c753c704e360c3,50000,20260717T120435635390Z,707,mask_fragment-n50000-w256-m1000-s707
mask_fragment,58ced0e286dfa2b04542a7873472fb4400aeb830,early_mask_fragment,256,253.2595000229776,12800000,1.0,50000,1,sha256:1a43e0ddf8cc02438cc76d27ba1cce86da34109d2e43dcc8ed7c9d581b95b39d,14,sha256:8e17484449f981d05564f1f876906a9385cf5f1c45b6dffc41c753c704e360c3,50000,20260717T120435635390Z,707,mask_fragment-n50000-w256-m1000-s707
mask_fragment,58ced0e286dfa2b04542a7873472fb4400aeb830,early_mask_fragment,256,235.57980003533885,12800000,1.0,50000,0,sha256:1a43e0ddf8cc02438cc76d27ba1cce86da34109d2e43dcc8ed7c9d581b95b39d,0,sha256:6d0c0a848f4c0a50430ed02cb15e0afbc255da98f8a59bf2c8a7c172bf0d8f00,50000,20260717T120435635390Z,808,mask_fragment-n50000-w256-m1000-s808
mask_fragment,58ced0e286dfa2b04542a7873472fb4400aeb830,late_mask_fragment,256,715.2627000468783,12800000,1.0,50000,1,sha256:6520d056e696ffac14dc135144255adbe9a9d7bbb5ae889b1b0e266e1ada2e57,0,sha256:6d0c0a848f4c0a50430ed02cb15e0afbc255da98f8a59bf2c8a7c172bf0d8f00,50000,20260717T120435635390Z,808,mask_fragment-n50000-w256-m1000-s808
mask_fragment,58ced0e286dfa2b04542a7873472fb4400aeb830,late_mask_fragment,256,263.14260001527146,12800000,1.0,50000,0,sha256:6520d056e696ffac14dc135144255adbe9a9d7bbb5ae889b1b0e266e1ada2e57,1,sha256:6d0c0a848f4c0a50430ed02cb15e0afbc255da98f8a59bf2c8a7c172bf0d8f00,50000,20260717T120435635390Z,808,mask_fragment-n50000-w256-m1000-s808
mask_fragment,58ced0e286dfa2b04542a7873472fb4400aeb830,early_mask_fragment,256,270.84549999563023,12800000,1.0,50000,1,sha256:1a43e0ddf8cc02438cc76d27ba1cce86da34109d2e43dcc8ed7c9d581b95b39d,1,sha256:6d0c0a848f4c0a50430ed02cb15e0afbc255da98f8a59bf2c8a7c172bf0d8f00,50000,20260717T120435635390Z,808,mask_fragment-n50000-w256-m1000-s808
mask_fragment,58ced0e286dfa2b04542a7873472fb4400aeb830,early_mask_fragment,256,269.37150000594556,12800000,1.0,50000,0,sha256:1a43e0ddf8cc02438cc76d27ba1cce86da34109d2e43dcc8ed7c9d581b95b39d,2,sha256:6d0c0a848f4c0a50430ed02cb15e0afbc255da98f8a59bf2c8a7c172bf0d8f00,50000,20260717T120435635390Z,808,mask_fragment-n50000-w256-m1000-s808
mask_fragment,58ced0e286dfa2b04542a7873472fb4400aeb830,late_mask_fragment,256,243.04709996795282,12800000,1.0,50000,1,sha256:6520d056e696ffac14dc135144255adbe9a9d7bbb5ae889b1b0e266e1ada2e57,2,sha256:6d0c0a848f4c0a50430ed02cb15e0afbc255da98f8a59bf2c8a7c172bf0d8f00,50000,20260717T120435635390Z,808,mask_fragment-n50000-w256-m1000-s808
mask_fragment,58ced0e286dfa2b04542a7873472fb4400aeb830,late_mask_fragment,256,662.9184999619611,12800000,1.0,50000,0,sha256:6520d056e696ffac14dc135144255adbe9a9d7bbb5ae889b1b0e266e1ada2e57,3,sha256:6d0c0a848f4c0a50430ed02cb15e0afbc255da98f8a59bf2c8a7c172bf0d8f00,50000,20260717T120435635390Z,808,mask_fragment-n50000-w256-m1000-s808
mask_fragment,58ced0e286dfa2b04542a7873472fb4400aeb830,early_mask_fragment,256,253.0953999958001,12800000,1.0,50000,1,sha256:1a43e0ddf8cc02438cc76d27ba1cce86da34109d2e43dcc8ed7c9d581b95b39d,3,sha256:6d0c0a848f4c0a50430ed02cb15e0afbc255da98f8a59bf2c8a7c172bf0d8f00,50000,20260717T120435635390Z,808,mask_fragment-n50000-w256-m1000-s808
mask_fragment,58ced0e286dfa2b04542a7873472fb4400aeb830,early_mask_fragment,256,233.6607999750413,12800000,1.0,50000,0,sha256:1a43e0ddf8cc02438cc76d27ba1cce86da34109d2e43dcc8ed7c9d581b95b39d,4,sha256:6d0c0a848f4c0a50430ed02cb15e0afbc255da98f8a59bf2c8a7c172bf0d8f00,50000,20260717T120435635390Z,808,mask_fragment-n50000-w256-m1000-s808
mask_fragment,58ced0e286dfa2b04542a7873472fb4400aeb830,late_mask_fragment,256,682.1922999806702,12800000,1.0,50000,1,sha256:6520d056e696ffac14dc135144255adbe9a9d7bbb5ae889b1b0e266e1ada2e57,4,sha256:6d0c0a848f4c0a50430ed02cb15e0afbc255da98f8a59bf2c8a7c172bf0d8f00,50000,20260717T120435635390Z,808,mask_fragment-n50000-w256-m1000-s808
mask_fragment,58ced0e286dfa2b04542a7873472fb4400aeb830,late_mask_fragment,256,723.4769000206143,12800000,1.0,50000,0,sha256:6520d056e696ffac14dc135144255adbe9a9d7bbb5ae889b1b0e266e1ada2e57,5,sha256:6d0c0a848f4c0a50430ed02cb15e0afbc255da98f8a59bf2c8a7c172bf0d8f00,50000,20260717T120435635390Z,808,mask_fragment-n50000-w256-m1000-s808
mask_fragment,58ced0e286dfa2b04542a7873472fb4400aeb830,early_mask_fragment,256,244.53149997862056,12800000,1.0,50000,1,sha256:1a43e0ddf8cc02438cc76d27ba1cce86da34109d2e43dcc8ed7c9d581b95b39d,5,sha256:6d0c0a848f4c0a50430ed02cb15e0afbc255da98f8a59bf2c8a7c172bf0d8f00,50000,20260717T120435635390Z,808,mask_fragment-n50000-w256-m1000-s808
mask_fragment,58ced0e286dfa2b04542a7873472fb4400aeb830,early_mask_fragment,256,266.1501999828033,12800000,1.0,50000,0,sha256:1a43e0ddf8cc02438cc76d27ba1cce86da34109d2e43dcc8ed7c9d581b95b39d,6,sha256:6d0c0a848f4c0a50430ed02cb15e0afbc255da98f8a59bf2c8a7c172bf0d8f00,50000,20260717T120435635390Z,808,mask_fragment-n50000-w256-m1000-s808
mask_fragment,58ced0e286dfa2b04542a7873472fb4400aeb830,late_mask_fragment,256,298.31539996666834,12800000,1.0,50000,1,sha256:6520d056e696ffac14dc135144255adbe9a9d7bbb5ae889b1b0e266e1ada2e57,6,sha256:6d0c0a848f4c0a50430ed02cb15e0afbc255da98f8a59bf2c8a7c172bf0d8f00,50000,20260717T120435635390Z,808,mask_fragment-n50000-w256-m1000-s808
mask_fragment,58ced0e286dfa2b04542a7873472fb4400aeb830,late_mask_fragment,256,650.9491000324488,12800000,1.0,50000,0,sha256:6520d056e696ffac14dc135144255adbe9a9d7bbb5ae889b1b0e266e1ada2e57,7,sha256:6d0c0a848f4c0a50430ed02cb15e0afbc255da98f8a59bf2c8a7c172bf0d8f00,50000,20260717T120435635390Z,808,mask_fragment-n50000-w256-m1000-s808
mask_fragment,58ced0e286dfa2b04542a7873472fb4400aeb830,early_mask_fragment,256,222.60850004386157,12800000,1.0,50000,1,sha256:1a43e0ddf8cc02438cc76d27ba1cce86da34109d2e43dcc8ed7c9d581b95b39d,7,sha256:6d0c0a848f4c0a50430ed02cb15e0afbc255da98f8a59bf2c8a7c172bf0d8f00,50000,20260717T120435635390Z,808,mask_fragment-n50000-w256-m1000-s808
mask_fragment,58ced0e286dfa2b04542a7873472fb4400aeb830,early_mask_fragment,256,226.59139998722821,12800000,1.0,50000,0,sha256:1a43e0ddf8cc02438cc76d27ba1cce86da34109d2e43dcc8ed7c9d581b95b39d,8,sha256:6d0c0a848f4c0a50430ed02cb15e0afbc255da98f8a59bf2c8a7c172bf0d8f00,50000,20260717T120435635390Z,808,mask_fragment-n50000-w256-m1000-s808
mask_fragment,58ced0e286dfa2b04542a7873472fb4400aeb830,late_mask_fragment,256,706.0662999865599,12800000,1.0,50000,1,sha256:6520d056e696ffac14dc135144255adbe9a9d7bbb5ae889b1b0e266e1ada2e57,8,sha256:6d0c0a848f4c0a50430ed02cb15e0afbc255da98f8a59bf2c8a7c172bf0d8f00,50000,20260717T120435635390Z,808,mask_fragment-n50000-w256-m1000-s808
mask_fragment,58ced0e286dfa2b04542a7873472fb4400aeb830,late_mask_fragment,256,647.5689000217244,12800000,1.0,50000,0,sha256:6520d056e696ffac14dc135144255adbe9a9d7bbb5ae889b1b0e266e1ada2e57,9,sha256:6d0c0a848f4c0a50430ed02cb15e0afbc255da98f8a59bf2c8a7c172bf0d8f00,50000,20260717T120435635390Z,808,mask_fragment-n50000-w256-m1000-s808
mask_fragment,58ced0e286dfa2b04542a7873472fb4400aeb830,early_mask_fragment,256,250.4291000077501,12800000,1.0,50000,1,sha256:1a43e0ddf8cc02438cc76d27ba1cce86da34109d2e43dcc8ed7c9d581b95b39d,9,sha256:6d0c0a848f4c0a50430ed02cb15e0afbc255da98f8a59bf2c8a7c172bf0d8f00,50000,20260717T120435635390Z,808,mask_fragment-n50000-w256-m1000-s808
mask_fragment,58ced0e286dfa2b04542a7873472fb4400aeb830,early_mask_fragment,256,264.9919999530539,12800000,1.0,50000,0,sha256:1a43e0ddf8cc02438cc76d27ba1cce86da34109d2e43dcc8ed7c9d581b95b39d,10,sha256:6d0c0a848f4c0a50430ed02cb15e0afbc255da98f8a59bf2c8a7c172bf0d8f00,50000,20260717T120435635390Z,808,mask_fragment-n50000-w256-m1000-s808
mask_fragment,58ced0e286dfa2b04542a7873472fb4400aeb830,late_mask_fragment,256,268.33789999363944,12800000,1.0,50000,1,sha256:6520d056e696ffac14dc135144255adbe9a9d7bbb5ae889b1b0e266e1ada2e57,10,sha256:6d0c0a848f4c0a50430ed02cb15e0afbc255da98f8a59bf2c8a7c172bf0d8f00,50000,20260717T120435635390Z,808,mask_fragment-n50000-w256-m1000-s808
mask_fragment,58ced0e286dfa2b04542a7873472fb4400aeb830,late_mask_fragment,256,286.9020999642089,12800000,1.0,50000,0,sha256:6520d056e696ffac14dc135144255adbe9a9d7bbb5ae889b1b0e266e1ada2e57,11,sha256:6d0c0a848f4c0a50430ed02cb15e0afbc255da98f8a59bf2c8a7c172bf0d8f00,50000,20260717T120435635390Z,808,mask_fragment-n50000-w256-m1000-s808
mask_fragment,58ced0e286dfa2b04542a7873472fb4400aeb830,early_mask_fragment,256,281.58039995469153,12800000,1.0,50000,1,sha256:1a43e0ddf8cc02438cc76d27ba1cce86da34109d2e43dcc8ed7c9d581b95b39d,11,sha256:6d0c0a848f4c0a50430ed02cb15e0afbc255da98f8a59bf2c8a7c172bf0d8f00,50000,20260717T120435635390Z,808,mask_fragment-n50000-w256-m1000-s808
mask_fragment,58ced0e286dfa2b04542a7873472fb4400aeb830,early_mask_fragment,256,266.62349997786805,12800000,1.0,50000,0,sha256:1a43e0ddf8cc02438cc76d27ba1cce86da34109d2e43dcc8ed7c9d581b95b39d,12,sha256:6d0c0a848f4c0a50430ed02cb15e0afbc255da98f8a59bf2c8a7c172bf0d8f00,50000,20260717T120435635390Z,808,mask_fragment-n50000-w256-m1000-s808
mask_fragment,58ced0e286dfa2b04542a7873472fb4400aeb830,late_mask_fragment,256,679.8380999825895,12800000,1.0,50000,1,sha256:6520d056e696ffac14dc135144255adbe9a9d7bbb5ae889b1b0e266e1ada2e57,12,sha256:6d0c0a848f4c0a50430ed02cb15e0afbc255da98f8a59bf2c8a7c172bf0d8f00,50000,20260717T120435635390Z,808,mask_fragment-n50000-w256-m1000-s808
mask_fragment,58ced0e286dfa2b04542a7873472fb4400aeb830,late_mask_fragment,256,699.6574000222608,12800000,1.0,50000,0,sha256:6520d056e696ffac14dc135144255adbe9a9d7bbb5ae889b1b0e266e1ada2e57,13,sha256:6d0c0a848f4c0a50430ed02cb15e0afbc255da98f8a59bf2c8a7c172bf0d8f00,50000,20260717T120435635390Z,808,mask_fragment-n50000-w256-m1000-s808
mask_fragment,58ced0e286dfa2b04542a7873472fb4400aeb830,early_mask_fragment,256,215.7526999944821,12800000,1.0,50000,1,sha256:1a43e0ddf8cc02438cc76d27ba1cce86da34109d2e43dcc8ed7c9d581b95b39d,13,sha256:6d0c0a848f4c0a50430ed02cb15e0afbc255da98f8a59bf2c8a7c172bf0d8f00,50000,20260717T120435635390Z,808,mask_fragment-n50000-w256-m1000-s808
mask_fragment,58ced0e286dfa2b04542a7873472fb4400aeb830,early_mask_fragment,256,274.21249996405095,12800000,1.0,50000,0,sha256:1a43e0ddf8cc02438cc76d27ba1cce86da34109d2e43dcc8ed7c9d581b95b39d,14,sha256:6d0c0a848f4c0a50430ed02cb15e0afbc255da98f8a59bf2c8a7c172bf0d8f00,50000,20260717T120435635390Z,808,mask_fragment-n50000-w256-m1000-s808
mask_fragment,58ced0e286dfa2b04542a7873472fb4400aeb830,late_mask_fragment,256,642.4526000046171,12800000,1.0,50000,1,sha256:6520d056e696ffac14dc135144255adbe9a9d7bbb5ae889b1b0e266e1ada2e57,14,sha256:6d0c0a848f4c0a50430ed02cb15e0afbc255da98f8a59bf2c8a7c172bf0d8f00,50000,20260717T120435635390Z,808,mask_fragment-n50000-w256-m1000-s808
mask_fragment,58ced0e286dfa2b04542a7873472fb4400aeb830,late_mask_fragment,256,351.41889995429665,12800000,1.0,50000,0,sha256:6520d056e696ffac14dc135144255adbe9a9d7bbb5ae889b1b0e266e1ada2e57,0,sha256:5f0faa75fab85edfa7afa93ac6ca602e1206c76e17d52969833bc20e3ace9b2d,50000,20260717T120435635390Z,909,mask_fragment-n50000-w256-m1000-s909
mask_fragment,58ced0e286dfa2b04542a7873472fb4400aeb830,early_mask_fragment,256,310.2373000001535,12800000,1.0,50000,1,sha256:1a43e0ddf8cc02438cc76d27ba1cce86da34109d2e43dcc8ed7c9d581b95b39d,0,sha256:5f0faa75fab85edfa7afa93ac6ca602e1206c76e17d52969833bc20e3ace9b2d,50000,20260717T120435635390Z,909,mask_fragment-n50000-w256-m1000-s909
mask_fragment,58ced0e286dfa2b04542a7873472fb4400aeb830,early_mask_fragment,256,337.7394999843091,12800000,1.0,50000,0,sha256:1a43e0ddf8cc02438cc76d27ba1cce86da34109d2e43dcc8ed7c9d581b95b39d,1,sha256:5f0faa75fab85edfa7afa93ac6ca602e1206c76e17d52969833bc20e3ace9b2d,50000,20260717T120435635390Z,909,mask_fragment-n50000-w256-m1000-s909
mask_fragment,58ced0e286dfa2b04542a7873472fb4400aeb830,late_mask_fragment,256,380.17840002430603,12800000,1.0,50000,1,sha256:6520d056e696ffac14dc135144255adbe9a9d7bbb5ae889b1b0e266e1ada2e57,1,sha256:5f0faa75fab85edfa7afa93ac6ca602e1206c76e17d52969833bc20e3ace9b2d,50000,20260717T120435635390Z,909,mask_fragment-n50000-w256-m1000-s909
mask_fragment,58ced0e286dfa2b04542a7873472fb4400aeb830,late_mask_fragment,256,297.70160000771284,12800000,1.0,50000,0,sha256:6520d056e696ffac14dc135144255adbe9a9d7bbb5ae889b1b0e266e1ada2e57,2,sha256:5f0faa75fab85edfa7afa93ac6ca602e1206c76e17d52969833bc20e3ace9b2d,50000,20260717T120435635390Z,909,mask_fragment-n50000-w256-m1000-s909
mask_fragment,58ced0e286dfa2b04542a7873472fb4400aeb830,early_mask_fragment,256,263.4888999746181,12800000,1.0,50000,1,sha256:1a43e0ddf8cc02438cc76d27ba1cce86da34109d2e43dcc8ed7c9d581b95b39d,2,sha256:5f0faa75fab85edfa7afa93ac6ca602e1206c76e17d52969833bc20e3ace9b2d,50000,20260717T120435635390Z,909,mask_fragment-n50000-w256-m1000-s909
mask_fragment,58ced0e286dfa2b04542a7873472fb4400aeb830,early_mask_fragment,256,283.70249998988584,12800000,1.0,50000,0,sha256:1a43e0ddf8cc02438cc76d27ba1cce86da34109d2e43dcc8ed7c9d581b95b39d,3,sha256:5f0faa75fab85edfa7afa93ac6ca602e1206c76e17d52969833bc20e3ace9b2d,50000,20260717T120435635390Z,909,mask_fragment-n50000-w256-m1000-s909
mask_fragment,58ced0e286dfa2b04542a7873472fb4400aeb830,late_mask_fragment,256,348.5198999987915,12800000,1.0,50000,1,sha256:6520d056e696ffac14dc135144255adbe9a9d7bbb5ae889b1b0e266e1ada2e57,3,sha256:5f0faa75fab85edfa7afa93ac6ca602e1206c76e17d52969833bc20e3ace9b2d,50000,20260717T120435635390Z,909,mask_fragment-n50000-w256-m1000-s909
mask_fragment,58ced0e286dfa2b04542a7873472fb4400aeb830,late_mask_fragment,256,252.3996999952942,12800000,1.0,50000,0,sha256:6520d056e696ffac14dc135144255adbe9a9d7bbb5ae889b1b0e266e1ada2e57,4,sha256:5f0faa75fab85edfa7afa93ac6ca602e1206c76e17d52969833bc20e3ace9b2d,50000,20260717T120435635390Z,909,mask_fragment-n50000-w256-m1000-s909
mask_fragment,58ced0e286dfa2b04542a7873472fb4400aeb830,early_mask_fragment,256,301.87019996810704,12800000,1.0,50000,1,sha256:1a43e0ddf8cc02438cc76d27ba1cce86da34109d2e43dcc8ed7c9d581b95b39d,4,sha256:5f0faa75fab85edfa7afa93ac6ca602e1206c76e17d52969833bc20e3ace9b2d,50000,20260717T120435635390Z,909,mask_fragment-n50000-w256-m1000-s909
mask_fragment,58ced0e286dfa2b04542a7873472fb4400aeb830,early_mask_fragment,256,282.70330000668764,12800000,1.0,50000,0,sha256:1a43e0ddf8cc02438cc76d27ba1cce86da34109d2e43dcc8ed7c9d581b95b39d,5,sha256:5f0faa75fab85edfa7afa93ac6ca602e1206c76e17d52969833bc20e3ace9b2d,50000,20260717T120435635390Z,909,mask_fragment-n50000-w256-m1000-s909
mask_fragment,58ced0e286dfa2b04542a7873472fb4400aeb830,late_mask_fragment,256,297.9763000039384,12800000,1.0,50000,1,sha256:6520d056e696ffac14dc135144255adbe9a9d7bbb5ae889b1b0e266e1ada2e57,5,sha256:5f0faa75fab85edfa7afa93ac6ca602e1206c76e17d52969833bc20e3ace9b2d,50000,20260717T120435635390Z,909,mask_fragment-n50000-w256-m1000-s909
mask_fragment,58ced0e286dfa2b04542a7873472fb4400aeb830,late_mask_fragment,256,738.7522999779321,12800000,1.0,50000,0,sha256:6520d056e696ffac14dc135144255adbe9a9d7bbb5ae889b1b0e266e1ada2e57,6,sha256:5f0faa75fab85edfa7afa93ac6ca602e1206c76e17d52969833bc20e3ace9b2d,50000,20260717T120435635390Z,909,mask_fragment-n50000-w256-m1000-s909
mask_fragment,58ced0e286dfa2b04542a7873472fb4400aeb830,early_mask_fragment,256,336.15590003319085,12800000,1.0,50000,1,sha256:1a43e0ddf8cc02438cc76d27ba1cce86da34109d2e43dcc8ed7c9d581b95b39d,6,sha256:5f0faa75fab85edfa7afa93ac6ca602e1206c76e17d52969833bc20e3ace9b2d,50000,20260717T120435635390Z,909,mask_fragment-n50000-w256-m1000-s909
mask_fragment,58ced0e286dfa2b04542a7873472fb4400aeb830,early_mask_fragment,256,352.8861999511719,12800000,1.0,50000,0,sha256:1a43e0ddf8cc02438cc76d27ba1cce86da34109d2e43dcc8ed7c9d581b95b39d,7,sha256:5f0faa75fab85edfa7afa93ac6ca602e1206c76e17d52969833bc20e3ace9b2d,50000,20260717T120435635390Z,909,mask_fragment-n50000-w256-m1000-s909
mask_fragment,58ced0e286dfa2b04542a7873472fb4400aeb830,late_mask_fragment,256,310.2573999785818,12800000,1.0,50000,1,sha256:6520d056e696ffac14dc135144255adbe9a9d7bbb5ae889b1b0e266e1ada2e57,7,sha256:5f0faa75fab85edfa7afa93ac6ca602e1206c76e17d52969833bc20e3ace9b2d,50000,20260717T120435635390Z,909,mask_fragment-n50000-w256-m1000-s909
mask_fragment,58ced0e286dfa2b04542a7873472fb4400aeb830,late_mask_fragment,256,378.487000009045,12800000,1.0,50000,0,sha256:6520d056e696ffac14dc135144255adbe9a9d7bbb5ae889b1b0e266e1ada2e57,8,sha256:5f0faa75fab85edfa7afa93ac6ca602e1206c76e17d52969833bc20e3ace9b2d,50000,20260717T120435635390Z,909,mask_fragment-n50000-w256-m1000-s909
mask_fragment,58ced0e286dfa2b04542a7873472fb4400aeb830,early_mask_fragment,256,347.6331999991089,12800000,1.0,50000,1,sha256:1a43e0ddf8cc02438cc76d27ba1cce86da34109d2e43dcc8ed7c9d581b95b39d,8,sha256:5f0faa75fab85edfa7afa93ac6ca602e1206c76e17d52969833bc20e3ace9b2d,50000,20260717T120435635390Z,909,mask_fragment-n50000-w256-m1000-s909
mask_fragment,58ced0e286dfa2b04542a7873472fb4400aeb830,early_mask_fragment,256,427.13050002930686,12800000,1.0,50000,0,sha256:1a43e0ddf8cc02438cc76d27ba1cce86da34109d2e43dcc8ed7c9d581b95b39d,9,sha256:5f0faa75fab85edfa7afa93ac6ca602e1206c76e17d52969833bc20e3ace9b2d,50000,20260717T120435635390Z,909,mask_fragment-n50000-w256-m1000-s909
mask_fragment,58ced0e286dfa2b04542a7873472fb4400aeb830,late_mask_fragment,256,360.39180000079796,12800000,1.0,50000,1,sha256:6520d056e696ffac14dc135144255adbe9a9d7bbb5ae889b1b0e266e1ada2e57,9,sha256:5f0faa75fab85edfa7afa93ac6ca602e1206c76e17d52969833bc20e3ace9b2d,50000,20260717T120435635390Z,909,mask_fragment-n50000-w256-m1000-s909
mask_fragment,58ced0e286dfa2b04542a7873472fb4400aeb830,late_mask_fragment,256,270.4795000026934,12800000,1.0,50000,0,sha256:6520d056e696ffac14dc135144255adbe9a9d7bbb5ae889b1b0e266e1ada2e57,10,sha256:5f0faa75fab85edfa7afa93ac6ca602e1206c76e17d52969833bc20e3ace9b2d,50000,20260717T120435635390Z,909,mask_fragment-n50000-w256-m1000-s909
mask_fragment,58ced0e286dfa2b04542a7873472fb4400aeb830,early_mask_fragment,256,281.21699998155236,12800000,1.0,50000,1,sha256:1a43e0ddf8cc02438cc76d27ba1cce86da34109d2e43dcc8ed7c9d581b95b39d,10,sha256:5f0faa75fab85edfa7afa93ac6ca602e1206c76e17d52969833bc20e3ace9b2d,50000,20260717T120435635390Z,909,mask_fragment-n50000-w256-m1000-s909
mask_fragment,58ced0e286dfa2b04542a7873472fb4400aeb830,early_mask_fragment,256,343.96080003352836,12800000,1.0,50000,0,sha256:1a43e0ddf8cc02438cc76d27ba1cce86da34109d2e43dcc8ed7c9d581b95b39d,11,sha256:5f0faa75fab85edfa7afa93ac6ca602e1206c76e17d52969833bc20e3ace9b2d,50000,20260717T120435635390Z,909,mask_fragment-n50000-w256-m1000-s909
mask_fragment,58ced0e286dfa2b04542a7873472fb4400aeb830,late_mask_fragment,256,380.4422999965027,12800000,1.0,50000,1,sha256:6520d056e696ffac14dc135144255adbe9a9d7bbb5ae889b1b0e266e1ada2e57,11,sha256:5f0faa75fab85edfa7afa93ac6ca602e1206c76e17d52969833bc20e3ace9b2d,50000,20260717T120435635390Z,909,mask_fragment-n50000-w256-m1000-s909
mask_fragment,58ced0e286dfa2b04542a7873472fb4400aeb830,late_mask_fragment,256,495.3646999783814,12800000,1.0,50000,0,sha256:6520d056e696ffac14dc135144255adbe9a9d7bbb5ae889b1b0e266e1ada2e57,12,sha256:5f0faa75fab85edfa7afa93ac6ca602e1206c76e17d52969833bc20e3ace9b2d,50000,20260717T120435635390Z,909,mask_fragment-n50000-w256-m1000-s909
mask_fragment,58ced0e286dfa2b04542a7873472fb4400aeb830,early_mask_fragment,256,424.8428999562748,12800000,1.0,50000,1,sha256:1a43e0ddf8cc02438cc76d27ba1cce86da34109d2e43dcc8ed7c9d581b95b39d,12,sha256:5f0faa75fab85edfa7afa93ac6ca602e1206c76e17d52969833bc20e3ace9b2d,50000,20260717T120435635390Z,909,mask_fragment-n50000-w256-m1000-s909
mask_fragment,58ced0e286dfa2b04542a7873472fb4400aeb830,early_mask_fragment,256,461.47859998745844,12800000,1.0,50000,0,sha256:1a43e0ddf8cc02438cc76d27ba1cce86da34109d2e43dcc8ed7c9d581b95b39d,13,sha256:5f0faa75fab85edfa7afa93ac6ca602e1206c76e17d52969833bc20e3ace9b2d,50000,20260717T120435635390Z,909,mask_fragment-n50000-w256-m1000-s909
mask_fragment,58ced0e286dfa2b04542a7873472fb4400aeb830,late_mask_fragment,256,380.07050001760945,12800000,1.0,50000,1,sha256:6520d056e696ffac14dc135144255adbe9a9d7bbb5ae889b1b0e266e1ada2e57,13,sha256:5f0faa75fab85edfa7afa93ac6ca602e1206c76e17d52969833bc20e3ace9b2d,50000,20260717T120435635390Z,909,mask_fragment-n50000-w256-m1000-s909
mask_fragment,58ced0e286dfa2b04542a7873472fb4400aeb830,late_mask_fragment,256,346.1447000154294,12800000,1.0,50000,0,sha256:6520d056e696ffac14dc135144255adbe9a9d7bbb5ae889b1b0e266e1ada2e57,14,sha256:5f0faa75fab85edfa7afa93ac6ca602e1206c76e17d52969833bc20e3ace9b2d,50000,20260717T120435635390Z,909,mask_fragment-n50000-w256-m1000-s909
mask_fragment,58ced0e286dfa2b04542a7873472fb4400aeb830,early_mask_fragment,256,395.7881000242196,12800000,1.0,50000,1,sha256:1a43e0ddf8cc02438cc76d27ba1cce86da34109d2e43dcc8ed7c9d581b95b39d,14,sha256:5f0faa75fab85edfa7afa93ac6ca602e1206c76e17d52969833bc20e3ace9b2d,50000,20260717T120435635390Z,909,mask_fragment-n50000-w256-m1000-s909
mask_fragment,58ced0e286dfa2b04542a7873472fb4400aeb830,late_mask_fragment,512,95.37910000653937,25600000,0.1,5000,0,sha256:c31a5394c72fa4480e21e21f18941a529737407325437b881b853a480254b8dd,0,sha256:aa35bfc539e2854f7f070b1bff4cf8ab336f6e24e62c30ab62e134980f3278fa,50000,20260717T120435635390Z,707,mask_fragment-n50000-w512-m0100-s707
mask_fragment,58ced0e286dfa2b04542a7873472fb4400aeb830,early_mask_fragment,512,597.6055999635719,25600000,0.1,5000,1,sha256:1a43e0ddf8cc02438cc76d27ba1cce86da34109d2e43dcc8ed7c9d581b95b39d,0,sha256:aa35bfc539e2854f7f070b1bff4cf8ab336f6e24e62c30ab62e134980f3278fa,50000,20260717T120435635390Z,707,mask_fragment-n50000-w512-m0100-s707
mask_fragment,58ced0e286dfa2b04542a7873472fb4400aeb830,early_mask_fragment,512,667.2872999915853,25600000,0.1,5000,0,sha256:1a43e0ddf8cc02438cc76d27ba1cce86da34109d2e43dcc8ed7c9d581b95b39d,1,sha256:aa35bfc539e2854f7f070b1bff4cf8ab336f6e24e62c30ab62e134980f3278fa,50000,20260717T120435635390Z,707,mask_fragment-n50000-w512-m0100-s707
mask_fragment,58ced0e286dfa2b04542a7873472fb4400aeb830,late_mask_fragment,512,96.0575999924913,25600000,0.1,5000,1,sha256:c31a5394c72fa4480e21e21f18941a529737407325437b881b853a480254b8dd,1,sha256:aa35bfc539e2854f7f070b1bff4cf8ab336f6e24e62c30ab62e134980f3278fa,50000,20260717T120435635390Z,707,mask_fragment-n50000-w512-m0100-s707
mask_fragment,58ced0e286dfa2b04542a7873472fb4400aeb830,late_mask_fragment,512,87.62169996043667,25600000,0.1,5000,0,sha256:c31a5394c72fa4480e21e21f18941a529737407325437b881b853a480254b8dd,2,sha256:aa35bfc539e2854f7f070b1bff4cf8ab336f6e24e62c30ab62e134980f3278fa,50000,20260717T120435635390Z,707,mask_fragment-n50000-w512-m0100-s707
mask_fragment,58ced0e286dfa2b04542a7873472fb4400aeb830,early_mask_fragment,512,825.3878999967128,25600000,0.1,5000,1,sha256:1a43e0ddf8cc02438cc76d27ba1cce86da34109d2e43dcc8ed7c9d581b95b39d,2,sha256:aa35bfc539e2854f7f070b1bff4cf8ab336f6e24e62c30ab62e134980f3278fa,50000,20260717T120435635390Z,707,mask_fragment-n50000-w512-m0100-s707
mask_fragment,58ced0e286dfa2b04542a7873472fb4400aeb830,early_mask_fragment,512,767.1266999677755,25600000,0.1,5000,0,sha256:1a43e0ddf8cc02438cc76d27ba1cce86da34109d2e43dcc8ed7c9d581b95b39d,3,sha256:aa35bfc539e2854f7f070b1bff4cf8ab336f6e24e62c30ab62e134980f3278fa,50000,20260717T120435635390Z,707,mask_fragment-n50000-w512-m0100-s707
mask_fragment,58ced0e286dfa2b04542a7873472fb4400aeb830,late_mask_fragment,512,73.0125000118278,25600000,0.1,5000,1,sha256:c31a5394c72fa4480e21e21f18941a529737407325437b881b853a480254b8dd,3,sha256:aa35bfc539e2854f7f070b1bff4cf8ab336f6e24e62c30ab62e134980f3278fa,50000,20260717T120435635390Z,707,mask_fragment-n50000-w512-m0100-s707
mask_fragment,58ced0e286dfa2b04542a7873472fb4400aeb830,late_mask_fragment,512,101.18009999860078,25600000,0.1,5000,0,sha256:c31a5394c72fa4480e21e21f18941a529737407325437b881b853a480254b8dd,4,sha256:aa35bfc539e2854f7f070b1bff4cf8ab336f6e24e62c30ab62e134980f3278fa,50000,20260717T120435635390Z,707,mask_fragment-n50000-w512-m0100-s707
mask_fragment,58ced0e286dfa2b04542a7873472fb4400aeb830,early_mask_fragment,512,700.4186999984086,25600000,0.1,5000,1,sha256:1a43e0ddf8cc02438cc76d27ba1cce86da34109d2e43dcc8ed7c9d581b95b39d,4,sha256:aa35bfc539e2854f7f070b1bff4cf8ab336f6e24e62c30ab62e134980f3278fa,50000,20260717T120435635390Z,707,mask_fragment-n50000-w512-m0100-s707
mask_fragment,58ced0e286dfa2b04542a7873472fb4400aeb830,early_mask_fragment,512,644.9753999477252,25600000,0.1,5000,0,sha256:1a43e0ddf8cc02438cc76d27ba1cce86da34109d2e43dcc8ed7c9d581b95b39d,5,sha256:aa35bfc539e2854f7f070b1bff4cf8ab336f6e24e62c30ab62e134980f3278fa,50000,20260717T120435635390Z,707,mask_fragment-n50000-w512-m0100-s707
mask_fragment,58ced0e286dfa2b04542a7873472fb4400aeb830,late_mask_fragment,512,74.89039999200031,25600000,0.1,5000,1,sha256:c31a5394c72fa4480e21e21f18941a529737407325437b881b853a480254b8dd,5,sha256:aa35bfc539e2854f7f070b1bff4cf8ab336f6e24e62c30ab62e134980f3278fa,50000,20260717T120435635390Z,707,mask_fragment-n50000-w512-m0100-s707
mask_fragment,58ced0e286dfa2b04542a7873472fb4400aeb830,late_mask_fragment,512,65.71019999682903,25600000,0.1,5000,0,sha256:c31a5394c72fa4480e21e21f18941a529737407325437b881b853a480254b8dd,6,sha256:aa35bfc539e2854f7f070b1bff4cf8ab336f6e24e62c30ab62e134980f3278fa,50000,20260717T120435635390Z,707,mask_fragment-n50000-w512-m0100-s707
mask_fragment,58ced0e286dfa2b04542a7873472fb4400aeb830,early_mask_fragment,512,566.2058999878354,25600000,0.1,5000,1,sha256:1a43e0ddf8cc02438cc76d27ba1cce86da34109d2e43dcc8ed7c9d581b95b39d,6,sha256:aa35bfc539e2854f7f070b1bff4cf8ab336f6e24e62c30ab62e134980f3278fa,50000,20260717T120435635390Z,707,mask_fragment-n50000-w512-m0100-s707
mask_fragment,58ced0e286dfa2b04542a7873472fb4400aeb830,early_mask_fragment,512,703.4647000255063,25600000,0.1,5000,0,sha256:1a43e0ddf8cc02438cc76d27ba1cce86da34109d2e43dcc8ed7c9d581b95b39d,7,sha256:aa35bfc539e2854f7f070b1bff4cf8ab336f6e24e62c30ab62e134980f3278fa,50000,20260717T120435635390Z,707,mask_fragment-n50000-w512-m0100-s707
mask_fragment,58ced0e286dfa2b04542a7873472fb4400aeb830,late_mask_fragment,512,91.12220001406968,25600000,0.1,5000,1,sha256:c31a5394c72fa4480e21e21f18941a529737407325437b881b853a480254b8dd,7,sha256:aa35bfc539e2854f7f070b1bff4cf8ab336f6e24e62c30ab62e134980f3278fa,50000,20260717T120435635390Z,707,mask_fragment-n50000-w512-m0100-s707
mask_fragment,58ced0e286dfa2b04542a7873472fb4400aeb830,late_mask_fragment,512,80.21659997757524,25600000,0.1,5000,0,sha256:c31a5394c72fa4480e21e21f18941a529737407325437b881b853a480254b8dd,8,sha256:aa35bfc539e2854f7f070b1bff4cf8ab336f6e24e62c30ab62e134980f3278fa,50000,20260717T120435635390Z,707,mask_fragment-n50000-w512-m0100-s707
mask_fragment,58ced0e286dfa2b04542a7873472fb4400aeb830,early_mask_fragment,512,729.7341999947093,25600000,0.1,5000,1,sha256:1a43e0ddf8cc02438cc76d27ba1cce86da34109d2e43dcc8ed7c9d581b95b39d,8,sha256:aa35bfc539e2854f7f070b1bff4cf8ab336f6e24e62c30ab62e134980f3278fa,50000,20260717T120435635390Z,707,mask_fragment-n50000-w512-m0100-s707
mask_fragment,58ced0e286dfa2b04542a7873472fb4400aeb830,early_mask_fragment,512,538.3694000192918,25600000,0.1,5000,0,sha256:1a43e0ddf8cc02438cc76d27ba1cce86da34109d2e43dcc8ed7c9d581b95b39d,9,sha256:aa35bfc539e2854f7f070b1bff4cf8ab336f6e24e62c30ab62e134980f3278fa,50000,20260717T120435635390Z,707,mask_fragment-n50000-w512-m0100-s707
mask_fragment,58ced0e286dfa2b04542a7873472fb4400aeb830,late_mask_fragment,512,130.32569998176768,25600000,0.1,5000,1,sha256:c31a5394c72fa4480e21e21f18941a529737407325437b881b853a480254b8dd,9,sha256:aa35bfc539e2854f7f070b1bff4cf8ab336f6e24e62c30ab62e134980f3278fa,50000,20260717T120435635390Z,707,mask_fragment-n50000-w512-m0100-s707
mask_fragment,58ced0e286dfa2b04542a7873472fb4400aeb830,late_mask_fragment,512,72.73969997186214,25600000,0.1,5000,0,sha256:c31a5394c72fa4480e21e21f18941a529737407325437b881b853a480254b8dd,10,sha256:aa35bfc539e2854f7f070b1bff4cf8ab336f6e24e62c30ab62e134980f3278fa,50000,20260717T120435635390Z,707,mask_fragment-n50000-w512-m0100-s707
mask_fragment,58ced0e286dfa2b04542a7873472fb4400aeb830,early_mask_fragment,512,791.090400016401,25600000,0.1,5000,1,sha256:1a43e0ddf8cc02438cc76d27ba1cce86da34109d2e43dcc8ed7c9d581b95b39d,10,sha256:aa35bfc539e2854f7f070b1bff4cf8ab336f6e24e62c30ab62e134980f3278fa,50000,20260717T120435635390Z,707,mask_fragment-n50000-w512-m0100-s707
mask_fragment,58ced0e286dfa2b04542a7873472fb4400aeb830,early_mask_fragment,512,658.5927999694832,25600000,0.1,5000,0,sha256:1a43e0ddf8cc02438cc76d27ba1cce86da34109d2e43dcc8ed7c9d581b95b39d,11,sha256:aa35bfc539e2854f7f070b1bff4cf8ab336f6e24e62c30ab62e134980f3278fa,50000,20260717T120435635390Z,707,mask_fragment-n50000-w512-m0100-s707
mask_fragment,58ced0e286dfa2b04542a7873472fb4400aeb830,late_mask_fragment,512,84.91489995503798,25600000,0.1,5000,1,sha256:c31a5394c72fa4480e21e21f18941a529737407325437b881b853a480254b8dd,11,sha256:aa35bfc539e2854f7f070b1bff4cf8ab336f6e24e62c30ab62e134980f3278fa,50000,20260717T120435635390Z,707,mask_fragment-n50000-w512-m0100-s707
mask_fragment,58ced0e286dfa2b04542a7873472fb4400aeb830,late_mask_fragment,512,89.38400004990399,25600000,0.1,5000,0,sha256:c31a5394c72fa4480e21e21f18941a529737407325437b881b853a480254b8dd,12,sha256:aa35bfc539e2854f7f070b1bff4cf8ab336f6e24e62c30ab62e134980f3278fa,50000,20260717T120435635390Z,707,mask_fragment-n50000-w512-m0100-s707
mask_fragment,58ced0e286dfa2b04542a7873472fb4400aeb830,early_mask_fragment,512,626.2552999542095,25600000,0.1,5000,1,sha256:1a43e0ddf8cc02438cc76d27ba1cce86da34109d2e43dcc8ed7c9d581b95b39d,12,sha256:aa35bfc539e2854f7f070b1bff4cf8ab336f6e24e62c30ab62e134980f3278fa,50000,20260717T120435635390Z,707,mask_fragment-n50000-w512-m0100-s707
mask_fragment,58ced0e286dfa2b04542a7873472fb4400aeb830,early_mask_fragment,512,600.466099975165,25600000,0.1,5000,0,sha256:1a43e0ddf8cc02438cc76d27ba1cce86da34109d2e43dcc8ed7c9d581b95b39d,13,sha256:aa35bfc539e2854f7f070b1bff4cf8ab336f6e24e62c30ab62e134980f3278fa,50000,20260717T120435635390Z,707,mask_fragment-n50000-w512-m0100-s707
mask_fragment,58ced0e286dfa2b04542a7873472fb4400aeb830,late_mask_fragment,512,77.39430002402514,25600000,0.1,5000,1,sha256:c31a5394c72fa4480e21e21f18941a529737407325437b881b853a480254b8dd,13,sha256:aa35bfc539e2854f7f070b1bff4cf8ab336f6e24e62c30ab62e134980f3278fa,50000,20260717T120435635390Z,707,mask_fragment-n50000-w512-m0100-s707
mask_fragment,58ced0e286dfa2b04542a7873472fb4400aeb830,late_mask_fragment,512,74.02260001981631,25600000,0.1,5000,0,sha256:c31a5394c72fa4480e21e21f18941a529737407325437b881b853a480254b8dd,14,sha256:aa35bfc539e2854f7f070b1bff4cf8ab336f6e24e62c30ab62e134980f3278fa,50000,20260717T120435635390Z,707,mask_fragment-n50000-w512-m0100-s707
mask_fragment,58ced0e286dfa2b04542a7873472fb4400aeb830,early_mask_fragment,512,615.6476000323892,25600000,0.1,5000,1,sha256:1a43e0ddf8cc02438cc76d27ba1cce86da34109d2e43dcc8ed7c9d581b95b39d,14,sha256:aa35bfc539e2854f7f070b1bff4cf8ab336f6e24e62c30ab62e134980f3278fa,50000,20260717T120435635390Z,707,mask_fragment-n50000-w512-m0100-s707
mask_fragment,58ced0e286dfa2b04542a7873472fb4400aeb830,late_mask_fragment,512,43.551200011279434,25600000,0.1,5000,0,sha256:c31a5394c72fa4480e21e21f18941a529737407325437b881b853a480254b8dd,0,sha256:b0a664c86287daf978a36cb1b038c1201674ed5ebd986a1b973ce2e1927db5db,50000,20260717T120435635390Z,808,mask_fragment-n50000-w512-m0100-s808
mask_fragment,58ced0e286dfa2b04542a7873472fb4400aeb830,early_mask_fragment,512,459.6496000303887,25600000,0.1,5000,1,sha256:1a43e0ddf8cc02438cc76d27ba1cce86da34109d2e43dcc8ed7c9d581b95b39d,0,sha256:b0a664c86287daf978a36cb1b038c1201674ed5ebd986a1b973ce2e1927db5db,50000,20260717T120435635390Z,808,mask_fragment-n50000-w512-m0100-s808
mask_fragment,58ced0e286dfa2b04542a7873472fb4400aeb830,early_mask_fragment,512,419.7506000055,25600000,0.1,5000,0,sha256:1a43e0ddf8cc02438cc76d27ba1cce86da34109d2e43dcc8ed7c9d581b95b39d,1,sha256:b0a664c86287daf978a36cb1b038c1201674ed5ebd986a1b973ce2e1927db5db,50000,20260717T120435635390Z,808,mask_fragment-n50000-w512-m0100-s808
mask_fragment,58ced0e286dfa2b04542a7873472fb4400aeb830,late_mask_fragment,512,38.916900055482984,25600000,0.1,5000,1,sha256:c31a5394c72fa4480e21e21f18941a529737407325437b881b853a480254b8dd,1,sha256:b0a664c86287daf978a36cb1b038c1201674ed5ebd986a1b973ce2e1927db5db,50000,20260717T120435635390Z,808,mask_fragment-n50000-w512-m0100-s808
mask_fragment,58ced0e286dfa2b04542a7873472fb4400aeb830,late_mask_fragment,512,45.240200008265674,25600000,0.1,5000,0,sha256:c31a5394c72fa4480e21e21f18941a529737407325437b881b853a480254b8dd,2,sha256:b0a664c86287daf978a36cb1b038c1201674ed5ebd986a1b973ce2e1927db5db,50000,20260717T120435635390Z,808,mask_fragment-n50000-w512-m0100-s808
mask_fragment,58ced0e286dfa2b04542a7873472fb4400aeb830,early_mask_fragment,512,345.0488999951631,25600000,0.1,5000,1,sha256:1a43e0ddf8cc02438cc76d27ba1cce86da34109d2e43dcc8ed7c9d581b95b39d,2,sha256:b0a664c86287daf978a36cb1b038c1201674ed5ebd986a1b973ce2e1927db5db,50000,20260717T120435635390Z,808,mask_fragment-n50000-w512-m0100-s808
mask_fragment,58ced0e286dfa2b04542a7873472fb4400aeb830,early_mask_fragment,512,357.01929999049753,25600000,0.1,5000,0,sha256:1a43e0ddf8cc02438cc76d27ba1cce86da34109d2e43dcc8ed7c9d581b95b39d,3,sha256:b0a664c86287daf978a36cb1b038c1201674ed5ebd986a1b973ce2e1927db5db,50000,20260717T120435635390Z,808,mask_fragment-n50000-w512-m0100-s808
mask_fragment,58ced0e286dfa2b04542a7873472fb4400aeb830,late_mask_fragment,512,44.180699973367155,25600000,0.1,5000,1,sha256:c31a5394c72fa4480e21e21f18941a529737407325437b881b853a480254b8dd,3,sha256:b0a664c86287daf978a36cb1b038c1201674ed5ebd986a1b973ce2e1927db5db,50000,20260717T120435635390Z,808,mask_fragment-n50000-w512-m0100-s808
mask_fragment,58ced0e286dfa2b04542a7873472fb4400aeb830,late_mask_fragment,512,39.40030001103878,25600000,0.1,5000,0,sha256:c31a5394c72fa4480e21e21f18941a529737407325437b881b853a480254b8dd,4,sha256:b0a664c86287daf978a36cb1b038c1201674ed5ebd986a1b973ce2e1927db5db,50000,20260717T120435635390Z,808,mask_fragment-n50000-w512-m0100-s808
mask_fragment,58ced0e286dfa2b04542a7873472fb4400aeb830,early_mask_fragment,512,364.2585999914445,25600000,0.1,5000,1,sha256:1a43e0ddf8cc02438cc76d27ba1cce86da34109d2e43dcc8ed7c9d581b95b39d,4,sha256:b0a664c86287daf978a36cb1b038c1201674ed5ebd986a1b973ce2e1927db5db,50000,20260717T120435635390Z,808,mask_fragment-n50000-w512-m0100-s808
mask_fragment,58ced0e286dfa2b04542a7873472fb4400aeb830,early_mask_fragment,512,406.4306999789551,25600000,0.1,5000,0,sha256:1a43e0ddf8cc02438cc76d27ba1cce86da34109d2e43dcc8ed7c9d581b95b39d,5,sha256:b0a664c86287daf978a36cb1b038c1201674ed5ebd986a1b973ce2e1927db5db,50000,20260717T120435635390Z,808,mask_fragment-n50000-w512-m0100-s808
mask_fragment,58ced0e286dfa2b04542a7873472fb4400aeb830,late_mask_fragment,512,41.69520002324134,25600000,0.1,5000,1,sha256:c31a5394c72fa4480e21e21f18941a529737407325437b881b853a480254b8dd,5,sha256:b0a664c86287daf978a36cb1b038c1201674ed5ebd986a1b973ce2e1927db5db,50000,20260717T120435635390Z,808,mask_fragment-n50000-w512-m0100-s808
mask_fragment,58ced0e286dfa2b04542a7873472fb4400aeb830,late_mask_fragment,512,45.66929995780811,25600000,0.1,5000,0,sha256:c31a5394c72fa4480e21e21f18941a529737407325437b881b853a480254b8dd,6,sha256:b0a664c86287daf978a36cb1b038c1201674ed5ebd986a1b973ce2e1927db5db,50000,20260717T120435635390Z,808,mask_fragment-n50000-w512-m0100-s808
mask_fragment,58ced0e286dfa2b04542a7873472fb4400aeb830,early_mask_fragment,512,378.6258000181988,25600000,0.1,5000,1,sha256:1a43e0ddf8cc02438cc76d27ba1cce86da34109d2e43dcc8ed7c9d581b95b39d,6,sha256:b0a664c86287daf978a36cb1b038c1201674ed5ebd986a1b973ce2e1927db5db,50000,20260717T120435635390Z,808,mask_fragment-n50000-w512-m0100-s808
mask_fragment,58ced0e286dfa2b04542a7873472fb4400aeb830,early_mask_fragment,512,379.9659999785945,25600000,0.1,5000,0,sha256:1a43e0ddf8cc02438cc76d27ba1cce86da34109d2e43dcc8ed7c9d581b95b39d,7,sha256:b0a664c86287daf978a36cb1b038c1201674ed5ebd986a1b973ce2e1927db5db,50000,20260717T120435635390Z,808,mask_fragment-n50000-w512-m0100-s808
mask_fragment,58ced0e286dfa2b04542a7873472fb4400aeb830,late_mask_fragment,512,42.58559999288991,25600000,0.1,5000,1,sha256:c31a5394c72fa4480e21e21f18941a529737407325437b881b853a480254b8dd,7,sha256:b0a664c86287daf978a36cb1b038c1201674ed5ebd986a1b973ce2e1927db5db,50000,20260717T120435635390Z,808,mask_fragment-n50000-w512-m0100-s808
mask_fragment,58ced0e286dfa2b04542a7873472fb4400aeb830,late_mask_fragment,512,43.1028000311926,25600000,0.1,5000,0,sha256:c31a5394c72fa4480e21e21f18941a529737407325437b881b853a480254b8dd,8,sha256:b0a664c86287daf978a36cb1b038c1201674ed5ebd986a1b973ce2e1927db5db,50000,20260717T120435635390Z,808,mask_fragment-n50000-w512-m0100-s808
mask_fragment,58ced0e286dfa2b04542a7873472fb4400aeb830,early_mask_fragment,512,329.3380999821238,25600000,0.1,5000,1,sha256:1a43e0ddf8cc02438cc76d27ba1cce86da34109d2e43dcc8ed7c9d581b95b39d,8,sha256:b0a664c86287daf978a36cb1b038c1201674ed5ebd986a1b973ce2e1927db5db,50000,20260717T120435635390Z,808,mask_fragment-n50000-w512-m0100-s808
mask_fragment,58ced0e286dfa2b04542a7873472fb4400aeb830,early_mask_fragment,512,382.0568000082858,25600000,0.1,5000,0,sha256:1a43e0ddf8cc02438cc76d27ba1cce86da34109d2e43dcc8ed7c9d581b95b39d,9,sha256:b0a664c86287daf978a36cb1b038c1201674ed5ebd986a1b973ce2e1927db5db,50000,20260717T120435635390Z,808,mask_fragment-n50000-w512-m0100-s808
mask_fragment,58ced0e286dfa2b04542a7873472fb4400aeb830,late_mask_fragment,512,46.00380000192672,25600000,0.1,5000,1,sha256:c31a5394c72fa4480e21e21f18941a529737407325437b881b853a480254b8dd,9,sha256:b0a664c86287daf978a36cb1b038c1201674ed5ebd986a1b973ce2e1927db5db,50000,20260717T120435635390Z,808,mask_fragment-n50000-w512-m0100-s808
mask_fragment,58ced0e286dfa2b04542a7873472fb4400aeb830,late_mask_fragment,512,40.29979999177158,25600000,0.1,5000,0,sha256:c31a5394c72fa4480e21e21f18941a529737407325437b881b853a480254b8dd,10,sha256:b0a664c86287daf978a36cb1b038c1201674ed5ebd986a1b973ce2e1927db5db,50000,20260717T120435635390Z,808,mask_fragment-n50000-w512-m0100-s808
mask_fragment,58ced0e286dfa2b04542a7873472fb4400aeb830,early_mask_fragment,512,387.5652000424452,25600000,0.1,5000,1,sha256:1a43e0ddf8cc02438cc76d27ba1cce86da34109d2e43dcc8ed7c9d581b95b39d,10,sha256:b0a664c86287daf978a36cb1b038c1201674ed5ebd986a1b973ce2e1927db5db,50000,20260717T120435635390Z,808,mask_fragment-n50000-w512-m0100-s808
mask_fragment,58ced0e286dfa2b04542a7873472fb4400aeb830,early_mask_fragment,512,362.4788000015542,25600000,0.1,5000,0,sha256:1a43e0ddf8cc02438cc76d27ba1cce86da34109d2e43dcc8ed7c9d581b95b39d,11,sha256:b0a664c86287daf978a36cb1b038c1201674ed5ebd986a1b973ce2e1927db5db,50000,20260717T120435635390Z,808,mask_fragment-n50000-w512-m0100-s808
mask_fragment,58ced0e286dfa2b04542a7873472fb4400aeb830,late_mask_fragment,512,37.13920002337545,25600000,0.1,5000,1,sha256:c31a5394c72fa4480e21e21f18941a529737407325437b881b853a480254b8dd,11,sha256:b0a664c86287daf978a36cb1b038c1201674ed5ebd986a1b973ce2e1927db5db,50000,20260717T120435635390Z,808,mask_fragment-n50000-w512-m0100-s808
mask_fragment,58ced0e286dfa2b04542a7873472fb4400aeb830,late_mask_fragment,512,39.344699995126575,25600000,0.1,5000,0,sha256:c31a5394c72fa4480e21e21f18941a529737407325437b881b853a480254b8dd,12,sha256:b0a664c86287daf978a36cb1b038c1201674ed5ebd986a1b973ce2e1927db5db,50000,20260717T120435635390Z,808,mask_fragment-n50000-w512-m0100-s808
mask_fragment,58ced0e286dfa2b04542a7873472fb4400aeb830,early_mask_fragment,512,394.16050002910197,25600000,0.1,5000,1,sha256:1a43e0ddf8cc02438cc76d27ba1cce86da34109d2e43dcc8ed7c9d581b95b39d,12,sha256:b0a664c86287daf978a36cb1b038c1201674ed5ebd986a1b973ce2e1927db5db,50000,20260717T120435635390Z,808,mask_fragment-n50000-w512-m0100-s808
mask_fragment,58ced0e286dfa2b04542a7873472fb4400aeb830,early_mask_fragment,512,379.9355999799445,25600000,0.1,5000,0,sha256:1a43e0ddf8cc02438cc76d27ba1cce86da34109d2e43dcc8ed7c9d581b95b39d,13,sha256:b0a664c86287daf978a36cb1b038c1201674ed5ebd986a1b973ce2e1927db5db,50000,20260717T120435635390Z,808,mask_fragment-n50000-w512-m0100-s808
mask_fragment,58ced0e286dfa2b04542a7873472fb4400aeb830,late_mask_fragment,512,43.716799991670996,25600000,0.1,5000,1,sha256:c31a5394c72fa4480e21e21f18941a529737407325437b881b853a480254b8dd,13,sha256:b0a664c86287daf978a36cb1b038c1201674ed5ebd986a1b973ce2e1927db5db,50000,20260717T120435635390Z,808,mask_fragment-n50000-w512-m0100-s808
mask_fragment,58ced0e286dfa2b04542a7873472fb4400aeb830,late_mask_fragment,512,36.23670001979917,25600000,0.1,5000,0,sha256:c31a5394c72fa4480e21e21f18941a529737407325437b881b853a480254b8dd,14,sha256:b0a664c86287daf978a36cb1b038c1201674ed5ebd986a1b973ce2e1927db5db,50000,20260717T120435635390Z,808,mask_fragment-n50000-w512-m0100-s808
mask_fragment,58ced0e286dfa2b04542a7873472fb4400aeb830,early_mask_fragment,512,401.60819998709485,25600000,0.1,5000,1,sha256:1a43e0ddf8cc02438cc76d27ba1cce86da34109d2e43dcc8ed7c9d581b95b39d,14,sha256:b0a664c86287daf978a36cb1b038c1201674ed5ebd986a1b973ce2e1927db5db,50000,20260717T120435635390Z,808,mask_fragment-n50000-w512-m0100-s808
mask_fragment,58ced0e286dfa2b04542a7873472fb4400aeb830,early_mask_fragment,512,419.39280001679435,25600000,0.1,5000,0,sha256:1a43e0ddf8cc02438cc76d27ba1cce86da34109d2e43dcc8ed7c9d581b95b39d,0,sha256:a6ed0e304bec986f9405d6e0187e07edaaec16283f36564be2c0f6878f9a0d82,50000,20260717T120435635390Z,909,mask_fragment-n50000-w512-m0100-s909
mask_fragment,58ced0e286dfa2b04542a7873472fb4400aeb830,late_mask_fragment,512,47.88699996424839,25600000,0.1,5000,1,sha256:c31a5394c72fa4480e21e21f18941a529737407325437b881b853a480254b8dd,0,sha256:a6ed0e304bec986f9405d6e0187e07edaaec16283f36564be2c0f6878f9a0d82,50000,20260717T120435635390Z,909,mask_fragment-n50000-w512-m0100-s909
mask_fragment,58ced0e286dfa2b04542a7873472fb4400aeb830,late_mask_fragment,512,80.95709996996447,25600000,0.1,5000,0,sha256:c31a5394c72fa4480e21e21f18941a529737407325437b881b853a480254b8dd,1,sha256:a6ed0e304bec986f9405d6e0187e07edaaec16283f36564be2c0f6878f9a0d82,50000,20260717T120435635390Z,909,mask_fragment-n50000-w512-m0100-s909
mask_fragment,58ced0e286dfa2b04542a7873472fb4400aeb830,early_mask_fragment,512,424.254400015343,25600000,0.1,5000,1,sha256:1a43e0ddf8cc02438cc76d27ba1cce86da34109d2e43dcc8ed7c9d581b95b39d,1,sha256:a6ed0e304bec986f9405d6e0187e07edaaec16283f36564be2c0f6878f9a0d82,50000,20260717T120435635390Z,909,mask_fragment-n50000-w512-m0100-s909
mask_fragment,58ced0e286dfa2b04542a7873472fb4400aeb830,early_mask_fragment,512,438.2904000231065,25600000,0.1,5000,0,sha256:1a43e0ddf8cc02438cc76d27ba1cce86da34109d2e43dcc8ed7c9d581b95b39d,2,sha256:a6ed0e304bec986f9405d6e0187e07edaaec16283f36564be2c0f6878f9a0d82,50000,20260717T120435635390Z,909,mask_fragment-n50000-w512-m0100-s909
mask_fragment,58ced0e286dfa2b04542a7873472fb4400aeb830,late_mask_fragment,512,41.875499999150634,25600000,0.1,5000,1,sha256:c31a5394c72fa4480e21e21f18941a529737407325437b881b853a480254b8dd,2,sha256:a6ed0e304bec986f9405d6e0187e07edaaec16283f36564be2c0f6878f9a0d82,50000,20260717T120435635390Z,909,mask_fragment-n50000-w512-m0100-s909
mask_fragment,58ced0e286dfa2b04542a7873472fb4400aeb830,late_mask_fragment,512,63.454999995883554,25600000,0.1,5000,0,sha256:c31a5394c72fa4480e21e21f18941a529737407325437b881b853a480254b8dd,3,sha256:a6ed0e304bec986f9405d6e0187e07edaaec16283f36564be2c0f6878f9a0d82,50000,20260717T120435635390Z,909,mask_fragment-n50000-w512-m0100-s909
mask_fragment,58ced0e286dfa2b04542a7873472fb4400aeb830,early_mask_fragment,512,363.1382000166923,25600000,0.1,5000,1,sha256:1a43e0ddf8cc02438cc76d27ba1cce86da34109d2e43dcc8ed7c9d581b95b39d,3,sha256:a6ed0e304bec986f9405d6e0187e07edaaec16283f36564be2c0f6878f9a0d82,50000,20260717T120435635390Z,909,mask_fragment-n50000-w512-m0100-s909
mask_fragment,58ced0e286dfa2b04542a7873472fb4400aeb830,early_mask_fragment,512,415.833399980329,25600000,0.1,5000,0,sha256:1a43e0ddf8cc02438cc76d27ba1cce86da34109d2e43dcc8ed7c9d581b95b39d,4,sha256:a6ed0e304bec986f9405d6e0187e07edaaec16283f36564be2c0f6878f9a0d82,50000,20260717T120435635390Z,909,mask_fragment-n50000-w512-m0100-s909
mask_fragment,58ced0e286dfa2b04542a7873472fb4400aeb830,late_mask_fragment,512,108.00400003790855,25600000,0.1,5000,1,sha256:c31a5394c72fa4480e21e21f18941a529737407325437b881b853a480254b8dd,4,sha256:a6ed0e304bec986f9405d6e0187e07edaaec16283f36564be2c0f6878f9a0d82,50000,20260717T120435635390Z,909,mask_fragment-n50000-w512-m0100-s909
mask_fragment,58ced0e286dfa2b04542a7873472fb4400aeb830,late_mask_fragment,512,61.703499988652766,25600000,0.1,5000,0,sha256:c31a5394c72fa4480e21e21f18941a529737407325437b881b853a480254b8dd,5,sha256:a6ed0e304bec986f9405d6e0187e07edaaec16283f36564be2c0f6878f9a0d82,50000,20260717T120435635390Z,909,mask_fragment-n50000-w512-m0100-s909
mask_fragment,58ced0e286dfa2b04542a7873472fb4400aeb830,early_mask_fragment,512,521.6953000053763,25600000,0.1,5000,1,sha256:1a43e0ddf8cc02438cc76d27ba1cce86da34109d2e43dcc8ed7c9d581b95b39d,5,sha256:a6ed0e304bec986f9405d6e0187e07edaaec16283f36564be2c0f6878f9a0d82,50000,20260717T120435635390Z,909,mask_fragment-n50000-w512-m0100-s909
mask_fragment,58ced0e286dfa2b04542a7873472fb4400aeb830,early_mask_fragment,512,376.77590001840144,25600000,0.1,5000,0,sha256:1a43e0ddf8cc02438cc76d27ba1cce86da34109d2e43dcc8ed7c9d581b95b39d,6,sha256:a6ed0e304bec986f9405d6e0187e07edaaec16283f36564be2c0f6878f9a0d82,50000,20260717T120435635390Z,909,mask_fragment-n50000-w512-m0100-s909
mask_fragment,58ced0e286dfa2b04542a7873472fb4400aeb830,late_mask_fragment,512,45.65609997371212,25600000,0.1,5000,1,sha256:c31a5394c72fa4480e21e21f18941a529737407325437b881b853a480254b8dd,6,sha256:a6ed0e304bec986f9405d6e0187e07edaaec16283f36564be2c0f6878f9a0d82,50000,20260717T120435635390Z,909,mask_fragment-n50000-w512-m0100-s909
mask_fragment,58ced0e286dfa2b04542a7873472fb4400aeb830,late_mask_fragment,512,79.76029999554157,25600000,0.1,5000,0,sha256:c31a5394c72fa4480e21e21f18941a529737407325437b881b853a480254b8dd,7,sha256:a6ed0e304bec986f9405d6e0187e07edaaec16283f36564be2c0f6878f9a0d82,50000,20260717T120435635390Z,909,mask_fragment-n50000-w512-m0100-s909
mask_fragment,58ced0e286dfa2b04542a7873472fb4400aeb830,early_mask_fragment,512,415.5089000123553,25600000,0.1,5000,1,sha256:1a43e0ddf8cc02438cc76d27ba1cce86da34109d2e43dcc8ed7c9d581b95b39d,7,sha256:a6ed0e304bec986f9405d6e0187e07edaaec16283f36564be2c0f6878f9a0d82,50000,20260717T120435635390Z,909,mask_fragment-n50000-w512-m0100-s909
mask_fragment,58ced0e286dfa2b04542a7873472fb4400aeb830,early_mask_fragment,512,405.9014999656938,25600000,0.1,5000,0,sha256:1a43e0ddf8cc02438cc76d27ba1cce86da34109d2e43dcc8ed7c9d581b95b39d,8,sha256:a6ed0e304bec986f9405d6e0187e07edaaec16283f36564be2c0f6878f9a0d82,50000,20260717T120435635390Z,909,mask_fragment-n50000-w512-m0100-s909
mask_fragment,58ced0e286dfa2b04542a7873472fb4400aeb830,late_mask_fragment,512,46.62789998110384,25600000,0.1,5000,1,sha256:c31a5394c72fa4480e21e21f18941a529737407325437b881b853a480254b8dd,8,sha256:a6ed0e304bec986f9405d6e0187e07edaaec16283f36564be2c0f6878f9a0d82,50000,20260717T120435635390Z,909,mask_fragment-n50000-w512-m0100-s909
mask_fragment,58ced0e286dfa2b04542a7873472fb4400aeb830,late_mask_fragment,512,52.12289997143671,25600000,0.1,5000,0,sha256:c31a5394c72fa4480e21e21f18941a529737407325437b881b853a480254b8dd,9,sha256:a6ed0e304bec986f9405d6e0187e07edaaec16283f36564be2c0f6878f9a0d82,50000,20260717T120435635390Z,909,mask_fragment-n50000-w512-m0100-s909
mask_fragment,58ced0e286dfa2b04542a7873472fb4400aeb830,early_mask_fragment,512,416.77539999363944,25600000,0.1,5000,1,sha256:1a43e0ddf8cc02438cc76d27ba1cce86da34109d2e43dcc8ed7c9d581b95b39d,9,sha256:a6ed0e304bec986f9405d6e0187e07edaaec16283f36564be2c0f6878f9a0d82,50000,20260717T120435635390Z,909,mask_fragment-n50000-w512-m0100-s909
mask_fragment,58ced0e286dfa2b04542a7873472fb4400aeb830,early_mask_fragment,512,413.6348000029102,25600000,0.1,5000,0,sha256:1a43e0ddf8cc02438cc76d27ba1cce86da34109d2e43dcc8ed7c9d581b95b39d,10,sha256:a6ed0e304bec986f9405d6e0187e07edaaec16283f36564be2c0f6878f9a0d82,50000,20260717T120435635390Z,909,mask_fragment-n50000-w512-m0100-s909
mask_fragment,58ced0e286dfa2b04542a7873472fb4400aeb830,late_mask_fragment,512,77.21519999904558,25600000,0.1,5000,1,sha256:c31a5394c72fa4480e21e21f18941a529737407325437b881b853a480254b8dd,10,sha256:a6ed0e304bec986f9405d6e0187e07edaaec16283f36564be2c0f6878f9a0d82,50000,20260717T120435635390Z,909,mask_fragment-n50000-w512-m0100-s909
mask_fragment,58ced0e286dfa2b04542a7873472fb4400aeb830,late_mask_fragment,512,46.55620001722127,25600000,0.1,5000,0,sha256:c31a5394c72fa4480e21e21f18941a529737407325437b881b853a480254b8dd,11,sha256:a6ed0e304bec986f9405d6e0187e07edaaec16283f36564be2c0f6878f9a0d82,50000,20260717T120435635390Z,909,mask_fragment-n50000-w512-m0100-s909
mask_fragment,58ced0e286dfa2b04542a7873472fb4400aeb830,early_mask_fragment,512,527.3546999669634,25600000,0.1,5000,1,sha256:1a43e0ddf8cc02438cc76d27ba1cce86da34109d2e43dcc8ed7c9d581b95b39d,11,sha256:a6ed0e304bec986f9405d6e0187e07edaaec16283f36564be2c0f6878f9a0d82,50000,20260717T120435635390Z,909,mask_fragment-n50000-w512-m0100-s909
mask_fragment,58ced0e286dfa2b04542a7873472fb4400aeb830,early_mask_fragment,512,461.5115000051446,25600000,0.1,5000,0,sha256:1a43e0ddf8cc02438cc76d27ba1cce86da34109d2e43dcc8ed7c9d581b95b39d,12,sha256:a6ed0e304bec986f9405d6e0187e07edaaec16283f36564be2c0f6878f9a0d82,50000,20260717T120435635390Z,909,mask_fragment-n50000-w512-m0100-s909
mask_fragment,58ced0e286dfa2b04542a7873472fb4400aeb830,late_mask_fragment,512,100.28969997074455,25600000,0.1,5000,1,sha256:c31a5394c72fa4480e21e21f18941a529737407325437b881b853a480254b8dd,12,sha256:a6ed0e304bec986f9405d6e0187e07edaaec16283f36564be2c0f6878f9a0d82,50000,20260717T120435635390Z,909,mask_fragment-n50000-w512-m0100-s909
mask_fragment,58ced0e286dfa2b04542a7873472fb4400aeb830,late_mask_fragment,512,57.95300001045689,25600000,0.1,5000,0,sha256:c31a5394c72fa4480e21e21f18941a529737407325437b881b853a480254b8dd,13,sha256:a6ed0e304bec986f9405d6e0187e07edaaec16283f36564be2c0f6878f9a0d82,50000,20260717T120435635390Z,909,mask_fragment-n50000-w512-m0100-s909
mask_fragment,58ced0e286dfa2b04542a7873472fb4400aeb830,early_mask_fragment,512,525.4540000460111,25600000,0.1,5000,1,sha256:1a43e0ddf8cc02438cc76d27ba1cce86da34109d2e43dcc8ed7c9d581b95b39d,13,sha256:a6ed0e304bec986f9405d6e0187e07edaaec16283f36564be2c0f6878f9a0d82,50000,20260717T120435635390Z,909,mask_fragment-n50000-w512-m0100-s909
mask_fragment,58ced0e286dfa2b04542a7873472fb4400aeb830,early_mask_fragment,512,552.4773999932222,25600000,0.1,5000,0,sha256:1a43e0ddf8cc02438cc76d27ba1cce86da34109d2e43dcc8ed7c9d581b95b39d,14,sha256:a6ed0e304bec986f9405d6e0187e07edaaec16283f36564be2c0f6878f9a0d82,50000,20260717T120435635390Z,909,mask_fragment-n50000-w512-m0100-s909
mask_fragment,58ced0e286dfa2b04542a7873472fb4400aeb830,late_mask_fragment,512,48.0911000049673,25600000,0.1,5000,1,sha256:c31a5394c72fa4480e21e21f18941a529737407325437b881b853a480254b8dd,14,sha256:a6ed0e304bec986f9405d6e0187e07edaaec16283f36564be2c0f6878f9a0d82,50000,20260717T120435635390Z,909,mask_fragment-n50000-w512-m0100-s909
mask_fragment,58ced0e286dfa2b04542a7873472fb4400aeb830,late_mask_fragment,512,257.4605999980122,25600000,0.5,25000,0,sha256:c31a5394c72fa4480e21e21f18941a529737407325437b881b853a480254b8dd,0,sha256:c0c7f0a73ae69ee2a06eef6753e538b6908f92b09851fb3db0cd2fa537057a8c,50000,20260717T120435635390Z,707,mask_fragment-n50000-w512-m0500-s707
mask_fragment,58ced0e286dfa2b04542a7873472fb4400aeb830,early_mask_fragment,512,498.10700002126396,25600000,0.5,25000,1,sha256:1a43e0ddf8cc02438cc76d27ba1cce86da34109d2e43dcc8ed7c9d581b95b39d,0,sha256:c0c7f0a73ae69ee2a06eef6753e538b6908f92b09851fb3db0cd2fa537057a8c,50000,20260717T120435635390Z,707,mask_fragment-n50000-w512-m0500-s707
mask_fragment,58ced0e286dfa2b04542a7873472fb4400aeb830,early_mask_fragment,512,529.3132999795489,25600000,0.5,25000,0,sha256:1a43e0ddf8cc02438cc76d27ba1cce86da34109d2e43dcc8ed7c9d581b95b39d,1,sha256:c0c7f0a73ae69ee2a06eef6753e538b6908f92b09851fb3db0cd2fa537057a8c,50000,20260717T120435635390Z,707,mask_fragment-n50000-w512-m0500-s707
mask_fragment,58ced0e286dfa2b04542a7873472fb4400aeb830,late_mask_fragment,512,262.8621999756433,25600000,0.5,25000,1,sha256:c31a5394c72fa4480e21e21f18941a529737407325437b881b853a480254b8dd,1,sha256:c0c7f0a73ae69ee2a06eef6753e538b6908f92b09851fb3db0cd2fa537057a8c,50000,20260717T120435635390Z,707,mask_fragment-n50000-w512-m0500-s707
mask_fragment,58ced0e286dfa2b04542a7873472fb4400aeb830,late_mask_fragment,512,232.8589999815449,25600000,0.5,25000,0,sha256:c31a5394c72fa4480e21e21f18941a529737407325437b881b853a480254b8dd,2,sha256:c0c7f0a73ae69ee2a06eef6753e538b6908f92b09851fb3db0cd2fa537057a8c,50000,20260717T120435635390Z,707,mask_fragment-n50000-w512-m0500-s707
mask_fragment,58ced0e286dfa2b04542a7873472fb4400aeb830,early_mask_fragment,512,428.6426000180654,25600000,0.5,25000,1,sha256:1a43e0ddf8cc02438cc76d27ba1cce86da34109d2e43dcc8ed7c9d581b95b39d,2,sha256:c0c7f0a73ae69ee2a06eef6753e538b6908f92b09851fb3db0cd2fa537057a8c,50000,20260717T120435635390Z,707,mask_fragment-n50000-w512-m0500-s707
mask_fragment,58ced0e286dfa2b04542a7873472fb4400aeb830,early_mask_fragment,512,358.0376000027172,25600000,0.5,25000,0,sha256:1a43e0ddf8cc02438cc76d27ba1cce86da34109d2e43dcc8ed7c9d581b95b39d,3,sha256:c0c7f0a73ae69ee2a06eef6753e538b6908f92b09851fb3db0cd2fa537057a8c,50000,20260717T120435635390Z,707,mask_fragment-n50000-w512-m0500-s707
mask_fragment,58ced0e286dfa2b04542a7873472fb4400aeb830,late_mask_fragment,512,308.02409996977076,25600000,0.5,25000,1,sha256:c31a5394c72fa4480e21e21f18941a529737407325437b881b853a480254b8dd,3,sha256:c0c7f0a73ae69ee2a06eef6753e538b6908f92b09851fb3db0cd2fa537057a8c,50000,20260717T120435635390Z,707,mask_fragment-n50000-w512-m0500-s707
mask_fragment,58ced0e286dfa2b04542a7873472fb4400aeb830,late_mask_fragment,512,199.6664999751374,25600000,0.5,25000,0,sha256:c31a5394c72fa4480e21e21f18941a529737407325437b881b853a480254b8dd,4,sha256:c0c7f0a73ae69ee2a06eef6753e538b6908f92b09851fb3db0cd2fa537057a8c,50000,20260717T120435635390Z,707,mask_fragment-n50000-w512-m0500-s707
mask_fragment,58ced0e286dfa2b04542a7873472fb4400aeb830,early_mask_fragment,512,446.97180000366643,25600000,0.5,25000,1,sha256:1a43e0ddf8cc02438cc76d27ba1cce86da34109d2e43dcc8ed7c9d581b95b39d,4,sha256:c0c7f0a73ae69ee2a06eef6753e538b6908f92b09851fb3db0cd2fa537057a8c,50000,20260717T120435635390Z,707,mask_fragment-n50000-w512-m0500-s707
mask_fragment,58ced0e286dfa2b04542a7873472fb4400aeb830,early_mask_fragment,512,486.0497000045143,25600000,0.5,25000,0,sha256:1a43e0ddf8cc02438cc76d27ba1cce86da34109d2e43dcc8ed7c9d581b95b39d,5,sha256:c0c7f0a73ae69ee2a06eef6753e538b6908f92b09851fb3db0cd2fa537057a8c,50000,20260717T120435635390Z,707,mask_fragment-n50000-w512-m0500-s707
mask_fragment,58ced0e286dfa2b04542a7873472fb4400aeb830,late_mask_fragment,512,264.15040000574663,25600000,0.5,25000,1,sha256:c31a5394c72fa4480e21e21f18941a529737407325437b881b853a480254b8dd,5,sha256:c0c7f0a73ae69ee2a06eef6753e538b6908f92b09851fb3db0cd2fa537057a8c,50000,20260717T120435635390Z,707,mask_fragment-n50000-w512-m0500-s707
mask_fragment,58ced0e286dfa2b04542a7873472fb4400aeb830,late_mask_fragment,512,247.7336999727413,25600000,0.5,25000,0,sha256:c31a5394c72fa4480e21e21f18941a529737407325437b881b853a480254b8dd,6,sha256:c0c7f0a73ae69ee2a06eef6753e538b6908f92b09851fb3db0cd2fa537057a8c,50000,20260717T120435635390Z,707,mask_fragment-n50000-w512-m0500-s707
mask_fragment,58ced0e286dfa2b04542a7873472fb4400aeb830,early_mask_fragment,512,475.3366999793798,25600000,0.5,25000,1,sha256:1a43e0ddf8cc02438cc76d27ba1cce86da34109d2e43dcc8ed7c9d581b95b39d,6,sha256:c0c7f0a73ae69ee2a06eef6753e538b6908f92b09851fb3db0cd2fa537057a8c,50000,20260717T120435635390Z,707,mask_fragment-n50000-w512-m0500-s707
mask_fragment,58ced0e286dfa2b04542a7873472fb4400aeb830,early_mask_fragment,512,421.640100015793,25600000,0.5,25000,0,sha256:1a43e0ddf8cc02438cc76d27ba1cce86da34109d2e43dcc8ed7c9d581b95b39d,7,sha256:c0c7f0a73ae69ee2a06eef6753e538b6908f92b09851fb3db0cd2fa537057a8c,50000,20260717T120435635390Z,707,mask_fragment-n50000-w512-m0500-s707
mask_fragment,58ced0e286dfa2b04542a7873472fb4400aeb830,late_mask_fragment,512,329.52900003874674,25600000,0.5,25000,1,sha256:c31a5394c72fa4480e21e21f18941a529737407325437b881b853a480254b8dd,7,sha256:c0c7f0a73ae69ee2a06eef6753e538b6908f92b09851fb3db0cd2fa537057a8c,50000,20260717T120435635390Z,707,mask_fragment-n50000-w512-m0500-s707
mask_fragment,58ced0e286dfa2b04542a7873472fb4400aeb830,late_mask_fragment,512,186.03999994229525,25600000,0.5,25000,0,sha256:c31a5394c72fa4480e21e21f18941a529737407325437b881b853a480254b8dd,8,sha256:c0c7f0a73ae69ee2a06eef6753e538b6908f92b09851fb3db0cd2fa537057a8c,50000,20260717T120435635390Z,707,mask_fragment-n50000-w512-m0500-s707
mask_fragment,58ced0e286dfa2b04542a7873472fb4400aeb830,early_mask_fragment,512,336.7978000314906,25600000,0.5,25000,1,sha256:1a43e0ddf8cc02438cc76d27ba1cce86da34109d2e43dcc8ed7c9d581b95b39d,8,sha256:c0c7f0a73ae69ee2a06eef6753e538b6908f92b09851fb3db0cd2fa537057a8c,50000,20260717T120435635390Z,707,mask_fragment-n50000-w512-m0500-s707
mask_fragment,58ced0e286dfa2b04542a7873472fb4400aeb830,early_mask_fragment,512,408.46599999349564,25600000,0.5,25000,0,sha256:1a43e0ddf8cc02438cc76d27ba1cce86da34109d2e43dcc8ed7c9d581b95b39d,9,sha256:c0c7f0a73ae69ee2a06eef6753e538b6908f92b09851fb3db0cd2fa537057a8c,50000,20260717T120435635390Z,707,mask_fragment-n50000-w512-m0500-s707
mask_fragment,58ced0e286dfa2b04542a7873472fb4400aeb830,late_mask_fragment,512,198.13410000642762,25600000,0.5,25000,1,sha256:c31a5394c72fa4480e21e21f18941a529737407325437b881b853a480254b8dd,9,sha256:c0c7f0a73ae69ee2a06eef6753e538b6908f92b09851fb3db0cd2fa537057a8c,50000,20260717T120435635390Z,707,mask_fragment-n50000-w512-m0500-s707
mask_fragment,58ced0e286dfa2b04542a7873472fb4400aeb830,late_mask_fragment,512,211.5650000050664,25600000,0.5,25000,0,sha256:c31a5394c72fa4480e21e21f18941a529737407325437b881b853a480254b8dd,10,sha256:c0c7f0a73ae69ee2a06eef6753e538b6908f92b09851fb3db0cd2fa537057a8c,50000,20260717T120435635390Z,707,mask_fragment-n50000-w512-m0500-s707
mask_fragment,58ced0e286dfa2b04542a7873472fb4400aeb830,early_mask_fragment,512,429.7515000216663,25600000,0.5,25000,1,sha256:1a43e0ddf8cc02438cc76d27ba1cce86da34109d2e43dcc8ed7c9d581b95b39d,10,sha256:c0c7f0a73ae69ee2a06eef6753e538b6908f92b09851fb3db0cd2fa537057a8c,50000,20260717T120435635390Z,707,mask_fragment-n50000-w512-m0500-s707
mask_fragment,58ced0e286dfa2b04542a7873472fb4400aeb830,early_mask_fragment,512,396.24289999483153,25600000,0.5,25000,0,sha256:1a43e0ddf8cc02438cc76d27ba1cce86da34109d2e43dcc8ed7c9d581b95b39d,11,sha256:c0c7f0a73ae69ee2a06eef6753e538b6908f92b09851fb3db0cd2fa537057a8c,50000,20260717T120435635390Z,707,mask_fragment-n50000-w512-m0500-s707
mask_fragment,58ced0e286dfa2b04542a7873472fb4400aeb830,late_mask_fragment,512,224.73409998929128,25600000,0.5,25000,1,sha256:c31a5394c72fa4480e21e21f18941a529737407325437b881b853a480254b8dd,11,sha256:c0c7f0a73ae69ee2a06eef6753e538b6908f92b09851fb3db0cd2fa537057a8c,50000,20260717T120435635390Z,707,mask_fragment-n50000-w512-m0500-s707
mask_fragment,58ced0e286dfa2b04542a7873472fb4400aeb830,late_mask_fragment,512,196.66050001978874,25600000,0.5,25000,0,sha256:c31a5394c72fa4480e21e21f18941a529737407325437b881b853a480254b8dd,12,sha256:c0c7f0a73ae69ee2a06eef6753e538b6908f92b09851fb3db0cd2fa537057a8c,50000,20260717T120435635390Z,707,mask_fragment-n50000-w512-m0500-s707
mask_fragment,58ced0e286dfa2b04542a7873472fb4400aeb830,early_mask_fragment,512,366.22550000902265,25600000,0.5,25000,1,sha256:1a43e0ddf8cc02438cc76d27ba1cce86da34109d2e43dcc8ed7c9d581b95b39d,12,sha256:c0c7f0a73ae69ee2a06eef6753e538b6908f92b09851fb3db0cd2fa537057a8c,50000,20260717T120435635390Z,707,mask_fragment-n50000-w512-m0500-s707
mask_fragment,58ced0e286dfa2b04542a7873472fb4400aeb830,early_mask_fragment,512,414.40159996272996,25600000,0.5,25000,0,sha256:1a43e0ddf8cc02438cc76d27ba1cce86da34109d2e43dcc8ed7c9d581b95b39d,13,sha256:c0c7f0a73ae69ee2a06eef6753e538b6908f92b09851fb3db0cd2fa537057a8c,50000,20260717T120435635390Z,707,mask_fragment-n50000-w512-m0500-s707
mask_fragment,58ced0e286dfa2b04542a7873472fb4400aeb830,late_mask_fragment,512,322.8834999608807,25600000,0.5,25000,1,sha256:c31a5394c72fa4480e21e21f18941a529737407325437b881b853a480254b8dd,13,sha256:c0c7f0a73ae69ee2a06eef6753e538b6908f92b09851fb3db0cd2fa537057a8c,50000,20260717T120435635390Z,707,mask_fragment-n50000-w512-m0500-s707
mask_fragment,58ced0e286dfa2b04542a7873472fb4400aeb830,late_mask_fragment,512,192.37979996250942,25600000,0.5,25000,0,sha256:c31a5394c72fa4480e21e21f18941a529737407325437b881b853a480254b8dd,14,sha256:c0c7f0a73ae69ee2a06eef6753e538b6908f92b09851fb3db0cd2fa537057a8c,50000,20260717T120435635390Z,707,mask_fragment-n50000-w512-m0500-s707
mask_fragment,58ced0e286dfa2b04542a7873472fb4400aeb830,early_mask_fragment,512,391.6241999831982,25600000,0.5,25000,1,sha256:1a43e0ddf8cc02438cc76d27ba1cce86da34109d2e43dcc8ed7c9d581b95b39d,14,sha256:c0c7f0a73ae69ee2a06eef6753e538b6908f92b09851fb3db0cd2fa537057a8c,50000,20260717T120435635390Z,707,mask_fragment-n50000-w512-m0500-s707
mask_fragment,58ced0e286dfa2b04542a7873472fb4400aeb830,late_mask_fragment,512,207.97039999160916,25600000,0.5,25000,0,sha256:c31a5394c72fa4480e21e21f18941a529737407325437b881b853a480254b8dd,0,sha256:58e637d7a0a9a7ca00b3a3babb02aa7baa5467a6d5bf45071c77edefc5885647,50000,20260717T120435635390Z,808,mask_fragment-n50000-w512-m0500-s808
mask_fragment,58ced0e286dfa2b04542a7873472fb4400aeb830,early_mask_fragment,512,406.68930002721027,25600000,0.5,25000,1,sha256:1a43e0ddf8cc02438cc76d27ba1cce86da34109d2e43dcc8ed7c9d581b95b39d,0,sha256:58e637d7a0a9a7ca00b3a3babb02aa7baa5467a6d5bf45071c77edefc5885647,50000,20260717T120435635390Z,808,mask_fragment-n50000-w512-m0500-s808
mask_fragment,58ced0e286dfa2b04542a7873472fb4400aeb830,early_mask_fragment,512,334.8188000381924,25600000,0.5,25000,0,sha256:1a43e0ddf8cc02438cc76d27ba1cce86da34109d2e43dcc8ed7c9d581b95b39d,1,sha256:58e637d7a0a9a7ca00b3a3babb02aa7baa5467a6d5bf45071c77edefc5885647,50000,20260717T120435635390Z,808,mask_fragment-n50000-w512-m0500-s808
mask_fragment,58ced0e286dfa2b04542a7873472fb4400aeb830,late_mask_fragment,512,214.42959998967126,25600000,0.5,25000,1,sha256:c31a5394c72fa4480e21e21f18941a529737407325437b881b853a480254b8dd,1,sha256:58e637d7a0a9a7ca00b3a3babb02aa7baa5467a6d5bf45071c77edefc5885647,50000,20260717T120435635390Z,808,mask_fragment-n50000-w512-m0500-s808
mask_fragment,58ced0e286dfa2b04542a7873472fb4400aeb830,late_mask_fragment,512,186.26370001584291,25600000,0.5,25000,0,sha256:c31a5394c72fa4480e21e21f18941a529737407325437b881b853a480254b8dd,2,sha256:58e637d7a0a9a7ca00b3a3babb02aa7baa5467a6d5bf45071c77edefc5885647,50000,20260717T120435635390Z,808,mask_fragment-n50000-w512-m0500-s808
mask_fragment,58ced0e286dfa2b04542a7873472fb4400aeb830,early_mask_fragment,512,395.98440000554547,25600000,0.5,25000,1,sha256:1a43e0ddf8cc02438cc76d27ba1cce86da34109d2e43dcc8ed7c9d581b95b39d,2,sha256:58e637d7a0a9a7ca00b3a3babb02aa7baa5467a6d5bf45071c77edefc5885647,50000,20260717T120435635390Z,808,mask_fragment-n50000-w512-m0500-s808
mask_fragment,58ced0e286dfa2b04542a7873472fb4400aeb830,early_mask_fragment,512,390.10769996093586,25600000,0.5,25000,0,sha256:1a43e0ddf8cc02438cc76d27ba1cce86da34109d2e43dcc8ed7c9d581b95b39d,3,sha256:58e637d7a0a9a7ca00b3a3babb02aa7baa5467a6d5bf45071c77edefc5885647,50000,20260717T120435635390Z,808,mask_fragment-n50000-w512-m0500-s808
mask_fragment,58ced0e286dfa2b04542a7873472fb4400aeb830,late_mask_fragment,512,204.99240001663566,25600000,0.5,25000,1,sha256:c31a5394c72fa4480e21e21f18941a529737407325437b881b853a480254b8dd,3,sha256:58e637d7a0a9a7ca00b3a3babb02aa7baa5467a6d5bf45071c77edefc5885647,50000,20260717T120435635390Z,808,mask_fragment-n50000-w512-m0500-s808
mask_fragment,58ced0e286dfa2b04542a7873472fb4400aeb830,late_mask_fragment,512,206.4900000113994,25600000,0.5,25000,0,sha256:c31a5394c72fa4480e21e21f18941a529737407325437b881b853a480254b8dd,4,sha256:58e637d7a0a9a7ca00b3a3babb02aa7baa5467a6d5bf45071c77edefc5885647,50000,20260717T120435635390Z,808,mask_fragment-n50000-w512-m0500-s808
mask_fragment,58ced0e286dfa2b04542a7873472fb4400aeb830,early_mask_fragment,512,514.4512999686413,25600000,0.5,25000,1,sha256:1a43e0ddf8cc02438cc76d27ba1cce86da34109d2e43dcc8ed7c9d581b95b39d,4,sha256:58e637d7a0a9a7ca00b3a3babb02aa7baa5467a6d5bf45071c77edefc5885647,50000,20260717T120435635390Z,808,mask_fragment-n50000-w512-m0500-s808
mask_fragment,58ced0e286dfa2b04542a7873472fb4400aeb830,early_mask_fragment,512,422.93869995046407,25600000,0.5,25000,0,sha256:1a43e0ddf8cc02438cc76d27ba1cce86da34109d2e43dcc8ed7c9d581b95b39d,5,sha256:58e637d7a0a9a7ca00b3a3babb02aa7baa5467a6d5bf45071c77edefc5885647,50000,20260717T120435635390Z,808,mask_fragment-n50000-w512-m0500-s808
mask_fragment,58ced0e286dfa2b04542a7873472fb4400aeb830,late_mask_fragment,512,197.29679997544736,25600000,0.5,25000,1,sha256:c31a5394c72fa4480e21e21f18941a529737407325437b881b853a480254b8dd,5,sha256:58e637d7a0a9a7ca00b3a3babb02aa7baa5467a6d5bf45071c77edefc5885647,50000,20260717T120435635390Z,808,mask_fragment-n50000-w512-m0500-s808
mask_fragment,58ced0e286dfa2b04542a7873472fb4400aeb830,late_mask_fragment,512,242.92160000186414,25600000,0.5,25000,0,sha256:c31a5394c72fa4480e21e21f18941a529737407325437b881b853a480254b8dd,6,sha256:58e637d7a0a9a7ca00b3a3babb02aa7baa5467a6d5bf45071c77edefc5885647,50000,20260717T120435635390Z,808,mask_fragment-n50000-w512-m0500-s808
mask_fragment,58ced0e286dfa2b04542a7873472fb4400aeb830,early_mask_fragment,512,456.49529999354854,25600000,0.5,25000,1,sha256:1a43e0ddf8cc02438cc76d27ba1cce86da34109d2e43dcc8ed7c9d581b95b39d,6,sha256:58e637d7a0a9a7ca00b3a3babb02aa7baa5467a6d5bf45071c77edefc5885647,50000,20260717T120435635390Z,808,mask_fragment-n50000-w512-m0500-s808
mask_fragment,58ced0e286dfa2b04542a7873472fb4400aeb830,early_mask_fragment,512,597.4747000145726,25600000,0.5,25000,0,sha256:1a43e0ddf8cc02438cc76d27ba1cce86da34109d2e43dcc8ed7c9d581b95b39d,7,sha256:58e637d7a0a9a7ca00b3a3babb02aa7baa5467a6d5bf45071c77edefc5885647,50000,20260717T120435635390Z,808,mask_fragment-n50000-w512-m0500-s808
mask_fragment,58ced0e286dfa2b04542a7873472fb4400aeb830,late_mask_fragment,512,232.39189997548237,25600000,0.5,25000,1,sha256:c31a5394c72fa4480e21e21f18941a529737407325437b881b853a480254b8dd,7,sha256:58e637d7a0a9a7ca00b3a3babb02aa7baa5467a6d5bf45071c77edefc5885647,50000,20260717T120435635390Z,808,mask_fragment-n50000-w512-m0500-s808
mask_fragment,58ced0e286dfa2b04542a7873472fb4400aeb830,late_mask_fragment,512,186.10610003815964,25600000,0.5,25000,0,sha256:c31a5394c72fa4480e21e21f18941a529737407325437b881b853a480254b8dd,8,sha256:58e637d7a0a9a7ca00b3a3babb02aa7baa5467a6d5bf45071c77edefc5885647,50000,20260717T120435635390Z,808,mask_fragment-n50000-w512-m0500-s808
mask_fragment,58ced0e286dfa2b04542a7873472fb4400aeb830,early_mask_fragment,512,407.6066000270657,25600000,0.5,25000,1,sha256:1a43e0ddf8cc02438cc76d27ba1cce86da34109d2e43dcc8ed7c9d581b95b39d,8,sha256:58e637d7a0a9a7ca00b3a3babb02aa7baa5467a6d5bf45071c77edefc5885647,50000,20260717T120435635390Z,808,mask_fragment-n50000-w512-m0500-s808
mask_fragment,58ced0e286dfa2b04542a7873472fb4400aeb830,early_mask_fragment,512,515.0069000083022,25600000,0.5,25000,0,sha256:1a43e0ddf8cc02438cc76d27ba1cce86da34109d2e43dcc8ed7c9d581b95b39d,9,sha256:58e637d7a0a9a7ca00b3a3babb02aa7baa5467a6d5bf45071c77edefc5885647,50000,20260717T120435635390Z,808,mask_fragment-n50000-w512-m0500-s808
mask_fragment,58ced0e286dfa2b04542a7873472fb4400aeb830,late_mask_fragment,512,196.8635999946855,25600000,0.5,25000,1,sha256:c31a5394c72fa4480e21e21f18941a529737407325437b881b853a480254b8dd,9,sha256:58e637d7a0a9a7ca00b3a3babb02aa7baa5467a6d5bf45071c77edefc5885647,50000,20260717T120435635390Z,808,mask_fragment-n50000-w512-m0500-s808
mask_fragment,58ced0e286dfa2b04542a7873472fb4400aeb830,late_mask_fragment,512,174.31789997499436,25600000,0.5,25000,0,sha256:c31a5394c72fa4480e21e21f18941a529737407325437b881b853a480254b8dd,10,sha256:58e637d7a0a9a7ca00b3a3babb02aa7baa5467a6d5bf45071c77edefc5885647,50000,20260717T120435635390Z,808,mask_fragment-n50000-w512-m0500-s808
mask_fragment,58ced0e286dfa2b04542a7873472fb4400aeb830,early_mask_fragment,512,352.9556000139564,25600000,0.5,25000,1,sha256:1a43e0ddf8cc02438cc76d27ba1cce86da34109d2e43dcc8ed7c9d581b95b39d,10,sha256:58e637d7a0a9a7ca00b3a3babb02aa7baa5467a6d5bf45071c77edefc5885647,50000,20260717T120435635390Z,808,mask_fragment-n50000-w512-m0500-s808
mask_fragment,58ced0e286dfa2b04542a7873472fb4400aeb830,early_mask_fragment,512,396.66279999073595,25600000,0.5,25000,0,sha256:1a43e0ddf8cc02438cc76d27ba1cce86da34109d2e43dcc8ed7c9d581b95b39d,11,sha256:58e637d7a0a9a7ca00b3a3babb02aa7baa5467a6d5bf45071c77edefc5885647,50000,20260717T120435635390Z,808,mask_fragment-n50000-w512-m0500-s808
mask_fragment,58ced0e286dfa2b04542a7873472fb4400aeb830,late_mask_fragment,512,192.16440001036972,25600000,0.5,25000,1,sha256:c31a5394c72fa4480e21e21f18941a529737407325437b881b853a480254b8dd,11,sha256:58e637d7a0a9a7ca00b3a3babb02aa7baa5467a6d5bf45071c77edefc5885647,50000,20260717T120435635390Z,808,mask_fragment-n50000-w512-m0500-s808
mask_fragment,58ced0e286dfa2b04542a7873472fb4400aeb830,late_mask_fragment,512,172.42940003052354,25600000,0.5,25000,0,sha256:c31a5394c72fa4480e21e21f18941a529737407325437b881b853a480254b8dd,12,sha256:58e637d7a0a9a7ca00b3a3babb02aa7baa5467a6d5bf45071c77edefc5885647,50000,20260717T120435635390Z,808,mask_fragment-n50000-w512-m0500-s808
mask_fragment,58ced0e286dfa2b04542a7873472fb4400aeb830,early_mask_fragment,512,499.6287999674678,25600000,0.5,25000,1,sha256:1a43e0ddf8cc02438cc76d27ba1cce86da34109d2e43dcc8ed7c9d581b95b39d,12,sha256:58e637d7a0a9a7ca00b3a3babb02aa7baa5467a6d5bf45071c77edefc5885647,50000,20260717T120435635390Z,808,mask_fragment-n50000-w512-m0500-s808
mask_fragment,58ced0e286dfa2b04542a7873472fb4400aeb830,early_mask_fragment,512,420.9797000512481,25600000,0.5,25000,0,sha256:1a43e0ddf8cc02438cc76d27ba1cce86da34109d2e43dcc8ed7c9d581b95b39d,13,sha256:58e637d7a0a9a7ca00b3a3babb02aa7baa5467a6d5bf45071c77edefc5885647,50000,20260717T120435635390Z,808,mask_fragment-n50000-w512-m0500-s808
mask_fragment,58ced0e286dfa2b04542a7873472fb4400aeb830,late_mask_fragment,512,254.49369999114424,25600000,0.5,25000,1,sha256:c31a5394c72fa4480e21e21f18941a529737407325437b881b853a480254b8dd,13,sha256:58e637d7a0a9a7ca00b3a3babb02aa7baa5467a6d5bf45071c77edefc5885647,50000,20260717T120435635390Z,808,mask_fragment-n50000-w512-m0500-s808
mask_fragment,58ced0e286dfa2b04542a7873472fb4400aeb830,late_mask_fragment,512,212.70909998565912,25600000,0.5,25000,0,sha256:c31a5394c72fa4480e21e21f18941a529737407325437b881b853a480254b8dd,14,sha256:58e637d7a0a9a7ca00b3a3babb02aa7baa5467a6d5bf45071c77edefc5885647,50000,20260717T120435635390Z,808,mask_fragment-n50000-w512-m0500-s808
mask_fragment,58ced0e286dfa2b04542a7873472fb4400aeb830,early_mask_fragment,512,493.8490999629721,25600000,0.5,25000,1,sha256:1a43e0ddf8cc02438cc76d27ba1cce86da34109d2e43dcc8ed7c9d581b95b39d,14,sha256:58e637d7a0a9a7ca00b3a3babb02aa7baa5467a6d5bf45071c77edefc5885647,50000,20260717T120435635390Z,808,mask_fragment-n50000-w512-m0500-s808
mask_fragment,58ced0e286dfa2b04542a7873472fb4400aeb830,early_mask_fragment,512,493.73629997717217,25600000,0.5,25000,0,sha256:1a43e0ddf8cc02438cc76d27ba1cce86da34109d2e43dcc8ed7c9d581b95b39d,0,sha256:c853464fb72c17187dffb5dd2148e29e70cb285ebee664cedd21dcbcbfb64389,50000,20260717T120435635390Z,909,mask_fragment-n50000-w512-m0500-s909
mask_fragment,58ced0e286dfa2b04542a7873472fb4400aeb830,late_mask_fragment,512,281.6733999643475,25600000,0.5,25000,1,sha256:c31a5394c72fa4480e21e21f18941a529737407325437b881b853a480254b8dd,0,sha256:c853464fb72c17187dffb5dd2148e29e70cb285ebee664cedd21dcbcbfb64389,50000,20260717T120435635390Z,909,mask_fragment-n50000-w512-m0500-s909
mask_fragment,58ced0e286dfa2b04542a7873472fb4400aeb830,late_mask_fragment,512,220.43639997718856,25600000,0.5,25000,0,sha256:c31a5394c72fa4480e21e21f18941a529737407325437b881b853a480254b8dd,1,sha256:c853464fb72c17187dffb5dd2148e29e70cb285ebee664cedd21dcbcbfb64389,50000,20260717T120435635390Z,909,mask_fragment-n50000-w512-m0500-s909
mask_fragment,58ced0e286dfa2b04542a7873472fb4400aeb830,early_mask_fragment,512,435.1909999968484,25600000,0.5,25000,1,sha256:1a43e0ddf8cc02438cc76d27ba1cce86da34109d2e43dcc8ed7c9d581b95b39d,1,sha256:c853464fb72c17187dffb5dd2148e29e70cb285ebee664cedd21dcbcbfb64389,50000,20260717T120435635390Z,909,mask_fragment-n50000-w512-m0500-s909
mask_fragment,58ced0e286dfa2b04542a7873472fb4400aeb830,early_mask_fragment,512,367.43709997972474,25600000,0.5,25000,0,sha256:1a43e0ddf8cc02438cc76d27ba1cce86da34109d2e43dcc8ed7c9d581b95b39d,2,sha256:c853464fb72c17187dffb5dd2148e29e70cb285ebee664cedd21dcbcbfb64389,50000,20260717T120435635390Z,909,mask_fragment-n50000-w512-m0500-s909
mask_fragment,58ced0e286dfa2b04542a7873472fb4400aeb830,late_mask_fragment,512,223.38809998473153,25600000,0.5,25000,1,sha256:c31a5394c72fa4480e21e21f18941a529737407325437b881b853a480254b8dd,2,sha256:c853464fb72c17187dffb5dd2148e29e70cb285ebee664cedd21dcbcbfb64389,50000,20260717T120435635390Z,909,mask_fragment-n50000-w512-m0500-s909
mask_fragment,58ced0e286dfa2b04542a7873472fb4400aeb830,late_mask_fragment,512,257.8810999984853,25600000,0.5,25000,0,sha256:c31a5394c72fa4480e21e21f18941a529737407325437b881b853a480254b8dd,3,sha256:c853464fb72c17187dffb5dd2148e29e70cb285ebee664cedd21dcbcbfb64389,50000,20260717T120435635390Z,909,mask_fragment-n50000-w512-m0500-s909
mask_fragment,58ced0e286dfa2b04542a7873472fb4400aeb830,early_mask_fragment,512,412.08280000137165,25600000,0.5,25000,1,sha256:1a43e0ddf8cc02438cc76d27ba1cce86da34109d2e43dcc8ed7c9d581b95b39d,3,sha256:c853464fb72c17187dffb5dd2148e29e70cb285ebee664cedd21dcbcbfb64389,50000,20260717T120435635390Z,909,mask_fragment-n50000-w512-m0500-s909
mask_fragment,58ced0e286dfa2b04542a7873472fb4400aeb830,early_mask_fragment,512,436.1164000001736,25600000,0.5,25000,0,sha256:1a43e0ddf8cc02438cc76d27ba1cce86da34109d2e43dcc8ed7c9d581b95b39d,4,sha256:c853464fb72c17187dffb5dd2148e29e70cb285ebee664cedd21dcbcbfb64389,50000,20260717T120435635390Z,909,mask_fragment-n50000-w512-m0500-s909
mask_fragment,58ced0e286dfa2b04542a7873472fb4400aeb830,late_mask_fragment,512,259.13419999415055,25600000,0.5,25000,1,sha256:c31a5394c72fa4480e21e21f18941a529737407325437b881b853a480254b8dd,4,sha256:c853464fb72c17187dffb5dd2148e29e70cb285ebee664cedd21dcbcbfb64389,50000,20260717T120435635390Z,909,mask_fragment-n50000-w512-m0500-s909
mask_fragment,58ced0e286dfa2b04542a7873472fb4400aeb830,late_mask_fragment,512,249.6949000051245,25600000,0.5,25000,0,sha256:c31a5394c72fa4480e21e21f18941a529737407325437b881b853a480254b8dd,5,sha256:c853464fb72c17187dffb5dd2148e29e70cb285ebee664cedd21dcbcbfb64389,50000,20260717T120435635390Z,909,mask_fragment-n50000-w512-m0500-s909
mask_fragment,58ced0e286dfa2b04542a7873472fb4400aeb830,early_mask_fragment,512,412.4356000102125,25600000,0.5,25000,1,sha256:1a43e0ddf8cc02438cc76d27ba1cce86da34109d2e43dcc8ed7c9d581b95b39d,5,sha256:c853464fb72c17187dffb5dd2148e29e70cb285ebee664cedd21dcbcbfb64389,50000,20260717T120435635390Z,909,mask_fragment-n50000-w512-m0500-s909
mask_fragment,58ced0e286dfa2b04542a7873472fb4400aeb830,early_mask_fragment,512,519.822700007353,25600000,0.5,25000,0,sha256:1a43e0ddf8cc02438cc76d27ba1cce86da34109d2e43dcc8ed7c9d581b95b39d,6,sha256:c853464fb72c17187dffb5dd2148e29e70cb285ebee664cedd21dcbcbfb64389,50000,20260717T120435635390Z,909,mask_fragment-n50000-w512-m0500-s909
mask_fragment,58ced0e286dfa2b04542a7873472fb4400aeb830,late_mask_fragment,512,244.62799995671958,25600000,0.5,25000,1,sha256:c31a5394c72fa4480e21e21f18941a529737407325437b881b853a480254b8dd,6,sha256:c853464fb72c17187dffb5dd2148e29e70cb285ebee664cedd21dcbcbfb64389,50000,20260717T120435635390Z,909,mask_fragment-n50000-w512-m0500-s909
mask_fragment,58ced0e286dfa2b04542a7873472fb4400aeb830,late_mask_fragment,512,201.1009000125341,25600000,0.5,25000,0,sha256:c31a5394c72fa4480e21e21f18941a529737407325437b881b853a480254b8dd,7,sha256:c853464fb72c17187dffb5dd2148e29e70cb285ebee664cedd21dcbcbfb64389,50000,20260717T120435635390Z,909,mask_fragment-n50000-w512-m0500-s909
mask_fragment,58ced0e286dfa2b04542a7873472fb4400aeb830,early_mask_fragment,512,453.94440001109615,25600000,0.5,25000,1,sha256:1a43e0ddf8cc02438cc76d27ba1cce86da34109d2e43dcc8ed7c9d581b95b39d,7,sha256:c853464fb72c17187dffb5dd2148e29e70cb285ebee664cedd21dcbcbfb64389,50000,20260717T120435635390Z,909,mask_fragment-n50000-w512-m0500-s909
mask_fragment,58ced0e286dfa2b04542a7873472fb4400aeb830,early_mask_fragment,512,424.0627000108361,25600000,0.5,25000,0,sha256:1a43e0ddf8cc02438cc76d27ba1cce86da34109d2e43dcc8ed7c9d581b95b39d,8,sha256:c853464fb72c17187dffb5dd2148e29e70cb285ebee664cedd21dcbcbfb64389,50000,20260717T120435635390Z,909,mask_fragment-n50000-w512-m0500-s909
mask_fragment,58ced0e286dfa2b04542a7873472fb4400aeb830,late_mask_fragment,512,234.72050001146272,25600000,0.5,25000,1,sha256:c31a5394c72fa4480e21e21f18941a529737407325437b881b853a480254b8dd,8,sha256:c853464fb72c17187dffb5dd2148e29e70cb285ebee664cedd21dcbcbfb64389,50000,20260717T120435635390Z,909,mask_fragment-n50000-w512-m0500-s909
mask_fragment,58ced0e286dfa2b04542a7873472fb4400aeb830,late_mask_fragment,512,270.95330000156537,25600000,0.5,25000,0,sha256:c31a5394c72fa4480e21e21f18941a529737407325437b881b853a480254b8dd,9,sha256:c853464fb72c17187dffb5dd2148e29e70cb285ebee664cedd21dcbcbfb64389,50000,20260717T120435635390Z,909,mask_fragment-n50000-w512-m0500-s909
mask_fragment,58ced0e286dfa2b04542a7873472fb4400aeb830,early_mask_fragment,512,517.5559999770485,25600000,0.5,25000,1,sha256:1a43e0ddf8cc02438cc76d27ba1cce86da34109d2e43dcc8ed7c9d581b95b39d,9,sha256:c853464fb72c17187dffb5dd2148e29e70cb285ebee664cedd21dcbcbfb64389,50000,20260717T120435635390Z,909,mask_fragment-n50000-w512-m0500-s909
mask_fragment,58ced0e286dfa2b04542a7873472fb4400aeb830,early_mask_fragment,512,572.1823999774642,25600000,0.5,25000,0,sha256:1a43e0ddf8cc02438cc76d27ba1cce86da34109d2e43dcc8ed7c9d581b95b39d,10,sha256:c853464fb72c17187dffb5dd2148e29e70cb285ebee664cedd21dcbcbfb64389,50000,20260717T120435635390Z,909,mask_fragment-n50000-w512-m0500-s909
mask_fragment,58ced0e286dfa2b04542a7873472fb4400aeb830,late_mask_fragment,512,275.5633000051603,25600000,0.5,25000,1,sha256:c31a5394c72fa4480e21e21f18941a529737407325437b881b853a480254b8dd,10,sha256:c853464fb72c17187dffb5dd2148e29e70cb285ebee664cedd21dcbcbfb64389,50000,20260717T120435635390Z,909,mask_fragment-n50000-w512-m0500-s909
mask_fragment,58ced0e286dfa2b04542a7873472fb4400aeb830,late_mask_fragment,512,258.2319999928586,25600000,0.5,25000,0,sha256:c31a5394c72fa4480e21e21f18941a529737407325437b881b853a480254b8dd,11,sha256:c853464fb72c17187dffb5dd2148e29e70cb285ebee664cedd21dcbcbfb64389,50000,20260717T120435635390Z,909,mask_fragment-n50000-w512-m0500-s909
mask_fragment,58ced0e286dfa2b04542a7873472fb4400aeb830,early_mask_fragment,512,454.1002999758348,25600000,0.5,25000,1,sha256:1a43e0ddf8cc02438cc76d27ba1cce86da34109d2e43dcc8ed7c9d581b95b39d,11,sha256:c853464fb72c17187dffb5dd2148e29e70cb285ebee664cedd21dcbcbfb64389,50000,20260717T120435635390Z,909,mask_fragment-n50000-w512-m0500-s909
mask_fragment,58ced0e286dfa2b04542a7873472fb4400aeb830,early_mask_fragment,512,446.4021000312641,25600000,0.5,25000,0,sha256:1a43e0ddf8cc02438cc76d27ba1cce86da34109d2e43dcc8ed7c9d581b95b39d,12,sha256:c853464fb72c17187dffb5dd2148e29e70cb285ebee664cedd21dcbcbfb64389,50000,20260717T120435635390Z,909,mask_fragment-n50000-w512-m0500-s909
mask_fragment,58ced0e286dfa2b04542a7873472fb4400aeb830,late_mask_fragment,512,191.3228000048548,25600000,0.5,25000,1,sha256:c31a5394c72fa4480e21e21f18941a529737407325437b881b853a480254b8dd,12,sha256:c853464fb72c17187dffb5dd2148e29e70cb285ebee664cedd21dcbcbfb64389,50000,20260717T120435635390Z,909,mask_fragment-n50000-w512-m0500-s909
mask_fragment,58ced0e286dfa2b04542a7873472fb4400aeb830,late_mask_fragment,512,242.77459998847917,25600000,0.5,25000,0,sha256:c31a5394c72fa4480e21e21f18941a529737407325437b881b853a480254b8dd,13,sha256:c853464fb72c17187dffb5dd2148e29e70cb285ebee664cedd21dcbcbfb64389,50000,20260717T120435635390Z,909,mask_fragment-n50000-w512-m0500-s909
mask_fragment,58ced0e286dfa2b04542a7873472fb4400aeb830,early_mask_fragment,512,403.30659999744967,25600000,0.5,25000,1,sha256:1a43e0ddf8cc02438cc76d27ba1cce86da34109d2e43dcc8ed7c9d581b95b39d,13,sha256:c853464fb72c17187dffb5dd2148e29e70cb285ebee664cedd21dcbcbfb64389,50000,20260717T120435635390Z,909,mask_fragment-n50000-w512-m0500-s909
mask_fragment,58ced0e286dfa2b04542a7873472fb4400aeb830,early_mask_fragment,512,406.6816000267863,25600000,0.5,25000,0,sha256:1a43e0ddf8cc02438cc76d27ba1cce86da34109d2e43dcc8ed7c9d581b95b39d,14,sha256:c853464fb72c17187dffb5dd2148e29e70cb285ebee664cedd21dcbcbfb64389,50000,20260717T120435635390Z,909,mask_fragment-n50000-w512-m0500-s909
mask_fragment,58ced0e286dfa2b04542a7873472fb4400aeb830,late_mask_fragment,512,229.2240000097081,25600000,0.5,25000,1,sha256:c31a5394c72fa4480e21e21f18941a529737407325437b881b853a480254b8dd,14,sha256:c853464fb72c17187dffb5dd2148e29e70cb285ebee664cedd21dcbcbfb64389,50000,20260717T120435635390Z,909,mask_fragment-n50000-w512-m0500-s909
mask_fragment,58ced0e286dfa2b04542a7873472fb4400aeb830,early_mask_fragment,512,450.24979999288917,25600000,1.0,50000,0,sha256:1a43e0ddf8cc02438cc76d27ba1cce86da34109d2e43dcc8ed7c9d581b95b39d,0,sha256:20dfe4256e1f3f0b496a4b17cc607c68e849172dbd533e89646834cdfddcc589,50000,20260717T120435635390Z,707,mask_fragment-n50000-w512-m1000-s707
mask_fragment,58ced0e286dfa2b04542a7873472fb4400aeb830,late_mask_fragment,512,385.92259999131784,25600000,1.0,50000,1,sha256:6520d056e696ffac14dc135144255adbe9a9d7bbb5ae889b1b0e266e1ada2e57,0,sha256:20dfe4256e1f3f0b496a4b17cc607c68e849172dbd533e89646834cdfddcc589,50000,20260717T120435635390Z,707,mask_fragment-n50000-w512-m1000-s707
mask_fragment,58ced0e286dfa2b04542a7873472fb4400aeb830,late_mask_fragment,512,494.6615999797359,25600000,1.0,50000,0,sha256:6520d056e696ffac14dc135144255adbe9a9d7bbb5ae889b1b0e266e1ada2e57,1,sha256:20dfe4256e1f3f0b496a4b17cc607c68e849172dbd533e89646834cdfddcc589,50000,20260717T120435635390Z,707,mask_fragment-n50000-w512-m1000-s707
mask_fragment,58ced0e286dfa2b04542a7873472fb4400aeb830,early_mask_fragment,512,519.1960000083782,25600000,1.0,50000,1,sha256:1a43e0ddf8cc02438cc76d27ba1cce86da34109d2e43dcc8ed7c9d581b95b39d,1,sha256:20dfe4256e1f3f0b496a4b17cc607c68e849172dbd533e89646834cdfddcc589,50000,20260717T120435635390Z,707,mask_fragment-n50000-w512-m1000-s707
mask_fragment,58ced0e286dfa2b04542a7873472fb4400aeb830,early_mask_fragment,512,501.7160000279546,25600000,1.0,50000,0,sha256:1a43e0ddf8cc02438cc76d27ba1cce86da34109d2e43dcc8ed7c9d581b95b39d,2,sha256:20dfe4256e1f3f0b496a4b17cc607c68e849172dbd533e89646834cdfddcc589,50000,20260717T120435635390Z,707,mask_fragment-n50000-w512-m1000-s707
mask_fragment,58ced0e286dfa2b04542a7873472fb4400aeb830,late_mask_fragment,512,466.2866999860853,25600000,1.0,50000,1,sha256:6520d056e696ffac14dc135144255adbe9a9d7bbb5ae889b1b0e266e1ada2e57,2,sha256:20dfe4256e1f3f0b496a4b17cc607c68e849172dbd533e89646834cdfddcc589,50000,20260717T120435635390Z,707,mask_fragment-n50000-w512-m1000-s707
mask_fragment,58ced0e286dfa2b04542a7873472fb4400aeb830,late_mask_fragment,512,446.98019995121285,25600000,1.0,50000,0,sha256:6520d056e696ffac14dc135144255adbe9a9d7bbb5ae889b1b0e266e1ada2e57,3,sha256:20dfe4256e1f3f0b496a4b17cc607c68e849172dbd533e89646834cdfddcc589,50000,20260717T120435635390Z,707,mask_fragment-n50000-w512-m1000-s707
mask_fragment,58ced0e286dfa2b04542a7873472fb4400aeb830,early_mask_fragment,512,438.20899998536333,25600000,1.0,50000,1,sha256:1a43e0ddf8cc02438cc76d27ba1cce86da34109d2e43dcc8ed7c9d581b95b39d,3,sha256:20dfe4256e1f3f0b496a4b17cc607c68e849172dbd533e89646834cdfddcc589,50000,20260717T120435635390Z,707,mask_fragment-n50000-w512-m1000-s707
mask_fragment,58ced0e286dfa2b04542a7873472fb4400aeb830,early_mask_fragment,512,480.85679998621345,25600000,1.0,50000,0,sha256:1a43e0ddf8cc02438cc76d27ba1cce86da34109d2e43dcc8ed7c9d581b95b39d,4,sha256:20dfe4256e1f3f0b496a4b17cc607c68e849172dbd533e89646834cdfddcc589,50000,20260717T120435635390Z,707,mask_fragment-n50000-w512-m1000-s707
mask_fragment,58ced0e286dfa2b04542a7873472fb4400aeb830,late_mask_fragment,512,485.58629996841773,25600000,1.0,50000,1,sha256:6520d056e696ffac14dc135144255adbe9a9d7bbb5ae889b1b0e266e1ada2e57,4,sha256:20dfe4256e1f3f0b496a4b17cc607c68e849172dbd533e89646834cdfddcc589,50000,20260717T120435635390Z,707,mask_fragment-n50000-w512-m1000-s707
mask_fragment,58ced0e286dfa2b04542a7873472fb4400aeb830,late_mask_fragment,512,392.02140003908426,25600000,1.0,50000,0,sha256:6520d056e696ffac14dc135144255adbe9a9d7bbb5ae889b1b0e266e1ada2e57,5,sha256:20dfe4256e1f3f0b496a4b17cc607c68e849172dbd533e89646834cdfddcc589,50000,20260717T120435635390Z,707,mask_fragment-n50000-w512-m1000-s707
mask_fragment,58ced0e286dfa2b04542a7873472fb4400aeb830,early_mask_fragment,512,429.48320001596585,25600000,1.0,50000,1,sha256:1a43e0ddf8cc02438cc76d27ba1cce86da34109d2e43dcc8ed7c9d581b95b39d,5,sha256:20dfe4256e1f3f0b496a4b17cc607c68e849172dbd533e89646834cdfddcc589,50000,20260717T120435635390Z,707,mask_fragment-n50000-w512-m1000-s707
mask_fragment,58ced0e286dfa2b04542a7873472fb4400aeb830,early_mask_fragment,512,433.86930000269786,25600000,1.0,50000,0,sha256:1a43e0ddf8cc02438cc76d27ba1cce86da34109d2e43dcc8ed7c9d581b95b39d,6,sha256:20dfe4256e1f3f0b496a4b17cc607c68e849172dbd533e89646834cdfddcc589,50000,20260717T120435635390Z,707,mask_fragment-n50000-w512-m1000-s707
mask_fragment,58ced0e286dfa2b04542a7873472fb4400aeb830,late_mask_fragment,512,432.76469997363165,25600000,1.0,50000,1,sha256:6520d056e696ffac14dc135144255adbe9a9d7bbb5ae889b1b0e266e1ada2e57,6,sha256:20dfe4256e1f3f0b496a4b17cc607c68e849172dbd533e89646834cdfddcc589,50000,20260717T120435635390Z,707,mask_fragment-n50000-w512-m1000-s707
mask_fragment,58ced0e286dfa2b04542a7873472fb4400aeb830,late_mask_fragment,512,368.6265000142157,25600000,1.0,50000,0,sha256:6520d056e696ffac14dc135144255adbe9a9d7bbb5ae889b1b0e266e1ada2e57,7,sha256:20dfe4256e1f3f0b496a4b17cc607c68e849172dbd533e89646834cdfddcc589,50000,20260717T120435635390Z,707,mask_fragment-n50000-w512-m1000-s707
mask_fragment,58ced0e286dfa2b04542a7873472fb4400aeb830,early_mask_fragment,512,435.64750003861263,25600000,1.0,50000,1,sha256:1a43e0ddf8cc02438cc76d27ba1cce86da34109d2e43dcc8ed7c9d581b95b39d,7,sha256:20dfe4256e1f3f0b496a4b17cc607c68e849172dbd533e89646834cdfddcc589,50000,20260717T120435635390Z,707,mask_fragment-n50000-w512-m1000-s707
mask_fragment,58ced0e286dfa2b04542a7873472fb4400aeb830,early_mask_fragment,512,438.3438000222668,25600000,1.0,50000,0,sha256:1a43e0ddf8cc02438cc76d27ba1cce86da34109d2e43dcc8ed7c9d581b95b39d,8,sha256:20dfe4256e1f3f0b496a4b17cc607c68e849172dbd533e89646834cdfddcc589,50000,20260717T120435635390Z,707,mask_fragment-n50000-w512-m1000-s707
mask_fragment,58ced0e286dfa2b04542a7873472fb4400aeb830,late_mask_fragment,512,370.80069998046383,25600000,1.0,50000,1,sha256:6520d056e696ffac14dc135144255adbe9a9d7bbb5ae889b1b0e266e1ada2e57,8,sha256:20dfe4256e1f3f0b496a4b17cc607c68e849172dbd533e89646834cdfddcc589,50000,20260717T120435635390Z,707,mask_fragment-n50000-w512-m1000-s707
mask_fragment,58ced0e286dfa2b04542a7873472fb4400aeb830,late_mask_fragment,512,365.56750000454485,25600000,1.0,50000,0,sha256:6520d056e696ffac14dc135144255adbe9a9d7bbb5ae889b1b0e266e1ada2e57,9,sha256:20dfe4256e1f3f0b496a4b17cc607c68e849172dbd533e89646834cdfddcc589,50000,20260717T120435635390Z,707,mask_fragment-n50000-w512-m1000-s707
mask_fragment,58ced0e286dfa2b04542a7873472fb4400aeb830,early_mask_fragment,512,421.26699996879324,25600000,1.0,50000,1,sha256:1a43e0ddf8cc02438cc76d27ba1cce86da34109d2e43dcc8ed7c9d581b95b39d,9,sha256:20dfe4256e1f3f0b496a4b17cc607c68e849172dbd533e89646834cdfddcc589,50000,20260717T120435635390Z,707,mask_fragment-n50000-w512-m1000-s707
mask_fragment,58ced0e286dfa2b04542a7873472fb4400aeb830,early_mask_fragment,512,441.39350001933053,25600000,1.0,50000,0,sha256:1a43e0ddf8cc02438cc76d27ba1cce86da34109d2e43dcc8ed7c9d581b95b39d,10,sha256:20dfe4256e1f3f0b496a4b17cc607c68e849172dbd533e89646834cdfddcc589,50000,20260717T120435635390Z,707,mask_fragment-n50000-w512-m1000-s707
mask_fragment,58ced0e286dfa2b04542a7873472fb4400aeb830,late_mask_fragment,512,380.03659999230877,25600000,1.0,50000,1,sha256:6520d056e696ffac14dc135144255adbe9a9d7bbb5ae889b1b0e266e1ada2e57,10,sha256:20dfe4256e1f3f0b496a4b17cc607c68e849172dbd533e89646834cdfddcc589,50000,20260717T120435635390Z,707,mask_fragment-n50000-w512-m1000-s707
mask_fragment,58ced0e286dfa2b04542a7873472fb4400aeb830,late_mask_fragment,512,366.6062999982387,25600000,1.0,50000,0,sha256:6520d056e696ffac14dc135144255adbe9a9d7bbb5ae889b1b0e266e1ada2e57,11,sha256:20dfe4256e1f3f0b496a4b17cc607c68e849172dbd533e89646834cdfddcc589,50000,20260717T120435635390Z,707,mask_fragment-n50000-w512-m1000-s707
mask_fragment,58ced0e286dfa2b04542a7873472fb4400aeb830,early_mask_fragment,512,402.43280003778636,25600000,1.0,50000,1,sha256:1a43e0ddf8cc02438cc76d27ba1cce86da34109d2e43dcc8ed7c9d581b95b39d,11,sha256:20dfe4256e1f3f0b496a4b17cc607c68e849172dbd533e89646834cdfddcc589,50000,20260717T120435635390Z,707,mask_fragment-n50000-w512-m1000-s707
mask_fragment,58ced0e286dfa2b04542a7873472fb4400aeb830,early_mask_fragment,512,437.3885000240989,25600000,1.0,50000,0,sha256:1a43e0ddf8cc02438cc76d27ba1cce86da34109d2e43dcc8ed7c9d581b95b39d,12,sha256:20dfe4256e1f3f0b496a4b17cc607c68e849172dbd533e89646834cdfddcc589,50000,20260717T120435635390Z,707,mask_fragment-n50000-w512-m1000-s707
mask_fragment,58ced0e286dfa2b04542a7873472fb4400aeb830,late_mask_fragment,512,386.25759998103604,25600000,1.0,50000,1,sha256:6520d056e696ffac14dc135144255adbe9a9d7bbb5ae889b1b0e266e1ada2e57,12,sha256:20dfe4256e1f3f0b496a4b17cc607c68e849172dbd533e89646834cdfddcc589,50000,20260717T120435635390Z,707,mask_fragment-n50000-w512-m1000-s707
mask_fragment,58ced0e286dfa2b04542a7873472fb4400aeb830,late_mask_fragment,512,360.9711999888532,25600000,1.0,50000,0,sha256:6520d056e696ffac14dc135144255adbe9a9d7bbb5ae889b1b0e266e1ada2e57,13,sha256:20dfe4256e1f3f0b496a4b17cc607c68e849172dbd533e89646834cdfddcc589,50000,20260717T120435635390Z,707,mask_fragment-n50000-w512-m1000-s707
mask_fragment,58ced0e286dfa2b04542a7873472fb4400aeb830,early_mask_fragment,512,344.317700015381,25600000,1.0,50000,1,sha256:1a43e0ddf8cc02438cc76d27ba1cce86da34109d2e43dcc8ed7c9d581b95b39d,13,sha256:20dfe4256e1f3f0b496a4b17cc607c68e849172dbd533e89646834cdfddcc589,50000,20260717T120435635390Z,707,mask_fragment-n50000-w512-m1000-s707
mask_fragment,58ced0e286dfa2b04542a7873472fb4400aeb830,early_mask_fragment,512,433.9826000505127,25600000,1.0,50000,0,sha256:1a43e0ddf8cc02438cc76d27ba1cce86da34109d2e43dcc8ed7c9d581b95b39d,14,sha256:20dfe4256e1f3f0b496a4b17cc607c68e849172dbd533e89646834cdfddcc589,50000,20260717T120435635390Z,707,mask_fragment-n50000-w512-m1000-s707
mask_fragment,58ced0e286dfa2b04542a7873472fb4400aeb830,late_mask_fragment,512,392.87540002260357,25600000,1.0,50000,1,sha256:6520d056e696ffac14dc135144255adbe9a9d7bbb5ae889b1b0e266e1ada2e57,14,sha256:20dfe4256e1f3f0b496a4b17cc607c68e849172dbd533e89646834cdfddcc589,50000,20260717T120435635390Z,707,mask_fragment-n50000-w512-m1000-s707
mask_fragment,58ced0e286dfa2b04542a7873472fb4400aeb830,early_mask_fragment,512,517.9945999989286,25600000,1.0,50000,0,sha256:1a43e0ddf8cc02438cc76d27ba1cce86da34109d2e43dcc8ed7c9d581b95b39d,0,sha256:7b1c0e4211f8d7477bc56699376b4e55375b5109f1989bf5f2707c76d964df7f,50000,20260717T120435635390Z,808,mask_fragment-n50000-w512-m1000-s808
mask_fragment,58ced0e286dfa2b04542a7873472fb4400aeb830,late_mask_fragment,512,740.1156999985687,25600000,1.0,50000,1,sha256:6520d056e696ffac14dc135144255adbe9a9d7bbb5ae889b1b0e266e1ada2e57,0,sha256:7b1c0e4211f8d7477bc56699376b4e55375b5109f1989bf5f2707c76d964df7f,50000,20260717T120435635390Z,808,mask_fragment-n50000-w512-m1000-s808
mask_fragment,58ced0e286dfa2b04542a7873472fb4400aeb830,late_mask_fragment,512,541.493900003843,25600000,1.0,50000,0,sha256:6520d056e696ffac14dc135144255adbe9a9d7bbb5ae889b1b0e266e1ada2e57,1,sha256:7b1c0e4211f8d7477bc56699376b4e55375b5109f1989bf5f2707c76d964df7f,50000,20260717T120435635390Z,808,mask_fragment-n50000-w512-m1000-s808
mask_fragment,58ced0e286dfa2b04542a7873472fb4400aeb830,early_mask_fragment,512,395.8188000251539,25600000,1.0,50000,1,sha256:1a43e0ddf8cc02438cc76d27ba1cce86da34109d2e43dcc8ed7c9d581b95b39d,1,sha256:7b1c0e4211f8d7477bc56699376b4e55375b5109f1989bf5f2707c76d964df7f,50000,20260717T120435635390Z,808,mask_fragment-n50000-w512-m1000-s808
mask_fragment,58ced0e286dfa2b04542a7873472fb4400aeb830,early_mask_fragment,512,557.2935999953188,25600000,1.0,50000,0,sha256:1a43e0ddf8cc02438cc76d27ba1cce86da34109d2e43dcc8ed7c9d581b95b39d,2,sha256:7b1c0e4211f8d7477bc56699376b4e55375b5109f1989bf5f2707c76d964df7f,50000,20260717T120435635390Z,808,mask_fragment-n50000-w512-m1000-s808
mask_fragment,58ced0e286dfa2b04542a7873472fb4400aeb830,late_mask_fragment,512,428.88680001487955,25600000,1.0,50000,1,sha256:6520d056e696ffac14dc135144255adbe9a9d7bbb5ae889b1b0e266e1ada2e57,2,sha256:7b1c0e4211f8d7477bc56699376b4e55375b5109f1989bf5f2707c76d964df7f,50000,20260717T120435635390Z,808,mask_fragment-n50000-w512-m1000-s808
mask_fragment,58ced0e286dfa2b04542a7873472fb4400aeb830,late_mask_fragment,512,390.9474999527447,25600000,1.0,50000,0,sha256:6520d056e696ffac14dc135144255adbe9a9d7bbb5ae889b1b0e266e1ada2e57,3,sha256:7b1c0e4211f8d7477bc56699376b4e55375b5109f1989bf5f2707c76d964df7f,50000,20260717T120435635390Z,808,mask_fragment-n50000-w512-m1000-s808
mask_fragment,58ced0e286dfa2b04542a7873472fb4400aeb830,early_mask_fragment,512,527.3612000164576,25600000,1.0,50000,1,sha256:1a43e0ddf8cc02438cc76d27ba1cce86da34109d2e43dcc8ed7c9d581b95b39d,3,sha256:7b1c0e4211f8d7477bc56699376b4e55375b5109f1989bf5f2707c76d964df7f,50000,20260717T120435635390Z,808,mask_fragment-n50000-w512-m1000-s808
mask_fragment,58ced0e286dfa2b04542a7873472fb4400aeb830,early_mask_fragment,512,518.7541999621317,25600000,1.0,50000,0,sha256:1a43e0ddf8cc02438cc76d27ba1cce86da34109d2e43dcc8ed7c9d581b95b39d,4,sha256:7b1c0e4211f8d7477bc56699376b4e55375b5109f1989bf5f2707c76d964df7f,50000,20260717T120435635390Z,808,mask_fragment-n50000-w512-m1000-s808
mask_fragment,58ced0e286dfa2b04542a7873472fb4400aeb830,late_mask_fragment,512,482.24839998874813,25600000,1.0,50000,1,sha256:6520d056e696ffac14dc135144255adbe9a9d7bbb5ae889b1b0e266e1ada2e57,4,sha256:7b1c0e4211f8d7477bc56699376b4e55375b5109f1989bf5f2707c76d964df7f,50000,20260717T120435635390Z,808,mask_fragment-n50000-w512-m1000-s808
mask_fragment,58ced0e286dfa2b04542a7873472fb4400aeb830,late_mask_fragment,512,526.7597999772988,25600000,1.0,50000,0,sha256:6520d056e696ffac14dc135144255adbe9a9d7bbb5ae889b1b0e266e1ada2e57,5,sha256:7b1c0e4211f8d7477bc56699376b4e55375b5109f1989bf5f2707c76d964df7f,50000,20260717T120435635390Z,808,mask_fragment-n50000-w512-m1000-s808
mask_fragment,58ced0e286dfa2b04542a7873472fb4400aeb830,early_mask_fragment,512,495.3531000064686,25600000,1.0,50000,1,sha256:1a43e0ddf8cc02438cc76d27ba1cce86da34109d2e43dcc8ed7c9d581b95b39d,5,sha256:7b1c0e4211f8d7477bc56699376b4e55375b5109f1989bf5f2707c76d964df7f,50000,20260717T120435635390Z,808,mask_fragment-n50000-w512-m1000-s808
mask_fragment,58ced0e286dfa2b04542a7873472fb4400aeb830,early_mask_fragment,512,528.4276999882422,25600000,1.0,50000,0,sha256:1a43e0ddf8cc02438cc76d27ba1cce86da34109d2e43dcc8ed7c9d581b95b39d,6,sha256:7b1c0e4211f8d7477bc56699376b4e55375b5109f1989bf5f2707c76d964df7f,50000,20260717T120435635390Z,808,mask_fragment-n50000-w512-m1000-s808
mask_fragment,58ced0e286dfa2b04542a7873472fb4400aeb830,late_mask_fragment,512,491.65899999206886,25600000,1.0,50000,1,sha256:6520d056e696ffac14dc135144255adbe9a9d7bbb5ae889b1b0e266e1ada2e57,6,sha256:7b1c0e4211f8d7477bc56699376b4e55375b5109f1989bf5f2707c76d964df7f,50000,20260717T120435635390Z,808,mask_fragment-n50000-w512-m1000-s808
mask_fragment,58ced0e286dfa2b04542a7873472fb4400aeb830,late_mask_fragment,512,479.32360001141205,25600000,1.0,50000,0,sha256:6520d056e696ffac14dc135144255adbe9a9d7bbb5ae889b1b0e266e1ada2e57,7,sha256:7b1c0e4211f8d7477bc56699376b4e55375b5109f1989bf5f2707c76d964df7f,50000,20260717T120435635390Z,808,mask_fragment-n50000-w512-m1000-s808
mask_fragment,58ced0e286dfa2b04542a7873472fb4400aeb830,early_mask_fragment,512,585.5195000185631,25600000,1.0,50000,1,sha256:1a43e0ddf8cc02438cc76d27ba1cce86da34109d2e43dcc8ed7c9d581b95b39d,7,sha256:7b1c0e4211f8d7477bc56699376b4e55375b5109f1989bf5f2707c76d964df7f,50000,20260717T120435635390Z,808,mask_fragment-n50000-w512-m1000-s808
mask_fragment,58ced0e286dfa2b04542a7873472fb4400aeb830,early_mask_fragment,512,501.7335999873467,25600000,1.0,50000,0,sha256:1a43e0ddf8cc02438cc76d27ba1cce86da34109d2e43dcc8ed7c9d581b95b39d,8,sha256:7b1c0e4211f8d7477bc56699376b4e55375b5109f1989bf5f2707c76d964df7f,50000,20260717T120435635390Z,808,mask_fragment-n50000-w512-m1000-s808
mask_fragment,58ced0e286dfa2b04542a7873472fb4400aeb830,late_mask_fragment,512,463.2040000287816,25600000,1.0,50000,1,sha256:6520d056e696ffac14dc135144255adbe9a9d7bbb5ae889b1b0e266e1ada2e57,8,sha256:7b1c0e4211f8d7477bc56699376b4e55375b5109f1989bf5f2707c76d964df7f,50000,20260717T120435635390Z,808,mask_fragment-n50000-w512-m1000-s808
mask_fragment,58ced0e286dfa2b04542a7873472fb4400aeb830,late_mask_fragment,512,472.07470005378127,25600000,1.0,50000,0,sha256:6520d056e696ffac14dc135144255adbe9a9d7bbb5ae889b1b0e266e1ada2e57,9,sha256:7b1c0e4211f8d7477bc56699376b4e55375b5109f1989bf5f2707c76d964df7f,50000,20260717T120435635390Z,808,mask_fragment-n50000-w512-m1000-s808
mask_fragment,58ced0e286dfa2b04542a7873472fb4400aeb830,early_mask_fragment,512,453.0839999788441,25600000,1.0,50000,1,sha256:1a43e0ddf8cc02438cc76d27ba1cce86da34109d2e43dcc8ed7c9d581b95b39d,9,sha256:7b1c0e4211f8d7477bc56699376b4e55375b5109f1989bf5f2707c76d964df7f,50000,20260717T120435635390Z,808,mask_fragment-n50000-w512-m1000-s808
mask_fragment,58ced0e286dfa2b04542a7873472fb4400aeb830,early_mask_fragment,512,461.69789996929467,25600000,1.0,50000,0,sha256:1a43e0ddf8cc02438cc76d27ba1cce86da34109d2e43dcc8ed7c9d581b95b39d,10,sha256:7b1c0e4211f8d7477bc56699376b4e55375b5109f1989bf5f2707c76d964df7f,50000,20260717T120435635390Z,808,mask_fragment-n50000-w512-m1000-s808
mask_fragment,58ced0e286dfa2b04542a7873472fb4400aeb830,late_mask_fragment,512,432.6126000378281,25600000,1.0,50000,1,sha256:6520d056e696ffac14dc135144255adbe9a9d7bbb5ae889b1b0e266e1ada2e57,10,sha256:7b1c0e4211f8d7477bc56699376b4e55375b5109f1989bf5f2707c76d964df7f,50000,20260717T120435635390Z,808,mask_fragment-n50000-w512-m1000-s808
mask_fragment,58ced0e286dfa2b04542a7873472fb4400aeb830,late_mask_fragment,512,489.6522000199184,25600000,1.0,50000,0,sha256:6520d056e696ffac14dc135144255adbe9a9d7bbb5ae889b1b0e266e1ada2e57,11,sha256:7b1c0e4211f8d7477bc56699376b4e55375b5109f1989bf5f2707c76d964df7f,50000,20260717T120435635390Z,808,mask_fragment-n50000-w512-m1000-s808
mask_fragment,58ced0e286dfa2b04542a7873472fb4400aeb830,early_mask_fragment,512,507.2745999787003,25600000,1.0,50000,1,sha256:1a43e0ddf8cc02438cc76d27ba1cce86da34109d2e43dcc8ed7c9d581b95b39d,11,sha256:7b1c0e4211f8d7477bc56699376b4e55375b5109f1989bf5f2707c76d964df7f,50000,20260717T120435635390Z,808,mask_fragment-n50000-w512-m1000-s808
mask_fragment,58ced0e286dfa2b04542a7873472fb4400aeb830,early_mask_fragment,512,518.7871000380255,25600000,1.0,50000,0,sha256:1a43e0ddf8cc02438cc76d27ba1cce86da34109d2e43dcc8ed7c9d581b95b39d,12,sha256:7b1c0e4211f8d7477bc56699376b4e55375b5109f1989bf5f2707c76d964df7f,50000,20260717T120435635390Z,808,mask_fragment-n50000-w512-m1000-s808
mask_fragment,58ced0e286dfa2b04542a7873472fb4400aeb830,late_mask_fragment,512,543.4256000444293,25600000,1.0,50000,1,sha256:6520d056e696ffac14dc135144255adbe9a9d7bbb5ae889b1b0e266e1ada2e57,12,sha256:7b1c0e4211f8d7477bc56699376b4e55375b5109f1989bf5f2707c76d964df7f,50000,20260717T120435635390Z,808,mask_fragment-n50000-w512-m1000-s808
mask_fragment,58ced0e286dfa2b04542a7873472fb4400aeb830,late_mask_fragment,512,463.24299997650087,25600000,1.0,50000,0,sha256:6520d056e696ffac14dc135144255adbe9a9d7bbb5ae889b1b0e266e1ada2e57,13,sha256:7b1c0e4211f8d7477bc56699376b4e55375b5109f1989bf5f2707c76d964df7f,50000,20260717T120435635390Z,808,mask_fragment-n50000-w512-m1000-s808
mask_fragment,58ced0e286dfa2b04542a7873472fb4400aeb830,early_mask_fragment,512,729.5757999527268,25600000,1.0,50000,1,sha256:1a43e0ddf8cc02438cc76d27ba1cce86da34109d2e43dcc8ed7c9d581b95b39d,13,sha256:7b1c0e4211f8d7477bc56699376b4e55375b5109f1989bf5f2707c76d964df7f,50000,20260717T120435635390Z,808,mask_fragment-n50000-w512-m1000-s808
mask_fragment,58ced0e286dfa2b04542a7873472fb4400aeb830,early_mask_fragment,512,729.834400000982,25600000,1.0,50000,0,sha256:1a43e0ddf8cc02438cc76d27ba1cce86da34109d2e43dcc8ed7c9d581b95b39d,14,sha256:7b1c0e4211f8d7477bc56699376b4e55375b5109f1989bf5f2707c76d964df7f,50000,20260717T120435635390Z,808,mask_fragment-n50000-w512-m1000-s808
mask_fragment,58ced0e286dfa2b04542a7873472fb4400aeb830,late_mask_fragment,512,557.3468999937177,25600000,1.0,50000,1,sha256:6520d056e696ffac14dc135144255adbe9a9d7bbb5ae889b1b0e266e1ada2e57,14,sha256:7b1c0e4211f8d7477bc56699376b4e55375b5109f1989bf5f2707c76d964df7f,50000,20260717T120435635390Z,808,mask_fragment-n50000-w512-m1000-s808
mask_fragment,58ced0e286dfa2b04542a7873472fb4400aeb830,early_mask_fragment,512,541.3987999781966,25600000,1.0,50000,0,sha256:1a43e0ddf8cc02438cc76d27ba1cce86da34109d2e43dcc8ed7c9d581b95b39d,0,sha256:74bf2d8fb109db49947c45de52174b20e4d4ffbccd6e866d4b4a9b51fdeaedac,50000,20260717T120435635390Z,909,mask_fragment-n50000-w512-m1000-s909
mask_fragment,58ced0e286dfa2b04542a7873472fb4400aeb830,late_mask_fragment,512,532.8459999873303,25600000,1.0,50000,1,sha256:6520d056e696ffac14dc135144255adbe9a9d7bbb5ae889b1b0e266e1ada2e57,0,sha256:74bf2d8fb109db49947c45de52174b20e4d4ffbccd6e866d4b4a9b51fdeaedac,50000,20260717T120435635390Z,909,mask_fragment-n50000-w512-m1000-s909
mask_fragment,58ced0e286dfa2b04542a7873472fb4400aeb830,late_mask_fragment,512,510.2790000382811,25600000,1.0,50000,0,sha256:6520d056e696ffac14dc135144255adbe9a9d7bbb5ae889b1b0e266e1ada2e57,1,sha256:74bf2d8fb109db49947c45de52174b20e4d4ffbccd6e866d4b4a9b51fdeaedac,50000,20260717T120435635390Z,909,mask_fragment-n50000-w512-m1000-s909
mask_fragment,58ced0e286dfa2b04542a7873472fb4400aeb830,early_mask_fragment,512,570.9707000060007,25600000,1.0,50000,1,sha256:1a43e0ddf8cc02438cc76d27ba1cce86da34109d2e43dcc8ed7c9d581b95b39d,1,sha256:74bf2d8fb109db49947c45de52174b20e4d4ffbccd6e866d4b4a9b51fdeaedac,50000,20260717T120435635390Z,909,mask_fragment-n50000-w512-m1000-s909
mask_fragment,58ced0e286dfa2b04542a7873472fb4400aeb830,early_mask_fragment,512,584.2086999909952,25600000,1.0,50000,0,sha256:1a43e0ddf8cc02438cc76d27ba1cce86da34109d2e43dcc8ed7c9d581b95b39d,2,sha256:74bf2d8fb109db49947c45de52174b20e4d4ffbccd6e866d4b4a9b51fdeaedac,50000,20260717T120435635390Z,909,mask_fragment-n50000-w512-m1000-s909
mask_fragment,58ced0e286dfa2b04542a7873472fb4400aeb830,late_mask_fragment,512,595.0063999625854,25600000,1.0,50000,1,sha256:6520d056e696ffac14dc135144255adbe9a9d7bbb5ae889b1b0e266e1ada2e57,2,sha256:74bf2d8fb109db49947c45de52174b20e4d4ffbccd6e866d4b4a9b51fdeaedac,50000,20260717T120435635390Z,909,mask_fragment-n50000-w512-m1000-s909
mask_fragment,58ced0e286dfa2b04542a7873472fb4400aeb830,late_mask_fragment,512,582.722199964337,25600000,1.0,50000,0,sha256:6520d056e696ffac14dc135144255adbe9a9d7bbb5ae889b1b0e266e1ada2e57,3,sha256:74bf2d8fb109db49947c45de52174b20e4d4ffbccd6e866d4b4a9b51fdeaedac,50000,20260717T120435635390Z,909,mask_fragment-n50000-w512-m1000-s909
mask_fragment,58ced0e286dfa2b04542a7873472fb4400aeb830,early_mask_fragment,512,557.8088000183925,25600000,1.0,50000,1,sha256:1a43e0ddf8cc02438cc76d27ba1cce86da34109d2e43dcc8ed7c9d581b95b39d,3,sha256:74bf2d8fb109db49947c45de52174b20e4d4ffbccd6e866d4b4a9b51fdeaedac,50000,20260717T120435635390Z,909,mask_fragment-n50000-w512-m1000-s909
mask_fragment,58ced0e286dfa2b04542a7873472fb4400aeb830,early_mask_fragment,512,477.8699000016786,25600000,1.0,50000,0,sha256:1a43e0ddf8cc02438cc76d27ba1cce86da34109d2e43dcc8ed7c9d581b95b39d,4,sha256:74bf2d8fb109db49947c45de52174b20e4d4ffbccd6e866d4b4a9b51fdeaedac,50000,20260717T120435635390Z,909,mask_fragment-n50000-w512-m1000-s909
mask_fragment,58ced0e286dfa2b04542a7873472fb4400aeb830,late_mask_fragment,512,482.28280001785606,25600000,1.0,50000,1,sha256:6520d056e696ffac14dc135144255adbe9a9d7bbb5ae889b1b0e266e1ada2e57,4,sha256:74bf2d8fb109db49947c45de52174b20e4d4ffbccd6e866d4b4a9b51fdeaedac,50000,20260717T120435635390Z,909,mask_fragment-n50000-w512-m1000-s909
mask_fragment,58ced0e286dfa2b04542a7873472fb4400aeb830,late_mask_fragment,512,452.7978000114672,25600000,1.0,50000,0,sha256:6520d056e696ffac14dc135144255adbe9a9d7bbb5ae889b1b0e266e1ada2e57,5,sha256:74bf2d8fb109db49947c45de52174b20e4d4ffbccd6e866d4b4a9b51fdeaedac,50000,20260717T120435635390Z,909,mask_fragment-n50000-w512-m1000-s909
mask_fragment,58ced0e286dfa2b04542a7873472fb4400aeb830,early_mask_fragment,512,466.25749999657273,25600000,1.0,50000,1,sha256:1a43e0ddf8cc02438cc76d27ba1cce86da34109d2e43dcc8ed7c9d581b95b39d,5,sha256:74bf2d8fb109db49947c45de52174b20e4d4ffbccd6e866d4b4a9b51fdeaedac,50000,20260717T120435635390Z,909,mask_fragment-n50000-w512-m1000-s909
mask_fragment,58ced0e286dfa2b04542a7873472fb4400aeb830,early_mask_fragment,512,446.26090000383556,25600000,1.0,50000,0,sha256:1a43e0ddf8cc02438cc76d27ba1cce86da34109d2e43dcc8ed7c9d581b95b39d,6,sha256:74bf2d8fb109db49947c45de52174b20e4d4ffbccd6e866d4b4a9b51fdeaedac,50000,20260717T120435635390Z,909,mask_fragment-n50000-w512-m1000-s909
mask_fragment,58ced0e286dfa2b04542a7873472fb4400aeb830,late_mask_fragment,512,388.9989000163041,25600000,1.0,50000,1,sha256:6520d056e696ffac14dc135144255adbe9a9d7bbb5ae889b1b0e266e1ada2e57,6,sha256:74bf2d8fb109db49947c45de52174b20e4d4ffbccd6e866d4b4a9b51fdeaedac,50000,20260717T120435635390Z,909,mask_fragment-n50000-w512-m1000-s909
mask_fragment,58ced0e286dfa2b04542a7873472fb4400aeb830,late_mask_fragment,512,434.08209999324754,25600000,1.0,50000,0,sha256:6520d056e696ffac14dc135144255adbe9a9d7bbb5ae889b1b0e266e1ada2e57,7,sha256:74bf2d8fb109db49947c45de52174b20e4d4ffbccd6e866d4b4a9b51fdeaedac,50000,20260717T120435635390Z,909,mask_fragment-n50000-w512-m1000-s909
mask_fragment,58ced0e286dfa2b04542a7873472fb4400aeb830,early_mask_fragment,512,453.08509998722,25600000,1.0,50000,1,sha256:1a43e0ddf8cc02438cc76d27ba1cce86da34109d2e43dcc8ed7c9d581b95b39d,7,sha256:74bf2d8fb109db49947c45de52174b20e4d4ffbccd6e866d4b4a9b51fdeaedac,50000,20260717T120435635390Z,909,mask_fragment-n50000-w512-m1000-s909
mask_fragment,58ced0e286dfa2b04542a7873472fb4400aeb830,early_mask_fragment,512,458.04479997605085,25600000,1.0,50000,0,sha256:1a43e0ddf8cc02438cc76d27ba1cce86da34109d2e43dcc8ed7c9d581b95b39d,8,sha256:74bf2d8fb109db49947c45de52174b20e4d4ffbccd6e866d4b4a9b51fdeaedac,50000,20260717T120435635390Z,909,mask_fragment-n50000-w512-m1000-s909
mask_fragment,58ced0e286dfa2b04542a7873472fb4400aeb830,late_mask_fragment,512,476.95779998321086,25600000,1.0,50000,1,sha256:6520d056e696ffac14dc135144255adbe9a9d7bbb5ae889b1b0e266e1ada2e57,8,sha256:74bf2d8fb109db49947c45de52174b20e4d4ffbccd6e866d4b4a9b51fdeaedac,50000,20260717T120435635390Z,909,mask_fragment-n50000-w512-m1000-s909
mask_fragment,58ced0e286dfa2b04542a7873472fb4400aeb830,late_mask_fragment,512,415.93179997289553,25600000,1.0,50000,0,sha256:6520d056e696ffac14dc135144255adbe9a9d7bbb5ae889b1b0e266e1ada2e57,9,sha256:74bf2d8fb109db49947c45de52174b20e4d4ffbccd6e866d4b4a9b51fdeaedac,50000,20260717T120435635390Z,909,mask_fragment-n50000-w512-m1000-s909
mask_fragment,58ced0e286dfa2b04542a7873472fb4400aeb830,early_mask_fragment,512,446.14650000585243,25600000,1.0,50000,1,sha256:1a43e0ddf8cc02438cc76d27ba1cce86da34109d2e43dcc8ed7c9d581b95b39d,9,sha256:74bf2d8fb109db49947c45de52174b20e4d4ffbccd6e866d4b4a9b51fdeaedac,50000,20260717T120435635390Z,909,mask_fragment-n50000-w512-m1000-s909
mask_fragment,58ced0e286dfa2b04542a7873472fb4400aeb830,early_mask_fragment,512,443.2244999916293,25600000,1.0,50000,0,sha256:1a43e0ddf8cc02438cc76d27ba1cce86da34109d2e43dcc8ed7c9d581b95b39d,10,sha256:74bf2d8fb109db49947c45de52174b20e4d4ffbccd6e866d4b4a9b51fdeaedac,50000,20260717T120435635390Z,909,mask_fragment-n50000-w512-m1000-s909
mask_fragment,58ced0e286dfa2b04542a7873472fb4400aeb830,late_mask_fragment,512,458.90810003038496,25600000,1.0,50000,1,sha256:6520d056e696ffac14dc135144255adbe9a9d7bbb5ae889b1b0e266e1ada2e57,10,sha256:74bf2d8fb109db49947c45de52174b20e4d4ffbccd6e866d4b4a9b51fdeaedac,50000,20260717T120435635390Z,909,mask_fragment-n50000-w512-m1000-s909
mask_fragment,58ced0e286dfa2b04542a7873472fb4400aeb830,late_mask_fragment,512,515.0459999567829,25600000,1.0,50000,0,sha256:6520d056e696ffac14dc135144255adbe9a9d7bbb5ae889b1b0e266e1ada2e57,11,sha256:74bf2d8fb109db49947c45de52174b20e4d4ffbccd6e866d4b4a9b51fdeaedac,50000,20260717T120435635390Z,909,mask_fragment-n50000-w512-m1000-s909
mask_fragment,58ced0e286dfa2b04542a7873472fb4400aeb830,early_mask_fragment,512,440.5070999637246,25600000,1.0,50000,1,sha256:1a43e0ddf8cc02438cc76d27ba1cce86da34109d2e43dcc8ed7c9d581b95b39d,11,sha256:74bf2d8fb109db49947c45de52174b20e4d4ffbccd6e866d4b4a9b51fdeaedac,50000,20260717T120435635390Z,909,mask_fragment-n50000-w512-m1000-s909
mask_fragment,58ced0e286dfa2b04542a7873472fb4400aeb830,early_mask_fragment,512,477.74840000784025,25600000,1.0,50000,0,sha256:1a43e0ddf8cc02438cc76d27ba1cce86da34109d2e43dcc8ed7c9d581b95b39d,12,sha256:74bf2d8fb109db49947c45de52174b20e4d4ffbccd6e866d4b4a9b51fdeaedac,50000,20260717T120435635390Z,909,mask_fragment-n50000-w512-m1000-s909
mask_fragment,58ced0e286dfa2b04542a7873472fb4400aeb830,late_mask_fragment,512,449.5269000180997,25600000,1.0,50000,1,sha256:6520d056e696ffac14dc135144255adbe9a9d7bbb5ae889b1b0e266e1ada2e57,12,sha256:74bf2d8fb109db49947c45de52174b20e4d4ffbccd6e866d4b4a9b51fdeaedac,50000,20260717T120435635390Z,909,mask_fragment-n50000-w512-m1000-s909
mask_fragment,58ced0e286dfa2b04542a7873472fb4400aeb830,late_mask_fragment,512,441.37070002034307,25600000,1.0,50000,0,sha256:6520d056e696ffac14dc135144255adbe9a9d7bbb5ae889b1b0e266e1ada2e57,13,sha256:74bf2d8fb109db49947c45de52174b20e4d4ffbccd6e866d4b4a9b51fdeaedac,50000,20260717T120435635390Z,909,mask_fragment-n50000-w512-m1000-s909
mask_fragment,58ced0e286dfa2b04542a7873472fb4400aeb830,early_mask_fragment,512,402.3000000161119,25600000,1.0,50000,1,sha256:1a43e0ddf8cc02438cc76d27ba1cce86da34109d2e43dcc8ed7c9d581b95b39d,13,sha256:74bf2d8fb109db49947c45de52174b20e4d4ffbccd6e866d4b4a9b51fdeaedac,50000,20260717T120435635390Z,909,mask_fragment-n50000-w512-m1000-s909
mask_fragment,58ced0e286dfa2b04542a7873472fb4400aeb830,early_mask_fragment,512,466.59560000989586,25600000,1.0,50000,0,sha256:1a43e0ddf8cc02438cc76d27ba1cce86da34109d2e43dcc8ed7c9d581b95b39d,14,sha256:74bf2d8fb109db49947c45de52174b20e4d4ffbccd6e866d4b4a9b51fdeaedac,50000,20260717T120435635390Z,909,mask_fragment-n50000-w512-m1000-s909
mask_fragment,58ced0e286dfa2b04542a7873472fb4400aeb830,late_mask_fragment,512,519.805800053291,25600000,1.0,50000,1,sha256:6520d056e696ffac14dc135144255adbe9a9d7bbb5ae889b1b0e266e1ada2e57,14,sha256:74bf2d8fb109db49947c45de52174b20e4d4ffbccd6e866d4b4a9b51fdeaedac,50000,20260717T120435635390Z,909,mask_fragment-n50000-w512-m1000-s909
