block_index,block_id,permutation_id,order_position,inner_repeat_index,candidate_id,started_at_utc,client_materialization_latency_ms,process_cpu_time_ms,output_row_count,result_digest
0,tpch-q6-block-000,materialize-after-q06-time -> materialize-after-q06-predicate -> fused,0,0,materialize-after-q06-time,2026-07-21T01:27:54.213819+00:00,3687.3713,14687.5,1,sha256:5b1b60f63d1b4ca4ebae6df3c42c09410a88b25d8d51e4ed15f051dbc5ac6140
0,tpch-q6-block-000,materialize-after-q06-time -> materialize-after-q06-predicate -> fused,0,1,materialize-after-q06-time,2026-07-21T01:27:57.901346+00:00,3422.6193,13593.75,1,sha256:5b1b60f63d1b4ca4ebae6df3c42c09410a88b25d8d51e4ed15f051dbc5ac6140
0,tpch-q6-block-000,materialize-after-q06-time -> materialize-after-q06-predicate -> fused,0,2,materialize-after-q06-time,2026-07-21T01:28:01.324886+00:00,3338.0513,13343.75,1,sha256:5b1b60f63d1b4ca4ebae6df3c42c09410a88b25d8d51e4ed15f051dbc5ac6140
0,tpch-q6-block-000,materialize-after-q06-time -> materialize-after-q06-predicate -> fused,0,3,materialize-after-q06-time,2026-07-21T01:28:04.663587+00:00,3424.1494,13640.625,1,sha256:5b1b60f63d1b4ca4ebae6df3c42c09410a88b25d8d51e4ed15f051dbc5ac6140
0,tpch-q6-block-000,materialize-after-q06-time -> materialize-after-q06-predicate -> fused,0,4,materialize-after-q06-time,2026-07-21T01:28:08.087550+00:00,3542.617,14156.25,1,sha256:5b1b60f63d1b4ca4ebae6df3c42c09410a88b25d8d51e4ed15f051dbc5ac6140
0,tpch-q6-block-000,materialize-after-q06-time -> materialize-after-q06-predicate -> fused,1,0,materialize-after-q06-predicate,2026-07-21T01:28:11.630383+00:00,880.8036,3453.125,1,sha256:5b1b60f63d1b4ca4ebae6df3c42c09410a88b25d8d51e4ed15f051dbc5ac6140
0,tpch-q6-block-000,materialize-after-q06-time -> materialize-after-q06-predicate -> fused,1,1,materialize-after-q06-predicate,2026-07-21T01:28:12.511672+00:00,742.8961,2953.125,1,sha256:5b1b60f63d1b4ca4ebae6df3c42c09410a88b25d8d51e4ed15f051dbc5ac6140
0,tpch-q6-block-000,materialize-after-q06-time -> materialize-after-q06-predicate -> fused,1,2,materialize-after-q06-predicate,2026-07-21T01:28:13.253971+00:00,1241.642,4500.0,1,sha256:5b1b60f63d1b4ca4ebae6df3c42c09410a88b25d8d51e4ed15f051dbc5ac6140
0,tpch-q6-block-000,materialize-after-q06-time -> materialize-after-q06-predicate -> fused,1,3,materialize-after-q06-predicate,2026-07-21T01:28:14.496510+00:00,941.034,3687.5,1,sha256:5b1b60f63d1b4ca4ebae6df3c42c09410a88b25d8d51e4ed15f051dbc5ac6140
0,tpch-q6-block-000,materialize-after-q06-time -> materialize-after-q06-predicate -> fused,1,4,materialize-after-q06-predicate,2026-07-21T01:28:15.437295+00:00,1069.6195,4046.875,1,sha256:5b1b60f63d1b4ca4ebae6df3c42c09410a88b25d8d51e4ed15f051dbc5ac6140
0,tpch-q6-block-000,materialize-after-q06-time -> materialize-after-q06-predicate -> fused,2,0,fused,2026-07-21T01:28:16.507312+00:00,984.1567,3859.375,1,sha256:5b1b60f63d1b4ca4ebae6df3c42c09410a88b25d8d51e4ed15f051dbc5ac6140
0,tpch-q6-block-000,materialize-after-q06-time -> materialize-after-q06-predicate -> fused,2,1,fused,2026-07-21T01:28:17.491280+00:00,1188.2919,4093.75,1,sha256:5b1b60f63d1b4ca4ebae6df3c42c09410a88b25d8d51e4ed15f051dbc5ac6140
0,tpch-q6-block-000,materialize-after-q06-time -> materialize-after-q06-predicate -> fused,2,2,fused,2026-07-21T01:28:18.679887+00:00,1117.3029,4093.75,1,sha256:5b1b60f63d1b4ca4ebae6df3c42c09410a88b25d8d51e4ed15f051dbc5ac6140
0,tpch-q6-block-000,materialize-after-q06-time -> materialize-after-q06-predicate -> fused,2,3,fused,2026-07-21T01:28:19.797400+00:00,865.3325,3453.125,1,sha256:5b1b60f63d1b4ca4ebae6df3c42c09410a88b25d8d51e4ed15f051dbc5ac6140
0,tpch-q6-block-000,materialize-after-q06-time -> materialize-after-q06-predicate -> fused,2,4,fused,2026-07-21T01:28:20.662434+00:00,1077.8221,4078.125,1,sha256:5b1b60f63d1b4ca4ebae6df3c42c09410a88b25d8d51e4ed15f051dbc5ac6140
1,tpch-q6-block-001,materialize-after-q06-predicate -> materialize-after-q06-time -> fused,0,0,materialize-after-q06-predicate,2026-07-21T01:28:21.746283+00:00,960.067,3687.5,1,sha256:5b1b60f63d1b4ca4ebae6df3c42c09410a88b25d8d51e4ed15f051dbc5ac6140
1,tpch-q6-block-001,materialize-after-q06-predicate -> materialize-after-q06-time -> fused,0,1,materialize-after-q06-predicate,2026-07-21T01:28:22.706846+00:00,907.2175,3546.875,1,sha256:5b1b60f63d1b4ca4ebae6df3c42c09410a88b25d8d51e4ed15f051dbc5ac6140
1,tpch-q6-block-001,materialize-after-q06-predicate -> materialize-after-q06-time -> fused,0,2,materialize-after-q06-predicate,2026-07-21T01:28:23.614001+00:00,1126.5487,4203.125,1,sha256:5b1b60f63d1b4ca4ebae6df3c42c09410a88b25d8d51e4ed15f051dbc5ac6140
1,tpch-q6-block-001,materialize-after-q06-predicate -> materialize-after-q06-time -> fused,0,3,materialize-after-q06-predicate,2026-07-21T01:28:24.741464+00:00,1156.4333,4156.25,1,sha256:5b1b60f63d1b4ca4ebae6df3c42c09410a88b25d8d51e4ed15f051dbc5ac6140
1,tpch-q6-block-001,materialize-after-q06-predicate -> materialize-after-q06-time -> fused,0,4,materialize-after-q06-predicate,2026-07-21T01:28:25.897534+00:00,1012.5049,3890.625,1,sha256:5b1b60f63d1b4ca4ebae6df3c42c09410a88b25d8d51e4ed15f051dbc5ac6140
1,tpch-q6-block-001,materialize-after-q06-predicate -> materialize-after-q06-time -> fused,1,0,materialize-after-q06-time,2026-07-21T01:28:26.909895+00:00,4149.601,16281.25,1,sha256:5b1b60f63d1b4ca4ebae6df3c42c09410a88b25d8d51e4ed15f051dbc5ac6140
1,tpch-q6-block-001,materialize-after-q06-predicate -> materialize-after-q06-time -> fused,1,1,materialize-after-q06-time,2026-07-21T01:28:31.060042+00:00,3666.1253,14625.0,1,sha256:5b1b60f63d1b4ca4ebae6df3c42c09410a88b25d8d51e4ed15f051dbc5ac6140
1,tpch-q6-block-001,materialize-after-q06-predicate -> materialize-after-q06-time -> fused,1,2,materialize-after-q06-time,2026-07-21T01:28:34.726677+00:00,3701.423,14734.375,1,sha256:5b1b60f63d1b4ca4ebae6df3c42c09410a88b25d8d51e4ed15f051dbc5ac6140
1,tpch-q6-block-001,materialize-after-q06-predicate -> materialize-after-q06-time -> fused,1,3,materialize-after-q06-time,2026-07-21T01:28:38.427450+00:00,4313.0506,16828.125,1,sha256:5b1b60f63d1b4ca4ebae6df3c42c09410a88b25d8d51e4ed15f051dbc5ac6140
1,tpch-q6-block-001,materialize-after-q06-predicate -> materialize-after-q06-time -> fused,1,4,materialize-after-q06-time,2026-07-21T01:28:42.740915+00:00,4883.4449,17546.875,1,sha256:5b1b60f63d1b4ca4ebae6df3c42c09410a88b25d8d51e4ed15f051dbc5ac6140
1,tpch-q6-block-001,materialize-after-q06-predicate -> materialize-after-q06-time -> fused,2,0,fused,2026-07-21T01:28:47.625190+00:00,872.6751,3296.875,1,sha256:5b1b60f63d1b4ca4ebae6df3c42c09410a88b25d8d51e4ed15f051dbc5ac6140
1,tpch-q6-block-001,materialize-after-q06-predicate -> materialize-after-q06-time -> fused,2,1,fused,2026-07-21T01:28:48.497741+00:00,889.8454,3375.0,1,sha256:5b1b60f63d1b4ca4ebae6df3c42c09410a88b25d8d51e4ed15f051dbc5ac6140
1,tpch-q6-block-001,materialize-after-q06-predicate -> materialize-after-q06-time -> fused,2,2,fused,2026-07-21T01:28:49.387588+00:00,898.4624,3390.625,1,sha256:5b1b60f63d1b4ca4ebae6df3c42c09410a88b25d8d51e4ed15f051dbc5ac6140
1,tpch-q6-block-001,materialize-after-q06-predicate -> materialize-after-q06-time -> fused,2,3,fused,2026-07-21T01:28:50.286037+00:00,903.1263,3468.75,1,sha256:5b1b60f63d1b4ca4ebae6df3c42c09410a88b25d8d51e4ed15f051dbc5ac6140
1,tpch-q6-block-001,materialize-after-q06-predicate -> materialize-after-q06-time -> fused,2,4,fused,2026-07-21T01:28:51.189790+00:00,926.2269,3515.625,1,sha256:5b1b60f63d1b4ca4ebae6df3c42c09410a88b25d8d51e4ed15f051dbc5ac6140
2,tpch-q6-block-002,fused -> materialize-after-q06-predicate -> materialize-after-q06-time,0,0,fused,2026-07-21T01:28:52.121083+00:00,862.6885,3437.5,1,sha256:5b1b60f63d1b4ca4ebae6df3c42c09410a88b25d8d51e4ed15f051dbc5ac6140
2,tpch-q6-block-002,fused -> materialize-after-q06-predicate -> materialize-after-q06-time,0,1,fused,2026-07-21T01:28:52.984126+00:00,865.7086,3343.75,1,sha256:5b1b60f63d1b4ca4ebae6df3c42c09410a88b25d8d51e4ed15f051dbc5ac6140
2,tpch-q6-block-002,fused -> materialize-after-q06-predicate -> materialize-after-q06-time,0,2,fused,2026-07-21T01:28:53.850005+00:00,835.3583,3296.875,1,sha256:5b1b60f63d1b4ca4ebae6df3c42c09410a88b25d8d51e4ed15f051dbc5ac6140
2,tpch-q6-block-002,fused -> materialize-after-q06-predicate -> materialize-after-q06-time,0,3,fused,2026-07-21T01:28:54.685944+00:00,748.0354,2953.125,1,sha256:5b1b60f63d1b4ca4ebae6df3c42c09410a88b25d8d51e4ed15f051dbc5ac6140
2,tpch-q6-block-002,fused -> materialize-after-q06-predicate -> materialize-after-q06-time,0,4,fused,2026-07-21T01:28:55.434291+00:00,799.3093,3125.0,1,sha256:5b1b60f63d1b4ca4ebae6df3c42c09410a88b25d8d51e4ed15f051dbc5ac6140
2,tpch-q6-block-002,fused -> materialize-after-q06-predicate -> materialize-after-q06-time,1,0,materialize-after-q06-predicate,2026-07-21T01:28:56.233754+00:00,937.0772,3609.375,1,sha256:5b1b60f63d1b4ca4ebae6df3c42c09410a88b25d8d51e4ed15f051dbc5ac6140
2,tpch-q6-block-002,fused -> materialize-after-q06-predicate -> materialize-after-q06-time,1,1,materialize-after-q06-predicate,2026-07-21T01:28:57.170901+00:00,922.9353,3593.75,1,sha256:5b1b60f63d1b4ca4ebae6df3c42c09410a88b25d8d51e4ed15f051dbc5ac6140
2,tpch-q6-block-002,fused -> materialize-after-q06-predicate -> materialize-after-q06-time,1,2,materialize-after-q06-predicate,2026-07-21T01:28:58.094266+00:00,817.2605,3265.625,1,sha256:5b1b60f63d1b4ca4ebae6df3c42c09410a88b25d8d51e4ed15f051dbc5ac6140
2,tpch-q6-block-002,fused -> materialize-after-q06-predicate -> materialize-after-q06-time,1,3,materialize-after-q06-predicate,2026-07-21T01:28:58.911542+00:00,781.8246,3109.375,1,sha256:5b1b60f63d1b4ca4ebae6df3c42c09410a88b25d8d51e4ed15f051dbc5ac6140
2,tpch-q6-block-002,fused -> materialize-after-q06-predicate -> materialize-after-q06-time,1,4,materialize-after-q06-predicate,2026-07-21T01:28:59.693771+00:00,828.6303,3281.25,1,sha256:5b1b60f63d1b4ca4ebae6df3c42c09410a88b25d8d51e4ed15f051dbc5ac6140
2,tpch-q6-block-002,fused -> materialize-after-q06-predicate -> materialize-after-q06-time,2,0,materialize-after-q06-time,2026-07-21T01:29:00.521987+00:00,3523.9894,14000.0,1,sha256:5b1b60f63d1b4ca4ebae6df3c42c09410a88b25d8d51e4ed15f051dbc5ac6140
2,tpch-q6-block-002,fused -> materialize-after-q06-predicate -> materialize-after-q06-time,2,1,materialize-after-q06-time,2026-07-21T01:29:04.046383+00:00,3786.4386,15062.5,1,sha256:5b1b60f63d1b4ca4ebae6df3c42c09410a88b25d8d51e4ed15f051dbc5ac6140
2,tpch-q6-block-002,fused -> materialize-after-q06-predicate -> materialize-after-q06-time,2,2,materialize-after-q06-time,2026-07-21T01:29:07.832566+00:00,4184.4859,16343.75,1,sha256:5b1b60f63d1b4ca4ebae6df3c42c09410a88b25d8d51e4ed15f051dbc5ac6140
2,tpch-q6-block-002,fused -> materialize-after-q06-predicate -> materialize-after-q06-time,2,3,materialize-after-q06-time,2026-07-21T01:29:12.017994+00:00,3530.6156,14046.875,1,sha256:5b1b60f63d1b4ca4ebae6df3c42c09410a88b25d8d51e4ed15f051dbc5ac6140
2,tpch-q6-block-002,fused -> materialize-after-q06-predicate -> materialize-after-q06-time,2,4,materialize-after-q06-time,2026-07-21T01:29:15.548182+00:00,3529.3129,14015.625,1,sha256:5b1b60f63d1b4ca4ebae6df3c42c09410a88b25d8d51e4ed15f051dbc5ac6140
3,tpch-q6-block-003,materialize-after-q06-predicate -> fused -> materialize-after-q06-time,0,0,materialize-after-q06-predicate,2026-07-21T01:29:19.083253+00:00,758.7703,3000.0,1,sha256:5b1b60f63d1b4ca4ebae6df3c42c09410a88b25d8d51e4ed15f051dbc5ac6140
3,tpch-q6-block-003,materialize-after-q06-predicate -> fused -> materialize-after-q06-time,0,1,materialize-after-q06-predicate,2026-07-21T01:29:19.842654+00:00,724.2362,2843.75,1,sha256:5b1b60f63d1b4ca4ebae6df3c42c09410a88b25d8d51e4ed15f051dbc5ac6140
3,tpch-q6-block-003,materialize-after-q06-predicate -> fused -> materialize-after-q06-time,0,2,materialize-after-q06-predicate,2026-07-21T01:29:20.566173+00:00,749.9559,2953.125,1,sha256:5b1b60f63d1b4ca4ebae6df3c42c09410a88b25d8d51e4ed15f051dbc5ac6140
3,tpch-q6-block-003,materialize-after-q06-predicate -> fused -> materialize-after-q06-time,0,3,materialize-after-q06-predicate,2026-07-21T01:29:21.316364+00:00,750.1848,2937.5,1,sha256:5b1b60f63d1b4ca4ebae6df3c42c09410a88b25d8d51e4ed15f051dbc5ac6140
3,tpch-q6-block-003,materialize-after-q06-predicate -> fused -> materialize-after-q06-time,0,4,materialize-after-q06-predicate,2026-07-21T01:29:22.067222+00:00,752.5906,2937.5,1,sha256:5b1b60f63d1b4ca4ebae6df3c42c09410a88b25d8d51e4ed15f051dbc5ac6140
3,tpch-q6-block-003,materialize-after-q06-predicate -> fused -> materialize-after-q06-time,1,0,fused,2026-07-21T01:29:22.820248+00:00,668.1305,2625.0,1,sha256:5b1b60f63d1b4ca4ebae6df3c42c09410a88b25d8d51e4ed15f051dbc5ac6140
3,tpch-q6-block-003,materialize-after-q06-predicate -> fused -> materialize-after-q06-time,1,1,fused,2026-07-21T01:29:23.487766+00:00,657.9203,2625.0,1,sha256:5b1b60f63d1b4ca4ebae6df3c42c09410a88b25d8d51e4ed15f051dbc5ac6140
3,tpch-q6-block-003,materialize-after-q06-predicate -> fused -> materialize-after-q06-time,1,2,fused,2026-07-21T01:29:24.146635+00:00,702.3303,2750.0,1,sha256:5b1b60f63d1b4ca4ebae6df3c42c09410a88b25d8d51e4ed15f051dbc5ac6140
3,tpch-q6-block-003,materialize-after-q06-predicate -> fused -> materialize-after-q06-time,1,3,fused,2026-07-21T01:29:24.849130+00:00,665.5329,2609.375,1,sha256:5b1b60f63d1b4ca4ebae6df3c42c09410a88b25d8d51e4ed15f051dbc5ac6140
3,tpch-q6-block-003,materialize-after-q06-predicate -> fused -> materialize-after-q06-time,1,4,fused,2026-07-21T01:29:25.514399+00:00,698.3659,2750.0,1,sha256:5b1b60f63d1b4ca4ebae6df3c42c09410a88b25d8d51e4ed15f051dbc5ac6140
3,tpch-q6-block-003,materialize-after-q06-predicate -> fused -> materialize-after-q06-time,2,0,materialize-after-q06-time,2026-07-21T01:29:26.213252+00:00,3554.412,13703.125,1,sha256:5b1b60f63d1b4ca4ebae6df3c42c09410a88b25d8d51e4ed15f051dbc5ac6140
3,tpch-q6-block-003,materialize-after-q06-predicate -> fused -> materialize-after-q06-time,2,1,materialize-after-q06-time,2026-07-21T01:29:29.767868+00:00,4497.9707,17218.75,1,sha256:5b1b60f63d1b4ca4ebae6df3c42c09410a88b25d8d51e4ed15f051dbc5ac6140
3,tpch-q6-block-003,materialize-after-q06-predicate -> fused -> materialize-after-q06-time,2,2,materialize-after-q06-time,2026-07-21T01:29:34.265433+00:00,3673.4329,14546.875,1,sha256:5b1b60f63d1b4ca4ebae6df3c42c09410a88b25d8d51e4ed15f051dbc5ac6140
3,tpch-q6-block-003,materialize-after-q06-predicate -> fused -> materialize-after-q06-time,2,3,materialize-after-q06-time,2026-07-21T01:29:37.939868+00:00,3710.6537,14734.375,1,sha256:5b1b60f63d1b4ca4ebae6df3c42c09410a88b25d8d51e4ed15f051dbc5ac6140
3,tpch-q6-block-003,materialize-after-q06-predicate -> fused -> materialize-after-q06-time,2,4,materialize-after-q06-time,2026-07-21T01:29:41.649835+00:00,3713.2786,14687.5,1,sha256:5b1b60f63d1b4ca4ebae6df3c42c09410a88b25d8d51e4ed15f051dbc5ac6140
4,tpch-q6-block-004,fused -> materialize-after-q06-time -> materialize-after-q06-predicate,0,0,fused,2026-07-21T01:29:45.370374+00:00,723.8564,2796.875,1,sha256:5b1b60f63d1b4ca4ebae6df3c42c09410a88b25d8d51e4ed15f051dbc5ac6140
4,tpch-q6-block-004,fused -> materialize-after-q06-time -> materialize-after-q06-predicate,0,1,fused,2026-07-21T01:29:46.094630+00:00,676.1473,2671.875,1,sha256:5b1b60f63d1b4ca4ebae6df3c42c09410a88b25d8d51e4ed15f051dbc5ac6140
4,tpch-q6-block-004,fused -> materialize-after-q06-time -> materialize-after-q06-predicate,0,2,fused,2026-07-21T01:29:46.771127+00:00,688.556,2671.875,1,sha256:5b1b60f63d1b4ca4ebae6df3c42c09410a88b25d8d51e4ed15f051dbc5ac6140
4,tpch-q6-block-004,fused -> materialize-after-q06-time -> materialize-after-q06-predicate,0,3,fused,2026-07-21T01:29:47.459231+00:00,721.7327,2828.125,1,sha256:5b1b60f63d1b4ca4ebae6df3c42c09410a88b25d8d51e4ed15f051dbc5ac6140
4,tpch-q6-block-004,fused -> materialize-after-q06-time -> materialize-after-q06-predicate,0,4,fused,2026-07-21T01:29:48.181231+00:00,667.4092,2640.625,1,sha256:5b1b60f63d1b4ca4ebae6df3c42c09410a88b25d8d51e4ed15f051dbc5ac6140
4,tpch-q6-block-004,fused -> materialize-after-q06-time -> materialize-after-q06-predicate,1,0,materialize-after-q06-time,2026-07-21T01:29:48.849239+00:00,3634.5165,14343.75,1,sha256:5b1b60f63d1b4ca4ebae6df3c42c09410a88b25d8d51e4ed15f051dbc5ac6140
4,tpch-q6-block-004,fused -> materialize-after-q06-time -> materialize-after-q06-predicate,1,1,materialize-after-q06-time,2026-07-21T01:29:52.483332+00:00,3818.6185,15031.25,1,sha256:5b1b60f63d1b4ca4ebae6df3c42c09410a88b25d8d51e4ed15f051dbc5ac6140
4,tpch-q6-block-004,fused -> materialize-after-q06-time -> materialize-after-q06-predicate,1,2,materialize-after-q06-time,2026-07-21T01:29:56.301902+00:00,4217.9455,15906.25,1,sha256:5b1b60f63d1b4ca4ebae6df3c42c09410a88b25d8d51e4ed15f051dbc5ac6140
4,tpch-q6-block-004,fused -> materialize-after-q06-time -> materialize-after-q06-predicate,1,3,materialize-after-q06-time,2026-07-21T01:30:00.520714+00:00,3607.8412,14109.375,1,sha256:5b1b60f63d1b4ca4ebae6df3c42c09410a88b25d8d51e4ed15f051dbc5ac6140
4,tpch-q6-block-004,fused -> materialize-after-q06-time -> materialize-after-q06-predicate,1,4,materialize-after-q06-time,2026-07-21T01:30:04.128118+00:00,3970.0794,15171.875,1,sha256:5b1b60f63d1b4ca4ebae6df3c42c09410a88b25d8d51e4ed15f051dbc5ac6140
4,tpch-q6-block-004,fused -> materialize-after-q06-time -> materialize-after-q06-predicate,2,0,materialize-after-q06-predicate,2026-07-21T01:30:08.099126+00:00,726.0659,2843.75,1,sha256:5b1b60f63d1b4ca4ebae6df3c42c09410a88b25d8d51e4ed15f051dbc5ac6140
4,tpch-q6-block-004,fused -> materialize-after-q06-time -> materialize-after-q06-predicate,2,1,materialize-after-q06-predicate,2026-07-21T01:30:08.825239+00:00,735.6059,2828.125,1,sha256:5b1b60f63d1b4ca4ebae6df3c42c09410a88b25d8d51e4ed15f051dbc5ac6140
4,tpch-q6-block-004,fused -> materialize-after-q06-time -> materialize-after-q06-predicate,2,2,materialize-after-q06-predicate,2026-07-21T01:30:09.561145+00:00,781.9189,3046.875,1,sha256:5b1b60f63d1b4ca4ebae6df3c42c09410a88b25d8d51e4ed15f051dbc5ac6140
4,tpch-q6-block-004,fused -> materialize-after-q06-time -> materialize-after-q06-predicate,2,3,materialize-after-q06-predicate,2026-07-21T01:30:10.343271+00:00,742.4071,2921.875,1,sha256:5b1b60f63d1b4ca4ebae6df3c42c09410a88b25d8d51e4ed15f051dbc5ac6140
4,tpch-q6-block-004,fused -> materialize-after-q06-time -> materialize-after-q06-predicate,2,4,materialize-after-q06-predicate,2026-07-21T01:30:11.085042+00:00,835.5297,3312.5,1,sha256:5b1b60f63d1b4ca4ebae6df3c42c09410a88b25d8d51e4ed15f051dbc5ac6140
5,tpch-q6-block-005,materialize-after-q06-time -> fused -> materialize-after-q06-predicate,0,0,materialize-after-q06-time,2026-07-21T01:30:11.928753+00:00,3665.7867,14140.625,1,sha256:5b1b60f63d1b4ca4ebae6df3c42c09410a88b25d8d51e4ed15f051dbc5ac6140
5,tpch-q6-block-005,materialize-after-q06-time -> fused -> materialize-after-q06-predicate,0,1,materialize-after-q06-time,2026-07-21T01:30:15.594808+00:00,3622.1764,14312.5,1,sha256:5b1b60f63d1b4ca4ebae6df3c42c09410a88b25d8d51e4ed15f051dbc5ac6140
5,tpch-q6-block-005,materialize-after-q06-time -> fused -> materialize-after-q06-predicate,0,2,materialize-after-q06-time,2026-07-21T01:30:19.217211+00:00,3659.4003,14484.375,1,sha256:5b1b60f63d1b4ca4ebae6df3c42c09410a88b25d8d51e4ed15f051dbc5ac6140
5,tpch-q6-block-005,materialize-after-q06-time -> fused -> materialize-after-q06-predicate,0,3,materialize-after-q06-time,2026-07-21T01:30:22.876592+00:00,3649.8842,14390.625,1,sha256:5b1b60f63d1b4ca4ebae6df3c42c09410a88b25d8d51e4ed15f051dbc5ac6140
5,tpch-q6-block-005,materialize-after-q06-time -> fused -> materialize-after-q06-predicate,0,4,materialize-after-q06-time,2026-07-21T01:30:26.526700+00:00,3564.9276,14156.25,1,sha256:5b1b60f63d1b4ca4ebae6df3c42c09410a88b25d8d51e4ed15f051dbc5ac6140
5,tpch-q6-block-005,materialize-after-q06-time -> fused -> materialize-after-q06-predicate,1,0,fused,2026-07-21T01:30:30.091666+00:00,620.1833,2437.5,1,sha256:5b1b60f63d1b4ca4ebae6df3c42c09410a88b25d8d51e4ed15f051dbc5ac6140
5,tpch-q6-block-005,materialize-after-q06-time -> fused -> materialize-after-q06-predicate,1,1,fused,2026-07-21T01:30:30.712056+00:00,693.022,2750.0,1,sha256:5b1b60f63d1b4ca4ebae6df3c42c09410a88b25d8d51e4ed15f051dbc5ac6140
5,tpch-q6-block-005,materialize-after-q06-time -> fused -> materialize-after-q06-predicate,1,2,fused,2026-07-21T01:30:31.405186+00:00,641.6661,2515.625,1,sha256:5b1b60f63d1b4ca4ebae6df3c42c09410a88b25d8d51e4ed15f051dbc5ac6140
5,tpch-q6-block-005,materialize-after-q06-time -> fused -> materialize-after-q06-predicate,1,3,fused,2026-07-21T01:30:32.046694+00:00,653.549,2562.5,1,sha256:5b1b60f63d1b4ca4ebae6df3c42c09410a88b25d8d51e4ed15f051dbc5ac6140
5,tpch-q6-block-005,materialize-after-q06-time -> fused -> materialize-after-q06-predicate,1,4,fused,2026-07-21T01:30:32.700256+00:00,675.3479,2640.625,1,sha256:5b1b60f63d1b4ca4ebae6df3c42c09410a88b25d8d51e4ed15f051dbc5ac6140
5,tpch-q6-block-005,materialize-after-q06-time -> fused -> materialize-after-q06-predicate,2,0,materialize-after-q06-predicate,2026-07-21T01:30:33.375742+00:00,802.4109,3203.125,1,sha256:5b1b60f63d1b4ca4ebae6df3c42c09410a88b25d8d51e4ed15f051dbc5ac6140
5,tpch-q6-block-005,materialize-after-q06-time -> fused -> materialize-after-q06-predicate,2,1,materialize-after-q06-predicate,2026-07-21T01:30:34.179157+00:00,816.4277,3187.5,1,sha256:5b1b60f63d1b4ca4ebae6df3c42c09410a88b25d8d51e4ed15f051dbc5ac6140
5,tpch-q6-block-005,materialize-after-q06-time -> fused -> materialize-after-q06-predicate,2,2,materialize-after-q06-predicate,2026-07-21T01:30:34.995755+00:00,859.6969,3375.0,1,sha256:5b1b60f63d1b4ca4ebae6df3c42c09410a88b25d8d51e4ed15f051dbc5ac6140
5,tpch-q6-block-005,materialize-after-q06-time -> fused -> materialize-after-q06-predicate,2,3,materialize-after-q06-predicate,2026-07-21T01:30:35.855553+00:00,850.1522,3312.5,1,sha256:5b1b60f63d1b4ca4ebae6df3c42c09410a88b25d8d51e4ed15f051dbc5ac6140
5,tpch-q6-block-005,materialize-after-q06-time -> fused -> materialize-after-q06-predicate,2,4,materialize-after-q06-predicate,2026-07-21T01:30:36.705775+00:00,752.9494,2984.375,1,sha256:5b1b60f63d1b4ca4ebae6df3c42c09410a88b25d8d51e4ed15f051dbc5ac6140
6,tpch-q6-block-006,materialize-after-q06-predicate -> materialize-after-q06-time -> fused,0,0,materialize-after-q06-predicate,2026-07-21T01:30:37.464932+00:00,781.9375,3078.125,1,sha256:5b1b60f63d1b4ca4ebae6df3c42c09410a88b25d8d51e4ed15f051dbc5ac6140
6,tpch-q6-block-006,materialize-after-q06-predicate -> materialize-after-q06-time -> fused,0,1,materialize-after-q06-predicate,2026-07-21T01:30:38.247876+00:00,840.6779,3281.25,1,sha256:5b1b60f63d1b4ca4ebae6df3c42c09410a88b25d8d51e4ed15f051dbc5ac6140
6,tpch-q6-block-006,materialize-after-q06-predicate -> materialize-after-q06-time -> fused,0,2,materialize-after-q06-predicate,2026-07-21T01:30:39.088428+00:00,860.7877,3250.0,1,sha256:5b1b60f63d1b4ca4ebae6df3c42c09410a88b25d8d51e4ed15f051dbc5ac6140
6,tpch-q6-block-006,materialize-after-q06-predicate -> materialize-after-q06-time -> fused,0,3,materialize-after-q06-predicate,2026-07-21T01:30:39.949294+00:00,814.7563,3171.875,1,sha256:5b1b60f63d1b4ca4ebae6df3c42c09410a88b25d8d51e4ed15f051dbc5ac6140
6,tpch-q6-block-006,materialize-after-q06-predicate -> materialize-after-q06-time -> fused,0,4,materialize-after-q06-predicate,2026-07-21T01:30:40.764105+00:00,918.6641,3421.875,1,sha256:5b1b60f63d1b4ca4ebae6df3c42c09410a88b25d8d51e4ed15f051dbc5ac6140
6,tpch-q6-block-006,materialize-after-q06-predicate -> materialize-after-q06-time -> fused,1,0,materialize-after-q06-time,2026-07-21T01:30:41.683448+00:00,3720.8229,14687.5,1,sha256:5b1b60f63d1b4ca4ebae6df3c42c09410a88b25d8d51e4ed15f051dbc5ac6140
6,tpch-q6-block-006,materialize-after-q06-predicate -> materialize-after-q06-time -> fused,1,1,materialize-after-q06-time,2026-07-21T01:30:45.403716+00:00,3577.8148,14250.0,1,sha256:5b1b60f63d1b4ca4ebae6df3c42c09410a88b25d8d51e4ed15f051dbc5ac6140
6,tpch-q6-block-006,materialize-after-q06-predicate -> materialize-after-q06-time -> fused,1,2,materialize-after-q06-time,2026-07-21T01:30:48.981776+00:00,3520.2008,13984.375,1,sha256:5b1b60f63d1b4ca4ebae6df3c42c09410a88b25d8d51e4ed15f051dbc5ac6140
6,tpch-q6-block-006,materialize-after-q06-predicate -> materialize-after-q06-time -> fused,1,3,materialize-after-q06-time,2026-07-21T01:30:52.502653+00:00,3566.1265,14203.125,1,sha256:5b1b60f63d1b4ca4ebae6df3c42c09410a88b25d8d51e4ed15f051dbc5ac6140
6,tpch-q6-block-006,materialize-after-q06-predicate -> materialize-after-q06-time -> fused,1,4,materialize-after-q06-time,2026-07-21T01:30:56.068477+00:00,3637.4446,14312.5,1,sha256:5b1b60f63d1b4ca4ebae6df3c42c09410a88b25d8d51e4ed15f051dbc5ac6140
6,tpch-q6-block-006,materialize-after-q06-predicate -> materialize-after-q06-time -> fused,2,0,fused,2026-07-21T01:30:59.706499+00:00,737.1623,2859.375,1,sha256:5b1b60f63d1b4ca4ebae6df3c42c09410a88b25d8d51e4ed15f051dbc5ac6140
6,tpch-q6-block-006,materialize-after-q06-predicate -> materialize-after-q06-time -> fused,2,1,fused,2026-07-21T01:31:00.443536+00:00,710.7003,2796.875,1,sha256:5b1b60f63d1b4ca4ebae6df3c42c09410a88b25d8d51e4ed15f051dbc5ac6140
6,tpch-q6-block-006,materialize-after-q06-predicate -> materialize-after-q06-time -> fused,2,2,fused,2026-07-21T01:31:01.154492+00:00,737.3916,2843.75,1,sha256:5b1b60f63d1b4ca4ebae6df3c42c09410a88b25d8d51e4ed15f051dbc5ac6140
6,tpch-q6-block-006,materialize-after-q06-predicate -> materialize-after-q06-time -> fused,2,3,fused,2026-07-21T01:31:01.892257+00:00,693.6072,2734.375,1,sha256:5b1b60f63d1b4ca4ebae6df3c42c09410a88b25d8d51e4ed15f051dbc5ac6140
6,tpch-q6-block-006,materialize-after-q06-predicate -> materialize-after-q06-time -> fused,2,4,fused,2026-07-21T01:31:02.585594+00:00,636.4252,2531.25,1,sha256:5b1b60f63d1b4ca4ebae6df3c42c09410a88b25d8d51e4ed15f051dbc5ac6140
7,tpch-q6-block-007,materialize-after-q06-time -> fused -> materialize-after-q06-predicate,0,0,materialize-after-q06-time,2026-07-21T01:31:03.228331+00:00,3311.4054,13203.125,1,sha256:5b1b60f63d1b4ca4ebae6df3c42c09410a88b25d8d51e4ed15f051dbc5ac6140
7,tpch-q6-block-007,materialize-after-q06-time -> fused -> materialize-after-q06-predicate,0,1,materialize-after-q06-time,2026-07-21T01:31:06.540562+00:00,3377.1464,13421.875,1,sha256:5b1b60f63d1b4ca4ebae6df3c42c09410a88b25d8d51e4ed15f051dbc5ac6140
7,tpch-q6-block-007,materialize-after-q06-time -> fused -> materialize-after-q06-predicate,0,2,materialize-after-q06-time,2026-07-21T01:31:09.917105+00:00,3383.123,13421.875,1,sha256:5b1b60f63d1b4ca4ebae6df3c42c09410a88b25d8d51e4ed15f051dbc5ac6140
7,tpch-q6-block-007,materialize-after-q06-time -> fused -> materialize-after-q06-predicate,0,3,materialize-after-q06-time,2026-07-21T01:31:13.300333+00:00,3387.2006,13328.125,1,sha256:5b1b60f63d1b4ca4ebae6df3c42c09410a88b25d8d51e4ed15f051dbc5ac6140
7,tpch-q6-block-007,materialize-after-q06-time -> fused -> materialize-after-q06-predicate,0,4,materialize-after-q06-time,2026-07-21T01:31:16.688482+00:00,3453.8048,13546.875,1,sha256:5b1b60f63d1b4ca4ebae6df3c42c09410a88b25d8d51e4ed15f051dbc5ac6140
7,tpch-q6-block-007,materialize-after-q06-time -> fused -> materialize-after-q06-predicate,1,0,fused,2026-07-21T01:31:20.141748+00:00,718.0351,2781.25,1,sha256:5b1b60f63d1b4ca4ebae6df3c42c09410a88b25d8d51e4ed15f051dbc5ac6140
7,tpch-q6-block-007,materialize-after-q06-time -> fused -> materialize-after-q06-predicate,1,1,fused,2026-07-21T01:31:20.860772+00:00,746.1845,2843.75,1,sha256:5b1b60f63d1b4ca4ebae6df3c42c09410a88b25d8d51e4ed15f051dbc5ac6140
7,tpch-q6-block-007,materialize-after-q06-time -> fused -> materialize-after-q06-predicate,1,2,fused,2026-07-21T01:31:21.606603+00:00,737.1536,2875.0,1,sha256:5b1b60f63d1b4ca4ebae6df3c42c09410a88b25d8d51e4ed15f051dbc5ac6140
7,tpch-q6-block-007,materialize-after-q06-time -> fused -> materialize-after-q06-predicate,1,3,fused,2026-07-21T01:31:22.343847+00:00,714.1728,2828.125,1,sha256:5b1b60f63d1b4ca4ebae6df3c42c09410a88b25d8d51e4ed15f051dbc5ac6140
7,tpch-q6-block-007,materialize-after-q06-time -> fused -> materialize-after-q06-predicate,1,4,fused,2026-07-21T01:31:23.058482+00:00,726.4638,2843.75,1,sha256:5b1b60f63d1b4ca4ebae6df3c42c09410a88b25d8d51e4ed15f051dbc5ac6140
7,tpch-q6-block-007,materialize-after-q06-time -> fused -> materialize-after-q06-predicate,2,0,materialize-after-q06-predicate,2026-07-21T01:31:23.785063+00:00,869.9344,3359.375,1,sha256:5b1b60f63d1b4ca4ebae6df3c42c09410a88b25d8d51e4ed15f051dbc5ac6140
7,tpch-q6-block-007,materialize-after-q06-time -> fused -> materialize-after-q06-predicate,2,1,materialize-after-q06-predicate,2026-07-21T01:31:24.655856+00:00,826.8409,3171.875,1,sha256:5b1b60f63d1b4ca4ebae6df3c42c09410a88b25d8d51e4ed15f051dbc5ac6140
7,tpch-q6-block-007,materialize-after-q06-time -> fused -> materialize-after-q06-predicate,2,2,materialize-after-q06-predicate,2026-07-21T01:31:25.482556+00:00,800.709,3109.375,1,sha256:5b1b60f63d1b4ca4ebae6df3c42c09410a88b25d8d51e4ed15f051dbc5ac6140
7,tpch-q6-block-007,materialize-after-q06-time -> fused -> materialize-after-q06-predicate,2,3,materialize-after-q06-predicate,2026-07-21T01:31:26.283309+00:00,795.6159,3093.75,1,sha256:5b1b60f63d1b4ca4ebae6df3c42c09410a88b25d8d51e4ed15f051dbc5ac6140
7,tpch-q6-block-007,materialize-after-q06-time -> fused -> materialize-after-q06-predicate,2,4,materialize-after-q06-predicate,2026-07-21T01:31:27.079427+00:00,838.9625,3203.125,1,sha256:5b1b60f63d1b4ca4ebae6df3c42c09410a88b25d8d51e4ed15f051dbc5ac6140
8,tpch-q6-block-008,fused -> materialize-after-q06-time -> materialize-after-q06-predicate,0,0,fused,2026-07-21T01:31:27.926533+00:00,714.4945,2812.5,1,sha256:5b1b60f63d1b4ca4ebae6df3c42c09410a88b25d8d51e4ed15f051dbc5ac6140
8,tpch-q6-block-008,fused -> materialize-after-q06-time -> materialize-after-q06-predicate,0,1,fused,2026-07-21T01:31:28.641239+00:00,724.4799,2812.5,1,sha256:5b1b60f63d1b4ca4ebae6df3c42c09410a88b25d8d51e4ed15f051dbc5ac6140
8,tpch-q6-block-008,fused -> materialize-after-q06-time -> materialize-after-q06-predicate,0,2,fused,2026-07-21T01:31:29.365998+00:00,741.0554,2906.25,1,sha256:5b1b60f63d1b4ca4ebae6df3c42c09410a88b25d8d51e4ed15f051dbc5ac6140
8,tpch-q6-block-008,fused -> materialize-after-q06-time -> materialize-after-q06-predicate,0,3,fused,2026-07-21T01:31:30.107294+00:00,640.8494,2515.625,1,sha256:5b1b60f63d1b4ca4ebae6df3c42c09410a88b25d8d51e4ed15f051dbc5ac6140
8,tpch-q6-block-008,fused -> materialize-after-q06-time -> materialize-after-q06-predicate,0,4,fused,2026-07-21T01:31:30.747621+00:00,696.3688,2750.0,1,sha256:5b1b60f63d1b4ca4ebae6df3c42c09410a88b25d8d51e4ed15f051dbc5ac6140
8,tpch-q6-block-008,fused -> materialize-after-q06-time -> materialize-after-q06-predicate,1,0,materialize-after-q06-time,2026-07-21T01:31:31.444544+00:00,3389.8167,13500.0,1,sha256:5b1b60f63d1b4ca4ebae6df3c42c09410a88b25d8d51e4ed15f051dbc5ac6140
8,tpch-q6-block-008,fused -> materialize-after-q06-time -> materialize-after-q06-predicate,1,1,materialize-after-q06-time,2026-07-21T01:31:34.834284+00:00,3510.6318,13906.25,1,sha256:5b1b60f63d1b4ca4ebae6df3c42c09410a88b25d8d51e4ed15f051dbc5ac6140
8,tpch-q6-block-008,fused -> materialize-after-q06-time -> materialize-after-q06-predicate,1,2,materialize-after-q06-time,2026-07-21T01:31:38.345694+00:00,3224.4159,12828.125,1,sha256:5b1b60f63d1b4ca4ebae6df3c42c09410a88b25d8d51e4ed15f051dbc5ac6140
8,tpch-q6-block-008,fused -> materialize-after-q06-time -> materialize-after-q06-predicate,1,3,materialize-after-q06-time,2026-07-21T01:31:41.569975+00:00,3330.9374,13250.0,1,sha256:5b1b60f63d1b4ca4ebae6df3c42c09410a88b25d8d51e4ed15f051dbc5ac6140
8,tpch-q6-block-008,fused -> materialize-after-q06-time -> materialize-after-q06-predicate,1,4,materialize-after-q06-time,2026-07-21T01:31:44.901040+00:00,3337.3287,13281.25,1,sha256:5b1b60f63d1b4ca4ebae6df3c42c09410a88b25d8d51e4ed15f051dbc5ac6140
8,tpch-q6-block-008,fused -> materialize-after-q06-time -> materialize-after-q06-predicate,2,0,materialize-after-q06-predicate,2026-07-21T01:31:48.238371+00:00,724.3338,2875.0,1,sha256:5b1b60f63d1b4ca4ebae6df3c42c09410a88b25d8d51e4ed15f051dbc5ac6140
8,tpch-q6-block-008,fused -> materialize-after-q06-time -> materialize-after-q06-predicate,2,1,materialize-after-q06-predicate,2026-07-21T01:31:48.962983+00:00,750.0395,2984.375,1,sha256:5b1b60f63d1b4ca4ebae6df3c42c09410a88b25d8d51e4ed15f051dbc5ac6140
8,tpch-q6-block-008,fused -> materialize-after-q06-time -> materialize-after-q06-predicate,2,2,materialize-after-q06-predicate,2026-07-21T01:31:49.713726+00:00,734.9356,2937.5,1,sha256:5b1b60f63d1b4ca4ebae6df3c42c09410a88b25d8d51e4ed15f051dbc5ac6140
8,tpch-q6-block-008,fused -> materialize-after-q06-time -> materialize-after-q06-predicate,2,3,materialize-after-q06-predicate,2026-07-21T01:31:50.448769+00:00,700.872,2781.25,1,sha256:5b1b60f63d1b4ca4ebae6df3c42c09410a88b25d8d51e4ed15f051dbc5ac6140
8,tpch-q6-block-008,fused -> materialize-after-q06-time -> materialize-after-q06-predicate,2,4,materialize-after-q06-predicate,2026-07-21T01:31:51.149155+00:00,735.9456,2859.375,1,sha256:5b1b60f63d1b4ca4ebae6df3c42c09410a88b25d8d51e4ed15f051dbc5ac6140
9,tpch-q6-block-009,materialize-after-q06-predicate -> fused -> materialize-after-q06-time,0,0,materialize-after-q06-predicate,2026-07-21T01:31:51.893154+00:00,730.9258,2875.0,1,sha256:5b1b60f63d1b4ca4ebae6df3c42c09410a88b25d8d51e4ed15f051dbc5ac6140
9,tpch-q6-block-009,materialize-after-q06-predicate -> fused -> materialize-after-q06-time,0,1,materialize-after-q06-predicate,2026-07-21T01:31:52.624353+00:00,757.3612,3015.625,1,sha256:5b1b60f63d1b4ca4ebae6df3c42c09410a88b25d8d51e4ed15f051dbc5ac6140
9,tpch-q6-block-009,materialize-after-q06-predicate -> fused -> materialize-after-q06-time,0,2,materialize-after-q06-predicate,2026-07-21T01:31:53.381673+00:00,698.9822,2765.625,1,sha256:5b1b60f63d1b4ca4ebae6df3c42c09410a88b25d8d51e4ed15f051dbc5ac6140
9,tpch-q6-block-009,materialize-after-q06-predicate -> fused -> materialize-after-q06-time,0,3,materialize-after-q06-predicate,2026-07-21T01:31:54.081302+00:00,755.2686,2968.75,1,sha256:5b1b60f63d1b4ca4ebae6df3c42c09410a88b25d8d51e4ed15f051dbc5ac6140
9,tpch-q6-block-009,materialize-after-q06-predicate -> fused -> materialize-after-q06-time,0,4,materialize-after-q06-predicate,2026-07-21T01:31:54.836747+00:00,744.3567,2953.125,1,sha256:5b1b60f63d1b4ca4ebae6df3c42c09410a88b25d8d51e4ed15f051dbc5ac6140
9,tpch-q6-block-009,materialize-after-q06-predicate -> fused -> materialize-after-q06-time,1,0,fused,2026-07-21T01:31:55.581235+00:00,683.4496,2687.5,1,sha256:5b1b60f63d1b4ca4ebae6df3c42c09410a88b25d8d51e4ed15f051dbc5ac6140
9,tpch-q6-block-009,materialize-after-q06-predicate -> fused -> materialize-after-q06-time,1,1,fused,2026-07-21T01:31:56.265096+00:00,646.3838,2562.5,1,sha256:5b1b60f63d1b4ca4ebae6df3c42c09410a88b25d8d51e4ed15f051dbc5ac6140
9,tpch-q6-block-009,materialize-after-q06-predicate -> fused -> materialize-after-q06-time,1,2,fused,2026-07-21T01:31:56.911280+00:00,797.5796,3046.875,1,sha256:5b1b60f63d1b4ca4ebae6df3c42c09410a88b25d8d51e4ed15f051dbc5ac6140
9,tpch-q6-block-009,materialize-after-q06-predicate -> fused -> materialize-after-q06-time,1,3,fused,2026-07-21T01:31:57.709248+00:00,684.1142,2734.375,1,sha256:5b1b60f63d1b4ca4ebae6df3c42c09410a88b25d8d51e4ed15f051dbc5ac6140
9,tpch-q6-block-009,materialize-after-q06-predicate -> fused -> materialize-after-q06-time,1,4,fused,2026-07-21T01:31:58.394064+00:00,684.7735,2687.5,1,sha256:5b1b60f63d1b4ca4ebae6df3c42c09410a88b25d8d51e4ed15f051dbc5ac6140
9,tpch-q6-block-009,materialize-after-q06-predicate -> fused -> materialize-after-q06-time,2,0,materialize-after-q06-time,2026-07-21T01:31:59.078483+00:00,3288.9017,13109.375,1,sha256:5b1b60f63d1b4ca4ebae6df3c42c09410a88b25d8d51e4ed15f051dbc5ac6140
9,tpch-q6-block-009,materialize-after-q06-predicate -> fused -> materialize-after-q06-time,2,1,materialize-after-q06-time,2026-07-21T01:32:02.367565+00:00,3314.3146,13171.875,1,sha256:5b1b60f63d1b4ca4ebae6df3c42c09410a88b25d8d51e4ed15f051dbc5ac6140
9,tpch-q6-block-009,materialize-after-q06-predicate -> fused -> materialize-after-q06-time,2,2,materialize-after-q06-time,2026-07-21T01:32:05.682380+00:00,3366.5119,13421.875,1,sha256:5b1b60f63d1b4ca4ebae6df3c42c09410a88b25d8d51e4ed15f051dbc5ac6140
9,tpch-q6-block-009,materialize-after-q06-predicate -> fused -> materialize-after-q06-time,2,3,materialize-after-q06-time,2026-07-21T01:32:09.048827+00:00,3517.54,13906.25,1,sha256:5b1b60f63d1b4ca4ebae6df3c42c09410a88b25d8d51e4ed15f051dbc5ac6140
9,tpch-q6-block-009,materialize-after-q06-predicate -> fused -> materialize-after-q06-time,2,4,materialize-after-q06-time,2026-07-21T01:32:12.566796+00:00,3998.3942,15156.25,1,sha256:5b1b60f63d1b4ca4ebae6df3c42c09410a88b25d8d51e4ed15f051dbc5ac6140
10,tpch-q6-block-010,materialize-after-q06-time -> materialize-after-q06-predicate -> fused,0,0,materialize-after-q06-time,2026-07-21T01:32:16.572527+00:00,3904.9894,15359.375,1,sha256:5b1b60f63d1b4ca4ebae6df3c42c09410a88b25d8d51e4ed15f051dbc5ac6140
10,tpch-q6-block-010,materialize-after-q06-time -> materialize-after-q06-predicate -> fused,0,1,materialize-after-q06-time,2026-07-21T01:32:20.478511+00:00,3443.6248,13734.375,1,sha256:5b1b60f63d1b4ca4ebae6df3c42c09410a88b25d8d51e4ed15f051dbc5ac6140
10,tpch-q6-block-010,materialize-after-q06-time -> materialize-after-q06-predicate -> fused,0,2,materialize-after-q06-time,2026-07-21T01:32:23.921420+00:00,3278.4648,13062.5,1,sha256:5b1b60f63d1b4ca4ebae6df3c42c09410a88b25d8d51e4ed15f051dbc5ac6140
10,tpch-q6-block-010,materialize-after-q06-time -> materialize-after-q06-predicate -> fused,0,3,materialize-after-q06-time,2026-07-21T01:32:27.200621+00:00,3283.7341,13062.5,1,sha256:5b1b60f63d1b4ca4ebae6df3c42c09410a88b25d8d51e4ed15f051dbc5ac6140
10,tpch-q6-block-010,materialize-after-q06-time -> materialize-after-q06-predicate -> fused,0,4,materialize-after-q06-time,2026-07-21T01:32:30.484620+00:00,3322.6364,13171.875,1,sha256:5b1b60f63d1b4ca4ebae6df3c42c09410a88b25d8d51e4ed15f051dbc5ac6140
10,tpch-q6-block-010,materialize-after-q06-time -> materialize-after-q06-predicate -> fused,1,0,materialize-after-q06-predicate,2026-07-21T01:32:33.807541+00:00,738.2393,2906.25,1,sha256:5b1b60f63d1b4ca4ebae6df3c42c09410a88b25d8d51e4ed15f051dbc5ac6140
10,tpch-q6-block-010,materialize-after-q06-time -> materialize-after-q06-predicate -> fused,1,1,materialize-after-q06-predicate,2026-07-21T01:32:34.546108+00:00,745.8812,2937.5,1,sha256:5b1b60f63d1b4ca4ebae6df3c42c09410a88b25d8d51e4ed15f051dbc5ac6140
10,tpch-q6-block-010,materialize-after-q06-time -> materialize-after-q06-predicate -> fused,1,2,materialize-after-q06-predicate,2026-07-21T01:32:35.292347+00:00,742.774,2953.125,1,sha256:5b1b60f63d1b4ca4ebae6df3c42c09410a88b25d8d51e4ed15f051dbc5ac6140
10,tpch-q6-block-010,materialize-after-q06-time -> materialize-after-q06-predicate -> fused,1,3,materialize-after-q06-predicate,2026-07-21T01:32:36.034999+00:00,758.6157,2890.625,1,sha256:5b1b60f63d1b4ca4ebae6df3c42c09410a88b25d8d51e4ed15f051dbc5ac6140
10,tpch-q6-block-010,materialize-after-q06-time -> materialize-after-q06-predicate -> fused,1,4,materialize-after-q06-predicate,2026-07-21T01:32:36.793247+00:00,710.1625,2781.25,1,sha256:5b1b60f63d1b4ca4ebae6df3c42c09410a88b25d8d51e4ed15f051dbc5ac6140
10,tpch-q6-block-010,materialize-after-q06-time -> materialize-after-q06-predicate -> fused,2,0,fused,2026-07-21T01:32:37.503733+00:00,658.1671,2625.0,1,sha256:5b1b60f63d1b4ca4ebae6df3c42c09410a88b25d8d51e4ed15f051dbc5ac6140
10,tpch-q6-block-010,materialize-after-q06-time -> materialize-after-q06-predicate -> fused,2,1,fused,2026-07-21T01:32:38.162862+00:00,620.4803,2453.125,1,sha256:5b1b60f63d1b4ca4ebae6df3c42c09410a88b25d8d51e4ed15f051dbc5ac6140
10,tpch-q6-block-010,materialize-after-q06-time -> materialize-after-q06-predicate -> fused,2,2,fused,2026-07-21T01:32:38.783351+00:00,648.5432,2546.875,1,sha256:5b1b60f63d1b4ca4ebae6df3c42c09410a88b25d8d51e4ed15f051dbc5ac6140
10,tpch-q6-block-010,materialize-after-q06-time -> materialize-after-q06-predicate -> fused,2,3,fused,2026-07-21T01:32:39.431366+00:00,670.1596,2687.5,1,sha256:5b1b60f63d1b4ca4ebae6df3c42c09410a88b25d8d51e4ed15f051dbc5ac6140
10,tpch-q6-block-010,materialize-after-q06-time -> materialize-after-q06-predicate -> fused,2,4,fused,2026-07-21T01:32:40.102418+00:00,617.9576,2437.5,1,sha256:5b1b60f63d1b4ca4ebae6df3c42c09410a88b25d8d51e4ed15f051dbc5ac6140
11,tpch-q6-block-011,fused -> materialize-after-q06-predicate -> materialize-after-q06-time,0,0,fused,2026-07-21T01:32:40.728387+00:00,659.9623,2625.0,1,sha256:5b1b60f63d1b4ca4ebae6df3c42c09410a88b25d8d51e4ed15f051dbc5ac6140
11,tpch-q6-block-011,fused -> materialize-after-q06-predicate -> materialize-after-q06-time,0,1,fused,2026-07-21T01:32:41.389303+00:00,603.1519,2390.625,1,sha256:5b1b60f63d1b4ca4ebae6df3c42c09410a88b25d8d51e4ed15f051dbc5ac6140
11,tpch-q6-block-011,fused -> materialize-after-q06-predicate -> materialize-after-q06-time,0,2,fused,2026-07-21T01:32:41.992154+00:00,695.2617,2750.0,1,sha256:5b1b60f63d1b4ca4ebae6df3c42c09410a88b25d8d51e4ed15f051dbc5ac6140
11,tpch-q6-block-011,fused -> materialize-after-q06-predicate -> materialize-after-q06-time,0,3,fused,2026-07-21T01:32:42.687566+00:00,604.3675,2390.625,1,sha256:5b1b60f63d1b4ca4ebae6df3c42c09410a88b25d8d51e4ed15f051dbc5ac6140
11,tpch-q6-block-011,fused -> materialize-after-q06-predicate -> materialize-after-q06-time,0,4,fused,2026-07-21T01:32:43.292340+00:00,652.1157,2625.0,1,sha256:5b1b60f63d1b4ca4ebae6df3c42c09410a88b25d8d51e4ed15f051dbc5ac6140
11,tpch-q6-block-011,fused -> materialize-after-q06-predicate -> materialize-after-q06-time,1,0,materialize-after-q06-predicate,2026-07-21T01:32:43.944645+00:00,712.5532,2796.875,1,sha256:5b1b60f63d1b4ca4ebae6df3c42c09410a88b25d8d51e4ed15f051dbc5ac6140
11,tpch-q6-block-011,fused -> materialize-after-q06-predicate -> materialize-after-q06-time,1,1,materialize-after-q06-predicate,2026-07-21T01:32:44.657282+00:00,742.8936,2937.5,1,sha256:5b1b60f63d1b4ca4ebae6df3c42c09410a88b25d8d51e4ed15f051dbc5ac6140
11,tpch-q6-block-011,fused -> materialize-after-q06-predicate -> materialize-after-q06-time,1,2,materialize-after-q06-predicate,2026-07-21T01:32:45.400454+00:00,697.0533,2765.625,1,sha256:5b1b60f63d1b4ca4ebae6df3c42c09410a88b25d8d51e4ed15f051dbc5ac6140
11,tpch-q6-block-011,fused -> materialize-after-q06-predicate -> materialize-after-q06-time,1,3,materialize-after-q06-predicate,2026-07-21T01:32:46.097210+00:00,738.3798,2937.5,1,sha256:5b1b60f63d1b4ca4ebae6df3c42c09410a88b25d8d51e4ed15f051dbc5ac6140
11,tpch-q6-block-011,fused -> materialize-after-q06-predicate -> materialize-after-q06-time,1,4,materialize-after-q06-predicate,2026-07-21T01:32:46.836247+00:00,723.7914,2859.375,1,sha256:5b1b60f63d1b4ca4ebae6df3c42c09410a88b25d8d51e4ed15f051dbc5ac6140
11,tpch-q6-block-011,fused -> materialize-after-q06-predicate -> materialize-after-q06-time,2,0,materialize-after-q06-time,2026-07-21T01:32:47.560141+00:00,3323.5432,13218.75,1,sha256:5b1b60f63d1b4ca4ebae6df3c42c09410a88b25d8d51e4ed15f051dbc5ac6140
11,tpch-q6-block-011,fused -> materialize-after-q06-predicate -> materialize-after-q06-time,2,1,materialize-after-q06-time,2026-07-21T01:32:50.883287+00:00,3275.6315,13062.5,1,sha256:5b1b60f63d1b4ca4ebae6df3c42c09410a88b25d8d51e4ed15f051dbc5ac6140
11,tpch-q6-block-011,fused -> materialize-after-q06-predicate -> materialize-after-q06-time,2,2,materialize-after-q06-time,2026-07-21T01:32:54.159811+00:00,3873.1882,15203.125,1,sha256:5b1b60f63d1b4ca4ebae6df3c42c09410a88b25d8d51e4ed15f051dbc5ac6140
11,tpch-q6-block-011,fused -> materialize-after-q06-predicate -> materialize-after-q06-time,2,3,materialize-after-q06-time,2026-07-21T01:32:58.032456+00:00,3360.9182,13343.75,1,sha256:5b1b60f63d1b4ca4ebae6df3c42c09410a88b25d8d51e4ed15f051dbc5ac6140
11,tpch-q6-block-011,fused -> materialize-after-q06-predicate -> materialize-after-q06-time,2,4,materialize-after-q06-time,2026-07-21T01:33:01.394302+00:00,3325.6974,13218.75,1,sha256:5b1b60f63d1b4ca4ebae6df3c42c09410a88b25d8d51e4ed15f051dbc5ac6140
12,tpch-q6-block-012,fused -> materialize-after-q06-predicate -> materialize-after-q06-time,0,0,fused,2026-07-21T01:33:04.728172+00:00,596.775,2375.0,1,sha256:5b1b60f63d1b4ca4ebae6df3c42c09410a88b25d8d51e4ed15f051dbc5ac6140
12,tpch-q6-block-012,fused -> materialize-after-q06-predicate -> materialize-after-q06-time,0,1,fused,2026-07-21T01:33:05.325951+00:00,612.3275,2390.625,1,sha256:5b1b60f63d1b4ca4ebae6df3c42c09410a88b25d8d51e4ed15f051dbc5ac6140
12,tpch-q6-block-012,fused -> materialize-after-q06-predicate -> materialize-after-q06-time,0,2,fused,2026-07-21T01:33:05.938043+00:00,606.731,2390.625,1,sha256:5b1b60f63d1b4ca4ebae6df3c42c09410a88b25d8d51e4ed15f051dbc5ac6140
12,tpch-q6-block-012,fused -> materialize-after-q06-predicate -> materialize-after-q06-time,0,3,fused,2026-07-21T01:33:06.544904+00:00,615.1169,2437.5,1,sha256:5b1b60f63d1b4ca4ebae6df3c42c09410a88b25d8d51e4ed15f051dbc5ac6140
12,tpch-q6-block-012,fused -> materialize-after-q06-predicate -> materialize-after-q06-time,0,4,fused,2026-07-21T01:33:07.160696+00:00,611.3186,2437.5,1,sha256:5b1b60f63d1b4ca4ebae6df3c42c09410a88b25d8d51e4ed15f051dbc5ac6140
12,tpch-q6-block-012,fused -> materialize-after-q06-predicate -> materialize-after-q06-time,1,0,materialize-after-q06-predicate,2026-07-21T01:33:07.771949+00:00,706.5788,2796.875,1,sha256:5b1b60f63d1b4ca4ebae6df3c42c09410a88b25d8d51e4ed15f051dbc5ac6140
12,tpch-q6-block-012,fused -> materialize-after-q06-predicate -> materialize-after-q06-time,1,1,materialize-after-q06-predicate,2026-07-21T01:33:08.478729+00:00,692.7517,2750.0,1,sha256:5b1b60f63d1b4ca4ebae6df3c42c09410a88b25d8d51e4ed15f051dbc5ac6140
12,tpch-q6-block-012,fused -> materialize-after-q06-predicate -> materialize-after-q06-time,1,2,materialize-after-q06-predicate,2026-07-21T01:33:09.171897+00:00,796.9031,3140.625,1,sha256:5b1b60f63d1b4ca4ebae6df3c42c09410a88b25d8d51e4ed15f051dbc5ac6140
12,tpch-q6-block-012,fused -> materialize-after-q06-predicate -> materialize-after-q06-time,1,3,materialize-after-q06-predicate,2026-07-21T01:33:09.969038+00:00,844.3837,3328.125,1,sha256:5b1b60f63d1b4ca4ebae6df3c42c09410a88b25d8d51e4ed15f051dbc5ac6140
12,tpch-q6-block-012,fused -> materialize-after-q06-predicate -> materialize-after-q06-time,1,4,materialize-after-q06-predicate,2026-07-21T01:33:10.813267+00:00,746.1997,2921.875,1,sha256:5b1b60f63d1b4ca4ebae6df3c42c09410a88b25d8d51e4ed15f051dbc5ac6140
12,tpch-q6-block-012,fused -> materialize-after-q06-predicate -> materialize-after-q06-time,2,0,materialize-after-q06-time,2026-07-21T01:33:11.559344+00:00,3893.5181,15343.75,1,sha256:5b1b60f63d1b4ca4ebae6df3c42c09410a88b25d8d51e4ed15f051dbc5ac6140
12,tpch-q6-block-012,fused -> materialize-after-q06-predicate -> materialize-after-q06-time,2,1,materialize-after-q06-time,2026-07-21T01:33:15.452911+00:00,3475.0527,13843.75,1,sha256:5b1b60f63d1b4ca4ebae6df3c42c09410a88b25d8d51e4ed15f051dbc5ac6140
12,tpch-q6-block-012,fused -> materialize-after-q06-predicate -> materialize-after-q06-time,2,2,materialize-after-q06-time,2026-07-21T01:33:18.928464+00:00,3482.2241,13843.75,1,sha256:5b1b60f63d1b4ca4ebae6df3c42c09410a88b25d8d51e4ed15f051dbc5ac6140
12,tpch-q6-block-012,fused -> materialize-after-q06-predicate -> materialize-after-q06-time,2,3,materialize-after-q06-time,2026-07-21T01:33:22.411166+00:00,3391.3662,13546.875,1,sha256:5b1b60f63d1b4ca4ebae6df3c42c09410a88b25d8d51e4ed15f051dbc5ac6140
12,tpch-q6-block-012,fused -> materialize-after-q06-predicate -> materialize-after-q06-time,2,4,materialize-after-q06-time,2026-07-21T01:33:25.802796+00:00,3308.9165,13156.25,1,sha256:5b1b60f63d1b4ca4ebae6df3c42c09410a88b25d8d51e4ed15f051dbc5ac6140
13,tpch-q6-block-013,fused -> materialize-after-q06-time -> materialize-after-q06-predicate,0,0,fused,2026-07-21T01:33:29.122235+00:00,673.1351,2640.625,1,sha256:5b1b60f63d1b4ca4ebae6df3c42c09410a88b25d8d51e4ed15f051dbc5ac6140
13,tpch-q6-block-013,fused -> materialize-after-q06-time -> materialize-after-q06-predicate,0,1,fused,2026-07-21T01:33:29.795288+00:00,683.2034,2703.125,1,sha256:5b1b60f63d1b4ca4ebae6df3c42c09410a88b25d8d51e4ed15f051dbc5ac6140
13,tpch-q6-block-013,fused -> materialize-after-q06-time -> materialize-after-q06-predicate,0,2,fused,2026-07-21T01:33:30.478930+00:00,643.5844,2562.5,1,sha256:5b1b60f63d1b4ca4ebae6df3c42c09410a88b25d8d51e4ed15f051dbc5ac6140
13,tpch-q6-block-013,fused -> materialize-after-q06-time -> materialize-after-q06-predicate,0,3,fused,2026-07-21T01:33:31.122257+00:00,649.864,2562.5,1,sha256:5b1b60f63d1b4ca4ebae6df3c42c09410a88b25d8d51e4ed15f051dbc5ac6140
13,tpch-q6-block-013,fused -> materialize-after-q06-time -> materialize-after-q06-predicate,0,4,fused,2026-07-21T01:33:31.772196+00:00,753.3068,3000.0,1,sha256:5b1b60f63d1b4ca4ebae6df3c42c09410a88b25d8d51e4ed15f051dbc5ac6140
13,tpch-q6-block-013,fused -> materialize-after-q06-time -> materialize-after-q06-predicate,1,0,materialize-after-q06-time,2026-07-21T01:33:32.525982+00:00,3296.9156,13140.625,1,sha256:5b1b60f63d1b4ca4ebae6df3c42c09410a88b25d8d51e4ed15f051dbc5ac6140
13,tpch-q6-block-013,fused -> materialize-after-q06-time -> materialize-after-q06-predicate,1,1,materialize-after-q06-time,2026-07-21T01:33:35.822352+00:00,3397.1568,13531.25,1,sha256:5b1b60f63d1b4ca4ebae6df3c42c09410a88b25d8d51e4ed15f051dbc5ac6140
13,tpch-q6-block-013,fused -> materialize-after-q06-time -> materialize-after-q06-predicate,1,2,materialize-after-q06-time,2026-07-21T01:33:39.220100+00:00,3497.008,13812.5,1,sha256:5b1b60f63d1b4ca4ebae6df3c42c09410a88b25d8d51e4ed15f051dbc5ac6140
13,tpch-q6-block-013,fused -> materialize-after-q06-time -> materialize-after-q06-predicate,1,3,materialize-after-q06-time,2026-07-21T01:33:42.717080+00:00,3321.2792,13218.75,1,sha256:5b1b60f63d1b4ca4ebae6df3c42c09410a88b25d8d51e4ed15f051dbc5ac6140
13,tpch-q6-block-013,fused -> materialize-after-q06-time -> materialize-after-q06-predicate,1,4,materialize-after-q06-time,2026-07-21T01:33:46.039465+00:00,3302.116,13171.875,1,sha256:5b1b60f63d1b4ca4ebae6df3c42c09410a88b25d8d51e4ed15f051dbc5ac6140
13,tpch-q6-block-013,fused -> materialize-after-q06-time -> materialize-after-q06-predicate,2,0,materialize-after-q06-predicate,2026-07-21T01:33:49.341527+00:00,684.5616,2671.875,1,sha256:5b1b60f63d1b4ca4ebae6df3c42c09410a88b25d8d51e4ed15f051dbc5ac6140
13,tpch-q6-block-013,fused -> materialize-after-q06-time -> materialize-after-q06-predicate,2,1,materialize-after-q06-predicate,2026-07-21T01:33:50.025771+00:00,748.8836,2984.375,1,sha256:5b1b60f63d1b4ca4ebae6df3c42c09410a88b25d8d51e4ed15f051dbc5ac6140
13,tpch-q6-block-013,fused -> materialize-after-q06-time -> materialize-after-q06-predicate,2,2,materialize-after-q06-predicate,2026-07-21T01:33:50.775456+00:00,734.9809,2906.25,1,sha256:5b1b60f63d1b4ca4ebae6df3c42c09410a88b25d8d51e4ed15f051dbc5ac6140
13,tpch-q6-block-013,fused -> materialize-after-q06-time -> materialize-after-q06-predicate,2,3,materialize-after-q06-predicate,2026-07-21T01:33:51.510391+00:00,737.2122,2937.5,1,sha256:5b1b60f63d1b4ca4ebae6df3c42c09410a88b25d8d51e4ed15f051dbc5ac6140
13,tpch-q6-block-013,fused -> materialize-after-q06-time -> materialize-after-q06-predicate,2,4,materialize-after-q06-predicate,2026-07-21T01:33:52.247389+00:00,767.2918,3015.625,1,sha256:5b1b60f63d1b4ca4ebae6df3c42c09410a88b25d8d51e4ed15f051dbc5ac6140
14,tpch-q6-block-014,materialize-after-q06-time -> fused -> materialize-after-q06-predicate,0,0,materialize-after-q06-time,2026-07-21T01:33:53.024512+00:00,3375.63,13421.875,1,sha256:5b1b60f63d1b4ca4ebae6df3c42c09410a88b25d8d51e4ed15f051dbc5ac6140
14,tpch-q6-block-014,materialize-after-q06-time -> fused -> materialize-after-q06-predicate,0,1,materialize-after-q06-time,2026-07-21T01:33:56.399520+00:00,3330.8133,13250.0,1,sha256:5b1b60f63d1b4ca4ebae6df3c42c09410a88b25d8d51e4ed15f051dbc5ac6140
14,tpch-q6-block-014,materialize-after-q06-time -> fused -> materialize-after-q06-predicate,0,2,materialize-after-q06-time,2026-07-21T01:33:59.731321+00:00,3509.6365,14015.625,1,sha256:5b1b60f63d1b4ca4ebae6df3c42c09410a88b25d8d51e4ed15f051dbc5ac6140
14,tpch-q6-block-014,materialize-after-q06-time -> fused -> materialize-after-q06-predicate,0,3,materialize-after-q06-time,2026-07-21T01:34:03.240312+00:00,3554.8819,14046.875,1,sha256:5b1b60f63d1b4ca4ebae6df3c42c09410a88b25d8d51e4ed15f051dbc5ac6140
14,tpch-q6-block-014,materialize-after-q06-time -> fused -> materialize-after-q06-predicate,0,4,materialize-after-q06-time,2026-07-21T01:34:06.796034+00:00,3353.7694,13328.125,1,sha256:5b1b60f63d1b4ca4ebae6df3c42c09410a88b25d8d51e4ed15f051dbc5ac6140
14,tpch-q6-block-014,materialize-after-q06-time -> fused -> materialize-after-q06-predicate,1,0,fused,2026-07-21T01:34:10.149544+00:00,651.0093,2593.75,1,sha256:5b1b60f63d1b4ca4ebae6df3c42c09410a88b25d8d51e4ed15f051dbc5ac6140
14,tpch-q6-block-014,materialize-after-q06-time -> fused -> materialize-after-q06-predicate,1,1,fused,2026-07-21T01:34:10.801009+00:00,711.7103,2812.5,1,sha256:5b1b60f63d1b4ca4ebae6df3c42c09410a88b25d8d51e4ed15f051dbc5ac6140
14,tpch-q6-block-014,materialize-after-q06-time -> fused -> materialize-after-q06-predicate,1,2,fused,2026-07-21T01:34:11.512562+00:00,636.9753,2515.625,1,sha256:5b1b60f63d1b4ca4ebae6df3c42c09410a88b25d8d51e4ed15f051dbc5ac6140
14,tpch-q6-block-014,materialize-after-q06-time -> fused -> materialize-after-q06-predicate,1,3,fused,2026-07-21T01:34:12.150087+00:00,641.7709,2546.875,1,sha256:5b1b60f63d1b4ca4ebae6df3c42c09410a88b25d8d51e4ed15f051dbc5ac6140
14,tpch-q6-block-014,materialize-after-q06-time -> fused -> materialize-after-q06-predicate,1,4,fused,2026-07-21T01:34:12.792099+00:00,709.8756,2843.75,1,sha256:5b1b60f63d1b4ca4ebae6df3c42c09410a88b25d8d51e4ed15f051dbc5ac6140
14,tpch-q6-block-014,materialize-after-q06-time -> fused -> materialize-after-q06-predicate,2,0,materialize-after-q06-predicate,2026-07-21T01:34:13.502009+00:00,826.3068,3250.0,1,sha256:5b1b60f63d1b4ca4ebae6df3c42c09410a88b25d8d51e4ed15f051dbc5ac6140
14,tpch-q6-block-014,materialize-after-q06-time -> fused -> materialize-after-q06-predicate,2,1,materialize-after-q06-predicate,2026-07-21T01:34:14.328460+00:00,764.2316,3015.625,1,sha256:5b1b60f63d1b4ca4ebae6df3c42c09410a88b25d8d51e4ed15f051dbc5ac6140
14,tpch-q6-block-014,materialize-after-q06-time -> fused -> materialize-after-q06-predicate,2,2,materialize-after-q06-predicate,2026-07-21T01:34:15.092310+00:00,773.854,3031.25,1,sha256:5b1b60f63d1b4ca4ebae6df3c42c09410a88b25d8d51e4ed15f051dbc5ac6140
14,tpch-q6-block-014,materialize-after-q06-time -> fused -> materialize-after-q06-predicate,2,3,materialize-after-q06-predicate,2026-07-21T01:34:15.866618+00:00,779.6134,3125.0,1,sha256:5b1b60f63d1b4ca4ebae6df3c42c09410a88b25d8d51e4ed15f051dbc5ac6140
14,tpch-q6-block-014,materialize-after-q06-time -> fused -> materialize-after-q06-predicate,2,4,materialize-after-q06-predicate,2026-07-21T01:34:16.646517+00:00,776.45,3062.5,1,sha256:5b1b60f63d1b4ca4ebae6df3c42c09410a88b25d8d51e4ed15f051dbc5ac6140
15,tpch-q6-block-015,materialize-after-q06-predicate -> fused -> materialize-after-q06-time,0,0,materialize-after-q06-predicate,2026-07-21T01:34:17.433723+00:00,761.1683,2984.375,1,sha256:5b1b60f63d1b4ca4ebae6df3c42c09410a88b25d8d51e4ed15f051dbc5ac6140
15,tpch-q6-block-015,materialize-after-q06-predicate -> fused -> materialize-after-q06-time,0,1,materialize-after-q06-predicate,2026-07-21T01:34:18.194236+00:00,709.1623,2812.5,1,sha256:5b1b60f63d1b4ca4ebae6df3c42c09410a88b25d8d51e4ed15f051dbc5ac6140
15,tpch-q6-block-015,materialize-after-q06-predicate -> fused -> materialize-after-q06-time,0,2,materialize-after-q06-predicate,2026-07-21T01:34:18.903913+00:00,773.7641,3078.125,1,sha256:5b1b60f63d1b4ca4ebae6df3c42c09410a88b25d8d51e4ed15f051dbc5ac6140
15,tpch-q6-block-015,materialize-after-q06-predicate -> fused -> materialize-after-q06-time,0,3,materialize-after-q06-predicate,2026-07-21T01:34:19.677744+00:00,876.5209,3500.0,1,sha256:5b1b60f63d1b4ca4ebae6df3c42c09410a88b25d8d51e4ed15f051dbc5ac6140
15,tpch-q6-block-015,materialize-after-q06-predicate -> fused -> materialize-after-q06-time,0,4,materialize-after-q06-predicate,2026-07-21T01:34:20.554693+00:00,872.7105,3437.5,1,sha256:5b1b60f63d1b4ca4ebae6df3c42c09410a88b25d8d51e4ed15f051dbc5ac6140
15,tpch-q6-block-015,materialize-after-q06-predicate -> fused -> materialize-after-q06-time,1,0,fused,2026-07-21T01:34:21.427699+00:00,858.6052,3234.375,1,sha256:5b1b60f63d1b4ca4ebae6df3c42c09410a88b25d8d51e4ed15f051dbc5ac6140
15,tpch-q6-block-015,materialize-after-q06-predicate -> fused -> materialize-after-q06-time,1,1,fused,2026-07-21T01:34:22.286568+00:00,668.4592,2640.625,1,sha256:5b1b60f63d1b4ca4ebae6df3c42c09410a88b25d8d51e4ed15f051dbc5ac6140
15,tpch-q6-block-015,materialize-after-q06-predicate -> fused -> materialize-after-q06-time,1,2,fused,2026-07-21T01:34:22.954915+00:00,719.161,2796.875,1,sha256:5b1b60f63d1b4ca4ebae6df3c42c09410a88b25d8d51e4ed15f051dbc5ac6140
15,tpch-q6-block-015,materialize-after-q06-predicate -> fused -> materialize-after-q06-time,1,3,fused,2026-07-21T01:34:23.674146+00:00,658.7542,2593.75,1,sha256:5b1b60f63d1b4ca4ebae6df3c42c09410a88b25d8d51e4ed15f051dbc5ac6140
15,tpch-q6-block-015,materialize-after-q06-predicate -> fused -> materialize-after-q06-time,1,4,fused,2026-07-21T01:34:24.332550+00:00,711.4364,2812.5,1,sha256:5b1b60f63d1b4ca4ebae6df3c42c09410a88b25d8d51e4ed15f051dbc5ac6140
15,tpch-q6-block-015,materialize-after-q06-predicate -> fused -> materialize-after-q06-time,2,0,materialize-after-q06-time,2026-07-21T01:34:25.044395+00:00,3572.8036,14156.25,1,sha256:5b1b60f63d1b4ca4ebae6df3c42c09410a88b25d8d51e4ed15f051dbc5ac6140
15,tpch-q6-block-015,materialize-after-q06-predicate -> fused -> materialize-after-q06-time,2,1,materialize-after-q06-time,2026-07-21T01:34:28.617679+00:00,3388.5311,13546.875,1,sha256:5b1b60f63d1b4ca4ebae6df3c42c09410a88b25d8d51e4ed15f051dbc5ac6140
15,tpch-q6-block-015,materialize-after-q06-predicate -> fused -> materialize-after-q06-time,2,2,materialize-after-q06-time,2026-07-21T01:34:32.006251+00:00,3416.6164,13578.125,1,sha256:5b1b60f63d1b4ca4ebae6df3c42c09410a88b25d8d51e4ed15f051dbc5ac6140
15,tpch-q6-block-015,materialize-after-q06-predicate -> fused -> materialize-after-q06-time,2,3,materialize-after-q06-time,2026-07-21T01:34:35.423435+00:00,3440.9825,13671.875,1,sha256:5b1b60f63d1b4ca4ebae6df3c42c09410a88b25d8d51e4ed15f051dbc5ac6140
15,tpch-q6-block-015,materialize-after-q06-predicate -> fused -> materialize-after-q06-time,2,4,materialize-after-q06-time,2026-07-21T01:34:38.864675+00:00,3613.7473,14328.125,1,sha256:5b1b60f63d1b4ca4ebae6df3c42c09410a88b25d8d51e4ed15f051dbc5ac6140
16,tpch-q6-block-016,materialize-after-q06-predicate -> materialize-after-q06-time -> fused,0,0,materialize-after-q06-predicate,2026-07-21T01:34:42.490106+00:00,713.215,2812.5,1,sha256:5b1b60f63d1b4ca4ebae6df3c42c09410a88b25d8d51e4ed15f051dbc5ac6140
16,tpch-q6-block-016,materialize-after-q06-predicate -> materialize-after-q06-time -> fused,0,1,materialize-after-q06-predicate,2026-07-21T01:34:43.203300+00:00,730.7944,2875.0,1,sha256:5b1b60f63d1b4ca4ebae6df3c42c09410a88b25d8d51e4ed15f051dbc5ac6140
16,tpch-q6-block-016,materialize-after-q06-predicate -> materialize-after-q06-time -> fused,0,2,materialize-after-q06-predicate,2026-07-21T01:34:43.934601+00:00,764.4522,2921.875,1,sha256:5b1b60f63d1b4ca4ebae6df3c42c09410a88b25d8d51e4ed15f051dbc5ac6140
16,tpch-q6-block-016,materialize-after-q06-predicate -> materialize-after-q06-time -> fused,0,3,materialize-after-q06-predicate,2026-07-21T01:34:44.698361+00:00,754.7333,2921.875,1,sha256:5b1b60f63d1b4ca4ebae6df3c42c09410a88b25d8d51e4ed15f051dbc5ac6140
16,tpch-q6-block-016,materialize-after-q06-predicate -> materialize-after-q06-time -> fused,0,4,materialize-after-q06-predicate,2026-07-21T01:34:45.453638+00:00,768.759,2984.375,1,sha256:5b1b60f63d1b4ca4ebae6df3c42c09410a88b25d8d51e4ed15f051dbc5ac6140
16,tpch-q6-block-016,materialize-after-q06-predicate -> materialize-after-q06-time -> fused,1,0,materialize-after-q06-time,2026-07-21T01:34:46.222325+00:00,3402.893,13515.625,1,sha256:5b1b60f63d1b4ca4ebae6df3c42c09410a88b25d8d51e4ed15f051dbc5ac6140
16,tpch-q6-block-016,materialize-after-q06-predicate -> materialize-after-q06-time -> fused,1,1,materialize-after-q06-time,2026-07-21T01:34:49.625863+00:00,3418.9169,13578.125,1,sha256:5b1b60f63d1b4ca4ebae6df3c42c09410a88b25d8d51e4ed15f051dbc5ac6140
16,tpch-q6-block-016,materialize-after-q06-predicate -> materialize-after-q06-time -> fused,1,2,materialize-after-q06-time,2026-07-21T01:34:53.044550+00:00,3612.109,14328.125,1,sha256:5b1b60f63d1b4ca4ebae6df3c42c09410a88b25d8d51e4ed15f051dbc5ac6140
16,tpch-q6-block-016,materialize-after-q06-predicate -> materialize-after-q06-time -> fused,1,3,materialize-after-q06-time,2026-07-21T01:34:56.656685+00:00,3453.0694,13687.5,1,sha256:5b1b60f63d1b4ca4ebae6df3c42c09410a88b25d8d51e4ed15f051dbc5ac6140
16,tpch-q6-block-016,materialize-after-q06-predicate -> materialize-after-q06-time -> fused,1,4,materialize-after-q06-time,2026-07-21T01:35:00.110038+00:00,3454.5595,13734.375,1,sha256:5b1b60f63d1b4ca4ebae6df3c42c09410a88b25d8d51e4ed15f051dbc5ac6140
16,tpch-q6-block-016,materialize-after-q06-predicate -> materialize-after-q06-time -> fused,2,0,fused,2026-07-21T01:35:03.565545+00:00,653.1733,2562.5,1,sha256:5b1b60f63d1b4ca4ebae6df3c42c09410a88b25d8d51e4ed15f051dbc5ac6140
16,tpch-q6-block-016,materialize-after-q06-predicate -> materialize-after-q06-time -> fused,2,1,fused,2026-07-21T01:35:04.218295+00:00,641.3472,2515.625,1,sha256:5b1b60f63d1b4ca4ebae6df3c42c09410a88b25d8d51e4ed15f051dbc5ac6140
16,tpch-q6-block-016,materialize-after-q06-predicate -> materialize-after-q06-time -> fused,2,2,fused,2026-07-21T01:35:04.859760+00:00,698.1825,2750.0,1,sha256:5b1b60f63d1b4ca4ebae6df3c42c09410a88b25d8d51e4ed15f051dbc5ac6140
16,tpch-q6-block-016,materialize-after-q06-predicate -> materialize-after-q06-time -> fused,2,3,fused,2026-07-21T01:35:05.558032+00:00,748.066,3000.0,1,sha256:5b1b60f63d1b4ca4ebae6df3c42c09410a88b25d8d51e4ed15f051dbc5ac6140
16,tpch-q6-block-016,materialize-after-q06-predicate -> materialize-after-q06-time -> fused,2,4,fused,2026-07-21T01:35:06.306261+00:00,675.0297,2687.5,1,sha256:5b1b60f63d1b4ca4ebae6df3c42c09410a88b25d8d51e4ed15f051dbc5ac6140
17,tpch-q6-block-017,materialize-after-q06-time -> materialize-after-q06-predicate -> fused,0,0,materialize-after-q06-time,2026-07-21T01:35:06.992350+00:00,3296.8921,13171.875,1,sha256:5b1b60f63d1b4ca4ebae6df3c42c09410a88b25d8d51e4ed15f051dbc5ac6140
17,tpch-q6-block-017,materialize-after-q06-time -> materialize-after-q06-predicate -> fused,0,1,materialize-after-q06-time,2026-07-21T01:35:10.289779+00:00,3491.8231,13921.875,1,sha256:5b1b60f63d1b4ca4ebae6df3c42c09410a88b25d8d51e4ed15f051dbc5ac6140
17,tpch-q6-block-017,materialize-after-q06-time -> materialize-after-q06-predicate -> fused,0,2,materialize-after-q06-time,2026-07-21T01:35:13.781133+00:00,3349.4442,13375.0,1,sha256:5b1b60f63d1b4ca4ebae6df3c42c09410a88b25d8d51e4ed15f051dbc5ac6140
17,tpch-q6-block-017,materialize-after-q06-time -> materialize-after-q06-predicate -> fused,0,3,materialize-after-q06-time,2026-07-21T01:35:17.131367+00:00,3345.4512,13375.0,1,sha256:5b1b60f63d1b4ca4ebae6df3c42c09410a88b25d8d51e4ed15f051dbc5ac6140
17,tpch-q6-block-017,materialize-after-q06-time -> materialize-after-q06-predicate -> fused,0,4,materialize-after-q06-time,2026-07-21T01:35:20.476484+00:00,3295.6021,13171.875,1,sha256:5b1b60f63d1b4ca4ebae6df3c42c09410a88b25d8d51e4ed15f051dbc5ac6140
17,tpch-q6-block-017,materialize-after-q06-time -> materialize-after-q06-predicate -> fused,1,0,materialize-after-q06-predicate,2026-07-21T01:35:23.772470+00:00,717.7383,2875.0,1,sha256:5b1b60f63d1b4ca4ebae6df3c42c09410a88b25d8d51e4ed15f051dbc5ac6140
17,tpch-q6-block-017,materialize-after-q06-time -> materialize-after-q06-predicate -> fused,1,1,materialize-after-q06-predicate,2026-07-21T01:35:24.490917+00:00,722.4624,2843.75,1,sha256:5b1b60f63d1b4ca4ebae6df3c42c09410a88b25d8d51e4ed15f051dbc5ac6140
17,tpch-q6-block-017,materialize-after-q06-time -> materialize-after-q06-predicate -> fused,1,2,materialize-after-q06-predicate,2026-07-21T01:35:25.213465+00:00,756.5549,3015.625,1,sha256:5b1b60f63d1b4ca4ebae6df3c42c09410a88b25d8d51e4ed15f051dbc5ac6140
17,tpch-q6-block-017,materialize-after-q06-time -> materialize-after-q06-predicate -> fused,1,3,materialize-after-q06-predicate,2026-07-21T01:35:25.969946+00:00,771.1323,3046.875,1,sha256:5b1b60f63d1b4ca4ebae6df3c42c09410a88b25d8d51e4ed15f051dbc5ac6140
17,tpch-q6-block-017,materialize-after-q06-time -> materialize-after-q06-predicate -> fused,1,4,materialize-after-q06-predicate,2026-07-21T01:35:26.741716+00:00,726.9342,2812.5,1,sha256:5b1b60f63d1b4ca4ebae6df3c42c09410a88b25d8d51e4ed15f051dbc5ac6140
17,tpch-q6-block-017,materialize-after-q06-time -> materialize-after-q06-predicate -> fused,2,0,fused,2026-07-21T01:35:27.468535+00:00,636.6203,2515.625,1,sha256:5b1b60f63d1b4ca4ebae6df3c42c09410a88b25d8d51e4ed15f051dbc5ac6140
17,tpch-q6-block-017,materialize-after-q06-time -> materialize-after-q06-predicate -> fused,2,1,fused,2026-07-21T01:35:28.105717+00:00,652.5444,2625.0,1,sha256:5b1b60f63d1b4ca4ebae6df3c42c09410a88b25d8d51e4ed15f051dbc5ac6140
17,tpch-q6-block-017,materialize-after-q06-time -> materialize-after-q06-predicate -> fused,2,2,fused,2026-07-21T01:35:28.758552+00:00,651.7259,2609.375,1,sha256:5b1b60f63d1b4ca4ebae6df3c42c09410a88b25d8d51e4ed15f051dbc5ac6140
17,tpch-q6-block-017,materialize-after-q06-time -> materialize-after-q06-predicate -> fused,2,3,fused,2026-07-21T01:35:29.409569+00:00,658.3444,2625.0,1,sha256:5b1b60f63d1b4ca4ebae6df3c42c09410a88b25d8d51e4ed15f051dbc5ac6140
17,tpch-q6-block-017,materialize-after-q06-time -> materialize-after-q06-predicate -> fused,2,4,fused,2026-07-21T01:35:30.069043+00:00,713.2859,2781.25,1,sha256:5b1b60f63d1b4ca4ebae6df3c42c09410a88b25d8d51e4ed15f051dbc5ac6140
18,tpch-q6-block-018,materialize-after-q06-time -> fused -> materialize-after-q06-predicate,0,0,materialize-after-q06-time,2026-07-21T01:35:30.794093+00:00,3601.8904,14234.375,1,sha256:5b1b60f63d1b4ca4ebae6df3c42c09410a88b25d8d51e4ed15f051dbc5ac6140
18,tpch-q6-block-018,materialize-after-q06-time -> fused -> materialize-after-q06-predicate,0,1,materialize-after-q06-time,2026-07-21T01:35:34.396461+00:00,3278.4835,13031.25,1,sha256:5b1b60f63d1b4ca4ebae6df3c42c09410a88b25d8d51e4ed15f051dbc5ac6140
18,tpch-q6-block-018,materialize-after-q06-time -> fused -> materialize-after-q06-predicate,0,2,materialize-after-q06-time,2026-07-21T01:35:37.674778+00:00,3398.2715,13515.625,1,sha256:5b1b60f63d1b4ca4ebae6df3c42c09410a88b25d8d51e4ed15f051dbc5ac6140
18,tpch-q6-block-018,materialize-after-q06-time -> fused -> materialize-after-q06-predicate,0,3,materialize-after-q06-time,2026-07-21T01:35:41.073504+00:00,3857.8113,15156.25,1,sha256:5b1b60f63d1b4ca4ebae6df3c42c09410a88b25d8d51e4ed15f051dbc5ac6140
18,tpch-q6-block-018,materialize-after-q06-time -> fused -> materialize-after-q06-predicate,0,4,materialize-after-q06-time,2026-07-21T01:35:44.931147+00:00,3893.3211,15312.5,1,sha256:5b1b60f63d1b4ca4ebae6df3c42c09410a88b25d8d51e4ed15f051dbc5ac6140
18,tpch-q6-block-018,materialize-after-q06-time -> fused -> materialize-after-q06-predicate,1,0,fused,2026-07-21T01:35:48.824196+00:00,716.5903,2812.5,1,sha256:5b1b60f63d1b4ca4ebae6df3c42c09410a88b25d8d51e4ed15f051dbc5ac6140
18,tpch-q6-block-018,materialize-after-q06-time -> fused -> materialize-after-q06-predicate,1,1,fused,2026-07-21T01:35:49.541283+00:00,647.9563,2562.5,1,sha256:5b1b60f63d1b4ca4ebae6df3c42c09410a88b25d8d51e4ed15f051dbc5ac6140
18,tpch-q6-block-018,materialize-after-q06-time -> fused -> materialize-after-q06-predicate,1,2,fused,2026-07-21T01:35:50.189397+00:00,680.7621,2609.375,1,sha256:5b1b60f63d1b4ca4ebae6df3c42c09410a88b25d8d51e4ed15f051dbc5ac6140
18,tpch-q6-block-018,materialize-after-q06-time -> fused -> materialize-after-q06-predicate,1,3,fused,2026-07-21T01:35:50.870492+00:00,617.2522,2453.125,1,sha256:5b1b60f63d1b4ca4ebae6df3c42c09410a88b25d8d51e4ed15f051dbc5ac6140
18,tpch-q6-block-018,materialize-after-q06-time -> fused -> materialize-after-q06-predicate,1,4,fused,2026-07-21T01:35:51.488181+00:00,670.4204,2609.375,1,sha256:5b1b60f63d1b4ca4ebae6df3c42c09410a88b25d8d51e4ed15f051dbc5ac6140
18,tpch-q6-block-018,materialize-after-q06-time -> fused -> materialize-after-q06-predicate,2,0,materialize-after-q06-predicate,2026-07-21T01:35:52.158412+00:00,748.3077,2937.5,1,sha256:5b1b60f63d1b4ca4ebae6df3c42c09410a88b25d8d51e4ed15f051dbc5ac6140
18,tpch-q6-block-018,materialize-after-q06-time -> fused -> materialize-after-q06-predicate,2,1,materialize-after-q06-predicate,2026-07-21T01:35:52.906744+00:00,733.3842,2890.625,1,sha256:5b1b60f63d1b4ca4ebae6df3c42c09410a88b25d8d51e4ed15f051dbc5ac6140
18,tpch-q6-block-018,materialize-after-q06-time -> fused -> materialize-after-q06-predicate,2,2,materialize-after-q06-predicate,2026-07-21T01:35:53.640983+00:00,748.0031,2953.125,1,sha256:5b1b60f63d1b4ca4ebae6df3c42c09410a88b25d8d51e4ed15f051dbc5ac6140
18,tpch-q6-block-018,materialize-after-q06-time -> fused -> materialize-after-q06-predicate,2,3,materialize-after-q06-predicate,2026-07-21T01:35:54.388298+00:00,686.6195,2703.125,1,sha256:5b1b60f63d1b4ca4ebae6df3c42c09410a88b25d8d51e4ed15f051dbc5ac6140
18,tpch-q6-block-018,materialize-after-q06-time -> fused -> materialize-after-q06-predicate,2,4,materialize-after-q06-predicate,2026-07-21T01:35:55.075141+00:00,807.8963,3171.875,1,sha256:5b1b60f63d1b4ca4ebae6df3c42c09410a88b25d8d51e4ed15f051dbc5ac6140
19,tpch-q6-block-019,fused -> materialize-after-q06-time -> materialize-after-q06-predicate,0,0,fused,2026-07-21T01:35:55.897487+00:00,750.4698,2984.375,1,sha256:5b1b60f63d1b4ca4ebae6df3c42c09410a88b25d8d51e4ed15f051dbc5ac6140
19,tpch-q6-block-019,fused -> materialize-after-q06-time -> materialize-after-q06-predicate,0,1,fused,2026-07-21T01:35:56.647764+00:00,750.9365,3000.0,1,sha256:5b1b60f63d1b4ca4ebae6df3c42c09410a88b25d8d51e4ed15f051dbc5ac6140
19,tpch-q6-block-019,fused -> materialize-after-q06-time -> materialize-after-q06-predicate,0,2,fused,2026-07-21T01:35:57.399449+00:00,743.2796,2968.75,1,sha256:5b1b60f63d1b4ca4ebae6df3c42c09410a88b25d8d51e4ed15f051dbc5ac6140
19,tpch-q6-block-019,fused -> materialize-after-q06-time -> materialize-after-q06-predicate,0,3,fused,2026-07-21T01:35:58.142014+00:00,726.6171,2843.75,1,sha256:5b1b60f63d1b4ca4ebae6df3c42c09410a88b25d8d51e4ed15f051dbc5ac6140
19,tpch-q6-block-019,fused -> materialize-after-q06-time -> materialize-after-q06-predicate,0,4,fused,2026-07-21T01:35:58.869832+00:00,720.5993,2828.125,1,sha256:5b1b60f63d1b4ca4ebae6df3c42c09410a88b25d8d51e4ed15f051dbc5ac6140
19,tpch-q6-block-019,fused -> materialize-after-q06-time -> materialize-after-q06-predicate,1,0,materialize-after-q06-time,2026-07-21T01:35:59.590689+00:00,3782.0993,14937.5,1,sha256:5b1b60f63d1b4ca4ebae6df3c42c09410a88b25d8d51e4ed15f051dbc5ac6140
19,tpch-q6-block-019,fused -> materialize-after-q06-time -> materialize-after-q06-predicate,1,1,materialize-after-q06-time,2026-07-21T01:36:03.373091+00:00,3431.2116,13609.375,1,sha256:5b1b60f63d1b4ca4ebae6df3c42c09410a88b25d8d51e4ed15f051dbc5ac6140
19,tpch-q6-block-019,fused -> materialize-after-q06-time -> materialize-after-q06-predicate,1,2,materialize-after-q06-time,2026-07-21T01:36:06.804152+00:00,3386.5004,13421.875,1,sha256:5b1b60f63d1b4ca4ebae6df3c42c09410a88b25d8d51e4ed15f051dbc5ac6140
19,tpch-q6-block-019,fused -> materialize-after-q06-time -> materialize-after-q06-predicate,1,3,materialize-after-q06-time,2026-07-21T01:36:10.190248+00:00,3720.8448,14703.125,1,sha256:5b1b60f63d1b4ca4ebae6df3c42c09410a88b25d8d51e4ed15f051dbc5ac6140
19,tpch-q6-block-019,fused -> materialize-after-q06-time -> materialize-after-q06-predicate,1,4,materialize-after-q06-time,2026-07-21T01:36:13.911328+00:00,3325.2498,13250.0,1,sha256:5b1b60f63d1b4ca4ebae6df3c42c09410a88b25d8d51e4ed15f051dbc5ac6140
19,tpch-q6-block-019,fused -> materialize-after-q06-time -> materialize-after-q06-predicate,2,0,materialize-after-q06-predicate,2026-07-21T01:36:17.237436+00:00,771.3234,3046.875,1,sha256:5b1b60f63d1b4ca4ebae6df3c42c09410a88b25d8d51e4ed15f051dbc5ac6140
19,tpch-q6-block-019,fused -> materialize-after-q06-time -> materialize-after-q06-predicate,2,1,materialize-after-q06-predicate,2026-07-21T01:36:18.008320+00:00,685.6357,2718.75,1,sha256:5b1b60f63d1b4ca4ebae6df3c42c09410a88b25d8d51e4ed15f051dbc5ac6140
19,tpch-q6-block-019,fused -> materialize-after-q06-time -> materialize-after-q06-predicate,2,2,materialize-after-q06-predicate,2026-07-21T01:36:18.694703+00:00,781.8143,3109.375,1,sha256:5b1b60f63d1b4ca4ebae6df3c42c09410a88b25d8d51e4ed15f051dbc5ac6140
19,tpch-q6-block-019,fused -> materialize-after-q06-time -> materialize-after-q06-predicate,2,3,materialize-after-q06-predicate,2026-07-21T01:36:19.476654+00:00,730.389,2890.625,1,sha256:5b1b60f63d1b4ca4ebae6df3c42c09410a88b25d8d51e4ed15f051dbc5ac6140
19,tpch-q6-block-019,fused -> materialize-after-q06-time -> materialize-after-q06-predicate,2,4,materialize-after-q06-predicate,2026-07-21T01:36:20.206474+00:00,778.2323,3031.25,1,sha256:5b1b60f63d1b4ca4ebae6df3c42c09410a88b25d8d51e4ed15f051dbc5ac6140
20,tpch-q6-block-020,materialize-after-q06-time -> materialize-after-q06-predicate -> fused,0,0,materialize-after-q06-time,2026-07-21T01:36:20.999062+00:00,3655.9801,14343.75,1,sha256:5b1b60f63d1b4ca4ebae6df3c42c09410a88b25d8d51e4ed15f051dbc5ac6140
20,tpch-q6-block-020,materialize-after-q06-time -> materialize-after-q06-predicate -> fused,0,1,materialize-after-q06-time,2026-07-21T01:36:24.655629+00:00,3520.4406,13968.75,1,sha256:5b1b60f63d1b4ca4ebae6df3c42c09410a88b25d8d51e4ed15f051dbc5ac6140
20,tpch-q6-block-020,materialize-after-q06-time -> materialize-after-q06-predicate -> fused,0,2,materialize-after-q06-time,2026-07-21T01:36:28.176461+00:00,3556.4838,14093.75,1,sha256:5b1b60f63d1b4ca4ebae6df3c42c09410a88b25d8d51e4ed15f051dbc5ac6140
20,tpch-q6-block-020,materialize-after-q06-time -> materialize-after-q06-predicate -> fused,0,3,materialize-after-q06-time,2026-07-21T01:36:31.732346+00:00,3625.7612,14296.875,1,sha256:5b1b60f63d1b4ca4ebae6df3c42c09410a88b25d8d51e4ed15f051dbc5ac6140
20,tpch-q6-block-020,materialize-after-q06-time -> materialize-after-q06-predicate -> fused,0,4,materialize-after-q06-time,2026-07-21T01:36:35.358589+00:00,3624.7201,14296.875,1,sha256:5b1b60f63d1b4ca4ebae6df3c42c09410a88b25d8d51e4ed15f051dbc5ac6140
20,tpch-q6-block-020,materialize-after-q06-time -> materialize-after-q06-predicate -> fused,1,0,materialize-after-q06-predicate,2026-07-21T01:36:38.983191+00:00,712.2803,2812.5,1,sha256:5b1b60f63d1b4ca4ebae6df3c42c09410a88b25d8d51e4ed15f051dbc5ac6140
20,tpch-q6-block-020,materialize-after-q06-time -> materialize-after-q06-predicate -> fused,1,1,materialize-after-q06-predicate,2026-07-21T01:36:39.695676+00:00,700.2733,2812.5,1,sha256:5b1b60f63d1b4ca4ebae6df3c42c09410a88b25d8d51e4ed15f051dbc5ac6140
20,tpch-q6-block-020,materialize-after-q06-time -> materialize-after-q06-predicate -> fused,1,2,materialize-after-q06-predicate,2026-07-21T01:36:40.396122+00:00,683.7999,2703.125,1,sha256:5b1b60f63d1b4ca4ebae6df3c42c09410a88b25d8d51e4ed15f051dbc5ac6140
20,tpch-q6-block-020,materialize-after-q06-time -> materialize-after-q06-predicate -> fused,1,3,materialize-after-q06-predicate,2026-07-21T01:36:41.080359+00:00,668.1041,2625.0,1,sha256:5b1b60f63d1b4ca4ebae6df3c42c09410a88b25d8d51e4ed15f051dbc5ac6140
20,tpch-q6-block-020,materialize-after-q06-time -> materialize-after-q06-predicate -> fused,1,4,materialize-after-q06-predicate,2026-07-21T01:36:41.749237+00:00,680.0445,2703.125,1,sha256:5b1b60f63d1b4ca4ebae6df3c42c09410a88b25d8d51e4ed15f051dbc5ac6140
20,tpch-q6-block-020,materialize-after-q06-time -> materialize-after-q06-predicate -> fused,2,0,fused,2026-07-21T01:36:42.429631+00:00,616.1476,2437.5,1,sha256:5b1b60f63d1b4ca4ebae6df3c42c09410a88b25d8d51e4ed15f051dbc5ac6140
20,tpch-q6-block-020,materialize-after-q06-time -> materialize-after-q06-predicate -> fused,2,1,fused,2026-07-21T01:36:43.045950+00:00,557.3301,2203.125,1,sha256:5b1b60f63d1b4ca4ebae6df3c42c09410a88b25d8d51e4ed15f051dbc5ac6140
20,tpch-q6-block-020,materialize-after-q06-time -> materialize-after-q06-predicate -> fused,2,2,fused,2026-07-21T01:36:43.602759+00:00,616.7114,2437.5,1,sha256:5b1b60f63d1b4ca4ebae6df3c42c09410a88b25d8d51e4ed15f051dbc5ac6140
20,tpch-q6-block-020,materialize-after-q06-time -> materialize-after-q06-predicate -> fused,2,3,fused,2026-07-21T01:36:44.219589+00:00,588.0117,2328.125,1,sha256:5b1b60f63d1b4ca4ebae6df3c42c09410a88b25d8d51e4ed15f051dbc5ac6140
20,tpch-q6-block-020,materialize-after-q06-time -> materialize-after-q06-predicate -> fused,2,4,fused,2026-07-21T01:36:44.808394+00:00,610.5412,2406.25,1,sha256:5b1b60f63d1b4ca4ebae6df3c42c09410a88b25d8d51e4ed15f051dbc5ac6140
21,tpch-q6-block-021,fused -> materialize-after-q06-predicate -> materialize-after-q06-time,0,0,fused,2026-07-21T01:36:45.430405+00:00,589.4736,2375.0,1,sha256:5b1b60f63d1b4ca4ebae6df3c42c09410a88b25d8d51e4ed15f051dbc5ac6140
21,tpch-q6-block-021,fused -> materialize-after-q06-predicate -> materialize-after-q06-time,0,1,fused,2026-07-21T01:36:46.020343+00:00,591.1335,2328.125,1,sha256:5b1b60f63d1b4ca4ebae6df3c42c09410a88b25d8d51e4ed15f051dbc5ac6140
21,tpch-q6-block-021,fused -> materialize-after-q06-predicate -> materialize-after-q06-time,0,2,fused,2026-07-21T01:36:46.611695+00:00,576.392,2250.0,1,sha256:5b1b60f63d1b4ca4ebae6df3c42c09410a88b25d8d51e4ed15f051dbc5ac6140
21,tpch-q6-block-021,fused -> materialize-after-q06-predicate -> materialize-after-q06-time,0,3,fused,2026-07-21T01:36:47.188151+00:00,603.9263,2390.625,1,sha256:5b1b60f63d1b4ca4ebae6df3c42c09410a88b25d8d51e4ed15f051dbc5ac6140
21,tpch-q6-block-021,fused -> materialize-after-q06-predicate -> materialize-after-q06-time,0,4,fused,2026-07-21T01:36:47.792922+00:00,582.955,2312.5,1,sha256:5b1b60f63d1b4ca4ebae6df3c42c09410a88b25d8d51e4ed15f051dbc5ac6140
21,tpch-q6-block-021,fused -> materialize-after-q06-predicate -> materialize-after-q06-time,1,0,materialize-after-q06-predicate,2026-07-21T01:36:48.375762+00:00,652.2448,2562.5,1,sha256:5b1b60f63d1b4ca4ebae6df3c42c09410a88b25d8d51e4ed15f051dbc5ac6140
21,tpch-q6-block-021,fused -> materialize-after-q06-predicate -> materialize-after-q06-time,1,1,materialize-after-q06-predicate,2026-07-21T01:36:49.028596+00:00,702.9686,2750.0,1,sha256:5b1b60f63d1b4ca4ebae6df3c42c09410a88b25d8d51e4ed15f051dbc5ac6140
21,tpch-q6-block-021,fused -> materialize-after-q06-predicate -> materialize-after-q06-time,1,2,materialize-after-q06-predicate,2026-07-21T01:36:49.731065+00:00,692.4995,2718.75,1,sha256:5b1b60f63d1b4ca4ebae6df3c42c09410a88b25d8d51e4ed15f051dbc5ac6140
21,tpch-q6-block-021,fused -> materialize-after-q06-predicate -> materialize-after-q06-time,1,3,materialize-after-q06-predicate,2026-07-21T01:36:50.423712+00:00,650.1298,2562.5,1,sha256:5b1b60f63d1b4ca4ebae6df3c42c09410a88b25d8d51e4ed15f051dbc5ac6140
21,tpch-q6-block-021,fused -> materialize-after-q06-predicate -> materialize-after-q06-time,1,4,materialize-after-q06-predicate,2026-07-21T01:36:51.074790+00:00,674.9565,2625.0,1,sha256:5b1b60f63d1b4ca4ebae6df3c42c09410a88b25d8d51e4ed15f051dbc5ac6140
21,tpch-q6-block-021,fused -> materialize-after-q06-predicate -> materialize-after-q06-time,2,0,materialize-after-q06-time,2026-07-21T01:36:51.749576+00:00,3459.8116,13750.0,1,sha256:5b1b60f63d1b4ca4ebae6df3c42c09410a88b25d8d51e4ed15f051dbc5ac6140
21,tpch-q6-block-021,fused -> materialize-after-q06-predicate -> materialize-after-q06-time,2,1,materialize-after-q06-time,2026-07-21T01:36:55.209901+00:00,3462.7969,13765.625,1,sha256:5b1b60f63d1b4ca4ebae6df3c42c09410a88b25d8d51e4ed15f051dbc5ac6140
21,tpch-q6-block-021,fused -> materialize-after-q06-predicate -> materialize-after-q06-time,2,2,materialize-after-q06-time,2026-07-21T01:36:58.672784+00:00,3629.2483,14375.0,1,sha256:5b1b60f63d1b4ca4ebae6df3c42c09410a88b25d8d51e4ed15f051dbc5ac6140
21,tpch-q6-block-021,fused -> materialize-after-q06-predicate -> materialize-after-q06-time,2,3,materialize-after-q06-time,2026-07-21T01:37:02.302146+00:00,4039.4115,15765.625,1,sha256:5b1b60f63d1b4ca4ebae6df3c42c09410a88b25d8d51e4ed15f051dbc5ac6140
21,tpch-q6-block-021,fused -> materialize-after-q06-predicate -> materialize-after-q06-time,2,4,materialize-after-q06-time,2026-07-21T01:37:06.341830+00:00,3718.0944,14421.875,1,sha256:5b1b60f63d1b4ca4ebae6df3c42c09410a88b25d8d51e4ed15f051dbc5ac6140
22,tpch-q6-block-022,materialize-after-q06-predicate -> fused -> materialize-after-q06-time,0,0,materialize-after-q06-predicate,2026-07-21T01:37:10.073396+00:00,718.766,2859.375,1,sha256:5b1b60f63d1b4ca4ebae6df3c42c09410a88b25d8d51e4ed15f051dbc5ac6140
22,tpch-q6-block-022,materialize-after-q06-predicate -> fused -> materialize-after-q06-time,0,1,materialize-after-q06-predicate,2026-07-21T01:37:10.792127+00:00,695.076,2750.0,1,sha256:5b1b60f63d1b4ca4ebae6df3c42c09410a88b25d8d51e4ed15f051dbc5ac6140
22,tpch-q6-block-022,materialize-after-q06-predicate -> fused -> materialize-after-q06-time,0,2,materialize-after-q06-predicate,2026-07-21T01:37:11.487394+00:00,743.177,2937.5,1,sha256:5b1b60f63d1b4ca4ebae6df3c42c09410a88b25d8d51e4ed15f051dbc5ac6140
22,tpch-q6-block-022,materialize-after-q06-predicate -> fused -> materialize-after-q06-time,0,3,materialize-after-q06-predicate,2026-07-21T01:37:12.230326+00:00,668.3997,2656.25,1,sha256:5b1b60f63d1b4ca4ebae6df3c42c09410a88b25d8d51e4ed15f051dbc5ac6140
22,tpch-q6-block-022,materialize-after-q06-predicate -> fused -> materialize-after-q06-time,0,4,materialize-after-q06-predicate,2026-07-21T01:37:12.899490+00:00,723.6769,2843.75,1,sha256:5b1b60f63d1b4ca4ebae6df3c42c09410a88b25d8d51e4ed15f051dbc5ac6140
22,tpch-q6-block-022,materialize-after-q06-predicate -> fused -> materialize-after-q06-time,1,0,fused,2026-07-21T01:37:13.623424+00:00,672.6854,2640.625,1,sha256:5b1b60f63d1b4ca4ebae6df3c42c09410a88b25d8d51e4ed15f051dbc5ac6140
22,tpch-q6-block-022,materialize-after-q06-predicate -> fused -> materialize-after-q06-time,1,1,fused,2026-07-21T01:37:14.296065+00:00,622.0665,2421.875,1,sha256:5b1b60f63d1b4ca4ebae6df3c42c09410a88b25d8d51e4ed15f051dbc5ac6140
22,tpch-q6-block-022,materialize-after-q06-predicate -> fused -> materialize-after-q06-time,1,2,fused,2026-07-21T01:37:14.918508+00:00,599.587,2359.375,1,sha256:5b1b60f63d1b4ca4ebae6df3c42c09410a88b25d8d51e4ed15f051dbc5ac6140
22,tpch-q6-block-022,materialize-after-q06-predicate -> fused -> materialize-after-q06-time,1,3,fused,2026-07-21T01:37:15.518275+00:00,680.1668,2656.25,1,sha256:5b1b60f63d1b4ca4ebae6df3c42c09410a88b25d8d51e4ed15f051dbc5ac6140
22,tpch-q6-block-022,materialize-after-q06-predicate -> fused -> materialize-after-q06-time,1,4,fused,2026-07-21T01:37:16.198381+00:00,633.2977,2484.375,1,sha256:5b1b60f63d1b4ca4ebae6df3c42c09410a88b25d8d51e4ed15f051dbc5ac6140
22,tpch-q6-block-022,materialize-after-q06-predicate -> fused -> materialize-after-q06-time,2,0,materialize-after-q06-time,2026-07-21T01:37:16.832126+00:00,3544.8916,14062.5,1,sha256:5b1b60f63d1b4ca4ebae6df3c42c09410a88b25d8d51e4ed15f051dbc5ac6140
22,tpch-q6-block-022,materialize-after-q06-predicate -> fused -> materialize-after-q06-time,2,1,materialize-after-q06-time,2026-07-21T01:37:20.377017+00:00,3631.4285,14437.5,1,sha256:5b1b60f63d1b4ca4ebae6df3c42c09410a88b25d8d51e4ed15f051dbc5ac6140
22,tpch-q6-block-022,materialize-after-q06-predicate -> fused -> materialize-after-q06-time,2,2,materialize-after-q06-time,2026-07-21T01:37:24.008804+00:00,3506.1564,13875.0,1,sha256:5b1b60f63d1b4ca4ebae6df3c42c09410a88b25d8d51e4ed15f051dbc5ac6140
22,tpch-q6-block-022,materialize-after-q06-predicate -> fused -> materialize-after-q06-time,2,3,materialize-after-q06-time,2026-07-21T01:37:27.515257+00:00,4009.2348,15484.375,1,sha256:5b1b60f63d1b4ca4ebae6df3c42c09410a88b25d8d51e4ed15f051dbc5ac6140
22,tpch-q6-block-022,materialize-after-q06-predicate -> fused -> materialize-after-q06-time,2,4,materialize-after-q06-time,2026-07-21T01:37:31.523827+00:00,3952.4091,15562.5,1,sha256:5b1b60f63d1b4ca4ebae6df3c42c09410a88b25d8d51e4ed15f051dbc5ac6140
23,tpch-q6-block-023,materialize-after-q06-predicate -> materialize-after-q06-time -> fused,0,0,materialize-after-q06-predicate,2026-07-21T01:37:35.492276+00:00,1005.515,3562.5,1,sha256:5b1b60f63d1b4ca4ebae6df3c42c09410a88b25d8d51e4ed15f051dbc5ac6140
23,tpch-q6-block-023,materialize-after-q06-predicate -> materialize-after-q06-time -> fused,0,1,materialize-after-q06-predicate,2026-07-21T01:37:36.497784+00:00,815.8174,3218.75,1,sha256:5b1b60f63d1b4ca4ebae6df3c42c09410a88b25d8d51e4ed15f051dbc5ac6140
23,tpch-q6-block-023,materialize-after-q06-predicate -> materialize-after-q06-time -> fused,0,2,materialize-after-q06-predicate,2026-07-21T01:37:37.314120+00:00,943.6888,3515.625,1,sha256:5b1b60f63d1b4ca4ebae6df3c42c09410a88b25d8d51e4ed15f051dbc5ac6140
23,tpch-q6-block-023,materialize-after-q06-predicate -> materialize-after-q06-time -> fused,0,3,materialize-after-q06-predicate,2026-07-21T01:37:38.258108+00:00,768.4762,2859.375,1,sha256:5b1b60f63d1b4ca4ebae6df3c42c09410a88b25d8d51e4ed15f051dbc5ac6140
23,tpch-q6-block-023,materialize-after-q06-predicate -> materialize-after-q06-time -> fused,0,4,materialize-after-q06-predicate,2026-07-21T01:37:39.026582+00:00,989.075,3234.375,1,sha256:5b1b60f63d1b4ca4ebae6df3c42c09410a88b25d8d51e4ed15f051dbc5ac6140
23,tpch-q6-block-023,materialize-after-q06-predicate -> materialize-after-q06-time -> fused,1,0,materialize-after-q06-time,2026-07-21T01:37:40.015406+00:00,4150.3214,16031.25,1,sha256:5b1b60f63d1b4ca4ebae6df3c42c09410a88b25d8d51e4ed15f051dbc5ac6140
23,tpch-q6-block-023,materialize-after-q06-predicate -> materialize-after-q06-time -> fused,1,1,materialize-after-q06-time,2026-07-21T01:37:44.166568+00:00,3923.2338,15515.625,1,sha256:5b1b60f63d1b4ca4ebae6df3c42c09410a88b25d8d51e4ed15f051dbc5ac6140
23,tpch-q6-block-023,materialize-after-q06-predicate -> materialize-after-q06-time -> fused,1,2,materialize-after-q06-time,2026-07-21T01:37:48.089958+00:00,3450.2015,13796.875,1,sha256:5b1b60f63d1b4ca4ebae6df3c42c09410a88b25d8d51e4ed15f051dbc5ac6140
23,tpch-q6-block-023,materialize-after-q06-predicate -> materialize-after-q06-time -> fused,1,3,materialize-after-q06-time,2026-07-21T01:37:51.540421+00:00,3352.5758,13375.0,1,sha256:5b1b60f63d1b4ca4ebae6df3c42c09410a88b25d8d51e4ed15f051dbc5ac6140
23,tpch-q6-block-023,materialize-after-q06-predicate -> materialize-after-q06-time -> fused,1,4,materialize-after-q06-time,2026-07-21T01:37:54.892469+00:00,3392.0649,13468.75,1,sha256:5b1b60f63d1b4ca4ebae6df3c42c09410a88b25d8d51e4ed15f051dbc5ac6140
23,tpch-q6-block-023,materialize-after-q06-predicate -> materialize-after-q06-time -> fused,2,0,fused,2026-07-21T01:37:58.285352+00:00,585.9405,2296.875,1,sha256:5b1b60f63d1b4ca4ebae6df3c42c09410a88b25d8d51e4ed15f051dbc5ac6140
23,tpch-q6-block-023,materialize-after-q06-predicate -> materialize-after-q06-time -> fused,2,1,fused,2026-07-21T01:37:58.871688+00:00,608.8315,2437.5,1,sha256:5b1b60f63d1b4ca4ebae6df3c42c09410a88b25d8d51e4ed15f051dbc5ac6140
23,tpch-q6-block-023,materialize-after-q06-predicate -> materialize-after-q06-time -> fused,2,2,fused,2026-07-21T01:37:59.480298+00:00,620.3502,2453.125,1,sha256:5b1b60f63d1b4ca4ebae6df3c42c09410a88b25d8d51e4ed15f051dbc5ac6140
23,tpch-q6-block-023,materialize-after-q06-predicate -> materialize-after-q06-time -> fused,2,3,fused,2026-07-21T01:38:00.101137+00:00,611.6065,2437.5,1,sha256:5b1b60f63d1b4ca4ebae6df3c42c09410a88b25d8d51e4ed15f051dbc5ac6140
23,tpch-q6-block-023,materialize-after-q06-predicate -> materialize-after-q06-time -> fused,2,4,fused,2026-07-21T01:38:00.712611+00:00,617.3781,2468.75,1,sha256:5b1b60f63d1b4ca4ebae6df3c42c09410a88b25d8d51e4ed15f051dbc5ac6140
24,tpch-q6-block-024,materialize-after-q06-time -> materialize-after-q06-predicate -> fused,0,0,materialize-after-q06-time,2026-07-21T01:38:01.342408+00:00,3536.7281,13984.375,1,sha256:5b1b60f63d1b4ca4ebae6df3c42c09410a88b25d8d51e4ed15f051dbc5ac6140
24,tpch-q6-block-024,materialize-after-q06-time -> materialize-after-q06-predicate -> fused,0,1,materialize-after-q06-time,2026-07-21T01:38:04.879696+00:00,3355.6779,13359.375,1,sha256:5b1b60f63d1b4ca4ebae6df3c42c09410a88b25d8d51e4ed15f051dbc5ac6140
24,tpch-q6-block-024,materialize-after-q06-time -> materialize-after-q06-predicate -> fused,0,2,materialize-after-q06-time,2026-07-21T01:38:08.235594+00:00,3315.2486,13203.125,1,sha256:5b1b60f63d1b4ca4ebae6df3c42c09410a88b25d8d51e4ed15f051dbc5ac6140
24,tpch-q6-block-024,materialize-after-q06-time -> materialize-after-q06-predicate -> fused,0,3,materialize-after-q06-time,2026-07-21T01:38:11.551180+00:00,3330.998,13296.875,1,sha256:5b1b60f63d1b4ca4ebae6df3c42c09410a88b25d8d51e4ed15f051dbc5ac6140
24,tpch-q6-block-024,materialize-after-q06-time -> materialize-after-q06-predicate -> fused,0,4,materialize-after-q06-time,2026-07-21T01:38:14.882536+00:00,3304.8697,13156.25,1,sha256:5b1b60f63d1b4ca4ebae6df3c42c09410a88b25d8d51e4ed15f051dbc5ac6140
24,tpch-q6-block-024,materialize-after-q06-time -> materialize-after-q06-predicate -> fused,1,0,materialize-after-q06-predicate,2026-07-21T01:38:18.187549+00:00,651.7418,2578.125,1,sha256:5b1b60f63d1b4ca4ebae6df3c42c09410a88b25d8d51e4ed15f051dbc5ac6140
24,tpch-q6-block-024,materialize-after-q06-time -> materialize-after-q06-predicate -> fused,1,1,materialize-after-q06-predicate,2026-07-21T01:38:18.839117+00:00,692.9312,2750.0,1,sha256:5b1b60f63d1b4ca4ebae6df3c42c09410a88b25d8d51e4ed15f051dbc5ac6140
24,tpch-q6-block-024,materialize-after-q06-time -> materialize-after-q06-predicate -> fused,1,2,materialize-after-q06-predicate,2026-07-21T01:38:19.532074+00:00,662.1993,2640.625,1,sha256:5b1b60f63d1b4ca4ebae6df3c42c09410a88b25d8d51e4ed15f051dbc5ac6140
24,tpch-q6-block-024,materialize-after-q06-time -> materialize-after-q06-predicate -> fused,1,3,materialize-after-q06-predicate,2026-07-21T01:38:20.194575+00:00,701.6897,2812.5,1,sha256:5b1b60f63d1b4ca4ebae6df3c42c09410a88b25d8d51e4ed15f051dbc5ac6140
24,tpch-q6-block-024,materialize-after-q06-time -> materialize-after-q06-predicate -> fused,1,4,materialize-after-q06-predicate,2026-07-21T01:38:20.896286+00:00,668.9996,2640.625,1,sha256:5b1b60f63d1b4ca4ebae6df3c42c09410a88b25d8d51e4ed15f051dbc5ac6140
24,tpch-q6-block-024,materialize-after-q06-time -> materialize-after-q06-predicate -> fused,2,0,fused,2026-07-21T01:38:21.565803+00:00,597.5558,2375.0,1,sha256:5b1b60f63d1b4ca4ebae6df3c42c09410a88b25d8d51e4ed15f051dbc5ac6140
24,tpch-q6-block-024,materialize-after-q06-time -> materialize-after-q06-predicate -> fused,2,1,fused,2026-07-21T01:38:22.163328+00:00,600.1334,2375.0,1,sha256:5b1b60f63d1b4ca4ebae6df3c42c09410a88b25d8d51e4ed15f051dbc5ac6140
24,tpch-q6-block-024,materialize-after-q06-time -> materialize-after-q06-predicate -> fused,2,2,fused,2026-07-21T01:38:22.764119+00:00,602.9941,2390.625,1,sha256:5b1b60f63d1b4ca4ebae6df3c42c09410a88b25d8d51e4ed15f051dbc5ac6140
24,tpch-q6-block-024,materialize-after-q06-time -> materialize-after-q06-predicate -> fused,2,3,fused,2026-07-21T01:38:23.367338+00:00,579.5772,2312.5,1,sha256:5b1b60f63d1b4ca4ebae6df3c42c09410a88b25d8d51e4ed15f051dbc5ac6140
24,tpch-q6-block-024,materialize-after-q06-time -> materialize-after-q06-predicate -> fused,2,4,fused,2026-07-21T01:38:23.946497+00:00,605.2364,2421.875,1,sha256:5b1b60f63d1b4ca4ebae6df3c42c09410a88b25d8d51e4ed15f051dbc5ac6140
25,tpch-q6-block-025,materialize-after-q06-predicate -> materialize-after-q06-time -> fused,0,0,materialize-after-q06-predicate,2026-07-21T01:38:24.565372+00:00,678.2258,2687.5,1,sha256:5b1b60f63d1b4ca4ebae6df3c42c09410a88b25d8d51e4ed15f051dbc5ac6140
25,tpch-q6-block-025,materialize-after-q06-predicate -> materialize-after-q06-time -> fused,0,1,materialize-after-q06-predicate,2026-07-21T01:38:25.244462+00:00,788.5727,3000.0,1,sha256:5b1b60f63d1b4ca4ebae6df3c42c09410a88b25d8d51e4ed15f051dbc5ac6140
25,tpch-q6-block-025,materialize-after-q06-predicate -> materialize-after-q06-time -> fused,0,2,materialize-after-q06-predicate,2026-07-21T01:38:26.032725+00:00,755.6691,2968.75,1,sha256:5b1b60f63d1b4ca4ebae6df3c42c09410a88b25d8d51e4ed15f051dbc5ac6140
25,tpch-q6-block-025,materialize-after-q06-predicate -> materialize-after-q06-time -> fused,0,3,materialize-after-q06-predicate,2026-07-21T01:38:26.788685+00:00,691.0632,2750.0,1,sha256:5b1b60f63d1b4ca4ebae6df3c42c09410a88b25d8d51e4ed15f051dbc5ac6140
25,tpch-q6-block-025,materialize-after-q06-predicate -> materialize-after-q06-time -> fused,0,4,materialize-after-q06-predicate,2026-07-21T01:38:27.480202+00:00,846.0305,3250.0,1,sha256:5b1b60f63d1b4ca4ebae6df3c42c09410a88b25d8d51e4ed15f051dbc5ac6140
25,tpch-q6-block-025,materialize-after-q06-predicate -> materialize-after-q06-time -> fused,1,0,materialize-after-q06-time,2026-07-21T01:38:28.325697+00:00,3963.8211,15609.375,1,sha256:5b1b60f63d1b4ca4ebae6df3c42c09410a88b25d8d51e4ed15f051dbc5ac6140
25,tpch-q6-block-025,materialize-after-q06-predicate -> materialize-after-q06-time -> fused,1,1,materialize-after-q06-time,2026-07-21T01:38:32.290091+00:00,3561.2261,14140.625,1,sha256:5b1b60f63d1b4ca4ebae6df3c42c09410a88b25d8d51e4ed15f051dbc5ac6140
25,tpch-q6-block-025,materialize-after-q06-predicate -> materialize-after-q06-time -> fused,1,2,materialize-after-q06-time,2026-07-21T01:38:35.851608+00:00,3831.5935,14703.125,1,sha256:5b1b60f63d1b4ca4ebae6df3c42c09410a88b25d8d51e4ed15f051dbc5ac6140
25,tpch-q6-block-025,materialize-after-q06-predicate -> materialize-after-q06-time -> fused,1,3,materialize-after-q06-time,2026-07-21T01:38:39.683786+00:00,3858.6622,15140.625,1,sha256:5b1b60f63d1b4ca4ebae6df3c42c09410a88b25d8d51e4ed15f051dbc5ac6140
25,tpch-q6-block-025,materialize-after-q06-predicate -> materialize-after-q06-time -> fused,1,4,materialize-after-q06-time,2026-07-21T01:38:43.542249+00:00,3605.9899,14390.625,1,sha256:5b1b60f63d1b4ca4ebae6df3c42c09410a88b25d8d51e4ed15f051dbc5ac6140
25,tpch-q6-block-025,materialize-after-q06-predicate -> materialize-after-q06-time -> fused,2,0,fused,2026-07-21T01:38:47.148357+00:00,615.635,2437.5,1,sha256:5b1b60f63d1b4ca4ebae6df3c42c09410a88b25d8d51e4ed15f051dbc5ac6140
25,tpch-q6-block-025,materialize-after-q06-predicate -> materialize-after-q06-time -> fused,2,1,fused,2026-07-21T01:38:47.764573+00:00,703.4678,2734.375,1,sha256:5b1b60f63d1b4ca4ebae6df3c42c09410a88b25d8d51e4ed15f051dbc5ac6140
25,tpch-q6-block-025,materialize-after-q06-predicate -> materialize-after-q06-time -> fused,2,2,fused,2026-07-21T01:38:48.467915+00:00,672.9041,2625.0,1,sha256:5b1b60f63d1b4ca4ebae6df3c42c09410a88b25d8d51e4ed15f051dbc5ac6140
25,tpch-q6-block-025,materialize-after-q06-predicate -> materialize-after-q06-time -> fused,2,3,fused,2026-07-21T01:38:49.140948+00:00,637.6422,2484.375,1,sha256:5b1b60f63d1b4ca4ebae6df3c42c09410a88b25d8d51e4ed15f051dbc5ac6140
25,tpch-q6-block-025,materialize-after-q06-predicate -> materialize-after-q06-time -> fused,2,4,fused,2026-07-21T01:38:49.778917+00:00,592.4089,2328.125,1,sha256:5b1b60f63d1b4ca4ebae6df3c42c09410a88b25d8d51e4ed15f051dbc5ac6140
26,tpch-q6-block-026,materialize-after-q06-predicate -> fused -> materialize-after-q06-time,0,0,materialize-after-q06-predicate,2026-07-21T01:38:50.385713+00:00,683.4415,2734.375,1,sha256:5b1b60f63d1b4ca4ebae6df3c42c09410a88b25d8d51e4ed15f051dbc5ac6140
26,tpch-q6-block-026,materialize-after-q06-predicate -> fused -> materialize-after-q06-time,0,1,materialize-after-q06-predicate,2026-07-21T01:38:51.069079+00:00,785.442,3093.75,1,sha256:5b1b60f63d1b4ca4ebae6df3c42c09410a88b25d8d51e4ed15f051dbc5ac6140
26,tpch-q6-block-026,materialize-after-q06-predicate -> fused -> materialize-after-q06-time,0,2,materialize-after-q06-predicate,2026-07-21T01:38:51.855228+00:00,750.0482,2953.125,1,sha256:5b1b60f63d1b4ca4ebae6df3c42c09410a88b25d8d51e4ed15f051dbc5ac6140
26,tpch-q6-block-026,materialize-after-q06-predicate -> fused -> materialize-after-q06-time,0,3,materialize-after-q06-predicate,2026-07-21T01:38:52.605390+00:00,707.7297,2812.5,1,sha256:5b1b60f63d1b4ca4ebae6df3c42c09410a88b25d8d51e4ed15f051dbc5ac6140
26,tpch-q6-block-026,materialize-after-q06-predicate -> fused -> materialize-after-q06-time,0,4,materialize-after-q06-predicate,2026-07-21T01:38:53.312548+00:00,794.5056,3109.375,1,sha256:5b1b60f63d1b4ca4ebae6df3c42c09410a88b25d8d51e4ed15f051dbc5ac6140
26,tpch-q6-block-026,materialize-after-q06-predicate -> fused -> materialize-after-q06-time,1,0,fused,2026-07-21T01:38:54.108004+00:00,631.4061,2515.625,1,sha256:5b1b60f63d1b4ca4ebae6df3c42c09410a88b25d8d51e4ed15f051dbc5ac6140
26,tpch-q6-block-026,materialize-after-q06-predicate -> fused -> materialize-after-q06-time,1,1,fused,2026-07-21T01:38:54.739209+00:00,617.5935,2437.5,1,sha256:5b1b60f63d1b4ca4ebae6df3c42c09410a88b25d8d51e4ed15f051dbc5ac6140
26,tpch-q6-block-026,materialize-after-q06-predicate -> fused -> materialize-after-q06-time,1,2,fused,2026-07-21T01:38:55.357312+00:00,615.749,2421.875,1,sha256:5b1b60f63d1b4ca4ebae6df3c42c09410a88b25d8d51e4ed15f051dbc5ac6140
26,tpch-q6-block-026,materialize-after-q06-predicate -> fused -> materialize-after-q06-time,1,3,fused,2026-07-21T01:38:55.972873+00:00,741.1184,2875.0,1,sha256:5b1b60f63d1b4ca4ebae6df3c42c09410a88b25d8d51e4ed15f051dbc5ac6140
26,tpch-q6-block-026,materialize-after-q06-predicate -> fused -> materialize-after-q06-time,1,4,fused,2026-07-21T01:38:56.714399+00:00,816.6216,2906.25,1,sha256:5b1b60f63d1b4ca4ebae6df3c42c09410a88b25d8d51e4ed15f051dbc5ac6140
26,tpch-q6-block-026,materialize-after-q06-predicate -> fused -> materialize-after-q06-time,2,0,materialize-after-q06-time,2026-07-21T01:38:57.531607+00:00,3476.1168,13875.0,1,sha256:5b1b60f63d1b4ca4ebae6df3c42c09410a88b25d8d51e4ed15f051dbc5ac6140
26,tpch-q6-block-026,materialize-after-q06-predicate -> fused -> materialize-after-q06-time,2,1,materialize-after-q06-time,2026-07-21T01:39:01.007698+00:00,3534.7265,14000.0,1,sha256:5b1b60f63d1b4ca4ebae6df3c42c09410a88b25d8d51e4ed15f051dbc5ac6140
26,tpch-q6-block-026,materialize-after-q06-predicate -> fused -> materialize-after-q06-time,2,2,materialize-after-q06-time,2026-07-21T01:39:04.542704+00:00,3417.5705,13671.875,1,sha256:5b1b60f63d1b4ca4ebae6df3c42c09410a88b25d8d51e4ed15f051dbc5ac6140
26,tpch-q6-block-026,materialize-after-q06-predicate -> fused -> materialize-after-q06-time,2,3,materialize-after-q06-time,2026-07-21T01:39:07.960063+00:00,3793.916,14625.0,1,sha256:5b1b60f63d1b4ca4ebae6df3c42c09410a88b25d8d51e4ed15f051dbc5ac6140
26,tpch-q6-block-026,materialize-after-q06-predicate -> fused -> materialize-after-q06-time,2,4,materialize-after-q06-time,2026-07-21T01:39:11.754460+00:00,3737.3594,14187.5,1,sha256:5b1b60f63d1b4ca4ebae6df3c42c09410a88b25d8d51e4ed15f051dbc5ac6140
27,tpch-q6-block-027,fused -> materialize-after-q06-predicate -> materialize-after-q06-time,0,0,fused,2026-07-21T01:39:15.508482+00:00,985.905,3750.0,1,sha256:5b1b60f63d1b4ca4ebae6df3c42c09410a88b25d8d51e4ed15f051dbc5ac6140
27,tpch-q6-block-027,fused -> materialize-after-q06-predicate -> materialize-after-q06-time,0,1,fused,2026-07-21T01:39:16.494437+00:00,706.3859,2765.625,1,sha256:5b1b60f63d1b4ca4ebae6df3c42c09410a88b25d8d51e4ed15f051dbc5ac6140
27,tpch-q6-block-027,fused -> materialize-after-q06-predicate -> materialize-after-q06-time,0,2,fused,2026-07-21T01:39:17.200608+00:00,730.6106,2843.75,1,sha256:5b1b60f63d1b4ca4ebae6df3c42c09410a88b25d8d51e4ed15f051dbc5ac6140
27,tpch-q6-block-027,fused -> materialize-after-q06-predicate -> materialize-after-q06-time,0,3,fused,2026-07-21T01:39:17.931125+00:00,651.4327,2625.0,1,sha256:5b1b60f63d1b4ca4ebae6df3c42c09410a88b25d8d51e4ed15f051dbc5ac6140
27,tpch-q6-block-027,fused -> materialize-after-q06-predicate -> materialize-after-q06-time,0,4,fused,2026-07-21T01:39:18.583032+00:00,659.0194,2625.0,1,sha256:5b1b60f63d1b4ca4ebae6df3c42c09410a88b25d8d51e4ed15f051dbc5ac6140
27,tpch-q6-block-027,fused -> materialize-after-q06-predicate -> materialize-after-q06-time,1,0,materialize-after-q06-predicate,2026-07-21T01:39:19.242120+00:00,674.8888,2640.625,1,sha256:5b1b60f63d1b4ca4ebae6df3c42c09410a88b25d8d51e4ed15f051dbc5ac6140
27,tpch-q6-block-027,fused -> materialize-after-q06-predicate -> materialize-after-q06-time,1,1,materialize-after-q06-predicate,2026-07-21T01:39:19.917594+00:00,696.9094,2765.625,1,sha256:5b1b60f63d1b4ca4ebae6df3c42c09410a88b25d8d51e4ed15f051dbc5ac6140
27,tpch-q6-block-027,fused -> materialize-after-q06-predicate -> materialize-after-q06-time,1,2,materialize-after-q06-predicate,2026-07-21T01:39:20.614232+00:00,669.3516,2640.625,1,sha256:5b1b60f63d1b4ca4ebae6df3c42c09410a88b25d8d51e4ed15f051dbc5ac6140
27,tpch-q6-block-027,fused -> materialize-after-q06-predicate -> materialize-after-q06-time,1,3,materialize-after-q06-predicate,2026-07-21T01:39:21.283449+00:00,676.0986,2687.5,1,sha256:5b1b60f63d1b4ca4ebae6df3c42c09410a88b25d8d51e4ed15f051dbc5ac6140
27,tpch-q6-block-027,fused -> materialize-after-q06-predicate -> materialize-after-q06-time,1,4,materialize-after-q06-predicate,2026-07-21T01:39:21.960024+00:00,669.4589,2640.625,1,sha256:5b1b60f63d1b4ca4ebae6df3c42c09410a88b25d8d51e4ed15f051dbc5ac6140
27,tpch-q6-block-027,fused -> materialize-after-q06-predicate -> materialize-after-q06-time,2,0,materialize-after-q06-time,2026-07-21T01:39:22.629973+00:00,3399.5167,13453.125,1,sha256:5b1b60f63d1b4ca4ebae6df3c42c09410a88b25d8d51e4ed15f051dbc5ac6140
27,tpch-q6-block-027,fused -> materialize-after-q06-predicate -> materialize-after-q06-time,2,1,materialize-after-q06-time,2026-07-21T01:39:26.029096+00:00,3324.77,13250.0,1,sha256:5b1b60f63d1b4ca4ebae6df3c42c09410a88b25d8d51e4ed15f051dbc5ac6140
27,tpch-q6-block-027,fused -> materialize-after-q06-predicate -> materialize-after-q06-time,2,2,materialize-after-q06-time,2026-07-21T01:39:29.353893+00:00,3367.321,13437.5,1,sha256:5b1b60f63d1b4ca4ebae6df3c42c09410a88b25d8d51e4ed15f051dbc5ac6140
27,tpch-q6-block-027,fused -> materialize-after-q06-predicate -> materialize-after-q06-time,2,3,materialize-after-q06-time,2026-07-21T01:39:32.721994+00:00,3335.4263,13234.375,1,sha256:5b1b60f63d1b4ca4ebae6df3c42c09410a88b25d8d51e4ed15f051dbc5ac6140
27,tpch-q6-block-027,fused -> materialize-after-q06-predicate -> materialize-after-q06-time,2,4,materialize-after-q06-time,2026-07-21T01:39:36.057869+00:00,3349.0747,13359.375,1,sha256:5b1b60f63d1b4ca4ebae6df3c42c09410a88b25d8d51e4ed15f051dbc5ac6140
28,tpch-q6-block-028,materialize-after-q06-time -> fused -> materialize-after-q06-predicate,0,0,materialize-after-q06-time,2026-07-21T01:39:39.420956+00:00,3483.7657,13812.5,1,sha256:5b1b60f63d1b4ca4ebae6df3c42c09410a88b25d8d51e4ed15f051dbc5ac6140
28,tpch-q6-block-028,materialize-after-q06-time -> fused -> materialize-after-q06-predicate,0,1,materialize-after-q06-time,2026-07-21T01:39:42.905712+00:00,3277.6999,13046.875,1,sha256:5b1b60f63d1b4ca4ebae6df3c42c09410a88b25d8d51e4ed15f051dbc5ac6140
28,tpch-q6-block-028,materialize-after-q06-time -> fused -> materialize-after-q06-predicate,0,2,materialize-after-q06-time,2026-07-21T01:39:46.183607+00:00,3516.6951,13953.125,1,sha256:5b1b60f63d1b4ca4ebae6df3c42c09410a88b25d8d51e4ed15f051dbc5ac6140
28,tpch-q6-block-028,materialize-after-q06-time -> fused -> materialize-after-q06-predicate,0,3,materialize-after-q06-time,2026-07-21T01:39:49.700143+00:00,3311.6894,13171.875,1,sha256:5b1b60f63d1b4ca4ebae6df3c42c09410a88b25d8d51e4ed15f051dbc5ac6140
28,tpch-q6-block-028,materialize-after-q06-time -> fused -> materialize-after-q06-predicate,0,4,materialize-after-q06-time,2026-07-21T01:39:53.012156+00:00,3274.9498,13046.875,1,sha256:5b1b60f63d1b4ca4ebae6df3c42c09410a88b25d8d51e4ed15f051dbc5ac6140
28,tpch-q6-block-028,materialize-after-q06-time -> fused -> materialize-after-q06-predicate,1,0,fused,2026-07-21T01:39:56.287142+00:00,565.2169,2234.375,1,sha256:5b1b60f63d1b4ca4ebae6df3c42c09410a88b25d8d51e4ed15f051dbc5ac6140
28,tpch-q6-block-028,materialize-after-q06-time -> fused -> materialize-after-q06-predicate,1,1,fused,2026-07-21T01:39:56.852532+00:00,587.2111,2328.125,1,sha256:5b1b60f63d1b4ca4ebae6df3c42c09410a88b25d8d51e4ed15f051dbc5ac6140
28,tpch-q6-block-028,materialize-after-q06-time -> fused -> materialize-after-q06-predicate,1,2,fused,2026-07-21T01:39:57.439777+00:00,588.8641,2312.5,1,sha256:5b1b60f63d1b4ca4ebae6df3c42c09410a88b25d8d51e4ed15f051dbc5ac6140
28,tpch-q6-block-028,materialize-after-q06-time -> fused -> materialize-after-q06-predicate,1,3,fused,2026-07-21T01:39:58.028655+00:00,593.112,2328.125,1,sha256:5b1b60f63d1b4ca4ebae6df3c42c09410a88b25d8d51e4ed15f051dbc5ac6140
28,tpch-q6-block-028,materialize-after-q06-time -> fused -> materialize-after-q06-predicate,1,4,fused,2026-07-21T01:39:58.622257+00:00,582.8514,2296.875,1,sha256:5b1b60f63d1b4ca4ebae6df3c42c09410a88b25d8d51e4ed15f051dbc5ac6140
28,tpch-q6-block-028,materialize-after-q06-time -> fused -> materialize-after-q06-predicate,2,0,materialize-after-q06-predicate,2026-07-21T01:39:59.205090+00:00,678.6088,2656.25,1,sha256:5b1b60f63d1b4ca4ebae6df3c42c09410a88b25d8d51e4ed15f051dbc5ac6140
28,tpch-q6-block-028,materialize-after-q06-time -> fused -> materialize-after-q06-predicate,2,1,materialize-after-q06-predicate,2026-07-21T01:39:59.883667+00:00,691.9263,2750.0,1,sha256:5b1b60f63d1b4ca4ebae6df3c42c09410a88b25d8d51e4ed15f051dbc5ac6140
28,tpch-q6-block-028,materialize-after-q06-time -> fused -> materialize-after-q06-predicate,2,2,materialize-after-q06-predicate,2026-07-21T01:40:00.575667+00:00,677.6675,2656.25,1,sha256:5b1b60f63d1b4ca4ebae6df3c42c09410a88b25d8d51e4ed15f051dbc5ac6140
28,tpch-q6-block-028,materialize-after-q06-time -> fused -> materialize-after-q06-predicate,2,3,materialize-after-q06-predicate,2026-07-21T01:40:01.253619+00:00,679.2502,2687.5,1,sha256:5b1b60f63d1b4ca4ebae6df3c42c09410a88b25d8d51e4ed15f051dbc5ac6140
28,tpch-q6-block-028,materialize-after-q06-time -> fused -> materialize-after-q06-predicate,2,4,materialize-after-q06-predicate,2026-07-21T01:40:01.933375+00:00,683.4511,2703.125,1,sha256:5b1b60f63d1b4ca4ebae6df3c42c09410a88b25d8d51e4ed15f051dbc5ac6140
29,tpch-q6-block-029,fused -> materialize-after-q06-time -> materialize-after-q06-predicate,0,0,fused,2026-07-21T01:40:02.631202+00:00,627.9215,2484.375,1,sha256:5b1b60f63d1b4ca4ebae6df3c42c09410a88b25d8d51e4ed15f051dbc5ac6140
29,tpch-q6-block-029,fused -> materialize-after-q06-time -> materialize-after-q06-predicate,0,1,fused,2026-07-21T01:40:03.259900+00:00,785.1268,3046.875,1,sha256:5b1b60f63d1b4ca4ebae6df3c42c09410a88b25d8d51e4ed15f051dbc5ac6140
29,tpch-q6-block-029,fused -> materialize-after-q06-time -> materialize-after-q06-predicate,0,2,fused,2026-07-21T01:40:04.045250+00:00,605.6796,2390.625,1,sha256:5b1b60f63d1b4ca4ebae6df3c42c09410a88b25d8d51e4ed15f051dbc5ac6140
29,tpch-q6-block-029,fused -> materialize-after-q06-time -> materialize-after-q06-predicate,0,3,fused,2026-07-21T01:40:04.651102+00:00,556.6167,2250.0,1,sha256:5b1b60f63d1b4ca4ebae6df3c42c09410a88b25d8d51e4ed15f051dbc5ac6140
29,tpch-q6-block-029,fused -> materialize-after-q06-time -> materialize-after-q06-predicate,0,4,fused,2026-07-21T01:40:05.207734+00:00,591.9755,2343.75,1,sha256:5b1b60f63d1b4ca4ebae6df3c42c09410a88b25d8d51e4ed15f051dbc5ac6140
29,tpch-q6-block-029,fused -> materialize-after-q06-time -> materialize-after-q06-predicate,1,0,materialize-after-q06-time,2026-07-21T01:40:05.799843+00:00,3368.6299,13375.0,1,sha256:5b1b60f63d1b4ca4ebae6df3c42c09410a88b25d8d51e4ed15f051dbc5ac6140
29,tpch-q6-block-029,fused -> materialize-after-q06-time -> materialize-after-q06-predicate,1,1,materialize-after-q06-time,2026-07-21T01:40:09.168257+00:00,3559.583,14046.875,1,sha256:5b1b60f63d1b4ca4ebae6df3c42c09410a88b25d8d51e4ed15f051dbc5ac6140
29,tpch-q6-block-029,fused -> materialize-after-q06-time -> materialize-after-q06-predicate,1,2,materialize-after-q06-time,2026-07-21T01:40:12.728118+00:00,3753.5845,14765.625,1,sha256:5b1b60f63d1b4ca4ebae6df3c42c09410a88b25d8d51e4ed15f051dbc5ac6140
29,tpch-q6-block-029,fused -> materialize-after-q06-time -> materialize-after-q06-predicate,1,3,materialize-after-q06-time,2026-07-21T01:40:16.482508+00:00,3712.1391,14687.5,1,sha256:5b1b60f63d1b4ca4ebae6df3c42c09410a88b25d8d51e4ed15f051dbc5ac6140
29,tpch-q6-block-029,fused -> materialize-after-q06-time -> materialize-after-q06-predicate,1,4,materialize-after-q06-time,2026-07-21T01:40:20.194825+00:00,3597.25,14203.125,1,sha256:5b1b60f63d1b4ca4ebae6df3c42c09410a88b25d8d51e4ed15f051dbc5ac6140
29,tpch-q6-block-029,fused -> materialize-after-q06-time -> materialize-after-q06-predicate,2,0,materialize-after-q06-predicate,2026-07-21T01:40:23.791985+00:00,745.6083,2953.125,1,sha256:5b1b60f63d1b4ca4ebae6df3c42c09410a88b25d8d51e4ed15f051dbc5ac6140
29,tpch-q6-block-029,fused -> materialize-after-q06-time -> materialize-after-q06-predicate,2,1,materialize-after-q06-predicate,2026-07-21T01:40:24.537968+00:00,659.3731,2609.375,1,sha256:5b1b60f63d1b4ca4ebae6df3c42c09410a88b25d8d51e4ed15f051dbc5ac6140
29,tpch-q6-block-029,fused -> materialize-after-q06-time -> materialize-after-q06-predicate,2,2,materialize-after-q06-predicate,2026-07-21T01:40:25.197370+00:00,673.9395,2640.625,1,sha256:5b1b60f63d1b4ca4ebae6df3c42c09410a88b25d8d51e4ed15f051dbc5ac6140
29,tpch-q6-block-029,fused -> materialize-after-q06-time -> materialize-after-q06-predicate,2,3,materialize-after-q06-predicate,2026-07-21T01:40:25.871349+00:00,908.2415,3468.75,1,sha256:5b1b60f63d1b4ca4ebae6df3c42c09410a88b25d8d51e4ed15f051dbc5ac6140
29,tpch-q6-block-029,fused -> materialize-after-q06-time -> materialize-after-q06-predicate,2,4,materialize-after-q06-predicate,2026-07-21T01:40:26.779598+00:00,698.349,2750.0,1,sha256:5b1b60f63d1b4ca4ebae6df3c42c09410a88b25d8d51e4ed15f051dbc5ac6140
30,tpch-q6-block-030,fused -> materialize-after-q06-time -> materialize-after-q06-predicate,0,0,fused,2026-07-21T01:40:27.493439+00:00,625.534,2484.375,1,sha256:5b1b60f63d1b4ca4ebae6df3c42c09410a88b25d8d51e4ed15f051dbc5ac6140
30,tpch-q6-block-030,fused -> materialize-after-q06-time -> materialize-after-q06-predicate,0,1,fused,2026-07-21T01:40:28.119484+00:00,702.5849,2750.0,1,sha256:5b1b60f63d1b4ca4ebae6df3c42c09410a88b25d8d51e4ed15f051dbc5ac6140
30,tpch-q6-block-030,fused -> materialize-after-q06-time -> materialize-after-q06-predicate,0,2,fused,2026-07-21T01:40:28.822170+00:00,608.1907,2437.5,1,sha256:5b1b60f63d1b4ca4ebae6df3c42c09410a88b25d8d51e4ed15f051dbc5ac6140
30,tpch-q6-block-030,fused -> materialize-after-q06-time -> materialize-after-q06-predicate,0,3,fused,2026-07-21T01:40:29.430703+00:00,682.497,2656.25,1,sha256:5b1b60f63d1b4ca4ebae6df3c42c09410a88b25d8d51e4ed15f051dbc5ac6140
30,tpch-q6-block-030,fused -> materialize-after-q06-time -> materialize-after-q06-predicate,0,4,fused,2026-07-21T01:40:30.112983+00:00,622.9344,2468.75,1,sha256:5b1b60f63d1b4ca4ebae6df3c42c09410a88b25d8d51e4ed15f051dbc5ac6140
30,tpch-q6-block-030,fused -> materialize-after-q06-time -> materialize-after-q06-predicate,1,0,materialize-after-q06-time,2026-07-21T01:40:30.736657+00:00,3667.0923,14531.25,1,sha256:5b1b60f63d1b4ca4ebae6df3c42c09410a88b25d8d51e4ed15f051dbc5ac6140
30,tpch-q6-block-030,fused -> materialize-after-q06-time -> materialize-after-q06-predicate,1,1,materialize-after-q06-time,2026-07-21T01:40:34.403247+00:00,3794.048,15046.875,1,sha256:5b1b60f63d1b4ca4ebae6df3c42c09410a88b25d8d51e4ed15f051dbc5ac6140
30,tpch-q6-block-030,fused -> materialize-after-q06-time -> materialize-after-q06-predicate,1,2,materialize-after-q06-time,2026-07-21T01:40:38.198069+00:00,4346.5912,16921.875,1,sha256:5b1b60f63d1b4ca4ebae6df3c42c09410a88b25d8d51e4ed15f051dbc5ac6140
30,tpch-q6-block-030,fused -> materialize-after-q06-time -> materialize-after-q06-predicate,1,3,materialize-after-q06-time,2026-07-21T01:40:42.544076+00:00,3713.3165,14718.75,1,sha256:5b1b60f63d1b4ca4ebae6df3c42c09410a88b25d8d51e4ed15f051dbc5ac6140
30,tpch-q6-block-030,fused -> materialize-after-q06-time -> materialize-after-q06-predicate,1,4,materialize-after-q06-time,2026-07-21T01:40:46.257550+00:00,3573.5763,14109.375,1,sha256:5b1b60f63d1b4ca4ebae6df3c42c09410a88b25d8d51e4ed15f051dbc5ac6140
30,tpch-q6-block-030,fused -> materialize-after-q06-time -> materialize-after-q06-predicate,2,0,materialize-after-q06-predicate,2026-07-21T01:40:49.832019+00:00,751.2816,3000.0,1,sha256:5b1b60f63d1b4ca4ebae6df3c42c09410a88b25d8d51e4ed15f051dbc5ac6140
30,tpch-q6-block-030,fused -> materialize-after-q06-time -> materialize-after-q06-predicate,2,1,materialize-after-q06-predicate,2026-07-21T01:40:50.582773+00:00,752.5612,2906.25,1,sha256:5b1b60f63d1b4ca4ebae6df3c42c09410a88b25d8d51e4ed15f051dbc5ac6140
30,tpch-q6-block-030,fused -> materialize-after-q06-time -> materialize-after-q06-predicate,2,2,materialize-after-q06-predicate,2026-07-21T01:40:51.336157+00:00,713.7931,2828.125,1,sha256:5b1b60f63d1b4ca4ebae6df3c42c09410a88b25d8d51e4ed15f051dbc5ac6140
30,tpch-q6-block-030,fused -> materialize-after-q06-time -> materialize-after-q06-predicate,2,3,materialize-after-q06-predicate,2026-07-21T01:40:52.050297+00:00,878.0548,3437.5,1,sha256:5b1b60f63d1b4ca4ebae6df3c42c09410a88b25d8d51e4ed15f051dbc5ac6140
30,tpch-q6-block-030,fused -> materialize-after-q06-time -> materialize-after-q06-predicate,2,4,materialize-after-q06-predicate,2026-07-21T01:40:52.928151+00:00,825.7772,3250.0,1,sha256:5b1b60f63d1b4ca4ebae6df3c42c09410a88b25d8d51e4ed15f051dbc5ac6140
31,tpch-q6-block-031,materialize-after-q06-time -> fused -> materialize-after-q06-predicate,0,0,materialize-after-q06-time,2026-07-21T01:40:53.773699+00:00,3511.6905,13984.375,1,sha256:5b1b60f63d1b4ca4ebae6df3c42c09410a88b25d8d51e4ed15f051dbc5ac6140
31,tpch-q6-block-031,materialize-after-q06-time -> fused -> materialize-after-q06-predicate,0,1,materialize-after-q06-time,2026-07-21T01:40:57.285485+00:00,3796.2347,15000.0,1,sha256:5b1b60f63d1b4ca4ebae6df3c42c09410a88b25d8d51e4ed15f051dbc5ac6140
31,tpch-q6-block-031,materialize-after-q06-time -> fused -> materialize-after-q06-predicate,0,2,materialize-after-q06-time,2026-07-21T01:41:01.082030+00:00,3730.3238,14812.5,1,sha256:5b1b60f63d1b4ca4ebae6df3c42c09410a88b25d8d51e4ed15f051dbc5ac6140
31,tpch-q6-block-031,materialize-after-q06-time -> fused -> materialize-after-q06-predicate,0,3,materialize-after-q06-time,2026-07-21T01:41:04.812429+00:00,3783.1179,14984.375,1,sha256:5b1b60f63d1b4ca4ebae6df3c42c09410a88b25d8d51e4ed15f051dbc5ac6140
31,tpch-q6-block-031,materialize-after-q06-time -> fused -> materialize-after-q06-predicate,0,4,materialize-after-q06-time,2026-07-21T01:41:08.595993+00:00,3846.5854,15234.375,1,sha256:5b1b60f63d1b4ca4ebae6df3c42c09410a88b25d8d51e4ed15f051dbc5ac6140
31,tpch-q6-block-031,materialize-after-q06-time -> fused -> materialize-after-q06-predicate,1,0,fused,2026-07-21T01:41:12.442246+00:00,644.0903,2562.5,1,sha256:5b1b60f63d1b4ca4ebae6df3c42c09410a88b25d8d51e4ed15f051dbc5ac6140
31,tpch-q6-block-031,materialize-after-q06-time -> fused -> materialize-after-q06-predicate,1,1,fused,2026-07-21T01:41:13.087296+00:00,709.1074,2812.5,1,sha256:5b1b60f63d1b4ca4ebae6df3c42c09410a88b25d8d51e4ed15f051dbc5ac6140
31,tpch-q6-block-031,materialize-after-q06-time -> fused -> materialize-after-q06-predicate,1,2,fused,2026-07-21T01:41:13.796721+00:00,673.1253,2609.375,1,sha256:5b1b60f63d1b4ca4ebae6df3c42c09410a88b25d8d51e4ed15f051dbc5ac6140
31,tpch-q6-block-031,materialize-after-q06-time -> fused -> materialize-after-q06-predicate,1,3,fused,2026-07-21T01:41:14.469350+00:00,639.7294,2515.625,1,sha256:5b1b60f63d1b4ca4ebae6df3c42c09410a88b25d8d51e4ed15f051dbc5ac6140
31,tpch-q6-block-031,materialize-after-q06-time -> fused -> materialize-after-q06-predicate,1,4,fused,2026-07-21T01:41:15.109674+00:00,629.9663,2515.625,1,sha256:5b1b60f63d1b4ca4ebae6df3c42c09410a88b25d8d51e4ed15f051dbc5ac6140
31,tpch-q6-block-031,materialize-after-q06-time -> fused -> materialize-after-q06-predicate,2,0,materialize-after-q06-predicate,2026-07-21T01:41:15.739580+00:00,885.4691,3250.0,1,sha256:5b1b60f63d1b4ca4ebae6df3c42c09410a88b25d8d51e4ed15f051dbc5ac6140
31,tpch-q6-block-031,materialize-after-q06-time -> fused -> materialize-after-q06-predicate,2,1,materialize-after-q06-predicate,2026-07-21T01:41:16.625290+00:00,749.0239,2921.875,1,sha256:5b1b60f63d1b4ca4ebae6df3c42c09410a88b25d8d51e4ed15f051dbc5ac6140
31,tpch-q6-block-031,materialize-after-q06-time -> fused -> materialize-after-q06-predicate,2,2,materialize-after-q06-predicate,2026-07-21T01:41:17.374093+00:00,801.3046,3156.25,1,sha256:5b1b60f63d1b4ca4ebae6df3c42c09410a88b25d8d51e4ed15f051dbc5ac6140
31,tpch-q6-block-031,materialize-after-q06-time -> fused -> materialize-after-q06-predicate,2,3,materialize-after-q06-predicate,2026-07-21T01:41:18.176125+00:00,914.5157,3359.375,1,sha256:5b1b60f63d1b4ca4ebae6df3c42c09410a88b25d8d51e4ed15f051dbc5ac6140
31,tpch-q6-block-031,materialize-after-q06-time -> fused -> materialize-after-q06-predicate,2,4,materialize-after-q06-predicate,2026-07-21T01:41:19.090405+00:00,717.0304,2828.125,1,sha256:5b1b60f63d1b4ca4ebae6df3c42c09410a88b25d8d51e4ed15f051dbc5ac6140
32,tpch-q6-block-032,fused -> materialize-after-q06-predicate -> materialize-after-q06-time,0,0,fused,2026-07-21T01:41:19.823589+00:00,663.574,2625.0,1,sha256:5b1b60f63d1b4ca4ebae6df3c42c09410a88b25d8d51e4ed15f051dbc5ac6140
32,tpch-q6-block-032,fused -> materialize-after-q06-predicate -> materialize-after-q06-time,0,1,fused,2026-07-21T01:41:20.487918+00:00,718.952,2859.375,1,sha256:5b1b60f63d1b4ca4ebae6df3c42c09410a88b25d8d51e4ed15f051dbc5ac6140
32,tpch-q6-block-032,fused -> materialize-after-q06-predicate -> materialize-after-q06-time,0,2,fused,2026-07-21T01:41:21.206626+00:00,661.067,2593.75,1,sha256:5b1b60f63d1b4ca4ebae6df3c42c09410a88b25d8d51e4ed15f051dbc5ac6140
32,tpch-q6-block-032,fused -> materialize-after-q06-predicate -> materialize-after-q06-time,0,3,fused,2026-07-21T01:41:21.867855+00:00,725.0946,2843.75,1,sha256:5b1b60f63d1b4ca4ebae6df3c42c09410a88b25d8d51e4ed15f051dbc5ac6140
32,tpch-q6-block-032,fused -> materialize-after-q06-predicate -> materialize-after-q06-time,0,4,fused,2026-07-21T01:41:22.592984+00:00,674.5695,2625.0,1,sha256:5b1b60f63d1b4ca4ebae6df3c42c09410a88b25d8d51e4ed15f051dbc5ac6140
32,tpch-q6-block-032,fused -> materialize-after-q06-predicate -> materialize-after-q06-time,1,0,materialize-after-q06-predicate,2026-07-21T01:41:23.267991+00:00,879.8609,3390.625,1,sha256:5b1b60f63d1b4ca4ebae6df3c42c09410a88b25d8d51e4ed15f051dbc5ac6140
32,tpch-q6-block-032,fused -> materialize-after-q06-predicate -> materialize-after-q06-time,1,1,materialize-after-q06-predicate,2026-07-21T01:41:24.147919+00:00,993.4691,3625.0,1,sha256:5b1b60f63d1b4ca4ebae6df3c42c09410a88b25d8d51e4ed15f051dbc5ac6140
32,tpch-q6-block-032,fused -> materialize-after-q06-predicate -> materialize-after-q06-time,1,2,materialize-after-q06-predicate,2026-07-21T01:41:25.142043+00:00,702.6195,2734.375,1,sha256:5b1b60f63d1b4ca4ebae6df3c42c09410a88b25d8d51e4ed15f051dbc5ac6140
32,tpch-q6-block-032,fused -> materialize-after-q06-predicate -> materialize-after-q06-time,1,3,materialize-after-q06-predicate,2026-07-21T01:41:25.844969+00:00,732.3307,2875.0,1,sha256:5b1b60f63d1b4ca4ebae6df3c42c09410a88b25d8d51e4ed15f051dbc5ac6140
32,tpch-q6-block-032,fused -> materialize-after-q06-predicate -> materialize-after-q06-time,1,4,materialize-after-q06-predicate,2026-07-21T01:41:26.577518+00:00,701.8912,2765.625,1,sha256:5b1b60f63d1b4ca4ebae6df3c42c09410a88b25d8d51e4ed15f051dbc5ac6140
32,tpch-q6-block-032,fused -> materialize-after-q06-predicate -> materialize-after-q06-time,2,0,materialize-after-q06-time,2026-07-21T01:41:27.279421+00:00,6310.9176,21578.125,1,sha256:5b1b60f63d1b4ca4ebae6df3c42c09410a88b25d8d51e4ed15f051dbc5ac6140
32,tpch-q6-block-032,fused -> materialize-after-q06-predicate -> materialize-after-q06-time,2,1,materialize-after-q06-time,2026-07-21T01:41:33.589783+00:00,4323.1895,16734.375,1,sha256:5b1b60f63d1b4ca4ebae6df3c42c09410a88b25d8d51e4ed15f051dbc5ac6140
32,tpch-q6-block-032,fused -> materialize-after-q06-predicate -> materialize-after-q06-time,2,2,materialize-after-q06-time,2026-07-21T01:41:37.913778+00:00,3672.3739,14625.0,1,sha256:5b1b60f63d1b4ca4ebae6df3c42c09410a88b25d8d51e4ed15f051dbc5ac6140
32,tpch-q6-block-032,fused -> materialize-after-q06-predicate -> materialize-after-q06-time,2,3,materialize-after-q06-time,2026-07-21T01:41:41.585814+00:00,3707.9269,14703.125,1,sha256:5b1b60f63d1b4ca4ebae6df3c42c09410a88b25d8d51e4ed15f051dbc5ac6140
32,tpch-q6-block-032,fused -> materialize-after-q06-predicate -> materialize-after-q06-time,2,4,materialize-after-q06-time,2026-07-21T01:41:45.293932+00:00,3420.2569,13593.75,1,sha256:5b1b60f63d1b4ca4ebae6df3c42c09410a88b25d8d51e4ed15f051dbc5ac6140
33,tpch-q6-block-033,materialize-after-q06-predicate -> materialize-after-q06-time -> fused,0,0,materialize-after-q06-predicate,2026-07-21T01:41:48.731017+00:00,688.1025,2687.5,1,sha256:5b1b60f63d1b4ca4ebae6df3c42c09410a88b25d8d51e4ed15f051dbc5ac6140
33,tpch-q6-block-033,materialize-after-q06-predicate -> materialize-after-q06-time -> fused,0,1,materialize-after-q06-predicate,2026-07-21T01:41:49.419886+00:00,760.6871,2968.75,1,sha256:5b1b60f63d1b4ca4ebae6df3c42c09410a88b25d8d51e4ed15f051dbc5ac6140
33,tpch-q6-block-033,materialize-after-q06-predicate -> materialize-after-q06-time -> fused,0,2,materialize-after-q06-predicate,2026-07-21T01:41:50.179834+00:00,704.1878,2781.25,1,sha256:5b1b60f63d1b4ca4ebae6df3c42c09410a88b25d8d51e4ed15f051dbc5ac6140
33,tpch-q6-block-033,materialize-after-q06-predicate -> materialize-after-q06-time -> fused,0,3,materialize-after-q06-predicate,2026-07-21T01:41:50.885024+00:00,689.0933,2750.0,1,sha256:5b1b60f63d1b4ca4ebae6df3c42c09410a88b25d8d51e4ed15f051dbc5ac6140
33,tpch-q6-block-033,materialize-after-q06-predicate -> materialize-after-q06-time -> fused,0,4,materialize-after-q06-predicate,2026-07-21T01:41:51.574515+00:00,684.0346,2687.5,1,sha256:5b1b60f63d1b4ca4ebae6df3c42c09410a88b25d8d51e4ed15f051dbc5ac6140
33,tpch-q6-block-033,materialize-after-q06-predicate -> materialize-after-q06-time -> fused,1,0,materialize-after-q06-time,2026-07-21T01:41:52.258267+00:00,3329.886,13218.75,1,sha256:5b1b60f63d1b4ca4ebae6df3c42c09410a88b25d8d51e4ed15f051dbc5ac6140
33,tpch-q6-block-033,materialize-after-q06-predicate -> materialize-after-q06-time -> fused,1,1,materialize-after-q06-time,2026-07-21T01:41:55.588622+00:00,4047.7033,15875.0,1,sha256:5b1b60f63d1b4ca4ebae6df3c42c09410a88b25d8d51e4ed15f051dbc5ac6140
33,tpch-q6-block-033,materialize-after-q06-predicate -> materialize-after-q06-time -> fused,1,2,materialize-after-q06-time,2026-07-21T01:41:59.636864+00:00,3806.4581,14828.125,1,sha256:5b1b60f63d1b4ca4ebae6df3c42c09410a88b25d8d51e4ed15f051dbc5ac6140
33,tpch-q6-block-033,materialize-after-q06-predicate -> materialize-after-q06-time -> fused,1,3,materialize-after-q06-time,2026-07-21T01:42:03.443029+00:00,4021.4626,15703.125,1,sha256:5b1b60f63d1b4ca4ebae6df3c42c09410a88b25d8d51e4ed15f051dbc5ac6140
33,tpch-q6-block-033,materialize-after-q06-predicate -> materialize-after-q06-time -> fused,1,4,materialize-after-q06-time,2026-07-21T01:42:07.464289+00:00,3808.6785,14828.125,1,sha256:5b1b60f63d1b4ca4ebae6df3c42c09410a88b25d8d51e4ed15f051dbc5ac6140
33,tpch-q6-block-033,materialize-after-q06-predicate -> materialize-after-q06-time -> fused,2,0,fused,2026-07-21T01:42:11.273650+00:00,740.8272,2843.75,1,sha256:5b1b60f63d1b4ca4ebae6df3c42c09410a88b25d8d51e4ed15f051dbc5ac6140
33,tpch-q6-block-033,materialize-after-q06-predicate -> materialize-after-q06-time -> fused,2,1,fused,2026-07-21T01:42:12.014894+00:00,909.1397,3359.375,1,sha256:5b1b60f63d1b4ca4ebae6df3c42c09410a88b25d8d51e4ed15f051dbc5ac6140
33,tpch-q6-block-033,materialize-after-q06-predicate -> materialize-after-q06-time -> fused,2,2,fused,2026-07-21T01:42:12.923672+00:00,1096.8722,3781.25,1,sha256:5b1b60f63d1b4ca4ebae6df3c42c09410a88b25d8d51e4ed15f051dbc5ac6140
33,tpch-q6-block-033,materialize-after-q06-predicate -> materialize-after-q06-time -> fused,2,3,fused,2026-07-21T01:42:14.021104+00:00,929.741,3406.25,1,sha256:5b1b60f63d1b4ca4ebae6df3c42c09410a88b25d8d51e4ed15f051dbc5ac6140
33,tpch-q6-block-033,materialize-after-q06-predicate -> materialize-after-q06-time -> fused,2,4,fused,2026-07-21T01:42:14.951266+00:00,993.0491,3687.5,1,sha256:5b1b60f63d1b4ca4ebae6df3c42c09410a88b25d8d51e4ed15f051dbc5ac6140
34,tpch-q6-block-034,materialize-after-q06-predicate -> fused -> materialize-after-q06-time,0,0,materialize-after-q06-predicate,2026-07-21T01:42:15.962972+00:00,767.2321,2906.25,1,sha256:5b1b60f63d1b4ca4ebae6df3c42c09410a88b25d8d51e4ed15f051dbc5ac6140
34,tpch-q6-block-034,materialize-after-q06-predicate -> fused -> materialize-after-q06-time,0,1,materialize-after-q06-predicate,2026-07-21T01:42:16.729557+00:00,753.9503,3000.0,1,sha256:5b1b60f63d1b4ca4ebae6df3c42c09410a88b25d8d51e4ed15f051dbc5ac6140
34,tpch-q6-block-034,materialize-after-q06-predicate -> fused -> materialize-after-q06-time,0,2,materialize-after-q06-predicate,2026-07-21T01:42:17.484300+00:00,752.3081,2953.125,1,sha256:5b1b60f63d1b4ca4ebae6df3c42c09410a88b25d8d51e4ed15f051dbc5ac6140
34,tpch-q6-block-034,materialize-after-q06-predicate -> fused -> materialize-after-q06-time,0,3,materialize-after-q06-predicate,2026-07-21T01:42:18.236245+00:00,727.1162,2843.75,1,sha256:5b1b60f63d1b4ca4ebae6df3c42c09410a88b25d8d51e4ed15f051dbc5ac6140
34,tpch-q6-block-034,materialize-after-q06-predicate -> fused -> materialize-after-q06-time,0,4,materialize-after-q06-predicate,2026-07-21T01:42:18.964136+00:00,776.082,3125.0,1,sha256:5b1b60f63d1b4ca4ebae6df3c42c09410a88b25d8d51e4ed15f051dbc5ac6140
34,tpch-q6-block-034,materialize-after-q06-predicate -> fused -> materialize-after-q06-time,1,0,fused,2026-07-21T01:42:19.740024+00:00,652.7755,2578.125,1,sha256:5b1b60f63d1b4ca4ebae6df3c42c09410a88b25d8d51e4ed15f051dbc5ac6140
34,tpch-q6-block-034,materialize-after-q06-predicate -> fused -> materialize-after-q06-time,1,1,fused,2026-07-21T01:42:20.392687+00:00,613.8781,2421.875,1,sha256:5b1b60f63d1b4ca4ebae6df3c42c09410a88b25d8d51e4ed15f051dbc5ac6140
34,tpch-q6-block-034,materialize-after-q06-predicate -> fused -> materialize-after-q06-time,1,2,fused,2026-07-21T01:42:21.007219+00:00,655.8554,2531.25,1,sha256:5b1b60f63d1b4ca4ebae6df3c42c09410a88b25d8d51e4ed15f051dbc5ac6140
34,tpch-q6-block-034,materialize-after-q06-predicate -> fused -> materialize-after-q06-time,1,3,fused,2026-07-21T01:42:21.663627+00:00,590.0259,2359.375,1,sha256:5b1b60f63d1b4ca4ebae6df3c42c09410a88b25d8d51e4ed15f051dbc5ac6140
34,tpch-q6-block-034,materialize-after-q06-predicate -> fused -> materialize-after-q06-time,1,4,fused,2026-07-21T01:42:22.253359+00:00,648.9693,2562.5,1,sha256:5b1b60f63d1b4ca4ebae6df3c42c09410a88b25d8d51e4ed15f051dbc5ac6140
34,tpch-q6-block-034,materialize-after-q06-predicate -> fused -> materialize-after-q06-time,2,0,materialize-after-q06-time,2026-07-21T01:42:22.903129+00:00,3573.4069,14125.0,1,sha256:5b1b60f63d1b4ca4ebae6df3c42c09410a88b25d8d51e4ed15f051dbc5ac6140
34,tpch-q6-block-034,materialize-after-q06-predicate -> fused -> materialize-after-q06-time,2,1,materialize-after-q06-time,2026-07-21T01:42:26.476297+00:00,3392.9543,13468.75,1,sha256:5b1b60f63d1b4ca4ebae6df3c42c09410a88b25d8d51e4ed15f051dbc5ac6140
34,tpch-q6-block-034,materialize-after-q06-predicate -> fused -> materialize-after-q06-time,2,2,materialize-after-q06-time,2026-07-21T01:42:29.869507+00:00,3372.0723,13437.5,1,sha256:5b1b60f63d1b4ca4ebae6df3c42c09410a88b25d8d51e4ed15f051dbc5ac6140
34,tpch-q6-block-034,materialize-after-q06-predicate -> fused -> materialize-after-q06-time,2,3,materialize-after-q06-time,2026-07-21T01:42:33.241511+00:00,3655.2096,14593.75,1,sha256:5b1b60f63d1b4ca4ebae6df3c42c09410a88b25d8d51e4ed15f051dbc5ac6140
34,tpch-q6-block-034,materialize-after-q06-predicate -> fused -> materialize-after-q06-time,2,4,materialize-after-q06-time,2026-07-21T01:42:36.897629+00:00,3571.5082,14078.125,1,sha256:5b1b60f63d1b4ca4ebae6df3c42c09410a88b25d8d51e4ed15f051dbc5ac6140
35,tpch-q6-block-035,materialize-after-q06-time -> materialize-after-q06-predicate -> fused,0,0,materialize-after-q06-time,2026-07-21T01:42:40.487568+00:00,5243.9282,19203.125,1,sha256:5b1b60f63d1b4ca4ebae6df3c42c09410a88b25d8d51e4ed15f051dbc5ac6140
35,tpch-q6-block-035,materialize-after-q06-time -> materialize-after-q06-predicate -> fused,0,1,materialize-after-q06-time,2026-07-21T01:42:45.731537+00:00,3795.0541,14953.125,1,sha256:5b1b60f63d1b4ca4ebae6df3c42c09410a88b25d8d51e4ed15f051dbc5ac6140
35,tpch-q6-block-035,materialize-after-q06-time -> materialize-after-q06-predicate -> fused,0,2,materialize-after-q06-time,2026-07-21T01:42:49.526292+00:00,3946.5857,15546.875,1,sha256:5b1b60f63d1b4ca4ebae6df3c42c09410a88b25d8d51e4ed15f051dbc5ac6140
35,tpch-q6-block-035,materialize-after-q06-time -> materialize-after-q06-predicate -> fused,0,3,materialize-after-q06-time,2026-07-21T01:42:53.473186+00:00,3620.2905,14250.0,1,sha256:5b1b60f63d1b4ca4ebae6df3c42c09410a88b25d8d51e4ed15f051dbc5ac6140
35,tpch-q6-block-035,materialize-after-q06-time -> materialize-after-q06-predicate -> fused,0,4,materialize-after-q06-time,2026-07-21T01:42:57.093784+00:00,3834.7184,14953.125,1,sha256:5b1b60f63d1b4ca4ebae6df3c42c09410a88b25d8d51e4ed15f051dbc5ac6140
35,tpch-q6-block-035,materialize-after-q06-time -> materialize-after-q06-predicate -> fused,1,0,materialize-after-q06-predicate,2026-07-21T01:43:00.929451+00:00,738.936,2937.5,1,sha256:5b1b60f63d1b4ca4ebae6df3c42c09410a88b25d8d51e4ed15f051dbc5ac6140
35,tpch-q6-block-035,materialize-after-q06-time -> materialize-after-q06-predicate -> fused,1,1,materialize-after-q06-predicate,2026-07-21T01:43:01.668502+00:00,701.2772,2765.625,1,sha256:5b1b60f63d1b4ca4ebae6df3c42c09410a88b25d8d51e4ed15f051dbc5ac6140
35,tpch-q6-block-035,materialize-after-q06-time -> materialize-after-q06-predicate -> fused,1,2,materialize-after-q06-predicate,2026-07-21T01:43:02.369220+00:00,699.6124,2812.5,1,sha256:5b1b60f63d1b4ca4ebae6df3c42c09410a88b25d8d51e4ed15f051dbc5ac6140
35,tpch-q6-block-035,materialize-after-q06-time -> materialize-after-q06-predicate -> fused,1,3,materialize-after-q06-predicate,2026-07-21T01:43:03.069553+00:00,701.1453,2812.5,1,sha256:5b1b60f63d1b4ca4ebae6df3c42c09410a88b25d8d51e4ed15f051dbc5ac6140
35,tpch-q6-block-035,materialize-after-q06-time -> materialize-after-q06-predicate -> fused,1,4,materialize-after-q06-predicate,2026-07-21T01:43:03.770349+00:00,684.4339,2703.125,1,sha256:5b1b60f63d1b4ca4ebae6df3c42c09410a88b25d8d51e4ed15f051dbc5ac6140
35,tpch-q6-block-035,materialize-after-q06-time -> materialize-after-q06-predicate -> fused,2,0,fused,2026-07-21T01:43:04.455152+00:00,599.4811,2375.0,1,sha256:5b1b60f63d1b4ca4ebae6df3c42c09410a88b25d8d51e4ed15f051dbc5ac6140
35,tpch-q6-block-035,materialize-after-q06-time -> materialize-after-q06-predicate -> fused,2,1,fused,2026-07-21T01:43:05.054487+00:00,629.8618,2484.375,1,sha256:5b1b60f63d1b4ca4ebae6df3c42c09410a88b25d8d51e4ed15f051dbc5ac6140
35,tpch-q6-block-035,materialize-after-q06-time -> materialize-after-q06-predicate -> fused,2,2,fused,2026-07-21T01:43:05.684414+00:00,607.0524,2390.625,1,sha256:5b1b60f63d1b4ca4ebae6df3c42c09410a88b25d8d51e4ed15f051dbc5ac6140
35,tpch-q6-block-035,materialize-after-q06-time -> materialize-after-q06-predicate -> fused,2,3,fused,2026-07-21T01:43:06.292184+00:00,606.5649,2437.5,1,sha256:5b1b60f63d1b4ca4ebae6df3c42c09410a88b25d8d51e4ed15f051dbc5ac6140
35,tpch-q6-block-035,materialize-after-q06-time -> materialize-after-q06-predicate -> fused,2,4,fused,2026-07-21T01:43:06.898860+00:00,607.5134,2437.5,1,sha256:5b1b60f63d1b4ca4ebae6df3c42c09410a88b25d8d51e4ed15f051dbc5ac6140
36,tpch-q6-block-036,materialize-after-q06-time -> materialize-after-q06-predicate -> fused,0,0,materialize-after-q06-time,2026-07-21T01:43:07.524664+00:00,3543.7841,14171.875,1,sha256:5b1b60f63d1b4ca4ebae6df3c42c09410a88b25d8d51e4ed15f051dbc5ac6140
36,tpch-q6-block-036,materialize-after-q06-time -> materialize-after-q06-predicate -> fused,0,1,materialize-after-q06-time,2026-07-21T01:43:11.069046+00:00,3977.4776,15609.375,1,sha256:5b1b60f63d1b4ca4ebae6df3c42c09410a88b25d8d51e4ed15f051dbc5ac6140
36,tpch-q6-block-036,materialize-after-q06-time -> materialize-after-q06-predicate -> fused,0,2,materialize-after-q06-time,2026-07-21T01:43:15.046149+00:00,3421.2341,13593.75,1,sha256:5b1b60f63d1b4ca4ebae6df3c42c09410a88b25d8d51e4ed15f051dbc5ac6140
36,tpch-q6-block-036,materialize-after-q06-time -> materialize-after-q06-predicate -> fused,0,3,materialize-after-q06-time,2026-07-21T01:43:18.468127+00:00,3641.5052,14421.875,1,sha256:5b1b60f63d1b4ca4ebae6df3c42c09410a88b25d8d51e4ed15f051dbc5ac6140
36,tpch-q6-block-036,materialize-after-q06-time -> materialize-after-q06-predicate -> fused,0,4,materialize-after-q06-time,2026-07-21T01:43:22.110119+00:00,3680.5398,14671.875,1,sha256:5b1b60f63d1b4ca4ebae6df3c42c09410a88b25d8d51e4ed15f051dbc5ac6140
36,tpch-q6-block-036,materialize-after-q06-time -> materialize-after-q06-predicate -> fused,1,0,materialize-after-q06-predicate,2026-07-21T01:43:25.790738+00:00,715.0782,2875.0,1,sha256:5b1b60f63d1b4ca4ebae6df3c42c09410a88b25d8d51e4ed15f051dbc5ac6140
36,tpch-q6-block-036,materialize-after-q06-time -> materialize-after-q06-predicate -> fused,1,1,materialize-after-q06-predicate,2026-07-21T01:43:26.505453+00:00,702.2364,2734.375,1,sha256:5b1b60f63d1b4ca4ebae6df3c42c09410a88b25d8d51e4ed15f051dbc5ac6140
36,tpch-q6-block-036,materialize-after-q06-time -> materialize-after-q06-predicate -> fused,1,2,materialize-after-q06-predicate,2026-07-21T01:43:27.208498+00:00,754.3498,2953.125,1,sha256:5b1b60f63d1b4ca4ebae6df3c42c09410a88b25d8d51e4ed15f051dbc5ac6140
36,tpch-q6-block-036,materialize-after-q06-time -> materialize-after-q06-predicate -> fused,1,3,materialize-after-q06-predicate,2026-07-21T01:43:27.963008+00:00,722.393,2875.0,1,sha256:5b1b60f63d1b4ca4ebae6df3c42c09410a88b25d8d51e4ed15f051dbc5ac6140
36,tpch-q6-block-036,materialize-after-q06-time -> materialize-after-q06-predicate -> fused,1,4,materialize-after-q06-predicate,2026-07-21T01:43:28.684951+00:00,693.7906,2718.75,1,sha256:5b1b60f63d1b4ca4ebae6df3c42c09410a88b25d8d51e4ed15f051dbc5ac6140
36,tpch-q6-block-036,materialize-after-q06-time -> materialize-after-q06-predicate -> fused,2,0,fused,2026-07-21T01:43:29.378766+00:00,617.3562,2437.5,1,sha256:5b1b60f63d1b4ca4ebae6df3c42c09410a88b25d8d51e4ed15f051dbc5ac6140
36,tpch-q6-block-036,materialize-after-q06-time -> materialize-after-q06-predicate -> fused,2,1,fused,2026-07-21T01:43:29.997098+00:00,619.5785,2453.125,1,sha256:5b1b60f63d1b4ca4ebae6df3c42c09410a88b25d8d51e4ed15f051dbc5ac6140
36,tpch-q6-block-036,materialize-after-q06-time -> materialize-after-q06-predicate -> fused,2,2,fused,2026-07-21T01:43:30.616884+00:00,652.8876,2625.0,1,sha256:5b1b60f63d1b4ca4ebae6df3c42c09410a88b25d8d51e4ed15f051dbc5ac6140
36,tpch-q6-block-036,materialize-after-q06-time -> materialize-after-q06-predicate -> fused,2,3,fused,2026-07-21T01:43:31.269252+00:00,733.9843,2843.75,1,sha256:5b1b60f63d1b4ca4ebae6df3c42c09410a88b25d8d51e4ed15f051dbc5ac6140
36,tpch-q6-block-036,materialize-after-q06-time -> materialize-after-q06-predicate -> fused,2,4,fused,2026-07-21T01:43:32.003707+00:00,758.0586,2953.125,1,sha256:5b1b60f63d1b4ca4ebae6df3c42c09410a88b25d8d51e4ed15f051dbc5ac6140
37,tpch-q6-block-037,materialize-after-q06-predicate -> fused -> materialize-after-q06-time,0,0,materialize-after-q06-predicate,2026-07-21T01:43:32.784433+00:00,895.5126,3562.5,1,sha256:5b1b60f63d1b4ca4ebae6df3c42c09410a88b25d8d51e4ed15f051dbc5ac6140
37,tpch-q6-block-037,materialize-after-q06-predicate -> fused -> materialize-after-q06-time,0,1,materialize-after-q06-predicate,2026-07-21T01:43:33.679974+00:00,924.5137,3531.25,1,sha256:5b1b60f63d1b4ca4ebae6df3c42c09410a88b25d8d51e4ed15f051dbc5ac6140
37,tpch-q6-block-037,materialize-after-q06-predicate -> fused -> materialize-after-q06-time,0,2,materialize-after-q06-predicate,2026-07-21T01:43:34.604726+00:00,866.3892,3328.125,1,sha256:5b1b60f63d1b4ca4ebae6df3c42c09410a88b25d8d51e4ed15f051dbc5ac6140
37,tpch-q6-block-037,materialize-after-q06-predicate -> fused -> materialize-after-q06-time,0,3,materialize-after-q06-predicate,2026-07-21T01:43:35.471206+00:00,907.2163,3515.625,1,sha256:5b1b60f63d1b4ca4ebae6df3c42c09410a88b25d8d51e4ed15f051dbc5ac6140
37,tpch-q6-block-037,materialize-after-q06-predicate -> fused -> materialize-after-q06-time,0,4,materialize-after-q06-predicate,2026-07-21T01:43:36.378930+00:00,953.246,3750.0,1,sha256:5b1b60f63d1b4ca4ebae6df3c42c09410a88b25d8d51e4ed15f051dbc5ac6140
37,tpch-q6-block-037,materialize-after-q06-predicate -> fused -> materialize-after-q06-time,1,0,fused,2026-07-21T01:43:37.332506+00:00,992.3763,3500.0,1,sha256:5b1b60f63d1b4ca4ebae6df3c42c09410a88b25d8d51e4ed15f051dbc5ac6140
37,tpch-q6-block-037,materialize-after-q06-predicate -> fused -> materialize-after-q06-time,1,1,fused,2026-07-21T01:43:38.324714+00:00,946.8352,3515.625,1,sha256:5b1b60f63d1b4ca4ebae6df3c42c09410a88b25d8d51e4ed15f051dbc5ac6140
37,tpch-q6-block-037,materialize-after-q06-predicate -> fused -> materialize-after-q06-time,1,2,fused,2026-07-21T01:43:39.271508+00:00,741.8664,2937.5,1,sha256:5b1b60f63d1b4ca4ebae6df3c42c09410a88b25d8d51e4ed15f051dbc5ac6140
37,tpch-q6-block-037,materialize-after-q06-predicate -> fused -> materialize-after-q06-time,1,3,fused,2026-07-21T01:43:40.013912+00:00,888.1573,3406.25,1,sha256:5b1b60f63d1b4ca4ebae6df3c42c09410a88b25d8d51e4ed15f051dbc5ac6140
37,tpch-q6-block-037,materialize-after-q06-predicate -> fused -> materialize-after-q06-time,1,4,fused,2026-07-21T01:43:40.901664+00:00,996.0691,3750.0,1,sha256:5b1b60f63d1b4ca4ebae6df3c42c09410a88b25d8d51e4ed15f051dbc5ac6140
37,tpch-q6-block-037,materialize-after-q06-predicate -> fused -> materialize-after-q06-time,2,0,materialize-after-q06-time,2026-07-21T01:43:41.898185+00:00,5922.2841,20234.375,1,sha256:5b1b60f63d1b4ca4ebae6df3c42c09410a88b25d8d51e4ed15f051dbc5ac6140
37,tpch-q6-block-037,materialize-after-q06-predicate -> fused -> materialize-after-q06-time,2,1,materialize-after-q06-time,2026-07-21T01:43:47.820733+00:00,3724.5486,14796.875,1,sha256:5b1b60f63d1b4ca4ebae6df3c42c09410a88b25d8d51e4ed15f051dbc5ac6140
37,tpch-q6-block-037,materialize-after-q06-predicate -> fused -> materialize-after-q06-time,2,2,materialize-after-q06-time,2026-07-21T01:43:51.545125+00:00,4336.6864,16312.5,1,sha256:5b1b60f63d1b4ca4ebae6df3c42c09410a88b25d8d51e4ed15f051dbc5ac6140
37,tpch-q6-block-037,materialize-after-q06-predicate -> fused -> materialize-after-q06-time,2,3,materialize-after-q06-time,2026-07-21T01:43:55.881872+00:00,4132.612,16078.125,1,sha256:5b1b60f63d1b4ca4ebae6df3c42c09410a88b25d8d51e4ed15f051dbc5ac6140
37,tpch-q6-block-037,materialize-after-q06-predicate -> fused -> materialize-after-q06-time,2,4,materialize-after-q06-time,2026-07-21T01:44:00.014857+00:00,4142.9299,16234.375,1,sha256:5b1b60f63d1b4ca4ebae6df3c42c09410a88b25d8d51e4ed15f051dbc5ac6140
38,tpch-q6-block-038,fused -> materialize-after-q06-time -> materialize-after-q06-predicate,0,0,fused,2026-07-21T01:44:04.178293+00:00,746.748,2968.75,1,sha256:5b1b60f63d1b4ca4ebae6df3c42c09410a88b25d8d51e4ed15f051dbc5ac6140
38,tpch-q6-block-038,fused -> materialize-after-q06-time -> materialize-after-q06-predicate,0,1,fused,2026-07-21T01:44:04.925565+00:00,831.8055,3218.75,1,sha256:5b1b60f63d1b4ca4ebae6df3c42c09410a88b25d8d51e4ed15f051dbc5ac6140
38,tpch-q6-block-038,fused -> materialize-after-q06-time -> materialize-after-q06-predicate,0,2,fused,2026-07-21T01:44:05.757623+00:00,762.1203,3031.25,1,sha256:5b1b60f63d1b4ca4ebae6df3c42c09410a88b25d8d51e4ed15f051dbc5ac6140
38,tpch-q6-block-038,fused -> materialize-after-q06-time -> materialize-after-q06-predicate,0,3,fused,2026-07-21T01:44:06.519419+00:00,733.0232,2843.75,1,sha256:5b1b60f63d1b4ca4ebae6df3c42c09410a88b25d8d51e4ed15f051dbc5ac6140
38,tpch-q6-block-038,fused -> materialize-after-q06-time -> materialize-after-q06-predicate,0,4,fused,2026-07-21T01:44:07.252288+00:00,697.5186,2718.75,1,sha256:5b1b60f63d1b4ca4ebae6df3c42c09410a88b25d8d51e4ed15f051dbc5ac6140
38,tpch-q6-block-038,fused -> materialize-after-q06-time -> materialize-after-q06-predicate,1,0,materialize-after-q06-time,2026-07-21T01:44:07.950658+00:00,3947.8548,15640.625,1,sha256:5b1b60f63d1b4ca4ebae6df3c42c09410a88b25d8d51e4ed15f051dbc5ac6140
38,tpch-q6-block-038,fused -> materialize-after-q06-time -> materialize-after-q06-predicate,1,1,materialize-after-q06-time,2026-07-21T01:44:11.898114+00:00,3820.8551,15109.375,1,sha256:5b1b60f63d1b4ca4ebae6df3c42c09410a88b25d8d51e4ed15f051dbc5ac6140
38,tpch-q6-block-038,fused -> materialize-after-q06-time -> materialize-after-q06-predicate,1,2,materialize-after-q06-time,2026-07-21T01:44:15.719886+00:00,4041.7181,15890.625,1,sha256:5b1b60f63d1b4ca4ebae6df3c42c09410a88b25d8d51e4ed15f051dbc5ac6140
38,tpch-q6-block-038,fused -> materialize-after-q06-time -> materialize-after-q06-predicate,1,3,materialize-after-q06-time,2026-07-21T01:44:19.761313+00:00,3951.1404,15578.125,1,sha256:5b1b60f63d1b4ca4ebae6df3c42c09410a88b25d8d51e4ed15f051dbc5ac6140
38,tpch-q6-block-038,fused -> materialize-after-q06-time -> materialize-after-q06-predicate,1,4,materialize-after-q06-time,2026-07-21T01:44:23.712390+00:00,3563.999,14218.75,1,sha256:5b1b60f63d1b4ca4ebae6df3c42c09410a88b25d8d51e4ed15f051dbc5ac6140
38,tpch-q6-block-038,fused -> materialize-after-q06-time -> materialize-after-q06-predicate,2,0,materialize-after-q06-predicate,2026-07-21T01:44:27.277172+00:00,740.6964,2890.625,1,sha256:5b1b60f63d1b4ca4ebae6df3c42c09410a88b25d8d51e4ed15f051dbc5ac6140
38,tpch-q6-block-038,fused -> materialize-after-q06-time -> materialize-after-q06-predicate,2,1,materialize-after-q06-predicate,2026-07-21T01:44:28.017719+00:00,769.2413,3015.625,1,sha256:5b1b60f63d1b4ca4ebae6df3c42c09410a88b25d8d51e4ed15f051dbc5ac6140
38,tpch-q6-block-038,fused -> materialize-after-q06-time -> materialize-after-q06-predicate,2,2,materialize-after-q06-predicate,2026-07-21T01:44:28.786985+00:00,749.6922,3000.0,1,sha256:5b1b60f63d1b4ca4ebae6df3c42c09410a88b25d8d51e4ed15f051dbc5ac6140
38,tpch-q6-block-038,fused -> materialize-after-q06-time -> materialize-after-q06-predicate,2,3,materialize-after-q06-predicate,2026-07-21T01:44:29.536758+00:00,796.1793,3078.125,1,sha256:5b1b60f63d1b4ca4ebae6df3c42c09410a88b25d8d51e4ed15f051dbc5ac6140
38,tpch-q6-block-038,fused -> materialize-after-q06-time -> materialize-after-q06-predicate,2,4,materialize-after-q06-predicate,2026-07-21T01:44:30.333334+00:00,740.1481,2921.875,1,sha256:5b1b60f63d1b4ca4ebae6df3c42c09410a88b25d8d51e4ed15f051dbc5ac6140
39,tpch-q6-block-039,materialize-after-q06-predicate -> materialize-after-q06-time -> fused,0,0,materialize-after-q06-predicate,2026-07-21T01:44:31.095084+00:00,759.0191,2984.375,1,sha256:5b1b60f63d1b4ca4ebae6df3c42c09410a88b25d8d51e4ed15f051dbc5ac6140
39,tpch-q6-block-039,materialize-after-q06-predicate -> materialize-after-q06-time -> fused,0,1,materialize-after-q06-predicate,2026-07-21T01:44:31.854188+00:00,715.3872,2875.0,1,sha256:5b1b60f63d1b4ca4ebae6df3c42c09410a88b25d8d51e4ed15f051dbc5ac6140
39,tpch-q6-block-039,materialize-after-q06-predicate -> materialize-after-q06-time -> fused,0,2,materialize-after-q06-predicate,2026-07-21T01:44:32.569368+00:00,759.8729,2906.25,1,sha256:5b1b60f63d1b4ca4ebae6df3c42c09410a88b25d8d51e4ed15f051dbc5ac6140
39,tpch-q6-block-039,materialize-after-q06-predicate -> materialize-after-q06-time -> fused,0,3,materialize-after-q06-predicate,2026-07-21T01:44:33.329936+00:00,710.1707,2781.25,1,sha256:5b1b60f63d1b4ca4ebae6df3c42c09410a88b25d8d51e4ed15f051dbc5ac6140
39,tpch-q6-block-039,materialize-after-q06-predicate -> materialize-after-q06-time -> fused,0,4,materialize-after-q06-predicate,2026-07-21T01:44:34.040450+00:00,747.2457,3000.0,1,sha256:5b1b60f63d1b4ca4ebae6df3c42c09410a88b25d8d51e4ed15f051dbc5ac6140
39,tpch-q6-block-039,materialize-after-q06-predicate -> materialize-after-q06-time -> fused,1,0,materialize-after-q06-time,2026-07-21T01:44:34.787671+00:00,3769.6972,14921.875,1,sha256:5b1b60f63d1b4ca4ebae6df3c42c09410a88b25d8d51e4ed15f051dbc5ac6140
39,tpch-q6-block-039,materialize-after-q06-predicate -> materialize-after-q06-time -> fused,1,1,materialize-after-q06-time,2026-07-21T01:44:38.557756+00:00,3902.2419,15437.5,1,sha256:5b1b60f63d1b4ca4ebae6df3c42c09410a88b25d8d51e4ed15f051dbc5ac6140
39,tpch-q6-block-039,materialize-after-q06-predicate -> materialize-after-q06-time -> fused,1,2,materialize-after-q06-time,2026-07-21T01:44:42.459983+00:00,3793.3517,14734.375,1,sha256:5b1b60f63d1b4ca4ebae6df3c42c09410a88b25d8d51e4ed15f051dbc5ac6140
39,tpch-q6-block-039,materialize-after-q06-predicate -> materialize-after-q06-time -> fused,1,3,materialize-after-q06-time,2026-07-21T01:44:46.252878+00:00,3836.6329,15015.625,1,sha256:5b1b60f63d1b4ca4ebae6df3c42c09410a88b25d8d51e4ed15f051dbc5ac6140
39,tpch-q6-block-039,materialize-after-q06-predicate -> materialize-after-q06-time -> fused,1,4,materialize-after-q06-time,2026-07-21T01:44:50.090403+00:00,4083.9263,16093.75,1,sha256:5b1b60f63d1b4ca4ebae6df3c42c09410a88b25d8d51e4ed15f051dbc5ac6140
39,tpch-q6-block-039,materialize-after-q06-predicate -> materialize-after-q06-time -> fused,2,0,fused,2026-07-21T01:44:54.174114+00:00,696.7,2687.5,1,sha256:5b1b60f63d1b4ca4ebae6df3c42c09410a88b25d8d51e4ed15f051dbc5ac6140
39,tpch-q6-block-039,materialize-after-q06-predicate -> materialize-after-q06-time -> fused,2,1,fused,2026-07-21T01:44:54.871350+00:00,721.7915,2781.25,1,sha256:5b1b60f63d1b4ca4ebae6df3c42c09410a88b25d8d51e4ed15f051dbc5ac6140
39,tpch-q6-block-039,materialize-after-q06-predicate -> materialize-after-q06-time -> fused,2,2,fused,2026-07-21T01:44:55.592561+00:00,758.4277,3015.625,1,sha256:5b1b60f63d1b4ca4ebae6df3c42c09410a88b25d8d51e4ed15f051dbc5ac6140
39,tpch-q6-block-039,materialize-after-q06-predicate -> materialize-after-q06-time -> fused,2,3,fused,2026-07-21T01:44:56.351998+00:00,589.02,2359.375,1,sha256:5b1b60f63d1b4ca4ebae6df3c42c09410a88b25d8d51e4ed15f051dbc5ac6140
39,tpch-q6-block-039,materialize-after-q06-predicate -> materialize-after-q06-time -> fused,2,4,fused,2026-07-21T01:44:56.941111+00:00,906.6051,3296.875,1,sha256:5b1b60f63d1b4ca4ebae6df3c42c09410a88b25d8d51e4ed15f051dbc5ac6140
40,tpch-q6-block-040,fused -> materialize-after-q06-predicate -> materialize-after-q06-time,0,0,fused,2026-07-21T01:44:57.873001+00:00,1384.4971,4156.25,1,sha256:5b1b60f63d1b4ca4ebae6df3c42c09410a88b25d8d51e4ed15f051dbc5ac6140
40,tpch-q6-block-040,fused -> materialize-after-q06-predicate -> materialize-after-q06-time,0,1,fused,2026-07-21T01:44:59.257543+00:00,1287.6502,4015.625,1,sha256:5b1b60f63d1b4ca4ebae6df3c42c09410a88b25d8d51e4ed15f051dbc5ac6140
40,tpch-q6-block-040,fused -> materialize-after-q06-predicate -> materialize-after-q06-time,0,2,fused,2026-07-21T01:45:00.545216+00:00,895.6342,3500.0,1,sha256:5b1b60f63d1b4ca4ebae6df3c42c09410a88b25d8d51e4ed15f051dbc5ac6140
40,tpch-q6-block-040,fused -> materialize-after-q06-predicate -> materialize-after-q06-time,0,3,fused,2026-07-21T01:45:01.441525+00:00,1175.6602,4171.875,1,sha256:5b1b60f63d1b4ca4ebae6df3c42c09410a88b25d8d51e4ed15f051dbc5ac6140
40,tpch-q6-block-040,fused -> materialize-after-q06-predicate -> materialize-after-q06-time,0,4,fused,2026-07-21T01:45:02.617796+00:00,1059.9418,3937.5,1,sha256:5b1b60f63d1b4ca4ebae6df3c42c09410a88b25d8d51e4ed15f051dbc5ac6140
40,tpch-q6-block-040,fused -> materialize-after-q06-predicate -> materialize-after-q06-time,1,0,materialize-after-q06-predicate,2026-07-21T01:45:03.677034+00:00,1313.463,4703.125,1,sha256:5b1b60f63d1b4ca4ebae6df3c42c09410a88b25d8d51e4ed15f051dbc5ac6140
40,tpch-q6-block-040,fused -> materialize-after-q06-predicate -> materialize-after-q06-time,1,1,materialize-after-q06-predicate,2026-07-21T01:45:04.990857+00:00,1315.1024,4750.0,1,sha256:5b1b60f63d1b4ca4ebae6df3c42c09410a88b25d8d51e4ed15f051dbc5ac6140
40,tpch-q6-block-040,fused -> materialize-after-q06-predicate -> materialize-after-q06-time,1,2,materialize-after-q06-predicate,2026-07-21T01:45:06.306193+00:00,1114.7597,4343.75,1,sha256:5b1b60f63d1b4ca4ebae6df3c42c09410a88b25d8d51e4ed15f051dbc5ac6140
40,tpch-q6-block-040,fused -> materialize-after-q06-predicate -> materialize-after-q06-time,1,3,materialize-after-q06-predicate,2026-07-21T01:45:07.421495+00:00,1112.9125,4296.875,1,sha256:5b1b60f63d1b4ca4ebae6df3c42c09410a88b25d8d51e4ed15f051dbc5ac6140
40,tpch-q6-block-040,fused -> materialize-after-q06-predicate -> materialize-after-q06-time,1,4,materialize-after-q06-predicate,2026-07-21T01:45:08.534433+00:00,1070.7221,4093.75,1,sha256:5b1b60f63d1b4ca4ebae6df3c42c09410a88b25d8d51e4ed15f051dbc5ac6140
40,tpch-q6-block-040,fused -> materialize-after-q06-predicate -> materialize-after-q06-time,2,0,materialize-after-q06-time,2026-07-21T01:45:09.605072+00:00,3838.1338,15265.625,1,sha256:5b1b60f63d1b4ca4ebae6df3c42c09410a88b25d8d51e4ed15f051dbc5ac6140
40,tpch-q6-block-040,fused -> materialize-after-q06-predicate -> materialize-after-q06-time,2,1,materialize-after-q06-time,2026-07-21T01:45:13.443552+00:00,3267.501,13015.625,1,sha256:5b1b60f63d1b4ca4ebae6df3c42c09410a88b25d8d51e4ed15f051dbc5ac6140
40,tpch-q6-block-040,fused -> materialize-after-q06-predicate -> materialize-after-q06-time,2,2,materialize-after-q06-time,2026-07-21T01:45:16.711428+00:00,3319.655,13234.375,1,sha256:5b1b60f63d1b4ca4ebae6df3c42c09410a88b25d8d51e4ed15f051dbc5ac6140
40,tpch-q6-block-040,fused -> materialize-after-q06-predicate -> materialize-after-q06-time,2,3,materialize-after-q06-time,2026-07-21T01:45:20.030524+00:00,3451.9498,13718.75,1,sha256:5b1b60f63d1b4ca4ebae6df3c42c09410a88b25d8d51e4ed15f051dbc5ac6140
40,tpch-q6-block-040,fused -> materialize-after-q06-predicate -> materialize-after-q06-time,2,4,materialize-after-q06-time,2026-07-21T01:45:23.483184+00:00,3411.6043,13515.625,1,sha256:5b1b60f63d1b4ca4ebae6df3c42c09410a88b25d8d51e4ed15f051dbc5ac6140
41,tpch-q6-block-041,materialize-after-q06-time -> fused -> materialize-after-q06-predicate,0,0,materialize-after-q06-time,2026-07-21T01:45:26.919134+00:00,3796.1211,14750.0,1,sha256:5b1b60f63d1b4ca4ebae6df3c42c09410a88b25d8d51e4ed15f051dbc5ac6140
41,tpch-q6-block-041,materialize-after-q06-time -> fused -> materialize-after-q06-predicate,0,1,materialize-after-q06-time,2026-07-21T01:45:30.715835+00:00,3923.9558,15218.75,1,sha256:5b1b60f63d1b4ca4ebae6df3c42c09410a88b25d8d51e4ed15f051dbc5ac6140
41,tpch-q6-block-041,materialize-after-q06-time -> fused -> materialize-after-q06-predicate,0,2,materialize-after-q06-time,2026-07-21T01:45:34.640097+00:00,3301.525,13140.625,1,sha256:5b1b60f63d1b4ca4ebae6df3c42c09410a88b25d8d51e4ed15f051dbc5ac6140
41,tpch-q6-block-041,materialize-after-q06-time -> fused -> materialize-after-q06-predicate,0,3,materialize-after-q06-time,2026-07-21T01:45:37.942136+00:00,3560.1386,13890.625,1,sha256:5b1b60f63d1b4ca4ebae6df3c42c09410a88b25d8d51e4ed15f051dbc5ac6140
41,tpch-q6-block-041,materialize-after-q06-time -> fused -> materialize-after-q06-predicate,0,4,materialize-after-q06-time,2026-07-21T01:45:41.502000+00:00,3466.4543,13796.875,1,sha256:5b1b60f63d1b4ca4ebae6df3c42c09410a88b25d8d51e4ed15f051dbc5ac6140
41,tpch-q6-block-041,materialize-after-q06-time -> fused -> materialize-after-q06-predicate,1,0,fused,2026-07-21T01:45:44.968755+00:00,621.7302,2453.125,1,sha256:5b1b60f63d1b4ca4ebae6df3c42c09410a88b25d8d51e4ed15f051dbc5ac6140
41,tpch-q6-block-041,materialize-after-q06-time -> fused -> materialize-after-q06-predicate,1,1,fused,2026-07-21T01:45:45.590635+00:00,602.937,2390.625,1,sha256:5b1b60f63d1b4ca4ebae6df3c42c09410a88b25d8d51e4ed15f051dbc5ac6140
41,tpch-q6-block-041,materialize-after-q06-time -> fused -> materialize-after-q06-predicate,1,2,fused,2026-07-21T01:45:46.193697+00:00,614.6496,2437.5,1,sha256:5b1b60f63d1b4ca4ebae6df3c42c09410a88b25d8d51e4ed15f051dbc5ac6140
41,tpch-q6-block-041,materialize-after-q06-time -> fused -> materialize-after-q06-predicate,1,3,fused,2026-07-21T01:45:46.809090+00:00,598.5776,2406.25,1,sha256:5b1b60f63d1b4ca4ebae6df3c42c09410a88b25d8d51e4ed15f051dbc5ac6140
41,tpch-q6-block-041,materialize-after-q06-time -> fused -> materialize-after-q06-predicate,1,4,fused,2026-07-21T01:45:47.407495+00:00,583.352,2312.5,1,sha256:5b1b60f63d1b4ca4ebae6df3c42c09410a88b25d8d51e4ed15f051dbc5ac6140
41,tpch-q6-block-041,materialize-after-q06-time -> fused -> materialize-after-q06-predicate,2,0,materialize-after-q06-predicate,2026-07-21T01:45:47.990782+00:00,703.5254,2812.5,1,sha256:5b1b60f63d1b4ca4ebae6df3c42c09410a88b25d8d51e4ed15f051dbc5ac6140
41,tpch-q6-block-041,materialize-after-q06-time -> fused -> materialize-after-q06-predicate,2,1,materialize-after-q06-predicate,2026-07-21T01:45:48.694461+00:00,687.2768,2718.75,1,sha256:5b1b60f63d1b4ca4ebae6df3c42c09410a88b25d8d51e4ed15f051dbc5ac6140
41,tpch-q6-block-041,materialize-after-q06-time -> fused -> materialize-after-q06-predicate,2,2,materialize-after-q06-predicate,2026-07-21T01:45:49.382404+00:00,883.1952,3046.875,1,sha256:5b1b60f63d1b4ca4ebae6df3c42c09410a88b25d8d51e4ed15f051dbc5ac6140
41,tpch-q6-block-041,materialize-after-q06-time -> fused -> materialize-after-q06-predicate,2,3,materialize-after-q06-predicate,2026-07-21T01:45:50.265531+00:00,814.646,3203.125,1,sha256:5b1b60f63d1b4ca4ebae6df3c42c09410a88b25d8d51e4ed15f051dbc5ac6140
41,tpch-q6-block-041,materialize-after-q06-time -> fused -> materialize-after-q06-predicate,2,4,materialize-after-q06-predicate,2026-07-21T01:45:51.080290+00:00,768.924,3062.5,1,sha256:5b1b60f63d1b4ca4ebae6df3c42c09410a88b25d8d51e4ed15f051dbc5ac6140
42,tpch-q6-block-042,materialize-after-q06-time -> materialize-after-q06-predicate -> fused,0,0,materialize-after-q06-time,2026-07-21T01:45:51.874239+00:00,3710.8516,14453.125,1,sha256:5b1b60f63d1b4ca4ebae6df3c42c09410a88b25d8d51e4ed15f051dbc5ac6140
42,tpch-q6-block-042,materialize-after-q06-time -> materialize-after-q06-predicate -> fused,0,1,materialize-after-q06-time,2026-07-21T01:45:55.585332+00:00,3574.1182,14171.875,1,sha256:5b1b60f63d1b4ca4ebae6df3c42c09410a88b25d8d51e4ed15f051dbc5ac6140
42,tpch-q6-block-042,materialize-after-q06-time -> materialize-after-q06-predicate -> fused,0,2,materialize-after-q06-time,2026-07-21T01:45:59.159525+00:00,3927.5525,15343.75,1,sha256:5b1b60f63d1b4ca4ebae6df3c42c09410a88b25d8d51e4ed15f051dbc5ac6140
42,tpch-q6-block-042,materialize-after-q06-time -> materialize-after-q06-predicate -> fused,0,3,materialize-after-q06-time,2026-07-21T01:46:03.087526+00:00,3423.523,13625.0,1,sha256:5b1b60f63d1b4ca4ebae6df3c42c09410a88b25d8d51e4ed15f051dbc5ac6140
42,tpch-q6-block-042,materialize-after-q06-time -> materialize-after-q06-predicate -> fused,0,4,materialize-after-q06-time,2026-07-21T01:46:06.511090+00:00,3591.4091,14109.375,1,sha256:5b1b60f63d1b4ca4ebae6df3c42c09410a88b25d8d51e4ed15f051dbc5ac6140
42,tpch-q6-block-042,materialize-after-q06-time -> materialize-after-q06-predicate -> fused,1,0,materialize-after-q06-predicate,2026-07-21T01:46:10.102742+00:00,698.7207,2765.625,1,sha256:5b1b60f63d1b4ca4ebae6df3c42c09410a88b25d8d51e4ed15f051dbc5ac6140
42,tpch-q6-block-042,materialize-after-q06-time -> materialize-after-q06-predicate -> fused,1,1,materialize-after-q06-predicate,2026-07-21T01:46:10.801546+00:00,689.3436,2750.0,1,sha256:5b1b60f63d1b4ca4ebae6df3c42c09410a88b25d8d51e4ed15f051dbc5ac6140
42,tpch-q6-block-042,materialize-after-q06-time -> materialize-after-q06-predicate -> fused,1,2,materialize-after-q06-predicate,2026-07-21T01:46:11.490635+00:00,685.2743,2703.125,1,sha256:5b1b60f63d1b4ca4ebae6df3c42c09410a88b25d8d51e4ed15f051dbc5ac6140
42,tpch-q6-block-042,materialize-after-q06-time -> materialize-after-q06-predicate -> fused,1,3,materialize-after-q06-predicate,2026-07-21T01:46:12.176422+00:00,666.4967,2625.0,1,sha256:5b1b60f63d1b4ca4ebae6df3c42c09410a88b25d8d51e4ed15f051dbc5ac6140
42,tpch-q6-block-042,materialize-after-q06-time -> materialize-after-q06-predicate -> fused,1,4,materialize-after-q06-predicate,2026-07-21T01:46:12.843153+00:00,680.3659,2671.875,1,sha256:5b1b60f63d1b4ca4ebae6df3c42c09410a88b25d8d51e4ed15f051dbc5ac6140
42,tpch-q6-block-042,materialize-after-q06-time -> materialize-after-q06-predicate -> fused,2,0,fused,2026-07-21T01:46:13.523498+00:00,574.2841,2296.875,1,sha256:5b1b60f63d1b4ca4ebae6df3c42c09410a88b25d8d51e4ed15f051dbc5ac6140
42,tpch-q6-block-042,materialize-after-q06-time -> materialize-after-q06-predicate -> fused,2,1,fused,2026-07-21T01:46:14.098064+00:00,589.81,2296.875,1,sha256:5b1b60f63d1b4ca4ebae6df3c42c09410a88b25d8d51e4ed15f051dbc5ac6140
42,tpch-q6-block-042,materialize-after-q06-time -> materialize-after-q06-predicate -> fused,2,2,fused,2026-07-21T01:46:14.687703+00:00,596.0192,2359.375,1,sha256:5b1b60f63d1b4ca4ebae6df3c42c09410a88b25d8d51e4ed15f051dbc5ac6140
42,tpch-q6-block-042,materialize-after-q06-time -> materialize-after-q06-predicate -> fused,2,3,fused,2026-07-21T01:46:15.284012+00:00,586.1718,2312.5,1,sha256:5b1b60f63d1b4ca4ebae6df3c42c09410a88b25d8d51e4ed15f051dbc5ac6140
42,tpch-q6-block-042,materialize-after-q06-time -> materialize-after-q06-predicate -> fused,2,4,fused,2026-07-21T01:46:15.870530+00:00,579.0093,2312.5,1,sha256:5b1b60f63d1b4ca4ebae6df3c42c09410a88b25d8d51e4ed15f051dbc5ac6140
43,tpch-q6-block-043,fused -> materialize-after-q06-predicate -> materialize-after-q06-time,0,0,fused,2026-07-21T01:46:16.472316+00:00,583.07,2312.5,1,sha256:5b1b60f63d1b4ca4ebae6df3c42c09410a88b25d8d51e4ed15f051dbc5ac6140
43,tpch-q6-block-043,fused -> materialize-after-q06-predicate -> materialize-after-q06-time,0,1,fused,2026-07-21T01:46:17.055470+00:00,685.5299,2625.0,1,sha256:5b1b60f63d1b4ca4ebae6df3c42c09410a88b25d8d51e4ed15f051dbc5ac6140
43,tpch-q6-block-043,fused -> materialize-after-q06-predicate -> materialize-after-q06-time,0,2,fused,2026-07-21T01:46:17.740987+00:00,684.4558,2703.125,1,sha256:5b1b60f63d1b4ca4ebae6df3c42c09410a88b25d8d51e4ed15f051dbc5ac6140
43,tpch-q6-block-043,fused -> materialize-after-q06-predicate -> materialize-after-q06-time,0,3,fused,2026-07-21T01:46:18.425525+00:00,555.805,2187.5,1,sha256:5b1b60f63d1b4ca4ebae6df3c42c09410a88b25d8d51e4ed15f051dbc5ac6140
43,tpch-q6-block-043,fused -> materialize-after-q06-predicate -> materialize-after-q06-time,0,4,fused,2026-07-21T01:46:18.981982+00:00,614.5622,2406.25,1,sha256:5b1b60f63d1b4ca4ebae6df3c42c09410a88b25d8d51e4ed15f051dbc5ac6140
43,tpch-q6-block-043,fused -> materialize-after-q06-predicate -> materialize-after-q06-time,1,0,materialize-after-q06-predicate,2026-07-21T01:46:19.596827+00:00,656.3491,2578.125,1,sha256:5b1b60f63d1b4ca4ebae6df3c42c09410a88b25d8d51e4ed15f051dbc5ac6140
43,tpch-q6-block-043,fused -> materialize-after-q06-predicate -> materialize-after-q06-time,1,1,materialize-after-q06-predicate,2026-07-21T01:46:20.252489+00:00,693.5866,2718.75,1,sha256:5b1b60f63d1b4ca4ebae6df3c42c09410a88b25d8d51e4ed15f051dbc5ac6140
43,tpch-q6-block-043,fused -> materialize-after-q06-predicate -> materialize-after-q06-time,1,2,materialize-after-q06-predicate,2026-07-21T01:46:20.946913+00:00,657.8162,2593.75,1,sha256:5b1b60f63d1b4ca4ebae6df3c42c09410a88b25d8d51e4ed15f051dbc5ac6140
43,tpch-q6-block-043,fused -> materialize-after-q06-predicate -> materialize-after-q06-time,1,3,materialize-after-q06-predicate,2026-07-21T01:46:21.604471+00:00,672.0667,2656.25,1,sha256:5b1b60f63d1b4ca4ebae6df3c42c09410a88b25d8d51e4ed15f051dbc5ac6140
43,tpch-q6-block-043,fused -> materialize-after-q06-predicate -> materialize-after-q06-time,1,4,materialize-after-q06-predicate,2026-07-21T01:46:22.277188+00:00,726.9231,2890.625,1,sha256:5b1b60f63d1b4ca4ebae6df3c42c09410a88b25d8d51e4ed15f051dbc5ac6140
43,tpch-q6-block-043,fused -> materialize-after-q06-predicate -> materialize-after-q06-time,2,0,materialize-after-q06-time,2026-07-21T01:46:23.004499+00:00,3216.2332,12796.875,1,sha256:5b1b60f63d1b4ca4ebae6df3c42c09410a88b25d8d51e4ed15f051dbc5ac6140
43,tpch-q6-block-043,fused -> materialize-after-q06-predicate -> materialize-after-q06-time,2,1,materialize-after-q06-time,2026-07-21T01:46:26.220613+00:00,3233.3771,12828.125,1,sha256:5b1b60f63d1b4ca4ebae6df3c42c09410a88b25d8d51e4ed15f051dbc5ac6140
43,tpch-q6-block-043,fused -> materialize-after-q06-predicate -> materialize-after-q06-time,2,2,materialize-after-q06-time,2026-07-21T01:46:29.454101+00:00,3336.5227,13234.375,1,sha256:5b1b60f63d1b4ca4ebae6df3c42c09410a88b25d8d51e4ed15f051dbc5ac6140
43,tpch-q6-block-043,fused -> materialize-after-q06-predicate -> materialize-after-q06-time,2,3,materialize-after-q06-time,2026-07-21T01:46:32.791320+00:00,3298.5064,13109.375,1,sha256:5b1b60f63d1b4ca4ebae6df3c42c09410a88b25d8d51e4ed15f051dbc5ac6140
43,tpch-q6-block-043,fused -> materialize-after-q06-predicate -> materialize-after-q06-time,2,4,materialize-after-q06-time,2026-07-21T01:46:36.089346+00:00,3302.8125,13171.875,1,sha256:5b1b60f63d1b4ca4ebae6df3c42c09410a88b25d8d51e4ed15f051dbc5ac6140
44,tpch-q6-block-044,materialize-after-q06-predicate -> materialize-after-q06-time -> fused,0,0,materialize-after-q06-predicate,2026-07-21T01:46:39.415329+00:00,675.1929,2625.0,1,sha256:5b1b60f63d1b4ca4ebae6df3c42c09410a88b25d8d51e4ed15f051dbc5ac6140
44,tpch-q6-block-044,materialize-after-q06-predicate -> materialize-after-q06-time -> fused,0,1,materialize-after-q06-predicate,2026-07-21T01:46:40.091001+00:00,834.8003,3015.625,1,sha256:5b1b60f63d1b4ca4ebae6df3c42c09410a88b25d8d51e4ed15f051dbc5ac6140
44,tpch-q6-block-044,materialize-after-q06-predicate -> materialize-after-q06-time -> fused,0,2,materialize-after-q06-predicate,2026-07-21T01:46:40.926200+00:00,684.4816,2703.125,1,sha256:5b1b60f63d1b4ca4ebae6df3c42c09410a88b25d8d51e4ed15f051dbc5ac6140
44,tpch-q6-block-044,materialize-after-q06-predicate -> materialize-after-q06-time -> fused,0,3,materialize-after-q06-predicate,2026-07-21T01:46:41.610964+00:00,634.4869,2500.0,1,sha256:5b1b60f63d1b4ca4ebae6df3c42c09410a88b25d8d51e4ed15f051dbc5ac6140
44,tpch-q6-block-044,materialize-after-q06-predicate -> materialize-after-q06-time -> fused,0,4,materialize-after-q06-predicate,2026-07-21T01:46:42.245282+00:00,646.9594,2578.125,1,sha256:5b1b60f63d1b4ca4ebae6df3c42c09410a88b25d8d51e4ed15f051dbc5ac6140
44,tpch-q6-block-044,materialize-after-q06-predicate -> materialize-after-q06-time -> fused,1,0,materialize-after-q06-time,2026-07-21T01:46:42.892523+00:00,3277.52,13031.25,1,sha256:5b1b60f63d1b4ca4ebae6df3c42c09410a88b25d8d51e4ed15f051dbc5ac6140
44,tpch-q6-block-044,materialize-after-q06-predicate -> materialize-after-q06-time -> fused,1,1,materialize-after-q06-time,2026-07-21T01:46:46.169922+00:00,3317.85,13015.625,1,sha256:5b1b60f63d1b4ca4ebae6df3c42c09410a88b25d8d51e4ed15f051dbc5ac6140
44,tpch-q6-block-044,materialize-after-q06-predicate -> materialize-after-q06-time -> fused,1,2,materialize-after-q06-time,2026-07-21T01:46:49.488286+00:00,3368.5879,13187.5,1,sha256:5b1b60f63d1b4ca4ebae6df3c42c09410a88b25d8d51e4ed15f051dbc5ac6140
44,tpch-q6-block-044,materialize-after-q06-predicate -> materialize-after-q06-time -> fused,1,3,materialize-after-q06-time,2026-07-21T01:46:52.857021+00:00,3679.887,14484.375,1,sha256:5b1b60f63d1b4ca4ebae6df3c42c09410a88b25d8d51e4ed15f051dbc5ac6140
44,tpch-q6-block-044,materialize-after-q06-predicate -> materialize-after-q06-time -> fused,1,4,materialize-after-q06-time,2026-07-21T01:46:56.537399+00:00,3366.9295,13250.0,1,sha256:5b1b60f63d1b4ca4ebae6df3c42c09410a88b25d8d51e4ed15f051dbc5ac6140
44,tpch-q6-block-044,materialize-after-q06-predicate -> materialize-after-q06-time -> fused,2,0,fused,2026-07-21T01:46:59.904902+00:00,602.9078,2390.625,1,sha256:5b1b60f63d1b4ca4ebae6df3c42c09410a88b25d8d51e4ed15f051dbc5ac6140
44,tpch-q6-block-044,materialize-after-q06-predicate -> materialize-after-q06-time -> fused,2,1,fused,2026-07-21T01:47:00.507501+00:00,598.6931,2375.0,1,sha256:5b1b60f63d1b4ca4ebae6df3c42c09410a88b25d8d51e4ed15f051dbc5ac6140
44,tpch-q6-block-044,materialize-after-q06-predicate -> materialize-after-q06-time -> fused,2,2,fused,2026-07-21T01:47:01.106862+00:00,571.4972,2265.625,1,sha256:5b1b60f63d1b4ca4ebae6df3c42c09410a88b25d8d51e4ed15f051dbc5ac6140
44,tpch-q6-block-044,materialize-after-q06-predicate -> materialize-after-q06-time -> fused,2,3,fused,2026-07-21T01:47:01.678058+00:00,574.6932,2296.875,1,sha256:5b1b60f63d1b4ca4ebae6df3c42c09410a88b25d8d51e4ed15f051dbc5ac6140
44,tpch-q6-block-044,materialize-after-q06-predicate -> materialize-after-q06-time -> fused,2,4,fused,2026-07-21T01:47:02.252982+00:00,589.0689,2312.5,1,sha256:5b1b60f63d1b4ca4ebae6df3c42c09410a88b25d8d51e4ed15f051dbc5ac6140
45,tpch-q6-block-045,materialize-after-q06-predicate -> fused -> materialize-after-q06-time,0,0,materialize-after-q06-predicate,2026-07-21T01:47:02.862891+00:00,689.5885,2750.0,1,sha256:5b1b60f63d1b4ca4ebae6df3c42c09410a88b25d8d51e4ed15f051dbc5ac6140
45,tpch-q6-block-045,materialize-after-q06-predicate -> fused -> materialize-after-q06-time,0,1,materialize-after-q06-predicate,2026-07-21T01:47:03.553181+00:00,739.5832,2921.875,1,sha256:5b1b60f63d1b4ca4ebae6df3c42c09410a88b25d8d51e4ed15f051dbc5ac6140
45,tpch-q6-block-045,materialize-after-q06-predicate -> fused -> materialize-after-q06-time,0,2,materialize-after-q06-predicate,2026-07-21T01:47:04.292756+00:00,690.0277,2734.375,1,sha256:5b1b60f63d1b4ca4ebae6df3c42c09410a88b25d8d51e4ed15f051dbc5ac6140
45,tpch-q6-block-045,materialize-after-q06-predicate -> fused -> materialize-after-q06-time,0,3,materialize-after-q06-predicate,2026-07-21T01:47:04.982985+00:00,655.5037,2578.125,1,sha256:5b1b60f63d1b4ca4ebae6df3c42c09410a88b25d8d51e4ed15f051dbc5ac6140
45,tpch-q6-block-045,materialize-after-q06-predicate -> fused -> materialize-after-q06-time,0,4,materialize-after-q06-predicate,2026-07-21T01:47:05.638316+00:00,740.7261,2687.5,1,sha256:5b1b60f63d1b4ca4ebae6df3c42c09410a88b25d8d51e4ed15f051dbc5ac6140
45,tpch-q6-block-045,materialize-after-q06-predicate -> fused -> materialize-after-q06-time,1,0,fused,2026-07-21T01:47:06.379933+00:00,592.19,2343.75,1,sha256:5b1b60f63d1b4ca4ebae6df3c42c09410a88b25d8d51e4ed15f051dbc5ac6140
45,tpch-q6-block-045,materialize-after-q06-predicate -> fused -> materialize-after-q06-time,1,1,fused,2026-07-21T01:47:06.972335+00:00,593.7386,2343.75,1,sha256:5b1b60f63d1b4ca4ebae6df3c42c09410a88b25d8d51e4ed15f051dbc5ac6140
45,tpch-q6-block-045,materialize-after-q06-predicate -> fused -> materialize-after-q06-time,1,2,fused,2026-07-21T01:47:07.566288+00:00,583.3048,2312.5,1,sha256:5b1b60f63d1b4ca4ebae6df3c42c09410a88b25d8d51e4ed15f051dbc5ac6140
45,tpch-q6-block-045,materialize-after-q06-predicate -> fused -> materialize-after-q06-time,1,3,fused,2026-07-21T01:47:08.149154+00:00,557.4242,2250.0,1,sha256:5b1b60f63d1b4ca4ebae6df3c42c09410a88b25d8d51e4ed15f051dbc5ac6140
45,tpch-q6-block-045,materialize-after-q06-predicate -> fused -> materialize-after-q06-time,1,4,fused,2026-07-21T01:47:08.707479+00:00,565.0905,2250.0,1,sha256:5b1b60f63d1b4ca4ebae6df3c42c09410a88b25d8d51e4ed15f051dbc5ac6140
45,tpch-q6-block-045,materialize-after-q06-predicate -> fused -> materialize-after-q06-time,2,0,materialize-after-q06-time,2026-07-21T01:47:09.272490+00:00,3288.1438,13031.25,1,sha256:5b1b60f63d1b4ca4ebae6df3c42c09410a88b25d8d51e4ed15f051dbc5ac6140
45,tpch-q6-block-045,materialize-after-q06-predicate -> fused -> materialize-after-q06-time,2,1,materialize-after-q06-time,2026-07-21T01:47:12.560555+00:00,3282.4986,13031.25,1,sha256:5b1b60f63d1b4ca4ebae6df3c42c09410a88b25d8d51e4ed15f051dbc5ac6140
45,tpch-q6-block-045,materialize-after-q06-predicate -> fused -> materialize-after-q06-time,2,2,materialize-after-q06-time,2026-07-21T01:47:15.843186+00:00,3263.4508,12921.875,1,sha256:5b1b60f63d1b4ca4ebae6df3c42c09410a88b25d8d51e4ed15f051dbc5ac6140
45,tpch-q6-block-045,materialize-after-q06-predicate -> fused -> materialize-after-q06-time,2,3,materialize-after-q06-time,2026-07-21T01:47:19.107205+00:00,3302.9844,13140.625,1,sha256:5b1b60f63d1b4ca4ebae6df3c42c09410a88b25d8d51e4ed15f051dbc5ac6140
45,tpch-q6-block-045,materialize-after-q06-predicate -> fused -> materialize-after-q06-time,2,4,materialize-after-q06-time,2026-07-21T01:47:22.410781+00:00,3353.9162,13312.5,1,sha256:5b1b60f63d1b4ca4ebae6df3c42c09410a88b25d8d51e4ed15f051dbc5ac6140
46,tpch-q6-block-046,fused -> materialize-after-q06-time -> materialize-after-q06-predicate,0,0,fused,2026-07-21T01:47:25.788697+00:00,630.6073,2500.0,1,sha256:5b1b60f63d1b4ca4ebae6df3c42c09410a88b25d8d51e4ed15f051dbc5ac6140
46,tpch-q6-block-046,fused -> materialize-after-q06-time -> materialize-after-q06-predicate,0,1,fused,2026-07-21T01:47:26.419470+00:00,690.0105,2609.375,1,sha256:5b1b60f63d1b4ca4ebae6df3c42c09410a88b25d8d51e4ed15f051dbc5ac6140
46,tpch-q6-block-046,fused -> materialize-after-q06-time -> materialize-after-q06-predicate,0,2,fused,2026-07-21T01:47:27.110560+00:00,604.4985,2375.0,1,sha256:5b1b60f63d1b4ca4ebae6df3c42c09410a88b25d8d51e4ed15f051dbc5ac6140
46,tpch-q6-block-046,fused -> materialize-after-q06-time -> materialize-after-q06-predicate,0,3,fused,2026-07-21T01:47:27.714744+00:00,595.5157,2375.0,1,sha256:5b1b60f63d1b4ca4ebae6df3c42c09410a88b25d8d51e4ed15f051dbc5ac6140
46,tpch-q6-block-046,fused -> materialize-after-q06-time -> materialize-after-q06-predicate,0,4,fused,2026-07-21T01:47:28.310825+00:00,645.662,2343.75,1,sha256:5b1b60f63d1b4ca4ebae6df3c42c09410a88b25d8d51e4ed15f051dbc5ac6140
46,tpch-q6-block-046,fused -> materialize-after-q06-time -> materialize-after-q06-predicate,1,0,materialize-after-q06-time,2026-07-21T01:47:28.956599+00:00,3311.8477,13171.875,1,sha256:5b1b60f63d1b4ca4ebae6df3c42c09410a88b25d8d51e4ed15f051dbc5ac6140
46,tpch-q6-block-046,fused -> materialize-after-q06-time -> materialize-after-q06-predicate,1,1,materialize-after-q06-time,2026-07-21T01:47:32.268647+00:00,3324.9425,13187.5,1,sha256:5b1b60f63d1b4ca4ebae6df3c42c09410a88b25d8d51e4ed15f051dbc5ac6140
46,tpch-q6-block-046,fused -> materialize-after-q06-time -> materialize-after-q06-predicate,1,2,materialize-after-q06-time,2026-07-21T01:47:35.593533+00:00,3332.8576,13250.0,1,sha256:5b1b60f63d1b4ca4ebae6df3c42c09410a88b25d8d51e4ed15f051dbc5ac6140
46,tpch-q6-block-046,fused -> materialize-after-q06-time -> materialize-after-q06-predicate,1,3,materialize-after-q06-time,2026-07-21T01:47:38.926777+00:00,3368.8092,13421.875,1,sha256:5b1b60f63d1b4ca4ebae6df3c42c09410a88b25d8d51e4ed15f051dbc5ac6140
46,tpch-q6-block-046,fused -> materialize-after-q06-time -> materialize-after-q06-predicate,1,4,materialize-after-q06-time,2026-07-21T01:47:42.295700+00:00,3372.9315,13375.0,1,sha256:5b1b60f63d1b4ca4ebae6df3c42c09410a88b25d8d51e4ed15f051dbc5ac6140
46,tpch-q6-block-046,fused -> materialize-after-q06-time -> materialize-after-q06-predicate,2,0,materialize-after-q06-predicate,2026-07-21T01:47:45.668559+00:00,707.0221,2734.375,1,sha256:5b1b60f63d1b4ca4ebae6df3c42c09410a88b25d8d51e4ed15f051dbc5ac6140
46,tpch-q6-block-046,fused -> materialize-after-q06-time -> materialize-after-q06-predicate,2,1,materialize-after-q06-predicate,2026-07-21T01:47:46.376013+00:00,707.5205,2828.125,1,sha256:5b1b60f63d1b4ca4ebae6df3c42c09410a88b25d8d51e4ed15f051dbc5ac6140
46,tpch-q6-block-046,fused -> materialize-after-q06-time -> materialize-after-q06-predicate,2,2,materialize-after-q06-predicate,2026-07-21T01:47:47.083511+00:00,650.7962,2562.5,1,sha256:5b1b60f63d1b4ca4ebae6df3c42c09410a88b25d8d51e4ed15f051dbc5ac6140
46,tpch-q6-block-046,fused -> materialize-after-q06-time -> materialize-after-q06-predicate,2,3,materialize-after-q06-predicate,2026-07-21T01:47:47.734990+00:00,673.6021,2656.25,1,sha256:5b1b60f63d1b4ca4ebae6df3c42c09410a88b25d8d51e4ed15f051dbc5ac6140
46,tpch-q6-block-046,fused -> materialize-after-q06-time -> materialize-after-q06-predicate,2,4,materialize-after-q06-predicate,2026-07-21T01:47:48.408726+00:00,681.545,2640.625,1,sha256:5b1b60f63d1b4ca4ebae6df3c42c09410a88b25d8d51e4ed15f051dbc5ac6140
47,tpch-q6-block-047,materialize-after-q06-time -> fused -> materialize-after-q06-predicate,0,0,materialize-after-q06-time,2026-07-21T01:47:49.111775+00:00,3478.1685,13781.25,1,sha256:5b1b60f63d1b4ca4ebae6df3c42c09410a88b25d8d51e4ed15f051dbc5ac6140
47,tpch-q6-block-047,materialize-after-q06-time -> fused -> materialize-after-q06-predicate,0,1,materialize-after-q06-time,2026-07-21T01:47:52.591026+00:00,3357.7588,13312.5,1,sha256:5b1b60f63d1b4ca4ebae6df3c42c09410a88b25d8d51e4ed15f051dbc5ac6140
47,tpch-q6-block-047,materialize-after-q06-time -> fused -> materialize-after-q06-predicate,0,2,materialize-after-q06-time,2026-07-21T01:47:55.948978+00:00,3393.7486,13515.625,1,sha256:5b1b60f63d1b4ca4ebae6df3c42c09410a88b25d8d51e4ed15f051dbc5ac6140
47,tpch-q6-block-047,materialize-after-q06-time -> fused -> materialize-after-q06-predicate,0,3,materialize-after-q06-time,2026-07-21T01:47:59.342987+00:00,3422.5198,13437.5,1,sha256:5b1b60f63d1b4ca4ebae6df3c42c09410a88b25d8d51e4ed15f051dbc5ac6140
47,tpch-q6-block-047,materialize-after-q06-time -> fused -> materialize-after-q06-predicate,0,4,materialize-after-q06-time,2026-07-21T01:48:02.765326+00:00,3242.2001,12921.875,1,sha256:5b1b60f63d1b4ca4ebae6df3c42c09410a88b25d8d51e4ed15f051dbc5ac6140
47,tpch-q6-block-047,materialize-after-q06-time -> fused -> materialize-after-q06-predicate,1,0,fused,2026-07-21T01:48:06.008049+00:00,594.3794,2375.0,1,sha256:5b1b60f63d1b4ca4ebae6df3c42c09410a88b25d8d51e4ed15f051dbc5ac6140
47,tpch-q6-block-047,materialize-after-q06-time -> fused -> materialize-after-q06-predicate,1,1,fused,2026-07-21T01:48:06.601928+00:00,581.3537,2312.5,1,sha256:5b1b60f63d1b4ca4ebae6df3c42c09410a88b25d8d51e4ed15f051dbc5ac6140
47,tpch-q6-block-047,materialize-after-q06-time -> fused -> materialize-after-q06-predicate,1,2,fused,2026-07-21T01:48:07.183677+00:00,596.5483,2328.125,1,sha256:5b1b60f63d1b4ca4ebae6df3c42c09410a88b25d8d51e4ed15f051dbc5ac6140
47,tpch-q6-block-047,materialize-after-q06-time -> fused -> materialize-after-q06-predicate,1,3,fused,2026-07-21T01:48:07.780567+00:00,586.5255,2328.125,1,sha256:5b1b60f63d1b4ca4ebae6df3c42c09410a88b25d8d51e4ed15f051dbc5ac6140
47,tpch-q6-block-047,materialize-after-q06-time -> fused -> materialize-after-q06-predicate,1,4,fused,2026-07-21T01:48:08.367339+00:00,599.7149,2375.0,1,sha256:5b1b60f63d1b4ca4ebae6df3c42c09410a88b25d8d51e4ed15f051dbc5ac6140
47,tpch-q6-block-047,materialize-after-q06-time -> fused -> materialize-after-q06-predicate,2,0,materialize-after-q06-predicate,2026-07-21T01:48:08.967219+00:00,687.2354,2703.125,1,sha256:5b1b60f63d1b4ca4ebae6df3c42c09410a88b25d8d51e4ed15f051dbc5ac6140
47,tpch-q6-block-047,materialize-after-q06-time -> fused -> materialize-after-q06-predicate,2,1,materialize-after-q06-predicate,2026-07-21T01:48:09.654096+00:00,653.5183,2546.875,1,sha256:5b1b60f63d1b4ca4ebae6df3c42c09410a88b25d8d51e4ed15f051dbc5ac6140
47,tpch-q6-block-047,materialize-after-q06-time -> fused -> materialize-after-q06-predicate,2,2,materialize-after-q06-predicate,2026-07-21T01:48:10.307949+00:00,669.3757,2625.0,1,sha256:5b1b60f63d1b4ca4ebae6df3c42c09410a88b25d8d51e4ed15f051dbc5ac6140
47,tpch-q6-block-047,materialize-after-q06-time -> fused -> materialize-after-q06-predicate,2,3,materialize-after-q06-predicate,2026-07-21T01:48:10.977703+00:00,650.8169,2578.125,1,sha256:5b1b60f63d1b4ca4ebae6df3c42c09410a88b25d8d51e4ed15f051dbc5ac6140
47,tpch-q6-block-047,materialize-after-q06-time -> fused -> materialize-after-q06-predicate,2,4,materialize-after-q06-predicate,2026-07-21T01:48:11.628540+00:00,664.9207,2625.0,1,sha256:5b1b60f63d1b4ca4ebae6df3c42c09410a88b25d8d51e4ed15f051dbc5ac6140
48,tpch-q6-block-048,fused -> materialize-after-q06-time -> materialize-after-q06-predicate,0,0,fused,2026-07-21T01:48:12.317513+00:00,598.292,2375.0,1,sha256:5b1b60f63d1b4ca4ebae6df3c42c09410a88b25d8d51e4ed15f051dbc5ac6140
48,tpch-q6-block-048,fused -> materialize-after-q06-time -> materialize-after-q06-predicate,0,1,fused,2026-07-21T01:48:12.916025+00:00,602.8278,2406.25,1,sha256:5b1b60f63d1b4ca4ebae6df3c42c09410a88b25d8d51e4ed15f051dbc5ac6140
48,tpch-q6-block-048,fused -> materialize-after-q06-time -> materialize-after-q06-predicate,0,2,fused,2026-07-21T01:48:13.519439+00:00,625.8252,2500.0,1,sha256:5b1b60f63d1b4ca4ebae6df3c42c09410a88b25d8d51e4ed15f051dbc5ac6140
48,tpch-q6-block-048,fused -> materialize-after-q06-time -> materialize-after-q06-predicate,0,3,fused,2026-07-21T01:48:14.144909+00:00,579.1734,2312.5,1,sha256:5b1b60f63d1b4ca4ebae6df3c42c09410a88b25d8d51e4ed15f051dbc5ac6140
48,tpch-q6-block-048,fused -> materialize-after-q06-time -> materialize-after-q06-predicate,0,4,fused,2026-07-21T01:48:14.724299+00:00,569.8065,2250.0,1,sha256:5b1b60f63d1b4ca4ebae6df3c42c09410a88b25d8d51e4ed15f051dbc5ac6140
48,tpch-q6-block-048,fused -> materialize-after-q06-time -> materialize-after-q06-predicate,1,0,materialize-after-q06-time,2026-07-21T01:48:15.294986+00:00,3354.0618,13156.25,1,sha256:5b1b60f63d1b4ca4ebae6df3c42c09410a88b25d8d51e4ed15f051dbc5ac6140
48,tpch-q6-block-048,fused -> materialize-after-q06-time -> materialize-after-q06-predicate,1,1,materialize-after-q06-time,2026-07-21T01:48:18.648773+00:00,3240.0238,12875.0,1,sha256:5b1b60f63d1b4ca4ebae6df3c42c09410a88b25d8d51e4ed15f051dbc5ac6140
48,tpch-q6-block-048,fused -> materialize-after-q06-time -> materialize-after-q06-predicate,1,2,materialize-after-q06-time,2026-07-21T01:48:21.889407+00:00,3385.6476,13421.875,1,sha256:5b1b60f63d1b4ca4ebae6df3c42c09410a88b25d8d51e4ed15f051dbc5ac6140
48,tpch-q6-block-048,fused -> materialize-after-q06-time -> materialize-after-q06-predicate,1,3,materialize-after-q06-time,2026-07-21T01:48:25.274645+00:00,3303.231,13093.75,1,sha256:5b1b60f63d1b4ca4ebae6df3c42c09410a88b25d8d51e4ed15f051dbc5ac6140
48,tpch-q6-block-048,fused -> materialize-after-q06-time -> materialize-after-q06-predicate,1,4,materialize-after-q06-time,2026-07-21T01:48:28.578265+00:00,3370.1954,13406.25,1,sha256:5b1b60f63d1b4ca4ebae6df3c42c09410a88b25d8d51e4ed15f051dbc5ac6140
48,tpch-q6-block-048,fused -> materialize-after-q06-time -> materialize-after-q06-predicate,2,0,materialize-after-q06-predicate,2026-07-21T01:48:31.949155+00:00,678.2541,2703.125,1,sha256:5b1b60f63d1b4ca4ebae6df3c42c09410a88b25d8d51e4ed15f051dbc5ac6140
48,tpch-q6-block-048,fused -> materialize-after-q06-time -> materialize-after-q06-predicate,2,1,materialize-after-q06-predicate,2026-07-21T01:48:32.627499+00:00,716.4544,2812.5,1,sha256:5b1b60f63d1b4ca4ebae6df3c42c09410a88b25d8d51e4ed15f051dbc5ac6140
48,tpch-q6-block-048,fused -> materialize-after-q06-time -> materialize-after-q06-predicate,2,2,materialize-after-q06-predicate,2026-07-21T01:48:33.344348+00:00,759.6919,3015.625,1,sha256:5b1b60f63d1b4ca4ebae6df3c42c09410a88b25d8d51e4ed15f051dbc5ac6140
48,tpch-q6-block-048,fused -> materialize-after-q06-time -> materialize-after-q06-predicate,2,3,materialize-after-q06-predicate,2026-07-21T01:48:34.104119+00:00,687.6614,2734.375,1,sha256:5b1b60f63d1b4ca4ebae6df3c42c09410a88b25d8d51e4ed15f051dbc5ac6140
48,tpch-q6-block-048,fused -> materialize-after-q06-time -> materialize-after-q06-predicate,2,4,materialize-after-q06-predicate,2026-07-21T01:48:34.791774+00:00,650.7289,2625.0,1,sha256:5b1b60f63d1b4ca4ebae6df3c42c09410a88b25d8d51e4ed15f051dbc5ac6140
49,tpch-q6-block-049,fused -> materialize-after-q06-predicate -> materialize-after-q06-time,0,0,fused,2026-07-21T01:48:35.466057+00:00,613.3381,2421.875,1,sha256:5b1b60f63d1b4ca4ebae6df3c42c09410a88b25d8d51e4ed15f051dbc5ac6140
49,tpch-q6-block-049,fused -> materialize-after-q06-predicate -> materialize-after-q06-time,0,1,fused,2026-07-21T01:48:36.079315+00:00,605.3199,2343.75,1,sha256:5b1b60f63d1b4ca4ebae6df3c42c09410a88b25d8d51e4ed15f051dbc5ac6140
49,tpch-q6-block-049,fused -> materialize-after-q06-predicate -> materialize-after-q06-time,0,2,fused,2026-07-21T01:48:36.685211+00:00,648.6269,2531.25,1,sha256:5b1b60f63d1b4ca4ebae6df3c42c09410a88b25d8d51e4ed15f051dbc5ac6140
49,tpch-q6-block-049,fused -> materialize-after-q06-predicate -> materialize-after-q06-time,0,3,fused,2026-07-21T01:48:37.333792+00:00,571.4883,2250.0,1,sha256:5b1b60f63d1b4ca4ebae6df3c42c09410a88b25d8d51e4ed15f051dbc5ac6140
49,tpch-q6-block-049,fused -> materialize-after-q06-predicate -> materialize-after-q06-time,0,4,fused,2026-07-21T01:48:37.905426+00:00,598.2738,2359.375,1,sha256:5b1b60f63d1b4ca4ebae6df3c42c09410a88b25d8d51e4ed15f051dbc5ac6140
49,tpch-q6-block-049,fused -> materialize-after-q06-predicate -> materialize-after-q06-time,1,0,materialize-after-q06-predicate,2026-07-21T01:48:38.503622+00:00,646.5195,2546.875,1,sha256:5b1b60f63d1b4ca4ebae6df3c42c09410a88b25d8d51e4ed15f051dbc5ac6140
49,tpch-q6-block-049,fused -> materialize-after-q06-predicate -> materialize-after-q06-time,1,1,materialize-after-q06-predicate,2026-07-21T01:48:39.149917+00:00,672.4614,2656.25,1,sha256:5b1b60f63d1b4ca4ebae6df3c42c09410a88b25d8d51e4ed15f051dbc5ac6140
49,tpch-q6-block-049,fused -> materialize-after-q06-predicate -> materialize-after-q06-time,1,2,materialize-after-q06-predicate,2026-07-21T01:48:39.823330+00:00,697.8872,2718.75,1,sha256:5b1b60f63d1b4ca4ebae6df3c42c09410a88b25d8d51e4ed15f051dbc5ac6140
49,tpch-q6-block-049,fused -> materialize-after-q06-predicate -> materialize-after-q06-time,1,3,materialize-after-q06-predicate,2026-07-21T01:48:40.520779+00:00,712.6951,2812.5,1,sha256:5b1b60f63d1b4ca4ebae6df3c42c09410a88b25d8d51e4ed15f051dbc5ac6140
49,tpch-q6-block-049,fused -> materialize-after-q06-predicate -> materialize-after-q06-time,1,4,materialize-after-q06-predicate,2026-07-21T01:48:41.234301+00:00,673.4143,2640.625,1,sha256:5b1b60f63d1b4ca4ebae6df3c42c09410a88b25d8d51e4ed15f051dbc5ac6140
49,tpch-q6-block-049,fused -> materialize-after-q06-predicate -> materialize-after-q06-time,2,0,materialize-after-q06-time,2026-07-21T01:48:41.907933+00:00,3284.7666,12984.375,1,sha256:5b1b60f63d1b4ca4ebae6df3c42c09410a88b25d8d51e4ed15f051dbc5ac6140
49,tpch-q6-block-049,fused -> materialize-after-q06-predicate -> materialize-after-q06-time,2,1,materialize-after-q06-time,2026-07-21T01:48:45.192677+00:00,3271.9268,13015.625,1,sha256:5b1b60f63d1b4ca4ebae6df3c42c09410a88b25d8d51e4ed15f051dbc5ac6140
49,tpch-q6-block-049,fused -> materialize-after-q06-predicate -> materialize-after-q06-time,2,2,materialize-after-q06-time,2026-07-21T01:48:48.465058+00:00,3300.4955,13109.375,1,sha256:5b1b60f63d1b4ca4ebae6df3c42c09410a88b25d8d51e4ed15f051dbc5ac6140
49,tpch-q6-block-049,fused -> materialize-after-q06-predicate -> materialize-after-q06-time,2,3,materialize-after-q06-time,2026-07-21T01:48:51.765114+00:00,3307.2552,13140.625,1,sha256:5b1b60f63d1b4ca4ebae6df3c42c09410a88b25d8d51e4ed15f051dbc5ac6140
49,tpch-q6-block-049,fused -> materialize-after-q06-predicate -> materialize-after-q06-time,2,4,materialize-after-q06-time,2026-07-21T01:48:55.072368+00:00,3250.8131,12890.625,1,sha256:5b1b60f63d1b4ca4ebae6df3c42c09410a88b25d8d51e4ed15f051dbc5ac6140
50,tpch-q6-block-050,materialize-after-q06-time -> fused -> materialize-after-q06-predicate,0,0,materialize-after-q06-time,2026-07-21T01:48:58.347128+00:00,3416.2718,13515.625,1,sha256:5b1b60f63d1b4ca4ebae6df3c42c09410a88b25d8d51e4ed15f051dbc5ac6140
50,tpch-q6-block-050,materialize-after-q06-time -> fused -> materialize-after-q06-predicate,0,1,materialize-after-q06-time,2026-07-21T01:49:01.763646+00:00,3282.6165,13031.25,1,sha256:5b1b60f63d1b4ca4ebae6df3c42c09410a88b25d8d51e4ed15f051dbc5ac6140
50,tpch-q6-block-050,materialize-after-q06-time -> fused -> materialize-after-q06-predicate,0,2,materialize-after-q06-time,2026-07-21T01:49:05.046423+00:00,3241.1085,12906.25,1,sha256:5b1b60f63d1b4ca4ebae6df3c42c09410a88b25d8d51e4ed15f051dbc5ac6140
50,tpch-q6-block-050,materialize-after-q06-time -> fused -> materialize-after-q06-predicate,0,3,materialize-after-q06-time,2026-07-21T01:49:08.287617+00:00,3285.8755,13062.5,1,sha256:5b1b60f63d1b4ca4ebae6df3c42c09410a88b25d8d51e4ed15f051dbc5ac6140
50,tpch-q6-block-050,materialize-after-q06-time -> fused -> materialize-after-q06-predicate,0,4,materialize-after-q06-time,2026-07-21T01:49:11.574146+00:00,3201.5613,12625.0,1,sha256:5b1b60f63d1b4ca4ebae6df3c42c09410a88b25d8d51e4ed15f051dbc5ac6140
50,tpch-q6-block-050,materialize-after-q06-time -> fused -> materialize-after-q06-predicate,1,0,fused,2026-07-21T01:49:14.775369+00:00,595.06,2375.0,1,sha256:5b1b60f63d1b4ca4ebae6df3c42c09410a88b25d8d51e4ed15f051dbc5ac6140
50,tpch-q6-block-050,materialize-after-q06-time -> fused -> materialize-after-q06-predicate,1,1,fused,2026-07-21T01:49:15.371504+00:00,597.8825,2328.125,1,sha256:5b1b60f63d1b4ca4ebae6df3c42c09410a88b25d8d51e4ed15f051dbc5ac6140
50,tpch-q6-block-050,materialize-after-q06-time -> fused -> materialize-after-q06-predicate,1,2,fused,2026-07-21T01:49:15.969545+00:00,591.5201,2328.125,1,sha256:5b1b60f63d1b4ca4ebae6df3c42c09410a88b25d8d51e4ed15f051dbc5ac6140
50,tpch-q6-block-050,materialize-after-q06-time -> fused -> materialize-after-q06-predicate,1,3,fused,2026-07-21T01:49:16.561438+00:00,581.6944,2250.0,1,sha256:5b1b60f63d1b4ca4ebae6df3c42c09410a88b25d8d51e4ed15f051dbc5ac6140
50,tpch-q6-block-050,materialize-after-q06-time -> fused -> materialize-after-q06-predicate,1,4,fused,2026-07-21T01:49:17.142964+00:00,576.4358,2250.0,1,sha256:5b1b60f63d1b4ca4ebae6df3c42c09410a88b25d8d51e4ed15f051dbc5ac6140
50,tpch-q6-block-050,materialize-after-q06-time -> fused -> materialize-after-q06-predicate,2,0,materialize-after-q06-predicate,2026-07-21T01:49:17.719655+00:00,677.1049,2703.125,1,sha256:5b1b60f63d1b4ca4ebae6df3c42c09410a88b25d8d51e4ed15f051dbc5ac6140
50,tpch-q6-block-050,materialize-after-q06-time -> fused -> materialize-after-q06-predicate,2,1,materialize-after-q06-predicate,2026-07-21T01:49:18.396820+00:00,681.9042,2687.5,1,sha256:5b1b60f63d1b4ca4ebae6df3c42c09410a88b25d8d51e4ed15f051dbc5ac6140
50,tpch-q6-block-050,materialize-after-q06-time -> fused -> materialize-after-q06-predicate,2,2,materialize-after-q06-predicate,2026-07-21T01:49:19.078580+00:00,654.0539,2578.125,1,sha256:5b1b60f63d1b4ca4ebae6df3c42c09410a88b25d8d51e4ed15f051dbc5ac6140
50,tpch-q6-block-050,materialize-after-q06-time -> fused -> materialize-after-q06-predicate,2,3,materialize-after-q06-predicate,2026-07-21T01:49:19.732930+00:00,683.5582,2625.0,1,sha256:5b1b60f63d1b4ca4ebae6df3c42c09410a88b25d8d51e4ed15f051dbc5ac6140
50,tpch-q6-block-050,materialize-after-q06-time -> fused -> materialize-after-q06-predicate,2,4,materialize-after-q06-predicate,2026-07-21T01:49:20.416687+00:00,666.7232,2687.5,1,sha256:5b1b60f63d1b4ca4ebae6df3c42c09410a88b25d8d51e4ed15f051dbc5ac6140
51,tpch-q6-block-051,materialize-after-q06-predicate -> materialize-after-q06-time -> fused,0,0,materialize-after-q06-predicate,2026-07-21T01:49:21.107418+00:00,675.6382,2656.25,1,sha256:5b1b60f63d1b4ca4ebae6df3c42c09410a88b25d8d51e4ed15f051dbc5ac6140
51,tpch-q6-block-051,materialize-after-q06-predicate -> materialize-after-q06-time -> fused,0,1,materialize-after-q06-predicate,2026-07-21T01:49:21.783578+00:00,754.1505,3000.0,1,sha256:5b1b60f63d1b4ca4ebae6df3c42c09410a88b25d8d51e4ed15f051dbc5ac6140
51,tpch-q6-block-051,materialize-after-q06-predicate -> materialize-after-q06-time -> fused,0,2,materialize-after-q06-predicate,2026-07-21T01:49:22.537562+00:00,709.3522,2765.625,1,sha256:5b1b60f63d1b4ca4ebae6df3c42c09410a88b25d8d51e4ed15f051dbc5ac6140
51,tpch-q6-block-051,materialize-after-q06-predicate -> materialize-after-q06-time -> fused,0,3,materialize-after-q06-predicate,2026-07-21T01:49:23.246741+00:00,658.7306,2578.125,1,sha256:5b1b60f63d1b4ca4ebae6df3c42c09410a88b25d8d51e4ed15f051dbc5ac6140
51,tpch-q6-block-051,materialize-after-q06-predicate -> materialize-after-q06-time -> fused,0,4,materialize-after-q06-predicate,2026-07-21T01:49:23.905637+00:00,673.5742,2656.25,1,sha256:5b1b60f63d1b4ca4ebae6df3c42c09410a88b25d8d51e4ed15f051dbc5ac6140
51,tpch-q6-block-051,materialize-after-q06-predicate -> materialize-after-q06-time -> fused,1,0,materialize-after-q06-time,2026-07-21T01:49:24.579922+00:00,3371.3281,13390.625,1,sha256:5b1b60f63d1b4ca4ebae6df3c42c09410a88b25d8d51e4ed15f051dbc5ac6140
51,tpch-q6-block-051,materialize-after-q06-predicate -> materialize-after-q06-time -> fused,1,1,materialize-after-q06-time,2026-07-21T01:49:27.951530+00:00,3385.4435,13265.625,1,sha256:5b1b60f63d1b4ca4ebae6df3c42c09410a88b25d8d51e4ed15f051dbc5ac6140
51,tpch-q6-block-051,materialize-after-q06-predicate -> materialize-after-q06-time -> fused,1,2,materialize-after-q06-time,2026-07-21T01:49:31.337181+00:00,3309.996,13203.125,1,sha256:5b1b60f63d1b4ca4ebae6df3c42c09410a88b25d8d51e4ed15f051dbc5ac6140
51,tpch-q6-block-051,materialize-after-q06-predicate -> materialize-after-q06-time -> fused,1,3,materialize-after-q06-time,2026-07-21T01:49:34.646937+00:00,3370.4015,13359.375,1,sha256:5b1b60f63d1b4ca4ebae6df3c42c09410a88b25d8d51e4ed15f051dbc5ac6140
51,tpch-q6-block-051,materialize-after-q06-predicate -> materialize-after-q06-time -> fused,1,4,materialize-after-q06-time,2026-07-21T01:49:38.017400+00:00,3528.1818,14015.625,1,sha256:5b1b60f63d1b4ca4ebae6df3c42c09410a88b25d8d51e4ed15f051dbc5ac6140
51,tpch-q6-block-051,materialize-after-q06-predicate -> materialize-after-q06-time -> fused,2,0,fused,2026-07-21T01:49:41.546386+00:00,632.019,2515.625,1,sha256:5b1b60f63d1b4ca4ebae6df3c42c09410a88b25d8d51e4ed15f051dbc5ac6140
51,tpch-q6-block-051,materialize-after-q06-predicate -> materialize-after-q06-time -> fused,2,1,fused,2026-07-21T01:49:42.177825+00:00,580.5453,2312.5,1,sha256:5b1b60f63d1b4ca4ebae6df3c42c09410a88b25d8d51e4ed15f051dbc5ac6140
51,tpch-q6-block-051,materialize-after-q06-predicate -> materialize-after-q06-time -> fused,2,2,fused,2026-07-21T01:49:42.759117+00:00,604.4192,2390.625,1,sha256:5b1b60f63d1b4ca4ebae6df3c42c09410a88b25d8d51e4ed15f051dbc5ac6140
51,tpch-q6-block-051,materialize-after-q06-predicate -> materialize-after-q06-time -> fused,2,3,fused,2026-07-21T01:49:43.363253+00:00,580.0212,2312.5,1,sha256:5b1b60f63d1b4ca4ebae6df3c42c09410a88b25d8d51e4ed15f051dbc5ac6140
51,tpch-q6-block-051,materialize-after-q06-predicate -> materialize-after-q06-time -> fused,2,4,fused,2026-07-21T01:49:43.943599+00:00,623.5742,2484.375,1,sha256:5b1b60f63d1b4ca4ebae6df3c42c09410a88b25d8d51e4ed15f051dbc5ac6140
52,tpch-q6-block-052,materialize-after-q06-time -> materialize-after-q06-predicate -> fused,0,0,materialize-after-q06-time,2026-07-21T01:49:44.589803+00:00,3375.1945,13375.0,1,sha256:5b1b60f63d1b4ca4ebae6df3c42c09410a88b25d8d51e4ed15f051dbc5ac6140
52,tpch-q6-block-052,materialize-after-q06-time -> materialize-after-q06-predicate -> fused,0,1,materialize-after-q06-time,2026-07-21T01:49:47.965038+00:00,3273.8541,13062.5,1,sha256:5b1b60f63d1b4ca4ebae6df3c42c09410a88b25d8d51e4ed15f051dbc5ac6140
52,tpch-q6-block-052,materialize-after-q06-time -> materialize-after-q06-predicate -> fused,0,2,materialize-after-q06-time,2026-07-21T01:49:51.238949+00:00,3339.2995,13296.875,1,sha256:5b1b60f63d1b4ca4ebae6df3c42c09410a88b25d8d51e4ed15f051dbc5ac6140
52,tpch-q6-block-052,materialize-after-q06-time -> materialize-after-q06-predicate -> fused,0,3,materialize-after-q06-time,2026-07-21T01:49:54.578911+00:00,3711.5139,14453.125,1,sha256:5b1b60f63d1b4ca4ebae6df3c42c09410a88b25d8d51e4ed15f051dbc5ac6140
52,tpch-q6-block-052,materialize-after-q06-time -> materialize-after-q06-predicate -> fused,0,4,materialize-after-q06-time,2026-07-21T01:49:58.290895+00:00,3344.0707,13343.75,1,sha256:5b1b60f63d1b4ca4ebae6df3c42c09410a88b25d8d51e4ed15f051dbc5ac6140
52,tpch-q6-block-052,materialize-after-q06-time -> materialize-after-q06-predicate -> fused,1,0,materialize-after-q06-predicate,2026-07-21T01:50:01.634622+00:00,646.0641,2562.5,1,sha256:5b1b60f63d1b4ca4ebae6df3c42c09410a88b25d8d51e4ed15f051dbc5ac6140
52,tpch-q6-block-052,materialize-after-q06-time -> materialize-after-q06-predicate -> fused,1,1,materialize-after-q06-predicate,2026-07-21T01:50:02.281383+00:00,673.9516,2656.25,1,sha256:5b1b60f63d1b4ca4ebae6df3c42c09410a88b25d8d51e4ed15f051dbc5ac6140
52,tpch-q6-block-052,materialize-after-q06-time -> materialize-after-q06-predicate -> fused,1,2,materialize-after-q06-predicate,2026-07-21T01:50:02.954926+00:00,718.5115,2625.0,1,sha256:5b1b60f63d1b4ca4ebae6df3c42c09410a88b25d8d51e4ed15f051dbc5ac6140
52,tpch-q6-block-052,materialize-after-q06-time -> materialize-after-q06-predicate -> fused,1,3,materialize-after-q06-predicate,2026-07-21T01:50:03.674480+00:00,722.4191,2609.375,1,sha256:5b1b60f63d1b4ca4ebae6df3c42c09410a88b25d8d51e4ed15f051dbc5ac6140
52,tpch-q6-block-052,materialize-after-q06-time -> materialize-after-q06-predicate -> fused,1,4,materialize-after-q06-predicate,2026-07-21T01:50:04.396618+00:00,659.0534,2609.375,1,sha256:5b1b60f63d1b4ca4ebae6df3c42c09410a88b25d8d51e4ed15f051dbc5ac6140
52,tpch-q6-block-052,materialize-after-q06-time -> materialize-after-q06-predicate -> fused,2,0,fused,2026-07-21T01:50:05.056295+00:00,592.2023,2359.375,1,sha256:5b1b60f63d1b4ca4ebae6df3c42c09410a88b25d8d51e4ed15f051dbc5ac6140
52,tpch-q6-block-052,materialize-after-q06-time -> materialize-after-q06-predicate -> fused,2,1,fused,2026-07-21T01:50:05.648018+00:00,573.7642,2296.875,1,sha256:5b1b60f63d1b4ca4ebae6df3c42c09410a88b25d8d51e4ed15f051dbc5ac6140
52,tpch-q6-block-052,materialize-after-q06-time -> materialize-after-q06-predicate -> fused,2,2,fused,2026-07-21T01:50:06.222122+00:00,584.5242,2312.5,1,sha256:5b1b60f63d1b4ca4ebae6df3c42c09410a88b25d8d51e4ed15f051dbc5ac6140
52,tpch-q6-block-052,materialize-after-q06-time -> materialize-after-q06-predicate -> fused,2,3,fused,2026-07-21T01:50:06.807079+00:00,599.489,2359.375,1,sha256:5b1b60f63d1b4ca4ebae6df3c42c09410a88b25d8d51e4ed15f051dbc5ac6140
52,tpch-q6-block-052,materialize-after-q06-time -> materialize-after-q06-predicate -> fused,2,4,fused,2026-07-21T01:50:07.407062+00:00,581.4434,2328.125,1,sha256:5b1b60f63d1b4ca4ebae6df3c42c09410a88b25d8d51e4ed15f051dbc5ac6140
53,tpch-q6-block-053,materialize-after-q06-predicate -> fused -> materialize-after-q06-time,0,0,materialize-after-q06-predicate,2026-07-21T01:50:08.012638+00:00,687.1946,2703.125,1,sha256:5b1b60f63d1b4ca4ebae6df3c42c09410a88b25d8d51e4ed15f051dbc5ac6140
53,tpch-q6-block-053,materialize-after-q06-predicate -> fused -> materialize-after-q06-time,0,1,materialize-after-q06-predicate,2026-07-21T01:50:08.699619+00:00,757.4421,2968.75,1,sha256:5b1b60f63d1b4ca4ebae6df3c42c09410a88b25d8d51e4ed15f051dbc5ac6140
53,tpch-q6-block-053,materialize-after-q06-predicate -> fused -> materialize-after-q06-time,0,2,materialize-after-q06-predicate,2026-07-21T01:50:09.457004+00:00,679.5651,2687.5,1,sha256:5b1b60f63d1b4ca4ebae6df3c42c09410a88b25d8d51e4ed15f051dbc5ac6140
53,tpch-q6-block-053,materialize-after-q06-predicate -> fused -> materialize-after-q06-time,0,3,materialize-after-q06-predicate,2026-07-21T01:50:10.137260+00:00,659.4674,2562.5,1,sha256:5b1b60f63d1b4ca4ebae6df3c42c09410a88b25d8d51e4ed15f051dbc5ac6140
53,tpch-q6-block-053,materialize-after-q06-predicate -> fused -> materialize-after-q06-time,0,4,materialize-after-q06-predicate,2026-07-21T01:50:10.796190+00:00,672.8152,2625.0,1,sha256:5b1b60f63d1b4ca4ebae6df3c42c09410a88b25d8d51e4ed15f051dbc5ac6140
53,tpch-q6-block-053,materialize-after-q06-predicate -> fused -> materialize-after-q06-time,1,0,fused,2026-07-21T01:50:11.469571+00:00,576.1681,2265.625,1,sha256:5b1b60f63d1b4ca4ebae6df3c42c09410a88b25d8d51e4ed15f051dbc5ac6140
53,tpch-q6-block-053,materialize-after-q06-predicate -> fused -> materialize-after-q06-time,1,1,fused,2026-07-21T01:50:12.046315+00:00,652.4348,2578.125,1,sha256:5b1b60f63d1b4ca4ebae6df3c42c09410a88b25d8d51e4ed15f051dbc5ac6140
53,tpch-q6-block-053,materialize-after-q06-predicate -> fused -> materialize-after-q06-time,1,2,fused,2026-07-21T01:50:12.698283+00:00,663.7573,2640.625,1,sha256:5b1b60f63d1b4ca4ebae6df3c42c09410a88b25d8d51e4ed15f051dbc5ac6140
53,tpch-q6-block-053,materialize-after-q06-predicate -> fused -> materialize-after-q06-time,1,3,fused,2026-07-21T01:50:13.362659+00:00,805.7327,3062.5,1,sha256:5b1b60f63d1b4ca4ebae6df3c42c09410a88b25d8d51e4ed15f051dbc5ac6140
53,tpch-q6-block-053,materialize-after-q06-predicate -> fused -> materialize-after-q06-time,1,4,fused,2026-07-21T01:50:14.168057+00:00,726.9387,2890.625,1,sha256:5b1b60f63d1b4ca4ebae6df3c42c09410a88b25d8d51e4ed15f051dbc5ac6140
53,tpch-q6-block-053,materialize-after-q06-predicate -> fused -> materialize-after-q06-time,2,0,materialize-after-q06-time,2026-07-21T01:50:14.895457+00:00,3978.7433,15781.25,1,sha256:5b1b60f63d1b4ca4ebae6df3c42c09410a88b25d8d51e4ed15f051dbc5ac6140
53,tpch-q6-block-053,materialize-after-q06-predicate -> fused -> materialize-after-q06-time,2,1,materialize-after-q06-time,2026-07-21T01:50:18.874543+00:00,3860.338,15312.5,1,sha256:5b1b60f63d1b4ca4ebae6df3c42c09410a88b25d8d51e4ed15f051dbc5ac6140
53,tpch-q6-block-053,materialize-after-q06-predicate -> fused -> materialize-after-q06-time,2,2,materialize-after-q06-time,2026-07-21T01:50:22.735165+00:00,3858.7293,15359.375,1,sha256:5b1b60f63d1b4ca4ebae6df3c42c09410a88b25d8d51e4ed15f051dbc5ac6140
53,tpch-q6-block-053,materialize-after-q06-predicate -> fused -> materialize-after-q06-time,2,3,materialize-after-q06-time,2026-07-21T01:50:26.594171+00:00,3359.0796,13312.5,1,sha256:5b1b60f63d1b4ca4ebae6df3c42c09410a88b25d8d51e4ed15f051dbc5ac6140
53,tpch-q6-block-053,materialize-after-q06-predicate -> fused -> materialize-after-q06-time,2,4,materialize-after-q06-time,2026-07-21T01:50:29.953182+00:00,3574.2383,14156.25,1,sha256:5b1b60f63d1b4ca4ebae6df3c42c09410a88b25d8d51e4ed15f051dbc5ac6140
54,tpch-q6-block-054,materialize-after-q06-time -> materialize-after-q06-predicate -> fused,0,0,materialize-after-q06-time,2026-07-21T01:50:33.552668+00:00,3644.7017,14343.75,1,sha256:5b1b60f63d1b4ca4ebae6df3c42c09410a88b25d8d51e4ed15f051dbc5ac6140
54,tpch-q6-block-054,materialize-after-q06-time -> materialize-after-q06-predicate -> fused,0,1,materialize-after-q06-time,2026-07-21T01:50:37.197725+00:00,3303.4128,13187.5,1,sha256:5b1b60f63d1b4ca4ebae6df3c42c09410a88b25d8d51e4ed15f051dbc5ac6140
54,tpch-q6-block-054,materialize-after-q06-time -> materialize-after-q06-predicate -> fused,0,2,materialize-after-q06-time,2026-07-21T01:50:40.501910+00:00,3491.8893,13828.125,1,sha256:5b1b60f63d1b4ca4ebae6df3c42c09410a88b25d8d51e4ed15f051dbc5ac6140
54,tpch-q6-block-054,materialize-after-q06-time -> materialize-after-q06-predicate -> fused,0,3,materialize-after-q06-time,2026-07-21T01:50:43.994070+00:00,3424.5847,13562.5,1,sha256:5b1b60f63d1b4ca4ebae6df3c42c09410a88b25d8d51e4ed15f051dbc5ac6140
54,tpch-q6-block-054,materialize-after-q06-time -> materialize-after-q06-predicate -> fused,0,4,materialize-after-q06-time,2026-07-21T01:50:47.418571+00:00,3401.4681,13500.0,1,sha256:5b1b60f63d1b4ca4ebae6df3c42c09410a88b25d8d51e4ed15f051dbc5ac6140
54,tpch-q6-block-054,materialize-after-q06-time -> materialize-after-q06-predicate -> fused,1,0,materialize-after-q06-predicate,2026-07-21T01:50:50.820290+00:00,663.5913,2625.0,1,sha256:5b1b60f63d1b4ca4ebae6df3c42c09410a88b25d8d51e4ed15f051dbc5ac6140
54,tpch-q6-block-054,materialize-after-q06-time -> materialize-after-q06-predicate -> fused,1,1,materialize-after-q06-predicate,2026-07-21T01:50:51.484117+00:00,709.1623,2796.875,1,sha256:5b1b60f63d1b4ca4ebae6df3c42c09410a88b25d8d51e4ed15f051dbc5ac6140
54,tpch-q6-block-054,materialize-after-q06-time -> materialize-after-q06-predicate -> fused,1,2,materialize-after-q06-predicate,2026-07-21T01:50:52.193123+00:00,655.6283,2625.0,1,sha256:5b1b60f63d1b4ca4ebae6df3c42c09410a88b25d8d51e4ed15f051dbc5ac6140
54,tpch-q6-block-054,materialize-after-q06-time -> materialize-after-q06-predicate -> fused,1,3,materialize-after-q06-predicate,2026-07-21T01:50:52.848640+00:00,684.2261,2703.125,1,sha256:5b1b60f63d1b4ca4ebae6df3c42c09410a88b25d8d51e4ed15f051dbc5ac6140
54,tpch-q6-block-054,materialize-after-q06-time -> materialize-after-q06-predicate -> fused,1,4,materialize-after-q06-predicate,2026-07-21T01:50:53.532968+00:00,693.8444,2718.75,1,sha256:5b1b60f63d1b4ca4ebae6df3c42c09410a88b25d8d51e4ed15f051dbc5ac6140
54,tpch-q6-block-054,materialize-after-q06-time -> materialize-after-q06-predicate -> fused,2,0,fused,2026-07-21T01:50:54.227643+00:00,625.8693,2500.0,1,sha256:5b1b60f63d1b4ca4ebae6df3c42c09410a88b25d8d51e4ed15f051dbc5ac6140
54,tpch-q6-block-054,materialize-after-q06-time -> materialize-after-q06-predicate -> fused,2,1,fused,2026-07-21T01:50:54.853067+00:00,602.8003,2359.375,1,sha256:5b1b60f63d1b4ca4ebae6df3c42c09410a88b25d8d51e4ed15f051dbc5ac6140
54,tpch-q6-block-054,materialize-after-q06-time -> materialize-after-q06-predicate -> fused,2,2,fused,2026-07-21T01:50:55.455905+00:00,638.0865,2500.0,1,sha256:5b1b60f63d1b4ca4ebae6df3c42c09410a88b25d8d51e4ed15f051dbc5ac6140
54,tpch-q6-block-054,materialize-after-q06-time -> materialize-after-q06-predicate -> fused,2,3,fused,2026-07-21T01:50:56.094719+00:00,611.3992,2437.5,1,sha256:5b1b60f63d1b4ca4ebae6df3c42c09410a88b25d8d51e4ed15f051dbc5ac6140
54,tpch-q6-block-054,materialize-after-q06-time -> materialize-after-q06-predicate -> fused,2,4,fused,2026-07-21T01:50:56.706046+00:00,607.8959,2390.625,1,sha256:5b1b60f63d1b4ca4ebae6df3c42c09410a88b25d8d51e4ed15f051dbc5ac6140
55,tpch-q6-block-055,materialize-after-q06-predicate -> fused -> materialize-after-q06-time,0,0,materialize-after-q06-predicate,2026-07-21T01:50:57.340429+00:00,768.1451,3000.0,1,sha256:5b1b60f63d1b4ca4ebae6df3c42c09410a88b25d8d51e4ed15f051dbc5ac6140
55,tpch-q6-block-055,materialize-after-q06-predicate -> fused -> materialize-after-q06-time,0,1,materialize-after-q06-predicate,2026-07-21T01:50:58.108534+00:00,862.4991,3125.0,1,sha256:5b1b60f63d1b4ca4ebae6df3c42c09410a88b25d8d51e4ed15f051dbc5ac6140
55,tpch-q6-block-055,materialize-after-q06-predicate -> fused -> materialize-after-q06-time,0,2,materialize-after-q06-predicate,2026-07-21T01:50:58.971427+00:00,677.685,2656.25,1,sha256:5b1b60f63d1b4ca4ebae6df3c42c09410a88b25d8d51e4ed15f051dbc5ac6140
55,tpch-q6-block-055,materialize-after-q06-predicate -> fused -> materialize-after-q06-time,0,3,materialize-after-q06-predicate,2026-07-21T01:50:59.649348+00:00,696.5935,2765.625,1,sha256:5b1b60f63d1b4ca4ebae6df3c42c09410a88b25d8d51e4ed15f051dbc5ac6140
55,tpch-q6-block-055,materialize-after-q06-predicate -> fused -> materialize-after-q06-time,0,4,materialize-after-q06-predicate,2026-07-21T01:51:00.346127+00:00,704.7188,2765.625,1,sha256:5b1b60f63d1b4ca4ebae6df3c42c09410a88b25d8d51e4ed15f051dbc5ac6140
55,tpch-q6-block-055,materialize-after-q06-predicate -> fused -> materialize-after-q06-time,1,0,fused,2026-07-21T01:51:01.051192+00:00,600.5697,2375.0,1,sha256:5b1b60f63d1b4ca4ebae6df3c42c09410a88b25d8d51e4ed15f051dbc5ac6140
55,tpch-q6-block-055,materialize-after-q06-predicate -> fused -> materialize-after-q06-time,1,1,fused,2026-07-21T01:51:01.651909+00:00,642.5538,2562.5,1,sha256:5b1b60f63d1b4ca4ebae6df3c42c09410a88b25d8d51e4ed15f051dbc5ac6140
55,tpch-q6-block-055,materialize-after-q06-predicate -> fused -> materialize-after-q06-time,1,2,fused,2026-07-21T01:51:02.294124+00:00,589.0846,2328.125,1,sha256:5b1b60f63d1b4ca4ebae6df3c42c09410a88b25d8d51e4ed15f051dbc5ac6140
55,tpch-q6-block-055,materialize-after-q06-predicate -> fused -> materialize-after-q06-time,1,3,fused,2026-07-21T01:51:02.884225+00:00,587.3966,2343.75,1,sha256:5b1b60f63d1b4ca4ebae6df3c42c09410a88b25d8d51e4ed15f051dbc5ac6140
55,tpch-q6-block-055,materialize-after-q06-predicate -> fused -> materialize-after-q06-time,1,4,fused,2026-07-21T01:51:03.471835+00:00,610.4668,2406.25,1,sha256:5b1b60f63d1b4ca4ebae6df3c42c09410a88b25d8d51e4ed15f051dbc5ac6140
55,tpch-q6-block-055,materialize-after-q06-predicate -> fused -> materialize-after-q06-time,2,0,materialize-after-q06-time,2026-07-21T01:51:04.081917+00:00,3433.479,13640.625,1,sha256:5b1b60f63d1b4ca4ebae6df3c42c09410a88b25d8d51e4ed15f051dbc5ac6140
55,tpch-q6-block-055,materialize-after-q06-predicate -> fused -> materialize-after-q06-time,2,1,materialize-after-q06-time,2026-07-21T01:51:07.515213+00:00,3465.5235,13687.5,1,sha256:5b1b60f63d1b4ca4ebae6df3c42c09410a88b25d8d51e4ed15f051dbc5ac6140
55,tpch-q6-block-055,materialize-after-q06-predicate -> fused -> materialize-after-q06-time,2,2,materialize-after-q06-time,2026-07-21T01:51:10.981889+00:00,3463.9894,13765.625,1,sha256:5b1b60f63d1b4ca4ebae6df3c42c09410a88b25d8d51e4ed15f051dbc5ac6140
55,tpch-q6-block-055,materialize-after-q06-predicate -> fused -> materialize-after-q06-time,2,3,materialize-after-q06-time,2026-07-21T01:51:14.445717+00:00,3438.6449,13703.125,1,sha256:5b1b60f63d1b4ca4ebae6df3c42c09410a88b25d8d51e4ed15f051dbc5ac6140
55,tpch-q6-block-055,materialize-after-q06-predicate -> fused -> materialize-after-q06-time,2,4,materialize-after-q06-time,2026-07-21T01:51:17.884385+00:00,3660.2355,13984.375,1,sha256:5b1b60f63d1b4ca4ebae6df3c42c09410a88b25d8d51e4ed15f051dbc5ac6140
56,tpch-q6-block-056,fused -> materialize-after-q06-predicate -> materialize-after-q06-time,0,0,fused,2026-07-21T01:51:21.573039+00:00,633.9918,2515.625,1,sha256:5b1b60f63d1b4ca4ebae6df3c42c09410a88b25d8d51e4ed15f051dbc5ac6140
56,tpch-q6-block-056,fused -> materialize-after-q06-predicate -> materialize-after-q06-time,0,1,fused,2026-07-21T01:51:22.207465+00:00,650.6762,2531.25,1,sha256:5b1b60f63d1b4ca4ebae6df3c42c09410a88b25d8d51e4ed15f051dbc5ac6140
56,tpch-q6-block-056,fused -> materialize-after-q06-predicate -> materialize-after-q06-time,0,2,fused,2026-07-21T01:51:22.858585+00:00,665.0778,2625.0,1,sha256:5b1b60f63d1b4ca4ebae6df3c42c09410a88b25d8d51e4ed15f051dbc5ac6140
56,tpch-q6-block-056,fused -> materialize-after-q06-predicate -> materialize-after-q06-time,0,3,fused,2026-07-21T01:51:23.523678+00:00,621.4447,2500.0,1,sha256:5b1b60f63d1b4ca4ebae6df3c42c09410a88b25d8d51e4ed15f051dbc5ac6140
56,tpch-q6-block-056,fused -> materialize-after-q06-predicate -> materialize-after-q06-time,0,4,fused,2026-07-21T01:51:24.144959+00:00,671.6062,2656.25,1,sha256:5b1b60f63d1b4ca4ebae6df3c42c09410a88b25d8d51e4ed15f051dbc5ac6140
56,tpch-q6-block-056,fused -> materialize-after-q06-predicate -> materialize-after-q06-time,1,0,materialize-after-q06-predicate,2026-07-21T01:51:24.817508+00:00,882.4463,3468.75,1,sha256:5b1b60f63d1b4ca4ebae6df3c42c09410a88b25d8d51e4ed15f051dbc5ac6140
56,tpch-q6-block-056,fused -> materialize-after-q06-predicate -> materialize-after-q06-time,1,1,materialize-after-q06-predicate,2026-07-21T01:51:25.700159+00:00,744.9185,2906.25,1,sha256:5b1b60f63d1b4ca4ebae6df3c42c09410a88b25d8d51e4ed15f051dbc5ac6140
56,tpch-q6-block-056,fused -> materialize-after-q06-predicate -> materialize-after-q06-time,1,2,materialize-after-q06-predicate,2026-07-21T01:51:26.445009+00:00,804.1277,3187.5,1,sha256:5b1b60f63d1b4ca4ebae6df3c42c09410a88b25d8d51e4ed15f051dbc5ac6140
56,tpch-q6-block-056,fused -> materialize-after-q06-predicate -> materialize-after-q06-time,1,3,materialize-after-q06-predicate,2026-07-21T01:51:27.249418+00:00,805.3067,2812.5,1,sha256:5b1b60f63d1b4ca4ebae6df3c42c09410a88b25d8d51e4ed15f051dbc5ac6140
56,tpch-q6-block-056,fused -> materialize-after-q06-predicate -> materialize-after-q06-time,1,4,materialize-after-q06-predicate,2026-07-21T01:51:28.054671+00:00,752.2697,2921.875,1,sha256:5b1b60f63d1b4ca4ebae6df3c42c09410a88b25d8d51e4ed15f051dbc5ac6140
56,tpch-q6-block-056,fused -> materialize-after-q06-predicate -> materialize-after-q06-time,2,0,materialize-after-q06-time,2026-07-21T01:51:28.806750+00:00,3725.8373,14500.0,1,sha256:5b1b60f63d1b4ca4ebae6df3c42c09410a88b25d8d51e4ed15f051dbc5ac6140
56,tpch-q6-block-056,fused -> materialize-after-q06-predicate -> materialize-after-q06-time,2,1,materialize-after-q06-time,2026-07-21T01:51:32.533433+00:00,4172.021,16343.75,1,sha256:5b1b60f63d1b4ca4ebae6df3c42c09410a88b25d8d51e4ed15f051dbc5ac6140
56,tpch-q6-block-056,fused -> materialize-after-q06-predicate -> materialize-after-q06-time,2,2,materialize-after-q06-time,2026-07-21T01:51:36.705267+00:00,3661.5733,14546.875,1,sha256:5b1b60f63d1b4ca4ebae6df3c42c09410a88b25d8d51e4ed15f051dbc5ac6140
56,tpch-q6-block-056,fused -> materialize-after-q06-predicate -> materialize-after-q06-time,2,3,materialize-after-q06-time,2026-07-21T01:51:40.367160+00:00,3575.7224,14156.25,1,sha256:5b1b60f63d1b4ca4ebae6df3c42c09410a88b25d8d51e4ed15f051dbc5ac6140
56,tpch-q6-block-056,fused -> materialize-after-q06-predicate -> materialize-after-q06-time,2,4,materialize-after-q06-time,2026-07-21T01:51:43.942801+00:00,3427.8987,13625.0,1,sha256:5b1b60f63d1b4ca4ebae6df3c42c09410a88b25d8d51e4ed15f051dbc5ac6140
57,tpch-q6-block-057,fused -> materialize-after-q06-time -> materialize-after-q06-predicate,0,0,fused,2026-07-21T01:51:47.397967+00:00,623.194,2500.0,1,sha256:5b1b60f63d1b4ca4ebae6df3c42c09410a88b25d8d51e4ed15f051dbc5ac6140
57,tpch-q6-block-057,fused -> materialize-after-q06-time -> materialize-after-q06-predicate,0,1,fused,2026-07-21T01:51:48.021672+00:00,608.3618,2437.5,1,sha256:5b1b60f63d1b4ca4ebae6df3c42c09410a88b25d8d51e4ed15f051dbc5ac6140
57,tpch-q6-block-057,fused -> materialize-after-q06-time -> materialize-after-q06-predicate,0,2,fused,2026-07-21T01:51:48.630090+00:00,678.8356,2421.875,1,sha256:5b1b60f63d1b4ca4ebae6df3c42c09410a88b25d8d51e4ed15f051dbc5ac6140
57,tpch-q6-block-057,fused -> materialize-after-q06-time -> materialize-after-q06-predicate,0,3,fused,2026-07-21T01:51:49.308842+00:00,667.4887,2625.0,1,sha256:5b1b60f63d1b4ca4ebae6df3c42c09410a88b25d8d51e4ed15f051dbc5ac6140
57,tpch-q6-block-057,fused -> materialize-after-q06-time -> materialize-after-q06-predicate,0,4,fused,2026-07-21T01:51:49.976302+00:00,615.0307,2421.875,1,sha256:5b1b60f63d1b4ca4ebae6df3c42c09410a88b25d8d51e4ed15f051dbc5ac6140
57,tpch-q6-block-057,fused -> materialize-after-q06-time -> materialize-after-q06-predicate,1,0,materialize-after-q06-time,2026-07-21T01:51:50.591793+00:00,3378.1015,13359.375,1,sha256:5b1b60f63d1b4ca4ebae6df3c42c09410a88b25d8d51e4ed15f051dbc5ac6140
57,tpch-q6-block-057,fused -> materialize-after-q06-time -> materialize-after-q06-predicate,1,1,materialize-after-q06-time,2026-07-21T01:51:53.970254+00:00,3383.378,13437.5,1,sha256:5b1b60f63d1b4ca4ebae6df3c42c09410a88b25d8d51e4ed15f051dbc5ac6140
57,tpch-q6-block-057,fused -> materialize-after-q06-time -> materialize-after-q06-predicate,1,2,materialize-after-q06-time,2026-07-21T01:51:57.353495+00:00,3455.0094,13718.75,1,sha256:5b1b60f63d1b4ca4ebae6df3c42c09410a88b25d8d51e4ed15f051dbc5ac6140
57,tpch-q6-block-057,fused -> materialize-after-q06-time -> materialize-after-q06-predicate,1,3,materialize-after-q06-time,2026-07-21T01:52:00.808283+00:00,3305.8415,13109.375,1,sha256:5b1b60f63d1b4ca4ebae6df3c42c09410a88b25d8d51e4ed15f051dbc5ac6140
57,tpch-q6-block-057,fused -> materialize-after-q06-time -> materialize-after-q06-predicate,1,4,materialize-after-q06-time,2026-07-21T01:52:04.114579+00:00,3452.8763,13671.875,1,sha256:5b1b60f63d1b4ca4ebae6df3c42c09410a88b25d8d51e4ed15f051dbc5ac6140
57,tpch-q6-block-057,fused -> materialize-after-q06-time -> materialize-after-q06-predicate,2,0,materialize-after-q06-predicate,2026-07-21T01:52:07.567597+00:00,726.7942,2859.375,1,sha256:5b1b60f63d1b4ca4ebae6df3c42c09410a88b25d8d51e4ed15f051dbc5ac6140
57,tpch-q6-block-057,fused -> materialize-after-q06-time -> materialize-after-q06-predicate,2,1,materialize-after-q06-predicate,2026-07-21T01:52:08.295039+00:00,699.8892,2671.875,1,sha256:5b1b60f63d1b4ca4ebae6df3c42c09410a88b25d8d51e4ed15f051dbc5ac6140
57,tpch-q6-block-057,fused -> materialize-after-q06-time -> materialize-after-q06-predicate,2,2,materialize-after-q06-predicate,2026-07-21T01:52:08.994593+00:00,691.4384,2750.0,1,sha256:5b1b60f63d1b4ca4ebae6df3c42c09410a88b25d8d51e4ed15f051dbc5ac6140
57,tpch-q6-block-057,fused -> materialize-after-q06-time -> materialize-after-q06-predicate,2,3,materialize-after-q06-predicate,2026-07-21T01:52:09.686753+00:00,750.9576,2921.875,1,sha256:5b1b60f63d1b4ca4ebae6df3c42c09410a88b25d8d51e4ed15f051dbc5ac6140
57,tpch-q6-block-057,fused -> materialize-after-q06-time -> materialize-after-q06-predicate,2,4,materialize-after-q06-predicate,2026-07-21T01:52:10.437564+00:00,696.3143,2750.0,1,sha256:5b1b60f63d1b4ca4ebae6df3c42c09410a88b25d8d51e4ed15f051dbc5ac6140
58,tpch-q6-block-058,materialize-after-q06-time -> fused -> materialize-after-q06-predicate,0,0,materialize-after-q06-time,2026-07-21T01:52:11.164025+00:00,3412.9289,13484.375,1,sha256:5b1b60f63d1b4ca4ebae6df3c42c09410a88b25d8d51e4ed15f051dbc5ac6140
58,tpch-q6-block-058,materialize-after-q06-time -> fused -> materialize-after-q06-predicate,0,1,materialize-after-q06-time,2026-07-21T01:52:14.576805+00:00,3366.5122,13421.875,1,sha256:5b1b60f63d1b4ca4ebae6df3c42c09410a88b25d8d51e4ed15f051dbc5ac6140
58,tpch-q6-block-058,materialize-after-q06-time -> fused -> materialize-after-q06-predicate,0,2,materialize-after-q06-time,2026-07-21T01:52:17.943474+00:00,3489.0766,13812.5,1,sha256:5b1b60f63d1b4ca4ebae6df3c42c09410a88b25d8d51e4ed15f051dbc5ac6140
58,tpch-q6-block-058,materialize-after-q06-time -> fused -> materialize-after-q06-predicate,0,3,materialize-after-q06-time,2026-07-21T01:52:21.432349+00:00,3510.5876,13750.0,1,sha256:5b1b60f63d1b4ca4ebae6df3c42c09410a88b25d8d51e4ed15f051dbc5ac6140
58,tpch-q6-block-058,materialize-after-q06-time -> fused -> materialize-after-q06-predicate,0,4,materialize-after-q06-time,2026-07-21T01:52:24.942638+00:00,3665.6344,14437.5,1,sha256:5b1b60f63d1b4ca4ebae6df3c42c09410a88b25d8d51e4ed15f051dbc5ac6140
58,tpch-q6-block-058,materialize-after-q06-time -> fused -> materialize-after-q06-predicate,1,0,fused,2026-07-21T01:52:28.609117+00:00,863.405,3250.0,1,sha256:5b1b60f63d1b4ca4ebae6df3c42c09410a88b25d8d51e4ed15f051dbc5ac6140
58,tpch-q6-block-058,materialize-after-q06-time -> fused -> materialize-after-q06-predicate,1,1,fused,2026-07-21T01:52:29.472601+00:00,672.6271,2640.625,1,sha256:5b1b60f63d1b4ca4ebae6df3c42c09410a88b25d8d51e4ed15f051dbc5ac6140
58,tpch-q6-block-058,materialize-after-q06-time -> fused -> materialize-after-q06-predicate,1,2,fused,2026-07-21T01:52:30.145195+00:00,598.6364,2375.0,1,sha256:5b1b60f63d1b4ca4ebae6df3c42c09410a88b25d8d51e4ed15f051dbc5ac6140
58,tpch-q6-block-058,materialize-after-q06-time -> fused -> materialize-after-q06-predicate,1,3,fused,2026-07-21T01:52:30.743799+00:00,634.3644,2343.75,1,sha256:5b1b60f63d1b4ca4ebae6df3c42c09410a88b25d8d51e4ed15f051dbc5ac6140
58,tpch-q6-block-058,materialize-after-q06-time -> fused -> materialize-after-q06-predicate,1,4,fused,2026-07-21T01:52:31.378292+00:00,618.5109,2437.5,1,sha256:5b1b60f63d1b4ca4ebae6df3c42c09410a88b25d8d51e4ed15f051dbc5ac6140
58,tpch-q6-block-058,materialize-after-q06-time -> fused -> materialize-after-q06-predicate,2,0,materialize-after-q06-predicate,2026-07-21T01:52:31.997325+00:00,676.8555,2640.625,1,sha256:5b1b60f63d1b4ca4ebae6df3c42c09410a88b25d8d51e4ed15f051dbc5ac6140
58,tpch-q6-block-058,materialize-after-q06-time -> fused -> materialize-after-q06-predicate,2,1,materialize-after-q06-predicate,2026-07-21T01:52:32.674691+00:00,721.8631,2875.0,1,sha256:5b1b60f63d1b4ca4ebae6df3c42c09410a88b25d8d51e4ed15f051dbc5ac6140
58,tpch-q6-block-058,materialize-after-q06-time -> fused -> materialize-after-q06-predicate,2,2,materialize-after-q06-predicate,2026-07-21T01:52:33.396688+00:00,863.0055,3250.0,1,sha256:5b1b60f63d1b4ca4ebae6df3c42c09410a88b25d8d51e4ed15f051dbc5ac6140
58,tpch-q6-block-058,materialize-after-q06-time -> fused -> materialize-after-q06-predicate,2,3,materialize-after-q06-predicate,2026-07-21T01:52:34.259311+00:00,867.4059,3453.125,1,sha256:5b1b60f63d1b4ca4ebae6df3c42c09410a88b25d8d51e4ed15f051dbc5ac6140
58,tpch-q6-block-058,materialize-after-q06-time -> fused -> materialize-after-q06-predicate,2,4,materialize-after-q06-predicate,2026-07-21T01:52:35.126665+00:00,877.4342,3250.0,1,sha256:5b1b60f63d1b4ca4ebae6df3c42c09410a88b25d8d51e4ed15f051dbc5ac6140
59,tpch-q6-block-059,materialize-after-q06-predicate -> materialize-after-q06-time -> fused,0,0,materialize-after-q06-predicate,2026-07-21T01:52:36.058286+00:00,867.3944,3375.0,1,sha256:5b1b60f63d1b4ca4ebae6df3c42c09410a88b25d8d51e4ed15f051dbc5ac6140
59,tpch-q6-block-059,materialize-after-q06-predicate -> materialize-after-q06-time -> fused,0,1,materialize-after-q06-predicate,2026-07-21T01:52:36.926304+00:00,818.0466,3203.125,1,sha256:5b1b60f63d1b4ca4ebae6df3c42c09410a88b25d8d51e4ed15f051dbc5ac6140
59,tpch-q6-block-059,materialize-after-q06-predicate -> materialize-after-q06-time -> fused,0,2,materialize-after-q06-predicate,2026-07-21T01:52:37.743832+00:00,783.7062,3046.875,1,sha256:5b1b60f63d1b4ca4ebae6df3c42c09410a88b25d8d51e4ed15f051dbc5ac6140
59,tpch-q6-block-059,materialize-after-q06-predicate -> materialize-after-q06-time -> fused,0,3,materialize-after-q06-predicate,2026-07-21T01:52:38.528567+00:00,723.0087,2703.125,1,sha256:5b1b60f63d1b4ca4ebae6df3c42c09410a88b25d8d51e4ed15f051dbc5ac6140
59,tpch-q6-block-059,materialize-after-q06-predicate -> materialize-after-q06-time -> fused,0,4,materialize-after-q06-predicate,2026-07-21T01:52:39.251195+00:00,800.2607,2984.375,1,sha256:5b1b60f63d1b4ca4ebae6df3c42c09410a88b25d8d51e4ed15f051dbc5ac6140
59,tpch-q6-block-059,materialize-after-q06-predicate -> materialize-after-q06-time -> fused,1,0,materialize-after-q06-time,2026-07-21T01:52:40.052188+00:00,3525.3704,13953.125,1,sha256:5b1b60f63d1b4ca4ebae6df3c42c09410a88b25d8d51e4ed15f051dbc5ac6140
59,tpch-q6-block-059,materialize-after-q06-predicate -> materialize-after-q06-time -> fused,1,1,materialize-after-q06-time,2026-07-21T01:52:43.576846+00:00,4496.177,17140.625,1,sha256:5b1b60f63d1b4ca4ebae6df3c42c09410a88b25d8d51e4ed15f051dbc5ac6140
59,tpch-q6-block-059,materialize-after-q06-predicate -> materialize-after-q06-time -> fused,1,2,materialize-after-q06-time,2026-07-21T01:52:48.074046+00:00,4320.0369,16468.75,1,sha256:5b1b60f63d1b4ca4ebae6df3c42c09410a88b25d8d51e4ed15f051dbc5ac6140
59,tpch-q6-block-059,materialize-after-q06-predicate -> materialize-after-q06-time -> fused,1,3,materialize-after-q06-time,2026-07-21T01:52:52.394311+00:00,3523.3965,13968.75,1,sha256:5b1b60f63d1b4ca4ebae6df3c42c09410a88b25d8d51e4ed15f051dbc5ac6140
59,tpch-q6-block-059,materialize-after-q06-predicate -> materialize-after-q06-time -> fused,1,4,materialize-after-q06-time,2026-07-21T01:52:55.917541+00:00,3784.1084,15015.625,1,sha256:5b1b60f63d1b4ca4ebae6df3c42c09410a88b25d8d51e4ed15f051dbc5ac6140
59,tpch-q6-block-059,materialize-after-q06-predicate -> materialize-after-q06-time -> fused,2,0,fused,2026-07-21T01:52:59.701696+00:00,691.6209,2734.375,1,sha256:5b1b60f63d1b4ca4ebae6df3c42c09410a88b25d8d51e4ed15f051dbc5ac6140
59,tpch-q6-block-059,materialize-after-q06-predicate -> materialize-after-q06-time -> fused,2,1,fused,2026-07-21T01:53:00.392969+00:00,646.5676,2562.5,1,sha256:5b1b60f63d1b4ca4ebae6df3c42c09410a88b25d8d51e4ed15f051dbc5ac6140
59,tpch-q6-block-059,materialize-after-q06-predicate -> materialize-after-q06-time -> fused,2,2,fused,2026-07-21T01:53:01.040479+00:00,600.0839,2359.375,1,sha256:5b1b60f63d1b4ca4ebae6df3c42c09410a88b25d8d51e4ed15f051dbc5ac6140
59,tpch-q6-block-059,materialize-after-q06-predicate -> materialize-after-q06-time -> fused,2,3,fused,2026-07-21T01:53:01.640653+00:00,621.6872,2437.5,1,sha256:5b1b60f63d1b4ca4ebae6df3c42c09410a88b25d8d51e4ed15f051dbc5ac6140
59,tpch-q6-block-059,materialize-after-q06-predicate -> materialize-after-q06-time -> fused,2,4,fused,2026-07-21T01:53:02.262672+00:00,629.5214,2500.0,1,sha256:5b1b60f63d1b4ca4ebae6df3c42c09410a88b25d8d51e4ed15f051dbc5ac6140
