block_index,block_id,permutation_id,order_position,inner_repeat_index,candidate_id,started_at_utc,client_materialization_latency_ms,process_cpu_time_ms,output_row_count,result_digest
0,tpch-q1-block-000,fused -> materialize-after-q01-filter -> materialize-after-q01-aggregate,0,0,fused,2026-07-20T00:11:27.776675+00:00,824.6758,2531.25,4,sha256:ab3b13799ec3636d8a5c66bcd945b280ddae47a204a010371cf66c3445f7dbd4
0,tpch-q1-block-000,fused -> materialize-after-q01-filter -> materialize-after-q01-aggregate,0,1,fused,2026-07-20T00:11:28.601769+00:00,1060.9283,2703.125,4,sha256:ab3b13799ec3636d8a5c66bcd945b280ddae47a204a010371cf66c3445f7dbd4
0,tpch-q1-block-000,fused -> materialize-after-q01-filter -> materialize-after-q01-aggregate,0,2,fused,2026-07-20T00:11:29.662001+00:00,1001.355,2546.875,4,sha256:ab3b13799ec3636d8a5c66bcd945b280ddae47a204a010371cf66c3445f7dbd4
0,tpch-q1-block-000,fused -> materialize-after-q01-filter -> materialize-after-q01-aggregate,0,3,fused,2026-07-20T00:11:30.663794+00:00,838.7584,2781.25,4,sha256:ab3b13799ec3636d8a5c66bcd945b280ddae47a204a010371cf66c3445f7dbd4
0,tpch-q1-block-000,fused -> materialize-after-q01-filter -> materialize-after-q01-aggregate,0,4,fused,2026-07-20T00:11:31.502704+00:00,991.4639,2390.625,4,sha256:ab3b13799ec3636d8a5c66bcd945b280ddae47a204a010371cf66c3445f7dbd4
0,tpch-q1-block-000,fused -> materialize-after-q01-filter -> materialize-after-q01-aggregate,1,0,materialize-after-q01-filter,2026-07-20T00:11:32.494785+00:00,2153.8006,5921.875,4,sha256:ab3b13799ec3636d8a5c66bcd945b280ddae47a204a010371cf66c3445f7dbd4
0,tpch-q1-block-000,fused -> materialize-after-q01-filter -> materialize-after-q01-aggregate,1,1,materialize-after-q01-filter,2026-07-20T00:11:34.648742+00:00,1654.2865,5734.375,4,sha256:ab3b13799ec3636d8a5c66bcd945b280ddae47a204a010371cf66c3445f7dbd4
0,tpch-q1-block-000,fused -> materialize-after-q01-filter -> materialize-after-q01-aggregate,1,2,materialize-after-q01-filter,2026-07-20T00:11:36.302770+00:00,1622.8425,5609.375,4,sha256:ab3b13799ec3636d8a5c66bcd945b280ddae47a204a010371cf66c3445f7dbd4
0,tpch-q1-block-000,fused -> materialize-after-q01-filter -> materialize-after-q01-aggregate,1,3,materialize-after-q01-filter,2026-07-20T00:11:37.925574+00:00,1727.5356,5562.5,4,sha256:ab3b13799ec3636d8a5c66bcd945b280ddae47a204a010371cf66c3445f7dbd4
0,tpch-q1-block-000,fused -> materialize-after-q01-filter -> materialize-after-q01-aggregate,1,4,materialize-after-q01-filter,2026-07-20T00:11:39.652899+00:00,1755.8257,5484.375,4,sha256:ab3b13799ec3636d8a5c66bcd945b280ddae47a204a010371cf66c3445f7dbd4
0,tpch-q1-block-000,fused -> materialize-after-q01-filter -> materialize-after-q01-aggregate,2,0,materialize-after-q01-aggregate,2026-07-20T00:11:41.409658+00:00,779.2135,2484.375,4,sha256:ab3b13799ec3636d8a5c66bcd945b280ddae47a204a010371cf66c3445f7dbd4
0,tpch-q1-block-000,fused -> materialize-after-q01-filter -> materialize-after-q01-aggregate,2,1,materialize-after-q01-aggregate,2026-07-20T00:11:42.188572+00:00,876.7502,2718.75,4,sha256:ab3b13799ec3636d8a5c66bcd945b280ddae47a204a010371cf66c3445f7dbd4
0,tpch-q1-block-000,fused -> materialize-after-q01-filter -> materialize-after-q01-aggregate,2,2,materialize-after-q01-aggregate,2026-07-20T00:11:43.064852+00:00,991.9305,2671.875,4,sha256:ab3b13799ec3636d8a5c66bcd945b280ddae47a204a010371cf66c3445f7dbd4
0,tpch-q1-block-000,fused -> materialize-after-q01-filter -> materialize-after-q01-aggregate,2,3,materialize-after-q01-aggregate,2026-07-20T00:11:44.056900+00:00,865.6543,2640.625,4,sha256:ab3b13799ec3636d8a5c66bcd945b280ddae47a204a010371cf66c3445f7dbd4
0,tpch-q1-block-000,fused -> materialize-after-q01-filter -> materialize-after-q01-aggregate,2,4,materialize-after-q01-aggregate,2026-07-20T00:11:44.923464+00:00,915.9317,2640.625,4,sha256:ab3b13799ec3636d8a5c66bcd945b280ddae47a204a010371cf66c3445f7dbd4
1,tpch-q1-block-001,materialize-after-q01-aggregate -> materialize-after-q01-filter -> fused,0,0,materialize-after-q01-aggregate,2026-07-20T00:11:45.842274+00:00,837.995,2796.875,4,sha256:ab3b13799ec3636d8a5c66bcd945b280ddae47a204a010371cf66c3445f7dbd4
1,tpch-q1-block-001,materialize-after-q01-aggregate -> materialize-after-q01-filter -> fused,0,1,materialize-after-q01-aggregate,2026-07-20T00:11:46.680678+00:00,818.1418,2828.125,4,sha256:ab3b13799ec3636d8a5c66bcd945b280ddae47a204a010371cf66c3445f7dbd4
1,tpch-q1-block-001,materialize-after-q01-aggregate -> materialize-after-q01-filter -> fused,0,2,materialize-after-q01-aggregate,2026-07-20T00:11:47.498495+00:00,749.962,2562.5,4,sha256:ab3b13799ec3636d8a5c66bcd945b280ddae47a204a010371cf66c3445f7dbd4
1,tpch-q1-block-001,materialize-after-q01-aggregate -> materialize-after-q01-filter -> fused,0,3,materialize-after-q01-aggregate,2026-07-20T00:11:48.248090+00:00,777.4941,2546.875,4,sha256:ab3b13799ec3636d8a5c66bcd945b280ddae47a204a010371cf66c3445f7dbd4
1,tpch-q1-block-001,materialize-after-q01-aggregate -> materialize-after-q01-filter -> fused,0,4,materialize-after-q01-aggregate,2026-07-20T00:11:49.025665+00:00,753.9807,2703.125,4,sha256:ab3b13799ec3636d8a5c66bcd945b280ddae47a204a010371cf66c3445f7dbd4
1,tpch-q1-block-001,materialize-after-q01-aggregate -> materialize-after-q01-filter -> fused,1,0,materialize-after-q01-filter,2026-07-20T00:11:49.780017+00:00,1616.2478,5562.5,4,sha256:ab3b13799ec3636d8a5c66bcd945b280ddae47a204a010371cf66c3445f7dbd4
1,tpch-q1-block-001,materialize-after-q01-aggregate -> materialize-after-q01-filter -> fused,1,1,materialize-after-q01-filter,2026-07-20T00:11:51.396883+00:00,1557.6956,5671.875,4,sha256:ab3b13799ec3636d8a5c66bcd945b280ddae47a204a010371cf66c3445f7dbd4
1,tpch-q1-block-001,materialize-after-q01-aggregate -> materialize-after-q01-filter -> fused,1,2,materialize-after-q01-filter,2026-07-20T00:11:52.953954+00:00,1658.2518,5640.625,4,sha256:ab3b13799ec3636d8a5c66bcd945b280ddae47a204a010371cf66c3445f7dbd4
1,tpch-q1-block-001,materialize-after-q01-aggregate -> materialize-after-q01-filter -> fused,1,3,materialize-after-q01-filter,2026-07-20T00:11:54.612266+00:00,1382.9346,5281.25,4,sha256:ab3b13799ec3636d8a5c66bcd945b280ddae47a204a010371cf66c3445f7dbd4
1,tpch-q1-block-001,materialize-after-q01-aggregate -> materialize-after-q01-filter -> fused,1,4,materialize-after-q01-filter,2026-07-20T00:11:55.995464+00:00,1342.5462,4734.375,4,sha256:ab3b13799ec3636d8a5c66bcd945b280ddae47a204a010371cf66c3445f7dbd4
1,tpch-q1-block-001,materialize-after-q01-aggregate -> materialize-after-q01-filter -> fused,2,0,fused,2026-07-20T00:11:57.338175+00:00,773.2033,2546.875,4,sha256:ab3b13799ec3636d8a5c66bcd945b280ddae47a204a010371cf66c3445f7dbd4
1,tpch-q1-block-001,materialize-after-q01-aggregate -> materialize-after-q01-filter -> fused,2,1,fused,2026-07-20T00:11:58.111215+00:00,721.7199,2453.125,4,sha256:ab3b13799ec3636d8a5c66bcd945b280ddae47a204a010371cf66c3445f7dbd4
1,tpch-q1-block-001,materialize-after-q01-aggregate -> materialize-after-q01-filter -> fused,2,2,fused,2026-07-20T00:11:58.833606+00:00,800.8102,2656.25,4,sha256:ab3b13799ec3636d8a5c66bcd945b280ddae47a204a010371cf66c3445f7dbd4
1,tpch-q1-block-001,materialize-after-q01-aggregate -> materialize-after-q01-filter -> fused,2,3,fused,2026-07-20T00:11:59.634054+00:00,770.9821,2718.75,4,sha256:ab3b13799ec3636d8a5c66bcd945b280ddae47a204a010371cf66c3445f7dbd4
1,tpch-q1-block-001,materialize-after-q01-aggregate -> materialize-after-q01-filter -> fused,2,4,fused,2026-07-20T00:12:00.405246+00:00,698.6704,2609.375,4,sha256:ab3b13799ec3636d8a5c66bcd945b280ddae47a204a010371cf66c3445f7dbd4
2,tpch-q1-block-002,materialize-after-q01-filter -> fused -> materialize-after-q01-aggregate,0,0,materialize-after-q01-filter,2026-07-20T00:12:01.106572+00:00,1994.5544,6015.625,4,sha256:ab3b13799ec3636d8a5c66bcd945b280ddae47a204a010371cf66c3445f7dbd4
2,tpch-q1-block-002,materialize-after-q01-filter -> fused -> materialize-after-q01-aggregate,0,1,materialize-after-q01-filter,2026-07-20T00:12:03.100831+00:00,2095.9369,5765.625,4,sha256:ab3b13799ec3636d8a5c66bcd945b280ddae47a204a010371cf66c3445f7dbd4
2,tpch-q1-block-002,materialize-after-q01-filter -> fused -> materialize-after-q01-aggregate,0,2,materialize-after-q01-filter,2026-07-20T00:12:05.197153+00:00,1954.7467,5843.75,4,sha256:ab3b13799ec3636d8a5c66bcd945b280ddae47a204a010371cf66c3445f7dbd4
2,tpch-q1-block-002,materialize-after-q01-filter -> fused -> materialize-after-q01-aggregate,0,3,materialize-after-q01-filter,2026-07-20T00:12:07.151846+00:00,1638.3262,5500.0,4,sha256:ab3b13799ec3636d8a5c66bcd945b280ddae47a204a010371cf66c3445f7dbd4
2,tpch-q1-block-002,materialize-after-q01-filter -> fused -> materialize-after-q01-aggregate,0,4,materialize-after-q01-filter,2026-07-20T00:12:08.789533+00:00,1640.3395,5609.375,4,sha256:ab3b13799ec3636d8a5c66bcd945b280ddae47a204a010371cf66c3445f7dbd4
2,tpch-q1-block-002,materialize-after-q01-filter -> fused -> materialize-after-q01-aggregate,1,0,fused,2026-07-20T00:12:10.430788+00:00,625.2045,2281.25,4,sha256:ab3b13799ec3636d8a5c66bcd945b280ddae47a204a010371cf66c3445f7dbd4
2,tpch-q1-block-002,materialize-after-q01-filter -> fused -> materialize-after-q01-aggregate,1,1,fused,2026-07-20T00:12:11.055727+00:00,626.7081,2312.5,4,sha256:ab3b13799ec3636d8a5c66bcd945b280ddae47a204a010371cf66c3445f7dbd4
2,tpch-q1-block-002,materialize-after-q01-filter -> fused -> materialize-after-q01-aggregate,1,2,fused,2026-07-20T00:12:11.682535+00:00,744.4565,2593.75,4,sha256:ab3b13799ec3636d8a5c66bcd945b280ddae47a204a010371cf66c3445f7dbd4
2,tpch-q1-block-002,materialize-after-q01-filter -> fused -> materialize-after-q01-aggregate,1,3,fused,2026-07-20T00:12:12.426862+00:00,939.1808,2562.5,4,sha256:ab3b13799ec3636d8a5c66bcd945b280ddae47a204a010371cf66c3445f7dbd4
2,tpch-q1-block-002,materialize-after-q01-filter -> fused -> materialize-after-q01-aggregate,1,4,fused,2026-07-20T00:12:13.366481+00:00,910.7751,2781.25,4,sha256:ab3b13799ec3636d8a5c66bcd945b280ddae47a204a010371cf66c3445f7dbd4
2,tpch-q1-block-002,materialize-after-q01-filter -> fused -> materialize-after-q01-aggregate,2,0,materialize-after-q01-aggregate,2026-07-20T00:12:14.277516+00:00,980.7204,2468.75,4,sha256:ab3b13799ec3636d8a5c66bcd945b280ddae47a204a010371cf66c3445f7dbd4
2,tpch-q1-block-002,materialize-after-q01-filter -> fused -> materialize-after-q01-aggregate,2,1,materialize-after-q01-aggregate,2026-07-20T00:12:15.257630+00:00,912.3898,2765.625,4,sha256:ab3b13799ec3636d8a5c66bcd945b280ddae47a204a010371cf66c3445f7dbd4
2,tpch-q1-block-002,materialize-after-q01-filter -> fused -> materialize-after-q01-aggregate,2,2,materialize-after-q01-aggregate,2026-07-20T00:12:16.170266+00:00,830.1111,2656.25,4,sha256:ab3b13799ec3636d8a5c66bcd945b280ddae47a204a010371cf66c3445f7dbd4
2,tpch-q1-block-002,materialize-after-q01-filter -> fused -> materialize-after-q01-aggregate,2,3,materialize-after-q01-aggregate,2026-07-20T00:12:17.000816+00:00,690.8407,2343.75,4,sha256:ab3b13799ec3636d8a5c66bcd945b280ddae47a204a010371cf66c3445f7dbd4
2,tpch-q1-block-002,materialize-after-q01-filter -> fused -> materialize-after-q01-aggregate,2,4,materialize-after-q01-aggregate,2026-07-20T00:12:17.691418+00:00,791.8578,2781.25,4,sha256:ab3b13799ec3636d8a5c66bcd945b280ddae47a204a010371cf66c3445f7dbd4
3,tpch-q1-block-003,materialize-after-q01-filter -> materialize-after-q01-aggregate -> fused,0,0,materialize-after-q01-filter,2026-07-20T00:12:18.488688+00:00,1697.223,5906.25,4,sha256:ab3b13799ec3636d8a5c66bcd945b280ddae47a204a010371cf66c3445f7dbd4
3,tpch-q1-block-003,materialize-after-q01-filter -> materialize-after-q01-aggregate -> fused,0,1,materialize-after-q01-filter,2026-07-20T00:12:20.186607+00:00,1502.2011,5453.125,4,sha256:ab3b13799ec3636d8a5c66bcd945b280ddae47a204a010371cf66c3445f7dbd4
3,tpch-q1-block-003,materialize-after-q01-filter -> materialize-after-q01-aggregate -> fused,0,2,materialize-after-q01-filter,2026-07-20T00:12:21.688902+00:00,1580.4544,5640.625,4,sha256:ab3b13799ec3636d8a5c66bcd945b280ddae47a204a010371cf66c3445f7dbd4
3,tpch-q1-block-003,materialize-after-q01-filter -> materialize-after-q01-aggregate -> fused,0,3,materialize-after-q01-filter,2026-07-20T00:12:23.268952+00:00,1783.2563,5421.875,4,sha256:ab3b13799ec3636d8a5c66bcd945b280ddae47a204a010371cf66c3445f7dbd4
3,tpch-q1-block-003,materialize-after-q01-filter -> materialize-after-q01-aggregate -> fused,0,4,materialize-after-q01-filter,2026-07-20T00:12:25.052972+00:00,1404.4881,5156.25,4,sha256:ab3b13799ec3636d8a5c66bcd945b280ddae47a204a010371cf66c3445f7dbd4
3,tpch-q1-block-003,materialize-after-q01-filter -> materialize-after-q01-aggregate -> fused,1,0,materialize-after-q01-aggregate,2026-07-20T00:12:26.457190+00:00,644.8706,2484.375,4,sha256:ab3b13799ec3636d8a5c66bcd945b280ddae47a204a010371cf66c3445f7dbd4
3,tpch-q1-block-003,materialize-after-q01-filter -> materialize-after-q01-aggregate -> fused,1,1,materialize-after-q01-aggregate,2026-07-20T00:12:27.101827+00:00,706.4722,2515.625,4,sha256:ab3b13799ec3636d8a5c66bcd945b280ddae47a204a010371cf66c3445f7dbd4
3,tpch-q1-block-003,materialize-after-q01-filter -> materialize-after-q01-aggregate -> fused,1,2,materialize-after-q01-aggregate,2026-07-20T00:12:27.808789+00:00,744.9864,2671.875,4,sha256:ab3b13799ec3636d8a5c66bcd945b280ddae47a204a010371cf66c3445f7dbd4
3,tpch-q1-block-003,materialize-after-q01-filter -> materialize-after-q01-aggregate -> fused,1,3,materialize-after-q01-aggregate,2026-07-20T00:12:28.553314+00:00,790.0234,2765.625,4,sha256:ab3b13799ec3636d8a5c66bcd945b280ddae47a204a010371cf66c3445f7dbd4
3,tpch-q1-block-003,materialize-after-q01-filter -> materialize-after-q01-aggregate -> fused,1,4,materialize-after-q01-aggregate,2026-07-20T00:12:29.344052+00:00,743.8559,2640.625,4,sha256:ab3b13799ec3636d8a5c66bcd945b280ddae47a204a010371cf66c3445f7dbd4
3,tpch-q1-block-003,materialize-after-q01-filter -> materialize-after-q01-aggregate -> fused,2,0,fused,2026-07-20T00:12:30.087482+00:00,701.7408,2359.375,4,sha256:ab3b13799ec3636d8a5c66bcd945b280ddae47a204a010371cf66c3445f7dbd4
3,tpch-q1-block-003,materialize-after-q01-filter -> materialize-after-q01-aggregate -> fused,2,1,fused,2026-07-20T00:12:30.789407+00:00,706.0595,2640.625,4,sha256:ab3b13799ec3636d8a5c66bcd945b280ddae47a204a010371cf66c3445f7dbd4
3,tpch-q1-block-003,materialize-after-q01-filter -> materialize-after-q01-aggregate -> fused,2,2,fused,2026-07-20T00:12:31.496107+00:00,697.5863,2515.625,4,sha256:ab3b13799ec3636d8a5c66bcd945b280ddae47a204a010371cf66c3445f7dbd4
3,tpch-q1-block-003,materialize-after-q01-filter -> materialize-after-q01-aggregate -> fused,2,3,fused,2026-07-20T00:12:32.193426+00:00,769.5205,2765.625,4,sha256:ab3b13799ec3636d8a5c66bcd945b280ddae47a204a010371cf66c3445f7dbd4
3,tpch-q1-block-003,materialize-after-q01-filter -> materialize-after-q01-aggregate -> fused,2,4,fused,2026-07-20T00:12:32.962556+00:00,1044.1716,2828.125,4,sha256:ab3b13799ec3636d8a5c66bcd945b280ddae47a204a010371cf66c3445f7dbd4
4,tpch-q1-block-004,fused -> materialize-after-q01-aggregate -> materialize-after-q01-filter,0,0,fused,2026-07-20T00:12:34.010272+00:00,742.0282,2750.0,4,sha256:ab3b13799ec3636d8a5c66bcd945b280ddae47a204a010371cf66c3445f7dbd4
4,tpch-q1-block-004,fused -> materialize-after-q01-aggregate -> materialize-after-q01-filter,0,1,fused,2026-07-20T00:12:34.752805+00:00,813.4572,2578.125,4,sha256:ab3b13799ec3636d8a5c66bcd945b280ddae47a204a010371cf66c3445f7dbd4
4,tpch-q1-block-004,fused -> materialize-after-q01-aggregate -> materialize-after-q01-filter,0,2,fused,2026-07-20T00:12:35.566146+00:00,585.4354,2203.125,4,sha256:ab3b13799ec3636d8a5c66bcd945b280ddae47a204a010371cf66c3445f7dbd4
4,tpch-q1-block-004,fused -> materialize-after-q01-aggregate -> materialize-after-q01-filter,0,3,fused,2026-07-20T00:12:36.151108+00:00,623.8604,2390.625,4,sha256:ab3b13799ec3636d8a5c66bcd945b280ddae47a204a010371cf66c3445f7dbd4
4,tpch-q1-block-004,fused -> materialize-after-q01-aggregate -> materialize-after-q01-filter,0,4,fused,2026-07-20T00:12:36.775934+00:00,609.1983,2281.25,4,sha256:ab3b13799ec3636d8a5c66bcd945b280ddae47a204a010371cf66c3445f7dbd4
4,tpch-q1-block-004,fused -> materialize-after-q01-aggregate -> materialize-after-q01-filter,1,0,materialize-after-q01-aggregate,2026-07-20T00:12:37.385129+00:00,741.3484,2468.75,4,sha256:ab3b13799ec3636d8a5c66bcd945b280ddae47a204a010371cf66c3445f7dbd4
4,tpch-q1-block-004,fused -> materialize-after-q01-aggregate -> materialize-after-q01-filter,1,1,materialize-after-q01-aggregate,2026-07-20T00:12:38.126432+00:00,709.2009,2718.75,4,sha256:ab3b13799ec3636d8a5c66bcd945b280ddae47a204a010371cf66c3445f7dbd4
4,tpch-q1-block-004,fused -> materialize-after-q01-aggregate -> materialize-after-q01-filter,1,2,materialize-after-q01-aggregate,2026-07-20T00:12:38.834970+00:00,799.256,2546.875,4,sha256:ab3b13799ec3636d8a5c66bcd945b280ddae47a204a010371cf66c3445f7dbd4
4,tpch-q1-block-004,fused -> materialize-after-q01-aggregate -> materialize-after-q01-filter,1,3,materialize-after-q01-aggregate,2026-07-20T00:12:39.635170+00:00,724.7364,2656.25,4,sha256:ab3b13799ec3636d8a5c66bcd945b280ddae47a204a010371cf66c3445f7dbd4
4,tpch-q1-block-004,fused -> materialize-after-q01-aggregate -> materialize-after-q01-filter,1,4,materialize-after-q01-aggregate,2026-07-20T00:12:40.360043+00:00,707.3223,2625.0,4,sha256:ab3b13799ec3636d8a5c66bcd945b280ddae47a204a010371cf66c3445f7dbd4
4,tpch-q1-block-004,fused -> materialize-after-q01-aggregate -> materialize-after-q01-filter,2,0,materialize-after-q01-filter,2026-07-20T00:12:41.067044+00:00,1638.9694,5484.375,4,sha256:ab3b13799ec3636d8a5c66bcd945b280ddae47a204a010371cf66c3445f7dbd4
4,tpch-q1-block-004,fused -> materialize-after-q01-aggregate -> materialize-after-q01-filter,2,1,materialize-after-q01-filter,2026-07-20T00:12:42.705614+00:00,2325.8952,5781.25,4,sha256:ab3b13799ec3636d8a5c66bcd945b280ddae47a204a010371cf66c3445f7dbd4
4,tpch-q1-block-004,fused -> materialize-after-q01-aggregate -> materialize-after-q01-filter,2,2,materialize-after-q01-filter,2026-07-20T00:12:45.031772+00:00,1931.1332,5640.625,4,sha256:ab3b13799ec3636d8a5c66bcd945b280ddae47a204a010371cf66c3445f7dbd4
4,tpch-q1-block-004,fused -> materialize-after-q01-aggregate -> materialize-after-q01-filter,2,3,materialize-after-q01-filter,2026-07-20T00:12:46.963334+00:00,1635.9638,5812.5,4,sha256:ab3b13799ec3636d8a5c66bcd945b280ddae47a204a010371cf66c3445f7dbd4
4,tpch-q1-block-004,fused -> materialize-after-q01-aggregate -> materialize-after-q01-filter,2,4,materialize-after-q01-filter,2026-07-20T00:12:48.599612+00:00,1649.3197,5968.75,4,sha256:ab3b13799ec3636d8a5c66bcd945b280ddae47a204a010371cf66c3445f7dbd4
5,tpch-q1-block-005,materialize-after-q01-aggregate -> fused -> materialize-after-q01-filter,0,0,materialize-after-q01-aggregate,2026-07-20T00:12:50.252150+00:00,682.1488,2578.125,4,sha256:ab3b13799ec3636d8a5c66bcd945b280ddae47a204a010371cf66c3445f7dbd4
5,tpch-q1-block-005,materialize-after-q01-aggregate -> fused -> materialize-after-q01-filter,0,1,materialize-after-q01-aggregate,2026-07-20T00:12:50.933764+00:00,601.9166,2281.25,4,sha256:ab3b13799ec3636d8a5c66bcd945b280ddae47a204a010371cf66c3445f7dbd4
5,tpch-q1-block-005,materialize-after-q01-aggregate -> fused -> materialize-after-q01-filter,0,2,materialize-after-q01-aggregate,2026-07-20T00:12:51.535650+00:00,786.7072,2375.0,4,sha256:ab3b13799ec3636d8a5c66bcd945b280ddae47a204a010371cf66c3445f7dbd4
5,tpch-q1-block-005,materialize-after-q01-aggregate -> fused -> materialize-after-q01-filter,0,3,materialize-after-q01-aggregate,2026-07-20T00:12:52.323085+00:00,750.0124,2515.625,4,sha256:ab3b13799ec3636d8a5c66bcd945b280ddae47a204a010371cf66c3445f7dbd4
5,tpch-q1-block-005,materialize-after-q01-aggregate -> fused -> materialize-after-q01-filter,0,4,materialize-after-q01-aggregate,2026-07-20T00:12:53.072450+00:00,719.2135,2515.625,4,sha256:ab3b13799ec3636d8a5c66bcd945b280ddae47a204a010371cf66c3445f7dbd4
5,tpch-q1-block-005,materialize-after-q01-aggregate -> fused -> materialize-after-q01-filter,1,0,fused,2026-07-20T00:12:53.792469+00:00,792.7509,2328.125,4,sha256:ab3b13799ec3636d8a5c66bcd945b280ddae47a204a010371cf66c3445f7dbd4
5,tpch-q1-block-005,materialize-after-q01-aggregate -> fused -> materialize-after-q01-filter,1,1,fused,2026-07-20T00:12:54.584604+00:00,739.4033,2718.75,4,sha256:ab3b13799ec3636d8a5c66bcd945b280ddae47a204a010371cf66c3445f7dbd4
5,tpch-q1-block-005,materialize-after-q01-aggregate -> fused -> materialize-after-q01-filter,1,2,fused,2026-07-20T00:12:55.324512+00:00,713.0002,2531.25,4,sha256:ab3b13799ec3636d8a5c66bcd945b280ddae47a204a010371cf66c3445f7dbd4
5,tpch-q1-block-005,materialize-after-q01-aggregate -> fused -> materialize-after-q01-filter,1,3,fused,2026-07-20T00:12:56.037290+00:00,664.4303,2468.75,4,sha256:ab3b13799ec3636d8a5c66bcd945b280ddae47a204a010371cf66c3445f7dbd4
5,tpch-q1-block-005,materialize-after-q01-aggregate -> fused -> materialize-after-q01-filter,1,4,fused,2026-07-20T00:12:56.702165+00:00,744.01,2562.5,4,sha256:ab3b13799ec3636d8a5c66bcd945b280ddae47a204a010371cf66c3445f7dbd4
5,tpch-q1-block-005,materialize-after-q01-aggregate -> fused -> materialize-after-q01-filter,2,0,materialize-after-q01-filter,2026-07-20T00:12:57.445924+00:00,1645.8158,5343.75,4,sha256:ab3b13799ec3636d8a5c66bcd945b280ddae47a204a010371cf66c3445f7dbd4
5,tpch-q1-block-005,materialize-after-q01-aggregate -> fused -> materialize-after-q01-filter,2,1,materialize-after-q01-filter,2026-07-20T00:12:59.091735+00:00,1537.603,5656.25,4,sha256:ab3b13799ec3636d8a5c66bcd945b280ddae47a204a010371cf66c3445f7dbd4
5,tpch-q1-block-005,materialize-after-q01-aggregate -> fused -> materialize-after-q01-filter,2,2,materialize-after-q01-filter,2026-07-20T00:13:00.629137+00:00,1471.7149,5062.5,4,sha256:ab3b13799ec3636d8a5c66bcd945b280ddae47a204a010371cf66c3445f7dbd4
5,tpch-q1-block-005,materialize-after-q01-aggregate -> fused -> materialize-after-q01-filter,2,3,materialize-after-q01-filter,2026-07-20T00:13:02.101584+00:00,1622.1571,5609.375,4,sha256:ab3b13799ec3636d8a5c66bcd945b280ddae47a204a010371cf66c3445f7dbd4
5,tpch-q1-block-005,materialize-after-q01-aggregate -> fused -> materialize-after-q01-filter,2,4,materialize-after-q01-filter,2026-07-20T00:13:03.723217+00:00,1571.3648,5359.375,4,sha256:ab3b13799ec3636d8a5c66bcd945b280ddae47a204a010371cf66c3445f7dbd4
6,tpch-q1-block-006,materialize-after-q01-filter -> fused -> materialize-after-q01-aggregate,0,0,materialize-after-q01-filter,2026-07-20T00:13:05.297029+00:00,1539.4714,5359.375,4,sha256:ab3b13799ec3636d8a5c66bcd945b280ddae47a204a010371cf66c3445f7dbd4
6,tpch-q1-block-006,materialize-after-q01-filter -> fused -> materialize-after-q01-aggregate,0,1,materialize-after-q01-filter,2026-07-20T00:13:06.836590+00:00,1705.5395,5750.0,4,sha256:ab3b13799ec3636d8a5c66bcd945b280ddae47a204a010371cf66c3445f7dbd4
6,tpch-q1-block-006,materialize-after-q01-filter -> fused -> materialize-after-q01-aggregate,0,2,materialize-after-q01-filter,2026-07-20T00:13:08.542552+00:00,1710.1896,5546.875,4,sha256:ab3b13799ec3636d8a5c66bcd945b280ddae47a204a010371cf66c3445f7dbd4
6,tpch-q1-block-006,materialize-after-q01-filter -> fused -> materialize-after-q01-aggregate,0,3,materialize-after-q01-filter,2026-07-20T00:13:10.253024+00:00,1671.6056,4546.875,4,sha256:ab3b13799ec3636d8a5c66bcd945b280ddae47a204a010371cf66c3445f7dbd4
6,tpch-q1-block-006,materialize-after-q01-filter -> fused -> materialize-after-q01-aggregate,0,4,materialize-after-q01-filter,2026-07-20T00:13:11.923856+00:00,1826.5667,5187.5,4,sha256:ab3b13799ec3636d8a5c66bcd945b280ddae47a204a010371cf66c3445f7dbd4
6,tpch-q1-block-006,materialize-after-q01-filter -> fused -> materialize-after-q01-aggregate,1,0,fused,2026-07-20T00:13:13.750924+00:00,1034.4848,2703.125,4,sha256:ab3b13799ec3636d8a5c66bcd945b280ddae47a204a010371cf66c3445f7dbd4
6,tpch-q1-block-006,materialize-after-q01-filter -> fused -> materialize-after-q01-aggregate,1,1,fused,2026-07-20T00:13:14.785725+00:00,999.8352,2843.75,4,sha256:ab3b13799ec3636d8a5c66bcd945b280ddae47a204a010371cf66c3445f7dbd4
6,tpch-q1-block-006,materialize-after-q01-filter -> fused -> materialize-after-q01-aggregate,1,2,fused,2026-07-20T00:13:15.785363+00:00,954.3079,2484.375,4,sha256:ab3b13799ec3636d8a5c66bcd945b280ddae47a204a010371cf66c3445f7dbd4
6,tpch-q1-block-006,materialize-after-q01-filter -> fused -> materialize-after-q01-aggregate,1,3,fused,2026-07-20T00:13:16.739617+00:00,770.7398,2515.625,4,sha256:ab3b13799ec3636d8a5c66bcd945b280ddae47a204a010371cf66c3445f7dbd4
6,tpch-q1-block-006,materialize-after-q01-filter -> fused -> materialize-after-q01-aggregate,1,4,fused,2026-07-20T00:13:17.510390+00:00,769.693,2609.375,4,sha256:ab3b13799ec3636d8a5c66bcd945b280ddae47a204a010371cf66c3445f7dbd4
6,tpch-q1-block-006,materialize-after-q01-filter -> fused -> materialize-after-q01-aggregate,2,0,materialize-after-q01-aggregate,2026-07-20T00:13:18.280030+00:00,753.6434,2640.625,4,sha256:ab3b13799ec3636d8a5c66bcd945b280ddae47a204a010371cf66c3445f7dbd4
6,tpch-q1-block-006,materialize-after-q01-filter -> fused -> materialize-after-q01-aggregate,2,1,materialize-after-q01-aggregate,2026-07-20T00:13:19.033984+00:00,783.3281,2578.125,4,sha256:ab3b13799ec3636d8a5c66bcd945b280ddae47a204a010371cf66c3445f7dbd4
6,tpch-q1-block-006,materialize-after-q01-filter -> fused -> materialize-after-q01-aggregate,2,2,materialize-after-q01-aggregate,2026-07-20T00:13:19.817458+00:00,731.786,2593.75,4,sha256:ab3b13799ec3636d8a5c66bcd945b280ddae47a204a010371cf66c3445f7dbd4
6,tpch-q1-block-006,materialize-after-q01-filter -> fused -> materialize-after-q01-aggregate,2,3,materialize-after-q01-aggregate,2026-07-20T00:13:20.548932+00:00,691.6868,2328.125,4,sha256:ab3b13799ec3636d8a5c66bcd945b280ddae47a204a010371cf66c3445f7dbd4
6,tpch-q1-block-006,materialize-after-q01-filter -> fused -> materialize-after-q01-aggregate,2,4,materialize-after-q01-aggregate,2026-07-20T00:13:21.241042+00:00,711.247,2375.0,4,sha256:ab3b13799ec3636d8a5c66bcd945b280ddae47a204a010371cf66c3445f7dbd4
7,tpch-q1-block-007,materialize-after-q01-aggregate -> materialize-after-q01-filter -> fused,0,0,materialize-after-q01-aggregate,2026-07-20T00:13:21.954959+00:00,722.3547,2296.875,4,sha256:ab3b13799ec3636d8a5c66bcd945b280ddae47a204a010371cf66c3445f7dbd4
7,tpch-q1-block-007,materialize-after-q01-aggregate -> materialize-after-q01-filter -> fused,0,1,materialize-after-q01-aggregate,2026-07-20T00:13:22.677363+00:00,1140.2002,2343.75,4,sha256:ab3b13799ec3636d8a5c66bcd945b280ddae47a204a010371cf66c3445f7dbd4
7,tpch-q1-block-007,materialize-after-q01-aggregate -> materialize-after-q01-filter -> fused,0,2,materialize-after-q01-aggregate,2026-07-20T00:13:23.817412+00:00,958.044,2468.75,4,sha256:ab3b13799ec3636d8a5c66bcd945b280ddae47a204a010371cf66c3445f7dbd4
7,tpch-q1-block-007,materialize-after-q01-aggregate -> materialize-after-q01-filter -> fused,0,3,materialize-after-q01-aggregate,2026-07-20T00:13:24.775350+00:00,944.0719,2796.875,4,sha256:ab3b13799ec3636d8a5c66bcd945b280ddae47a204a010371cf66c3445f7dbd4
7,tpch-q1-block-007,materialize-after-q01-aggregate -> materialize-after-q01-filter -> fused,0,4,materialize-after-q01-aggregate,2026-07-20T00:13:25.719774+00:00,931.548,2640.625,4,sha256:ab3b13799ec3636d8a5c66bcd945b280ddae47a204a010371cf66c3445f7dbd4
7,tpch-q1-block-007,materialize-after-q01-aggregate -> materialize-after-q01-filter -> fused,1,0,materialize-after-q01-filter,2026-07-20T00:13:26.650981+00:00,1903.4617,5750.0,4,sha256:ab3b13799ec3636d8a5c66bcd945b280ddae47a204a010371cf66c3445f7dbd4
7,tpch-q1-block-007,materialize-after-q01-aggregate -> materialize-after-q01-filter -> fused,1,1,materialize-after-q01-filter,2026-07-20T00:13:28.555263+00:00,1683.1466,5328.125,4,sha256:ab3b13799ec3636d8a5c66bcd945b280ddae47a204a010371cf66c3445f7dbd4
7,tpch-q1-block-007,materialize-after-q01-aggregate -> materialize-after-q01-filter -> fused,1,2,materialize-after-q01-filter,2026-07-20T00:13:30.238371+00:00,1492.9647,5390.625,4,sha256:ab3b13799ec3636d8a5c66bcd945b280ddae47a204a010371cf66c3445f7dbd4
7,tpch-q1-block-007,materialize-after-q01-aggregate -> materialize-after-q01-filter -> fused,1,3,materialize-after-q01-filter,2026-07-20T00:13:31.731345+00:00,1503.8554,5312.5,4,sha256:ab3b13799ec3636d8a5c66bcd945b280ddae47a204a010371cf66c3445f7dbd4
7,tpch-q1-block-007,materialize-after-q01-aggregate -> materialize-after-q01-filter -> fused,1,4,materialize-after-q01-filter,2026-07-20T00:13:33.235470+00:00,1680.5065,5578.125,4,sha256:ab3b13799ec3636d8a5c66bcd945b280ddae47a204a010371cf66c3445f7dbd4
7,tpch-q1-block-007,materialize-after-q01-aggregate -> materialize-after-q01-filter -> fused,2,0,fused,2026-07-20T00:13:34.915726+00:00,714.1296,2562.5,4,sha256:ab3b13799ec3636d8a5c66bcd945b280ddae47a204a010371cf66c3445f7dbd4
7,tpch-q1-block-007,materialize-after-q01-aggregate -> materialize-after-q01-filter -> fused,2,1,fused,2026-07-20T00:13:35.629996+00:00,740.8697,2437.5,4,sha256:ab3b13799ec3636d8a5c66bcd945b280ddae47a204a010371cf66c3445f7dbd4
7,tpch-q1-block-007,materialize-after-q01-aggregate -> materialize-after-q01-filter -> fused,2,2,fused,2026-07-20T00:13:36.370761+00:00,749.7679,2656.25,4,sha256:ab3b13799ec3636d8a5c66bcd945b280ddae47a204a010371cf66c3445f7dbd4
7,tpch-q1-block-007,materialize-after-q01-aggregate -> materialize-after-q01-filter -> fused,2,3,fused,2026-07-20T00:13:37.120146+00:00,763.3627,2578.125,4,sha256:ab3b13799ec3636d8a5c66bcd945b280ddae47a204a010371cf66c3445f7dbd4
7,tpch-q1-block-007,materialize-after-q01-aggregate -> materialize-after-q01-filter -> fused,2,4,fused,2026-07-20T00:13:37.883675+00:00,751.5489,2625.0,4,sha256:ab3b13799ec3636d8a5c66bcd945b280ddae47a204a010371cf66c3445f7dbd4
8,tpch-q1-block-008,fused -> materialize-after-q01-aggregate -> materialize-after-q01-filter,0,0,fused,2026-07-20T00:13:38.638602+00:00,795.0257,2609.375,4,sha256:ab3b13799ec3636d8a5c66bcd945b280ddae47a204a010371cf66c3445f7dbd4
8,tpch-q1-block-008,fused -> materialize-after-q01-aggregate -> materialize-after-q01-filter,0,1,fused,2026-07-20T00:13:39.433836+00:00,719.3055,2609.375,4,sha256:ab3b13799ec3636d8a5c66bcd945b280ddae47a204a010371cf66c3445f7dbd4
8,tpch-q1-block-008,fused -> materialize-after-q01-aggregate -> materialize-after-q01-filter,0,2,fused,2026-07-20T00:13:40.152736+00:00,668.1398,2468.75,4,sha256:ab3b13799ec3636d8a5c66bcd945b280ddae47a204a010371cf66c3445f7dbd4
8,tpch-q1-block-008,fused -> materialize-after-q01-aggregate -> materialize-after-q01-filter,0,3,fused,2026-07-20T00:13:40.821240+00:00,648.6685,2359.375,4,sha256:ab3b13799ec3636d8a5c66bcd945b280ddae47a204a010371cf66c3445f7dbd4
8,tpch-q1-block-008,fused -> materialize-after-q01-aggregate -> materialize-after-q01-filter,0,4,fused,2026-07-20T00:13:41.469921+00:00,746.3327,2593.75,4,sha256:ab3b13799ec3636d8a5c66bcd945b280ddae47a204a010371cf66c3445f7dbd4
8,tpch-q1-block-008,fused -> materialize-after-q01-aggregate -> materialize-after-q01-filter,1,0,materialize-after-q01-aggregate,2026-07-20T00:13:42.216941+00:00,875.1828,2828.125,4,sha256:ab3b13799ec3636d8a5c66bcd945b280ddae47a204a010371cf66c3445f7dbd4
8,tpch-q1-block-008,fused -> materialize-after-q01-aggregate -> materialize-after-q01-filter,1,1,materialize-after-q01-aggregate,2026-07-20T00:13:43.091869+00:00,922.773,2812.5,4,sha256:ab3b13799ec3636d8a5c66bcd945b280ddae47a204a010371cf66c3445f7dbd4
8,tpch-q1-block-008,fused -> materialize-after-q01-aggregate -> materialize-after-q01-filter,1,2,materialize-after-q01-aggregate,2026-07-20T00:13:44.014186+00:00,1050.6279,2500.0,4,sha256:ab3b13799ec3636d8a5c66bcd945b280ddae47a204a010371cf66c3445f7dbd4
8,tpch-q1-block-008,fused -> materialize-after-q01-aggregate -> materialize-after-q01-filter,1,3,materialize-after-q01-aggregate,2026-07-20T00:13:45.065317+00:00,916.4029,2750.0,4,sha256:ab3b13799ec3636d8a5c66bcd945b280ddae47a204a010371cf66c3445f7dbd4
8,tpch-q1-block-008,fused -> materialize-after-q01-aggregate -> materialize-after-q01-filter,1,4,materialize-after-q01-aggregate,2026-07-20T00:13:45.982006+00:00,850.014,2531.25,4,sha256:ab3b13799ec3636d8a5c66bcd945b280ddae47a204a010371cf66c3445f7dbd4
8,tpch-q1-block-008,fused -> materialize-after-q01-aggregate -> materialize-after-q01-filter,2,0,materialize-after-q01-filter,2026-07-20T00:13:46.832161+00:00,1644.7191,5671.875,4,sha256:ab3b13799ec3636d8a5c66bcd945b280ddae47a204a010371cf66c3445f7dbd4
8,tpch-q1-block-008,fused -> materialize-after-q01-aggregate -> materialize-after-q01-filter,2,1,materialize-after-q01-filter,2026-07-20T00:13:48.477062+00:00,1723.1772,5750.0,4,sha256:ab3b13799ec3636d8a5c66bcd945b280ddae47a204a010371cf66c3445f7dbd4
8,tpch-q1-block-008,fused -> materialize-after-q01-aggregate -> materialize-after-q01-filter,2,2,materialize-after-q01-filter,2026-07-20T00:13:50.199379+00:00,1581.8798,5562.5,4,sha256:ab3b13799ec3636d8a5c66bcd945b280ddae47a204a010371cf66c3445f7dbd4
8,tpch-q1-block-008,fused -> materialize-after-q01-aggregate -> materialize-after-q01-filter,2,3,materialize-after-q01-filter,2026-07-20T00:13:51.781901+00:00,1528.2744,5171.875,4,sha256:ab3b13799ec3636d8a5c66bcd945b280ddae47a204a010371cf66c3445f7dbd4
8,tpch-q1-block-008,fused -> materialize-after-q01-aggregate -> materialize-after-q01-filter,2,4,materialize-after-q01-filter,2026-07-20T00:13:53.310038+00:00,1669.3222,5406.25,4,sha256:ab3b13799ec3636d8a5c66bcd945b280ddae47a204a010371cf66c3445f7dbd4
9,tpch-q1-block-009,fused -> materialize-after-q01-filter -> materialize-after-q01-aggregate,0,0,fused,2026-07-20T00:13:54.981841+00:00,684.9167,2343.75,4,sha256:ab3b13799ec3636d8a5c66bcd945b280ddae47a204a010371cf66c3445f7dbd4
9,tpch-q1-block-009,fused -> materialize-after-q01-filter -> materialize-after-q01-aggregate,0,1,fused,2026-07-20T00:13:55.667391+00:00,627.2916,2406.25,4,sha256:ab3b13799ec3636d8a5c66bcd945b280ddae47a204a010371cf66c3445f7dbd4
9,tpch-q1-block-009,fused -> materialize-after-q01-filter -> materialize-after-q01-aggregate,0,2,fused,2026-07-20T00:13:56.294426+00:00,864.7202,2609.375,4,sha256:ab3b13799ec3636d8a5c66bcd945b280ddae47a204a010371cf66c3445f7dbd4
9,tpch-q1-block-009,fused -> materialize-after-q01-filter -> materialize-after-q01-aggregate,0,3,fused,2026-07-20T00:13:57.159643+00:00,956.7382,2859.375,4,sha256:ab3b13799ec3636d8a5c66bcd945b280ddae47a204a010371cf66c3445f7dbd4
9,tpch-q1-block-009,fused -> materialize-after-q01-filter -> materialize-after-q01-aggregate,0,4,fused,2026-07-20T00:13:58.116413+00:00,875.4375,2687.5,4,sha256:ab3b13799ec3636d8a5c66bcd945b280ddae47a204a010371cf66c3445f7dbd4
9,tpch-q1-block-009,fused -> materialize-after-q01-filter -> materialize-after-q01-aggregate,1,0,materialize-after-q01-filter,2026-07-20T00:13:58.991771+00:00,2045.2551,5375.0,4,sha256:ab3b13799ec3636d8a5c66bcd945b280ddae47a204a010371cf66c3445f7dbd4
9,tpch-q1-block-009,fused -> materialize-after-q01-filter -> materialize-after-q01-aggregate,1,1,materialize-after-q01-filter,2026-07-20T00:14:01.037003+00:00,1783.1257,5718.75,4,sha256:ab3b13799ec3636d8a5c66bcd945b280ddae47a204a010371cf66c3445f7dbd4
9,tpch-q1-block-009,fused -> materialize-after-q01-filter -> materialize-after-q01-aggregate,1,2,materialize-after-q01-filter,2026-07-20T00:14:02.819854+00:00,1561.3559,5468.75,4,sha256:ab3b13799ec3636d8a5c66bcd945b280ddae47a204a010371cf66c3445f7dbd4
9,tpch-q1-block-009,fused -> materialize-after-q01-filter -> materialize-after-q01-aggregate,1,3,materialize-after-q01-filter,2026-07-20T00:14:04.381229+00:00,1738.1276,5593.75,4,sha256:ab3b13799ec3636d8a5c66bcd945b280ddae47a204a010371cf66c3445f7dbd4
9,tpch-q1-block-009,fused -> materialize-after-q01-filter -> materialize-after-q01-aggregate,1,4,materialize-after-q01-filter,2026-07-20T00:14:06.119758+00:00,1456.6792,5109.375,4,sha256:ab3b13799ec3636d8a5c66bcd945b280ddae47a204a010371cf66c3445f7dbd4
9,tpch-q1-block-009,fused -> materialize-after-q01-filter -> materialize-after-q01-aggregate,2,0,materialize-after-q01-aggregate,2026-07-20T00:14:07.576424+00:00,674.9413,2390.625,4,sha256:ab3b13799ec3636d8a5c66bcd945b280ddae47a204a010371cf66c3445f7dbd4
9,tpch-q1-block-009,fused -> materialize-after-q01-filter -> materialize-after-q01-aggregate,2,1,materialize-after-q01-aggregate,2026-07-20T00:14:08.251702+00:00,770.6893,2484.375,4,sha256:ab3b13799ec3636d8a5c66bcd945b280ddae47a204a010371cf66c3445f7dbd4
9,tpch-q1-block-009,fused -> materialize-after-q01-filter -> materialize-after-q01-aggregate,2,2,materialize-after-q01-aggregate,2026-07-20T00:14:09.021928+00:00,828.8276,2640.625,4,sha256:ab3b13799ec3636d8a5c66bcd945b280ddae47a204a010371cf66c3445f7dbd4
9,tpch-q1-block-009,fused -> materialize-after-q01-filter -> materialize-after-q01-aggregate,2,3,materialize-after-q01-aggregate,2026-07-20T00:14:09.851651+00:00,735.9989,2671.875,4,sha256:ab3b13799ec3636d8a5c66bcd945b280ddae47a204a010371cf66c3445f7dbd4
9,tpch-q1-block-009,fused -> materialize-after-q01-filter -> materialize-after-q01-aggregate,2,4,materialize-after-q01-aggregate,2026-07-20T00:14:10.587143+00:00,717.1863,2390.625,4,sha256:ab3b13799ec3636d8a5c66bcd945b280ddae47a204a010371cf66c3445f7dbd4
10,tpch-q1-block-010,materialize-after-q01-filter -> materialize-after-q01-aggregate -> fused,0,0,materialize-after-q01-filter,2026-07-20T00:14:11.306601+00:00,1661.3245,5546.875,4,sha256:ab3b13799ec3636d8a5c66bcd945b280ddae47a204a010371cf66c3445f7dbd4
10,tpch-q1-block-010,materialize-after-q01-filter -> materialize-after-q01-aggregate -> fused,0,1,materialize-after-q01-filter,2026-07-20T00:14:12.968689+00:00,2001.1578,5109.375,4,sha256:ab3b13799ec3636d8a5c66bcd945b280ddae47a204a010371cf66c3445f7dbd4
10,tpch-q1-block-010,materialize-after-q01-filter -> materialize-after-q01-aggregate -> fused,0,2,materialize-after-q01-filter,2026-07-20T00:14:14.969877+00:00,1897.5953,5843.75,4,sha256:ab3b13799ec3636d8a5c66bcd945b280ddae47a204a010371cf66c3445f7dbd4
10,tpch-q1-block-010,materialize-after-q01-filter -> materialize-after-q01-aggregate -> fused,0,3,materialize-after-q01-filter,2026-07-20T00:14:16.867314+00:00,1659.4939,5375.0,4,sha256:ab3b13799ec3636d8a5c66bcd945b280ddae47a204a010371cf66c3445f7dbd4
10,tpch-q1-block-010,materialize-after-q01-filter -> materialize-after-q01-aggregate -> fused,0,4,materialize-after-q01-filter,2026-07-20T00:14:18.526703+00:00,1724.2692,5828.125,4,sha256:ab3b13799ec3636d8a5c66bcd945b280ddae47a204a010371cf66c3445f7dbd4
10,tpch-q1-block-010,materialize-after-q01-filter -> materialize-after-q01-aggregate -> fused,1,0,materialize-after-q01-aggregate,2026-07-20T00:14:20.251184+00:00,704.3646,2546.875,4,sha256:ab3b13799ec3636d8a5c66bcd945b280ddae47a204a010371cf66c3445f7dbd4
10,tpch-q1-block-010,materialize-after-q01-filter -> materialize-after-q01-aggregate -> fused,1,1,materialize-after-q01-aggregate,2026-07-20T00:14:20.955751+00:00,675.8055,2406.25,4,sha256:ab3b13799ec3636d8a5c66bcd945b280ddae47a204a010371cf66c3445f7dbd4
10,tpch-q1-block-010,materialize-after-q01-filter -> materialize-after-q01-aggregate -> fused,1,2,materialize-after-q01-aggregate,2026-07-20T00:14:21.631427+00:00,677.371,2546.875,4,sha256:ab3b13799ec3636d8a5c66bcd945b280ddae47a204a010371cf66c3445f7dbd4
10,tpch-q1-block-010,materialize-after-q01-filter -> materialize-after-q01-aggregate -> fused,1,3,materialize-after-q01-aggregate,2026-07-20T00:14:22.308427+00:00,754.1037,2671.875,4,sha256:ab3b13799ec3636d8a5c66bcd945b280ddae47a204a010371cf66c3445f7dbd4
10,tpch-q1-block-010,materialize-after-q01-filter -> materialize-after-q01-aggregate -> fused,1,4,materialize-after-q01-aggregate,2026-07-20T00:14:23.062951+00:00,733.7748,2625.0,4,sha256:ab3b13799ec3636d8a5c66bcd945b280ddae47a204a010371cf66c3445f7dbd4
10,tpch-q1-block-010,materialize-after-q01-filter -> materialize-after-q01-aggregate -> fused,2,0,fused,2026-07-20T00:14:23.796617+00:00,853.2337,2734.375,4,sha256:ab3b13799ec3636d8a5c66bcd945b280ddae47a204a010371cf66c3445f7dbd4
10,tpch-q1-block-010,materialize-after-q01-filter -> materialize-after-q01-aggregate -> fused,2,1,fused,2026-07-20T00:14:24.650231+00:00,733.7498,2718.75,4,sha256:ab3b13799ec3636d8a5c66bcd945b280ddae47a204a010371cf66c3445f7dbd4
10,tpch-q1-block-010,materialize-after-q01-filter -> materialize-after-q01-aggregate -> fused,2,2,fused,2026-07-20T00:14:25.383855+00:00,689.4202,2359.375,4,sha256:ab3b13799ec3636d8a5c66bcd945b280ddae47a204a010371cf66c3445f7dbd4
10,tpch-q1-block-010,materialize-after-q01-filter -> materialize-after-q01-aggregate -> fused,2,3,fused,2026-07-20T00:14:26.073387+00:00,586.7955,2031.25,4,sha256:ab3b13799ec3636d8a5c66bcd945b280ddae47a204a010371cf66c3445f7dbd4
10,tpch-q1-block-010,materialize-after-q01-filter -> materialize-after-q01-aggregate -> fused,2,4,fused,2026-07-20T00:14:26.660111+00:00,638.1337,2234.375,4,sha256:ab3b13799ec3636d8a5c66bcd945b280ddae47a204a010371cf66c3445f7dbd4
11,tpch-q1-block-011,materialize-after-q01-aggregate -> fused -> materialize-after-q01-filter,0,0,materialize-after-q01-aggregate,2026-07-20T00:14:27.300974+00:00,630.567,2218.75,4,sha256:ab3b13799ec3636d8a5c66bcd945b280ddae47a204a010371cf66c3445f7dbd4
11,tpch-q1-block-011,materialize-after-q01-aggregate -> fused -> materialize-after-q01-filter,0,1,materialize-after-q01-aggregate,2026-07-20T00:14:27.931196+00:00,734.7163,2625.0,4,sha256:ab3b13799ec3636d8a5c66bcd945b280ddae47a204a010371cf66c3445f7dbd4
11,tpch-q1-block-011,materialize-after-q01-aggregate -> fused -> materialize-after-q01-filter,0,2,materialize-after-q01-aggregate,2026-07-20T00:14:28.666321+00:00,804.9385,2625.0,4,sha256:ab3b13799ec3636d8a5c66bcd945b280ddae47a204a010371cf66c3445f7dbd4
11,tpch-q1-block-011,materialize-after-q01-aggregate -> fused -> materialize-after-q01-filter,0,3,materialize-after-q01-aggregate,2026-07-20T00:14:29.471253+00:00,775.0347,2640.625,4,sha256:ab3b13799ec3636d8a5c66bcd945b280ddae47a204a010371cf66c3445f7dbd4
11,tpch-q1-block-011,materialize-after-q01-aggregate -> fused -> materialize-after-q01-filter,0,4,materialize-after-q01-aggregate,2026-07-20T00:14:30.245793+00:00,717.3507,2531.25,4,sha256:ab3b13799ec3636d8a5c66bcd945b280ddae47a204a010371cf66c3445f7dbd4
11,tpch-q1-block-011,materialize-after-q01-aggregate -> fused -> materialize-after-q01-filter,1,0,fused,2026-07-20T00:14:30.963126+00:00,695.0444,2468.75,4,sha256:ab3b13799ec3636d8a5c66bcd945b280ddae47a204a010371cf66c3445f7dbd4
11,tpch-q1-block-011,materialize-after-q01-aggregate -> fused -> materialize-after-q01-filter,1,1,fused,2026-07-20T00:14:31.658868+00:00,746.239,2593.75,4,sha256:ab3b13799ec3636d8a5c66bcd945b280ddae47a204a010371cf66c3445f7dbd4
11,tpch-q1-block-011,materialize-after-q01-aggregate -> fused -> materialize-after-q01-filter,1,2,fused,2026-07-20T00:14:32.404781+00:00,1122.337,2765.625,4,sha256:ab3b13799ec3636d8a5c66bcd945b280ddae47a204a010371cf66c3445f7dbd4
11,tpch-q1-block-011,materialize-after-q01-aggregate -> fused -> materialize-after-q01-filter,1,3,fused,2026-07-20T00:14:33.527641+00:00,970.8689,2484.375,4,sha256:ab3b13799ec3636d8a5c66bcd945b280ddae47a204a010371cf66c3445f7dbd4
11,tpch-q1-block-011,materialize-after-q01-aggregate -> fused -> materialize-after-q01-filter,1,4,fused,2026-07-20T00:14:34.498154+00:00,963.593,2562.5,4,sha256:ab3b13799ec3636d8a5c66bcd945b280ddae47a204a010371cf66c3445f7dbd4
11,tpch-q1-block-011,materialize-after-q01-aggregate -> fused -> materialize-after-q01-filter,2,0,materialize-after-q01-filter,2026-07-20T00:14:35.461694+00:00,1919.6315,5718.75,4,sha256:ab3b13799ec3636d8a5c66bcd945b280ddae47a204a010371cf66c3445f7dbd4
11,tpch-q1-block-011,materialize-after-q01-aggregate -> fused -> materialize-after-q01-filter,2,1,materialize-after-q01-filter,2026-07-20T00:14:37.381362+00:00,1808.9162,5859.375,4,sha256:ab3b13799ec3636d8a5c66bcd945b280ddae47a204a010371cf66c3445f7dbd4
11,tpch-q1-block-011,materialize-after-q01-aggregate -> fused -> materialize-after-q01-filter,2,2,materialize-after-q01-filter,2026-07-20T00:14:39.190757+00:00,1730.1837,5765.625,4,sha256:ab3b13799ec3636d8a5c66bcd945b280ddae47a204a010371cf66c3445f7dbd4
11,tpch-q1-block-011,materialize-after-q01-aggregate -> fused -> materialize-after-q01-filter,2,3,materialize-after-q01-filter,2026-07-20T00:14:40.920683+00:00,1858.069,5921.875,4,sha256:ab3b13799ec3636d8a5c66bcd945b280ddae47a204a010371cf66c3445f7dbd4
11,tpch-q1-block-011,materialize-after-q01-aggregate -> fused -> materialize-after-q01-filter,2,4,materialize-after-q01-filter,2026-07-20T00:14:42.779430+00:00,1965.0035,5500.0,4,sha256:ab3b13799ec3636d8a5c66bcd945b280ddae47a204a010371cf66c3445f7dbd4
12,tpch-q1-block-012,fused -> materialize-after-q01-aggregate -> materialize-after-q01-filter,0,0,fused,2026-07-20T00:14:44.747313+00:00,935.9609,2609.375,4,sha256:ab3b13799ec3636d8a5c66bcd945b280ddae47a204a010371cf66c3445f7dbd4
12,tpch-q1-block-012,fused -> materialize-after-q01-aggregate -> materialize-after-q01-filter,0,1,fused,2026-07-20T00:14:45.683775+00:00,892.0673,2734.375,4,sha256:ab3b13799ec3636d8a5c66bcd945b280ddae47a204a010371cf66c3445f7dbd4
12,tpch-q1-block-012,fused -> materialize-after-q01-aggregate -> materialize-after-q01-filter,0,2,fused,2026-07-20T00:14:46.575644+00:00,881.3387,2640.625,4,sha256:ab3b13799ec3636d8a5c66bcd945b280ddae47a204a010371cf66c3445f7dbd4
12,tpch-q1-block-012,fused -> materialize-after-q01-aggregate -> materialize-after-q01-filter,0,3,fused,2026-07-20T00:14:47.456757+00:00,679.8433,2406.25,4,sha256:ab3b13799ec3636d8a5c66bcd945b280ddae47a204a010371cf66c3445f7dbd4
12,tpch-q1-block-012,fused -> materialize-after-q01-aggregate -> materialize-after-q01-filter,0,4,fused,2026-07-20T00:14:48.136490+00:00,749.0651,2609.375,4,sha256:ab3b13799ec3636d8a5c66bcd945b280ddae47a204a010371cf66c3445f7dbd4
12,tpch-q1-block-012,fused -> materialize-after-q01-aggregate -> materialize-after-q01-filter,1,0,materialize-after-q01-aggregate,2026-07-20T00:14:48.885695+00:00,727.0965,2640.625,4,sha256:ab3b13799ec3636d8a5c66bcd945b280ddae47a204a010371cf66c3445f7dbd4
12,tpch-q1-block-012,fused -> materialize-after-q01-aggregate -> materialize-after-q01-filter,1,1,materialize-after-q01-aggregate,2026-07-20T00:14:49.612545+00:00,833.8779,2437.5,4,sha256:ab3b13799ec3636d8a5c66bcd945b280ddae47a204a010371cf66c3445f7dbd4
12,tpch-q1-block-012,fused -> materialize-after-q01-aggregate -> materialize-after-q01-filter,1,2,materialize-after-q01-aggregate,2026-07-20T00:14:50.446927+00:00,751.2298,2468.75,4,sha256:ab3b13799ec3636d8a5c66bcd945b280ddae47a204a010371cf66c3445f7dbd4
12,tpch-q1-block-012,fused -> materialize-after-q01-aggregate -> materialize-after-q01-filter,1,3,materialize-after-q01-aggregate,2026-07-20T00:14:51.197863+00:00,704.2728,2625.0,4,sha256:ab3b13799ec3636d8a5c66bcd945b280ddae47a204a010371cf66c3445f7dbd4
12,tpch-q1-block-012,fused -> materialize-after-q01-aggregate -> materialize-after-q01-filter,1,4,materialize-after-q01-aggregate,2026-07-20T00:14:51.902831+00:00,682.3693,2500.0,4,sha256:ab3b13799ec3636d8a5c66bcd945b280ddae47a204a010371cf66c3445f7dbd4
12,tpch-q1-block-012,fused -> materialize-after-q01-aggregate -> materialize-after-q01-filter,2,0,materialize-after-q01-filter,2026-07-20T00:14:52.585471+00:00,1602.749,5656.25,4,sha256:ab3b13799ec3636d8a5c66bcd945b280ddae47a204a010371cf66c3445f7dbd4
12,tpch-q1-block-012,fused -> materialize-after-q01-aggregate -> materialize-after-q01-filter,2,1,materialize-after-q01-filter,2026-07-20T00:14:54.187796+00:00,1601.0064,5140.625,4,sha256:ab3b13799ec3636d8a5c66bcd945b280ddae47a204a010371cf66c3445f7dbd4
12,tpch-q1-block-012,fused -> materialize-after-q01-aggregate -> materialize-after-q01-filter,2,2,materialize-after-q01-filter,2026-07-20T00:14:55.788596+00:00,1443.906,5109.375,4,sha256:ab3b13799ec3636d8a5c66bcd945b280ddae47a204a010371cf66c3445f7dbd4
12,tpch-q1-block-012,fused -> materialize-after-q01-aggregate -> materialize-after-q01-filter,2,3,materialize-after-q01-filter,2026-07-20T00:14:57.232888+00:00,1542.2775,5468.75,4,sha256:ab3b13799ec3636d8a5c66bcd945b280ddae47a204a010371cf66c3445f7dbd4
12,tpch-q1-block-012,fused -> materialize-after-q01-aggregate -> materialize-after-q01-filter,2,4,materialize-after-q01-filter,2026-07-20T00:14:58.774922+00:00,1718.8457,5937.5,4,sha256:ab3b13799ec3636d8a5c66bcd945b280ddae47a204a010371cf66c3445f7dbd4
13,tpch-q1-block-013,fused -> materialize-after-q01-filter -> materialize-after-q01-aggregate,0,0,fused,2026-07-20T00:15:00.497943+00:00,697.7161,2640.625,4,sha256:ab3b13799ec3636d8a5c66bcd945b280ddae47a204a010371cf66c3445f7dbd4
13,tpch-q1-block-013,fused -> materialize-after-q01-filter -> materialize-after-q01-aggregate,0,1,fused,2026-07-20T00:15:01.195737+00:00,727.9059,2656.25,4,sha256:ab3b13799ec3636d8a5c66bcd945b280ddae47a204a010371cf66c3445f7dbd4
13,tpch-q1-block-013,fused -> materialize-after-q01-filter -> materialize-after-q01-aggregate,0,2,fused,2026-07-20T00:15:01.923286+00:00,678.3742,2468.75,4,sha256:ab3b13799ec3636d8a5c66bcd945b280ddae47a204a010371cf66c3445f7dbd4
13,tpch-q1-block-013,fused -> materialize-after-q01-filter -> materialize-after-q01-aggregate,0,3,fused,2026-07-20T00:15:02.601899+00:00,770.797,2578.125,4,sha256:ab3b13799ec3636d8a5c66bcd945b280ddae47a204a010371cf66c3445f7dbd4
13,tpch-q1-block-013,fused -> materialize-after-q01-filter -> materialize-after-q01-aggregate,0,4,fused,2026-07-20T00:15:03.372616+00:00,779.8644,2531.25,4,sha256:ab3b13799ec3636d8a5c66bcd945b280ddae47a204a010371cf66c3445f7dbd4
13,tpch-q1-block-013,fused -> materialize-after-q01-filter -> materialize-after-q01-aggregate,1,0,materialize-after-q01-filter,2026-07-20T00:15:04.153207+00:00,1554.2889,5656.25,4,sha256:ab3b13799ec3636d8a5c66bcd945b280ddae47a204a010371cf66c3445f7dbd4
13,tpch-q1-block-013,fused -> materialize-after-q01-filter -> materialize-after-q01-aggregate,1,1,materialize-after-q01-filter,2026-07-20T00:15:05.707838+00:00,1364.1558,4984.375,4,sha256:ab3b13799ec3636d8a5c66bcd945b280ddae47a204a010371cf66c3445f7dbd4
13,tpch-q1-block-013,fused -> materialize-after-q01-filter -> materialize-after-q01-aggregate,1,2,materialize-after-q01-filter,2026-07-20T00:15:07.071770+00:00,1959.3923,5796.875,4,sha256:ab3b13799ec3636d8a5c66bcd945b280ddae47a204a010371cf66c3445f7dbd4
13,tpch-q1-block-013,fused -> materialize-after-q01-filter -> materialize-after-q01-aggregate,1,3,materialize-after-q01-filter,2026-07-20T00:15:09.031350+00:00,2115.0843,5859.375,4,sha256:ab3b13799ec3636d8a5c66bcd945b280ddae47a204a010371cf66c3445f7dbd4
13,tpch-q1-block-013,fused -> materialize-after-q01-filter -> materialize-after-q01-aggregate,1,4,materialize-after-q01-filter,2026-07-20T00:15:11.146308+00:00,1866.2698,5750.0,4,sha256:ab3b13799ec3636d8a5c66bcd945b280ddae47a204a010371cf66c3445f7dbd4
13,tpch-q1-block-013,fused -> materialize-after-q01-filter -> materialize-after-q01-aggregate,2,0,materialize-after-q01-aggregate,2026-07-20T00:15:13.012597+00:00,773.3937,2609.375,4,sha256:ab3b13799ec3636d8a5c66bcd945b280ddae47a204a010371cf66c3445f7dbd4
13,tpch-q1-block-013,fused -> materialize-after-q01-filter -> materialize-after-q01-aggregate,2,1,materialize-after-q01-aggregate,2026-07-20T00:15:13.786270+00:00,1002.6438,2437.5,4,sha256:ab3b13799ec3636d8a5c66bcd945b280ddae47a204a010371cf66c3445f7dbd4
13,tpch-q1-block-013,fused -> materialize-after-q01-filter -> materialize-after-q01-aggregate,2,2,materialize-after-q01-aggregate,2026-07-20T00:15:14.789032+00:00,896.5565,2718.75,4,sha256:ab3b13799ec3636d8a5c66bcd945b280ddae47a204a010371cf66c3445f7dbd4
13,tpch-q1-block-013,fused -> materialize-after-q01-filter -> materialize-after-q01-aggregate,2,3,materialize-after-q01-aggregate,2026-07-20T00:15:15.685702+00:00,925.4562,2609.375,4,sha256:ab3b13799ec3636d8a5c66bcd945b280ddae47a204a010371cf66c3445f7dbd4
13,tpch-q1-block-013,fused -> materialize-after-q01-filter -> materialize-after-q01-aggregate,2,4,materialize-after-q01-aggregate,2026-07-20T00:15:16.611109+00:00,951.5987,2453.125,4,sha256:ab3b13799ec3636d8a5c66bcd945b280ddae47a204a010371cf66c3445f7dbd4
14,tpch-q1-block-014,materialize-after-q01-filter -> materialize-after-q01-aggregate -> fused,0,0,materialize-after-q01-filter,2026-07-20T00:15:17.565317+00:00,1529.4305,5359.375,4,sha256:ab3b13799ec3636d8a5c66bcd945b280ddae47a204a010371cf66c3445f7dbd4
14,tpch-q1-block-014,materialize-after-q01-filter -> materialize-after-q01-aggregate -> fused,0,1,materialize-after-q01-filter,2026-07-20T00:15:19.095521+00:00,1618.4552,5375.0,4,sha256:ab3b13799ec3636d8a5c66bcd945b280ddae47a204a010371cf66c3445f7dbd4
14,tpch-q1-block-014,materialize-after-q01-filter -> materialize-after-q01-aggregate -> fused,0,2,materialize-after-q01-filter,2026-07-20T00:15:20.713350+00:00,1550.055,5609.375,4,sha256:ab3b13799ec3636d8a5c66bcd945b280ddae47a204a010371cf66c3445f7dbd4
14,tpch-q1-block-014,materialize-after-q01-filter -> materialize-after-q01-aggregate -> fused,0,3,materialize-after-q01-filter,2026-07-20T00:15:22.263499+00:00,1421.3684,5171.875,4,sha256:ab3b13799ec3636d8a5c66bcd945b280ddae47a204a010371cf66c3445f7dbd4
14,tpch-q1-block-014,materialize-after-q01-filter -> materialize-after-q01-aggregate -> fused,0,4,materialize-after-q01-filter,2026-07-20T00:15:23.685653+00:00,1558.6167,5328.125,4,sha256:ab3b13799ec3636d8a5c66bcd945b280ddae47a204a010371cf66c3445f7dbd4
14,tpch-q1-block-014,materialize-after-q01-filter -> materialize-after-q01-aggregate -> fused,1,0,materialize-after-q01-aggregate,2026-07-20T00:15:25.243529+00:00,872.2795,2375.0,4,sha256:ab3b13799ec3636d8a5c66bcd945b280ddae47a204a010371cf66c3445f7dbd4
14,tpch-q1-block-014,materialize-after-q01-filter -> materialize-after-q01-aggregate -> fused,1,1,materialize-after-q01-aggregate,2026-07-20T00:15:26.116248+00:00,716.8317,2421.875,4,sha256:ab3b13799ec3636d8a5c66bcd945b280ddae47a204a010371cf66c3445f7dbd4
14,tpch-q1-block-014,materialize-after-q01-filter -> materialize-after-q01-aggregate -> fused,1,2,materialize-after-q01-aggregate,2026-07-20T00:15:26.833053+00:00,694.6988,2343.75,4,sha256:ab3b13799ec3636d8a5c66bcd945b280ddae47a204a010371cf66c3445f7dbd4
14,tpch-q1-block-014,materialize-after-q01-filter -> materialize-after-q01-aggregate -> fused,1,3,materialize-after-q01-aggregate,2026-07-20T00:15:27.527561+00:00,695.216,2406.25,4,sha256:ab3b13799ec3636d8a5c66bcd945b280ddae47a204a010371cf66c3445f7dbd4
14,tpch-q1-block-014,materialize-after-q01-filter -> materialize-after-q01-aggregate -> fused,1,4,materialize-after-q01-aggregate,2026-07-20T00:15:28.223208+00:00,743.0786,2515.625,4,sha256:ab3b13799ec3636d8a5c66bcd945b280ddae47a204a010371cf66c3445f7dbd4
14,tpch-q1-block-014,materialize-after-q01-filter -> materialize-after-q01-aggregate -> fused,2,0,fused,2026-07-20T00:15:28.966305+00:00,709.7447,2578.125,4,sha256:ab3b13799ec3636d8a5c66bcd945b280ddae47a204a010371cf66c3445f7dbd4
14,tpch-q1-block-014,materialize-after-q01-filter -> materialize-after-q01-aggregate -> fused,2,1,fused,2026-07-20T00:15:29.675930+00:00,819.6601,2578.125,4,sha256:ab3b13799ec3636d8a5c66bcd945b280ddae47a204a010371cf66c3445f7dbd4
14,tpch-q1-block-014,materialize-after-q01-filter -> materialize-after-q01-aggregate -> fused,2,2,fused,2026-07-20T00:15:30.495882+00:00,726.6502,2484.375,4,sha256:ab3b13799ec3636d8a5c66bcd945b280ddae47a204a010371cf66c3445f7dbd4
14,tpch-q1-block-014,materialize-after-q01-filter -> materialize-after-q01-aggregate -> fused,2,3,fused,2026-07-20T00:15:31.222270+00:00,658.63,2546.875,4,sha256:ab3b13799ec3636d8a5c66bcd945b280ddae47a204a010371cf66c3445f7dbd4
14,tpch-q1-block-014,materialize-after-q01-filter -> materialize-after-q01-aggregate -> fused,2,4,fused,2026-07-20T00:15:31.880923+00:00,616.1521,2296.875,4,sha256:ab3b13799ec3636d8a5c66bcd945b280ddae47a204a010371cf66c3445f7dbd4
15,tpch-q1-block-015,materialize-after-q01-aggregate -> materialize-after-q01-filter -> fused,0,0,materialize-after-q01-aggregate,2026-07-20T00:15:32.499527+00:00,642.1717,2218.75,4,sha256:ab3b13799ec3636d8a5c66bcd945b280ddae47a204a010371cf66c3445f7dbd4
15,tpch-q1-block-015,materialize-after-q01-aggregate -> materialize-after-q01-filter -> fused,0,1,materialize-after-q01-aggregate,2026-07-20T00:15:33.142154+00:00,679.9908,2265.625,4,sha256:ab3b13799ec3636d8a5c66bcd945b280ddae47a204a010371cf66c3445f7dbd4
15,tpch-q1-block-015,materialize-after-q01-aggregate -> materialize-after-q01-filter -> fused,0,2,materialize-after-q01-aggregate,2026-07-20T00:15:33.821917+00:00,744.7671,2562.5,4,sha256:ab3b13799ec3636d8a5c66bcd945b280ddae47a204a010371cf66c3445f7dbd4
15,tpch-q1-block-015,materialize-after-q01-aggregate -> materialize-after-q01-filter -> fused,0,3,materialize-after-q01-aggregate,2026-07-20T00:15:34.566307+00:00,837.0339,2375.0,4,sha256:ab3b13799ec3636d8a5c66bcd945b280ddae47a204a010371cf66c3445f7dbd4
15,tpch-q1-block-015,materialize-after-q01-aggregate -> materialize-after-q01-filter -> fused,0,4,materialize-after-q01-aggregate,2026-07-20T00:15:35.404061+00:00,754.7574,2609.375,4,sha256:ab3b13799ec3636d8a5c66bcd945b280ddae47a204a010371cf66c3445f7dbd4
15,tpch-q1-block-015,materialize-after-q01-aggregate -> materialize-after-q01-filter -> fused,1,0,materialize-after-q01-filter,2026-07-20T00:15:36.158542+00:00,1504.1503,5234.375,4,sha256:ab3b13799ec3636d8a5c66bcd945b280ddae47a204a010371cf66c3445f7dbd4
15,tpch-q1-block-015,materialize-after-q01-aggregate -> materialize-after-q01-filter -> fused,1,1,materialize-after-q01-filter,2026-07-20T00:15:37.662749+00:00,1657.6277,5343.75,4,sha256:ab3b13799ec3636d8a5c66bcd945b280ddae47a204a010371cf66c3445f7dbd4
15,tpch-q1-block-015,materialize-after-q01-aggregate -> materialize-after-q01-filter -> fused,1,2,materialize-after-q01-filter,2026-07-20T00:15:39.320838+00:00,1641.5613,5734.375,4,sha256:ab3b13799ec3636d8a5c66bcd945b280ddae47a204a010371cf66c3445f7dbd4
15,tpch-q1-block-015,materialize-after-q01-aggregate -> materialize-after-q01-filter -> fused,1,3,materialize-after-q01-filter,2026-07-20T00:15:40.962047+00:00,1467.8706,5234.375,4,sha256:ab3b13799ec3636d8a5c66bcd945b280ddae47a204a010371cf66c3445f7dbd4
15,tpch-q1-block-015,materialize-after-q01-aggregate -> materialize-after-q01-filter -> fused,1,4,materialize-after-q01-filter,2026-07-20T00:15:42.430263+00:00,2105.8623,5703.125,4,sha256:ab3b13799ec3636d8a5c66bcd945b280ddae47a204a010371cf66c3445f7dbd4
15,tpch-q1-block-015,materialize-after-q01-aggregate -> materialize-after-q01-filter -> fused,2,0,fused,2026-07-20T00:15:44.536273+00:00,930.8105,2640.625,4,sha256:ab3b13799ec3636d8a5c66bcd945b280ddae47a204a010371cf66c3445f7dbd4
15,tpch-q1-block-015,materialize-after-q01-aggregate -> materialize-after-q01-filter -> fused,2,1,fused,2026-07-20T00:15:45.466615+00:00,917.7189,2640.625,4,sha256:ab3b13799ec3636d8a5c66bcd945b280ddae47a204a010371cf66c3445f7dbd4
15,tpch-q1-block-015,materialize-after-q01-aggregate -> materialize-after-q01-filter -> fused,2,2,fused,2026-07-20T00:15:46.384914+00:00,935.7467,2703.125,4,sha256:ab3b13799ec3636d8a5c66bcd945b280ddae47a204a010371cf66c3445f7dbd4
15,tpch-q1-block-015,materialize-after-q01-aggregate -> materialize-after-q01-filter -> fused,2,3,fused,2026-07-20T00:15:47.320160+00:00,737.9615,2609.375,4,sha256:ab3b13799ec3636d8a5c66bcd945b280ddae47a204a010371cf66c3445f7dbd4
15,tpch-q1-block-015,materialize-after-q01-aggregate -> materialize-after-q01-filter -> fused,2,4,fused,2026-07-20T00:15:48.058543+00:00,595.8706,2281.25,4,sha256:ab3b13799ec3636d8a5c66bcd945b280ddae47a204a010371cf66c3445f7dbd4
16,tpch-q1-block-016,materialize-after-q01-filter -> fused -> materialize-after-q01-aggregate,0,0,materialize-after-q01-filter,2026-07-20T00:15:48.656847+00:00,1486.9346,5171.875,4,sha256:ab3b13799ec3636d8a5c66bcd945b280ddae47a204a010371cf66c3445f7dbd4
16,tpch-q1-block-016,materialize-after-q01-filter -> fused -> materialize-after-q01-aggregate,0,1,materialize-after-q01-filter,2026-07-20T00:15:50.144188+00:00,1622.2209,5343.75,4,sha256:ab3b13799ec3636d8a5c66bcd945b280ddae47a204a010371cf66c3445f7dbd4
16,tpch-q1-block-016,materialize-after-q01-filter -> fused -> materialize-after-q01-aggregate,0,2,materialize-after-q01-filter,2026-07-20T00:15:51.766382+00:00,1510.2512,5437.5,4,sha256:ab3b13799ec3636d8a5c66bcd945b280ddae47a204a010371cf66c3445f7dbd4
16,tpch-q1-block-016,materialize-after-q01-filter -> fused -> materialize-after-q01-aggregate,0,3,materialize-after-q01-filter,2026-07-20T00:15:53.276218+00:00,1556.5445,4968.75,4,sha256:ab3b13799ec3636d8a5c66bcd945b280ddae47a204a010371cf66c3445f7dbd4
16,tpch-q1-block-016,materialize-after-q01-filter -> fused -> materialize-after-q01-aggregate,0,4,materialize-after-q01-filter,2026-07-20T00:15:54.833174+00:00,1637.8189,5703.125,4,sha256:ab3b13799ec3636d8a5c66bcd945b280ddae47a204a010371cf66c3445f7dbd4
16,tpch-q1-block-016,materialize-after-q01-filter -> fused -> materialize-after-q01-aggregate,1,0,fused,2026-07-20T00:15:56.471309+00:00,678.9313,2453.125,4,sha256:ab3b13799ec3636d8a5c66bcd945b280ddae47a204a010371cf66c3445f7dbd4
16,tpch-q1-block-016,materialize-after-q01-filter -> fused -> materialize-after-q01-aggregate,1,1,fused,2026-07-20T00:15:57.149648+00:00,609.5358,2328.125,4,sha256:ab3b13799ec3636d8a5c66bcd945b280ddae47a204a010371cf66c3445f7dbd4
16,tpch-q1-block-016,materialize-after-q01-filter -> fused -> materialize-after-q01-aggregate,1,2,fused,2026-07-20T00:15:57.759352+00:00,677.8323,2484.375,4,sha256:ab3b13799ec3636d8a5c66bcd945b280ddae47a204a010371cf66c3445f7dbd4
16,tpch-q1-block-016,materialize-after-q01-filter -> fused -> materialize-after-q01-aggregate,1,3,fused,2026-07-20T00:15:58.437883+00:00,719.3802,2156.25,4,sha256:ab3b13799ec3636d8a5c66bcd945b280ddae47a204a010371cf66c3445f7dbd4
16,tpch-q1-block-016,materialize-after-q01-filter -> fused -> materialize-after-q01-aggregate,1,4,fused,2026-07-20T00:15:59.157199+00:00,713.5558,2484.375,4,sha256:ab3b13799ec3636d8a5c66bcd945b280ddae47a204a010371cf66c3445f7dbd4
16,tpch-q1-block-016,materialize-after-q01-filter -> fused -> materialize-after-q01-aggregate,2,0,materialize-after-q01-aggregate,2026-07-20T00:15:59.870937+00:00,817.1646,2593.75,4,sha256:ab3b13799ec3636d8a5c66bcd945b280ddae47a204a010371cf66c3445f7dbd4
16,tpch-q1-block-016,materialize-after-q01-filter -> fused -> materialize-after-q01-aggregate,2,1,materialize-after-q01-aggregate,2026-07-20T00:16:00.688068+00:00,742.9238,2593.75,4,sha256:ab3b13799ec3636d8a5c66bcd945b280ddae47a204a010371cf66c3445f7dbd4
16,tpch-q1-block-016,materialize-after-q01-filter -> fused -> materialize-after-q01-aggregate,2,2,materialize-after-q01-aggregate,2026-07-20T00:16:01.430718+00:00,685.3949,2562.5,4,sha256:ab3b13799ec3636d8a5c66bcd945b280ddae47a204a010371cf66c3445f7dbd4
16,tpch-q1-block-016,materialize-after-q01-filter -> fused -> materialize-after-q01-aggregate,2,3,materialize-after-q01-aggregate,2026-07-20T00:16:02.116315+00:00,614.6401,2281.25,4,sha256:ab3b13799ec3636d8a5c66bcd945b280ddae47a204a010371cf66c3445f7dbd4
16,tpch-q1-block-016,materialize-after-q01-filter -> fused -> materialize-after-q01-aggregate,2,4,materialize-after-q01-aggregate,2026-07-20T00:16:02.730901+00:00,667.9547,2500.0,4,sha256:ab3b13799ec3636d8a5c66bcd945b280ddae47a204a010371cf66c3445f7dbd4
17,tpch-q1-block-017,materialize-after-q01-aggregate -> fused -> materialize-after-q01-filter,0,0,materialize-after-q01-aggregate,2026-07-20T00:16:03.401962+00:00,718.7848,2578.125,4,sha256:ab3b13799ec3636d8a5c66bcd945b280ddae47a204a010371cf66c3445f7dbd4
17,tpch-q1-block-017,materialize-after-q01-aggregate -> fused -> materialize-after-q01-filter,0,1,materialize-after-q01-aggregate,2026-07-20T00:16:04.120514+00:00,757.3155,2578.125,4,sha256:ab3b13799ec3636d8a5c66bcd945b280ddae47a204a010371cf66c3445f7dbd4
17,tpch-q1-block-017,materialize-after-q01-aggregate -> fused -> materialize-after-q01-filter,0,2,materialize-after-q01-aggregate,2026-07-20T00:16:04.878115+00:00,788.1003,2359.375,4,sha256:ab3b13799ec3636d8a5c66bcd945b280ddae47a204a010371cf66c3445f7dbd4
17,tpch-q1-block-017,materialize-after-q01-aggregate -> fused -> materialize-after-q01-filter,0,3,materialize-after-q01-aggregate,2026-07-20T00:16:05.666214+00:00,780.5103,2687.5,4,sha256:ab3b13799ec3636d8a5c66bcd945b280ddae47a204a010371cf66c3445f7dbd4
17,tpch-q1-block-017,materialize-after-q01-aggregate -> fused -> materialize-after-q01-filter,0,4,materialize-after-q01-aggregate,2026-07-20T00:16:06.446305+00:00,708.9782,2625.0,4,sha256:ab3b13799ec3636d8a5c66bcd945b280ddae47a204a010371cf66c3445f7dbd4
17,tpch-q1-block-017,materialize-after-q01-aggregate -> fused -> materialize-after-q01-filter,1,0,fused,2026-07-20T00:16:07.155791+00:00,694.377,2500.0,4,sha256:ab3b13799ec3636d8a5c66bcd945b280ddae47a204a010371cf66c3445f7dbd4
17,tpch-q1-block-017,materialize-after-q01-aggregate -> fused -> materialize-after-q01-filter,1,1,fused,2026-07-20T00:16:07.850559+00:00,657.4277,2312.5,4,sha256:ab3b13799ec3636d8a5c66bcd945b280ddae47a204a010371cf66c3445f7dbd4
17,tpch-q1-block-017,materialize-after-q01-aggregate -> fused -> materialize-after-q01-filter,1,2,fused,2026-07-20T00:16:08.507642+00:00,727.9331,2656.25,4,sha256:ab3b13799ec3636d8a5c66bcd945b280ddae47a204a010371cf66c3445f7dbd4
17,tpch-q1-block-017,materialize-after-q01-aggregate -> fused -> materialize-after-q01-filter,1,3,fused,2026-07-20T00:16:09.235935+00:00,800.647,2609.375,4,sha256:ab3b13799ec3636d8a5c66bcd945b280ddae47a204a010371cf66c3445f7dbd4
17,tpch-q1-block-017,materialize-after-q01-aggregate -> fused -> materialize-after-q01-filter,1,4,fused,2026-07-20T00:16:10.036535+00:00,765.8564,2750.0,4,sha256:ab3b13799ec3636d8a5c66bcd945b280ddae47a204a010371cf66c3445f7dbd4
17,tpch-q1-block-017,materialize-after-q01-aggregate -> fused -> materialize-after-q01-filter,2,0,materialize-after-q01-filter,2026-07-20T00:16:10.802737+00:00,1498.1461,5421.875,4,sha256:ab3b13799ec3636d8a5c66bcd945b280ddae47a204a010371cf66c3445f7dbd4
17,tpch-q1-block-017,materialize-after-q01-aggregate -> fused -> materialize-after-q01-filter,2,1,materialize-after-q01-filter,2026-07-20T00:16:12.300979+00:00,1848.3286,5640.625,4,sha256:ab3b13799ec3636d8a5c66bcd945b280ddae47a204a010371cf66c3445f7dbd4
17,tpch-q1-block-017,materialize-after-q01-aggregate -> fused -> materialize-after-q01-filter,2,2,materialize-after-q01-filter,2026-07-20T00:16:14.149499+00:00,1970.6408,5687.5,4,sha256:ab3b13799ec3636d8a5c66bcd945b280ddae47a204a010371cf66c3445f7dbd4
17,tpch-q1-block-017,materialize-after-q01-aggregate -> fused -> materialize-after-q01-filter,2,3,materialize-after-q01-filter,2026-07-20T00:16:16.119864+00:00,1776.8539,5484.375,4,sha256:ab3b13799ec3636d8a5c66bcd945b280ddae47a204a010371cf66c3445f7dbd4
17,tpch-q1-block-017,materialize-after-q01-aggregate -> fused -> materialize-after-q01-filter,2,4,materialize-after-q01-filter,2026-07-20T00:16:17.896337+00:00,1498.1312,5171.875,4,sha256:ab3b13799ec3636d8a5c66bcd945b280ddae47a204a010371cf66c3445f7dbd4
18,tpch-q1-block-018,materialize-after-q01-aggregate -> materialize-after-q01-filter -> fused,0,0,materialize-after-q01-aggregate,2026-07-20T00:16:19.397389+00:00,712.1953,2656.25,4,sha256:ab3b13799ec3636d8a5c66bcd945b280ddae47a204a010371cf66c3445f7dbd4
18,tpch-q1-block-018,materialize-after-q01-aggregate -> materialize-after-q01-filter -> fused,0,1,materialize-after-q01-aggregate,2026-07-20T00:16:20.109440+00:00,1121.2639,2718.75,4,sha256:ab3b13799ec3636d8a5c66bcd945b280ddae47a204a010371cf66c3445f7dbd4
18,tpch-q1-block-018,materialize-after-q01-aggregate -> materialize-after-q01-filter -> fused,0,2,materialize-after-q01-aggregate,2026-07-20T00:16:21.231003+00:00,926.0035,2734.375,4,sha256:ab3b13799ec3636d8a5c66bcd945b280ddae47a204a010371cf66c3445f7dbd4
18,tpch-q1-block-018,materialize-after-q01-aggregate -> materialize-after-q01-filter -> fused,0,3,materialize-after-q01-aggregate,2026-07-20T00:16:22.157174+00:00,881.0934,2890.625,4,sha256:ab3b13799ec3636d8a5c66bcd945b280ddae47a204a010371cf66c3445f7dbd4
18,tpch-q1-block-018,materialize-after-q01-aggregate -> materialize-after-q01-filter -> fused,0,4,materialize-after-q01-aggregate,2026-07-20T00:16:23.038792+00:00,893.4301,2546.875,4,sha256:ab3b13799ec3636d8a5c66bcd945b280ddae47a204a010371cf66c3445f7dbd4
18,tpch-q1-block-018,materialize-after-q01-aggregate -> materialize-after-q01-filter -> fused,1,0,materialize-after-q01-filter,2026-07-20T00:16:23.932051+00:00,1799.1015,5828.125,4,sha256:ab3b13799ec3636d8a5c66bcd945b280ddae47a204a010371cf66c3445f7dbd4
18,tpch-q1-block-018,materialize-after-q01-aggregate -> materialize-after-q01-filter -> fused,1,1,materialize-after-q01-filter,2026-07-20T00:16:25.730884+00:00,1679.7449,5406.25,4,sha256:ab3b13799ec3636d8a5c66bcd945b280ddae47a204a010371cf66c3445f7dbd4
18,tpch-q1-block-018,materialize-after-q01-aggregate -> materialize-after-q01-filter -> fused,1,2,materialize-after-q01-filter,2026-07-20T00:16:27.411057+00:00,1498.9913,5312.5,4,sha256:ab3b13799ec3636d8a5c66bcd945b280ddae47a204a010371cf66c3445f7dbd4
18,tpch-q1-block-018,materialize-after-q01-aggregate -> materialize-after-q01-filter -> fused,1,3,materialize-after-q01-filter,2026-07-20T00:16:28.910146+00:00,1488.9096,4812.5,4,sha256:ab3b13799ec3636d8a5c66bcd945b280ddae47a204a010371cf66c3445f7dbd4
18,tpch-q1-block-018,materialize-after-q01-aggregate -> materialize-after-q01-filter -> fused,1,4,materialize-after-q01-filter,2026-07-20T00:16:30.398842+00:00,1671.132,5656.25,4,sha256:ab3b13799ec3636d8a5c66bcd945b280ddae47a204a010371cf66c3445f7dbd4
18,tpch-q1-block-018,materialize-after-q01-aggregate -> materialize-after-q01-filter -> fused,2,0,fused,2026-07-20T00:16:32.070391+00:00,701.6103,2609.375,4,sha256:ab3b13799ec3636d8a5c66bcd945b280ddae47a204a010371cf66c3445f7dbd4
18,tpch-q1-block-018,materialize-after-q01-aggregate -> materialize-after-q01-filter -> fused,2,1,fused,2026-07-20T00:16:32.772255+00:00,612.8488,2281.25,4,sha256:ab3b13799ec3636d8a5c66bcd945b280ddae47a204a010371cf66c3445f7dbd4
18,tpch-q1-block-018,materialize-after-q01-aggregate -> materialize-after-q01-filter -> fused,2,2,fused,2026-07-20T00:16:33.385080+00:00,653.7577,2390.625,4,sha256:ab3b13799ec3636d8a5c66bcd945b280ddae47a204a010371cf66c3445f7dbd4
18,tpch-q1-block-018,materialize-after-q01-aggregate -> materialize-after-q01-filter -> fused,2,3,fused,2026-07-20T00:16:34.038631+00:00,669.1102,2453.125,4,sha256:ab3b13799ec3636d8a5c66bcd945b280ddae47a204a010371cf66c3445f7dbd4
18,tpch-q1-block-018,materialize-after-q01-aggregate -> materialize-after-q01-filter -> fused,2,4,fused,2026-07-20T00:16:34.708103+00:00,764.6738,2578.125,4,sha256:ab3b13799ec3636d8a5c66bcd945b280ddae47a204a010371cf66c3445f7dbd4
19,tpch-q1-block-019,fused -> materialize-after-q01-aggregate -> materialize-after-q01-filter,0,0,fused,2026-07-20T00:16:35.475720+00:00,768.4113,2546.875,4,sha256:ab3b13799ec3636d8a5c66bcd945b280ddae47a204a010371cf66c3445f7dbd4
19,tpch-q1-block-019,fused -> materialize-after-q01-aggregate -> materialize-after-q01-filter,0,1,fused,2026-07-20T00:16:36.244620+00:00,774.708,2781.25,4,sha256:ab3b13799ec3636d8a5c66bcd945b280ddae47a204a010371cf66c3445f7dbd4
19,tpch-q1-block-019,fused -> materialize-after-q01-aggregate -> materialize-after-q01-filter,0,2,fused,2026-07-20T00:16:37.018957+00:00,695.701,2718.75,4,sha256:ab3b13799ec3636d8a5c66bcd945b280ddae47a204a010371cf66c3445f7dbd4
19,tpch-q1-block-019,fused -> materialize-after-q01-aggregate -> materialize-after-q01-filter,0,3,fused,2026-07-20T00:16:37.714845+00:00,646.2098,2421.875,4,sha256:ab3b13799ec3636d8a5c66bcd945b280ddae47a204a010371cf66c3445f7dbd4
19,tpch-q1-block-019,fused -> materialize-after-q01-aggregate -> materialize-after-q01-filter,0,4,fused,2026-07-20T00:16:38.361601+00:00,621.4532,2390.625,4,sha256:ab3b13799ec3636d8a5c66bcd945b280ddae47a204a010371cf66c3445f7dbd4
19,tpch-q1-block-019,fused -> materialize-after-q01-aggregate -> materialize-after-q01-filter,1,0,materialize-after-q01-aggregate,2026-07-20T00:16:38.982658+00:00,652.8748,2390.625,4,sha256:ab3b13799ec3636d8a5c66bcd945b280ddae47a204a010371cf66c3445f7dbd4
19,tpch-q1-block-019,fused -> materialize-after-q01-aggregate -> materialize-after-q01-filter,1,1,materialize-after-q01-aggregate,2026-07-20T00:16:39.635566+00:00,820.8439,2578.125,4,sha256:ab3b13799ec3636d8a5c66bcd945b280ddae47a204a010371cf66c3445f7dbd4
19,tpch-q1-block-019,fused -> materialize-after-q01-aggregate -> materialize-after-q01-filter,1,2,materialize-after-q01-aggregate,2026-07-20T00:16:40.456642+00:00,793.729,2687.5,4,sha256:ab3b13799ec3636d8a5c66bcd945b280ddae47a204a010371cf66c3445f7dbd4
19,tpch-q1-block-019,fused -> materialize-after-q01-aggregate -> materialize-after-q01-filter,1,3,materialize-after-q01-aggregate,2026-07-20T00:16:41.250981+00:00,837.1526,2718.75,4,sha256:ab3b13799ec3636d8a5c66bcd945b280ddae47a204a010371cf66c3445f7dbd4
19,tpch-q1-block-019,fused -> materialize-after-q01-aggregate -> materialize-after-q01-filter,1,4,materialize-after-q01-aggregate,2026-07-20T00:16:42.087617+00:00,876.7316,2750.0,4,sha256:ab3b13799ec3636d8a5c66bcd945b280ddae47a204a010371cf66c3445f7dbd4
19,tpch-q1-block-019,fused -> materialize-after-q01-aggregate -> materialize-after-q01-filter,2,0,materialize-after-q01-filter,2026-07-20T00:16:42.964769+00:00,1890.5064,5843.75,4,sha256:ab3b13799ec3636d8a5c66bcd945b280ddae47a204a010371cf66c3445f7dbd4
19,tpch-q1-block-019,fused -> materialize-after-q01-aggregate -> materialize-after-q01-filter,2,1,materialize-after-q01-filter,2026-07-20T00:16:44.854808+00:00,1910.3988,5593.75,4,sha256:ab3b13799ec3636d8a5c66bcd945b280ddae47a204a010371cf66c3445f7dbd4
19,tpch-q1-block-019,fused -> materialize-after-q01-aggregate -> materialize-after-q01-filter,2,2,materialize-after-q01-filter,2026-07-20T00:16:46.765542+00:00,1689.8054,5781.25,4,sha256:ab3b13799ec3636d8a5c66bcd945b280ddae47a204a010371cf66c3445f7dbd4
19,tpch-q1-block-019,fused -> materialize-after-q01-aggregate -> materialize-after-q01-filter,2,3,materialize-after-q01-filter,2026-07-20T00:16:48.455543+00:00,1482.383,5218.75,4,sha256:ab3b13799ec3636d8a5c66bcd945b280ddae47a204a010371cf66c3445f7dbd4
19,tpch-q1-block-019,fused -> materialize-after-q01-aggregate -> materialize-after-q01-filter,2,4,materialize-after-q01-filter,2026-07-20T00:16:49.937896+00:00,1540.9721,5437.5,4,sha256:ab3b13799ec3636d8a5c66bcd945b280ddae47a204a010371cf66c3445f7dbd4
20,tpch-q1-block-020,materialize-after-q01-filter -> fused -> materialize-after-q01-aggregate,0,0,materialize-after-q01-filter,2026-07-20T00:16:51.482134+00:00,1635.1139,5609.375,4,sha256:ab3b13799ec3636d8a5c66bcd945b280ddae47a204a010371cf66c3445f7dbd4
20,tpch-q1-block-020,materialize-after-q01-filter -> fused -> materialize-after-q01-aggregate,0,1,materialize-after-q01-filter,2026-07-20T00:16:53.116965+00:00,1483.1538,5437.5,4,sha256:ab3b13799ec3636d8a5c66bcd945b280ddae47a204a010371cf66c3445f7dbd4
20,tpch-q1-block-020,materialize-after-q01-filter -> fused -> materialize-after-q01-aggregate,0,2,materialize-after-q01-filter,2026-07-20T00:16:54.599734+00:00,1555.8146,5453.125,4,sha256:ab3b13799ec3636d8a5c66bcd945b280ddae47a204a010371cf66c3445f7dbd4
20,tpch-q1-block-020,materialize-after-q01-filter -> fused -> materialize-after-q01-aggregate,0,3,materialize-after-q01-filter,2026-07-20T00:16:56.156309+00:00,1595.0281,5515.625,4,sha256:ab3b13799ec3636d8a5c66bcd945b280ddae47a204a010371cf66c3445f7dbd4
20,tpch-q1-block-020,materialize-after-q01-filter -> fused -> materialize-after-q01-aggregate,0,4,materialize-after-q01-filter,2026-07-20T00:16:57.751569+00:00,1858.3949,5546.875,4,sha256:ab3b13799ec3636d8a5c66bcd945b280ddae47a204a010371cf66c3445f7dbd4
20,tpch-q1-block-020,materialize-after-q01-filter -> fused -> materialize-after-q01-aggregate,1,0,fused,2026-07-20T00:16:59.609097+00:00,749.941,2609.375,4,sha256:ab3b13799ec3636d8a5c66bcd945b280ddae47a204a010371cf66c3445f7dbd4
20,tpch-q1-block-020,materialize-after-q01-filter -> fused -> materialize-after-q01-aggregate,1,1,fused,2026-07-20T00:17:00.359711+00:00,972.9494,2515.625,4,sha256:ab3b13799ec3636d8a5c66bcd945b280ddae47a204a010371cf66c3445f7dbd4
20,tpch-q1-block-020,materialize-after-q01-filter -> fused -> materialize-after-q01-aggregate,1,2,fused,2026-07-20T00:17:01.332170+00:00,844.3085,2500.0,4,sha256:ab3b13799ec3636d8a5c66bcd945b280ddae47a204a010371cf66c3445f7dbd4
20,tpch-q1-block-020,materialize-after-q01-filter -> fused -> materialize-after-q01-aggregate,1,3,fused,2026-07-20T00:17:02.176544+00:00,931.462,2359.375,4,sha256:ab3b13799ec3636d8a5c66bcd945b280ddae47a204a010371cf66c3445f7dbd4
20,tpch-q1-block-020,materialize-after-q01-filter -> fused -> materialize-after-q01-aggregate,1,4,fused,2026-07-20T00:17:03.108208+00:00,859.4828,2734.375,4,sha256:ab3b13799ec3636d8a5c66bcd945b280ddae47a204a010371cf66c3445f7dbd4
20,tpch-q1-block-020,materialize-after-q01-filter -> fused -> materialize-after-q01-aggregate,2,0,materialize-after-q01-aggregate,2026-07-20T00:17:03.967640+00:00,699.5858,2578.125,4,sha256:ab3b13799ec3636d8a5c66bcd945b280ddae47a204a010371cf66c3445f7dbd4
20,tpch-q1-block-020,materialize-after-q01-filter -> fused -> materialize-after-q01-aggregate,2,1,materialize-after-q01-aggregate,2026-07-20T00:17:04.668100+00:00,659.8698,2234.375,4,sha256:ab3b13799ec3636d8a5c66bcd945b280ddae47a204a010371cf66c3445f7dbd4
20,tpch-q1-block-020,materialize-after-q01-filter -> fused -> materialize-after-q01-aggregate,2,2,materialize-after-q01-aggregate,2026-07-20T00:17:05.327200+00:00,708.6734,2359.375,4,sha256:ab3b13799ec3636d8a5c66bcd945b280ddae47a204a010371cf66c3445f7dbd4
20,tpch-q1-block-020,materialize-after-q01-filter -> fused -> materialize-after-q01-aggregate,2,3,materialize-after-q01-aggregate,2026-07-20T00:17:06.036169+00:00,732.9688,2625.0,4,sha256:ab3b13799ec3636d8a5c66bcd945b280ddae47a204a010371cf66c3445f7dbd4
20,tpch-q1-block-020,materialize-after-q01-filter -> fused -> materialize-after-q01-aggregate,2,4,materialize-after-q01-aggregate,2026-07-20T00:17:06.769417+00:00,809.9053,2531.25,4,sha256:ab3b13799ec3636d8a5c66bcd945b280ddae47a204a010371cf66c3445f7dbd4
21,tpch-q1-block-021,fused -> materialize-after-q01-filter -> materialize-after-q01-aggregate,0,0,fused,2026-07-20T00:17:07.582206+00:00,732.4417,2718.75,4,sha256:ab3b13799ec3636d8a5c66bcd945b280ddae47a204a010371cf66c3445f7dbd4
21,tpch-q1-block-021,fused -> materialize-after-q01-filter -> materialize-after-q01-aggregate,0,1,fused,2026-07-20T00:17:08.314621+00:00,681.1863,2531.25,4,sha256:ab3b13799ec3636d8a5c66bcd945b280ddae47a204a010371cf66c3445f7dbd4
21,tpch-q1-block-021,fused -> materialize-after-q01-filter -> materialize-after-q01-aggregate,0,2,fused,2026-07-20T00:17:08.995556+00:00,626.9247,2281.25,4,sha256:ab3b13799ec3636d8a5c66bcd945b280ddae47a204a010371cf66c3445f7dbd4
21,tpch-q1-block-021,fused -> materialize-after-q01-filter -> materialize-after-q01-aggregate,0,3,fused,2026-07-20T00:17:09.623187+00:00,695.0193,2546.875,4,sha256:ab3b13799ec3636d8a5c66bcd945b280ddae47a204a010371cf66c3445f7dbd4
21,tpch-q1-block-021,fused -> materialize-after-q01-filter -> materialize-after-q01-aggregate,0,4,fused,2026-07-20T00:17:10.318196+00:00,698.3455,2359.375,4,sha256:ab3b13799ec3636d8a5c66bcd945b280ddae47a204a010371cf66c3445f7dbd4
21,tpch-q1-block-021,fused -> materialize-after-q01-filter -> materialize-after-q01-aggregate,1,0,materialize-after-q01-filter,2026-07-20T00:17:11.016774+00:00,1723.935,5609.375,4,sha256:ab3b13799ec3636d8a5c66bcd945b280ddae47a204a010371cf66c3445f7dbd4
21,tpch-q1-block-021,fused -> materialize-after-q01-filter -> materialize-after-q01-aggregate,1,1,materialize-after-q01-filter,2026-07-20T00:17:12.740508+00:00,1972.9795,5625.0,4,sha256:ab3b13799ec3636d8a5c66bcd945b280ddae47a204a010371cf66c3445f7dbd4
21,tpch-q1-block-021,fused -> materialize-after-q01-filter -> materialize-after-q01-aggregate,1,2,materialize-after-q01-filter,2026-07-20T00:17:14.713281+00:00,1994.5189,5843.75,4,sha256:ab3b13799ec3636d8a5c66bcd945b280ddae47a204a010371cf66c3445f7dbd4
21,tpch-q1-block-021,fused -> materialize-after-q01-filter -> materialize-after-q01-aggregate,1,3,materialize-after-q01-filter,2026-07-20T00:17:16.708273+00:00,1714.4493,5453.125,4,sha256:ab3b13799ec3636d8a5c66bcd945b280ddae47a204a010371cf66c3445f7dbd4
21,tpch-q1-block-021,fused -> materialize-after-q01-filter -> materialize-after-q01-aggregate,1,4,materialize-after-q01-filter,2026-07-20T00:17:18.422181+00:00,1600.4572,5515.625,4,sha256:ab3b13799ec3636d8a5c66bcd945b280ddae47a204a010371cf66c3445f7dbd4
21,tpch-q1-block-021,fused -> materialize-after-q01-filter -> materialize-after-q01-aggregate,2,0,materialize-after-q01-aggregate,2026-07-20T00:17:20.023138+00:00,705.6251,2562.5,4,sha256:ab3b13799ec3636d8a5c66bcd945b280ddae47a204a010371cf66c3445f7dbd4
21,tpch-q1-block-021,fused -> materialize-after-q01-filter -> materialize-after-q01-aggregate,2,1,materialize-after-q01-aggregate,2026-07-20T00:17:20.729054+00:00,635.614,2406.25,4,sha256:ab3b13799ec3636d8a5c66bcd945b280ddae47a204a010371cf66c3445f7dbd4
21,tpch-q1-block-021,fused -> materialize-after-q01-filter -> materialize-after-q01-aggregate,2,2,materialize-after-q01-aggregate,2026-07-20T00:17:21.364447+00:00,779.9633,2781.25,4,sha256:ab3b13799ec3636d8a5c66bcd945b280ddae47a204a010371cf66c3445f7dbd4
21,tpch-q1-block-021,fused -> materialize-after-q01-filter -> materialize-after-q01-aggregate,2,3,materialize-after-q01-aggregate,2026-07-20T00:17:22.143873+00:00,804.1295,2703.125,4,sha256:ab3b13799ec3636d8a5c66bcd945b280ddae47a204a010371cf66c3445f7dbd4
21,tpch-q1-block-021,fused -> materialize-after-q01-filter -> materialize-after-q01-aggregate,2,4,materialize-after-q01-aggregate,2026-07-20T00:17:22.948147+00:00,742.6971,2718.75,4,sha256:ab3b13799ec3636d8a5c66bcd945b280ddae47a204a010371cf66c3445f7dbd4
22,tpch-q1-block-022,materialize-after-q01-aggregate -> fused -> materialize-after-q01-filter,0,0,materialize-after-q01-aggregate,2026-07-20T00:17:23.694043+00:00,723.4464,2687.5,4,sha256:ab3b13799ec3636d8a5c66bcd945b280ddae47a204a010371cf66c3445f7dbd4
22,tpch-q1-block-022,materialize-after-q01-aggregate -> fused -> materialize-after-q01-filter,0,1,materialize-after-q01-aggregate,2026-07-20T00:17:24.417059+00:00,682.5476,2609.375,4,sha256:ab3b13799ec3636d8a5c66bcd945b280ddae47a204a010371cf66c3445f7dbd4
22,tpch-q1-block-022,materialize-after-q01-aggregate -> fused -> materialize-after-q01-filter,0,2,materialize-after-q01-aggregate,2026-07-20T00:17:25.100210+00:00,655.9451,2203.125,4,sha256:ab3b13799ec3636d8a5c66bcd945b280ddae47a204a010371cf66c3445f7dbd4
22,tpch-q1-block-022,materialize-after-q01-aggregate -> fused -> materialize-after-q01-filter,0,3,materialize-after-q01-aggregate,2026-07-20T00:17:25.756335+00:00,779.6021,2593.75,4,sha256:ab3b13799ec3636d8a5c66bcd945b280ddae47a204a010371cf66c3445f7dbd4
22,tpch-q1-block-022,materialize-after-q01-aggregate -> fused -> materialize-after-q01-filter,0,4,materialize-after-q01-aggregate,2026-07-20T00:17:26.535330+00:00,791.7461,2750.0,4,sha256:ab3b13799ec3636d8a5c66bcd945b280ddae47a204a010371cf66c3445f7dbd4
22,tpch-q1-block-022,materialize-after-q01-aggregate -> fused -> materialize-after-q01-filter,1,0,fused,2026-07-20T00:17:27.327060+00:00,771.4188,2593.75,4,sha256:ab3b13799ec3636d8a5c66bcd945b280ddae47a204a010371cf66c3445f7dbd4
22,tpch-q1-block-022,materialize-after-q01-aggregate -> fused -> materialize-after-q01-filter,1,1,fused,2026-07-20T00:17:28.099344+00:00,745.582,2375.0,4,sha256:ab3b13799ec3636d8a5c66bcd945b280ddae47a204a010371cf66c3445f7dbd4
22,tpch-q1-block-022,materialize-after-q01-aggregate -> fused -> materialize-after-q01-filter,1,2,fused,2026-07-20T00:17:28.844851+00:00,630.5887,2187.5,4,sha256:ab3b13799ec3636d8a5c66bcd945b280ddae47a204a010371cf66c3445f7dbd4
22,tpch-q1-block-022,materialize-after-q01-aggregate -> fused -> materialize-after-q01-filter,1,3,fused,2026-07-20T00:17:29.475405+00:00,607.8834,1968.75,4,sha256:ab3b13799ec3636d8a5c66bcd945b280ddae47a204a010371cf66c3445f7dbd4
22,tpch-q1-block-022,materialize-after-q01-aggregate -> fused -> materialize-after-q01-filter,1,4,fused,2026-07-20T00:17:30.083352+00:00,595.586,2046.875,4,sha256:ab3b13799ec3636d8a5c66bcd945b280ddae47a204a010371cf66c3445f7dbd4
22,tpch-q1-block-022,materialize-after-q01-aggregate -> fused -> materialize-after-q01-filter,2,0,materialize-after-q01-filter,2026-07-20T00:17:30.678822+00:00,1401.912,4390.625,4,sha256:ab3b13799ec3636d8a5c66bcd945b280ddae47a204a010371cf66c3445f7dbd4
22,tpch-q1-block-022,materialize-after-q01-aggregate -> fused -> materialize-after-q01-filter,2,1,materialize-after-q01-filter,2026-07-20T00:17:32.080978+00:00,1646.2007,5671.875,4,sha256:ab3b13799ec3636d8a5c66bcd945b280ddae47a204a010371cf66c3445f7dbd4
22,tpch-q1-block-022,materialize-after-q01-aggregate -> fused -> materialize-after-q01-filter,2,2,materialize-after-q01-filter,2026-07-20T00:17:33.726982+00:00,1545.1334,5484.375,4,sha256:ab3b13799ec3636d8a5c66bcd945b280ddae47a204a010371cf66c3445f7dbd4
22,tpch-q1-block-022,materialize-after-q01-aggregate -> fused -> materialize-after-q01-filter,2,3,materialize-after-q01-filter,2026-07-20T00:17:35.272093+00:00,1502.2924,5062.5,4,sha256:ab3b13799ec3636d8a5c66bcd945b280ddae47a204a010371cf66c3445f7dbd4
22,tpch-q1-block-022,materialize-after-q01-aggregate -> fused -> materialize-after-q01-filter,2,4,materialize-after-q01-filter,2026-07-20T00:17:36.774296+00:00,2031.2577,5718.75,4,sha256:ab3b13799ec3636d8a5c66bcd945b280ddae47a204a010371cf66c3445f7dbd4
23,tpch-q1-block-023,materialize-after-q01-filter -> materialize-after-q01-aggregate -> fused,0,0,materialize-after-q01-filter,2026-07-20T00:17:38.813259+00:00,1825.5677,5687.5,4,sha256:ab3b13799ec3636d8a5c66bcd945b280ddae47a204a010371cf66c3445f7dbd4
23,tpch-q1-block-023,materialize-after-q01-filter -> materialize-after-q01-aggregate -> fused,0,1,materialize-after-q01-filter,2026-07-20T00:17:40.638580+00:00,2072.3775,5531.25,4,sha256:ab3b13799ec3636d8a5c66bcd945b280ddae47a204a010371cf66c3445f7dbd4
23,tpch-q1-block-023,materialize-after-q01-filter -> materialize-after-q01-aggregate -> fused,0,2,materialize-after-q01-filter,2026-07-20T00:17:42.711296+00:00,2053.663,5781.25,4,sha256:ab3b13799ec3636d8a5c66bcd945b280ddae47a204a010371cf66c3445f7dbd4
23,tpch-q1-block-023,materialize-after-q01-filter -> materialize-after-q01-aggregate -> fused,0,3,materialize-after-q01-filter,2026-07-20T00:17:44.764912+00:00,2044.1236,5671.875,4,sha256:ab3b13799ec3636d8a5c66bcd945b280ddae47a204a010371cf66c3445f7dbd4
23,tpch-q1-block-023,materialize-after-q01-filter -> materialize-after-q01-aggregate -> fused,0,4,materialize-after-q01-filter,2026-07-20T00:17:46.808982+00:00,1771.983,5875.0,4,sha256:ab3b13799ec3636d8a5c66bcd945b280ddae47a204a010371cf66c3445f7dbd4
23,tpch-q1-block-023,materialize-after-q01-filter -> materialize-after-q01-aggregate -> fused,1,0,materialize-after-q01-aggregate,2026-07-20T00:17:48.581415+00:00,751.1949,2656.25,4,sha256:ab3b13799ec3636d8a5c66bcd945b280ddae47a204a010371cf66c3445f7dbd4
23,tpch-q1-block-023,materialize-after-q01-filter -> materialize-after-q01-aggregate -> fused,1,1,materialize-after-q01-aggregate,2026-07-20T00:17:49.332430+00:00,704.4052,2437.5,4,sha256:ab3b13799ec3636d8a5c66bcd945b280ddae47a204a010371cf66c3445f7dbd4
23,tpch-q1-block-023,materialize-after-q01-filter -> materialize-after-q01-aggregate -> fused,1,2,materialize-after-q01-aggregate,2026-07-20T00:17:50.036243+00:00,710.2012,2578.125,4,sha256:ab3b13799ec3636d8a5c66bcd945b280ddae47a204a010371cf66c3445f7dbd4
23,tpch-q1-block-023,materialize-after-q01-filter -> materialize-after-q01-aggregate -> fused,1,3,materialize-after-q01-aggregate,2026-07-20T00:17:50.746990+00:00,683.7685,2453.125,4,sha256:ab3b13799ec3636d8a5c66bcd945b280ddae47a204a010371cf66c3445f7dbd4
23,tpch-q1-block-023,materialize-after-q01-filter -> materialize-after-q01-aggregate -> fused,1,4,materialize-after-q01-aggregate,2026-07-20T00:17:51.430372+00:00,735.9616,2656.25,4,sha256:ab3b13799ec3636d8a5c66bcd945b280ddae47a204a010371cf66c3445f7dbd4
23,tpch-q1-block-023,materialize-after-q01-filter -> materialize-after-q01-aggregate -> fused,2,0,fused,2026-07-20T00:17:52.166680+00:00,831.2886,2593.75,4,sha256:ab3b13799ec3636d8a5c66bcd945b280ddae47a204a010371cf66c3445f7dbd4
23,tpch-q1-block-023,materialize-after-q01-filter -> materialize-after-q01-aggregate -> fused,2,1,fused,2026-07-20T00:17:52.998087+00:00,738.3911,2656.25,4,sha256:ab3b13799ec3636d8a5c66bcd945b280ddae47a204a010371cf66c3445f7dbd4
23,tpch-q1-block-023,materialize-after-q01-filter -> materialize-after-q01-aggregate -> fused,2,2,fused,2026-07-20T00:17:53.736801+00:00,714.5965,2609.375,4,sha256:ab3b13799ec3636d8a5c66bcd945b280ddae47a204a010371cf66c3445f7dbd4
23,tpch-q1-block-023,materialize-after-q01-filter -> materialize-after-q01-aggregate -> fused,2,3,fused,2026-07-20T00:17:54.450881+00:00,643.3432,2453.125,4,sha256:ab3b13799ec3636d8a5c66bcd945b280ddae47a204a010371cf66c3445f7dbd4
23,tpch-q1-block-023,materialize-after-q01-filter -> materialize-after-q01-aggregate -> fused,2,4,fused,2026-07-20T00:17:55.094991+00:00,631.3791,2203.125,4,sha256:ab3b13799ec3636d8a5c66bcd945b280ddae47a204a010371cf66c3445f7dbd4
24,tpch-q1-block-024,materialize-after-q01-aggregate -> fused -> materialize-after-q01-filter,0,0,materialize-after-q01-aggregate,2026-07-20T00:17:55.728237+00:00,652.0375,2187.5,4,sha256:ab3b13799ec3636d8a5c66bcd945b280ddae47a204a010371cf66c3445f7dbd4
24,tpch-q1-block-024,materialize-after-q01-aggregate -> fused -> materialize-after-q01-filter,0,1,materialize-after-q01-aggregate,2026-07-20T00:17:56.379858+00:00,743.1443,2234.375,4,sha256:ab3b13799ec3636d8a5c66bcd945b280ddae47a204a010371cf66c3445f7dbd4
24,tpch-q1-block-024,materialize-after-q01-aggregate -> fused -> materialize-after-q01-filter,0,2,materialize-after-q01-aggregate,2026-07-20T00:17:57.123378+00:00,801.4505,2593.75,4,sha256:ab3b13799ec3636d8a5c66bcd945b280ddae47a204a010371cf66c3445f7dbd4
24,tpch-q1-block-024,materialize-after-q01-aggregate -> fused -> materialize-after-q01-filter,0,3,materialize-after-q01-aggregate,2026-07-20T00:17:57.924618+00:00,725.692,2593.75,4,sha256:ab3b13799ec3636d8a5c66bcd945b280ddae47a204a010371cf66c3445f7dbd4
24,tpch-q1-block-024,materialize-after-q01-aggregate -> fused -> materialize-after-q01-filter,0,4,materialize-after-q01-aggregate,2026-07-20T00:17:58.651074+00:00,734.7381,2718.75,4,sha256:ab3b13799ec3636d8a5c66bcd945b280ddae47a204a010371cf66c3445f7dbd4
24,tpch-q1-block-024,materialize-after-q01-aggregate -> fused -> materialize-after-q01-filter,1,0,fused,2026-07-20T00:17:59.385251+00:00,722.5507,2578.125,4,sha256:ab3b13799ec3636d8a5c66bcd945b280ddae47a204a010371cf66c3445f7dbd4
24,tpch-q1-block-024,materialize-after-q01-aggregate -> fused -> materialize-after-q01-filter,1,1,fused,2026-07-20T00:18:00.107767+00:00,638.2874,2375.0,4,sha256:ab3b13799ec3636d8a5c66bcd945b280ddae47a204a010371cf66c3445f7dbd4
24,tpch-q1-block-024,materialize-after-q01-aggregate -> fused -> materialize-after-q01-filter,1,2,fused,2026-07-20T00:18:00.746240+00:00,758.3832,2593.75,4,sha256:ab3b13799ec3636d8a5c66bcd945b280ddae47a204a010371cf66c3445f7dbd4
24,tpch-q1-block-024,materialize-after-q01-aggregate -> fused -> materialize-after-q01-filter,1,3,fused,2026-07-20T00:18:01.504611+00:00,787.3753,2437.5,4,sha256:ab3b13799ec3636d8a5c66bcd945b280ddae47a204a010371cf66c3445f7dbd4
24,tpch-q1-block-024,materialize-after-q01-aggregate -> fused -> materialize-after-q01-filter,1,4,fused,2026-07-20T00:18:02.292034+00:00,739.1238,2546.875,4,sha256:ab3b13799ec3636d8a5c66bcd945b280ddae47a204a010371cf66c3445f7dbd4
24,tpch-q1-block-024,materialize-after-q01-aggregate -> fused -> materialize-after-q01-filter,2,0,materialize-after-q01-filter,2026-07-20T00:18:03.031268+00:00,1478.6392,4984.375,4,sha256:ab3b13799ec3636d8a5c66bcd945b280ddae47a204a010371cf66c3445f7dbd4
24,tpch-q1-block-024,materialize-after-q01-aggregate -> fused -> materialize-after-q01-filter,2,1,materialize-after-q01-filter,2026-07-20T00:18:04.510042+00:00,1345.2293,4968.75,4,sha256:ab3b13799ec3636d8a5c66bcd945b280ddae47a204a010371cf66c3445f7dbd4
24,tpch-q1-block-024,materialize-after-q01-aggregate -> fused -> materialize-after-q01-filter,2,2,materialize-after-q01-filter,2026-07-20T00:18:05.855371+00:00,1540.5321,5296.875,4,sha256:ab3b13799ec3636d8a5c66bcd945b280ddae47a204a010371cf66c3445f7dbd4
24,tpch-q1-block-024,materialize-after-q01-aggregate -> fused -> materialize-after-q01-filter,2,3,materialize-after-q01-filter,2026-07-20T00:18:07.395947+00:00,1633.1427,5703.125,4,sha256:ab3b13799ec3636d8a5c66bcd945b280ddae47a204a010371cf66c3445f7dbd4
24,tpch-q1-block-024,materialize-after-q01-aggregate -> fused -> materialize-after-q01-filter,2,4,materialize-after-q01-filter,2026-07-20T00:18:09.029745+00:00,1488.0243,5406.25,4,sha256:ab3b13799ec3636d8a5c66bcd945b280ddae47a204a010371cf66c3445f7dbd4
25,tpch-q1-block-025,materialize-after-q01-filter -> materialize-after-q01-aggregate -> fused,0,0,materialize-after-q01-filter,2026-07-20T00:18:10.520917+00:00,1689.4985,5468.75,4,sha256:ab3b13799ec3636d8a5c66bcd945b280ddae47a204a010371cf66c3445f7dbd4
25,tpch-q1-block-025,materialize-after-q01-filter -> materialize-after-q01-aggregate -> fused,0,1,materialize-after-q01-filter,2026-07-20T00:18:12.210238+00:00,1881.9881,5500.0,4,sha256:ab3b13799ec3636d8a5c66bcd945b280ddae47a204a010371cf66c3445f7dbd4
25,tpch-q1-block-025,materialize-after-q01-filter -> materialize-after-q01-aggregate -> fused,0,2,materialize-after-q01-filter,2026-07-20T00:18:14.092587+00:00,1717.2653,5562.5,4,sha256:ab3b13799ec3636d8a5c66bcd945b280ddae47a204a010371cf66c3445f7dbd4
25,tpch-q1-block-025,materialize-after-q01-filter -> materialize-after-q01-aggregate -> fused,0,3,materialize-after-q01-filter,2026-07-20T00:18:15.809575+00:00,1869.2767,5671.875,4,sha256:ab3b13799ec3636d8a5c66bcd945b280ddae47a204a010371cf66c3445f7dbd4
25,tpch-q1-block-025,materialize-after-q01-filter -> materialize-after-q01-aggregate -> fused,0,4,materialize-after-q01-filter,2026-07-20T00:18:17.679209+00:00,1832.1537,5796.875,4,sha256:ab3b13799ec3636d8a5c66bcd945b280ddae47a204a010371cf66c3445f7dbd4
25,tpch-q1-block-025,materialize-after-q01-filter -> materialize-after-q01-aggregate -> fused,1,0,materialize-after-q01-aggregate,2026-07-20T00:18:19.511657+00:00,793.548,2484.375,4,sha256:ab3b13799ec3636d8a5c66bcd945b280ddae47a204a010371cf66c3445f7dbd4
25,tpch-q1-block-025,materialize-after-q01-filter -> materialize-after-q01-aggregate -> fused,1,1,materialize-after-q01-aggregate,2026-07-20T00:18:20.304887+00:00,823.1718,2671.875,4,sha256:ab3b13799ec3636d8a5c66bcd945b280ddae47a204a010371cf66c3445f7dbd4
25,tpch-q1-block-025,materialize-after-q01-filter -> materialize-after-q01-aggregate -> fused,1,2,materialize-after-q01-aggregate,2026-07-20T00:18:21.127967+00:00,975.2399,2734.375,4,sha256:ab3b13799ec3636d8a5c66bcd945b280ddae47a204a010371cf66c3445f7dbd4
25,tpch-q1-block-025,materialize-after-q01-filter -> materialize-after-q01-aggregate -> fused,1,3,materialize-after-q01-aggregate,2026-07-20T00:18:22.103283+00:00,817.5692,2734.375,4,sha256:ab3b13799ec3636d8a5c66bcd945b280ddae47a204a010371cf66c3445f7dbd4
25,tpch-q1-block-025,materialize-after-q01-filter -> materialize-after-q01-aggregate -> fused,1,4,materialize-after-q01-aggregate,2026-07-20T00:18:22.921408+00:00,835.2248,2625.0,4,sha256:ab3b13799ec3636d8a5c66bcd945b280ddae47a204a010371cf66c3445f7dbd4
25,tpch-q1-block-025,materialize-after-q01-filter -> materialize-after-q01-aggregate -> fused,2,0,fused,2026-07-20T00:18:23.756869+00:00,748.9315,2578.125,4,sha256:ab3b13799ec3636d8a5c66bcd945b280ddae47a204a010371cf66c3445f7dbd4
25,tpch-q1-block-025,materialize-after-q01-filter -> materialize-after-q01-aggregate -> fused,2,1,fused,2026-07-20T00:18:24.505080+00:00,698.0372,2640.625,4,sha256:ab3b13799ec3636d8a5c66bcd945b280ddae47a204a010371cf66c3445f7dbd4
25,tpch-q1-block-025,materialize-after-q01-filter -> materialize-after-q01-aggregate -> fused,2,2,fused,2026-07-20T00:18:25.203576+00:00,597.0461,2218.75,4,sha256:ab3b13799ec3636d8a5c66bcd945b280ddae47a204a010371cf66c3445f7dbd4
25,tpch-q1-block-025,materialize-after-q01-filter -> materialize-after-q01-aggregate -> fused,2,3,fused,2026-07-20T00:18:25.800603+00:00,675.921,2359.375,4,sha256:ab3b13799ec3636d8a5c66bcd945b280ddae47a204a010371cf66c3445f7dbd4
25,tpch-q1-block-025,materialize-after-q01-filter -> materialize-after-q01-aggregate -> fused,2,4,fused,2026-07-20T00:18:26.476199+00:00,753.532,2593.75,4,sha256:ab3b13799ec3636d8a5c66bcd945b280ddae47a204a010371cf66c3445f7dbd4
26,tpch-q1-block-026,fused -> materialize-after-q01-filter -> materialize-after-q01-aggregate,0,0,fused,2026-07-20T00:18:27.233392+00:00,782.8608,2546.875,4,sha256:ab3b13799ec3636d8a5c66bcd945b280ddae47a204a010371cf66c3445f7dbd4
26,tpch-q1-block-026,fused -> materialize-after-q01-filter -> materialize-after-q01-aggregate,0,1,fused,2026-07-20T00:18:28.016900+00:00,746.1736,2671.875,4,sha256:ab3b13799ec3636d8a5c66bcd945b280ddae47a204a010371cf66c3445f7dbd4
26,tpch-q1-block-026,fused -> materialize-after-q01-filter -> materialize-after-q01-aggregate,0,2,fused,2026-07-20T00:18:28.762756+00:00,708.6875,2750.0,4,sha256:ab3b13799ec3636d8a5c66bcd945b280ddae47a204a010371cf66c3445f7dbd4
26,tpch-q1-block-026,fused -> materialize-after-q01-filter -> materialize-after-q01-aggregate,0,3,fused,2026-07-20T00:18:29.471345+00:00,699.6833,2625.0,4,sha256:ab3b13799ec3636d8a5c66bcd945b280ddae47a204a010371cf66c3445f7dbd4
26,tpch-q1-block-026,fused -> materialize-after-q01-filter -> materialize-after-q01-aggregate,0,4,fused,2026-07-20T00:18:30.171342+00:00,691.6327,2468.75,4,sha256:ab3b13799ec3636d8a5c66bcd945b280ddae47a204a010371cf66c3445f7dbd4
26,tpch-q1-block-026,fused -> materialize-after-q01-filter -> materialize-after-q01-aggregate,1,0,materialize-after-q01-filter,2026-07-20T00:18:30.862491+00:00,1747.6832,5828.125,4,sha256:ab3b13799ec3636d8a5c66bcd945b280ddae47a204a010371cf66c3445f7dbd4
26,tpch-q1-block-026,fused -> materialize-after-q01-filter -> materialize-after-q01-aggregate,1,1,materialize-after-q01-filter,2026-07-20T00:18:32.610358+00:00,1528.7255,5500.0,4,sha256:ab3b13799ec3636d8a5c66bcd945b280ddae47a204a010371cf66c3445f7dbd4
26,tpch-q1-block-026,fused -> materialize-after-q01-filter -> materialize-after-q01-aggregate,1,2,materialize-after-q01-filter,2026-07-20T00:18:34.139714+00:00,1370.4832,4890.625,4,sha256:ab3b13799ec3636d8a5c66bcd945b280ddae47a204a010371cf66c3445f7dbd4
26,tpch-q1-block-026,fused -> materialize-after-q01-filter -> materialize-after-q01-aggregate,1,3,materialize-after-q01-filter,2026-07-20T00:18:35.510071+00:00,1509.7525,5234.375,4,sha256:ab3b13799ec3636d8a5c66bcd945b280ddae47a204a010371cf66c3445f7dbd4
26,tpch-q1-block-026,fused -> materialize-after-q01-filter -> materialize-after-q01-aggregate,1,4,materialize-after-q01-filter,2026-07-20T00:18:37.020089+00:00,1684.321,5375.0,4,sha256:ab3b13799ec3636d8a5c66bcd945b280ddae47a204a010371cf66c3445f7dbd4
26,tpch-q1-block-026,fused -> materialize-after-q01-filter -> materialize-after-q01-aggregate,2,0,materialize-after-q01-aggregate,2026-07-20T00:18:38.703858+00:00,689.4109,2453.125,4,sha256:ab3b13799ec3636d8a5c66bcd945b280ddae47a204a010371cf66c3445f7dbd4
26,tpch-q1-block-026,fused -> materialize-after-q01-filter -> materialize-after-q01-aggregate,2,1,materialize-after-q01-aggregate,2026-07-20T00:18:39.394193+00:00,653.8658,2328.125,4,sha256:ab3b13799ec3636d8a5c66bcd945b280ddae47a204a010371cf66c3445f7dbd4
26,tpch-q1-block-026,fused -> materialize-after-q01-filter -> materialize-after-q01-aggregate,2,2,materialize-after-q01-aggregate,2026-07-20T00:18:40.047858+00:00,671.5983,2203.125,4,sha256:ab3b13799ec3636d8a5c66bcd945b280ddae47a204a010371cf66c3445f7dbd4
26,tpch-q1-block-026,fused -> materialize-after-q01-filter -> materialize-after-q01-aggregate,2,3,materialize-after-q01-aggregate,2026-07-20T00:18:40.719177+00:00,744.2919,2281.25,4,sha256:ab3b13799ec3636d8a5c66bcd945b280ddae47a204a010371cf66c3445f7dbd4
26,tpch-q1-block-026,fused -> materialize-after-q01-filter -> materialize-after-q01-aggregate,2,4,materialize-after-q01-aggregate,2026-07-20T00:18:41.463270+00:00,849.6076,2437.5,4,sha256:ab3b13799ec3636d8a5c66bcd945b280ddae47a204a010371cf66c3445f7dbd4
27,tpch-q1-block-027,fused -> materialize-after-q01-aggregate -> materialize-after-q01-filter,0,0,fused,2026-07-20T00:18:42.316322+00:00,878.8122,2687.5,4,sha256:ab3b13799ec3636d8a5c66bcd945b280ddae47a204a010371cf66c3445f7dbd4
27,tpch-q1-block-027,fused -> materialize-after-q01-aggregate -> materialize-after-q01-filter,0,1,fused,2026-07-20T00:18:43.195332+00:00,934.4049,2625.0,4,sha256:ab3b13799ec3636d8a5c66bcd945b280ddae47a204a010371cf66c3445f7dbd4
27,tpch-q1-block-027,fused -> materialize-after-q01-aggregate -> materialize-after-q01-filter,0,2,fused,2026-07-20T00:18:44.129137+00:00,840.0961,2734.375,4,sha256:ab3b13799ec3636d8a5c66bcd945b280ddae47a204a010371cf66c3445f7dbd4
27,tpch-q1-block-027,fused -> materialize-after-q01-aggregate -> materialize-after-q01-filter,0,3,fused,2026-07-20T00:18:44.969234+00:00,859.9327,2750.0,4,sha256:ab3b13799ec3636d8a5c66bcd945b280ddae47a204a010371cf66c3445f7dbd4
27,tpch-q1-block-027,fused -> materialize-after-q01-aggregate -> materialize-after-q01-filter,0,4,fused,2026-07-20T00:18:45.829552+00:00,894.1076,2546.875,4,sha256:ab3b13799ec3636d8a5c66bcd945b280ddae47a204a010371cf66c3445f7dbd4
27,tpch-q1-block-027,fused -> materialize-after-q01-aggregate -> materialize-after-q01-filter,1,0,materialize-after-q01-aggregate,2026-07-20T00:18:46.724122+00:00,834.166,2656.25,4,sha256:ab3b13799ec3636d8a5c66bcd945b280ddae47a204a010371cf66c3445f7dbd4
27,tpch-q1-block-027,fused -> materialize-after-q01-aggregate -> materialize-after-q01-filter,1,1,materialize-after-q01-aggregate,2026-07-20T00:18:47.557725+00:00,817.1354,2546.875,4,sha256:ab3b13799ec3636d8a5c66bcd945b280ddae47a204a010371cf66c3445f7dbd4
27,tpch-q1-block-027,fused -> materialize-after-q01-aggregate -> materialize-after-q01-filter,1,2,materialize-after-q01-aggregate,2026-07-20T00:18:48.375044+00:00,729.6836,2656.25,4,sha256:ab3b13799ec3636d8a5c66bcd945b280ddae47a204a010371cf66c3445f7dbd4
27,tpch-q1-block-027,fused -> materialize-after-q01-aggregate -> materialize-after-q01-filter,1,3,materialize-after-q01-aggregate,2026-07-20T00:18:49.105056+00:00,719.0146,2578.125,4,sha256:ab3b13799ec3636d8a5c66bcd945b280ddae47a204a010371cf66c3445f7dbd4
27,tpch-q1-block-027,fused -> materialize-after-q01-aggregate -> materialize-after-q01-filter,1,4,materialize-after-q01-aggregate,2026-07-20T00:18:49.823786+00:00,703.4787,2406.25,4,sha256:ab3b13799ec3636d8a5c66bcd945b280ddae47a204a010371cf66c3445f7dbd4
27,tpch-q1-block-027,fused -> materialize-after-q01-aggregate -> materialize-after-q01-filter,2,0,materialize-after-q01-filter,2026-07-20T00:18:50.527164+00:00,1557.9605,5390.625,4,sha256:ab3b13799ec3636d8a5c66bcd945b280ddae47a204a010371cf66c3445f7dbd4
27,tpch-q1-block-027,fused -> materialize-after-q01-aggregate -> materialize-after-q01-filter,2,1,materialize-after-q01-filter,2026-07-20T00:18:52.085837+00:00,1646.5983,5421.875,4,sha256:ab3b13799ec3636d8a5c66bcd945b280ddae47a204a010371cf66c3445f7dbd4
27,tpch-q1-block-027,fused -> materialize-after-q01-aggregate -> materialize-after-q01-filter,2,2,materialize-after-q01-filter,2026-07-20T00:18:53.732054+00:00,1402.3943,5140.625,4,sha256:ab3b13799ec3636d8a5c66bcd945b280ddae47a204a010371cf66c3445f7dbd4
27,tpch-q1-block-027,fused -> materialize-after-q01-aggregate -> materialize-after-q01-filter,2,3,materialize-after-q01-filter,2026-07-20T00:18:55.135019+00:00,1316.5603,4734.375,4,sha256:ab3b13799ec3636d8a5c66bcd945b280ddae47a204a010371cf66c3445f7dbd4
27,tpch-q1-block-027,fused -> materialize-after-q01-aggregate -> materialize-after-q01-filter,2,4,materialize-after-q01-filter,2026-07-20T00:18:56.452171+00:00,1684.7913,5421.875,4,sha256:ab3b13799ec3636d8a5c66bcd945b280ddae47a204a010371cf66c3445f7dbd4
28,tpch-q1-block-028,materialize-after-q01-filter -> fused -> materialize-after-q01-aggregate,0,0,materialize-after-q01-filter,2026-07-20T00:18:58.140078+00:00,1624.3433,5609.375,4,sha256:ab3b13799ec3636d8a5c66bcd945b280ddae47a204a010371cf66c3445f7dbd4
28,tpch-q1-block-028,materialize-after-q01-filter -> fused -> materialize-after-q01-aggregate,0,1,materialize-after-q01-filter,2026-07-20T00:18:59.763905+00:00,1516.3281,5390.625,4,sha256:ab3b13799ec3636d8a5c66bcd945b280ddae47a204a010371cf66c3445f7dbd4
28,tpch-q1-block-028,materialize-after-q01-filter -> fused -> materialize-after-q01-aggregate,0,2,materialize-after-q01-filter,2026-07-20T00:19:01.280030+00:00,1639.4163,5515.625,4,sha256:ab3b13799ec3636d8a5c66bcd945b280ddae47a204a010371cf66c3445f7dbd4
28,tpch-q1-block-028,materialize-after-q01-filter -> fused -> materialize-after-q01-aggregate,0,3,materialize-after-q01-filter,2026-07-20T00:19:02.920468+00:00,1544.0679,5281.25,4,sha256:ab3b13799ec3636d8a5c66bcd945b280ddae47a204a010371cf66c3445f7dbd4
28,tpch-q1-block-028,materialize-after-q01-filter -> fused -> materialize-after-q01-aggregate,0,4,materialize-after-q01-filter,2026-07-20T00:19:04.464420+00:00,1382.3183,4921.875,4,sha256:ab3b13799ec3636d8a5c66bcd945b280ddae47a204a010371cf66c3445f7dbd4
28,tpch-q1-block-028,materialize-after-q01-filter -> fused -> materialize-after-q01-aggregate,1,0,fused,2026-07-20T00:19:05.846311+00:00,771.9888,2656.25,4,sha256:ab3b13799ec3636d8a5c66bcd945b280ddae47a204a010371cf66c3445f7dbd4
28,tpch-q1-block-028,materialize-after-q01-filter -> fused -> materialize-after-q01-aggregate,1,1,fused,2026-07-20T00:19:06.618126+00:00,715.5036,2609.375,4,sha256:ab3b13799ec3636d8a5c66bcd945b280ddae47a204a010371cf66c3445f7dbd4
28,tpch-q1-block-028,materialize-after-q01-filter -> fused -> materialize-after-q01-aggregate,1,2,fused,2026-07-20T00:19:07.334465+00:00,806.7075,2703.125,4,sha256:ab3b13799ec3636d8a5c66bcd945b280ddae47a204a010371cf66c3445f7dbd4
28,tpch-q1-block-028,materialize-after-q01-filter -> fused -> materialize-after-q01-aggregate,1,3,fused,2026-07-20T00:19:08.140944+00:00,732.7322,2828.125,4,sha256:ab3b13799ec3636d8a5c66bcd945b280ddae47a204a010371cf66c3445f7dbd4
28,tpch-q1-block-028,materialize-after-q01-filter -> fused -> materialize-after-q01-aggregate,1,4,fused,2026-07-20T00:19:08.873298+00:00,987.0287,2703.125,4,sha256:ab3b13799ec3636d8a5c66bcd945b280ddae47a204a010371cf66c3445f7dbd4
28,tpch-q1-block-028,materialize-after-q01-filter -> fused -> materialize-after-q01-aggregate,2,0,materialize-after-q01-aggregate,2026-07-20T00:19:09.861229+00:00,874.9569,2671.875,4,sha256:ab3b13799ec3636d8a5c66bcd945b280ddae47a204a010371cf66c3445f7dbd4
28,tpch-q1-block-028,materialize-after-q01-filter -> fused -> materialize-after-q01-aggregate,2,1,materialize-after-q01-aggregate,2026-07-20T00:19:10.735865+00:00,862.9898,2734.375,4,sha256:ab3b13799ec3636d8a5c66bcd945b280ddae47a204a010371cf66c3445f7dbd4
28,tpch-q1-block-028,materialize-after-q01-filter -> fused -> materialize-after-q01-aggregate,2,2,materialize-after-q01-aggregate,2026-07-20T00:19:11.598990+00:00,957.5459,2562.5,4,sha256:ab3b13799ec3636d8a5c66bcd945b280ddae47a204a010371cf66c3445f7dbd4
28,tpch-q1-block-028,materialize-after-q01-filter -> fused -> materialize-after-q01-aggregate,2,3,materialize-after-q01-aggregate,2026-07-20T00:19:12.556021+00:00,952.9161,2687.5,4,sha256:ab3b13799ec3636d8a5c66bcd945b280ddae47a204a010371cf66c3445f7dbd4
28,tpch-q1-block-028,materialize-after-q01-filter -> fused -> materialize-after-q01-aggregate,2,4,materialize-after-q01-aggregate,2026-07-20T00:19:13.509708+00:00,1123.9442,2531.25,4,sha256:ab3b13799ec3636d8a5c66bcd945b280ddae47a204a010371cf66c3445f7dbd4
29,tpch-q1-block-029,materialize-after-q01-aggregate -> materialize-after-q01-filter -> fused,0,0,materialize-after-q01-aggregate,2026-07-20T00:19:14.636416+00:00,895.9974,2656.25,4,sha256:ab3b13799ec3636d8a5c66bcd945b280ddae47a204a010371cf66c3445f7dbd4
29,tpch-q1-block-029,materialize-after-q01-aggregate -> materialize-after-q01-filter -> fused,0,1,materialize-after-q01-aggregate,2026-07-20T00:19:15.532422+00:00,882.1866,2562.5,4,sha256:ab3b13799ec3636d8a5c66bcd945b280ddae47a204a010371cf66c3445f7dbd4
29,tpch-q1-block-029,materialize-after-q01-aggregate -> materialize-after-q01-filter -> fused,0,2,materialize-after-q01-aggregate,2026-07-20T00:19:16.415390+00:00,920.7564,2750.0,4,sha256:ab3b13799ec3636d8a5c66bcd945b280ddae47a204a010371cf66c3445f7dbd4
29,tpch-q1-block-029,materialize-after-q01-aggregate -> materialize-after-q01-filter -> fused,0,3,materialize-after-q01-aggregate,2026-07-20T00:19:17.335386+00:00,773.7693,2750.0,4,sha256:ab3b13799ec3636d8a5c66bcd945b280ddae47a204a010371cf66c3445f7dbd4
29,tpch-q1-block-029,materialize-after-q01-aggregate -> materialize-after-q01-filter -> fused,0,4,materialize-after-q01-aggregate,2026-07-20T00:19:18.109644+00:00,791.9167,2671.875,4,sha256:ab3b13799ec3636d8a5c66bcd945b280ddae47a204a010371cf66c3445f7dbd4
29,tpch-q1-block-029,materialize-after-q01-aggregate -> materialize-after-q01-filter -> fused,1,0,materialize-after-q01-filter,2026-07-20T00:19:18.901531+00:00,1543.9587,5687.5,4,sha256:ab3b13799ec3636d8a5c66bcd945b280ddae47a204a010371cf66c3445f7dbd4
29,tpch-q1-block-029,materialize-after-q01-aggregate -> materialize-after-q01-filter -> fused,1,1,materialize-after-q01-filter,2026-07-20T00:19:20.445272+00:00,1515.2697,5234.375,4,sha256:ab3b13799ec3636d8a5c66bcd945b280ddae47a204a010371cf66c3445f7dbd4
29,tpch-q1-block-029,materialize-after-q01-aggregate -> materialize-after-q01-filter -> fused,1,2,materialize-after-q01-filter,2026-07-20T00:19:21.960794+00:00,1615.9636,5421.875,4,sha256:ab3b13799ec3636d8a5c66bcd945b280ddae47a204a010371cf66c3445f7dbd4
29,tpch-q1-block-029,materialize-after-q01-aggregate -> materialize-after-q01-filter -> fused,1,3,materialize-after-q01-filter,2026-07-20T00:19:23.576780+00:00,1489.3291,5484.375,4,sha256:ab3b13799ec3636d8a5c66bcd945b280ddae47a204a010371cf66c3445f7dbd4
29,tpch-q1-block-029,materialize-after-q01-aggregate -> materialize-after-q01-filter -> fused,1,4,materialize-after-q01-filter,2026-07-20T00:19:25.066174+00:00,1346.186,4718.75,4,sha256:ab3b13799ec3636d8a5c66bcd945b280ddae47a204a010371cf66c3445f7dbd4
29,tpch-q1-block-029,materialize-after-q01-aggregate -> materialize-after-q01-filter -> fused,2,0,fused,2026-07-20T00:19:26.413186+00:00,683.0329,2250.0,4,sha256:ab3b13799ec3636d8a5c66bcd945b280ddae47a204a010371cf66c3445f7dbd4
29,tpch-q1-block-029,materialize-after-q01-aggregate -> materialize-after-q01-filter -> fused,2,1,fused,2026-07-20T00:19:27.095705+00:00,770.9691,2703.125,4,sha256:ab3b13799ec3636d8a5c66bcd945b280ddae47a204a010371cf66c3445f7dbd4
29,tpch-q1-block-029,materialize-after-q01-aggregate -> materialize-after-q01-filter -> fused,2,2,fused,2026-07-20T00:19:27.866331+00:00,782.3898,2578.125,4,sha256:ab3b13799ec3636d8a5c66bcd945b280ddae47a204a010371cf66c3445f7dbd4
29,tpch-q1-block-029,materialize-after-q01-aggregate -> materialize-after-q01-filter -> fused,2,3,fused,2026-07-20T00:19:28.649435+00:00,730.3208,2640.625,4,sha256:ab3b13799ec3636d8a5c66bcd945b280ddae47a204a010371cf66c3445f7dbd4
29,tpch-q1-block-029,materialize-after-q01-aggregate -> materialize-after-q01-filter -> fused,2,4,fused,2026-07-20T00:19:29.379359+00:00,731.3563,2703.125,4,sha256:ab3b13799ec3636d8a5c66bcd945b280ddae47a204a010371cf66c3445f7dbd4
