unit_id,benchmark,identifier_width,match_rate,row_count,seed,matched_rows,component,operator_index,operator_name,profile_runs,median_operator_timing_ms,p95_operator_timing_ms,min_operator_timing_ms,max_operator_timing_ms,actual_cardinality,rows_scanned,physical_plan_fingerprint
mask_fragment-n100000-w128-m0900-s1111,mask_fragment,128,0.9,100000,1111,90000,early_mask_fragment,0,EXPLAIN_ANALYZE,3,0.0003,0.0003,0.00019999999999999998,0.0003,0,0,sha256:1a43e0ddf8cc02438cc76d27ba1cce86da34109d2e43dcc8ed7c9d581b95b39d
mask_fragment-n100000-w128-m0900-s1111,mask_fragment,128,0.9,100000,1111,90000,early_mask_fragment,1,BATCH_CREATE_TABLE_AS,3,15.771599999999996,17.265800000000006,15.200100000000006,17.265800000000006,1,0,sha256:1a43e0ddf8cc02438cc76d27ba1cce86da34109d2e43dcc8ed7c9d581b95b39d
mask_fragment-n100000-w128-m0900-s1111,mask_fragment,128,0.9,100000,1111,90000,early_mask_fragment,2,CTE,3,14.121099999999998,16.719499999999996,12.997899999999998,16.719499999999996,0,0,sha256:1a43e0ddf8cc02438cc76d27ba1cce86da34109d2e43dcc8ed7c9d581b95b39d
mask_fragment-n100000-w128-m0900-s1111,mask_fragment,128,0.9,100000,1111,90000,early_mask_fragment,3,PROJECTION,3,311.8997999999999,340.65280000000007,278.53119999999996,340.65280000000007,100000,0,sha256:1a43e0ddf8cc02438cc76d27ba1cce86da34109d2e43dcc8ed7c9d581b95b39d
mask_fragment-n100000-w128-m0900-s1111,mask_fragment,128,0.9,100000,1111,90000,early_mask_fragment,4,SEQ_SCAN,3,5.619199999999998,5.843099999999999,4.8153000000000015,5.843099999999999,100000,100000,sha256:1a43e0ddf8cc02438cc76d27ba1cce86da34109d2e43dcc8ed7c9d581b95b39d
mask_fragment-n100000-w128-m0900-s1111,mask_fragment,128,0.9,100000,1111,90000,early_mask_fragment,5,PROJECTION,3,0.5005999999999998,0.5295,0.41480000000000006,0.5295,90000,0,sha256:1a43e0ddf8cc02438cc76d27ba1cce86da34109d2e43dcc8ed7c9d581b95b39d
mask_fragment-n100000-w128-m0900-s1111,mask_fragment,128,0.9,100000,1111,90000,early_mask_fragment,6,ORDER_BY,3,95.5992,114.0092,77.69299999999998,114.0092,90000,0,sha256:1a43e0ddf8cc02438cc76d27ba1cce86da34109d2e43dcc8ed7c9d581b95b39d
mask_fragment-n100000-w128-m0900-s1111,mask_fragment,128,0.9,100000,1111,90000,early_mask_fragment,7,PROJECTION,3,0.27940000000000004,0.5359,0.23450000000000001,0.5359,90000,0,sha256:1a43e0ddf8cc02438cc76d27ba1cce86da34109d2e43dcc8ed7c9d581b95b39d
mask_fragment-n100000-w128-m0900-s1111,mask_fragment,128,0.9,100000,1111,90000,early_mask_fragment,8,HASH_JOIN,3,7.794,14.580400000000001,7.7906,14.580400000000001,90000,0,sha256:1a43e0ddf8cc02438cc76d27ba1cce86da34109d2e43dcc8ed7c9d581b95b39d
mask_fragment-n100000-w128-m0900-s1111,mask_fragment,128,0.9,100000,1111,90000,early_mask_fragment,9,CTE_SCAN,3,0.5105999999999999,0.662,0.25379999999999997,0.662,100000,0,sha256:1a43e0ddf8cc02438cc76d27ba1cce86da34109d2e43dcc8ed7c9d581b95b39d
mask_fragment-n100000-w128-m0900-s1111,mask_fragment,128,0.9,100000,1111,90000,early_mask_fragment,10,SEQ_SCAN,3,0.041999999999999996,0.2332,0.0366,0.2332,10000,10000,sha256:1a43e0ddf8cc02438cc76d27ba1cce86da34109d2e43dcc8ed7c9d581b95b39d
mask_fragment-n100000-w128-m0900-s1111,mask_fragment,128,0.9,100000,1111,90000,late_mask_fragment,0,EXPLAIN_ANALYZE,3,0.0003,0.0006,0.0003,0.0006,0,0,sha256:18bd7fb3b6d02ff88c53bf4a74124c631590d7e276f031a9034dc7f9cb857902
mask_fragment-n100000-w128-m0900-s1111,mask_fragment,128,0.9,100000,1111,90000,late_mask_fragment,1,BATCH_CREATE_TABLE_AS,3,16.2459,16.9456,15.9434,16.9456,1,0,sha256:18bd7fb3b6d02ff88c53bf4a74124c631590d7e276f031a9034dc7f9cb857902
mask_fragment-n100000-w128-m0900-s1111,mask_fragment,128,0.9,100000,1111,90000,late_mask_fragment,2,PROJECTION,3,0.6617000000000001,0.8807000000000001,0.6113,0.8807000000000001,90000,0,sha256:18bd7fb3b6d02ff88c53bf4a74124c631590d7e276f031a9034dc7f9cb857902
mask_fragment-n100000-w128-m0900-s1111,mask_fragment,128,0.9,100000,1111,90000,late_mask_fragment,3,ORDER_BY,3,79.381,81.8248,75.4725,81.8248,90000,0,sha256:18bd7fb3b6d02ff88c53bf4a74124c631590d7e276f031a9034dc7f9cb857902
mask_fragment-n100000-w128-m0900-s1111,mask_fragment,128,0.9,100000,1111,90000,late_mask_fragment,4,PROJECTION,3,3.7703,5.2019,2.6146,5.2019,90000,0,sha256:18bd7fb3b6d02ff88c53bf4a74124c631590d7e276f031a9034dc7f9cb857902
mask_fragment-n100000-w128-m0900-s1111,mask_fragment,128,0.9,100000,1111,90000,late_mask_fragment,5,PROJECTION,3,345.98990000000003,371.9675000000002,340.52779999999996,371.9675000000002,90000,0,sha256:18bd7fb3b6d02ff88c53bf4a74124c631590d7e276f031a9034dc7f9cb857902
mask_fragment-n100000-w128-m0900-s1111,mask_fragment,128,0.9,100000,1111,90000,late_mask_fragment,6,HASH_JOIN,3,2.3022000000000005,3.1411000000000002,2.0955000000000004,3.1411000000000002,90000,0,sha256:18bd7fb3b6d02ff88c53bf4a74124c631590d7e276f031a9034dc7f9cb857902
mask_fragment-n100000-w128-m0900-s1111,mask_fragment,128,0.9,100000,1111,90000,late_mask_fragment,7,SEQ_SCAN,3,7.862100000000001,8.026399999999997,7.2493,8.026399999999997,90000,100000,sha256:18bd7fb3b6d02ff88c53bf4a74124c631590d7e276f031a9034dc7f9cb857902
mask_fragment-n100000-w128-m0900-s1111,mask_fragment,128,0.9,100000,1111,90000,late_mask_fragment,8,SEQ_SCAN,3,0.0741,0.16910000000000006,0.0473,0.16910000000000006,10000,10000,sha256:18bd7fb3b6d02ff88c53bf4a74124c631590d7e276f031a9034dc7f9cb857902
mask_fragment-n100000-w128-m0900-s1222,mask_fragment,128,0.9,100000,1222,90000,early_mask_fragment,0,EXPLAIN_ANALYZE,3,0.00019999999999999998,0.0009,0.00019999999999999998,0.0009,0,0,sha256:1a43e0ddf8cc02438cc76d27ba1cce86da34109d2e43dcc8ed7c9d581b95b39d
mask_fragment-n100000-w128-m0900-s1222,mask_fragment,128,0.9,100000,1222,90000,early_mask_fragment,1,BATCH_CREATE_TABLE_AS,3,14.731000000000002,15.097799999999994,12.3016,15.097799999999994,1,0,sha256:1a43e0ddf8cc02438cc76d27ba1cce86da34109d2e43dcc8ed7c9d581b95b39d
mask_fragment-n100000-w128-m0900-s1222,mask_fragment,128,0.9,100000,1222,90000,early_mask_fragment,2,CTE,3,12.4275,15.106799999999996,8.869200000000001,15.106799999999996,0,0,sha256:1a43e0ddf8cc02438cc76d27ba1cce86da34109d2e43dcc8ed7c9d581b95b39d
mask_fragment-n100000-w128-m0900-s1222,mask_fragment,128,0.9,100000,1222,90000,early_mask_fragment,3,PROJECTION,3,357.1322,367.07510000000013,333.84810000000004,367.07510000000013,100000,0,sha256:1a43e0ddf8cc02438cc76d27ba1cce86da34109d2e43dcc8ed7c9d581b95b39d
mask_fragment-n100000-w128-m0900-s1222,mask_fragment,128,0.9,100000,1222,90000,early_mask_fragment,4,SEQ_SCAN,3,6.205799999999999,8.310200000000002,5.189099999999999,8.310200000000002,100000,100000,sha256:1a43e0ddf8cc02438cc76d27ba1cce86da34109d2e43dcc8ed7c9d581b95b39d
mask_fragment-n100000-w128-m0900-s1222,mask_fragment,128,0.9,100000,1222,90000,early_mask_fragment,5,PROJECTION,3,0.46180000000000004,0.5515,0.4176,0.5515,90000,0,sha256:1a43e0ddf8cc02438cc76d27ba1cce86da34109d2e43dcc8ed7c9d581b95b39d
mask_fragment-n100000-w128-m0900-s1222,mask_fragment,128,0.9,100000,1222,90000,early_mask_fragment,6,ORDER_BY,3,76.1919,77.74610000000001,69.34670000000001,77.74610000000001,90000,0,sha256:1a43e0ddf8cc02438cc76d27ba1cce86da34109d2e43dcc8ed7c9d581b95b39d
mask_fragment-n100000-w128-m0900-s1222,mask_fragment,128,0.9,100000,1222,90000,early_mask_fragment,7,PROJECTION,3,0.23340000000000002,0.8018000000000001,0.2236,0.8018000000000001,90000,0,sha256:1a43e0ddf8cc02438cc76d27ba1cce86da34109d2e43dcc8ed7c9d581b95b39d
mask_fragment-n100000-w128-m0900-s1222,mask_fragment,128,0.9,100000,1222,90000,early_mask_fragment,8,HASH_JOIN,3,6.0462,8.0452,5.0267,8.0452,90000,0,sha256:1a43e0ddf8cc02438cc76d27ba1cce86da34109d2e43dcc8ed7c9d581b95b39d
mask_fragment-n100000-w128-m0900-s1222,mask_fragment,128,0.9,100000,1222,90000,early_mask_fragment,9,CTE_SCAN,3,0.2942,0.47880000000000006,0.29239999999999994,0.47880000000000006,100000,0,sha256:1a43e0ddf8cc02438cc76d27ba1cce86da34109d2e43dcc8ed7c9d581b95b39d
mask_fragment-n100000-w128-m0900-s1222,mask_fragment,128,0.9,100000,1222,90000,early_mask_fragment,10,SEQ_SCAN,3,0.0337,0.1883,0.027800000000000005,0.1883,10000,10000,sha256:1a43e0ddf8cc02438cc76d27ba1cce86da34109d2e43dcc8ed7c9d581b95b39d
mask_fragment-n100000-w128-m0900-s1222,mask_fragment,128,0.9,100000,1222,90000,late_mask_fragment,0,EXPLAIN_ANALYZE,3,0.00039999999999999996,0.0006,0.0003,0.0006,0,0,sha256:18bd7fb3b6d02ff88c53bf4a74124c631590d7e276f031a9034dc7f9cb857902
mask_fragment-n100000-w128-m0900-s1222,mask_fragment,128,0.9,100000,1222,90000,late_mask_fragment,1,BATCH_CREATE_TABLE_AS,3,12.157499999999999,16.032899999999998,12.141200000000001,16.032899999999998,1,0,sha256:18bd7fb3b6d02ff88c53bf4a74124c631590d7e276f031a9034dc7f9cb857902
mask_fragment-n100000-w128-m0900-s1222,mask_fragment,128,0.9,100000,1222,90000,late_mask_fragment,2,PROJECTION,3,0.7385999999999997,0.7869999999999999,0.6868,0.7869999999999999,90000,0,sha256:18bd7fb3b6d02ff88c53bf4a74124c631590d7e276f031a9034dc7f9cb857902
mask_fragment-n100000-w128-m0900-s1222,mask_fragment,128,0.9,100000,1222,90000,late_mask_fragment,3,ORDER_BY,3,74.24670000000002,79.8844,71.3985,79.8844,90000,0,sha256:18bd7fb3b6d02ff88c53bf4a74124c631590d7e276f031a9034dc7f9cb857902
mask_fragment-n100000-w128-m0900-s1222,mask_fragment,128,0.9,100000,1222,90000,late_mask_fragment,4,PROJECTION,3,3.3023000000000007,4.6977,2.4795000000000007,4.6977,90000,0,sha256:18bd7fb3b6d02ff88c53bf4a74124c631590d7e276f031a9034dc7f9cb857902
mask_fragment-n100000-w128-m0900-s1222,mask_fragment,128,0.9,100000,1222,90000,late_mask_fragment,5,PROJECTION,3,350.2885,390.7175000000001,283.9356,390.7175000000001,90000,0,sha256:18bd7fb3b6d02ff88c53bf4a74124c631590d7e276f031a9034dc7f9cb857902
mask_fragment-n100000-w128-m0900-s1222,mask_fragment,128,0.9,100000,1222,90000,late_mask_fragment,6,HASH_JOIN,3,2.1819,2.2215999999999996,1.5047000000000001,2.2215999999999996,90000,0,sha256:18bd7fb3b6d02ff88c53bf4a74124c631590d7e276f031a9034dc7f9cb857902
mask_fragment-n100000-w128-m0900-s1222,mask_fragment,128,0.9,100000,1222,90000,late_mask_fragment,7,SEQ_SCAN,3,7.320899999999999,7.3626,7.311700000000001,7.3626,90000,100000,sha256:18bd7fb3b6d02ff88c53bf4a74124c631590d7e276f031a9034dc7f9cb857902
mask_fragment-n100000-w128-m0900-s1222,mask_fragment,128,0.9,100000,1222,90000,late_mask_fragment,8,SEQ_SCAN,3,0.0399,0.039999999999999994,0.0335,0.039999999999999994,10000,10000,sha256:18bd7fb3b6d02ff88c53bf4a74124c631590d7e276f031a9034dc7f9cb857902
mask_fragment-n100000-w128-m0900-s1333,mask_fragment,128,0.9,100000,1333,90000,early_mask_fragment,0,EXPLAIN_ANALYZE,3,0.0003,0.0042,0.00019999999999999998,0.0042,0,0,sha256:1a43e0ddf8cc02438cc76d27ba1cce86da34109d2e43dcc8ed7c9d581b95b39d
mask_fragment-n100000-w128-m0900-s1333,mask_fragment,128,0.9,100000,1333,90000,early_mask_fragment,1,BATCH_CREATE_TABLE_AS,3,11.228900000000001,13.608800000000002,11.204100000000002,13.608800000000002,1,0,sha256:1a43e0ddf8cc02438cc76d27ba1cce86da34109d2e43dcc8ed7c9d581b95b39d
mask_fragment-n100000-w128-m0900-s1333,mask_fragment,128,0.9,100000,1333,90000,early_mask_fragment,2,CTE,3,11.5088,16.120099999999997,9.273200000000001,16.120099999999997,0,0,sha256:1a43e0ddf8cc02438cc76d27ba1cce86da34109d2e43dcc8ed7c9d581b95b39d
mask_fragment-n100000-w128-m0900-s1333,mask_fragment,128,0.9,100000,1333,90000,early_mask_fragment,3,PROJECTION,3,348.20770000000005,369.9813000000001,301.43980000000005,369.9813000000001,100000,0,sha256:1a43e0ddf8cc02438cc76d27ba1cce86da34109d2e43dcc8ed7c9d581b95b39d
mask_fragment-n100000-w128-m0900-s1333,mask_fragment,128,0.9,100000,1333,90000,early_mask_fragment,4,SEQ_SCAN,3,5.752999999999999,6.166799999999999,5.474699999999999,6.166799999999999,100000,100000,sha256:1a43e0ddf8cc02438cc76d27ba1cce86da34109d2e43dcc8ed7c9d581b95b39d
mask_fragment-n100000-w128-m0900-s1333,mask_fragment,128,0.9,100000,1333,90000,early_mask_fragment,5,PROJECTION,3,0.33729999999999993,0.4283000000000001,0.32610000000000006,0.4283000000000001,90000,0,sha256:1a43e0ddf8cc02438cc76d27ba1cce86da34109d2e43dcc8ed7c9d581b95b39d
mask_fragment-n100000-w128-m0900-s1333,mask_fragment,128,0.9,100000,1333,90000,early_mask_fragment,6,ORDER_BY,3,67.5204,84.42900000000002,58.888500000000015,84.42900000000002,90000,0,sha256:1a43e0ddf8cc02438cc76d27ba1cce86da34109d2e43dcc8ed7c9d581b95b39d
mask_fragment-n100000-w128-m0900-s1333,mask_fragment,128,0.9,100000,1333,90000,early_mask_fragment,7,PROJECTION,3,0.4097,4.8711,0.2498,4.8711,90000,0,sha256:1a43e0ddf8cc02438cc76d27ba1cce86da34109d2e43dcc8ed7c9d581b95b39d
mask_fragment-n100000-w128-m0900-s1333,mask_fragment,128,0.9,100000,1333,90000,early_mask_fragment,8,HASH_JOIN,3,6.361700000000001,11.4492,6.0107,11.4492,90000,0,sha256:1a43e0ddf8cc02438cc76d27ba1cce86da34109d2e43dcc8ed7c9d581b95b39d
mask_fragment-n100000-w128-m0900-s1333,mask_fragment,128,0.9,100000,1333,90000,early_mask_fragment,9,CTE_SCAN,3,0.37399999999999994,1.7224000000000004,0.2847,1.7224000000000004,100000,0,sha256:1a43e0ddf8cc02438cc76d27ba1cce86da34109d2e43dcc8ed7c9d581b95b39d
mask_fragment-n100000-w128-m0900-s1333,mask_fragment,128,0.9,100000,1333,90000,early_mask_fragment,10,SEQ_SCAN,3,0.07060000000000001,0.0804,0.0337,0.0804,10000,10000,sha256:1a43e0ddf8cc02438cc76d27ba1cce86da34109d2e43dcc8ed7c9d581b95b39d
mask_fragment-n100000-w128-m0900-s1333,mask_fragment,128,0.9,100000,1333,90000,late_mask_fragment,0,EXPLAIN_ANALYZE,3,0.0003,0.00039999999999999996,0.0003,0.00039999999999999996,0,0,sha256:18bd7fb3b6d02ff88c53bf4a74124c631590d7e276f031a9034dc7f9cb857902
mask_fragment-n100000-w128-m0900-s1333,mask_fragment,128,0.9,100000,1333,90000,late_mask_fragment,1,BATCH_CREATE_TABLE_AS,3,11.550600000000001,14.2383,11.188899999999999,14.2383,1,0,sha256:18bd7fb3b6d02ff88c53bf4a74124c631590d7e276f031a9034dc7f9cb857902
mask_fragment-n100000-w128-m0900-s1333,mask_fragment,128,0.9,100000,1333,90000,late_mask_fragment,2,PROJECTION,3,0.6573000000000001,0.6650999999999999,0.6046,0.6650999999999999,90000,0,sha256:18bd7fb3b6d02ff88c53bf4a74124c631590d7e276f031a9034dc7f9cb857902
mask_fragment-n100000-w128-m0900-s1333,mask_fragment,128,0.9,100000,1333,90000,late_mask_fragment,3,ORDER_BY,3,63.022800000000004,65.79019999999998,62.7471,65.79019999999998,90000,0,sha256:18bd7fb3b6d02ff88c53bf4a74124c631590d7e276f031a9034dc7f9cb857902
mask_fragment-n100000-w128-m0900-s1333,mask_fragment,128,0.9,100000,1333,90000,late_mask_fragment,4,PROJECTION,3,2.7664,3.0637,2.1783999999999994,3.0637,90000,0,sha256:18bd7fb3b6d02ff88c53bf4a74124c631590d7e276f031a9034dc7f9cb857902
mask_fragment-n100000-w128-m0900-s1333,mask_fragment,128,0.9,100000,1333,90000,late_mask_fragment,5,PROJECTION,3,336.0503,340.20539999999994,286.276,340.20539999999994,90000,0,sha256:18bd7fb3b6d02ff88c53bf4a74124c631590d7e276f031a9034dc7f9cb857902
mask_fragment-n100000-w128-m0900-s1333,mask_fragment,128,0.9,100000,1333,90000,late_mask_fragment,6,HASH_JOIN,3,1.3268,1.386,1.1824000000000001,1.386,90000,0,sha256:18bd7fb3b6d02ff88c53bf4a74124c631590d7e276f031a9034dc7f9cb857902
mask_fragment-n100000-w128-m0900-s1333,mask_fragment,128,0.9,100000,1333,90000,late_mask_fragment,7,SEQ_SCAN,3,6.120999999999999,6.794300000000002,5.584199999999999,6.794300000000002,90000,100000,sha256:18bd7fb3b6d02ff88c53bf4a74124c631590d7e276f031a9034dc7f9cb857902
mask_fragment-n100000-w128-m0900-s1333,mask_fragment,128,0.9,100000,1333,90000,late_mask_fragment,8,SEQ_SCAN,3,0.029800000000000004,0.0363,0.0248,0.0363,10000,10000,sha256:18bd7fb3b6d02ff88c53bf4a74124c631590d7e276f031a9034dc7f9cb857902
mask_fragment-n100000-w128-m0900-s1444,mask_fragment,128,0.9,100000,1444,90000,early_mask_fragment,0,EXPLAIN_ANALYZE,3,0.00039999999999999996,0.0015,0.0003,0.0015,0,0,sha256:1a43e0ddf8cc02438cc76d27ba1cce86da34109d2e43dcc8ed7c9d581b95b39d
mask_fragment-n100000-w128-m0900-s1444,mask_fragment,128,0.9,100000,1444,90000,early_mask_fragment,1,BATCH_CREATE_TABLE_AS,3,13.502799999999997,14.455599999999999,11.895600000000002,14.455599999999999,1,0,sha256:1a43e0ddf8cc02438cc76d27ba1cce86da34109d2e43dcc8ed7c9d581b95b39d
mask_fragment-n100000-w128-m0900-s1444,mask_fragment,128,0.9,100000,1444,90000,early_mask_fragment,2,CTE,3,11.7196,18.772499999999994,10.0124,18.772499999999994,0,0,sha256:1a43e0ddf8cc02438cc76d27ba1cce86da34109d2e43dcc8ed7c9d581b95b39d
mask_fragment-n100000-w128-m0900-s1444,mask_fragment,128,0.9,100000,1444,90000,early_mask_fragment,3,PROJECTION,3,519.9409,538.3951000000001,494.83140000000003,538.3951000000001,100000,0,sha256:1a43e0ddf8cc02438cc76d27ba1cce86da34109d2e43dcc8ed7c9d581b95b39d
mask_fragment-n100000-w128-m0900-s1444,mask_fragment,128,0.9,100000,1444,90000,early_mask_fragment,4,SEQ_SCAN,3,6.913700000000001,7.7296999999999985,5.777599999999999,7.7296999999999985,100000,100000,sha256:1a43e0ddf8cc02438cc76d27ba1cce86da34109d2e43dcc8ed7c9d581b95b39d
mask_fragment-n100000-w128-m0900-s1444,mask_fragment,128,0.9,100000,1444,90000,early_mask_fragment,5,PROJECTION,3,0.4377999999999999,0.4700999999999999,0.42439999999999983,0.4700999999999999,90000,0,sha256:1a43e0ddf8cc02438cc76d27ba1cce86da34109d2e43dcc8ed7c9d581b95b39d
mask_fragment-n100000-w128-m0900-s1444,mask_fragment,128,0.9,100000,1444,90000,early_mask_fragment,6,ORDER_BY,3,70.75569999999999,93.11460000000001,67.78670000000002,93.11460000000001,90000,0,sha256:1a43e0ddf8cc02438cc76d27ba1cce86da34109d2e43dcc8ed7c9d581b95b39d
mask_fragment-n100000-w128-m0900-s1444,mask_fragment,128,0.9,100000,1444,90000,early_mask_fragment,7,PROJECTION,3,0.41740000000000005,0.5271999999999999,0.2298,0.5271999999999999,90000,0,sha256:1a43e0ddf8cc02438cc76d27ba1cce86da34109d2e43dcc8ed7c9d581b95b39d
mask_fragment-n100000-w128-m0900-s1444,mask_fragment,128,0.9,100000,1444,90000,early_mask_fragment,8,HASH_JOIN,3,7.2965,12.260299999999999,5.144,12.260299999999999,90000,0,sha256:1a43e0ddf8cc02438cc76d27ba1cce86da34109d2e43dcc8ed7c9d581b95b39d
mask_fragment-n100000-w128-m0900-s1444,mask_fragment,128,0.9,100000,1444,90000,early_mask_fragment,9,CTE_SCAN,3,0.30670000000000003,0.7871999999999999,0.2842,0.7871999999999999,100000,0,sha256:1a43e0ddf8cc02438cc76d27ba1cce86da34109d2e43dcc8ed7c9d581b95b39d
mask_fragment-n100000-w128-m0900-s1444,mask_fragment,128,0.9,100000,1444,90000,early_mask_fragment,10,SEQ_SCAN,3,0.0352,0.0672,0.0324,0.0672,10000,10000,sha256:1a43e0ddf8cc02438cc76d27ba1cce86da34109d2e43dcc8ed7c9d581b95b39d
mask_fragment-n100000-w128-m0900-s1444,mask_fragment,128,0.9,100000,1444,90000,late_mask_fragment,0,EXPLAIN_ANALYZE,3,0.0003,0.0007999999999999999,0.0003,0.0007999999999999999,0,0,sha256:18bd7fb3b6d02ff88c53bf4a74124c631590d7e276f031a9034dc7f9cb857902
mask_fragment-n100000-w128-m0900-s1444,mask_fragment,128,0.9,100000,1444,90000,late_mask_fragment,1,BATCH_CREATE_TABLE_AS,3,11.554300000000001,13.2009,11.541500000000001,13.2009,1,0,sha256:18bd7fb3b6d02ff88c53bf4a74124c631590d7e276f031a9034dc7f9cb857902
mask_fragment-n100000-w128-m0900-s1444,mask_fragment,128,0.9,100000,1444,90000,late_mask_fragment,2,PROJECTION,3,0.6199999999999998,0.7621000000000004,0.5635999999999999,0.7621000000000004,90000,0,sha256:18bd7fb3b6d02ff88c53bf4a74124c631590d7e276f031a9034dc7f9cb857902
mask_fragment-n100000-w128-m0900-s1444,mask_fragment,128,0.9,100000,1444,90000,late_mask_fragment,3,ORDER_BY,3,64.30380000000001,65.60659999999997,57.49539999999999,65.60659999999997,90000,0,sha256:18bd7fb3b6d02ff88c53bf4a74124c631590d7e276f031a9034dc7f9cb857902
mask_fragment-n100000-w128-m0900-s1444,mask_fragment,128,0.9,100000,1444,90000,late_mask_fragment,4,PROJECTION,3,2.563400000000001,3.4600999999999997,2.295500000000001,3.4600999999999997,90000,0,sha256:18bd7fb3b6d02ff88c53bf4a74124c631590d7e276f031a9034dc7f9cb857902
mask_fragment-n100000-w128-m0900-s1444,mask_fragment,128,0.9,100000,1444,90000,late_mask_fragment,5,PROJECTION,3,310.04419999999993,396.28889999999996,289.4575,396.28889999999996,90000,0,sha256:18bd7fb3b6d02ff88c53bf4a74124c631590d7e276f031a9034dc7f9cb857902
mask_fragment-n100000-w128-m0900-s1444,mask_fragment,128,0.9,100000,1444,90000,late_mask_fragment,6,HASH_JOIN,3,1.6359000000000004,1.9316,1.5453000000000001,1.9316,90000,0,sha256:18bd7fb3b6d02ff88c53bf4a74124c631590d7e276f031a9034dc7f9cb857902
mask_fragment-n100000-w128-m0900-s1444,mask_fragment,128,0.9,100000,1444,90000,late_mask_fragment,7,SEQ_SCAN,3,7.269700000000001,7.366299999999997,6.807800000000003,7.366299999999997,90000,100000,sha256:18bd7fb3b6d02ff88c53bf4a74124c631590d7e276f031a9034dc7f9cb857902
mask_fragment-n100000-w128-m0900-s1444,mask_fragment,128,0.9,100000,1444,90000,late_mask_fragment,8,SEQ_SCAN,3,0.043699999999999996,0.048499999999999995,0.0303,0.048499999999999995,10000,10000,sha256:18bd7fb3b6d02ff88c53bf4a74124c631590d7e276f031a9034dc7f9cb857902
mask_fragment-n100000-w128-m0900-s1555,mask_fragment,128,0.9,100000,1555,90000,early_mask_fragment,0,EXPLAIN_ANALYZE,3,0.0003,0.0003,0.0003,0.0003,0,0,sha256:1a43e0ddf8cc02438cc76d27ba1cce86da34109d2e43dcc8ed7c9d581b95b39d
mask_fragment-n100000-w128-m0900-s1555,mask_fragment,128,0.9,100000,1555,90000,early_mask_fragment,1,BATCH_CREATE_TABLE_AS,3,14.598,15.889400000000002,11.948200000000002,15.889400000000002,1,0,sha256:1a43e0ddf8cc02438cc76d27ba1cce86da34109d2e43dcc8ed7c9d581b95b39d
mask_fragment-n100000-w128-m0900-s1555,mask_fragment,128,0.9,100000,1555,90000,early_mask_fragment,2,CTE,3,10.92,11.660100000000002,8.2792,11.660100000000002,0,0,sha256:1a43e0ddf8cc02438cc76d27ba1cce86da34109d2e43dcc8ed7c9d581b95b39d
mask_fragment-n100000-w128-m0900-s1555,mask_fragment,128,0.9,100000,1555,90000,early_mask_fragment,3,PROJECTION,3,359.8295,551.2591000000001,305.0844999999999,551.2591000000001,100000,0,sha256:1a43e0ddf8cc02438cc76d27ba1cce86da34109d2e43dcc8ed7c9d581b95b39d
mask_fragment-n100000-w128-m0900-s1555,mask_fragment,128,0.9,100000,1555,90000,early_mask_fragment,4,SEQ_SCAN,3,5.5886000000000005,6.551100000000001,4.371400000000001,6.551100000000001,100000,100000,sha256:1a43e0ddf8cc02438cc76d27ba1cce86da34109d2e43dcc8ed7c9d581b95b39d
mask_fragment-n100000-w128-m0900-s1555,mask_fragment,128,0.9,100000,1555,90000,early_mask_fragment,5,PROJECTION,3,0.5101,0.5376000000000001,0.42490000000000006,0.5376000000000001,90000,0,sha256:1a43e0ddf8cc02438cc76d27ba1cce86da34109d2e43dcc8ed7c9d581b95b39d
mask_fragment-n100000-w128-m0900-s1555,mask_fragment,128,0.9,100000,1555,90000,early_mask_fragment,6,ORDER_BY,3,81.41489999999999,92.69819999999999,79.39150000000001,92.69819999999999,90000,0,sha256:1a43e0ddf8cc02438cc76d27ba1cce86da34109d2e43dcc8ed7c9d581b95b39d
mask_fragment-n100000-w128-m0900-s1555,mask_fragment,128,0.9,100000,1555,90000,early_mask_fragment,7,PROJECTION,3,0.2951,0.3868000000000001,0.21569999999999998,0.3868000000000001,90000,0,sha256:1a43e0ddf8cc02438cc76d27ba1cce86da34109d2e43dcc8ed7c9d581b95b39d
mask_fragment-n100000-w128-m0900-s1555,mask_fragment,128,0.9,100000,1555,90000,early_mask_fragment,8,HASH_JOIN,3,8.103099999999998,20.600900000000006,5.005800000000001,20.600900000000006,90000,0,sha256:1a43e0ddf8cc02438cc76d27ba1cce86da34109d2e43dcc8ed7c9d581b95b39d
mask_fragment-n100000-w128-m0900-s1555,mask_fragment,128,0.9,100000,1555,90000,early_mask_fragment,9,CTE_SCAN,3,0.39519999999999994,0.8030999999999999,0.30950000000000005,0.8030999999999999,100000,0,sha256:1a43e0ddf8cc02438cc76d27ba1cce86da34109d2e43dcc8ed7c9d581b95b39d
mask_fragment-n100000-w128-m0900-s1555,mask_fragment,128,0.9,100000,1555,90000,early_mask_fragment,10,SEQ_SCAN,3,0.05670000000000001,0.1555,0.0325,0.1555,10000,10000,sha256:1a43e0ddf8cc02438cc76d27ba1cce86da34109d2e43dcc8ed7c9d581b95b39d
mask_fragment-n100000-w128-m0900-s1555,mask_fragment,128,0.9,100000,1555,90000,late_mask_fragment,0,EXPLAIN_ANALYZE,3,0.0003,0.0014,0.0003,0.0014,0,0,sha256:18bd7fb3b6d02ff88c53bf4a74124c631590d7e276f031a9034dc7f9cb857902
mask_fragment-n100000-w128-m0900-s1555,mask_fragment,128,0.9,100000,1555,90000,late_mask_fragment,1,BATCH_CREATE_TABLE_AS,3,13.891099999999994,14.0366,10.928799999999997,14.0366,1,0,sha256:18bd7fb3b6d02ff88c53bf4a74124c631590d7e276f031a9034dc7f9cb857902
mask_fragment-n100000-w128-m0900-s1555,mask_fragment,128,0.9,100000,1555,90000,late_mask_fragment,2,PROJECTION,3,0.8478,0.8769999999999999,0.6358,0.8769999999999999,90000,0,sha256:18bd7fb3b6d02ff88c53bf4a74124c631590d7e276f031a9034dc7f9cb857902
mask_fragment-n100000-w128-m0900-s1555,mask_fragment,128,0.9,100000,1555,90000,late_mask_fragment,3,ORDER_BY,3,83.79159999999999,85.91990000000003,73.06559999999999,85.91990000000003,90000,0,sha256:18bd7fb3b6d02ff88c53bf4a74124c631590d7e276f031a9034dc7f9cb857902
mask_fragment-n100000-w128-m0900-s1555,mask_fragment,128,0.9,100000,1555,90000,late_mask_fragment,4,PROJECTION,3,2.9064000000000005,3.362600000000001,2.7203,3.362600000000001,90000,0,sha256:18bd7fb3b6d02ff88c53bf4a74124c631590d7e276f031a9034dc7f9cb857902
mask_fragment-n100000-w128-m0900-s1555,mask_fragment,128,0.9,100000,1555,90000,late_mask_fragment,5,PROJECTION,3,419.24999999999983,432.19340000000005,371.28860000000003,432.19340000000005,90000,0,sha256:18bd7fb3b6d02ff88c53bf4a74124c631590d7e276f031a9034dc7f9cb857902
mask_fragment-n100000-w128-m0900-s1555,mask_fragment,128,0.9,100000,1555,90000,late_mask_fragment,6,HASH_JOIN,3,1.7256999999999998,2.7258,1.363,2.7258,90000,0,sha256:18bd7fb3b6d02ff88c53bf4a74124c631590d7e276f031a9034dc7f9cb857902
mask_fragment-n100000-w128-m0900-s1555,mask_fragment,128,0.9,100000,1555,90000,late_mask_fragment,7,SEQ_SCAN,3,8.2895,11.192200000000001,6.6215,11.192200000000001,90000,100000,sha256:18bd7fb3b6d02ff88c53bf4a74124c631590d7e276f031a9034dc7f9cb857902
mask_fragment-n100000-w128-m0900-s1555,mask_fragment,128,0.9,100000,1555,90000,late_mask_fragment,8,SEQ_SCAN,3,0.0374,0.0602,0.0291,0.0602,10000,10000,sha256:18bd7fb3b6d02ff88c53bf4a74124c631590d7e276f031a9034dc7f9cb857902
mask_fragment-n100000-w128-m1000-s1111,mask_fragment,128,1.0,100000,1111,100000,early_mask_fragment,0,EXPLAIN_ANALYZE,3,0.0003,0.0003,0.0003,0.0003,0,0,sha256:1a43e0ddf8cc02438cc76d27ba1cce86da34109d2e43dcc8ed7c9d581b95b39d
mask_fragment-n100000-w128-m1000-s1111,mask_fragment,128,1.0,100000,1111,100000,early_mask_fragment,1,BATCH_CREATE_TABLE_AS,3,15.805799999999998,16.107,11.671300000000004,16.107,1,0,sha256:1a43e0ddf8cc02438cc76d27ba1cce86da34109d2e43dcc8ed7c9d581b95b39d
mask_fragment-n100000-w128-m1000-s1111,mask_fragment,128,1.0,100000,1111,100000,early_mask_fragment,2,CTE,3,8.395000000000001,14.621400000000005,8.161600000000002,14.621400000000005,0,0,sha256:1a43e0ddf8cc02438cc76d27ba1cce86da34109d2e43dcc8ed7c9d581b95b39d
mask_fragment-n100000-w128-m1000-s1111,mask_fragment,128,1.0,100000,1111,100000,early_mask_fragment,3,PROJECTION,3,347.96900000000005,376.89219999999983,344.8198000000001,376.89219999999983,100000,0,sha256:1a43e0ddf8cc02438cc76d27ba1cce86da34109d2e43dcc8ed7c9d581b95b39d
mask_fragment-n100000-w128-m1000-s1111,mask_fragment,128,1.0,100000,1111,100000,early_mask_fragment,4,SEQ_SCAN,3,5.3527,5.991100000000001,5.137700000000001,5.991100000000001,100000,100000,sha256:1a43e0ddf8cc02438cc76d27ba1cce86da34109d2e43dcc8ed7c9d581b95b39d
mask_fragment-n100000-w128-m1000-s1111,mask_fragment,128,1.0,100000,1111,100000,early_mask_fragment,5,PROJECTION,3,0.5108,0.7843000000000001,0.45069999999999993,0.7843000000000001,100000,0,sha256:1a43e0ddf8cc02438cc76d27ba1cce86da34109d2e43dcc8ed7c9d581b95b39d
mask_fragment-n100000-w128-m1000-s1111,mask_fragment,128,1.0,100000,1111,100000,early_mask_fragment,6,ORDER_BY,3,78.4135,93.18530000000003,69.7639,93.18530000000003,100000,0,sha256:1a43e0ddf8cc02438cc76d27ba1cce86da34109d2e43dcc8ed7c9d581b95b39d
mask_fragment-n100000-w128-m1000-s1111,mask_fragment,128,1.0,100000,1111,100000,early_mask_fragment,7,PROJECTION,3,0.25560000000000005,0.28430000000000005,0.2223,0.28430000000000005,100000,0,sha256:1a43e0ddf8cc02438cc76d27ba1cce86da34109d2e43dcc8ed7c9d581b95b39d
mask_fragment-n100000-w128-m1000-s1111,mask_fragment,128,1.0,100000,1111,100000,early_mask_fragment,8,HASH_JOIN,3,6.594099999999999,6.868600000000001,5.486599999999999,6.868600000000001,100000,0,sha256:1a43e0ddf8cc02438cc76d27ba1cce86da34109d2e43dcc8ed7c9d581b95b39d
mask_fragment-n100000-w128-m1000-s1111,mask_fragment,128,1.0,100000,1111,100000,early_mask_fragment,9,CTE_SCAN,3,0.2995,0.33559999999999995,0.2741,0.33559999999999995,100000,0,sha256:1a43e0ddf8cc02438cc76d27ba1cce86da34109d2e43dcc8ed7c9d581b95b39d
mask_fragment-n100000-w128-m1000-s1111,mask_fragment,128,1.0,100000,1111,100000,early_mask_fragment,10,SEQ_SCAN,3,0.08750000000000001,0.1035,0.023799999999999998,0.1035,10000,10000,sha256:1a43e0ddf8cc02438cc76d27ba1cce86da34109d2e43dcc8ed7c9d581b95b39d
mask_fragment-n100000-w128-m1000-s1111,mask_fragment,128,1.0,100000,1111,100000,late_mask_fragment,0,EXPLAIN_ANALYZE,3,0.0003,0.0006,0.0003,0.0006,0,0,sha256:92b825cb6ca6efd8c921ae328d9dcd567e5fc1cecda65d185180a168e33b45c9
mask_fragment-n100000-w128-m1000-s1111,mask_fragment,128,1.0,100000,1111,100000,late_mask_fragment,1,BATCH_CREATE_TABLE_AS,3,15.7436,16.9693,10.357800000000005,16.9693,1,0,sha256:92b825cb6ca6efd8c921ae328d9dcd567e5fc1cecda65d185180a168e33b45c9
mask_fragment-n100000-w128-m1000-s1111,mask_fragment,128,1.0,100000,1111,100000,late_mask_fragment,2,PROJECTION,3,0.706,0.7508999999999999,0.6718000000000001,0.7508999999999999,100000,0,sha256:92b825cb6ca6efd8c921ae328d9dcd567e5fc1cecda65d185180a168e33b45c9
mask_fragment-n100000-w128-m1000-s1111,mask_fragment,128,1.0,100000,1111,100000,late_mask_fragment,3,ORDER_BY,3,78.81110000000001,79.5242,64.27339999999998,79.5242,100000,0,sha256:92b825cb6ca6efd8c921ae328d9dcd567e5fc1cecda65d185180a168e33b45c9
mask_fragment-n100000-w128-m1000-s1111,mask_fragment,128,1.0,100000,1111,100000,late_mask_fragment,4,PROJECTION,3,2.1372,2.3091000000000004,1.4617,2.3091000000000004,100000,0,sha256:92b825cb6ca6efd8c921ae328d9dcd567e5fc1cecda65d185180a168e33b45c9
mask_fragment-n100000-w128-m1000-s1111,mask_fragment,128,1.0,100000,1111,100000,late_mask_fragment,5,PROJECTION,3,310.03170000000006,332.23979999999995,287.0818,332.23979999999995,100000,0,sha256:92b825cb6ca6efd8c921ae328d9dcd567e5fc1cecda65d185180a168e33b45c9
mask_fragment-n100000-w128-m1000-s1111,mask_fragment,128,1.0,100000,1111,100000,late_mask_fragment,6,HASH_JOIN,3,1.5466000000000002,2.0976,1.3341999999999996,2.0976,100000,0,sha256:92b825cb6ca6efd8c921ae328d9dcd567e5fc1cecda65d185180a168e33b45c9
mask_fragment-n100000-w128-m1000-s1111,mask_fragment,128,1.0,100000,1111,100000,late_mask_fragment,7,SEQ_SCAN,3,5.853799999999998,6.928700000000001,5.7207,6.928700000000001,100000,100000,sha256:92b825cb6ca6efd8c921ae328d9dcd567e5fc1cecda65d185180a168e33b45c9
mask_fragment-n100000-w128-m1000-s1111,mask_fragment,128,1.0,100000,1111,100000,late_mask_fragment,8,SEQ_SCAN,3,0.027700000000000002,0.0289,0.020900000000000002,0.0289,10000,10000,sha256:92b825cb6ca6efd8c921ae328d9dcd567e5fc1cecda65d185180a168e33b45c9
mask_fragment-n100000-w128-m1000-s1222,mask_fragment,128,1.0,100000,1222,100000,early_mask_fragment,0,EXPLAIN_ANALYZE,3,0.00019999999999999998,0.0003,0.00019999999999999998,0.0003,0,0,sha256:1a43e0ddf8cc02438cc76d27ba1cce86da34109d2e43dcc8ed7c9d581b95b39d
mask_fragment-n100000-w128-m1000-s1222,mask_fragment,128,1.0,100000,1222,100000,early_mask_fragment,1,BATCH_CREATE_TABLE_AS,3,13.879499999999997,15.738100000000001,9.284899999999997,15.738100000000001,1,0,sha256:1a43e0ddf8cc02438cc76d27ba1cce86da34109d2e43dcc8ed7c9d581b95b39d
mask_fragment-n100000-w128-m1000-s1222,mask_fragment,128,1.0,100000,1222,100000,early_mask_fragment,2,CTE,3,10.309899999999999,13.292100000000001,9.1804,13.292100000000001,0,0,sha256:1a43e0ddf8cc02438cc76d27ba1cce86da34109d2e43dcc8ed7c9d581b95b39d
mask_fragment-n100000-w128-m1000-s1222,mask_fragment,128,1.0,100000,1222,100000,early_mask_fragment,3,PROJECTION,3,336.9982,340.0264,325.1627000000001,340.0264,100000,0,sha256:1a43e0ddf8cc02438cc76d27ba1cce86da34109d2e43dcc8ed7c9d581b95b39d
mask_fragment-n100000-w128-m1000-s1222,mask_fragment,128,1.0,100000,1222,100000,early_mask_fragment,4,SEQ_SCAN,3,4.651400000000001,6.365099999999999,4.5335,6.365099999999999,100000,100000,sha256:1a43e0ddf8cc02438cc76d27ba1cce86da34109d2e43dcc8ed7c9d581b95b39d
mask_fragment-n100000-w128-m1000-s1222,mask_fragment,128,1.0,100000,1222,100000,early_mask_fragment,5,PROJECTION,3,0.42050000000000026,1.1782999999999997,0.4073000000000001,1.1782999999999997,100000,0,sha256:1a43e0ddf8cc02438cc76d27ba1cce86da34109d2e43dcc8ed7c9d581b95b39d
mask_fragment-n100000-w128-m1000-s1222,mask_fragment,128,1.0,100000,1222,100000,early_mask_fragment,6,ORDER_BY,3,82.2637,85.35940000000001,63.107700000000015,85.35940000000001,100000,0,sha256:1a43e0ddf8cc02438cc76d27ba1cce86da34109d2e43dcc8ed7c9d581b95b39d
mask_fragment-n100000-w128-m1000-s1222,mask_fragment,128,1.0,100000,1222,100000,early_mask_fragment,7,PROJECTION,3,0.27490000000000003,0.2768,0.24580000000000002,0.2768,100000,0,sha256:1a43e0ddf8cc02438cc76d27ba1cce86da34109d2e43dcc8ed7c9d581b95b39d
mask_fragment-n100000-w128-m1000-s1222,mask_fragment,128,1.0,100000,1222,100000,early_mask_fragment,8,HASH_JOIN,3,6.5322000000000005,6.9753,5.7780000000000005,6.9753,100000,0,sha256:1a43e0ddf8cc02438cc76d27ba1cce86da34109d2e43dcc8ed7c9d581b95b39d
mask_fragment-n100000-w128-m1000-s1222,mask_fragment,128,1.0,100000,1222,100000,early_mask_fragment,9,CTE_SCAN,3,0.38750000000000007,0.4908,0.3676,0.4908,100000,0,sha256:1a43e0ddf8cc02438cc76d27ba1cce86da34109d2e43dcc8ed7c9d581b95b39d
mask_fragment-n100000-w128-m1000-s1222,mask_fragment,128,1.0,100000,1222,100000,early_mask_fragment,10,SEQ_SCAN,3,0.0253,0.0297,0.019,0.0297,10000,10000,sha256:1a43e0ddf8cc02438cc76d27ba1cce86da34109d2e43dcc8ed7c9d581b95b39d
mask_fragment-n100000-w128-m1000-s1222,mask_fragment,128,1.0,100000,1222,100000,late_mask_fragment,0,EXPLAIN_ANALYZE,3,0.001,0.0028,0.0003,0.0028,0,0,sha256:92b825cb6ca6efd8c921ae328d9dcd567e5fc1cecda65d185180a168e33b45c9
mask_fragment-n100000-w128-m1000-s1222,mask_fragment,128,1.0,100000,1222,100000,late_mask_fragment,1,BATCH_CREATE_TABLE_AS,3,13.045600000000002,15.694900000000004,10.733800000000002,15.694900000000004,1,0,sha256:92b825cb6ca6efd8c921ae328d9dcd567e5fc1cecda65d185180a168e33b45c9
mask_fragment-n100000-w128-m1000-s1222,mask_fragment,128,1.0,100000,1222,100000,late_mask_fragment,2,PROJECTION,3,0.7860000000000001,1.1543,0.6986999999999999,1.1543,100000,0,sha256:92b825cb6ca6efd8c921ae328d9dcd567e5fc1cecda65d185180a168e33b45c9
mask_fragment-n100000-w128-m1000-s1222,mask_fragment,128,1.0,100000,1222,100000,late_mask_fragment,3,ORDER_BY,3,72.46570000000001,90.4746,68.7122,90.4746,100000,0,sha256:92b825cb6ca6efd8c921ae328d9dcd567e5fc1cecda65d185180a168e33b45c9
mask_fragment-n100000-w128-m1000-s1222,mask_fragment,128,1.0,100000,1222,100000,late_mask_fragment,4,PROJECTION,3,2.4217,2.9181,2.2273,2.9181,100000,0,sha256:92b825cb6ca6efd8c921ae328d9dcd567e5fc1cecda65d185180a168e33b45c9
mask_fragment-n100000-w128-m1000-s1222,mask_fragment,128,1.0,100000,1222,100000,late_mask_fragment,5,PROJECTION,3,351.8269000000001,374.3763999999999,304.2514,374.3763999999999,100000,0,sha256:92b825cb6ca6efd8c921ae328d9dcd567e5fc1cecda65d185180a168e33b45c9
mask_fragment-n100000-w128-m1000-s1222,mask_fragment,128,1.0,100000,1222,100000,late_mask_fragment,6,HASH_JOIN,3,1.5710999999999997,2.9395,1.5100000000000002,2.9395,100000,0,sha256:92b825cb6ca6efd8c921ae328d9dcd567e5fc1cecda65d185180a168e33b45c9
mask_fragment-n100000-w128-m1000-s1222,mask_fragment,128,1.0,100000,1222,100000,late_mask_fragment,7,SEQ_SCAN,3,5.071199999999999,6.242500000000001,4.772399999999999,6.242500000000001,100000,100000,sha256:92b825cb6ca6efd8c921ae328d9dcd567e5fc1cecda65d185180a168e33b45c9
mask_fragment-n100000-w128-m1000-s1222,mask_fragment,128,1.0,100000,1222,100000,late_mask_fragment,8,SEQ_SCAN,3,0.029699999999999997,0.1769,0.023099999999999996,0.1769,10000,10000,sha256:92b825cb6ca6efd8c921ae328d9dcd567e5fc1cecda65d185180a168e33b45c9
mask_fragment-n100000-w128-m1000-s1333,mask_fragment,128,1.0,100000,1333,100000,early_mask_fragment,0,EXPLAIN_ANALYZE,3,0.0003,0.0015,0.0003,0.0015,0,0,sha256:1a43e0ddf8cc02438cc76d27ba1cce86da34109d2e43dcc8ed7c9d581b95b39d
mask_fragment-n100000-w128-m1000-s1333,mask_fragment,128,1.0,100000,1333,100000,early_mask_fragment,1,BATCH_CREATE_TABLE_AS,3,12.878999999999996,13.9635,10.382100000000001,13.9635,1,0,sha256:1a43e0ddf8cc02438cc76d27ba1cce86da34109d2e43dcc8ed7c9d581b95b39d
mask_fragment-n100000-w128-m1000-s1333,mask_fragment,128,1.0,100000,1333,100000,early_mask_fragment,2,CTE,3,10.384500000000003,17.571600000000004,8.207299999999998,17.571600000000004,0,0,sha256:1a43e0ddf8cc02438cc76d27ba1cce86da34109d2e43dcc8ed7c9d581b95b39d
mask_fragment-n100000-w128-m1000-s1333,mask_fragment,128,1.0,100000,1333,100000,early_mask_fragment,3,PROJECTION,3,358.5787000000002,471.7114000000001,295.13370000000003,471.7114000000001,100000,0,sha256:1a43e0ddf8cc02438cc76d27ba1cce86da34109d2e43dcc8ed7c9d581b95b39d
mask_fragment-n100000-w128-m1000-s1333,mask_fragment,128,1.0,100000,1333,100000,early_mask_fragment,4,SEQ_SCAN,3,7.315700000000001,7.589300000000001,5.463000000000002,7.589300000000001,100000,100000,sha256:1a43e0ddf8cc02438cc76d27ba1cce86da34109d2e43dcc8ed7c9d581b95b39d
mask_fragment-n100000-w128-m1000-s1333,mask_fragment,128,1.0,100000,1333,100000,early_mask_fragment,5,PROJECTION,3,0.4185,0.4764999999999999,0.3507000000000001,0.4764999999999999,100000,0,sha256:1a43e0ddf8cc02438cc76d27ba1cce86da34109d2e43dcc8ed7c9d581b95b39d
mask_fragment-n100000-w128-m1000-s1333,mask_fragment,128,1.0,100000,1333,100000,early_mask_fragment,6,ORDER_BY,3,73.21610000000001,76.23749999999998,68.5866,76.23749999999998,100000,0,sha256:1a43e0ddf8cc02438cc76d27ba1cce86da34109d2e43dcc8ed7c9d581b95b39d
mask_fragment-n100000-w128-m1000-s1333,mask_fragment,128,1.0,100000,1333,100000,early_mask_fragment,7,PROJECTION,3,0.23270000000000002,0.3003,0.2273,0.3003,100000,0,sha256:1a43e0ddf8cc02438cc76d27ba1cce86da34109d2e43dcc8ed7c9d581b95b39d
mask_fragment-n100000-w128-m1000-s1333,mask_fragment,128,1.0,100000,1333,100000,early_mask_fragment,8,HASH_JOIN,3,5.562899999999999,19.3482,5.229500000000001,19.3482,100000,0,sha256:1a43e0ddf8cc02438cc76d27ba1cce86da34109d2e43dcc8ed7c9d581b95b39d
mask_fragment-n100000-w128-m1000-s1333,mask_fragment,128,1.0,100000,1333,100000,early_mask_fragment,9,CTE_SCAN,3,0.355,0.4161,0.26359999999999995,0.4161,100000,0,sha256:1a43e0ddf8cc02438cc76d27ba1cce86da34109d2e43dcc8ed7c9d581b95b39d
mask_fragment-n100000-w128-m1000-s1333,mask_fragment,128,1.0,100000,1333,100000,early_mask_fragment,10,SEQ_SCAN,3,0.04270000000000001,0.0902,0.0243,0.0902,10000,10000,sha256:1a43e0ddf8cc02438cc76d27ba1cce86da34109d2e43dcc8ed7c9d581b95b39d
mask_fragment-n100000-w128-m1000-s1333,mask_fragment,128,1.0,100000,1333,100000,late_mask_fragment,0,EXPLAIN_ANALYZE,3,0.00039999999999999996,0.0007,0.00039999999999999996,0.0007,0,0,sha256:92b825cb6ca6efd8c921ae328d9dcd567e5fc1cecda65d185180a168e33b45c9
mask_fragment-n100000-w128-m1000-s1333,mask_fragment,128,1.0,100000,1333,100000,late_mask_fragment,1,BATCH_CREATE_TABLE_AS,3,14.4767,17.268900000000002,12.911299999999999,17.268900000000002,1,0,sha256:92b825cb6ca6efd8c921ae328d9dcd567e5fc1cecda65d185180a168e33b45c9
mask_fragment-n100000-w128-m1000-s1333,mask_fragment,128,1.0,100000,1333,100000,late_mask_fragment,2,PROJECTION,3,1.1579000000000002,1.488399999999999,0.8436,1.488399999999999,100000,0,sha256:92b825cb6ca6efd8c921ae328d9dcd567e5fc1cecda65d185180a168e33b45c9
mask_fragment-n100000-w128-m1000-s1333,mask_fragment,128,1.0,100000,1333,100000,late_mask_fragment,3,ORDER_BY,3,82.4306,94.88669999999999,72.80310000000001,94.88669999999999,100000,0,sha256:92b825cb6ca6efd8c921ae328d9dcd567e5fc1cecda65d185180a168e33b45c9
mask_fragment-n100000-w128-m1000-s1333,mask_fragment,128,1.0,100000,1333,100000,late_mask_fragment,4,PROJECTION,3,2.400200000000001,2.7983,1.9894000000000005,2.7983,100000,0,sha256:92b825cb6ca6efd8c921ae328d9dcd567e5fc1cecda65d185180a168e33b45c9
mask_fragment-n100000-w128-m1000-s1333,mask_fragment,128,1.0,100000,1333,100000,late_mask_fragment,5,PROJECTION,3,388.86650000000003,419.9791,318.7857000000001,419.9791,100000,0,sha256:92b825cb6ca6efd8c921ae328d9dcd567e5fc1cecda65d185180a168e33b45c9
mask_fragment-n100000-w128-m1000-s1333,mask_fragment,128,1.0,100000,1333,100000,late_mask_fragment,6,HASH_JOIN,3,1.6421000000000001,4.0044,1.4508,4.0044,100000,0,sha256:92b825cb6ca6efd8c921ae328d9dcd567e5fc1cecda65d185180a168e33b45c9
mask_fragment-n100000-w128-m1000-s1333,mask_fragment,128,1.0,100000,1333,100000,late_mask_fragment,7,SEQ_SCAN,3,5.07,5.6048,4.6312000000000015,5.6048,100000,100000,sha256:92b825cb6ca6efd8c921ae328d9dcd567e5fc1cecda65d185180a168e33b45c9
mask_fragment-n100000-w128-m1000-s1333,mask_fragment,128,1.0,100000,1333,100000,late_mask_fragment,8,SEQ_SCAN,3,0.0304,0.03829999999999999,0.026299999999999997,0.03829999999999999,10000,10000,sha256:92b825cb6ca6efd8c921ae328d9dcd567e5fc1cecda65d185180a168e33b45c9
mask_fragment-n100000-w128-m1000-s1444,mask_fragment,128,1.0,100000,1444,100000,early_mask_fragment,0,EXPLAIN_ANALYZE,3,0.0003,0.0005,0.0003,0.0005,0,0,sha256:1a43e0ddf8cc02438cc76d27ba1cce86da34109d2e43dcc8ed7c9d581b95b39d
mask_fragment-n100000-w128-m1000-s1444,mask_fragment,128,1.0,100000,1444,100000,early_mask_fragment,1,BATCH_CREATE_TABLE_AS,3,12.170700000000002,16.4234,11.316300000000004,16.4234,1,0,sha256:1a43e0ddf8cc02438cc76d27ba1cce86da34109d2e43dcc8ed7c9d581b95b39d
mask_fragment-n100000-w128-m1000-s1444,mask_fragment,128,1.0,100000,1444,100000,early_mask_fragment,2,CTE,3,9.949200000000003,15.204100000000002,9.452899999999998,15.204100000000002,0,0,sha256:1a43e0ddf8cc02438cc76d27ba1cce86da34109d2e43dcc8ed7c9d581b95b39d
mask_fragment-n100000-w128-m1000-s1444,mask_fragment,128,1.0,100000,1444,100000,early_mask_fragment,3,PROJECTION,3,350.109,371.4432,281.7979,371.4432,100000,0,sha256:1a43e0ddf8cc02438cc76d27ba1cce86da34109d2e43dcc8ed7c9d581b95b39d
mask_fragment-n100000-w128-m1000-s1444,mask_fragment,128,1.0,100000,1444,100000,early_mask_fragment,4,SEQ_SCAN,3,5.3293,9.0618,5.094100000000001,9.0618,100000,100000,sha256:1a43e0ddf8cc02438cc76d27ba1cce86da34109d2e43dcc8ed7c9d581b95b39d
mask_fragment-n100000-w128-m1000-s1444,mask_fragment,128,1.0,100000,1444,100000,early_mask_fragment,5,PROJECTION,3,0.4963000000000001,0.5545,0.37049999999999994,0.5545,100000,0,sha256:1a43e0ddf8cc02438cc76d27ba1cce86da34109d2e43dcc8ed7c9d581b95b39d
mask_fragment-n100000-w128-m1000-s1444,mask_fragment,128,1.0,100000,1444,100000,early_mask_fragment,6,ORDER_BY,3,73.1021,87.4207,69.5642,87.4207,100000,0,sha256:1a43e0ddf8cc02438cc76d27ba1cce86da34109d2e43dcc8ed7c9d581b95b39d
mask_fragment-n100000-w128-m1000-s1444,mask_fragment,128,1.0,100000,1444,100000,early_mask_fragment,7,PROJECTION,3,0.2715,0.29739999999999994,0.2031,0.29739999999999994,100000,0,sha256:1a43e0ddf8cc02438cc76d27ba1cce86da34109d2e43dcc8ed7c9d581b95b39d
mask_fragment-n100000-w128-m1000-s1444,mask_fragment,128,1.0,100000,1444,100000,early_mask_fragment,8,HASH_JOIN,3,7.5261000000000005,10.041400000000001,4.4306,10.041400000000001,100000,0,sha256:1a43e0ddf8cc02438cc76d27ba1cce86da34109d2e43dcc8ed7c9d581b95b39d
mask_fragment-n100000-w128-m1000-s1444,mask_fragment,128,1.0,100000,1444,100000,early_mask_fragment,9,CTE_SCAN,3,0.3327,0.7823,0.22490000000000002,0.7823,100000,0,sha256:1a43e0ddf8cc02438cc76d27ba1cce86da34109d2e43dcc8ed7c9d581b95b39d
mask_fragment-n100000-w128-m1000-s1444,mask_fragment,128,1.0,100000,1444,100000,early_mask_fragment,10,SEQ_SCAN,3,0.025500000000000002,0.027399999999999994,0.023399999999999997,0.027399999999999994,10000,10000,sha256:1a43e0ddf8cc02438cc76d27ba1cce86da34109d2e43dcc8ed7c9d581b95b39d
mask_fragment-n100000-w128-m1000-s1444,mask_fragment,128,1.0,100000,1444,100000,late_mask_fragment,0,EXPLAIN_ANALYZE,3,0.00039999999999999996,0.0006,0.0003,0.0006,0,0,sha256:92b825cb6ca6efd8c921ae328d9dcd567e5fc1cecda65d185180a168e33b45c9
mask_fragment-n100000-w128-m1000-s1444,mask_fragment,128,1.0,100000,1444,100000,late_mask_fragment,1,BATCH_CREATE_TABLE_AS,3,12.393699999999997,13.443299999999995,10.969000000000005,13.443299999999995,1,0,sha256:92b825cb6ca6efd8c921ae328d9dcd567e5fc1cecda65d185180a168e33b45c9
mask_fragment-n100000-w128-m1000-s1444,mask_fragment,128,1.0,100000,1444,100000,late_mask_fragment,2,PROJECTION,3,0.6481999999999998,0.9287000000000001,0.6038999999999998,0.9287000000000001,100000,0,sha256:92b825cb6ca6efd8c921ae328d9dcd567e5fc1cecda65d185180a168e33b45c9
mask_fragment-n100000-w128-m1000-s1444,mask_fragment,128,1.0,100000,1444,100000,late_mask_fragment,3,ORDER_BY,3,77.04159999999999,79.378,65.02749999999999,79.378,100000,0,sha256:92b825cb6ca6efd8c921ae328d9dcd567e5fc1cecda65d185180a168e33b45c9
mask_fragment-n100000-w128-m1000-s1444,mask_fragment,128,1.0,100000,1444,100000,late_mask_fragment,4,PROJECTION,3,3.3429999999999995,3.4488999999999996,1.9410999999999992,3.4488999999999996,100000,0,sha256:92b825cb6ca6efd8c921ae328d9dcd567e5fc1cecda65d185180a168e33b45c9
mask_fragment-n100000-w128-m1000-s1444,mask_fragment,128,1.0,100000,1444,100000,late_mask_fragment,5,PROJECTION,3,305.4735,429.741,295.93730000000005,429.741,100000,0,sha256:92b825cb6ca6efd8c921ae328d9dcd567e5fc1cecda65d185180a168e33b45c9
mask_fragment-n100000-w128-m1000-s1444,mask_fragment,128,1.0,100000,1444,100000,late_mask_fragment,6,HASH_JOIN,3,1.7183000000000002,2.501399999999999,1.4682,2.501399999999999,100000,0,sha256:92b825cb6ca6efd8c921ae328d9dcd567e5fc1cecda65d185180a168e33b45c9
mask_fragment-n100000-w128-m1000-s1444,mask_fragment,128,1.0,100000,1444,100000,late_mask_fragment,7,SEQ_SCAN,3,5.817,6.8024,4.8512999999999975,6.8024,100000,100000,sha256:92b825cb6ca6efd8c921ae328d9dcd567e5fc1cecda65d185180a168e33b45c9
mask_fragment-n100000-w128-m1000-s1444,mask_fragment,128,1.0,100000,1444,100000,late_mask_fragment,8,SEQ_SCAN,3,0.030099999999999995,0.11920000000000001,0.0239,0.11920000000000001,10000,10000,sha256:92b825cb6ca6efd8c921ae328d9dcd567e5fc1cecda65d185180a168e33b45c9
mask_fragment-n100000-w128-m1000-s1555,mask_fragment,128,1.0,100000,1555,100000,early_mask_fragment,0,EXPLAIN_ANALYZE,3,0.00039999999999999996,0.0006,0.00019999999999999998,0.0006,0,0,sha256:1a43e0ddf8cc02438cc76d27ba1cce86da34109d2e43dcc8ed7c9d581b95b39d
mask_fragment-n100000-w128-m1000-s1555,mask_fragment,128,1.0,100000,1555,100000,early_mask_fragment,1,BATCH_CREATE_TABLE_AS,3,13.069599999999998,15.4934,10.242400000000004,15.4934,1,0,sha256:1a43e0ddf8cc02438cc76d27ba1cce86da34109d2e43dcc8ed7c9d581b95b39d
mask_fragment-n100000-w128-m1000-s1555,mask_fragment,128,1.0,100000,1555,100000,early_mask_fragment,2,CTE,3,12.577200000000001,15.321199999999994,9.395100000000001,15.321199999999994,0,0,sha256:1a43e0ddf8cc02438cc76d27ba1cce86da34109d2e43dcc8ed7c9d581b95b39d
mask_fragment-n100000-w128-m1000-s1555,mask_fragment,128,1.0,100000,1555,100000,early_mask_fragment,3,PROJECTION,3,375.5358000000001,391.66339999999997,364.17320000000007,391.66339999999997,100000,0,sha256:1a43e0ddf8cc02438cc76d27ba1cce86da34109d2e43dcc8ed7c9d581b95b39d
mask_fragment-n100000-w128-m1000-s1555,mask_fragment,128,1.0,100000,1555,100000,early_mask_fragment,4,SEQ_SCAN,3,6.017400000000001,7.230600000000002,4.7033000000000005,7.230600000000002,100000,100000,sha256:1a43e0ddf8cc02438cc76d27ba1cce86da34109d2e43dcc8ed7c9d581b95b39d
mask_fragment-n100000-w128-m1000-s1555,mask_fragment,128,1.0,100000,1555,100000,early_mask_fragment,5,PROJECTION,3,0.47089999999999993,0.5815,0.4039,0.5815,100000,0,sha256:1a43e0ddf8cc02438cc76d27ba1cce86da34109d2e43dcc8ed7c9d581b95b39d
mask_fragment-n100000-w128-m1000-s1555,mask_fragment,128,1.0,100000,1555,100000,early_mask_fragment,6,ORDER_BY,3,76.27319999999999,91.11269999999999,62.3184,91.11269999999999,100000,0,sha256:1a43e0ddf8cc02438cc76d27ba1cce86da34109d2e43dcc8ed7c9d581b95b39d
mask_fragment-n100000-w128-m1000-s1555,mask_fragment,128,1.0,100000,1555,100000,early_mask_fragment,7,PROJECTION,3,0.316,0.3702,0.21360000000000004,0.3702,100000,0,sha256:1a43e0ddf8cc02438cc76d27ba1cce86da34109d2e43dcc8ed7c9d581b95b39d
mask_fragment-n100000-w128-m1000-s1555,mask_fragment,128,1.0,100000,1555,100000,early_mask_fragment,8,HASH_JOIN,3,6.0371999999999995,9.184299999999999,4.9911,9.184299999999999,100000,0,sha256:1a43e0ddf8cc02438cc76d27ba1cce86da34109d2e43dcc8ed7c9d581b95b39d
mask_fragment-n100000-w128-m1000-s1555,mask_fragment,128,1.0,100000,1555,100000,early_mask_fragment,9,CTE_SCAN,3,0.4169,0.6133,0.29699999999999993,0.6133,100000,0,sha256:1a43e0ddf8cc02438cc76d27ba1cce86da34109d2e43dcc8ed7c9d581b95b39d
mask_fragment-n100000-w128-m1000-s1555,mask_fragment,128,1.0,100000,1555,100000,early_mask_fragment,10,SEQ_SCAN,3,0.025100000000000004,0.027999999999999997,0.023000000000000003,0.027999999999999997,10000,10000,sha256:1a43e0ddf8cc02438cc76d27ba1cce86da34109d2e43dcc8ed7c9d581b95b39d
mask_fragment-n100000-w128-m1000-s1555,mask_fragment,128,1.0,100000,1555,100000,late_mask_fragment,0,EXPLAIN_ANALYZE,3,0.0003,0.0003,0.00019999999999999998,0.0003,0,0,sha256:92b825cb6ca6efd8c921ae328d9dcd567e5fc1cecda65d185180a168e33b45c9
mask_fragment-n100000-w128-m1000-s1555,mask_fragment,128,1.0,100000,1555,100000,late_mask_fragment,1,BATCH_CREATE_TABLE_AS,3,11.968400000000003,12.376000000000001,9.983799999999999,12.376000000000001,1,0,sha256:92b825cb6ca6efd8c921ae328d9dcd567e5fc1cecda65d185180a168e33b45c9
mask_fragment-n100000-w128-m1000-s1555,mask_fragment,128,1.0,100000,1555,100000,late_mask_fragment,2,PROJECTION,3,0.6866000000000002,0.6980000000000003,0.5554,0.6980000000000003,100000,0,sha256:92b825cb6ca6efd8c921ae328d9dcd567e5fc1cecda65d185180a168e33b45c9
mask_fragment-n100000-w128-m1000-s1555,mask_fragment,128,1.0,100000,1555,100000,late_mask_fragment,3,ORDER_BY,3,68.6957,74.05969999999999,61.740399999999994,74.05969999999999,100000,0,sha256:92b825cb6ca6efd8c921ae328d9dcd567e5fc1cecda65d185180a168e33b45c9
mask_fragment-n100000-w128-m1000-s1555,mask_fragment,128,1.0,100000,1555,100000,late_mask_fragment,4,PROJECTION,3,2.0636,2.5147000000000004,1.8213,2.5147000000000004,100000,0,sha256:92b825cb6ca6efd8c921ae328d9dcd567e5fc1cecda65d185180a168e33b45c9
mask_fragment-n100000-w128-m1000-s1555,mask_fragment,128,1.0,100000,1555,100000,late_mask_fragment,5,PROJECTION,3,340.20629999999994,372.02920000000006,311.9162,372.02920000000006,100000,0,sha256:92b825cb6ca6efd8c921ae328d9dcd567e5fc1cecda65d185180a168e33b45c9
mask_fragment-n100000-w128-m1000-s1555,mask_fragment,128,1.0,100000,1555,100000,late_mask_fragment,6,HASH_JOIN,3,1.9024999999999996,2.2411,1.8233,2.2411,100000,0,sha256:92b825cb6ca6efd8c921ae328d9dcd567e5fc1cecda65d185180a168e33b45c9
mask_fragment-n100000-w128-m1000-s1555,mask_fragment,128,1.0,100000,1555,100000,late_mask_fragment,7,SEQ_SCAN,3,5.585399999999999,6.795699999999999,5.5495,6.795699999999999,100000,100000,sha256:92b825cb6ca6efd8c921ae328d9dcd567e5fc1cecda65d185180a168e33b45c9
mask_fragment-n100000-w128-m1000-s1555,mask_fragment,128,1.0,100000,1555,100000,late_mask_fragment,8,SEQ_SCAN,3,0.05660000000000001,0.14830000000000002,0.027799999999999995,0.14830000000000002,10000,10000,sha256:92b825cb6ca6efd8c921ae328d9dcd567e5fc1cecda65d185180a168e33b45c9
mask_fragment-n100000-w256-m0900-s1111,mask_fragment,256,0.9,100000,1111,90000,early_mask_fragment,0,EXPLAIN_ANALYZE,3,0.00039999999999999996,0.0015999999999999999,0.00019999999999999998,0.0015999999999999999,0,0,sha256:1a43e0ddf8cc02438cc76d27ba1cce86da34109d2e43dcc8ed7c9d581b95b39d
mask_fragment-n100000-w256-m0900-s1111,mask_fragment,256,0.9,100000,1111,90000,early_mask_fragment,1,BATCH_CREATE_TABLE_AS,3,15.828999999999999,20.0471,12.272999999999998,20.0471,1,0,sha256:1a43e0ddf8cc02438cc76d27ba1cce86da34109d2e43dcc8ed7c9d581b95b39d
mask_fragment-n100000-w256-m0900-s1111,mask_fragment,256,0.9,100000,1111,90000,early_mask_fragment,2,CTE,3,15.1074,16.017200000000003,13.916400000000001,16.017200000000003,0,0,sha256:1a43e0ddf8cc02438cc76d27ba1cce86da34109d2e43dcc8ed7c9d581b95b39d
mask_fragment-n100000-w256-m0900-s1111,mask_fragment,256,0.9,100000,1111,90000,early_mask_fragment,3,PROJECTION,3,515.7152000000001,605.5047999999999,506.0429999999999,605.5047999999999,100000,0,sha256:1a43e0ddf8cc02438cc76d27ba1cce86da34109d2e43dcc8ed7c9d581b95b39d
mask_fragment-n100000-w256-m0900-s1111,mask_fragment,256,0.9,100000,1111,90000,early_mask_fragment,4,SEQ_SCAN,3,6.938399999999997,8.363700000000001,6.596799999999998,8.363700000000001,100000,100000,sha256:1a43e0ddf8cc02438cc76d27ba1cce86da34109d2e43dcc8ed7c9d581b95b39d
mask_fragment-n100000-w256-m0900-s1111,mask_fragment,256,0.9,100000,1111,90000,early_mask_fragment,5,PROJECTION,3,0.39530000000000015,0.46080000000000015,0.24190000000000003,0.46080000000000015,90000,0,sha256:1a43e0ddf8cc02438cc76d27ba1cce86da34109d2e43dcc8ed7c9d581b95b39d
mask_fragment-n100000-w256-m0900-s1111,mask_fragment,256,0.9,100000,1111,90000,early_mask_fragment,6,ORDER_BY,3,67.82939999999998,77.6674,64.74730000000001,77.6674,90000,0,sha256:1a43e0ddf8cc02438cc76d27ba1cce86da34109d2e43dcc8ed7c9d581b95b39d
mask_fragment-n100000-w256-m0900-s1111,mask_fragment,256,0.9,100000,1111,90000,early_mask_fragment,7,PROJECTION,3,0.2271,0.2583,0.22619999999999998,0.2583,90000,0,sha256:1a43e0ddf8cc02438cc76d27ba1cce86da34109d2e43dcc8ed7c9d581b95b39d
mask_fragment-n100000-w256-m0900-s1111,mask_fragment,256,0.9,100000,1111,90000,early_mask_fragment,8,HASH_JOIN,3,6.978,9.197099999999997,6.2452999999999985,9.197099999999997,90000,0,sha256:1a43e0ddf8cc02438cc76d27ba1cce86da34109d2e43dcc8ed7c9d581b95b39d
mask_fragment-n100000-w256-m0900-s1111,mask_fragment,256,0.9,100000,1111,90000,early_mask_fragment,9,CTE_SCAN,3,0.387,0.415,0.34579999999999994,0.415,100000,0,sha256:1a43e0ddf8cc02438cc76d27ba1cce86da34109d2e43dcc8ed7c9d581b95b39d
mask_fragment-n100000-w256-m0900-s1111,mask_fragment,256,0.9,100000,1111,90000,early_mask_fragment,10,SEQ_SCAN,3,0.0695,0.07170000000000001,0.0323,0.07170000000000001,10000,10000,sha256:1a43e0ddf8cc02438cc76d27ba1cce86da34109d2e43dcc8ed7c9d581b95b39d
mask_fragment-n100000-w256-m0900-s1111,mask_fragment,256,0.9,100000,1111,90000,late_mask_fragment,0,EXPLAIN_ANALYZE,3,0.00039999999999999996,0.0007,0.00039999999999999996,0.0007,0,0,sha256:18bd7fb3b6d02ff88c53bf4a74124c631590d7e276f031a9034dc7f9cb857902
mask_fragment-n100000-w256-m0900-s1111,mask_fragment,256,0.9,100000,1111,90000,late_mask_fragment,1,BATCH_CREATE_TABLE_AS,3,11.246299999999998,14.773600000000002,8.699499999999999,14.773600000000002,1,0,sha256:18bd7fb3b6d02ff88c53bf4a74124c631590d7e276f031a9034dc7f9cb857902
mask_fragment-n100000-w256-m0900-s1111,mask_fragment,256,0.9,100000,1111,90000,late_mask_fragment,2,PROJECTION,3,0.8820999999999999,1.2840000000000003,0.3080999999999999,1.2840000000000003,90000,0,sha256:18bd7fb3b6d02ff88c53bf4a74124c631590d7e276f031a9034dc7f9cb857902
mask_fragment-n100000-w256-m0900-s1111,mask_fragment,256,0.9,100000,1111,90000,late_mask_fragment,3,ORDER_BY,3,61.18259999999999,87.47159999999998,56.16769999999999,87.47159999999998,90000,0,sha256:18bd7fb3b6d02ff88c53bf4a74124c631590d7e276f031a9034dc7f9cb857902
mask_fragment-n100000-w256-m0900-s1111,mask_fragment,256,0.9,100000,1111,90000,late_mask_fragment,4,PROJECTION,3,3.3780000000000014,3.4241999999999995,2.2273000000000005,3.4241999999999995,90000,0,sha256:18bd7fb3b6d02ff88c53bf4a74124c631590d7e276f031a9034dc7f9cb857902
mask_fragment-n100000-w256-m0900-s1111,mask_fragment,256,0.9,100000,1111,90000,late_mask_fragment,5,PROJECTION,3,678.9843999999998,1357.1849000000002,518.8438,1357.1849000000002,90000,0,sha256:18bd7fb3b6d02ff88c53bf4a74124c631590d7e276f031a9034dc7f9cb857902
mask_fragment-n100000-w256-m0900-s1111,mask_fragment,256,0.9,100000,1111,90000,late_mask_fragment,6,HASH_JOIN,3,1.5556,2.7386999999999997,1.4903999999999997,2.7386999999999997,90000,0,sha256:18bd7fb3b6d02ff88c53bf4a74124c631590d7e276f031a9034dc7f9cb857902
mask_fragment-n100000-w256-m0900-s1111,mask_fragment,256,0.9,100000,1111,90000,late_mask_fragment,7,SEQ_SCAN,3,9.538599999999999,10.485099999999997,7.9355,10.485099999999997,90000,100000,sha256:18bd7fb3b6d02ff88c53bf4a74124c631590d7e276f031a9034dc7f9cb857902
mask_fragment-n100000-w256-m0900-s1111,mask_fragment,256,0.9,100000,1111,90000,late_mask_fragment,8,SEQ_SCAN,3,0.04510000000000001,0.08979999999999999,0.038400000000000004,0.08979999999999999,10000,10000,sha256:18bd7fb3b6d02ff88c53bf4a74124c631590d7e276f031a9034dc7f9cb857902
mask_fragment-n100000-w256-m0900-s1222,mask_fragment,256,0.9,100000,1222,90000,early_mask_fragment,0,EXPLAIN_ANALYZE,3,0.0003,0.0006,0.00019999999999999998,0.0006,0,0,sha256:1a43e0ddf8cc02438cc76d27ba1cce86da34109d2e43dcc8ed7c9d581b95b39d
mask_fragment-n100000-w256-m0900-s1222,mask_fragment,256,0.9,100000,1222,90000,early_mask_fragment,1,BATCH_CREATE_TABLE_AS,3,9.171599999999998,13.788299999999998,8.315100000000001,13.788299999999998,1,0,sha256:1a43e0ddf8cc02438cc76d27ba1cce86da34109d2e43dcc8ed7c9d581b95b39d
mask_fragment-n100000-w256-m0900-s1222,mask_fragment,256,0.9,100000,1222,90000,early_mask_fragment,2,CTE,3,9.891200000000001,15.915599999999994,9.025300000000001,15.915599999999994,0,0,sha256:1a43e0ddf8cc02438cc76d27ba1cce86da34109d2e43dcc8ed7c9d581b95b39d
mask_fragment-n100000-w256-m0900-s1222,mask_fragment,256,0.9,100000,1222,90000,early_mask_fragment,3,PROJECTION,3,508.73960000000017,533.2325999999999,483.33230000000003,533.2325999999999,100000,0,sha256:1a43e0ddf8cc02438cc76d27ba1cce86da34109d2e43dcc8ed7c9d581b95b39d
mask_fragment-n100000-w256-m0900-s1222,mask_fragment,256,0.9,100000,1222,90000,early_mask_fragment,4,SEQ_SCAN,3,6.249599999999998,6.8194,6.081199999999998,6.8194,100000,100000,sha256:1a43e0ddf8cc02438cc76d27ba1cce86da34109d2e43dcc8ed7c9d581b95b39d
mask_fragment-n100000-w256-m0900-s1222,mask_fragment,256,0.9,100000,1222,90000,early_mask_fragment,5,PROJECTION,3,0.36030000000000006,0.4253,0.23070000000000004,0.4253,90000,0,sha256:1a43e0ddf8cc02438cc76d27ba1cce86da34109d2e43dcc8ed7c9d581b95b39d
mask_fragment-n100000-w256-m0900-s1222,mask_fragment,256,0.9,100000,1222,90000,early_mask_fragment,6,ORDER_BY,3,62.4481,87.15679999999999,55.09839999999999,87.15679999999999,90000,0,sha256:1a43e0ddf8cc02438cc76d27ba1cce86da34109d2e43dcc8ed7c9d581b95b39d
mask_fragment-n100000-w256-m0900-s1222,mask_fragment,256,0.9,100000,1222,90000,early_mask_fragment,7,PROJECTION,3,0.2744,0.6268,0.22200000000000003,0.6268,90000,0,sha256:1a43e0ddf8cc02438cc76d27ba1cce86da34109d2e43dcc8ed7c9d581b95b39d
mask_fragment-n100000-w256-m0900-s1222,mask_fragment,256,0.9,100000,1222,90000,early_mask_fragment,8,HASH_JOIN,3,7.3994,13.4338,6.1598999999999995,13.4338,90000,0,sha256:1a43e0ddf8cc02438cc76d27ba1cce86da34109d2e43dcc8ed7c9d581b95b39d
mask_fragment-n100000-w256-m0900-s1222,mask_fragment,256,0.9,100000,1222,90000,early_mask_fragment,9,CTE_SCAN,3,0.7206,1.5573000000000001,0.43900000000000006,1.5573000000000001,100000,0,sha256:1a43e0ddf8cc02438cc76d27ba1cce86da34109d2e43dcc8ed7c9d581b95b39d
mask_fragment-n100000-w256-m0900-s1222,mask_fragment,256,0.9,100000,1222,90000,early_mask_fragment,10,SEQ_SCAN,3,0.03609999999999999,0.1295,0.019200000000000002,0.1295,10000,10000,sha256:1a43e0ddf8cc02438cc76d27ba1cce86da34109d2e43dcc8ed7c9d581b95b39d
mask_fragment-n100000-w256-m0900-s1222,mask_fragment,256,0.9,100000,1222,90000,late_mask_fragment,0,EXPLAIN_ANALYZE,3,0.00019999999999999998,0.0005,0.00019999999999999998,0.0005,0,0,sha256:18bd7fb3b6d02ff88c53bf4a74124c631590d7e276f031a9034dc7f9cb857902
mask_fragment-n100000-w256-m0900-s1222,mask_fragment,256,0.9,100000,1222,90000,late_mask_fragment,1,BATCH_CREATE_TABLE_AS,3,11.966500000000005,20.4904,10.817900000000002,20.4904,1,0,sha256:18bd7fb3b6d02ff88c53bf4a74124c631590d7e276f031a9034dc7f9cb857902
mask_fragment-n100000-w256-m0900-s1222,mask_fragment,256,0.9,100000,1222,90000,late_mask_fragment,2,PROJECTION,3,0.7320000000000002,0.7528999999999999,0.5538000000000001,0.7528999999999999,90000,0,sha256:18bd7fb3b6d02ff88c53bf4a74124c631590d7e276f031a9034dc7f9cb857902
mask_fragment-n100000-w256-m0900-s1222,mask_fragment,256,0.9,100000,1222,90000,late_mask_fragment,3,ORDER_BY,3,62.554700000000004,67.73290000000001,60.16869999999999,67.73290000000001,90000,0,sha256:18bd7fb3b6d02ff88c53bf4a74124c631590d7e276f031a9034dc7f9cb857902
mask_fragment-n100000-w256-m0900-s1222,mask_fragment,256,0.9,100000,1222,90000,late_mask_fragment,4,PROJECTION,3,2.9639,3.5208999999999997,2.2577000000000007,3.5208999999999997,90000,0,sha256:18bd7fb3b6d02ff88c53bf4a74124c631590d7e276f031a9034dc7f9cb857902
mask_fragment-n100000-w256-m0900-s1222,mask_fragment,256,0.9,100000,1222,90000,late_mask_fragment,5,PROJECTION,3,460.1871,513.1306999999999,397.3997,513.1306999999999,90000,0,sha256:18bd7fb3b6d02ff88c53bf4a74124c631590d7e276f031a9034dc7f9cb857902
mask_fragment-n100000-w256-m0900-s1222,mask_fragment,256,0.9,100000,1222,90000,late_mask_fragment,6,HASH_JOIN,3,2.8798999999999997,3.4328,1.4330000000000003,3.4328,90000,0,sha256:18bd7fb3b6d02ff88c53bf4a74124c631590d7e276f031a9034dc7f9cb857902
mask_fragment-n100000-w256-m0900-s1222,mask_fragment,256,0.9,100000,1222,90000,late_mask_fragment,7,SEQ_SCAN,3,6.868100000000001,7.458399999999998,6.190099999999999,7.458399999999998,90000,100000,sha256:18bd7fb3b6d02ff88c53bf4a74124c631590d7e276f031a9034dc7f9cb857902
mask_fragment-n100000-w256-m0900-s1222,mask_fragment,256,0.9,100000,1222,90000,late_mask_fragment,8,SEQ_SCAN,3,0.05669999999999999,0.2647,0.045200000000000004,0.2647,10000,10000,sha256:18bd7fb3b6d02ff88c53bf4a74124c631590d7e276f031a9034dc7f9cb857902
mask_fragment-n100000-w256-m0900-s1333,mask_fragment,256,0.9,100000,1333,90000,early_mask_fragment,0,EXPLAIN_ANALYZE,3,0.0003,0.0003,0.00019999999999999998,0.0003,0,0,sha256:1a43e0ddf8cc02438cc76d27ba1cce86da34109d2e43dcc8ed7c9d581b95b39d
mask_fragment-n100000-w256-m0900-s1333,mask_fragment,256,0.9,100000,1333,90000,early_mask_fragment,1,BATCH_CREATE_TABLE_AS,3,9.667599999999998,17.9328,8.848399999999996,17.9328,1,0,sha256:1a43e0ddf8cc02438cc76d27ba1cce86da34109d2e43dcc8ed7c9d581b95b39d
mask_fragment-n100000-w256-m0900-s1333,mask_fragment,256,0.9,100000,1333,90000,early_mask_fragment,2,CTE,3,10.730699999999999,15.225399999999999,7.869900000000001,15.225399999999999,0,0,sha256:1a43e0ddf8cc02438cc76d27ba1cce86da34109d2e43dcc8ed7c9d581b95b39d
mask_fragment-n100000-w256-m0900-s1333,mask_fragment,256,0.9,100000,1333,90000,early_mask_fragment,3,PROJECTION,3,549.5434,556.837,439.92749999999984,556.837,100000,0,sha256:1a43e0ddf8cc02438cc76d27ba1cce86da34109d2e43dcc8ed7c9d581b95b39d
mask_fragment-n100000-w256-m0900-s1333,mask_fragment,256,0.9,100000,1333,90000,early_mask_fragment,4,SEQ_SCAN,3,8.915099999999999,9.279499999999999,7.452299999999998,9.279499999999999,100000,100000,sha256:1a43e0ddf8cc02438cc76d27ba1cce86da34109d2e43dcc8ed7c9d581b95b39d
mask_fragment-n100000-w256-m0900-s1333,mask_fragment,256,0.9,100000,1333,90000,early_mask_fragment,5,PROJECTION,3,0.5357,0.7215999999999999,0.29280000000000006,0.7215999999999999,90000,0,sha256:1a43e0ddf8cc02438cc76d27ba1cce86da34109d2e43dcc8ed7c9d581b95b39d
mask_fragment-n100000-w256-m0900-s1333,mask_fragment,256,0.9,100000,1333,90000,early_mask_fragment,6,ORDER_BY,3,58.743700000000025,82.02279999999999,51.915000000000006,82.02279999999999,90000,0,sha256:1a43e0ddf8cc02438cc76d27ba1cce86da34109d2e43dcc8ed7c9d581b95b39d
mask_fragment-n100000-w256-m0900-s1333,mask_fragment,256,0.9,100000,1333,90000,early_mask_fragment,7,PROJECTION,3,0.23,0.3121,0.20450000000000002,0.3121,90000,0,sha256:1a43e0ddf8cc02438cc76d27ba1cce86da34109d2e43dcc8ed7c9d581b95b39d
mask_fragment-n100000-w256-m0900-s1333,mask_fragment,256,0.9,100000,1333,90000,early_mask_fragment,8,HASH_JOIN,3,5.779800000000001,8.790099999999999,4.7496,8.790099999999999,90000,0,sha256:1a43e0ddf8cc02438cc76d27ba1cce86da34109d2e43dcc8ed7c9d581b95b39d
mask_fragment-n100000-w256-m0900-s1333,mask_fragment,256,0.9,100000,1333,90000,early_mask_fragment,9,CTE_SCAN,3,0.2961,0.305,0.23639999999999997,0.305,100000,0,sha256:1a43e0ddf8cc02438cc76d27ba1cce86da34109d2e43dcc8ed7c9d581b95b39d
mask_fragment-n100000-w256-m0900-s1333,mask_fragment,256,0.9,100000,1333,90000,early_mask_fragment,10,SEQ_SCAN,3,0.04300000000000001,0.2503,0.037500000000000006,0.2503,10000,10000,sha256:1a43e0ddf8cc02438cc76d27ba1cce86da34109d2e43dcc8ed7c9d581b95b39d
mask_fragment-n100000-w256-m0900-s1333,mask_fragment,256,0.9,100000,1333,90000,late_mask_fragment,0,EXPLAIN_ANALYZE,3,0.00039999999999999996,0.0023,0.0003,0.0023,0,0,sha256:18bd7fb3b6d02ff88c53bf4a74124c631590d7e276f031a9034dc7f9cb857902
mask_fragment-n100000-w256-m0900-s1333,mask_fragment,256,0.9,100000,1333,90000,late_mask_fragment,1,BATCH_CREATE_TABLE_AS,3,10.002899999999999,12.150599999999995,9.0905,12.150599999999995,1,0,sha256:18bd7fb3b6d02ff88c53bf4a74124c631590d7e276f031a9034dc7f9cb857902
mask_fragment-n100000-w256-m0900-s1333,mask_fragment,256,0.9,100000,1333,90000,late_mask_fragment,2,PROJECTION,3,0.4918,0.6941999999999999,0.37010000000000004,0.6941999999999999,90000,0,sha256:18bd7fb3b6d02ff88c53bf4a74124c631590d7e276f031a9034dc7f9cb857902
mask_fragment-n100000-w256-m0900-s1333,mask_fragment,256,0.9,100000,1333,90000,late_mask_fragment,3,ORDER_BY,3,62.562000000000005,64.7969,54.6725,64.7969,90000,0,sha256:18bd7fb3b6d02ff88c53bf4a74124c631590d7e276f031a9034dc7f9cb857902
mask_fragment-n100000-w256-m0900-s1333,mask_fragment,256,0.9,100000,1333,90000,late_mask_fragment,4,PROJECTION,3,2.5196,2.7159999999999997,2.2451999999999996,2.7159999999999997,90000,0,sha256:18bd7fb3b6d02ff88c53bf4a74124c631590d7e276f031a9034dc7f9cb857902
mask_fragment-n100000-w256-m0900-s1333,mask_fragment,256,0.9,100000,1333,90000,late_mask_fragment,5,PROJECTION,3,455.1216999999999,495.1970999999999,394.6073,495.1970999999999,90000,0,sha256:18bd7fb3b6d02ff88c53bf4a74124c631590d7e276f031a9034dc7f9cb857902
mask_fragment-n100000-w256-m0900-s1333,mask_fragment,256,0.9,100000,1333,90000,late_mask_fragment,6,HASH_JOIN,3,1.3491,1.4407999999999996,1.2298,1.4407999999999996,90000,0,sha256:18bd7fb3b6d02ff88c53bf4a74124c631590d7e276f031a9034dc7f9cb857902
mask_fragment-n100000-w256-m0900-s1333,mask_fragment,256,0.9,100000,1333,90000,late_mask_fragment,7,SEQ_SCAN,3,7.487199999999999,8.070500000000001,7.290600000000002,8.070500000000001,90000,100000,sha256:18bd7fb3b6d02ff88c53bf4a74124c631590d7e276f031a9034dc7f9cb857902
mask_fragment-n100000-w256-m0900-s1333,mask_fragment,256,0.9,100000,1333,90000,late_mask_fragment,8,SEQ_SCAN,3,0.035300000000000005,0.0455,0.0185,0.0455,10000,10000,sha256:18bd7fb3b6d02ff88c53bf4a74124c631590d7e276f031a9034dc7f9cb857902
mask_fragment-n100000-w256-m0900-s1444,mask_fragment,256,0.9,100000,1444,90000,early_mask_fragment,0,EXPLAIN_ANALYZE,3,0.0003,0.00039999999999999996,0.0003,0.00039999999999999996,0,0,sha256:1a43e0ddf8cc02438cc76d27ba1cce86da34109d2e43dcc8ed7c9d581b95b39d
mask_fragment-n100000-w256-m0900-s1444,mask_fragment,256,0.9,100000,1444,90000,early_mask_fragment,1,BATCH_CREATE_TABLE_AS,3,12.1523,12.4281,9.6545,12.4281,1,0,sha256:1a43e0ddf8cc02438cc76d27ba1cce86da34109d2e43dcc8ed7c9d581b95b39d
mask_fragment-n100000-w256-m0900-s1444,mask_fragment,256,0.9,100000,1444,90000,early_mask_fragment,2,CTE,3,9.367199999999997,16.228899999999996,9.279699999999998,16.228899999999996,0,0,sha256:1a43e0ddf8cc02438cc76d27ba1cce86da34109d2e43dcc8ed7c9d581b95b39d
mask_fragment-n100000-w256-m0900-s1444,mask_fragment,256,0.9,100000,1444,90000,early_mask_fragment,3,PROJECTION,3,470.79060000000004,477.72080000000005,440.9355,477.72080000000005,100000,0,sha256:1a43e0ddf8cc02438cc76d27ba1cce86da34109d2e43dcc8ed7c9d581b95b39d
mask_fragment-n100000-w256-m0900-s1444,mask_fragment,256,0.9,100000,1444,90000,early_mask_fragment,4,SEQ_SCAN,3,8.303199999999997,11.058300000000004,6.1857,11.058300000000004,100000,100000,sha256:1a43e0ddf8cc02438cc76d27ba1cce86da34109d2e43dcc8ed7c9d581b95b39d
mask_fragment-n100000-w256-m0900-s1444,mask_fragment,256,0.9,100000,1444,90000,early_mask_fragment,5,PROJECTION,3,0.40610000000000007,0.9202000000000001,0.3153000000000001,0.9202000000000001,90000,0,sha256:1a43e0ddf8cc02438cc76d27ba1cce86da34109d2e43dcc8ed7c9d581b95b39d
mask_fragment-n100000-w256-m0900-s1444,mask_fragment,256,0.9,100000,1444,90000,early_mask_fragment,6,ORDER_BY,3,66.5932,71.87890000000002,60.089000000000006,71.87890000000002,90000,0,sha256:1a43e0ddf8cc02438cc76d27ba1cce86da34109d2e43dcc8ed7c9d581b95b39d
mask_fragment-n100000-w256-m0900-s1444,mask_fragment,256,0.9,100000,1444,90000,early_mask_fragment,7,PROJECTION,3,0.2051,0.2215,0.19510000000000002,0.2215,90000,0,sha256:1a43e0ddf8cc02438cc76d27ba1cce86da34109d2e43dcc8ed7c9d581b95b39d
mask_fragment-n100000-w256-m0900-s1444,mask_fragment,256,0.9,100000,1444,90000,early_mask_fragment,8,HASH_JOIN,3,4.9106,5.3602,4.426199999999999,5.3602,90000,0,sha256:1a43e0ddf8cc02438cc76d27ba1cce86da34109d2e43dcc8ed7c9d581b95b39d
mask_fragment-n100000-w256-m0900-s1444,mask_fragment,256,0.9,100000,1444,90000,early_mask_fragment,9,CTE_SCAN,3,0.2704,0.28650000000000003,0.23709999999999998,0.28650000000000003,100000,0,sha256:1a43e0ddf8cc02438cc76d27ba1cce86da34109d2e43dcc8ed7c9d581b95b39d
mask_fragment-n100000-w256-m0900-s1444,mask_fragment,256,0.9,100000,1444,90000,early_mask_fragment,10,SEQ_SCAN,3,0.0297,0.0398,0.0223,0.0398,10000,10000,sha256:1a43e0ddf8cc02438cc76d27ba1cce86da34109d2e43dcc8ed7c9d581b95b39d
mask_fragment-n100000-w256-m0900-s1444,mask_fragment,256,0.9,100000,1444,90000,late_mask_fragment,0,EXPLAIN_ANALYZE,3,0.0003,0.0003,0.0003,0.0003,0,0,sha256:18bd7fb3b6d02ff88c53bf4a74124c631590d7e276f031a9034dc7f9cb857902
mask_fragment-n100000-w256-m0900-s1444,mask_fragment,256,0.9,100000,1444,90000,late_mask_fragment,1,BATCH_CREATE_TABLE_AS,3,12.4726,16.619199999999996,9.636799999999996,16.619199999999996,1,0,sha256:18bd7fb3b6d02ff88c53bf4a74124c631590d7e276f031a9034dc7f9cb857902
mask_fragment-n100000-w256-m0900-s1444,mask_fragment,256,0.9,100000,1444,90000,late_mask_fragment,2,PROJECTION,3,0.6706999999999999,1.2625000000000002,0.5633999999999999,1.2625000000000002,90000,0,sha256:18bd7fb3b6d02ff88c53bf4a74124c631590d7e276f031a9034dc7f9cb857902
mask_fragment-n100000-w256-m0900-s1444,mask_fragment,256,0.9,100000,1444,90000,late_mask_fragment,3,ORDER_BY,3,71.84100000000001,75.4348,61.79239999999999,75.4348,90000,0,sha256:18bd7fb3b6d02ff88c53bf4a74124c631590d7e276f031a9034dc7f9cb857902
mask_fragment-n100000-w256-m0900-s1444,mask_fragment,256,0.9,100000,1444,90000,late_mask_fragment,4,PROJECTION,3,3.0181999999999998,3.1900999999999993,2.8000999999999996,3.1900999999999993,90000,0,sha256:18bd7fb3b6d02ff88c53bf4a74124c631590d7e276f031a9034dc7f9cb857902
mask_fragment-n100000-w256-m0900-s1444,mask_fragment,256,0.9,100000,1444,90000,late_mask_fragment,5,PROJECTION,3,686.6983,823.1523999999998,435.21080000000006,823.1523999999998,90000,0,sha256:18bd7fb3b6d02ff88c53bf4a74124c631590d7e276f031a9034dc7f9cb857902
mask_fragment-n100000-w256-m0900-s1444,mask_fragment,256,0.9,100000,1444,90000,late_mask_fragment,6,HASH_JOIN,3,2.0738000000000008,2.2576,1.7162,2.2576,90000,0,sha256:18bd7fb3b6d02ff88c53bf4a74124c631590d7e276f031a9034dc7f9cb857902
mask_fragment-n100000-w256-m0900-s1444,mask_fragment,256,0.9,100000,1444,90000,late_mask_fragment,7,SEQ_SCAN,3,7.4765999999999995,9.921500000000002,6.951100000000001,9.921500000000002,90000,100000,sha256:18bd7fb3b6d02ff88c53bf4a74124c631590d7e276f031a9034dc7f9cb857902
mask_fragment-n100000-w256-m0900-s1444,mask_fragment,256,0.9,100000,1444,90000,late_mask_fragment,8,SEQ_SCAN,3,0.041999999999999996,0.1198,0.0191,0.1198,10000,10000,sha256:18bd7fb3b6d02ff88c53bf4a74124c631590d7e276f031a9034dc7f9cb857902
mask_fragment-n100000-w256-m0900-s1555,mask_fragment,256,0.9,100000,1555,90000,early_mask_fragment,0,EXPLAIN_ANALYZE,3,0.0003,0.0005,0.00019999999999999998,0.0005,0,0,sha256:1a43e0ddf8cc02438cc76d27ba1cce86da34109d2e43dcc8ed7c9d581b95b39d
mask_fragment-n100000-w256-m0900-s1555,mask_fragment,256,0.9,100000,1555,90000,early_mask_fragment,1,BATCH_CREATE_TABLE_AS,3,11.2474,14.792299999999994,10.2019,14.792299999999994,1,0,sha256:1a43e0ddf8cc02438cc76d27ba1cce86da34109d2e43dcc8ed7c9d581b95b39d
mask_fragment-n100000-w256-m0900-s1555,mask_fragment,256,0.9,100000,1555,90000,early_mask_fragment,2,CTE,3,9.7127,17.150200000000005,9.1621,17.150200000000005,0,0,sha256:1a43e0ddf8cc02438cc76d27ba1cce86da34109d2e43dcc8ed7c9d581b95b39d
mask_fragment-n100000-w256-m0900-s1555,mask_fragment,256,0.9,100000,1555,90000,early_mask_fragment,3,PROJECTION,3,567.5869,1331.3701999999998,536.4909000000001,1331.3701999999998,100000,0,sha256:1a43e0ddf8cc02438cc76d27ba1cce86da34109d2e43dcc8ed7c9d581b95b39d
mask_fragment-n100000-w256-m0900-s1555,mask_fragment,256,0.9,100000,1555,90000,early_mask_fragment,4,SEQ_SCAN,3,8.7813,8.9439,8.617299999999998,8.9439,100000,100000,sha256:1a43e0ddf8cc02438cc76d27ba1cce86da34109d2e43dcc8ed7c9d581b95b39d
mask_fragment-n100000-w256-m0900-s1555,mask_fragment,256,0.9,100000,1555,90000,early_mask_fragment,5,PROJECTION,3,0.31139999999999995,0.40199999999999997,0.30959999999999993,0.40199999999999997,90000,0,sha256:1a43e0ddf8cc02438cc76d27ba1cce86da34109d2e43dcc8ed7c9d581b95b39d
mask_fragment-n100000-w256-m0900-s1555,mask_fragment,256,0.9,100000,1555,90000,early_mask_fragment,6,ORDER_BY,3,73.96190000000003,84.87590000000002,62.948699999999995,84.87590000000002,90000,0,sha256:1a43e0ddf8cc02438cc76d27ba1cce86da34109d2e43dcc8ed7c9d581b95b39d
mask_fragment-n100000-w256-m0900-s1555,mask_fragment,256,0.9,100000,1555,90000,early_mask_fragment,7,PROJECTION,3,0.2311,0.4526,0.2056,0.4526,90000,0,sha256:1a43e0ddf8cc02438cc76d27ba1cce86da34109d2e43dcc8ed7c9d581b95b39d
mask_fragment-n100000-w256-m0900-s1555,mask_fragment,256,0.9,100000,1555,90000,early_mask_fragment,8,HASH_JOIN,3,7.0124,11.8396,5.765899999999999,11.8396,90000,0,sha256:1a43e0ddf8cc02438cc76d27ba1cce86da34109d2e43dcc8ed7c9d581b95b39d
mask_fragment-n100000-w256-m0900-s1555,mask_fragment,256,0.9,100000,1555,90000,early_mask_fragment,9,CTE_SCAN,3,0.37129999999999996,0.676,0.32639999999999997,0.676,100000,0,sha256:1a43e0ddf8cc02438cc76d27ba1cce86da34109d2e43dcc8ed7c9d581b95b39d
mask_fragment-n100000-w256-m0900-s1555,mask_fragment,256,0.9,100000,1555,90000,early_mask_fragment,10,SEQ_SCAN,3,0.053200000000000004,0.0833,0.0233,0.0833,10000,10000,sha256:1a43e0ddf8cc02438cc76d27ba1cce86da34109d2e43dcc8ed7c9d581b95b39d
mask_fragment-n100000-w256-m0900-s1555,mask_fragment,256,0.9,100000,1555,90000,late_mask_fragment,0,EXPLAIN_ANALYZE,3,0.0003,0.0006,0.0003,0.0006,0,0,sha256:18bd7fb3b6d02ff88c53bf4a74124c631590d7e276f031a9034dc7f9cb857902
mask_fragment-n100000-w256-m0900-s1555,mask_fragment,256,0.9,100000,1555,90000,late_mask_fragment,1,BATCH_CREATE_TABLE_AS,3,9.4124,9.575199999999999,9.357000000000001,9.575199999999999,1,0,sha256:18bd7fb3b6d02ff88c53bf4a74124c631590d7e276f031a9034dc7f9cb857902
mask_fragment-n100000-w256-m0900-s1555,mask_fragment,256,0.9,100000,1555,90000,late_mask_fragment,2,PROJECTION,3,0.5239,0.7272000000000001,0.4085999999999999,0.7272000000000001,90000,0,sha256:18bd7fb3b6d02ff88c53bf4a74124c631590d7e276f031a9034dc7f9cb857902
mask_fragment-n100000-w256-m0900-s1555,mask_fragment,256,0.9,100000,1555,90000,late_mask_fragment,3,ORDER_BY,3,59.49179999999999,61.12469999999999,55.71039999999999,61.12469999999999,90000,0,sha256:18bd7fb3b6d02ff88c53bf4a74124c631590d7e276f031a9034dc7f9cb857902
mask_fragment-n100000-w256-m0900-s1555,mask_fragment,256,0.9,100000,1555,90000,late_mask_fragment,4,PROJECTION,3,2.8452999999999995,4.642800000000001,2.6809000000000003,4.642800000000001,90000,0,sha256:18bd7fb3b6d02ff88c53bf4a74124c631590d7e276f031a9034dc7f9cb857902
mask_fragment-n100000-w256-m0900-s1555,mask_fragment,256,0.9,100000,1555,90000,late_mask_fragment,5,PROJECTION,3,457.73519999999996,1308.8133,448.1949,1308.8133,90000,0,sha256:18bd7fb3b6d02ff88c53bf4a74124c631590d7e276f031a9034dc7f9cb857902
mask_fragment-n100000-w256-m0900-s1555,mask_fragment,256,0.9,100000,1555,90000,late_mask_fragment,6,HASH_JOIN,3,1.4569,2.0458,1.4112,2.0458,90000,0,sha256:18bd7fb3b6d02ff88c53bf4a74124c631590d7e276f031a9034dc7f9cb857902
mask_fragment-n100000-w256-m0900-s1555,mask_fragment,256,0.9,100000,1555,90000,late_mask_fragment,7,SEQ_SCAN,3,8.8786,8.9379,6.4002,8.9379,90000,100000,sha256:18bd7fb3b6d02ff88c53bf4a74124c631590d7e276f031a9034dc7f9cb857902
mask_fragment-n100000-w256-m0900-s1555,mask_fragment,256,0.9,100000,1555,90000,late_mask_fragment,8,SEQ_SCAN,3,0.0356,0.20659999999999998,0.0195,0.20659999999999998,10000,10000,sha256:18bd7fb3b6d02ff88c53bf4a74124c631590d7e276f031a9034dc7f9cb857902
mask_fragment-n100000-w256-m1000-s1111,mask_fragment,256,1.0,100000,1111,100000,early_mask_fragment,0,EXPLAIN_ANALYZE,3,0.00039999999999999996,0.0013,0.0003,0.0013,0,0,sha256:1a43e0ddf8cc02438cc76d27ba1cce86da34109d2e43dcc8ed7c9d581b95b39d
mask_fragment-n100000-w256-m1000-s1111,mask_fragment,256,1.0,100000,1111,100000,early_mask_fragment,1,BATCH_CREATE_TABLE_AS,3,12.5604,13.101300000000004,12.331600000000002,13.101300000000004,1,0,sha256:1a43e0ddf8cc02438cc76d27ba1cce86da34109d2e43dcc8ed7c9d581b95b39d
mask_fragment-n100000-w256-m1000-s1111,mask_fragment,256,1.0,100000,1111,100000,early_mask_fragment,2,CTE,3,10.789699999999998,16.7371,8.366800000000001,16.7371,0,0,sha256:1a43e0ddf8cc02438cc76d27ba1cce86da34109d2e43dcc8ed7c9d581b95b39d
mask_fragment-n100000-w256-m1000-s1111,mask_fragment,256,1.0,100000,1111,100000,early_mask_fragment,3,PROJECTION,3,542.5467,1396.7018,491.2064999999999,1396.7018,100000,0,sha256:1a43e0ddf8cc02438cc76d27ba1cce86da34109d2e43dcc8ed7c9d581b95b39d
mask_fragment-n100000-w256-m1000-s1111,mask_fragment,256,1.0,100000,1111,100000,early_mask_fragment,4,SEQ_SCAN,3,6.311799999999999,6.531500000000002,6.307999999999999,6.531500000000002,100000,100000,sha256:1a43e0ddf8cc02438cc76d27ba1cce86da34109d2e43dcc8ed7c9d581b95b39d
mask_fragment-n100000-w256-m1000-s1111,mask_fragment,256,1.0,100000,1111,100000,early_mask_fragment,5,PROJECTION,3,0.4234,0.6168,0.3134,0.6168,100000,0,sha256:1a43e0ddf8cc02438cc76d27ba1cce86da34109d2e43dcc8ed7c9d581b95b39d
mask_fragment-n100000-w256-m1000-s1111,mask_fragment,256,1.0,100000,1111,100000,early_mask_fragment,6,ORDER_BY,3,77.44229999999999,80.13639999999998,66.8307,80.13639999999998,100000,0,sha256:1a43e0ddf8cc02438cc76d27ba1cce86da34109d2e43dcc8ed7c9d581b95b39d
mask_fragment-n100000-w256-m1000-s1111,mask_fragment,256,1.0,100000,1111,100000,early_mask_fragment,7,PROJECTION,3,0.2587,0.2645,0.217,0.2645,100000,0,sha256:1a43e0ddf8cc02438cc76d27ba1cce86da34109d2e43dcc8ed7c9d581b95b39d
mask_fragment-n100000-w256-m1000-s1111,mask_fragment,256,1.0,100000,1111,100000,early_mask_fragment,8,HASH_JOIN,3,5.7998,7.9346,5.1064,7.9346,100000,0,sha256:1a43e0ddf8cc02438cc76d27ba1cce86da34109d2e43dcc8ed7c9d581b95b39d
mask_fragment-n100000-w256-m1000-s1111,mask_fragment,256,1.0,100000,1111,100000,early_mask_fragment,9,CTE_SCAN,3,0.4213,0.5569000000000001,0.2772,0.5569000000000001,100000,0,sha256:1a43e0ddf8cc02438cc76d27ba1cce86da34109d2e43dcc8ed7c9d581b95b39d
mask_fragment-n100000-w256-m1000-s1111,mask_fragment,256,1.0,100000,1111,100000,early_mask_fragment,10,SEQ_SCAN,3,0.041299999999999996,0.0576,0.0344,0.0576,10000,10000,sha256:1a43e0ddf8cc02438cc76d27ba1cce86da34109d2e43dcc8ed7c9d581b95b39d
mask_fragment-n100000-w256-m1000-s1111,mask_fragment,256,1.0,100000,1111,100000,late_mask_fragment,0,EXPLAIN_ANALYZE,3,0.0003,0.0011,0.0003,0.0011,0,0,sha256:92b825cb6ca6efd8c921ae328d9dcd567e5fc1cecda65d185180a168e33b45c9
mask_fragment-n100000-w256-m1000-s1111,mask_fragment,256,1.0,100000,1111,100000,late_mask_fragment,1,BATCH_CREATE_TABLE_AS,3,14.6436,23.012700000000006,11.746100000000002,23.012700000000006,1,0,sha256:92b825cb6ca6efd8c921ae328d9dcd567e5fc1cecda65d185180a168e33b45c9
mask_fragment-n100000-w256-m1000-s1111,mask_fragment,256,1.0,100000,1111,100000,late_mask_fragment,2,PROJECTION,3,0.9832000000000001,1.0425,0.8544999999999999,1.0425,100000,0,sha256:92b825cb6ca6efd8c921ae328d9dcd567e5fc1cecda65d185180a168e33b45c9
mask_fragment-n100000-w256-m1000-s1111,mask_fragment,256,1.0,100000,1111,100000,late_mask_fragment,3,ORDER_BY,3,87.14529999999999,99.26260000000002,79.20190000000002,99.26260000000002,100000,0,sha256:92b825cb6ca6efd8c921ae328d9dcd567e5fc1cecda65d185180a168e33b45c9
mask_fragment-n100000-w256-m1000-s1111,mask_fragment,256,1.0,100000,1111,100000,late_mask_fragment,4,PROJECTION,3,2.3016999999999994,3.2326999999999995,2.2239999999999998,3.2326999999999995,100000,0,sha256:92b825cb6ca6efd8c921ae328d9dcd567e5fc1cecda65d185180a168e33b45c9
mask_fragment-n100000-w256-m1000-s1111,mask_fragment,256,1.0,100000,1111,100000,late_mask_fragment,5,PROJECTION,3,569.7142,1603.2095000000002,496.8189999999999,1603.2095000000002,100000,0,sha256:92b825cb6ca6efd8c921ae328d9dcd567e5fc1cecda65d185180a168e33b45c9
mask_fragment-n100000-w256-m1000-s1111,mask_fragment,256,1.0,100000,1111,100000,late_mask_fragment,6,HASH_JOIN,3,2.1698999999999993,2.9516,1.5849999999999995,2.9516,100000,0,sha256:92b825cb6ca6efd8c921ae328d9dcd567e5fc1cecda65d185180a168e33b45c9
mask_fragment-n100000-w256-m1000-s1111,mask_fragment,256,1.0,100000,1111,100000,late_mask_fragment,7,SEQ_SCAN,3,6.8858000000000015,8.7219,6.739199999999998,8.7219,100000,100000,sha256:92b825cb6ca6efd8c921ae328d9dcd567e5fc1cecda65d185180a168e33b45c9
mask_fragment-n100000-w256-m1000-s1111,mask_fragment,256,1.0,100000,1111,100000,late_mask_fragment,8,SEQ_SCAN,3,0.0324,0.10420000000000001,0.032,0.10420000000000001,10000,10000,sha256:92b825cb6ca6efd8c921ae328d9dcd567e5fc1cecda65d185180a168e33b45c9
mask_fragment-n100000-w256-m1000-s1222,mask_fragment,256,1.0,100000,1222,100000,early_mask_fragment,0,EXPLAIN_ANALYZE,3,0.0003,0.0007,0.0003,0.0007,0,0,sha256:1a43e0ddf8cc02438cc76d27ba1cce86da34109d2e43dcc8ed7c9d581b95b39d
mask_fragment-n100000-w256-m1000-s1222,mask_fragment,256,1.0,100000,1222,100000,early_mask_fragment,1,BATCH_CREATE_TABLE_AS,3,11.698,17.074400000000004,10.469100000000001,17.074400000000004,1,0,sha256:1a43e0ddf8cc02438cc76d27ba1cce86da34109d2e43dcc8ed7c9d581b95b39d
mask_fragment-n100000-w256-m1000-s1222,mask_fragment,256,1.0,100000,1222,100000,early_mask_fragment,2,CTE,3,11.845399999999998,14.475000000000005,9.886799999999997,14.475000000000005,0,0,sha256:1a43e0ddf8cc02438cc76d27ba1cce86da34109d2e43dcc8ed7c9d581b95b39d
mask_fragment-n100000-w256-m1000-s1222,mask_fragment,256,1.0,100000,1222,100000,early_mask_fragment,3,PROJECTION,3,553.0956,568.9571999999998,504.7343000000001,568.9571999999998,100000,0,sha256:1a43e0ddf8cc02438cc76d27ba1cce86da34109d2e43dcc8ed7c9d581b95b39d
mask_fragment-n100000-w256-m1000-s1222,mask_fragment,256,1.0,100000,1222,100000,early_mask_fragment,4,SEQ_SCAN,3,6.638399999999998,7.164100000000002,6.405700000000003,7.164100000000002,100000,100000,sha256:1a43e0ddf8cc02438cc76d27ba1cce86da34109d2e43dcc8ed7c9d581b95b39d
mask_fragment-n100000-w256-m1000-s1222,mask_fragment,256,1.0,100000,1222,100000,early_mask_fragment,5,PROJECTION,3,0.40880000000000005,0.4243,0.36019999999999996,0.4243,100000,0,sha256:1a43e0ddf8cc02438cc76d27ba1cce86da34109d2e43dcc8ed7c9d581b95b39d
mask_fragment-n100000-w256-m1000-s1222,mask_fragment,256,1.0,100000,1222,100000,early_mask_fragment,6,ORDER_BY,3,72.92200000000001,81.22599999999998,67.85450000000002,81.22599999999998,100000,0,sha256:1a43e0ddf8cc02438cc76d27ba1cce86da34109d2e43dcc8ed7c9d581b95b39d
mask_fragment-n100000-w256-m1000-s1222,mask_fragment,256,1.0,100000,1222,100000,early_mask_fragment,7,PROJECTION,3,0.21359999999999998,0.24609999999999996,0.2045,0.24609999999999996,100000,0,sha256:1a43e0ddf8cc02438cc76d27ba1cce86da34109d2e43dcc8ed7c9d581b95b39d
mask_fragment-n100000-w256-m1000-s1222,mask_fragment,256,1.0,100000,1222,100000,early_mask_fragment,8,HASH_JOIN,3,5.4196,6.4940999999999995,5.0687,6.4940999999999995,100000,0,sha256:1a43e0ddf8cc02438cc76d27ba1cce86da34109d2e43dcc8ed7c9d581b95b39d
mask_fragment-n100000-w256-m1000-s1222,mask_fragment,256,1.0,100000,1222,100000,early_mask_fragment,9,CTE_SCAN,3,0.28240000000000004,0.3967,0.25100000000000006,0.3967,100000,0,sha256:1a43e0ddf8cc02438cc76d27ba1cce86da34109d2e43dcc8ed7c9d581b95b39d
mask_fragment-n100000-w256-m1000-s1222,mask_fragment,256,1.0,100000,1222,100000,early_mask_fragment,10,SEQ_SCAN,3,0.021799999999999996,0.0309,0.0159,0.0309,10000,10000,sha256:1a43e0ddf8cc02438cc76d27ba1cce86da34109d2e43dcc8ed7c9d581b95b39d
mask_fragment-n100000-w256-m1000-s1222,mask_fragment,256,1.0,100000,1222,100000,late_mask_fragment,0,EXPLAIN_ANALYZE,3,0.00039999999999999996,0.0006,0.00039999999999999996,0.0006,0,0,sha256:92b825cb6ca6efd8c921ae328d9dcd567e5fc1cecda65d185180a168e33b45c9
mask_fragment-n100000-w256-m1000-s1222,mask_fragment,256,1.0,100000,1222,100000,late_mask_fragment,1,BATCH_CREATE_TABLE_AS,3,12.0481,17.4616,10.8622,17.4616,1,0,sha256:92b825cb6ca6efd8c921ae328d9dcd567e5fc1cecda65d185180a168e33b45c9
mask_fragment-n100000-w256-m1000-s1222,mask_fragment,256,1.0,100000,1222,100000,late_mask_fragment,2,PROJECTION,3,0.7467000000000003,0.8273999999999997,0.6379,0.8273999999999997,100000,0,sha256:92b825cb6ca6efd8c921ae328d9dcd567e5fc1cecda65d185180a168e33b45c9
mask_fragment-n100000-w256-m1000-s1222,mask_fragment,256,1.0,100000,1222,100000,late_mask_fragment,3,ORDER_BY,3,77.2973,80.4445,76.15339999999998,80.4445,100000,0,sha256:92b825cb6ca6efd8c921ae328d9dcd567e5fc1cecda65d185180a168e33b45c9
mask_fragment-n100000-w256-m1000-s1222,mask_fragment,256,1.0,100000,1222,100000,late_mask_fragment,4,PROJECTION,3,2.7775,3.1767000000000003,2.4343999999999997,3.1767000000000003,100000,0,sha256:92b825cb6ca6efd8c921ae328d9dcd567e5fc1cecda65d185180a168e33b45c9
mask_fragment-n100000-w256-m1000-s1222,mask_fragment,256,1.0,100000,1222,100000,late_mask_fragment,5,PROJECTION,3,529.3938,1577.6017999999995,494.3879999999998,1577.6017999999995,100000,0,sha256:92b825cb6ca6efd8c921ae328d9dcd567e5fc1cecda65d185180a168e33b45c9
mask_fragment-n100000-w256-m1000-s1222,mask_fragment,256,1.0,100000,1222,100000,late_mask_fragment,6,HASH_JOIN,3,2.4945000000000004,3.1383,1.9202,3.1383,100000,0,sha256:92b825cb6ca6efd8c921ae328d9dcd567e5fc1cecda65d185180a168e33b45c9
mask_fragment-n100000-w256-m1000-s1222,mask_fragment,256,1.0,100000,1222,100000,late_mask_fragment,7,SEQ_SCAN,3,7.5965,7.765500000000001,6.9777999999999984,7.765500000000001,100000,100000,sha256:92b825cb6ca6efd8c921ae328d9dcd567e5fc1cecda65d185180a168e33b45c9
mask_fragment-n100000-w256-m1000-s1222,mask_fragment,256,1.0,100000,1222,100000,late_mask_fragment,8,SEQ_SCAN,3,0.0415,0.13759999999999997,0.0202,0.13759999999999997,10000,10000,sha256:92b825cb6ca6efd8c921ae328d9dcd567e5fc1cecda65d185180a168e33b45c9
mask_fragment-n100000-w256-m1000-s1333,mask_fragment,256,1.0,100000,1333,100000,early_mask_fragment,0,EXPLAIN_ANALYZE,3,0.00039999999999999996,0.0005,0.00039999999999999996,0.0005,0,0,sha256:1a43e0ddf8cc02438cc76d27ba1cce86da34109d2e43dcc8ed7c9d581b95b39d
mask_fragment-n100000-w256-m1000-s1333,mask_fragment,256,1.0,100000,1333,100000,early_mask_fragment,1,BATCH_CREATE_TABLE_AS,3,14.214100000000002,19.3925,13.481699999999998,19.3925,1,0,sha256:1a43e0ddf8cc02438cc76d27ba1cce86da34109d2e43dcc8ed7c9d581b95b39d
mask_fragment-n100000-w256-m1000-s1333,mask_fragment,256,1.0,100000,1333,100000,early_mask_fragment,2,CTE,3,10.2248,17.033199999999997,9.5347,17.033199999999997,0,0,sha256:1a43e0ddf8cc02438cc76d27ba1cce86da34109d2e43dcc8ed7c9d581b95b39d
mask_fragment-n100000-w256-m1000-s1333,mask_fragment,256,1.0,100000,1333,100000,early_mask_fragment,3,PROJECTION,3,637.3195999999999,1658.7459999999999,511.2922,1658.7459999999999,100000,0,sha256:1a43e0ddf8cc02438cc76d27ba1cce86da34109d2e43dcc8ed7c9d581b95b39d
mask_fragment-n100000-w256-m1000-s1333,mask_fragment,256,1.0,100000,1333,100000,early_mask_fragment,4,SEQ_SCAN,3,7.1748,9.7183,6.279499999999999,9.7183,100000,100000,sha256:1a43e0ddf8cc02438cc76d27ba1cce86da34109d2e43dcc8ed7c9d581b95b39d
mask_fragment-n100000-w256-m1000-s1333,mask_fragment,256,1.0,100000,1333,100000,early_mask_fragment,5,PROJECTION,3,0.5468,2.0037000000000007,0.5081,2.0037000000000007,100000,0,sha256:1a43e0ddf8cc02438cc76d27ba1cce86da34109d2e43dcc8ed7c9d581b95b39d
mask_fragment-n100000-w256-m1000-s1333,mask_fragment,256,1.0,100000,1333,100000,early_mask_fragment,6,ORDER_BY,3,99.79380000000002,105.3279,97.51350000000004,105.3279,100000,0,sha256:1a43e0ddf8cc02438cc76d27ba1cce86da34109d2e43dcc8ed7c9d581b95b39d
mask_fragment-n100000-w256-m1000-s1333,mask_fragment,256,1.0,100000,1333,100000,early_mask_fragment,7,PROJECTION,3,0.3134,0.3707,0.31249999999999994,0.3707,100000,0,sha256:1a43e0ddf8cc02438cc76d27ba1cce86da34109d2e43dcc8ed7c9d581b95b39d
mask_fragment-n100000-w256-m1000-s1333,mask_fragment,256,1.0,100000,1333,100000,early_mask_fragment,8,HASH_JOIN,3,9.354600000000001,11.391099999999998,8.334299999999999,11.391099999999998,100000,0,sha256:1a43e0ddf8cc02438cc76d27ba1cce86da34109d2e43dcc8ed7c9d581b95b39d
mask_fragment-n100000-w256-m1000-s1333,mask_fragment,256,1.0,100000,1333,100000,early_mask_fragment,9,CTE_SCAN,3,0.37770000000000004,0.48269999999999996,0.355,0.48269999999999996,100000,0,sha256:1a43e0ddf8cc02438cc76d27ba1cce86da34109d2e43dcc8ed7c9d581b95b39d
mask_fragment-n100000-w256-m1000-s1333,mask_fragment,256,1.0,100000,1333,100000,early_mask_fragment,10,SEQ_SCAN,3,0.06820000000000001,0.2621,0.027200000000000002,0.2621,10000,10000,sha256:1a43e0ddf8cc02438cc76d27ba1cce86da34109d2e43dcc8ed7c9d581b95b39d
mask_fragment-n100000-w256-m1000-s1333,mask_fragment,256,1.0,100000,1333,100000,late_mask_fragment,0,EXPLAIN_ANALYZE,3,0.00039999999999999996,0.0005,0.00039999999999999996,0.0005,0,0,sha256:92b825cb6ca6efd8c921ae328d9dcd567e5fc1cecda65d185180a168e33b45c9
mask_fragment-n100000-w256-m1000-s1333,mask_fragment,256,1.0,100000,1333,100000,late_mask_fragment,1,BATCH_CREATE_TABLE_AS,3,15.1658,16.017200000000003,13.572699999999998,16.017200000000003,1,0,sha256:92b825cb6ca6efd8c921ae328d9dcd567e5fc1cecda65d185180a168e33b45c9
mask_fragment-n100000-w256-m1000-s1333,mask_fragment,256,1.0,100000,1333,100000,late_mask_fragment,2,PROJECTION,3,0.8367000000000001,0.9057000000000001,0.6149999999999999,0.9057000000000001,100000,0,sha256:92b825cb6ca6efd8c921ae328d9dcd567e5fc1cecda65d185180a168e33b45c9
mask_fragment-n100000-w256-m1000-s1333,mask_fragment,256,1.0,100000,1333,100000,late_mask_fragment,3,ORDER_BY,3,86.32969999999999,133.0059,77.27680000000001,133.0059,100000,0,sha256:92b825cb6ca6efd8c921ae328d9dcd567e5fc1cecda65d185180a168e33b45c9
mask_fragment-n100000-w256-m1000-s1333,mask_fragment,256,1.0,100000,1333,100000,late_mask_fragment,4,PROJECTION,3,3.357699999999999,13.065399999999999,2.2089000000000003,13.065399999999999,100000,0,sha256:92b825cb6ca6efd8c921ae328d9dcd567e5fc1cecda65d185180a168e33b45c9
mask_fragment-n100000-w256-m1000-s1333,mask_fragment,256,1.0,100000,1333,100000,late_mask_fragment,5,PROJECTION,3,686.5915000000001,703.9129999999998,661.9968,703.9129999999998,100000,0,sha256:92b825cb6ca6efd8c921ae328d9dcd567e5fc1cecda65d185180a168e33b45c9
mask_fragment-n100000-w256-m1000-s1333,mask_fragment,256,1.0,100000,1333,100000,late_mask_fragment,6,HASH_JOIN,3,1.8808,2.2318000000000002,1.8650999999999995,2.2318000000000002,100000,0,sha256:92b825cb6ca6efd8c921ae328d9dcd567e5fc1cecda65d185180a168e33b45c9
mask_fragment-n100000-w256-m1000-s1333,mask_fragment,256,1.0,100000,1333,100000,late_mask_fragment,7,SEQ_SCAN,3,8.491399999999999,10.2184,7.483099999999999,10.2184,100000,100000,sha256:92b825cb6ca6efd8c921ae328d9dcd567e5fc1cecda65d185180a168e33b45c9
mask_fragment-n100000-w256-m1000-s1333,mask_fragment,256,1.0,100000,1333,100000,late_mask_fragment,8,SEQ_SCAN,3,0.036000000000000004,0.0778,0.0278,0.0778,10000,10000,sha256:92b825cb6ca6efd8c921ae328d9dcd567e5fc1cecda65d185180a168e33b45c9
mask_fragment-n100000-w256-m1000-s1444,mask_fragment,256,1.0,100000,1444,100000,early_mask_fragment,0,EXPLAIN_ANALYZE,3,0.00019999999999999998,0.00019999999999999998,0.00019999999999999998,0.00019999999999999998,0,0,sha256:1a43e0ddf8cc02438cc76d27ba1cce86da34109d2e43dcc8ed7c9d581b95b39d
mask_fragment-n100000-w256-m1000-s1444,mask_fragment,256,1.0,100000,1444,100000,early_mask_fragment,1,BATCH_CREATE_TABLE_AS,3,12.728799999999998,19.0244,11.958399999999997,19.0244,1,0,sha256:1a43e0ddf8cc02438cc76d27ba1cce86da34109d2e43dcc8ed7c9d581b95b39d
mask_fragment-n100000-w256-m1000-s1444,mask_fragment,256,1.0,100000,1444,100000,early_mask_fragment,2,CTE,3,10.463700000000001,15.8633,10.124099999999995,15.8633,0,0,sha256:1a43e0ddf8cc02438cc76d27ba1cce86da34109d2e43dcc8ed7c9d581b95b39d
mask_fragment-n100000-w256-m1000-s1444,mask_fragment,256,1.0,100000,1444,100000,early_mask_fragment,3,PROJECTION,3,533.7342999999998,545.5177,517.1447999999999,545.5177,100000,0,sha256:1a43e0ddf8cc02438cc76d27ba1cce86da34109d2e43dcc8ed7c9d581b95b39d
mask_fragment-n100000-w256-m1000-s1444,mask_fragment,256,1.0,100000,1444,100000,early_mask_fragment,4,SEQ_SCAN,3,6.985199999999997,7.338099999999996,5.2853,7.338099999999996,100000,100000,sha256:1a43e0ddf8cc02438cc76d27ba1cce86da34109d2e43dcc8ed7c9d581b95b39d
mask_fragment-n100000-w256-m1000-s1444,mask_fragment,256,1.0,100000,1444,100000,early_mask_fragment,5,PROJECTION,3,0.4658,0.7024999999999999,0.4504,0.7024999999999999,100000,0,sha256:1a43e0ddf8cc02438cc76d27ba1cce86da34109d2e43dcc8ed7c9d581b95b39d
mask_fragment-n100000-w256-m1000-s1444,mask_fragment,256,1.0,100000,1444,100000,early_mask_fragment,6,ORDER_BY,3,79.37080000000002,92.0959,78.26310000000004,92.0959,100000,0,sha256:1a43e0ddf8cc02438cc76d27ba1cce86da34109d2e43dcc8ed7c9d581b95b39d
mask_fragment-n100000-w256-m1000-s1444,mask_fragment,256,1.0,100000,1444,100000,early_mask_fragment,7,PROJECTION,3,0.2496,0.29819999999999997,0.236,0.29819999999999997,100000,0,sha256:1a43e0ddf8cc02438cc76d27ba1cce86da34109d2e43dcc8ed7c9d581b95b39d
mask_fragment-n100000-w256-m1000-s1444,mask_fragment,256,1.0,100000,1444,100000,early_mask_fragment,8,HASH_JOIN,3,5.8144,6.862100000000001,5.715599999999999,6.862100000000001,100000,0,sha256:1a43e0ddf8cc02438cc76d27ba1cce86da34109d2e43dcc8ed7c9d581b95b39d
mask_fragment-n100000-w256-m1000-s1444,mask_fragment,256,1.0,100000,1444,100000,early_mask_fragment,9,CTE_SCAN,3,0.3147,0.43139999999999995,0.2772,0.43139999999999995,100000,0,sha256:1a43e0ddf8cc02438cc76d27ba1cce86da34109d2e43dcc8ed7c9d581b95b39d
mask_fragment-n100000-w256-m1000-s1444,mask_fragment,256,1.0,100000,1444,100000,early_mask_fragment,10,SEQ_SCAN,3,0.03669999999999999,0.0471,0.020099999999999996,0.0471,10000,10000,sha256:1a43e0ddf8cc02438cc76d27ba1cce86da34109d2e43dcc8ed7c9d581b95b39d
mask_fragment-n100000-w256-m1000-s1444,mask_fragment,256,1.0,100000,1444,100000,late_mask_fragment,0,EXPLAIN_ANALYZE,3,0.0003,0.0003,0.0003,0.0003,0,0,sha256:92b825cb6ca6efd8c921ae328d9dcd567e5fc1cecda65d185180a168e33b45c9
mask_fragment-n100000-w256-m1000-s1444,mask_fragment,256,1.0,100000,1444,100000,late_mask_fragment,1,BATCH_CREATE_TABLE_AS,3,12.8172,15.984599999999999,10.745999999999997,15.984599999999999,1,0,sha256:92b825cb6ca6efd8c921ae328d9dcd567e5fc1cecda65d185180a168e33b45c9
mask_fragment-n100000-w256-m1000-s1444,mask_fragment,256,1.0,100000,1444,100000,late_mask_fragment,2,PROJECTION,3,0.6923,0.7847999999999998,0.5536000000000001,0.7847999999999998,100000,0,sha256:92b825cb6ca6efd8c921ae328d9dcd567e5fc1cecda65d185180a168e33b45c9
mask_fragment-n100000-w256-m1000-s1444,mask_fragment,256,1.0,100000,1444,100000,late_mask_fragment,3,ORDER_BY,3,81.28359999999999,82.27829999999999,67.8849,82.27829999999999,100000,0,sha256:92b825cb6ca6efd8c921ae328d9dcd567e5fc1cecda65d185180a168e33b45c9
mask_fragment-n100000-w256-m1000-s1444,mask_fragment,256,1.0,100000,1444,100000,late_mask_fragment,4,PROJECTION,3,2.0839,2.6351999999999993,1.7187000000000001,2.6351999999999993,100000,0,sha256:92b825cb6ca6efd8c921ae328d9dcd567e5fc1cecda65d185180a168e33b45c9
mask_fragment-n100000-w256-m1000-s1444,mask_fragment,256,1.0,100000,1444,100000,late_mask_fragment,5,PROJECTION,3,504.4027,511.8868,482.9086000000001,511.8868,100000,0,sha256:92b825cb6ca6efd8c921ae328d9dcd567e5fc1cecda65d185180a168e33b45c9
mask_fragment-n100000-w256-m1000-s1444,mask_fragment,256,1.0,100000,1444,100000,late_mask_fragment,6,HASH_JOIN,3,1.7875000000000003,1.8336000000000001,1.2757,1.8336000000000001,100000,0,sha256:92b825cb6ca6efd8c921ae328d9dcd567e5fc1cecda65d185180a168e33b45c9
mask_fragment-n100000-w256-m1000-s1444,mask_fragment,256,1.0,100000,1444,100000,late_mask_fragment,7,SEQ_SCAN,3,6.285299999999999,6.970100000000001,5.931099999999997,6.970100000000001,100000,100000,sha256:92b825cb6ca6efd8c921ae328d9dcd567e5fc1cecda65d185180a168e33b45c9
mask_fragment-n100000-w256-m1000-s1444,mask_fragment,256,1.0,100000,1444,100000,late_mask_fragment,8,SEQ_SCAN,3,0.057300000000000004,0.05800000000000001,0.0187,0.05800000000000001,10000,10000,sha256:92b825cb6ca6efd8c921ae328d9dcd567e5fc1cecda65d185180a168e33b45c9
mask_fragment-n100000-w256-m1000-s1555,mask_fragment,256,1.0,100000,1555,100000,early_mask_fragment,0,EXPLAIN_ANALYZE,3,0.00039999999999999996,0.0015999999999999999,0.0003,0.0015999999999999999,0,0,sha256:1a43e0ddf8cc02438cc76d27ba1cce86da34109d2e43dcc8ed7c9d581b95b39d
mask_fragment-n100000-w256-m1000-s1555,mask_fragment,256,1.0,100000,1555,100000,early_mask_fragment,1,BATCH_CREATE_TABLE_AS,3,17.589900000000004,18.32470000000001,11.5845,18.32470000000001,1,0,sha256:1a43e0ddf8cc02438cc76d27ba1cce86da34109d2e43dcc8ed7c9d581b95b39d
mask_fragment-n100000-w256-m1000-s1555,mask_fragment,256,1.0,100000,1555,100000,early_mask_fragment,2,CTE,3,13.461500000000001,19.001200000000004,10.7575,19.001200000000004,0,0,sha256:1a43e0ddf8cc02438cc76d27ba1cce86da34109d2e43dcc8ed7c9d581b95b39d
mask_fragment-n100000-w256-m1000-s1555,mask_fragment,256,1.0,100000,1555,100000,early_mask_fragment,3,PROJECTION,3,648.4960999999998,1710.2588,595.6025,1710.2588,100000,0,sha256:1a43e0ddf8cc02438cc76d27ba1cce86da34109d2e43dcc8ed7c9d581b95b39d
mask_fragment-n100000-w256-m1000-s1555,mask_fragment,256,1.0,100000,1555,100000,early_mask_fragment,4,SEQ_SCAN,3,8.3791,8.861700000000003,7.957999999999998,8.861700000000003,100000,100000,sha256:1a43e0ddf8cc02438cc76d27ba1cce86da34109d2e43dcc8ed7c9d581b95b39d
mask_fragment-n100000-w256-m1000-s1555,mask_fragment,256,1.0,100000,1555,100000,early_mask_fragment,5,PROJECTION,3,0.4693999999999999,0.5340999999999999,0.4052000000000001,0.5340999999999999,100000,0,sha256:1a43e0ddf8cc02438cc76d27ba1cce86da34109d2e43dcc8ed7c9d581b95b39d
mask_fragment-n100000-w256-m1000-s1555,mask_fragment,256,1.0,100000,1555,100000,early_mask_fragment,6,ORDER_BY,3,84.76359999999997,116.73230000000001,75.09299999999999,116.73230000000001,100000,0,sha256:1a43e0ddf8cc02438cc76d27ba1cce86da34109d2e43dcc8ed7c9d581b95b39d
mask_fragment-n100000-w256-m1000-s1555,mask_fragment,256,1.0,100000,1555,100000,early_mask_fragment,7,PROJECTION,3,0.33130000000000004,0.35569999999999996,0.2226,0.35569999999999996,100000,0,sha256:1a43e0ddf8cc02438cc76d27ba1cce86da34109d2e43dcc8ed7c9d581b95b39d
mask_fragment-n100000-w256-m1000-s1555,mask_fragment,256,1.0,100000,1555,100000,early_mask_fragment,8,HASH_JOIN,3,8.591800000000001,9.1725,5.509099999999999,9.1725,100000,0,sha256:1a43e0ddf8cc02438cc76d27ba1cce86da34109d2e43dcc8ed7c9d581b95b39d
mask_fragment-n100000-w256-m1000-s1555,mask_fragment,256,1.0,100000,1555,100000,early_mask_fragment,9,CTE_SCAN,3,0.40839999999999993,0.5517,0.3246,0.5517,100000,0,sha256:1a43e0ddf8cc02438cc76d27ba1cce86da34109d2e43dcc8ed7c9d581b95b39d
mask_fragment-n100000-w256-m1000-s1555,mask_fragment,256,1.0,100000,1555,100000,early_mask_fragment,10,SEQ_SCAN,3,0.04549999999999999,0.12430000000000001,0.03760000000000001,0.12430000000000001,10000,10000,sha256:1a43e0ddf8cc02438cc76d27ba1cce86da34109d2e43dcc8ed7c9d581b95b39d
mask_fragment-n100000-w256-m1000-s1555,mask_fragment,256,1.0,100000,1555,100000,late_mask_fragment,0,EXPLAIN_ANALYZE,3,0.0003,0.0003,0.00019999999999999998,0.0003,0,0,sha256:92b825cb6ca6efd8c921ae328d9dcd567e5fc1cecda65d185180a168e33b45c9
mask_fragment-n100000-w256-m1000-s1555,mask_fragment,256,1.0,100000,1555,100000,late_mask_fragment,1,BATCH_CREATE_TABLE_AS,3,11.8145,13.169299999999998,10.554100000000002,13.169299999999998,1,0,sha256:92b825cb6ca6efd8c921ae328d9dcd567e5fc1cecda65d185180a168e33b45c9
mask_fragment-n100000-w256-m1000-s1555,mask_fragment,256,1.0,100000,1555,100000,late_mask_fragment,2,PROJECTION,3,0.8014,0.8861000000000001,0.5968999999999999,0.8861000000000001,100000,0,sha256:92b825cb6ca6efd8c921ae328d9dcd567e5fc1cecda65d185180a168e33b45c9
mask_fragment-n100000-w256-m1000-s1555,mask_fragment,256,1.0,100000,1555,100000,late_mask_fragment,3,ORDER_BY,3,69.05590000000001,71.9464,60.79740000000002,71.9464,100000,0,sha256:92b825cb6ca6efd8c921ae328d9dcd567e5fc1cecda65d185180a168e33b45c9
mask_fragment-n100000-w256-m1000-s1555,mask_fragment,256,1.0,100000,1555,100000,late_mask_fragment,4,PROJECTION,3,2.7845999999999997,3.2116,1.8446000000000005,3.2116,100000,0,sha256:92b825cb6ca6efd8c921ae328d9dcd567e5fc1cecda65d185180a168e33b45c9
mask_fragment-n100000-w256-m1000-s1555,mask_fragment,256,1.0,100000,1555,100000,late_mask_fragment,5,PROJECTION,3,501.3351999999999,544.9172,425.57740000000007,544.9172,100000,0,sha256:92b825cb6ca6efd8c921ae328d9dcd567e5fc1cecda65d185180a168e33b45c9
mask_fragment-n100000-w256-m1000-s1555,mask_fragment,256,1.0,100000,1555,100000,late_mask_fragment,6,HASH_JOIN,3,1.8114000000000001,2.0479999999999996,1.7104,2.0479999999999996,100000,0,sha256:92b825cb6ca6efd8c921ae328d9dcd567e5fc1cecda65d185180a168e33b45c9
mask_fragment-n100000-w256-m1000-s1555,mask_fragment,256,1.0,100000,1555,100000,late_mask_fragment,7,SEQ_SCAN,3,6.6000999999999985,6.750000000000002,5.966399999999999,6.750000000000002,100000,100000,sha256:92b825cb6ca6efd8c921ae328d9dcd567e5fc1cecda65d185180a168e33b45c9
mask_fragment-n100000-w256-m1000-s1555,mask_fragment,256,1.0,100000,1555,100000,late_mask_fragment,8,SEQ_SCAN,3,0.06489999999999997,0.0717,0.05279999999999999,0.0717,10000,10000,sha256:92b825cb6ca6efd8c921ae328d9dcd567e5fc1cecda65d185180a168e33b45c9
mask_fragment-n100000-w512-m0900-s1111,mask_fragment,512,0.9,100000,1111,90000,early_mask_fragment,0,EXPLAIN_ANALYZE,3,0.00039999999999999996,0.0005,0.0003,0.0005,0,0,sha256:1a43e0ddf8cc02438cc76d27ba1cce86da34109d2e43dcc8ed7c9d581b95b39d
mask_fragment-n100000-w512-m0900-s1111,mask_fragment,512,0.9,100000,1111,90000,early_mask_fragment,1,BATCH_CREATE_TABLE_AS,3,17.165799999999994,19.126100000000005,17.095999999999997,19.126100000000005,1,0,sha256:1a43e0ddf8cc02438cc76d27ba1cce86da34109d2e43dcc8ed7c9d581b95b39d
mask_fragment-n100000-w512-m0900-s1111,mask_fragment,512,0.9,100000,1111,90000,early_mask_fragment,2,CTE,3,17.216700000000003,18.538,12.882600000000002,18.538,0,0,sha256:1a43e0ddf8cc02438cc76d27ba1cce86da34109d2e43dcc8ed7c9d581b95b39d
mask_fragment-n100000-w512-m0900-s1111,mask_fragment,512,0.9,100000,1111,90000,early_mask_fragment,3,PROJECTION,3,1093.1848,1153.0153000000003,930.2975,1153.0153000000003,100000,0,sha256:1a43e0ddf8cc02438cc76d27ba1cce86da34109d2e43dcc8ed7c9d581b95b39d
mask_fragment-n100000-w512-m0900-s1111,mask_fragment,512,0.9,100000,1111,90000,early_mask_fragment,4,SEQ_SCAN,3,8.522100000000002,14.920499999999999,8.2696,14.920499999999999,100000,100000,sha256:1a43e0ddf8cc02438cc76d27ba1cce86da34109d2e43dcc8ed7c9d581b95b39d
mask_fragment-n100000-w512-m0900-s1111,mask_fragment,512,0.9,100000,1111,90000,early_mask_fragment,5,PROJECTION,3,0.5867000000000001,0.5965,0.5624999999999999,0.5965,90000,0,sha256:1a43e0ddf8cc02438cc76d27ba1cce86da34109d2e43dcc8ed7c9d581b95b39d
mask_fragment-n100000-w512-m0900-s1111,mask_fragment,512,0.9,100000,1111,90000,early_mask_fragment,6,ORDER_BY,3,89.85199999999999,99.99009999999998,83.18630000000002,99.99009999999998,90000,0,sha256:1a43e0ddf8cc02438cc76d27ba1cce86da34109d2e43dcc8ed7c9d581b95b39d
mask_fragment-n100000-w512-m0900-s1111,mask_fragment,512,0.9,100000,1111,90000,early_mask_fragment,7,PROJECTION,3,0.31179999999999997,1.4411,0.2546,1.4411,90000,0,sha256:1a43e0ddf8cc02438cc76d27ba1cce86da34109d2e43dcc8ed7c9d581b95b39d
mask_fragment-n100000-w512-m0900-s1111,mask_fragment,512,0.9,100000,1111,90000,early_mask_fragment,8,HASH_JOIN,3,7.1183000000000005,24.8105,6.8943,24.8105,90000,0,sha256:1a43e0ddf8cc02438cc76d27ba1cce86da34109d2e43dcc8ed7c9d581b95b39d
mask_fragment-n100000-w512-m0900-s1111,mask_fragment,512,0.9,100000,1111,90000,early_mask_fragment,9,CTE_SCAN,3,0.5127,0.5564999999999999,0.4707,0.5564999999999999,100000,0,sha256:1a43e0ddf8cc02438cc76d27ba1cce86da34109d2e43dcc8ed7c9d581b95b39d
mask_fragment-n100000-w512-m0900-s1111,mask_fragment,512,0.9,100000,1111,90000,early_mask_fragment,10,SEQ_SCAN,3,0.027800000000000002,0.055,0.025400000000000002,0.055,10000,10000,sha256:1a43e0ddf8cc02438cc76d27ba1cce86da34109d2e43dcc8ed7c9d581b95b39d
mask_fragment-n100000-w512-m0900-s1111,mask_fragment,512,0.9,100000,1111,90000,late_mask_fragment,0,EXPLAIN_ANALYZE,3,0.0003,0.0003,0.0003,0.0003,0,0,sha256:18bd7fb3b6d02ff88c53bf4a74124c631590d7e276f031a9034dc7f9cb857902
mask_fragment-n100000-w512-m0900-s1111,mask_fragment,512,0.9,100000,1111,90000,late_mask_fragment,1,BATCH_CREATE_TABLE_AS,3,11.029799999999998,12.825099999999999,9.066399999999998,12.825099999999999,1,0,sha256:18bd7fb3b6d02ff88c53bf4a74124c631590d7e276f031a9034dc7f9cb857902
mask_fragment-n100000-w512-m0900-s1111,mask_fragment,512,0.9,100000,1111,90000,late_mask_fragment,2,PROJECTION,3,0.4864999999999998,2.6919000000000004,0.3843,2.6919000000000004,90000,0,sha256:18bd7fb3b6d02ff88c53bf4a74124c631590d7e276f031a9034dc7f9cb857902
mask_fragment-n100000-w512-m0900-s1111,mask_fragment,512,0.9,100000,1111,90000,late_mask_fragment,3,ORDER_BY,3,60.58419999999999,69.0488,58.67199999999999,69.0488,90000,0,sha256:18bd7fb3b6d02ff88c53bf4a74124c631590d7e276f031a9034dc7f9cb857902
mask_fragment-n100000-w512-m0900-s1111,mask_fragment,512,0.9,100000,1111,90000,late_mask_fragment,4,PROJECTION,3,2.9089000000000005,3.4867999999999997,2.627099999999999,3.4867999999999997,90000,0,sha256:18bd7fb3b6d02ff88c53bf4a74124c631590d7e276f031a9034dc7f9cb857902
mask_fragment-n100000-w512-m0900-s1111,mask_fragment,512,0.9,100000,1111,90000,late_mask_fragment,5,PROJECTION,3,703.0093999999998,843.5525000000001,689.2411000000001,843.5525000000001,90000,0,sha256:18bd7fb3b6d02ff88c53bf4a74124c631590d7e276f031a9034dc7f9cb857902
mask_fragment-n100000-w512-m0900-s1111,mask_fragment,512,0.9,100000,1111,90000,late_mask_fragment,6,HASH_JOIN,3,2.1482,3.0059,1.4881999999999997,3.0059,90000,0,sha256:18bd7fb3b6d02ff88c53bf4a74124c631590d7e276f031a9034dc7f9cb857902
mask_fragment-n100000-w512-m0900-s1111,mask_fragment,512,0.9,100000,1111,90000,late_mask_fragment,7,SEQ_SCAN,3,8.593899999999998,11.7487,8.5702,11.7487,90000,100000,sha256:18bd7fb3b6d02ff88c53bf4a74124c631590d7e276f031a9034dc7f9cb857902
mask_fragment-n100000-w512-m0900-s1111,mask_fragment,512,0.9,100000,1111,90000,late_mask_fragment,8,SEQ_SCAN,3,0.0453,0.1462,0.0327,0.1462,10000,10000,sha256:18bd7fb3b6d02ff88c53bf4a74124c631590d7e276f031a9034dc7f9cb857902
mask_fragment-n100000-w512-m0900-s1222,mask_fragment,512,0.9,100000,1222,90000,early_mask_fragment,0,EXPLAIN_ANALYZE,3,0.0003,0.00039999999999999996,0.0003,0.00039999999999999996,0,0,sha256:1a43e0ddf8cc02438cc76d27ba1cce86da34109d2e43dcc8ed7c9d581b95b39d
mask_fragment-n100000-w512-m0900-s1222,mask_fragment,512,0.9,100000,1222,90000,early_mask_fragment,1,BATCH_CREATE_TABLE_AS,3,11.900400000000001,17.797499999999996,11.344900000000003,17.797499999999996,1,0,sha256:1a43e0ddf8cc02438cc76d27ba1cce86da34109d2e43dcc8ed7c9d581b95b39d
mask_fragment-n100000-w512-m0900-s1222,mask_fragment,512,0.9,100000,1222,90000,early_mask_fragment,2,CTE,3,12.4297,17.840299999999996,11.887100000000004,17.840299999999996,0,0,sha256:1a43e0ddf8cc02438cc76d27ba1cce86da34109d2e43dcc8ed7c9d581b95b39d
mask_fragment-n100000-w512-m0900-s1222,mask_fragment,512,0.9,100000,1222,90000,early_mask_fragment,3,PROJECTION,3,862.8473999999997,887.3392999999999,835.0223000000002,887.3392999999999,100000,0,sha256:1a43e0ddf8cc02438cc76d27ba1cce86da34109d2e43dcc8ed7c9d581b95b39d
mask_fragment-n100000-w512-m0900-s1222,mask_fragment,512,0.9,100000,1222,90000,early_mask_fragment,4,SEQ_SCAN,3,8.375600000000004,9.0255,6.650500000000002,9.0255,100000,100000,sha256:1a43e0ddf8cc02438cc76d27ba1cce86da34109d2e43dcc8ed7c9d581b95b39d
mask_fragment-n100000-w512-m0900-s1222,mask_fragment,512,0.9,100000,1222,90000,early_mask_fragment,5,PROJECTION,3,0.5109999999999999,0.5732000000000002,0.32730000000000004,0.5732000000000002,90000,0,sha256:1a43e0ddf8cc02438cc76d27ba1cce86da34109d2e43dcc8ed7c9d581b95b39d
mask_fragment-n100000-w512-m0900-s1222,mask_fragment,512,0.9,100000,1222,90000,early_mask_fragment,6,ORDER_BY,3,72.6986,81.4804,62.46450000000001,81.4804,90000,0,sha256:1a43e0ddf8cc02438cc76d27ba1cce86da34109d2e43dcc8ed7c9d581b95b39d
mask_fragment-n100000-w512-m0900-s1222,mask_fragment,512,0.9,100000,1222,90000,early_mask_fragment,7,PROJECTION,3,0.26830000000000004,0.29419999999999996,0.20829999999999999,0.29419999999999996,90000,0,sha256:1a43e0ddf8cc02438cc76d27ba1cce86da34109d2e43dcc8ed7c9d581b95b39d
mask_fragment-n100000-w512-m0900-s1222,mask_fragment,512,0.9,100000,1222,90000,early_mask_fragment,8,HASH_JOIN,3,6.9515,8.2204,5.2845,8.2204,90000,0,sha256:1a43e0ddf8cc02438cc76d27ba1cce86da34109d2e43dcc8ed7c9d581b95b39d
mask_fragment-n100000-w512-m0900-s1222,mask_fragment,512,0.9,100000,1222,90000,early_mask_fragment,9,CTE_SCAN,3,0.42679999999999996,0.4707,0.3084,0.4707,100000,0,sha256:1a43e0ddf8cc02438cc76d27ba1cce86da34109d2e43dcc8ed7c9d581b95b39d
mask_fragment-n100000-w512-m0900-s1222,mask_fragment,512,0.9,100000,1222,90000,early_mask_fragment,10,SEQ_SCAN,3,0.030300000000000004,0.0389,0.0275,0.0389,10000,10000,sha256:1a43e0ddf8cc02438cc76d27ba1cce86da34109d2e43dcc8ed7c9d581b95b39d
mask_fragment-n100000-w512-m0900-s1222,mask_fragment,512,0.9,100000,1222,90000,late_mask_fragment,0,EXPLAIN_ANALYZE,3,0.00019999999999999998,0.00039999999999999996,0.00019999999999999998,0.00039999999999999996,0,0,sha256:18bd7fb3b6d02ff88c53bf4a74124c631590d7e276f031a9034dc7f9cb857902
mask_fragment-n100000-w512-m0900-s1222,mask_fragment,512,0.9,100000,1222,90000,late_mask_fragment,1,BATCH_CREATE_TABLE_AS,3,10.693799999999998,12.4072,9.233900000000002,12.4072,1,0,sha256:18bd7fb3b6d02ff88c53bf4a74124c631590d7e276f031a9034dc7f9cb857902
mask_fragment-n100000-w512-m0900-s1222,mask_fragment,512,0.9,100000,1222,90000,late_mask_fragment,2,PROJECTION,3,0.5599000000000003,0.5637,0.43370000000000003,0.5637,90000,0,sha256:18bd7fb3b6d02ff88c53bf4a74124c631590d7e276f031a9034dc7f9cb857902
mask_fragment-n100000-w512-m0900-s1222,mask_fragment,512,0.9,100000,1222,90000,late_mask_fragment,3,ORDER_BY,3,61.8013,73.59740000000001,60.65300000000001,73.59740000000001,90000,0,sha256:18bd7fb3b6d02ff88c53bf4a74124c631590d7e276f031a9034dc7f9cb857902
mask_fragment-n100000-w512-m0900-s1222,mask_fragment,512,0.9,100000,1222,90000,late_mask_fragment,4,PROJECTION,3,2.5404999999999998,3.4959999999999996,2.0441999999999996,3.4959999999999996,90000,0,sha256:18bd7fb3b6d02ff88c53bf4a74124c631590d7e276f031a9034dc7f9cb857902
mask_fragment-n100000-w512-m0900-s1222,mask_fragment,512,0.9,100000,1222,90000,late_mask_fragment,5,PROJECTION,3,715.8334000000001,800.9615000000001,667.718,800.9615000000001,90000,0,sha256:18bd7fb3b6d02ff88c53bf4a74124c631590d7e276f031a9034dc7f9cb857902
mask_fragment-n100000-w512-m0900-s1222,mask_fragment,512,0.9,100000,1222,90000,late_mask_fragment,6,HASH_JOIN,3,1.3816999999999995,1.5354999999999999,1.2309,1.5354999999999999,90000,0,sha256:18bd7fb3b6d02ff88c53bf4a74124c631590d7e276f031a9034dc7f9cb857902
mask_fragment-n100000-w512-m0900-s1222,mask_fragment,512,0.9,100000,1222,90000,late_mask_fragment,7,SEQ_SCAN,3,8.309300000000004,8.680200000000001,6.213600000000002,8.680200000000001,90000,100000,sha256:18bd7fb3b6d02ff88c53bf4a74124c631590d7e276f031a9034dc7f9cb857902
mask_fragment-n100000-w512-m0900-s1222,mask_fragment,512,0.9,100000,1222,90000,late_mask_fragment,8,SEQ_SCAN,3,0.0353,0.0612,0.0268,0.0612,10000,10000,sha256:18bd7fb3b6d02ff88c53bf4a74124c631590d7e276f031a9034dc7f9cb857902
mask_fragment-n100000-w512-m0900-s1333,mask_fragment,512,0.9,100000,1333,90000,early_mask_fragment,0,EXPLAIN_ANALYZE,3,0.00019999999999999998,0.0003,0.00019999999999999998,0.0003,0,0,sha256:1a43e0ddf8cc02438cc76d27ba1cce86da34109d2e43dcc8ed7c9d581b95b39d
mask_fragment-n100000-w512-m0900-s1333,mask_fragment,512,0.9,100000,1333,90000,early_mask_fragment,1,BATCH_CREATE_TABLE_AS,3,10.2817,14.689400000000004,10.003900000000002,14.689400000000004,1,0,sha256:1a43e0ddf8cc02438cc76d27ba1cce86da34109d2e43dcc8ed7c9d581b95b39d
mask_fragment-n100000-w512-m0900-s1333,mask_fragment,512,0.9,100000,1333,90000,early_mask_fragment,2,CTE,3,9.4158,14.457799999999999,7.361000000000001,14.457799999999999,0,0,sha256:1a43e0ddf8cc02438cc76d27ba1cce86da34109d2e43dcc8ed7c9d581b95b39d
mask_fragment-n100000-w512-m0900-s1333,mask_fragment,512,0.9,100000,1333,90000,early_mask_fragment,3,PROJECTION,3,871.0503000000002,871.8666000000001,834.4611000000001,871.8666000000001,100000,0,sha256:1a43e0ddf8cc02438cc76d27ba1cce86da34109d2e43dcc8ed7c9d581b95b39d
mask_fragment-n100000-w512-m0900-s1333,mask_fragment,512,0.9,100000,1333,90000,early_mask_fragment,4,SEQ_SCAN,3,6.3911,11.706099999999996,5.768500000000001,11.706099999999996,100000,100000,sha256:1a43e0ddf8cc02438cc76d27ba1cce86da34109d2e43dcc8ed7c9d581b95b39d
mask_fragment-n100000-w512-m0900-s1333,mask_fragment,512,0.9,100000,1333,90000,early_mask_fragment,5,PROJECTION,3,0.3711000000000001,0.49779999999999996,0.33790000000000003,0.49779999999999996,90000,0,sha256:1a43e0ddf8cc02438cc76d27ba1cce86da34109d2e43dcc8ed7c9d581b95b39d
mask_fragment-n100000-w512-m0900-s1333,mask_fragment,512,0.9,100000,1333,90000,early_mask_fragment,6,ORDER_BY,3,66.65360000000001,76.1248,61.3999,76.1248,90000,0,sha256:1a43e0ddf8cc02438cc76d27ba1cce86da34109d2e43dcc8ed7c9d581b95b39d
mask_fragment-n100000-w512-m0900-s1333,mask_fragment,512,0.9,100000,1333,90000,early_mask_fragment,7,PROJECTION,3,0.22819999999999996,0.3791,0.2076,0.3791,90000,0,sha256:1a43e0ddf8cc02438cc76d27ba1cce86da34109d2e43dcc8ed7c9d581b95b39d
mask_fragment-n100000-w512-m0900-s1333,mask_fragment,512,0.9,100000,1333,90000,early_mask_fragment,8,HASH_JOIN,3,7.010999999999999,10.653199999999998,5.5169999999999995,10.653199999999998,90000,0,sha256:1a43e0ddf8cc02438cc76d27ba1cce86da34109d2e43dcc8ed7c9d581b95b39d
mask_fragment-n100000-w512-m0900-s1333,mask_fragment,512,0.9,100000,1333,90000,early_mask_fragment,9,CTE_SCAN,3,0.30510000000000004,0.48130000000000006,0.2793,0.48130000000000006,100000,0,sha256:1a43e0ddf8cc02438cc76d27ba1cce86da34109d2e43dcc8ed7c9d581b95b39d
mask_fragment-n100000-w512-m0900-s1333,mask_fragment,512,0.9,100000,1333,90000,early_mask_fragment,10,SEQ_SCAN,3,0.062499999999999986,0.0858,0.0366,0.0858,10000,10000,sha256:1a43e0ddf8cc02438cc76d27ba1cce86da34109d2e43dcc8ed7c9d581b95b39d
mask_fragment-n100000-w512-m0900-s1333,mask_fragment,512,0.9,100000,1333,90000,late_mask_fragment,0,EXPLAIN_ANALYZE,3,0.00039999999999999996,0.0012,0.00019999999999999998,0.0012,0,0,sha256:18bd7fb3b6d02ff88c53bf4a74124c631590d7e276f031a9034dc7f9cb857902
mask_fragment-n100000-w512-m0900-s1333,mask_fragment,512,0.9,100000,1333,90000,late_mask_fragment,1,BATCH_CREATE_TABLE_AS,3,9.851000000000003,11.073699999999999,8.359200000000003,11.073699999999999,1,0,sha256:18bd7fb3b6d02ff88c53bf4a74124c631590d7e276f031a9034dc7f9cb857902
mask_fragment-n100000-w512-m0900-s1333,mask_fragment,512,0.9,100000,1333,90000,late_mask_fragment,2,PROJECTION,3,0.4639,0.5492,0.31939999999999996,0.5492,90000,0,sha256:18bd7fb3b6d02ff88c53bf4a74124c631590d7e276f031a9034dc7f9cb857902
mask_fragment-n100000-w512-m0900-s1333,mask_fragment,512,0.9,100000,1333,90000,late_mask_fragment,3,ORDER_BY,3,57.56600000000001,59.66149999999999,57.305499999999995,59.66149999999999,90000,0,sha256:18bd7fb3b6d02ff88c53bf4a74124c631590d7e276f031a9034dc7f9cb857902
mask_fragment-n100000-w512-m0900-s1333,mask_fragment,512,0.9,100000,1333,90000,late_mask_fragment,4,PROJECTION,3,2.5477000000000003,2.9891,2.3028000000000004,2.9891,90000,0,sha256:18bd7fb3b6d02ff88c53bf4a74124c631590d7e276f031a9034dc7f9cb857902
mask_fragment-n100000-w512-m0900-s1333,mask_fragment,512,0.9,100000,1333,90000,late_mask_fragment,5,PROJECTION,3,690.4408999999999,708.8426000000001,667.0947,708.8426000000001,90000,0,sha256:18bd7fb3b6d02ff88c53bf4a74124c631590d7e276f031a9034dc7f9cb857902
mask_fragment-n100000-w512-m0900-s1333,mask_fragment,512,0.9,100000,1333,90000,late_mask_fragment,6,HASH_JOIN,3,1.445,1.6316000000000002,1.1932000000000003,1.6316000000000002,90000,0,sha256:18bd7fb3b6d02ff88c53bf4a74124c631590d7e276f031a9034dc7f9cb857902
mask_fragment-n100000-w512-m0900-s1333,mask_fragment,512,0.9,100000,1333,90000,late_mask_fragment,7,SEQ_SCAN,3,7.942600000000001,10.587199999999998,6.0596999999999985,10.587199999999998,90000,100000,sha256:18bd7fb3b6d02ff88c53bf4a74124c631590d7e276f031a9034dc7f9cb857902
mask_fragment-n100000-w512-m0900-s1333,mask_fragment,512,0.9,100000,1333,90000,late_mask_fragment,8,SEQ_SCAN,3,0.034,0.0364,0.0245,0.0364,10000,10000,sha256:18bd7fb3b6d02ff88c53bf4a74124c631590d7e276f031a9034dc7f9cb857902
mask_fragment-n100000-w512-m0900-s1444,mask_fragment,512,0.9,100000,1444,90000,early_mask_fragment,0,EXPLAIN_ANALYZE,3,0.00019999999999999998,0.00039999999999999996,0.00019999999999999998,0.00039999999999999996,0,0,sha256:1a43e0ddf8cc02438cc76d27ba1cce86da34109d2e43dcc8ed7c9d581b95b39d
mask_fragment-n100000-w512-m0900-s1444,mask_fragment,512,0.9,100000,1444,90000,early_mask_fragment,1,BATCH_CREATE_TABLE_AS,3,12.5781,18.139300000000002,10.381199999999998,18.139300000000002,1,0,sha256:1a43e0ddf8cc02438cc76d27ba1cce86da34109d2e43dcc8ed7c9d581b95b39d
mask_fragment-n100000-w512-m0900-s1444,mask_fragment,512,0.9,100000,1444,90000,early_mask_fragment,2,CTE,3,10.905799999999997,14.592899999999998,10.565100000000003,14.592899999999998,0,0,sha256:1a43e0ddf8cc02438cc76d27ba1cce86da34109d2e43dcc8ed7c9d581b95b39d
mask_fragment-n100000-w512-m0900-s1444,mask_fragment,512,0.9,100000,1444,90000,early_mask_fragment,3,PROJECTION,3,849.9108999999999,893.5647000000004,757.0586,893.5647000000004,100000,0,sha256:1a43e0ddf8cc02438cc76d27ba1cce86da34109d2e43dcc8ed7c9d581b95b39d
mask_fragment-n100000-w512-m0900-s1444,mask_fragment,512,0.9,100000,1444,90000,early_mask_fragment,4,SEQ_SCAN,3,7.205700000000001,7.312799999999999,7.046599999999998,7.312799999999999,100000,100000,sha256:1a43e0ddf8cc02438cc76d27ba1cce86da34109d2e43dcc8ed7c9d581b95b39d
mask_fragment-n100000-w512-m0900-s1444,mask_fragment,512,0.9,100000,1444,90000,early_mask_fragment,5,PROJECTION,3,0.5167999999999999,0.538,0.3178,0.538,90000,0,sha256:1a43e0ddf8cc02438cc76d27ba1cce86da34109d2e43dcc8ed7c9d581b95b39d
mask_fragment-n100000-w512-m0900-s1444,mask_fragment,512,0.9,100000,1444,90000,early_mask_fragment,6,ORDER_BY,3,72.9813,77.08110000000002,60.363,77.08110000000002,90000,0,sha256:1a43e0ddf8cc02438cc76d27ba1cce86da34109d2e43dcc8ed7c9d581b95b39d
mask_fragment-n100000-w512-m0900-s1444,mask_fragment,512,0.9,100000,1444,90000,early_mask_fragment,7,PROJECTION,3,0.2386,0.5711999999999999,0.23220000000000002,0.5711999999999999,90000,0,sha256:1a43e0ddf8cc02438cc76d27ba1cce86da34109d2e43dcc8ed7c9d581b95b39d
mask_fragment-n100000-w512-m0900-s1444,mask_fragment,512,0.9,100000,1444,90000,early_mask_fragment,8,HASH_JOIN,3,7.735699999999999,8.3896,6.224499999999999,8.3896,90000,0,sha256:1a43e0ddf8cc02438cc76d27ba1cce86da34109d2e43dcc8ed7c9d581b95b39d
mask_fragment-n100000-w512-m0900-s1444,mask_fragment,512,0.9,100000,1444,90000,early_mask_fragment,9,CTE_SCAN,3,0.6676,0.8307,0.2943,0.8307,100000,0,sha256:1a43e0ddf8cc02438cc76d27ba1cce86da34109d2e43dcc8ed7c9d581b95b39d
mask_fragment-n100000-w512-m0900-s1444,mask_fragment,512,0.9,100000,1444,90000,early_mask_fragment,10,SEQ_SCAN,3,0.0389,0.0606,0.022600000000000002,0.0606,10000,10000,sha256:1a43e0ddf8cc02438cc76d27ba1cce86da34109d2e43dcc8ed7c9d581b95b39d
mask_fragment-n100000-w512-m0900-s1444,mask_fragment,512,0.9,100000,1444,90000,late_mask_fragment,0,EXPLAIN_ANALYZE,3,0.0006,0.0007,0.0003,0.0007,0,0,sha256:18bd7fb3b6d02ff88c53bf4a74124c631590d7e276f031a9034dc7f9cb857902
mask_fragment-n100000-w512-m0900-s1444,mask_fragment,512,0.9,100000,1444,90000,late_mask_fragment,1,BATCH_CREATE_TABLE_AS,3,10.2925,11.550999999999998,9.242299999999998,11.550999999999998,1,0,sha256:18bd7fb3b6d02ff88c53bf4a74124c631590d7e276f031a9034dc7f9cb857902
mask_fragment-n100000-w512-m0900-s1444,mask_fragment,512,0.9,100000,1444,90000,late_mask_fragment,2,PROJECTION,3,0.6050000000000001,1.1862999999999997,0.4315999999999999,1.1862999999999997,90000,0,sha256:18bd7fb3b6d02ff88c53bf4a74124c631590d7e276f031a9034dc7f9cb857902
mask_fragment-n100000-w512-m0900-s1444,mask_fragment,512,0.9,100000,1444,90000,late_mask_fragment,3,ORDER_BY,3,66.3871,74.04899999999999,59.242599999999996,74.04899999999999,90000,0,sha256:18bd7fb3b6d02ff88c53bf4a74124c631590d7e276f031a9034dc7f9cb857902
mask_fragment-n100000-w512-m0900-s1444,mask_fragment,512,0.9,100000,1444,90000,late_mask_fragment,4,PROJECTION,3,2.5303999999999993,3.3287999999999998,2.3132,3.3287999999999998,90000,0,sha256:18bd7fb3b6d02ff88c53bf4a74124c631590d7e276f031a9034dc7f9cb857902
mask_fragment-n100000-w512-m0900-s1444,mask_fragment,512,0.9,100000,1444,90000,late_mask_fragment,5,PROJECTION,3,790.6925999999999,790.8641000000002,659.9696999999998,790.8641000000002,90000,0,sha256:18bd7fb3b6d02ff88c53bf4a74124c631590d7e276f031a9034dc7f9cb857902
mask_fragment-n100000-w512-m0900-s1444,mask_fragment,512,0.9,100000,1444,90000,late_mask_fragment,6,HASH_JOIN,3,1.5758,2.5730000000000004,1.4091000000000002,2.5730000000000004,90000,0,sha256:18bd7fb3b6d02ff88c53bf4a74124c631590d7e276f031a9034dc7f9cb857902
mask_fragment-n100000-w512-m0900-s1444,mask_fragment,512,0.9,100000,1444,90000,late_mask_fragment,7,SEQ_SCAN,3,10.307100000000002,11.7942,9.109000000000004,11.7942,90000,100000,sha256:18bd7fb3b6d02ff88c53bf4a74124c631590d7e276f031a9034dc7f9cb857902
mask_fragment-n100000-w512-m0900-s1444,mask_fragment,512,0.9,100000,1444,90000,late_mask_fragment,8,SEQ_SCAN,3,0.032799999999999996,0.0354,0.028299999999999995,0.0354,10000,10000,sha256:18bd7fb3b6d02ff88c53bf4a74124c631590d7e276f031a9034dc7f9cb857902
mask_fragment-n100000-w512-m0900-s1555,mask_fragment,512,0.9,100000,1555,90000,early_mask_fragment,0,EXPLAIN_ANALYZE,3,0.0003,0.0003,0.0003,0.0003,0,0,sha256:1a43e0ddf8cc02438cc76d27ba1cce86da34109d2e43dcc8ed7c9d581b95b39d
mask_fragment-n100000-w512-m0900-s1555,mask_fragment,512,0.9,100000,1555,90000,early_mask_fragment,1,BATCH_CREATE_TABLE_AS,3,14.8831,15.767099999999996,10.559400000000004,15.767099999999996,1,0,sha256:1a43e0ddf8cc02438cc76d27ba1cce86da34109d2e43dcc8ed7c9d581b95b39d
mask_fragment-n100000-w512-m0900-s1555,mask_fragment,512,0.9,100000,1555,90000,early_mask_fragment,2,CTE,3,11.564199999999996,17.433600000000002,10.095999999999998,17.433600000000002,0,0,sha256:1a43e0ddf8cc02438cc76d27ba1cce86da34109d2e43dcc8ed7c9d581b95b39d
mask_fragment-n100000-w512-m0900-s1555,mask_fragment,512,0.9,100000,1555,90000,early_mask_fragment,3,PROJECTION,3,919.666,1062.6073,910.3607999999998,1062.6073,100000,0,sha256:1a43e0ddf8cc02438cc76d27ba1cce86da34109d2e43dcc8ed7c9d581b95b39d
mask_fragment-n100000-w512-m0900-s1555,mask_fragment,512,0.9,100000,1555,90000,early_mask_fragment,4,SEQ_SCAN,3,7.5584,8.461600000000002,6.756199999999999,8.461600000000002,100000,100000,sha256:1a43e0ddf8cc02438cc76d27ba1cce86da34109d2e43dcc8ed7c9d581b95b39d
mask_fragment-n100000-w512-m0900-s1555,mask_fragment,512,0.9,100000,1555,90000,early_mask_fragment,5,PROJECTION,3,0.5049,0.8594999999999999,0.38089999999999996,0.8594999999999999,90000,0,sha256:1a43e0ddf8cc02438cc76d27ba1cce86da34109d2e43dcc8ed7c9d581b95b39d
mask_fragment-n100000-w512-m0900-s1555,mask_fragment,512,0.9,100000,1555,90000,early_mask_fragment,6,ORDER_BY,3,94.6971,99.10530000000001,68.8873,99.10530000000001,90000,0,sha256:1a43e0ddf8cc02438cc76d27ba1cce86da34109d2e43dcc8ed7c9d581b95b39d
mask_fragment-n100000-w512-m0900-s1555,mask_fragment,512,0.9,100000,1555,90000,early_mask_fragment,7,PROJECTION,3,0.2995,0.3988,0.2328,0.3988,90000,0,sha256:1a43e0ddf8cc02438cc76d27ba1cce86da34109d2e43dcc8ed7c9d581b95b39d
mask_fragment-n100000-w512-m0900-s1555,mask_fragment,512,0.9,100000,1555,90000,early_mask_fragment,8,HASH_JOIN,3,6.655399999999998,14.659399999999998,5.490099999999999,14.659399999999998,90000,0,sha256:1a43e0ddf8cc02438cc76d27ba1cce86da34109d2e43dcc8ed7c9d581b95b39d
mask_fragment-n100000-w512-m0900-s1555,mask_fragment,512,0.9,100000,1555,90000,early_mask_fragment,9,CTE_SCAN,3,0.45930000000000004,0.652,0.3322,0.652,100000,0,sha256:1a43e0ddf8cc02438cc76d27ba1cce86da34109d2e43dcc8ed7c9d581b95b39d
mask_fragment-n100000-w512-m0900-s1555,mask_fragment,512,0.9,100000,1555,90000,early_mask_fragment,10,SEQ_SCAN,3,0.03429999999999999,0.0701,0.034100000000000005,0.0701,10000,10000,sha256:1a43e0ddf8cc02438cc76d27ba1cce86da34109d2e43dcc8ed7c9d581b95b39d
mask_fragment-n100000-w512-m0900-s1555,mask_fragment,512,0.9,100000,1555,90000,late_mask_fragment,0,EXPLAIN_ANALYZE,3,0.0003,0.0003,0.0003,0.0003,0,0,sha256:18bd7fb3b6d02ff88c53bf4a74124c631590d7e276f031a9034dc7f9cb857902
mask_fragment-n100000-w512-m0900-s1555,mask_fragment,512,0.9,100000,1555,90000,late_mask_fragment,1,BATCH_CREATE_TABLE_AS,3,10.5581,13.3164,9.968500000000004,13.3164,1,0,sha256:18bd7fb3b6d02ff88c53bf4a74124c631590d7e276f031a9034dc7f9cb857902
mask_fragment-n100000-w512-m0900-s1555,mask_fragment,512,0.9,100000,1555,90000,late_mask_fragment,2,PROJECTION,3,0.5976000000000002,0.738,0.5699000000000001,0.738,90000,0,sha256:18bd7fb3b6d02ff88c53bf4a74124c631590d7e276f031a9034dc7f9cb857902
mask_fragment-n100000-w512-m0900-s1555,mask_fragment,512,0.9,100000,1555,90000,late_mask_fragment,3,ORDER_BY,3,60.314499999999995,82.56730000000002,59.42700000000001,82.56730000000002,90000,0,sha256:18bd7fb3b6d02ff88c53bf4a74124c631590d7e276f031a9034dc7f9cb857902
mask_fragment-n100000-w512-m0900-s1555,mask_fragment,512,0.9,100000,1555,90000,late_mask_fragment,4,PROJECTION,3,2.794899999999999,3.8353,2.2985000000000007,3.8353,90000,0,sha256:18bd7fb3b6d02ff88c53bf4a74124c631590d7e276f031a9034dc7f9cb857902
mask_fragment-n100000-w512-m0900-s1555,mask_fragment,512,0.9,100000,1555,90000,late_mask_fragment,5,PROJECTION,3,862.5916,893.1366000000003,708.531,893.1366000000003,90000,0,sha256:18bd7fb3b6d02ff88c53bf4a74124c631590d7e276f031a9034dc7f9cb857902
mask_fragment-n100000-w512-m0900-s1555,mask_fragment,512,0.9,100000,1555,90000,late_mask_fragment,6,HASH_JOIN,3,1.6379,1.7366000000000001,1.5694000000000004,1.7366000000000001,90000,0,sha256:18bd7fb3b6d02ff88c53bf4a74124c631590d7e276f031a9034dc7f9cb857902
mask_fragment-n100000-w512-m0900-s1555,mask_fragment,512,0.9,100000,1555,90000,late_mask_fragment,7,SEQ_SCAN,3,8.274400000000002,9.950399999999998,7.260099999999999,9.950399999999998,90000,100000,sha256:18bd7fb3b6d02ff88c53bf4a74124c631590d7e276f031a9034dc7f9cb857902
mask_fragment-n100000-w512-m0900-s1555,mask_fragment,512,0.9,100000,1555,90000,late_mask_fragment,8,SEQ_SCAN,3,0.0421,0.0603,0.0316,0.0603,10000,10000,sha256:18bd7fb3b6d02ff88c53bf4a74124c631590d7e276f031a9034dc7f9cb857902
mask_fragment-n100000-w512-m1000-s1111,mask_fragment,512,1.0,100000,1111,100000,early_mask_fragment,0,EXPLAIN_ANALYZE,3,0.00019999999999999998,0.0003,0.00019999999999999998,0.0003,0,0,sha256:1a43e0ddf8cc02438cc76d27ba1cce86da34109d2e43dcc8ed7c9d581b95b39d
mask_fragment-n100000-w512-m1000-s1111,mask_fragment,512,1.0,100000,1111,100000,early_mask_fragment,1,BATCH_CREATE_TABLE_AS,3,12.9262,16.654100000000007,11.417500000000002,16.654100000000007,1,0,sha256:1a43e0ddf8cc02438cc76d27ba1cce86da34109d2e43dcc8ed7c9d581b95b39d
mask_fragment-n100000-w512-m1000-s1111,mask_fragment,512,1.0,100000,1111,100000,early_mask_fragment,2,CTE,3,11.137199999999998,16.710900000000006,9.7793,16.710900000000006,0,0,sha256:1a43e0ddf8cc02438cc76d27ba1cce86da34109d2e43dcc8ed7c9d581b95b39d
mask_fragment-n100000-w512-m1000-s1111,mask_fragment,512,1.0,100000,1111,100000,early_mask_fragment,3,PROJECTION,3,831.7855,915.1992000000002,789.5301,915.1992000000002,100000,0,sha256:1a43e0ddf8cc02438cc76d27ba1cce86da34109d2e43dcc8ed7c9d581b95b39d
mask_fragment-n100000-w512-m1000-s1111,mask_fragment,512,1.0,100000,1111,100000,early_mask_fragment,4,SEQ_SCAN,3,7.4288000000000025,9.0276,6.839799999999999,9.0276,100000,100000,sha256:1a43e0ddf8cc02438cc76d27ba1cce86da34109d2e43dcc8ed7c9d581b95b39d
mask_fragment-n100000-w512-m1000-s1111,mask_fragment,512,1.0,100000,1111,100000,early_mask_fragment,5,PROJECTION,3,0.527,0.5775000000000001,0.44699999999999995,0.5775000000000001,100000,0,sha256:1a43e0ddf8cc02438cc76d27ba1cce86da34109d2e43dcc8ed7c9d581b95b39d
mask_fragment-n100000-w512-m1000-s1111,mask_fragment,512,1.0,100000,1111,100000,early_mask_fragment,6,ORDER_BY,3,79.5768,102.5647,70.58510000000001,102.5647,100000,0,sha256:1a43e0ddf8cc02438cc76d27ba1cce86da34109d2e43dcc8ed7c9d581b95b39d
mask_fragment-n100000-w512-m1000-s1111,mask_fragment,512,1.0,100000,1111,100000,early_mask_fragment,7,PROJECTION,3,0.2965,0.303,0.21909999999999996,0.303,100000,0,sha256:1a43e0ddf8cc02438cc76d27ba1cce86da34109d2e43dcc8ed7c9d581b95b39d
mask_fragment-n100000-w512-m1000-s1111,mask_fragment,512,1.0,100000,1111,100000,early_mask_fragment,8,HASH_JOIN,3,9.3151,9.367199999999999,8.4332,9.367199999999999,100000,0,sha256:1a43e0ddf8cc02438cc76d27ba1cce86da34109d2e43dcc8ed7c9d581b95b39d
mask_fragment-n100000-w512-m1000-s1111,mask_fragment,512,1.0,100000,1111,100000,early_mask_fragment,9,CTE_SCAN,3,0.5177,0.5599999999999999,0.3704,0.5599999999999999,100000,0,sha256:1a43e0ddf8cc02438cc76d27ba1cce86da34109d2e43dcc8ed7c9d581b95b39d
mask_fragment-n100000-w512-m1000-s1111,mask_fragment,512,1.0,100000,1111,100000,early_mask_fragment,10,SEQ_SCAN,3,0.1272,0.165,0.0428,0.165,10000,10000,sha256:1a43e0ddf8cc02438cc76d27ba1cce86da34109d2e43dcc8ed7c9d581b95b39d
mask_fragment-n100000-w512-m1000-s1111,mask_fragment,512,1.0,100000,1111,100000,late_mask_fragment,0,EXPLAIN_ANALYZE,3,0.0003,0.0005,0.0003,0.0005,0,0,sha256:92b825cb6ca6efd8c921ae328d9dcd567e5fc1cecda65d185180a168e33b45c9
mask_fragment-n100000-w512-m1000-s1111,mask_fragment,512,1.0,100000,1111,100000,late_mask_fragment,1,BATCH_CREATE_TABLE_AS,3,10.8708,11.336399999999998,10.290799999999999,11.336399999999998,1,0,sha256:92b825cb6ca6efd8c921ae328d9dcd567e5fc1cecda65d185180a168e33b45c9
mask_fragment-n100000-w512-m1000-s1111,mask_fragment,512,1.0,100000,1111,100000,late_mask_fragment,2,PROJECTION,3,0.6954000000000001,0.7048,0.5400999999999999,0.7048,100000,0,sha256:92b825cb6ca6efd8c921ae328d9dcd567e5fc1cecda65d185180a168e33b45c9
mask_fragment-n100000-w512-m1000-s1111,mask_fragment,512,1.0,100000,1111,100000,late_mask_fragment,3,ORDER_BY,3,70.9632,71.8678,63.629599999999996,71.8678,100000,0,sha256:92b825cb6ca6efd8c921ae328d9dcd567e5fc1cecda65d185180a168e33b45c9
mask_fragment-n100000-w512-m1000-s1111,mask_fragment,512,1.0,100000,1111,100000,late_mask_fragment,4,PROJECTION,3,2.1891999999999996,2.6623,2.051500000000001,2.6623,100000,0,sha256:92b825cb6ca6efd8c921ae328d9dcd567e5fc1cecda65d185180a168e33b45c9
mask_fragment-n100000-w512-m1000-s1111,mask_fragment,512,1.0,100000,1111,100000,late_mask_fragment,5,PROJECTION,3,822.6211000000001,919.2770999999998,775.5891,919.2770999999998,100000,0,sha256:92b825cb6ca6efd8c921ae328d9dcd567e5fc1cecda65d185180a168e33b45c9
mask_fragment-n100000-w512-m1000-s1111,mask_fragment,512,1.0,100000,1111,100000,late_mask_fragment,6,HASH_JOIN,3,1.6094000000000002,1.6808,1.3933,1.6808,100000,0,sha256:92b825cb6ca6efd8c921ae328d9dcd567e5fc1cecda65d185180a168e33b45c9
mask_fragment-n100000-w512-m1000-s1111,mask_fragment,512,1.0,100000,1111,100000,late_mask_fragment,7,SEQ_SCAN,3,6.8196999999999965,9.061399999999999,6.1119,9.061399999999999,100000,100000,sha256:92b825cb6ca6efd8c921ae328d9dcd567e5fc1cecda65d185180a168e33b45c9
mask_fragment-n100000-w512-m1000-s1111,mask_fragment,512,1.0,100000,1111,100000,late_mask_fragment,8,SEQ_SCAN,3,0.029500000000000002,0.0331,0.027399999999999997,0.0331,10000,10000,sha256:92b825cb6ca6efd8c921ae328d9dcd567e5fc1cecda65d185180a168e33b45c9
mask_fragment-n100000-w512-m1000-s1222,mask_fragment,512,1.0,100000,1222,100000,early_mask_fragment,0,EXPLAIN_ANALYZE,3,0.00019999999999999998,0.00039999999999999996,0.00019999999999999998,0.00039999999999999996,0,0,sha256:1a43e0ddf8cc02438cc76d27ba1cce86da34109d2e43dcc8ed7c9d581b95b39d
mask_fragment-n100000-w512-m1000-s1222,mask_fragment,512,1.0,100000,1222,100000,early_mask_fragment,1,BATCH_CREATE_TABLE_AS,3,13.111500000000001,17.031399999999998,11.825199999999997,17.031399999999998,1,0,sha256:1a43e0ddf8cc02438cc76d27ba1cce86da34109d2e43dcc8ed7c9d581b95b39d
mask_fragment-n100000-w512-m1000-s1222,mask_fragment,512,1.0,100000,1222,100000,early_mask_fragment,2,CTE,3,9.9083,18.501700000000003,9.867299999999997,18.501700000000003,0,0,sha256:1a43e0ddf8cc02438cc76d27ba1cce86da34109d2e43dcc8ed7c9d581b95b39d
mask_fragment-n100000-w512-m1000-s1222,mask_fragment,512,1.0,100000,1222,100000,early_mask_fragment,3,PROJECTION,3,880.7874000000004,920.6628999999997,736.7772000000001,920.6628999999997,100000,0,sha256:1a43e0ddf8cc02438cc76d27ba1cce86da34109d2e43dcc8ed7c9d581b95b39d
mask_fragment-n100000-w512-m1000-s1222,mask_fragment,512,1.0,100000,1222,100000,early_mask_fragment,4,SEQ_SCAN,3,7.7162,8.128999999999998,6.099700000000001,8.128999999999998,100000,100000,sha256:1a43e0ddf8cc02438cc76d27ba1cce86da34109d2e43dcc8ed7c9d581b95b39d
mask_fragment-n100000-w512-m1000-s1222,mask_fragment,512,1.0,100000,1222,100000,early_mask_fragment,5,PROJECTION,3,0.6641000000000002,0.6937000000000001,0.487,0.6937000000000001,100000,0,sha256:1a43e0ddf8cc02438cc76d27ba1cce86da34109d2e43dcc8ed7c9d581b95b39d
mask_fragment-n100000-w512-m1000-s1222,mask_fragment,512,1.0,100000,1222,100000,early_mask_fragment,6,ORDER_BY,3,71.7863,96.0478,71.286,96.0478,100000,0,sha256:1a43e0ddf8cc02438cc76d27ba1cce86da34109d2e43dcc8ed7c9d581b95b39d
mask_fragment-n100000-w512-m1000-s1222,mask_fragment,512,1.0,100000,1222,100000,early_mask_fragment,7,PROJECTION,3,0.2738,0.31089999999999995,0.26639999999999997,0.31089999999999995,100000,0,sha256:1a43e0ddf8cc02438cc76d27ba1cce86da34109d2e43dcc8ed7c9d581b95b39d
mask_fragment-n100000-w512-m1000-s1222,mask_fragment,512,1.0,100000,1222,100000,early_mask_fragment,8,HASH_JOIN,3,6.6324000000000005,6.7105,6.6241,6.7105,100000,0,sha256:1a43e0ddf8cc02438cc76d27ba1cce86da34109d2e43dcc8ed7c9d581b95b39d
mask_fragment-n100000-w512-m1000-s1222,mask_fragment,512,1.0,100000,1222,100000,early_mask_fragment,9,CTE_SCAN,3,0.3242,0.37770000000000004,0.3235,0.37770000000000004,100000,0,sha256:1a43e0ddf8cc02438cc76d27ba1cce86da34109d2e43dcc8ed7c9d581b95b39d
mask_fragment-n100000-w512-m1000-s1222,mask_fragment,512,1.0,100000,1222,100000,early_mask_fragment,10,SEQ_SCAN,3,0.0715,0.0719,0.033600000000000005,0.0719,10000,10000,sha256:1a43e0ddf8cc02438cc76d27ba1cce86da34109d2e43dcc8ed7c9d581b95b39d
mask_fragment-n100000-w512-m1000-s1222,mask_fragment,512,1.0,100000,1222,100000,late_mask_fragment,0,EXPLAIN_ANALYZE,3,0.00039999999999999996,0.0005,0.0003,0.0005,0,0,sha256:92b825cb6ca6efd8c921ae328d9dcd567e5fc1cecda65d185180a168e33b45c9
mask_fragment-n100000-w512-m1000-s1222,mask_fragment,512,1.0,100000,1222,100000,late_mask_fragment,1,BATCH_CREATE_TABLE_AS,3,9.946599999999998,11.2517,8.496199999999998,11.2517,1,0,sha256:92b825cb6ca6efd8c921ae328d9dcd567e5fc1cecda65d185180a168e33b45c9
mask_fragment-n100000-w512-m1000-s1222,mask_fragment,512,1.0,100000,1222,100000,late_mask_fragment,2,PROJECTION,3,0.5347999999999998,0.5914999999999998,0.4420000000000001,0.5914999999999998,100000,0,sha256:92b825cb6ca6efd8c921ae328d9dcd567e5fc1cecda65d185180a168e33b45c9
mask_fragment-n100000-w512-m1000-s1222,mask_fragment,512,1.0,100000,1222,100000,late_mask_fragment,3,ORDER_BY,3,59.79920000000002,77.8192,57.1818,77.8192,100000,0,sha256:92b825cb6ca6efd8c921ae328d9dcd567e5fc1cecda65d185180a168e33b45c9
mask_fragment-n100000-w512-m1000-s1222,mask_fragment,512,1.0,100000,1222,100000,late_mask_fragment,4,PROJECTION,3,1.8280999999999996,2.8291000000000004,1.7873999999999999,2.8291000000000004,100000,0,sha256:92b825cb6ca6efd8c921ae328d9dcd567e5fc1cecda65d185180a168e33b45c9
mask_fragment-n100000-w512-m1000-s1222,mask_fragment,512,1.0,100000,1222,100000,late_mask_fragment,5,PROJECTION,3,771.2565999999998,830.5220999999999,713.2013000000002,830.5220999999999,100000,0,sha256:92b825cb6ca6efd8c921ae328d9dcd567e5fc1cecda65d185180a168e33b45c9
mask_fragment-n100000-w512-m1000-s1222,mask_fragment,512,1.0,100000,1222,100000,late_mask_fragment,6,HASH_JOIN,3,1.4994999999999996,1.6013000000000002,1.3566000000000003,1.6013000000000002,100000,0,sha256:92b825cb6ca6efd8c921ae328d9dcd567e5fc1cecda65d185180a168e33b45c9
mask_fragment-n100000-w512-m1000-s1222,mask_fragment,512,1.0,100000,1222,100000,late_mask_fragment,7,SEQ_SCAN,3,6.4951,7.861799999999999,6.183600000000001,7.861799999999999,100000,100000,sha256:92b825cb6ca6efd8c921ae328d9dcd567e5fc1cecda65d185180a168e33b45c9
mask_fragment-n100000-w512-m1000-s1222,mask_fragment,512,1.0,100000,1222,100000,late_mask_fragment,8,SEQ_SCAN,3,0.032600000000000004,0.0378,0.021700000000000004,0.0378,10000,10000,sha256:92b825cb6ca6efd8c921ae328d9dcd567e5fc1cecda65d185180a168e33b45c9
mask_fragment-n100000-w512-m1000-s1333,mask_fragment,512,1.0,100000,1333,100000,early_mask_fragment,0,EXPLAIN_ANALYZE,3,0.0003,0.0003,0.0003,0.0003,0,0,sha256:1a43e0ddf8cc02438cc76d27ba1cce86da34109d2e43dcc8ed7c9d581b95b39d
mask_fragment-n100000-w512-m1000-s1333,mask_fragment,512,1.0,100000,1333,100000,early_mask_fragment,1,BATCH_CREATE_TABLE_AS,3,13.4063,15.0497,12.5817,15.0497,1,0,sha256:1a43e0ddf8cc02438cc76d27ba1cce86da34109d2e43dcc8ed7c9d581b95b39d
mask_fragment-n100000-w512-m1000-s1333,mask_fragment,512,1.0,100000,1333,100000,early_mask_fragment,2,CTE,3,11.952900000000001,16.4846,9.331199999999997,16.4846,0,0,sha256:1a43e0ddf8cc02438cc76d27ba1cce86da34109d2e43dcc8ed7c9d581b95b39d
mask_fragment-n100000-w512-m1000-s1333,mask_fragment,512,1.0,100000,1333,100000,early_mask_fragment,3,PROJECTION,3,850.7396999999997,892.1494999999998,712.8153,892.1494999999998,100000,0,sha256:1a43e0ddf8cc02438cc76d27ba1cce86da34109d2e43dcc8ed7c9d581b95b39d
mask_fragment-n100000-w512-m1000-s1333,mask_fragment,512,1.0,100000,1333,100000,early_mask_fragment,4,SEQ_SCAN,3,8.111399999999998,8.953400000000002,7.3812999999999995,8.953400000000002,100000,100000,sha256:1a43e0ddf8cc02438cc76d27ba1cce86da34109d2e43dcc8ed7c9d581b95b39d
mask_fragment-n100000-w512-m1000-s1333,mask_fragment,512,1.0,100000,1333,100000,early_mask_fragment,5,PROJECTION,3,0.4776,0.8116,0.4461,0.8116,100000,0,sha256:1a43e0ddf8cc02438cc76d27ba1cce86da34109d2e43dcc8ed7c9d581b95b39d
mask_fragment-n100000-w512-m1000-s1333,mask_fragment,512,1.0,100000,1333,100000,early_mask_fragment,6,ORDER_BY,3,79.31509999999999,107.60699999999999,75.56229999999998,107.60699999999999,100000,0,sha256:1a43e0ddf8cc02438cc76d27ba1cce86da34109d2e43dcc8ed7c9d581b95b39d
mask_fragment-n100000-w512-m1000-s1333,mask_fragment,512,1.0,100000,1333,100000,early_mask_fragment,7,PROJECTION,3,0.27590000000000003,0.863,0.21680000000000002,0.863,100000,0,sha256:1a43e0ddf8cc02438cc76d27ba1cce86da34109d2e43dcc8ed7c9d581b95b39d
mask_fragment-n100000-w512-m1000-s1333,mask_fragment,512,1.0,100000,1333,100000,early_mask_fragment,8,HASH_JOIN,3,5.9703,13.1774,5.5968,13.1774,100000,0,sha256:1a43e0ddf8cc02438cc76d27ba1cce86da34109d2e43dcc8ed7c9d581b95b39d
mask_fragment-n100000-w512-m1000-s1333,mask_fragment,512,1.0,100000,1333,100000,early_mask_fragment,9,CTE_SCAN,3,0.7277999999999999,0.9133000000000001,0.2432,0.9133000000000001,100000,0,sha256:1a43e0ddf8cc02438cc76d27ba1cce86da34109d2e43dcc8ed7c9d581b95b39d
mask_fragment-n100000-w512-m1000-s1333,mask_fragment,512,1.0,100000,1333,100000,early_mask_fragment,10,SEQ_SCAN,3,0.034499999999999996,0.0375,0.0327,0.0375,10000,10000,sha256:1a43e0ddf8cc02438cc76d27ba1cce86da34109d2e43dcc8ed7c9d581b95b39d
mask_fragment-n100000-w512-m1000-s1333,mask_fragment,512,1.0,100000,1333,100000,late_mask_fragment,0,EXPLAIN_ANALYZE,3,0.00039999999999999996,0.0011,0.00019999999999999998,0.0011,0,0,sha256:92b825cb6ca6efd8c921ae328d9dcd567e5fc1cecda65d185180a168e33b45c9
mask_fragment-n100000-w512-m1000-s1333,mask_fragment,512,1.0,100000,1333,100000,late_mask_fragment,1,BATCH_CREATE_TABLE_AS,3,10.192000000000002,11.661600000000005,9.494800000000001,11.661600000000005,1,0,sha256:92b825cb6ca6efd8c921ae328d9dcd567e5fc1cecda65d185180a168e33b45c9
mask_fragment-n100000-w512-m1000-s1333,mask_fragment,512,1.0,100000,1333,100000,late_mask_fragment,2,PROJECTION,3,0.6238000000000004,0.6762,0.5152999999999999,0.6762,100000,0,sha256:92b825cb6ca6efd8c921ae328d9dcd567e5fc1cecda65d185180a168e33b45c9
mask_fragment-n100000-w512-m1000-s1333,mask_fragment,512,1.0,100000,1333,100000,late_mask_fragment,3,ORDER_BY,3,62.231300000000005,67.54150000000001,57.07269999999999,67.54150000000001,100000,0,sha256:92b825cb6ca6efd8c921ae328d9dcd567e5fc1cecda65d185180a168e33b45c9
mask_fragment-n100000-w512-m1000-s1333,mask_fragment,512,1.0,100000,1333,100000,late_mask_fragment,4,PROJECTION,3,2.292499999999999,9.007200000000001,1.8886,9.007200000000001,100000,0,sha256:92b825cb6ca6efd8c921ae328d9dcd567e5fc1cecda65d185180a168e33b45c9
mask_fragment-n100000-w512-m1000-s1333,mask_fragment,512,1.0,100000,1333,100000,late_mask_fragment,5,PROJECTION,3,749.1569999999999,995.2711,730.1760999999999,995.2711,100000,0,sha256:92b825cb6ca6efd8c921ae328d9dcd567e5fc1cecda65d185180a168e33b45c9
mask_fragment-n100000-w512-m1000-s1333,mask_fragment,512,1.0,100000,1333,100000,late_mask_fragment,6,HASH_JOIN,3,1.5371,1.5601000000000003,1.4333999999999996,1.5601000000000003,100000,0,sha256:92b825cb6ca6efd8c921ae328d9dcd567e5fc1cecda65d185180a168e33b45c9
mask_fragment-n100000-w512-m1000-s1333,mask_fragment,512,1.0,100000,1333,100000,late_mask_fragment,7,SEQ_SCAN,3,5.964899999999999,6.5291000000000015,5.466100000000001,6.5291000000000015,100000,100000,sha256:92b825cb6ca6efd8c921ae328d9dcd567e5fc1cecda65d185180a168e33b45c9
mask_fragment-n100000-w512-m1000-s1333,mask_fragment,512,1.0,100000,1333,100000,late_mask_fragment,8,SEQ_SCAN,3,0.0364,0.0587,0.03459999999999999,0.0587,10000,10000,sha256:92b825cb6ca6efd8c921ae328d9dcd567e5fc1cecda65d185180a168e33b45c9
mask_fragment-n100000-w512-m1000-s1444,mask_fragment,512,1.0,100000,1444,100000,early_mask_fragment,0,EXPLAIN_ANALYZE,3,0.00019999999999999998,0.0006,0.00019999999999999998,0.0006,0,0,sha256:1a43e0ddf8cc02438cc76d27ba1cce86da34109d2e43dcc8ed7c9d581b95b39d
mask_fragment-n100000-w512-m1000-s1444,mask_fragment,512,1.0,100000,1444,100000,early_mask_fragment,1,BATCH_CREATE_TABLE_AS,3,12.136100000000006,20.942199999999993,10.733200000000002,20.942199999999993,1,0,sha256:1a43e0ddf8cc02438cc76d27ba1cce86da34109d2e43dcc8ed7c9d581b95b39d
mask_fragment-n100000-w512-m1000-s1444,mask_fragment,512,1.0,100000,1444,100000,early_mask_fragment,2,CTE,3,9.965600000000002,15.0038,7.998100000000001,15.0038,0,0,sha256:1a43e0ddf8cc02438cc76d27ba1cce86da34109d2e43dcc8ed7c9d581b95b39d
mask_fragment-n100000-w512-m1000-s1444,mask_fragment,512,1.0,100000,1444,100000,early_mask_fragment,3,PROJECTION,3,919.6777000000002,920.5573,832.2927999999997,920.5573,100000,0,sha256:1a43e0ddf8cc02438cc76d27ba1cce86da34109d2e43dcc8ed7c9d581b95b39d
mask_fragment-n100000-w512-m1000-s1444,mask_fragment,512,1.0,100000,1444,100000,early_mask_fragment,4,SEQ_SCAN,3,6.582099999999999,6.788100000000003,6.0587,6.788100000000003,100000,100000,sha256:1a43e0ddf8cc02438cc76d27ba1cce86da34109d2e43dcc8ed7c9d581b95b39d
mask_fragment-n100000-w512-m1000-s1444,mask_fragment,512,1.0,100000,1444,100000,early_mask_fragment,5,PROJECTION,3,0.6082000000000001,1.3046000000000002,0.4258,1.3046000000000002,100000,0,sha256:1a43e0ddf8cc02438cc76d27ba1cce86da34109d2e43dcc8ed7c9d581b95b39d
mask_fragment-n100000-w512-m1000-s1444,mask_fragment,512,1.0,100000,1444,100000,early_mask_fragment,6,ORDER_BY,3,74.5922,93.7077,73.5548,93.7077,100000,0,sha256:1a43e0ddf8cc02438cc76d27ba1cce86da34109d2e43dcc8ed7c9d581b95b39d
mask_fragment-n100000-w512-m1000-s1444,mask_fragment,512,1.0,100000,1444,100000,early_mask_fragment,7,PROJECTION,3,0.24370000000000003,0.35069999999999996,0.21359999999999998,0.35069999999999996,100000,0,sha256:1a43e0ddf8cc02438cc76d27ba1cce86da34109d2e43dcc8ed7c9d581b95b39d
mask_fragment-n100000-w512-m1000-s1444,mask_fragment,512,1.0,100000,1444,100000,early_mask_fragment,8,HASH_JOIN,3,7.1983000000000015,9.049299999999999,5.312400000000001,9.049299999999999,100000,0,sha256:1a43e0ddf8cc02438cc76d27ba1cce86da34109d2e43dcc8ed7c9d581b95b39d
mask_fragment-n100000-w512-m1000-s1444,mask_fragment,512,1.0,100000,1444,100000,early_mask_fragment,9,CTE_SCAN,3,0.48879999999999996,0.5350999999999999,0.2641,0.5350999999999999,100000,0,sha256:1a43e0ddf8cc02438cc76d27ba1cce86da34109d2e43dcc8ed7c9d581b95b39d
mask_fragment-n100000-w512-m1000-s1444,mask_fragment,512,1.0,100000,1444,100000,early_mask_fragment,10,SEQ_SCAN,3,0.031299999999999994,0.0564,0.0282,0.0564,10000,10000,sha256:1a43e0ddf8cc02438cc76d27ba1cce86da34109d2e43dcc8ed7c9d581b95b39d
mask_fragment-n100000-w512-m1000-s1444,mask_fragment,512,1.0,100000,1444,100000,late_mask_fragment,0,EXPLAIN_ANALYZE,3,0.0003,0.00039999999999999996,0.0003,0.00039999999999999996,0,0,sha256:92b825cb6ca6efd8c921ae328d9dcd567e5fc1cecda65d185180a168e33b45c9
mask_fragment-n100000-w512-m1000-s1444,mask_fragment,512,1.0,100000,1444,100000,late_mask_fragment,1,BATCH_CREATE_TABLE_AS,3,11.691999999999998,11.776399999999999,10.273200000000001,11.776399999999999,1,0,sha256:92b825cb6ca6efd8c921ae328d9dcd567e5fc1cecda65d185180a168e33b45c9
mask_fragment-n100000-w512-m1000-s1444,mask_fragment,512,1.0,100000,1444,100000,late_mask_fragment,2,PROJECTION,3,0.5103,0.5598999999999997,0.4407999999999998,0.5598999999999997,100000,0,sha256:92b825cb6ca6efd8c921ae328d9dcd567e5fc1cecda65d185180a168e33b45c9
mask_fragment-n100000-w512-m1000-s1444,mask_fragment,512,1.0,100000,1444,100000,late_mask_fragment,3,ORDER_BY,3,67.65060000000001,69.9196,63.43969999999999,69.9196,100000,0,sha256:92b825cb6ca6efd8c921ae328d9dcd567e5fc1cecda65d185180a168e33b45c9
mask_fragment-n100000-w512-m1000-s1444,mask_fragment,512,1.0,100000,1444,100000,late_mask_fragment,4,PROJECTION,3,2.2646,2.8137,2.1038999999999994,2.8137,100000,0,sha256:92b825cb6ca6efd8c921ae328d9dcd567e5fc1cecda65d185180a168e33b45c9
mask_fragment-n100000-w512-m1000-s1444,mask_fragment,512,1.0,100000,1444,100000,late_mask_fragment,5,PROJECTION,3,773.1704000000003,780.5366000000002,696.956,780.5366000000002,100000,0,sha256:92b825cb6ca6efd8c921ae328d9dcd567e5fc1cecda65d185180a168e33b45c9
mask_fragment-n100000-w512-m1000-s1444,mask_fragment,512,1.0,100000,1444,100000,late_mask_fragment,6,HASH_JOIN,3,1.5705,1.9859,1.5619000000000003,1.9859,100000,0,sha256:92b825cb6ca6efd8c921ae328d9dcd567e5fc1cecda65d185180a168e33b45c9
mask_fragment-n100000-w512-m1000-s1444,mask_fragment,512,1.0,100000,1444,100000,late_mask_fragment,7,SEQ_SCAN,3,7.877299999999998,8.258500000000005,6.894399999999999,8.258500000000005,100000,100000,sha256:92b825cb6ca6efd8c921ae328d9dcd567e5fc1cecda65d185180a168e33b45c9
mask_fragment-n100000-w512-m1000-s1444,mask_fragment,512,1.0,100000,1444,100000,late_mask_fragment,8,SEQ_SCAN,3,0.034499999999999996,0.04239999999999999,0.0203,0.04239999999999999,10000,10000,sha256:92b825cb6ca6efd8c921ae328d9dcd567e5fc1cecda65d185180a168e33b45c9
mask_fragment-n100000-w512-m1000-s1555,mask_fragment,512,1.0,100000,1555,100000,early_mask_fragment,0,EXPLAIN_ANALYZE,3,0.0003,0.0007,0.0003,0.0007,0,0,sha256:1a43e0ddf8cc02438cc76d27ba1cce86da34109d2e43dcc8ed7c9d581b95b39d
mask_fragment-n100000-w512-m1000-s1555,mask_fragment,512,1.0,100000,1555,100000,early_mask_fragment,1,BATCH_CREATE_TABLE_AS,3,10.579399999999998,16.439700000000002,10.299399999999999,16.439700000000002,1,0,sha256:1a43e0ddf8cc02438cc76d27ba1cce86da34109d2e43dcc8ed7c9d581b95b39d
mask_fragment-n100000-w512-m1000-s1555,mask_fragment,512,1.0,100000,1555,100000,early_mask_fragment,2,CTE,3,9.804799999999998,14.775299999999996,8.3042,14.775299999999996,0,0,sha256:1a43e0ddf8cc02438cc76d27ba1cce86da34109d2e43dcc8ed7c9d581b95b39d
mask_fragment-n100000-w512-m1000-s1555,mask_fragment,512,1.0,100000,1555,100000,early_mask_fragment,3,PROJECTION,3,890.2524999999999,896.8393000000001,877.4591000000001,896.8393000000001,100000,0,sha256:1a43e0ddf8cc02438cc76d27ba1cce86da34109d2e43dcc8ed7c9d581b95b39d
mask_fragment-n100000-w512-m1000-s1555,mask_fragment,512,1.0,100000,1555,100000,early_mask_fragment,4,SEQ_SCAN,3,5.663700000000001,11.366200000000003,5.234399999999999,11.366200000000003,100000,100000,sha256:1a43e0ddf8cc02438cc76d27ba1cce86da34109d2e43dcc8ed7c9d581b95b39d
mask_fragment-n100000-w512-m1000-s1555,mask_fragment,512,1.0,100000,1555,100000,early_mask_fragment,5,PROJECTION,3,0.4182,0.4617999999999999,0.33679999999999993,0.4617999999999999,100000,0,sha256:1a43e0ddf8cc02438cc76d27ba1cce86da34109d2e43dcc8ed7c9d581b95b39d
mask_fragment-n100000-w512-m1000-s1555,mask_fragment,512,1.0,100000,1555,100000,early_mask_fragment,6,ORDER_BY,3,69.2953,81.69410000000002,60.54559999999999,81.69410000000002,100000,0,sha256:1a43e0ddf8cc02438cc76d27ba1cce86da34109d2e43dcc8ed7c9d581b95b39d
mask_fragment-n100000-w512-m1000-s1555,mask_fragment,512,1.0,100000,1555,100000,early_mask_fragment,7,PROJECTION,3,0.2524,0.27309999999999995,0.2261,0.27309999999999995,100000,0,sha256:1a43e0ddf8cc02438cc76d27ba1cce86da34109d2e43dcc8ed7c9d581b95b39d
mask_fragment-n100000-w512-m1000-s1555,mask_fragment,512,1.0,100000,1555,100000,early_mask_fragment,8,HASH_JOIN,3,7.0211,7.811099999999999,5.419499999999999,7.811099999999999,100000,0,sha256:1a43e0ddf8cc02438cc76d27ba1cce86da34109d2e43dcc8ed7c9d581b95b39d
mask_fragment-n100000-w512-m1000-s1555,mask_fragment,512,1.0,100000,1555,100000,early_mask_fragment,9,CTE_SCAN,3,0.3296,0.40530000000000005,0.2784,0.40530000000000005,100000,0,sha256:1a43e0ddf8cc02438cc76d27ba1cce86da34109d2e43dcc8ed7c9d581b95b39d
mask_fragment-n100000-w512-m1000-s1555,mask_fragment,512,1.0,100000,1555,100000,early_mask_fragment,10,SEQ_SCAN,3,0.035,0.0484,0.0303,0.0484,10000,10000,sha256:1a43e0ddf8cc02438cc76d27ba1cce86da34109d2e43dcc8ed7c9d581b95b39d
mask_fragment-n100000-w512-m1000-s1555,mask_fragment,512,1.0,100000,1555,100000,late_mask_fragment,0,EXPLAIN_ANALYZE,3,0.0009,0.0009,0.0003,0.0009,0,0,sha256:92b825cb6ca6efd8c921ae328d9dcd567e5fc1cecda65d185180a168e33b45c9
mask_fragment-n100000-w512-m1000-s1555,mask_fragment,512,1.0,100000,1555,100000,late_mask_fragment,1,BATCH_CREATE_TABLE_AS,3,13.274000000000006,15.202,12.1138,15.202,1,0,sha256:92b825cb6ca6efd8c921ae328d9dcd567e5fc1cecda65d185180a168e33b45c9
mask_fragment-n100000-w512-m1000-s1555,mask_fragment,512,1.0,100000,1555,100000,late_mask_fragment,2,PROJECTION,3,0.9246999999999997,0.9895000000000002,0.6963000000000003,0.9895000000000002,100000,0,sha256:92b825cb6ca6efd8c921ae328d9dcd567e5fc1cecda65d185180a168e33b45c9
mask_fragment-n100000-w512-m1000-s1555,mask_fragment,512,1.0,100000,1555,100000,late_mask_fragment,3,ORDER_BY,3,80.88619999999999,84.4342,72.60059999999997,84.4342,100000,0,sha256:92b825cb6ca6efd8c921ae328d9dcd567e5fc1cecda65d185180a168e33b45c9
mask_fragment-n100000-w512-m1000-s1555,mask_fragment,512,1.0,100000,1555,100000,late_mask_fragment,4,PROJECTION,3,2.540499999999999,2.8217000000000003,2.0098,2.8217000000000003,100000,0,sha256:92b825cb6ca6efd8c921ae328d9dcd567e5fc1cecda65d185180a168e33b45c9
mask_fragment-n100000-w512-m1000-s1555,mask_fragment,512,1.0,100000,1555,100000,late_mask_fragment,5,PROJECTION,3,875.5849999999997,967.8698999999998,768.5151,967.8698999999998,100000,0,sha256:92b825cb6ca6efd8c921ae328d9dcd567e5fc1cecda65d185180a168e33b45c9
mask_fragment-n100000-w512-m1000-s1555,mask_fragment,512,1.0,100000,1555,100000,late_mask_fragment,6,HASH_JOIN,3,1.8759,1.9601999999999997,1.4901,1.9601999999999997,100000,0,sha256:92b825cb6ca6efd8c921ae328d9dcd567e5fc1cecda65d185180a168e33b45c9
mask_fragment-n100000-w512-m1000-s1555,mask_fragment,512,1.0,100000,1555,100000,late_mask_fragment,7,SEQ_SCAN,3,6.958399999999998,8.755699999999997,5.8809,8.755699999999997,100000,100000,sha256:92b825cb6ca6efd8c921ae328d9dcd567e5fc1cecda65d185180a168e33b45c9
mask_fragment-n100000-w512-m1000-s1555,mask_fragment,512,1.0,100000,1555,100000,late_mask_fragment,8,SEQ_SCAN,3,0.038900000000000004,0.0558,0.0318,0.0558,10000,10000,sha256:92b825cb6ca6efd8c921ae328d9dcd567e5fc1cecda65d185180a168e33b45c9
mask_fragment-n150000-w128-m0900-s1111,mask_fragment,128,0.9,150000,1111,135000,early_mask_fragment,0,EXPLAIN_ANALYZE,3,0.00019999999999999998,0.0003,0.00019999999999999998,0.0003,0,0,sha256:1a43e0ddf8cc02438cc76d27ba1cce86da34109d2e43dcc8ed7c9d581b95b39d
mask_fragment-n150000-w128-m0900-s1111,mask_fragment,128,0.9,150000,1111,135000,early_mask_fragment,1,BATCH_CREATE_TABLE_AS,3,18.5476,22.1506,18.163099999999996,22.1506,1,0,sha256:1a43e0ddf8cc02438cc76d27ba1cce86da34109d2e43dcc8ed7c9d581b95b39d
mask_fragment-n150000-w128-m0900-s1111,mask_fragment,128,0.9,150000,1111,135000,early_mask_fragment,2,CTE,3,16.536400000000004,29.211000000000002,14.908299999999999,29.211000000000002,0,0,sha256:1a43e0ddf8cc02438cc76d27ba1cce86da34109d2e43dcc8ed7c9d581b95b39d
mask_fragment-n150000-w128-m0900-s1111,mask_fragment,128,0.9,150000,1111,135000,early_mask_fragment,3,PROJECTION,3,506.7085,523.5933,447.2239999999999,523.5933,150000,0,sha256:1a43e0ddf8cc02438cc76d27ba1cce86da34109d2e43dcc8ed7c9d581b95b39d
mask_fragment-n150000-w128-m0900-s1111,mask_fragment,128,0.9,150000,1111,135000,early_mask_fragment,4,SEQ_SCAN,3,8.4535,10.372999999999998,8.006400000000001,10.372999999999998,150000,150000,sha256:1a43e0ddf8cc02438cc76d27ba1cce86da34109d2e43dcc8ed7c9d581b95b39d
mask_fragment-n150000-w128-m0900-s1111,mask_fragment,128,0.9,150000,1111,135000,early_mask_fragment,5,PROJECTION,3,0.6627999999999998,0.7287999999999998,0.5223000000000003,0.7287999999999998,135000,0,sha256:1a43e0ddf8cc02438cc76d27ba1cce86da34109d2e43dcc8ed7c9d581b95b39d
mask_fragment-n150000-w128-m0900-s1111,mask_fragment,128,0.9,150000,1111,135000,early_mask_fragment,6,ORDER_BY,3,117.61819999999997,119.19619999999998,116.67450000000001,119.19619999999998,135000,0,sha256:1a43e0ddf8cc02438cc76d27ba1cce86da34109d2e43dcc8ed7c9d581b95b39d
mask_fragment-n150000-w128-m0900-s1111,mask_fragment,128,0.9,150000,1111,135000,early_mask_fragment,7,PROJECTION,3,0.3101,0.37979999999999997,0.30760000000000004,0.37979999999999997,135000,0,sha256:1a43e0ddf8cc02438cc76d27ba1cce86da34109d2e43dcc8ed7c9d581b95b39d
mask_fragment-n150000-w128-m0900-s1111,mask_fragment,128,0.9,150000,1111,135000,early_mask_fragment,8,HASH_JOIN,3,8.2086,8.786200000000001,7.244199999999999,8.786200000000001,135000,0,sha256:1a43e0ddf8cc02438cc76d27ba1cce86da34109d2e43dcc8ed7c9d581b95b39d
mask_fragment-n150000-w128-m0900-s1111,mask_fragment,128,0.9,150000,1111,135000,early_mask_fragment,9,CTE_SCAN,3,0.6557000000000001,0.6976,0.46909999999999996,0.6976,150000,0,sha256:1a43e0ddf8cc02438cc76d27ba1cce86da34109d2e43dcc8ed7c9d581b95b39d
mask_fragment-n150000-w128-m0900-s1111,mask_fragment,128,0.9,150000,1111,135000,early_mask_fragment,10,SEQ_SCAN,3,0.0404,0.10080000000000001,0.022,0.10080000000000001,10000,10000,sha256:1a43e0ddf8cc02438cc76d27ba1cce86da34109d2e43dcc8ed7c9d581b95b39d
mask_fragment-n150000-w128-m0900-s1111,mask_fragment,128,0.9,150000,1111,135000,late_mask_fragment,0,EXPLAIN_ANALYZE,3,0.0003,0.0003,0.00019999999999999998,0.0003,0,0,sha256:18bd7fb3b6d02ff88c53bf4a74124c631590d7e276f031a9034dc7f9cb857902
mask_fragment-n150000-w128-m0900-s1111,mask_fragment,128,0.9,150000,1111,135000,late_mask_fragment,1,BATCH_CREATE_TABLE_AS,3,15.992000000000006,17.796400000000006,15.050500000000001,17.796400000000006,1,0,sha256:18bd7fb3b6d02ff88c53bf4a74124c631590d7e276f031a9034dc7f9cb857902
mask_fragment-n150000-w128-m0900-s1111,mask_fragment,128,0.9,150000,1111,135000,late_mask_fragment,2,PROJECTION,3,0.9109999999999999,1.1446000000000003,0.6916999999999999,1.1446000000000003,135000,0,sha256:18bd7fb3b6d02ff88c53bf4a74124c631590d7e276f031a9034dc7f9cb857902
mask_fragment-n150000-w128-m0900-s1111,mask_fragment,128,0.9,150000,1111,135000,late_mask_fragment,3,ORDER_BY,3,108.7003,109.80090000000001,99.84229999999998,109.80090000000001,135000,0,sha256:18bd7fb3b6d02ff88c53bf4a74124c631590d7e276f031a9034dc7f9cb857902
mask_fragment-n150000-w128-m0900-s1111,mask_fragment,128,0.9,150000,1111,135000,late_mask_fragment,4,PROJECTION,3,3.2237000000000005,3.4086000000000007,2.995199999999999,3.4086000000000007,135000,0,sha256:18bd7fb3b6d02ff88c53bf4a74124c631590d7e276f031a9034dc7f9cb857902
mask_fragment-n150000-w128-m0900-s1111,mask_fragment,128,0.9,150000,1111,135000,late_mask_fragment,5,PROJECTION,3,559.194,571.7787000000001,434.04959999999994,571.7787000000001,135000,0,sha256:18bd7fb3b6d02ff88c53bf4a74124c631590d7e276f031a9034dc7f9cb857902
mask_fragment-n150000-w128-m0900-s1111,mask_fragment,128,0.9,150000,1111,135000,late_mask_fragment,6,HASH_JOIN,3,2.0742,2.1111000000000004,2.0368000000000004,2.1111000000000004,135000,0,sha256:18bd7fb3b6d02ff88c53bf4a74124c631590d7e276f031a9034dc7f9cb857902
mask_fragment-n150000-w128-m0900-s1111,mask_fragment,128,0.9,150000,1111,135000,late_mask_fragment,7,SEQ_SCAN,3,8.390699999999995,8.514199999999999,7.662199999999999,8.514199999999999,135000,150000,sha256:18bd7fb3b6d02ff88c53bf4a74124c631590d7e276f031a9034dc7f9cb857902
mask_fragment-n150000-w128-m0900-s1111,mask_fragment,128,0.9,150000,1111,135000,late_mask_fragment,8,SEQ_SCAN,3,0.033900000000000007,0.0477,0.028100000000000003,0.0477,10000,10000,sha256:18bd7fb3b6d02ff88c53bf4a74124c631590d7e276f031a9034dc7f9cb857902
mask_fragment-n150000-w128-m0900-s1222,mask_fragment,128,0.9,150000,1222,135000,early_mask_fragment,0,EXPLAIN_ANALYZE,3,0.0003,0.00039999999999999996,0.00019999999999999998,0.00039999999999999996,0,0,sha256:1a43e0ddf8cc02438cc76d27ba1cce86da34109d2e43dcc8ed7c9d581b95b39d
mask_fragment-n150000-w128-m0900-s1222,mask_fragment,128,0.9,150000,1222,135000,early_mask_fragment,1,BATCH_CREATE_TABLE_AS,3,20.1604,31.783099999999994,16.422900000000006,31.783099999999994,1,0,sha256:1a43e0ddf8cc02438cc76d27ba1cce86da34109d2e43dcc8ed7c9d581b95b39d
mask_fragment-n150000-w128-m0900-s1222,mask_fragment,128,0.9,150000,1222,135000,early_mask_fragment,2,CTE,3,26.008599999999998,27.149800000000003,16.0603,27.149800000000003,0,0,sha256:1a43e0ddf8cc02438cc76d27ba1cce86da34109d2e43dcc8ed7c9d581b95b39d
mask_fragment-n150000-w128-m0900-s1222,mask_fragment,128,0.9,150000,1222,135000,early_mask_fragment,3,PROJECTION,3,618.375,663.8350000000002,603.7072999999998,663.8350000000002,150000,0,sha256:1a43e0ddf8cc02438cc76d27ba1cce86da34109d2e43dcc8ed7c9d581b95b39d
mask_fragment-n150000-w128-m0900-s1222,mask_fragment,128,0.9,150000,1222,135000,early_mask_fragment,4,SEQ_SCAN,3,11.781699999999997,12.697500000000002,9.595200000000002,12.697500000000002,150000,150000,sha256:1a43e0ddf8cc02438cc76d27ba1cce86da34109d2e43dcc8ed7c9d581b95b39d
mask_fragment-n150000-w128-m0900-s1222,mask_fragment,128,0.9,150000,1222,135000,early_mask_fragment,5,PROJECTION,3,0.9333999999999998,1.3204999999999998,0.7725000000000001,1.3204999999999998,135000,0,sha256:1a43e0ddf8cc02438cc76d27ba1cce86da34109d2e43dcc8ed7c9d581b95b39d
mask_fragment-n150000-w128-m0900-s1222,mask_fragment,128,0.9,150000,1222,135000,early_mask_fragment,6,ORDER_BY,3,114.689,182.0371,112.60589999999998,182.0371,135000,0,sha256:1a43e0ddf8cc02438cc76d27ba1cce86da34109d2e43dcc8ed7c9d581b95b39d
mask_fragment-n150000-w128-m0900-s1222,mask_fragment,128,0.9,150000,1222,135000,early_mask_fragment,7,PROJECTION,3,0.3694,0.6656000000000001,0.34240000000000004,0.6656000000000001,135000,0,sha256:1a43e0ddf8cc02438cc76d27ba1cce86da34109d2e43dcc8ed7c9d581b95b39d
mask_fragment-n150000-w128-m0900-s1222,mask_fragment,128,0.9,150000,1222,135000,early_mask_fragment,8,HASH_JOIN,3,15.475099999999998,15.938799999999995,9.7255,15.938799999999995,135000,0,sha256:1a43e0ddf8cc02438cc76d27ba1cce86da34109d2e43dcc8ed7c9d581b95b39d
mask_fragment-n150000-w128-m0900-s1222,mask_fragment,128,0.9,150000,1222,135000,early_mask_fragment,9,CTE_SCAN,3,1.1239,10.0526,0.9532999999999998,10.0526,150000,0,sha256:1a43e0ddf8cc02438cc76d27ba1cce86da34109d2e43dcc8ed7c9d581b95b39d
mask_fragment-n150000-w128-m0900-s1222,mask_fragment,128,0.9,150000,1222,135000,early_mask_fragment,10,SEQ_SCAN,3,0.052899999999999996,0.0968,0.023999999999999997,0.0968,10000,10000,sha256:1a43e0ddf8cc02438cc76d27ba1cce86da34109d2e43dcc8ed7c9d581b95b39d
mask_fragment-n150000-w128-m0900-s1222,mask_fragment,128,0.9,150000,1222,135000,late_mask_fragment,0,EXPLAIN_ANALYZE,3,0.00019999999999999998,0.0003,0.00019999999999999998,0.0003,0,0,sha256:18bd7fb3b6d02ff88c53bf4a74124c631590d7e276f031a9034dc7f9cb857902
mask_fragment-n150000-w128-m0900-s1222,mask_fragment,128,0.9,150000,1222,135000,late_mask_fragment,1,BATCH_CREATE_TABLE_AS,3,18.563999999999997,20.349800000000005,17.999299999999995,20.349800000000005,1,0,sha256:18bd7fb3b6d02ff88c53bf4a74124c631590d7e276f031a9034dc7f9cb857902
mask_fragment-n150000-w128-m0900-s1222,mask_fragment,128,0.9,150000,1222,135000,late_mask_fragment,2,PROJECTION,3,1.0392,1.0708,0.9779999999999999,1.0708,135000,0,sha256:18bd7fb3b6d02ff88c53bf4a74124c631590d7e276f031a9034dc7f9cb857902
mask_fragment-n150000-w128-m0900-s1222,mask_fragment,128,0.9,150000,1222,135000,late_mask_fragment,3,ORDER_BY,3,124.5715,129.93159999999997,120.07570000000001,129.93159999999997,135000,0,sha256:18bd7fb3b6d02ff88c53bf4a74124c631590d7e276f031a9034dc7f9cb857902
mask_fragment-n150000-w128-m0900-s1222,mask_fragment,128,0.9,150000,1222,135000,late_mask_fragment,4,PROJECTION,3,3.2242,3.5014000000000007,2.9572000000000003,3.5014000000000007,135000,0,sha256:18bd7fb3b6d02ff88c53bf4a74124c631590d7e276f031a9034dc7f9cb857902
mask_fragment-n150000-w128-m0900-s1222,mask_fragment,128,0.9,150000,1222,135000,late_mask_fragment,5,PROJECTION,3,762.6999,834.4853000000005,692.9344000000001,834.4853000000005,135000,0,sha256:18bd7fb3b6d02ff88c53bf4a74124c631590d7e276f031a9034dc7f9cb857902
mask_fragment-n150000-w128-m0900-s1222,mask_fragment,128,0.9,150000,1222,135000,late_mask_fragment,6,HASH_JOIN,3,2.427200000000001,3.2149,2.0631,3.2149,135000,0,sha256:18bd7fb3b6d02ff88c53bf4a74124c631590d7e276f031a9034dc7f9cb857902
mask_fragment-n150000-w128-m0900-s1222,mask_fragment,128,0.9,150000,1222,135000,late_mask_fragment,7,SEQ_SCAN,3,8.6576,9.371899999999998,8.4861,9.371899999999998,135000,150000,sha256:18bd7fb3b6d02ff88c53bf4a74124c631590d7e276f031a9034dc7f9cb857902
mask_fragment-n150000-w128-m0900-s1222,mask_fragment,128,0.9,150000,1222,135000,late_mask_fragment,8,SEQ_SCAN,3,0.04399999999999999,0.06810000000000001,0.0346,0.06810000000000001,10000,10000,sha256:18bd7fb3b6d02ff88c53bf4a74124c631590d7e276f031a9034dc7f9cb857902
mask_fragment-n150000-w128-m0900-s1333,mask_fragment,128,0.9,150000,1333,135000,early_mask_fragment,0,EXPLAIN_ANALYZE,3,0.0003,0.0006,0.00019999999999999998,0.0006,0,0,sha256:1a43e0ddf8cc02438cc76d27ba1cce86da34109d2e43dcc8ed7c9d581b95b39d
mask_fragment-n150000-w128-m0900-s1333,mask_fragment,128,0.9,150000,1333,135000,early_mask_fragment,1,BATCH_CREATE_TABLE_AS,3,18.689799999999998,22.072699999999998,17.943399999999997,22.072699999999998,1,0,sha256:1a43e0ddf8cc02438cc76d27ba1cce86da34109d2e43dcc8ed7c9d581b95b39d
mask_fragment-n150000-w128-m0900-s1333,mask_fragment,128,0.9,150000,1333,135000,early_mask_fragment,2,CTE,3,14.3597,25.758200000000002,13.736699999999999,25.758200000000002,0,0,sha256:1a43e0ddf8cc02438cc76d27ba1cce86da34109d2e43dcc8ed7c9d581b95b39d
mask_fragment-n150000-w128-m0900-s1333,mask_fragment,128,0.9,150000,1333,135000,early_mask_fragment,3,PROJECTION,3,578.4615999999997,651.0577,513.4603999999999,651.0577,150000,0,sha256:1a43e0ddf8cc02438cc76d27ba1cce86da34109d2e43dcc8ed7c9d581b95b39d
mask_fragment-n150000-w128-m0900-s1333,mask_fragment,128,0.9,150000,1333,135000,early_mask_fragment,4,SEQ_SCAN,3,8.5564,9.050199999999998,7.768299999999999,9.050199999999998,150000,150000,sha256:1a43e0ddf8cc02438cc76d27ba1cce86da34109d2e43dcc8ed7c9d581b95b39d
mask_fragment-n150000-w128-m0900-s1333,mask_fragment,128,0.9,150000,1333,135000,early_mask_fragment,5,PROJECTION,3,0.6748000000000002,0.7424999999999999,0.6656,0.7424999999999999,135000,0,sha256:1a43e0ddf8cc02438cc76d27ba1cce86da34109d2e43dcc8ed7c9d581b95b39d
mask_fragment-n150000-w128-m0900-s1333,mask_fragment,128,0.9,150000,1333,135000,early_mask_fragment,6,ORDER_BY,3,117.73990000000002,136.82690000000002,114.63759999999998,136.82690000000002,135000,0,sha256:1a43e0ddf8cc02438cc76d27ba1cce86da34109d2e43dcc8ed7c9d581b95b39d
mask_fragment-n150000-w128-m0900-s1333,mask_fragment,128,0.9,150000,1333,135000,early_mask_fragment,7,PROJECTION,3,0.5924,0.8014000000000001,0.39929999999999993,0.8014000000000001,135000,0,sha256:1a43e0ddf8cc02438cc76d27ba1cce86da34109d2e43dcc8ed7c9d581b95b39d
mask_fragment-n150000-w128-m0900-s1333,mask_fragment,128,0.9,150000,1333,135000,early_mask_fragment,8,HASH_JOIN,3,8.9138,16.9105,7.8415,16.9105,135000,0,sha256:1a43e0ddf8cc02438cc76d27ba1cce86da34109d2e43dcc8ed7c9d581b95b39d
mask_fragment-n150000-w128-m0900-s1333,mask_fragment,128,0.9,150000,1333,135000,early_mask_fragment,9,CTE_SCAN,3,0.6298,0.8572,0.5762999999999999,0.8572,150000,0,sha256:1a43e0ddf8cc02438cc76d27ba1cce86da34109d2e43dcc8ed7c9d581b95b39d
mask_fragment-n150000-w128-m0900-s1333,mask_fragment,128,0.9,150000,1333,135000,early_mask_fragment,10,SEQ_SCAN,3,0.0348,0.048100000000000004,0.027299999999999998,0.048100000000000004,10000,10000,sha256:1a43e0ddf8cc02438cc76d27ba1cce86da34109d2e43dcc8ed7c9d581b95b39d
mask_fragment-n150000-w128-m0900-s1333,mask_fragment,128,0.9,150000,1333,135000,late_mask_fragment,0,EXPLAIN_ANALYZE,3,0.0003,0.0003,0.0003,0.0003,0,0,sha256:18bd7fb3b6d02ff88c53bf4a74124c631590d7e276f031a9034dc7f9cb857902
mask_fragment-n150000-w128-m0900-s1333,mask_fragment,128,0.9,150000,1333,135000,late_mask_fragment,1,BATCH_CREATE_TABLE_AS,3,18.129299999999997,23.206299999999988,17.587100000000003,23.206299999999988,1,0,sha256:18bd7fb3b6d02ff88c53bf4a74124c631590d7e276f031a9034dc7f9cb857902
mask_fragment-n150000-w128-m0900-s1333,mask_fragment,128,0.9,150000,1333,135000,late_mask_fragment,2,PROJECTION,3,0.9965999999999998,1.4265,0.8526000000000002,1.4265,135000,0,sha256:18bd7fb3b6d02ff88c53bf4a74124c631590d7e276f031a9034dc7f9cb857902
mask_fragment-n150000-w128-m0900-s1333,mask_fragment,128,0.9,150000,1333,135000,late_mask_fragment,3,ORDER_BY,3,118.18180000000001,130.23810000000003,106.09430000000003,130.23810000000003,135000,0,sha256:18bd7fb3b6d02ff88c53bf4a74124c631590d7e276f031a9034dc7f9cb857902
mask_fragment-n150000-w128-m0900-s1333,mask_fragment,128,0.9,150000,1333,135000,late_mask_fragment,4,PROJECTION,3,3.038400000000001,6.1738,3.0109,6.1738,135000,0,sha256:18bd7fb3b6d02ff88c53bf4a74124c631590d7e276f031a9034dc7f9cb857902
mask_fragment-n150000-w128-m0900-s1333,mask_fragment,128,0.9,150000,1333,135000,late_mask_fragment,5,PROJECTION,3,586.3069999999999,696.6382999999998,537.3195000000001,696.6382999999998,135000,0,sha256:18bd7fb3b6d02ff88c53bf4a74124c631590d7e276f031a9034dc7f9cb857902
mask_fragment-n150000-w128-m0900-s1333,mask_fragment,128,0.9,150000,1333,135000,late_mask_fragment,6,HASH_JOIN,3,2.5354,3.1783000000000006,2.1052,3.1783000000000006,135000,0,sha256:18bd7fb3b6d02ff88c53bf4a74124c631590d7e276f031a9034dc7f9cb857902
mask_fragment-n150000-w128-m0900-s1333,mask_fragment,128,0.9,150000,1333,135000,late_mask_fragment,7,SEQ_SCAN,3,9.100299999999999,12.631499999999999,8.919500000000003,12.631499999999999,135000,150000,sha256:18bd7fb3b6d02ff88c53bf4a74124c631590d7e276f031a9034dc7f9cb857902
mask_fragment-n150000-w128-m0900-s1333,mask_fragment,128,0.9,150000,1333,135000,late_mask_fragment,8,SEQ_SCAN,3,0.04549999999999999,0.2001,0.0364,0.2001,10000,10000,sha256:18bd7fb3b6d02ff88c53bf4a74124c631590d7e276f031a9034dc7f9cb857902
mask_fragment-n150000-w128-m0900-s1444,mask_fragment,128,0.9,150000,1444,135000,early_mask_fragment,0,EXPLAIN_ANALYZE,3,0.0003,0.0007,0.00019999999999999998,0.0007,0,0,sha256:1a43e0ddf8cc02438cc76d27ba1cce86da34109d2e43dcc8ed7c9d581b95b39d
mask_fragment-n150000-w128-m0900-s1444,mask_fragment,128,0.9,150000,1444,135000,early_mask_fragment,1,BATCH_CREATE_TABLE_AS,3,18.174599999999998,23.268900000000006,15.866900000000003,23.268900000000006,1,0,sha256:1a43e0ddf8cc02438cc76d27ba1cce86da34109d2e43dcc8ed7c9d581b95b39d
mask_fragment-n150000-w128-m0900-s1444,mask_fragment,128,0.9,150000,1444,135000,early_mask_fragment,2,CTE,3,16.5783,27.775199999999995,14.164400000000002,27.775199999999995,0,0,sha256:1a43e0ddf8cc02438cc76d27ba1cce86da34109d2e43dcc8ed7c9d581b95b39d
mask_fragment-n150000-w128-m0900-s1444,mask_fragment,128,0.9,150000,1444,135000,early_mask_fragment,3,PROJECTION,3,592.6696999999999,756.7995999999999,482.2032,756.7995999999999,150000,0,sha256:1a43e0ddf8cc02438cc76d27ba1cce86da34109d2e43dcc8ed7c9d581b95b39d
mask_fragment-n150000-w128-m0900-s1444,mask_fragment,128,0.9,150000,1444,135000,early_mask_fragment,4,SEQ_SCAN,3,11.1824,14.5694,9.414499999999999,14.5694,150000,150000,sha256:1a43e0ddf8cc02438cc76d27ba1cce86da34109d2e43dcc8ed7c9d581b95b39d
mask_fragment-n150000-w128-m0900-s1444,mask_fragment,128,0.9,150000,1444,135000,early_mask_fragment,5,PROJECTION,3,0.6127,0.6783000000000002,0.4954,0.6783000000000002,135000,0,sha256:1a43e0ddf8cc02438cc76d27ba1cce86da34109d2e43dcc8ed7c9d581b95b39d
mask_fragment-n150000-w128-m0900-s1444,mask_fragment,128,0.9,150000,1444,135000,early_mask_fragment,6,ORDER_BY,3,110.33550000000001,121.58980000000001,90.03179999999996,121.58980000000001,135000,0,sha256:1a43e0ddf8cc02438cc76d27ba1cce86da34109d2e43dcc8ed7c9d581b95b39d
mask_fragment-n150000-w128-m0900-s1444,mask_fragment,128,0.9,150000,1444,135000,early_mask_fragment,7,PROJECTION,3,0.39359999999999995,0.4078,0.28150000000000003,0.4078,135000,0,sha256:1a43e0ddf8cc02438cc76d27ba1cce86da34109d2e43dcc8ed7c9d581b95b39d
mask_fragment-n150000-w128-m0900-s1444,mask_fragment,128,0.9,150000,1444,135000,early_mask_fragment,8,HASH_JOIN,3,10.0505,10.5787,6.1988,10.5787,135000,0,sha256:1a43e0ddf8cc02438cc76d27ba1cce86da34109d2e43dcc8ed7c9d581b95b39d
mask_fragment-n150000-w128-m0900-s1444,mask_fragment,128,0.9,150000,1444,135000,early_mask_fragment,9,CTE_SCAN,3,0.6161999999999999,0.7353999999999999,0.365,0.7353999999999999,150000,0,sha256:1a43e0ddf8cc02438cc76d27ba1cce86da34109d2e43dcc8ed7c9d581b95b39d
mask_fragment-n150000-w128-m0900-s1444,mask_fragment,128,0.9,150000,1444,135000,early_mask_fragment,10,SEQ_SCAN,3,0.0379,0.0416,0.024999999999999998,0.0416,10000,10000,sha256:1a43e0ddf8cc02438cc76d27ba1cce86da34109d2e43dcc8ed7c9d581b95b39d
mask_fragment-n150000-w128-m0900-s1444,mask_fragment,128,0.9,150000,1444,135000,late_mask_fragment,0,EXPLAIN_ANALYZE,3,0.00019999999999999998,0.0003,0.00019999999999999998,0.0003,0,0,sha256:18bd7fb3b6d02ff88c53bf4a74124c631590d7e276f031a9034dc7f9cb857902
mask_fragment-n150000-w128-m0900-s1444,mask_fragment,128,0.9,150000,1444,135000,late_mask_fragment,1,BATCH_CREATE_TABLE_AS,3,15.766599999999995,19.112600000000004,14.893600000000001,19.112600000000004,1,0,sha256:18bd7fb3b6d02ff88c53bf4a74124c631590d7e276f031a9034dc7f9cb857902
mask_fragment-n150000-w128-m0900-s1444,mask_fragment,128,0.9,150000,1444,135000,late_mask_fragment,2,PROJECTION,3,0.7550999999999999,1.0008000000000001,0.6535999999999998,1.0008000000000001,135000,0,sha256:18bd7fb3b6d02ff88c53bf4a74124c631590d7e276f031a9034dc7f9cb857902
mask_fragment-n150000-w128-m0900-s1444,mask_fragment,128,0.9,150000,1444,135000,late_mask_fragment,3,ORDER_BY,3,92.3591,94.25520000000002,90.07480000000001,94.25520000000002,135000,0,sha256:18bd7fb3b6d02ff88c53bf4a74124c631590d7e276f031a9034dc7f9cb857902
mask_fragment-n150000-w128-m0900-s1444,mask_fragment,128,0.9,150000,1444,135000,late_mask_fragment,4,PROJECTION,3,2.7914000000000003,2.8036999999999996,2.5887999999999995,2.8036999999999996,135000,0,sha256:18bd7fb3b6d02ff88c53bf4a74124c631590d7e276f031a9034dc7f9cb857902
mask_fragment-n150000-w128-m0900-s1444,mask_fragment,128,0.9,150000,1444,135000,late_mask_fragment,5,PROJECTION,3,473.16810000000004,526.2395,406.61959999999993,526.2395,135000,0,sha256:18bd7fb3b6d02ff88c53bf4a74124c631590d7e276f031a9034dc7f9cb857902
mask_fragment-n150000-w128-m0900-s1444,mask_fragment,128,0.9,150000,1444,135000,late_mask_fragment,6,HASH_JOIN,3,1.7322999999999997,2.0242999999999998,1.5985,2.0242999999999998,135000,0,sha256:18bd7fb3b6d02ff88c53bf4a74124c631590d7e276f031a9034dc7f9cb857902
mask_fragment-n150000-w128-m0900-s1444,mask_fragment,128,0.9,150000,1444,135000,late_mask_fragment,7,SEQ_SCAN,3,7.076600000000001,7.439499999999996,6.963400000000001,7.439499999999996,135000,150000,sha256:18bd7fb3b6d02ff88c53bf4a74124c631590d7e276f031a9034dc7f9cb857902
mask_fragment-n150000-w128-m0900-s1444,mask_fragment,128,0.9,150000,1444,135000,late_mask_fragment,8,SEQ_SCAN,3,0.033499999999999995,0.0412,0.0245,0.0412,10000,10000,sha256:18bd7fb3b6d02ff88c53bf4a74124c631590d7e276f031a9034dc7f9cb857902
mask_fragment-n150000-w128-m0900-s1555,mask_fragment,128,0.9,150000,1555,135000,early_mask_fragment,0,EXPLAIN_ANALYZE,3,0.0003,0.0003,0.00019999999999999998,0.0003,0,0,sha256:1a43e0ddf8cc02438cc76d27ba1cce86da34109d2e43dcc8ed7c9d581b95b39d
mask_fragment-n150000-w128-m0900-s1555,mask_fragment,128,0.9,150000,1555,135000,early_mask_fragment,1,BATCH_CREATE_TABLE_AS,3,16.4061,24.549,15.871,24.549,1,0,sha256:1a43e0ddf8cc02438cc76d27ba1cce86da34109d2e43dcc8ed7c9d581b95b39d
mask_fragment-n150000-w128-m0900-s1555,mask_fragment,128,0.9,150000,1555,135000,early_mask_fragment,2,CTE,3,21.043900000000004,37.9493,18.0616,37.9493,0,0,sha256:1a43e0ddf8cc02438cc76d27ba1cce86da34109d2e43dcc8ed7c9d581b95b39d
mask_fragment-n150000-w128-m0900-s1555,mask_fragment,128,0.9,150000,1555,135000,early_mask_fragment,3,PROJECTION,3,600.4738999999996,688.6095000000001,514.2271,688.6095000000001,150000,0,sha256:1a43e0ddf8cc02438cc76d27ba1cce86da34109d2e43dcc8ed7c9d581b95b39d
mask_fragment-n150000-w128-m0900-s1555,mask_fragment,128,0.9,150000,1555,135000,early_mask_fragment,4,SEQ_SCAN,3,8.2448,9.4824,8.2236,9.4824,150000,150000,sha256:1a43e0ddf8cc02438cc76d27ba1cce86da34109d2e43dcc8ed7c9d581b95b39d
mask_fragment-n150000-w128-m0900-s1555,mask_fragment,128,0.9,150000,1555,135000,early_mask_fragment,5,PROJECTION,3,0.6449999999999998,0.6521999999999999,0.5796000000000001,0.6521999999999999,135000,0,sha256:1a43e0ddf8cc02438cc76d27ba1cce86da34109d2e43dcc8ed7c9d581b95b39d
mask_fragment-n150000-w128-m0900-s1555,mask_fragment,128,0.9,150000,1555,135000,early_mask_fragment,6,ORDER_BY,3,104.34289999999999,127.88590000000002,101.35520000000001,127.88590000000002,135000,0,sha256:1a43e0ddf8cc02438cc76d27ba1cce86da34109d2e43dcc8ed7c9d581b95b39d
mask_fragment-n150000-w128-m0900-s1555,mask_fragment,128,0.9,150000,1555,135000,early_mask_fragment,7,PROJECTION,3,0.3668,0.3916,0.34509999999999996,0.3916,135000,0,sha256:1a43e0ddf8cc02438cc76d27ba1cce86da34109d2e43dcc8ed7c9d581b95b39d
mask_fragment-n150000-w128-m0900-s1555,mask_fragment,128,0.9,150000,1555,135000,early_mask_fragment,8,HASH_JOIN,3,8.741199999999997,8.990500000000003,8.1624,8.990500000000003,135000,0,sha256:1a43e0ddf8cc02438cc76d27ba1cce86da34109d2e43dcc8ed7c9d581b95b39d
mask_fragment-n150000-w128-m0900-s1555,mask_fragment,128,0.9,150000,1555,135000,early_mask_fragment,9,CTE_SCAN,3,0.4502,0.6174000000000002,0.4461999999999999,0.6174000000000002,150000,0,sha256:1a43e0ddf8cc02438cc76d27ba1cce86da34109d2e43dcc8ed7c9d581b95b39d
mask_fragment-n150000-w128-m0900-s1555,mask_fragment,128,0.9,150000,1555,135000,early_mask_fragment,10,SEQ_SCAN,3,0.0432,0.055200000000000006,0.027100000000000003,0.055200000000000006,10000,10000,sha256:1a43e0ddf8cc02438cc76d27ba1cce86da34109d2e43dcc8ed7c9d581b95b39d
mask_fragment-n150000-w128-m0900-s1555,mask_fragment,128,0.9,150000,1555,135000,late_mask_fragment,0,EXPLAIN_ANALYZE,3,0.0003,0.0003,0.0003,0.0003,0,0,sha256:18bd7fb3b6d02ff88c53bf4a74124c631590d7e276f031a9034dc7f9cb857902
mask_fragment-n150000-w128-m0900-s1555,mask_fragment,128,0.9,150000,1555,135000,late_mask_fragment,1,BATCH_CREATE_TABLE_AS,3,16.774799999999995,17.1201,14.9685,17.1201,1,0,sha256:18bd7fb3b6d02ff88c53bf4a74124c631590d7e276f031a9034dc7f9cb857902
mask_fragment-n150000-w128-m0900-s1555,mask_fragment,128,0.9,150000,1555,135000,late_mask_fragment,2,PROJECTION,3,0.9609,1.0210000000000004,0.7172999999999999,1.0210000000000004,135000,0,sha256:18bd7fb3b6d02ff88c53bf4a74124c631590d7e276f031a9034dc7f9cb857902
mask_fragment-n150000-w128-m0900-s1555,mask_fragment,128,0.9,150000,1555,135000,late_mask_fragment,3,ORDER_BY,3,103.04660000000001,103.24670000000002,96.2245,103.24670000000002,135000,0,sha256:18bd7fb3b6d02ff88c53bf4a74124c631590d7e276f031a9034dc7f9cb857902
mask_fragment-n150000-w128-m0900-s1555,mask_fragment,128,0.9,150000,1555,135000,late_mask_fragment,4,PROJECTION,3,3.2335000000000003,7.357200000000002,2.507800000000001,7.357200000000002,135000,0,sha256:18bd7fb3b6d02ff88c53bf4a74124c631590d7e276f031a9034dc7f9cb857902
mask_fragment-n150000-w128-m0900-s1555,mask_fragment,128,0.9,150000,1555,135000,late_mask_fragment,5,PROJECTION,3,466.2568,557.7088,416.73239999999987,557.7088,135000,0,sha256:18bd7fb3b6d02ff88c53bf4a74124c631590d7e276f031a9034dc7f9cb857902
mask_fragment-n150000-w128-m0900-s1555,mask_fragment,128,0.9,150000,1555,135000,late_mask_fragment,6,HASH_JOIN,3,2.6507999999999994,3.5444,1.962799999999999,3.5444,135000,0,sha256:18bd7fb3b6d02ff88c53bf4a74124c631590d7e276f031a9034dc7f9cb857902
mask_fragment-n150000-w128-m0900-s1555,mask_fragment,128,0.9,150000,1555,135000,late_mask_fragment,7,SEQ_SCAN,3,7.649000000000002,9.259200000000002,7.223499999999999,9.259200000000002,135000,150000,sha256:18bd7fb3b6d02ff88c53bf4a74124c631590d7e276f031a9034dc7f9cb857902
mask_fragment-n150000-w128-m0900-s1555,mask_fragment,128,0.9,150000,1555,135000,late_mask_fragment,8,SEQ_SCAN,3,0.037099999999999994,0.23040000000000002,0.032400000000000005,0.23040000000000002,10000,10000,sha256:18bd7fb3b6d02ff88c53bf4a74124c631590d7e276f031a9034dc7f9cb857902
mask_fragment-n150000-w128-m1000-s1111,mask_fragment,128,1.0,150000,1111,150000,early_mask_fragment,0,EXPLAIN_ANALYZE,3,0.00019999999999999998,0.0003,0.00019999999999999998,0.0003,0,0,sha256:1a43e0ddf8cc02438cc76d27ba1cce86da34109d2e43dcc8ed7c9d581b95b39d
mask_fragment-n150000-w128-m1000-s1111,mask_fragment,128,1.0,150000,1111,150000,early_mask_fragment,1,BATCH_CREATE_TABLE_AS,3,25.4383,25.480100000000004,18.404999999999998,25.480100000000004,1,0,sha256:1a43e0ddf8cc02438cc76d27ba1cce86da34109d2e43dcc8ed7c9d581b95b39d
mask_fragment-n150000-w128-m1000-s1111,mask_fragment,128,1.0,150000,1111,150000,early_mask_fragment,2,CTE,3,16.1057,24.528599999999997,11.8341,24.528599999999997,0,0,sha256:1a43e0ddf8cc02438cc76d27ba1cce86da34109d2e43dcc8ed7c9d581b95b39d
mask_fragment-n150000-w128-m1000-s1111,mask_fragment,128,1.0,150000,1111,150000,early_mask_fragment,3,PROJECTION,3,520.2768,701.6527000000001,459.5066999999999,701.6527000000001,150000,0,sha256:1a43e0ddf8cc02438cc76d27ba1cce86da34109d2e43dcc8ed7c9d581b95b39d
mask_fragment-n150000-w128-m1000-s1111,mask_fragment,128,1.0,150000,1111,150000,early_mask_fragment,4,SEQ_SCAN,3,8.784299999999998,9.079199999999998,8.179699999999999,9.079199999999998,150000,150000,sha256:1a43e0ddf8cc02438cc76d27ba1cce86da34109d2e43dcc8ed7c9d581b95b39d
mask_fragment-n150000-w128-m1000-s1111,mask_fragment,128,1.0,150000,1111,150000,early_mask_fragment,5,PROJECTION,3,0.9488000000000001,0.9529,0.7977000000000002,0.9529,150000,0,sha256:1a43e0ddf8cc02438cc76d27ba1cce86da34109d2e43dcc8ed7c9d581b95b39d
mask_fragment-n150000-w128-m1000-s1111,mask_fragment,128,1.0,150000,1111,150000,early_mask_fragment,6,ORDER_BY,3,134.3035,140.59070000000003,128.59239999999997,140.59070000000003,150000,0,sha256:1a43e0ddf8cc02438cc76d27ba1cce86da34109d2e43dcc8ed7c9d581b95b39d
mask_fragment-n150000-w128-m1000-s1111,mask_fragment,128,1.0,150000,1111,150000,early_mask_fragment,7,PROJECTION,3,0.4458000000000001,0.8677999999999999,0.4266,0.8677999999999999,150000,0,sha256:1a43e0ddf8cc02438cc76d27ba1cce86da34109d2e43dcc8ed7c9d581b95b39d
mask_fragment-n150000-w128-m1000-s1111,mask_fragment,128,1.0,150000,1111,150000,early_mask_fragment,8,HASH_JOIN,3,13.019900000000002,13.306000000000001,9.9894,13.306000000000001,150000,0,sha256:1a43e0ddf8cc02438cc76d27ba1cce86da34109d2e43dcc8ed7c9d581b95b39d
mask_fragment-n150000-w128-m1000-s1111,mask_fragment,128,1.0,150000,1111,150000,early_mask_fragment,9,CTE_SCAN,3,0.6989000000000001,0.9431,0.5344000000000001,0.9431,150000,0,sha256:1a43e0ddf8cc02438cc76d27ba1cce86da34109d2e43dcc8ed7c9d581b95b39d
mask_fragment-n150000-w128-m1000-s1111,mask_fragment,128,1.0,150000,1111,150000,early_mask_fragment,10,SEQ_SCAN,3,0.08840000000000002,0.23679999999999998,0.021199999999999997,0.23679999999999998,10000,10000,sha256:1a43e0ddf8cc02438cc76d27ba1cce86da34109d2e43dcc8ed7c9d581b95b39d
mask_fragment-n150000-w128-m1000-s1111,mask_fragment,128,1.0,150000,1111,150000,late_mask_fragment,0,EXPLAIN_ANALYZE,3,0.0003,0.0003,0.00019999999999999998,0.0003,0,0,sha256:92b825cb6ca6efd8c921ae328d9dcd567e5fc1cecda65d185180a168e33b45c9
mask_fragment-n150000-w128-m1000-s1111,mask_fragment,128,1.0,150000,1111,150000,late_mask_fragment,1,BATCH_CREATE_TABLE_AS,3,21.228600000000004,21.300899999999995,20.009499999999996,21.300899999999995,1,0,sha256:92b825cb6ca6efd8c921ae328d9dcd567e5fc1cecda65d185180a168e33b45c9
mask_fragment-n150000-w128-m1000-s1111,mask_fragment,128,1.0,150000,1111,150000,late_mask_fragment,2,PROJECTION,3,1.0991000000000002,1.4361,1.0824,1.4361,150000,0,sha256:92b825cb6ca6efd8c921ae328d9dcd567e5fc1cecda65d185180a168e33b45c9
mask_fragment-n150000-w128-m1000-s1111,mask_fragment,128,1.0,150000,1111,150000,late_mask_fragment,3,ORDER_BY,3,123.76610000000002,142.5607,122.1638,142.5607,150000,0,sha256:92b825cb6ca6efd8c921ae328d9dcd567e5fc1cecda65d185180a168e33b45c9
mask_fragment-n150000-w128-m1000-s1111,mask_fragment,128,1.0,150000,1111,150000,late_mask_fragment,4,PROJECTION,3,4.0927999999999995,7.670099999999999,3.8488999999999995,7.670099999999999,150000,0,sha256:92b825cb6ca6efd8c921ae328d9dcd567e5fc1cecda65d185180a168e33b45c9
mask_fragment-n150000-w128-m1000-s1111,mask_fragment,128,1.0,150000,1111,150000,late_mask_fragment,5,PROJECTION,3,621.0111999999999,893.7813999999998,547.5666000000001,893.7813999999998,150000,0,sha256:92b825cb6ca6efd8c921ae328d9dcd567e5fc1cecda65d185180a168e33b45c9
mask_fragment-n150000-w128-m1000-s1111,mask_fragment,128,1.0,150000,1111,150000,late_mask_fragment,6,HASH_JOIN,3,2.0479000000000007,2.6114999999999995,1.9014000000000002,2.6114999999999995,150000,0,sha256:92b825cb6ca6efd8c921ae328d9dcd567e5fc1cecda65d185180a168e33b45c9
mask_fragment-n150000-w128-m1000-s1111,mask_fragment,128,1.0,150000,1111,150000,late_mask_fragment,7,SEQ_SCAN,3,8.8507,13.364900000000002,8.1439,13.364900000000002,150000,150000,sha256:92b825cb6ca6efd8c921ae328d9dcd567e5fc1cecda65d185180a168e33b45c9
mask_fragment-n150000-w128-m1000-s1111,mask_fragment,128,1.0,150000,1111,150000,late_mask_fragment,8,SEQ_SCAN,3,0.027999999999999997,0.0404,0.0267,0.0404,10000,10000,sha256:92b825cb6ca6efd8c921ae328d9dcd567e5fc1cecda65d185180a168e33b45c9
mask_fragment-n150000-w128-m1000-s1222,mask_fragment,128,1.0,150000,1222,150000,early_mask_fragment,0,EXPLAIN_ANALYZE,3,0.0003,0.0003,0.00019999999999999998,0.0003,0,0,sha256:1a43e0ddf8cc02438cc76d27ba1cce86da34109d2e43dcc8ed7c9d581b95b39d
mask_fragment-n150000-w128-m1000-s1222,mask_fragment,128,1.0,150000,1222,150000,early_mask_fragment,1,BATCH_CREATE_TABLE_AS,3,27.13710000000001,31.361499999999992,19.354799999999997,31.361499999999992,1,0,sha256:1a43e0ddf8cc02438cc76d27ba1cce86da34109d2e43dcc8ed7c9d581b95b39d
mask_fragment-n150000-w128-m1000-s1222,mask_fragment,128,1.0,150000,1222,150000,early_mask_fragment,2,CTE,3,13.965099999999998,21.070999999999994,11.708700000000004,21.070999999999994,0,0,sha256:1a43e0ddf8cc02438cc76d27ba1cce86da34109d2e43dcc8ed7c9d581b95b39d
mask_fragment-n150000-w128-m1000-s1222,mask_fragment,128,1.0,150000,1222,150000,early_mask_fragment,3,PROJECTION,3,544.8104999999998,570.8576,511.04159999999996,570.8576,150000,0,sha256:1a43e0ddf8cc02438cc76d27ba1cce86da34109d2e43dcc8ed7c9d581b95b39d
mask_fragment-n150000-w128-m1000-s1222,mask_fragment,128,1.0,150000,1222,150000,early_mask_fragment,4,SEQ_SCAN,3,9.457500000000001,13.362599999999997,9.045099999999998,13.362599999999997,150000,150000,sha256:1a43e0ddf8cc02438cc76d27ba1cce86da34109d2e43dcc8ed7c9d581b95b39d
mask_fragment-n150000-w128-m1000-s1222,mask_fragment,128,1.0,150000,1222,150000,early_mask_fragment,5,PROJECTION,3,0.87,0.9523999999999999,0.8019999999999997,0.9523999999999999,150000,0,sha256:1a43e0ddf8cc02438cc76d27ba1cce86da34109d2e43dcc8ed7c9d581b95b39d
mask_fragment-n150000-w128-m1000-s1222,mask_fragment,128,1.0,150000,1222,150000,early_mask_fragment,6,ORDER_BY,3,162.94119999999998,171.481,120.14470000000001,171.481,150000,0,sha256:1a43e0ddf8cc02438cc76d27ba1cce86da34109d2e43dcc8ed7c9d581b95b39d
mask_fragment-n150000-w128-m1000-s1222,mask_fragment,128,1.0,150000,1222,150000,early_mask_fragment,7,PROJECTION,3,0.6457,0.7366,0.36129999999999995,0.7366,150000,0,sha256:1a43e0ddf8cc02438cc76d27ba1cce86da34109d2e43dcc8ed7c9d581b95b39d
mask_fragment-n150000-w128-m1000-s1222,mask_fragment,128,1.0,150000,1222,150000,early_mask_fragment,8,HASH_JOIN,3,17.5691,30.926799999999997,8.080700000000002,30.926799999999997,150000,0,sha256:1a43e0ddf8cc02438cc76d27ba1cce86da34109d2e43dcc8ed7c9d581b95b39d
mask_fragment-n150000-w128-m1000-s1222,mask_fragment,128,1.0,150000,1222,150000,early_mask_fragment,9,CTE_SCAN,3,1.0344,1.3037,0.4699999999999999,1.3037,150000,0,sha256:1a43e0ddf8cc02438cc76d27ba1cce86da34109d2e43dcc8ed7c9d581b95b39d
mask_fragment-n150000-w128-m1000-s1222,mask_fragment,128,1.0,150000,1222,150000,early_mask_fragment,10,SEQ_SCAN,3,0.0362,0.0453,0.0272,0.0453,10000,10000,sha256:1a43e0ddf8cc02438cc76d27ba1cce86da34109d2e43dcc8ed7c9d581b95b39d
mask_fragment-n150000-w128-m1000-s1222,mask_fragment,128,1.0,150000,1222,150000,late_mask_fragment,0,EXPLAIN_ANALYZE,3,0.00019999999999999998,0.0003,0.00019999999999999998,0.0003,0,0,sha256:92b825cb6ca6efd8c921ae328d9dcd567e5fc1cecda65d185180a168e33b45c9
mask_fragment-n150000-w128-m1000-s1222,mask_fragment,128,1.0,150000,1222,150000,late_mask_fragment,1,BATCH_CREATE_TABLE_AS,3,18.6924,21.401299999999992,16.2962,21.401299999999992,1,0,sha256:92b825cb6ca6efd8c921ae328d9dcd567e5fc1cecda65d185180a168e33b45c9
mask_fragment-n150000-w128-m1000-s1222,mask_fragment,128,1.0,150000,1222,150000,late_mask_fragment,2,PROJECTION,3,0.9823,1.1839,0.9602,1.1839,150000,0,sha256:92b825cb6ca6efd8c921ae328d9dcd567e5fc1cecda65d185180a168e33b45c9
mask_fragment-n150000-w128-m1000-s1222,mask_fragment,128,1.0,150000,1222,150000,late_mask_fragment,3,ORDER_BY,3,121.61909999999999,135.3776,112.2029,135.3776,150000,0,sha256:92b825cb6ca6efd8c921ae328d9dcd567e5fc1cecda65d185180a168e33b45c9
mask_fragment-n150000-w128-m1000-s1222,mask_fragment,128,1.0,150000,1222,150000,late_mask_fragment,4,PROJECTION,3,3.1237999999999997,3.210899999999999,2.950499999999999,3.210899999999999,150000,0,sha256:92b825cb6ca6efd8c921ae328d9dcd567e5fc1cecda65d185180a168e33b45c9
mask_fragment-n150000-w128-m1000-s1222,mask_fragment,128,1.0,150000,1222,150000,late_mask_fragment,5,PROJECTION,3,585.0665999999999,721.8443999999998,514.4422999999999,721.8443999999998,150000,0,sha256:92b825cb6ca6efd8c921ae328d9dcd567e5fc1cecda65d185180a168e33b45c9
mask_fragment-n150000-w128-m1000-s1222,mask_fragment,128,1.0,150000,1222,150000,late_mask_fragment,6,HASH_JOIN,3,2.1182999999999996,2.3246999999999995,2.0618,2.3246999999999995,150000,0,sha256:92b825cb6ca6efd8c921ae328d9dcd567e5fc1cecda65d185180a168e33b45c9
mask_fragment-n150000-w128-m1000-s1222,mask_fragment,128,1.0,150000,1222,150000,late_mask_fragment,7,SEQ_SCAN,3,7.798000000000001,8.8048,7.584800000000001,8.8048,150000,150000,sha256:92b825cb6ca6efd8c921ae328d9dcd567e5fc1cecda65d185180a168e33b45c9
mask_fragment-n150000-w128-m1000-s1222,mask_fragment,128,1.0,150000,1222,150000,late_mask_fragment,8,SEQ_SCAN,3,0.0376,0.048900000000000006,0.027999999999999997,0.048900000000000006,10000,10000,sha256:92b825cb6ca6efd8c921ae328d9dcd567e5fc1cecda65d185180a168e33b45c9
mask_fragment-n150000-w128-m1000-s1333,mask_fragment,128,1.0,150000,1333,150000,early_mask_fragment,0,EXPLAIN_ANALYZE,3,0.0003,0.001,0.00019999999999999998,0.001,0,0,sha256:1a43e0ddf8cc02438cc76d27ba1cce86da34109d2e43dcc8ed7c9d581b95b39d
mask_fragment-n150000-w128-m1000-s1333,mask_fragment,128,1.0,150000,1333,150000,early_mask_fragment,1,BATCH_CREATE_TABLE_AS,3,20.812300000000004,24.431099999999997,16.624899999999997,24.431099999999997,1,0,sha256:1a43e0ddf8cc02438cc76d27ba1cce86da34109d2e43dcc8ed7c9d581b95b39d
mask_fragment-n150000-w128-m1000-s1333,mask_fragment,128,1.0,150000,1333,150000,early_mask_fragment,2,CTE,3,13.9388,21.3057,12.469700000000003,21.3057,0,0,sha256:1a43e0ddf8cc02438cc76d27ba1cce86da34109d2e43dcc8ed7c9d581b95b39d
mask_fragment-n150000-w128-m1000-s1333,mask_fragment,128,1.0,150000,1333,150000,early_mask_fragment,3,PROJECTION,3,514.6638000000003,524.6611,477.26969999999994,524.6611,150000,0,sha256:1a43e0ddf8cc02438cc76d27ba1cce86da34109d2e43dcc8ed7c9d581b95b39d
mask_fragment-n150000-w128-m1000-s1333,mask_fragment,128,1.0,150000,1333,150000,early_mask_fragment,4,SEQ_SCAN,3,8.4363,8.7857,8.4068,8.7857,150000,150000,sha256:1a43e0ddf8cc02438cc76d27ba1cce86da34109d2e43dcc8ed7c9d581b95b39d
mask_fragment-n150000-w128-m1000-s1333,mask_fragment,128,1.0,150000,1333,150000,early_mask_fragment,5,PROJECTION,3,0.8500000000000001,1.1826999999999996,0.5666999999999999,1.1826999999999996,150000,0,sha256:1a43e0ddf8cc02438cc76d27ba1cce86da34109d2e43dcc8ed7c9d581b95b39d
mask_fragment-n150000-w128-m1000-s1333,mask_fragment,128,1.0,150000,1333,150000,early_mask_fragment,6,ORDER_BY,3,125.35429999999998,137.32829999999998,120.7746,137.32829999999998,150000,0,sha256:1a43e0ddf8cc02438cc76d27ba1cce86da34109d2e43dcc8ed7c9d581b95b39d
mask_fragment-n150000-w128-m1000-s1333,mask_fragment,128,1.0,150000,1333,150000,early_mask_fragment,7,PROJECTION,3,0.4591,4.3687000000000005,0.44789999999999996,4.3687000000000005,150000,0,sha256:1a43e0ddf8cc02438cc76d27ba1cce86da34109d2e43dcc8ed7c9d581b95b39d
mask_fragment-n150000-w128-m1000-s1333,mask_fragment,128,1.0,150000,1333,150000,early_mask_fragment,8,HASH_JOIN,3,12.7992,14.080300000000001,10.7549,14.080300000000001,150000,0,sha256:1a43e0ddf8cc02438cc76d27ba1cce86da34109d2e43dcc8ed7c9d581b95b39d
mask_fragment-n150000-w128-m1000-s1333,mask_fragment,128,1.0,150000,1333,150000,early_mask_fragment,9,CTE_SCAN,3,0.8531,0.8702,0.6596000000000001,0.8702,150000,0,sha256:1a43e0ddf8cc02438cc76d27ba1cce86da34109d2e43dcc8ed7c9d581b95b39d
mask_fragment-n150000-w128-m1000-s1333,mask_fragment,128,1.0,150000,1333,150000,early_mask_fragment,10,SEQ_SCAN,3,0.035300000000000005,0.059800000000000006,0.0219,0.059800000000000006,10000,10000,sha256:1a43e0ddf8cc02438cc76d27ba1cce86da34109d2e43dcc8ed7c9d581b95b39d
mask_fragment-n150000-w128-m1000-s1333,mask_fragment,128,1.0,150000,1333,150000,late_mask_fragment,0,EXPLAIN_ANALYZE,3,0.0003,0.0003,0.00019999999999999998,0.0003,0,0,sha256:92b825cb6ca6efd8c921ae328d9dcd567e5fc1cecda65d185180a168e33b45c9
mask_fragment-n150000-w128-m1000-s1333,mask_fragment,128,1.0,150000,1333,150000,late_mask_fragment,1,BATCH_CREATE_TABLE_AS,3,20.020700000000005,20.138800000000003,19.304199999999998,20.138800000000003,1,0,sha256:92b825cb6ca6efd8c921ae328d9dcd567e5fc1cecda65d185180a168e33b45c9
mask_fragment-n150000-w128-m1000-s1333,mask_fragment,128,1.0,150000,1333,150000,late_mask_fragment,2,PROJECTION,3,1.4604,1.6727,1.0456,1.6727,150000,0,sha256:92b825cb6ca6efd8c921ae328d9dcd567e5fc1cecda65d185180a168e33b45c9
mask_fragment-n150000-w128-m1000-s1333,mask_fragment,128,1.0,150000,1333,150000,late_mask_fragment,3,ORDER_BY,3,115.5944,132.6443,105.30839999999996,132.6443,150000,0,sha256:92b825cb6ca6efd8c921ae328d9dcd567e5fc1cecda65d185180a168e33b45c9
mask_fragment-n150000-w128-m1000-s1333,mask_fragment,128,1.0,150000,1333,150000,late_mask_fragment,4,PROJECTION,3,3.2873000000000006,3.3816,2.9545999999999997,3.3816,150000,0,sha256:92b825cb6ca6efd8c921ae328d9dcd567e5fc1cecda65d185180a168e33b45c9
mask_fragment-n150000-w128-m1000-s1333,mask_fragment,128,1.0,150000,1333,150000,late_mask_fragment,5,PROJECTION,3,513.8684000000001,624.0,505.7946999999999,624.0,150000,0,sha256:92b825cb6ca6efd8c921ae328d9dcd567e5fc1cecda65d185180a168e33b45c9
mask_fragment-n150000-w128-m1000-s1333,mask_fragment,128,1.0,150000,1333,150000,late_mask_fragment,6,HASH_JOIN,3,2.3350000000000004,2.7229,2.0046999999999997,2.7229,150000,0,sha256:92b825cb6ca6efd8c921ae328d9dcd567e5fc1cecda65d185180a168e33b45c9
mask_fragment-n150000-w128-m1000-s1333,mask_fragment,128,1.0,150000,1333,150000,late_mask_fragment,7,SEQ_SCAN,3,8.8788,8.998500000000002,8.323399999999998,8.998500000000002,150000,150000,sha256:92b825cb6ca6efd8c921ae328d9dcd567e5fc1cecda65d185180a168e33b45c9
mask_fragment-n150000-w128-m1000-s1333,mask_fragment,128,1.0,150000,1333,150000,late_mask_fragment,8,SEQ_SCAN,3,0.038400000000000004,0.1009,0.026399999999999996,0.1009,10000,10000,sha256:92b825cb6ca6efd8c921ae328d9dcd567e5fc1cecda65d185180a168e33b45c9
mask_fragment-n150000-w128-m1000-s1444,mask_fragment,128,1.0,150000,1444,150000,early_mask_fragment,0,EXPLAIN_ANALYZE,3,0.00019999999999999998,0.0003,0.00019999999999999998,0.0003,0,0,sha256:1a43e0ddf8cc02438cc76d27ba1cce86da34109d2e43dcc8ed7c9d581b95b39d
mask_fragment-n150000-w128-m1000-s1444,mask_fragment,128,1.0,150000,1444,150000,early_mask_fragment,1,BATCH_CREATE_TABLE_AS,3,21.359800000000003,30.746999999999996,16.348699999999997,30.746999999999996,1,0,sha256:1a43e0ddf8cc02438cc76d27ba1cce86da34109d2e43dcc8ed7c9d581b95b39d
mask_fragment-n150000-w128-m1000-s1444,mask_fragment,128,1.0,150000,1444,150000,early_mask_fragment,2,CTE,3,18.274599999999996,24.7406,15.0735,24.7406,0,0,sha256:1a43e0ddf8cc02438cc76d27ba1cce86da34109d2e43dcc8ed7c9d581b95b39d
mask_fragment-n150000-w128-m1000-s1444,mask_fragment,128,1.0,150000,1444,150000,early_mask_fragment,3,PROJECTION,3,525.4909000000001,581.5420000000001,504.33620000000013,581.5420000000001,150000,0,sha256:1a43e0ddf8cc02438cc76d27ba1cce86da34109d2e43dcc8ed7c9d581b95b39d
mask_fragment-n150000-w128-m1000-s1444,mask_fragment,128,1.0,150000,1444,150000,early_mask_fragment,4,SEQ_SCAN,3,9.6882,10.375399999999997,9.020199999999999,10.375399999999997,150000,150000,sha256:1a43e0ddf8cc02438cc76d27ba1cce86da34109d2e43dcc8ed7c9d581b95b39d
mask_fragment-n150000-w128-m1000-s1444,mask_fragment,128,1.0,150000,1444,150000,early_mask_fragment,5,PROJECTION,3,1.2482999999999995,2.5782000000000003,0.5802999999999998,2.5782000000000003,150000,0,sha256:1a43e0ddf8cc02438cc76d27ba1cce86da34109d2e43dcc8ed7c9d581b95b39d
mask_fragment-n150000-w128-m1000-s1444,mask_fragment,128,1.0,150000,1444,150000,early_mask_fragment,6,ORDER_BY,3,128.03579999999997,138.72310000000004,113.5091,138.72310000000004,150000,0,sha256:1a43e0ddf8cc02438cc76d27ba1cce86da34109d2e43dcc8ed7c9d581b95b39d
mask_fragment-n150000-w128-m1000-s1444,mask_fragment,128,1.0,150000,1444,150000,early_mask_fragment,7,PROJECTION,3,0.3716,0.6058,0.3539,0.6058,150000,0,sha256:1a43e0ddf8cc02438cc76d27ba1cce86da34109d2e43dcc8ed7c9d581b95b39d
mask_fragment-n150000-w128-m1000-s1444,mask_fragment,128,1.0,150000,1444,150000,early_mask_fragment,8,HASH_JOIN,3,8.829,9.565800000000001,8.6907,9.565800000000001,150000,0,sha256:1a43e0ddf8cc02438cc76d27ba1cce86da34109d2e43dcc8ed7c9d581b95b39d
mask_fragment-n150000-w128-m1000-s1444,mask_fragment,128,1.0,150000,1444,150000,early_mask_fragment,9,CTE_SCAN,3,0.5927,0.6009000000000001,0.46900000000000014,0.6009000000000001,150000,0,sha256:1a43e0ddf8cc02438cc76d27ba1cce86da34109d2e43dcc8ed7c9d581b95b39d
mask_fragment-n150000-w128-m1000-s1444,mask_fragment,128,1.0,150000,1444,150000,early_mask_fragment,10,SEQ_SCAN,3,0.0287,0.15080000000000002,0.026099999999999998,0.15080000000000002,10000,10000,sha256:1a43e0ddf8cc02438cc76d27ba1cce86da34109d2e43dcc8ed7c9d581b95b39d
mask_fragment-n150000-w128-m1000-s1444,mask_fragment,128,1.0,150000,1444,150000,late_mask_fragment,0,EXPLAIN_ANALYZE,3,0.00019999999999999998,0.0006,0.00019999999999999998,0.0006,0,0,sha256:92b825cb6ca6efd8c921ae328d9dcd567e5fc1cecda65d185180a168e33b45c9
mask_fragment-n150000-w128-m1000-s1444,mask_fragment,128,1.0,150000,1444,150000,late_mask_fragment,1,BATCH_CREATE_TABLE_AS,3,19.420099999999994,26.186799999999995,18.067000000000004,26.186799999999995,1,0,sha256:92b825cb6ca6efd8c921ae328d9dcd567e5fc1cecda65d185180a168e33b45c9
mask_fragment-n150000-w128-m1000-s1444,mask_fragment,128,1.0,150000,1444,150000,late_mask_fragment,2,PROJECTION,3,1.1343999999999999,1.2022000000000004,0.9198999999999999,1.2022000000000004,150000,0,sha256:92b825cb6ca6efd8c921ae328d9dcd567e5fc1cecda65d185180a168e33b45c9
mask_fragment-n150000-w128-m1000-s1444,mask_fragment,128,1.0,150000,1444,150000,late_mask_fragment,3,ORDER_BY,3,118.46299999999998,126.70989999999999,116.63569999999999,126.70989999999999,150000,0,sha256:92b825cb6ca6efd8c921ae328d9dcd567e5fc1cecda65d185180a168e33b45c9
mask_fragment-n150000-w128-m1000-s1444,mask_fragment,128,1.0,150000,1444,150000,late_mask_fragment,4,PROJECTION,3,3.3328,3.5392000000000006,3.2755000000000005,3.5392000000000006,150000,0,sha256:92b825cb6ca6efd8c921ae328d9dcd567e5fc1cecda65d185180a168e33b45c9
mask_fragment-n150000-w128-m1000-s1444,mask_fragment,128,1.0,150000,1444,150000,late_mask_fragment,5,PROJECTION,3,597.4038000000002,628.1971000000002,427.4080999999999,628.1971000000002,150000,0,sha256:92b825cb6ca6efd8c921ae328d9dcd567e5fc1cecda65d185180a168e33b45c9
mask_fragment-n150000-w128-m1000-s1444,mask_fragment,128,1.0,150000,1444,150000,late_mask_fragment,6,HASH_JOIN,3,2.1393000000000004,2.5891,2.1387,2.5891,150000,0,sha256:92b825cb6ca6efd8c921ae328d9dcd567e5fc1cecda65d185180a168e33b45c9
mask_fragment-n150000-w128-m1000-s1444,mask_fragment,128,1.0,150000,1444,150000,late_mask_fragment,7,SEQ_SCAN,3,8.4731,10.3781,7.4453000000000005,10.3781,150000,150000,sha256:92b825cb6ca6efd8c921ae328d9dcd567e5fc1cecda65d185180a168e33b45c9
mask_fragment-n150000-w128-m1000-s1444,mask_fragment,128,1.0,150000,1444,150000,late_mask_fragment,8,SEQ_SCAN,3,0.027999999999999997,0.036199999999999996,0.026099999999999998,0.036199999999999996,10000,10000,sha256:92b825cb6ca6efd8c921ae328d9dcd567e5fc1cecda65d185180a168e33b45c9
mask_fragment-n150000-w128-m1000-s1555,mask_fragment,128,1.0,150000,1555,150000,early_mask_fragment,0,EXPLAIN_ANALYZE,3,0.0005,0.001,0.0003,0.001,0,0,sha256:1a43e0ddf8cc02438cc76d27ba1cce86da34109d2e43dcc8ed7c9d581b95b39d
mask_fragment-n150000-w128-m1000-s1555,mask_fragment,128,1.0,150000,1555,150000,early_mask_fragment,1,BATCH_CREATE_TABLE_AS,3,23.759499999999996,35.9799,22.276699999999998,35.9799,1,0,sha256:1a43e0ddf8cc02438cc76d27ba1cce86da34109d2e43dcc8ed7c9d581b95b39d
mask_fragment-n150000-w128-m1000-s1555,mask_fragment,128,1.0,150000,1555,150000,early_mask_fragment,2,CTE,3,24.260700000000003,24.399700000000006,16.3831,24.399700000000006,0,0,sha256:1a43e0ddf8cc02438cc76d27ba1cce86da34109d2e43dcc8ed7c9d581b95b39d
mask_fragment-n150000-w128-m1000-s1555,mask_fragment,128,1.0,150000,1555,150000,early_mask_fragment,3,PROJECTION,3,656.1735999999999,671.6385,546.8292999999999,671.6385,150000,0,sha256:1a43e0ddf8cc02438cc76d27ba1cce86da34109d2e43dcc8ed7c9d581b95b39d
mask_fragment-n150000-w128-m1000-s1555,mask_fragment,128,1.0,150000,1555,150000,early_mask_fragment,4,SEQ_SCAN,3,11.6734,14.190600000000002,9.6301,14.190600000000002,150000,150000,sha256:1a43e0ddf8cc02438cc76d27ba1cce86da34109d2e43dcc8ed7c9d581b95b39d
mask_fragment-n150000-w128-m1000-s1555,mask_fragment,128,1.0,150000,1555,150000,early_mask_fragment,5,PROJECTION,3,0.8932999999999998,1.1018,0.8693999999999997,1.1018,150000,0,sha256:1a43e0ddf8cc02438cc76d27ba1cce86da34109d2e43dcc8ed7c9d581b95b39d
mask_fragment-n150000-w128-m1000-s1555,mask_fragment,128,1.0,150000,1555,150000,early_mask_fragment,6,ORDER_BY,3,160.99479999999997,200.38239999999996,139.4606,200.38239999999996,150000,0,sha256:1a43e0ddf8cc02438cc76d27ba1cce86da34109d2e43dcc8ed7c9d581b95b39d
mask_fragment-n150000-w128-m1000-s1555,mask_fragment,128,1.0,150000,1555,150000,early_mask_fragment,7,PROJECTION,3,0.7171000000000001,1.3762,0.4288,1.3762,150000,0,sha256:1a43e0ddf8cc02438cc76d27ba1cce86da34109d2e43dcc8ed7c9d581b95b39d
mask_fragment-n150000-w128-m1000-s1555,mask_fragment,128,1.0,150000,1555,150000,early_mask_fragment,8,HASH_JOIN,3,12.025599999999997,15.061399999999999,10.369299999999997,15.061399999999999,150000,0,sha256:1a43e0ddf8cc02438cc76d27ba1cce86da34109d2e43dcc8ed7c9d581b95b39d
mask_fragment-n150000-w128-m1000-s1555,mask_fragment,128,1.0,150000,1555,150000,early_mask_fragment,9,CTE_SCAN,3,0.8362999999999999,0.9165,0.539,0.9165,150000,0,sha256:1a43e0ddf8cc02438cc76d27ba1cce86da34109d2e43dcc8ed7c9d581b95b39d
mask_fragment-n150000-w128-m1000-s1555,mask_fragment,128,1.0,150000,1555,150000,early_mask_fragment,10,SEQ_SCAN,3,0.0306,0.03279999999999999,0.021899999999999996,0.03279999999999999,10000,10000,sha256:1a43e0ddf8cc02438cc76d27ba1cce86da34109d2e43dcc8ed7c9d581b95b39d
mask_fragment-n150000-w128-m1000-s1555,mask_fragment,128,1.0,150000,1555,150000,late_mask_fragment,0,EXPLAIN_ANALYZE,3,0.0003,0.0003,0.00019999999999999998,0.0003,0,0,sha256:92b825cb6ca6efd8c921ae328d9dcd567e5fc1cecda65d185180a168e33b45c9
mask_fragment-n150000-w128-m1000-s1555,mask_fragment,128,1.0,150000,1555,150000,late_mask_fragment,1,BATCH_CREATE_TABLE_AS,3,21.5714,22.781399999999998,20.912299999999995,22.781399999999998,1,0,sha256:92b825cb6ca6efd8c921ae328d9dcd567e5fc1cecda65d185180a168e33b45c9
mask_fragment-n150000-w128-m1000-s1555,mask_fragment,128,1.0,150000,1555,150000,late_mask_fragment,2,PROJECTION,3,1.3402999999999998,1.5294000000000003,1.0900999999999998,1.5294000000000003,150000,0,sha256:92b825cb6ca6efd8c921ae328d9dcd567e5fc1cecda65d185180a168e33b45c9
mask_fragment-n150000-w128-m1000-s1555,mask_fragment,128,1.0,150000,1555,150000,late_mask_fragment,3,ORDER_BY,3,182.4654,192.55209999999997,161.20409999999998,192.55209999999997,150000,0,sha256:92b825cb6ca6efd8c921ae328d9dcd567e5fc1cecda65d185180a168e33b45c9
mask_fragment-n150000-w128-m1000-s1555,mask_fragment,128,1.0,150000,1555,150000,late_mask_fragment,4,PROJECTION,3,4.343700000000001,9.711300000000001,3.0932000000000004,9.711300000000001,150000,0,sha256:92b825cb6ca6efd8c921ae328d9dcd567e5fc1cecda65d185180a168e33b45c9
mask_fragment-n150000-w128-m1000-s1555,mask_fragment,128,1.0,150000,1555,150000,late_mask_fragment,5,PROJECTION,3,981.5020999999997,1232.4969999999998,752.0572000000001,1232.4969999999998,150000,0,sha256:92b825cb6ca6efd8c921ae328d9dcd567e5fc1cecda65d185180a168e33b45c9
mask_fragment-n150000-w128-m1000-s1555,mask_fragment,128,1.0,150000,1555,150000,late_mask_fragment,6,HASH_JOIN,3,4.0189,4.217,2.4219999999999997,4.217,150000,0,sha256:92b825cb6ca6efd8c921ae328d9dcd567e5fc1cecda65d185180a168e33b45c9
mask_fragment-n150000-w128-m1000-s1555,mask_fragment,128,1.0,150000,1555,150000,late_mask_fragment,7,SEQ_SCAN,3,10.250800000000002,13.845999999999997,9.112100000000003,13.845999999999997,150000,150000,sha256:92b825cb6ca6efd8c921ae328d9dcd567e5fc1cecda65d185180a168e33b45c9
mask_fragment-n150000-w128-m1000-s1555,mask_fragment,128,1.0,150000,1555,150000,late_mask_fragment,8,SEQ_SCAN,3,0.035699999999999996,0.1351,0.030099999999999995,0.1351,10000,10000,sha256:92b825cb6ca6efd8c921ae328d9dcd567e5fc1cecda65d185180a168e33b45c9
mask_fragment-n150000-w256-m0900-s1111,mask_fragment,256,0.9,150000,1111,135000,early_mask_fragment,0,EXPLAIN_ANALYZE,3,0.0003,0.0003,0.00019999999999999998,0.0003,0,0,sha256:1a43e0ddf8cc02438cc76d27ba1cce86da34109d2e43dcc8ed7c9d581b95b39d
mask_fragment-n150000-w256-m0900-s1111,mask_fragment,256,0.9,150000,1111,135000,early_mask_fragment,1,BATCH_CREATE_TABLE_AS,3,21.479100000000003,25.5472,20.1791,25.5472,1,0,sha256:1a43e0ddf8cc02438cc76d27ba1cce86da34109d2e43dcc8ed7c9d581b95b39d
mask_fragment-n150000-w256-m0900-s1111,mask_fragment,256,0.9,150000,1111,135000,early_mask_fragment,2,CTE,3,14.672600000000005,30.66550000000001,13.689100000000002,30.66550000000001,0,0,sha256:1a43e0ddf8cc02438cc76d27ba1cce86da34109d2e43dcc8ed7c9d581b95b39d
mask_fragment-n150000-w256-m0900-s1111,mask_fragment,256,0.9,150000,1111,135000,early_mask_fragment,3,PROJECTION,3,796.5032000000001,848.5656,756.9789000000001,848.5656,150000,0,sha256:1a43e0ddf8cc02438cc76d27ba1cce86da34109d2e43dcc8ed7c9d581b95b39d
mask_fragment-n150000-w256-m0900-s1111,mask_fragment,256,0.9,150000,1111,135000,early_mask_fragment,4,SEQ_SCAN,3,10.245899999999999,13.300100000000002,9.057399999999996,13.300100000000002,150000,150000,sha256:1a43e0ddf8cc02438cc76d27ba1cce86da34109d2e43dcc8ed7c9d581b95b39d
mask_fragment-n150000-w256-m0900-s1111,mask_fragment,256,0.9,150000,1111,135000,early_mask_fragment,5,PROJECTION,3,0.7834999999999999,0.8698000000000001,0.7455,0.8698000000000001,135000,0,sha256:1a43e0ddf8cc02438cc76d27ba1cce86da34109d2e43dcc8ed7c9d581b95b39d
mask_fragment-n150000-w256-m0900-s1111,mask_fragment,256,0.9,150000,1111,135000,early_mask_fragment,6,ORDER_BY,3,113.76830000000001,143.79550000000003,106.22939999999997,143.79550000000003,135000,0,sha256:1a43e0ddf8cc02438cc76d27ba1cce86da34109d2e43dcc8ed7c9d581b95b39d
mask_fragment-n150000-w256-m0900-s1111,mask_fragment,256,0.9,150000,1111,135000,early_mask_fragment,7,PROJECTION,3,0.38050000000000006,0.39779999999999993,0.30900000000000005,0.39779999999999993,135000,0,sha256:1a43e0ddf8cc02438cc76d27ba1cce86da34109d2e43dcc8ed7c9d581b95b39d
mask_fragment-n150000-w256-m0900-s1111,mask_fragment,256,0.9,150000,1111,135000,early_mask_fragment,8,HASH_JOIN,3,10.406399999999998,11.6074,7.0995,11.6074,135000,0,sha256:1a43e0ddf8cc02438cc76d27ba1cce86da34109d2e43dcc8ed7c9d581b95b39d
mask_fragment-n150000-w256-m0900-s1111,mask_fragment,256,0.9,150000,1111,135000,early_mask_fragment,9,CTE_SCAN,3,0.6861,1.2943,0.4184,1.2943,150000,0,sha256:1a43e0ddf8cc02438cc76d27ba1cce86da34109d2e43dcc8ed7c9d581b95b39d
mask_fragment-n150000-w256-m0900-s1111,mask_fragment,256,0.9,150000,1111,135000,early_mask_fragment,10,SEQ_SCAN,3,0.032200000000000006,0.0418,0.0214,0.0418,10000,10000,sha256:1a43e0ddf8cc02438cc76d27ba1cce86da34109d2e43dcc8ed7c9d581b95b39d
mask_fragment-n150000-w256-m0900-s1111,mask_fragment,256,0.9,150000,1111,135000,late_mask_fragment,0,EXPLAIN_ANALYZE,3,0.00019999999999999998,0.0003,0.00019999999999999998,0.0003,0,0,sha256:18bd7fb3b6d02ff88c53bf4a74124c631590d7e276f031a9034dc7f9cb857902
mask_fragment-n150000-w256-m0900-s1111,mask_fragment,256,0.9,150000,1111,135000,late_mask_fragment,1,BATCH_CREATE_TABLE_AS,3,20.518400000000003,22.818400000000004,16.570199999999996,22.818400000000004,1,0,sha256:18bd7fb3b6d02ff88c53bf4a74124c631590d7e276f031a9034dc7f9cb857902
mask_fragment-n150000-w256-m0900-s1111,mask_fragment,256,0.9,150000,1111,135000,late_mask_fragment,2,PROJECTION,3,1.2242,1.3739000000000001,0.7594999999999998,1.3739000000000001,135000,0,sha256:18bd7fb3b6d02ff88c53bf4a74124c631590d7e276f031a9034dc7f9cb857902
mask_fragment-n150000-w256-m0900-s1111,mask_fragment,256,0.9,150000,1111,135000,late_mask_fragment,3,ORDER_BY,3,126.40360000000001,129.8677,104.0706,129.8677,135000,0,sha256:18bd7fb3b6d02ff88c53bf4a74124c631590d7e276f031a9034dc7f9cb857902
mask_fragment-n150000-w256-m0900-s1111,mask_fragment,256,0.9,150000,1111,135000,late_mask_fragment,4,PROJECTION,3,4.8561000000000005,4.911100000000001,3.0557999999999996,4.911100000000001,135000,0,sha256:18bd7fb3b6d02ff88c53bf4a74124c631590d7e276f031a9034dc7f9cb857902
mask_fragment-n150000-w256-m0900-s1111,mask_fragment,256,0.9,150000,1111,135000,late_mask_fragment,5,PROJECTION,3,829.9074999999999,929.2853000000001,613.0282000000001,929.2853000000001,135000,0,sha256:18bd7fb3b6d02ff88c53bf4a74124c631590d7e276f031a9034dc7f9cb857902
mask_fragment-n150000-w256-m0900-s1111,mask_fragment,256,0.9,150000,1111,135000,late_mask_fragment,6,HASH_JOIN,3,2.6795,4.0582,2.0052999999999996,4.0582,135000,0,sha256:18bd7fb3b6d02ff88c53bf4a74124c631590d7e276f031a9034dc7f9cb857902
mask_fragment-n150000-w256-m0900-s1111,mask_fragment,256,0.9,150000,1111,135000,late_mask_fragment,7,SEQ_SCAN,3,12.329400000000001,12.345099999999999,9.5542,12.345099999999999,135000,150000,sha256:18bd7fb3b6d02ff88c53bf4a74124c631590d7e276f031a9034dc7f9cb857902
mask_fragment-n150000-w256-m0900-s1111,mask_fragment,256,0.9,150000,1111,135000,late_mask_fragment,8,SEQ_SCAN,3,0.0417,1.0199999999999998,0.0317,1.0199999999999998,10000,10000,sha256:18bd7fb3b6d02ff88c53bf4a74124c631590d7e276f031a9034dc7f9cb857902
mask_fragment-n150000-w256-m0900-s1222,mask_fragment,256,0.9,150000,1222,135000,early_mask_fragment,0,EXPLAIN_ANALYZE,3,0.0003,0.0003,0.00019999999999999998,0.0003,0,0,sha256:1a43e0ddf8cc02438cc76d27ba1cce86da34109d2e43dcc8ed7c9d581b95b39d
mask_fragment-n150000-w256-m0900-s1222,mask_fragment,256,0.9,150000,1222,135000,early_mask_fragment,1,BATCH_CREATE_TABLE_AS,3,21.866600000000002,35.931999999999995,18.606699999999996,35.931999999999995,1,0,sha256:1a43e0ddf8cc02438cc76d27ba1cce86da34109d2e43dcc8ed7c9d581b95b39d
mask_fragment-n150000-w256-m0900-s1222,mask_fragment,256,0.9,150000,1222,135000,early_mask_fragment,2,CTE,3,28.961299999999994,29.678299999999997,26.2137,29.678299999999997,0,0,sha256:1a43e0ddf8cc02438cc76d27ba1cce86da34109d2e43dcc8ed7c9d581b95b39d
mask_fragment-n150000-w256-m0900-s1222,mask_fragment,256,0.9,150000,1222,135000,early_mask_fragment,3,PROJECTION,3,1221.9035999999996,1376.9654000000003,925.56,1376.9654000000003,150000,0,sha256:1a43e0ddf8cc02438cc76d27ba1cce86da34109d2e43dcc8ed7c9d581b95b39d
mask_fragment-n150000-w256-m0900-s1222,mask_fragment,256,0.9,150000,1222,135000,early_mask_fragment,4,SEQ_SCAN,3,13.164899999999998,14.899,12.140099999999997,14.899,150000,150000,sha256:1a43e0ddf8cc02438cc76d27ba1cce86da34109d2e43dcc8ed7c9d581b95b39d
mask_fragment-n150000-w256-m0900-s1222,mask_fragment,256,0.9,150000,1222,135000,early_mask_fragment,5,PROJECTION,3,0.8804000000000004,1.3638000000000003,0.6048,1.3638000000000003,135000,0,sha256:1a43e0ddf8cc02438cc76d27ba1cce86da34109d2e43dcc8ed7c9d581b95b39d
mask_fragment-n150000-w256-m0900-s1222,mask_fragment,256,0.9,150000,1222,135000,early_mask_fragment,6,ORDER_BY,3,175.70620000000002,198.44380000000007,109.08579999999999,198.44380000000007,135000,0,sha256:1a43e0ddf8cc02438cc76d27ba1cce86da34109d2e43dcc8ed7c9d581b95b39d
mask_fragment-n150000-w256-m0900-s1222,mask_fragment,256,0.9,150000,1222,135000,early_mask_fragment,7,PROJECTION,3,0.4332,0.7368,0.3346,0.7368,135000,0,sha256:1a43e0ddf8cc02438cc76d27ba1cce86da34109d2e43dcc8ed7c9d581b95b39d
mask_fragment-n150000-w256-m0900-s1222,mask_fragment,256,0.9,150000,1222,135000,early_mask_fragment,8,HASH_JOIN,3,13.361599999999997,18.984,8.018799999999997,18.984,135000,0,sha256:1a43e0ddf8cc02438cc76d27ba1cce86da34109d2e43dcc8ed7c9d581b95b39d
mask_fragment-n150000-w256-m0900-s1222,mask_fragment,256,0.9,150000,1222,135000,early_mask_fragment,9,CTE_SCAN,3,0.6306,0.9238000000000001,0.44589999999999996,0.9238000000000001,150000,0,sha256:1a43e0ddf8cc02438cc76d27ba1cce86da34109d2e43dcc8ed7c9d581b95b39d
mask_fragment-n150000-w256-m0900-s1222,mask_fragment,256,0.9,150000,1222,135000,early_mask_fragment,10,SEQ_SCAN,3,0.0323,0.0369,0.023999999999999997,0.0369,10000,10000,sha256:1a43e0ddf8cc02438cc76d27ba1cce86da34109d2e43dcc8ed7c9d581b95b39d
mask_fragment-n150000-w256-m0900-s1222,mask_fragment,256,0.9,150000,1222,135000,late_mask_fragment,0,EXPLAIN_ANALYZE,3,0.00019999999999999998,0.0005,0.00019999999999999998,0.0005,0,0,sha256:18bd7fb3b6d02ff88c53bf4a74124c631590d7e276f031a9034dc7f9cb857902
mask_fragment-n150000-w256-m0900-s1222,mask_fragment,256,0.9,150000,1222,135000,late_mask_fragment,1,BATCH_CREATE_TABLE_AS,3,14.664400000000006,19.666400000000003,13.923599999999999,19.666400000000003,1,0,sha256:18bd7fb3b6d02ff88c53bf4a74124c631590d7e276f031a9034dc7f9cb857902
mask_fragment-n150000-w256-m0900-s1222,mask_fragment,256,0.9,150000,1222,135000,late_mask_fragment,2,PROJECTION,3,0.8199,1.1699000000000004,0.7946,1.1699000000000004,135000,0,sha256:18bd7fb3b6d02ff88c53bf4a74124c631590d7e276f031a9034dc7f9cb857902
mask_fragment-n150000-w256-m0900-s1222,mask_fragment,256,0.9,150000,1222,135000,late_mask_fragment,3,ORDER_BY,3,100.40679999999999,129.7809,99.5778,129.7809,135000,0,sha256:18bd7fb3b6d02ff88c53bf4a74124c631590d7e276f031a9034dc7f9cb857902
mask_fragment-n150000-w256-m0900-s1222,mask_fragment,256,0.9,150000,1222,135000,late_mask_fragment,4,PROJECTION,3,3.432,3.6951,3.343300000000001,3.6951,135000,0,sha256:18bd7fb3b6d02ff88c53bf4a74124c631590d7e276f031a9034dc7f9cb857902
mask_fragment-n150000-w256-m0900-s1222,mask_fragment,256,0.9,150000,1222,135000,late_mask_fragment,5,PROJECTION,3,1064.0752999999997,1988.2936999999997,917.3809999999999,1988.2936999999997,135000,0,sha256:18bd7fb3b6d02ff88c53bf4a74124c631590d7e276f031a9034dc7f9cb857902
mask_fragment-n150000-w256-m0900-s1222,mask_fragment,256,0.9,150000,1222,135000,late_mask_fragment,6,HASH_JOIN,3,2.7456,3.2753000000000005,2.4776000000000002,3.2753000000000005,135000,0,sha256:18bd7fb3b6d02ff88c53bf4a74124c631590d7e276f031a9034dc7f9cb857902
mask_fragment-n150000-w256-m0900-s1222,mask_fragment,256,0.9,150000,1222,135000,late_mask_fragment,7,SEQ_SCAN,3,10.691399999999996,11.298400000000003,10.1289,11.298400000000003,135000,150000,sha256:18bd7fb3b6d02ff88c53bf4a74124c631590d7e276f031a9034dc7f9cb857902
mask_fragment-n150000-w256-m0900-s1222,mask_fragment,256,0.9,150000,1222,135000,late_mask_fragment,8,SEQ_SCAN,3,0.036899999999999995,0.13710000000000003,0.0305,0.13710000000000003,10000,10000,sha256:18bd7fb3b6d02ff88c53bf4a74124c631590d7e276f031a9034dc7f9cb857902
mask_fragment-n150000-w256-m0900-s1333,mask_fragment,256,0.9,150000,1333,135000,early_mask_fragment,0,EXPLAIN_ANALYZE,3,0.0003,0.0003,0.00019999999999999998,0.0003,0,0,sha256:1a43e0ddf8cc02438cc76d27ba1cce86da34109d2e43dcc8ed7c9d581b95b39d
mask_fragment-n150000-w256-m0900-s1333,mask_fragment,256,0.9,150000,1333,135000,early_mask_fragment,1,BATCH_CREATE_TABLE_AS,3,25.0402,28.247300000000003,16.7368,28.247300000000003,1,0,sha256:1a43e0ddf8cc02438cc76d27ba1cce86da34109d2e43dcc8ed7c9d581b95b39d
mask_fragment-n150000-w256-m0900-s1333,mask_fragment,256,0.9,150000,1333,135000,early_mask_fragment,2,CTE,3,14.535499999999999,27.238100000000003,14.364199999999999,27.238100000000003,0,0,sha256:1a43e0ddf8cc02438cc76d27ba1cce86da34109d2e43dcc8ed7c9d581b95b39d
mask_fragment-n150000-w256-m0900-s1333,mask_fragment,256,0.9,150000,1333,135000,early_mask_fragment,3,PROJECTION,3,825.4493,913.8053999999998,789.0958000000003,913.8053999999998,150000,0,sha256:1a43e0ddf8cc02438cc76d27ba1cce86da34109d2e43dcc8ed7c9d581b95b39d
mask_fragment-n150000-w256-m0900-s1333,mask_fragment,256,0.9,150000,1333,135000,early_mask_fragment,4,SEQ_SCAN,3,10.471599999999997,11.9762,9.411900000000001,11.9762,150000,150000,sha256:1a43e0ddf8cc02438cc76d27ba1cce86da34109d2e43dcc8ed7c9d581b95b39d
mask_fragment-n150000-w256-m0900-s1333,mask_fragment,256,0.9,150000,1333,135000,early_mask_fragment,5,PROJECTION,3,0.9624999999999994,1.5828999999999998,0.5961999999999998,1.5828999999999998,135000,0,sha256:1a43e0ddf8cc02438cc76d27ba1cce86da34109d2e43dcc8ed7c9d581b95b39d
mask_fragment-n150000-w256-m0900-s1333,mask_fragment,256,0.9,150000,1333,135000,early_mask_fragment,6,ORDER_BY,3,112.75500000000002,130.83700000000002,104.49050000000001,130.83700000000002,135000,0,sha256:1a43e0ddf8cc02438cc76d27ba1cce86da34109d2e43dcc8ed7c9d581b95b39d
mask_fragment-n150000-w256-m0900-s1333,mask_fragment,256,0.9,150000,1333,135000,early_mask_fragment,7,PROJECTION,3,0.36279999999999996,0.9013000000000001,0.35040000000000004,0.9013000000000001,135000,0,sha256:1a43e0ddf8cc02438cc76d27ba1cce86da34109d2e43dcc8ed7c9d581b95b39d
mask_fragment-n150000-w256-m0900-s1333,mask_fragment,256,0.9,150000,1333,135000,early_mask_fragment,8,HASH_JOIN,3,8.634699999999999,10.604300000000002,7.918199999999999,10.604300000000002,135000,0,sha256:1a43e0ddf8cc02438cc76d27ba1cce86da34109d2e43dcc8ed7c9d581b95b39d
mask_fragment-n150000-w256-m0900-s1333,mask_fragment,256,0.9,150000,1333,135000,early_mask_fragment,9,CTE_SCAN,3,0.5962000000000001,1.2840999999999998,0.5042,1.2840999999999998,150000,0,sha256:1a43e0ddf8cc02438cc76d27ba1cce86da34109d2e43dcc8ed7c9d581b95b39d
mask_fragment-n150000-w256-m0900-s1333,mask_fragment,256,0.9,150000,1333,135000,early_mask_fragment,10,SEQ_SCAN,3,0.052,0.062200000000000005,0.0461,0.062200000000000005,10000,10000,sha256:1a43e0ddf8cc02438cc76d27ba1cce86da34109d2e43dcc8ed7c9d581b95b39d
mask_fragment-n150000-w256-m0900-s1333,mask_fragment,256,0.9,150000,1333,135000,late_mask_fragment,0,EXPLAIN_ANALYZE,3,0.0003,0.0003,0.00019999999999999998,0.0003,0,0,sha256:18bd7fb3b6d02ff88c53bf4a74124c631590d7e276f031a9034dc7f9cb857902
mask_fragment-n150000-w256-m0900-s1333,mask_fragment,256,0.9,150000,1333,135000,late_mask_fragment,1,BATCH_CREATE_TABLE_AS,3,15.592099999999997,15.673000000000007,12.958899999999998,15.673000000000007,1,0,sha256:18bd7fb3b6d02ff88c53bf4a74124c631590d7e276f031a9034dc7f9cb857902
mask_fragment-n150000-w256-m0900-s1333,mask_fragment,256,0.9,150000,1333,135000,late_mask_fragment,2,PROJECTION,3,0.9100999999999998,1.0006000000000002,0.7351999999999996,1.0006000000000002,135000,0,sha256:18bd7fb3b6d02ff88c53bf4a74124c631590d7e276f031a9034dc7f9cb857902
mask_fragment-n150000-w256-m0900-s1333,mask_fragment,256,0.9,150000,1333,135000,late_mask_fragment,3,ORDER_BY,3,103.00789999999998,108.11069999999995,88.22260000000001,108.11069999999995,135000,0,sha256:18bd7fb3b6d02ff88c53bf4a74124c631590d7e276f031a9034dc7f9cb857902
mask_fragment-n150000-w256-m0900-s1333,mask_fragment,256,0.9,150000,1333,135000,late_mask_fragment,4,PROJECTION,3,3.2220999999999997,4.3172,2.8534000000000006,4.3172,135000,0,sha256:18bd7fb3b6d02ff88c53bf4a74124c631590d7e276f031a9034dc7f9cb857902
mask_fragment-n150000-w256-m0900-s1333,mask_fragment,256,0.9,150000,1333,135000,late_mask_fragment,5,PROJECTION,3,656.7208999999999,678.9743000000001,652.5093,678.9743000000001,135000,0,sha256:18bd7fb3b6d02ff88c53bf4a74124c631590d7e276f031a9034dc7f9cb857902
mask_fragment-n150000-w256-m0900-s1333,mask_fragment,256,0.9,150000,1333,135000,late_mask_fragment,6,HASH_JOIN,3,2.0936,5.8740000000000006,1.8121000000000003,5.8740000000000006,135000,0,sha256:18bd7fb3b6d02ff88c53bf4a74124c631590d7e276f031a9034dc7f9cb857902
mask_fragment-n150000-w256-m0900-s1333,mask_fragment,256,0.9,150000,1333,135000,late_mask_fragment,7,SEQ_SCAN,3,9.534899999999997,10.376300000000002,8.671000000000001,10.376300000000002,135000,150000,sha256:18bd7fb3b6d02ff88c53bf4a74124c631590d7e276f031a9034dc7f9cb857902
mask_fragment-n150000-w256-m0900-s1333,mask_fragment,256,0.9,150000,1333,135000,late_mask_fragment,8,SEQ_SCAN,3,0.0283,0.06239999999999998,0.0246,0.06239999999999998,10000,10000,sha256:18bd7fb3b6d02ff88c53bf4a74124c631590d7e276f031a9034dc7f9cb857902
mask_fragment-n150000-w256-m0900-s1444,mask_fragment,256,0.9,150000,1444,135000,early_mask_fragment,0,EXPLAIN_ANALYZE,3,0.00019999999999999998,0.00039999999999999996,0.00019999999999999998,0.00039999999999999996,0,0,sha256:1a43e0ddf8cc02438cc76d27ba1cce86da34109d2e43dcc8ed7c9d581b95b39d
mask_fragment-n150000-w256-m0900-s1444,mask_fragment,256,0.9,150000,1444,135000,early_mask_fragment,1,BATCH_CREATE_TABLE_AS,3,17.1571,22.691499999999998,14.1371,22.691499999999998,1,0,sha256:1a43e0ddf8cc02438cc76d27ba1cce86da34109d2e43dcc8ed7c9d581b95b39d
mask_fragment-n150000-w256-m0900-s1444,mask_fragment,256,0.9,150000,1444,135000,early_mask_fragment,2,CTE,3,14.726000000000004,22.447499999999998,14.020499999999997,22.447499999999998,0,0,sha256:1a43e0ddf8cc02438cc76d27ba1cce86da34109d2e43dcc8ed7c9d581b95b39d
mask_fragment-n150000-w256-m0900-s1444,mask_fragment,256,0.9,150000,1444,135000,early_mask_fragment,3,PROJECTION,3,848.1236000000002,894.2959000000002,798.4046000000001,894.2959000000002,150000,0,sha256:1a43e0ddf8cc02438cc76d27ba1cce86da34109d2e43dcc8ed7c9d581b95b39d
mask_fragment-n150000-w256-m0900-s1444,mask_fragment,256,0.9,150000,1444,135000,early_mask_fragment,4,SEQ_SCAN,3,10.4013,11.173499999999999,9.827,11.173499999999999,150000,150000,sha256:1a43e0ddf8cc02438cc76d27ba1cce86da34109d2e43dcc8ed7c9d581b95b39d
mask_fragment-n150000-w256-m0900-s1444,mask_fragment,256,0.9,150000,1444,135000,early_mask_fragment,5,PROJECTION,3,0.6254,0.8692000000000001,0.5249,0.8692000000000001,135000,0,sha256:1a43e0ddf8cc02438cc76d27ba1cce86da34109d2e43dcc8ed7c9d581b95b39d
mask_fragment-n150000-w256-m0900-s1444,mask_fragment,256,0.9,150000,1444,135000,early_mask_fragment,6,ORDER_BY,3,107.54910000000001,116.74430000000001,98.33950000000004,116.74430000000001,135000,0,sha256:1a43e0ddf8cc02438cc76d27ba1cce86da34109d2e43dcc8ed7c9d581b95b39d
mask_fragment-n150000-w256-m0900-s1444,mask_fragment,256,0.9,150000,1444,135000,early_mask_fragment,7,PROJECTION,3,0.4027,0.5273999999999999,0.32760000000000006,0.5273999999999999,135000,0,sha256:1a43e0ddf8cc02438cc76d27ba1cce86da34109d2e43dcc8ed7c9d581b95b39d
mask_fragment-n150000-w256-m0900-s1444,mask_fragment,256,0.9,150000,1444,135000,early_mask_fragment,8,HASH_JOIN,3,9.651,12.157599999999999,9.261199999999999,12.157599999999999,135000,0,sha256:1a43e0ddf8cc02438cc76d27ba1cce86da34109d2e43dcc8ed7c9d581b95b39d
mask_fragment-n150000-w256-m0900-s1444,mask_fragment,256,0.9,150000,1444,135000,early_mask_fragment,9,CTE_SCAN,3,0.6182000000000001,2.2058,0.5868000000000002,2.2058,150000,0,sha256:1a43e0ddf8cc02438cc76d27ba1cce86da34109d2e43dcc8ed7c9d581b95b39d
mask_fragment-n150000-w256-m0900-s1444,mask_fragment,256,0.9,150000,1444,135000,early_mask_fragment,10,SEQ_SCAN,3,0.0662,0.1471,0.0336,0.1471,10000,10000,sha256:1a43e0ddf8cc02438cc76d27ba1cce86da34109d2e43dcc8ed7c9d581b95b39d
mask_fragment-n150000-w256-m0900-s1444,mask_fragment,256,0.9,150000,1444,135000,late_mask_fragment,0,EXPLAIN_ANALYZE,3,0.0003,0.00039999999999999996,0.00019999999999999998,0.00039999999999999996,0,0,sha256:18bd7fb3b6d02ff88c53bf4a74124c631590d7e276f031a9034dc7f9cb857902
mask_fragment-n150000-w256-m0900-s1444,mask_fragment,256,0.9,150000,1444,135000,late_mask_fragment,1,BATCH_CREATE_TABLE_AS,3,16.191699999999997,21.161800000000003,15.896600000000001,21.161800000000003,1,0,sha256:18bd7fb3b6d02ff88c53bf4a74124c631590d7e276f031a9034dc7f9cb857902
mask_fragment-n150000-w256-m0900-s1444,mask_fragment,256,0.9,150000,1444,135000,late_mask_fragment,2,PROJECTION,3,0.8705000000000002,1.0183999999999995,0.7719999999999999,1.0183999999999995,135000,0,sha256:18bd7fb3b6d02ff88c53bf4a74124c631590d7e276f031a9034dc7f9cb857902
mask_fragment-n150000-w256-m0900-s1444,mask_fragment,256,0.9,150000,1444,135000,late_mask_fragment,3,ORDER_BY,3,107.89869999999996,109.6739,102.40490000000003,109.6739,135000,0,sha256:18bd7fb3b6d02ff88c53bf4a74124c631590d7e276f031a9034dc7f9cb857902
mask_fragment-n150000-w256-m0900-s1444,mask_fragment,256,0.9,150000,1444,135000,late_mask_fragment,4,PROJECTION,3,3.5170000000000003,4.1587000000000005,3.2472,4.1587000000000005,135000,0,sha256:18bd7fb3b6d02ff88c53bf4a74124c631590d7e276f031a9034dc7f9cb857902
mask_fragment-n150000-w256-m0900-s1444,mask_fragment,256,0.9,150000,1444,135000,late_mask_fragment,5,PROJECTION,3,738.8938999999999,823.8356,637.7062999999998,823.8356,135000,0,sha256:18bd7fb3b6d02ff88c53bf4a74124c631590d7e276f031a9034dc7f9cb857902
mask_fragment-n150000-w256-m0900-s1444,mask_fragment,256,0.9,150000,1444,135000,late_mask_fragment,6,HASH_JOIN,3,2.3287999999999998,2.9071999999999996,1.9129999999999996,2.9071999999999996,135000,0,sha256:18bd7fb3b6d02ff88c53bf4a74124c631590d7e276f031a9034dc7f9cb857902
mask_fragment-n150000-w256-m0900-s1444,mask_fragment,256,0.9,150000,1444,135000,late_mask_fragment,7,SEQ_SCAN,3,10.717099999999999,11.768700000000003,9.469599999999998,11.768700000000003,135000,150000,sha256:18bd7fb3b6d02ff88c53bf4a74124c631590d7e276f031a9034dc7f9cb857902
mask_fragment-n150000-w256-m0900-s1444,mask_fragment,256,0.9,150000,1444,135000,late_mask_fragment,8,SEQ_SCAN,3,0.035100000000000006,0.039700000000000006,0.0348,0.039700000000000006,10000,10000,sha256:18bd7fb3b6d02ff88c53bf4a74124c631590d7e276f031a9034dc7f9cb857902
mask_fragment-n150000-w256-m0900-s1555,mask_fragment,256,0.9,150000,1555,135000,early_mask_fragment,0,EXPLAIN_ANALYZE,3,0.0003,0.00039999999999999996,0.00019999999999999998,0.00039999999999999996,0,0,sha256:1a43e0ddf8cc02438cc76d27ba1cce86da34109d2e43dcc8ed7c9d581b95b39d
mask_fragment-n150000-w256-m0900-s1555,mask_fragment,256,0.9,150000,1555,135000,early_mask_fragment,1,BATCH_CREATE_TABLE_AS,3,17.2117,27.54869999999999,15.926299999999994,27.54869999999999,1,0,sha256:1a43e0ddf8cc02438cc76d27ba1cce86da34109d2e43dcc8ed7c9d581b95b39d
mask_fragment-n150000-w256-m0900-s1555,mask_fragment,256,0.9,150000,1555,135000,early_mask_fragment,2,CTE,3,17.619300000000003,24.710800000000006,14.1545,24.710800000000006,0,0,sha256:1a43e0ddf8cc02438cc76d27ba1cce86da34109d2e43dcc8ed7c9d581b95b39d
mask_fragment-n150000-w256-m0900-s1555,mask_fragment,256,0.9,150000,1555,135000,early_mask_fragment,3,PROJECTION,3,823.7161999999998,847.0233999999999,791.3044000000002,847.0233999999999,150000,0,sha256:1a43e0ddf8cc02438cc76d27ba1cce86da34109d2e43dcc8ed7c9d581b95b39d
mask_fragment-n150000-w256-m0900-s1555,mask_fragment,256,0.9,150000,1555,135000,early_mask_fragment,4,SEQ_SCAN,3,10.888799999999998,11.002899999999999,9.674900000000001,11.002899999999999,150000,150000,sha256:1a43e0ddf8cc02438cc76d27ba1cce86da34109d2e43dcc8ed7c9d581b95b39d
mask_fragment-n150000-w256-m0900-s1555,mask_fragment,256,0.9,150000,1555,135000,early_mask_fragment,5,PROJECTION,3,0.8424999999999998,0.9761,0.5006999999999999,0.9761,135000,0,sha256:1a43e0ddf8cc02438cc76d27ba1cce86da34109d2e43dcc8ed7c9d581b95b39d
mask_fragment-n150000-w256-m0900-s1555,mask_fragment,256,0.9,150000,1555,135000,early_mask_fragment,6,ORDER_BY,3,125.04680000000002,152.24429999999998,91.83190000000002,152.24429999999998,135000,0,sha256:1a43e0ddf8cc02438cc76d27ba1cce86da34109d2e43dcc8ed7c9d581b95b39d
mask_fragment-n150000-w256-m0900-s1555,mask_fragment,256,0.9,150000,1555,135000,early_mask_fragment,7,PROJECTION,3,0.4121,0.6264000000000001,0.2995,0.6264000000000001,135000,0,sha256:1a43e0ddf8cc02438cc76d27ba1cce86da34109d2e43dcc8ed7c9d581b95b39d
mask_fragment-n150000-w256-m0900-s1555,mask_fragment,256,0.9,150000,1555,135000,early_mask_fragment,8,HASH_JOIN,3,12.743700000000006,17.657099999999996,7.140499999999998,17.657099999999996,135000,0,sha256:1a43e0ddf8cc02438cc76d27ba1cce86da34109d2e43dcc8ed7c9d581b95b39d
mask_fragment-n150000-w256-m0900-s1555,mask_fragment,256,0.9,150000,1555,135000,early_mask_fragment,9,CTE_SCAN,3,0.5253,1.1073,0.4205999999999999,1.1073,150000,0,sha256:1a43e0ddf8cc02438cc76d27ba1cce86da34109d2e43dcc8ed7c9d581b95b39d
mask_fragment-n150000-w256-m0900-s1555,mask_fragment,256,0.9,150000,1555,135000,early_mask_fragment,10,SEQ_SCAN,3,0.031900000000000005,0.037399999999999996,0.0309,0.037399999999999996,10000,10000,sha256:1a43e0ddf8cc02438cc76d27ba1cce86da34109d2e43dcc8ed7c9d581b95b39d
mask_fragment-n150000-w256-m0900-s1555,mask_fragment,256,0.9,150000,1555,135000,late_mask_fragment,0,EXPLAIN_ANALYZE,3,0.00019999999999999998,0.00039999999999999996,0.00019999999999999998,0.00039999999999999996,0,0,sha256:18bd7fb3b6d02ff88c53bf4a74124c631590d7e276f031a9034dc7f9cb857902
mask_fragment-n150000-w256-m0900-s1555,mask_fragment,256,0.9,150000,1555,135000,late_mask_fragment,1,BATCH_CREATE_TABLE_AS,3,16.632999999999996,18.403100000000006,16.194999999999997,18.403100000000006,1,0,sha256:18bd7fb3b6d02ff88c53bf4a74124c631590d7e276f031a9034dc7f9cb857902
mask_fragment-n150000-w256-m0900-s1555,mask_fragment,256,0.9,150000,1555,135000,late_mask_fragment,2,PROJECTION,3,0.9257,1.0327000000000002,0.9032,1.0327000000000002,135000,0,sha256:18bd7fb3b6d02ff88c53bf4a74124c631590d7e276f031a9034dc7f9cb857902
mask_fragment-n150000-w256-m0900-s1555,mask_fragment,256,0.9,150000,1555,135000,late_mask_fragment,3,ORDER_BY,3,114.16979999999998,118.81809999999999,111.60889999999998,118.81809999999999,135000,0,sha256:18bd7fb3b6d02ff88c53bf4a74124c631590d7e276f031a9034dc7f9cb857902
mask_fragment-n150000-w256-m0900-s1555,mask_fragment,256,0.9,150000,1555,135000,late_mask_fragment,4,PROJECTION,3,3.292,3.4595999999999982,2.9431000000000007,3.4595999999999982,135000,0,sha256:18bd7fb3b6d02ff88c53bf4a74124c631590d7e276f031a9034dc7f9cb857902
mask_fragment-n150000-w256-m0900-s1555,mask_fragment,256,0.9,150000,1555,135000,late_mask_fragment,5,PROJECTION,3,759.2346000000001,923.6471999999998,687.4313999999999,923.6471999999998,135000,0,sha256:18bd7fb3b6d02ff88c53bf4a74124c631590d7e276f031a9034dc7f9cb857902
mask_fragment-n150000-w256-m0900-s1555,mask_fragment,256,0.9,150000,1555,135000,late_mask_fragment,6,HASH_JOIN,3,2.3579999999999997,3.0045,1.9709999999999996,3.0045,135000,0,sha256:18bd7fb3b6d02ff88c53bf4a74124c631590d7e276f031a9034dc7f9cb857902
mask_fragment-n150000-w256-m0900-s1555,mask_fragment,256,0.9,150000,1555,135000,late_mask_fragment,7,SEQ_SCAN,3,9.742700000000003,13.149099999999997,8.311099999999998,13.149099999999997,135000,150000,sha256:18bd7fb3b6d02ff88c53bf4a74124c631590d7e276f031a9034dc7f9cb857902
mask_fragment-n150000-w256-m0900-s1555,mask_fragment,256,0.9,150000,1555,135000,late_mask_fragment,8,SEQ_SCAN,3,0.044500000000000005,0.1455,0.0279,0.1455,10000,10000,sha256:18bd7fb3b6d02ff88c53bf4a74124c631590d7e276f031a9034dc7f9cb857902
mask_fragment-n150000-w256-m1000-s1111,mask_fragment,256,1.0,150000,1111,150000,early_mask_fragment,0,EXPLAIN_ANALYZE,3,0.00019999999999999998,0.0003,0.00019999999999999998,0.0003,0,0,sha256:1a43e0ddf8cc02438cc76d27ba1cce86da34109d2e43dcc8ed7c9d581b95b39d
mask_fragment-n150000-w256-m1000-s1111,mask_fragment,256,1.0,150000,1111,150000,early_mask_fragment,1,BATCH_CREATE_TABLE_AS,3,20.035500000000003,25.621600000000004,19.531899999999997,25.621600000000004,1,0,sha256:1a43e0ddf8cc02438cc76d27ba1cce86da34109d2e43dcc8ed7c9d581b95b39d
mask_fragment-n150000-w256-m1000-s1111,mask_fragment,256,1.0,150000,1111,150000,early_mask_fragment,2,CTE,3,18.2549,21.1316,16.591000000000005,21.1316,0,0,sha256:1a43e0ddf8cc02438cc76d27ba1cce86da34109d2e43dcc8ed7c9d581b95b39d
mask_fragment-n150000-w256-m1000-s1111,mask_fragment,256,1.0,150000,1111,150000,early_mask_fragment,3,PROJECTION,3,738.1741000000002,783.1464999999998,697.6220999999999,783.1464999999998,150000,0,sha256:1a43e0ddf8cc02438cc76d27ba1cce86da34109d2e43dcc8ed7c9d581b95b39d
mask_fragment-n150000-w256-m1000-s1111,mask_fragment,256,1.0,150000,1111,150000,early_mask_fragment,4,SEQ_SCAN,3,11.226800000000003,11.670499999999999,11.222800000000001,11.670499999999999,150000,150000,sha256:1a43e0ddf8cc02438cc76d27ba1cce86da34109d2e43dcc8ed7c9d581b95b39d
mask_fragment-n150000-w256-m1000-s1111,mask_fragment,256,1.0,150000,1111,150000,early_mask_fragment,5,PROJECTION,3,0.8143000000000002,0.9977999999999999,0.7622000000000003,0.9977999999999999,150000,0,sha256:1a43e0ddf8cc02438cc76d27ba1cce86da34109d2e43dcc8ed7c9d581b95b39d
mask_fragment-n150000-w256-m1000-s1111,mask_fragment,256,1.0,150000,1111,150000,early_mask_fragment,6,ORDER_BY,3,134.21789999999996,145.7644,125.73270000000004,145.7644,150000,0,sha256:1a43e0ddf8cc02438cc76d27ba1cce86da34109d2e43dcc8ed7c9d581b95b39d
mask_fragment-n150000-w256-m1000-s1111,mask_fragment,256,1.0,150000,1111,150000,early_mask_fragment,7,PROJECTION,3,0.3799,0.7038,0.33290000000000003,0.7038,150000,0,sha256:1a43e0ddf8cc02438cc76d27ba1cce86da34109d2e43dcc8ed7c9d581b95b39d
mask_fragment-n150000-w256-m1000-s1111,mask_fragment,256,1.0,150000,1111,150000,early_mask_fragment,8,HASH_JOIN,3,11.066199999999998,37.256800000000005,7.850299999999999,37.256800000000005,150000,0,sha256:1a43e0ddf8cc02438cc76d27ba1cce86da34109d2e43dcc8ed7c9d581b95b39d
mask_fragment-n150000-w256-m1000-s1111,mask_fragment,256,1.0,150000,1111,150000,early_mask_fragment,9,CTE_SCAN,3,0.5937999999999999,1.2853,0.5246000000000001,1.2853,150000,0,sha256:1a43e0ddf8cc02438cc76d27ba1cce86da34109d2e43dcc8ed7c9d581b95b39d
mask_fragment-n150000-w256-m1000-s1111,mask_fragment,256,1.0,150000,1111,150000,early_mask_fragment,10,SEQ_SCAN,3,0.042800000000000005,0.08059999999999999,0.028600000000000007,0.08059999999999999,10000,10000,sha256:1a43e0ddf8cc02438cc76d27ba1cce86da34109d2e43dcc8ed7c9d581b95b39d
mask_fragment-n150000-w256-m1000-s1111,mask_fragment,256,1.0,150000,1111,150000,late_mask_fragment,0,EXPLAIN_ANALYZE,3,0.0003,0.00039999999999999996,0.0003,0.00039999999999999996,0,0,sha256:92b825cb6ca6efd8c921ae328d9dcd567e5fc1cecda65d185180a168e33b45c9
mask_fragment-n150000-w256-m1000-s1111,mask_fragment,256,1.0,150000,1111,150000,late_mask_fragment,1,BATCH_CREATE_TABLE_AS,3,16.723300000000005,17.4223,15.637399999999996,17.4223,1,0,sha256:92b825cb6ca6efd8c921ae328d9dcd567e5fc1cecda65d185180a168e33b45c9
mask_fragment-n150000-w256-m1000-s1111,mask_fragment,256,1.0,150000,1111,150000,late_mask_fragment,2,PROJECTION,3,0.8813000000000001,0.9422,0.7567000000000002,0.9422,150000,0,sha256:92b825cb6ca6efd8c921ae328d9dcd567e5fc1cecda65d185180a168e33b45c9
mask_fragment-n150000-w256-m1000-s1111,mask_fragment,256,1.0,150000,1111,150000,late_mask_fragment,3,ORDER_BY,3,106.11889999999998,106.16910000000001,99.16929999999999,106.16910000000001,150000,0,sha256:92b825cb6ca6efd8c921ae328d9dcd567e5fc1cecda65d185180a168e33b45c9
mask_fragment-n150000-w256-m1000-s1111,mask_fragment,256,1.0,150000,1111,150000,late_mask_fragment,4,PROJECTION,3,2.8223,3.238000000000001,2.6914000000000007,3.238000000000001,150000,0,sha256:92b825cb6ca6efd8c921ae328d9dcd567e5fc1cecda65d185180a168e33b45c9
mask_fragment-n150000-w256-m1000-s1111,mask_fragment,256,1.0,150000,1111,150000,late_mask_fragment,5,PROJECTION,3,737.0994999999999,744.5292999999999,700.9832,744.5292999999999,150000,0,sha256:92b825cb6ca6efd8c921ae328d9dcd567e5fc1cecda65d185180a168e33b45c9
mask_fragment-n150000-w256-m1000-s1111,mask_fragment,256,1.0,150000,1111,150000,late_mask_fragment,6,HASH_JOIN,3,2.1292999999999997,2.1919000000000004,1.9072,2.1919000000000004,150000,0,sha256:92b825cb6ca6efd8c921ae328d9dcd567e5fc1cecda65d185180a168e33b45c9
mask_fragment-n150000-w256-m1000-s1111,mask_fragment,256,1.0,150000,1111,150000,late_mask_fragment,7,SEQ_SCAN,3,8.711299999999996,10.278299999999998,8.347900000000001,10.278299999999998,150000,150000,sha256:92b825cb6ca6efd8c921ae328d9dcd567e5fc1cecda65d185180a168e33b45c9
mask_fragment-n150000-w256-m1000-s1111,mask_fragment,256,1.0,150000,1111,150000,late_mask_fragment,8,SEQ_SCAN,3,0.0314,0.04379999999999999,0.0277,0.04379999999999999,10000,10000,sha256:92b825cb6ca6efd8c921ae328d9dcd567e5fc1cecda65d185180a168e33b45c9
mask_fragment-n150000-w256-m1000-s1222,mask_fragment,256,1.0,150000,1222,150000,early_mask_fragment,0,EXPLAIN_ANALYZE,3,0.0003,0.0003,0.00019999999999999998,0.0003,0,0,sha256:1a43e0ddf8cc02438cc76d27ba1cce86da34109d2e43dcc8ed7c9d581b95b39d
mask_fragment-n150000-w256-m1000-s1222,mask_fragment,256,1.0,150000,1222,150000,early_mask_fragment,1,BATCH_CREATE_TABLE_AS,3,26.00980000000001,32.79030000000001,21.716400000000004,32.79030000000001,1,0,sha256:1a43e0ddf8cc02438cc76d27ba1cce86da34109d2e43dcc8ed7c9d581b95b39d
mask_fragment-n150000-w256-m1000-s1222,mask_fragment,256,1.0,150000,1222,150000,early_mask_fragment,2,CTE,3,18.880399999999995,41.7883,18.3881,41.7883,0,0,sha256:1a43e0ddf8cc02438cc76d27ba1cce86da34109d2e43dcc8ed7c9d581b95b39d
mask_fragment-n150000-w256-m1000-s1222,mask_fragment,256,1.0,150000,1222,150000,early_mask_fragment,3,PROJECTION,3,1061.3104999999996,1147.2577999999999,999.5605999999998,1147.2577999999999,150000,0,sha256:1a43e0ddf8cc02438cc76d27ba1cce86da34109d2e43dcc8ed7c9d581b95b39d
mask_fragment-n150000-w256-m1000-s1222,mask_fragment,256,1.0,150000,1222,150000,early_mask_fragment,4,SEQ_SCAN,3,13.936800000000003,18.996900000000004,13.392500000000004,18.996900000000004,150000,150000,sha256:1a43e0ddf8cc02438cc76d27ba1cce86da34109d2e43dcc8ed7c9d581b95b39d
mask_fragment-n150000-w256-m1000-s1222,mask_fragment,256,1.0,150000,1222,150000,early_mask_fragment,5,PROJECTION,3,0.7856000000000002,0.8340000000000002,0.7224000000000003,0.8340000000000002,150000,0,sha256:1a43e0ddf8cc02438cc76d27ba1cce86da34109d2e43dcc8ed7c9d581b95b39d
mask_fragment-n150000-w256-m1000-s1222,mask_fragment,256,1.0,150000,1222,150000,early_mask_fragment,6,ORDER_BY,3,146.02750000000003,161.46809999999996,139.02890000000002,161.46809999999996,150000,0,sha256:1a43e0ddf8cc02438cc76d27ba1cce86da34109d2e43dcc8ed7c9d581b95b39d
mask_fragment-n150000-w256-m1000-s1222,mask_fragment,256,1.0,150000,1222,150000,early_mask_fragment,7,PROJECTION,3,0.432,0.5487999999999998,0.4048000000000001,0.5487999999999998,150000,0,sha256:1a43e0ddf8cc02438cc76d27ba1cce86da34109d2e43dcc8ed7c9d581b95b39d
mask_fragment-n150000-w256-m1000-s1222,mask_fragment,256,1.0,150000,1222,150000,early_mask_fragment,8,HASH_JOIN,3,8.759,11.153300000000002,8.615000000000002,11.153300000000002,150000,0,sha256:1a43e0ddf8cc02438cc76d27ba1cce86da34109d2e43dcc8ed7c9d581b95b39d
mask_fragment-n150000-w256-m1000-s1222,mask_fragment,256,1.0,150000,1222,150000,early_mask_fragment,9,CTE_SCAN,3,0.6317,3.4518,0.5055000000000001,3.4518,150000,0,sha256:1a43e0ddf8cc02438cc76d27ba1cce86da34109d2e43dcc8ed7c9d581b95b39d
mask_fragment-n150000-w256-m1000-s1222,mask_fragment,256,1.0,150000,1222,150000,early_mask_fragment,10,SEQ_SCAN,3,0.0331,0.0743,0.0288,0.0743,10000,10000,sha256:1a43e0ddf8cc02438cc76d27ba1cce86da34109d2e43dcc8ed7c9d581b95b39d
mask_fragment-n150000-w256-m1000-s1222,mask_fragment,256,1.0,150000,1222,150000,late_mask_fragment,0,EXPLAIN_ANALYZE,3,0.0003,0.00039999999999999996,0.0003,0.00039999999999999996,0,0,sha256:92b825cb6ca6efd8c921ae328d9dcd567e5fc1cecda65d185180a168e33b45c9
mask_fragment-n150000-w256-m1000-s1222,mask_fragment,256,1.0,150000,1222,150000,late_mask_fragment,1,BATCH_CREATE_TABLE_AS,3,21.530100000000004,23.258000000000003,19.2362,23.258000000000003,1,0,sha256:92b825cb6ca6efd8c921ae328d9dcd567e5fc1cecda65d185180a168e33b45c9
mask_fragment-n150000-w256-m1000-s1222,mask_fragment,256,1.0,150000,1222,150000,late_mask_fragment,2,PROJECTION,3,1.212,1.4929999999999999,1.0753,1.4929999999999999,150000,0,sha256:92b825cb6ca6efd8c921ae328d9dcd567e5fc1cecda65d185180a168e33b45c9
mask_fragment-n150000-w256-m1000-s1222,mask_fragment,256,1.0,150000,1222,150000,late_mask_fragment,3,ORDER_BY,3,135.39670000000004,164.6667,127.21919999999997,164.6667,150000,0,sha256:92b825cb6ca6efd8c921ae328d9dcd567e5fc1cecda65d185180a168e33b45c9
mask_fragment-n150000-w256-m1000-s1222,mask_fragment,256,1.0,150000,1222,150000,late_mask_fragment,4,PROJECTION,3,4.021400000000001,4.210099999999999,3.6305,4.210099999999999,150000,0,sha256:92b825cb6ca6efd8c921ae328d9dcd567e5fc1cecda65d185180a168e33b45c9
mask_fragment-n150000-w256-m1000-s1222,mask_fragment,256,1.0,150000,1222,150000,late_mask_fragment,5,PROJECTION,3,941.6857000000003,1010.6311,907.4868999999999,1010.6311,150000,0,sha256:92b825cb6ca6efd8c921ae328d9dcd567e5fc1cecda65d185180a168e33b45c9
mask_fragment-n150000-w256-m1000-s1222,mask_fragment,256,1.0,150000,1222,150000,late_mask_fragment,6,HASH_JOIN,3,2.9809999999999994,4.1203,2.7986999999999993,4.1203,150000,0,sha256:92b825cb6ca6efd8c921ae328d9dcd567e5fc1cecda65d185180a168e33b45c9
mask_fragment-n150000-w256-m1000-s1222,mask_fragment,256,1.0,150000,1222,150000,late_mask_fragment,7,SEQ_SCAN,3,12.927499999999998,13.276399999999999,10.380400000000003,13.276399999999999,150000,150000,sha256:92b825cb6ca6efd8c921ae328d9dcd567e5fc1cecda65d185180a168e33b45c9
mask_fragment-n150000-w256-m1000-s1222,mask_fragment,256,1.0,150000,1222,150000,late_mask_fragment,8,SEQ_SCAN,3,0.0609,0.1469,0.0397,0.1469,10000,10000,sha256:92b825cb6ca6efd8c921ae328d9dcd567e5fc1cecda65d185180a168e33b45c9
mask_fragment-n150000-w256-m1000-s1333,mask_fragment,256,1.0,150000,1333,150000,early_mask_fragment,0,EXPLAIN_ANALYZE,3,0.0003,0.0003,0.0003,0.0003,0,0,sha256:1a43e0ddf8cc02438cc76d27ba1cce86da34109d2e43dcc8ed7c9d581b95b39d
mask_fragment-n150000-w256-m1000-s1333,mask_fragment,256,1.0,150000,1333,150000,early_mask_fragment,1,BATCH_CREATE_TABLE_AS,3,28.732399999999995,31.2508,26.474,31.2508,1,0,sha256:1a43e0ddf8cc02438cc76d27ba1cce86da34109d2e43dcc8ed7c9d581b95b39d
mask_fragment-n150000-w256-m1000-s1333,mask_fragment,256,1.0,150000,1333,150000,early_mask_fragment,2,CTE,3,26.434,27.096000000000004,18.491300000000003,27.096000000000004,0,0,sha256:1a43e0ddf8cc02438cc76d27ba1cce86da34109d2e43dcc8ed7c9d581b95b39d
mask_fragment-n150000-w256-m1000-s1333,mask_fragment,256,1.0,150000,1333,150000,early_mask_fragment,3,PROJECTION,3,1007.5558999999998,1041.9774000000004,794.1311999999998,1041.9774000000004,150000,0,sha256:1a43e0ddf8cc02438cc76d27ba1cce86da34109d2e43dcc8ed7c9d581b95b39d
mask_fragment-n150000-w256-m1000-s1333,mask_fragment,256,1.0,150000,1333,150000,early_mask_fragment,4,SEQ_SCAN,3,13.540000000000001,15.823500000000001,12.817200000000005,15.823500000000001,150000,150000,sha256:1a43e0ddf8cc02438cc76d27ba1cce86da34109d2e43dcc8ed7c9d581b95b39d
mask_fragment-n150000-w256-m1000-s1333,mask_fragment,256,1.0,150000,1333,150000,early_mask_fragment,5,PROJECTION,3,0.9783000000000001,1.1866999999999999,0.7870000000000001,1.1866999999999999,150000,0,sha256:1a43e0ddf8cc02438cc76d27ba1cce86da34109d2e43dcc8ed7c9d581b95b39d
mask_fragment-n150000-w256-m1000-s1333,mask_fragment,256,1.0,150000,1333,150000,early_mask_fragment,6,ORDER_BY,3,153.6916,162.2883,140.29020000000003,162.2883,150000,0,sha256:1a43e0ddf8cc02438cc76d27ba1cce86da34109d2e43dcc8ed7c9d581b95b39d
mask_fragment-n150000-w256-m1000-s1333,mask_fragment,256,1.0,150000,1333,150000,early_mask_fragment,7,PROJECTION,3,0.6678000000000001,0.6768,0.37320000000000003,0.6768,150000,0,sha256:1a43e0ddf8cc02438cc76d27ba1cce86da34109d2e43dcc8ed7c9d581b95b39d
mask_fragment-n150000-w256-m1000-s1333,mask_fragment,256,1.0,150000,1333,150000,early_mask_fragment,8,HASH_JOIN,3,17.351300000000002,23.1187,12.389500000000002,23.1187,150000,0,sha256:1a43e0ddf8cc02438cc76d27ba1cce86da34109d2e43dcc8ed7c9d581b95b39d
mask_fragment-n150000-w256-m1000-s1333,mask_fragment,256,1.0,150000,1333,150000,early_mask_fragment,9,CTE_SCAN,3,1.1504000000000003,1.1562000000000001,0.4527,1.1562000000000001,150000,0,sha256:1a43e0ddf8cc02438cc76d27ba1cce86da34109d2e43dcc8ed7c9d581b95b39d
mask_fragment-n150000-w256-m1000-s1333,mask_fragment,256,1.0,150000,1333,150000,early_mask_fragment,10,SEQ_SCAN,3,0.0988,0.12010000000000001,0.028900000000000006,0.12010000000000001,10000,10000,sha256:1a43e0ddf8cc02438cc76d27ba1cce86da34109d2e43dcc8ed7c9d581b95b39d
mask_fragment-n150000-w256-m1000-s1333,mask_fragment,256,1.0,150000,1333,150000,late_mask_fragment,0,EXPLAIN_ANALYZE,3,0.0003,0.0003,0.0003,0.0003,0,0,sha256:92b825cb6ca6efd8c921ae328d9dcd567e5fc1cecda65d185180a168e33b45c9
mask_fragment-n150000-w256-m1000-s1333,mask_fragment,256,1.0,150000,1333,150000,late_mask_fragment,1,BATCH_CREATE_TABLE_AS,3,23.7019,23.9131,22.644,23.9131,1,0,sha256:92b825cb6ca6efd8c921ae328d9dcd567e5fc1cecda65d185180a168e33b45c9
mask_fragment-n150000-w256-m1000-s1333,mask_fragment,256,1.0,150000,1333,150000,late_mask_fragment,2,PROJECTION,3,1.2536,1.2635,1.2452999999999999,1.2635,150000,0,sha256:92b825cb6ca6efd8c921ae328d9dcd567e5fc1cecda65d185180a168e33b45c9
mask_fragment-n150000-w256-m1000-s1333,mask_fragment,256,1.0,150000,1333,150000,late_mask_fragment,3,ORDER_BY,3,139.37889999999996,149.25179999999995,136.83010000000002,149.25179999999995,150000,0,sha256:92b825cb6ca6efd8c921ae328d9dcd567e5fc1cecda65d185180a168e33b45c9
mask_fragment-n150000-w256-m1000-s1333,mask_fragment,256,1.0,150000,1333,150000,late_mask_fragment,4,PROJECTION,3,3.600499999999999,4.020599999999999,3.485499999999999,4.020599999999999,150000,0,sha256:92b825cb6ca6efd8c921ae328d9dcd567e5fc1cecda65d185180a168e33b45c9
mask_fragment-n150000-w256-m1000-s1333,mask_fragment,256,1.0,150000,1333,150000,late_mask_fragment,5,PROJECTION,3,961.0853000000003,1033.0170999999998,883.5399,1033.0170999999998,150000,0,sha256:92b825cb6ca6efd8c921ae328d9dcd567e5fc1cecda65d185180a168e33b45c9
mask_fragment-n150000-w256-m1000-s1333,mask_fragment,256,1.0,150000,1333,150000,late_mask_fragment,6,HASH_JOIN,3,2.6261000000000005,2.6565999999999996,2.5305999999999997,2.6565999999999996,150000,0,sha256:92b825cb6ca6efd8c921ae328d9dcd567e5fc1cecda65d185180a168e33b45c9
mask_fragment-n150000-w256-m1000-s1333,mask_fragment,256,1.0,150000,1333,150000,late_mask_fragment,7,SEQ_SCAN,3,11.528099999999998,11.5995,10.6271,11.5995,150000,150000,sha256:92b825cb6ca6efd8c921ae328d9dcd567e5fc1cecda65d185180a168e33b45c9
mask_fragment-n150000-w256-m1000-s1333,mask_fragment,256,1.0,150000,1333,150000,late_mask_fragment,8,SEQ_SCAN,3,0.029400000000000003,0.029599999999999994,0.028700000000000003,0.029599999999999994,10000,10000,sha256:92b825cb6ca6efd8c921ae328d9dcd567e5fc1cecda65d185180a168e33b45c9
mask_fragment-n150000-w256-m1000-s1444,mask_fragment,256,1.0,150000,1444,150000,early_mask_fragment,0,EXPLAIN_ANALYZE,3,0.00019999999999999998,0.00039999999999999996,0.00019999999999999998,0.00039999999999999996,0,0,sha256:1a43e0ddf8cc02438cc76d27ba1cce86da34109d2e43dcc8ed7c9d581b95b39d
mask_fragment-n150000-w256-m1000-s1444,mask_fragment,256,1.0,150000,1444,150000,early_mask_fragment,1,BATCH_CREATE_TABLE_AS,3,29.637900000000002,47.261599999999994,20.657400000000003,47.261599999999994,1,0,sha256:1a43e0ddf8cc02438cc76d27ba1cce86da34109d2e43dcc8ed7c9d581b95b39d
mask_fragment-n150000-w256-m1000-s1444,mask_fragment,256,1.0,150000,1444,150000,early_mask_fragment,2,CTE,3,17.8474,39.0369,16.875899999999994,39.0369,0,0,sha256:1a43e0ddf8cc02438cc76d27ba1cce86da34109d2e43dcc8ed7c9d581b95b39d
mask_fragment-n150000-w256-m1000-s1444,mask_fragment,256,1.0,150000,1444,150000,early_mask_fragment,3,PROJECTION,3,916.7605000000003,1027.3390000000002,792.3487,1027.3390000000002,150000,0,sha256:1a43e0ddf8cc02438cc76d27ba1cce86da34109d2e43dcc8ed7c9d581b95b39d
mask_fragment-n150000-w256-m1000-s1444,mask_fragment,256,1.0,150000,1444,150000,early_mask_fragment,4,SEQ_SCAN,3,11.247700000000002,15.015299999999996,9.1385,15.015299999999996,150000,150000,sha256:1a43e0ddf8cc02438cc76d27ba1cce86da34109d2e43dcc8ed7c9d581b95b39d
mask_fragment-n150000-w256-m1000-s1444,mask_fragment,256,1.0,150000,1444,150000,early_mask_fragment,5,PROJECTION,3,0.8709999999999999,1.8242000000000005,0.8173999999999997,1.8242000000000005,150000,0,sha256:1a43e0ddf8cc02438cc76d27ba1cce86da34109d2e43dcc8ed7c9d581b95b39d
mask_fragment-n150000-w256-m1000-s1444,mask_fragment,256,1.0,150000,1444,150000,early_mask_fragment,6,ORDER_BY,3,151.10240000000002,197.2067,119.3802,197.2067,150000,0,sha256:1a43e0ddf8cc02438cc76d27ba1cce86da34109d2e43dcc8ed7c9d581b95b39d
mask_fragment-n150000-w256-m1000-s1444,mask_fragment,256,1.0,150000,1444,150000,early_mask_fragment,7,PROJECTION,3,0.4373,0.5046999999999999,0.3837,0.5046999999999999,150000,0,sha256:1a43e0ddf8cc02438cc76d27ba1cce86da34109d2e43dcc8ed7c9d581b95b39d
mask_fragment-n150000-w256-m1000-s1444,mask_fragment,256,1.0,150000,1444,150000,early_mask_fragment,8,HASH_JOIN,3,9.599299999999998,11.967999999999998,8.204800000000002,11.967999999999998,150000,0,sha256:1a43e0ddf8cc02438cc76d27ba1cce86da34109d2e43dcc8ed7c9d581b95b39d
mask_fragment-n150000-w256-m1000-s1444,mask_fragment,256,1.0,150000,1444,150000,early_mask_fragment,9,CTE_SCAN,3,0.6595,0.6774000000000001,0.5303999999999999,0.6774000000000001,150000,0,sha256:1a43e0ddf8cc02438cc76d27ba1cce86da34109d2e43dcc8ed7c9d581b95b39d
mask_fragment-n150000-w256-m1000-s1444,mask_fragment,256,1.0,150000,1444,150000,early_mask_fragment,10,SEQ_SCAN,3,0.036699999999999997,0.1785,0.0306,0.1785,10000,10000,sha256:1a43e0ddf8cc02438cc76d27ba1cce86da34109d2e43dcc8ed7c9d581b95b39d
mask_fragment-n150000-w256-m1000-s1444,mask_fragment,256,1.0,150000,1444,150000,late_mask_fragment,0,EXPLAIN_ANALYZE,3,0.00019999999999999998,0.00019999999999999998,0.00019999999999999998,0.00019999999999999998,0,0,sha256:92b825cb6ca6efd8c921ae328d9dcd567e5fc1cecda65d185180a168e33b45c9
mask_fragment-n150000-w256-m1000-s1444,mask_fragment,256,1.0,150000,1444,150000,late_mask_fragment,1,BATCH_CREATE_TABLE_AS,3,17.006299999999996,19.8953,13.963600000000001,19.8953,1,0,sha256:92b825cb6ca6efd8c921ae328d9dcd567e5fc1cecda65d185180a168e33b45c9
mask_fragment-n150000-w256-m1000-s1444,mask_fragment,256,1.0,150000,1444,150000,late_mask_fragment,2,PROJECTION,3,1.0839,1.4012,0.6753999999999999,1.4012,150000,0,sha256:92b825cb6ca6efd8c921ae328d9dcd567e5fc1cecda65d185180a168e33b45c9
mask_fragment-n150000-w256-m1000-s1444,mask_fragment,256,1.0,150000,1444,150000,late_mask_fragment,3,ORDER_BY,3,111.7483,116.38269999999999,110.0818,116.38269999999999,150000,0,sha256:92b825cb6ca6efd8c921ae328d9dcd567e5fc1cecda65d185180a168e33b45c9
mask_fragment-n150000-w256-m1000-s1444,mask_fragment,256,1.0,150000,1444,150000,late_mask_fragment,4,PROJECTION,3,3.6744000000000017,3.8570999999999995,3.2041999999999997,3.8570999999999995,150000,0,sha256:92b825cb6ca6efd8c921ae328d9dcd567e5fc1cecda65d185180a168e33b45c9
mask_fragment-n150000-w256-m1000-s1444,mask_fragment,256,1.0,150000,1444,150000,late_mask_fragment,5,PROJECTION,3,864.6489,873.2252000000001,729.4659,873.2252000000001,150000,0,sha256:92b825cb6ca6efd8c921ae328d9dcd567e5fc1cecda65d185180a168e33b45c9
mask_fragment-n150000-w256-m1000-s1444,mask_fragment,256,1.0,150000,1444,150000,late_mask_fragment,6,HASH_JOIN,3,2.3449,2.4547000000000003,2.2105999999999995,2.4547000000000003,150000,0,sha256:92b825cb6ca6efd8c921ae328d9dcd567e5fc1cecda65d185180a168e33b45c9
mask_fragment-n150000-w256-m1000-s1444,mask_fragment,256,1.0,150000,1444,150000,late_mask_fragment,7,SEQ_SCAN,3,11.567500000000003,11.7301,9.256,11.7301,150000,150000,sha256:92b825cb6ca6efd8c921ae328d9dcd567e5fc1cecda65d185180a168e33b45c9
mask_fragment-n150000-w256-m1000-s1444,mask_fragment,256,1.0,150000,1444,150000,late_mask_fragment,8,SEQ_SCAN,3,0.0427,0.05469999999999999,0.024000000000000004,0.05469999999999999,10000,10000,sha256:92b825cb6ca6efd8c921ae328d9dcd567e5fc1cecda65d185180a168e33b45c9
mask_fragment-n150000-w256-m1000-s1555,mask_fragment,256,1.0,150000,1555,150000,early_mask_fragment,0,EXPLAIN_ANALYZE,3,0.0003,0.0003,0.0003,0.0003,0,0,sha256:1a43e0ddf8cc02438cc76d27ba1cce86da34109d2e43dcc8ed7c9d581b95b39d
mask_fragment-n150000-w256-m1000-s1555,mask_fragment,256,1.0,150000,1555,150000,early_mask_fragment,1,BATCH_CREATE_TABLE_AS,3,18.728800000000003,24.531799999999997,18.685399999999998,24.531799999999997,1,0,sha256:1a43e0ddf8cc02438cc76d27ba1cce86da34109d2e43dcc8ed7c9d581b95b39d
mask_fragment-n150000-w256-m1000-s1555,mask_fragment,256,1.0,150000,1555,150000,early_mask_fragment,2,CTE,3,17.7813,25.162300000000005,15.697,25.162300000000005,0,0,sha256:1a43e0ddf8cc02438cc76d27ba1cce86da34109d2e43dcc8ed7c9d581b95b39d
mask_fragment-n150000-w256-m1000-s1555,mask_fragment,256,1.0,150000,1555,150000,early_mask_fragment,3,PROJECTION,3,817.0752000000003,927.1704000000002,720.7879000000001,927.1704000000002,150000,0,sha256:1a43e0ddf8cc02438cc76d27ba1cce86da34109d2e43dcc8ed7c9d581b95b39d
mask_fragment-n150000-w256-m1000-s1555,mask_fragment,256,1.0,150000,1555,150000,early_mask_fragment,4,SEQ_SCAN,3,10.622399999999999,16.369000000000003,8.749500000000001,16.369000000000003,150000,150000,sha256:1a43e0ddf8cc02438cc76d27ba1cce86da34109d2e43dcc8ed7c9d581b95b39d
mask_fragment-n150000-w256-m1000-s1555,mask_fragment,256,1.0,150000,1555,150000,early_mask_fragment,5,PROJECTION,3,0.9279,1.6503000000000003,0.7899,1.6503000000000003,150000,0,sha256:1a43e0ddf8cc02438cc76d27ba1cce86da34109d2e43dcc8ed7c9d581b95b39d
mask_fragment-n150000-w256-m1000-s1555,mask_fragment,256,1.0,150000,1555,150000,early_mask_fragment,6,ORDER_BY,3,131.3205,145.3203,126.66519999999998,145.3203,150000,0,sha256:1a43e0ddf8cc02438cc76d27ba1cce86da34109d2e43dcc8ed7c9d581b95b39d
mask_fragment-n150000-w256-m1000-s1555,mask_fragment,256,1.0,150000,1555,150000,early_mask_fragment,7,PROJECTION,3,0.43060000000000004,0.5469999999999999,0.31459999999999994,0.5469999999999999,150000,0,sha256:1a43e0ddf8cc02438cc76d27ba1cce86da34109d2e43dcc8ed7c9d581b95b39d
mask_fragment-n150000-w256-m1000-s1555,mask_fragment,256,1.0,150000,1555,150000,early_mask_fragment,8,HASH_JOIN,3,8.744399999999999,23.109199999999998,7.9449999999999985,23.109199999999998,150000,0,sha256:1a43e0ddf8cc02438cc76d27ba1cce86da34109d2e43dcc8ed7c9d581b95b39d
mask_fragment-n150000-w256-m1000-s1555,mask_fragment,256,1.0,150000,1555,150000,early_mask_fragment,9,CTE_SCAN,3,0.4893,1.0242,0.4807,1.0242,150000,0,sha256:1a43e0ddf8cc02438cc76d27ba1cce86da34109d2e43dcc8ed7c9d581b95b39d
mask_fragment-n150000-w256-m1000-s1555,mask_fragment,256,1.0,150000,1555,150000,early_mask_fragment,10,SEQ_SCAN,3,0.0279,0.0481,0.027800000000000005,0.0481,10000,10000,sha256:1a43e0ddf8cc02438cc76d27ba1cce86da34109d2e43dcc8ed7c9d581b95b39d
mask_fragment-n150000-w256-m1000-s1555,mask_fragment,256,1.0,150000,1555,150000,late_mask_fragment,0,EXPLAIN_ANALYZE,3,0.00039999999999999996,0.0012,0.00019999999999999998,0.0012,0,0,sha256:92b825cb6ca6efd8c921ae328d9dcd567e5fc1cecda65d185180a168e33b45c9
mask_fragment-n150000-w256-m1000-s1555,mask_fragment,256,1.0,150000,1555,150000,late_mask_fragment,1,BATCH_CREATE_TABLE_AS,3,27.2872,37.5322,20.142899999999997,37.5322,1,0,sha256:92b825cb6ca6efd8c921ae328d9dcd567e5fc1cecda65d185180a168e33b45c9
mask_fragment-n150000-w256-m1000-s1555,mask_fragment,256,1.0,150000,1555,150000,late_mask_fragment,2,PROJECTION,3,1.7090999999999998,2.0462000000000002,1.1819,2.0462000000000002,150000,0,sha256:92b825cb6ca6efd8c921ae328d9dcd567e5fc1cecda65d185180a168e33b45c9
mask_fragment-n150000-w256-m1000-s1555,mask_fragment,256,1.0,150000,1555,150000,late_mask_fragment,3,ORDER_BY,3,161.60930000000002,169.90709999999999,137.44079999999994,169.90709999999999,150000,0,sha256:92b825cb6ca6efd8c921ae328d9dcd567e5fc1cecda65d185180a168e33b45c9
mask_fragment-n150000-w256-m1000-s1555,mask_fragment,256,1.0,150000,1555,150000,late_mask_fragment,4,PROJECTION,3,4.185199999999998,4.368699999999999,3.9788999999999985,4.368699999999999,150000,0,sha256:92b825cb6ca6efd8c921ae328d9dcd567e5fc1cecda65d185180a168e33b45c9
mask_fragment-n150000-w256-m1000-s1555,mask_fragment,256,1.0,150000,1555,150000,late_mask_fragment,5,PROJECTION,3,1083.6119999999999,1084.7953,947.8532000000001,1084.7953,150000,0,sha256:92b825cb6ca6efd8c921ae328d9dcd567e5fc1cecda65d185180a168e33b45c9
mask_fragment-n150000-w256-m1000-s1555,mask_fragment,256,1.0,150000,1555,150000,late_mask_fragment,6,HASH_JOIN,3,2.3847999999999994,2.6079000000000008,2.3781000000000008,2.6079000000000008,150000,0,sha256:92b825cb6ca6efd8c921ae328d9dcd567e5fc1cecda65d185180a168e33b45c9
mask_fragment-n150000-w256-m1000-s1555,mask_fragment,256,1.0,150000,1555,150000,late_mask_fragment,7,SEQ_SCAN,3,12.547699999999997,13.634000000000002,12.1881,13.634000000000002,150000,150000,sha256:92b825cb6ca6efd8c921ae328d9dcd567e5fc1cecda65d185180a168e33b45c9
mask_fragment-n150000-w256-m1000-s1555,mask_fragment,256,1.0,150000,1555,150000,late_mask_fragment,8,SEQ_SCAN,3,0.0391,0.047599999999999996,0.03609999999999999,0.047599999999999996,10000,10000,sha256:92b825cb6ca6efd8c921ae328d9dcd567e5fc1cecda65d185180a168e33b45c9
mask_fragment-n150000-w512-m0900-s1111,mask_fragment,512,0.9,150000,1111,135000,early_mask_fragment,0,EXPLAIN_ANALYZE,3,0.00019999999999999998,0.00019999999999999998,0.00019999999999999998,0.00019999999999999998,0,0,sha256:1a43e0ddf8cc02438cc76d27ba1cce86da34109d2e43dcc8ed7c9d581b95b39d
mask_fragment-n150000-w512-m0900-s1111,mask_fragment,512,0.9,150000,1111,135000,early_mask_fragment,1,BATCH_CREATE_TABLE_AS,3,28.2978,28.9597,23.8389,28.9597,1,0,sha256:1a43e0ddf8cc02438cc76d27ba1cce86da34109d2e43dcc8ed7c9d581b95b39d
mask_fragment-n150000-w512-m0900-s1111,mask_fragment,512,0.9,150000,1111,135000,early_mask_fragment,2,CTE,3,21.673799999999996,22.614200000000007,16.080600000000004,22.614200000000007,0,0,sha256:1a43e0ddf8cc02438cc76d27ba1cce86da34109d2e43dcc8ed7c9d581b95b39d
mask_fragment-n150000-w512-m0900-s1111,mask_fragment,512,0.9,150000,1111,135000,early_mask_fragment,3,PROJECTION,3,1287.6051999999997,1409.6970999999996,1285.4529999999997,1409.6970999999996,150000,0,sha256:1a43e0ddf8cc02438cc76d27ba1cce86da34109d2e43dcc8ed7c9d581b95b39d
mask_fragment-n150000-w512-m0900-s1111,mask_fragment,512,0.9,150000,1111,135000,early_mask_fragment,4,SEQ_SCAN,3,9.3208,10.970799999999999,8.8309,10.970799999999999,150000,150000,sha256:1a43e0ddf8cc02438cc76d27ba1cce86da34109d2e43dcc8ed7c9d581b95b39d
mask_fragment-n150000-w512-m0900-s1111,mask_fragment,512,0.9,150000,1111,135000,early_mask_fragment,5,PROJECTION,3,0.7890999999999997,0.8198,0.6199000000000001,0.8198,135000,0,sha256:1a43e0ddf8cc02438cc76d27ba1cce86da34109d2e43dcc8ed7c9d581b95b39d
mask_fragment-n150000-w512-m0900-s1111,mask_fragment,512,0.9,150000,1111,135000,early_mask_fragment,6,ORDER_BY,3,132.61169999999998,140.03029999999998,111.53499999999997,140.03029999999998,135000,0,sha256:1a43e0ddf8cc02438cc76d27ba1cce86da34109d2e43dcc8ed7c9d581b95b39d
mask_fragment-n150000-w512-m0900-s1111,mask_fragment,512,0.9,150000,1111,135000,early_mask_fragment,7,PROJECTION,3,0.5335,0.9926000000000001,0.3263,0.9926000000000001,135000,0,sha256:1a43e0ddf8cc02438cc76d27ba1cce86da34109d2e43dcc8ed7c9d581b95b39d
mask_fragment-n150000-w512-m0900-s1111,mask_fragment,512,0.9,150000,1111,135000,early_mask_fragment,8,HASH_JOIN,3,19.576900000000002,23.053099999999993,7.122699999999999,23.053099999999993,135000,0,sha256:1a43e0ddf8cc02438cc76d27ba1cce86da34109d2e43dcc8ed7c9d581b95b39d
mask_fragment-n150000-w512-m0900-s1111,mask_fragment,512,0.9,150000,1111,135000,early_mask_fragment,9,CTE_SCAN,3,0.647,0.9986,0.39849999999999997,0.9986,150000,0,sha256:1a43e0ddf8cc02438cc76d27ba1cce86da34109d2e43dcc8ed7c9d581b95b39d
mask_fragment-n150000-w512-m0900-s1111,mask_fragment,512,0.9,150000,1111,135000,early_mask_fragment,10,SEQ_SCAN,3,0.04809999999999999,0.2126,0.023000000000000003,0.2126,10000,10000,sha256:1a43e0ddf8cc02438cc76d27ba1cce86da34109d2e43dcc8ed7c9d581b95b39d
mask_fragment-n150000-w512-m0900-s1111,mask_fragment,512,0.9,150000,1111,135000,late_mask_fragment,0,EXPLAIN_ANALYZE,3,0.0003,0.0003,0.00019999999999999998,0.0003,0,0,sha256:18bd7fb3b6d02ff88c53bf4a74124c631590d7e276f031a9034dc7f9cb857902
mask_fragment-n150000-w512-m0900-s1111,mask_fragment,512,0.9,150000,1111,135000,late_mask_fragment,1,BATCH_CREATE_TABLE_AS,3,19.5336,19.668999999999997,17.869300000000006,19.668999999999997,1,0,sha256:18bd7fb3b6d02ff88c53bf4a74124c631590d7e276f031a9034dc7f9cb857902
mask_fragment-n150000-w512-m0900-s1111,mask_fragment,512,0.9,150000,1111,135000,late_mask_fragment,2,PROJECTION,3,0.8506,1.3035999999999999,0.6528000000000002,1.3035999999999999,135000,0,sha256:18bd7fb3b6d02ff88c53bf4a74124c631590d7e276f031a9034dc7f9cb857902
mask_fragment-n150000-w512-m0900-s1111,mask_fragment,512,0.9,150000,1111,135000,late_mask_fragment,3,ORDER_BY,3,103.97539999999996,106.71329999999999,87.59949999999998,106.71329999999999,135000,0,sha256:18bd7fb3b6d02ff88c53bf4a74124c631590d7e276f031a9034dc7f9cb857902
mask_fragment-n150000-w512-m0900-s1111,mask_fragment,512,0.9,150000,1111,135000,late_mask_fragment,4,PROJECTION,3,4.013800000000002,4.739699999999999,3.2667999999999995,4.739699999999999,135000,0,sha256:18bd7fb3b6d02ff88c53bf4a74124c631590d7e276f031a9034dc7f9cb857902
mask_fragment-n150000-w512-m0900-s1111,mask_fragment,512,0.9,150000,1111,135000,late_mask_fragment,5,PROJECTION,3,1251.4712,1295.8101,1096.9081000000003,1295.8101,135000,0,sha256:18bd7fb3b6d02ff88c53bf4a74124c631590d7e276f031a9034dc7f9cb857902
mask_fragment-n150000-w512-m0900-s1111,mask_fragment,512,0.9,150000,1111,135000,late_mask_fragment,6,HASH_JOIN,3,1.8738999999999997,2.0081,1.8523999999999994,2.0081,135000,0,sha256:18bd7fb3b6d02ff88c53bf4a74124c631590d7e276f031a9034dc7f9cb857902
mask_fragment-n150000-w512-m0900-s1111,mask_fragment,512,0.9,150000,1111,135000,late_mask_fragment,7,SEQ_SCAN,3,8.412200000000002,9.2967,7.9705,9.2967,135000,150000,sha256:18bd7fb3b6d02ff88c53bf4a74124c631590d7e276f031a9034dc7f9cb857902
mask_fragment-n150000-w512-m0900-s1111,mask_fragment,512,0.9,150000,1111,135000,late_mask_fragment,8,SEQ_SCAN,3,0.0357,0.03730000000000001,0.027,0.03730000000000001,10000,10000,sha256:18bd7fb3b6d02ff88c53bf4a74124c631590d7e276f031a9034dc7f9cb857902
mask_fragment-n150000-w512-m0900-s1222,mask_fragment,512,0.9,150000,1222,135000,early_mask_fragment,0,EXPLAIN_ANALYZE,3,0.00019999999999999998,0.00039999999999999996,0.00019999999999999998,0.00039999999999999996,0,0,sha256:1a43e0ddf8cc02438cc76d27ba1cce86da34109d2e43dcc8ed7c9d581b95b39d
mask_fragment-n150000-w512-m0900-s1222,mask_fragment,512,0.9,150000,1222,135000,early_mask_fragment,1,BATCH_CREATE_TABLE_AS,3,22.3501,25.1741,21.57829999999999,25.1741,1,0,sha256:1a43e0ddf8cc02438cc76d27ba1cce86da34109d2e43dcc8ed7c9d581b95b39d
mask_fragment-n150000-w512-m0900-s1222,mask_fragment,512,0.9,150000,1222,135000,early_mask_fragment,2,CTE,3,17.501299999999997,29.869799999999994,12.2114,29.869799999999994,0,0,sha256:1a43e0ddf8cc02438cc76d27ba1cce86da34109d2e43dcc8ed7c9d581b95b39d
mask_fragment-n150000-w512-m0900-s1222,mask_fragment,512,0.9,150000,1222,135000,early_mask_fragment,3,PROJECTION,3,1232.1311,1456.9431,1138.2147,1456.9431,150000,0,sha256:1a43e0ddf8cc02438cc76d27ba1cce86da34109d2e43dcc8ed7c9d581b95b39d
mask_fragment-n150000-w512-m0900-s1222,mask_fragment,512,0.9,150000,1222,135000,early_mask_fragment,4,SEQ_SCAN,3,10.759599999999999,12.257099999999996,8.4225,12.257099999999996,150000,150000,sha256:1a43e0ddf8cc02438cc76d27ba1cce86da34109d2e43dcc8ed7c9d581b95b39d
mask_fragment-n150000-w512-m0900-s1222,mask_fragment,512,0.9,150000,1222,135000,early_mask_fragment,5,PROJECTION,3,0.7091000000000001,0.923,0.5842999999999999,0.923,135000,0,sha256:1a43e0ddf8cc02438cc76d27ba1cce86da34109d2e43dcc8ed7c9d581b95b39d
mask_fragment-n150000-w512-m0900-s1222,mask_fragment,512,0.9,150000,1222,135000,early_mask_fragment,6,ORDER_BY,3,109.6395,111.45190000000002,99.45420000000001,111.45190000000002,135000,0,sha256:1a43e0ddf8cc02438cc76d27ba1cce86da34109d2e43dcc8ed7c9d581b95b39d
mask_fragment-n150000-w512-m0900-s1222,mask_fragment,512,0.9,150000,1222,135000,early_mask_fragment,7,PROJECTION,3,0.40070000000000006,0.4661,0.31509999999999994,0.4661,135000,0,sha256:1a43e0ddf8cc02438cc76d27ba1cce86da34109d2e43dcc8ed7c9d581b95b39d
mask_fragment-n150000-w512-m0900-s1222,mask_fragment,512,0.9,150000,1222,135000,early_mask_fragment,8,HASH_JOIN,3,8.1928,8.197,7.600600000000001,8.197,135000,0,sha256:1a43e0ddf8cc02438cc76d27ba1cce86da34109d2e43dcc8ed7c9d581b95b39d
mask_fragment-n150000-w512-m0900-s1222,mask_fragment,512,0.9,150000,1222,135000,early_mask_fragment,9,CTE_SCAN,3,0.4634999999999999,0.5782999999999999,0.44459999999999994,0.5782999999999999,150000,0,sha256:1a43e0ddf8cc02438cc76d27ba1cce86da34109d2e43dcc8ed7c9d581b95b39d
mask_fragment-n150000-w512-m0900-s1222,mask_fragment,512,0.9,150000,1222,135000,early_mask_fragment,10,SEQ_SCAN,3,0.028,0.11009999999999999,0.0232,0.11009999999999999,10000,10000,sha256:1a43e0ddf8cc02438cc76d27ba1cce86da34109d2e43dcc8ed7c9d581b95b39d
mask_fragment-n150000-w512-m0900-s1222,mask_fragment,512,0.9,150000,1222,135000,late_mask_fragment,0,EXPLAIN_ANALYZE,3,0.0003,0.00039999999999999996,0.00019999999999999998,0.00039999999999999996,0,0,sha256:18bd7fb3b6d02ff88c53bf4a74124c631590d7e276f031a9034dc7f9cb857902
mask_fragment-n150000-w512-m0900-s1222,mask_fragment,512,0.9,150000,1222,135000,late_mask_fragment,1,BATCH_CREATE_TABLE_AS,3,16.486,17.701800000000002,15.606499999999999,17.701800000000002,1,0,sha256:18bd7fb3b6d02ff88c53bf4a74124c631590d7e276f031a9034dc7f9cb857902
mask_fragment-n150000-w512-m0900-s1222,mask_fragment,512,0.9,150000,1222,135000,late_mask_fragment,2,PROJECTION,3,0.9501999999999999,0.9934,0.7393999999999998,0.9934,135000,0,sha256:18bd7fb3b6d02ff88c53bf4a74124c631590d7e276f031a9034dc7f9cb857902
mask_fragment-n150000-w512-m0900-s1222,mask_fragment,512,0.9,150000,1222,135000,late_mask_fragment,3,ORDER_BY,3,108.71480000000003,108.75520000000002,97.5108,108.75520000000002,135000,0,sha256:18bd7fb3b6d02ff88c53bf4a74124c631590d7e276f031a9034dc7f9cb857902
mask_fragment-n150000-w512-m0900-s1222,mask_fragment,512,0.9,150000,1222,135000,late_mask_fragment,4,PROJECTION,3,3.544400000000001,5.750700000000001,3.4313,5.750700000000001,135000,0,sha256:18bd7fb3b6d02ff88c53bf4a74124c631590d7e276f031a9034dc7f9cb857902
mask_fragment-n150000-w512-m0900-s1222,mask_fragment,512,0.9,150000,1222,135000,late_mask_fragment,5,PROJECTION,3,1108.1504,1214.9727,1041.6405000000002,1214.9727,135000,0,sha256:18bd7fb3b6d02ff88c53bf4a74124c631590d7e276f031a9034dc7f9cb857902
mask_fragment-n150000-w512-m0900-s1222,mask_fragment,512,0.9,150000,1222,135000,late_mask_fragment,6,HASH_JOIN,3,2.4027,2.6944,2.2843999999999993,2.6944,135000,0,sha256:18bd7fb3b6d02ff88c53bf4a74124c631590d7e276f031a9034dc7f9cb857902
mask_fragment-n150000-w512-m0900-s1222,mask_fragment,512,0.9,150000,1222,135000,late_mask_fragment,7,SEQ_SCAN,3,11.3405,13.055800000000001,11.326099999999999,13.055800000000001,135000,150000,sha256:18bd7fb3b6d02ff88c53bf4a74124c631590d7e276f031a9034dc7f9cb857902
mask_fragment-n150000-w512-m0900-s1222,mask_fragment,512,0.9,150000,1222,135000,late_mask_fragment,8,SEQ_SCAN,3,0.028800000000000003,0.061599999999999995,0.0227,0.061599999999999995,10000,10000,sha256:18bd7fb3b6d02ff88c53bf4a74124c631590d7e276f031a9034dc7f9cb857902
mask_fragment-n150000-w512-m0900-s1333,mask_fragment,512,0.9,150000,1333,135000,early_mask_fragment,0,EXPLAIN_ANALYZE,3,0.00019999999999999998,0.0003,0.00019999999999999998,0.0003,0,0,sha256:1a43e0ddf8cc02438cc76d27ba1cce86da34109d2e43dcc8ed7c9d581b95b39d
mask_fragment-n150000-w512-m0900-s1333,mask_fragment,512,0.9,150000,1333,135000,early_mask_fragment,1,BATCH_CREATE_TABLE_AS,3,23.788300000000007,26.00550000000001,21.744400000000002,26.00550000000001,1,0,sha256:1a43e0ddf8cc02438cc76d27ba1cce86da34109d2e43dcc8ed7c9d581b95b39d
mask_fragment-n150000-w512-m0900-s1333,mask_fragment,512,0.9,150000,1333,135000,early_mask_fragment,2,CTE,3,16.043000000000003,28.575800000000005,15.492600000000003,28.575800000000005,0,0,sha256:1a43e0ddf8cc02438cc76d27ba1cce86da34109d2e43dcc8ed7c9d581b95b39d
mask_fragment-n150000-w512-m0900-s1333,mask_fragment,512,0.9,150000,1333,135000,early_mask_fragment,3,PROJECTION,3,1398.3777000000002,1450.2606,1279.9439000000002,1450.2606,150000,0,sha256:1a43e0ddf8cc02438cc76d27ba1cce86da34109d2e43dcc8ed7c9d581b95b39d
mask_fragment-n150000-w512-m0900-s1333,mask_fragment,512,0.9,150000,1333,135000,early_mask_fragment,4,SEQ_SCAN,3,10.962100000000003,13.171700000000001,8.525600000000003,13.171700000000001,150000,150000,sha256:1a43e0ddf8cc02438cc76d27ba1cce86da34109d2e43dcc8ed7c9d581b95b39d
mask_fragment-n150000-w512-m0900-s1333,mask_fragment,512,0.9,150000,1333,135000,early_mask_fragment,5,PROJECTION,3,0.7423999999999998,0.8951,0.6605999999999999,0.8951,135000,0,sha256:1a43e0ddf8cc02438cc76d27ba1cce86da34109d2e43dcc8ed7c9d581b95b39d
mask_fragment-n150000-w512-m0900-s1333,mask_fragment,512,0.9,150000,1333,135000,early_mask_fragment,6,ORDER_BY,3,129.00209999999998,132.391,126.83449999999996,132.391,135000,0,sha256:1a43e0ddf8cc02438cc76d27ba1cce86da34109d2e43dcc8ed7c9d581b95b39d
mask_fragment-n150000-w512-m0900-s1333,mask_fragment,512,0.9,150000,1333,135000,early_mask_fragment,7,PROJECTION,3,0.3902,0.452,0.37840000000000007,0.452,135000,0,sha256:1a43e0ddf8cc02438cc76d27ba1cce86da34109d2e43dcc8ed7c9d581b95b39d
mask_fragment-n150000-w512-m0900-s1333,mask_fragment,512,0.9,150000,1333,135000,early_mask_fragment,8,HASH_JOIN,3,9.5964,23.808799999999998,9.449099999999998,23.808799999999998,135000,0,sha256:1a43e0ddf8cc02438cc76d27ba1cce86da34109d2e43dcc8ed7c9d581b95b39d
mask_fragment-n150000-w512-m0900-s1333,mask_fragment,512,0.9,150000,1333,135000,early_mask_fragment,9,CTE_SCAN,3,0.563,0.6196000000000002,0.5422999999999999,0.6196000000000002,150000,0,sha256:1a43e0ddf8cc02438cc76d27ba1cce86da34109d2e43dcc8ed7c9d581b95b39d
mask_fragment-n150000-w512-m0900-s1333,mask_fragment,512,0.9,150000,1333,135000,early_mask_fragment,10,SEQ_SCAN,3,0.027299999999999998,0.05459999999999999,0.027100000000000003,0.05459999999999999,10000,10000,sha256:1a43e0ddf8cc02438cc76d27ba1cce86da34109d2e43dcc8ed7c9d581b95b39d
mask_fragment-n150000-w512-m0900-s1333,mask_fragment,512,0.9,150000,1333,135000,late_mask_fragment,0,EXPLAIN_ANALYZE,3,0.0003,0.0015,0.00019999999999999998,0.0015,0,0,sha256:18bd7fb3b6d02ff88c53bf4a74124c631590d7e276f031a9034dc7f9cb857902
mask_fragment-n150000-w512-m0900-s1333,mask_fragment,512,0.9,150000,1333,135000,late_mask_fragment,1,BATCH_CREATE_TABLE_AS,3,19.176499999999997,21.148099999999996,16.8147,21.148099999999996,1,0,sha256:18bd7fb3b6d02ff88c53bf4a74124c631590d7e276f031a9034dc7f9cb857902
mask_fragment-n150000-w512-m0900-s1333,mask_fragment,512,0.9,150000,1333,135000,late_mask_fragment,2,PROJECTION,3,1.0556999999999996,1.5564,0.9080999999999997,1.5564,135000,0,sha256:18bd7fb3b6d02ff88c53bf4a74124c631590d7e276f031a9034dc7f9cb857902
mask_fragment-n150000-w512-m0900-s1333,mask_fragment,512,0.9,150000,1333,135000,late_mask_fragment,3,ORDER_BY,3,137.7708,160.76309999999998,120.20410000000001,160.76309999999998,135000,0,sha256:18bd7fb3b6d02ff88c53bf4a74124c631590d7e276f031a9034dc7f9cb857902
mask_fragment-n150000-w512-m0900-s1333,mask_fragment,512,0.9,150000,1333,135000,late_mask_fragment,4,PROJECTION,3,3.7340999999999998,4.311099999999999,3.3270999999999993,4.311099999999999,135000,0,sha256:18bd7fb3b6d02ff88c53bf4a74124c631590d7e276f031a9034dc7f9cb857902
mask_fragment-n150000-w512-m0900-s1333,mask_fragment,512,0.9,150000,1333,135000,late_mask_fragment,5,PROJECTION,3,1346.1756999999998,1493.6406,1304.0418,1493.6406,135000,0,sha256:18bd7fb3b6d02ff88c53bf4a74124c631590d7e276f031a9034dc7f9cb857902
mask_fragment-n150000-w512-m0900-s1333,mask_fragment,512,0.9,150000,1333,135000,late_mask_fragment,6,HASH_JOIN,3,2.2459999999999996,2.7508,2.1910999999999996,2.7508,135000,0,sha256:18bd7fb3b6d02ff88c53bf4a74124c631590d7e276f031a9034dc7f9cb857902
mask_fragment-n150000-w512-m0900-s1333,mask_fragment,512,0.9,150000,1333,135000,late_mask_fragment,7,SEQ_SCAN,3,12.2342,16.215100000000003,11.269400000000003,16.215100000000003,135000,150000,sha256:18bd7fb3b6d02ff88c53bf4a74124c631590d7e276f031a9034dc7f9cb857902
mask_fragment-n150000-w512-m0900-s1333,mask_fragment,512,0.9,150000,1333,135000,late_mask_fragment,8,SEQ_SCAN,3,0.0564,0.069,0.0313,0.069,10000,10000,sha256:18bd7fb3b6d02ff88c53bf4a74124c631590d7e276f031a9034dc7f9cb857902
mask_fragment-n150000-w512-m0900-s1444,mask_fragment,512,0.9,150000,1444,135000,early_mask_fragment,0,EXPLAIN_ANALYZE,3,0.00019999999999999998,0.0003,0.00019999999999999998,0.0003,0,0,sha256:1a43e0ddf8cc02438cc76d27ba1cce86da34109d2e43dcc8ed7c9d581b95b39d
mask_fragment-n150000-w512-m0900-s1444,mask_fragment,512,0.9,150000,1444,135000,early_mask_fragment,1,BATCH_CREATE_TABLE_AS,3,21.2026,23.3023,20.3383,23.3023,1,0,sha256:1a43e0ddf8cc02438cc76d27ba1cce86da34109d2e43dcc8ed7c9d581b95b39d
mask_fragment-n150000-w512-m0900-s1444,mask_fragment,512,0.9,150000,1444,135000,early_mask_fragment,2,CTE,3,19.906,24.4003,14.441699999999999,24.4003,0,0,sha256:1a43e0ddf8cc02438cc76d27ba1cce86da34109d2e43dcc8ed7c9d581b95b39d
mask_fragment-n150000-w512-m0900-s1444,mask_fragment,512,0.9,150000,1444,135000,early_mask_fragment,3,PROJECTION,3,1286.3604999999998,1319.6678000000002,1139.6497999999997,1319.6678000000002,150000,0,sha256:1a43e0ddf8cc02438cc76d27ba1cce86da34109d2e43dcc8ed7c9d581b95b39d
mask_fragment-n150000-w512-m0900-s1444,mask_fragment,512,0.9,150000,1444,135000,early_mask_fragment,4,SEQ_SCAN,3,9.9291,14.128199999999998,9.445200000000002,14.128199999999998,150000,150000,sha256:1a43e0ddf8cc02438cc76d27ba1cce86da34109d2e43dcc8ed7c9d581b95b39d
mask_fragment-n150000-w512-m0900-s1444,mask_fragment,512,0.9,150000,1444,135000,early_mask_fragment,5,PROJECTION,3,0.7170999999999998,0.7427999999999999,0.6510000000000001,0.7427999999999999,135000,0,sha256:1a43e0ddf8cc02438cc76d27ba1cce86da34109d2e43dcc8ed7c9d581b95b39d
mask_fragment-n150000-w512-m0900-s1444,mask_fragment,512,0.9,150000,1444,135000,early_mask_fragment,6,ORDER_BY,3,108.1229,122.80609999999997,103.17839999999998,122.80609999999997,135000,0,sha256:1a43e0ddf8cc02438cc76d27ba1cce86da34109d2e43dcc8ed7c9d581b95b39d
mask_fragment-n150000-w512-m0900-s1444,mask_fragment,512,0.9,150000,1444,135000,early_mask_fragment,7,PROJECTION,3,0.35240000000000005,0.6135999999999999,0.30679999999999996,0.6135999999999999,135000,0,sha256:1a43e0ddf8cc02438cc76d27ba1cce86da34109d2e43dcc8ed7c9d581b95b39d
mask_fragment-n150000-w512-m0900-s1444,mask_fragment,512,0.9,150000,1444,135000,early_mask_fragment,8,HASH_JOIN,3,12.105799999999999,13.111399999999998,7.215899999999999,13.111399999999998,135000,0,sha256:1a43e0ddf8cc02438cc76d27ba1cce86da34109d2e43dcc8ed7c9d581b95b39d
mask_fragment-n150000-w512-m0900-s1444,mask_fragment,512,0.9,150000,1444,135000,early_mask_fragment,9,CTE_SCAN,3,0.7266999999999999,11.167700000000002,0.42950000000000005,11.167700000000002,150000,0,sha256:1a43e0ddf8cc02438cc76d27ba1cce86da34109d2e43dcc8ed7c9d581b95b39d
mask_fragment-n150000-w512-m0900-s1444,mask_fragment,512,0.9,150000,1444,135000,early_mask_fragment,10,SEQ_SCAN,3,0.03,0.05029999999999999,0.028399999999999998,0.05029999999999999,10000,10000,sha256:1a43e0ddf8cc02438cc76d27ba1cce86da34109d2e43dcc8ed7c9d581b95b39d
mask_fragment-n150000-w512-m0900-s1444,mask_fragment,512,0.9,150000,1444,135000,late_mask_fragment,0,EXPLAIN_ANALYZE,3,0.0003,0.0003,0.00019999999999999998,0.0003,0,0,sha256:18bd7fb3b6d02ff88c53bf4a74124c631590d7e276f031a9034dc7f9cb857902
mask_fragment-n150000-w512-m0900-s1444,mask_fragment,512,0.9,150000,1444,135000,late_mask_fragment,1,BATCH_CREATE_TABLE_AS,3,14.6914,15.0042,14.400500000000001,15.0042,1,0,sha256:18bd7fb3b6d02ff88c53bf4a74124c631590d7e276f031a9034dc7f9cb857902
mask_fragment-n150000-w512-m0900-s1444,mask_fragment,512,0.9,150000,1444,135000,late_mask_fragment,2,PROJECTION,3,0.8268000000000002,0.8422,0.7636999999999998,0.8422,135000,0,sha256:18bd7fb3b6d02ff88c53bf4a74124c631590d7e276f031a9034dc7f9cb857902
mask_fragment-n150000-w512-m0900-s1444,mask_fragment,512,0.9,150000,1444,135000,late_mask_fragment,3,ORDER_BY,3,94.00940000000001,100.1553,86.54939999999998,100.1553,135000,0,sha256:18bd7fb3b6d02ff88c53bf4a74124c631590d7e276f031a9034dc7f9cb857902
mask_fragment-n150000-w512-m0900-s1444,mask_fragment,512,0.9,150000,1444,135000,late_mask_fragment,4,PROJECTION,3,3.2807000000000004,3.4301999999999997,2.7734,3.4301999999999997,135000,0,sha256:18bd7fb3b6d02ff88c53bf4a74124c631590d7e276f031a9034dc7f9cb857902
mask_fragment-n150000-w512-m0900-s1444,mask_fragment,512,0.9,150000,1444,135000,late_mask_fragment,5,PROJECTION,3,1070.115,1109.8987000000002,1012.5138000000005,1109.8987000000002,135000,0,sha256:18bd7fb3b6d02ff88c53bf4a74124c631590d7e276f031a9034dc7f9cb857902
mask_fragment-n150000-w512-m0900-s1444,mask_fragment,512,0.9,150000,1444,135000,late_mask_fragment,6,HASH_JOIN,3,1.9790999999999992,2.165,1.6667000000000005,2.165,135000,0,sha256:18bd7fb3b6d02ff88c53bf4a74124c631590d7e276f031a9034dc7f9cb857902
mask_fragment-n150000-w512-m0900-s1444,mask_fragment,512,0.9,150000,1444,135000,late_mask_fragment,7,SEQ_SCAN,3,9.013599999999999,9.877199999999997,8.404700000000002,9.877199999999997,135000,150000,sha256:18bd7fb3b6d02ff88c53bf4a74124c631590d7e276f031a9034dc7f9cb857902
mask_fragment-n150000-w512-m0900-s1444,mask_fragment,512,0.9,150000,1444,135000,late_mask_fragment,8,SEQ_SCAN,3,0.0319,0.032,0.029,0.032,10000,10000,sha256:18bd7fb3b6d02ff88c53bf4a74124c631590d7e276f031a9034dc7f9cb857902
mask_fragment-n150000-w512-m0900-s1555,mask_fragment,512,0.9,150000,1555,135000,early_mask_fragment,0,EXPLAIN_ANALYZE,3,0.00019999999999999998,0.00019999999999999998,0.00019999999999999998,0.00019999999999999998,0,0,sha256:1a43e0ddf8cc02438cc76d27ba1cce86da34109d2e43dcc8ed7c9d581b95b39d
mask_fragment-n150000-w512-m0900-s1555,mask_fragment,512,0.9,150000,1555,135000,early_mask_fragment,1,BATCH_CREATE_TABLE_AS,3,22.28830000000001,26.1587,21.0685,26.1587,1,0,sha256:1a43e0ddf8cc02438cc76d27ba1cce86da34109d2e43dcc8ed7c9d581b95b39d
mask_fragment-n150000-w512-m0900-s1555,mask_fragment,512,0.9,150000,1555,135000,early_mask_fragment,2,CTE,3,18.050500000000003,20.625199999999996,15.678300000000002,20.625199999999996,0,0,sha256:1a43e0ddf8cc02438cc76d27ba1cce86da34109d2e43dcc8ed7c9d581b95b39d
mask_fragment-n150000-w512-m0900-s1555,mask_fragment,512,0.9,150000,1555,135000,early_mask_fragment,3,PROJECTION,3,1383.4100000000003,1555.4754000000007,1183.7701,1555.4754000000007,150000,0,sha256:1a43e0ddf8cc02438cc76d27ba1cce86da34109d2e43dcc8ed7c9d581b95b39d
mask_fragment-n150000-w512-m0900-s1555,mask_fragment,512,0.9,150000,1555,135000,early_mask_fragment,4,SEQ_SCAN,3,9.9061,15.947999999999997,9.547699999999999,15.947999999999997,150000,150000,sha256:1a43e0ddf8cc02438cc76d27ba1cce86da34109d2e43dcc8ed7c9d581b95b39d
mask_fragment-n150000-w512-m0900-s1555,mask_fragment,512,0.9,150000,1555,135000,early_mask_fragment,5,PROJECTION,3,0.7543000000000001,0.7579999999999998,0.7017999999999999,0.7579999999999998,135000,0,sha256:1a43e0ddf8cc02438cc76d27ba1cce86da34109d2e43dcc8ed7c9d581b95b39d
mask_fragment-n150000-w512-m0900-s1555,mask_fragment,512,0.9,150000,1555,135000,early_mask_fragment,6,ORDER_BY,3,125.90659999999998,127.79869999999998,117.73699999999998,127.79869999999998,135000,0,sha256:1a43e0ddf8cc02438cc76d27ba1cce86da34109d2e43dcc8ed7c9d581b95b39d
mask_fragment-n150000-w512-m0900-s1555,mask_fragment,512,0.9,150000,1555,135000,early_mask_fragment,7,PROJECTION,3,0.4014,0.5769,0.30820000000000003,0.5769,135000,0,sha256:1a43e0ddf8cc02438cc76d27ba1cce86da34109d2e43dcc8ed7c9d581b95b39d
mask_fragment-n150000-w512-m0900-s1555,mask_fragment,512,0.9,150000,1555,135000,early_mask_fragment,8,HASH_JOIN,3,9.875499999999999,12.0612,8.7546,12.0612,135000,0,sha256:1a43e0ddf8cc02438cc76d27ba1cce86da34109d2e43dcc8ed7c9d581b95b39d
mask_fragment-n150000-w512-m0900-s1555,mask_fragment,512,0.9,150000,1555,135000,early_mask_fragment,9,CTE_SCAN,3,0.5975,0.9289999999999999,0.5543,0.9289999999999999,150000,0,sha256:1a43e0ddf8cc02438cc76d27ba1cce86da34109d2e43dcc8ed7c9d581b95b39d
mask_fragment-n150000-w512-m0900-s1555,mask_fragment,512,0.9,150000,1555,135000,early_mask_fragment,10,SEQ_SCAN,3,0.0347,0.0751,0.0293,0.0751,10000,10000,sha256:1a43e0ddf8cc02438cc76d27ba1cce86da34109d2e43dcc8ed7c9d581b95b39d
mask_fragment-n150000-w512-m0900-s1555,mask_fragment,512,0.9,150000,1555,135000,late_mask_fragment,0,EXPLAIN_ANALYZE,3,0.0003,0.0009,0.00019999999999999998,0.0009,0,0,sha256:18bd7fb3b6d02ff88c53bf4a74124c631590d7e276f031a9034dc7f9cb857902
mask_fragment-n150000-w512-m0900-s1555,mask_fragment,512,0.9,150000,1555,135000,late_mask_fragment,1,BATCH_CREATE_TABLE_AS,3,19.289999999999996,22.332199999999993,15.8435,22.332199999999993,1,0,sha256:18bd7fb3b6d02ff88c53bf4a74124c631590d7e276f031a9034dc7f9cb857902
mask_fragment-n150000-w512-m0900-s1555,mask_fragment,512,0.9,150000,1555,135000,late_mask_fragment,2,PROJECTION,3,0.9866000000000003,4.1059,0.9241999999999999,4.1059,135000,0,sha256:18bd7fb3b6d02ff88c53bf4a74124c631590d7e276f031a9034dc7f9cb857902
mask_fragment-n150000-w512-m0900-s1555,mask_fragment,512,0.9,150000,1555,135000,late_mask_fragment,3,ORDER_BY,3,113.9355,125.64259999999999,93.722,125.64259999999999,135000,0,sha256:18bd7fb3b6d02ff88c53bf4a74124c631590d7e276f031a9034dc7f9cb857902
mask_fragment-n150000-w512-m0900-s1555,mask_fragment,512,0.9,150000,1555,135000,late_mask_fragment,4,PROJECTION,3,3.1293999999999995,3.3854999999999995,2.865300000000001,3.3854999999999995,135000,0,sha256:18bd7fb3b6d02ff88c53bf4a74124c631590d7e276f031a9034dc7f9cb857902
mask_fragment-n150000-w512-m0900-s1555,mask_fragment,512,0.9,150000,1555,135000,late_mask_fragment,5,PROJECTION,3,1236.3635999999997,1246.9921,1060.6634,1246.9921,135000,0,sha256:18bd7fb3b6d02ff88c53bf4a74124c631590d7e276f031a9034dc7f9cb857902
mask_fragment-n150000-w512-m0900-s1555,mask_fragment,512,0.9,150000,1555,135000,late_mask_fragment,6,HASH_JOIN,3,2.2984,2.7647,1.7874000000000003,2.7647,135000,0,sha256:18bd7fb3b6d02ff88c53bf4a74124c631590d7e276f031a9034dc7f9cb857902
mask_fragment-n150000-w512-m0900-s1555,mask_fragment,512,0.9,150000,1555,135000,late_mask_fragment,7,SEQ_SCAN,3,10.7703,11.443300000000002,8.262699999999999,11.443300000000002,135000,150000,sha256:18bd7fb3b6d02ff88c53bf4a74124c631590d7e276f031a9034dc7f9cb857902
mask_fragment-n150000-w512-m0900-s1555,mask_fragment,512,0.9,150000,1555,135000,late_mask_fragment,8,SEQ_SCAN,3,0.068,0.10020000000000001,0.0369,0.10020000000000001,10000,10000,sha256:18bd7fb3b6d02ff88c53bf4a74124c631590d7e276f031a9034dc7f9cb857902
mask_fragment-n150000-w512-m1000-s1111,mask_fragment,512,1.0,150000,1111,150000,early_mask_fragment,0,EXPLAIN_ANALYZE,3,0.0003,0.0003,0.00019999999999999998,0.0003,0,0,sha256:1a43e0ddf8cc02438cc76d27ba1cce86da34109d2e43dcc8ed7c9d581b95b39d
mask_fragment-n150000-w512-m1000-s1111,mask_fragment,512,1.0,150000,1111,150000,early_mask_fragment,1,BATCH_CREATE_TABLE_AS,3,27.025999999999996,34.0398,25.930800000000005,34.0398,1,0,sha256:1a43e0ddf8cc02438cc76d27ba1cce86da34109d2e43dcc8ed7c9d581b95b39d
mask_fragment-n150000-w512-m1000-s1111,mask_fragment,512,1.0,150000,1111,150000,early_mask_fragment,2,CTE,3,23.7621,30.91100000000001,15.555000000000007,30.91100000000001,0,0,sha256:1a43e0ddf8cc02438cc76d27ba1cce86da34109d2e43dcc8ed7c9d581b95b39d
mask_fragment-n150000-w512-m1000-s1111,mask_fragment,512,1.0,150000,1111,150000,early_mask_fragment,3,PROJECTION,3,1377.9663,1890.3084999999996,1325.5041000000003,1890.3084999999996,150000,0,sha256:1a43e0ddf8cc02438cc76d27ba1cce86da34109d2e43dcc8ed7c9d581b95b39d
mask_fragment-n150000-w512-m1000-s1111,mask_fragment,512,1.0,150000,1111,150000,early_mask_fragment,4,SEQ_SCAN,3,12.8353,12.870200000000006,10.133699999999997,12.870200000000006,150000,150000,sha256:1a43e0ddf8cc02438cc76d27ba1cce86da34109d2e43dcc8ed7c9d581b95b39d
mask_fragment-n150000-w512-m1000-s1111,mask_fragment,512,1.0,150000,1111,150000,early_mask_fragment,5,PROJECTION,3,0.9506000000000003,1.1309999999999996,0.7933,1.1309999999999996,150000,0,sha256:1a43e0ddf8cc02438cc76d27ba1cce86da34109d2e43dcc8ed7c9d581b95b39d
mask_fragment-n150000-w512-m1000-s1111,mask_fragment,512,1.0,150000,1111,150000,early_mask_fragment,6,ORDER_BY,3,153.91700000000003,169.07080000000002,148.8107,169.07080000000002,150000,0,sha256:1a43e0ddf8cc02438cc76d27ba1cce86da34109d2e43dcc8ed7c9d581b95b39d
mask_fragment-n150000-w512-m1000-s1111,mask_fragment,512,1.0,150000,1111,150000,early_mask_fragment,7,PROJECTION,3,0.5959,0.6698000000000002,0.3767,0.6698000000000002,150000,0,sha256:1a43e0ddf8cc02438cc76d27ba1cce86da34109d2e43dcc8ed7c9d581b95b39d
mask_fragment-n150000-w512-m1000-s1111,mask_fragment,512,1.0,150000,1111,150000,early_mask_fragment,8,HASH_JOIN,3,13.746200000000004,15.392299999999999,9.188699999999999,15.392299999999999,150000,0,sha256:1a43e0ddf8cc02438cc76d27ba1cce86da34109d2e43dcc8ed7c9d581b95b39d
mask_fragment-n150000-w512-m1000-s1111,mask_fragment,512,1.0,150000,1111,150000,early_mask_fragment,9,CTE_SCAN,3,0.8679999999999999,1.108,0.5482999999999999,1.108,150000,0,sha256:1a43e0ddf8cc02438cc76d27ba1cce86da34109d2e43dcc8ed7c9d581b95b39d
mask_fragment-n150000-w512-m1000-s1111,mask_fragment,512,1.0,150000,1111,150000,early_mask_fragment,10,SEQ_SCAN,3,0.032600000000000004,0.0389,0.032499999999999994,0.0389,10000,10000,sha256:1a43e0ddf8cc02438cc76d27ba1cce86da34109d2e43dcc8ed7c9d581b95b39d
mask_fragment-n150000-w512-m1000-s1111,mask_fragment,512,1.0,150000,1111,150000,late_mask_fragment,0,EXPLAIN_ANALYZE,3,0.0003,0.0003,0.0003,0.0003,0,0,sha256:92b825cb6ca6efd8c921ae328d9dcd567e5fc1cecda65d185180a168e33b45c9
mask_fragment-n150000-w512-m1000-s1111,mask_fragment,512,1.0,150000,1111,150000,late_mask_fragment,1,BATCH_CREATE_TABLE_AS,3,28.153599999999997,30.593100000000003,22.967999999999996,30.593100000000003,1,0,sha256:92b825cb6ca6efd8c921ae328d9dcd567e5fc1cecda65d185180a168e33b45c9
mask_fragment-n150000-w512-m1000-s1111,mask_fragment,512,1.0,150000,1111,150000,late_mask_fragment,2,PROJECTION,3,1.3665999999999998,2.3045999999999998,1.1887,2.3045999999999998,150000,0,sha256:92b825cb6ca6efd8c921ae328d9dcd567e5fc1cecda65d185180a168e33b45c9
mask_fragment-n150000-w512-m1000-s1111,mask_fragment,512,1.0,150000,1111,150000,late_mask_fragment,3,ORDER_BY,3,142.80870000000004,158.5742,132.97210000000004,158.5742,150000,0,sha256:92b825cb6ca6efd8c921ae328d9dcd567e5fc1cecda65d185180a168e33b45c9
mask_fragment-n150000-w512-m1000-s1111,mask_fragment,512,1.0,150000,1111,150000,late_mask_fragment,4,PROJECTION,3,4.120100000000001,5.231699999999998,3.1747999999999994,5.231699999999998,150000,0,sha256:92b825cb6ca6efd8c921ae328d9dcd567e5fc1cecda65d185180a168e33b45c9
mask_fragment-n150000-w512-m1000-s1111,mask_fragment,512,1.0,150000,1111,150000,late_mask_fragment,5,PROJECTION,3,1870.7949,1949.9139,1690.6991999999998,1949.9139,150000,0,sha256:92b825cb6ca6efd8c921ae328d9dcd567e5fc1cecda65d185180a168e33b45c9
mask_fragment-n150000-w512-m1000-s1111,mask_fragment,512,1.0,150000,1111,150000,late_mask_fragment,6,HASH_JOIN,3,2.4441,2.69,2.3027,2.69,150000,0,sha256:92b825cb6ca6efd8c921ae328d9dcd567e5fc1cecda65d185180a168e33b45c9
mask_fragment-n150000-w512-m1000-s1111,mask_fragment,512,1.0,150000,1111,150000,late_mask_fragment,7,SEQ_SCAN,3,12.887900000000002,13.398900000000001,11.418899999999999,13.398900000000001,150000,150000,sha256:92b825cb6ca6efd8c921ae328d9dcd567e5fc1cecda65d185180a168e33b45c9
mask_fragment-n150000-w512-m1000-s1111,mask_fragment,512,1.0,150000,1111,150000,late_mask_fragment,8,SEQ_SCAN,3,0.033,0.03989999999999999,0.0313,0.03989999999999999,10000,10000,sha256:92b825cb6ca6efd8c921ae328d9dcd567e5fc1cecda65d185180a168e33b45c9
mask_fragment-n150000-w512-m1000-s1222,mask_fragment,512,1.0,150000,1222,150000,early_mask_fragment,0,EXPLAIN_ANALYZE,3,0.0003,0.00039999999999999996,0.00019999999999999998,0.00039999999999999996,0,0,sha256:1a43e0ddf8cc02438cc76d27ba1cce86da34109d2e43dcc8ed7c9d581b95b39d
mask_fragment-n150000-w512-m1000-s1222,mask_fragment,512,1.0,150000,1222,150000,early_mask_fragment,1,BATCH_CREATE_TABLE_AS,3,27.885500000000004,31.707499999999992,24.424800000000005,31.707499999999992,1,0,sha256:1a43e0ddf8cc02438cc76d27ba1cce86da34109d2e43dcc8ed7c9d581b95b39d
mask_fragment-n150000-w512-m1000-s1222,mask_fragment,512,1.0,150000,1222,150000,early_mask_fragment,2,CTE,3,17.906200000000005,25.855600000000003,13.740799999999997,25.855600000000003,0,0,sha256:1a43e0ddf8cc02438cc76d27ba1cce86da34109d2e43dcc8ed7c9d581b95b39d
mask_fragment-n150000-w512-m1000-s1222,mask_fragment,512,1.0,150000,1222,150000,early_mask_fragment,3,PROJECTION,3,1551.6857,1649.8768,1320.6008000000002,1649.8768,150000,0,sha256:1a43e0ddf8cc02438cc76d27ba1cce86da34109d2e43dcc8ed7c9d581b95b39d
mask_fragment-n150000-w512-m1000-s1222,mask_fragment,512,1.0,150000,1222,150000,early_mask_fragment,4,SEQ_SCAN,3,9.498299999999999,12.14,9.111299999999998,12.14,150000,150000,sha256:1a43e0ddf8cc02438cc76d27ba1cce86da34109d2e43dcc8ed7c9d581b95b39d
mask_fragment-n150000-w512-m1000-s1222,mask_fragment,512,1.0,150000,1222,150000,early_mask_fragment,5,PROJECTION,3,0.8533,1.2325,0.7711,1.2325,150000,0,sha256:1a43e0ddf8cc02438cc76d27ba1cce86da34109d2e43dcc8ed7c9d581b95b39d
mask_fragment-n150000-w512-m1000-s1222,mask_fragment,512,1.0,150000,1222,150000,early_mask_fragment,6,ORDER_BY,3,154.09390000000002,161.40949999999998,147.06119999999996,161.40949999999998,150000,0,sha256:1a43e0ddf8cc02438cc76d27ba1cce86da34109d2e43dcc8ed7c9d581b95b39d
mask_fragment-n150000-w512-m1000-s1222,mask_fragment,512,1.0,150000,1222,150000,early_mask_fragment,7,PROJECTION,3,0.5220000000000001,0.6675000000000001,0.43670000000000003,0.6675000000000001,150000,0,sha256:1a43e0ddf8cc02438cc76d27ba1cce86da34109d2e43dcc8ed7c9d581b95b39d
mask_fragment-n150000-w512-m1000-s1222,mask_fragment,512,1.0,150000,1222,150000,early_mask_fragment,8,HASH_JOIN,3,10.2861,25.6534,9.013799999999998,25.6534,150000,0,sha256:1a43e0ddf8cc02438cc76d27ba1cce86da34109d2e43dcc8ed7c9d581b95b39d
mask_fragment-n150000-w512-m1000-s1222,mask_fragment,512,1.0,150000,1222,150000,early_mask_fragment,9,CTE_SCAN,3,0.6582,16.788999999999998,0.5136999999999999,16.788999999999998,150000,0,sha256:1a43e0ddf8cc02438cc76d27ba1cce86da34109d2e43dcc8ed7c9d581b95b39d
mask_fragment-n150000-w512-m1000-s1222,mask_fragment,512,1.0,150000,1222,150000,early_mask_fragment,10,SEQ_SCAN,3,0.0234,0.032100000000000004,0.023199999999999995,0.032100000000000004,10000,10000,sha256:1a43e0ddf8cc02438cc76d27ba1cce86da34109d2e43dcc8ed7c9d581b95b39d
mask_fragment-n150000-w512-m1000-s1222,mask_fragment,512,1.0,150000,1222,150000,late_mask_fragment,0,EXPLAIN_ANALYZE,3,0.00019999999999999998,0.0007,0.00019999999999999998,0.0007,0,0,sha256:92b825cb6ca6efd8c921ae328d9dcd567e5fc1cecda65d185180a168e33b45c9
mask_fragment-n150000-w512-m1000-s1222,mask_fragment,512,1.0,150000,1222,150000,late_mask_fragment,1,BATCH_CREATE_TABLE_AS,3,21.076800000000002,21.093,17.763699999999996,21.093,1,0,sha256:92b825cb6ca6efd8c921ae328d9dcd567e5fc1cecda65d185180a168e33b45c9
mask_fragment-n150000-w512-m1000-s1222,mask_fragment,512,1.0,150000,1222,150000,late_mask_fragment,2,PROJECTION,3,1.3461999999999998,1.3731999999999995,0.9065,1.3731999999999995,150000,0,sha256:92b825cb6ca6efd8c921ae328d9dcd567e5fc1cecda65d185180a168e33b45c9
mask_fragment-n150000-w512-m1000-s1222,mask_fragment,512,1.0,150000,1222,150000,late_mask_fragment,3,ORDER_BY,3,130.91479999999996,138.36589999999998,118.27579999999999,138.36589999999998,150000,0,sha256:92b825cb6ca6efd8c921ae328d9dcd567e5fc1cecda65d185180a168e33b45c9
mask_fragment-n150000-w512-m1000-s1222,mask_fragment,512,1.0,150000,1222,150000,late_mask_fragment,4,PROJECTION,3,3.3556000000000004,4.4994000000000005,3.3286000000000002,4.4994000000000005,150000,0,sha256:92b825cb6ca6efd8c921ae328d9dcd567e5fc1cecda65d185180a168e33b45c9
mask_fragment-n150000-w512-m1000-s1222,mask_fragment,512,1.0,150000,1222,150000,late_mask_fragment,5,PROJECTION,3,1399.3879,1465.2899999999995,1200.5215999999998,1465.2899999999995,150000,0,sha256:92b825cb6ca6efd8c921ae328d9dcd567e5fc1cecda65d185180a168e33b45c9
mask_fragment-n150000-w512-m1000-s1222,mask_fragment,512,1.0,150000,1222,150000,late_mask_fragment,6,HASH_JOIN,3,2.2424000000000004,2.4745,2.1594,2.4745,150000,0,sha256:92b825cb6ca6efd8c921ae328d9dcd567e5fc1cecda65d185180a168e33b45c9
mask_fragment-n150000-w512-m1000-s1222,mask_fragment,512,1.0,150000,1222,150000,late_mask_fragment,7,SEQ_SCAN,3,10.900800000000002,11.111300000000004,10.418500000000002,11.111300000000004,150000,150000,sha256:92b825cb6ca6efd8c921ae328d9dcd567e5fc1cecda65d185180a168e33b45c9
mask_fragment-n150000-w512-m1000-s1222,mask_fragment,512,1.0,150000,1222,150000,late_mask_fragment,8,SEQ_SCAN,3,0.030800000000000004,0.0486,0.0279,0.0486,10000,10000,sha256:92b825cb6ca6efd8c921ae328d9dcd567e5fc1cecda65d185180a168e33b45c9
mask_fragment-n150000-w512-m1000-s1333,mask_fragment,512,1.0,150000,1333,150000,early_mask_fragment,0,EXPLAIN_ANALYZE,3,0.0003,0.00039999999999999996,0.00019999999999999998,0.00039999999999999996,0,0,sha256:1a43e0ddf8cc02438cc76d27ba1cce86da34109d2e43dcc8ed7c9d581b95b39d
mask_fragment-n150000-w512-m1000-s1333,mask_fragment,512,1.0,150000,1333,150000,early_mask_fragment,1,BATCH_CREATE_TABLE_AS,3,25.98020000000001,26.9425,21.9711,26.9425,1,0,sha256:1a43e0ddf8cc02438cc76d27ba1cce86da34109d2e43dcc8ed7c9d581b95b39d
mask_fragment-n150000-w512-m1000-s1333,mask_fragment,512,1.0,150000,1333,150000,early_mask_fragment,2,CTE,3,16.2242,25.38359999999999,13.5607,25.38359999999999,0,0,sha256:1a43e0ddf8cc02438cc76d27ba1cce86da34109d2e43dcc8ed7c9d581b95b39d
mask_fragment-n150000-w512-m1000-s1333,mask_fragment,512,1.0,150000,1333,150000,early_mask_fragment,3,PROJECTION,3,1268.3785,1389.5773,1200.0733,1389.5773,150000,0,sha256:1a43e0ddf8cc02438cc76d27ba1cce86da34109d2e43dcc8ed7c9d581b95b39d
mask_fragment-n150000-w512-m1000-s1333,mask_fragment,512,1.0,150000,1333,150000,early_mask_fragment,4,SEQ_SCAN,3,10.762400000000001,13.582600000000003,10.254799999999998,13.582600000000003,150000,150000,sha256:1a43e0ddf8cc02438cc76d27ba1cce86da34109d2e43dcc8ed7c9d581b95b39d
mask_fragment-n150000-w512-m1000-s1333,mask_fragment,512,1.0,150000,1333,150000,early_mask_fragment,5,PROJECTION,3,0.8363000000000002,0.9904999999999998,0.6862999999999998,0.9904999999999998,150000,0,sha256:1a43e0ddf8cc02438cc76d27ba1cce86da34109d2e43dcc8ed7c9d581b95b39d
mask_fragment-n150000-w512-m1000-s1333,mask_fragment,512,1.0,150000,1333,150000,early_mask_fragment,6,ORDER_BY,3,136.28389999999996,137.57340000000005,131.61840000000004,137.57340000000005,150000,0,sha256:1a43e0ddf8cc02438cc76d27ba1cce86da34109d2e43dcc8ed7c9d581b95b39d
mask_fragment-n150000-w512-m1000-s1333,mask_fragment,512,1.0,150000,1333,150000,early_mask_fragment,7,PROJECTION,3,0.4019,0.4814,0.3727,0.4814,150000,0,sha256:1a43e0ddf8cc02438cc76d27ba1cce86da34109d2e43dcc8ed7c9d581b95b39d
mask_fragment-n150000-w512-m1000-s1333,mask_fragment,512,1.0,150000,1333,150000,early_mask_fragment,8,HASH_JOIN,3,9.68,16.8157,9.360599999999998,16.8157,150000,0,sha256:1a43e0ddf8cc02438cc76d27ba1cce86da34109d2e43dcc8ed7c9d581b95b39d
mask_fragment-n150000-w512-m1000-s1333,mask_fragment,512,1.0,150000,1333,150000,early_mask_fragment,9,CTE_SCAN,3,0.6254000000000001,0.7084999999999999,0.4358000000000001,0.7084999999999999,150000,0,sha256:1a43e0ddf8cc02438cc76d27ba1cce86da34109d2e43dcc8ed7c9d581b95b39d
mask_fragment-n150000-w512-m1000-s1333,mask_fragment,512,1.0,150000,1333,150000,early_mask_fragment,10,SEQ_SCAN,3,0.0382,0.1806,0.0225,0.1806,10000,10000,sha256:1a43e0ddf8cc02438cc76d27ba1cce86da34109d2e43dcc8ed7c9d581b95b39d
mask_fragment-n150000-w512-m1000-s1333,mask_fragment,512,1.0,150000,1333,150000,late_mask_fragment,0,EXPLAIN_ANALYZE,3,0.0003,0.00039999999999999996,0.00019999999999999998,0.00039999999999999996,0,0,sha256:92b825cb6ca6efd8c921ae328d9dcd567e5fc1cecda65d185180a168e33b45c9
mask_fragment-n150000-w512-m1000-s1333,mask_fragment,512,1.0,150000,1333,150000,late_mask_fragment,1,BATCH_CREATE_TABLE_AS,3,18.629800000000003,21.335100000000004,17.578699999999998,21.335100000000004,1,0,sha256:92b825cb6ca6efd8c921ae328d9dcd567e5fc1cecda65d185180a168e33b45c9
mask_fragment-n150000-w512-m1000-s1333,mask_fragment,512,1.0,150000,1333,150000,late_mask_fragment,2,PROJECTION,3,1.2928,1.8547999999999998,1.0763,1.8547999999999998,150000,0,sha256:92b825cb6ca6efd8c921ae328d9dcd567e5fc1cecda65d185180a168e33b45c9
mask_fragment-n150000-w512-m1000-s1333,mask_fragment,512,1.0,150000,1333,150000,late_mask_fragment,3,ORDER_BY,3,126.65730000000003,136.45799999999997,111.78220000000003,136.45799999999997,150000,0,sha256:92b825cb6ca6efd8c921ae328d9dcd567e5fc1cecda65d185180a168e33b45c9
mask_fragment-n150000-w512-m1000-s1333,mask_fragment,512,1.0,150000,1333,150000,late_mask_fragment,4,PROJECTION,3,3.2972,3.4347000000000008,3.0255000000000005,3.4347000000000008,150000,0,sha256:92b825cb6ca6efd8c921ae328d9dcd567e5fc1cecda65d185180a168e33b45c9
mask_fragment-n150000-w512-m1000-s1333,mask_fragment,512,1.0,150000,1333,150000,late_mask_fragment,5,PROJECTION,3,1382.4919999999997,1432.2495,1356.7274000000002,1432.2495,150000,0,sha256:92b825cb6ca6efd8c921ae328d9dcd567e5fc1cecda65d185180a168e33b45c9
mask_fragment-n150000-w512-m1000-s1333,mask_fragment,512,1.0,150000,1333,150000,late_mask_fragment,6,HASH_JOIN,3,2.4524,2.4545,2.1913000000000005,2.4545,150000,0,sha256:92b825cb6ca6efd8c921ae328d9dcd567e5fc1cecda65d185180a168e33b45c9
mask_fragment-n150000-w512-m1000-s1333,mask_fragment,512,1.0,150000,1333,150000,late_mask_fragment,7,SEQ_SCAN,3,12.1904,12.577000000000002,9.2548,12.577000000000002,150000,150000,sha256:92b825cb6ca6efd8c921ae328d9dcd567e5fc1cecda65d185180a168e33b45c9
mask_fragment-n150000-w512-m1000-s1333,mask_fragment,512,1.0,150000,1333,150000,late_mask_fragment,8,SEQ_SCAN,3,0.0396,0.054200000000000005,0.037399999999999996,0.054200000000000005,10000,10000,sha256:92b825cb6ca6efd8c921ae328d9dcd567e5fc1cecda65d185180a168e33b45c9
mask_fragment-n150000-w512-m1000-s1444,mask_fragment,512,1.0,150000,1444,150000,early_mask_fragment,0,EXPLAIN_ANALYZE,3,0.00019999999999999998,0.00039999999999999996,0.00019999999999999998,0.00039999999999999996,0,0,sha256:1a43e0ddf8cc02438cc76d27ba1cce86da34109d2e43dcc8ed7c9d581b95b39d
mask_fragment-n150000-w512-m1000-s1444,mask_fragment,512,1.0,150000,1444,150000,early_mask_fragment,1,BATCH_CREATE_TABLE_AS,3,22.438399999999994,25.814700000000006,22.223000000000006,25.814700000000006,1,0,sha256:1a43e0ddf8cc02438cc76d27ba1cce86da34109d2e43dcc8ed7c9d581b95b39d
mask_fragment-n150000-w512-m1000-s1444,mask_fragment,512,1.0,150000,1444,150000,early_mask_fragment,2,CTE,3,22.776299999999996,23.390099999999997,15.8172,23.390099999999997,0,0,sha256:1a43e0ddf8cc02438cc76d27ba1cce86da34109d2e43dcc8ed7c9d581b95b39d
mask_fragment-n150000-w512-m1000-s1444,mask_fragment,512,1.0,150000,1444,150000,early_mask_fragment,3,PROJECTION,3,1418.7675,1451.1099,1394.9056999999998,1451.1099,150000,0,sha256:1a43e0ddf8cc02438cc76d27ba1cce86da34109d2e43dcc8ed7c9d581b95b39d
mask_fragment-n150000-w512-m1000-s1444,mask_fragment,512,1.0,150000,1444,150000,early_mask_fragment,4,SEQ_SCAN,3,10.477400000000003,11.019699999999998,9.465100000000003,11.019699999999998,150000,150000,sha256:1a43e0ddf8cc02438cc76d27ba1cce86da34109d2e43dcc8ed7c9d581b95b39d
mask_fragment-n150000-w512-m1000-s1444,mask_fragment,512,1.0,150000,1444,150000,early_mask_fragment,5,PROJECTION,3,0.8025,1.0193999999999999,0.7791999999999999,1.0193999999999999,150000,0,sha256:1a43e0ddf8cc02438cc76d27ba1cce86da34109d2e43dcc8ed7c9d581b95b39d
mask_fragment-n150000-w512-m1000-s1444,mask_fragment,512,1.0,150000,1444,150000,early_mask_fragment,6,ORDER_BY,3,135.61659999999998,150.12570000000002,127.94070000000002,150.12570000000002,150000,0,sha256:1a43e0ddf8cc02438cc76d27ba1cce86da34109d2e43dcc8ed7c9d581b95b39d
mask_fragment-n150000-w512-m1000-s1444,mask_fragment,512,1.0,150000,1444,150000,early_mask_fragment,7,PROJECTION,3,0.7077,1.6305999999999998,0.3698,1.6305999999999998,150000,0,sha256:1a43e0ddf8cc02438cc76d27ba1cce86da34109d2e43dcc8ed7c9d581b95b39d
mask_fragment-n150000-w512-m1000-s1444,mask_fragment,512,1.0,150000,1444,150000,early_mask_fragment,8,HASH_JOIN,3,13.475799999999998,17.3066,13.113,17.3066,150000,0,sha256:1a43e0ddf8cc02438cc76d27ba1cce86da34109d2e43dcc8ed7c9d581b95b39d
mask_fragment-n150000-w512-m1000-s1444,mask_fragment,512,1.0,150000,1444,150000,early_mask_fragment,9,CTE_SCAN,3,0.7356,2.5660000000000003,0.5098,2.5660000000000003,150000,0,sha256:1a43e0ddf8cc02438cc76d27ba1cce86da34109d2e43dcc8ed7c9d581b95b39d
mask_fragment-n150000-w512-m1000-s1444,mask_fragment,512,1.0,150000,1444,150000,early_mask_fragment,10,SEQ_SCAN,3,0.0396,0.0513,0.023200000000000002,0.0513,10000,10000,sha256:1a43e0ddf8cc02438cc76d27ba1cce86da34109d2e43dcc8ed7c9d581b95b39d
mask_fragment-n150000-w512-m1000-s1444,mask_fragment,512,1.0,150000,1444,150000,late_mask_fragment,0,EXPLAIN_ANALYZE,3,0.00019999999999999998,0.0003,0.00019999999999999998,0.0003,0,0,sha256:92b825cb6ca6efd8c921ae328d9dcd567e5fc1cecda65d185180a168e33b45c9
mask_fragment-n150000-w512-m1000-s1444,mask_fragment,512,1.0,150000,1444,150000,late_mask_fragment,1,BATCH_CREATE_TABLE_AS,3,19.324699999999993,21.2695,18.152300000000004,21.2695,1,0,sha256:92b825cb6ca6efd8c921ae328d9dcd567e5fc1cecda65d185180a168e33b45c9
mask_fragment-n150000-w512-m1000-s1444,mask_fragment,512,1.0,150000,1444,150000,late_mask_fragment,2,PROJECTION,3,1.2125999999999997,1.3545,1.0122999999999998,1.3545,150000,0,sha256:92b825cb6ca6efd8c921ae328d9dcd567e5fc1cecda65d185180a168e33b45c9
mask_fragment-n150000-w512-m1000-s1444,mask_fragment,512,1.0,150000,1444,150000,late_mask_fragment,3,ORDER_BY,3,115.2625,129.16269999999997,107.74790000000002,129.16269999999997,150000,0,sha256:92b825cb6ca6efd8c921ae328d9dcd567e5fc1cecda65d185180a168e33b45c9
mask_fragment-n150000-w512-m1000-s1444,mask_fragment,512,1.0,150000,1444,150000,late_mask_fragment,4,PROJECTION,3,3.2344,3.6176,2.846400000000001,3.6176,150000,0,sha256:92b825cb6ca6efd8c921ae328d9dcd567e5fc1cecda65d185180a168e33b45c9
mask_fragment-n150000-w512-m1000-s1444,mask_fragment,512,1.0,150000,1444,150000,late_mask_fragment,5,PROJECTION,3,1245.9933,1388.6106,1194.5026,1388.6106,150000,0,sha256:92b825cb6ca6efd8c921ae328d9dcd567e5fc1cecda65d185180a168e33b45c9
mask_fragment-n150000-w512-m1000-s1444,mask_fragment,512,1.0,150000,1444,150000,late_mask_fragment,6,HASH_JOIN,3,1.9787000000000003,2.2420999999999998,1.975,2.2420999999999998,150000,0,sha256:92b825cb6ca6efd8c921ae328d9dcd567e5fc1cecda65d185180a168e33b45c9
mask_fragment-n150000-w512-m1000-s1444,mask_fragment,512,1.0,150000,1444,150000,late_mask_fragment,7,SEQ_SCAN,3,9.037700000000001,13.0867,9.010100000000001,13.0867,150000,150000,sha256:92b825cb6ca6efd8c921ae328d9dcd567e5fc1cecda65d185180a168e33b45c9
mask_fragment-n150000-w512-m1000-s1444,mask_fragment,512,1.0,150000,1444,150000,late_mask_fragment,8,SEQ_SCAN,3,0.0298,0.037099999999999994,0.029500000000000002,0.037099999999999994,10000,10000,sha256:92b825cb6ca6efd8c921ae328d9dcd567e5fc1cecda65d185180a168e33b45c9
mask_fragment-n150000-w512-m1000-s1555,mask_fragment,512,1.0,150000,1555,150000,early_mask_fragment,0,EXPLAIN_ANALYZE,3,0.00019999999999999998,0.00019999999999999998,0.00019999999999999998,0.00019999999999999998,0,0,sha256:1a43e0ddf8cc02438cc76d27ba1cce86da34109d2e43dcc8ed7c9d581b95b39d
mask_fragment-n150000-w512-m1000-s1555,mask_fragment,512,1.0,150000,1555,150000,early_mask_fragment,1,BATCH_CREATE_TABLE_AS,3,23.0845,31.0651,22.004499999999993,31.0651,1,0,sha256:1a43e0ddf8cc02438cc76d27ba1cce86da34109d2e43dcc8ed7c9d581b95b39d
mask_fragment-n150000-w512-m1000-s1555,mask_fragment,512,1.0,150000,1555,150000,early_mask_fragment,2,CTE,3,24.90700000000001,28.86450000000001,21.299899999999997,28.86450000000001,0,0,sha256:1a43e0ddf8cc02438cc76d27ba1cce86da34109d2e43dcc8ed7c9d581b95b39d
mask_fragment-n150000-w512-m1000-s1555,mask_fragment,512,1.0,150000,1555,150000,early_mask_fragment,3,PROJECTION,3,1438.2834999999998,1749.6012999999998,1420.1867999999997,1749.6012999999998,150000,0,sha256:1a43e0ddf8cc02438cc76d27ba1cce86da34109d2e43dcc8ed7c9d581b95b39d
mask_fragment-n150000-w512-m1000-s1555,mask_fragment,512,1.0,150000,1555,150000,early_mask_fragment,4,SEQ_SCAN,3,12.599,14.736999999999997,9.4957,14.736999999999997,150000,150000,sha256:1a43e0ddf8cc02438cc76d27ba1cce86da34109d2e43dcc8ed7c9d581b95b39d
mask_fragment-n150000-w512-m1000-s1555,mask_fragment,512,1.0,150000,1555,150000,early_mask_fragment,5,PROJECTION,3,0.8467999999999999,0.8535000000000001,0.6421000000000001,0.8535000000000001,150000,0,sha256:1a43e0ddf8cc02438cc76d27ba1cce86da34109d2e43dcc8ed7c9d581b95b39d
mask_fragment-n150000-w512-m1000-s1555,mask_fragment,512,1.0,150000,1555,150000,early_mask_fragment,6,ORDER_BY,3,135.5215,171.32619999999994,123.7182,171.32619999999994,150000,0,sha256:1a43e0ddf8cc02438cc76d27ba1cce86da34109d2e43dcc8ed7c9d581b95b39d
mask_fragment-n150000-w512-m1000-s1555,mask_fragment,512,1.0,150000,1555,150000,early_mask_fragment,7,PROJECTION,3,0.4469000000000001,0.6295999999999999,0.41960000000000003,0.6295999999999999,150000,0,sha256:1a43e0ddf8cc02438cc76d27ba1cce86da34109d2e43dcc8ed7c9d581b95b39d
mask_fragment-n150000-w512-m1000-s1555,mask_fragment,512,1.0,150000,1555,150000,early_mask_fragment,8,HASH_JOIN,3,9.046799999999998,14.906,8.992400000000002,14.906,150000,0,sha256:1a43e0ddf8cc02438cc76d27ba1cce86da34109d2e43dcc8ed7c9d581b95b39d
mask_fragment-n150000-w512-m1000-s1555,mask_fragment,512,1.0,150000,1555,150000,early_mask_fragment,9,CTE_SCAN,3,0.5968,1.9799000000000002,0.5194000000000001,1.9799000000000002,150000,0,sha256:1a43e0ddf8cc02438cc76d27ba1cce86da34109d2e43dcc8ed7c9d581b95b39d
mask_fragment-n150000-w512-m1000-s1555,mask_fragment,512,1.0,150000,1555,150000,early_mask_fragment,10,SEQ_SCAN,3,0.0379,0.0749,0.028600000000000004,0.0749,10000,10000,sha256:1a43e0ddf8cc02438cc76d27ba1cce86da34109d2e43dcc8ed7c9d581b95b39d
mask_fragment-n150000-w512-m1000-s1555,mask_fragment,512,1.0,150000,1555,150000,late_mask_fragment,0,EXPLAIN_ANALYZE,3,0.0005,0.0009,0.00019999999999999998,0.0009,0,0,sha256:92b825cb6ca6efd8c921ae328d9dcd567e5fc1cecda65d185180a168e33b45c9
mask_fragment-n150000-w512-m1000-s1555,mask_fragment,512,1.0,150000,1555,150000,late_mask_fragment,1,BATCH_CREATE_TABLE_AS,3,21.679700000000004,22.774700000000006,21.4761,22.774700000000006,1,0,sha256:92b825cb6ca6efd8c921ae328d9dcd567e5fc1cecda65d185180a168e33b45c9
mask_fragment-n150000-w512-m1000-s1555,mask_fragment,512,1.0,150000,1555,150000,late_mask_fragment,2,PROJECTION,3,1.4102,1.9854999999999998,1.2979999999999996,1.9854999999999998,150000,0,sha256:92b825cb6ca6efd8c921ae328d9dcd567e5fc1cecda65d185180a168e33b45c9
mask_fragment-n150000-w512-m1000-s1555,mask_fragment,512,1.0,150000,1555,150000,late_mask_fragment,3,ORDER_BY,3,130.09580000000003,134.45239999999998,127.96169999999998,134.45239999999998,150000,0,sha256:92b825cb6ca6efd8c921ae328d9dcd567e5fc1cecda65d185180a168e33b45c9
mask_fragment-n150000-w512-m1000-s1555,mask_fragment,512,1.0,150000,1555,150000,late_mask_fragment,4,PROJECTION,3,3.562,4.5913,3.095499999999999,4.5913,150000,0,sha256:92b825cb6ca6efd8c921ae328d9dcd567e5fc1cecda65d185180a168e33b45c9
mask_fragment-n150000-w512-m1000-s1555,mask_fragment,512,1.0,150000,1555,150000,late_mask_fragment,5,PROJECTION,3,1345.6358000000002,1371.4449999999997,1218.5654000000004,1371.4449999999997,150000,0,sha256:92b825cb6ca6efd8c921ae328d9dcd567e5fc1cecda65d185180a168e33b45c9
mask_fragment-n150000-w512-m1000-s1555,mask_fragment,512,1.0,150000,1555,150000,late_mask_fragment,6,HASH_JOIN,3,2.3354999999999997,6.774700000000002,2.0303,6.774700000000002,150000,0,sha256:92b825cb6ca6efd8c921ae328d9dcd567e5fc1cecda65d185180a168e33b45c9
mask_fragment-n150000-w512-m1000-s1555,mask_fragment,512,1.0,150000,1555,150000,late_mask_fragment,7,SEQ_SCAN,3,11.842699999999999,12.538099999999998,11.377500000000001,12.538099999999998,150000,150000,sha256:92b825cb6ca6efd8c921ae328d9dcd567e5fc1cecda65d185180a168e33b45c9
mask_fragment-n150000-w512-m1000-s1555,mask_fragment,512,1.0,150000,1555,150000,late_mask_fragment,8,SEQ_SCAN,3,0.040299999999999996,0.11850000000000001,0.0317,0.11850000000000001,10000,10000,sha256:92b825cb6ca6efd8c921ae328d9dcd567e5fc1cecda65d185180a168e33b45c9
mask_fragment-n200000-w128-m0900-s1111,mask_fragment,128,0.9,200000,1111,180000,early_mask_fragment,0,EXPLAIN_ANALYZE,3,0.00019999999999999998,0.00019999999999999998,0.00019999999999999998,0.00019999999999999998,0,0,sha256:1a43e0ddf8cc02438cc76d27ba1cce86da34109d2e43dcc8ed7c9d581b95b39d
mask_fragment-n200000-w128-m0900-s1111,mask_fragment,128,0.9,200000,1111,180000,early_mask_fragment,1,BATCH_CREATE_TABLE_AS,3,27.082199999999997,28.339700000000004,24.51299999999999,28.339700000000004,1,0,sha256:1a43e0ddf8cc02438cc76d27ba1cce86da34109d2e43dcc8ed7c9d581b95b39d
mask_fragment-n200000-w128-m0900-s1111,mask_fragment,128,0.9,200000,1111,180000,early_mask_fragment,2,CTE,3,21.588800000000006,27.463099999999997,19.585900000000002,27.463099999999997,0,0,sha256:1a43e0ddf8cc02438cc76d27ba1cce86da34109d2e43dcc8ed7c9d581b95b39d
mask_fragment-n200000-w128-m0900-s1111,mask_fragment,128,0.9,200000,1111,180000,early_mask_fragment,3,PROJECTION,3,788.6815999999999,969.2259000000003,693.3953000000001,969.2259000000003,200000,0,sha256:1a43e0ddf8cc02438cc76d27ba1cce86da34109d2e43dcc8ed7c9d581b95b39d
mask_fragment-n200000-w128-m0900-s1111,mask_fragment,128,0.9,200000,1111,180000,early_mask_fragment,4,SEQ_SCAN,3,12.398500000000004,14.6247,10.3999,14.6247,200000,200000,sha256:1a43e0ddf8cc02438cc76d27ba1cce86da34109d2e43dcc8ed7c9d581b95b39d
mask_fragment-n200000-w128-m0900-s1111,mask_fragment,128,0.9,200000,1111,180000,early_mask_fragment,5,PROJECTION,3,0.7573999999999999,0.9119999999999999,0.7477,0.9119999999999999,180000,0,sha256:1a43e0ddf8cc02438cc76d27ba1cce86da34109d2e43dcc8ed7c9d581b95b39d
mask_fragment-n200000-w128-m0900-s1111,mask_fragment,128,0.9,200000,1111,180000,early_mask_fragment,6,ORDER_BY,3,153.45159999999996,169.25829999999996,150.69729999999996,169.25829999999996,180000,0,sha256:1a43e0ddf8cc02438cc76d27ba1cce86da34109d2e43dcc8ed7c9d581b95b39d
mask_fragment-n200000-w128-m0900-s1111,mask_fragment,128,0.9,200000,1111,180000,early_mask_fragment,7,PROJECTION,3,0.4619,0.5156,0.40989999999999993,0.5156,180000,0,sha256:1a43e0ddf8cc02438cc76d27ba1cce86da34109d2e43dcc8ed7c9d581b95b39d
mask_fragment-n200000-w128-m0900-s1111,mask_fragment,128,0.9,200000,1111,180000,early_mask_fragment,8,HASH_JOIN,3,14.460799999999999,14.7117,10.764599999999998,14.7117,180000,0,sha256:1a43e0ddf8cc02438cc76d27ba1cce86da34109d2e43dcc8ed7c9d581b95b39d
mask_fragment-n200000-w128-m0900-s1111,mask_fragment,128,0.9,200000,1111,180000,early_mask_fragment,9,CTE_SCAN,3,0.6633,0.8215000000000002,0.6597999999999999,0.8215000000000002,200000,0,sha256:1a43e0ddf8cc02438cc76d27ba1cce86da34109d2e43dcc8ed7c9d581b95b39d
mask_fragment-n200000-w128-m0900-s1111,mask_fragment,128,0.9,200000,1111,180000,early_mask_fragment,10,SEQ_SCAN,3,0.10339999999999999,0.11880000000000002,0.0363,0.11880000000000002,10000,10000,sha256:1a43e0ddf8cc02438cc76d27ba1cce86da34109d2e43dcc8ed7c9d581b95b39d
mask_fragment-n200000-w128-m0900-s1111,mask_fragment,128,0.9,200000,1111,180000,late_mask_fragment,0,EXPLAIN_ANALYZE,3,0.00019999999999999998,0.00019999999999999998,0.00019999999999999998,0.00019999999999999998,0,0,sha256:18bd7fb3b6d02ff88c53bf4a74124c631590d7e276f031a9034dc7f9cb857902
mask_fragment-n200000-w128-m0900-s1111,mask_fragment,128,0.9,200000,1111,180000,late_mask_fragment,1,BATCH_CREATE_TABLE_AS,3,21.040599999999998,24.661799999999996,20.749399999999994,24.661799999999996,1,0,sha256:18bd7fb3b6d02ff88c53bf4a74124c631590d7e276f031a9034dc7f9cb857902
mask_fragment-n200000-w128-m0900-s1111,mask_fragment,128,0.9,200000,1111,180000,late_mask_fragment,2,PROJECTION,3,1.3047999999999995,1.3139000000000003,1.2984,1.3139000000000003,180000,0,sha256:18bd7fb3b6d02ff88c53bf4a74124c631590d7e276f031a9034dc7f9cb857902
mask_fragment-n200000-w128-m0900-s1111,mask_fragment,128,0.9,200000,1111,180000,late_mask_fragment,3,ORDER_BY,3,152.43789999999996,152.8896,147.48909999999998,152.8896,180000,0,sha256:18bd7fb3b6d02ff88c53bf4a74124c631590d7e276f031a9034dc7f9cb857902
mask_fragment-n200000-w128-m0900-s1111,mask_fragment,128,0.9,200000,1111,180000,late_mask_fragment,4,PROJECTION,3,4.6248000000000005,5.0285,3.9484999999999997,5.0285,180000,0,sha256:18bd7fb3b6d02ff88c53bf4a74124c631590d7e276f031a9034dc7f9cb857902
mask_fragment-n200000-w128-m0900-s1111,mask_fragment,128,0.9,200000,1111,180000,late_mask_fragment,5,PROJECTION,3,682.8864,725.8299000000001,659.6759999999999,725.8299000000001,180000,0,sha256:18bd7fb3b6d02ff88c53bf4a74124c631590d7e276f031a9034dc7f9cb857902
mask_fragment-n200000-w128-m0900-s1111,mask_fragment,128,0.9,200000,1111,180000,late_mask_fragment,6,HASH_JOIN,3,3.2017,3.6015999999999995,2.7159000000000004,3.6015999999999995,180000,0,sha256:18bd7fb3b6d02ff88c53bf4a74124c631590d7e276f031a9034dc7f9cb857902
mask_fragment-n200000-w128-m0900-s1111,mask_fragment,128,0.9,200000,1111,180000,late_mask_fragment,7,SEQ_SCAN,3,12.4276,20.084899999999998,12.2628,20.084899999999998,180000,200000,sha256:18bd7fb3b6d02ff88c53bf4a74124c631590d7e276f031a9034dc7f9cb857902
mask_fragment-n200000-w128-m0900-s1111,mask_fragment,128,0.9,200000,1111,180000,late_mask_fragment,8,SEQ_SCAN,3,0.049499999999999995,0.1538,0.0363,0.1538,10000,10000,sha256:18bd7fb3b6d02ff88c53bf4a74124c631590d7e276f031a9034dc7f9cb857902
mask_fragment-n200000-w128-m0900-s1222,mask_fragment,128,0.9,200000,1222,180000,early_mask_fragment,0,EXPLAIN_ANALYZE,3,0.00019999999999999998,0.00039999999999999996,0.00019999999999999998,0.00039999999999999996,0,0,sha256:1a43e0ddf8cc02438cc76d27ba1cce86da34109d2e43dcc8ed7c9d581b95b39d
mask_fragment-n200000-w128-m0900-s1222,mask_fragment,128,0.9,200000,1222,180000,early_mask_fragment,1,BATCH_CREATE_TABLE_AS,3,24.9105,28.483300000000003,21.625700000000002,28.483300000000003,1,0,sha256:1a43e0ddf8cc02438cc76d27ba1cce86da34109d2e43dcc8ed7c9d581b95b39d
mask_fragment-n200000-w128-m0900-s1222,mask_fragment,128,0.9,200000,1222,180000,early_mask_fragment,2,CTE,3,21.794599999999996,40.1793,20.060100000000006,40.1793,0,0,sha256:1a43e0ddf8cc02438cc76d27ba1cce86da34109d2e43dcc8ed7c9d581b95b39d
mask_fragment-n200000-w128-m0900-s1222,mask_fragment,128,0.9,200000,1222,180000,early_mask_fragment,3,PROJECTION,3,752.8316,818.1778000000002,683.6,818.1778000000002,200000,0,sha256:1a43e0ddf8cc02438cc76d27ba1cce86da34109d2e43dcc8ed7c9d581b95b39d
mask_fragment-n200000-w128-m0900-s1222,mask_fragment,128,0.9,200000,1222,180000,early_mask_fragment,4,SEQ_SCAN,3,11.874999999999996,20.253999999999998,11.75,20.253999999999998,200000,200000,sha256:1a43e0ddf8cc02438cc76d27ba1cce86da34109d2e43dcc8ed7c9d581b95b39d
mask_fragment-n200000-w128-m0900-s1222,mask_fragment,128,0.9,200000,1222,180000,early_mask_fragment,5,PROJECTION,3,1.1123999999999998,1.7151999999999998,0.8906000000000001,1.7151999999999998,180000,0,sha256:1a43e0ddf8cc02438cc76d27ba1cce86da34109d2e43dcc8ed7c9d581b95b39d
mask_fragment-n200000-w128-m0900-s1222,mask_fragment,128,0.9,200000,1222,180000,early_mask_fragment,6,ORDER_BY,3,142.0457,157.78770000000003,135.6916,157.78770000000003,180000,0,sha256:1a43e0ddf8cc02438cc76d27ba1cce86da34109d2e43dcc8ed7c9d581b95b39d
mask_fragment-n200000-w128-m0900-s1222,mask_fragment,128,0.9,200000,1222,180000,early_mask_fragment,7,PROJECTION,3,0.47820000000000007,1.1262,0.37209999999999993,1.1262,180000,0,sha256:1a43e0ddf8cc02438cc76d27ba1cce86da34109d2e43dcc8ed7c9d581b95b39d
mask_fragment-n200000-w128-m0900-s1222,mask_fragment,128,0.9,200000,1222,180000,early_mask_fragment,8,HASH_JOIN,3,10.447399999999998,24.750099999999996,7.811299999999999,24.750099999999996,180000,0,sha256:1a43e0ddf8cc02438cc76d27ba1cce86da34109d2e43dcc8ed7c9d581b95b39d
mask_fragment-n200000-w128-m0900-s1222,mask_fragment,128,0.9,200000,1222,180000,early_mask_fragment,9,CTE_SCAN,3,0.6604,1.4703000000000002,0.5329000000000002,1.4703000000000002,200000,0,sha256:1a43e0ddf8cc02438cc76d27ba1cce86da34109d2e43dcc8ed7c9d581b95b39d
mask_fragment-n200000-w128-m0900-s1222,mask_fragment,128,0.9,200000,1222,180000,early_mask_fragment,10,SEQ_SCAN,3,0.04539999999999999,0.07869999999999999,0.0385,0.07869999999999999,10000,10000,sha256:1a43e0ddf8cc02438cc76d27ba1cce86da34109d2e43dcc8ed7c9d581b95b39d
mask_fragment-n200000-w128-m0900-s1222,mask_fragment,128,0.9,200000,1222,180000,late_mask_fragment,0,EXPLAIN_ANALYZE,3,0.0003,0.0003,0.00019999999999999998,0.0003,0,0,sha256:18bd7fb3b6d02ff88c53bf4a74124c631590d7e276f031a9034dc7f9cb857902
mask_fragment-n200000-w128-m0900-s1222,mask_fragment,128,0.9,200000,1222,180000,late_mask_fragment,1,BATCH_CREATE_TABLE_AS,3,23.560299999999998,24.965999999999998,19.297199999999997,24.965999999999998,1,0,sha256:18bd7fb3b6d02ff88c53bf4a74124c631590d7e276f031a9034dc7f9cb857902
mask_fragment-n200000-w128-m0900-s1222,mask_fragment,128,0.9,200000,1222,180000,late_mask_fragment,2,PROJECTION,3,1.2162,1.7081000000000004,0.9995000000000002,1.7081000000000004,180000,0,sha256:18bd7fb3b6d02ff88c53bf4a74124c631590d7e276f031a9034dc7f9cb857902
mask_fragment-n200000-w128-m0900-s1222,mask_fragment,128,0.9,200000,1222,180000,late_mask_fragment,3,ORDER_BY,3,152.43649999999997,178.9129,130.70950000000002,178.9129,180000,0,sha256:18bd7fb3b6d02ff88c53bf4a74124c631590d7e276f031a9034dc7f9cb857902
mask_fragment-n200000-w128-m0900-s1222,mask_fragment,128,0.9,200000,1222,180000,late_mask_fragment,4,PROJECTION,3,3.533999999999999,4.8529,3.3971999999999998,4.8529,180000,0,sha256:18bd7fb3b6d02ff88c53bf4a74124c631590d7e276f031a9034dc7f9cb857902
mask_fragment-n200000-w128-m0900-s1222,mask_fragment,128,0.9,200000,1222,180000,late_mask_fragment,5,PROJECTION,3,666.9194,1911.2664,618.1043000000001,1911.2664,180000,0,sha256:18bd7fb3b6d02ff88c53bf4a74124c631590d7e276f031a9034dc7f9cb857902
mask_fragment-n200000-w128-m0900-s1222,mask_fragment,128,0.9,200000,1222,180000,late_mask_fragment,6,HASH_JOIN,3,3.5370999999999997,8.8072,2.436,8.8072,180000,0,sha256:18bd7fb3b6d02ff88c53bf4a74124c631590d7e276f031a9034dc7f9cb857902
mask_fragment-n200000-w128-m0900-s1222,mask_fragment,128,0.9,200000,1222,180000,late_mask_fragment,7,SEQ_SCAN,3,12.9824,30.5994,10.251099999999997,30.5994,180000,200000,sha256:18bd7fb3b6d02ff88c53bf4a74124c631590d7e276f031a9034dc7f9cb857902
mask_fragment-n200000-w128-m0900-s1222,mask_fragment,128,0.9,200000,1222,180000,late_mask_fragment,8,SEQ_SCAN,3,0.0375,0.13230000000000003,0.03239999999999999,0.13230000000000003,10000,10000,sha256:18bd7fb3b6d02ff88c53bf4a74124c631590d7e276f031a9034dc7f9cb857902
mask_fragment-n200000-w128-m0900-s1333,mask_fragment,128,0.9,200000,1333,180000,early_mask_fragment,0,EXPLAIN_ANALYZE,3,0.0003,0.00039999999999999996,0.00019999999999999998,0.00039999999999999996,0,0,sha256:1a43e0ddf8cc02438cc76d27ba1cce86da34109d2e43dcc8ed7c9d581b95b39d
mask_fragment-n200000-w128-m0900-s1333,mask_fragment,128,0.9,200000,1333,180000,early_mask_fragment,1,BATCH_CREATE_TABLE_AS,3,31.03810000000001,32.9344,24.034499999999994,32.9344,1,0,sha256:1a43e0ddf8cc02438cc76d27ba1cce86da34109d2e43dcc8ed7c9d581b95b39d
mask_fragment-n200000-w128-m0900-s1333,mask_fragment,128,0.9,200000,1333,180000,early_mask_fragment,2,CTE,3,33.30350000000001,34.915499999999994,22.66870000000001,34.915499999999994,0,0,sha256:1a43e0ddf8cc02438cc76d27ba1cce86da34109d2e43dcc8ed7c9d581b95b39d
mask_fragment-n200000-w128-m0900-s1333,mask_fragment,128,0.9,200000,1333,180000,early_mask_fragment,3,PROJECTION,3,808.1102999999998,1728.7732,754.2454,1728.7732,200000,0,sha256:1a43e0ddf8cc02438cc76d27ba1cce86da34109d2e43dcc8ed7c9d581b95b39d
mask_fragment-n200000-w128-m0900-s1333,mask_fragment,128,0.9,200000,1333,180000,early_mask_fragment,4,SEQ_SCAN,3,13.445199999999998,13.900000000000002,12.9502,13.900000000000002,200000,200000,sha256:1a43e0ddf8cc02438cc76d27ba1cce86da34109d2e43dcc8ed7c9d581b95b39d
mask_fragment-n200000-w128-m0900-s1333,mask_fragment,128,0.9,200000,1333,180000,early_mask_fragment,5,PROJECTION,3,0.9759,1.1290999999999998,0.9623,1.1290999999999998,180000,0,sha256:1a43e0ddf8cc02438cc76d27ba1cce86da34109d2e43dcc8ed7c9d581b95b39d
mask_fragment-n200000-w128-m0900-s1333,mask_fragment,128,0.9,200000,1333,180000,early_mask_fragment,6,ORDER_BY,3,171.7996,174.8182,158.72070000000005,174.8182,180000,0,sha256:1a43e0ddf8cc02438cc76d27ba1cce86da34109d2e43dcc8ed7c9d581b95b39d
mask_fragment-n200000-w128-m0900-s1333,mask_fragment,128,0.9,200000,1333,180000,early_mask_fragment,7,PROJECTION,3,0.6459,0.6638,0.4161999999999999,0.6638,180000,0,sha256:1a43e0ddf8cc02438cc76d27ba1cce86da34109d2e43dcc8ed7c9d581b95b39d
mask_fragment-n200000-w128-m0900-s1333,mask_fragment,128,0.9,200000,1333,180000,early_mask_fragment,8,HASH_JOIN,3,15.138300000000001,15.720799999999997,11.097199999999999,15.720799999999997,180000,0,sha256:1a43e0ddf8cc02438cc76d27ba1cce86da34109d2e43dcc8ed7c9d581b95b39d
mask_fragment-n200000-w128-m0900-s1333,mask_fragment,128,0.9,200000,1333,180000,early_mask_fragment,9,CTE_SCAN,3,0.8088000000000001,1.1031000000000002,0.6528,1.1031000000000002,200000,0,sha256:1a43e0ddf8cc02438cc76d27ba1cce86da34109d2e43dcc8ed7c9d581b95b39d
mask_fragment-n200000-w128-m0900-s1333,mask_fragment,128,0.9,200000,1333,180000,early_mask_fragment,10,SEQ_SCAN,3,0.0328,0.0607,0.0245,0.0607,10000,10000,sha256:1a43e0ddf8cc02438cc76d27ba1cce86da34109d2e43dcc8ed7c9d581b95b39d
mask_fragment-n200000-w128-m0900-s1333,mask_fragment,128,0.9,200000,1333,180000,late_mask_fragment,0,EXPLAIN_ANALYZE,3,0.00019999999999999998,0.0006,0.00019999999999999998,0.0006,0,0,sha256:18bd7fb3b6d02ff88c53bf4a74124c631590d7e276f031a9034dc7f9cb857902
mask_fragment-n200000-w128-m0900-s1333,mask_fragment,128,0.9,200000,1333,180000,late_mask_fragment,1,BATCH_CREATE_TABLE_AS,3,23.840600000000002,25.745600000000007,20.914299999999997,25.745600000000007,1,0,sha256:18bd7fb3b6d02ff88c53bf4a74124c631590d7e276f031a9034dc7f9cb857902
mask_fragment-n200000-w128-m0900-s1333,mask_fragment,128,0.9,200000,1333,180000,late_mask_fragment,2,PROJECTION,3,1.0935000000000001,1.494,0.9989999999999999,1.494,180000,0,sha256:18bd7fb3b6d02ff88c53bf4a74124c631590d7e276f031a9034dc7f9cb857902
mask_fragment-n200000-w128-m0900-s1333,mask_fragment,128,0.9,200000,1333,180000,late_mask_fragment,3,ORDER_BY,3,141.4119,161.4019,139.7469,161.4019,180000,0,sha256:18bd7fb3b6d02ff88c53bf4a74124c631590d7e276f031a9034dc7f9cb857902
mask_fragment-n200000-w128-m0900-s1333,mask_fragment,128,0.9,200000,1333,180000,late_mask_fragment,4,PROJECTION,3,4.8857,5.180599999999998,3.8781999999999988,5.180599999999998,180000,0,sha256:18bd7fb3b6d02ff88c53bf4a74124c631590d7e276f031a9034dc7f9cb857902
mask_fragment-n200000-w128-m0900-s1333,mask_fragment,128,0.9,200000,1333,180000,late_mask_fragment,5,PROJECTION,3,676.8157999999999,960.9007999999998,574.7299,960.9007999999998,180000,0,sha256:18bd7fb3b6d02ff88c53bf4a74124c631590d7e276f031a9034dc7f9cb857902
mask_fragment-n200000-w128-m0900-s1333,mask_fragment,128,0.9,200000,1333,180000,late_mask_fragment,6,HASH_JOIN,3,2.7371999999999996,3.4914000000000005,1.9248000000000003,3.4914000000000005,180000,0,sha256:18bd7fb3b6d02ff88c53bf4a74124c631590d7e276f031a9034dc7f9cb857902
mask_fragment-n200000-w128-m0900-s1333,mask_fragment,128,0.9,200000,1333,180000,late_mask_fragment,7,SEQ_SCAN,3,11.353699999999998,14.659599999999996,10.033600000000002,14.659599999999996,180000,200000,sha256:18bd7fb3b6d02ff88c53bf4a74124c631590d7e276f031a9034dc7f9cb857902
mask_fragment-n200000-w128-m0900-s1333,mask_fragment,128,0.9,200000,1333,180000,late_mask_fragment,8,SEQ_SCAN,3,0.0384,0.03900000000000001,0.028499999999999998,0.03900000000000001,10000,10000,sha256:18bd7fb3b6d02ff88c53bf4a74124c631590d7e276f031a9034dc7f9cb857902
mask_fragment-n200000-w128-m0900-s1444,mask_fragment,128,0.9,200000,1444,180000,early_mask_fragment,0,EXPLAIN_ANALYZE,3,0.0003,0.0006,0.00019999999999999998,0.0006,0,0,sha256:1a43e0ddf8cc02438cc76d27ba1cce86da34109d2e43dcc8ed7c9d581b95b39d
mask_fragment-n200000-w128-m0900-s1444,mask_fragment,128,0.9,200000,1444,180000,early_mask_fragment,1,BATCH_CREATE_TABLE_AS,3,22.853200000000005,34.36150000000001,20.270500000000002,34.36150000000001,1,0,sha256:1a43e0ddf8cc02438cc76d27ba1cce86da34109d2e43dcc8ed7c9d581b95b39d
mask_fragment-n200000-w128-m0900-s1444,mask_fragment,128,0.9,200000,1444,180000,early_mask_fragment,2,CTE,3,21.0105,36.767100000000006,20.030900000000003,36.767100000000006,0,0,sha256:1a43e0ddf8cc02438cc76d27ba1cce86da34109d2e43dcc8ed7c9d581b95b39d
mask_fragment-n200000-w128-m0900-s1444,mask_fragment,128,0.9,200000,1444,180000,early_mask_fragment,3,PROJECTION,3,780.2024,827.8402999999998,728.8517999999999,827.8402999999998,200000,0,sha256:1a43e0ddf8cc02438cc76d27ba1cce86da34109d2e43dcc8ed7c9d581b95b39d
mask_fragment-n200000-w128-m0900-s1444,mask_fragment,128,0.9,200000,1444,180000,early_mask_fragment,4,SEQ_SCAN,3,13.004099999999998,14.132199999999997,12.8267,14.132199999999997,200000,200000,sha256:1a43e0ddf8cc02438cc76d27ba1cce86da34109d2e43dcc8ed7c9d581b95b39d
mask_fragment-n200000-w128-m0900-s1444,mask_fragment,128,0.9,200000,1444,180000,early_mask_fragment,5,PROJECTION,3,0.9114000000000003,1.2005000000000001,0.8983,1.2005000000000001,180000,0,sha256:1a43e0ddf8cc02438cc76d27ba1cce86da34109d2e43dcc8ed7c9d581b95b39d
mask_fragment-n200000-w128-m0900-s1444,mask_fragment,128,0.9,200000,1444,180000,early_mask_fragment,6,ORDER_BY,3,151.10240000000002,177.97449999999998,130.43120000000002,177.97449999999998,180000,0,sha256:1a43e0ddf8cc02438cc76d27ba1cce86da34109d2e43dcc8ed7c9d581b95b39d
mask_fragment-n200000-w128-m0900-s1444,mask_fragment,128,0.9,200000,1444,180000,early_mask_fragment,7,PROJECTION,3,0.5279,0.6345000000000001,0.36910000000000004,0.6345000000000001,180000,0,sha256:1a43e0ddf8cc02438cc76d27ba1cce86da34109d2e43dcc8ed7c9d581b95b39d
mask_fragment-n200000-w128-m0900-s1444,mask_fragment,128,0.9,200000,1444,180000,early_mask_fragment,8,HASH_JOIN,3,10.2783,14.7531,9.1566,14.7531,180000,0,sha256:1a43e0ddf8cc02438cc76d27ba1cce86da34109d2e43dcc8ed7c9d581b95b39d
mask_fragment-n200000-w128-m0900-s1444,mask_fragment,128,0.9,200000,1444,180000,early_mask_fragment,9,CTE_SCAN,3,0.6738999999999998,1.0856000000000001,0.4917999999999999,1.0856000000000001,200000,0,sha256:1a43e0ddf8cc02438cc76d27ba1cce86da34109d2e43dcc8ed7c9d581b95b39d
mask_fragment-n200000-w128-m0900-s1444,mask_fragment,128,0.9,200000,1444,180000,early_mask_fragment,10,SEQ_SCAN,3,0.0654,0.37620000000000003,0.026699999999999998,0.37620000000000003,10000,10000,sha256:1a43e0ddf8cc02438cc76d27ba1cce86da34109d2e43dcc8ed7c9d581b95b39d
mask_fragment-n200000-w128-m0900-s1444,mask_fragment,128,0.9,200000,1444,180000,late_mask_fragment,0,EXPLAIN_ANALYZE,3,0.00019999999999999998,0.00019999999999999998,9.999999999999999e-05,0.00019999999999999998,0,0,sha256:18bd7fb3b6d02ff88c53bf4a74124c631590d7e276f031a9034dc7f9cb857902
mask_fragment-n200000-w128-m0900-s1444,mask_fragment,128,0.9,200000,1444,180000,late_mask_fragment,1,BATCH_CREATE_TABLE_AS,3,23.650499999999994,24.658099999999997,19.4344,24.658099999999997,1,0,sha256:18bd7fb3b6d02ff88c53bf4a74124c631590d7e276f031a9034dc7f9cb857902
mask_fragment-n200000-w128-m0900-s1444,mask_fragment,128,0.9,200000,1444,180000,late_mask_fragment,2,PROJECTION,3,1.1171,1.4482,0.8714000000000001,1.4482,180000,0,sha256:18bd7fb3b6d02ff88c53bf4a74124c631590d7e276f031a9034dc7f9cb857902
mask_fragment-n200000-w128-m0900-s1444,mask_fragment,128,0.9,200000,1444,180000,late_mask_fragment,3,ORDER_BY,3,139.9837,158.7096,122.2822,158.7096,180000,0,sha256:18bd7fb3b6d02ff88c53bf4a74124c631590d7e276f031a9034dc7f9cb857902
mask_fragment-n200000-w128-m0900-s1444,mask_fragment,128,0.9,200000,1444,180000,late_mask_fragment,4,PROJECTION,3,4.347099999999999,4.3585,3.3038999999999996,4.3585,180000,0,sha256:18bd7fb3b6d02ff88c53bf4a74124c631590d7e276f031a9034dc7f9cb857902
mask_fragment-n200000-w128-m0900-s1444,mask_fragment,128,0.9,200000,1444,180000,late_mask_fragment,5,PROJECTION,3,674.0271,708.3774999999998,610.241,708.3774999999998,180000,0,sha256:18bd7fb3b6d02ff88c53bf4a74124c631590d7e276f031a9034dc7f9cb857902
mask_fragment-n200000-w128-m0900-s1444,mask_fragment,128,0.9,200000,1444,180000,late_mask_fragment,6,HASH_JOIN,3,2.3690000000000007,2.3713,2.3487999999999998,2.3713,180000,0,sha256:18bd7fb3b6d02ff88c53bf4a74124c631590d7e276f031a9034dc7f9cb857902
mask_fragment-n200000-w128-m0900-s1444,mask_fragment,128,0.9,200000,1444,180000,late_mask_fragment,7,SEQ_SCAN,3,10.1273,11.444600000000003,10.120699999999996,11.444600000000003,180000,200000,sha256:18bd7fb3b6d02ff88c53bf4a74124c631590d7e276f031a9034dc7f9cb857902
mask_fragment-n200000-w128-m0900-s1444,mask_fragment,128,0.9,200000,1444,180000,late_mask_fragment,8,SEQ_SCAN,3,0.0371,0.07289999999999999,0.027399999999999994,0.07289999999999999,10000,10000,sha256:18bd7fb3b6d02ff88c53bf4a74124c631590d7e276f031a9034dc7f9cb857902
mask_fragment-n200000-w128-m0900-s1555,mask_fragment,128,0.9,200000,1555,180000,early_mask_fragment,0,EXPLAIN_ANALYZE,3,0.0003,0.0003,0.00019999999999999998,0.0003,0,0,sha256:1a43e0ddf8cc02438cc76d27ba1cce86da34109d2e43dcc8ed7c9d581b95b39d
mask_fragment-n200000-w128-m0900-s1555,mask_fragment,128,0.9,200000,1555,180000,early_mask_fragment,1,BATCH_CREATE_TABLE_AS,3,34.497699999999995,43.020100000000006,26.549000000000003,43.020100000000006,1,0,sha256:1a43e0ddf8cc02438cc76d27ba1cce86da34109d2e43dcc8ed7c9d581b95b39d
mask_fragment-n200000-w128-m0900-s1555,mask_fragment,128,0.9,200000,1555,180000,early_mask_fragment,2,CTE,3,25.8981,34.15220000000001,22.761499999999998,34.15220000000001,0,0,sha256:1a43e0ddf8cc02438cc76d27ba1cce86da34109d2e43dcc8ed7c9d581b95b39d
mask_fragment-n200000-w128-m0900-s1555,mask_fragment,128,0.9,200000,1555,180000,early_mask_fragment,3,PROJECTION,3,868.3811999999999,875.9784000000001,716.2776,875.9784000000001,200000,0,sha256:1a43e0ddf8cc02438cc76d27ba1cce86da34109d2e43dcc8ed7c9d581b95b39d
mask_fragment-n200000-w128-m0900-s1555,mask_fragment,128,0.9,200000,1555,180000,early_mask_fragment,4,SEQ_SCAN,3,12.462899999999998,15.115299999999998,12.145799999999998,15.115299999999998,200000,200000,sha256:1a43e0ddf8cc02438cc76d27ba1cce86da34109d2e43dcc8ed7c9d581b95b39d
mask_fragment-n200000-w128-m0900-s1555,mask_fragment,128,0.9,200000,1555,180000,early_mask_fragment,5,PROJECTION,3,1.1401000000000001,1.1973,0.9297999999999997,1.1973,180000,0,sha256:1a43e0ddf8cc02438cc76d27ba1cce86da34109d2e43dcc8ed7c9d581b95b39d
mask_fragment-n200000-w128-m0900-s1555,mask_fragment,128,0.9,200000,1555,180000,early_mask_fragment,6,ORDER_BY,3,184.8535,222.92899999999997,166.9059,222.92899999999997,180000,0,sha256:1a43e0ddf8cc02438cc76d27ba1cce86da34109d2e43dcc8ed7c9d581b95b39d
mask_fragment-n200000-w128-m0900-s1555,mask_fragment,128,0.9,200000,1555,180000,early_mask_fragment,7,PROJECTION,3,0.6949,0.7854,0.48760000000000003,0.7854,180000,0,sha256:1a43e0ddf8cc02438cc76d27ba1cce86da34109d2e43dcc8ed7c9d581b95b39d
mask_fragment-n200000-w128-m0900-s1555,mask_fragment,128,0.9,200000,1555,180000,early_mask_fragment,8,HASH_JOIN,3,20.650199999999998,23.8779,14.093600000000002,23.8779,180000,0,sha256:1a43e0ddf8cc02438cc76d27ba1cce86da34109d2e43dcc8ed7c9d581b95b39d
mask_fragment-n200000-w128-m0900-s1555,mask_fragment,128,0.9,200000,1555,180000,early_mask_fragment,9,CTE_SCAN,3,0.9007999999999998,2.5056999999999996,0.8704000000000002,2.5056999999999996,200000,0,sha256:1a43e0ddf8cc02438cc76d27ba1cce86da34109d2e43dcc8ed7c9d581b95b39d
mask_fragment-n200000-w128-m0900-s1555,mask_fragment,128,0.9,200000,1555,180000,early_mask_fragment,10,SEQ_SCAN,3,0.07160000000000001,0.11769999999999999,0.0318,0.11769999999999999,10000,10000,sha256:1a43e0ddf8cc02438cc76d27ba1cce86da34109d2e43dcc8ed7c9d581b95b39d
mask_fragment-n200000-w128-m0900-s1555,mask_fragment,128,0.9,200000,1555,180000,late_mask_fragment,0,EXPLAIN_ANALYZE,3,0.0003,0.0006,0.00019999999999999998,0.0006,0,0,sha256:18bd7fb3b6d02ff88c53bf4a74124c631590d7e276f031a9034dc7f9cb857902
mask_fragment-n200000-w128-m0900-s1555,mask_fragment,128,0.9,200000,1555,180000,late_mask_fragment,1,BATCH_CREATE_TABLE_AS,3,24.646999999999995,32.739000000000004,23.685100000000006,32.739000000000004,1,0,sha256:18bd7fb3b6d02ff88c53bf4a74124c631590d7e276f031a9034dc7f9cb857902
mask_fragment-n200000-w128-m0900-s1555,mask_fragment,128,0.9,200000,1555,180000,late_mask_fragment,2,PROJECTION,3,1.2519,1.9993999999999996,1.2046000000000001,1.9993999999999996,180000,0,sha256:18bd7fb3b6d02ff88c53bf4a74124c631590d7e276f031a9034dc7f9cb857902
mask_fragment-n200000-w128-m0900-s1555,mask_fragment,128,0.9,200000,1555,180000,late_mask_fragment,3,ORDER_BY,3,201.95450000000002,226.05210000000002,185.55490000000003,226.05210000000002,180000,0,sha256:18bd7fb3b6d02ff88c53bf4a74124c631590d7e276f031a9034dc7f9cb857902
mask_fragment-n200000-w128-m0900-s1555,mask_fragment,128,0.9,200000,1555,180000,late_mask_fragment,4,PROJECTION,3,5.6551,5.871800000000001,5.107799999999999,5.871800000000001,180000,0,sha256:18bd7fb3b6d02ff88c53bf4a74124c631590d7e276f031a9034dc7f9cb857902
mask_fragment-n200000-w128-m0900-s1555,mask_fragment,128,0.9,200000,1555,180000,late_mask_fragment,5,PROJECTION,3,1235.8935,1944.9199,1079.2435999999998,1944.9199,180000,0,sha256:18bd7fb3b6d02ff88c53bf4a74124c631590d7e276f031a9034dc7f9cb857902
mask_fragment-n200000-w128-m0900-s1555,mask_fragment,128,0.9,200000,1555,180000,late_mask_fragment,6,HASH_JOIN,3,2.8707,3.4897,2.8392,3.4897,180000,0,sha256:18bd7fb3b6d02ff88c53bf4a74124c631590d7e276f031a9034dc7f9cb857902
mask_fragment-n200000-w128-m0900-s1555,mask_fragment,128,0.9,200000,1555,180000,late_mask_fragment,7,SEQ_SCAN,3,17.0219,21.202000000000005,12.569400000000002,21.202000000000005,180000,200000,sha256:18bd7fb3b6d02ff88c53bf4a74124c631590d7e276f031a9034dc7f9cb857902
mask_fragment-n200000-w128-m0900-s1555,mask_fragment,128,0.9,200000,1555,180000,late_mask_fragment,8,SEQ_SCAN,3,0.0328,0.0416,0.032200000000000006,0.0416,10000,10000,sha256:18bd7fb3b6d02ff88c53bf4a74124c631590d7e276f031a9034dc7f9cb857902
mask_fragment-n200000-w128-m1000-s1111,mask_fragment,128,1.0,200000,1111,200000,early_mask_fragment,0,EXPLAIN_ANALYZE,3,0.0003,0.0003,0.00019999999999999998,0.0003,0,0,sha256:1a43e0ddf8cc02438cc76d27ba1cce86da34109d2e43dcc8ed7c9d581b95b39d
mask_fragment-n200000-w128-m1000-s1111,mask_fragment,128,1.0,200000,1111,200000,early_mask_fragment,1,BATCH_CREATE_TABLE_AS,3,30.68989999999999,41.53089999999999,30.6291,41.53089999999999,1,0,sha256:1a43e0ddf8cc02438cc76d27ba1cce86da34109d2e43dcc8ed7c9d581b95b39d
mask_fragment-n200000-w128-m1000-s1111,mask_fragment,128,1.0,200000,1111,200000,early_mask_fragment,2,CTE,3,26.945500000000003,31.95519999999999,21.511,31.95519999999999,0,0,sha256:1a43e0ddf8cc02438cc76d27ba1cce86da34109d2e43dcc8ed7c9d581b95b39d
mask_fragment-n200000-w128-m1000-s1111,mask_fragment,128,1.0,200000,1111,200000,early_mask_fragment,3,PROJECTION,3,837.5063,922.9311000000002,675.1897,922.9311000000002,200000,0,sha256:1a43e0ddf8cc02438cc76d27ba1cce86da34109d2e43dcc8ed7c9d581b95b39d
mask_fragment-n200000-w128-m1000-s1111,mask_fragment,128,1.0,200000,1111,200000,early_mask_fragment,4,SEQ_SCAN,3,11.8313,12.6059,10.2018,12.6059,200000,200000,sha256:1a43e0ddf8cc02438cc76d27ba1cce86da34109d2e43dcc8ed7c9d581b95b39d
mask_fragment-n200000-w128-m1000-s1111,mask_fragment,128,1.0,200000,1111,200000,early_mask_fragment,5,PROJECTION,3,1.2451,1.3377,0.9817,1.3377,200000,0,sha256:1a43e0ddf8cc02438cc76d27ba1cce86da34109d2e43dcc8ed7c9d581b95b39d
mask_fragment-n200000-w128-m1000-s1111,mask_fragment,128,1.0,200000,1111,200000,early_mask_fragment,6,ORDER_BY,3,176.48,222.91860000000005,175.30390000000006,222.91860000000005,200000,0,sha256:1a43e0ddf8cc02438cc76d27ba1cce86da34109d2e43dcc8ed7c9d581b95b39d
mask_fragment-n200000-w128-m1000-s1111,mask_fragment,128,1.0,200000,1111,200000,early_mask_fragment,7,PROJECTION,3,0.48719999999999997,2.6959,0.47800000000000004,2.6959,200000,0,sha256:1a43e0ddf8cc02438cc76d27ba1cce86da34109d2e43dcc8ed7c9d581b95b39d
mask_fragment-n200000-w128-m1000-s1111,mask_fragment,128,1.0,200000,1111,200000,early_mask_fragment,8,HASH_JOIN,3,15.627499999999996,18.3532,14.492899999999995,18.3532,200000,0,sha256:1a43e0ddf8cc02438cc76d27ba1cce86da34109d2e43dcc8ed7c9d581b95b39d
mask_fragment-n200000-w128-m1000-s1111,mask_fragment,128,1.0,200000,1111,200000,early_mask_fragment,9,CTE_SCAN,3,0.9518000000000001,1.2219000000000002,0.6825,1.2219000000000002,200000,0,sha256:1a43e0ddf8cc02438cc76d27ba1cce86da34109d2e43dcc8ed7c9d581b95b39d
mask_fragment-n200000-w128-m1000-s1111,mask_fragment,128,1.0,200000,1111,200000,early_mask_fragment,10,SEQ_SCAN,3,0.0335,0.0508,0.0248,0.0508,10000,10000,sha256:1a43e0ddf8cc02438cc76d27ba1cce86da34109d2e43dcc8ed7c9d581b95b39d
mask_fragment-n200000-w128-m1000-s1111,mask_fragment,128,1.0,200000,1111,200000,late_mask_fragment,0,EXPLAIN_ANALYZE,3,0.0003,0.0007999999999999999,0.0003,0.0007999999999999999,0,0,sha256:92b825cb6ca6efd8c921ae328d9dcd567e5fc1cecda65d185180a168e33b45c9
mask_fragment-n200000-w128-m1000-s1111,mask_fragment,128,1.0,200000,1111,200000,late_mask_fragment,1,BATCH_CREATE_TABLE_AS,3,40.697900000000004,41.10829999999997,37.80769999999999,41.10829999999997,1,0,sha256:92b825cb6ca6efd8c921ae328d9dcd567e5fc1cecda65d185180a168e33b45c9
mask_fragment-n200000-w128-m1000-s1111,mask_fragment,128,1.0,200000,1111,200000,late_mask_fragment,2,PROJECTION,3,2.6778,3.696399999999999,2.3191,3.696399999999999,200000,0,sha256:92b825cb6ca6efd8c921ae328d9dcd567e5fc1cecda65d185180a168e33b45c9
mask_fragment-n200000-w128-m1000-s1111,mask_fragment,128,1.0,200000,1111,200000,late_mask_fragment,3,ORDER_BY,3,213.76869999999997,220.37990000000002,211.0226,220.37990000000002,200000,0,sha256:92b825cb6ca6efd8c921ae328d9dcd567e5fc1cecda65d185180a168e33b45c9
mask_fragment-n200000-w128-m1000-s1111,mask_fragment,128,1.0,200000,1111,200000,late_mask_fragment,4,PROJECTION,3,6.101399999999997,7.702999999999998,4.1536,7.702999999999998,200000,0,sha256:92b825cb6ca6efd8c921ae328d9dcd567e5fc1cecda65d185180a168e33b45c9
mask_fragment-n200000-w128-m1000-s1111,mask_fragment,128,1.0,200000,1111,200000,late_mask_fragment,5,PROJECTION,3,1067.069,2065.8543000000004,929.9707999999999,2065.8543000000004,200000,0,sha256:92b825cb6ca6efd8c921ae328d9dcd567e5fc1cecda65d185180a168e33b45c9
mask_fragment-n200000-w128-m1000-s1111,mask_fragment,128,1.0,200000,1111,200000,late_mask_fragment,6,HASH_JOIN,3,3.3664,3.921299999999999,3.3491999999999993,3.921299999999999,200000,0,sha256:92b825cb6ca6efd8c921ae328d9dcd567e5fc1cecda65d185180a168e33b45c9
mask_fragment-n200000-w128-m1000-s1111,mask_fragment,128,1.0,200000,1111,200000,late_mask_fragment,7,SEQ_SCAN,3,13.884300000000001,21.44279999999999,12.965100000000001,21.44279999999999,200000,200000,sha256:92b825cb6ca6efd8c921ae328d9dcd567e5fc1cecda65d185180a168e33b45c9
mask_fragment-n200000-w128-m1000-s1111,mask_fragment,128,1.0,200000,1111,200000,late_mask_fragment,8,SEQ_SCAN,3,0.032600000000000004,0.042199999999999994,0.032600000000000004,0.042199999999999994,10000,10000,sha256:92b825cb6ca6efd8c921ae328d9dcd567e5fc1cecda65d185180a168e33b45c9
mask_fragment-n200000-w128-m1000-s1222,mask_fragment,128,1.0,200000,1222,200000,early_mask_fragment,0,EXPLAIN_ANALYZE,3,0.0003,0.0012,0.00019999999999999998,0.0012,0,0,sha256:1a43e0ddf8cc02438cc76d27ba1cce86da34109d2e43dcc8ed7c9d581b95b39d
mask_fragment-n200000-w128-m1000-s1222,mask_fragment,128,1.0,200000,1222,200000,early_mask_fragment,1,BATCH_CREATE_TABLE_AS,3,23.0595,32.904800000000016,22.273099999999996,32.904800000000016,1,0,sha256:1a43e0ddf8cc02438cc76d27ba1cce86da34109d2e43dcc8ed7c9d581b95b39d
mask_fragment-n200000-w128-m1000-s1222,mask_fragment,128,1.0,200000,1222,200000,early_mask_fragment,2,CTE,3,21.498500000000003,33.738299999999995,20.4851,33.738299999999995,0,0,sha256:1a43e0ddf8cc02438cc76d27ba1cce86da34109d2e43dcc8ed7c9d581b95b39d
mask_fragment-n200000-w128-m1000-s1222,mask_fragment,128,1.0,200000,1222,200000,early_mask_fragment,3,PROJECTION,3,773.6796999999999,784.7238000000001,761.7281,784.7238000000001,200000,0,sha256:1a43e0ddf8cc02438cc76d27ba1cce86da34109d2e43dcc8ed7c9d581b95b39d
mask_fragment-n200000-w128-m1000-s1222,mask_fragment,128,1.0,200000,1222,200000,early_mask_fragment,4,SEQ_SCAN,3,13.688099999999999,14.632699999999998,10.187599999999998,14.632699999999998,200000,200000,sha256:1a43e0ddf8cc02438cc76d27ba1cce86da34109d2e43dcc8ed7c9d581b95b39d
mask_fragment-n200000-w128-m1000-s1222,mask_fragment,128,1.0,200000,1222,200000,early_mask_fragment,5,PROJECTION,3,1.016,1.5475999999999996,0.9505000000000001,1.5475999999999996,200000,0,sha256:1a43e0ddf8cc02438cc76d27ba1cce86da34109d2e43dcc8ed7c9d581b95b39d
mask_fragment-n200000-w128-m1000-s1222,mask_fragment,128,1.0,200000,1222,200000,early_mask_fragment,6,ORDER_BY,3,155.4139,175.29029999999995,153.53290000000004,175.29029999999995,200000,0,sha256:1a43e0ddf8cc02438cc76d27ba1cce86da34109d2e43dcc8ed7c9d581b95b39d
mask_fragment-n200000-w128-m1000-s1222,mask_fragment,128,1.0,200000,1222,200000,early_mask_fragment,7,PROJECTION,3,0.49879999999999997,0.6837,0.4598,0.6837,200000,0,sha256:1a43e0ddf8cc02438cc76d27ba1cce86da34109d2e43dcc8ed7c9d581b95b39d
mask_fragment-n200000-w128-m1000-s1222,mask_fragment,128,1.0,200000,1222,200000,early_mask_fragment,8,HASH_JOIN,3,9.962499999999997,10.108199999999998,9.801599999999999,10.108199999999998,200000,0,sha256:1a43e0ddf8cc02438cc76d27ba1cce86da34109d2e43dcc8ed7c9d581b95b39d
mask_fragment-n200000-w128-m1000-s1222,mask_fragment,128,1.0,200000,1222,200000,early_mask_fragment,9,CTE_SCAN,3,0.5407000000000001,0.6796000000000001,0.5213,0.6796000000000001,200000,0,sha256:1a43e0ddf8cc02438cc76d27ba1cce86da34109d2e43dcc8ed7c9d581b95b39d
mask_fragment-n200000-w128-m1000-s1222,mask_fragment,128,1.0,200000,1222,200000,early_mask_fragment,10,SEQ_SCAN,3,0.0297,0.03520000000000001,0.022600000000000002,0.03520000000000001,10000,10000,sha256:1a43e0ddf8cc02438cc76d27ba1cce86da34109d2e43dcc8ed7c9d581b95b39d
mask_fragment-n200000-w128-m1000-s1222,mask_fragment,128,1.0,200000,1222,200000,late_mask_fragment,0,EXPLAIN_ANALYZE,3,0.0003,0.00039999999999999996,0.00019999999999999998,0.00039999999999999996,0,0,sha256:92b825cb6ca6efd8c921ae328d9dcd567e5fc1cecda65d185180a168e33b45c9
mask_fragment-n200000-w128-m1000-s1222,mask_fragment,128,1.0,200000,1222,200000,late_mask_fragment,1,BATCH_CREATE_TABLE_AS,3,30.165300000000013,37.494299999999996,27.397400000000008,37.494299999999996,1,0,sha256:92b825cb6ca6efd8c921ae328d9dcd567e5fc1cecda65d185180a168e33b45c9
mask_fragment-n200000-w128-m1000-s1222,mask_fragment,128,1.0,200000,1222,200000,late_mask_fragment,2,PROJECTION,3,1.7045999999999997,2.1758,1.5167999999999993,2.1758,200000,0,sha256:92b825cb6ca6efd8c921ae328d9dcd567e5fc1cecda65d185180a168e33b45c9
mask_fragment-n200000-w128-m1000-s1222,mask_fragment,128,1.0,200000,1222,200000,late_mask_fragment,3,ORDER_BY,3,176.05449999999996,198.88439999999997,162.1981,198.88439999999997,200000,0,sha256:92b825cb6ca6efd8c921ae328d9dcd567e5fc1cecda65d185180a168e33b45c9
mask_fragment-n200000-w128-m1000-s1222,mask_fragment,128,1.0,200000,1222,200000,late_mask_fragment,4,PROJECTION,3,6.524500000000001,6.576199999999999,4.412100000000001,6.576199999999999,200000,0,sha256:92b825cb6ca6efd8c921ae328d9dcd567e5fc1cecda65d185180a168e33b45c9
mask_fragment-n200000-w128-m1000-s1222,mask_fragment,128,1.0,200000,1222,200000,late_mask_fragment,5,PROJECTION,3,790.1493000000002,1548.8559,772.0161,1548.8559,200000,0,sha256:92b825cb6ca6efd8c921ae328d9dcd567e5fc1cecda65d185180a168e33b45c9
mask_fragment-n200000-w128-m1000-s1222,mask_fragment,128,1.0,200000,1222,200000,late_mask_fragment,6,HASH_JOIN,3,3.5272,3.5739,2.8110999999999997,3.5739,200000,0,sha256:92b825cb6ca6efd8c921ae328d9dcd567e5fc1cecda65d185180a168e33b45c9
mask_fragment-n200000-w128-m1000-s1222,mask_fragment,128,1.0,200000,1222,200000,late_mask_fragment,7,SEQ_SCAN,3,11.540099999999994,12.676000000000004,10.8038,12.676000000000004,200000,200000,sha256:92b825cb6ca6efd8c921ae328d9dcd567e5fc1cecda65d185180a168e33b45c9
mask_fragment-n200000-w128-m1000-s1222,mask_fragment,128,1.0,200000,1222,200000,late_mask_fragment,8,SEQ_SCAN,3,0.038099999999999995,0.1546,0.0332,0.1546,10000,10000,sha256:92b825cb6ca6efd8c921ae328d9dcd567e5fc1cecda65d185180a168e33b45c9
mask_fragment-n200000-w128-m1000-s1333,mask_fragment,128,1.0,200000,1333,200000,early_mask_fragment,0,EXPLAIN_ANALYZE,3,0.0003,0.0003,0.0003,0.0003,0,0,sha256:1a43e0ddf8cc02438cc76d27ba1cce86da34109d2e43dcc8ed7c9d581b95b39d
mask_fragment-n200000-w128-m1000-s1333,mask_fragment,128,1.0,200000,1333,200000,early_mask_fragment,1,BATCH_CREATE_TABLE_AS,3,34.2464,40.53229999999998,23.9944,40.53229999999998,1,0,sha256:1a43e0ddf8cc02438cc76d27ba1cce86da34109d2e43dcc8ed7c9d581b95b39d
mask_fragment-n200000-w128-m1000-s1333,mask_fragment,128,1.0,200000,1333,200000,early_mask_fragment,2,CTE,3,27.98599999999999,40.0425,21.71,40.0425,0,0,sha256:1a43e0ddf8cc02438cc76d27ba1cce86da34109d2e43dcc8ed7c9d581b95b39d
mask_fragment-n200000-w128-m1000-s1333,mask_fragment,128,1.0,200000,1333,200000,early_mask_fragment,3,PROJECTION,3,927.2035,1427.9103000000002,791.6078,1427.9103000000002,200000,0,sha256:1a43e0ddf8cc02438cc76d27ba1cce86da34109d2e43dcc8ed7c9d581b95b39d
mask_fragment-n200000-w128-m1000-s1333,mask_fragment,128,1.0,200000,1333,200000,early_mask_fragment,4,SEQ_SCAN,3,12.085699999999997,22.7592,11.212399999999999,22.7592,200000,200000,sha256:1a43e0ddf8cc02438cc76d27ba1cce86da34109d2e43dcc8ed7c9d581b95b39d
mask_fragment-n200000-w128-m1000-s1333,mask_fragment,128,1.0,200000,1333,200000,early_mask_fragment,5,PROJECTION,3,1.1776999999999997,1.2020000000000002,0.9465000000000003,1.2020000000000002,200000,0,sha256:1a43e0ddf8cc02438cc76d27ba1cce86da34109d2e43dcc8ed7c9d581b95b39d
mask_fragment-n200000-w128-m1000-s1333,mask_fragment,128,1.0,200000,1333,200000,early_mask_fragment,6,ORDER_BY,3,186.24949999999998,208.3174,166.65089999999998,208.3174,200000,0,sha256:1a43e0ddf8cc02438cc76d27ba1cce86da34109d2e43dcc8ed7c9d581b95b39d
mask_fragment-n200000-w128-m1000-s1333,mask_fragment,128,1.0,200000,1333,200000,early_mask_fragment,7,PROJECTION,3,0.4968,0.7777,0.4742,0.7777,200000,0,sha256:1a43e0ddf8cc02438cc76d27ba1cce86da34109d2e43dcc8ed7c9d581b95b39d
mask_fragment-n200000-w128-m1000-s1333,mask_fragment,128,1.0,200000,1333,200000,early_mask_fragment,8,HASH_JOIN,3,11.252199999999998,19.49299999999999,10.588000000000001,19.49299999999999,200000,0,sha256:1a43e0ddf8cc02438cc76d27ba1cce86da34109d2e43dcc8ed7c9d581b95b39d
mask_fragment-n200000-w128-m1000-s1333,mask_fragment,128,1.0,200000,1333,200000,early_mask_fragment,9,CTE_SCAN,3,0.9261000000000001,1.1684999999999999,0.7185999999999998,1.1684999999999999,200000,0,sha256:1a43e0ddf8cc02438cc76d27ba1cce86da34109d2e43dcc8ed7c9d581b95b39d
mask_fragment-n200000-w128-m1000-s1333,mask_fragment,128,1.0,200000,1333,200000,early_mask_fragment,10,SEQ_SCAN,3,0.055,0.0581,0.0285,0.0581,10000,10000,sha256:1a43e0ddf8cc02438cc76d27ba1cce86da34109d2e43dcc8ed7c9d581b95b39d
mask_fragment-n200000-w128-m1000-s1333,mask_fragment,128,1.0,200000,1333,200000,late_mask_fragment,0,EXPLAIN_ANALYZE,3,0.0003,0.0003,0.00019999999999999998,0.0003,0,0,sha256:92b825cb6ca6efd8c921ae328d9dcd567e5fc1cecda65d185180a168e33b45c9
mask_fragment-n200000-w128-m1000-s1333,mask_fragment,128,1.0,200000,1333,200000,late_mask_fragment,1,BATCH_CREATE_TABLE_AS,3,26.592800000000008,29.811699999999995,23.417399999999994,29.811699999999995,1,0,sha256:92b825cb6ca6efd8c921ae328d9dcd567e5fc1cecda65d185180a168e33b45c9
mask_fragment-n200000-w128-m1000-s1333,mask_fragment,128,1.0,200000,1333,200000,late_mask_fragment,2,PROJECTION,3,1.4549999999999998,1.8310999999999997,1.4304000000000001,1.8310999999999997,200000,0,sha256:92b825cb6ca6efd8c921ae328d9dcd567e5fc1cecda65d185180a168e33b45c9
mask_fragment-n200000-w128-m1000-s1333,mask_fragment,128,1.0,200000,1333,200000,late_mask_fragment,3,ORDER_BY,3,170.7728,171.69099999999997,165.2138,171.69099999999997,200000,0,sha256:92b825cb6ca6efd8c921ae328d9dcd567e5fc1cecda65d185180a168e33b45c9
mask_fragment-n200000-w128-m1000-s1333,mask_fragment,128,1.0,200000,1333,200000,late_mask_fragment,4,PROJECTION,3,4.467099999999999,4.4978,3.7452,4.4978,200000,0,sha256:92b825cb6ca6efd8c921ae328d9dcd567e5fc1cecda65d185180a168e33b45c9
mask_fragment-n200000-w128-m1000-s1333,mask_fragment,128,1.0,200000,1333,200000,late_mask_fragment,5,PROJECTION,3,840.9141999999999,910.5432999999998,697.7957999999999,910.5432999999998,200000,0,sha256:92b825cb6ca6efd8c921ae328d9dcd567e5fc1cecda65d185180a168e33b45c9
mask_fragment-n200000-w128-m1000-s1333,mask_fragment,128,1.0,200000,1333,200000,late_mask_fragment,6,HASH_JOIN,3,2.7851999999999997,3.1601000000000004,2.5808000000000004,3.1601000000000004,200000,0,sha256:92b825cb6ca6efd8c921ae328d9dcd567e5fc1cecda65d185180a168e33b45c9
mask_fragment-n200000-w128-m1000-s1333,mask_fragment,128,1.0,200000,1333,200000,late_mask_fragment,7,SEQ_SCAN,3,12.996099999999998,13.471600000000004,12.3499,13.471600000000004,200000,200000,sha256:92b825cb6ca6efd8c921ae328d9dcd567e5fc1cecda65d185180a168e33b45c9
mask_fragment-n200000-w128-m1000-s1333,mask_fragment,128,1.0,200000,1333,200000,late_mask_fragment,8,SEQ_SCAN,3,0.0287,0.08590000000000002,0.0276,0.08590000000000002,10000,10000,sha256:92b825cb6ca6efd8c921ae328d9dcd567e5fc1cecda65d185180a168e33b45c9
mask_fragment-n200000-w128-m1000-s1444,mask_fragment,128,1.0,200000,1444,200000,early_mask_fragment,0,EXPLAIN_ANALYZE,3,0.0003,0.0015,0.00019999999999999998,0.0015,0,0,sha256:1a43e0ddf8cc02438cc76d27ba1cce86da34109d2e43dcc8ed7c9d581b95b39d
mask_fragment-n200000-w128-m1000-s1444,mask_fragment,128,1.0,200000,1444,200000,early_mask_fragment,1,BATCH_CREATE_TABLE_AS,3,32.3173,53.33299999999999,30.798900000000003,53.33299999999999,1,0,sha256:1a43e0ddf8cc02438cc76d27ba1cce86da34109d2e43dcc8ed7c9d581b95b39d
mask_fragment-n200000-w128-m1000-s1444,mask_fragment,128,1.0,200000,1444,200000,early_mask_fragment,2,CTE,3,23.450599999999994,35.440200000000004,22.9431,35.440200000000004,0,0,sha256:1a43e0ddf8cc02438cc76d27ba1cce86da34109d2e43dcc8ed7c9d581b95b39d
mask_fragment-n200000-w128-m1000-s1444,mask_fragment,128,1.0,200000,1444,200000,early_mask_fragment,3,PROJECTION,3,955.6487,995.6071000000002,884.1890999999999,995.6071000000002,200000,0,sha256:1a43e0ddf8cc02438cc76d27ba1cce86da34109d2e43dcc8ed7c9d581b95b39d
mask_fragment-n200000-w128-m1000-s1444,mask_fragment,128,1.0,200000,1444,200000,early_mask_fragment,4,SEQ_SCAN,3,14.7619,17.9564,13.184700000000001,17.9564,200000,200000,sha256:1a43e0ddf8cc02438cc76d27ba1cce86da34109d2e43dcc8ed7c9d581b95b39d
mask_fragment-n200000-w128-m1000-s1444,mask_fragment,128,1.0,200000,1444,200000,early_mask_fragment,5,PROJECTION,3,1.1591999999999998,1.3969999999999998,1.0873,1.3969999999999998,200000,0,sha256:1a43e0ddf8cc02438cc76d27ba1cce86da34109d2e43dcc8ed7c9d581b95b39d
mask_fragment-n200000-w128-m1000-s1444,mask_fragment,128,1.0,200000,1444,200000,early_mask_fragment,6,ORDER_BY,3,237.5537,245.1081,206.7711,245.1081,200000,0,sha256:1a43e0ddf8cc02438cc76d27ba1cce86da34109d2e43dcc8ed7c9d581b95b39d
mask_fragment-n200000-w128-m1000-s1444,mask_fragment,128,1.0,200000,1444,200000,early_mask_fragment,7,PROJECTION,3,0.669,0.8066999999999996,0.48310000000000003,0.8066999999999996,200000,0,sha256:1a43e0ddf8cc02438cc76d27ba1cce86da34109d2e43dcc8ed7c9d581b95b39d
mask_fragment-n200000-w128-m1000-s1444,mask_fragment,128,1.0,200000,1444,200000,early_mask_fragment,8,HASH_JOIN,3,11.607,26.532499999999995,10.054199999999998,26.532499999999995,200000,0,sha256:1a43e0ddf8cc02438cc76d27ba1cce86da34109d2e43dcc8ed7c9d581b95b39d
mask_fragment-n200000-w128-m1000-s1444,mask_fragment,128,1.0,200000,1444,200000,early_mask_fragment,9,CTE_SCAN,3,0.6815,0.9874999999999999,0.5608,0.9874999999999999,200000,0,sha256:1a43e0ddf8cc02438cc76d27ba1cce86da34109d2e43dcc8ed7c9d581b95b39d
mask_fragment-n200000-w128-m1000-s1444,mask_fragment,128,1.0,200000,1444,200000,early_mask_fragment,10,SEQ_SCAN,3,0.0585,0.06489999999999999,0.0293,0.06489999999999999,10000,10000,sha256:1a43e0ddf8cc02438cc76d27ba1cce86da34109d2e43dcc8ed7c9d581b95b39d
mask_fragment-n200000-w128-m1000-s1444,mask_fragment,128,1.0,200000,1444,200000,late_mask_fragment,0,EXPLAIN_ANALYZE,3,0.0003,0.0003,0.0003,0.0003,0,0,sha256:92b825cb6ca6efd8c921ae328d9dcd567e5fc1cecda65d185180a168e33b45c9
mask_fragment-n200000-w128-m1000-s1444,mask_fragment,128,1.0,200000,1444,200000,late_mask_fragment,1,BATCH_CREATE_TABLE_AS,3,27.050299999999996,39.49149999999999,24.69110000000001,39.49149999999999,1,0,sha256:92b825cb6ca6efd8c921ae328d9dcd567e5fc1cecda65d185180a168e33b45c9
mask_fragment-n200000-w128-m1000-s1444,mask_fragment,128,1.0,200000,1444,200000,late_mask_fragment,2,PROJECTION,3,1.6866000000000003,7.422699999999999,1.2961,7.422699999999999,200000,0,sha256:92b825cb6ca6efd8c921ae328d9dcd567e5fc1cecda65d185180a168e33b45c9
mask_fragment-n200000-w128-m1000-s1444,mask_fragment,128,1.0,200000,1444,200000,late_mask_fragment,3,ORDER_BY,3,194.66469999999998,231.15550000000002,188.6573,231.15550000000002,200000,0,sha256:92b825cb6ca6efd8c921ae328d9dcd567e5fc1cecda65d185180a168e33b45c9
mask_fragment-n200000-w128-m1000-s1444,mask_fragment,128,1.0,200000,1444,200000,late_mask_fragment,4,PROJECTION,3,5.216099999999999,7.009999999999999,4.1225,7.009999999999999,200000,0,sha256:92b825cb6ca6efd8c921ae328d9dcd567e5fc1cecda65d185180a168e33b45c9
mask_fragment-n200000-w128-m1000-s1444,mask_fragment,128,1.0,200000,1444,200000,late_mask_fragment,5,PROJECTION,3,992.8951999999997,1958.5209999999997,894.7579999999999,1958.5209999999997,200000,0,sha256:92b825cb6ca6efd8c921ae328d9dcd567e5fc1cecda65d185180a168e33b45c9
mask_fragment-n200000-w128-m1000-s1444,mask_fragment,128,1.0,200000,1444,200000,late_mask_fragment,6,HASH_JOIN,3,3.6513,4.019100000000001,3.4521000000000006,4.019100000000001,200000,0,sha256:92b825cb6ca6efd8c921ae328d9dcd567e5fc1cecda65d185180a168e33b45c9
mask_fragment-n200000-w128-m1000-s1444,mask_fragment,128,1.0,200000,1444,200000,late_mask_fragment,7,SEQ_SCAN,3,15.243099999999998,15.655099999999997,12.2272,15.655099999999997,200000,200000,sha256:92b825cb6ca6efd8c921ae328d9dcd567e5fc1cecda65d185180a168e33b45c9
mask_fragment-n200000-w128-m1000-s1444,mask_fragment,128,1.0,200000,1444,200000,late_mask_fragment,8,SEQ_SCAN,3,0.0514,0.21240000000000003,0.0321,0.21240000000000003,10000,10000,sha256:92b825cb6ca6efd8c921ae328d9dcd567e5fc1cecda65d185180a168e33b45c9
mask_fragment-n200000-w128-m1000-s1555,mask_fragment,128,1.0,200000,1555,200000,early_mask_fragment,0,EXPLAIN_ANALYZE,3,0.00019999999999999998,0.00039999999999999996,0.00019999999999999998,0.00039999999999999996,0,0,sha256:1a43e0ddf8cc02438cc76d27ba1cce86da34109d2e43dcc8ed7c9d581b95b39d
mask_fragment-n200000-w128-m1000-s1555,mask_fragment,128,1.0,200000,1555,200000,early_mask_fragment,1,BATCH_CREATE_TABLE_AS,3,27.274899999999995,41.41099999999999,26.618400000000005,41.41099999999999,1,0,sha256:1a43e0ddf8cc02438cc76d27ba1cce86da34109d2e43dcc8ed7c9d581b95b39d
mask_fragment-n200000-w128-m1000-s1555,mask_fragment,128,1.0,200000,1555,200000,early_mask_fragment,2,CTE,3,26.774099999999997,34.942,16.9557,34.942,0,0,sha256:1a43e0ddf8cc02438cc76d27ba1cce86da34109d2e43dcc8ed7c9d581b95b39d
mask_fragment-n200000-w128-m1000-s1555,mask_fragment,128,1.0,200000,1555,200000,early_mask_fragment,3,PROJECTION,3,917.5066,946.1496000000001,755.0189,946.1496000000001,200000,0,sha256:1a43e0ddf8cc02438cc76d27ba1cce86da34109d2e43dcc8ed7c9d581b95b39d
mask_fragment-n200000-w128-m1000-s1555,mask_fragment,128,1.0,200000,1555,200000,early_mask_fragment,4,SEQ_SCAN,3,14.019099999999996,23.602899999999995,10.842499999999998,23.602899999999995,200000,200000,sha256:1a43e0ddf8cc02438cc76d27ba1cce86da34109d2e43dcc8ed7c9d581b95b39d
mask_fragment-n200000-w128-m1000-s1555,mask_fragment,128,1.0,200000,1555,200000,early_mask_fragment,5,PROJECTION,3,1.0574,1.2900000000000003,0.7969000000000002,1.2900000000000003,200000,0,sha256:1a43e0ddf8cc02438cc76d27ba1cce86da34109d2e43dcc8ed7c9d581b95b39d
mask_fragment-n200000-w128-m1000-s1555,mask_fragment,128,1.0,200000,1555,200000,early_mask_fragment,6,ORDER_BY,3,180.3611,219.663,155.63479999999998,219.663,200000,0,sha256:1a43e0ddf8cc02438cc76d27ba1cce86da34109d2e43dcc8ed7c9d581b95b39d
mask_fragment-n200000-w128-m1000-s1555,mask_fragment,128,1.0,200000,1555,200000,early_mask_fragment,7,PROJECTION,3,0.5136999999999999,0.5559000000000001,0.482,0.5559000000000001,200000,0,sha256:1a43e0ddf8cc02438cc76d27ba1cce86da34109d2e43dcc8ed7c9d581b95b39d
mask_fragment-n200000-w128-m1000-s1555,mask_fragment,128,1.0,200000,1555,200000,early_mask_fragment,8,HASH_JOIN,3,11.675199999999998,17.888499999999997,11.100900000000001,17.888499999999997,200000,0,sha256:1a43e0ddf8cc02438cc76d27ba1cce86da34109d2e43dcc8ed7c9d581b95b39d
mask_fragment-n200000-w128-m1000-s1555,mask_fragment,128,1.0,200000,1555,200000,early_mask_fragment,9,CTE_SCAN,3,0.6300000000000001,0.8241,0.5879000000000001,0.8241,200000,0,sha256:1a43e0ddf8cc02438cc76d27ba1cce86da34109d2e43dcc8ed7c9d581b95b39d
mask_fragment-n200000-w128-m1000-s1555,mask_fragment,128,1.0,200000,1555,200000,early_mask_fragment,10,SEQ_SCAN,3,0.0483,0.07699999999999999,0.028399999999999998,0.07699999999999999,10000,10000,sha256:1a43e0ddf8cc02438cc76d27ba1cce86da34109d2e43dcc8ed7c9d581b95b39d
mask_fragment-n200000-w128-m1000-s1555,mask_fragment,128,1.0,200000,1555,200000,late_mask_fragment,0,EXPLAIN_ANALYZE,3,0.0003,0.0006,0.00019999999999999998,0.0006,0,0,sha256:92b825cb6ca6efd8c921ae328d9dcd567e5fc1cecda65d185180a168e33b45c9
mask_fragment-n200000-w128-m1000-s1555,mask_fragment,128,1.0,200000,1555,200000,late_mask_fragment,1,BATCH_CREATE_TABLE_AS,3,28.854800000000008,30.3439,27.058299999999996,30.3439,1,0,sha256:92b825cb6ca6efd8c921ae328d9dcd567e5fc1cecda65d185180a168e33b45c9
mask_fragment-n200000-w128-m1000-s1555,mask_fragment,128,1.0,200000,1555,200000,late_mask_fragment,2,PROJECTION,3,1.3751000000000002,1.5259,1.2022000000000002,1.5259,200000,0,sha256:92b825cb6ca6efd8c921ae328d9dcd567e5fc1cecda65d185180a168e33b45c9
mask_fragment-n200000-w128-m1000-s1555,mask_fragment,128,1.0,200000,1555,200000,late_mask_fragment,3,ORDER_BY,3,170.30479999999997,229.03119999999998,158.19639999999998,229.03119999999998,200000,0,sha256:92b825cb6ca6efd8c921ae328d9dcd567e5fc1cecda65d185180a168e33b45c9
mask_fragment-n200000-w128-m1000-s1555,mask_fragment,128,1.0,200000,1555,200000,late_mask_fragment,4,PROJECTION,3,5.4249,5.425400000000001,5.3517,5.425400000000001,200000,0,sha256:92b825cb6ca6efd8c921ae328d9dcd567e5fc1cecda65d185180a168e33b45c9
mask_fragment-n200000-w128-m1000-s1555,mask_fragment,128,1.0,200000,1555,200000,late_mask_fragment,5,PROJECTION,3,874.5787999999999,1025.9231,827.6128,1025.9231,200000,0,sha256:92b825cb6ca6efd8c921ae328d9dcd567e5fc1cecda65d185180a168e33b45c9
mask_fragment-n200000-w128-m1000-s1555,mask_fragment,128,1.0,200000,1555,200000,late_mask_fragment,6,HASH_JOIN,3,3.5687000000000006,4.084400000000001,2.6496999999999997,4.084400000000001,200000,0,sha256:92b825cb6ca6efd8c921ae328d9dcd567e5fc1cecda65d185180a168e33b45c9
mask_fragment-n200000-w128-m1000-s1555,mask_fragment,128,1.0,200000,1555,200000,late_mask_fragment,7,SEQ_SCAN,3,13.021499999999998,15.956100000000001,12.1296,15.956100000000001,200000,200000,sha256:92b825cb6ca6efd8c921ae328d9dcd567e5fc1cecda65d185180a168e33b45c9
mask_fragment-n200000-w128-m1000-s1555,mask_fragment,128,1.0,200000,1555,200000,late_mask_fragment,8,SEQ_SCAN,3,0.1044,0.20610000000000003,0.036,0.20610000000000003,10000,10000,sha256:92b825cb6ca6efd8c921ae328d9dcd567e5fc1cecda65d185180a168e33b45c9
mask_fragment-n200000-w256-m0900-s1111,mask_fragment,256,0.9,200000,1111,180000,early_mask_fragment,0,EXPLAIN_ANALYZE,3,0.00019999999999999998,0.00019999999999999998,0.00019999999999999998,0.00019999999999999998,0,0,sha256:1a43e0ddf8cc02438cc76d27ba1cce86da34109d2e43dcc8ed7c9d581b95b39d
mask_fragment-n200000-w256-m0900-s1111,mask_fragment,256,0.9,200000,1111,180000,early_mask_fragment,1,BATCH_CREATE_TABLE_AS,3,23.233800000000002,25.7276,22.413899999999995,25.7276,1,0,sha256:1a43e0ddf8cc02438cc76d27ba1cce86da34109d2e43dcc8ed7c9d581b95b39d
mask_fragment-n200000-w256-m0900-s1111,mask_fragment,256,0.9,200000,1111,180000,early_mask_fragment,2,CTE,3,31.1186,42.74700000000001,19.2044,42.74700000000001,0,0,sha256:1a43e0ddf8cc02438cc76d27ba1cce86da34109d2e43dcc8ed7c9d581b95b39d
mask_fragment-n200000-w256-m0900-s1111,mask_fragment,256,0.9,200000,1111,180000,early_mask_fragment,3,PROJECTION,3,1077.0990999999995,2518.2578999999996,1016.5563,2518.2578999999996,200000,0,sha256:1a43e0ddf8cc02438cc76d27ba1cce86da34109d2e43dcc8ed7c9d581b95b39d
mask_fragment-n200000-w256-m0900-s1111,mask_fragment,256,0.9,200000,1111,180000,early_mask_fragment,4,SEQ_SCAN,3,14.2111,19.736900000000002,12.430499999999997,19.736900000000002,200000,200000,sha256:1a43e0ddf8cc02438cc76d27ba1cce86da34109d2e43dcc8ed7c9d581b95b39d
mask_fragment-n200000-w256-m0900-s1111,mask_fragment,256,0.9,200000,1111,180000,early_mask_fragment,5,PROJECTION,3,0.8380000000000002,0.8799,0.7149000000000001,0.8799,180000,0,sha256:1a43e0ddf8cc02438cc76d27ba1cce86da34109d2e43dcc8ed7c9d581b95b39d
mask_fragment-n200000-w256-m0900-s1111,mask_fragment,256,0.9,200000,1111,180000,early_mask_fragment,6,ORDER_BY,3,173.75680000000006,176.5508,155.4524,176.5508,180000,0,sha256:1a43e0ddf8cc02438cc76d27ba1cce86da34109d2e43dcc8ed7c9d581b95b39d
mask_fragment-n200000-w256-m0900-s1111,mask_fragment,256,0.9,200000,1111,180000,early_mask_fragment,7,PROJECTION,3,0.6418999999999999,0.8821999999999999,0.4756000000000001,0.8821999999999999,180000,0,sha256:1a43e0ddf8cc02438cc76d27ba1cce86da34109d2e43dcc8ed7c9d581b95b39d
mask_fragment-n200000-w256-m0900-s1111,mask_fragment,256,0.9,200000,1111,180000,early_mask_fragment,8,HASH_JOIN,3,18.146499999999993,21.903099999999995,16.888399999999997,21.903099999999995,180000,0,sha256:1a43e0ddf8cc02438cc76d27ba1cce86da34109d2e43dcc8ed7c9d581b95b39d
mask_fragment-n200000-w256-m0900-s1111,mask_fragment,256,0.9,200000,1111,180000,early_mask_fragment,9,CTE_SCAN,3,1.0684,1.8063000000000002,1.0161,1.8063000000000002,200000,0,sha256:1a43e0ddf8cc02438cc76d27ba1cce86da34109d2e43dcc8ed7c9d581b95b39d
mask_fragment-n200000-w256-m0900-s1111,mask_fragment,256,0.9,200000,1111,180000,early_mask_fragment,10,SEQ_SCAN,3,0.029300000000000003,0.0614,0.020399999999999998,0.0614,10000,10000,sha256:1a43e0ddf8cc02438cc76d27ba1cce86da34109d2e43dcc8ed7c9d581b95b39d
mask_fragment-n200000-w256-m0900-s1111,mask_fragment,256,0.9,200000,1111,180000,late_mask_fragment,0,EXPLAIN_ANALYZE,3,0.0003,0.00039999999999999996,0.00019999999999999998,0.00039999999999999996,0,0,sha256:18bd7fb3b6d02ff88c53bf4a74124c631590d7e276f031a9034dc7f9cb857902
mask_fragment-n200000-w256-m0900-s1111,mask_fragment,256,0.9,200000,1111,180000,late_mask_fragment,1,BATCH_CREATE_TABLE_AS,3,23.230100000000004,23.729999999999997,20.0497,23.729999999999997,1,0,sha256:18bd7fb3b6d02ff88c53bf4a74124c631590d7e276f031a9034dc7f9cb857902
mask_fragment-n200000-w256-m0900-s1111,mask_fragment,256,0.9,200000,1111,180000,late_mask_fragment,2,PROJECTION,3,1.2494999999999998,1.3675,0.8379000000000001,1.3675,180000,0,sha256:18bd7fb3b6d02ff88c53bf4a74124c631590d7e276f031a9034dc7f9cb857902
mask_fragment-n200000-w256-m0900-s1111,mask_fragment,256,0.9,200000,1111,180000,late_mask_fragment,3,ORDER_BY,3,136.4094,151.2113,124.90019999999997,151.2113,180000,0,sha256:18bd7fb3b6d02ff88c53bf4a74124c631590d7e276f031a9034dc7f9cb857902
mask_fragment-n200000-w256-m0900-s1111,mask_fragment,256,0.9,200000,1111,180000,late_mask_fragment,4,PROJECTION,3,4.1613999999999995,5.606900000000001,3.8719000000000006,5.606900000000001,180000,0,sha256:18bd7fb3b6d02ff88c53bf4a74124c631590d7e276f031a9034dc7f9cb857902
mask_fragment-n200000-w256-m0900-s1111,mask_fragment,256,0.9,200000,1111,180000,late_mask_fragment,5,PROJECTION,3,1009.2361000000003,1009.6339,993.8120000000001,1009.6339,180000,0,sha256:18bd7fb3b6d02ff88c53bf4a74124c631590d7e276f031a9034dc7f9cb857902
mask_fragment-n200000-w256-m0900-s1111,mask_fragment,256,0.9,200000,1111,180000,late_mask_fragment,6,HASH_JOIN,3,2.5688,2.9835,2.4303999999999997,2.9835,180000,0,sha256:18bd7fb3b6d02ff88c53bf4a74124c631590d7e276f031a9034dc7f9cb857902
mask_fragment-n200000-w256-m0900-s1111,mask_fragment,256,0.9,200000,1111,180000,late_mask_fragment,7,SEQ_SCAN,3,15.145100000000001,15.479099999999999,13.635899999999998,15.479099999999999,180000,200000,sha256:18bd7fb3b6d02ff88c53bf4a74124c631590d7e276f031a9034dc7f9cb857902
mask_fragment-n200000-w256-m0900-s1111,mask_fragment,256,0.9,200000,1111,180000,late_mask_fragment,8,SEQ_SCAN,3,0.0367,0.0942,0.03,0.0942,10000,10000,sha256:18bd7fb3b6d02ff88c53bf4a74124c631590d7e276f031a9034dc7f9cb857902
mask_fragment-n200000-w256-m0900-s1222,mask_fragment,256,0.9,200000,1222,180000,early_mask_fragment,0,EXPLAIN_ANALYZE,3,0.0003,0.0007,0.00019999999999999998,0.0007,0,0,sha256:1a43e0ddf8cc02438cc76d27ba1cce86da34109d2e43dcc8ed7c9d581b95b39d
mask_fragment-n200000-w256-m0900-s1222,mask_fragment,256,0.9,200000,1222,180000,early_mask_fragment,1,BATCH_CREATE_TABLE_AS,3,27.751800000000006,32.867700000000006,24.8733,32.867700000000006,1,0,sha256:1a43e0ddf8cc02438cc76d27ba1cce86da34109d2e43dcc8ed7c9d581b95b39d
mask_fragment-n200000-w256-m0900-s1222,mask_fragment,256,0.9,200000,1222,180000,early_mask_fragment,2,CTE,3,36.638,38.9306,22.311999999999998,38.9306,0,0,sha256:1a43e0ddf8cc02438cc76d27ba1cce86da34109d2e43dcc8ed7c9d581b95b39d
mask_fragment-n200000-w256-m0900-s1222,mask_fragment,256,0.9,200000,1222,180000,early_mask_fragment,3,PROJECTION,3,2280.2535000000003,2347.5331,1138.9026,2347.5331,200000,0,sha256:1a43e0ddf8cc02438cc76d27ba1cce86da34109d2e43dcc8ed7c9d581b95b39d
mask_fragment-n200000-w256-m0900-s1222,mask_fragment,256,0.9,200000,1222,180000,early_mask_fragment,4,SEQ_SCAN,3,21.347200000000004,23.0842,11.277100000000003,23.0842,200000,200000,sha256:1a43e0ddf8cc02438cc76d27ba1cce86da34109d2e43dcc8ed7c9d581b95b39d
mask_fragment-n200000-w256-m0900-s1222,mask_fragment,256,0.9,200000,1222,180000,early_mask_fragment,5,PROJECTION,3,0.8658000000000001,0.9728999999999998,0.8632999999999997,0.9728999999999998,180000,0,sha256:1a43e0ddf8cc02438cc76d27ba1cce86da34109d2e43dcc8ed7c9d581b95b39d
mask_fragment-n200000-w256-m0900-s1222,mask_fragment,256,0.9,200000,1222,180000,early_mask_fragment,6,ORDER_BY,3,185.28519999999997,187.3179,166.10320000000002,187.3179,180000,0,sha256:1a43e0ddf8cc02438cc76d27ba1cce86da34109d2e43dcc8ed7c9d581b95b39d
mask_fragment-n200000-w256-m0900-s1222,mask_fragment,256,0.9,200000,1222,180000,early_mask_fragment,7,PROJECTION,3,0.5603,0.6970999999999998,0.41519999999999996,0.6970999999999998,180000,0,sha256:1a43e0ddf8cc02438cc76d27ba1cce86da34109d2e43dcc8ed7c9d581b95b39d
mask_fragment-n200000-w256-m0900-s1222,mask_fragment,256,0.9,200000,1222,180000,early_mask_fragment,8,HASH_JOIN,3,17.2059,28.954099999999997,13.844899999999999,28.954099999999997,180000,0,sha256:1a43e0ddf8cc02438cc76d27ba1cce86da34109d2e43dcc8ed7c9d581b95b39d
mask_fragment-n200000-w256-m0900-s1222,mask_fragment,256,0.9,200000,1222,180000,early_mask_fragment,9,CTE_SCAN,3,0.7630999999999999,1.1180999999999999,0.6912000000000001,1.1180999999999999,200000,0,sha256:1a43e0ddf8cc02438cc76d27ba1cce86da34109d2e43dcc8ed7c9d581b95b39d
mask_fragment-n200000-w256-m0900-s1222,mask_fragment,256,0.9,200000,1222,180000,early_mask_fragment,10,SEQ_SCAN,3,0.0515,0.0875,0.032499999999999994,0.0875,10000,10000,sha256:1a43e0ddf8cc02438cc76d27ba1cce86da34109d2e43dcc8ed7c9d581b95b39d
mask_fragment-n200000-w256-m0900-s1222,mask_fragment,256,0.9,200000,1222,180000,late_mask_fragment,0,EXPLAIN_ANALYZE,3,0.00019999999999999998,0.00019999999999999998,0.00019999999999999998,0.00019999999999999998,0,0,sha256:18bd7fb3b6d02ff88c53bf4a74124c631590d7e276f031a9034dc7f9cb857902
mask_fragment-n200000-w256-m0900-s1222,mask_fragment,256,0.9,200000,1222,180000,late_mask_fragment,1,BATCH_CREATE_TABLE_AS,3,29.3546,29.358100000000007,24.4643,29.358100000000007,1,0,sha256:18bd7fb3b6d02ff88c53bf4a74124c631590d7e276f031a9034dc7f9cb857902
mask_fragment-n200000-w256-m0900-s1222,mask_fragment,256,0.9,200000,1222,180000,late_mask_fragment,2,PROJECTION,3,1.6183999999999996,1.9349000000000003,1.3641999999999999,1.9349000000000003,180000,0,sha256:18bd7fb3b6d02ff88c53bf4a74124c631590d7e276f031a9034dc7f9cb857902
mask_fragment-n200000-w256-m0900-s1222,mask_fragment,256,0.9,200000,1222,180000,late_mask_fragment,3,ORDER_BY,3,185.19279999999998,211.89639999999997,174.445,211.89639999999997,180000,0,sha256:18bd7fb3b6d02ff88c53bf4a74124c631590d7e276f031a9034dc7f9cb857902
mask_fragment-n200000-w256-m0900-s1222,mask_fragment,256,0.9,200000,1222,180000,late_mask_fragment,4,PROJECTION,3,6.247999999999999,7.202800000000002,5.656500000000002,7.202800000000002,180000,0,sha256:18bd7fb3b6d02ff88c53bf4a74124c631590d7e276f031a9034dc7f9cb857902
mask_fragment-n200000-w256-m0900-s1222,mask_fragment,256,0.9,200000,1222,180000,late_mask_fragment,5,PROJECTION,3,1876.3905999999997,2354.625900000001,1244.3008000000002,2354.625900000001,180000,0,sha256:18bd7fb3b6d02ff88c53bf4a74124c631590d7e276f031a9034dc7f9cb857902
mask_fragment-n200000-w256-m0900-s1222,mask_fragment,256,0.9,200000,1222,180000,late_mask_fragment,6,HASH_JOIN,3,3.175500000000001,5.2143,2.8111000000000006,5.2143,180000,0,sha256:18bd7fb3b6d02ff88c53bf4a74124c631590d7e276f031a9034dc7f9cb857902
mask_fragment-n200000-w256-m0900-s1222,mask_fragment,256,0.9,200000,1222,180000,late_mask_fragment,7,SEQ_SCAN,3,18.681199999999997,19.124000000000002,16.407899999999998,19.124000000000002,180000,200000,sha256:18bd7fb3b6d02ff88c53bf4a74124c631590d7e276f031a9034dc7f9cb857902
mask_fragment-n200000-w256-m0900-s1222,mask_fragment,256,0.9,200000,1222,180000,late_mask_fragment,8,SEQ_SCAN,3,0.0765,0.13670000000000002,0.022499999999999996,0.13670000000000002,10000,10000,sha256:18bd7fb3b6d02ff88c53bf4a74124c631590d7e276f031a9034dc7f9cb857902
mask_fragment-n200000-w256-m0900-s1333,mask_fragment,256,0.9,200000,1333,180000,early_mask_fragment,0,EXPLAIN_ANALYZE,3,0.00019999999999999998,0.0015,0.00019999999999999998,0.0015,0,0,sha256:1a43e0ddf8cc02438cc76d27ba1cce86da34109d2e43dcc8ed7c9d581b95b39d
mask_fragment-n200000-w256-m0900-s1333,mask_fragment,256,0.9,200000,1333,180000,early_mask_fragment,1,BATCH_CREATE_TABLE_AS,3,24.834899999999998,37.09230000000001,23.5857,37.09230000000001,1,0,sha256:1a43e0ddf8cc02438cc76d27ba1cce86da34109d2e43dcc8ed7c9d581b95b39d
mask_fragment-n200000-w256-m0900-s1333,mask_fragment,256,0.9,200000,1333,180000,early_mask_fragment,2,CTE,3,21.9711,33.463699999999996,20.7497,33.463699999999996,0,0,sha256:1a43e0ddf8cc02438cc76d27ba1cce86da34109d2e43dcc8ed7c9d581b95b39d
mask_fragment-n200000-w256-m0900-s1333,mask_fragment,256,0.9,200000,1333,180000,early_mask_fragment,3,PROJECTION,3,1130.9495000000002,1188.8469999999998,1087.2501000000002,1188.8469999999998,200000,0,sha256:1a43e0ddf8cc02438cc76d27ba1cce86da34109d2e43dcc8ed7c9d581b95b39d
mask_fragment-n200000-w256-m0900-s1333,mask_fragment,256,0.9,200000,1333,180000,early_mask_fragment,4,SEQ_SCAN,3,15.626999999999999,16.020100000000003,14.774099999999999,16.020100000000003,200000,200000,sha256:1a43e0ddf8cc02438cc76d27ba1cce86da34109d2e43dcc8ed7c9d581b95b39d
mask_fragment-n200000-w256-m0900-s1333,mask_fragment,256,0.9,200000,1333,180000,early_mask_fragment,5,PROJECTION,3,0.9608000000000001,0.9793000000000002,0.9173000000000002,0.9793000000000002,180000,0,sha256:1a43e0ddf8cc02438cc76d27ba1cce86da34109d2e43dcc8ed7c9d581b95b39d
mask_fragment-n200000-w256-m0900-s1333,mask_fragment,256,0.9,200000,1333,180000,early_mask_fragment,6,ORDER_BY,3,182.13479999999998,184.53320000000002,142.3403,184.53320000000002,180000,0,sha256:1a43e0ddf8cc02438cc76d27ba1cce86da34109d2e43dcc8ed7c9d581b95b39d
mask_fragment-n200000-w256-m0900-s1333,mask_fragment,256,0.9,200000,1333,180000,early_mask_fragment,7,PROJECTION,3,0.49050000000000005,1.0647,0.3939,1.0647,180000,0,sha256:1a43e0ddf8cc02438cc76d27ba1cce86da34109d2e43dcc8ed7c9d581b95b39d
mask_fragment-n200000-w256-m0900-s1333,mask_fragment,256,0.9,200000,1333,180000,early_mask_fragment,8,HASH_JOIN,3,14.217899999999998,14.325600000000003,12.3769,14.325600000000003,180000,0,sha256:1a43e0ddf8cc02438cc76d27ba1cce86da34109d2e43dcc8ed7c9d581b95b39d
mask_fragment-n200000-w256-m0900-s1333,mask_fragment,256,0.9,200000,1333,180000,early_mask_fragment,9,CTE_SCAN,3,0.7440000000000001,0.9362999999999999,0.5304,0.9362999999999999,200000,0,sha256:1a43e0ddf8cc02438cc76d27ba1cce86da34109d2e43dcc8ed7c9d581b95b39d
mask_fragment-n200000-w256-m0900-s1333,mask_fragment,256,0.9,200000,1333,180000,early_mask_fragment,10,SEQ_SCAN,3,0.0386,0.10179999999999999,0.025300000000000003,0.10179999999999999,10000,10000,sha256:1a43e0ddf8cc02438cc76d27ba1cce86da34109d2e43dcc8ed7c9d581b95b39d
mask_fragment-n200000-w256-m0900-s1333,mask_fragment,256,0.9,200000,1333,180000,late_mask_fragment,0,EXPLAIN_ANALYZE,3,0.00019999999999999998,0.0003,0.00019999999999999998,0.0003,0,0,sha256:18bd7fb3b6d02ff88c53bf4a74124c631590d7e276f031a9034dc7f9cb857902
mask_fragment-n200000-w256-m0900-s1333,mask_fragment,256,0.9,200000,1333,180000,late_mask_fragment,1,BATCH_CREATE_TABLE_AS,3,25.4885,53.053500000000014,23.605199999999996,53.053500000000014,1,0,sha256:18bd7fb3b6d02ff88c53bf4a74124c631590d7e276f031a9034dc7f9cb857902
mask_fragment-n200000-w256-m0900-s1333,mask_fragment,256,0.9,200000,1333,180000,late_mask_fragment,2,PROJECTION,3,1.4024,1.8021999999999998,1.3692999999999997,1.8021999999999998,180000,0,sha256:18bd7fb3b6d02ff88c53bf4a74124c631590d7e276f031a9034dc7f9cb857902
mask_fragment-n200000-w256-m0900-s1333,mask_fragment,256,0.9,200000,1333,180000,late_mask_fragment,3,ORDER_BY,3,171.98390000000003,189.9586,150.68589999999998,189.9586,180000,0,sha256:18bd7fb3b6d02ff88c53bf4a74124c631590d7e276f031a9034dc7f9cb857902
mask_fragment-n200000-w256-m0900-s1333,mask_fragment,256,0.9,200000,1333,180000,late_mask_fragment,4,PROJECTION,3,5.719700000000001,10.223999999999998,3.9269000000000007,10.223999999999998,180000,0,sha256:18bd7fb3b6d02ff88c53bf4a74124c631590d7e276f031a9034dc7f9cb857902
mask_fragment-n200000-w256-m0900-s1333,mask_fragment,256,0.9,200000,1333,180000,late_mask_fragment,5,PROJECTION,3,1254.4620000000002,1381.9038000000003,1199.7688999999996,1381.9038000000003,180000,0,sha256:18bd7fb3b6d02ff88c53bf4a74124c631590d7e276f031a9034dc7f9cb857902
mask_fragment-n200000-w256-m0900-s1333,mask_fragment,256,0.9,200000,1333,180000,late_mask_fragment,6,HASH_JOIN,3,3.6961000000000013,3.9462000000000006,3.0146000000000006,3.9462000000000006,180000,0,sha256:18bd7fb3b6d02ff88c53bf4a74124c631590d7e276f031a9034dc7f9cb857902
mask_fragment-n200000-w256-m0900-s1333,mask_fragment,256,0.9,200000,1333,180000,late_mask_fragment,7,SEQ_SCAN,3,15.197,20.057699999999997,12.869000000000002,20.057699999999997,180000,200000,sha256:18bd7fb3b6d02ff88c53bf4a74124c631590d7e276f031a9034dc7f9cb857902
mask_fragment-n200000-w256-m0900-s1333,mask_fragment,256,0.9,200000,1333,180000,late_mask_fragment,8,SEQ_SCAN,3,0.034699999999999995,0.041,0.0306,0.041,10000,10000,sha256:18bd7fb3b6d02ff88c53bf4a74124c631590d7e276f031a9034dc7f9cb857902
mask_fragment-n200000-w256-m0900-s1444,mask_fragment,256,0.9,200000,1444,180000,early_mask_fragment,0,EXPLAIN_ANALYZE,3,0.00019999999999999998,0.00039999999999999996,0.00019999999999999998,0.00039999999999999996,0,0,sha256:1a43e0ddf8cc02438cc76d27ba1cce86da34109d2e43dcc8ed7c9d581b95b39d
mask_fragment-n200000-w256-m0900-s1444,mask_fragment,256,0.9,200000,1444,180000,early_mask_fragment,1,BATCH_CREATE_TABLE_AS,3,25.1192,33.6956,24.7999,33.6956,1,0,sha256:1a43e0ddf8cc02438cc76d27ba1cce86da34109d2e43dcc8ed7c9d581b95b39d
mask_fragment-n200000-w256-m0900-s1444,mask_fragment,256,0.9,200000,1444,180000,early_mask_fragment,2,CTE,3,23.844200000000004,30.874900000000004,18.232400000000002,30.874900000000004,0,0,sha256:1a43e0ddf8cc02438cc76d27ba1cce86da34109d2e43dcc8ed7c9d581b95b39d
mask_fragment-n200000-w256-m0900-s1444,mask_fragment,256,0.9,200000,1444,180000,early_mask_fragment,3,PROJECTION,3,1205.1525000000001,1245.0502000000001,998.8569,1245.0502000000001,200000,0,sha256:1a43e0ddf8cc02438cc76d27ba1cce86da34109d2e43dcc8ed7c9d581b95b39d
mask_fragment-n200000-w256-m0900-s1444,mask_fragment,256,0.9,200000,1444,180000,early_mask_fragment,4,SEQ_SCAN,3,14.400599999999995,18.2671,12.1853,18.2671,200000,200000,sha256:1a43e0ddf8cc02438cc76d27ba1cce86da34109d2e43dcc8ed7c9d581b95b39d
mask_fragment-n200000-w256-m0900-s1444,mask_fragment,256,0.9,200000,1444,180000,early_mask_fragment,5,PROJECTION,3,0.9036999999999997,0.9446000000000001,0.8357000000000001,0.9446000000000001,180000,0,sha256:1a43e0ddf8cc02438cc76d27ba1cce86da34109d2e43dcc8ed7c9d581b95b39d
mask_fragment-n200000-w256-m0900-s1444,mask_fragment,256,0.9,200000,1444,180000,early_mask_fragment,6,ORDER_BY,3,161.68480000000002,162.13559999999998,136.12750000000003,162.13559999999998,180000,0,sha256:1a43e0ddf8cc02438cc76d27ba1cce86da34109d2e43dcc8ed7c9d581b95b39d
mask_fragment-n200000-w256-m0900-s1444,mask_fragment,256,0.9,200000,1444,180000,early_mask_fragment,7,PROJECTION,3,0.4403999999999999,0.49870000000000003,0.4386,0.49870000000000003,180000,0,sha256:1a43e0ddf8cc02438cc76d27ba1cce86da34109d2e43dcc8ed7c9d581b95b39d
mask_fragment-n200000-w256-m0900-s1444,mask_fragment,256,0.9,200000,1444,180000,early_mask_fragment,8,HASH_JOIN,3,11.833199999999998,13.1838,10.721400000000001,13.1838,180000,0,sha256:1a43e0ddf8cc02438cc76d27ba1cce86da34109d2e43dcc8ed7c9d581b95b39d
mask_fragment-n200000-w256-m0900-s1444,mask_fragment,256,0.9,200000,1444,180000,early_mask_fragment,9,CTE_SCAN,3,0.8614999999999999,0.8633,0.6054999999999999,0.8633,200000,0,sha256:1a43e0ddf8cc02438cc76d27ba1cce86da34109d2e43dcc8ed7c9d581b95b39d
mask_fragment-n200000-w256-m0900-s1444,mask_fragment,256,0.9,200000,1444,180000,early_mask_fragment,10,SEQ_SCAN,3,0.029399999999999996,0.0532,0.025100000000000004,0.0532,10000,10000,sha256:1a43e0ddf8cc02438cc76d27ba1cce86da34109d2e43dcc8ed7c9d581b95b39d
mask_fragment-n200000-w256-m0900-s1444,mask_fragment,256,0.9,200000,1444,180000,late_mask_fragment,0,EXPLAIN_ANALYZE,3,0.00019999999999999998,0.00019999999999999998,0.00019999999999999998,0.00019999999999999998,0,0,sha256:18bd7fb3b6d02ff88c53bf4a74124c631590d7e276f031a9034dc7f9cb857902
mask_fragment-n200000-w256-m0900-s1444,mask_fragment,256,0.9,200000,1444,180000,late_mask_fragment,1,BATCH_CREATE_TABLE_AS,3,21.235999999999994,22.5925,20.4752,22.5925,1,0,sha256:18bd7fb3b6d02ff88c53bf4a74124c631590d7e276f031a9034dc7f9cb857902
mask_fragment-n200000-w256-m0900-s1444,mask_fragment,256,0.9,200000,1444,180000,late_mask_fragment,2,PROJECTION,3,1.2290999999999999,1.2366,1.0244999999999997,1.2366,180000,0,sha256:18bd7fb3b6d02ff88c53bf4a74124c631590d7e276f031a9034dc7f9cb857902
mask_fragment-n200000-w256-m0900-s1444,mask_fragment,256,0.9,200000,1444,180000,late_mask_fragment,3,ORDER_BY,3,145.6703,150.50130000000001,137.61770000000004,150.50130000000001,180000,0,sha256:18bd7fb3b6d02ff88c53bf4a74124c631590d7e276f031a9034dc7f9cb857902
mask_fragment-n200000-w256-m0900-s1444,mask_fragment,256,0.9,200000,1444,180000,late_mask_fragment,4,PROJECTION,3,4.310300000000001,5.0998,3.860700000000001,5.0998,180000,0,sha256:18bd7fb3b6d02ff88c53bf4a74124c631590d7e276f031a9034dc7f9cb857902
mask_fragment-n200000-w256-m0900-s1444,mask_fragment,256,0.9,200000,1444,180000,late_mask_fragment,5,PROJECTION,3,1034.3156,1115.5379,978.1287000000002,1115.5379,180000,0,sha256:18bd7fb3b6d02ff88c53bf4a74124c631590d7e276f031a9034dc7f9cb857902
mask_fragment-n200000-w256-m0900-s1444,mask_fragment,256,0.9,200000,1444,180000,late_mask_fragment,6,HASH_JOIN,3,2.4865,3.119999999999999,2.4664999999999995,3.119999999999999,180000,0,sha256:18bd7fb3b6d02ff88c53bf4a74124c631590d7e276f031a9034dc7f9cb857902
mask_fragment-n200000-w256-m0900-s1444,mask_fragment,256,0.9,200000,1444,180000,late_mask_fragment,7,SEQ_SCAN,3,13.739,14.512399999999998,13.0461,14.512399999999998,180000,200000,sha256:18bd7fb3b6d02ff88c53bf4a74124c631590d7e276f031a9034dc7f9cb857902
mask_fragment-n200000-w256-m0900-s1444,mask_fragment,256,0.9,200000,1444,180000,late_mask_fragment,8,SEQ_SCAN,3,0.0297,0.038700000000000005,0.028900000000000002,0.038700000000000005,10000,10000,sha256:18bd7fb3b6d02ff88c53bf4a74124c631590d7e276f031a9034dc7f9cb857902
mask_fragment-n200000-w256-m0900-s1555,mask_fragment,256,0.9,200000,1555,180000,early_mask_fragment,0,EXPLAIN_ANALYZE,3,0.00019999999999999998,0.00039999999999999996,0.00019999999999999998,0.00039999999999999996,0,0,sha256:1a43e0ddf8cc02438cc76d27ba1cce86da34109d2e43dcc8ed7c9d581b95b39d
mask_fragment-n200000-w256-m0900-s1555,mask_fragment,256,0.9,200000,1555,180000,early_mask_fragment,1,BATCH_CREATE_TABLE_AS,3,31.444299999999995,58.130599999999994,25.3422,58.130599999999994,1,0,sha256:1a43e0ddf8cc02438cc76d27ba1cce86da34109d2e43dcc8ed7c9d581b95b39d
mask_fragment-n200000-w256-m0900-s1555,mask_fragment,256,0.9,200000,1555,180000,early_mask_fragment,2,CTE,3,42.0193,43.129799999999996,29.755599999999994,43.129799999999996,0,0,sha256:1a43e0ddf8cc02438cc76d27ba1cce86da34109d2e43dcc8ed7c9d581b95b39d
mask_fragment-n200000-w256-m0900-s1555,mask_fragment,256,0.9,200000,1555,180000,early_mask_fragment,3,PROJECTION,3,1559.7494999999997,1641.3521999999998,1411.2328,1641.3521999999998,200000,0,sha256:1a43e0ddf8cc02438cc76d27ba1cce86da34109d2e43dcc8ed7c9d581b95b39d
mask_fragment-n200000-w256-m0900-s1555,mask_fragment,256,0.9,200000,1555,180000,early_mask_fragment,4,SEQ_SCAN,3,17.7523,25.376700000000003,16.840899999999998,25.376700000000003,200000,200000,sha256:1a43e0ddf8cc02438cc76d27ba1cce86da34109d2e43dcc8ed7c9d581b95b39d
mask_fragment-n200000-w256-m0900-s1555,mask_fragment,256,0.9,200000,1555,180000,early_mask_fragment,5,PROJECTION,3,1.1683999999999999,22.716900000000006,1.1426,22.716900000000006,180000,0,sha256:1a43e0ddf8cc02438cc76d27ba1cce86da34109d2e43dcc8ed7c9d581b95b39d
mask_fragment-n200000-w256-m0900-s1555,mask_fragment,256,0.9,200000,1555,180000,early_mask_fragment,6,ORDER_BY,3,230.2215999999999,237.68770000000004,175.68649999999997,237.68770000000004,180000,0,sha256:1a43e0ddf8cc02438cc76d27ba1cce86da34109d2e43dcc8ed7c9d581b95b39d
mask_fragment-n200000-w256-m0900-s1555,mask_fragment,256,0.9,200000,1555,180000,early_mask_fragment,7,PROJECTION,3,0.5419,3.8259,0.5143000000000001,3.8259,180000,0,sha256:1a43e0ddf8cc02438cc76d27ba1cce86da34109d2e43dcc8ed7c9d581b95b39d
mask_fragment-n200000-w256-m0900-s1555,mask_fragment,256,0.9,200000,1555,180000,early_mask_fragment,8,HASH_JOIN,3,15.755900000000004,18.5273,12.379699999999998,18.5273,180000,0,sha256:1a43e0ddf8cc02438cc76d27ba1cce86da34109d2e43dcc8ed7c9d581b95b39d
mask_fragment-n200000-w256-m0900-s1555,mask_fragment,256,0.9,200000,1555,180000,early_mask_fragment,9,CTE_SCAN,3,0.9842000000000002,0.9977,0.6501,0.9977,200000,0,sha256:1a43e0ddf8cc02438cc76d27ba1cce86da34109d2e43dcc8ed7c9d581b95b39d
mask_fragment-n200000-w256-m0900-s1555,mask_fragment,256,0.9,200000,1555,180000,early_mask_fragment,10,SEQ_SCAN,3,0.0353,0.048100000000000004,0.025499999999999995,0.048100000000000004,10000,10000,sha256:1a43e0ddf8cc02438cc76d27ba1cce86da34109d2e43dcc8ed7c9d581b95b39d
mask_fragment-n200000-w256-m0900-s1555,mask_fragment,256,0.9,200000,1555,180000,late_mask_fragment,0,EXPLAIN_ANALYZE,3,0.00019999999999999998,0.00039999999999999996,0.00019999999999999998,0.00039999999999999996,0,0,sha256:18bd7fb3b6d02ff88c53bf4a74124c631590d7e276f031a9034dc7f9cb857902
mask_fragment-n200000-w256-m0900-s1555,mask_fragment,256,0.9,200000,1555,180000,late_mask_fragment,1,BATCH_CREATE_TABLE_AS,3,24.187199999999997,25.2466,23.842200000000002,25.2466,1,0,sha256:18bd7fb3b6d02ff88c53bf4a74124c631590d7e276f031a9034dc7f9cb857902
mask_fragment-n200000-w256-m0900-s1555,mask_fragment,256,0.9,200000,1555,180000,late_mask_fragment,2,PROJECTION,3,1.2509,1.8210000000000002,1.1750999999999998,1.8210000000000002,180000,0,sha256:18bd7fb3b6d02ff88c53bf4a74124c631590d7e276f031a9034dc7f9cb857902
mask_fragment-n200000-w256-m0900-s1555,mask_fragment,256,0.9,200000,1555,180000,late_mask_fragment,3,ORDER_BY,3,162.8606000000001,175.85109999999997,151.19020000000006,175.85109999999997,180000,0,sha256:18bd7fb3b6d02ff88c53bf4a74124c631590d7e276f031a9034dc7f9cb857902
mask_fragment-n200000-w256-m0900-s1555,mask_fragment,256,0.9,200000,1555,180000,late_mask_fragment,4,PROJECTION,3,5.053300000000001,5.066699999999999,4.2982000000000005,5.066699999999999,180000,0,sha256:18bd7fb3b6d02ff88c53bf4a74124c631590d7e276f031a9034dc7f9cb857902
mask_fragment-n200000-w256-m0900-s1555,mask_fragment,256,0.9,200000,1555,180000,late_mask_fragment,5,PROJECTION,3,1125.7959,1255.7503000000004,1030.5977999999998,1255.7503000000004,180000,0,sha256:18bd7fb3b6d02ff88c53bf4a74124c631590d7e276f031a9034dc7f9cb857902
mask_fragment-n200000-w256-m0900-s1555,mask_fragment,256,0.9,200000,1555,180000,late_mask_fragment,6,HASH_JOIN,3,2.8986,3.3126999999999995,2.1686,3.3126999999999995,180000,0,sha256:18bd7fb3b6d02ff88c53bf4a74124c631590d7e276f031a9034dc7f9cb857902
mask_fragment-n200000-w256-m0900-s1555,mask_fragment,256,0.9,200000,1555,180000,late_mask_fragment,7,SEQ_SCAN,3,16.717200000000002,18.198199999999996,10.690500000000002,18.198199999999996,180000,200000,sha256:18bd7fb3b6d02ff88c53bf4a74124c631590d7e276f031a9034dc7f9cb857902
mask_fragment-n200000-w256-m0900-s1555,mask_fragment,256,0.9,200000,1555,180000,late_mask_fragment,8,SEQ_SCAN,3,0.0351,0.040299999999999996,0.0335,0.040299999999999996,10000,10000,sha256:18bd7fb3b6d02ff88c53bf4a74124c631590d7e276f031a9034dc7f9cb857902
mask_fragment-n200000-w256-m1000-s1111,mask_fragment,256,1.0,200000,1111,200000,early_mask_fragment,0,EXPLAIN_ANALYZE,3,0.0003,0.0009,0.00019999999999999998,0.0009,0,0,sha256:1a43e0ddf8cc02438cc76d27ba1cce86da34109d2e43dcc8ed7c9d581b95b39d
mask_fragment-n200000-w256-m1000-s1111,mask_fragment,256,1.0,200000,1111,200000,early_mask_fragment,1,BATCH_CREATE_TABLE_AS,3,27.082600000000006,29.393800000000002,24.664900000000003,29.393800000000002,1,0,sha256:1a43e0ddf8cc02438cc76d27ba1cce86da34109d2e43dcc8ed7c9d581b95b39d
mask_fragment-n200000-w256-m1000-s1111,mask_fragment,256,1.0,200000,1111,200000,early_mask_fragment,2,CTE,3,26.0726,32.7455,19.935000000000002,32.7455,0,0,sha256:1a43e0ddf8cc02438cc76d27ba1cce86da34109d2e43dcc8ed7c9d581b95b39d
mask_fragment-n200000-w256-m1000-s1111,mask_fragment,256,1.0,200000,1111,200000,early_mask_fragment,3,PROJECTION,3,1985.3722,2382.8514,986.6421,2382.8514,200000,0,sha256:1a43e0ddf8cc02438cc76d27ba1cce86da34109d2e43dcc8ed7c9d581b95b39d
mask_fragment-n200000-w256-m1000-s1111,mask_fragment,256,1.0,200000,1111,200000,early_mask_fragment,4,SEQ_SCAN,3,15.658700000000001,20.143300000000004,13.4945,20.143300000000004,200000,200000,sha256:1a43e0ddf8cc02438cc76d27ba1cce86da34109d2e43dcc8ed7c9d581b95b39d
mask_fragment-n200000-w256-m1000-s1111,mask_fragment,256,1.0,200000,1111,200000,early_mask_fragment,5,PROJECTION,3,0.9409999999999997,1.5746999999999998,0.6907000000000001,1.5746999999999998,200000,0,sha256:1a43e0ddf8cc02438cc76d27ba1cce86da34109d2e43dcc8ed7c9d581b95b39d
mask_fragment-n200000-w256-m1000-s1111,mask_fragment,256,1.0,200000,1111,200000,early_mask_fragment,6,ORDER_BY,3,167.6293,170.52479999999997,157.7286,170.52479999999997,200000,0,sha256:1a43e0ddf8cc02438cc76d27ba1cce86da34109d2e43dcc8ed7c9d581b95b39d
mask_fragment-n200000-w256-m1000-s1111,mask_fragment,256,1.0,200000,1111,200000,early_mask_fragment,7,PROJECTION,3,0.5289000000000001,0.6720999999999999,0.4914,0.6720999999999999,200000,0,sha256:1a43e0ddf8cc02438cc76d27ba1cce86da34109d2e43dcc8ed7c9d581b95b39d
mask_fragment-n200000-w256-m1000-s1111,mask_fragment,256,1.0,200000,1111,200000,early_mask_fragment,8,HASH_JOIN,3,18.304100000000005,22.103099999999994,11.3047,22.103099999999994,200000,0,sha256:1a43e0ddf8cc02438cc76d27ba1cce86da34109d2e43dcc8ed7c9d581b95b39d
mask_fragment-n200000-w256-m1000-s1111,mask_fragment,256,1.0,200000,1111,200000,early_mask_fragment,9,CTE_SCAN,3,0.8245,2.967799999999999,0.7182,2.967799999999999,200000,0,sha256:1a43e0ddf8cc02438cc76d27ba1cce86da34109d2e43dcc8ed7c9d581b95b39d
mask_fragment-n200000-w256-m1000-s1111,mask_fragment,256,1.0,200000,1111,200000,early_mask_fragment,10,SEQ_SCAN,3,0.0454,0.1509,0.0418,0.1509,10000,10000,sha256:1a43e0ddf8cc02438cc76d27ba1cce86da34109d2e43dcc8ed7c9d581b95b39d
mask_fragment-n200000-w256-m1000-s1111,mask_fragment,256,1.0,200000,1111,200000,late_mask_fragment,0,EXPLAIN_ANALYZE,3,0.00019999999999999998,0.0003,0.00019999999999999998,0.0003,0,0,sha256:92b825cb6ca6efd8c921ae328d9dcd567e5fc1cecda65d185180a168e33b45c9
mask_fragment-n200000-w256-m1000-s1111,mask_fragment,256,1.0,200000,1111,200000,late_mask_fragment,1,BATCH_CREATE_TABLE_AS,3,26.452400000000004,28.463200000000008,23.898900000000005,28.463200000000008,1,0,sha256:92b825cb6ca6efd8c921ae328d9dcd567e5fc1cecda65d185180a168e33b45c9
mask_fragment-n200000-w256-m1000-s1111,mask_fragment,256,1.0,200000,1111,200000,late_mask_fragment,2,PROJECTION,3,1.5328999999999993,1.7543000000000002,1.3357999999999999,1.7543000000000002,200000,0,sha256:92b825cb6ca6efd8c921ae328d9dcd567e5fc1cecda65d185180a168e33b45c9
mask_fragment-n200000-w256-m1000-s1111,mask_fragment,256,1.0,200000,1111,200000,late_mask_fragment,3,ORDER_BY,3,175.76130000000006,182.48199999999997,166.3291,182.48199999999997,200000,0,sha256:92b825cb6ca6efd8c921ae328d9dcd567e5fc1cecda65d185180a168e33b45c9
mask_fragment-n200000-w256-m1000-s1111,mask_fragment,256,1.0,200000,1111,200000,late_mask_fragment,4,PROJECTION,3,4.167200000000001,4.5337,3.913099999999999,4.5337,200000,0,sha256:92b825cb6ca6efd8c921ae328d9dcd567e5fc1cecda65d185180a168e33b45c9
mask_fragment-n200000-w256-m1000-s1111,mask_fragment,256,1.0,200000,1111,200000,late_mask_fragment,5,PROJECTION,3,1065.2173999999998,1114.2647,1018.2641999999997,1114.2647,200000,0,sha256:92b825cb6ca6efd8c921ae328d9dcd567e5fc1cecda65d185180a168e33b45c9
mask_fragment-n200000-w256-m1000-s1111,mask_fragment,256,1.0,200000,1111,200000,late_mask_fragment,6,HASH_JOIN,3,2.847,5.8493,2.602,5.8493,200000,0,sha256:92b825cb6ca6efd8c921ae328d9dcd567e5fc1cecda65d185180a168e33b45c9
mask_fragment-n200000-w256-m1000-s1111,mask_fragment,256,1.0,200000,1111,200000,late_mask_fragment,7,SEQ_SCAN,3,12.307299999999998,16.179100000000002,11.488799999999998,16.179100000000002,200000,200000,sha256:92b825cb6ca6efd8c921ae328d9dcd567e5fc1cecda65d185180a168e33b45c9
mask_fragment-n200000-w256-m1000-s1111,mask_fragment,256,1.0,200000,1111,200000,late_mask_fragment,8,SEQ_SCAN,3,0.0343,0.036199999999999996,0.032499999999999994,0.036199999999999996,10000,10000,sha256:92b825cb6ca6efd8c921ae328d9dcd567e5fc1cecda65d185180a168e33b45c9
mask_fragment-n200000-w256-m1000-s1222,mask_fragment,256,1.0,200000,1222,200000,early_mask_fragment,0,EXPLAIN_ANALYZE,3,0.0003,0.0007999999999999999,0.00019999999999999998,0.0007999999999999999,0,0,sha256:1a43e0ddf8cc02438cc76d27ba1cce86da34109d2e43dcc8ed7c9d581b95b39d
mask_fragment-n200000-w256-m1000-s1222,mask_fragment,256,1.0,200000,1222,200000,early_mask_fragment,1,BATCH_CREATE_TABLE_AS,3,33.281600000000005,40.59630000000001,32.334,40.59630000000001,1,0,sha256:1a43e0ddf8cc02438cc76d27ba1cce86da34109d2e43dcc8ed7c9d581b95b39d
mask_fragment-n200000-w256-m1000-s1222,mask_fragment,256,1.0,200000,1222,200000,early_mask_fragment,2,CTE,3,24.9891,46.695100000000004,24.304100000000002,46.695100000000004,0,0,sha256:1a43e0ddf8cc02438cc76d27ba1cce86da34109d2e43dcc8ed7c9d581b95b39d
mask_fragment-n200000-w256-m1000-s1222,mask_fragment,256,1.0,200000,1222,200000,early_mask_fragment,3,PROJECTION,3,1257.1838,1480.3337000000004,1172.2618,1480.3337000000004,200000,0,sha256:1a43e0ddf8cc02438cc76d27ba1cce86da34109d2e43dcc8ed7c9d581b95b39d
mask_fragment-n200000-w256-m1000-s1222,mask_fragment,256,1.0,200000,1222,200000,early_mask_fragment,4,SEQ_SCAN,3,15.4869,28.604300000000006,14.364299999999997,28.604300000000006,200000,200000,sha256:1a43e0ddf8cc02438cc76d27ba1cce86da34109d2e43dcc8ed7c9d581b95b39d
mask_fragment-n200000-w256-m1000-s1222,mask_fragment,256,1.0,200000,1222,200000,early_mask_fragment,5,PROJECTION,3,1.2340999999999998,3.0018000000000007,1.0970999999999997,3.0018000000000007,200000,0,sha256:1a43e0ddf8cc02438cc76d27ba1cce86da34109d2e43dcc8ed7c9d581b95b39d
mask_fragment-n200000-w256-m1000-s1222,mask_fragment,256,1.0,200000,1222,200000,early_mask_fragment,6,ORDER_BY,3,196.5216,218.28970000000004,182.09000000000003,218.28970000000004,200000,0,sha256:1a43e0ddf8cc02438cc76d27ba1cce86da34109d2e43dcc8ed7c9d581b95b39d
mask_fragment-n200000-w256-m1000-s1222,mask_fragment,256,1.0,200000,1222,200000,early_mask_fragment,7,PROJECTION,3,0.5781000000000001,0.5815,0.5663,0.5815,200000,0,sha256:1a43e0ddf8cc02438cc76d27ba1cce86da34109d2e43dcc8ed7c9d581b95b39d
mask_fragment-n200000-w256-m1000-s1222,mask_fragment,256,1.0,200000,1222,200000,early_mask_fragment,8,HASH_JOIN,3,17.527400000000004,19.414599999999997,13.112000000000002,19.414599999999997,200000,0,sha256:1a43e0ddf8cc02438cc76d27ba1cce86da34109d2e43dcc8ed7c9d581b95b39d
mask_fragment-n200000-w256-m1000-s1222,mask_fragment,256,1.0,200000,1222,200000,early_mask_fragment,9,CTE_SCAN,3,0.8339000000000001,1.2969000000000002,0.6731,1.2969000000000002,200000,0,sha256:1a43e0ddf8cc02438cc76d27ba1cce86da34109d2e43dcc8ed7c9d581b95b39d
mask_fragment-n200000-w256-m1000-s1222,mask_fragment,256,1.0,200000,1222,200000,early_mask_fragment,10,SEQ_SCAN,3,0.029300000000000003,0.13019999999999998,0.025300000000000003,0.13019999999999998,10000,10000,sha256:1a43e0ddf8cc02438cc76d27ba1cce86da34109d2e43dcc8ed7c9d581b95b39d
mask_fragment-n200000-w256-m1000-s1222,mask_fragment,256,1.0,200000,1222,200000,late_mask_fragment,0,EXPLAIN_ANALYZE,3,0.0003,0.0005,0.0003,0.0005,0,0,sha256:92b825cb6ca6efd8c921ae328d9dcd567e5fc1cecda65d185180a168e33b45c9
mask_fragment-n200000-w256-m1000-s1222,mask_fragment,256,1.0,200000,1222,200000,late_mask_fragment,1,BATCH_CREATE_TABLE_AS,3,28.647499999999994,30.497400000000006,28.0942,30.497400000000006,1,0,sha256:92b825cb6ca6efd8c921ae328d9dcd567e5fc1cecda65d185180a168e33b45c9
mask_fragment-n200000-w256-m1000-s1222,mask_fragment,256,1.0,200000,1222,200000,late_mask_fragment,2,PROJECTION,3,1.9182000000000006,1.9687999999999997,1.8597,1.9687999999999997,200000,0,sha256:92b825cb6ca6efd8c921ae328d9dcd567e5fc1cecda65d185180a168e33b45c9
mask_fragment-n200000-w256-m1000-s1222,mask_fragment,256,1.0,200000,1222,200000,late_mask_fragment,3,ORDER_BY,3,202.9407,214.6501,200.71550000000002,214.6501,200000,0,sha256:92b825cb6ca6efd8c921ae328d9dcd567e5fc1cecda65d185180a168e33b45c9
mask_fragment-n200000-w256-m1000-s1222,mask_fragment,256,1.0,200000,1222,200000,late_mask_fragment,4,PROJECTION,3,5.1107000000000005,5.1682,4.2518,5.1682,200000,0,sha256:92b825cb6ca6efd8c921ae328d9dcd567e5fc1cecda65d185180a168e33b45c9
mask_fragment-n200000-w256-m1000-s1222,mask_fragment,256,1.0,200000,1222,200000,late_mask_fragment,5,PROJECTION,3,1408.6742000000002,1541.2029000000005,1294.4347000000005,1541.2029000000005,200000,0,sha256:92b825cb6ca6efd8c921ae328d9dcd567e5fc1cecda65d185180a168e33b45c9
mask_fragment-n200000-w256-m1000-s1222,mask_fragment,256,1.0,200000,1222,200000,late_mask_fragment,6,HASH_JOIN,3,3.3828000000000005,3.7332000000000005,3.3404000000000003,3.7332000000000005,200000,0,sha256:92b825cb6ca6efd8c921ae328d9dcd567e5fc1cecda65d185180a168e33b45c9
mask_fragment-n200000-w256-m1000-s1222,mask_fragment,256,1.0,200000,1222,200000,late_mask_fragment,7,SEQ_SCAN,3,17.077799999999993,20.545599999999993,15.9176,20.545599999999993,200000,200000,sha256:92b825cb6ca6efd8c921ae328d9dcd567e5fc1cecda65d185180a168e33b45c9
mask_fragment-n200000-w256-m1000-s1222,mask_fragment,256,1.0,200000,1222,200000,late_mask_fragment,8,SEQ_SCAN,3,0.054900000000000004,0.0802,0.0325,0.0802,10000,10000,sha256:92b825cb6ca6efd8c921ae328d9dcd567e5fc1cecda65d185180a168e33b45c9
mask_fragment-n200000-w256-m1000-s1333,mask_fragment,256,1.0,200000,1333,200000,early_mask_fragment,0,EXPLAIN_ANALYZE,3,0.00019999999999999998,0.00039999999999999996,0.00019999999999999998,0.00039999999999999996,0,0,sha256:1a43e0ddf8cc02438cc76d27ba1cce86da34109d2e43dcc8ed7c9d581b95b39d
mask_fragment-n200000-w256-m1000-s1333,mask_fragment,256,1.0,200000,1333,200000,early_mask_fragment,1,BATCH_CREATE_TABLE_AS,3,34.4623,44.8549,33.391,44.8549,1,0,sha256:1a43e0ddf8cc02438cc76d27ba1cce86da34109d2e43dcc8ed7c9d581b95b39d
mask_fragment-n200000-w256-m1000-s1333,mask_fragment,256,1.0,200000,1333,200000,early_mask_fragment,2,CTE,3,24.431799999999996,31.226900000000008,24.01969999999999,31.226900000000008,0,0,sha256:1a43e0ddf8cc02438cc76d27ba1cce86da34109d2e43dcc8ed7c9d581b95b39d
mask_fragment-n200000-w256-m1000-s1333,mask_fragment,256,1.0,200000,1333,200000,early_mask_fragment,3,PROJECTION,3,1291.3882999999998,1693.5140000000004,1218.3737999999998,1693.5140000000004,200000,0,sha256:1a43e0ddf8cc02438cc76d27ba1cce86da34109d2e43dcc8ed7c9d581b95b39d
mask_fragment-n200000-w256-m1000-s1333,mask_fragment,256,1.0,200000,1333,200000,early_mask_fragment,4,SEQ_SCAN,3,16.574199999999998,17.490199999999998,16.310200000000002,17.490199999999998,200000,200000,sha256:1a43e0ddf8cc02438cc76d27ba1cce86da34109d2e43dcc8ed7c9d581b95b39d
mask_fragment-n200000-w256-m1000-s1333,mask_fragment,256,1.0,200000,1333,200000,early_mask_fragment,5,PROJECTION,3,1.4175,1.4667000000000003,0.9203999999999998,1.4667000000000003,200000,0,sha256:1a43e0ddf8cc02438cc76d27ba1cce86da34109d2e43dcc8ed7c9d581b95b39d
mask_fragment-n200000-w256-m1000-s1333,mask_fragment,256,1.0,200000,1333,200000,early_mask_fragment,6,ORDER_BY,3,243.43720000000002,245.51929999999996,182.2371,245.51929999999996,200000,0,sha256:1a43e0ddf8cc02438cc76d27ba1cce86da34109d2e43dcc8ed7c9d581b95b39d
mask_fragment-n200000-w256-m1000-s1333,mask_fragment,256,1.0,200000,1333,200000,early_mask_fragment,7,PROJECTION,3,0.5638,1.5785,0.5158,1.5785,200000,0,sha256:1a43e0ddf8cc02438cc76d27ba1cce86da34109d2e43dcc8ed7c9d581b95b39d
mask_fragment-n200000-w256-m1000-s1333,mask_fragment,256,1.0,200000,1333,200000,early_mask_fragment,8,HASH_JOIN,3,15.951799999999999,19.614199999999997,11.117400000000002,19.614199999999997,200000,0,sha256:1a43e0ddf8cc02438cc76d27ba1cce86da34109d2e43dcc8ed7c9d581b95b39d
mask_fragment-n200000-w256-m1000-s1333,mask_fragment,256,1.0,200000,1333,200000,early_mask_fragment,9,CTE_SCAN,3,0.7982,0.8841000000000001,0.6885999999999999,0.8841000000000001,200000,0,sha256:1a43e0ddf8cc02438cc76d27ba1cce86da34109d2e43dcc8ed7c9d581b95b39d
mask_fragment-n200000-w256-m1000-s1333,mask_fragment,256,1.0,200000,1333,200000,early_mask_fragment,10,SEQ_SCAN,3,0.0349,0.036500000000000005,0.0298,0.036500000000000005,10000,10000,sha256:1a43e0ddf8cc02438cc76d27ba1cce86da34109d2e43dcc8ed7c9d581b95b39d
mask_fragment-n200000-w256-m1000-s1333,mask_fragment,256,1.0,200000,1333,200000,late_mask_fragment,0,EXPLAIN_ANALYZE,3,0.0003,0.0005,0.00019999999999999998,0.0005,0,0,sha256:92b825cb6ca6efd8c921ae328d9dcd567e5fc1cecda65d185180a168e33b45c9
mask_fragment-n200000-w256-m1000-s1333,mask_fragment,256,1.0,200000,1333,200000,late_mask_fragment,1,BATCH_CREATE_TABLE_AS,3,25.646199999999997,31.673,24.870700000000003,31.673,1,0,sha256:92b825cb6ca6efd8c921ae328d9dcd567e5fc1cecda65d185180a168e33b45c9
mask_fragment-n200000-w256-m1000-s1333,mask_fragment,256,1.0,200000,1333,200000,late_mask_fragment,2,PROJECTION,3,1.9348999999999998,3.1084,1.7927000000000002,3.1084,200000,0,sha256:92b825cb6ca6efd8c921ae328d9dcd567e5fc1cecda65d185180a168e33b45c9
mask_fragment-n200000-w256-m1000-s1333,mask_fragment,256,1.0,200000,1333,200000,late_mask_fragment,3,ORDER_BY,3,169.8027,203.67849999999999,157.742,203.67849999999999,200000,0,sha256:92b825cb6ca6efd8c921ae328d9dcd567e5fc1cecda65d185180a168e33b45c9
mask_fragment-n200000-w256-m1000-s1333,mask_fragment,256,1.0,200000,1333,200000,late_mask_fragment,4,PROJECTION,3,5.239000000000002,10.852999999999998,3.5163,10.852999999999998,200000,0,sha256:92b825cb6ca6efd8c921ae328d9dcd567e5fc1cecda65d185180a168e33b45c9
mask_fragment-n200000-w256-m1000-s1333,mask_fragment,256,1.0,200000,1333,200000,late_mask_fragment,5,PROJECTION,3,1271.2620999999997,1368.0216999999998,1023.3228999999997,1368.0216999999998,200000,0,sha256:92b825cb6ca6efd8c921ae328d9dcd567e5fc1cecda65d185180a168e33b45c9
mask_fragment-n200000-w256-m1000-s1333,mask_fragment,256,1.0,200000,1333,200000,late_mask_fragment,6,HASH_JOIN,3,3.0512000000000006,3.3042000000000002,2.8095,3.3042000000000002,200000,0,sha256:92b825cb6ca6efd8c921ae328d9dcd567e5fc1cecda65d185180a168e33b45c9
mask_fragment-n200000-w256-m1000-s1333,mask_fragment,256,1.0,200000,1333,200000,late_mask_fragment,7,SEQ_SCAN,3,14.175099999999997,16.939799999999998,11.9665,16.939799999999998,200000,200000,sha256:92b825cb6ca6efd8c921ae328d9dcd567e5fc1cecda65d185180a168e33b45c9
mask_fragment-n200000-w256-m1000-s1333,mask_fragment,256,1.0,200000,1333,200000,late_mask_fragment,8,SEQ_SCAN,3,0.0297,0.04830000000000001,0.027100000000000003,0.04830000000000001,10000,10000,sha256:92b825cb6ca6efd8c921ae328d9dcd567e5fc1cecda65d185180a168e33b45c9
mask_fragment-n200000-w256-m1000-s1444,mask_fragment,256,1.0,200000,1444,200000,early_mask_fragment,0,EXPLAIN_ANALYZE,3,0.0003,0.00039999999999999996,0.00019999999999999998,0.00039999999999999996,0,0,sha256:1a43e0ddf8cc02438cc76d27ba1cce86da34109d2e43dcc8ed7c9d581b95b39d
mask_fragment-n200000-w256-m1000-s1444,mask_fragment,256,1.0,200000,1444,200000,early_mask_fragment,1,BATCH_CREATE_TABLE_AS,3,25.4761,36.3252,24.187799999999996,36.3252,1,0,sha256:1a43e0ddf8cc02438cc76d27ba1cce86da34109d2e43dcc8ed7c9d581b95b39d
mask_fragment-n200000-w256-m1000-s1444,mask_fragment,256,1.0,200000,1444,200000,early_mask_fragment,2,CTE,3,19.312900000000003,26.805799999999998,19.058,26.805799999999998,0,0,sha256:1a43e0ddf8cc02438cc76d27ba1cce86da34109d2e43dcc8ed7c9d581b95b39d
mask_fragment-n200000-w256-m1000-s1444,mask_fragment,256,1.0,200000,1444,200000,early_mask_fragment,3,PROJECTION,3,1081.7214,1229.0986,1003.6122,1229.0986,200000,0,sha256:1a43e0ddf8cc02438cc76d27ba1cce86da34109d2e43dcc8ed7c9d581b95b39d
mask_fragment-n200000-w256-m1000-s1444,mask_fragment,256,1.0,200000,1444,200000,early_mask_fragment,4,SEQ_SCAN,3,13.157599999999999,15.053399999999995,12.7653,15.053399999999995,200000,200000,sha256:1a43e0ddf8cc02438cc76d27ba1cce86da34109d2e43dcc8ed7c9d581b95b39d
mask_fragment-n200000-w256-m1000-s1444,mask_fragment,256,1.0,200000,1444,200000,early_mask_fragment,5,PROJECTION,3,1.1602,1.2515,0.8902999999999999,1.2515,200000,0,sha256:1a43e0ddf8cc02438cc76d27ba1cce86da34109d2e43dcc8ed7c9d581b95b39d
mask_fragment-n200000-w256-m1000-s1444,mask_fragment,256,1.0,200000,1444,200000,early_mask_fragment,6,ORDER_BY,3,163.32469999999998,187.63869999999997,157.50360000000006,187.63869999999997,200000,0,sha256:1a43e0ddf8cc02438cc76d27ba1cce86da34109d2e43dcc8ed7c9d581b95b39d
mask_fragment-n200000-w256-m1000-s1444,mask_fragment,256,1.0,200000,1444,200000,early_mask_fragment,7,PROJECTION,3,0.5307000000000001,0.5472,0.47429999999999994,0.5472,200000,0,sha256:1a43e0ddf8cc02438cc76d27ba1cce86da34109d2e43dcc8ed7c9d581b95b39d
mask_fragment-n200000-w256-m1000-s1444,mask_fragment,256,1.0,200000,1444,200000,early_mask_fragment,8,HASH_JOIN,3,10.899799999999997,11.2789,10.456399999999999,11.2789,200000,0,sha256:1a43e0ddf8cc02438cc76d27ba1cce86da34109d2e43dcc8ed7c9d581b95b39d
mask_fragment-n200000-w256-m1000-s1444,mask_fragment,256,1.0,200000,1444,200000,early_mask_fragment,9,CTE_SCAN,3,0.7121000000000001,1.153,0.6775,1.153,200000,0,sha256:1a43e0ddf8cc02438cc76d27ba1cce86da34109d2e43dcc8ed7c9d581b95b39d
mask_fragment-n200000-w256-m1000-s1444,mask_fragment,256,1.0,200000,1444,200000,early_mask_fragment,10,SEQ_SCAN,3,0.0376,0.04920000000000001,0.0276,0.04920000000000001,10000,10000,sha256:1a43e0ddf8cc02438cc76d27ba1cce86da34109d2e43dcc8ed7c9d581b95b39d
mask_fragment-n200000-w256-m1000-s1444,mask_fragment,256,1.0,200000,1444,200000,late_mask_fragment,0,EXPLAIN_ANALYZE,3,0.0003,0.00039999999999999996,0.0003,0.00039999999999999996,0,0,sha256:92b825cb6ca6efd8c921ae328d9dcd567e5fc1cecda65d185180a168e33b45c9
mask_fragment-n200000-w256-m1000-s1444,mask_fragment,256,1.0,200000,1444,200000,late_mask_fragment,1,BATCH_CREATE_TABLE_AS,3,24.512199999999993,27.523,22.073900000000002,27.523,1,0,sha256:92b825cb6ca6efd8c921ae328d9dcd567e5fc1cecda65d185180a168e33b45c9
mask_fragment-n200000-w256-m1000-s1444,mask_fragment,256,1.0,200000,1444,200000,late_mask_fragment,2,PROJECTION,3,1.3171000000000002,1.6379,1.2177000000000002,1.6379,200000,0,sha256:92b825cb6ca6efd8c921ae328d9dcd567e5fc1cecda65d185180a168e33b45c9
mask_fragment-n200000-w256-m1000-s1444,mask_fragment,256,1.0,200000,1444,200000,late_mask_fragment,3,ORDER_BY,3,157.691,167.38729999999998,155.81629999999998,167.38729999999998,200000,0,sha256:92b825cb6ca6efd8c921ae328d9dcd567e5fc1cecda65d185180a168e33b45c9
mask_fragment-n200000-w256-m1000-s1444,mask_fragment,256,1.0,200000,1444,200000,late_mask_fragment,4,PROJECTION,3,3.6629999999999994,3.9737,3.5037000000000003,3.9737,200000,0,sha256:92b825cb6ca6efd8c921ae328d9dcd567e5fc1cecda65d185180a168e33b45c9
mask_fragment-n200000-w256-m1000-s1444,mask_fragment,256,1.0,200000,1444,200000,late_mask_fragment,5,PROJECTION,3,1097.2459999999999,1102.9097000000002,1075.7359,1102.9097000000002,200000,0,sha256:92b825cb6ca6efd8c921ae328d9dcd567e5fc1cecda65d185180a168e33b45c9
mask_fragment-n200000-w256-m1000-s1444,mask_fragment,256,1.0,200000,1444,200000,late_mask_fragment,6,HASH_JOIN,3,3.1165,3.2452,2.6048999999999998,3.2452,200000,0,sha256:92b825cb6ca6efd8c921ae328d9dcd567e5fc1cecda65d185180a168e33b45c9
mask_fragment-n200000-w256-m1000-s1444,mask_fragment,256,1.0,200000,1444,200000,late_mask_fragment,7,SEQ_SCAN,3,12.617200000000002,14.082200000000004,12.361199999999998,14.082200000000004,200000,200000,sha256:92b825cb6ca6efd8c921ae328d9dcd567e5fc1cecda65d185180a168e33b45c9
mask_fragment-n200000-w256-m1000-s1444,mask_fragment,256,1.0,200000,1444,200000,late_mask_fragment,8,SEQ_SCAN,3,0.0393,0.0397,0.028100000000000003,0.0397,10000,10000,sha256:92b825cb6ca6efd8c921ae328d9dcd567e5fc1cecda65d185180a168e33b45c9
mask_fragment-n200000-w256-m1000-s1555,mask_fragment,256,1.0,200000,1555,200000,early_mask_fragment,0,EXPLAIN_ANALYZE,3,0.00019999999999999998,0.0003,0.00019999999999999998,0.0003,0,0,sha256:1a43e0ddf8cc02438cc76d27ba1cce86da34109d2e43dcc8ed7c9d581b95b39d
mask_fragment-n200000-w256-m1000-s1555,mask_fragment,256,1.0,200000,1555,200000,early_mask_fragment,1,BATCH_CREATE_TABLE_AS,3,28.397599999999997,35.28359999999999,28.078500000000002,35.28359999999999,1,0,sha256:1a43e0ddf8cc02438cc76d27ba1cce86da34109d2e43dcc8ed7c9d581b95b39d
mask_fragment-n200000-w256-m1000-s1555,mask_fragment,256,1.0,200000,1555,200000,early_mask_fragment,2,CTE,3,19.99,27.192300000000003,18.366800000000005,27.192300000000003,0,0,sha256:1a43e0ddf8cc02438cc76d27ba1cce86da34109d2e43dcc8ed7c9d581b95b39d
mask_fragment-n200000-w256-m1000-s1555,mask_fragment,256,1.0,200000,1555,200000,early_mask_fragment,3,PROJECTION,3,1040.5615,1215.8442999999997,1017.9994000000002,1215.8442999999997,200000,0,sha256:1a43e0ddf8cc02438cc76d27ba1cce86da34109d2e43dcc8ed7c9d581b95b39d
mask_fragment-n200000-w256-m1000-s1555,mask_fragment,256,1.0,200000,1555,200000,early_mask_fragment,4,SEQ_SCAN,3,12.605699999999999,14.057399999999998,12.215599999999998,14.057399999999998,200000,200000,sha256:1a43e0ddf8cc02438cc76d27ba1cce86da34109d2e43dcc8ed7c9d581b95b39d
mask_fragment-n200000-w256-m1000-s1555,mask_fragment,256,1.0,200000,1555,200000,early_mask_fragment,5,PROJECTION,3,1.2424,1.2952999999999997,0.8932,1.2952999999999997,200000,0,sha256:1a43e0ddf8cc02438cc76d27ba1cce86da34109d2e43dcc8ed7c9d581b95b39d
mask_fragment-n200000-w256-m1000-s1555,mask_fragment,256,1.0,200000,1555,200000,early_mask_fragment,6,ORDER_BY,3,196.9726,197.12359999999993,184.88890000000004,197.12359999999993,200000,0,sha256:1a43e0ddf8cc02438cc76d27ba1cce86da34109d2e43dcc8ed7c9d581b95b39d
mask_fragment-n200000-w256-m1000-s1555,mask_fragment,256,1.0,200000,1555,200000,early_mask_fragment,7,PROJECTION,3,0.5839,0.6464000000000001,0.5506000000000001,0.6464000000000001,200000,0,sha256:1a43e0ddf8cc02438cc76d27ba1cce86da34109d2e43dcc8ed7c9d581b95b39d
mask_fragment-n200000-w256-m1000-s1555,mask_fragment,256,1.0,200000,1555,200000,early_mask_fragment,8,HASH_JOIN,3,13.7919,16.743599999999997,11.463399999999998,16.743599999999997,200000,0,sha256:1a43e0ddf8cc02438cc76d27ba1cce86da34109d2e43dcc8ed7c9d581b95b39d
mask_fragment-n200000-w256-m1000-s1555,mask_fragment,256,1.0,200000,1555,200000,early_mask_fragment,9,CTE_SCAN,3,1.1632,1.3416000000000003,0.8019999999999999,1.3416000000000003,200000,0,sha256:1a43e0ddf8cc02438cc76d27ba1cce86da34109d2e43dcc8ed7c9d581b95b39d
mask_fragment-n200000-w256-m1000-s1555,mask_fragment,256,1.0,200000,1555,200000,early_mask_fragment,10,SEQ_SCAN,3,0.0317,0.0374,0.0278,0.0374,10000,10000,sha256:1a43e0ddf8cc02438cc76d27ba1cce86da34109d2e43dcc8ed7c9d581b95b39d
mask_fragment-n200000-w256-m1000-s1555,mask_fragment,256,1.0,200000,1555,200000,late_mask_fragment,0,EXPLAIN_ANALYZE,3,0.0003,0.0006,0.00019999999999999998,0.0006,0,0,sha256:92b825cb6ca6efd8c921ae328d9dcd567e5fc1cecda65d185180a168e33b45c9
mask_fragment-n200000-w256-m1000-s1555,mask_fragment,256,1.0,200000,1555,200000,late_mask_fragment,1,BATCH_CREATE_TABLE_AS,3,23.441200000000002,25.5169,22.848200000000002,25.5169,1,0,sha256:92b825cb6ca6efd8c921ae328d9dcd567e5fc1cecda65d185180a168e33b45c9
mask_fragment-n200000-w256-m1000-s1555,mask_fragment,256,1.0,200000,1555,200000,late_mask_fragment,2,PROJECTION,3,1.2331999999999999,1.3376000000000003,1.1711,1.3376000000000003,200000,0,sha256:92b825cb6ca6efd8c921ae328d9dcd567e5fc1cecda65d185180a168e33b45c9
mask_fragment-n200000-w256-m1000-s1555,mask_fragment,256,1.0,200000,1555,200000,late_mask_fragment,3,ORDER_BY,3,156.01739999999998,158.2423,154.8621,158.2423,200000,0,sha256:92b825cb6ca6efd8c921ae328d9dcd567e5fc1cecda65d185180a168e33b45c9
mask_fragment-n200000-w256-m1000-s1555,mask_fragment,256,1.0,200000,1555,200000,late_mask_fragment,4,PROJECTION,3,5.015199999999999,5.4026000000000005,4.7758,5.4026000000000005,200000,0,sha256:92b825cb6ca6efd8c921ae328d9dcd567e5fc1cecda65d185180a168e33b45c9
mask_fragment-n200000-w256-m1000-s1555,mask_fragment,256,1.0,200000,1555,200000,late_mask_fragment,5,PROJECTION,3,1006.6031999999998,1035.8309999999994,1001.0648,1035.8309999999994,200000,0,sha256:92b825cb6ca6efd8c921ae328d9dcd567e5fc1cecda65d185180a168e33b45c9
mask_fragment-n200000-w256-m1000-s1555,mask_fragment,256,1.0,200000,1555,200000,late_mask_fragment,6,HASH_JOIN,3,2.6784000000000003,2.8625000000000003,2.5259000000000005,2.8625000000000003,200000,0,sha256:92b825cb6ca6efd8c921ae328d9dcd567e5fc1cecda65d185180a168e33b45c9
mask_fragment-n200000-w256-m1000-s1555,mask_fragment,256,1.0,200000,1555,200000,late_mask_fragment,7,SEQ_SCAN,3,12.598899999999999,14.3082,12.4474,14.3082,200000,200000,sha256:92b825cb6ca6efd8c921ae328d9dcd567e5fc1cecda65d185180a168e33b45c9
mask_fragment-n200000-w256-m1000-s1555,mask_fragment,256,1.0,200000,1555,200000,late_mask_fragment,8,SEQ_SCAN,3,0.033499999999999995,0.0693,0.0228,0.0693,10000,10000,sha256:92b825cb6ca6efd8c921ae328d9dcd567e5fc1cecda65d185180a168e33b45c9
mask_fragment-n200000-w512-m0900-s1111,mask_fragment,512,0.9,200000,1111,180000,early_mask_fragment,0,EXPLAIN_ANALYZE,3,0.0012,0.0026,0.00019999999999999998,0.0026,0,0,sha256:1a43e0ddf8cc02438cc76d27ba1cce86da34109d2e43dcc8ed7c9d581b95b39d
mask_fragment-n200000-w512-m0900-s1111,mask_fragment,512,0.9,200000,1111,180000,early_mask_fragment,1,BATCH_CREATE_TABLE_AS,3,37.39760000000001,37.75849999999999,29.826900000000002,37.75849999999999,1,0,sha256:1a43e0ddf8cc02438cc76d27ba1cce86da34109d2e43dcc8ed7c9d581b95b39d
mask_fragment-n200000-w512-m0900-s1111,mask_fragment,512,0.9,200000,1111,180000,early_mask_fragment,2,CTE,3,34.562400000000004,35.5218,24.6071,35.5218,0,0,sha256:1a43e0ddf8cc02438cc76d27ba1cce86da34109d2e43dcc8ed7c9d581b95b39d
mask_fragment-n200000-w512-m0900-s1111,mask_fragment,512,0.9,200000,1111,180000,early_mask_fragment,3,PROJECTION,3,2000.0602000000001,2017.5989999999997,1841.9315000000001,2017.5989999999997,200000,0,sha256:1a43e0ddf8cc02438cc76d27ba1cce86da34109d2e43dcc8ed7c9d581b95b39d
mask_fragment-n200000-w512-m0900-s1111,mask_fragment,512,0.9,200000,1111,180000,early_mask_fragment,4,SEQ_SCAN,3,13.641700000000004,16.591,13.433900000000001,16.591,200000,200000,sha256:1a43e0ddf8cc02438cc76d27ba1cce86da34109d2e43dcc8ed7c9d581b95b39d
mask_fragment-n200000-w512-m0900-s1111,mask_fragment,512,0.9,200000,1111,180000,early_mask_fragment,5,PROJECTION,3,0.8555000000000001,1.0153000000000003,0.8199000000000001,1.0153000000000003,180000,0,sha256:1a43e0ddf8cc02438cc76d27ba1cce86da34109d2e43dcc8ed7c9d581b95b39d
mask_fragment-n200000-w512-m0900-s1111,mask_fragment,512,0.9,200000,1111,180000,early_mask_fragment,6,ORDER_BY,3,195.36409999999998,228.68089999999998,152.31,228.68089999999998,180000,0,sha256:1a43e0ddf8cc02438cc76d27ba1cce86da34109d2e43dcc8ed7c9d581b95b39d
mask_fragment-n200000-w512-m0900-s1111,mask_fragment,512,0.9,200000,1111,180000,early_mask_fragment,7,PROJECTION,3,0.6642,0.8069,0.5349,0.8069,180000,0,sha256:1a43e0ddf8cc02438cc76d27ba1cce86da34109d2e43dcc8ed7c9d581b95b39d
mask_fragment-n200000-w512-m0900-s1111,mask_fragment,512,0.9,200000,1111,180000,early_mask_fragment,8,HASH_JOIN,3,17.014299999999995,18.594999999999995,10.3487,18.594999999999995,180000,0,sha256:1a43e0ddf8cc02438cc76d27ba1cce86da34109d2e43dcc8ed7c9d581b95b39d
mask_fragment-n200000-w512-m0900-s1111,mask_fragment,512,0.9,200000,1111,180000,early_mask_fragment,9,CTE_SCAN,3,1.3091000000000002,2.0797000000000003,1.0304,2.0797000000000003,200000,0,sha256:1a43e0ddf8cc02438cc76d27ba1cce86da34109d2e43dcc8ed7c9d581b95b39d
mask_fragment-n200000-w512-m0900-s1111,mask_fragment,512,0.9,200000,1111,180000,early_mask_fragment,10,SEQ_SCAN,3,0.055799999999999995,0.06680000000000001,0.039099999999999996,0.06680000000000001,10000,10000,sha256:1a43e0ddf8cc02438cc76d27ba1cce86da34109d2e43dcc8ed7c9d581b95b39d
mask_fragment-n200000-w512-m0900-s1111,mask_fragment,512,0.9,200000,1111,180000,late_mask_fragment,0,EXPLAIN_ANALYZE,3,0.00019999999999999998,0.0003,0.00019999999999999998,0.0003,0,0,sha256:18bd7fb3b6d02ff88c53bf4a74124c631590d7e276f031a9034dc7f9cb857902
mask_fragment-n200000-w512-m0900-s1111,mask_fragment,512,0.9,200000,1111,180000,late_mask_fragment,1,BATCH_CREATE_TABLE_AS,3,30.042800000000007,31.1307,29.611300000000004,31.1307,1,0,sha256:18bd7fb3b6d02ff88c53bf4a74124c631590d7e276f031a9034dc7f9cb857902
mask_fragment-n200000-w512-m0900-s1111,mask_fragment,512,0.9,200000,1111,180000,late_mask_fragment,2,PROJECTION,3,1.2895999999999999,2.6571,1.0559999999999998,2.6571,180000,0,sha256:18bd7fb3b6d02ff88c53bf4a74124c631590d7e276f031a9034dc7f9cb857902
mask_fragment-n200000-w512-m0900-s1111,mask_fragment,512,0.9,200000,1111,180000,late_mask_fragment,3,ORDER_BY,3,165.55120000000002,170.80480000000003,147.4728,170.80480000000003,180000,0,sha256:18bd7fb3b6d02ff88c53bf4a74124c631590d7e276f031a9034dc7f9cb857902
mask_fragment-n200000-w512-m0900-s1111,mask_fragment,512,0.9,200000,1111,180000,late_mask_fragment,4,PROJECTION,3,3.8980000000000006,4.507099999999999,3.6654999999999993,4.507099999999999,180000,0,sha256:18bd7fb3b6d02ff88c53bf4a74124c631590d7e276f031a9034dc7f9cb857902
mask_fragment-n200000-w512-m0900-s1111,mask_fragment,512,0.9,200000,1111,180000,late_mask_fragment,5,PROJECTION,3,1616.2658999999996,1864.8699000000001,1501.6476,1864.8699000000001,180000,0,sha256:18bd7fb3b6d02ff88c53bf4a74124c631590d7e276f031a9034dc7f9cb857902
mask_fragment-n200000-w512-m0900-s1111,mask_fragment,512,0.9,200000,1111,180000,late_mask_fragment,6,HASH_JOIN,3,2.3769,2.4623,2.3549999999999995,2.4623,180000,0,sha256:18bd7fb3b6d02ff88c53bf4a74124c631590d7e276f031a9034dc7f9cb857902
mask_fragment-n200000-w512-m0900-s1111,mask_fragment,512,0.9,200000,1111,180000,late_mask_fragment,7,SEQ_SCAN,3,13.367300000000002,17.120900000000006,11.462399999999999,17.120900000000006,180000,200000,sha256:18bd7fb3b6d02ff88c53bf4a74124c631590d7e276f031a9034dc7f9cb857902
mask_fragment-n200000-w512-m0900-s1111,mask_fragment,512,0.9,200000,1111,180000,late_mask_fragment,8,SEQ_SCAN,3,0.032499999999999994,0.0407,0.0315,0.0407,10000,10000,sha256:18bd7fb3b6d02ff88c53bf4a74124c631590d7e276f031a9034dc7f9cb857902
mask_fragment-n200000-w512-m0900-s1222,mask_fragment,512,0.9,200000,1222,180000,early_mask_fragment,0,EXPLAIN_ANALYZE,3,0.0003,0.0003,0.00019999999999999998,0.0003,0,0,sha256:1a43e0ddf8cc02438cc76d27ba1cce86da34109d2e43dcc8ed7c9d581b95b39d
mask_fragment-n200000-w512-m0900-s1222,mask_fragment,512,0.9,200000,1222,180000,early_mask_fragment,1,BATCH_CREATE_TABLE_AS,3,29.612500000000004,32.95469999999999,28.0163,32.95469999999999,1,0,sha256:1a43e0ddf8cc02438cc76d27ba1cce86da34109d2e43dcc8ed7c9d581b95b39d
mask_fragment-n200000-w512-m0900-s1222,mask_fragment,512,0.9,200000,1222,180000,early_mask_fragment,2,CTE,3,23.387199999999996,35.3573,18.584100000000007,35.3573,0,0,sha256:1a43e0ddf8cc02438cc76d27ba1cce86da34109d2e43dcc8ed7c9d581b95b39d
mask_fragment-n200000-w512-m0900-s1222,mask_fragment,512,0.9,200000,1222,180000,early_mask_fragment,3,PROJECTION,3,1711.8382,1986.8292999999996,1696.5133000000003,1986.8292999999996,200000,0,sha256:1a43e0ddf8cc02438cc76d27ba1cce86da34109d2e43dcc8ed7c9d581b95b39d
mask_fragment-n200000-w512-m0900-s1222,mask_fragment,512,0.9,200000,1222,180000,early_mask_fragment,4,SEQ_SCAN,3,14.4097,19.5705,13.287199999999997,19.5705,200000,200000,sha256:1a43e0ddf8cc02438cc76d27ba1cce86da34109d2e43dcc8ed7c9d581b95b39d
mask_fragment-n200000-w512-m0900-s1222,mask_fragment,512,0.9,200000,1222,180000,early_mask_fragment,5,PROJECTION,3,0.7319999999999999,1.1581,0.6981000000000002,1.1581,180000,0,sha256:1a43e0ddf8cc02438cc76d27ba1cce86da34109d2e43dcc8ed7c9d581b95b39d
mask_fragment-n200000-w512-m0900-s1222,mask_fragment,512,0.9,200000,1222,180000,early_mask_fragment,6,ORDER_BY,3,147.8945,174.14209999999997,145.89280000000002,174.14209999999997,180000,0,sha256:1a43e0ddf8cc02438cc76d27ba1cce86da34109d2e43dcc8ed7c9d581b95b39d
mask_fragment-n200000-w512-m0900-s1222,mask_fragment,512,0.9,200000,1222,180000,early_mask_fragment,7,PROJECTION,3,0.48880000000000007,0.5176999999999999,0.4483,0.5176999999999999,180000,0,sha256:1a43e0ddf8cc02438cc76d27ba1cce86da34109d2e43dcc8ed7c9d581b95b39d
mask_fragment-n200000-w512-m0900-s1222,mask_fragment,512,0.9,200000,1222,180000,early_mask_fragment,8,HASH_JOIN,3,12.3687,24.503899999999998,11.644300000000001,24.503899999999998,180000,0,sha256:1a43e0ddf8cc02438cc76d27ba1cce86da34109d2e43dcc8ed7c9d581b95b39d
mask_fragment-n200000-w512-m0900-s1222,mask_fragment,512,0.9,200000,1222,180000,early_mask_fragment,9,CTE_SCAN,3,0.7705000000000002,0.9216000000000001,0.7275,0.9216000000000001,200000,0,sha256:1a43e0ddf8cc02438cc76d27ba1cce86da34109d2e43dcc8ed7c9d581b95b39d
mask_fragment-n200000-w512-m0900-s1222,mask_fragment,512,0.9,200000,1222,180000,early_mask_fragment,10,SEQ_SCAN,3,0.038299999999999994,0.0948,0.0275,0.0948,10000,10000,sha256:1a43e0ddf8cc02438cc76d27ba1cce86da34109d2e43dcc8ed7c9d581b95b39d
mask_fragment-n200000-w512-m0900-s1222,mask_fragment,512,0.9,200000,1222,180000,late_mask_fragment,0,EXPLAIN_ANALYZE,3,0.0006,0.0007,0.00019999999999999998,0.0007,0,0,sha256:18bd7fb3b6d02ff88c53bf4a74124c631590d7e276f031a9034dc7f9cb857902
mask_fragment-n200000-w512-m0900-s1222,mask_fragment,512,0.9,200000,1222,180000,late_mask_fragment,1,BATCH_CREATE_TABLE_AS,3,25.8425,27.0291,19.897999999999993,27.0291,1,0,sha256:18bd7fb3b6d02ff88c53bf4a74124c631590d7e276f031a9034dc7f9cb857902
mask_fragment-n200000-w512-m0900-s1222,mask_fragment,512,0.9,200000,1222,180000,late_mask_fragment,2,PROJECTION,3,1.5098000000000003,1.6208999999999998,1.1687,1.6208999999999998,180000,0,sha256:18bd7fb3b6d02ff88c53bf4a74124c631590d7e276f031a9034dc7f9cb857902
mask_fragment-n200000-w512-m0900-s1222,mask_fragment,512,0.9,200000,1222,180000,late_mask_fragment,3,ORDER_BY,3,155.74869999999996,168.1718,123.4847,168.1718,180000,0,sha256:18bd7fb3b6d02ff88c53bf4a74124c631590d7e276f031a9034dc7f9cb857902
mask_fragment-n200000-w512-m0900-s1222,mask_fragment,512,0.9,200000,1222,180000,late_mask_fragment,4,PROJECTION,3,4.131399999999999,4.8007,4.1297,4.8007,180000,0,sha256:18bd7fb3b6d02ff88c53bf4a74124c631590d7e276f031a9034dc7f9cb857902
mask_fragment-n200000-w512-m0900-s1222,mask_fragment,512,0.9,200000,1222,180000,late_mask_fragment,5,PROJECTION,3,1769.8158999999998,2010.3329000000008,1520.4146999999998,2010.3329000000008,180000,0,sha256:18bd7fb3b6d02ff88c53bf4a74124c631590d7e276f031a9034dc7f9cb857902
mask_fragment-n200000-w512-m0900-s1222,mask_fragment,512,0.9,200000,1222,180000,late_mask_fragment,6,HASH_JOIN,3,3.3236999999999997,6.3398,2.5162999999999993,6.3398,180000,0,sha256:18bd7fb3b6d02ff88c53bf4a74124c631590d7e276f031a9034dc7f9cb857902
mask_fragment-n200000-w512-m0900-s1222,mask_fragment,512,0.9,200000,1222,180000,late_mask_fragment,7,SEQ_SCAN,3,15.266599999999999,16.5039,14.513799999999998,16.5039,180000,200000,sha256:18bd7fb3b6d02ff88c53bf4a74124c631590d7e276f031a9034dc7f9cb857902
mask_fragment-n200000-w512-m0900-s1222,mask_fragment,512,0.9,200000,1222,180000,late_mask_fragment,8,SEQ_SCAN,3,0.040600000000000004,0.10679999999999999,0.030099999999999995,0.10679999999999999,10000,10000,sha256:18bd7fb3b6d02ff88c53bf4a74124c631590d7e276f031a9034dc7f9cb857902
mask_fragment-n200000-w512-m0900-s1333,mask_fragment,512,0.9,200000,1333,180000,early_mask_fragment,0,EXPLAIN_ANALYZE,3,0.00019999999999999998,0.0003,0.00019999999999999998,0.0003,0,0,sha256:1a43e0ddf8cc02438cc76d27ba1cce86da34109d2e43dcc8ed7c9d581b95b39d
mask_fragment-n200000-w512-m0900-s1333,mask_fragment,512,0.9,200000,1333,180000,early_mask_fragment,1,BATCH_CREATE_TABLE_AS,3,30.157600000000002,32.5997,29.299599999999998,32.5997,1,0,sha256:1a43e0ddf8cc02438cc76d27ba1cce86da34109d2e43dcc8ed7c9d581b95b39d
mask_fragment-n200000-w512-m0900-s1333,mask_fragment,512,0.9,200000,1333,180000,early_mask_fragment,2,CTE,3,20.188399999999998,42.5751,19.9327,42.5751,0,0,sha256:1a43e0ddf8cc02438cc76d27ba1cce86da34109d2e43dcc8ed7c9d581b95b39d
mask_fragment-n200000-w512-m0900-s1333,mask_fragment,512,0.9,200000,1333,180000,early_mask_fragment,3,PROJECTION,3,1730.2826000000002,1761.6203,1640.0036000000002,1761.6203,200000,0,sha256:1a43e0ddf8cc02438cc76d27ba1cce86da34109d2e43dcc8ed7c9d581b95b39d
mask_fragment-n200000-w512-m0900-s1333,mask_fragment,512,0.9,200000,1333,180000,early_mask_fragment,4,SEQ_SCAN,3,13.807900000000002,17.4248,13.6382,17.4248,200000,200000,sha256:1a43e0ddf8cc02438cc76d27ba1cce86da34109d2e43dcc8ed7c9d581b95b39d
mask_fragment-n200000-w512-m0900-s1333,mask_fragment,512,0.9,200000,1333,180000,early_mask_fragment,5,PROJECTION,3,1.0477,1.0671000000000002,0.8968999999999999,1.0671000000000002,180000,0,sha256:1a43e0ddf8cc02438cc76d27ba1cce86da34109d2e43dcc8ed7c9d581b95b39d
mask_fragment-n200000-w512-m0900-s1333,mask_fragment,512,0.9,200000,1333,180000,early_mask_fragment,6,ORDER_BY,3,189.00930000000002,189.76540000000003,161.50270000000003,189.76540000000003,180000,0,sha256:1a43e0ddf8cc02438cc76d27ba1cce86da34109d2e43dcc8ed7c9d581b95b39d
mask_fragment-n200000-w512-m0900-s1333,mask_fragment,512,0.9,200000,1333,180000,early_mask_fragment,7,PROJECTION,3,0.7338,0.9002,0.47570000000000007,0.9002,180000,0,sha256:1a43e0ddf8cc02438cc76d27ba1cce86da34109d2e43dcc8ed7c9d581b95b39d
mask_fragment-n200000-w512-m0900-s1333,mask_fragment,512,0.9,200000,1333,180000,early_mask_fragment,8,HASH_JOIN,3,16.743399999999998,22.0309,13.2364,22.0309,180000,0,sha256:1a43e0ddf8cc02438cc76d27ba1cce86da34109d2e43dcc8ed7c9d581b95b39d
mask_fragment-n200000-w512-m0900-s1333,mask_fragment,512,0.9,200000,1333,180000,early_mask_fragment,9,CTE_SCAN,3,1.3291,1.4159999999999997,0.9931,1.4159999999999997,200000,0,sha256:1a43e0ddf8cc02438cc76d27ba1cce86da34109d2e43dcc8ed7c9d581b95b39d
mask_fragment-n200000-w512-m0900-s1333,mask_fragment,512,0.9,200000,1333,180000,early_mask_fragment,10,SEQ_SCAN,3,0.033499999999999995,0.07499999999999998,0.0323,0.07499999999999998,10000,10000,sha256:1a43e0ddf8cc02438cc76d27ba1cce86da34109d2e43dcc8ed7c9d581b95b39d
mask_fragment-n200000-w512-m0900-s1333,mask_fragment,512,0.9,200000,1333,180000,late_mask_fragment,0,EXPLAIN_ANALYZE,3,0.0003,0.0003,0.00019999999999999998,0.0003,0,0,sha256:18bd7fb3b6d02ff88c53bf4a74124c631590d7e276f031a9034dc7f9cb857902
mask_fragment-n200000-w512-m0900-s1333,mask_fragment,512,0.9,200000,1333,180000,late_mask_fragment,1,BATCH_CREATE_TABLE_AS,3,24.969899999999996,26.802599999999998,24.371399999999994,26.802599999999998,1,0,sha256:18bd7fb3b6d02ff88c53bf4a74124c631590d7e276f031a9034dc7f9cb857902
mask_fragment-n200000-w512-m0900-s1333,mask_fragment,512,0.9,200000,1333,180000,late_mask_fragment,2,PROJECTION,3,1.4891999999999996,1.6403,1.1273,1.6403,180000,0,sha256:18bd7fb3b6d02ff88c53bf4a74124c631590d7e276f031a9034dc7f9cb857902
mask_fragment-n200000-w512-m0900-s1333,mask_fragment,512,0.9,200000,1333,180000,late_mask_fragment,3,ORDER_BY,3,158.19750000000002,180.9738,142.66179999999997,180.9738,180000,0,sha256:18bd7fb3b6d02ff88c53bf4a74124c631590d7e276f031a9034dc7f9cb857902
mask_fragment-n200000-w512-m0900-s1333,mask_fragment,512,0.9,200000,1333,180000,late_mask_fragment,4,PROJECTION,3,5.183800000000001,7.200900000000001,3.9327999999999994,7.200900000000001,180000,0,sha256:18bd7fb3b6d02ff88c53bf4a74124c631590d7e276f031a9034dc7f9cb857902
mask_fragment-n200000-w512-m0900-s1333,mask_fragment,512,0.9,200000,1333,180000,late_mask_fragment,5,PROJECTION,3,1686.9695,1794.5269999999994,1582.9826000000003,1794.5269999999994,180000,0,sha256:18bd7fb3b6d02ff88c53bf4a74124c631590d7e276f031a9034dc7f9cb857902
mask_fragment-n200000-w512-m0900-s1333,mask_fragment,512,0.9,200000,1333,180000,late_mask_fragment,6,HASH_JOIN,3,2.7654000000000005,5.7804,2.3629,5.7804,180000,0,sha256:18bd7fb3b6d02ff88c53bf4a74124c631590d7e276f031a9034dc7f9cb857902
mask_fragment-n200000-w512-m0900-s1333,mask_fragment,512,0.9,200000,1333,180000,late_mask_fragment,7,SEQ_SCAN,3,15.571400000000004,15.738900000000001,14.933599999999995,15.738900000000001,180000,200000,sha256:18bd7fb3b6d02ff88c53bf4a74124c631590d7e276f031a9034dc7f9cb857902
mask_fragment-n200000-w512-m0900-s1333,mask_fragment,512,0.9,200000,1333,180000,late_mask_fragment,8,SEQ_SCAN,3,0.041499999999999995,0.0719,0.025599999999999998,0.0719,10000,10000,sha256:18bd7fb3b6d02ff88c53bf4a74124c631590d7e276f031a9034dc7f9cb857902
mask_fragment-n200000-w512-m0900-s1444,mask_fragment,512,0.9,200000,1444,180000,early_mask_fragment,0,EXPLAIN_ANALYZE,3,0.00019999999999999998,0.0003,0.00019999999999999998,0.0003,0,0,sha256:1a43e0ddf8cc02438cc76d27ba1cce86da34109d2e43dcc8ed7c9d581b95b39d
mask_fragment-n200000-w512-m0900-s1444,mask_fragment,512,0.9,200000,1444,180000,early_mask_fragment,1,BATCH_CREATE_TABLE_AS,3,44.1336,59.6722,37.995999999999995,59.6722,1,0,sha256:1a43e0ddf8cc02438cc76d27ba1cce86da34109d2e43dcc8ed7c9d581b95b39d
mask_fragment-n200000-w512-m0900-s1444,mask_fragment,512,0.9,200000,1444,180000,early_mask_fragment,2,CTE,3,27.317799999999988,39.184200000000004,25.803899999999995,39.184200000000004,0,0,sha256:1a43e0ddf8cc02438cc76d27ba1cce86da34109d2e43dcc8ed7c9d581b95b39d
mask_fragment-n200000-w512-m0900-s1444,mask_fragment,512,0.9,200000,1444,180000,early_mask_fragment,3,PROJECTION,3,2169.9661000000006,2262.3377999999993,2098.8794000000003,2262.3377999999993,200000,0,sha256:1a43e0ddf8cc02438cc76d27ba1cce86da34109d2e43dcc8ed7c9d581b95b39d
mask_fragment-n200000-w512-m0900-s1444,mask_fragment,512,0.9,200000,1444,180000,early_mask_fragment,4,SEQ_SCAN,3,19.0778,24.859000000000005,18.1657,24.859000000000005,200000,200000,sha256:1a43e0ddf8cc02438cc76d27ba1cce86da34109d2e43dcc8ed7c9d581b95b39d
mask_fragment-n200000-w512-m0900-s1444,mask_fragment,512,0.9,200000,1444,180000,early_mask_fragment,5,PROJECTION,3,1.0295,1.2113000000000003,0.9925999999999997,1.2113000000000003,180000,0,sha256:1a43e0ddf8cc02438cc76d27ba1cce86da34109d2e43dcc8ed7c9d581b95b39d
mask_fragment-n200000-w512-m0900-s1444,mask_fragment,512,0.9,200000,1444,180000,early_mask_fragment,6,ORDER_BY,3,212.13669999999996,215.1133,179.6916,215.1133,180000,0,sha256:1a43e0ddf8cc02438cc76d27ba1cce86da34109d2e43dcc8ed7c9d581b95b39d
mask_fragment-n200000-w512-m0900-s1444,mask_fragment,512,0.9,200000,1444,180000,early_mask_fragment,7,PROJECTION,3,0.47659999999999997,0.5465000000000001,0.43679999999999997,0.5465000000000001,180000,0,sha256:1a43e0ddf8cc02438cc76d27ba1cce86da34109d2e43dcc8ed7c9d581b95b39d
mask_fragment-n200000-w512-m0900-s1444,mask_fragment,512,0.9,200000,1444,180000,early_mask_fragment,8,HASH_JOIN,3,10.775899999999998,14.059700000000001,9.267299999999999,14.059700000000001,180000,0,sha256:1a43e0ddf8cc02438cc76d27ba1cce86da34109d2e43dcc8ed7c9d581b95b39d
mask_fragment-n200000-w512-m0900-s1444,mask_fragment,512,0.9,200000,1444,180000,early_mask_fragment,9,CTE_SCAN,3,0.6172999999999998,0.9872,0.5698000000000001,0.9872,200000,0,sha256:1a43e0ddf8cc02438cc76d27ba1cce86da34109d2e43dcc8ed7c9d581b95b39d
mask_fragment-n200000-w512-m0900-s1444,mask_fragment,512,0.9,200000,1444,180000,early_mask_fragment,10,SEQ_SCAN,3,0.0425,0.0463,0.033800000000000004,0.0463,10000,10000,sha256:1a43e0ddf8cc02438cc76d27ba1cce86da34109d2e43dcc8ed7c9d581b95b39d
mask_fragment-n200000-w512-m0900-s1444,mask_fragment,512,0.9,200000,1444,180000,late_mask_fragment,0,EXPLAIN_ANALYZE,3,0.0006,0.0007,0.0003,0.0007,0,0,sha256:18bd7fb3b6d02ff88c53bf4a74124c631590d7e276f031a9034dc7f9cb857902
mask_fragment-n200000-w512-m0900-s1444,mask_fragment,512,0.9,200000,1444,180000,late_mask_fragment,1,BATCH_CREATE_TABLE_AS,3,26.289199999999997,30.0081,23.284400000000005,30.0081,1,0,sha256:18bd7fb3b6d02ff88c53bf4a74124c631590d7e276f031a9034dc7f9cb857902
mask_fragment-n200000-w512-m0900-s1444,mask_fragment,512,0.9,200000,1444,180000,late_mask_fragment,2,PROJECTION,3,1.4346999999999996,1.9374999999999996,1.3111,1.9374999999999996,180000,0,sha256:18bd7fb3b6d02ff88c53bf4a74124c631590d7e276f031a9034dc7f9cb857902
mask_fragment-n200000-w512-m0900-s1444,mask_fragment,512,0.9,200000,1444,180000,late_mask_fragment,3,ORDER_BY,3,176.95629999999997,198.3992,172.5101,198.3992,180000,0,sha256:18bd7fb3b6d02ff88c53bf4a74124c631590d7e276f031a9034dc7f9cb857902
mask_fragment-n200000-w512-m0900-s1444,mask_fragment,512,0.9,200000,1444,180000,late_mask_fragment,4,PROJECTION,3,4.9838,5.8537,4.8798,5.8537,180000,0,sha256:18bd7fb3b6d02ff88c53bf4a74124c631590d7e276f031a9034dc7f9cb857902
mask_fragment-n200000-w512-m0900-s1444,mask_fragment,512,0.9,200000,1444,180000,late_mask_fragment,5,PROJECTION,3,2177.9608000000003,2221.2458,2024.9649000000002,2221.2458,180000,0,sha256:18bd7fb3b6d02ff88c53bf4a74124c631590d7e276f031a9034dc7f9cb857902
mask_fragment-n200000-w512-m0900-s1444,mask_fragment,512,0.9,200000,1444,180000,late_mask_fragment,6,HASH_JOIN,3,7.541200000000001,9.472199999999999,2.7436,9.472199999999999,180000,0,sha256:18bd7fb3b6d02ff88c53bf4a74124c631590d7e276f031a9034dc7f9cb857902
mask_fragment-n200000-w512-m0900-s1444,mask_fragment,512,0.9,200000,1444,180000,late_mask_fragment,7,SEQ_SCAN,3,18.299200000000003,34.5679,15.658999999999999,34.5679,180000,200000,sha256:18bd7fb3b6d02ff88c53bf4a74124c631590d7e276f031a9034dc7f9cb857902
mask_fragment-n200000-w512-m0900-s1444,mask_fragment,512,0.9,200000,1444,180000,late_mask_fragment,8,SEQ_SCAN,3,0.03740000000000001,0.056999999999999995,0.030199999999999998,0.056999999999999995,10000,10000,sha256:18bd7fb3b6d02ff88c53bf4a74124c631590d7e276f031a9034dc7f9cb857902
mask_fragment-n200000-w512-m0900-s1555,mask_fragment,512,0.9,200000,1555,180000,early_mask_fragment,0,EXPLAIN_ANALYZE,3,0.00019999999999999998,0.0009,0.00019999999999999998,0.0009,0,0,sha256:1a43e0ddf8cc02438cc76d27ba1cce86da34109d2e43dcc8ed7c9d581b95b39d
mask_fragment-n200000-w512-m0900-s1555,mask_fragment,512,0.9,200000,1555,180000,early_mask_fragment,1,BATCH_CREATE_TABLE_AS,3,29.9192,31.205800000000007,29.405099999999997,31.205800000000007,1,0,sha256:1a43e0ddf8cc02438cc76d27ba1cce86da34109d2e43dcc8ed7c9d581b95b39d
mask_fragment-n200000-w512-m0900-s1555,mask_fragment,512,0.9,200000,1555,180000,early_mask_fragment,2,CTE,3,23.3161,38.37999999999999,20.822,38.37999999999999,0,0,sha256:1a43e0ddf8cc02438cc76d27ba1cce86da34109d2e43dcc8ed7c9d581b95b39d
mask_fragment-n200000-w512-m0900-s1555,mask_fragment,512,0.9,200000,1555,180000,early_mask_fragment,3,PROJECTION,3,2018.6824999999997,2167.7606,1612.4441,2167.7606,200000,0,sha256:1a43e0ddf8cc02438cc76d27ba1cce86da34109d2e43dcc8ed7c9d581b95b39d
mask_fragment-n200000-w512-m0900-s1555,mask_fragment,512,0.9,200000,1555,180000,early_mask_fragment,4,SEQ_SCAN,3,20.878099999999996,21.728199999999998,14.924800000000001,21.728199999999998,200000,200000,sha256:1a43e0ddf8cc02438cc76d27ba1cce86da34109d2e43dcc8ed7c9d581b95b39d
mask_fragment-n200000-w512-m0900-s1555,mask_fragment,512,0.9,200000,1555,180000,early_mask_fragment,5,PROJECTION,3,0.9422999999999998,1.2058999999999993,0.8746000000000004,1.2058999999999993,180000,0,sha256:1a43e0ddf8cc02438cc76d27ba1cce86da34109d2e43dcc8ed7c9d581b95b39d
mask_fragment-n200000-w512-m0900-s1555,mask_fragment,512,0.9,200000,1555,180000,early_mask_fragment,6,ORDER_BY,3,158.76459999999997,166.68839999999994,152.5045,166.68839999999994,180000,0,sha256:1a43e0ddf8cc02438cc76d27ba1cce86da34109d2e43dcc8ed7c9d581b95b39d
mask_fragment-n200000-w512-m0900-s1555,mask_fragment,512,0.9,200000,1555,180000,early_mask_fragment,7,PROJECTION,3,0.43410000000000004,0.5189000000000001,0.35569999999999996,0.5189000000000001,180000,0,sha256:1a43e0ddf8cc02438cc76d27ba1cce86da34109d2e43dcc8ed7c9d581b95b39d
mask_fragment-n200000-w512-m0900-s1555,mask_fragment,512,0.9,200000,1555,180000,early_mask_fragment,8,HASH_JOIN,3,10.7544,12.720200000000002,9.438999999999998,12.720200000000002,180000,0,sha256:1a43e0ddf8cc02438cc76d27ba1cce86da34109d2e43dcc8ed7c9d581b95b39d
mask_fragment-n200000-w512-m0900-s1555,mask_fragment,512,0.9,200000,1555,180000,early_mask_fragment,9,CTE_SCAN,3,0.7001000000000001,2.3131999999999997,0.4921,2.3131999999999997,200000,0,sha256:1a43e0ddf8cc02438cc76d27ba1cce86da34109d2e43dcc8ed7c9d581b95b39d
mask_fragment-n200000-w512-m0900-s1555,mask_fragment,512,0.9,200000,1555,180000,early_mask_fragment,10,SEQ_SCAN,3,0.08409999999999998,0.9444,0.031900000000000005,0.9444,10000,10000,sha256:1a43e0ddf8cc02438cc76d27ba1cce86da34109d2e43dcc8ed7c9d581b95b39d
mask_fragment-n200000-w512-m0900-s1555,mask_fragment,512,0.9,200000,1555,180000,late_mask_fragment,0,EXPLAIN_ANALYZE,3,0.0003,0.0005,0.0003,0.0005,0,0,sha256:18bd7fb3b6d02ff88c53bf4a74124c631590d7e276f031a9034dc7f9cb857902
mask_fragment-n200000-w512-m0900-s1555,mask_fragment,512,0.9,200000,1555,180000,late_mask_fragment,1,BATCH_CREATE_TABLE_AS,3,24.506800000000013,27.1121,24.385099999999998,27.1121,1,0,sha256:18bd7fb3b6d02ff88c53bf4a74124c631590d7e276f031a9034dc7f9cb857902
mask_fragment-n200000-w512-m0900-s1555,mask_fragment,512,0.9,200000,1555,180000,late_mask_fragment,2,PROJECTION,3,1.8342000000000003,3.6899,1.2368999999999999,3.6899,180000,0,sha256:18bd7fb3b6d02ff88c53bf4a74124c631590d7e276f031a9034dc7f9cb857902
mask_fragment-n200000-w512-m0900-s1555,mask_fragment,512,0.9,200000,1555,180000,late_mask_fragment,3,ORDER_BY,3,187.351,197.1507,167.2837,197.1507,180000,0,sha256:18bd7fb3b6d02ff88c53bf4a74124c631590d7e276f031a9034dc7f9cb857902
mask_fragment-n200000-w512-m0900-s1555,mask_fragment,512,0.9,200000,1555,180000,late_mask_fragment,4,PROJECTION,3,5.491500000000001,6.019599999999998,4.323800000000001,6.019599999999998,180000,0,sha256:18bd7fb3b6d02ff88c53bf4a74124c631590d7e276f031a9034dc7f9cb857902
mask_fragment-n200000-w512-m0900-s1555,mask_fragment,512,0.9,200000,1555,180000,late_mask_fragment,5,PROJECTION,3,1830.7099999999994,1887.5073,1780.9887999999994,1887.5073,180000,0,sha256:18bd7fb3b6d02ff88c53bf4a74124c631590d7e276f031a9034dc7f9cb857902
mask_fragment-n200000-w512-m0900-s1555,mask_fragment,512,0.9,200000,1555,180000,late_mask_fragment,6,HASH_JOIN,3,3.3751,4.163099999999999,3.180999999999999,4.163099999999999,180000,0,sha256:18bd7fb3b6d02ff88c53bf4a74124c631590d7e276f031a9034dc7f9cb857902
mask_fragment-n200000-w512-m0900-s1555,mask_fragment,512,0.9,200000,1555,180000,late_mask_fragment,7,SEQ_SCAN,3,16.273600000000002,21.035700000000006,13.685,21.035700000000006,180000,200000,sha256:18bd7fb3b6d02ff88c53bf4a74124c631590d7e276f031a9034dc7f9cb857902
mask_fragment-n200000-w512-m0900-s1555,mask_fragment,512,0.9,200000,1555,180000,late_mask_fragment,8,SEQ_SCAN,3,0.0483,0.14920000000000003,0.0379,0.14920000000000003,10000,10000,sha256:18bd7fb3b6d02ff88c53bf4a74124c631590d7e276f031a9034dc7f9cb857902
mask_fragment-n200000-w512-m1000-s1111,mask_fragment,512,1.0,200000,1111,200000,early_mask_fragment,0,EXPLAIN_ANALYZE,3,0.0003,0.0005,0.00019999999999999998,0.0005,0,0,sha256:1a43e0ddf8cc02438cc76d27ba1cce86da34109d2e43dcc8ed7c9d581b95b39d
mask_fragment-n200000-w512-m1000-s1111,mask_fragment,512,1.0,200000,1111,200000,early_mask_fragment,1,BATCH_CREATE_TABLE_AS,3,39.0361,40.021699999999996,33.402200000000015,40.021699999999996,1,0,sha256:1a43e0ddf8cc02438cc76d27ba1cce86da34109d2e43dcc8ed7c9d581b95b39d
mask_fragment-n200000-w512-m1000-s1111,mask_fragment,512,1.0,200000,1111,200000,early_mask_fragment,2,CTE,3,31.2,33.01610000000001,25.141099999999998,33.01610000000001,0,0,sha256:1a43e0ddf8cc02438cc76d27ba1cce86da34109d2e43dcc8ed7c9d581b95b39d
mask_fragment-n200000-w512-m1000-s1111,mask_fragment,512,1.0,200000,1111,200000,early_mask_fragment,3,PROJECTION,3,1805.3048999999994,1963.9638000000004,1669.1441999999997,1963.9638000000004,200000,0,sha256:1a43e0ddf8cc02438cc76d27ba1cce86da34109d2e43dcc8ed7c9d581b95b39d
mask_fragment-n200000-w512-m1000-s1111,mask_fragment,512,1.0,200000,1111,200000,early_mask_fragment,4,SEQ_SCAN,3,13.8893,14.566500000000003,13.688899999999997,14.566500000000003,200000,200000,sha256:1a43e0ddf8cc02438cc76d27ba1cce86da34109d2e43dcc8ed7c9d581b95b39d
mask_fragment-n200000-w512-m1000-s1111,mask_fragment,512,1.0,200000,1111,200000,early_mask_fragment,5,PROJECTION,3,1.13,1.1625,1.0341999999999998,1.1625,200000,0,sha256:1a43e0ddf8cc02438cc76d27ba1cce86da34109d2e43dcc8ed7c9d581b95b39d
mask_fragment-n200000-w512-m1000-s1111,mask_fragment,512,1.0,200000,1111,200000,early_mask_fragment,6,ORDER_BY,3,188.98250000000004,220.4837,185.1353,220.4837,200000,0,sha256:1a43e0ddf8cc02438cc76d27ba1cce86da34109d2e43dcc8ed7c9d581b95b39d
mask_fragment-n200000-w512-m1000-s1111,mask_fragment,512,1.0,200000,1111,200000,early_mask_fragment,7,PROJECTION,3,0.6689,0.7034,0.6490999999999999,0.7034,200000,0,sha256:1a43e0ddf8cc02438cc76d27ba1cce86da34109d2e43dcc8ed7c9d581b95b39d
mask_fragment-n200000-w512-m1000-s1111,mask_fragment,512,1.0,200000,1111,200000,early_mask_fragment,8,HASH_JOIN,3,13.295899999999998,14.4962,11.6156,14.4962,200000,0,sha256:1a43e0ddf8cc02438cc76d27ba1cce86da34109d2e43dcc8ed7c9d581b95b39d
mask_fragment-n200000-w512-m1000-s1111,mask_fragment,512,1.0,200000,1111,200000,early_mask_fragment,9,CTE_SCAN,3,0.8603000000000001,1.0645999999999998,0.7605000000000002,1.0645999999999998,200000,0,sha256:1a43e0ddf8cc02438cc76d27ba1cce86da34109d2e43dcc8ed7c9d581b95b39d
mask_fragment-n200000-w512-m1000-s1111,mask_fragment,512,1.0,200000,1111,200000,early_mask_fragment,10,SEQ_SCAN,3,0.041400000000000006,0.0458,0.034999999999999996,0.0458,10000,10000,sha256:1a43e0ddf8cc02438cc76d27ba1cce86da34109d2e43dcc8ed7c9d581b95b39d
mask_fragment-n200000-w512-m1000-s1111,mask_fragment,512,1.0,200000,1111,200000,late_mask_fragment,0,EXPLAIN_ANALYZE,3,0.00019999999999999998,0.0003,0.00019999999999999998,0.0003,0,0,sha256:92b825cb6ca6efd8c921ae328d9dcd567e5fc1cecda65d185180a168e33b45c9
mask_fragment-n200000-w512-m1000-s1111,mask_fragment,512,1.0,200000,1111,200000,late_mask_fragment,1,BATCH_CREATE_TABLE_AS,3,26.5074,27.043,23.0809,27.043,1,0,sha256:92b825cb6ca6efd8c921ae328d9dcd567e5fc1cecda65d185180a168e33b45c9
mask_fragment-n200000-w512-m1000-s1111,mask_fragment,512,1.0,200000,1111,200000,late_mask_fragment,2,PROJECTION,3,1.4072999999999996,1.9479000000000002,1.3930000000000007,1.9479000000000002,200000,0,sha256:92b825cb6ca6efd8c921ae328d9dcd567e5fc1cecda65d185180a168e33b45c9
mask_fragment-n200000-w512-m1000-s1111,mask_fragment,512,1.0,200000,1111,200000,late_mask_fragment,3,ORDER_BY,3,163.80449999999996,178.10899999999995,150.0787,178.10899999999995,200000,0,sha256:92b825cb6ca6efd8c921ae328d9dcd567e5fc1cecda65d185180a168e33b45c9
mask_fragment-n200000-w512-m1000-s1111,mask_fragment,512,1.0,200000,1111,200000,late_mask_fragment,4,PROJECTION,3,4.4313,4.5424,3.7895,4.5424,200000,0,sha256:92b825cb6ca6efd8c921ae328d9dcd567e5fc1cecda65d185180a168e33b45c9
mask_fragment-n200000-w512-m1000-s1111,mask_fragment,512,1.0,200000,1111,200000,late_mask_fragment,5,PROJECTION,3,1734.657,1751.3466,1732.5483,1751.3466,200000,0,sha256:92b825cb6ca6efd8c921ae328d9dcd567e5fc1cecda65d185180a168e33b45c9
mask_fragment-n200000-w512-m1000-s1111,mask_fragment,512,1.0,200000,1111,200000,late_mask_fragment,6,HASH_JOIN,3,2.7983,3.4741000000000004,2.6477000000000004,3.4741000000000004,200000,0,sha256:92b825cb6ca6efd8c921ae328d9dcd567e5fc1cecda65d185180a168e33b45c9
mask_fragment-n200000-w512-m1000-s1111,mask_fragment,512,1.0,200000,1111,200000,late_mask_fragment,7,SEQ_SCAN,3,13.921300000000004,13.9939,11.101699999999997,13.9939,200000,200000,sha256:92b825cb6ca6efd8c921ae328d9dcd567e5fc1cecda65d185180a168e33b45c9
mask_fragment-n200000-w512-m1000-s1111,mask_fragment,512,1.0,200000,1111,200000,late_mask_fragment,8,SEQ_SCAN,3,0.04000000000000001,0.23450000000000001,0.024400000000000005,0.23450000000000001,10000,10000,sha256:92b825cb6ca6efd8c921ae328d9dcd567e5fc1cecda65d185180a168e33b45c9
mask_fragment-n200000-w512-m1000-s1222,mask_fragment,512,1.0,200000,1222,200000,early_mask_fragment,0,EXPLAIN_ANALYZE,3,0.0003,0.0003,9.999999999999999e-05,0.0003,0,0,sha256:1a43e0ddf8cc02438cc76d27ba1cce86da34109d2e43dcc8ed7c9d581b95b39d
mask_fragment-n200000-w512-m1000-s1222,mask_fragment,512,1.0,200000,1222,200000,early_mask_fragment,1,BATCH_CREATE_TABLE_AS,3,33.8122,34.781,30.978999999999996,34.781,1,0,sha256:1a43e0ddf8cc02438cc76d27ba1cce86da34109d2e43dcc8ed7c9d581b95b39d
mask_fragment-n200000-w512-m1000-s1222,mask_fragment,512,1.0,200000,1222,200000,early_mask_fragment,2,CTE,3,19.864099999999997,30.124599999999994,17.500600000000002,30.124599999999994,0,0,sha256:1a43e0ddf8cc02438cc76d27ba1cce86da34109d2e43dcc8ed7c9d581b95b39d
mask_fragment-n200000-w512-m1000-s1222,mask_fragment,512,1.0,200000,1222,200000,early_mask_fragment,3,PROJECTION,3,1731.6073,2021.9666999999997,1675.5928999999999,2021.9666999999997,200000,0,sha256:1a43e0ddf8cc02438cc76d27ba1cce86da34109d2e43dcc8ed7c9d581b95b39d
mask_fragment-n200000-w512-m1000-s1222,mask_fragment,512,1.0,200000,1222,200000,early_mask_fragment,4,SEQ_SCAN,3,14.5219,18.406599999999997,12.704400000000001,18.406599999999997,200000,200000,sha256:1a43e0ddf8cc02438cc76d27ba1cce86da34109d2e43dcc8ed7c9d581b95b39d
mask_fragment-n200000-w512-m1000-s1222,mask_fragment,512,1.0,200000,1222,200000,early_mask_fragment,5,PROJECTION,3,1.0623,1.1787,0.9446000000000001,1.1787,200000,0,sha256:1a43e0ddf8cc02438cc76d27ba1cce86da34109d2e43dcc8ed7c9d581b95b39d
mask_fragment-n200000-w512-m1000-s1222,mask_fragment,512,1.0,200000,1222,200000,early_mask_fragment,6,ORDER_BY,3,188.66119999999998,222.59210000000002,184.935,222.59210000000002,200000,0,sha256:1a43e0ddf8cc02438cc76d27ba1cce86da34109d2e43dcc8ed7c9d581b95b39d
mask_fragment-n200000-w512-m1000-s1222,mask_fragment,512,1.0,200000,1222,200000,early_mask_fragment,7,PROJECTION,3,0.8798999999999998,0.9430999999999998,0.643,0.9430999999999998,200000,0,sha256:1a43e0ddf8cc02438cc76d27ba1cce86da34109d2e43dcc8ed7c9d581b95b39d
mask_fragment-n200000-w512-m1000-s1222,mask_fragment,512,1.0,200000,1222,200000,early_mask_fragment,8,HASH_JOIN,3,19.622699999999995,30.857000000000003,13.3848,30.857000000000003,200000,0,sha256:1a43e0ddf8cc02438cc76d27ba1cce86da34109d2e43dcc8ed7c9d581b95b39d
mask_fragment-n200000-w512-m1000-s1222,mask_fragment,512,1.0,200000,1222,200000,early_mask_fragment,9,CTE_SCAN,3,1.1634000000000002,1.7001999999999997,0.9312999999999999,1.7001999999999997,200000,0,sha256:1a43e0ddf8cc02438cc76d27ba1cce86da34109d2e43dcc8ed7c9d581b95b39d
mask_fragment-n200000-w512-m1000-s1222,mask_fragment,512,1.0,200000,1222,200000,early_mask_fragment,10,SEQ_SCAN,3,0.0329,0.06,0.0287,0.06,10000,10000,sha256:1a43e0ddf8cc02438cc76d27ba1cce86da34109d2e43dcc8ed7c9d581b95b39d
mask_fragment-n200000-w512-m1000-s1222,mask_fragment,512,1.0,200000,1222,200000,late_mask_fragment,0,EXPLAIN_ANALYZE,3,0.0003,0.0014,0.00019999999999999998,0.0014,0,0,sha256:92b825cb6ca6efd8c921ae328d9dcd567e5fc1cecda65d185180a168e33b45c9
mask_fragment-n200000-w512-m1000-s1222,mask_fragment,512,1.0,200000,1222,200000,late_mask_fragment,1,BATCH_CREATE_TABLE_AS,3,28.065199999999997,33.82480000000001,26.771399999999996,33.82480000000001,1,0,sha256:92b825cb6ca6efd8c921ae328d9dcd567e5fc1cecda65d185180a168e33b45c9
mask_fragment-n200000-w512-m1000-s1222,mask_fragment,512,1.0,200000,1222,200000,late_mask_fragment,2,PROJECTION,3,1.5169000000000001,1.6256,1.2989,1.6256,200000,0,sha256:92b825cb6ca6efd8c921ae328d9dcd567e5fc1cecda65d185180a168e33b45c9
mask_fragment-n200000-w512-m1000-s1222,mask_fragment,512,1.0,200000,1222,200000,late_mask_fragment,3,ORDER_BY,3,183.4296,195.1789,171.78279999999998,195.1789,200000,0,sha256:92b825cb6ca6efd8c921ae328d9dcd567e5fc1cecda65d185180a168e33b45c9
mask_fragment-n200000-w512-m1000-s1222,mask_fragment,512,1.0,200000,1222,200000,late_mask_fragment,4,PROJECTION,3,4.6162,4.6228,4.4568,4.6228,200000,0,sha256:92b825cb6ca6efd8c921ae328d9dcd567e5fc1cecda65d185180a168e33b45c9
mask_fragment-n200000-w512-m1000-s1222,mask_fragment,512,1.0,200000,1222,200000,late_mask_fragment,5,PROJECTION,3,2022.5031999999997,2089.114199999999,1995.8081999999997,2089.114199999999,200000,0,sha256:92b825cb6ca6efd8c921ae328d9dcd567e5fc1cecda65d185180a168e33b45c9
mask_fragment-n200000-w512-m1000-s1222,mask_fragment,512,1.0,200000,1222,200000,late_mask_fragment,6,HASH_JOIN,3,2.8486,3.2046000000000006,2.6058,3.2046000000000006,200000,0,sha256:92b825cb6ca6efd8c921ae328d9dcd567e5fc1cecda65d185180a168e33b45c9
mask_fragment-n200000-w512-m1000-s1222,mask_fragment,512,1.0,200000,1222,200000,late_mask_fragment,7,SEQ_SCAN,3,13.112499999999999,14.948600000000003,12.278300000000002,14.948600000000003,200000,200000,sha256:92b825cb6ca6efd8c921ae328d9dcd567e5fc1cecda65d185180a168e33b45c9
mask_fragment-n200000-w512-m1000-s1222,mask_fragment,512,1.0,200000,1222,200000,late_mask_fragment,8,SEQ_SCAN,3,0.04579999999999999,0.1051,0.028499999999999998,0.1051,10000,10000,sha256:92b825cb6ca6efd8c921ae328d9dcd567e5fc1cecda65d185180a168e33b45c9
mask_fragment-n200000-w512-m1000-s1333,mask_fragment,512,1.0,200000,1333,200000,early_mask_fragment,0,EXPLAIN_ANALYZE,3,0.0003,0.0003,0.00019999999999999998,0.0003,0,0,sha256:1a43e0ddf8cc02438cc76d27ba1cce86da34109d2e43dcc8ed7c9d581b95b39d
mask_fragment-n200000-w512-m1000-s1333,mask_fragment,512,1.0,200000,1333,200000,early_mask_fragment,1,BATCH_CREATE_TABLE_AS,3,33.0523,34.6624,32.734,34.6624,1,0,sha256:1a43e0ddf8cc02438cc76d27ba1cce86da34109d2e43dcc8ed7c9d581b95b39d
mask_fragment-n200000-w512-m1000-s1333,mask_fragment,512,1.0,200000,1333,200000,early_mask_fragment,2,CTE,3,23.1775,34.686499999999995,18.601899999999997,34.686499999999995,0,0,sha256:1a43e0ddf8cc02438cc76d27ba1cce86da34109d2e43dcc8ed7c9d581b95b39d
mask_fragment-n200000-w512-m1000-s1333,mask_fragment,512,1.0,200000,1333,200000,early_mask_fragment,3,PROJECTION,3,1817.3210000000001,2531.1927,1635.6175999999998,2531.1927,200000,0,sha256:1a43e0ddf8cc02438cc76d27ba1cce86da34109d2e43dcc8ed7c9d581b95b39d
mask_fragment-n200000-w512-m1000-s1333,mask_fragment,512,1.0,200000,1333,200000,early_mask_fragment,4,SEQ_SCAN,3,13.796400000000002,18.2743,10.975100000000001,18.2743,200000,200000,sha256:1a43e0ddf8cc02438cc76d27ba1cce86da34109d2e43dcc8ed7c9d581b95b39d
mask_fragment-n200000-w512-m1000-s1333,mask_fragment,512,1.0,200000,1333,200000,early_mask_fragment,5,PROJECTION,3,1.1865,1.31,1.0789000000000002,1.31,200000,0,sha256:1a43e0ddf8cc02438cc76d27ba1cce86da34109d2e43dcc8ed7c9d581b95b39d
mask_fragment-n200000-w512-m1000-s1333,mask_fragment,512,1.0,200000,1333,200000,early_mask_fragment,6,ORDER_BY,3,188.01800000000003,194.916,182.60329999999996,194.916,200000,0,sha256:1a43e0ddf8cc02438cc76d27ba1cce86da34109d2e43dcc8ed7c9d581b95b39d
mask_fragment-n200000-w512-m1000-s1333,mask_fragment,512,1.0,200000,1333,200000,early_mask_fragment,7,PROJECTION,3,0.702,1.3099,0.6468999999999999,1.3099,200000,0,sha256:1a43e0ddf8cc02438cc76d27ba1cce86da34109d2e43dcc8ed7c9d581b95b39d
mask_fragment-n200000-w512-m1000-s1333,mask_fragment,512,1.0,200000,1333,200000,early_mask_fragment,8,HASH_JOIN,3,12.823300000000001,14.328900000000003,11.071599999999998,14.328900000000003,200000,0,sha256:1a43e0ddf8cc02438cc76d27ba1cce86da34109d2e43dcc8ed7c9d581b95b39d
mask_fragment-n200000-w512-m1000-s1333,mask_fragment,512,1.0,200000,1333,200000,early_mask_fragment,9,CTE_SCAN,3,1.0805,1.9785000000000001,0.7907,1.9785000000000001,200000,0,sha256:1a43e0ddf8cc02438cc76d27ba1cce86da34109d2e43dcc8ed7c9d581b95b39d
mask_fragment-n200000-w512-m1000-s1333,mask_fragment,512,1.0,200000,1333,200000,early_mask_fragment,10,SEQ_SCAN,3,0.038,0.039400000000000004,0.0353,0.039400000000000004,10000,10000,sha256:1a43e0ddf8cc02438cc76d27ba1cce86da34109d2e43dcc8ed7c9d581b95b39d
mask_fragment-n200000-w512-m1000-s1333,mask_fragment,512,1.0,200000,1333,200000,late_mask_fragment,0,EXPLAIN_ANALYZE,3,0.0003,0.00039999999999999996,0.00019999999999999998,0.00039999999999999996,0,0,sha256:92b825cb6ca6efd8c921ae328d9dcd567e5fc1cecda65d185180a168e33b45c9
mask_fragment-n200000-w512-m1000-s1333,mask_fragment,512,1.0,200000,1333,200000,late_mask_fragment,1,BATCH_CREATE_TABLE_AS,3,27.400599999999997,30.747400000000003,26.186100000000003,30.747400000000003,1,0,sha256:92b825cb6ca6efd8c921ae328d9dcd567e5fc1cecda65d185180a168e33b45c9
mask_fragment-n200000-w512-m1000-s1333,mask_fragment,512,1.0,200000,1333,200000,late_mask_fragment,2,PROJECTION,3,1.4594,3.9583000000000004,1.2868000000000002,3.9583000000000004,200000,0,sha256:92b825cb6ca6efd8c921ae328d9dcd567e5fc1cecda65d185180a168e33b45c9
mask_fragment-n200000-w512-m1000-s1333,mask_fragment,512,1.0,200000,1333,200000,late_mask_fragment,3,ORDER_BY,3,177.3572,179.21300000000002,175.1174,179.21300000000002,200000,0,sha256:92b825cb6ca6efd8c921ae328d9dcd567e5fc1cecda65d185180a168e33b45c9
mask_fragment-n200000-w512-m1000-s1333,mask_fragment,512,1.0,200000,1333,200000,late_mask_fragment,4,PROJECTION,3,4.1301,4.4738,3.5636999999999985,4.4738,200000,0,sha256:92b825cb6ca6efd8c921ae328d9dcd567e5fc1cecda65d185180a168e33b45c9
mask_fragment-n200000-w512-m1000-s1333,mask_fragment,512,1.0,200000,1333,200000,late_mask_fragment,5,PROJECTION,3,1802.4877,1853.8663000000004,1689.3061999999995,1853.8663000000004,200000,0,sha256:92b825cb6ca6efd8c921ae328d9dcd567e5fc1cecda65d185180a168e33b45c9
mask_fragment-n200000-w512-m1000-s1333,mask_fragment,512,1.0,200000,1333,200000,late_mask_fragment,6,HASH_JOIN,3,2.9853999999999994,3.0020999999999995,2.7703999999999995,3.0020999999999995,200000,0,sha256:92b825cb6ca6efd8c921ae328d9dcd567e5fc1cecda65d185180a168e33b45c9
mask_fragment-n200000-w512-m1000-s1333,mask_fragment,512,1.0,200000,1333,200000,late_mask_fragment,7,SEQ_SCAN,3,16.346,21.9631,12.755500000000001,21.9631,200000,200000,sha256:92b825cb6ca6efd8c921ae328d9dcd567e5fc1cecda65d185180a168e33b45c9
mask_fragment-n200000-w512-m1000-s1333,mask_fragment,512,1.0,200000,1333,200000,late_mask_fragment,8,SEQ_SCAN,3,0.0346,0.05099999999999999,0.0267,0.05099999999999999,10000,10000,sha256:92b825cb6ca6efd8c921ae328d9dcd567e5fc1cecda65d185180a168e33b45c9
mask_fragment-n200000-w512-m1000-s1444,mask_fragment,512,1.0,200000,1444,200000,early_mask_fragment,0,EXPLAIN_ANALYZE,3,0.0003,0.0009,0.00019999999999999998,0.0009,0,0,sha256:1a43e0ddf8cc02438cc76d27ba1cce86da34109d2e43dcc8ed7c9d581b95b39d
mask_fragment-n200000-w512-m1000-s1444,mask_fragment,512,1.0,200000,1444,200000,early_mask_fragment,1,BATCH_CREATE_TABLE_AS,3,48.17779999999998,49.316700000000004,28.980000000000004,49.316700000000004,1,0,sha256:1a43e0ddf8cc02438cc76d27ba1cce86da34109d2e43dcc8ed7c9d581b95b39d
mask_fragment-n200000-w512-m1000-s1444,mask_fragment,512,1.0,200000,1444,200000,early_mask_fragment,2,CTE,3,32.481300000000005,55.23080000000001,29.2407,55.23080000000001,0,0,sha256:1a43e0ddf8cc02438cc76d27ba1cce86da34109d2e43dcc8ed7c9d581b95b39d
mask_fragment-n200000-w512-m1000-s1444,mask_fragment,512,1.0,200000,1444,200000,early_mask_fragment,3,PROJECTION,3,2378.6138,2564.0482999999995,2164.7317000000003,2564.0482999999995,200000,0,sha256:1a43e0ddf8cc02438cc76d27ba1cce86da34109d2e43dcc8ed7c9d581b95b39d
mask_fragment-n200000-w512-m1000-s1444,mask_fragment,512,1.0,200000,1444,200000,early_mask_fragment,4,SEQ_SCAN,3,21.865100000000005,26.8828,16.049299999999995,26.8828,200000,200000,sha256:1a43e0ddf8cc02438cc76d27ba1cce86da34109d2e43dcc8ed7c9d581b95b39d
mask_fragment-n200000-w512-m1000-s1444,mask_fragment,512,1.0,200000,1444,200000,early_mask_fragment,5,PROJECTION,3,1.1656,1.6737,1.0819999999999996,1.6737,200000,0,sha256:1a43e0ddf8cc02438cc76d27ba1cce86da34109d2e43dcc8ed7c9d581b95b39d
mask_fragment-n200000-w512-m1000-s1444,mask_fragment,512,1.0,200000,1444,200000,early_mask_fragment,6,ORDER_BY,3,253.0045,271.40930000000003,160.28209999999999,271.40930000000003,200000,0,sha256:1a43e0ddf8cc02438cc76d27ba1cce86da34109d2e43dcc8ed7c9d581b95b39d
mask_fragment-n200000-w512-m1000-s1444,mask_fragment,512,1.0,200000,1444,200000,early_mask_fragment,7,PROJECTION,3,0.6743000000000001,0.7450000000000001,0.5593,0.7450000000000001,200000,0,sha256:1a43e0ddf8cc02438cc76d27ba1cce86da34109d2e43dcc8ed7c9d581b95b39d
mask_fragment-n200000-w512-m1000-s1444,mask_fragment,512,1.0,200000,1444,200000,early_mask_fragment,8,HASH_JOIN,3,19.688599999999997,23.460299999999997,14.673300000000001,23.460299999999997,200000,0,sha256:1a43e0ddf8cc02438cc76d27ba1cce86da34109d2e43dcc8ed7c9d581b95b39d
mask_fragment-n200000-w512-m1000-s1444,mask_fragment,512,1.0,200000,1444,200000,early_mask_fragment,9,CTE_SCAN,3,0.9777000000000002,1.0654,0.8393,1.0654,200000,0,sha256:1a43e0ddf8cc02438cc76d27ba1cce86da34109d2e43dcc8ed7c9d581b95b39d
mask_fragment-n200000-w512-m1000-s1444,mask_fragment,512,1.0,200000,1444,200000,early_mask_fragment,10,SEQ_SCAN,3,0.039999999999999994,0.050800000000000005,0.038700000000000005,0.050800000000000005,10000,10000,sha256:1a43e0ddf8cc02438cc76d27ba1cce86da34109d2e43dcc8ed7c9d581b95b39d
mask_fragment-n200000-w512-m1000-s1444,mask_fragment,512,1.0,200000,1444,200000,late_mask_fragment,0,EXPLAIN_ANALYZE,3,0.0003,0.0003,0.00019999999999999998,0.0003,0,0,sha256:92b825cb6ca6efd8c921ae328d9dcd567e5fc1cecda65d185180a168e33b45c9
mask_fragment-n200000-w512-m1000-s1444,mask_fragment,512,1.0,200000,1444,200000,late_mask_fragment,1,BATCH_CREATE_TABLE_AS,3,26.1663,27.9027,24.9069,27.9027,1,0,sha256:92b825cb6ca6efd8c921ae328d9dcd567e5fc1cecda65d185180a168e33b45c9
mask_fragment-n200000-w512-m1000-s1444,mask_fragment,512,1.0,200000,1444,200000,late_mask_fragment,2,PROJECTION,3,1.3553000000000002,3.6604,1.2080000000000002,3.6604,200000,0,sha256:92b825cb6ca6efd8c921ae328d9dcd567e5fc1cecda65d185180a168e33b45c9
mask_fragment-n200000-w512-m1000-s1444,mask_fragment,512,1.0,200000,1444,200000,late_mask_fragment,3,ORDER_BY,3,183.98620000000003,193.78409999999997,153.53529999999998,193.78409999999997,200000,0,sha256:92b825cb6ca6efd8c921ae328d9dcd567e5fc1cecda65d185180a168e33b45c9
mask_fragment-n200000-w512-m1000-s1444,mask_fragment,512,1.0,200000,1444,200000,late_mask_fragment,4,PROJECTION,3,4.549100000000001,4.8471,4.5360000000000005,4.8471,200000,0,sha256:92b825cb6ca6efd8c921ae328d9dcd567e5fc1cecda65d185180a168e33b45c9
mask_fragment-n200000-w512-m1000-s1444,mask_fragment,512,1.0,200000,1444,200000,late_mask_fragment,5,PROJECTION,3,1693.952,1949.1681999999998,1689.2766000000001,1949.1681999999998,200000,0,sha256:92b825cb6ca6efd8c921ae328d9dcd567e5fc1cecda65d185180a168e33b45c9
mask_fragment-n200000-w512-m1000-s1444,mask_fragment,512,1.0,200000,1444,200000,late_mask_fragment,6,HASH_JOIN,3,2.9668,3.3564000000000007,2.6331000000000007,3.3564000000000007,200000,0,sha256:92b825cb6ca6efd8c921ae328d9dcd567e5fc1cecda65d185180a168e33b45c9
mask_fragment-n200000-w512-m1000-s1444,mask_fragment,512,1.0,200000,1444,200000,late_mask_fragment,7,SEQ_SCAN,3,14.877999999999995,16.9145,12.568900000000003,16.9145,200000,200000,sha256:92b825cb6ca6efd8c921ae328d9dcd567e5fc1cecda65d185180a168e33b45c9
mask_fragment-n200000-w512-m1000-s1444,mask_fragment,512,1.0,200000,1444,200000,late_mask_fragment,8,SEQ_SCAN,3,0.10450000000000001,0.12029999999999999,0.05260000000000001,0.12029999999999999,10000,10000,sha256:92b825cb6ca6efd8c921ae328d9dcd567e5fc1cecda65d185180a168e33b45c9
mask_fragment-n200000-w512-m1000-s1555,mask_fragment,512,1.0,200000,1555,200000,early_mask_fragment,0,EXPLAIN_ANALYZE,3,0.00019999999999999998,0.00039999999999999996,0.00019999999999999998,0.00039999999999999996,0,0,sha256:1a43e0ddf8cc02438cc76d27ba1cce86da34109d2e43dcc8ed7c9d581b95b39d
mask_fragment-n200000-w512-m1000-s1555,mask_fragment,512,1.0,200000,1555,200000,early_mask_fragment,1,BATCH_CREATE_TABLE_AS,3,36.8537,37.0976,32.56309999999999,37.0976,1,0,sha256:1a43e0ddf8cc02438cc76d27ba1cce86da34109d2e43dcc8ed7c9d581b95b39d
mask_fragment-n200000-w512-m1000-s1555,mask_fragment,512,1.0,200000,1555,200000,early_mask_fragment,2,CTE,3,19.084899999999998,39.2515,18.2107,39.2515,0,0,sha256:1a43e0ddf8cc02438cc76d27ba1cce86da34109d2e43dcc8ed7c9d581b95b39d
mask_fragment-n200000-w512-m1000-s1555,mask_fragment,512,1.0,200000,1555,200000,early_mask_fragment,3,PROJECTION,3,1816.5860999999998,1874.0926,1703.8029000000001,1874.0926,200000,0,sha256:1a43e0ddf8cc02438cc76d27ba1cce86da34109d2e43dcc8ed7c9d581b95b39d
mask_fragment-n200000-w512-m1000-s1555,mask_fragment,512,1.0,200000,1555,200000,early_mask_fragment,4,SEQ_SCAN,3,12.342700000000002,14.511099999999994,10.9007,14.511099999999994,200000,200000,sha256:1a43e0ddf8cc02438cc76d27ba1cce86da34109d2e43dcc8ed7c9d581b95b39d
mask_fragment-n200000-w512-m1000-s1555,mask_fragment,512,1.0,200000,1555,200000,early_mask_fragment,5,PROJECTION,3,0.9438,0.9871000000000001,0.8827000000000002,0.9871000000000001,200000,0,sha256:1a43e0ddf8cc02438cc76d27ba1cce86da34109d2e43dcc8ed7c9d581b95b39d
mask_fragment-n200000-w512-m1000-s1555,mask_fragment,512,1.0,200000,1555,200000,early_mask_fragment,6,ORDER_BY,3,189.44850000000002,198.0861,188.91970000000003,198.0861,200000,0,sha256:1a43e0ddf8cc02438cc76d27ba1cce86da34109d2e43dcc8ed7c9d581b95b39d
mask_fragment-n200000-w512-m1000-s1555,mask_fragment,512,1.0,200000,1555,200000,early_mask_fragment,7,PROJECTION,3,0.6535,1.4984000000000002,0.5174,1.4984000000000002,200000,0,sha256:1a43e0ddf8cc02438cc76d27ba1cce86da34109d2e43dcc8ed7c9d581b95b39d
mask_fragment-n200000-w512-m1000-s1555,mask_fragment,512,1.0,200000,1555,200000,early_mask_fragment,8,HASH_JOIN,3,16.739699999999996,18.007199999999994,11.953499999999998,18.007199999999994,200000,0,sha256:1a43e0ddf8cc02438cc76d27ba1cce86da34109d2e43dcc8ed7c9d581b95b39d
mask_fragment-n200000-w512-m1000-s1555,mask_fragment,512,1.0,200000,1555,200000,early_mask_fragment,9,CTE_SCAN,3,0.7643000000000001,0.8239999999999998,0.656,0.8239999999999998,200000,0,sha256:1a43e0ddf8cc02438cc76d27ba1cce86da34109d2e43dcc8ed7c9d581b95b39d
mask_fragment-n200000-w512-m1000-s1555,mask_fragment,512,1.0,200000,1555,200000,early_mask_fragment,10,SEQ_SCAN,3,0.039,0.23250000000000004,0.026799999999999994,0.23250000000000004,10000,10000,sha256:1a43e0ddf8cc02438cc76d27ba1cce86da34109d2e43dcc8ed7c9d581b95b39d
mask_fragment-n200000-w512-m1000-s1555,mask_fragment,512,1.0,200000,1555,200000,late_mask_fragment,0,EXPLAIN_ANALYZE,3,0.0003,0.0003,0.00019999999999999998,0.0003,0,0,sha256:92b825cb6ca6efd8c921ae328d9dcd567e5fc1cecda65d185180a168e33b45c9
mask_fragment-n200000-w512-m1000-s1555,mask_fragment,512,1.0,200000,1555,200000,late_mask_fragment,1,BATCH_CREATE_TABLE_AS,3,33.96900000000001,42.68429999999999,31.0554,42.68429999999999,1,0,sha256:92b825cb6ca6efd8c921ae328d9dcd567e5fc1cecda65d185180a168e33b45c9
mask_fragment-n200000-w512-m1000-s1555,mask_fragment,512,1.0,200000,1555,200000,late_mask_fragment,2,PROJECTION,3,1.7323,7.200200000000001,1.5655999999999999,7.200200000000001,200000,0,sha256:92b825cb6ca6efd8c921ae328d9dcd567e5fc1cecda65d185180a168e33b45c9
mask_fragment-n200000-w512-m1000-s1555,mask_fragment,512,1.0,200000,1555,200000,late_mask_fragment,3,ORDER_BY,3,235.47560000000001,236.2416,198.6048,236.2416,200000,0,sha256:92b825cb6ca6efd8c921ae328d9dcd567e5fc1cecda65d185180a168e33b45c9
mask_fragment-n200000-w512-m1000-s1555,mask_fragment,512,1.0,200000,1555,200000,late_mask_fragment,4,PROJECTION,3,5.1404,17.5666,4.919300000000002,17.5666,200000,0,sha256:92b825cb6ca6efd8c921ae328d9dcd567e5fc1cecda65d185180a168e33b45c9
mask_fragment-n200000-w512-m1000-s1555,mask_fragment,512,1.0,200000,1555,200000,late_mask_fragment,5,PROJECTION,3,2280.564899999999,2303.0373999999997,2232.6078,2303.0373999999997,200000,0,sha256:92b825cb6ca6efd8c921ae328d9dcd567e5fc1cecda65d185180a168e33b45c9
mask_fragment-n200000-w512-m1000-s1555,mask_fragment,512,1.0,200000,1555,200000,late_mask_fragment,6,HASH_JOIN,3,3.7067,3.8204999999999996,3.0498,3.8204999999999996,200000,0,sha256:92b825cb6ca6efd8c921ae328d9dcd567e5fc1cecda65d185180a168e33b45c9
mask_fragment-n200000-w512-m1000-s1555,mask_fragment,512,1.0,200000,1555,200000,late_mask_fragment,7,SEQ_SCAN,3,24.809699999999996,31.398800000000005,15.749899999999997,31.398800000000005,200000,200000,sha256:92b825cb6ca6efd8c921ae328d9dcd567e5fc1cecda65d185180a168e33b45c9
mask_fragment-n200000-w512-m1000-s1555,mask_fragment,512,1.0,200000,1555,200000,late_mask_fragment,8,SEQ_SCAN,3,0.04070000000000001,0.06659999999999999,0.0337,0.06659999999999999,10000,10000,sha256:92b825cb6ca6efd8c921ae328d9dcd567e5fc1cecda65d185180a168e33b45c9
