benchmark,commit_hash,component,identifier_width,latency_ms,logical_payload_bytes,match_rate,matched_rows,order_position,physical_plan_fingerprint,repeat_index,result_digest,row_count,run_id,seed,unit_id
mask_fragment,86a3c5594a7b0bd7b33efe4c4ffaf5dc0aa17226,early_mask_fragment,128,476.4009999926202,12800000,0.9,90000,0,sha256:1a43e0ddf8cc02438cc76d27ba1cce86da34109d2e43dcc8ed7c9d581b95b39d,0,sha256:8cf92fbf89c2b796f568096af9d4b2cd627607bdf4544371c81aaf8234d726b2,100000,20260717T134222171980Z,1111,mask_fragment-n100000-w128-m0900-s1111
mask_fragment,86a3c5594a7b0bd7b33efe4c4ffaf5dc0aa17226,late_mask_fragment,128,392.1076999977231,12800000,0.9,90000,1,sha256:18bd7fb3b6d02ff88c53bf4a74124c631590d7e276f031a9034dc7f9cb857902,0,sha256:8cf92fbf89c2b796f568096af9d4b2cd627607bdf4544371c81aaf8234d726b2,100000,20260717T134222171980Z,1111,mask_fragment-n100000-w128-m0900-s1111
mask_fragment,86a3c5594a7b0bd7b33efe4c4ffaf5dc0aa17226,late_mask_fragment,128,483.69770002318546,12800000,0.9,90000,0,sha256:18bd7fb3b6d02ff88c53bf4a74124c631590d7e276f031a9034dc7f9cb857902,1,sha256:8cf92fbf89c2b796f568096af9d4b2cd627607bdf4544371c81aaf8234d726b2,100000,20260717T134222171980Z,1111,mask_fragment-n100000-w128-m0900-s1111
mask_fragment,86a3c5594a7b0bd7b33efe4c4ffaf5dc0aa17226,early_mask_fragment,128,466.1919999634847,12800000,0.9,90000,1,sha256:1a43e0ddf8cc02438cc76d27ba1cce86da34109d2e43dcc8ed7c9d581b95b39d,1,sha256:8cf92fbf89c2b796f568096af9d4b2cd627607bdf4544371c81aaf8234d726b2,100000,20260717T134222171980Z,1111,mask_fragment-n100000-w128-m0900-s1111
mask_fragment,86a3c5594a7b0bd7b33efe4c4ffaf5dc0aa17226,early_mask_fragment,128,395.30370000284165,12800000,0.9,90000,0,sha256:1a43e0ddf8cc02438cc76d27ba1cce86da34109d2e43dcc8ed7c9d581b95b39d,2,sha256:8cf92fbf89c2b796f568096af9d4b2cd627607bdf4544371c81aaf8234d726b2,100000,20260717T134222171980Z,1111,mask_fragment-n100000-w128-m0900-s1111
mask_fragment,86a3c5594a7b0bd7b33efe4c4ffaf5dc0aa17226,late_mask_fragment,128,382.66589998966083,12800000,0.9,90000,1,sha256:18bd7fb3b6d02ff88c53bf4a74124c631590d7e276f031a9034dc7f9cb857902,2,sha256:8cf92fbf89c2b796f568096af9d4b2cd627607bdf4544371c81aaf8234d726b2,100000,20260717T134222171980Z,1111,mask_fragment-n100000-w128-m0900-s1111
mask_fragment,86a3c5594a7b0bd7b33efe4c4ffaf5dc0aa17226,late_mask_fragment,128,399.2731000180356,12800000,0.9,90000,0,sha256:18bd7fb3b6d02ff88c53bf4a74124c631590d7e276f031a9034dc7f9cb857902,3,sha256:8cf92fbf89c2b796f568096af9d4b2cd627607bdf4544371c81aaf8234d726b2,100000,20260717T134222171980Z,1111,mask_fragment-n100000-w128-m0900-s1111
mask_fragment,86a3c5594a7b0bd7b33efe4c4ffaf5dc0aa17226,early_mask_fragment,128,452.98430003458634,12800000,0.9,90000,1,sha256:1a43e0ddf8cc02438cc76d27ba1cce86da34109d2e43dcc8ed7c9d581b95b39d,3,sha256:8cf92fbf89c2b796f568096af9d4b2cd627607bdf4544371c81aaf8234d726b2,100000,20260717T134222171980Z,1111,mask_fragment-n100000-w128-m0900-s1111
mask_fragment,86a3c5594a7b0bd7b33efe4c4ffaf5dc0aa17226,early_mask_fragment,128,449.06300003640354,12800000,0.9,90000,0,sha256:1a43e0ddf8cc02438cc76d27ba1cce86da34109d2e43dcc8ed7c9d581b95b39d,4,sha256:8cf92fbf89c2b796f568096af9d4b2cd627607bdf4544371c81aaf8234d726b2,100000,20260717T134222171980Z,1111,mask_fragment-n100000-w128-m0900-s1111
mask_fragment,86a3c5594a7b0bd7b33efe4c4ffaf5dc0aa17226,late_mask_fragment,128,426.5165000106208,12800000,0.9,90000,1,sha256:18bd7fb3b6d02ff88c53bf4a74124c631590d7e276f031a9034dc7f9cb857902,4,sha256:8cf92fbf89c2b796f568096af9d4b2cd627607bdf4544371c81aaf8234d726b2,100000,20260717T134222171980Z,1111,mask_fragment-n100000-w128-m0900-s1111
mask_fragment,86a3c5594a7b0bd7b33efe4c4ffaf5dc0aa17226,late_mask_fragment,128,401.8732000258751,12800000,0.9,90000,0,sha256:18bd7fb3b6d02ff88c53bf4a74124c631590d7e276f031a9034dc7f9cb857902,5,sha256:8cf92fbf89c2b796f568096af9d4b2cd627607bdf4544371c81aaf8234d726b2,100000,20260717T134222171980Z,1111,mask_fragment-n100000-w128-m0900-s1111
mask_fragment,86a3c5594a7b0bd7b33efe4c4ffaf5dc0aa17226,early_mask_fragment,128,466.9424999738112,12800000,0.9,90000,1,sha256:1a43e0ddf8cc02438cc76d27ba1cce86da34109d2e43dcc8ed7c9d581b95b39d,5,sha256:8cf92fbf89c2b796f568096af9d4b2cd627607bdf4544371c81aaf8234d726b2,100000,20260717T134222171980Z,1111,mask_fragment-n100000-w128-m0900-s1111
mask_fragment,86a3c5594a7b0bd7b33efe4c4ffaf5dc0aa17226,early_mask_fragment,128,476.60420002648607,12800000,0.9,90000,0,sha256:1a43e0ddf8cc02438cc76d27ba1cce86da34109d2e43dcc8ed7c9d581b95b39d,6,sha256:8cf92fbf89c2b796f568096af9d4b2cd627607bdf4544371c81aaf8234d726b2,100000,20260717T134222171980Z,1111,mask_fragment-n100000-w128-m0900-s1111
mask_fragment,86a3c5594a7b0bd7b33efe4c4ffaf5dc0aa17226,late_mask_fragment,128,438.96030000178143,12800000,0.9,90000,1,sha256:18bd7fb3b6d02ff88c53bf4a74124c631590d7e276f031a9034dc7f9cb857902,6,sha256:8cf92fbf89c2b796f568096af9d4b2cd627607bdf4544371c81aaf8234d726b2,100000,20260717T134222171980Z,1111,mask_fragment-n100000-w128-m0900-s1111
mask_fragment,86a3c5594a7b0bd7b33efe4c4ffaf5dc0aa17226,late_mask_fragment,128,415.88080005021766,12800000,0.9,90000,0,sha256:18bd7fb3b6d02ff88c53bf4a74124c631590d7e276f031a9034dc7f9cb857902,7,sha256:8cf92fbf89c2b796f568096af9d4b2cd627607bdf4544371c81aaf8234d726b2,100000,20260717T134222171980Z,1111,mask_fragment-n100000-w128-m0900-s1111
mask_fragment,86a3c5594a7b0bd7b33efe4c4ffaf5dc0aa17226,early_mask_fragment,128,474.85020000021905,12800000,0.9,90000,1,sha256:1a43e0ddf8cc02438cc76d27ba1cce86da34109d2e43dcc8ed7c9d581b95b39d,7,sha256:8cf92fbf89c2b796f568096af9d4b2cd627607bdf4544371c81aaf8234d726b2,100000,20260717T134222171980Z,1111,mask_fragment-n100000-w128-m0900-s1111
mask_fragment,86a3c5594a7b0bd7b33efe4c4ffaf5dc0aa17226,early_mask_fragment,128,468.5250999755226,12800000,0.9,90000,0,sha256:1a43e0ddf8cc02438cc76d27ba1cce86da34109d2e43dcc8ed7c9d581b95b39d,8,sha256:8cf92fbf89c2b796f568096af9d4b2cd627607bdf4544371c81aaf8234d726b2,100000,20260717T134222171980Z,1111,mask_fragment-n100000-w128-m0900-s1111
mask_fragment,86a3c5594a7b0bd7b33efe4c4ffaf5dc0aa17226,late_mask_fragment,128,391.5075000259094,12800000,0.9,90000,1,sha256:18bd7fb3b6d02ff88c53bf4a74124c631590d7e276f031a9034dc7f9cb857902,8,sha256:8cf92fbf89c2b796f568096af9d4b2cd627607bdf4544371c81aaf8234d726b2,100000,20260717T134222171980Z,1111,mask_fragment-n100000-w128-m0900-s1111
mask_fragment,86a3c5594a7b0bd7b33efe4c4ffaf5dc0aa17226,late_mask_fragment,128,483.0316000152379,12800000,0.9,90000,0,sha256:18bd7fb3b6d02ff88c53bf4a74124c631590d7e276f031a9034dc7f9cb857902,9,sha256:8cf92fbf89c2b796f568096af9d4b2cd627607bdf4544371c81aaf8234d726b2,100000,20260717T134222171980Z,1111,mask_fragment-n100000-w128-m0900-s1111
mask_fragment,86a3c5594a7b0bd7b33efe4c4ffaf5dc0aa17226,early_mask_fragment,128,387.99329998437315,12800000,0.9,90000,1,sha256:1a43e0ddf8cc02438cc76d27ba1cce86da34109d2e43dcc8ed7c9d581b95b39d,9,sha256:8cf92fbf89c2b796f568096af9d4b2cd627607bdf4544371c81aaf8234d726b2,100000,20260717T134222171980Z,1111,mask_fragment-n100000-w128-m0900-s1111
mask_fragment,86a3c5594a7b0bd7b33efe4c4ffaf5dc0aa17226,early_mask_fragment,128,381.9680999731645,12800000,0.9,90000,0,sha256:1a43e0ddf8cc02438cc76d27ba1cce86da34109d2e43dcc8ed7c9d581b95b39d,10,sha256:8cf92fbf89c2b796f568096af9d4b2cd627607bdf4544371c81aaf8234d726b2,100000,20260717T134222171980Z,1111,mask_fragment-n100000-w128-m0900-s1111
mask_fragment,86a3c5594a7b0bd7b33efe4c4ffaf5dc0aa17226,late_mask_fragment,128,400.60739999171346,12800000,0.9,90000,1,sha256:18bd7fb3b6d02ff88c53bf4a74124c631590d7e276f031a9034dc7f9cb857902,10,sha256:8cf92fbf89c2b796f568096af9d4b2cd627607bdf4544371c81aaf8234d726b2,100000,20260717T134222171980Z,1111,mask_fragment-n100000-w128-m0900-s1111
mask_fragment,86a3c5594a7b0bd7b33efe4c4ffaf5dc0aa17226,late_mask_fragment,128,412.4539000331424,12800000,0.9,90000,0,sha256:18bd7fb3b6d02ff88c53bf4a74124c631590d7e276f031a9034dc7f9cb857902,11,sha256:8cf92fbf89c2b796f568096af9d4b2cd627607bdf4544371c81aaf8234d726b2,100000,20260717T134222171980Z,1111,mask_fragment-n100000-w128-m0900-s1111
mask_fragment,86a3c5594a7b0bd7b33efe4c4ffaf5dc0aa17226,early_mask_fragment,128,465.4976000310853,12800000,0.9,90000,1,sha256:1a43e0ddf8cc02438cc76d27ba1cce86da34109d2e43dcc8ed7c9d581b95b39d,11,sha256:8cf92fbf89c2b796f568096af9d4b2cd627607bdf4544371c81aaf8234d726b2,100000,20260717T134222171980Z,1111,mask_fragment-n100000-w128-m0900-s1111
mask_fragment,86a3c5594a7b0bd7b33efe4c4ffaf5dc0aa17226,early_mask_fragment,128,596.0714999819174,12800000,0.9,90000,0,sha256:1a43e0ddf8cc02438cc76d27ba1cce86da34109d2e43dcc8ed7c9d581b95b39d,12,sha256:8cf92fbf89c2b796f568096af9d4b2cd627607bdf4544371c81aaf8234d726b2,100000,20260717T134222171980Z,1111,mask_fragment-n100000-w128-m0900-s1111
mask_fragment,86a3c5594a7b0bd7b33efe4c4ffaf5dc0aa17226,late_mask_fragment,128,541.369799990207,12800000,0.9,90000,1,sha256:18bd7fb3b6d02ff88c53bf4a74124c631590d7e276f031a9034dc7f9cb857902,12,sha256:8cf92fbf89c2b796f568096af9d4b2cd627607bdf4544371c81aaf8234d726b2,100000,20260717T134222171980Z,1111,mask_fragment-n100000-w128-m0900-s1111
mask_fragment,86a3c5594a7b0bd7b33efe4c4ffaf5dc0aa17226,late_mask_fragment,128,521.0092000197619,12800000,0.9,90000,0,sha256:18bd7fb3b6d02ff88c53bf4a74124c631590d7e276f031a9034dc7f9cb857902,13,sha256:8cf92fbf89c2b796f568096af9d4b2cd627607bdf4544371c81aaf8234d726b2,100000,20260717T134222171980Z,1111,mask_fragment-n100000-w128-m0900-s1111
mask_fragment,86a3c5594a7b0bd7b33efe4c4ffaf5dc0aa17226,early_mask_fragment,128,476.07169998809695,12800000,0.9,90000,1,sha256:1a43e0ddf8cc02438cc76d27ba1cce86da34109d2e43dcc8ed7c9d581b95b39d,13,sha256:8cf92fbf89c2b796f568096af9d4b2cd627607bdf4544371c81aaf8234d726b2,100000,20260717T134222171980Z,1111,mask_fragment-n100000-w128-m0900-s1111
mask_fragment,86a3c5594a7b0bd7b33efe4c4ffaf5dc0aa17226,early_mask_fragment,128,431.8358000018634,12800000,0.9,90000,0,sha256:1a43e0ddf8cc02438cc76d27ba1cce86da34109d2e43dcc8ed7c9d581b95b39d,14,sha256:8cf92fbf89c2b796f568096af9d4b2cd627607bdf4544371c81aaf8234d726b2,100000,20260717T134222171980Z,1111,mask_fragment-n100000-w128-m0900-s1111
mask_fragment,86a3c5594a7b0bd7b33efe4c4ffaf5dc0aa17226,late_mask_fragment,128,408.5987000144087,12800000,0.9,90000,1,sha256:18bd7fb3b6d02ff88c53bf4a74124c631590d7e276f031a9034dc7f9cb857902,14,sha256:8cf92fbf89c2b796f568096af9d4b2cd627607bdf4544371c81aaf8234d726b2,100000,20260717T134222171980Z,1111,mask_fragment-n100000-w128-m0900-s1111
mask_fragment,86a3c5594a7b0bd7b33efe4c4ffaf5dc0aa17226,late_mask_fragment,128,584.4581000274047,12800000,0.9,90000,0,sha256:18bd7fb3b6d02ff88c53bf4a74124c631590d7e276f031a9034dc7f9cb857902,0,sha256:80303b1736138161a2ca290fdc3c6962459e6f652402416630fe7af56686a10f,100000,20260717T134222171980Z,1222,mask_fragment-n100000-w128-m0900-s1222
mask_fragment,86a3c5594a7b0bd7b33efe4c4ffaf5dc0aa17226,early_mask_fragment,128,552.2939000511542,12800000,0.9,90000,1,sha256:1a43e0ddf8cc02438cc76d27ba1cce86da34109d2e43dcc8ed7c9d581b95b39d,0,sha256:80303b1736138161a2ca290fdc3c6962459e6f652402416630fe7af56686a10f,100000,20260717T134222171980Z,1222,mask_fragment-n100000-w128-m0900-s1222
mask_fragment,86a3c5594a7b0bd7b33efe4c4ffaf5dc0aa17226,early_mask_fragment,128,512.1063999831676,12800000,0.9,90000,0,sha256:1a43e0ddf8cc02438cc76d27ba1cce86da34109d2e43dcc8ed7c9d581b95b39d,1,sha256:80303b1736138161a2ca290fdc3c6962459e6f652402416630fe7af56686a10f,100000,20260717T134222171980Z,1222,mask_fragment-n100000-w128-m0900-s1222
mask_fragment,86a3c5594a7b0bd7b33efe4c4ffaf5dc0aa17226,late_mask_fragment,128,543.0374999996275,12800000,0.9,90000,1,sha256:18bd7fb3b6d02ff88c53bf4a74124c631590d7e276f031a9034dc7f9cb857902,1,sha256:80303b1736138161a2ca290fdc3c6962459e6f652402416630fe7af56686a10f,100000,20260717T134222171980Z,1222,mask_fragment-n100000-w128-m0900-s1222
mask_fragment,86a3c5594a7b0bd7b33efe4c4ffaf5dc0aa17226,late_mask_fragment,128,524.2324999999255,12800000,0.9,90000,0,sha256:18bd7fb3b6d02ff88c53bf4a74124c631590d7e276f031a9034dc7f9cb857902,2,sha256:80303b1736138161a2ca290fdc3c6962459e6f652402416630fe7af56686a10f,100000,20260717T134222171980Z,1222,mask_fragment-n100000-w128-m0900-s1222
mask_fragment,86a3c5594a7b0bd7b33efe4c4ffaf5dc0aa17226,early_mask_fragment,128,411.2899000174366,12800000,0.9,90000,1,sha256:1a43e0ddf8cc02438cc76d27ba1cce86da34109d2e43dcc8ed7c9d581b95b39d,2,sha256:80303b1736138161a2ca290fdc3c6962459e6f652402416630fe7af56686a10f,100000,20260717T134222171980Z,1222,mask_fragment-n100000-w128-m0900-s1222
mask_fragment,86a3c5594a7b0bd7b33efe4c4ffaf5dc0aa17226,early_mask_fragment,128,463.04140001302585,12800000,0.9,90000,0,sha256:1a43e0ddf8cc02438cc76d27ba1cce86da34109d2e43dcc8ed7c9d581b95b39d,3,sha256:80303b1736138161a2ca290fdc3c6962459e6f652402416630fe7af56686a10f,100000,20260717T134222171980Z,1222,mask_fragment-n100000-w128-m0900-s1222
mask_fragment,86a3c5594a7b0bd7b33efe4c4ffaf5dc0aa17226,late_mask_fragment,128,408.1208999850787,12800000,0.9,90000,1,sha256:18bd7fb3b6d02ff88c53bf4a74124c631590d7e276f031a9034dc7f9cb857902,3,sha256:80303b1736138161a2ca290fdc3c6962459e6f652402416630fe7af56686a10f,100000,20260717T134222171980Z,1222,mask_fragment-n100000-w128-m0900-s1222
mask_fragment,86a3c5594a7b0bd7b33efe4c4ffaf5dc0aa17226,late_mask_fragment,128,389.5098000066355,12800000,0.9,90000,0,sha256:18bd7fb3b6d02ff88c53bf4a74124c631590d7e276f031a9034dc7f9cb857902,4,sha256:80303b1736138161a2ca290fdc3c6962459e6f652402416630fe7af56686a10f,100000,20260717T134222171980Z,1222,mask_fragment-n100000-w128-m0900-s1222
mask_fragment,86a3c5594a7b0bd7b33efe4c4ffaf5dc0aa17226,early_mask_fragment,128,454.256400000304,12800000,0.9,90000,1,sha256:1a43e0ddf8cc02438cc76d27ba1cce86da34109d2e43dcc8ed7c9d581b95b39d,4,sha256:80303b1736138161a2ca290fdc3c6962459e6f652402416630fe7af56686a10f,100000,20260717T134222171980Z,1222,mask_fragment-n100000-w128-m0900-s1222
mask_fragment,86a3c5594a7b0bd7b33efe4c4ffaf5dc0aa17226,early_mask_fragment,128,438.76960000488907,12800000,0.9,90000,0,sha256:1a43e0ddf8cc02438cc76d27ba1cce86da34109d2e43dcc8ed7c9d581b95b39d,5,sha256:80303b1736138161a2ca290fdc3c6962459e6f652402416630fe7af56686a10f,100000,20260717T134222171980Z,1222,mask_fragment-n100000-w128-m0900-s1222
mask_fragment,86a3c5594a7b0bd7b33efe4c4ffaf5dc0aa17226,late_mask_fragment,128,417.6867000060156,12800000,0.9,90000,1,sha256:18bd7fb3b6d02ff88c53bf4a74124c631590d7e276f031a9034dc7f9cb857902,5,sha256:80303b1736138161a2ca290fdc3c6962459e6f652402416630fe7af56686a10f,100000,20260717T134222171980Z,1222,mask_fragment-n100000-w128-m0900-s1222
mask_fragment,86a3c5594a7b0bd7b33efe4c4ffaf5dc0aa17226,late_mask_fragment,128,559.705599967856,12800000,0.9,90000,0,sha256:18bd7fb3b6d02ff88c53bf4a74124c631590d7e276f031a9034dc7f9cb857902,6,sha256:80303b1736138161a2ca290fdc3c6962459e6f652402416630fe7af56686a10f,100000,20260717T134222171980Z,1222,mask_fragment-n100000-w128-m0900-s1222
mask_fragment,86a3c5594a7b0bd7b33efe4c4ffaf5dc0aa17226,early_mask_fragment,128,410.97179998178035,12800000,0.9,90000,1,sha256:1a43e0ddf8cc02438cc76d27ba1cce86da34109d2e43dcc8ed7c9d581b95b39d,6,sha256:80303b1736138161a2ca290fdc3c6962459e6f652402416630fe7af56686a10f,100000,20260717T134222171980Z,1222,mask_fragment-n100000-w128-m0900-s1222
mask_fragment,86a3c5594a7b0bd7b33efe4c4ffaf5dc0aa17226,early_mask_fragment,128,464.82639998430386,12800000,0.9,90000,0,sha256:1a43e0ddf8cc02438cc76d27ba1cce86da34109d2e43dcc8ed7c9d581b95b39d,7,sha256:80303b1736138161a2ca290fdc3c6962459e6f652402416630fe7af56686a10f,100000,20260717T134222171980Z,1222,mask_fragment-n100000-w128-m0900-s1222
mask_fragment,86a3c5594a7b0bd7b33efe4c4ffaf5dc0aa17226,late_mask_fragment,128,558.2862000446767,12800000,0.9,90000,1,sha256:18bd7fb3b6d02ff88c53bf4a74124c631590d7e276f031a9034dc7f9cb857902,7,sha256:80303b1736138161a2ca290fdc3c6962459e6f652402416630fe7af56686a10f,100000,20260717T134222171980Z,1222,mask_fragment-n100000-w128-m0900-s1222
mask_fragment,86a3c5594a7b0bd7b33efe4c4ffaf5dc0aa17226,late_mask_fragment,128,527.7821000199765,12800000,0.9,90000,0,sha256:18bd7fb3b6d02ff88c53bf4a74124c631590d7e276f031a9034dc7f9cb857902,8,sha256:80303b1736138161a2ca290fdc3c6962459e6f652402416630fe7af56686a10f,100000,20260717T134222171980Z,1222,mask_fragment-n100000-w128-m0900-s1222
mask_fragment,86a3c5594a7b0bd7b33efe4c4ffaf5dc0aa17226,early_mask_fragment,128,467.92259998619556,12800000,0.9,90000,1,sha256:1a43e0ddf8cc02438cc76d27ba1cce86da34109d2e43dcc8ed7c9d581b95b39d,8,sha256:80303b1736138161a2ca290fdc3c6962459e6f652402416630fe7af56686a10f,100000,20260717T134222171980Z,1222,mask_fragment-n100000-w128-m0900-s1222
mask_fragment,86a3c5594a7b0bd7b33efe4c4ffaf5dc0aa17226,early_mask_fragment,128,468.87570002581924,12800000,0.9,90000,0,sha256:1a43e0ddf8cc02438cc76d27ba1cce86da34109d2e43dcc8ed7c9d581b95b39d,9,sha256:80303b1736138161a2ca290fdc3c6962459e6f652402416630fe7af56686a10f,100000,20260717T134222171980Z,1222,mask_fragment-n100000-w128-m0900-s1222
mask_fragment,86a3c5594a7b0bd7b33efe4c4ffaf5dc0aa17226,late_mask_fragment,128,457.3048999882303,12800000,0.9,90000,1,sha256:18bd7fb3b6d02ff88c53bf4a74124c631590d7e276f031a9034dc7f9cb857902,9,sha256:80303b1736138161a2ca290fdc3c6962459e6f652402416630fe7af56686a10f,100000,20260717T134222171980Z,1222,mask_fragment-n100000-w128-m0900-s1222
mask_fragment,86a3c5594a7b0bd7b33efe4c4ffaf5dc0aa17226,late_mask_fragment,128,487.2085999813862,12800000,0.9,90000,0,sha256:18bd7fb3b6d02ff88c53bf4a74124c631590d7e276f031a9034dc7f9cb857902,10,sha256:80303b1736138161a2ca290fdc3c6962459e6f652402416630fe7af56686a10f,100000,20260717T134222171980Z,1222,mask_fragment-n100000-w128-m0900-s1222
mask_fragment,86a3c5594a7b0bd7b33efe4c4ffaf5dc0aa17226,early_mask_fragment,128,528.0065999832004,12800000,0.9,90000,1,sha256:1a43e0ddf8cc02438cc76d27ba1cce86da34109d2e43dcc8ed7c9d581b95b39d,10,sha256:80303b1736138161a2ca290fdc3c6962459e6f652402416630fe7af56686a10f,100000,20260717T134222171980Z,1222,mask_fragment-n100000-w128-m0900-s1222
mask_fragment,86a3c5594a7b0bd7b33efe4c4ffaf5dc0aa17226,early_mask_fragment,128,454.57729999907315,12800000,0.9,90000,0,sha256:1a43e0ddf8cc02438cc76d27ba1cce86da34109d2e43dcc8ed7c9d581b95b39d,11,sha256:80303b1736138161a2ca290fdc3c6962459e6f652402416630fe7af56686a10f,100000,20260717T134222171980Z,1222,mask_fragment-n100000-w128-m0900-s1222
mask_fragment,86a3c5594a7b0bd7b33efe4c4ffaf5dc0aa17226,late_mask_fragment,128,455.19559999229386,12800000,0.9,90000,1,sha256:18bd7fb3b6d02ff88c53bf4a74124c631590d7e276f031a9034dc7f9cb857902,11,sha256:80303b1736138161a2ca290fdc3c6962459e6f652402416630fe7af56686a10f,100000,20260717T134222171980Z,1222,mask_fragment-n100000-w128-m0900-s1222
mask_fragment,86a3c5594a7b0bd7b33efe4c4ffaf5dc0aa17226,late_mask_fragment,128,450.8090000017546,12800000,0.9,90000,0,sha256:18bd7fb3b6d02ff88c53bf4a74124c631590d7e276f031a9034dc7f9cb857902,12,sha256:80303b1736138161a2ca290fdc3c6962459e6f652402416630fe7af56686a10f,100000,20260717T134222171980Z,1222,mask_fragment-n100000-w128-m0900-s1222
mask_fragment,86a3c5594a7b0bd7b33efe4c4ffaf5dc0aa17226,early_mask_fragment,128,503.1973000150174,12800000,0.9,90000,1,sha256:1a43e0ddf8cc02438cc76d27ba1cce86da34109d2e43dcc8ed7c9d581b95b39d,12,sha256:80303b1736138161a2ca290fdc3c6962459e6f652402416630fe7af56686a10f,100000,20260717T134222171980Z,1222,mask_fragment-n100000-w128-m0900-s1222
mask_fragment,86a3c5594a7b0bd7b33efe4c4ffaf5dc0aa17226,early_mask_fragment,128,463.31520000239834,12800000,0.9,90000,0,sha256:1a43e0ddf8cc02438cc76d27ba1cce86da34109d2e43dcc8ed7c9d581b95b39d,13,sha256:80303b1736138161a2ca290fdc3c6962459e6f652402416630fe7af56686a10f,100000,20260717T134222171980Z,1222,mask_fragment-n100000-w128-m0900-s1222
mask_fragment,86a3c5594a7b0bd7b33efe4c4ffaf5dc0aa17226,late_mask_fragment,128,441.43080001231283,12800000,0.9,90000,1,sha256:18bd7fb3b6d02ff88c53bf4a74124c631590d7e276f031a9034dc7f9cb857902,13,sha256:80303b1736138161a2ca290fdc3c6962459e6f652402416630fe7af56686a10f,100000,20260717T134222171980Z,1222,mask_fragment-n100000-w128-m0900-s1222
mask_fragment,86a3c5594a7b0bd7b33efe4c4ffaf5dc0aa17226,late_mask_fragment,128,416.7528999969363,12800000,0.9,90000,0,sha256:18bd7fb3b6d02ff88c53bf4a74124c631590d7e276f031a9034dc7f9cb857902,14,sha256:80303b1736138161a2ca290fdc3c6962459e6f652402416630fe7af56686a10f,100000,20260717T134222171980Z,1222,mask_fragment-n100000-w128-m0900-s1222
mask_fragment,86a3c5594a7b0bd7b33efe4c4ffaf5dc0aa17226,early_mask_fragment,128,468.5803000465967,12800000,0.9,90000,1,sha256:1a43e0ddf8cc02438cc76d27ba1cce86da34109d2e43dcc8ed7c9d581b95b39d,14,sha256:80303b1736138161a2ca290fdc3c6962459e6f652402416630fe7af56686a10f,100000,20260717T134222171980Z,1222,mask_fragment-n100000-w128-m0900-s1222
mask_fragment,86a3c5594a7b0bd7b33efe4c4ffaf5dc0aa17226,late_mask_fragment,128,513.8692000182346,12800000,0.9,90000,0,sha256:18bd7fb3b6d02ff88c53bf4a74124c631590d7e276f031a9034dc7f9cb857902,0,sha256:5427982a3a86df2c7fb1c756c610bbae87879d85a4765e285f0089cbaec458d1,100000,20260717T134222171980Z,1333,mask_fragment-n100000-w128-m0900-s1333
mask_fragment,86a3c5594a7b0bd7b33efe4c4ffaf5dc0aa17226,early_mask_fragment,128,589.377099997364,12800000,0.9,90000,1,sha256:1a43e0ddf8cc02438cc76d27ba1cce86da34109d2e43dcc8ed7c9d581b95b39d,0,sha256:5427982a3a86df2c7fb1c756c610bbae87879d85a4765e285f0089cbaec458d1,100000,20260717T134222171980Z,1333,mask_fragment-n100000-w128-m0900-s1333
mask_fragment,86a3c5594a7b0bd7b33efe4c4ffaf5dc0aa17226,early_mask_fragment,128,562.3866000096314,12800000,0.9,90000,0,sha256:1a43e0ddf8cc02438cc76d27ba1cce86da34109d2e43dcc8ed7c9d581b95b39d,1,sha256:5427982a3a86df2c7fb1c756c610bbae87879d85a4765e285f0089cbaec458d1,100000,20260717T134222171980Z,1333,mask_fragment-n100000-w128-m0900-s1333
mask_fragment,86a3c5594a7b0bd7b33efe4c4ffaf5dc0aa17226,late_mask_fragment,128,627.4590999819338,12800000,0.9,90000,1,sha256:18bd7fb3b6d02ff88c53bf4a74124c631590d7e276f031a9034dc7f9cb857902,1,sha256:5427982a3a86df2c7fb1c756c610bbae87879d85a4765e285f0089cbaec458d1,100000,20260717T134222171980Z,1333,mask_fragment-n100000-w128-m0900-s1333
mask_fragment,86a3c5594a7b0bd7b33efe4c4ffaf5dc0aa17226,late_mask_fragment,128,517.4502999871038,12800000,0.9,90000,0,sha256:18bd7fb3b6d02ff88c53bf4a74124c631590d7e276f031a9034dc7f9cb857902,2,sha256:5427982a3a86df2c7fb1c756c610bbae87879d85a4765e285f0089cbaec458d1,100000,20260717T134222171980Z,1333,mask_fragment-n100000-w128-m0900-s1333
mask_fragment,86a3c5594a7b0bd7b33efe4c4ffaf5dc0aa17226,early_mask_fragment,128,596.4740000199527,12800000,0.9,90000,1,sha256:1a43e0ddf8cc02438cc76d27ba1cce86da34109d2e43dcc8ed7c9d581b95b39d,2,sha256:5427982a3a86df2c7fb1c756c610bbae87879d85a4765e285f0089cbaec458d1,100000,20260717T134222171980Z,1333,mask_fragment-n100000-w128-m0900-s1333
mask_fragment,86a3c5594a7b0bd7b33efe4c4ffaf5dc0aa17226,early_mask_fragment,128,513.7267999816686,12800000,0.9,90000,0,sha256:1a43e0ddf8cc02438cc76d27ba1cce86da34109d2e43dcc8ed7c9d581b95b39d,3,sha256:5427982a3a86df2c7fb1c756c610bbae87879d85a4765e285f0089cbaec458d1,100000,20260717T134222171980Z,1333,mask_fragment-n100000-w128-m0900-s1333
mask_fragment,86a3c5594a7b0bd7b33efe4c4ffaf5dc0aa17226,late_mask_fragment,128,569.5926999906078,12800000,0.9,90000,1,sha256:18bd7fb3b6d02ff88c53bf4a74124c631590d7e276f031a9034dc7f9cb857902,3,sha256:5427982a3a86df2c7fb1c756c610bbae87879d85a4765e285f0089cbaec458d1,100000,20260717T134222171980Z,1333,mask_fragment-n100000-w128-m0900-s1333
mask_fragment,86a3c5594a7b0bd7b33efe4c4ffaf5dc0aa17226,late_mask_fragment,128,669.2576999776065,12800000,0.9,90000,0,sha256:18bd7fb3b6d02ff88c53bf4a74124c631590d7e276f031a9034dc7f9cb857902,4,sha256:5427982a3a86df2c7fb1c756c610bbae87879d85a4765e285f0089cbaec458d1,100000,20260717T134222171980Z,1333,mask_fragment-n100000-w128-m0900-s1333
mask_fragment,86a3c5594a7b0bd7b33efe4c4ffaf5dc0aa17226,early_mask_fragment,128,541.244900028687,12800000,0.9,90000,1,sha256:1a43e0ddf8cc02438cc76d27ba1cce86da34109d2e43dcc8ed7c9d581b95b39d,4,sha256:5427982a3a86df2c7fb1c756c610bbae87879d85a4765e285f0089cbaec458d1,100000,20260717T134222171980Z,1333,mask_fragment-n100000-w128-m0900-s1333
mask_fragment,86a3c5594a7b0bd7b33efe4c4ffaf5dc0aa17226,early_mask_fragment,128,532.4254999868572,12800000,0.9,90000,0,sha256:1a43e0ddf8cc02438cc76d27ba1cce86da34109d2e43dcc8ed7c9d581b95b39d,5,sha256:5427982a3a86df2c7fb1c756c610bbae87879d85a4765e285f0089cbaec458d1,100000,20260717T134222171980Z,1333,mask_fragment-n100000-w128-m0900-s1333
mask_fragment,86a3c5594a7b0bd7b33efe4c4ffaf5dc0aa17226,late_mask_fragment,128,487.38890001550317,12800000,0.9,90000,1,sha256:18bd7fb3b6d02ff88c53bf4a74124c631590d7e276f031a9034dc7f9cb857902,5,sha256:5427982a3a86df2c7fb1c756c610bbae87879d85a4765e285f0089cbaec458d1,100000,20260717T134222171980Z,1333,mask_fragment-n100000-w128-m0900-s1333
mask_fragment,86a3c5594a7b0bd7b33efe4c4ffaf5dc0aa17226,late_mask_fragment,128,810.5786999803968,12800000,0.9,90000,0,sha256:18bd7fb3b6d02ff88c53bf4a74124c631590d7e276f031a9034dc7f9cb857902,6,sha256:5427982a3a86df2c7fb1c756c610bbae87879d85a4765e285f0089cbaec458d1,100000,20260717T134222171980Z,1333,mask_fragment-n100000-w128-m0900-s1333
mask_fragment,86a3c5594a7b0bd7b33efe4c4ffaf5dc0aa17226,early_mask_fragment,128,525.7058999850415,12800000,0.9,90000,1,sha256:1a43e0ddf8cc02438cc76d27ba1cce86da34109d2e43dcc8ed7c9d581b95b39d,6,sha256:5427982a3a86df2c7fb1c756c610bbae87879d85a4765e285f0089cbaec458d1,100000,20260717T134222171980Z,1333,mask_fragment-n100000-w128-m0900-s1333
mask_fragment,86a3c5594a7b0bd7b33efe4c4ffaf5dc0aa17226,early_mask_fragment,128,542.3693000338972,12800000,0.9,90000,0,sha256:1a43e0ddf8cc02438cc76d27ba1cce86da34109d2e43dcc8ed7c9d581b95b39d,7,sha256:5427982a3a86df2c7fb1c756c610bbae87879d85a4765e285f0089cbaec458d1,100000,20260717T134222171980Z,1333,mask_fragment-n100000-w128-m0900-s1333
mask_fragment,86a3c5594a7b0bd7b33efe4c4ffaf5dc0aa17226,late_mask_fragment,128,689.2193999956362,12800000,0.9,90000,1,sha256:18bd7fb3b6d02ff88c53bf4a74124c631590d7e276f031a9034dc7f9cb857902,7,sha256:5427982a3a86df2c7fb1c756c610bbae87879d85a4765e285f0089cbaec458d1,100000,20260717T134222171980Z,1333,mask_fragment-n100000-w128-m0900-s1333
mask_fragment,86a3c5594a7b0bd7b33efe4c4ffaf5dc0aa17226,late_mask_fragment,128,570.5498000024818,12800000,0.9,90000,0,sha256:18bd7fb3b6d02ff88c53bf4a74124c631590d7e276f031a9034dc7f9cb857902,8,sha256:5427982a3a86df2c7fb1c756c610bbae87879d85a4765e285f0089cbaec458d1,100000,20260717T134222171980Z,1333,mask_fragment-n100000-w128-m0900-s1333
mask_fragment,86a3c5594a7b0bd7b33efe4c4ffaf5dc0aa17226,early_mask_fragment,128,600.5172000150196,12800000,0.9,90000,1,sha256:1a43e0ddf8cc02438cc76d27ba1cce86da34109d2e43dcc8ed7c9d581b95b39d,8,sha256:5427982a3a86df2c7fb1c756c610bbae87879d85a4765e285f0089cbaec458d1,100000,20260717T134222171980Z,1333,mask_fragment-n100000-w128-m0900-s1333
mask_fragment,86a3c5594a7b0bd7b33efe4c4ffaf5dc0aa17226,early_mask_fragment,128,639.3356000189669,12800000,0.9,90000,0,sha256:1a43e0ddf8cc02438cc76d27ba1cce86da34109d2e43dcc8ed7c9d581b95b39d,9,sha256:5427982a3a86df2c7fb1c756c610bbae87879d85a4765e285f0089cbaec458d1,100000,20260717T134222171980Z,1333,mask_fragment-n100000-w128-m0900-s1333
mask_fragment,86a3c5594a7b0bd7b33efe4c4ffaf5dc0aa17226,late_mask_fragment,128,502.3646000190638,12800000,0.9,90000,1,sha256:18bd7fb3b6d02ff88c53bf4a74124c631590d7e276f031a9034dc7f9cb857902,9,sha256:5427982a3a86df2c7fb1c756c610bbae87879d85a4765e285f0089cbaec458d1,100000,20260717T134222171980Z,1333,mask_fragment-n100000-w128-m0900-s1333
mask_fragment,86a3c5594a7b0bd7b33efe4c4ffaf5dc0aa17226,late_mask_fragment,128,522.4669000017457,12800000,0.9,90000,0,sha256:18bd7fb3b6d02ff88c53bf4a74124c631590d7e276f031a9034dc7f9cb857902,10,sha256:5427982a3a86df2c7fb1c756c610bbae87879d85a4765e285f0089cbaec458d1,100000,20260717T134222171980Z,1333,mask_fragment-n100000-w128-m0900-s1333
mask_fragment,86a3c5594a7b0bd7b33efe4c4ffaf5dc0aa17226,early_mask_fragment,128,486.47649999475107,12800000,0.9,90000,1,sha256:1a43e0ddf8cc02438cc76d27ba1cce86da34109d2e43dcc8ed7c9d581b95b39d,10,sha256:5427982a3a86df2c7fb1c756c610bbae87879d85a4765e285f0089cbaec458d1,100000,20260717T134222171980Z,1333,mask_fragment-n100000-w128-m0900-s1333
mask_fragment,86a3c5594a7b0bd7b33efe4c4ffaf5dc0aa17226,early_mask_fragment,128,468.62790000159293,12800000,0.9,90000,0,sha256:1a43e0ddf8cc02438cc76d27ba1cce86da34109d2e43dcc8ed7c9d581b95b39d,11,sha256:5427982a3a86df2c7fb1c756c610bbae87879d85a4765e285f0089cbaec458d1,100000,20260717T134222171980Z,1333,mask_fragment-n100000-w128-m0900-s1333
mask_fragment,86a3c5594a7b0bd7b33efe4c4ffaf5dc0aa17226,late_mask_fragment,128,424.20760000823066,12800000,0.9,90000,1,sha256:18bd7fb3b6d02ff88c53bf4a74124c631590d7e276f031a9034dc7f9cb857902,11,sha256:5427982a3a86df2c7fb1c756c610bbae87879d85a4765e285f0089cbaec458d1,100000,20260717T134222171980Z,1333,mask_fragment-n100000-w128-m0900-s1333
mask_fragment,86a3c5594a7b0bd7b33efe4c4ffaf5dc0aa17226,late_mask_fragment,128,433.6652000201866,12800000,0.9,90000,0,sha256:18bd7fb3b6d02ff88c53bf4a74124c631590d7e276f031a9034dc7f9cb857902,12,sha256:5427982a3a86df2c7fb1c756c610bbae87879d85a4765e285f0089cbaec458d1,100000,20260717T134222171980Z,1333,mask_fragment-n100000-w128-m0900-s1333
mask_fragment,86a3c5594a7b0bd7b33efe4c4ffaf5dc0aa17226,early_mask_fragment,128,433.1600000150502,12800000,0.9,90000,1,sha256:1a43e0ddf8cc02438cc76d27ba1cce86da34109d2e43dcc8ed7c9d581b95b39d,12,sha256:5427982a3a86df2c7fb1c756c610bbae87879d85a4765e285f0089cbaec458d1,100000,20260717T134222171980Z,1333,mask_fragment-n100000-w128-m0900-s1333
mask_fragment,86a3c5594a7b0bd7b33efe4c4ffaf5dc0aa17226,early_mask_fragment,128,454.4356999685988,12800000,0.9,90000,0,sha256:1a43e0ddf8cc02438cc76d27ba1cce86da34109d2e43dcc8ed7c9d581b95b39d,13,sha256:5427982a3a86df2c7fb1c756c610bbae87879d85a4765e285f0089cbaec458d1,100000,20260717T134222171980Z,1333,mask_fragment-n100000-w128-m0900-s1333
mask_fragment,86a3c5594a7b0bd7b33efe4c4ffaf5dc0aa17226,late_mask_fragment,128,443.71440005488694,12800000,0.9,90000,1,sha256:18bd7fb3b6d02ff88c53bf4a74124c631590d7e276f031a9034dc7f9cb857902,13,sha256:5427982a3a86df2c7fb1c756c610bbae87879d85a4765e285f0089cbaec458d1,100000,20260717T134222171980Z,1333,mask_fragment-n100000-w128-m0900-s1333
mask_fragment,86a3c5594a7b0bd7b33efe4c4ffaf5dc0aa17226,late_mask_fragment,128,474.3826999911107,12800000,0.9,90000,0,sha256:18bd7fb3b6d02ff88c53bf4a74124c631590d7e276f031a9034dc7f9cb857902,14,sha256:5427982a3a86df2c7fb1c756c610bbae87879d85a4765e285f0089cbaec458d1,100000,20260717T134222171980Z,1333,mask_fragment-n100000-w128-m0900-s1333
mask_fragment,86a3c5594a7b0bd7b33efe4c4ffaf5dc0aa17226,early_mask_fragment,128,1357.5799000100233,12800000,0.9,90000,1,sha256:1a43e0ddf8cc02438cc76d27ba1cce86da34109d2e43dcc8ed7c9d581b95b39d,14,sha256:5427982a3a86df2c7fb1c756c610bbae87879d85a4765e285f0089cbaec458d1,100000,20260717T134222171980Z,1333,mask_fragment-n100000-w128-m0900-s1333
mask_fragment,86a3c5594a7b0bd7b33efe4c4ffaf5dc0aa17226,late_mask_fragment,128,541.6041000280529,12800000,0.9,90000,0,sha256:18bd7fb3b6d02ff88c53bf4a74124c631590d7e276f031a9034dc7f9cb857902,0,sha256:9059119b6f9adcc5c606aeaf035c7f0b8a022d913362e8a99ddbf25d0abca801,100000,20260717T134222171980Z,1444,mask_fragment-n100000-w128-m0900-s1444
mask_fragment,86a3c5594a7b0bd7b33efe4c4ffaf5dc0aa17226,early_mask_fragment,128,436.2037999671884,12800000,0.9,90000,1,sha256:1a43e0ddf8cc02438cc76d27ba1cce86da34109d2e43dcc8ed7c9d581b95b39d,0,sha256:9059119b6f9adcc5c606aeaf035c7f0b8a022d913362e8a99ddbf25d0abca801,100000,20260717T134222171980Z,1444,mask_fragment-n100000-w128-m0900-s1444
mask_fragment,86a3c5594a7b0bd7b33efe4c4ffaf5dc0aa17226,early_mask_fragment,128,394.31279996642843,12800000,0.9,90000,0,sha256:1a43e0ddf8cc02438cc76d27ba1cce86da34109d2e43dcc8ed7c9d581b95b39d,1,sha256:9059119b6f9adcc5c606aeaf035c7f0b8a022d913362e8a99ddbf25d0abca801,100000,20260717T134222171980Z,1444,mask_fragment-n100000-w128-m0900-s1444
mask_fragment,86a3c5594a7b0bd7b33efe4c4ffaf5dc0aa17226,late_mask_fragment,128,425.21259997738525,12800000,0.9,90000,1,sha256:18bd7fb3b6d02ff88c53bf4a74124c631590d7e276f031a9034dc7f9cb857902,1,sha256:9059119b6f9adcc5c606aeaf035c7f0b8a022d913362e8a99ddbf25d0abca801,100000,20260717T134222171980Z,1444,mask_fragment-n100000-w128-m0900-s1444
mask_fragment,86a3c5594a7b0bd7b33efe4c4ffaf5dc0aa17226,late_mask_fragment,128,501.11770001240075,12800000,0.9,90000,0,sha256:18bd7fb3b6d02ff88c53bf4a74124c631590d7e276f031a9034dc7f9cb857902,2,sha256:9059119b6f9adcc5c606aeaf035c7f0b8a022d913362e8a99ddbf25d0abca801,100000,20260717T134222171980Z,1444,mask_fragment-n100000-w128-m0900-s1444
mask_fragment,86a3c5594a7b0bd7b33efe4c4ffaf5dc0aa17226,early_mask_fragment,128,394.50270001543686,12800000,0.9,90000,1,sha256:1a43e0ddf8cc02438cc76d27ba1cce86da34109d2e43dcc8ed7c9d581b95b39d,2,sha256:9059119b6f9adcc5c606aeaf035c7f0b8a022d913362e8a99ddbf25d0abca801,100000,20260717T134222171980Z,1444,mask_fragment-n100000-w128-m0900-s1444
mask_fragment,86a3c5594a7b0bd7b33efe4c4ffaf5dc0aa17226,early_mask_fragment,128,442.4773000064306,12800000,0.9,90000,0,sha256:1a43e0ddf8cc02438cc76d27ba1cce86da34109d2e43dcc8ed7c9d581b95b39d,3,sha256:9059119b6f9adcc5c606aeaf035c7f0b8a022d913362e8a99ddbf25d0abca801,100000,20260717T134222171980Z,1444,mask_fragment-n100000-w128-m0900-s1444
mask_fragment,86a3c5594a7b0bd7b33efe4c4ffaf5dc0aa17226,late_mask_fragment,128,526.9655999727547,12800000,0.9,90000,1,sha256:18bd7fb3b6d02ff88c53bf4a74124c631590d7e276f031a9034dc7f9cb857902,3,sha256:9059119b6f9adcc5c606aeaf035c7f0b8a022d913362e8a99ddbf25d0abca801,100000,20260717T134222171980Z,1444,mask_fragment-n100000-w128-m0900-s1444
mask_fragment,86a3c5594a7b0bd7b33efe4c4ffaf5dc0aa17226,late_mask_fragment,128,453.6674999981187,12800000,0.9,90000,0,sha256:18bd7fb3b6d02ff88c53bf4a74124c631590d7e276f031a9034dc7f9cb857902,4,sha256:9059119b6f9adcc5c606aeaf035c7f0b8a022d913362e8a99ddbf25d0abca801,100000,20260717T134222171980Z,1444,mask_fragment-n100000-w128-m0900-s1444
mask_fragment,86a3c5594a7b0bd7b33efe4c4ffaf5dc0aa17226,early_mask_fragment,128,384.8323000129312,12800000,0.9,90000,1,sha256:1a43e0ddf8cc02438cc76d27ba1cce86da34109d2e43dcc8ed7c9d581b95b39d,4,sha256:9059119b6f9adcc5c606aeaf035c7f0b8a022d913362e8a99ddbf25d0abca801,100000,20260717T134222171980Z,1444,mask_fragment-n100000-w128-m0900-s1444
mask_fragment,86a3c5594a7b0bd7b33efe4c4ffaf5dc0aa17226,early_mask_fragment,128,476.2530999723822,12800000,0.9,90000,0,sha256:1a43e0ddf8cc02438cc76d27ba1cce86da34109d2e43dcc8ed7c9d581b95b39d,5,sha256:9059119b6f9adcc5c606aeaf035c7f0b8a022d913362e8a99ddbf25d0abca801,100000,20260717T134222171980Z,1444,mask_fragment-n100000-w128-m0900-s1444
mask_fragment,86a3c5594a7b0bd7b33efe4c4ffaf5dc0aa17226,late_mask_fragment,128,399.1525000310503,12800000,0.9,90000,1,sha256:18bd7fb3b6d02ff88c53bf4a74124c631590d7e276f031a9034dc7f9cb857902,5,sha256:9059119b6f9adcc5c606aeaf035c7f0b8a022d913362e8a99ddbf25d0abca801,100000,20260717T134222171980Z,1444,mask_fragment-n100000-w128-m0900-s1444
mask_fragment,86a3c5594a7b0bd7b33efe4c4ffaf5dc0aa17226,late_mask_fragment,128,486.7051999899559,12800000,0.9,90000,0,sha256:18bd7fb3b6d02ff88c53bf4a74124c631590d7e276f031a9034dc7f9cb857902,6,sha256:9059119b6f9adcc5c606aeaf035c7f0b8a022d913362e8a99ddbf25d0abca801,100000,20260717T134222171980Z,1444,mask_fragment-n100000-w128-m0900-s1444
mask_fragment,86a3c5594a7b0bd7b33efe4c4ffaf5dc0aa17226,early_mask_fragment,128,418.98590000346303,12800000,0.9,90000,1,sha256:1a43e0ddf8cc02438cc76d27ba1cce86da34109d2e43dcc8ed7c9d581b95b39d,6,sha256:9059119b6f9adcc5c606aeaf035c7f0b8a022d913362e8a99ddbf25d0abca801,100000,20260717T134222171980Z,1444,mask_fragment-n100000-w128-m0900-s1444
mask_fragment,86a3c5594a7b0bd7b33efe4c4ffaf5dc0aa17226,early_mask_fragment,128,435.7775999815203,12800000,0.9,90000,0,sha256:1a43e0ddf8cc02438cc76d27ba1cce86da34109d2e43dcc8ed7c9d581b95b39d,7,sha256:9059119b6f9adcc5c606aeaf035c7f0b8a022d913362e8a99ddbf25d0abca801,100000,20260717T134222171980Z,1444,mask_fragment-n100000-w128-m0900-s1444
mask_fragment,86a3c5594a7b0bd7b33efe4c4ffaf5dc0aa17226,late_mask_fragment,128,493.58579999534413,12800000,0.9,90000,1,sha256:18bd7fb3b6d02ff88c53bf4a74124c631590d7e276f031a9034dc7f9cb857902,7,sha256:9059119b6f9adcc5c606aeaf035c7f0b8a022d913362e8a99ddbf25d0abca801,100000,20260717T134222171980Z,1444,mask_fragment-n100000-w128-m0900-s1444
mask_fragment,86a3c5594a7b0bd7b33efe4c4ffaf5dc0aa17226,late_mask_fragment,128,445.37799997488037,12800000,0.9,90000,0,sha256:18bd7fb3b6d02ff88c53bf4a74124c631590d7e276f031a9034dc7f9cb857902,8,sha256:9059119b6f9adcc5c606aeaf035c7f0b8a022d913362e8a99ddbf25d0abca801,100000,20260717T134222171980Z,1444,mask_fragment-n100000-w128-m0900-s1444
mask_fragment,86a3c5594a7b0bd7b33efe4c4ffaf5dc0aa17226,early_mask_fragment,128,397.6810000021942,12800000,0.9,90000,1,sha256:1a43e0ddf8cc02438cc76d27ba1cce86da34109d2e43dcc8ed7c9d581b95b39d,8,sha256:9059119b6f9adcc5c606aeaf035c7f0b8a022d913362e8a99ddbf25d0abca801,100000,20260717T134222171980Z,1444,mask_fragment-n100000-w128-m0900-s1444
mask_fragment,86a3c5594a7b0bd7b33efe4c4ffaf5dc0aa17226,early_mask_fragment,128,453.59029999235645,12800000,0.9,90000,0,sha256:1a43e0ddf8cc02438cc76d27ba1cce86da34109d2e43dcc8ed7c9d581b95b39d,9,sha256:9059119b6f9adcc5c606aeaf035c7f0b8a022d913362e8a99ddbf25d0abca801,100000,20260717T134222171980Z,1444,mask_fragment-n100000-w128-m0900-s1444
mask_fragment,86a3c5594a7b0bd7b33efe4c4ffaf5dc0aa17226,late_mask_fragment,128,382.51450000097975,12800000,0.9,90000,1,sha256:18bd7fb3b6d02ff88c53bf4a74124c631590d7e276f031a9034dc7f9cb857902,9,sha256:9059119b6f9adcc5c606aeaf035c7f0b8a022d913362e8a99ddbf25d0abca801,100000,20260717T134222171980Z,1444,mask_fragment-n100000-w128-m0900-s1444
mask_fragment,86a3c5594a7b0bd7b33efe4c4ffaf5dc0aa17226,late_mask_fragment,128,366.3412000169046,12800000,0.9,90000,0,sha256:18bd7fb3b6d02ff88c53bf4a74124c631590d7e276f031a9034dc7f9cb857902,10,sha256:9059119b6f9adcc5c606aeaf035c7f0b8a022d913362e8a99ddbf25d0abca801,100000,20260717T134222171980Z,1444,mask_fragment-n100000-w128-m0900-s1444
mask_fragment,86a3c5594a7b0bd7b33efe4c4ffaf5dc0aa17226,early_mask_fragment,128,446.43599999835715,12800000,0.9,90000,1,sha256:1a43e0ddf8cc02438cc76d27ba1cce86da34109d2e43dcc8ed7c9d581b95b39d,10,sha256:9059119b6f9adcc5c606aeaf035c7f0b8a022d913362e8a99ddbf25d0abca801,100000,20260717T134222171980Z,1444,mask_fragment-n100000-w128-m0900-s1444
mask_fragment,86a3c5594a7b0bd7b33efe4c4ffaf5dc0aa17226,early_mask_fragment,128,482.67340002348647,12800000,0.9,90000,0,sha256:1a43e0ddf8cc02438cc76d27ba1cce86da34109d2e43dcc8ed7c9d581b95b39d,11,sha256:9059119b6f9adcc5c606aeaf035c7f0b8a022d913362e8a99ddbf25d0abca801,100000,20260717T134222171980Z,1444,mask_fragment-n100000-w128-m0900-s1444
mask_fragment,86a3c5594a7b0bd7b33efe4c4ffaf5dc0aa17226,late_mask_fragment,128,514.3222999759018,12800000,0.9,90000,1,sha256:18bd7fb3b6d02ff88c53bf4a74124c631590d7e276f031a9034dc7f9cb857902,11,sha256:9059119b6f9adcc5c606aeaf035c7f0b8a022d913362e8a99ddbf25d0abca801,100000,20260717T134222171980Z,1444,mask_fragment-n100000-w128-m0900-s1444
mask_fragment,86a3c5594a7b0bd7b33efe4c4ffaf5dc0aa17226,late_mask_fragment,128,493.5683000367135,12800000,0.9,90000,0,sha256:18bd7fb3b6d02ff88c53bf4a74124c631590d7e276f031a9034dc7f9cb857902,12,sha256:9059119b6f9adcc5c606aeaf035c7f0b8a022d913362e8a99ddbf25d0abca801,100000,20260717T134222171980Z,1444,mask_fragment-n100000-w128-m0900-s1444
mask_fragment,86a3c5594a7b0bd7b33efe4c4ffaf5dc0aa17226,early_mask_fragment,128,582.0317000034265,12800000,0.9,90000,1,sha256:1a43e0ddf8cc02438cc76d27ba1cce86da34109d2e43dcc8ed7c9d581b95b39d,12,sha256:9059119b6f9adcc5c606aeaf035c7f0b8a022d913362e8a99ddbf25d0abca801,100000,20260717T134222171980Z,1444,mask_fragment-n100000-w128-m0900-s1444
mask_fragment,86a3c5594a7b0bd7b33efe4c4ffaf5dc0aa17226,early_mask_fragment,128,458.9912000228651,12800000,0.9,90000,0,sha256:1a43e0ddf8cc02438cc76d27ba1cce86da34109d2e43dcc8ed7c9d581b95b39d,13,sha256:9059119b6f9adcc5c606aeaf035c7f0b8a022d913362e8a99ddbf25d0abca801,100000,20260717T134222171980Z,1444,mask_fragment-n100000-w128-m0900-s1444
mask_fragment,86a3c5594a7b0bd7b33efe4c4ffaf5dc0aa17226,late_mask_fragment,128,404.3657000293024,12800000,0.9,90000,1,sha256:18bd7fb3b6d02ff88c53bf4a74124c631590d7e276f031a9034dc7f9cb857902,13,sha256:9059119b6f9adcc5c606aeaf035c7f0b8a022d913362e8a99ddbf25d0abca801,100000,20260717T134222171980Z,1444,mask_fragment-n100000-w128-m0900-s1444
mask_fragment,86a3c5594a7b0bd7b33efe4c4ffaf5dc0aa17226,late_mask_fragment,128,354.52759999316186,12800000,0.9,90000,0,sha256:18bd7fb3b6d02ff88c53bf4a74124c631590d7e276f031a9034dc7f9cb857902,14,sha256:9059119b6f9adcc5c606aeaf035c7f0b8a022d913362e8a99ddbf25d0abca801,100000,20260717T134222171980Z,1444,mask_fragment-n100000-w128-m0900-s1444
mask_fragment,86a3c5594a7b0bd7b33efe4c4ffaf5dc0aa17226,early_mask_fragment,128,456.77719998639077,12800000,0.9,90000,1,sha256:1a43e0ddf8cc02438cc76d27ba1cce86da34109d2e43dcc8ed7c9d581b95b39d,14,sha256:9059119b6f9adcc5c606aeaf035c7f0b8a022d913362e8a99ddbf25d0abca801,100000,20260717T134222171980Z,1444,mask_fragment-n100000-w128-m0900-s1444
mask_fragment,86a3c5594a7b0bd7b33efe4c4ffaf5dc0aa17226,early_mask_fragment,128,472.149699984584,12800000,0.9,90000,0,sha256:1a43e0ddf8cc02438cc76d27ba1cce86da34109d2e43dcc8ed7c9d581b95b39d,0,sha256:e7bd6d92cf507d75b6c31a6cdd4724c243be96a07e7509cb74bac4243c460d3b,100000,20260717T134222171980Z,1555,mask_fragment-n100000-w128-m0900-s1555
mask_fragment,86a3c5594a7b0bd7b33efe4c4ffaf5dc0aa17226,late_mask_fragment,128,407.85020001931116,12800000,0.9,90000,1,sha256:18bd7fb3b6d02ff88c53bf4a74124c631590d7e276f031a9034dc7f9cb857902,0,sha256:e7bd6d92cf507d75b6c31a6cdd4724c243be96a07e7509cb74bac4243c460d3b,100000,20260717T134222171980Z,1555,mask_fragment-n100000-w128-m0900-s1555
mask_fragment,86a3c5594a7b0bd7b33efe4c4ffaf5dc0aa17226,late_mask_fragment,128,504.9972999840975,12800000,0.9,90000,0,sha256:18bd7fb3b6d02ff88c53bf4a74124c631590d7e276f031a9034dc7f9cb857902,1,sha256:e7bd6d92cf507d75b6c31a6cdd4724c243be96a07e7509cb74bac4243c460d3b,100000,20260717T134222171980Z,1555,mask_fragment-n100000-w128-m0900-s1555
mask_fragment,86a3c5594a7b0bd7b33efe4c4ffaf5dc0aa17226,early_mask_fragment,128,411.9873999734409,12800000,0.9,90000,1,sha256:1a43e0ddf8cc02438cc76d27ba1cce86da34109d2e43dcc8ed7c9d581b95b39d,1,sha256:e7bd6d92cf507d75b6c31a6cdd4724c243be96a07e7509cb74bac4243c460d3b,100000,20260717T134222171980Z,1555,mask_fragment-n100000-w128-m0900-s1555
mask_fragment,86a3c5594a7b0bd7b33efe4c4ffaf5dc0aa17226,early_mask_fragment,128,401.64540003752336,12800000,0.9,90000,0,sha256:1a43e0ddf8cc02438cc76d27ba1cce86da34109d2e43dcc8ed7c9d581b95b39d,2,sha256:e7bd6d92cf507d75b6c31a6cdd4724c243be96a07e7509cb74bac4243c460d3b,100000,20260717T134222171980Z,1555,mask_fragment-n100000-w128-m0900-s1555
mask_fragment,86a3c5594a7b0bd7b33efe4c4ffaf5dc0aa17226,late_mask_fragment,128,390.0001999572851,12800000,0.9,90000,1,sha256:18bd7fb3b6d02ff88c53bf4a74124c631590d7e276f031a9034dc7f9cb857902,2,sha256:e7bd6d92cf507d75b6c31a6cdd4724c243be96a07e7509cb74bac4243c460d3b,100000,20260717T134222171980Z,1555,mask_fragment-n100000-w128-m0900-s1555
mask_fragment,86a3c5594a7b0bd7b33efe4c4ffaf5dc0aa17226,late_mask_fragment,128,434.67270000837743,12800000,0.9,90000,0,sha256:18bd7fb3b6d02ff88c53bf4a74124c631590d7e276f031a9034dc7f9cb857902,3,sha256:e7bd6d92cf507d75b6c31a6cdd4724c243be96a07e7509cb74bac4243c460d3b,100000,20260717T134222171980Z,1555,mask_fragment-n100000-w128-m0900-s1555
mask_fragment,86a3c5594a7b0bd7b33efe4c4ffaf5dc0aa17226,early_mask_fragment,128,556.3536999979988,12800000,0.9,90000,1,sha256:1a43e0ddf8cc02438cc76d27ba1cce86da34109d2e43dcc8ed7c9d581b95b39d,3,sha256:e7bd6d92cf507d75b6c31a6cdd4724c243be96a07e7509cb74bac4243c460d3b,100000,20260717T134222171980Z,1555,mask_fragment-n100000-w128-m0900-s1555
mask_fragment,86a3c5594a7b0bd7b33efe4c4ffaf5dc0aa17226,early_mask_fragment,128,462.7727000042796,12800000,0.9,90000,0,sha256:1a43e0ddf8cc02438cc76d27ba1cce86da34109d2e43dcc8ed7c9d581b95b39d,4,sha256:e7bd6d92cf507d75b6c31a6cdd4724c243be96a07e7509cb74bac4243c460d3b,100000,20260717T134222171980Z,1555,mask_fragment-n100000-w128-m0900-s1555
mask_fragment,86a3c5594a7b0bd7b33efe4c4ffaf5dc0aa17226,late_mask_fragment,128,391.6728000040166,12800000,0.9,90000,1,sha256:18bd7fb3b6d02ff88c53bf4a74124c631590d7e276f031a9034dc7f9cb857902,4,sha256:e7bd6d92cf507d75b6c31a6cdd4724c243be96a07e7509cb74bac4243c460d3b,100000,20260717T134222171980Z,1555,mask_fragment-n100000-w128-m0900-s1555
mask_fragment,86a3c5594a7b0bd7b33efe4c4ffaf5dc0aa17226,late_mask_fragment,128,433.9102999656461,12800000,0.9,90000,0,sha256:18bd7fb3b6d02ff88c53bf4a74124c631590d7e276f031a9034dc7f9cb857902,5,sha256:e7bd6d92cf507d75b6c31a6cdd4724c243be96a07e7509cb74bac4243c460d3b,100000,20260717T134222171980Z,1555,mask_fragment-n100000-w128-m0900-s1555
mask_fragment,86a3c5594a7b0bd7b33efe4c4ffaf5dc0aa17226,early_mask_fragment,128,584.1136999661103,12800000,0.9,90000,1,sha256:1a43e0ddf8cc02438cc76d27ba1cce86da34109d2e43dcc8ed7c9d581b95b39d,5,sha256:e7bd6d92cf507d75b6c31a6cdd4724c243be96a07e7509cb74bac4243c460d3b,100000,20260717T134222171980Z,1555,mask_fragment-n100000-w128-m0900-s1555
mask_fragment,86a3c5594a7b0bd7b33efe4c4ffaf5dc0aa17226,early_mask_fragment,128,471.3472999865189,12800000,0.9,90000,0,sha256:1a43e0ddf8cc02438cc76d27ba1cce86da34109d2e43dcc8ed7c9d581b95b39d,6,sha256:e7bd6d92cf507d75b6c31a6cdd4724c243be96a07e7509cb74bac4243c460d3b,100000,20260717T134222171980Z,1555,mask_fragment-n100000-w128-m0900-s1555
mask_fragment,86a3c5594a7b0bd7b33efe4c4ffaf5dc0aa17226,late_mask_fragment,128,449.7548000072129,12800000,0.9,90000,1,sha256:18bd7fb3b6d02ff88c53bf4a74124c631590d7e276f031a9034dc7f9cb857902,6,sha256:e7bd6d92cf507d75b6c31a6cdd4724c243be96a07e7509cb74bac4243c460d3b,100000,20260717T134222171980Z,1555,mask_fragment-n100000-w128-m0900-s1555
mask_fragment,86a3c5594a7b0bd7b33efe4c4ffaf5dc0aa17226,late_mask_fragment,128,525.2054000156932,12800000,0.9,90000,0,sha256:18bd7fb3b6d02ff88c53bf4a74124c631590d7e276f031a9034dc7f9cb857902,7,sha256:e7bd6d92cf507d75b6c31a6cdd4724c243be96a07e7509cb74bac4243c460d3b,100000,20260717T134222171980Z,1555,mask_fragment-n100000-w128-m0900-s1555
mask_fragment,86a3c5594a7b0bd7b33efe4c4ffaf5dc0aa17226,early_mask_fragment,128,435.93809998128563,12800000,0.9,90000,1,sha256:1a43e0ddf8cc02438cc76d27ba1cce86da34109d2e43dcc8ed7c9d581b95b39d,7,sha256:e7bd6d92cf507d75b6c31a6cdd4724c243be96a07e7509cb74bac4243c460d3b,100000,20260717T134222171980Z,1555,mask_fragment-n100000-w128-m0900-s1555
mask_fragment,86a3c5594a7b0bd7b33efe4c4ffaf5dc0aa17226,early_mask_fragment,128,399.92629998596385,12800000,0.9,90000,0,sha256:1a43e0ddf8cc02438cc76d27ba1cce86da34109d2e43dcc8ed7c9d581b95b39d,8,sha256:e7bd6d92cf507d75b6c31a6cdd4724c243be96a07e7509cb74bac4243c460d3b,100000,20260717T134222171980Z,1555,mask_fragment-n100000-w128-m0900-s1555
mask_fragment,86a3c5594a7b0bd7b33efe4c4ffaf5dc0aa17226,late_mask_fragment,128,434.89360000239685,12800000,0.9,90000,1,sha256:18bd7fb3b6d02ff88c53bf4a74124c631590d7e276f031a9034dc7f9cb857902,8,sha256:e7bd6d92cf507d75b6c31a6cdd4724c243be96a07e7509cb74bac4243c460d3b,100000,20260717T134222171980Z,1555,mask_fragment-n100000-w128-m0900-s1555
mask_fragment,86a3c5594a7b0bd7b33efe4c4ffaf5dc0aa17226,late_mask_fragment,128,386.73710002331063,12800000,0.9,90000,0,sha256:18bd7fb3b6d02ff88c53bf4a74124c631590d7e276f031a9034dc7f9cb857902,9,sha256:e7bd6d92cf507d75b6c31a6cdd4724c243be96a07e7509cb74bac4243c460d3b,100000,20260717T134222171980Z,1555,mask_fragment-n100000-w128-m0900-s1555
mask_fragment,86a3c5594a7b0bd7b33efe4c4ffaf5dc0aa17226,early_mask_fragment,128,469.76420003920794,12800000,0.9,90000,1,sha256:1a43e0ddf8cc02438cc76d27ba1cce86da34109d2e43dcc8ed7c9d581b95b39d,9,sha256:e7bd6d92cf507d75b6c31a6cdd4724c243be96a07e7509cb74bac4243c460d3b,100000,20260717T134222171980Z,1555,mask_fragment-n100000-w128-m0900-s1555
mask_fragment,86a3c5594a7b0bd7b33efe4c4ffaf5dc0aa17226,early_mask_fragment,128,439.26330003887415,12800000,0.9,90000,0,sha256:1a43e0ddf8cc02438cc76d27ba1cce86da34109d2e43dcc8ed7c9d581b95b39d,10,sha256:e7bd6d92cf507d75b6c31a6cdd4724c243be96a07e7509cb74bac4243c460d3b,100000,20260717T134222171980Z,1555,mask_fragment-n100000-w128-m0900-s1555
mask_fragment,86a3c5594a7b0bd7b33efe4c4ffaf5dc0aa17226,late_mask_fragment,128,447.32410000870004,12800000,0.9,90000,1,sha256:18bd7fb3b6d02ff88c53bf4a74124c631590d7e276f031a9034dc7f9cb857902,10,sha256:e7bd6d92cf507d75b6c31a6cdd4724c243be96a07e7509cb74bac4243c460d3b,100000,20260717T134222171980Z,1555,mask_fragment-n100000-w128-m0900-s1555
mask_fragment,86a3c5594a7b0bd7b33efe4c4ffaf5dc0aa17226,late_mask_fragment,128,473.7897999584675,12800000,0.9,90000,0,sha256:18bd7fb3b6d02ff88c53bf4a74124c631590d7e276f031a9034dc7f9cb857902,11,sha256:e7bd6d92cf507d75b6c31a6cdd4724c243be96a07e7509cb74bac4243c460d3b,100000,20260717T134222171980Z,1555,mask_fragment-n100000-w128-m0900-s1555
mask_fragment,86a3c5594a7b0bd7b33efe4c4ffaf5dc0aa17226,early_mask_fragment,128,480.87309999391437,12800000,0.9,90000,1,sha256:1a43e0ddf8cc02438cc76d27ba1cce86da34109d2e43dcc8ed7c9d581b95b39d,11,sha256:e7bd6d92cf507d75b6c31a6cdd4724c243be96a07e7509cb74bac4243c460d3b,100000,20260717T134222171980Z,1555,mask_fragment-n100000-w128-m0900-s1555
mask_fragment,86a3c5594a7b0bd7b33efe4c4ffaf5dc0aa17226,early_mask_fragment,128,432.84069997025654,12800000,0.9,90000,0,sha256:1a43e0ddf8cc02438cc76d27ba1cce86da34109d2e43dcc8ed7c9d581b95b39d,12,sha256:e7bd6d92cf507d75b6c31a6cdd4724c243be96a07e7509cb74bac4243c460d3b,100000,20260717T134222171980Z,1555,mask_fragment-n100000-w128-m0900-s1555
mask_fragment,86a3c5594a7b0bd7b33efe4c4ffaf5dc0aa17226,late_mask_fragment,128,447.1465000533499,12800000,0.9,90000,1,sha256:18bd7fb3b6d02ff88c53bf4a74124c631590d7e276f031a9034dc7f9cb857902,12,sha256:e7bd6d92cf507d75b6c31a6cdd4724c243be96a07e7509cb74bac4243c460d3b,100000,20260717T134222171980Z,1555,mask_fragment-n100000-w128-m0900-s1555
mask_fragment,86a3c5594a7b0bd7b33efe4c4ffaf5dc0aa17226,late_mask_fragment,128,386.9399999966845,12800000,0.9,90000,0,sha256:18bd7fb3b6d02ff88c53bf4a74124c631590d7e276f031a9034dc7f9cb857902,13,sha256:e7bd6d92cf507d75b6c31a6cdd4724c243be96a07e7509cb74bac4243c460d3b,100000,20260717T134222171980Z,1555,mask_fragment-n100000-w128-m0900-s1555
mask_fragment,86a3c5594a7b0bd7b33efe4c4ffaf5dc0aa17226,early_mask_fragment,128,449.29530000081286,12800000,0.9,90000,1,sha256:1a43e0ddf8cc02438cc76d27ba1cce86da34109d2e43dcc8ed7c9d581b95b39d,13,sha256:e7bd6d92cf507d75b6c31a6cdd4724c243be96a07e7509cb74bac4243c460d3b,100000,20260717T134222171980Z,1555,mask_fragment-n100000-w128-m0900-s1555
mask_fragment,86a3c5594a7b0bd7b33efe4c4ffaf5dc0aa17226,early_mask_fragment,128,465.5644000158645,12800000,0.9,90000,0,sha256:1a43e0ddf8cc02438cc76d27ba1cce86da34109d2e43dcc8ed7c9d581b95b39d,14,sha256:e7bd6d92cf507d75b6c31a6cdd4724c243be96a07e7509cb74bac4243c460d3b,100000,20260717T134222171980Z,1555,mask_fragment-n100000-w128-m0900-s1555
mask_fragment,86a3c5594a7b0bd7b33efe4c4ffaf5dc0aa17226,late_mask_fragment,128,366.20220000622794,12800000,0.9,90000,1,sha256:18bd7fb3b6d02ff88c53bf4a74124c631590d7e276f031a9034dc7f9cb857902,14,sha256:e7bd6d92cf507d75b6c31a6cdd4724c243be96a07e7509cb74bac4243c460d3b,100000,20260717T134222171980Z,1555,mask_fragment-n100000-w128-m0900-s1555
mask_fragment,86a3c5594a7b0bd7b33efe4c4ffaf5dc0aa17226,early_mask_fragment,128,572.3020000150427,12800000,1.0,100000,0,sha256:1a43e0ddf8cc02438cc76d27ba1cce86da34109d2e43dcc8ed7c9d581b95b39d,0,sha256:8a086a81581c3264177c77d151c7bcb88c6cfd5a7bce88eb8cd47f7d57943658,100000,20260717T134222171980Z,1111,mask_fragment-n100000-w128-m1000-s1111
mask_fragment,86a3c5594a7b0bd7b33efe4c4ffaf5dc0aa17226,late_mask_fragment,128,530.9664999949746,12800000,1.0,100000,1,sha256:92b825cb6ca6efd8c921ae328d9dcd567e5fc1cecda65d185180a168e33b45c9,0,sha256:8a086a81581c3264177c77d151c7bcb88c6cfd5a7bce88eb8cd47f7d57943658,100000,20260717T134222171980Z,1111,mask_fragment-n100000-w128-m1000-s1111
mask_fragment,86a3c5594a7b0bd7b33efe4c4ffaf5dc0aa17226,late_mask_fragment,128,480.2273999666795,12800000,1.0,100000,0,sha256:92b825cb6ca6efd8c921ae328d9dcd567e5fc1cecda65d185180a168e33b45c9,1,sha256:8a086a81581c3264177c77d151c7bcb88c6cfd5a7bce88eb8cd47f7d57943658,100000,20260717T134222171980Z,1111,mask_fragment-n100000-w128-m1000-s1111
mask_fragment,86a3c5594a7b0bd7b33efe4c4ffaf5dc0aa17226,early_mask_fragment,128,495.86720002116635,12800000,1.0,100000,1,sha256:1a43e0ddf8cc02438cc76d27ba1cce86da34109d2e43dcc8ed7c9d581b95b39d,1,sha256:8a086a81581c3264177c77d151c7bcb88c6cfd5a7bce88eb8cd47f7d57943658,100000,20260717T134222171980Z,1111,mask_fragment-n100000-w128-m1000-s1111
mask_fragment,86a3c5594a7b0bd7b33efe4c4ffaf5dc0aa17226,early_mask_fragment,128,487.2076000319794,12800000,1.0,100000,0,sha256:1a43e0ddf8cc02438cc76d27ba1cce86da34109d2e43dcc8ed7c9d581b95b39d,2,sha256:8a086a81581c3264177c77d151c7bcb88c6cfd5a7bce88eb8cd47f7d57943658,100000,20260717T134222171980Z,1111,mask_fragment-n100000-w128-m1000-s1111
mask_fragment,86a3c5594a7b0bd7b33efe4c4ffaf5dc0aa17226,late_mask_fragment,128,437.9998000222258,12800000,1.0,100000,1,sha256:92b825cb6ca6efd8c921ae328d9dcd567e5fc1cecda65d185180a168e33b45c9,2,sha256:8a086a81581c3264177c77d151c7bcb88c6cfd5a7bce88eb8cd47f7d57943658,100000,20260717T134222171980Z,1111,mask_fragment-n100000-w128-m1000-s1111
mask_fragment,86a3c5594a7b0bd7b33efe4c4ffaf5dc0aa17226,late_mask_fragment,128,514.1884000040591,12800000,1.0,100000,0,sha256:92b825cb6ca6efd8c921ae328d9dcd567e5fc1cecda65d185180a168e33b45c9,3,sha256:8a086a81581c3264177c77d151c7bcb88c6cfd5a7bce88eb8cd47f7d57943658,100000,20260717T134222171980Z,1111,mask_fragment-n100000-w128-m1000-s1111
mask_fragment,86a3c5594a7b0bd7b33efe4c4ffaf5dc0aa17226,early_mask_fragment,128,469.0975999692455,12800000,1.0,100000,1,sha256:1a43e0ddf8cc02438cc76d27ba1cce86da34109d2e43dcc8ed7c9d581b95b39d,3,sha256:8a086a81581c3264177c77d151c7bcb88c6cfd5a7bce88eb8cd47f7d57943658,100000,20260717T134222171980Z,1111,mask_fragment-n100000-w128-m1000-s1111
mask_fragment,86a3c5594a7b0bd7b33efe4c4ffaf5dc0aa17226,early_mask_fragment,128,432.59360000956804,12800000,1.0,100000,0,sha256:1a43e0ddf8cc02438cc76d27ba1cce86da34109d2e43dcc8ed7c9d581b95b39d,4,sha256:8a086a81581c3264177c77d151c7bcb88c6cfd5a7bce88eb8cd47f7d57943658,100000,20260717T134222171980Z,1111,mask_fragment-n100000-w128-m1000-s1111
mask_fragment,86a3c5594a7b0bd7b33efe4c4ffaf5dc0aa17226,late_mask_fragment,128,468.3747999952175,12800000,1.0,100000,1,sha256:92b825cb6ca6efd8c921ae328d9dcd567e5fc1cecda65d185180a168e33b45c9,4,sha256:8a086a81581c3264177c77d151c7bcb88c6cfd5a7bce88eb8cd47f7d57943658,100000,20260717T134222171980Z,1111,mask_fragment-n100000-w128-m1000-s1111
mask_fragment,86a3c5594a7b0bd7b33efe4c4ffaf5dc0aa17226,late_mask_fragment,128,452.1392000024207,12800000,1.0,100000,0,sha256:92b825cb6ca6efd8c921ae328d9dcd567e5fc1cecda65d185180a168e33b45c9,5,sha256:8a086a81581c3264177c77d151c7bcb88c6cfd5a7bce88eb8cd47f7d57943658,100000,20260717T134222171980Z,1111,mask_fragment-n100000-w128-m1000-s1111
mask_fragment,86a3c5594a7b0bd7b33efe4c4ffaf5dc0aa17226,early_mask_fragment,128,476.53270000591874,12800000,1.0,100000,1,sha256:1a43e0ddf8cc02438cc76d27ba1cce86da34109d2e43dcc8ed7c9d581b95b39d,5,sha256:8a086a81581c3264177c77d151c7bcb88c6cfd5a7bce88eb8cd47f7d57943658,100000,20260717T134222171980Z,1111,mask_fragment-n100000-w128-m1000-s1111
mask_fragment,86a3c5594a7b0bd7b33efe4c4ffaf5dc0aa17226,early_mask_fragment,128,569.9871999677271,12800000,1.0,100000,0,sha256:1a43e0ddf8cc02438cc76d27ba1cce86da34109d2e43dcc8ed7c9d581b95b39d,6,sha256:8a086a81581c3264177c77d151c7bcb88c6cfd5a7bce88eb8cd47f7d57943658,100000,20260717T134222171980Z,1111,mask_fragment-n100000-w128-m1000-s1111
mask_fragment,86a3c5594a7b0bd7b33efe4c4ffaf5dc0aa17226,late_mask_fragment,128,526.0469999630004,12800000,1.0,100000,1,sha256:92b825cb6ca6efd8c921ae328d9dcd567e5fc1cecda65d185180a168e33b45c9,6,sha256:8a086a81581c3264177c77d151c7bcb88c6cfd5a7bce88eb8cd47f7d57943658,100000,20260717T134222171980Z,1111,mask_fragment-n100000-w128-m1000-s1111
mask_fragment,86a3c5594a7b0bd7b33efe4c4ffaf5dc0aa17226,late_mask_fragment,128,528.594300034456,12800000,1.0,100000,0,sha256:92b825cb6ca6efd8c921ae328d9dcd567e5fc1cecda65d185180a168e33b45c9,7,sha256:8a086a81581c3264177c77d151c7bcb88c6cfd5a7bce88eb8cd47f7d57943658,100000,20260717T134222171980Z,1111,mask_fragment-n100000-w128-m1000-s1111
mask_fragment,86a3c5594a7b0bd7b33efe4c4ffaf5dc0aa17226,early_mask_fragment,128,492.8634000243619,12800000,1.0,100000,1,sha256:1a43e0ddf8cc02438cc76d27ba1cce86da34109d2e43dcc8ed7c9d581b95b39d,7,sha256:8a086a81581c3264177c77d151c7bcb88c6cfd5a7bce88eb8cd47f7d57943658,100000,20260717T134222171980Z,1111,mask_fragment-n100000-w128-m1000-s1111
mask_fragment,86a3c5594a7b0bd7b33efe4c4ffaf5dc0aa17226,early_mask_fragment,128,695.1335999765433,12800000,1.0,100000,0,sha256:1a43e0ddf8cc02438cc76d27ba1cce86da34109d2e43dcc8ed7c9d581b95b39d,8,sha256:8a086a81581c3264177c77d151c7bcb88c6cfd5a7bce88eb8cd47f7d57943658,100000,20260717T134222171980Z,1111,mask_fragment-n100000-w128-m1000-s1111
mask_fragment,86a3c5594a7b0bd7b33efe4c4ffaf5dc0aa17226,late_mask_fragment,128,637.2274999739602,12800000,1.0,100000,1,sha256:92b825cb6ca6efd8c921ae328d9dcd567e5fc1cecda65d185180a168e33b45c9,8,sha256:8a086a81581c3264177c77d151c7bcb88c6cfd5a7bce88eb8cd47f7d57943658,100000,20260717T134222171980Z,1111,mask_fragment-n100000-w128-m1000-s1111
mask_fragment,86a3c5594a7b0bd7b33efe4c4ffaf5dc0aa17226,late_mask_fragment,128,496.88059999607503,12800000,1.0,100000,0,sha256:92b825cb6ca6efd8c921ae328d9dcd567e5fc1cecda65d185180a168e33b45c9,9,sha256:8a086a81581c3264177c77d151c7bcb88c6cfd5a7bce88eb8cd47f7d57943658,100000,20260717T134222171980Z,1111,mask_fragment-n100000-w128-m1000-s1111
mask_fragment,86a3c5594a7b0bd7b33efe4c4ffaf5dc0aa17226,early_mask_fragment,128,449.78460000129417,12800000,1.0,100000,1,sha256:1a43e0ddf8cc02438cc76d27ba1cce86da34109d2e43dcc8ed7c9d581b95b39d,9,sha256:8a086a81581c3264177c77d151c7bcb88c6cfd5a7bce88eb8cd47f7d57943658,100000,20260717T134222171980Z,1111,mask_fragment-n100000-w128-m1000-s1111
mask_fragment,86a3c5594a7b0bd7b33efe4c4ffaf5dc0aa17226,early_mask_fragment,128,461.7149999830872,12800000,1.0,100000,0,sha256:1a43e0ddf8cc02438cc76d27ba1cce86da34109d2e43dcc8ed7c9d581b95b39d,10,sha256:8a086a81581c3264177c77d151c7bcb88c6cfd5a7bce88eb8cd47f7d57943658,100000,20260717T134222171980Z,1111,mask_fragment-n100000-w128-m1000-s1111
mask_fragment,86a3c5594a7b0bd7b33efe4c4ffaf5dc0aa17226,late_mask_fragment,128,511.6289000143297,12800000,1.0,100000,1,sha256:92b825cb6ca6efd8c921ae328d9dcd567e5fc1cecda65d185180a168e33b45c9,10,sha256:8a086a81581c3264177c77d151c7bcb88c6cfd5a7bce88eb8cd47f7d57943658,100000,20260717T134222171980Z,1111,mask_fragment-n100000-w128-m1000-s1111
mask_fragment,86a3c5594a7b0bd7b33efe4c4ffaf5dc0aa17226,late_mask_fragment,128,502.2012999979779,12800000,1.0,100000,0,sha256:92b825cb6ca6efd8c921ae328d9dcd567e5fc1cecda65d185180a168e33b45c9,11,sha256:8a086a81581c3264177c77d151c7bcb88c6cfd5a7bce88eb8cd47f7d57943658,100000,20260717T134222171980Z,1111,mask_fragment-n100000-w128-m1000-s1111
mask_fragment,86a3c5594a7b0bd7b33efe4c4ffaf5dc0aa17226,early_mask_fragment,128,474.8146999627352,12800000,1.0,100000,1,sha256:1a43e0ddf8cc02438cc76d27ba1cce86da34109d2e43dcc8ed7c9d581b95b39d,11,sha256:8a086a81581c3264177c77d151c7bcb88c6cfd5a7bce88eb8cd47f7d57943658,100000,20260717T134222171980Z,1111,mask_fragment-n100000-w128-m1000-s1111
mask_fragment,86a3c5594a7b0bd7b33efe4c4ffaf5dc0aa17226,early_mask_fragment,128,477.68640000140294,12800000,1.0,100000,0,sha256:1a43e0ddf8cc02438cc76d27ba1cce86da34109d2e43dcc8ed7c9d581b95b39d,12,sha256:8a086a81581c3264177c77d151c7bcb88c6cfd5a7bce88eb8cd47f7d57943658,100000,20260717T134222171980Z,1111,mask_fragment-n100000-w128-m1000-s1111
mask_fragment,86a3c5594a7b0bd7b33efe4c4ffaf5dc0aa17226,late_mask_fragment,128,570.1576999854296,12800000,1.0,100000,1,sha256:92b825cb6ca6efd8c921ae328d9dcd567e5fc1cecda65d185180a168e33b45c9,12,sha256:8a086a81581c3264177c77d151c7bcb88c6cfd5a7bce88eb8cd47f7d57943658,100000,20260717T134222171980Z,1111,mask_fragment-n100000-w128-m1000-s1111
mask_fragment,86a3c5594a7b0bd7b33efe4c4ffaf5dc0aa17226,late_mask_fragment,128,432.3352000210434,12800000,1.0,100000,0,sha256:92b825cb6ca6efd8c921ae328d9dcd567e5fc1cecda65d185180a168e33b45c9,13,sha256:8a086a81581c3264177c77d151c7bcb88c6cfd5a7bce88eb8cd47f7d57943658,100000,20260717T134222171980Z,1111,mask_fragment-n100000-w128-m1000-s1111
mask_fragment,86a3c5594a7b0bd7b33efe4c4ffaf5dc0aa17226,early_mask_fragment,128,471.1684999638237,12800000,1.0,100000,1,sha256:1a43e0ddf8cc02438cc76d27ba1cce86da34109d2e43dcc8ed7c9d581b95b39d,13,sha256:8a086a81581c3264177c77d151c7bcb88c6cfd5a7bce88eb8cd47f7d57943658,100000,20260717T134222171980Z,1111,mask_fragment-n100000-w128-m1000-s1111
mask_fragment,86a3c5594a7b0bd7b33efe4c4ffaf5dc0aa17226,early_mask_fragment,128,454.374699969776,12800000,1.0,100000,0,sha256:1a43e0ddf8cc02438cc76d27ba1cce86da34109d2e43dcc8ed7c9d581b95b39d,14,sha256:8a086a81581c3264177c77d151c7bcb88c6cfd5a7bce88eb8cd47f7d57943658,100000,20260717T134222171980Z,1111,mask_fragment-n100000-w128-m1000-s1111
mask_fragment,86a3c5594a7b0bd7b33efe4c4ffaf5dc0aa17226,late_mask_fragment,128,409.0530999819748,12800000,1.0,100000,1,sha256:92b825cb6ca6efd8c921ae328d9dcd567e5fc1cecda65d185180a168e33b45c9,14,sha256:8a086a81581c3264177c77d151c7bcb88c6cfd5a7bce88eb8cd47f7d57943658,100000,20260717T134222171980Z,1111,mask_fragment-n100000-w128-m1000-s1111
mask_fragment,86a3c5594a7b0bd7b33efe4c4ffaf5dc0aa17226,late_mask_fragment,128,442.0613999827765,12800000,1.0,100000,0,sha256:92b825cb6ca6efd8c921ae328d9dcd567e5fc1cecda65d185180a168e33b45c9,0,sha256:bd790862c666d30a451f672ccf74453fa42a524de92d86d1137c465de6ab6b60,100000,20260717T134222171980Z,1222,mask_fragment-n100000-w128-m1000-s1222
mask_fragment,86a3c5594a7b0bd7b33efe4c4ffaf5dc0aa17226,early_mask_fragment,128,452.60509999934584,12800000,1.0,100000,1,sha256:1a43e0ddf8cc02438cc76d27ba1cce86da34109d2e43dcc8ed7c9d581b95b39d,0,sha256:bd790862c666d30a451f672ccf74453fa42a524de92d86d1137c465de6ab6b60,100000,20260717T134222171980Z,1222,mask_fragment-n100000-w128-m1000-s1222
mask_fragment,86a3c5594a7b0bd7b33efe4c4ffaf5dc0aa17226,early_mask_fragment,128,443.9352000481449,12800000,1.0,100000,0,sha256:1a43e0ddf8cc02438cc76d27ba1cce86da34109d2e43dcc8ed7c9d581b95b39d,1,sha256:bd790862c666d30a451f672ccf74453fa42a524de92d86d1137c465de6ab6b60,100000,20260717T134222171980Z,1222,mask_fragment-n100000-w128-m1000-s1222
mask_fragment,86a3c5594a7b0bd7b33efe4c4ffaf5dc0aa17226,late_mask_fragment,128,508.1089999875985,12800000,1.0,100000,1,sha256:92b825cb6ca6efd8c921ae328d9dcd567e5fc1cecda65d185180a168e33b45c9,1,sha256:bd790862c666d30a451f672ccf74453fa42a524de92d86d1137c465de6ab6b60,100000,20260717T134222171980Z,1222,mask_fragment-n100000-w128-m1000-s1222
mask_fragment,86a3c5594a7b0bd7b33efe4c4ffaf5dc0aa17226,late_mask_fragment,128,505.09409996448085,12800000,1.0,100000,0,sha256:92b825cb6ca6efd8c921ae328d9dcd567e5fc1cecda65d185180a168e33b45c9,2,sha256:bd790862c666d30a451f672ccf74453fa42a524de92d86d1137c465de6ab6b60,100000,20260717T134222171980Z,1222,mask_fragment-n100000-w128-m1000-s1222
mask_fragment,86a3c5594a7b0bd7b33efe4c4ffaf5dc0aa17226,early_mask_fragment,128,476.86150000663474,12800000,1.0,100000,1,sha256:1a43e0ddf8cc02438cc76d27ba1cce86da34109d2e43dcc8ed7c9d581b95b39d,2,sha256:bd790862c666d30a451f672ccf74453fa42a524de92d86d1137c465de6ab6b60,100000,20260717T134222171980Z,1222,mask_fragment-n100000-w128-m1000-s1222
mask_fragment,86a3c5594a7b0bd7b33efe4c4ffaf5dc0aa17226,early_mask_fragment,128,448.72689998010173,12800000,1.0,100000,0,sha256:1a43e0ddf8cc02438cc76d27ba1cce86da34109d2e43dcc8ed7c9d581b95b39d,3,sha256:bd790862c666d30a451f672ccf74453fa42a524de92d86d1137c465de6ab6b60,100000,20260717T134222171980Z,1222,mask_fragment-n100000-w128-m1000-s1222
mask_fragment,86a3c5594a7b0bd7b33efe4c4ffaf5dc0aa17226,late_mask_fragment,128,515.2404000400566,12800000,1.0,100000,1,sha256:92b825cb6ca6efd8c921ae328d9dcd567e5fc1cecda65d185180a168e33b45c9,3,sha256:bd790862c666d30a451f672ccf74453fa42a524de92d86d1137c465de6ab6b60,100000,20260717T134222171980Z,1222,mask_fragment-n100000-w128-m1000-s1222
mask_fragment,86a3c5594a7b0bd7b33efe4c4ffaf5dc0aa17226,late_mask_fragment,128,404.57479999167845,12800000,1.0,100000,0,sha256:92b825cb6ca6efd8c921ae328d9dcd567e5fc1cecda65d185180a168e33b45c9,4,sha256:bd790862c666d30a451f672ccf74453fa42a524de92d86d1137c465de6ab6b60,100000,20260717T134222171980Z,1222,mask_fragment-n100000-w128-m1000-s1222
mask_fragment,86a3c5594a7b0bd7b33efe4c4ffaf5dc0aa17226,early_mask_fragment,128,448.77909997012466,12800000,1.0,100000,1,sha256:1a43e0ddf8cc02438cc76d27ba1cce86da34109d2e43dcc8ed7c9d581b95b39d,4,sha256:bd790862c666d30a451f672ccf74453fa42a524de92d86d1137c465de6ab6b60,100000,20260717T134222171980Z,1222,mask_fragment-n100000-w128-m1000-s1222
mask_fragment,86a3c5594a7b0bd7b33efe4c4ffaf5dc0aa17226,early_mask_fragment,128,419.02590001700446,12800000,1.0,100000,0,sha256:1a43e0ddf8cc02438cc76d27ba1cce86da34109d2e43dcc8ed7c9d581b95b39d,5,sha256:bd790862c666d30a451f672ccf74453fa42a524de92d86d1137c465de6ab6b60,100000,20260717T134222171980Z,1222,mask_fragment-n100000-w128-m1000-s1222
mask_fragment,86a3c5594a7b0bd7b33efe4c4ffaf5dc0aa17226,late_mask_fragment,128,403.9274000097066,12800000,1.0,100000,1,sha256:92b825cb6ca6efd8c921ae328d9dcd567e5fc1cecda65d185180a168e33b45c9,5,sha256:bd790862c666d30a451f672ccf74453fa42a524de92d86d1137c465de6ab6b60,100000,20260717T134222171980Z,1222,mask_fragment-n100000-w128-m1000-s1222
mask_fragment,86a3c5594a7b0bd7b33efe4c4ffaf5dc0aa17226,late_mask_fragment,128,421.5318000060506,12800000,1.0,100000,0,sha256:92b825cb6ca6efd8c921ae328d9dcd567e5fc1cecda65d185180a168e33b45c9,6,sha256:bd790862c666d30a451f672ccf74453fa42a524de92d86d1137c465de6ab6b60,100000,20260717T134222171980Z,1222,mask_fragment-n100000-w128-m1000-s1222
mask_fragment,86a3c5594a7b0bd7b33efe4c4ffaf5dc0aa17226,early_mask_fragment,128,425.3803999745287,12800000,1.0,100000,1,sha256:1a43e0ddf8cc02438cc76d27ba1cce86da34109d2e43dcc8ed7c9d581b95b39d,6,sha256:bd790862c666d30a451f672ccf74453fa42a524de92d86d1137c465de6ab6b60,100000,20260717T134222171980Z,1222,mask_fragment-n100000-w128-m1000-s1222
mask_fragment,86a3c5594a7b0bd7b33efe4c4ffaf5dc0aa17226,early_mask_fragment,128,458.5578999831341,12800000,1.0,100000,0,sha256:1a43e0ddf8cc02438cc76d27ba1cce86da34109d2e43dcc8ed7c9d581b95b39d,7,sha256:bd790862c666d30a451f672ccf74453fa42a524de92d86d1137c465de6ab6b60,100000,20260717T134222171980Z,1222,mask_fragment-n100000-w128-m1000-s1222
mask_fragment,86a3c5594a7b0bd7b33efe4c4ffaf5dc0aa17226,late_mask_fragment,128,442.29279999854043,12800000,1.0,100000,1,sha256:92b825cb6ca6efd8c921ae328d9dcd567e5fc1cecda65d185180a168e33b45c9,7,sha256:bd790862c666d30a451f672ccf74453fa42a524de92d86d1137c465de6ab6b60,100000,20260717T134222171980Z,1222,mask_fragment-n100000-w128-m1000-s1222
mask_fragment,86a3c5594a7b0bd7b33efe4c4ffaf5dc0aa17226,late_mask_fragment,128,503.57200001599267,12800000,1.0,100000,0,sha256:92b825cb6ca6efd8c921ae328d9dcd567e5fc1cecda65d185180a168e33b45c9,8,sha256:bd790862c666d30a451f672ccf74453fa42a524de92d86d1137c465de6ab6b60,100000,20260717T134222171980Z,1222,mask_fragment-n100000-w128-m1000-s1222
mask_fragment,86a3c5594a7b0bd7b33efe4c4ffaf5dc0aa17226,early_mask_fragment,128,449.1771999746561,12800000,1.0,100000,1,sha256:1a43e0ddf8cc02438cc76d27ba1cce86da34109d2e43dcc8ed7c9d581b95b39d,8,sha256:bd790862c666d30a451f672ccf74453fa42a524de92d86d1137c465de6ab6b60,100000,20260717T134222171980Z,1222,mask_fragment-n100000-w128-m1000-s1222
mask_fragment,86a3c5594a7b0bd7b33efe4c4ffaf5dc0aa17226,early_mask_fragment,128,454.09690000815317,12800000,1.0,100000,0,sha256:1a43e0ddf8cc02438cc76d27ba1cce86da34109d2e43dcc8ed7c9d581b95b39d,9,sha256:bd790862c666d30a451f672ccf74453fa42a524de92d86d1137c465de6ab6b60,100000,20260717T134222171980Z,1222,mask_fragment-n100000-w128-m1000-s1222
mask_fragment,86a3c5594a7b0bd7b33efe4c4ffaf5dc0aa17226,late_mask_fragment,128,473.33740000613034,12800000,1.0,100000,1,sha256:92b825cb6ca6efd8c921ae328d9dcd567e5fc1cecda65d185180a168e33b45c9,9,sha256:bd790862c666d30a451f672ccf74453fa42a524de92d86d1137c465de6ab6b60,100000,20260717T134222171980Z,1222,mask_fragment-n100000-w128-m1000-s1222
mask_fragment,86a3c5594a7b0bd7b33efe4c4ffaf5dc0aa17226,late_mask_fragment,128,425.28750002384186,12800000,1.0,100000,0,sha256:92b825cb6ca6efd8c921ae328d9dcd567e5fc1cecda65d185180a168e33b45c9,10,sha256:bd790862c666d30a451f672ccf74453fa42a524de92d86d1137c465de6ab6b60,100000,20260717T134222171980Z,1222,mask_fragment-n100000-w128-m1000-s1222
mask_fragment,86a3c5594a7b0bd7b33efe4c4ffaf5dc0aa17226,early_mask_fragment,128,481.73930001212284,12800000,1.0,100000,1,sha256:1a43e0ddf8cc02438cc76d27ba1cce86da34109d2e43dcc8ed7c9d581b95b39d,10,sha256:bd790862c666d30a451f672ccf74453fa42a524de92d86d1137c465de6ab6b60,100000,20260717T134222171980Z,1222,mask_fragment-n100000-w128-m1000-s1222
mask_fragment,86a3c5594a7b0bd7b33efe4c4ffaf5dc0aa17226,early_mask_fragment,128,432.638099999167,12800000,1.0,100000,0,sha256:1a43e0ddf8cc02438cc76d27ba1cce86da34109d2e43dcc8ed7c9d581b95b39d,11,sha256:bd790862c666d30a451f672ccf74453fa42a524de92d86d1137c465de6ab6b60,100000,20260717T134222171980Z,1222,mask_fragment-n100000-w128-m1000-s1222
mask_fragment,86a3c5594a7b0bd7b33efe4c4ffaf5dc0aa17226,late_mask_fragment,128,408.59740000450984,12800000,1.0,100000,1,sha256:92b825cb6ca6efd8c921ae328d9dcd567e5fc1cecda65d185180a168e33b45c9,11,sha256:bd790862c666d30a451f672ccf74453fa42a524de92d86d1137c465de6ab6b60,100000,20260717T134222171980Z,1222,mask_fragment-n100000-w128-m1000-s1222
mask_fragment,86a3c5594a7b0bd7b33efe4c4ffaf5dc0aa17226,late_mask_fragment,128,483.0793999717571,12800000,1.0,100000,0,sha256:92b825cb6ca6efd8c921ae328d9dcd567e5fc1cecda65d185180a168e33b45c9,12,sha256:bd790862c666d30a451f672ccf74453fa42a524de92d86d1137c465de6ab6b60,100000,20260717T134222171980Z,1222,mask_fragment-n100000-w128-m1000-s1222
mask_fragment,86a3c5594a7b0bd7b33efe4c4ffaf5dc0aa17226,early_mask_fragment,128,407.93759998632595,12800000,1.0,100000,1,sha256:1a43e0ddf8cc02438cc76d27ba1cce86da34109d2e43dcc8ed7c9d581b95b39d,12,sha256:bd790862c666d30a451f672ccf74453fa42a524de92d86d1137c465de6ab6b60,100000,20260717T134222171980Z,1222,mask_fragment-n100000-w128-m1000-s1222
mask_fragment,86a3c5594a7b0bd7b33efe4c4ffaf5dc0aa17226,early_mask_fragment,128,440.53900003200397,12800000,1.0,100000,0,sha256:1a43e0ddf8cc02438cc76d27ba1cce86da34109d2e43dcc8ed7c9d581b95b39d,13,sha256:bd790862c666d30a451f672ccf74453fa42a524de92d86d1137c465de6ab6b60,100000,20260717T134222171980Z,1222,mask_fragment-n100000-w128-m1000-s1222
mask_fragment,86a3c5594a7b0bd7b33efe4c4ffaf5dc0aa17226,late_mask_fragment,128,483.65750000812113,12800000,1.0,100000,1,sha256:92b825cb6ca6efd8c921ae328d9dcd567e5fc1cecda65d185180a168e33b45c9,13,sha256:bd790862c666d30a451f672ccf74453fa42a524de92d86d1137c465de6ab6b60,100000,20260717T134222171980Z,1222,mask_fragment-n100000-w128-m1000-s1222
mask_fragment,86a3c5594a7b0bd7b33efe4c4ffaf5dc0aa17226,late_mask_fragment,128,463.2740000379272,12800000,1.0,100000,0,sha256:92b825cb6ca6efd8c921ae328d9dcd567e5fc1cecda65d185180a168e33b45c9,14,sha256:bd790862c666d30a451f672ccf74453fa42a524de92d86d1137c465de6ab6b60,100000,20260717T134222171980Z,1222,mask_fragment-n100000-w128-m1000-s1222
mask_fragment,86a3c5594a7b0bd7b33efe4c4ffaf5dc0aa17226,early_mask_fragment,128,440.5875999946147,12800000,1.0,100000,1,sha256:1a43e0ddf8cc02438cc76d27ba1cce86da34109d2e43dcc8ed7c9d581b95b39d,14,sha256:bd790862c666d30a451f672ccf74453fa42a524de92d86d1137c465de6ab6b60,100000,20260717T134222171980Z,1222,mask_fragment-n100000-w128-m1000-s1222
mask_fragment,86a3c5594a7b0bd7b33efe4c4ffaf5dc0aa17226,early_mask_fragment,128,710.8856000122614,12800000,1.0,100000,0,sha256:1a43e0ddf8cc02438cc76d27ba1cce86da34109d2e43dcc8ed7c9d581b95b39d,0,sha256:8df0195c1ab4ecd72bdda8f94d62a8a14d25019ccbed3345012d2778361120b2,100000,20260717T134222171980Z,1333,mask_fragment-n100000-w128-m1000-s1333
mask_fragment,86a3c5594a7b0bd7b33efe4c4ffaf5dc0aa17226,late_mask_fragment,128,700.0912000075914,12800000,1.0,100000,1,sha256:92b825cb6ca6efd8c921ae328d9dcd567e5fc1cecda65d185180a168e33b45c9,0,sha256:8df0195c1ab4ecd72bdda8f94d62a8a14d25019ccbed3345012d2778361120b2,100000,20260717T134222171980Z,1333,mask_fragment-n100000-w128-m1000-s1333
mask_fragment,86a3c5594a7b0bd7b33efe4c4ffaf5dc0aa17226,late_mask_fragment,128,599.8874999932013,12800000,1.0,100000,0,sha256:92b825cb6ca6efd8c921ae328d9dcd567e5fc1cecda65d185180a168e33b45c9,1,sha256:8df0195c1ab4ecd72bdda8f94d62a8a14d25019ccbed3345012d2778361120b2,100000,20260717T134222171980Z,1333,mask_fragment-n100000-w128-m1000-s1333
mask_fragment,86a3c5594a7b0bd7b33efe4c4ffaf5dc0aa17226,early_mask_fragment,128,564.335500006564,12800000,1.0,100000,1,sha256:1a43e0ddf8cc02438cc76d27ba1cce86da34109d2e43dcc8ed7c9d581b95b39d,1,sha256:8df0195c1ab4ecd72bdda8f94d62a8a14d25019ccbed3345012d2778361120b2,100000,20260717T134222171980Z,1333,mask_fragment-n100000-w128-m1000-s1333
mask_fragment,86a3c5594a7b0bd7b33efe4c4ffaf5dc0aa17226,early_mask_fragment,128,506.34640001226217,12800000,1.0,100000,0,sha256:1a43e0ddf8cc02438cc76d27ba1cce86da34109d2e43dcc8ed7c9d581b95b39d,2,sha256:8df0195c1ab4ecd72bdda8f94d62a8a14d25019ccbed3345012d2778361120b2,100000,20260717T134222171980Z,1333,mask_fragment-n100000-w128-m1000-s1333
mask_fragment,86a3c5594a7b0bd7b33efe4c4ffaf5dc0aa17226,late_mask_fragment,128,530.5652000242844,12800000,1.0,100000,1,sha256:92b825cb6ca6efd8c921ae328d9dcd567e5fc1cecda65d185180a168e33b45c9,2,sha256:8df0195c1ab4ecd72bdda8f94d62a8a14d25019ccbed3345012d2778361120b2,100000,20260717T134222171980Z,1333,mask_fragment-n100000-w128-m1000-s1333
mask_fragment,86a3c5594a7b0bd7b33efe4c4ffaf5dc0aa17226,late_mask_fragment,128,640.6763999839313,12800000,1.0,100000,0,sha256:92b825cb6ca6efd8c921ae328d9dcd567e5fc1cecda65d185180a168e33b45c9,3,sha256:8df0195c1ab4ecd72bdda8f94d62a8a14d25019ccbed3345012d2778361120b2,100000,20260717T134222171980Z,1333,mask_fragment-n100000-w128-m1000-s1333
mask_fragment,86a3c5594a7b0bd7b33efe4c4ffaf5dc0aa17226,early_mask_fragment,128,734.5536000211723,12800000,1.0,100000,1,sha256:1a43e0ddf8cc02438cc76d27ba1cce86da34109d2e43dcc8ed7c9d581b95b39d,3,sha256:8df0195c1ab4ecd72bdda8f94d62a8a14d25019ccbed3345012d2778361120b2,100000,20260717T134222171980Z,1333,mask_fragment-n100000-w128-m1000-s1333
mask_fragment,86a3c5594a7b0bd7b33efe4c4ffaf5dc0aa17226,early_mask_fragment,128,568.2245000498369,12800000,1.0,100000,0,sha256:1a43e0ddf8cc02438cc76d27ba1cce86da34109d2e43dcc8ed7c9d581b95b39d,4,sha256:8df0195c1ab4ecd72bdda8f94d62a8a14d25019ccbed3345012d2778361120b2,100000,20260717T134222171980Z,1333,mask_fragment-n100000-w128-m1000-s1333
mask_fragment,86a3c5594a7b0bd7b33efe4c4ffaf5dc0aa17226,late_mask_fragment,128,565.2323999674991,12800000,1.0,100000,1,sha256:92b825cb6ca6efd8c921ae328d9dcd567e5fc1cecda65d185180a168e33b45c9,4,sha256:8df0195c1ab4ecd72bdda8f94d62a8a14d25019ccbed3345012d2778361120b2,100000,20260717T134222171980Z,1333,mask_fragment-n100000-w128-m1000-s1333
mask_fragment,86a3c5594a7b0bd7b33efe4c4ffaf5dc0aa17226,late_mask_fragment,128,692.8509999997914,12800000,1.0,100000,0,sha256:92b825cb6ca6efd8c921ae328d9dcd567e5fc1cecda65d185180a168e33b45c9,5,sha256:8df0195c1ab4ecd72bdda8f94d62a8a14d25019ccbed3345012d2778361120b2,100000,20260717T134222171980Z,1333,mask_fragment-n100000-w128-m1000-s1333
mask_fragment,86a3c5594a7b0bd7b33efe4c4ffaf5dc0aa17226,early_mask_fragment,128,626.4566999743693,12800000,1.0,100000,1,sha256:1a43e0ddf8cc02438cc76d27ba1cce86da34109d2e43dcc8ed7c9d581b95b39d,5,sha256:8df0195c1ab4ecd72bdda8f94d62a8a14d25019ccbed3345012d2778361120b2,100000,20260717T134222171980Z,1333,mask_fragment-n100000-w128-m1000-s1333
mask_fragment,86a3c5594a7b0bd7b33efe4c4ffaf5dc0aa17226,early_mask_fragment,128,483.5732000065036,12800000,1.0,100000,0,sha256:1a43e0ddf8cc02438cc76d27ba1cce86da34109d2e43dcc8ed7c9d581b95b39d,6,sha256:8df0195c1ab4ecd72bdda8f94d62a8a14d25019ccbed3345012d2778361120b2,100000,20260717T134222171980Z,1333,mask_fragment-n100000-w128-m1000-s1333
mask_fragment,86a3c5594a7b0bd7b33efe4c4ffaf5dc0aa17226,late_mask_fragment,128,431.32919998606667,12800000,1.0,100000,1,sha256:92b825cb6ca6efd8c921ae328d9dcd567e5fc1cecda65d185180a168e33b45c9,6,sha256:8df0195c1ab4ecd72bdda8f94d62a8a14d25019ccbed3345012d2778361120b2,100000,20260717T134222171980Z,1333,mask_fragment-n100000-w128-m1000-s1333
mask_fragment,86a3c5594a7b0bd7b33efe4c4ffaf5dc0aa17226,late_mask_fragment,128,407.49670000514016,12800000,1.0,100000,0,sha256:92b825cb6ca6efd8c921ae328d9dcd567e5fc1cecda65d185180a168e33b45c9,7,sha256:8df0195c1ab4ecd72bdda8f94d62a8a14d25019ccbed3345012d2778361120b2,100000,20260717T134222171980Z,1333,mask_fragment-n100000-w128-m1000-s1333
mask_fragment,86a3c5594a7b0bd7b33efe4c4ffaf5dc0aa17226,early_mask_fragment,128,406.84750000946224,12800000,1.0,100000,1,sha256:1a43e0ddf8cc02438cc76d27ba1cce86da34109d2e43dcc8ed7c9d581b95b39d,7,sha256:8df0195c1ab4ecd72bdda8f94d62a8a14d25019ccbed3345012d2778361120b2,100000,20260717T134222171980Z,1333,mask_fragment-n100000-w128-m1000-s1333
mask_fragment,86a3c5594a7b0bd7b33efe4c4ffaf5dc0aa17226,early_mask_fragment,128,453.2187000149861,12800000,1.0,100000,0,sha256:1a43e0ddf8cc02438cc76d27ba1cce86da34109d2e43dcc8ed7c9d581b95b39d,8,sha256:8df0195c1ab4ecd72bdda8f94d62a8a14d25019ccbed3345012d2778361120b2,100000,20260717T134222171980Z,1333,mask_fragment-n100000-w128-m1000-s1333
mask_fragment,86a3c5594a7b0bd7b33efe4c4ffaf5dc0aa17226,late_mask_fragment,128,433.77719999989495,12800000,1.0,100000,1,sha256:92b825cb6ca6efd8c921ae328d9dcd567e5fc1cecda65d185180a168e33b45c9,8,sha256:8df0195c1ab4ecd72bdda8f94d62a8a14d25019ccbed3345012d2778361120b2,100000,20260717T134222171980Z,1333,mask_fragment-n100000-w128-m1000-s1333
mask_fragment,86a3c5594a7b0bd7b33efe4c4ffaf5dc0aa17226,late_mask_fragment,128,490.64189998898655,12800000,1.0,100000,0,sha256:92b825cb6ca6efd8c921ae328d9dcd567e5fc1cecda65d185180a168e33b45c9,9,sha256:8df0195c1ab4ecd72bdda8f94d62a8a14d25019ccbed3345012d2778361120b2,100000,20260717T134222171980Z,1333,mask_fragment-n100000-w128-m1000-s1333
mask_fragment,86a3c5594a7b0bd7b33efe4c4ffaf5dc0aa17226,early_mask_fragment,128,450.90260001597926,12800000,1.0,100000,1,sha256:1a43e0ddf8cc02438cc76d27ba1cce86da34109d2e43dcc8ed7c9d581b95b39d,9,sha256:8df0195c1ab4ecd72bdda8f94d62a8a14d25019ccbed3345012d2778361120b2,100000,20260717T134222171980Z,1333,mask_fragment-n100000-w128-m1000-s1333
mask_fragment,86a3c5594a7b0bd7b33efe4c4ffaf5dc0aa17226,early_mask_fragment,128,436.16319994907826,12800000,1.0,100000,0,sha256:1a43e0ddf8cc02438cc76d27ba1cce86da34109d2e43dcc8ed7c9d581b95b39d,10,sha256:8df0195c1ab4ecd72bdda8f94d62a8a14d25019ccbed3345012d2778361120b2,100000,20260717T134222171980Z,1333,mask_fragment-n100000-w128-m1000-s1333
mask_fragment,86a3c5594a7b0bd7b33efe4c4ffaf5dc0aa17226,late_mask_fragment,128,498.86829999741167,12800000,1.0,100000,1,sha256:92b825cb6ca6efd8c921ae328d9dcd567e5fc1cecda65d185180a168e33b45c9,10,sha256:8df0195c1ab4ecd72bdda8f94d62a8a14d25019ccbed3345012d2778361120b2,100000,20260717T134222171980Z,1333,mask_fragment-n100000-w128-m1000-s1333
mask_fragment,86a3c5594a7b0bd7b33efe4c4ffaf5dc0aa17226,late_mask_fragment,128,467.61809999588877,12800000,1.0,100000,0,sha256:92b825cb6ca6efd8c921ae328d9dcd567e5fc1cecda65d185180a168e33b45c9,11,sha256:8df0195c1ab4ecd72bdda8f94d62a8a14d25019ccbed3345012d2778361120b2,100000,20260717T134222171980Z,1333,mask_fragment-n100000-w128-m1000-s1333
mask_fragment,86a3c5594a7b0bd7b33efe4c4ffaf5dc0aa17226,early_mask_fragment,128,476.0322999791242,12800000,1.0,100000,1,sha256:1a43e0ddf8cc02438cc76d27ba1cce86da34109d2e43dcc8ed7c9d581b95b39d,11,sha256:8df0195c1ab4ecd72bdda8f94d62a8a14d25019ccbed3345012d2778361120b2,100000,20260717T134222171980Z,1333,mask_fragment-n100000-w128-m1000-s1333
mask_fragment,86a3c5594a7b0bd7b33efe4c4ffaf5dc0aa17226,early_mask_fragment,128,439.76400000974536,12800000,1.0,100000,0,sha256:1a43e0ddf8cc02438cc76d27ba1cce86da34109d2e43dcc8ed7c9d581b95b39d,12,sha256:8df0195c1ab4ecd72bdda8f94d62a8a14d25019ccbed3345012d2778361120b2,100000,20260717T134222171980Z,1333,mask_fragment-n100000-w128-m1000-s1333
mask_fragment,86a3c5594a7b0bd7b33efe4c4ffaf5dc0aa17226,late_mask_fragment,128,529.0022999979556,12800000,1.0,100000,1,sha256:92b825cb6ca6efd8c921ae328d9dcd567e5fc1cecda65d185180a168e33b45c9,12,sha256:8df0195c1ab4ecd72bdda8f94d62a8a14d25019ccbed3345012d2778361120b2,100000,20260717T134222171980Z,1333,mask_fragment-n100000-w128-m1000-s1333
mask_fragment,86a3c5594a7b0bd7b33efe4c4ffaf5dc0aa17226,late_mask_fragment,128,408.9527999749407,12800000,1.0,100000,0,sha256:92b825cb6ca6efd8c921ae328d9dcd567e5fc1cecda65d185180a168e33b45c9,13,sha256:8df0195c1ab4ecd72bdda8f94d62a8a14d25019ccbed3345012d2778361120b2,100000,20260717T134222171980Z,1333,mask_fragment-n100000-w128-m1000-s1333
mask_fragment,86a3c5594a7b0bd7b33efe4c4ffaf5dc0aa17226,early_mask_fragment,128,439.9202999775298,12800000,1.0,100000,1,sha256:1a43e0ddf8cc02438cc76d27ba1cce86da34109d2e43dcc8ed7c9d581b95b39d,13,sha256:8df0195c1ab4ecd72bdda8f94d62a8a14d25019ccbed3345012d2778361120b2,100000,20260717T134222171980Z,1333,mask_fragment-n100000-w128-m1000-s1333
mask_fragment,86a3c5594a7b0bd7b33efe4c4ffaf5dc0aa17226,early_mask_fragment,128,471.9483999651857,12800000,1.0,100000,0,sha256:1a43e0ddf8cc02438cc76d27ba1cce86da34109d2e43dcc8ed7c9d581b95b39d,14,sha256:8df0195c1ab4ecd72bdda8f94d62a8a14d25019ccbed3345012d2778361120b2,100000,20260717T134222171980Z,1333,mask_fragment-n100000-w128-m1000-s1333
mask_fragment,86a3c5594a7b0bd7b33efe4c4ffaf5dc0aa17226,late_mask_fragment,128,437.6441999920644,12800000,1.0,100000,1,sha256:92b825cb6ca6efd8c921ae328d9dcd567e5fc1cecda65d185180a168e33b45c9,14,sha256:8df0195c1ab4ecd72bdda8f94d62a8a14d25019ccbed3345012d2778361120b2,100000,20260717T134222171980Z,1333,mask_fragment-n100000-w128-m1000-s1333
mask_fragment,86a3c5594a7b0bd7b33efe4c4ffaf5dc0aa17226,late_mask_fragment,128,417.23399999318644,12800000,1.0,100000,0,sha256:92b825cb6ca6efd8c921ae328d9dcd567e5fc1cecda65d185180a168e33b45c9,0,sha256:ef4683f1992667762d6158ca1fd8d863693cc7bc7f8bdcb0301db73b69f8bb09,100000,20260717T134222171980Z,1444,mask_fragment-n100000-w128-m1000-s1444
mask_fragment,86a3c5594a7b0bd7b33efe4c4ffaf5dc0aa17226,early_mask_fragment,128,480.7791000348516,12800000,1.0,100000,1,sha256:1a43e0ddf8cc02438cc76d27ba1cce86da34109d2e43dcc8ed7c9d581b95b39d,0,sha256:ef4683f1992667762d6158ca1fd8d863693cc7bc7f8bdcb0301db73b69f8bb09,100000,20260717T134222171980Z,1444,mask_fragment-n100000-w128-m1000-s1444
mask_fragment,86a3c5594a7b0bd7b33efe4c4ffaf5dc0aa17226,early_mask_fragment,128,411.4161000470631,12800000,1.0,100000,0,sha256:1a43e0ddf8cc02438cc76d27ba1cce86da34109d2e43dcc8ed7c9d581b95b39d,1,sha256:ef4683f1992667762d6158ca1fd8d863693cc7bc7f8bdcb0301db73b69f8bb09,100000,20260717T134222171980Z,1444,mask_fragment-n100000-w128-m1000-s1444
mask_fragment,86a3c5594a7b0bd7b33efe4c4ffaf5dc0aa17226,late_mask_fragment,128,448.59009998617694,12800000,1.0,100000,1,sha256:92b825cb6ca6efd8c921ae328d9dcd567e5fc1cecda65d185180a168e33b45c9,1,sha256:ef4683f1992667762d6158ca1fd8d863693cc7bc7f8bdcb0301db73b69f8bb09,100000,20260717T134222171980Z,1444,mask_fragment-n100000-w128-m1000-s1444
mask_fragment,86a3c5594a7b0bd7b33efe4c4ffaf5dc0aa17226,late_mask_fragment,128,430.6732999975793,12800000,1.0,100000,0,sha256:92b825cb6ca6efd8c921ae328d9dcd567e5fc1cecda65d185180a168e33b45c9,2,sha256:ef4683f1992667762d6158ca1fd8d863693cc7bc7f8bdcb0301db73b69f8bb09,100000,20260717T134222171980Z,1444,mask_fragment-n100000-w128-m1000-s1444
mask_fragment,86a3c5594a7b0bd7b33efe4c4ffaf5dc0aa17226,early_mask_fragment,128,518.3165000053123,12800000,1.0,100000,1,sha256:1a43e0ddf8cc02438cc76d27ba1cce86da34109d2e43dcc8ed7c9d581b95b39d,2,sha256:ef4683f1992667762d6158ca1fd8d863693cc7bc7f8bdcb0301db73b69f8bb09,100000,20260717T134222171980Z,1444,mask_fragment-n100000-w128-m1000-s1444
mask_fragment,86a3c5594a7b0bd7b33efe4c4ffaf5dc0aa17226,early_mask_fragment,128,478.5245999810286,12800000,1.0,100000,0,sha256:1a43e0ddf8cc02438cc76d27ba1cce86da34109d2e43dcc8ed7c9d581b95b39d,3,sha256:ef4683f1992667762d6158ca1fd8d863693cc7bc7f8bdcb0301db73b69f8bb09,100000,20260717T134222171980Z,1444,mask_fragment-n100000-w128-m1000-s1444
mask_fragment,86a3c5594a7b0bd7b33efe4c4ffaf5dc0aa17226,late_mask_fragment,128,495.5327999778092,12800000,1.0,100000,1,sha256:92b825cb6ca6efd8c921ae328d9dcd567e5fc1cecda65d185180a168e33b45c9,3,sha256:ef4683f1992667762d6158ca1fd8d863693cc7bc7f8bdcb0301db73b69f8bb09,100000,20260717T134222171980Z,1444,mask_fragment-n100000-w128-m1000-s1444
mask_fragment,86a3c5594a7b0bd7b33efe4c4ffaf5dc0aa17226,late_mask_fragment,128,453.5696000093594,12800000,1.0,100000,0,sha256:92b825cb6ca6efd8c921ae328d9dcd567e5fc1cecda65d185180a168e33b45c9,4,sha256:ef4683f1992667762d6158ca1fd8d863693cc7bc7f8bdcb0301db73b69f8bb09,100000,20260717T134222171980Z,1444,mask_fragment-n100000-w128-m1000-s1444
mask_fragment,86a3c5594a7b0bd7b33efe4c4ffaf5dc0aa17226,early_mask_fragment,128,481.6972999833524,12800000,1.0,100000,1,sha256:1a43e0ddf8cc02438cc76d27ba1cce86da34109d2e43dcc8ed7c9d581b95b39d,4,sha256:ef4683f1992667762d6158ca1fd8d863693cc7bc7f8bdcb0301db73b69f8bb09,100000,20260717T134222171980Z,1444,mask_fragment-n100000-w128-m1000-s1444
mask_fragment,86a3c5594a7b0bd7b33efe4c4ffaf5dc0aa17226,early_mask_fragment,128,523.8266999949701,12800000,1.0,100000,0,sha256:1a43e0ddf8cc02438cc76d27ba1cce86da34109d2e43dcc8ed7c9d581b95b39d,5,sha256:ef4683f1992667762d6158ca1fd8d863693cc7bc7f8bdcb0301db73b69f8bb09,100000,20260717T134222171980Z,1444,mask_fragment-n100000-w128-m1000-s1444
mask_fragment,86a3c5594a7b0bd7b33efe4c4ffaf5dc0aa17226,late_mask_fragment,128,462.8748000250198,12800000,1.0,100000,1,sha256:92b825cb6ca6efd8c921ae328d9dcd567e5fc1cecda65d185180a168e33b45c9,5,sha256:ef4683f1992667762d6158ca1fd8d863693cc7bc7f8bdcb0301db73b69f8bb09,100000,20260717T134222171980Z,1444,mask_fragment-n100000-w128-m1000-s1444
mask_fragment,86a3c5594a7b0bd7b33efe4c4ffaf5dc0aa17226,late_mask_fragment,128,623.6050999723375,12800000,1.0,100000,0,sha256:92b825cb6ca6efd8c921ae328d9dcd567e5fc1cecda65d185180a168e33b45c9,6,sha256:ef4683f1992667762d6158ca1fd8d863693cc7bc7f8bdcb0301db73b69f8bb09,100000,20260717T134222171980Z,1444,mask_fragment-n100000-w128-m1000-s1444
mask_fragment,86a3c5594a7b0bd7b33efe4c4ffaf5dc0aa17226,early_mask_fragment,128,557.670500013046,12800000,1.0,100000,1,sha256:1a43e0ddf8cc02438cc76d27ba1cce86da34109d2e43dcc8ed7c9d581b95b39d,6,sha256:ef4683f1992667762d6158ca1fd8d863693cc7bc7f8bdcb0301db73b69f8bb09,100000,20260717T134222171980Z,1444,mask_fragment-n100000-w128-m1000-s1444
mask_fragment,86a3c5594a7b0bd7b33efe4c4ffaf5dc0aa17226,early_mask_fragment,128,592.6877000019886,12800000,1.0,100000,0,sha256:1a43e0ddf8cc02438cc76d27ba1cce86da34109d2e43dcc8ed7c9d581b95b39d,7,sha256:ef4683f1992667762d6158ca1fd8d863693cc7bc7f8bdcb0301db73b69f8bb09,100000,20260717T134222171980Z,1444,mask_fragment-n100000-w128-m1000-s1444
mask_fragment,86a3c5594a7b0bd7b33efe4c4ffaf5dc0aa17226,late_mask_fragment,128,623.8324000150897,12800000,1.0,100000,1,sha256:92b825cb6ca6efd8c921ae328d9dcd567e5fc1cecda65d185180a168e33b45c9,7,sha256:ef4683f1992667762d6158ca1fd8d863693cc7bc7f8bdcb0301db73b69f8bb09,100000,20260717T134222171980Z,1444,mask_fragment-n100000-w128-m1000-s1444
mask_fragment,86a3c5594a7b0bd7b33efe4c4ffaf5dc0aa17226,late_mask_fragment,128,608.4989999653772,12800000,1.0,100000,0,sha256:92b825cb6ca6efd8c921ae328d9dcd567e5fc1cecda65d185180a168e33b45c9,8,sha256:ef4683f1992667762d6158ca1fd8d863693cc7bc7f8bdcb0301db73b69f8bb09,100000,20260717T134222171980Z,1444,mask_fragment-n100000-w128-m1000-s1444
mask_fragment,86a3c5594a7b0bd7b33efe4c4ffaf5dc0aa17226,early_mask_fragment,128,588.2886999752373,12800000,1.0,100000,1,sha256:1a43e0ddf8cc02438cc76d27ba1cce86da34109d2e43dcc8ed7c9d581b95b39d,8,sha256:ef4683f1992667762d6158ca1fd8d863693cc7bc7f8bdcb0301db73b69f8bb09,100000,20260717T134222171980Z,1444,mask_fragment-n100000-w128-m1000-s1444
mask_fragment,86a3c5594a7b0bd7b33efe4c4ffaf5dc0aa17226,early_mask_fragment,128,539.4019999657758,12800000,1.0,100000,0,sha256:1a43e0ddf8cc02438cc76d27ba1cce86da34109d2e43dcc8ed7c9d581b95b39d,9,sha256:ef4683f1992667762d6158ca1fd8d863693cc7bc7f8bdcb0301db73b69f8bb09,100000,20260717T134222171980Z,1444,mask_fragment-n100000-w128-m1000-s1444
mask_fragment,86a3c5594a7b0bd7b33efe4c4ffaf5dc0aa17226,late_mask_fragment,128,501.94200000260025,12800000,1.0,100000,1,sha256:92b825cb6ca6efd8c921ae328d9dcd567e5fc1cecda65d185180a168e33b45c9,9,sha256:ef4683f1992667762d6158ca1fd8d863693cc7bc7f8bdcb0301db73b69f8bb09,100000,20260717T134222171980Z,1444,mask_fragment-n100000-w128-m1000-s1444
mask_fragment,86a3c5594a7b0bd7b33efe4c4ffaf5dc0aa17226,late_mask_fragment,128,468.9545000437647,12800000,1.0,100000,0,sha256:92b825cb6ca6efd8c921ae328d9dcd567e5fc1cecda65d185180a168e33b45c9,10,sha256:ef4683f1992667762d6158ca1fd8d863693cc7bc7f8bdcb0301db73b69f8bb09,100000,20260717T134222171980Z,1444,mask_fragment-n100000-w128-m1000-s1444
mask_fragment,86a3c5594a7b0bd7b33efe4c4ffaf5dc0aa17226,early_mask_fragment,128,396.0265999776311,12800000,1.0,100000,1,sha256:1a43e0ddf8cc02438cc76d27ba1cce86da34109d2e43dcc8ed7c9d581b95b39d,10,sha256:ef4683f1992667762d6158ca1fd8d863693cc7bc7f8bdcb0301db73b69f8bb09,100000,20260717T134222171980Z,1444,mask_fragment-n100000-w128-m1000-s1444
mask_fragment,86a3c5594a7b0bd7b33efe4c4ffaf5dc0aa17226,early_mask_fragment,128,436.0525999800302,12800000,1.0,100000,0,sha256:1a43e0ddf8cc02438cc76d27ba1cce86da34109d2e43dcc8ed7c9d581b95b39d,11,sha256:ef4683f1992667762d6158ca1fd8d863693cc7bc7f8bdcb0301db73b69f8bb09,100000,20260717T134222171980Z,1444,mask_fragment-n100000-w128-m1000-s1444
mask_fragment,86a3c5594a7b0bd7b33efe4c4ffaf5dc0aa17226,late_mask_fragment,128,450.3207999514416,12800000,1.0,100000,1,sha256:92b825cb6ca6efd8c921ae328d9dcd567e5fc1cecda65d185180a168e33b45c9,11,sha256:ef4683f1992667762d6158ca1fd8d863693cc7bc7f8bdcb0301db73b69f8bb09,100000,20260717T134222171980Z,1444,mask_fragment-n100000-w128-m1000-s1444
mask_fragment,86a3c5594a7b0bd7b33efe4c4ffaf5dc0aa17226,late_mask_fragment,128,487.38950002007186,12800000,1.0,100000,0,sha256:92b825cb6ca6efd8c921ae328d9dcd567e5fc1cecda65d185180a168e33b45c9,12,sha256:ef4683f1992667762d6158ca1fd8d863693cc7bc7f8bdcb0301db73b69f8bb09,100000,20260717T134222171980Z,1444,mask_fragment-n100000-w128-m1000-s1444
mask_fragment,86a3c5594a7b0bd7b33efe4c4ffaf5dc0aa17226,early_mask_fragment,128,438.49829997634515,12800000,1.0,100000,1,sha256:1a43e0ddf8cc02438cc76d27ba1cce86da34109d2e43dcc8ed7c9d581b95b39d,12,sha256:ef4683f1992667762d6158ca1fd8d863693cc7bc7f8bdcb0301db73b69f8bb09,100000,20260717T134222171980Z,1444,mask_fragment-n100000-w128-m1000-s1444
mask_fragment,86a3c5594a7b0bd7b33efe4c4ffaf5dc0aa17226,early_mask_fragment,128,449.5211999746971,12800000,1.0,100000,0,sha256:1a43e0ddf8cc02438cc76d27ba1cce86da34109d2e43dcc8ed7c9d581b95b39d,13,sha256:ef4683f1992667762d6158ca1fd8d863693cc7bc7f8bdcb0301db73b69f8bb09,100000,20260717T134222171980Z,1444,mask_fragment-n100000-w128-m1000-s1444
mask_fragment,86a3c5594a7b0bd7b33efe4c4ffaf5dc0aa17226,late_mask_fragment,128,474.5120999868959,12800000,1.0,100000,1,sha256:92b825cb6ca6efd8c921ae328d9dcd567e5fc1cecda65d185180a168e33b45c9,13,sha256:ef4683f1992667762d6158ca1fd8d863693cc7bc7f8bdcb0301db73b69f8bb09,100000,20260717T134222171980Z,1444,mask_fragment-n100000-w128-m1000-s1444
mask_fragment,86a3c5594a7b0bd7b33efe4c4ffaf5dc0aa17226,late_mask_fragment,128,453.72930000303313,12800000,1.0,100000,0,sha256:92b825cb6ca6efd8c921ae328d9dcd567e5fc1cecda65d185180a168e33b45c9,14,sha256:ef4683f1992667762d6158ca1fd8d863693cc7bc7f8bdcb0301db73b69f8bb09,100000,20260717T134222171980Z,1444,mask_fragment-n100000-w128-m1000-s1444
mask_fragment,86a3c5594a7b0bd7b33efe4c4ffaf5dc0aa17226,early_mask_fragment,128,451.4090000302531,12800000,1.0,100000,1,sha256:1a43e0ddf8cc02438cc76d27ba1cce86da34109d2e43dcc8ed7c9d581b95b39d,14,sha256:ef4683f1992667762d6158ca1fd8d863693cc7bc7f8bdcb0301db73b69f8bb09,100000,20260717T134222171980Z,1444,mask_fragment-n100000-w128-m1000-s1444
mask_fragment,86a3c5594a7b0bd7b33efe4c4ffaf5dc0aa17226,late_mask_fragment,128,462.20790001098067,12800000,1.0,100000,0,sha256:92b825cb6ca6efd8c921ae328d9dcd567e5fc1cecda65d185180a168e33b45c9,0,sha256:a51c18ca89962da629250877a4fa536c3dfd66cc1679f91d2c74680389fafad6,100000,20260717T134222171980Z,1555,mask_fragment-n100000-w128-m1000-s1555
mask_fragment,86a3c5594a7b0bd7b33efe4c4ffaf5dc0aa17226,early_mask_fragment,128,469.75669998209924,12800000,1.0,100000,1,sha256:1a43e0ddf8cc02438cc76d27ba1cce86da34109d2e43dcc8ed7c9d581b95b39d,0,sha256:a51c18ca89962da629250877a4fa536c3dfd66cc1679f91d2c74680389fafad6,100000,20260717T134222171980Z,1555,mask_fragment-n100000-w128-m1000-s1555
mask_fragment,86a3c5594a7b0bd7b33efe4c4ffaf5dc0aa17226,early_mask_fragment,128,459.5380999962799,12800000,1.0,100000,0,sha256:1a43e0ddf8cc02438cc76d27ba1cce86da34109d2e43dcc8ed7c9d581b95b39d,1,sha256:a51c18ca89962da629250877a4fa536c3dfd66cc1679f91d2c74680389fafad6,100000,20260717T134222171980Z,1555,mask_fragment-n100000-w128-m1000-s1555
mask_fragment,86a3c5594a7b0bd7b33efe4c4ffaf5dc0aa17226,late_mask_fragment,128,465.1804000022821,12800000,1.0,100000,1,sha256:92b825cb6ca6efd8c921ae328d9dcd567e5fc1cecda65d185180a168e33b45c9,1,sha256:a51c18ca89962da629250877a4fa536c3dfd66cc1679f91d2c74680389fafad6,100000,20260717T134222171980Z,1555,mask_fragment-n100000-w128-m1000-s1555
mask_fragment,86a3c5594a7b0bd7b33efe4c4ffaf5dc0aa17226,late_mask_fragment,128,481.39430000446737,12800000,1.0,100000,0,sha256:92b825cb6ca6efd8c921ae328d9dcd567e5fc1cecda65d185180a168e33b45c9,2,sha256:a51c18ca89962da629250877a4fa536c3dfd66cc1679f91d2c74680389fafad6,100000,20260717T134222171980Z,1555,mask_fragment-n100000-w128-m1000-s1555
mask_fragment,86a3c5594a7b0bd7b33efe4c4ffaf5dc0aa17226,early_mask_fragment,128,434.9369000410661,12800000,1.0,100000,1,sha256:1a43e0ddf8cc02438cc76d27ba1cce86da34109d2e43dcc8ed7c9d581b95b39d,2,sha256:a51c18ca89962da629250877a4fa536c3dfd66cc1679f91d2c74680389fafad6,100000,20260717T134222171980Z,1555,mask_fragment-n100000-w128-m1000-s1555
mask_fragment,86a3c5594a7b0bd7b33efe4c4ffaf5dc0aa17226,early_mask_fragment,128,580.5511000216939,12800000,1.0,100000,0,sha256:1a43e0ddf8cc02438cc76d27ba1cce86da34109d2e43dcc8ed7c9d581b95b39d,3,sha256:a51c18ca89962da629250877a4fa536c3dfd66cc1679f91d2c74680389fafad6,100000,20260717T134222171980Z,1555,mask_fragment-n100000-w128-m1000-s1555
mask_fragment,86a3c5594a7b0bd7b33efe4c4ffaf5dc0aa17226,late_mask_fragment,128,407.44509996147826,12800000,1.0,100000,1,sha256:92b825cb6ca6efd8c921ae328d9dcd567e5fc1cecda65d185180a168e33b45c9,3,sha256:a51c18ca89962da629250877a4fa536c3dfd66cc1679f91d2c74680389fafad6,100000,20260717T134222171980Z,1555,mask_fragment-n100000-w128-m1000-s1555
mask_fragment,86a3c5594a7b0bd7b33efe4c4ffaf5dc0aa17226,late_mask_fragment,128,428.59190003946424,12800000,1.0,100000,0,sha256:92b825cb6ca6efd8c921ae328d9dcd567e5fc1cecda65d185180a168e33b45c9,4,sha256:a51c18ca89962da629250877a4fa536c3dfd66cc1679f91d2c74680389fafad6,100000,20260717T134222171980Z,1555,mask_fragment-n100000-w128-m1000-s1555
mask_fragment,86a3c5594a7b0bd7b33efe4c4ffaf5dc0aa17226,early_mask_fragment,128,395.6471999990754,12800000,1.0,100000,1,sha256:1a43e0ddf8cc02438cc76d27ba1cce86da34109d2e43dcc8ed7c9d581b95b39d,4,sha256:a51c18ca89962da629250877a4fa536c3dfd66cc1679f91d2c74680389fafad6,100000,20260717T134222171980Z,1555,mask_fragment-n100000-w128-m1000-s1555
mask_fragment,86a3c5594a7b0bd7b33efe4c4ffaf5dc0aa17226,early_mask_fragment,128,467.07720000995323,12800000,1.0,100000,0,sha256:1a43e0ddf8cc02438cc76d27ba1cce86da34109d2e43dcc8ed7c9d581b95b39d,5,sha256:a51c18ca89962da629250877a4fa536c3dfd66cc1679f91d2c74680389fafad6,100000,20260717T134222171980Z,1555,mask_fragment-n100000-w128-m1000-s1555
mask_fragment,86a3c5594a7b0bd7b33efe4c4ffaf5dc0aa17226,late_mask_fragment,128,429.521800018847,12800000,1.0,100000,1,sha256:92b825cb6ca6efd8c921ae328d9dcd567e5fc1cecda65d185180a168e33b45c9,5,sha256:a51c18ca89962da629250877a4fa536c3dfd66cc1679f91d2c74680389fafad6,100000,20260717T134222171980Z,1555,mask_fragment-n100000-w128-m1000-s1555
mask_fragment,86a3c5594a7b0bd7b33efe4c4ffaf5dc0aa17226,late_mask_fragment,128,577.1127000334673,12800000,1.0,100000,0,sha256:92b825cb6ca6efd8c921ae328d9dcd567e5fc1cecda65d185180a168e33b45c9,6,sha256:a51c18ca89962da629250877a4fa536c3dfd66cc1679f91d2c74680389fafad6,100000,20260717T134222171980Z,1555,mask_fragment-n100000-w128-m1000-s1555
mask_fragment,86a3c5594a7b0bd7b33efe4c4ffaf5dc0aa17226,early_mask_fragment,128,422.2044000052847,12800000,1.0,100000,1,sha256:1a43e0ddf8cc02438cc76d27ba1cce86da34109d2e43dcc8ed7c9d581b95b39d,6,sha256:a51c18ca89962da629250877a4fa536c3dfd66cc1679f91d2c74680389fafad6,100000,20260717T134222171980Z,1555,mask_fragment-n100000-w128-m1000-s1555
mask_fragment,86a3c5594a7b0bd7b33efe4c4ffaf5dc0aa17226,early_mask_fragment,128,394.529799988959,12800000,1.0,100000,0,sha256:1a43e0ddf8cc02438cc76d27ba1cce86da34109d2e43dcc8ed7c9d581b95b39d,7,sha256:a51c18ca89962da629250877a4fa536c3dfd66cc1679f91d2c74680389fafad6,100000,20260717T134222171980Z,1555,mask_fragment-n100000-w128-m1000-s1555
mask_fragment,86a3c5594a7b0bd7b33efe4c4ffaf5dc0aa17226,late_mask_fragment,128,435.89480000082403,12800000,1.0,100000,1,sha256:92b825cb6ca6efd8c921ae328d9dcd567e5fc1cecda65d185180a168e33b45c9,7,sha256:a51c18ca89962da629250877a4fa536c3dfd66cc1679f91d2c74680389fafad6,100000,20260717T134222171980Z,1555,mask_fragment-n100000-w128-m1000-s1555
mask_fragment,86a3c5594a7b0bd7b33efe4c4ffaf5dc0aa17226,late_mask_fragment,128,440.11079997289926,12800000,1.0,100000,0,sha256:92b825cb6ca6efd8c921ae328d9dcd567e5fc1cecda65d185180a168e33b45c9,8,sha256:a51c18ca89962da629250877a4fa536c3dfd66cc1679f91d2c74680389fafad6,100000,20260717T134222171980Z,1555,mask_fragment-n100000-w128-m1000-s1555
mask_fragment,86a3c5594a7b0bd7b33efe4c4ffaf5dc0aa17226,early_mask_fragment,128,436.60399998771027,12800000,1.0,100000,1,sha256:1a43e0ddf8cc02438cc76d27ba1cce86da34109d2e43dcc8ed7c9d581b95b39d,8,sha256:a51c18ca89962da629250877a4fa536c3dfd66cc1679f91d2c74680389fafad6,100000,20260717T134222171980Z,1555,mask_fragment-n100000-w128-m1000-s1555
mask_fragment,86a3c5594a7b0bd7b33efe4c4ffaf5dc0aa17226,early_mask_fragment,128,442.5107999704778,12800000,1.0,100000,0,sha256:1a43e0ddf8cc02438cc76d27ba1cce86da34109d2e43dcc8ed7c9d581b95b39d,9,sha256:a51c18ca89962da629250877a4fa536c3dfd66cc1679f91d2c74680389fafad6,100000,20260717T134222171980Z,1555,mask_fragment-n100000-w128-m1000-s1555
mask_fragment,86a3c5594a7b0bd7b33efe4c4ffaf5dc0aa17226,late_mask_fragment,128,450.91580000007525,12800000,1.0,100000,1,sha256:92b825cb6ca6efd8c921ae328d9dcd567e5fc1cecda65d185180a168e33b45c9,9,sha256:a51c18ca89962da629250877a4fa536c3dfd66cc1679f91d2c74680389fafad6,100000,20260717T134222171980Z,1555,mask_fragment-n100000-w128-m1000-s1555
mask_fragment,86a3c5594a7b0bd7b33efe4c4ffaf5dc0aa17226,late_mask_fragment,128,475.62000004108995,12800000,1.0,100000,0,sha256:92b825cb6ca6efd8c921ae328d9dcd567e5fc1cecda65d185180a168e33b45c9,10,sha256:a51c18ca89962da629250877a4fa536c3dfd66cc1679f91d2c74680389fafad6,100000,20260717T134222171980Z,1555,mask_fragment-n100000-w128-m1000-s1555
mask_fragment,86a3c5594a7b0bd7b33efe4c4ffaf5dc0aa17226,early_mask_fragment,128,453.26680003199726,12800000,1.0,100000,1,sha256:1a43e0ddf8cc02438cc76d27ba1cce86da34109d2e43dcc8ed7c9d581b95b39d,10,sha256:a51c18ca89962da629250877a4fa536c3dfd66cc1679f91d2c74680389fafad6,100000,20260717T134222171980Z,1555,mask_fragment-n100000-w128-m1000-s1555
mask_fragment,86a3c5594a7b0bd7b33efe4c4ffaf5dc0aa17226,early_mask_fragment,128,448.81019997410476,12800000,1.0,100000,0,sha256:1a43e0ddf8cc02438cc76d27ba1cce86da34109d2e43dcc8ed7c9d581b95b39d,11,sha256:a51c18ca89962da629250877a4fa536c3dfd66cc1679f91d2c74680389fafad6,100000,20260717T134222171980Z,1555,mask_fragment-n100000-w128-m1000-s1555
mask_fragment,86a3c5594a7b0bd7b33efe4c4ffaf5dc0aa17226,late_mask_fragment,128,466.0829000058584,12800000,1.0,100000,1,sha256:92b825cb6ca6efd8c921ae328d9dcd567e5fc1cecda65d185180a168e33b45c9,11,sha256:a51c18ca89962da629250877a4fa536c3dfd66cc1679f91d2c74680389fafad6,100000,20260717T134222171980Z,1555,mask_fragment-n100000-w128-m1000-s1555
mask_fragment,86a3c5594a7b0bd7b33efe4c4ffaf5dc0aa17226,late_mask_fragment,128,502.55110004218295,12800000,1.0,100000,0,sha256:92b825cb6ca6efd8c921ae328d9dcd567e5fc1cecda65d185180a168e33b45c9,12,sha256:a51c18ca89962da629250877a4fa536c3dfd66cc1679f91d2c74680389fafad6,100000,20260717T134222171980Z,1555,mask_fragment-n100000-w128-m1000-s1555
mask_fragment,86a3c5594a7b0bd7b33efe4c4ffaf5dc0aa17226,early_mask_fragment,128,448.3674000366591,12800000,1.0,100000,1,sha256:1a43e0ddf8cc02438cc76d27ba1cce86da34109d2e43dcc8ed7c9d581b95b39d,12,sha256:a51c18ca89962da629250877a4fa536c3dfd66cc1679f91d2c74680389fafad6,100000,20260717T134222171980Z,1555,mask_fragment-n100000-w128-m1000-s1555
mask_fragment,86a3c5594a7b0bd7b33efe4c4ffaf5dc0aa17226,early_mask_fragment,128,392.16160000069067,12800000,1.0,100000,0,sha256:1a43e0ddf8cc02438cc76d27ba1cce86da34109d2e43dcc8ed7c9d581b95b39d,13,sha256:a51c18ca89962da629250877a4fa536c3dfd66cc1679f91d2c74680389fafad6,100000,20260717T134222171980Z,1555,mask_fragment-n100000-w128-m1000-s1555
mask_fragment,86a3c5594a7b0bd7b33efe4c4ffaf5dc0aa17226,late_mask_fragment,128,1166.3883000146598,12800000,1.0,100000,1,sha256:92b825cb6ca6efd8c921ae328d9dcd567e5fc1cecda65d185180a168e33b45c9,13,sha256:a51c18ca89962da629250877a4fa536c3dfd66cc1679f91d2c74680389fafad6,100000,20260717T134222171980Z,1555,mask_fragment-n100000-w128-m1000-s1555
mask_fragment,86a3c5594a7b0bd7b33efe4c4ffaf5dc0aa17226,late_mask_fragment,128,423.02240000572056,12800000,1.0,100000,0,sha256:92b825cb6ca6efd8c921ae328d9dcd567e5fc1cecda65d185180a168e33b45c9,14,sha256:a51c18ca89962da629250877a4fa536c3dfd66cc1679f91d2c74680389fafad6,100000,20260717T134222171980Z,1555,mask_fragment-n100000-w128-m1000-s1555
mask_fragment,86a3c5594a7b0bd7b33efe4c4ffaf5dc0aa17226,early_mask_fragment,128,428.91550000058487,12800000,1.0,100000,1,sha256:1a43e0ddf8cc02438cc76d27ba1cce86da34109d2e43dcc8ed7c9d581b95b39d,14,sha256:a51c18ca89962da629250877a4fa536c3dfd66cc1679f91d2c74680389fafad6,100000,20260717T134222171980Z,1555,mask_fragment-n100000-w128-m1000-s1555
mask_fragment,86a3c5594a7b0bd7b33efe4c4ffaf5dc0aa17226,early_mask_fragment,256,598.9157000440173,25600000,0.9,90000,0,sha256:1a43e0ddf8cc02438cc76d27ba1cce86da34109d2e43dcc8ed7c9d581b95b39d,0,sha256:fa01721aad6a41eeb90baf88b5530ab69ede6e01db8150dbea5ee0ca6ef9a5c3,100000,20260717T134222171980Z,1111,mask_fragment-n100000-w256-m0900-s1111
mask_fragment,86a3c5594a7b0bd7b33efe4c4ffaf5dc0aa17226,late_mask_fragment,256,567.7325999713503,25600000,0.9,90000,1,sha256:18bd7fb3b6d02ff88c53bf4a74124c631590d7e276f031a9034dc7f9cb857902,0,sha256:fa01721aad6a41eeb90baf88b5530ab69ede6e01db8150dbea5ee0ca6ef9a5c3,100000,20260717T134222171980Z,1111,mask_fragment-n100000-w256-m0900-s1111
mask_fragment,86a3c5594a7b0bd7b33efe4c4ffaf5dc0aa17226,late_mask_fragment,256,544.7443000157364,25600000,0.9,90000,0,sha256:18bd7fb3b6d02ff88c53bf4a74124c631590d7e276f031a9034dc7f9cb857902,1,sha256:fa01721aad6a41eeb90baf88b5530ab69ede6e01db8150dbea5ee0ca6ef9a5c3,100000,20260717T134222171980Z,1111,mask_fragment-n100000-w256-m0900-s1111
mask_fragment,86a3c5594a7b0bd7b33efe4c4ffaf5dc0aa17226,early_mask_fragment,256,528.2120000338182,25600000,0.9,90000,1,sha256:1a43e0ddf8cc02438cc76d27ba1cce86da34109d2e43dcc8ed7c9d581b95b39d,1,sha256:fa01721aad6a41eeb90baf88b5530ab69ede6e01db8150dbea5ee0ca6ef9a5c3,100000,20260717T134222171980Z,1111,mask_fragment-n100000-w256-m0900-s1111
mask_fragment,86a3c5594a7b0bd7b33efe4c4ffaf5dc0aa17226,early_mask_fragment,256,637.4710000236519,25600000,0.9,90000,0,sha256:1a43e0ddf8cc02438cc76d27ba1cce86da34109d2e43dcc8ed7c9d581b95b39d,2,sha256:fa01721aad6a41eeb90baf88b5530ab69ede6e01db8150dbea5ee0ca6ef9a5c3,100000,20260717T134222171980Z,1111,mask_fragment-n100000-w256-m0900-s1111
mask_fragment,86a3c5594a7b0bd7b33efe4c4ffaf5dc0aa17226,late_mask_fragment,256,501.9953000009991,25600000,0.9,90000,1,sha256:18bd7fb3b6d02ff88c53bf4a74124c631590d7e276f031a9034dc7f9cb857902,2,sha256:fa01721aad6a41eeb90baf88b5530ab69ede6e01db8150dbea5ee0ca6ef9a5c3,100000,20260717T134222171980Z,1111,mask_fragment-n100000-w256-m0900-s1111
mask_fragment,86a3c5594a7b0bd7b33efe4c4ffaf5dc0aa17226,late_mask_fragment,256,573.2182000065222,25600000,0.9,90000,0,sha256:18bd7fb3b6d02ff88c53bf4a74124c631590d7e276f031a9034dc7f9cb857902,3,sha256:fa01721aad6a41eeb90baf88b5530ab69ede6e01db8150dbea5ee0ca6ef9a5c3,100000,20260717T134222171980Z,1111,mask_fragment-n100000-w256-m0900-s1111
mask_fragment,86a3c5594a7b0bd7b33efe4c4ffaf5dc0aa17226,early_mask_fragment,256,615.6225000158884,25600000,0.9,90000,1,sha256:1a43e0ddf8cc02438cc76d27ba1cce86da34109d2e43dcc8ed7c9d581b95b39d,3,sha256:fa01721aad6a41eeb90baf88b5530ab69ede6e01db8150dbea5ee0ca6ef9a5c3,100000,20260717T134222171980Z,1111,mask_fragment-n100000-w256-m0900-s1111
mask_fragment,86a3c5594a7b0bd7b33efe4c4ffaf5dc0aa17226,early_mask_fragment,256,545.5136999953538,25600000,0.9,90000,0,sha256:1a43e0ddf8cc02438cc76d27ba1cce86da34109d2e43dcc8ed7c9d581b95b39d,4,sha256:fa01721aad6a41eeb90baf88b5530ab69ede6e01db8150dbea5ee0ca6ef9a5c3,100000,20260717T134222171980Z,1111,mask_fragment-n100000-w256-m0900-s1111
mask_fragment,86a3c5594a7b0bd7b33efe4c4ffaf5dc0aa17226,late_mask_fragment,256,566.6747000068426,25600000,0.9,90000,1,sha256:18bd7fb3b6d02ff88c53bf4a74124c631590d7e276f031a9034dc7f9cb857902,4,sha256:fa01721aad6a41eeb90baf88b5530ab69ede6e01db8150dbea5ee0ca6ef9a5c3,100000,20260717T134222171980Z,1111,mask_fragment-n100000-w256-m0900-s1111
mask_fragment,86a3c5594a7b0bd7b33efe4c4ffaf5dc0aa17226,late_mask_fragment,256,579.007200023625,25600000,0.9,90000,0,sha256:18bd7fb3b6d02ff88c53bf4a74124c631590d7e276f031a9034dc7f9cb857902,5,sha256:fa01721aad6a41eeb90baf88b5530ab69ede6e01db8150dbea5ee0ca6ef9a5c3,100000,20260717T134222171980Z,1111,mask_fragment-n100000-w256-m0900-s1111
mask_fragment,86a3c5594a7b0bd7b33efe4c4ffaf5dc0aa17226,early_mask_fragment,256,585.8793000224978,25600000,0.9,90000,1,sha256:1a43e0ddf8cc02438cc76d27ba1cce86da34109d2e43dcc8ed7c9d581b95b39d,5,sha256:fa01721aad6a41eeb90baf88b5530ab69ede6e01db8150dbea5ee0ca6ef9a5c3,100000,20260717T134222171980Z,1111,mask_fragment-n100000-w256-m0900-s1111
mask_fragment,86a3c5594a7b0bd7b33efe4c4ffaf5dc0aa17226,early_mask_fragment,256,534.7437000018544,25600000,0.9,90000,0,sha256:1a43e0ddf8cc02438cc76d27ba1cce86da34109d2e43dcc8ed7c9d581b95b39d,6,sha256:fa01721aad6a41eeb90baf88b5530ab69ede6e01db8150dbea5ee0ca6ef9a5c3,100000,20260717T134222171980Z,1111,mask_fragment-n100000-w256-m0900-s1111
mask_fragment,86a3c5594a7b0bd7b33efe4c4ffaf5dc0aa17226,late_mask_fragment,256,574.4835999794304,25600000,0.9,90000,1,sha256:18bd7fb3b6d02ff88c53bf4a74124c631590d7e276f031a9034dc7f9cb857902,6,sha256:fa01721aad6a41eeb90baf88b5530ab69ede6e01db8150dbea5ee0ca6ef9a5c3,100000,20260717T134222171980Z,1111,mask_fragment-n100000-w256-m0900-s1111
mask_fragment,86a3c5594a7b0bd7b33efe4c4ffaf5dc0aa17226,late_mask_fragment,256,649.1893000202253,25600000,0.9,90000,0,sha256:18bd7fb3b6d02ff88c53bf4a74124c631590d7e276f031a9034dc7f9cb857902,7,sha256:fa01721aad6a41eeb90baf88b5530ab69ede6e01db8150dbea5ee0ca6ef9a5c3,100000,20260717T134222171980Z,1111,mask_fragment-n100000-w256-m0900-s1111
mask_fragment,86a3c5594a7b0bd7b33efe4c4ffaf5dc0aa17226,early_mask_fragment,256,602.6782999979332,25600000,0.9,90000,1,sha256:1a43e0ddf8cc02438cc76d27ba1cce86da34109d2e43dcc8ed7c9d581b95b39d,7,sha256:fa01721aad6a41eeb90baf88b5530ab69ede6e01db8150dbea5ee0ca6ef9a5c3,100000,20260717T134222171980Z,1111,mask_fragment-n100000-w256-m0900-s1111
mask_fragment,86a3c5594a7b0bd7b33efe4c4ffaf5dc0aa17226,early_mask_fragment,256,611.702400026843,25600000,0.9,90000,0,sha256:1a43e0ddf8cc02438cc76d27ba1cce86da34109d2e43dcc8ed7c9d581b95b39d,8,sha256:fa01721aad6a41eeb90baf88b5530ab69ede6e01db8150dbea5ee0ca6ef9a5c3,100000,20260717T134222171980Z,1111,mask_fragment-n100000-w256-m0900-s1111
mask_fragment,86a3c5594a7b0bd7b33efe4c4ffaf5dc0aa17226,late_mask_fragment,256,551.0535999783315,25600000,0.9,90000,1,sha256:18bd7fb3b6d02ff88c53bf4a74124c631590d7e276f031a9034dc7f9cb857902,8,sha256:fa01721aad6a41eeb90baf88b5530ab69ede6e01db8150dbea5ee0ca6ef9a5c3,100000,20260717T134222171980Z,1111,mask_fragment-n100000-w256-m0900-s1111
mask_fragment,86a3c5594a7b0bd7b33efe4c4ffaf5dc0aa17226,late_mask_fragment,256,1394.131599983666,25600000,0.9,90000,0,sha256:18bd7fb3b6d02ff88c53bf4a74124c631590d7e276f031a9034dc7f9cb857902,9,sha256:fa01721aad6a41eeb90baf88b5530ab69ede6e01db8150dbea5ee0ca6ef9a5c3,100000,20260717T134222171980Z,1111,mask_fragment-n100000-w256-m0900-s1111
mask_fragment,86a3c5594a7b0bd7b33efe4c4ffaf5dc0aa17226,early_mask_fragment,256,563.3136000251397,25600000,0.9,90000,1,sha256:1a43e0ddf8cc02438cc76d27ba1cce86da34109d2e43dcc8ed7c9d581b95b39d,9,sha256:fa01721aad6a41eeb90baf88b5530ab69ede6e01db8150dbea5ee0ca6ef9a5c3,100000,20260717T134222171980Z,1111,mask_fragment-n100000-w256-m0900-s1111
mask_fragment,86a3c5594a7b0bd7b33efe4c4ffaf5dc0aa17226,early_mask_fragment,256,623.0940999812447,25600000,0.9,90000,0,sha256:1a43e0ddf8cc02438cc76d27ba1cce86da34109d2e43dcc8ed7c9d581b95b39d,10,sha256:fa01721aad6a41eeb90baf88b5530ab69ede6e01db8150dbea5ee0ca6ef9a5c3,100000,20260717T134222171980Z,1111,mask_fragment-n100000-w256-m0900-s1111
mask_fragment,86a3c5594a7b0bd7b33efe4c4ffaf5dc0aa17226,late_mask_fragment,256,619.7793000028469,25600000,0.9,90000,1,sha256:18bd7fb3b6d02ff88c53bf4a74124c631590d7e276f031a9034dc7f9cb857902,10,sha256:fa01721aad6a41eeb90baf88b5530ab69ede6e01db8150dbea5ee0ca6ef9a5c3,100000,20260717T134222171980Z,1111,mask_fragment-n100000-w256-m0900-s1111
mask_fragment,86a3c5594a7b0bd7b33efe4c4ffaf5dc0aa17226,late_mask_fragment,256,516.9346000184305,25600000,0.9,90000,0,sha256:18bd7fb3b6d02ff88c53bf4a74124c631590d7e276f031a9034dc7f9cb857902,11,sha256:fa01721aad6a41eeb90baf88b5530ab69ede6e01db8150dbea5ee0ca6ef9a5c3,100000,20260717T134222171980Z,1111,mask_fragment-n100000-w256-m0900-s1111
mask_fragment,86a3c5594a7b0bd7b33efe4c4ffaf5dc0aa17226,early_mask_fragment,256,651.0730999871157,25600000,0.9,90000,1,sha256:1a43e0ddf8cc02438cc76d27ba1cce86da34109d2e43dcc8ed7c9d581b95b39d,11,sha256:fa01721aad6a41eeb90baf88b5530ab69ede6e01db8150dbea5ee0ca6ef9a5c3,100000,20260717T134222171980Z,1111,mask_fragment-n100000-w256-m0900-s1111
mask_fragment,86a3c5594a7b0bd7b33efe4c4ffaf5dc0aa17226,early_mask_fragment,256,685.2374000009149,25600000,0.9,90000,0,sha256:1a43e0ddf8cc02438cc76d27ba1cce86da34109d2e43dcc8ed7c9d581b95b39d,12,sha256:fa01721aad6a41eeb90baf88b5530ab69ede6e01db8150dbea5ee0ca6ef9a5c3,100000,20260717T134222171980Z,1111,mask_fragment-n100000-w256-m0900-s1111
mask_fragment,86a3c5594a7b0bd7b33efe4c4ffaf5dc0aa17226,late_mask_fragment,256,691.9651999487542,25600000,0.9,90000,1,sha256:18bd7fb3b6d02ff88c53bf4a74124c631590d7e276f031a9034dc7f9cb857902,12,sha256:fa01721aad6a41eeb90baf88b5530ab69ede6e01db8150dbea5ee0ca6ef9a5c3,100000,20260717T134222171980Z,1111,mask_fragment-n100000-w256-m0900-s1111
mask_fragment,86a3c5594a7b0bd7b33efe4c4ffaf5dc0aa17226,late_mask_fragment,256,527.6720999972895,25600000,0.9,90000,0,sha256:18bd7fb3b6d02ff88c53bf4a74124c631590d7e276f031a9034dc7f9cb857902,13,sha256:fa01721aad6a41eeb90baf88b5530ab69ede6e01db8150dbea5ee0ca6ef9a5c3,100000,20260717T134222171980Z,1111,mask_fragment-n100000-w256-m0900-s1111
mask_fragment,86a3c5594a7b0bd7b33efe4c4ffaf5dc0aa17226,early_mask_fragment,256,595.1931999879889,25600000,0.9,90000,1,sha256:1a43e0ddf8cc02438cc76d27ba1cce86da34109d2e43dcc8ed7c9d581b95b39d,13,sha256:fa01721aad6a41eeb90baf88b5530ab69ede6e01db8150dbea5ee0ca6ef9a5c3,100000,20260717T134222171980Z,1111,mask_fragment-n100000-w256-m0900-s1111
mask_fragment,86a3c5594a7b0bd7b33efe4c4ffaf5dc0aa17226,early_mask_fragment,256,651.5315999859013,25600000,0.9,90000,0,sha256:1a43e0ddf8cc02438cc76d27ba1cce86da34109d2e43dcc8ed7c9d581b95b39d,14,sha256:fa01721aad6a41eeb90baf88b5530ab69ede6e01db8150dbea5ee0ca6ef9a5c3,100000,20260717T134222171980Z,1111,mask_fragment-n100000-w256-m0900-s1111
mask_fragment,86a3c5594a7b0bd7b33efe4c4ffaf5dc0aa17226,late_mask_fragment,256,647.1998000051826,25600000,0.9,90000,1,sha256:18bd7fb3b6d02ff88c53bf4a74124c631590d7e276f031a9034dc7f9cb857902,14,sha256:fa01721aad6a41eeb90baf88b5530ab69ede6e01db8150dbea5ee0ca6ef9a5c3,100000,20260717T134222171980Z,1111,mask_fragment-n100000-w256-m0900-s1111
mask_fragment,86a3c5594a7b0bd7b33efe4c4ffaf5dc0aa17226,late_mask_fragment,256,685.8458999777213,25600000,0.9,90000,0,sha256:18bd7fb3b6d02ff88c53bf4a74124c631590d7e276f031a9034dc7f9cb857902,0,sha256:dbbd004c85f7af0485daeb47340a466490f114a1364e44fbaaa7d81ddffc8373,100000,20260717T134222171980Z,1222,mask_fragment-n100000-w256-m0900-s1222
mask_fragment,86a3c5594a7b0bd7b33efe4c4ffaf5dc0aa17226,early_mask_fragment,256,1678.3950999961235,25600000,0.9,90000,1,sha256:1a43e0ddf8cc02438cc76d27ba1cce86da34109d2e43dcc8ed7c9d581b95b39d,0,sha256:dbbd004c85f7af0485daeb47340a466490f114a1364e44fbaaa7d81ddffc8373,100000,20260717T134222171980Z,1222,mask_fragment-n100000-w256-m0900-s1222
mask_fragment,86a3c5594a7b0bd7b33efe4c4ffaf5dc0aa17226,early_mask_fragment,256,637.1279999730177,25600000,0.9,90000,0,sha256:1a43e0ddf8cc02438cc76d27ba1cce86da34109d2e43dcc8ed7c9d581b95b39d,1,sha256:dbbd004c85f7af0485daeb47340a466490f114a1364e44fbaaa7d81ddffc8373,100000,20260717T134222171980Z,1222,mask_fragment-n100000-w256-m0900-s1222
mask_fragment,86a3c5594a7b0bd7b33efe4c4ffaf5dc0aa17226,late_mask_fragment,256,496.48319999687374,25600000,0.9,90000,1,sha256:18bd7fb3b6d02ff88c53bf4a74124c631590d7e276f031a9034dc7f9cb857902,1,sha256:dbbd004c85f7af0485daeb47340a466490f114a1364e44fbaaa7d81ddffc8373,100000,20260717T134222171980Z,1222,mask_fragment-n100000-w256-m0900-s1222
mask_fragment,86a3c5594a7b0bd7b33efe4c4ffaf5dc0aa17226,late_mask_fragment,256,583.5018000216223,25600000,0.9,90000,0,sha256:18bd7fb3b6d02ff88c53bf4a74124c631590d7e276f031a9034dc7f9cb857902,2,sha256:dbbd004c85f7af0485daeb47340a466490f114a1364e44fbaaa7d81ddffc8373,100000,20260717T134222171980Z,1222,mask_fragment-n100000-w256-m0900-s1222
mask_fragment,86a3c5594a7b0bd7b33efe4c4ffaf5dc0aa17226,early_mask_fragment,256,604.1384999989532,25600000,0.9,90000,1,sha256:1a43e0ddf8cc02438cc76d27ba1cce86da34109d2e43dcc8ed7c9d581b95b39d,2,sha256:dbbd004c85f7af0485daeb47340a466490f114a1364e44fbaaa7d81ddffc8373,100000,20260717T134222171980Z,1222,mask_fragment-n100000-w256-m0900-s1222
mask_fragment,86a3c5594a7b0bd7b33efe4c4ffaf5dc0aa17226,early_mask_fragment,256,617.9035999812186,25600000,0.9,90000,0,sha256:1a43e0ddf8cc02438cc76d27ba1cce86da34109d2e43dcc8ed7c9d581b95b39d,3,sha256:dbbd004c85f7af0485daeb47340a466490f114a1364e44fbaaa7d81ddffc8373,100000,20260717T134222171980Z,1222,mask_fragment-n100000-w256-m0900-s1222
mask_fragment,86a3c5594a7b0bd7b33efe4c4ffaf5dc0aa17226,late_mask_fragment,256,504.68209997052327,25600000,0.9,90000,1,sha256:18bd7fb3b6d02ff88c53bf4a74124c631590d7e276f031a9034dc7f9cb857902,3,sha256:dbbd004c85f7af0485daeb47340a466490f114a1364e44fbaaa7d81ddffc8373,100000,20260717T134222171980Z,1222,mask_fragment-n100000-w256-m0900-s1222
mask_fragment,86a3c5594a7b0bd7b33efe4c4ffaf5dc0aa17226,late_mask_fragment,256,588.0793000105768,25600000,0.9,90000,0,sha256:18bd7fb3b6d02ff88c53bf4a74124c631590d7e276f031a9034dc7f9cb857902,4,sha256:dbbd004c85f7af0485daeb47340a466490f114a1364e44fbaaa7d81ddffc8373,100000,20260717T134222171980Z,1222,mask_fragment-n100000-w256-m0900-s1222
mask_fragment,86a3c5594a7b0bd7b33efe4c4ffaf5dc0aa17226,early_mask_fragment,256,574.7957999701612,25600000,0.9,90000,1,sha256:1a43e0ddf8cc02438cc76d27ba1cce86da34109d2e43dcc8ed7c9d581b95b39d,4,sha256:dbbd004c85f7af0485daeb47340a466490f114a1364e44fbaaa7d81ddffc8373,100000,20260717T134222171980Z,1222,mask_fragment-n100000-w256-m0900-s1222
mask_fragment,86a3c5594a7b0bd7b33efe4c4ffaf5dc0aa17226,early_mask_fragment,256,662.6225000363775,25600000,0.9,90000,0,sha256:1a43e0ddf8cc02438cc76d27ba1cce86da34109d2e43dcc8ed7c9d581b95b39d,5,sha256:dbbd004c85f7af0485daeb47340a466490f114a1364e44fbaaa7d81ddffc8373,100000,20260717T134222171980Z,1222,mask_fragment-n100000-w256-m0900-s1222
mask_fragment,86a3c5594a7b0bd7b33efe4c4ffaf5dc0aa17226,late_mask_fragment,256,523.5547000193037,25600000,0.9,90000,1,sha256:18bd7fb3b6d02ff88c53bf4a74124c631590d7e276f031a9034dc7f9cb857902,5,sha256:dbbd004c85f7af0485daeb47340a466490f114a1364e44fbaaa7d81ddffc8373,100000,20260717T134222171980Z,1222,mask_fragment-n100000-w256-m0900-s1222
mask_fragment,86a3c5594a7b0bd7b33efe4c4ffaf5dc0aa17226,late_mask_fragment,256,500.56159996893257,25600000,0.9,90000,0,sha256:18bd7fb3b6d02ff88c53bf4a74124c631590d7e276f031a9034dc7f9cb857902,6,sha256:dbbd004c85f7af0485daeb47340a466490f114a1364e44fbaaa7d81ddffc8373,100000,20260717T134222171980Z,1222,mask_fragment-n100000-w256-m0900-s1222
mask_fragment,86a3c5594a7b0bd7b33efe4c4ffaf5dc0aa17226,early_mask_fragment,256,515.7575999619439,25600000,0.9,90000,1,sha256:1a43e0ddf8cc02438cc76d27ba1cce86da34109d2e43dcc8ed7c9d581b95b39d,6,sha256:dbbd004c85f7af0485daeb47340a466490f114a1364e44fbaaa7d81ddffc8373,100000,20260717T134222171980Z,1222,mask_fragment-n100000-w256-m0900-s1222
mask_fragment,86a3c5594a7b0bd7b33efe4c4ffaf5dc0aa17226,early_mask_fragment,256,599.9071000260301,25600000,0.9,90000,0,sha256:1a43e0ddf8cc02438cc76d27ba1cce86da34109d2e43dcc8ed7c9d581b95b39d,7,sha256:dbbd004c85f7af0485daeb47340a466490f114a1364e44fbaaa7d81ddffc8373,100000,20260717T134222171980Z,1222,mask_fragment-n100000-w256-m0900-s1222
mask_fragment,86a3c5594a7b0bd7b33efe4c4ffaf5dc0aa17226,late_mask_fragment,256,612.4960000161082,25600000,0.9,90000,1,sha256:18bd7fb3b6d02ff88c53bf4a74124c631590d7e276f031a9034dc7f9cb857902,7,sha256:dbbd004c85f7af0485daeb47340a466490f114a1364e44fbaaa7d81ddffc8373,100000,20260717T134222171980Z,1222,mask_fragment-n100000-w256-m0900-s1222
mask_fragment,86a3c5594a7b0bd7b33efe4c4ffaf5dc0aa17226,late_mask_fragment,256,566.7844000272453,25600000,0.9,90000,0,sha256:18bd7fb3b6d02ff88c53bf4a74124c631590d7e276f031a9034dc7f9cb857902,8,sha256:dbbd004c85f7af0485daeb47340a466490f114a1364e44fbaaa7d81ddffc8373,100000,20260717T134222171980Z,1222,mask_fragment-n100000-w256-m0900-s1222
mask_fragment,86a3c5594a7b0bd7b33efe4c4ffaf5dc0aa17226,early_mask_fragment,256,604.4462000136264,25600000,0.9,90000,1,sha256:1a43e0ddf8cc02438cc76d27ba1cce86da34109d2e43dcc8ed7c9d581b95b39d,8,sha256:dbbd004c85f7af0485daeb47340a466490f114a1364e44fbaaa7d81ddffc8373,100000,20260717T134222171980Z,1222,mask_fragment-n100000-w256-m0900-s1222
mask_fragment,86a3c5594a7b0bd7b33efe4c4ffaf5dc0aa17226,early_mask_fragment,256,594.0219000331126,25600000,0.9,90000,0,sha256:1a43e0ddf8cc02438cc76d27ba1cce86da34109d2e43dcc8ed7c9d581b95b39d,9,sha256:dbbd004c85f7af0485daeb47340a466490f114a1364e44fbaaa7d81ddffc8373,100000,20260717T134222171980Z,1222,mask_fragment-n100000-w256-m0900-s1222
mask_fragment,86a3c5594a7b0bd7b33efe4c4ffaf5dc0aa17226,late_mask_fragment,256,587.6437000115402,25600000,0.9,90000,1,sha256:18bd7fb3b6d02ff88c53bf4a74124c631590d7e276f031a9034dc7f9cb857902,9,sha256:dbbd004c85f7af0485daeb47340a466490f114a1364e44fbaaa7d81ddffc8373,100000,20260717T134222171980Z,1222,mask_fragment-n100000-w256-m0900-s1222
mask_fragment,86a3c5594a7b0bd7b33efe4c4ffaf5dc0aa17226,late_mask_fragment,256,551.7418999806978,25600000,0.9,90000,0,sha256:18bd7fb3b6d02ff88c53bf4a74124c631590d7e276f031a9034dc7f9cb857902,10,sha256:dbbd004c85f7af0485daeb47340a466490f114a1364e44fbaaa7d81ddffc8373,100000,20260717T134222171980Z,1222,mask_fragment-n100000-w256-m0900-s1222
mask_fragment,86a3c5594a7b0bd7b33efe4c4ffaf5dc0aa17226,early_mask_fragment,256,1853.2990999519825,25600000,0.9,90000,1,sha256:1a43e0ddf8cc02438cc76d27ba1cce86da34109d2e43dcc8ed7c9d581b95b39d,10,sha256:dbbd004c85f7af0485daeb47340a466490f114a1364e44fbaaa7d81ddffc8373,100000,20260717T134222171980Z,1222,mask_fragment-n100000-w256-m0900-s1222
mask_fragment,86a3c5594a7b0bd7b33efe4c4ffaf5dc0aa17226,early_mask_fragment,256,749.7271000174806,25600000,0.9,90000,0,sha256:1a43e0ddf8cc02438cc76d27ba1cce86da34109d2e43dcc8ed7c9d581b95b39d,11,sha256:dbbd004c85f7af0485daeb47340a466490f114a1364e44fbaaa7d81ddffc8373,100000,20260717T134222171980Z,1222,mask_fragment-n100000-w256-m0900-s1222
mask_fragment,86a3c5594a7b0bd7b33efe4c4ffaf5dc0aa17226,late_mask_fragment,256,625.6103999912739,25600000,0.9,90000,1,sha256:18bd7fb3b6d02ff88c53bf4a74124c631590d7e276f031a9034dc7f9cb857902,11,sha256:dbbd004c85f7af0485daeb47340a466490f114a1364e44fbaaa7d81ddffc8373,100000,20260717T134222171980Z,1222,mask_fragment-n100000-w256-m0900-s1222
mask_fragment,86a3c5594a7b0bd7b33efe4c4ffaf5dc0aa17226,late_mask_fragment,256,714.547700015828,25600000,0.9,90000,0,sha256:18bd7fb3b6d02ff88c53bf4a74124c631590d7e276f031a9034dc7f9cb857902,12,sha256:dbbd004c85f7af0485daeb47340a466490f114a1364e44fbaaa7d81ddffc8373,100000,20260717T134222171980Z,1222,mask_fragment-n100000-w256-m0900-s1222
mask_fragment,86a3c5594a7b0bd7b33efe4c4ffaf5dc0aa17226,early_mask_fragment,256,751.0124999680556,25600000,0.9,90000,1,sha256:1a43e0ddf8cc02438cc76d27ba1cce86da34109d2e43dcc8ed7c9d581b95b39d,12,sha256:dbbd004c85f7af0485daeb47340a466490f114a1364e44fbaaa7d81ddffc8373,100000,20260717T134222171980Z,1222,mask_fragment-n100000-w256-m0900-s1222
mask_fragment,86a3c5594a7b0bd7b33efe4c4ffaf5dc0aa17226,early_mask_fragment,256,782.1939999703318,25600000,0.9,90000,0,sha256:1a43e0ddf8cc02438cc76d27ba1cce86da34109d2e43dcc8ed7c9d581b95b39d,13,sha256:dbbd004c85f7af0485daeb47340a466490f114a1364e44fbaaa7d81ddffc8373,100000,20260717T134222171980Z,1222,mask_fragment-n100000-w256-m0900-s1222
mask_fragment,86a3c5594a7b0bd7b33efe4c4ffaf5dc0aa17226,late_mask_fragment,256,726.6700000036508,25600000,0.9,90000,1,sha256:18bd7fb3b6d02ff88c53bf4a74124c631590d7e276f031a9034dc7f9cb857902,13,sha256:dbbd004c85f7af0485daeb47340a466490f114a1364e44fbaaa7d81ddffc8373,100000,20260717T134222171980Z,1222,mask_fragment-n100000-w256-m0900-s1222
mask_fragment,86a3c5594a7b0bd7b33efe4c4ffaf5dc0aa17226,late_mask_fragment,256,667.6350999623537,25600000,0.9,90000,0,sha256:18bd7fb3b6d02ff88c53bf4a74124c631590d7e276f031a9034dc7f9cb857902,14,sha256:dbbd004c85f7af0485daeb47340a466490f114a1364e44fbaaa7d81ddffc8373,100000,20260717T134222171980Z,1222,mask_fragment-n100000-w256-m0900-s1222
mask_fragment,86a3c5594a7b0bd7b33efe4c4ffaf5dc0aa17226,early_mask_fragment,256,628.3371999743395,25600000,0.9,90000,1,sha256:1a43e0ddf8cc02438cc76d27ba1cce86da34109d2e43dcc8ed7c9d581b95b39d,14,sha256:dbbd004c85f7af0485daeb47340a466490f114a1364e44fbaaa7d81ddffc8373,100000,20260717T134222171980Z,1222,mask_fragment-n100000-w256-m0900-s1222
mask_fragment,86a3c5594a7b0bd7b33efe4c4ffaf5dc0aa17226,early_mask_fragment,256,762.5244000228122,25600000,0.9,90000,0,sha256:1a43e0ddf8cc02438cc76d27ba1cce86da34109d2e43dcc8ed7c9d581b95b39d,0,sha256:c6406ae316fa51a6319c2f896def29097b684b0f66e04b4b9baa6011e90a54fa,100000,20260717T134222171980Z,1333,mask_fragment-n100000-w256-m0900-s1333
mask_fragment,86a3c5594a7b0bd7b33efe4c4ffaf5dc0aa17226,late_mask_fragment,256,850.2901999745518,25600000,0.9,90000,1,sha256:18bd7fb3b6d02ff88c53bf4a74124c631590d7e276f031a9034dc7f9cb857902,0,sha256:c6406ae316fa51a6319c2f896def29097b684b0f66e04b4b9baa6011e90a54fa,100000,20260717T134222171980Z,1333,mask_fragment-n100000-w256-m0900-s1333
mask_fragment,86a3c5594a7b0bd7b33efe4c4ffaf5dc0aa17226,late_mask_fragment,256,768.491399998311,25600000,0.9,90000,0,sha256:18bd7fb3b6d02ff88c53bf4a74124c631590d7e276f031a9034dc7f9cb857902,1,sha256:c6406ae316fa51a6319c2f896def29097b684b0f66e04b4b9baa6011e90a54fa,100000,20260717T134222171980Z,1333,mask_fragment-n100000-w256-m0900-s1333
mask_fragment,86a3c5594a7b0bd7b33efe4c4ffaf5dc0aa17226,early_mask_fragment,256,800.9777999832295,25600000,0.9,90000,1,sha256:1a43e0ddf8cc02438cc76d27ba1cce86da34109d2e43dcc8ed7c9d581b95b39d,1,sha256:c6406ae316fa51a6319c2f896def29097b684b0f66e04b4b9baa6011e90a54fa,100000,20260717T134222171980Z,1333,mask_fragment-n100000-w256-m0900-s1333
mask_fragment,86a3c5594a7b0bd7b33efe4c4ffaf5dc0aa17226,early_mask_fragment,256,680.4284999961965,25600000,0.9,90000,0,sha256:1a43e0ddf8cc02438cc76d27ba1cce86da34109d2e43dcc8ed7c9d581b95b39d,2,sha256:c6406ae316fa51a6319c2f896def29097b684b0f66e04b4b9baa6011e90a54fa,100000,20260717T134222171980Z,1333,mask_fragment-n100000-w256-m0900-s1333
mask_fragment,86a3c5594a7b0bd7b33efe4c4ffaf5dc0aa17226,late_mask_fragment,256,541.0713000455871,25600000,0.9,90000,1,sha256:18bd7fb3b6d02ff88c53bf4a74124c631590d7e276f031a9034dc7f9cb857902,2,sha256:c6406ae316fa51a6319c2f896def29097b684b0f66e04b4b9baa6011e90a54fa,100000,20260717T134222171980Z,1333,mask_fragment-n100000-w256-m0900-s1333
mask_fragment,86a3c5594a7b0bd7b33efe4c4ffaf5dc0aa17226,late_mask_fragment,256,539.6286000031978,25600000,0.9,90000,0,sha256:18bd7fb3b6d02ff88c53bf4a74124c631590d7e276f031a9034dc7f9cb857902,3,sha256:c6406ae316fa51a6319c2f896def29097b684b0f66e04b4b9baa6011e90a54fa,100000,20260717T134222171980Z,1333,mask_fragment-n100000-w256-m0900-s1333
mask_fragment,86a3c5594a7b0bd7b33efe4c4ffaf5dc0aa17226,early_mask_fragment,256,578.2767000491731,25600000,0.9,90000,1,sha256:1a43e0ddf8cc02438cc76d27ba1cce86da34109d2e43dcc8ed7c9d581b95b39d,3,sha256:c6406ae316fa51a6319c2f896def29097b684b0f66e04b4b9baa6011e90a54fa,100000,20260717T134222171980Z,1333,mask_fragment-n100000-w256-m0900-s1333
mask_fragment,86a3c5594a7b0bd7b33efe4c4ffaf5dc0aa17226,early_mask_fragment,256,583.9791999896988,25600000,0.9,90000,0,sha256:1a43e0ddf8cc02438cc76d27ba1cce86da34109d2e43dcc8ed7c9d581b95b39d,4,sha256:c6406ae316fa51a6319c2f896def29097b684b0f66e04b4b9baa6011e90a54fa,100000,20260717T134222171980Z,1333,mask_fragment-n100000-w256-m0900-s1333
mask_fragment,86a3c5594a7b0bd7b33efe4c4ffaf5dc0aa17226,late_mask_fragment,256,600.2507000230253,25600000,0.9,90000,1,sha256:18bd7fb3b6d02ff88c53bf4a74124c631590d7e276f031a9034dc7f9cb857902,4,sha256:c6406ae316fa51a6319c2f896def29097b684b0f66e04b4b9baa6011e90a54fa,100000,20260717T134222171980Z,1333,mask_fragment-n100000-w256-m0900-s1333
mask_fragment,86a3c5594a7b0bd7b33efe4c4ffaf5dc0aa17226,late_mask_fragment,256,562.9049999988638,25600000,0.9,90000,0,sha256:18bd7fb3b6d02ff88c53bf4a74124c631590d7e276f031a9034dc7f9cb857902,5,sha256:c6406ae316fa51a6319c2f896def29097b684b0f66e04b4b9baa6011e90a54fa,100000,20260717T134222171980Z,1333,mask_fragment-n100000-w256-m0900-s1333
mask_fragment,86a3c5594a7b0bd7b33efe4c4ffaf5dc0aa17226,early_mask_fragment,256,578.2583999680355,25600000,0.9,90000,1,sha256:1a43e0ddf8cc02438cc76d27ba1cce86da34109d2e43dcc8ed7c9d581b95b39d,5,sha256:c6406ae316fa51a6319c2f896def29097b684b0f66e04b4b9baa6011e90a54fa,100000,20260717T134222171980Z,1333,mask_fragment-n100000-w256-m0900-s1333
mask_fragment,86a3c5594a7b0bd7b33efe4c4ffaf5dc0aa17226,early_mask_fragment,256,616.9379000202753,25600000,0.9,90000,0,sha256:1a43e0ddf8cc02438cc76d27ba1cce86da34109d2e43dcc8ed7c9d581b95b39d,6,sha256:c6406ae316fa51a6319c2f896def29097b684b0f66e04b4b9baa6011e90a54fa,100000,20260717T134222171980Z,1333,mask_fragment-n100000-w256-m0900-s1333
mask_fragment,86a3c5594a7b0bd7b33efe4c4ffaf5dc0aa17226,late_mask_fragment,256,531.7014000029303,25600000,0.9,90000,1,sha256:18bd7fb3b6d02ff88c53bf4a74124c631590d7e276f031a9034dc7f9cb857902,6,sha256:c6406ae316fa51a6319c2f896def29097b684b0f66e04b4b9baa6011e90a54fa,100000,20260717T134222171980Z,1333,mask_fragment-n100000-w256-m0900-s1333
mask_fragment,86a3c5594a7b0bd7b33efe4c4ffaf5dc0aa17226,late_mask_fragment,256,1443.9091000240296,25600000,0.9,90000,0,sha256:18bd7fb3b6d02ff88c53bf4a74124c631590d7e276f031a9034dc7f9cb857902,7,sha256:c6406ae316fa51a6319c2f896def29097b684b0f66e04b4b9baa6011e90a54fa,100000,20260717T134222171980Z,1333,mask_fragment-n100000-w256-m0900-s1333
mask_fragment,86a3c5594a7b0bd7b33efe4c4ffaf5dc0aa17226,early_mask_fragment,256,587.2979999985546,25600000,0.9,90000,1,sha256:1a43e0ddf8cc02438cc76d27ba1cce86da34109d2e43dcc8ed7c9d581b95b39d,7,sha256:c6406ae316fa51a6319c2f896def29097b684b0f66e04b4b9baa6011e90a54fa,100000,20260717T134222171980Z,1333,mask_fragment-n100000-w256-m0900-s1333
mask_fragment,86a3c5594a7b0bd7b33efe4c4ffaf5dc0aa17226,early_mask_fragment,256,597.0311000128277,25600000,0.9,90000,0,sha256:1a43e0ddf8cc02438cc76d27ba1cce86da34109d2e43dcc8ed7c9d581b95b39d,8,sha256:c6406ae316fa51a6319c2f896def29097b684b0f66e04b4b9baa6011e90a54fa,100000,20260717T134222171980Z,1333,mask_fragment-n100000-w256-m0900-s1333
mask_fragment,86a3c5594a7b0bd7b33efe4c4ffaf5dc0aa17226,late_mask_fragment,256,533.9043000130914,25600000,0.9,90000,1,sha256:18bd7fb3b6d02ff88c53bf4a74124c631590d7e276f031a9034dc7f9cb857902,8,sha256:c6406ae316fa51a6319c2f896def29097b684b0f66e04b4b9baa6011e90a54fa,100000,20260717T134222171980Z,1333,mask_fragment-n100000-w256-m0900-s1333
mask_fragment,86a3c5594a7b0bd7b33efe4c4ffaf5dc0aa17226,late_mask_fragment,256,569.3904999643564,25600000,0.9,90000,0,sha256:18bd7fb3b6d02ff88c53bf4a74124c631590d7e276f031a9034dc7f9cb857902,9,sha256:c6406ae316fa51a6319c2f896def29097b684b0f66e04b4b9baa6011e90a54fa,100000,20260717T134222171980Z,1333,mask_fragment-n100000-w256-m0900-s1333
mask_fragment,86a3c5594a7b0bd7b33efe4c4ffaf5dc0aa17226,early_mask_fragment,256,606.3972000265494,25600000,0.9,90000,1,sha256:1a43e0ddf8cc02438cc76d27ba1cce86da34109d2e43dcc8ed7c9d581b95b39d,9,sha256:c6406ae316fa51a6319c2f896def29097b684b0f66e04b4b9baa6011e90a54fa,100000,20260717T134222171980Z,1333,mask_fragment-n100000-w256-m0900-s1333
mask_fragment,86a3c5594a7b0bd7b33efe4c4ffaf5dc0aa17226,early_mask_fragment,256,604.1644000215456,25600000,0.9,90000,0,sha256:1a43e0ddf8cc02438cc76d27ba1cce86da34109d2e43dcc8ed7c9d581b95b39d,10,sha256:c6406ae316fa51a6319c2f896def29097b684b0f66e04b4b9baa6011e90a54fa,100000,20260717T134222171980Z,1333,mask_fragment-n100000-w256-m0900-s1333
mask_fragment,86a3c5594a7b0bd7b33efe4c4ffaf5dc0aa17226,late_mask_fragment,256,519.2078999825753,25600000,0.9,90000,1,sha256:18bd7fb3b6d02ff88c53bf4a74124c631590d7e276f031a9034dc7f9cb857902,10,sha256:c6406ae316fa51a6319c2f896def29097b684b0f66e04b4b9baa6011e90a54fa,100000,20260717T134222171980Z,1333,mask_fragment-n100000-w256-m0900-s1333
mask_fragment,86a3c5594a7b0bd7b33efe4c4ffaf5dc0aa17226,late_mask_fragment,256,566.3323000189848,25600000,0.9,90000,0,sha256:18bd7fb3b6d02ff88c53bf4a74124c631590d7e276f031a9034dc7f9cb857902,11,sha256:c6406ae316fa51a6319c2f896def29097b684b0f66e04b4b9baa6011e90a54fa,100000,20260717T134222171980Z,1333,mask_fragment-n100000-w256-m0900-s1333
mask_fragment,86a3c5594a7b0bd7b33efe4c4ffaf5dc0aa17226,early_mask_fragment,256,614.2360999947414,25600000,0.9,90000,1,sha256:1a43e0ddf8cc02438cc76d27ba1cce86da34109d2e43dcc8ed7c9d581b95b39d,11,sha256:c6406ae316fa51a6319c2f896def29097b684b0f66e04b4b9baa6011e90a54fa,100000,20260717T134222171980Z,1333,mask_fragment-n100000-w256-m0900-s1333
mask_fragment,86a3c5594a7b0bd7b33efe4c4ffaf5dc0aa17226,early_mask_fragment,256,610.649399983231,25600000,0.9,90000,0,sha256:1a43e0ddf8cc02438cc76d27ba1cce86da34109d2e43dcc8ed7c9d581b95b39d,12,sha256:c6406ae316fa51a6319c2f896def29097b684b0f66e04b4b9baa6011e90a54fa,100000,20260717T134222171980Z,1333,mask_fragment-n100000-w256-m0900-s1333
mask_fragment,86a3c5594a7b0bd7b33efe4c4ffaf5dc0aa17226,late_mask_fragment,256,553.2441000104882,25600000,0.9,90000,1,sha256:18bd7fb3b6d02ff88c53bf4a74124c631590d7e276f031a9034dc7f9cb857902,12,sha256:c6406ae316fa51a6319c2f896def29097b684b0f66e04b4b9baa6011e90a54fa,100000,20260717T134222171980Z,1333,mask_fragment-n100000-w256-m0900-s1333
mask_fragment,86a3c5594a7b0bd7b33efe4c4ffaf5dc0aa17226,late_mask_fragment,256,566.5356999961659,25600000,0.9,90000,0,sha256:18bd7fb3b6d02ff88c53bf4a74124c631590d7e276f031a9034dc7f9cb857902,13,sha256:c6406ae316fa51a6319c2f896def29097b684b0f66e04b4b9baa6011e90a54fa,100000,20260717T134222171980Z,1333,mask_fragment-n100000-w256-m0900-s1333
mask_fragment,86a3c5594a7b0bd7b33efe4c4ffaf5dc0aa17226,early_mask_fragment,256,611.510599963367,25600000,0.9,90000,1,sha256:1a43e0ddf8cc02438cc76d27ba1cce86da34109d2e43dcc8ed7c9d581b95b39d,13,sha256:c6406ae316fa51a6319c2f896def29097b684b0f66e04b4b9baa6011e90a54fa,100000,20260717T134222171980Z,1333,mask_fragment-n100000-w256-m0900-s1333
mask_fragment,86a3c5594a7b0bd7b33efe4c4ffaf5dc0aa17226,early_mask_fragment,256,547.5904999766499,25600000,0.9,90000,0,sha256:1a43e0ddf8cc02438cc76d27ba1cce86da34109d2e43dcc8ed7c9d581b95b39d,14,sha256:c6406ae316fa51a6319c2f896def29097b684b0f66e04b4b9baa6011e90a54fa,100000,20260717T134222171980Z,1333,mask_fragment-n100000-w256-m0900-s1333
mask_fragment,86a3c5594a7b0bd7b33efe4c4ffaf5dc0aa17226,late_mask_fragment,256,479.97400001622736,25600000,0.9,90000,1,sha256:18bd7fb3b6d02ff88c53bf4a74124c631590d7e276f031a9034dc7f9cb857902,14,sha256:c6406ae316fa51a6319c2f896def29097b684b0f66e04b4b9baa6011e90a54fa,100000,20260717T134222171980Z,1333,mask_fragment-n100000-w256-m0900-s1333
mask_fragment,86a3c5594a7b0bd7b33efe4c4ffaf5dc0aa17226,early_mask_fragment,256,606.6322000115179,25600000,0.9,90000,0,sha256:1a43e0ddf8cc02438cc76d27ba1cce86da34109d2e43dcc8ed7c9d581b95b39d,0,sha256:d7572e438d2a96687a0b61822befb2a4e252a90bd0c63e0ca78e28338bb92181,100000,20260717T134222171980Z,1444,mask_fragment-n100000-w256-m0900-s1444
mask_fragment,86a3c5594a7b0bd7b33efe4c4ffaf5dc0aa17226,late_mask_fragment,256,554.3447000090964,25600000,0.9,90000,1,sha256:18bd7fb3b6d02ff88c53bf4a74124c631590d7e276f031a9034dc7f9cb857902,0,sha256:d7572e438d2a96687a0b61822befb2a4e252a90bd0c63e0ca78e28338bb92181,100000,20260717T134222171980Z,1444,mask_fragment-n100000-w256-m0900-s1444
mask_fragment,86a3c5594a7b0bd7b33efe4c4ffaf5dc0aa17226,late_mask_fragment,256,1416.1944999941625,25600000,0.9,90000,0,sha256:18bd7fb3b6d02ff88c53bf4a74124c631590d7e276f031a9034dc7f9cb857902,1,sha256:d7572e438d2a96687a0b61822befb2a4e252a90bd0c63e0ca78e28338bb92181,100000,20260717T134222171980Z,1444,mask_fragment-n100000-w256-m0900-s1444
mask_fragment,86a3c5594a7b0bd7b33efe4c4ffaf5dc0aa17226,early_mask_fragment,256,712.519799999427,25600000,0.9,90000,1,sha256:1a43e0ddf8cc02438cc76d27ba1cce86da34109d2e43dcc8ed7c9d581b95b39d,1,sha256:d7572e438d2a96687a0b61822befb2a4e252a90bd0c63e0ca78e28338bb92181,100000,20260717T134222171980Z,1444,mask_fragment-n100000-w256-m0900-s1444
mask_fragment,86a3c5594a7b0bd7b33efe4c4ffaf5dc0aa17226,early_mask_fragment,256,771.7680999776348,25600000,0.9,90000,0,sha256:1a43e0ddf8cc02438cc76d27ba1cce86da34109d2e43dcc8ed7c9d581b95b39d,2,sha256:d7572e438d2a96687a0b61822befb2a4e252a90bd0c63e0ca78e28338bb92181,100000,20260717T134222171980Z,1444,mask_fragment-n100000-w256-m0900-s1444
mask_fragment,86a3c5594a7b0bd7b33efe4c4ffaf5dc0aa17226,late_mask_fragment,256,1643.9138000132516,25600000,0.9,90000,1,sha256:18bd7fb3b6d02ff88c53bf4a74124c631590d7e276f031a9034dc7f9cb857902,2,sha256:d7572e438d2a96687a0b61822befb2a4e252a90bd0c63e0ca78e28338bb92181,100000,20260717T134222171980Z,1444,mask_fragment-n100000-w256-m0900-s1444
mask_fragment,86a3c5594a7b0bd7b33efe4c4ffaf5dc0aa17226,late_mask_fragment,256,785.589900042396,25600000,0.9,90000,0,sha256:18bd7fb3b6d02ff88c53bf4a74124c631590d7e276f031a9034dc7f9cb857902,3,sha256:d7572e438d2a96687a0b61822befb2a4e252a90bd0c63e0ca78e28338bb92181,100000,20260717T134222171980Z,1444,mask_fragment-n100000-w256-m0900-s1444
mask_fragment,86a3c5594a7b0bd7b33efe4c4ffaf5dc0aa17226,early_mask_fragment,256,815.6927999807522,25600000,0.9,90000,1,sha256:1a43e0ddf8cc02438cc76d27ba1cce86da34109d2e43dcc8ed7c9d581b95b39d,3,sha256:d7572e438d2a96687a0b61822befb2a4e252a90bd0c63e0ca78e28338bb92181,100000,20260717T134222171980Z,1444,mask_fragment-n100000-w256-m0900-s1444
mask_fragment,86a3c5594a7b0bd7b33efe4c4ffaf5dc0aa17226,early_mask_fragment,256,716.5750000276603,25600000,0.9,90000,0,sha256:1a43e0ddf8cc02438cc76d27ba1cce86da34109d2e43dcc8ed7c9d581b95b39d,4,sha256:d7572e438d2a96687a0b61822befb2a4e252a90bd0c63e0ca78e28338bb92181,100000,20260717T134222171980Z,1444,mask_fragment-n100000-w256-m0900-s1444
mask_fragment,86a3c5594a7b0bd7b33efe4c4ffaf5dc0aa17226,late_mask_fragment,256,525.2255999948829,25600000,0.9,90000,1,sha256:18bd7fb3b6d02ff88c53bf4a74124c631590d7e276f031a9034dc7f9cb857902,4,sha256:d7572e438d2a96687a0b61822befb2a4e252a90bd0c63e0ca78e28338bb92181,100000,20260717T134222171980Z,1444,mask_fragment-n100000-w256-m0900-s1444
mask_fragment,86a3c5594a7b0bd7b33efe4c4ffaf5dc0aa17226,late_mask_fragment,256,564.4229999743402,25600000,0.9,90000,0,sha256:18bd7fb3b6d02ff88c53bf4a74124c631590d7e276f031a9034dc7f9cb857902,5,sha256:d7572e438d2a96687a0b61822befb2a4e252a90bd0c63e0ca78e28338bb92181,100000,20260717T134222171980Z,1444,mask_fragment-n100000-w256-m0900-s1444
mask_fragment,86a3c5594a7b0bd7b33efe4c4ffaf5dc0aa17226,early_mask_fragment,256,670.6684999517165,25600000,0.9,90000,1,sha256:1a43e0ddf8cc02438cc76d27ba1cce86da34109d2e43dcc8ed7c9d581b95b39d,5,sha256:d7572e438d2a96687a0b61822befb2a4e252a90bd0c63e0ca78e28338bb92181,100000,20260717T134222171980Z,1444,mask_fragment-n100000-w256-m0900-s1444
mask_fragment,86a3c5594a7b0bd7b33efe4c4ffaf5dc0aa17226,early_mask_fragment,256,651.4639999950305,25600000,0.9,90000,0,sha256:1a43e0ddf8cc02438cc76d27ba1cce86da34109d2e43dcc8ed7c9d581b95b39d,6,sha256:d7572e438d2a96687a0b61822befb2a4e252a90bd0c63e0ca78e28338bb92181,100000,20260717T134222171980Z,1444,mask_fragment-n100000-w256-m0900-s1444
mask_fragment,86a3c5594a7b0bd7b33efe4c4ffaf5dc0aa17226,late_mask_fragment,256,511.0644000233151,25600000,0.9,90000,1,sha256:18bd7fb3b6d02ff88c53bf4a74124c631590d7e276f031a9034dc7f9cb857902,6,sha256:d7572e438d2a96687a0b61822befb2a4e252a90bd0c63e0ca78e28338bb92181,100000,20260717T134222171980Z,1444,mask_fragment-n100000-w256-m0900-s1444
mask_fragment,86a3c5594a7b0bd7b33efe4c4ffaf5dc0aa17226,late_mask_fragment,256,655.0604000221938,25600000,0.9,90000,0,sha256:18bd7fb3b6d02ff88c53bf4a74124c631590d7e276f031a9034dc7f9cb857902,7,sha256:d7572e438d2a96687a0b61822befb2a4e252a90bd0c63e0ca78e28338bb92181,100000,20260717T134222171980Z,1444,mask_fragment-n100000-w256-m0900-s1444
mask_fragment,86a3c5594a7b0bd7b33efe4c4ffaf5dc0aa17226,early_mask_fragment,256,636.4769000210799,25600000,0.9,90000,1,sha256:1a43e0ddf8cc02438cc76d27ba1cce86da34109d2e43dcc8ed7c9d581b95b39d,7,sha256:d7572e438d2a96687a0b61822befb2a4e252a90bd0c63e0ca78e28338bb92181,100000,20260717T134222171980Z,1444,mask_fragment-n100000-w256-m0900-s1444
mask_fragment,86a3c5594a7b0bd7b33efe4c4ffaf5dc0aa17226,early_mask_fragment,256,521.4523999602534,25600000,0.9,90000,0,sha256:1a43e0ddf8cc02438cc76d27ba1cce86da34109d2e43dcc8ed7c9d581b95b39d,8,sha256:d7572e438d2a96687a0b61822befb2a4e252a90bd0c63e0ca78e28338bb92181,100000,20260717T134222171980Z,1444,mask_fragment-n100000-w256-m0900-s1444
mask_fragment,86a3c5594a7b0bd7b33efe4c4ffaf5dc0aa17226,late_mask_fragment,256,588.71659997385,25600000,0.9,90000,1,sha256:18bd7fb3b6d02ff88c53bf4a74124c631590d7e276f031a9034dc7f9cb857902,8,sha256:d7572e438d2a96687a0b61822befb2a4e252a90bd0c63e0ca78e28338bb92181,100000,20260717T134222171980Z,1444,mask_fragment-n100000-w256-m0900-s1444
mask_fragment,86a3c5594a7b0bd7b33efe4c4ffaf5dc0aa17226,late_mask_fragment,256,557.1822000201792,25600000,0.9,90000,0,sha256:18bd7fb3b6d02ff88c53bf4a74124c631590d7e276f031a9034dc7f9cb857902,9,sha256:d7572e438d2a96687a0b61822befb2a4e252a90bd0c63e0ca78e28338bb92181,100000,20260717T134222171980Z,1444,mask_fragment-n100000-w256-m0900-s1444
mask_fragment,86a3c5594a7b0bd7b33efe4c4ffaf5dc0aa17226,early_mask_fragment,256,507.653400010895,25600000,0.9,90000,1,sha256:1a43e0ddf8cc02438cc76d27ba1cce86da34109d2e43dcc8ed7c9d581b95b39d,9,sha256:d7572e438d2a96687a0b61822befb2a4e252a90bd0c63e0ca78e28338bb92181,100000,20260717T134222171980Z,1444,mask_fragment-n100000-w256-m0900-s1444
mask_fragment,86a3c5594a7b0bd7b33efe4c4ffaf5dc0aa17226,early_mask_fragment,256,516.4668000070378,25600000,0.9,90000,0,sha256:1a43e0ddf8cc02438cc76d27ba1cce86da34109d2e43dcc8ed7c9d581b95b39d,10,sha256:d7572e438d2a96687a0b61822befb2a4e252a90bd0c63e0ca78e28338bb92181,100000,20260717T134222171980Z,1444,mask_fragment-n100000-w256-m0900-s1444
mask_fragment,86a3c5594a7b0bd7b33efe4c4ffaf5dc0aa17226,late_mask_fragment,256,1424.692899978254,25600000,0.9,90000,1,sha256:18bd7fb3b6d02ff88c53bf4a74124c631590d7e276f031a9034dc7f9cb857902,10,sha256:d7572e438d2a96687a0b61822befb2a4e252a90bd0c63e0ca78e28338bb92181,100000,20260717T134222171980Z,1444,mask_fragment-n100000-w256-m0900-s1444
mask_fragment,86a3c5594a7b0bd7b33efe4c4ffaf5dc0aa17226,late_mask_fragment,256,552.0923999720253,25600000,0.9,90000,0,sha256:18bd7fb3b6d02ff88c53bf4a74124c631590d7e276f031a9034dc7f9cb857902,11,sha256:d7572e438d2a96687a0b61822befb2a4e252a90bd0c63e0ca78e28338bb92181,100000,20260717T134222171980Z,1444,mask_fragment-n100000-w256-m0900-s1444
mask_fragment,86a3c5594a7b0bd7b33efe4c4ffaf5dc0aa17226,early_mask_fragment,256,590.403400012292,25600000,0.9,90000,1,sha256:1a43e0ddf8cc02438cc76d27ba1cce86da34109d2e43dcc8ed7c9d581b95b39d,11,sha256:d7572e438d2a96687a0b61822befb2a4e252a90bd0c63e0ca78e28338bb92181,100000,20260717T134222171980Z,1444,mask_fragment-n100000-w256-m0900-s1444
mask_fragment,86a3c5594a7b0bd7b33efe4c4ffaf5dc0aa17226,early_mask_fragment,256,1504.9627000116743,25600000,0.9,90000,0,sha256:1a43e0ddf8cc02438cc76d27ba1cce86da34109d2e43dcc8ed7c9d581b95b39d,12,sha256:d7572e438d2a96687a0b61822befb2a4e252a90bd0c63e0ca78e28338bb92181,100000,20260717T134222171980Z,1444,mask_fragment-n100000-w256-m0900-s1444
mask_fragment,86a3c5594a7b0bd7b33efe4c4ffaf5dc0aa17226,late_mask_fragment,256,1403.3860000199638,25600000,0.9,90000,1,sha256:18bd7fb3b6d02ff88c53bf4a74124c631590d7e276f031a9034dc7f9cb857902,12,sha256:d7572e438d2a96687a0b61822befb2a4e252a90bd0c63e0ca78e28338bb92181,100000,20260717T134222171980Z,1444,mask_fragment-n100000-w256-m0900-s1444
mask_fragment,86a3c5594a7b0bd7b33efe4c4ffaf5dc0aa17226,late_mask_fragment,256,556.1918999883346,25600000,0.9,90000,0,sha256:18bd7fb3b6d02ff88c53bf4a74124c631590d7e276f031a9034dc7f9cb857902,13,sha256:d7572e438d2a96687a0b61822befb2a4e252a90bd0c63e0ca78e28338bb92181,100000,20260717T134222171980Z,1444,mask_fragment-n100000-w256-m0900-s1444
mask_fragment,86a3c5594a7b0bd7b33efe4c4ffaf5dc0aa17226,early_mask_fragment,256,608.9353999705054,25600000,0.9,90000,1,sha256:1a43e0ddf8cc02438cc76d27ba1cce86da34109d2e43dcc8ed7c9d581b95b39d,13,sha256:d7572e438d2a96687a0b61822befb2a4e252a90bd0c63e0ca78e28338bb92181,100000,20260717T134222171980Z,1444,mask_fragment-n100000-w256-m0900-s1444
mask_fragment,86a3c5594a7b0bd7b33efe4c4ffaf5dc0aa17226,early_mask_fragment,256,621.8769000261091,25600000,0.9,90000,0,sha256:1a43e0ddf8cc02438cc76d27ba1cce86da34109d2e43dcc8ed7c9d581b95b39d,14,sha256:d7572e438d2a96687a0b61822befb2a4e252a90bd0c63e0ca78e28338bb92181,100000,20260717T134222171980Z,1444,mask_fragment-n100000-w256-m0900-s1444
mask_fragment,86a3c5594a7b0bd7b33efe4c4ffaf5dc0aa17226,late_mask_fragment,256,516.1084000137635,25600000,0.9,90000,1,sha256:18bd7fb3b6d02ff88c53bf4a74124c631590d7e276f031a9034dc7f9cb857902,14,sha256:d7572e438d2a96687a0b61822befb2a4e252a90bd0c63e0ca78e28338bb92181,100000,20260717T134222171980Z,1444,mask_fragment-n100000-w256-m0900-s1444
mask_fragment,86a3c5594a7b0bd7b33efe4c4ffaf5dc0aa17226,early_mask_fragment,256,620.61939999694,25600000,0.9,90000,0,sha256:1a43e0ddf8cc02438cc76d27ba1cce86da34109d2e43dcc8ed7c9d581b95b39d,0,sha256:8f82b241d910aac6464bac040e136b74dfaf88053e44b50cfe0abb6091bab0d7,100000,20260717T134222171980Z,1555,mask_fragment-n100000-w256-m0900-s1555
mask_fragment,86a3c5594a7b0bd7b33efe4c4ffaf5dc0aa17226,late_mask_fragment,256,650.7288999855518,25600000,0.9,90000,1,sha256:18bd7fb3b6d02ff88c53bf4a74124c631590d7e276f031a9034dc7f9cb857902,0,sha256:8f82b241d910aac6464bac040e136b74dfaf88053e44b50cfe0abb6091bab0d7,100000,20260717T134222171980Z,1555,mask_fragment-n100000-w256-m0900-s1555
mask_fragment,86a3c5594a7b0bd7b33efe4c4ffaf5dc0aa17226,late_mask_fragment,256,1479.0816000313498,25600000,0.9,90000,0,sha256:18bd7fb3b6d02ff88c53bf4a74124c631590d7e276f031a9034dc7f9cb857902,1,sha256:8f82b241d910aac6464bac040e136b74dfaf88053e44b50cfe0abb6091bab0d7,100000,20260717T134222171980Z,1555,mask_fragment-n100000-w256-m0900-s1555
mask_fragment,86a3c5594a7b0bd7b33efe4c4ffaf5dc0aa17226,early_mask_fragment,256,775.0039999955334,25600000,0.9,90000,1,sha256:1a43e0ddf8cc02438cc76d27ba1cce86da34109d2e43dcc8ed7c9d581b95b39d,1,sha256:8f82b241d910aac6464bac040e136b74dfaf88053e44b50cfe0abb6091bab0d7,100000,20260717T134222171980Z,1555,mask_fragment-n100000-w256-m0900-s1555
mask_fragment,86a3c5594a7b0bd7b33efe4c4ffaf5dc0aa17226,early_mask_fragment,256,852.3316000355408,25600000,0.9,90000,0,sha256:1a43e0ddf8cc02438cc76d27ba1cce86da34109d2e43dcc8ed7c9d581b95b39d,2,sha256:8f82b241d910aac6464bac040e136b74dfaf88053e44b50cfe0abb6091bab0d7,100000,20260717T134222171980Z,1555,mask_fragment-n100000-w256-m0900-s1555
mask_fragment,86a3c5594a7b0bd7b33efe4c4ffaf5dc0aa17226,late_mask_fragment,256,772.32070005266,25600000,0.9,90000,1,sha256:18bd7fb3b6d02ff88c53bf4a74124c631590d7e276f031a9034dc7f9cb857902,2,sha256:8f82b241d910aac6464bac040e136b74dfaf88053e44b50cfe0abb6091bab0d7,100000,20260717T134222171980Z,1555,mask_fragment-n100000-w256-m0900-s1555
mask_fragment,86a3c5594a7b0bd7b33efe4c4ffaf5dc0aa17226,late_mask_fragment,256,689.0296000055969,25600000,0.9,90000,0,sha256:18bd7fb3b6d02ff88c53bf4a74124c631590d7e276f031a9034dc7f9cb857902,3,sha256:8f82b241d910aac6464bac040e136b74dfaf88053e44b50cfe0abb6091bab0d7,100000,20260717T134222171980Z,1555,mask_fragment-n100000-w256-m0900-s1555
mask_fragment,86a3c5594a7b0bd7b33efe4c4ffaf5dc0aa17226,early_mask_fragment,256,1528.4858000231907,25600000,0.9,90000,1,sha256:1a43e0ddf8cc02438cc76d27ba1cce86da34109d2e43dcc8ed7c9d581b95b39d,3,sha256:8f82b241d910aac6464bac040e136b74dfaf88053e44b50cfe0abb6091bab0d7,100000,20260717T134222171980Z,1555,mask_fragment-n100000-w256-m0900-s1555
mask_fragment,86a3c5594a7b0bd7b33efe4c4ffaf5dc0aa17226,early_mask_fragment,256,608.2616999628954,25600000,0.9,90000,0,sha256:1a43e0ddf8cc02438cc76d27ba1cce86da34109d2e43dcc8ed7c9d581b95b39d,4,sha256:8f82b241d910aac6464bac040e136b74dfaf88053e44b50cfe0abb6091bab0d7,100000,20260717T134222171980Z,1555,mask_fragment-n100000-w256-m0900-s1555
mask_fragment,86a3c5594a7b0bd7b33efe4c4ffaf5dc0aa17226,late_mask_fragment,256,575.8867000113241,25600000,0.9,90000,1,sha256:18bd7fb3b6d02ff88c53bf4a74124c631590d7e276f031a9034dc7f9cb857902,4,sha256:8f82b241d910aac6464bac040e136b74dfaf88053e44b50cfe0abb6091bab0d7,100000,20260717T134222171980Z,1555,mask_fragment-n100000-w256-m0900-s1555
mask_fragment,86a3c5594a7b0bd7b33efe4c4ffaf5dc0aa17226,late_mask_fragment,256,1282.9101999523118,25600000,0.9,90000,0,sha256:18bd7fb3b6d02ff88c53bf4a74124c631590d7e276f031a9034dc7f9cb857902,5,sha256:8f82b241d910aac6464bac040e136b74dfaf88053e44b50cfe0abb6091bab0d7,100000,20260717T134222171980Z,1555,mask_fragment-n100000-w256-m0900-s1555
mask_fragment,86a3c5594a7b0bd7b33efe4c4ffaf5dc0aa17226,early_mask_fragment,256,628.7673999904655,25600000,0.9,90000,1,sha256:1a43e0ddf8cc02438cc76d27ba1cce86da34109d2e43dcc8ed7c9d581b95b39d,5,sha256:8f82b241d910aac6464bac040e136b74dfaf88053e44b50cfe0abb6091bab0d7,100000,20260717T134222171980Z,1555,mask_fragment-n100000-w256-m0900-s1555
mask_fragment,86a3c5594a7b0bd7b33efe4c4ffaf5dc0aa17226,early_mask_fragment,256,637.9692999762483,25600000,0.9,90000,0,sha256:1a43e0ddf8cc02438cc76d27ba1cce86da34109d2e43dcc8ed7c9d581b95b39d,6,sha256:8f82b241d910aac6464bac040e136b74dfaf88053e44b50cfe0abb6091bab0d7,100000,20260717T134222171980Z,1555,mask_fragment-n100000-w256-m0900-s1555
mask_fragment,86a3c5594a7b0bd7b33efe4c4ffaf5dc0aa17226,late_mask_fragment,256,607.1209999499843,25600000,0.9,90000,1,sha256:18bd7fb3b6d02ff88c53bf4a74124c631590d7e276f031a9034dc7f9cb857902,6,sha256:8f82b241d910aac6464bac040e136b74dfaf88053e44b50cfe0abb6091bab0d7,100000,20260717T134222171980Z,1555,mask_fragment-n100000-w256-m0900-s1555
mask_fragment,86a3c5594a7b0bd7b33efe4c4ffaf5dc0aa17226,late_mask_fragment,256,1342.9319999995641,25600000,0.9,90000,0,sha256:18bd7fb3b6d02ff88c53bf4a74124c631590d7e276f031a9034dc7f9cb857902,7,sha256:8f82b241d910aac6464bac040e136b74dfaf88053e44b50cfe0abb6091bab0d7,100000,20260717T134222171980Z,1555,mask_fragment-n100000-w256-m0900-s1555
mask_fragment,86a3c5594a7b0bd7b33efe4c4ffaf5dc0aa17226,early_mask_fragment,256,600.0827000243589,25600000,0.9,90000,1,sha256:1a43e0ddf8cc02438cc76d27ba1cce86da34109d2e43dcc8ed7c9d581b95b39d,7,sha256:8f82b241d910aac6464bac040e136b74dfaf88053e44b50cfe0abb6091bab0d7,100000,20260717T134222171980Z,1555,mask_fragment-n100000-w256-m0900-s1555
mask_fragment,86a3c5594a7b0bd7b33efe4c4ffaf5dc0aa17226,early_mask_fragment,256,616.6029000305571,25600000,0.9,90000,0,sha256:1a43e0ddf8cc02438cc76d27ba1cce86da34109d2e43dcc8ed7c9d581b95b39d,8,sha256:8f82b241d910aac6464bac040e136b74dfaf88053e44b50cfe0abb6091bab0d7,100000,20260717T134222171980Z,1555,mask_fragment-n100000-w256-m0900-s1555
mask_fragment,86a3c5594a7b0bd7b33efe4c4ffaf5dc0aa17226,late_mask_fragment,256,584.7419999772683,25600000,0.9,90000,1,sha256:18bd7fb3b6d02ff88c53bf4a74124c631590d7e276f031a9034dc7f9cb857902,8,sha256:8f82b241d910aac6464bac040e136b74dfaf88053e44b50cfe0abb6091bab0d7,100000,20260717T134222171980Z,1555,mask_fragment-n100000-w256-m0900-s1555
mask_fragment,86a3c5594a7b0bd7b33efe4c4ffaf5dc0aa17226,late_mask_fragment,256,1305.9663000167347,25600000,0.9,90000,0,sha256:18bd7fb3b6d02ff88c53bf4a74124c631590d7e276f031a9034dc7f9cb857902,9,sha256:8f82b241d910aac6464bac040e136b74dfaf88053e44b50cfe0abb6091bab0d7,100000,20260717T134222171980Z,1555,mask_fragment-n100000-w256-m0900-s1555
mask_fragment,86a3c5594a7b0bd7b33efe4c4ffaf5dc0aa17226,early_mask_fragment,256,615.1865999563597,25600000,0.9,90000,1,sha256:1a43e0ddf8cc02438cc76d27ba1cce86da34109d2e43dcc8ed7c9d581b95b39d,9,sha256:8f82b241d910aac6464bac040e136b74dfaf88053e44b50cfe0abb6091bab0d7,100000,20260717T134222171980Z,1555,mask_fragment-n100000-w256-m0900-s1555
mask_fragment,86a3c5594a7b0bd7b33efe4c4ffaf5dc0aa17226,early_mask_fragment,256,639.2394999857061,25600000,0.9,90000,0,sha256:1a43e0ddf8cc02438cc76d27ba1cce86da34109d2e43dcc8ed7c9d581b95b39d,10,sha256:8f82b241d910aac6464bac040e136b74dfaf88053e44b50cfe0abb6091bab0d7,100000,20260717T134222171980Z,1555,mask_fragment-n100000-w256-m0900-s1555
mask_fragment,86a3c5594a7b0bd7b33efe4c4ffaf5dc0aa17226,late_mask_fragment,256,576.7737000132911,25600000,0.9,90000,1,sha256:18bd7fb3b6d02ff88c53bf4a74124c631590d7e276f031a9034dc7f9cb857902,10,sha256:8f82b241d910aac6464bac040e136b74dfaf88053e44b50cfe0abb6091bab0d7,100000,20260717T134222171980Z,1555,mask_fragment-n100000-w256-m0900-s1555
mask_fragment,86a3c5594a7b0bd7b33efe4c4ffaf5dc0aa17226,late_mask_fragment,256,613.9363000402227,25600000,0.9,90000,0,sha256:18bd7fb3b6d02ff88c53bf4a74124c631590d7e276f031a9034dc7f9cb857902,11,sha256:8f82b241d910aac6464bac040e136b74dfaf88053e44b50cfe0abb6091bab0d7,100000,20260717T134222171980Z,1555,mask_fragment-n100000-w256-m0900-s1555
mask_fragment,86a3c5594a7b0bd7b33efe4c4ffaf5dc0aa17226,early_mask_fragment,256,642.7323999814689,25600000,0.9,90000,1,sha256:1a43e0ddf8cc02438cc76d27ba1cce86da34109d2e43dcc8ed7c9d581b95b39d,11,sha256:8f82b241d910aac6464bac040e136b74dfaf88053e44b50cfe0abb6091bab0d7,100000,20260717T134222171980Z,1555,mask_fragment-n100000-w256-m0900-s1555
mask_fragment,86a3c5594a7b0bd7b33efe4c4ffaf5dc0aa17226,early_mask_fragment,256,1702.117700013332,25600000,0.9,90000,0,sha256:1a43e0ddf8cc02438cc76d27ba1cce86da34109d2e43dcc8ed7c9d581b95b39d,12,sha256:8f82b241d910aac6464bac040e136b74dfaf88053e44b50cfe0abb6091bab0d7,100000,20260717T134222171980Z,1555,mask_fragment-n100000-w256-m0900-s1555
mask_fragment,86a3c5594a7b0bd7b33efe4c4ffaf5dc0aa17226,late_mask_fragment,256,699.1055000107735,25600000,0.9,90000,1,sha256:18bd7fb3b6d02ff88c53bf4a74124c631590d7e276f031a9034dc7f9cb857902,12,sha256:8f82b241d910aac6464bac040e136b74dfaf88053e44b50cfe0abb6091bab0d7,100000,20260717T134222171980Z,1555,mask_fragment-n100000-w256-m0900-s1555
mask_fragment,86a3c5594a7b0bd7b33efe4c4ffaf5dc0aa17226,late_mask_fragment,256,1521.7395000508986,25600000,0.9,90000,0,sha256:18bd7fb3b6d02ff88c53bf4a74124c631590d7e276f031a9034dc7f9cb857902,13,sha256:8f82b241d910aac6464bac040e136b74dfaf88053e44b50cfe0abb6091bab0d7,100000,20260717T134222171980Z,1555,mask_fragment-n100000-w256-m0900-s1555
mask_fragment,86a3c5594a7b0bd7b33efe4c4ffaf5dc0aa17226,early_mask_fragment,256,1790.5939999618568,25600000,0.9,90000,1,sha256:1a43e0ddf8cc02438cc76d27ba1cce86da34109d2e43dcc8ed7c9d581b95b39d,13,sha256:8f82b241d910aac6464bac040e136b74dfaf88053e44b50cfe0abb6091bab0d7,100000,20260717T134222171980Z,1555,mask_fragment-n100000-w256-m0900-s1555
mask_fragment,86a3c5594a7b0bd7b33efe4c4ffaf5dc0aa17226,early_mask_fragment,256,784.2084000003524,25600000,0.9,90000,0,sha256:1a43e0ddf8cc02438cc76d27ba1cce86da34109d2e43dcc8ed7c9d581b95b39d,14,sha256:8f82b241d910aac6464bac040e136b74dfaf88053e44b50cfe0abb6091bab0d7,100000,20260717T134222171980Z,1555,mask_fragment-n100000-w256-m0900-s1555
mask_fragment,86a3c5594a7b0bd7b33efe4c4ffaf5dc0aa17226,late_mask_fragment,256,881.601499975659,25600000,0.9,90000,1,sha256:18bd7fb3b6d02ff88c53bf4a74124c631590d7e276f031a9034dc7f9cb857902,14,sha256:8f82b241d910aac6464bac040e136b74dfaf88053e44b50cfe0abb6091bab0d7,100000,20260717T134222171980Z,1555,mask_fragment-n100000-w256-m0900-s1555
mask_fragment,86a3c5594a7b0bd7b33efe4c4ffaf5dc0aa17226,late_mask_fragment,256,650.2540000365116,25600000,1.0,100000,0,sha256:92b825cb6ca6efd8c921ae328d9dcd567e5fc1cecda65d185180a168e33b45c9,0,sha256:19dca083031db076b74172e800ab251465166bcbb76ae89a303953d9eb67148e,100000,20260717T134222171980Z,1111,mask_fragment-n100000-w256-m1000-s1111
mask_fragment,86a3c5594a7b0bd7b33efe4c4ffaf5dc0aa17226,early_mask_fragment,256,635.64100000076,25600000,1.0,100000,1,sha256:1a43e0ddf8cc02438cc76d27ba1cce86da34109d2e43dcc8ed7c9d581b95b39d,0,sha256:19dca083031db076b74172e800ab251465166bcbb76ae89a303953d9eb67148e,100000,20260717T134222171980Z,1111,mask_fragment-n100000-w256-m1000-s1111
mask_fragment,86a3c5594a7b0bd7b33efe4c4ffaf5dc0aa17226,early_mask_fragment,256,657.9173000063747,25600000,1.0,100000,0,sha256:1a43e0ddf8cc02438cc76d27ba1cce86da34109d2e43dcc8ed7c9d581b95b39d,1,sha256:19dca083031db076b74172e800ab251465166bcbb76ae89a303953d9eb67148e,100000,20260717T134222171980Z,1111,mask_fragment-n100000-w256-m1000-s1111
mask_fragment,86a3c5594a7b0bd7b33efe4c4ffaf5dc0aa17226,late_mask_fragment,256,709.537300048396,25600000,1.0,100000,1,sha256:92b825cb6ca6efd8c921ae328d9dcd567e5fc1cecda65d185180a168e33b45c9,1,sha256:19dca083031db076b74172e800ab251465166bcbb76ae89a303953d9eb67148e,100000,20260717T134222171980Z,1111,mask_fragment-n100000-w256-m1000-s1111
mask_fragment,86a3c5594a7b0bd7b33efe4c4ffaf5dc0aa17226,late_mask_fragment,256,627.4988999939524,25600000,1.0,100000,0,sha256:92b825cb6ca6efd8c921ae328d9dcd567e5fc1cecda65d185180a168e33b45c9,2,sha256:19dca083031db076b74172e800ab251465166bcbb76ae89a303953d9eb67148e,100000,20260717T134222171980Z,1111,mask_fragment-n100000-w256-m1000-s1111
mask_fragment,86a3c5594a7b0bd7b33efe4c4ffaf5dc0aa17226,early_mask_fragment,256,625.609099981375,25600000,1.0,100000,1,sha256:1a43e0ddf8cc02438cc76d27ba1cce86da34109d2e43dcc8ed7c9d581b95b39d,2,sha256:19dca083031db076b74172e800ab251465166bcbb76ae89a303953d9eb67148e,100000,20260717T134222171980Z,1111,mask_fragment-n100000-w256-m1000-s1111
mask_fragment,86a3c5594a7b0bd7b33efe4c4ffaf5dc0aa17226,early_mask_fragment,256,626.7233999678865,25600000,1.0,100000,0,sha256:1a43e0ddf8cc02438cc76d27ba1cce86da34109d2e43dcc8ed7c9d581b95b39d,3,sha256:19dca083031db076b74172e800ab251465166bcbb76ae89a303953d9eb67148e,100000,20260717T134222171980Z,1111,mask_fragment-n100000-w256-m1000-s1111
mask_fragment,86a3c5594a7b0bd7b33efe4c4ffaf5dc0aa17226,late_mask_fragment,256,670.4350999789312,25600000,1.0,100000,1,sha256:92b825cb6ca6efd8c921ae328d9dcd567e5fc1cecda65d185180a168e33b45c9,3,sha256:19dca083031db076b74172e800ab251465166bcbb76ae89a303953d9eb67148e,100000,20260717T134222171980Z,1111,mask_fragment-n100000-w256-m1000-s1111
mask_fragment,86a3c5594a7b0bd7b33efe4c4ffaf5dc0aa17226,late_mask_fragment,256,660.0197000079788,25600000,1.0,100000,0,sha256:92b825cb6ca6efd8c921ae328d9dcd567e5fc1cecda65d185180a168e33b45c9,4,sha256:19dca083031db076b74172e800ab251465166bcbb76ae89a303953d9eb67148e,100000,20260717T134222171980Z,1111,mask_fragment-n100000-w256-m1000-s1111
mask_fragment,86a3c5594a7b0bd7b33efe4c4ffaf5dc0aa17226,early_mask_fragment,256,650.9118999820203,25600000,1.0,100000,1,sha256:1a43e0ddf8cc02438cc76d27ba1cce86da34109d2e43dcc8ed7c9d581b95b39d,4,sha256:19dca083031db076b74172e800ab251465166bcbb76ae89a303953d9eb67148e,100000,20260717T134222171980Z,1111,mask_fragment-n100000-w256-m1000-s1111
mask_fragment,86a3c5594a7b0bd7b33efe4c4ffaf5dc0aa17226,early_mask_fragment,256,629.7899000346661,25600000,1.0,100000,0,sha256:1a43e0ddf8cc02438cc76d27ba1cce86da34109d2e43dcc8ed7c9d581b95b39d,5,sha256:19dca083031db076b74172e800ab251465166bcbb76ae89a303953d9eb67148e,100000,20260717T134222171980Z,1111,mask_fragment-n100000-w256-m1000-s1111
mask_fragment,86a3c5594a7b0bd7b33efe4c4ffaf5dc0aa17226,late_mask_fragment,256,682.8750999993645,25600000,1.0,100000,1,sha256:92b825cb6ca6efd8c921ae328d9dcd567e5fc1cecda65d185180a168e33b45c9,5,sha256:19dca083031db076b74172e800ab251465166bcbb76ae89a303953d9eb67148e,100000,20260717T134222171980Z,1111,mask_fragment-n100000-w256-m1000-s1111
mask_fragment,86a3c5594a7b0bd7b33efe4c4ffaf5dc0aa17226,late_mask_fragment,256,662.0931000215933,25600000,1.0,100000,0,sha256:92b825cb6ca6efd8c921ae328d9dcd567e5fc1cecda65d185180a168e33b45c9,6,sha256:19dca083031db076b74172e800ab251465166bcbb76ae89a303953d9eb67148e,100000,20260717T134222171980Z,1111,mask_fragment-n100000-w256-m1000-s1111
mask_fragment,86a3c5594a7b0bd7b33efe4c4ffaf5dc0aa17226,early_mask_fragment,256,526.7234000493772,25600000,1.0,100000,1,sha256:1a43e0ddf8cc02438cc76d27ba1cce86da34109d2e43dcc8ed7c9d581b95b39d,6,sha256:19dca083031db076b74172e800ab251465166bcbb76ae89a303953d9eb67148e,100000,20260717T134222171980Z,1111,mask_fragment-n100000-w256-m1000-s1111
mask_fragment,86a3c5594a7b0bd7b33efe4c4ffaf5dc0aa17226,early_mask_fragment,256,624.565200007055,25600000,1.0,100000,0,sha256:1a43e0ddf8cc02438cc76d27ba1cce86da34109d2e43dcc8ed7c9d581b95b39d,7,sha256:19dca083031db076b74172e800ab251465166bcbb76ae89a303953d9eb67148e,100000,20260717T134222171980Z,1111,mask_fragment-n100000-w256-m1000-s1111
mask_fragment,86a3c5594a7b0bd7b33efe4c4ffaf5dc0aa17226,late_mask_fragment,256,1455.5901000276208,25600000,1.0,100000,1,sha256:92b825cb6ca6efd8c921ae328d9dcd567e5fc1cecda65d185180a168e33b45c9,7,sha256:19dca083031db076b74172e800ab251465166bcbb76ae89a303953d9eb67148e,100000,20260717T134222171980Z,1111,mask_fragment-n100000-w256-m1000-s1111
mask_fragment,86a3c5594a7b0bd7b33efe4c4ffaf5dc0aa17226,late_mask_fragment,256,550.1345999655314,25600000,1.0,100000,0,sha256:92b825cb6ca6efd8c921ae328d9dcd567e5fc1cecda65d185180a168e33b45c9,8,sha256:19dca083031db076b74172e800ab251465166bcbb76ae89a303953d9eb67148e,100000,20260717T134222171980Z,1111,mask_fragment-n100000-w256-m1000-s1111
mask_fragment,86a3c5594a7b0bd7b33efe4c4ffaf5dc0aa17226,early_mask_fragment,256,611.9092000299133,25600000,1.0,100000,1,sha256:1a43e0ddf8cc02438cc76d27ba1cce86da34109d2e43dcc8ed7c9d581b95b39d,8,sha256:19dca083031db076b74172e800ab251465166bcbb76ae89a303953d9eb67148e,100000,20260717T134222171980Z,1111,mask_fragment-n100000-w256-m1000-s1111
mask_fragment,86a3c5594a7b0bd7b33efe4c4ffaf5dc0aa17226,early_mask_fragment,256,617.9841000121087,25600000,1.0,100000,0,sha256:1a43e0ddf8cc02438cc76d27ba1cce86da34109d2e43dcc8ed7c9d581b95b39d,9,sha256:19dca083031db076b74172e800ab251465166bcbb76ae89a303953d9eb67148e,100000,20260717T134222171980Z,1111,mask_fragment-n100000-w256-m1000-s1111
mask_fragment,86a3c5594a7b0bd7b33efe4c4ffaf5dc0aa17226,late_mask_fragment,256,654.3594000395387,25600000,1.0,100000,1,sha256:92b825cb6ca6efd8c921ae328d9dcd567e5fc1cecda65d185180a168e33b45c9,9,sha256:19dca083031db076b74172e800ab251465166bcbb76ae89a303953d9eb67148e,100000,20260717T134222171980Z,1111,mask_fragment-n100000-w256-m1000-s1111
mask_fragment,86a3c5594a7b0bd7b33efe4c4ffaf5dc0aa17226,late_mask_fragment,256,619.2616000189446,25600000,1.0,100000,0,sha256:92b825cb6ca6efd8c921ae328d9dcd567e5fc1cecda65d185180a168e33b45c9,10,sha256:19dca083031db076b74172e800ab251465166bcbb76ae89a303953d9eb67148e,100000,20260717T134222171980Z,1111,mask_fragment-n100000-w256-m1000-s1111
mask_fragment,86a3c5594a7b0bd7b33efe4c4ffaf5dc0aa17226,early_mask_fragment,256,549.7085999813862,25600000,1.0,100000,1,sha256:1a43e0ddf8cc02438cc76d27ba1cce86da34109d2e43dcc8ed7c9d581b95b39d,10,sha256:19dca083031db076b74172e800ab251465166bcbb76ae89a303953d9eb67148e,100000,20260717T134222171980Z,1111,mask_fragment-n100000-w256-m1000-s1111
mask_fragment,86a3c5594a7b0bd7b33efe4c4ffaf5dc0aa17226,early_mask_fragment,256,627.1855999948457,25600000,1.0,100000,0,sha256:1a43e0ddf8cc02438cc76d27ba1cce86da34109d2e43dcc8ed7c9d581b95b39d,11,sha256:19dca083031db076b74172e800ab251465166bcbb76ae89a303953d9eb67148e,100000,20260717T134222171980Z,1111,mask_fragment-n100000-w256-m1000-s1111
mask_fragment,86a3c5594a7b0bd7b33efe4c4ffaf5dc0aa17226,late_mask_fragment,256,1458.820800005924,25600000,1.0,100000,1,sha256:92b825cb6ca6efd8c921ae328d9dcd567e5fc1cecda65d185180a168e33b45c9,11,sha256:19dca083031db076b74172e800ab251465166bcbb76ae89a303953d9eb67148e,100000,20260717T134222171980Z,1111,mask_fragment-n100000-w256-m1000-s1111
mask_fragment,86a3c5594a7b0bd7b33efe4c4ffaf5dc0aa17226,late_mask_fragment,256,600.5397000117227,25600000,1.0,100000,0,sha256:92b825cb6ca6efd8c921ae328d9dcd567e5fc1cecda65d185180a168e33b45c9,12,sha256:19dca083031db076b74172e800ab251465166bcbb76ae89a303953d9eb67148e,100000,20260717T134222171980Z,1111,mask_fragment-n100000-w256-m1000-s1111
mask_fragment,86a3c5594a7b0bd7b33efe4c4ffaf5dc0aa17226,early_mask_fragment,256,636.3205999950878,25600000,1.0,100000,1,sha256:1a43e0ddf8cc02438cc76d27ba1cce86da34109d2e43dcc8ed7c9d581b95b39d,12,sha256:19dca083031db076b74172e800ab251465166bcbb76ae89a303953d9eb67148e,100000,20260717T134222171980Z,1111,mask_fragment-n100000-w256-m1000-s1111
mask_fragment,86a3c5594a7b0bd7b33efe4c4ffaf5dc0aa17226,early_mask_fragment,256,623.4491000068374,25600000,1.0,100000,0,sha256:1a43e0ddf8cc02438cc76d27ba1cce86da34109d2e43dcc8ed7c9d581b95b39d,13,sha256:19dca083031db076b74172e800ab251465166bcbb76ae89a303953d9eb67148e,100000,20260717T134222171980Z,1111,mask_fragment-n100000-w256-m1000-s1111
mask_fragment,86a3c5594a7b0bd7b33efe4c4ffaf5dc0aa17226,late_mask_fragment,256,655.4687999887392,25600000,1.0,100000,1,sha256:92b825cb6ca6efd8c921ae328d9dcd567e5fc1cecda65d185180a168e33b45c9,13,sha256:19dca083031db076b74172e800ab251465166bcbb76ae89a303953d9eb67148e,100000,20260717T134222171980Z,1111,mask_fragment-n100000-w256-m1000-s1111
mask_fragment,86a3c5594a7b0bd7b33efe4c4ffaf5dc0aa17226,late_mask_fragment,256,650.3851999877952,25600000,1.0,100000,0,sha256:92b825cb6ca6efd8c921ae328d9dcd567e5fc1cecda65d185180a168e33b45c9,14,sha256:19dca083031db076b74172e800ab251465166bcbb76ae89a303953d9eb67148e,100000,20260717T134222171980Z,1111,mask_fragment-n100000-w256-m1000-s1111
mask_fragment,86a3c5594a7b0bd7b33efe4c4ffaf5dc0aa17226,early_mask_fragment,256,663.3697999641299,25600000,1.0,100000,1,sha256:1a43e0ddf8cc02438cc76d27ba1cce86da34109d2e43dcc8ed7c9d581b95b39d,14,sha256:19dca083031db076b74172e800ab251465166bcbb76ae89a303953d9eb67148e,100000,20260717T134222171980Z,1111,mask_fragment-n100000-w256-m1000-s1111
mask_fragment,86a3c5594a7b0bd7b33efe4c4ffaf5dc0aa17226,early_mask_fragment,256,637.5489999772981,25600000,1.0,100000,0,sha256:1a43e0ddf8cc02438cc76d27ba1cce86da34109d2e43dcc8ed7c9d581b95b39d,0,sha256:e63cf6328470922b018718fcbb237ab1aacc94f652ed76051975a4a49212b307,100000,20260717T134222171980Z,1222,mask_fragment-n100000-w256-m1000-s1222
mask_fragment,86a3c5594a7b0bd7b33efe4c4ffaf5dc0aa17226,late_mask_fragment,256,1595.6366999889724,25600000,1.0,100000,1,sha256:92b825cb6ca6efd8c921ae328d9dcd567e5fc1cecda65d185180a168e33b45c9,0,sha256:e63cf6328470922b018718fcbb237ab1aacc94f652ed76051975a4a49212b307,100000,20260717T134222171980Z,1222,mask_fragment-n100000-w256-m1000-s1222
mask_fragment,86a3c5594a7b0bd7b33efe4c4ffaf5dc0aa17226,late_mask_fragment,256,636.2467999570072,25600000,1.0,100000,0,sha256:92b825cb6ca6efd8c921ae328d9dcd567e5fc1cecda65d185180a168e33b45c9,1,sha256:e63cf6328470922b018718fcbb237ab1aacc94f652ed76051975a4a49212b307,100000,20260717T134222171980Z,1222,mask_fragment-n100000-w256-m1000-s1222
mask_fragment,86a3c5594a7b0bd7b33efe4c4ffaf5dc0aa17226,early_mask_fragment,256,547.1374000189826,25600000,1.0,100000,1,sha256:1a43e0ddf8cc02438cc76d27ba1cce86da34109d2e43dcc8ed7c9d581b95b39d,1,sha256:e63cf6328470922b018718fcbb237ab1aacc94f652ed76051975a4a49212b307,100000,20260717T134222171980Z,1222,mask_fragment-n100000-w256-m1000-s1222
mask_fragment,86a3c5594a7b0bd7b33efe4c4ffaf5dc0aa17226,early_mask_fragment,256,623.0924999690615,25600000,1.0,100000,0,sha256:1a43e0ddf8cc02438cc76d27ba1cce86da34109d2e43dcc8ed7c9d581b95b39d,2,sha256:e63cf6328470922b018718fcbb237ab1aacc94f652ed76051975a4a49212b307,100000,20260717T134222171980Z,1222,mask_fragment-n100000-w256-m1000-s1222
mask_fragment,86a3c5594a7b0bd7b33efe4c4ffaf5dc0aa17226,late_mask_fragment,256,646.7128999647684,25600000,1.0,100000,1,sha256:92b825cb6ca6efd8c921ae328d9dcd567e5fc1cecda65d185180a168e33b45c9,2,sha256:e63cf6328470922b018718fcbb237ab1aacc94f652ed76051975a4a49212b307,100000,20260717T134222171980Z,1222,mask_fragment-n100000-w256-m1000-s1222
mask_fragment,86a3c5594a7b0bd7b33efe4c4ffaf5dc0aa17226,late_mask_fragment,256,589.7890999913216,25600000,1.0,100000,0,sha256:92b825cb6ca6efd8c921ae328d9dcd567e5fc1cecda65d185180a168e33b45c9,3,sha256:e63cf6328470922b018718fcbb237ab1aacc94f652ed76051975a4a49212b307,100000,20260717T134222171980Z,1222,mask_fragment-n100000-w256-m1000-s1222
mask_fragment,86a3c5594a7b0bd7b33efe4c4ffaf5dc0aa17226,early_mask_fragment,256,1667.679199948907,25600000,1.0,100000,1,sha256:1a43e0ddf8cc02438cc76d27ba1cce86da34109d2e43dcc8ed7c9d581b95b39d,3,sha256:e63cf6328470922b018718fcbb237ab1aacc94f652ed76051975a4a49212b307,100000,20260717T134222171980Z,1222,mask_fragment-n100000-w256-m1000-s1222
mask_fragment,86a3c5594a7b0bd7b33efe4c4ffaf5dc0aa17226,early_mask_fragment,256,544.3787000258453,25600000,1.0,100000,0,sha256:1a43e0ddf8cc02438cc76d27ba1cce86da34109d2e43dcc8ed7c9d581b95b39d,4,sha256:e63cf6328470922b018718fcbb237ab1aacc94f652ed76051975a4a49212b307,100000,20260717T134222171980Z,1222,mask_fragment-n100000-w256-m1000-s1222
mask_fragment,86a3c5594a7b0bd7b33efe4c4ffaf5dc0aa17226,late_mask_fragment,256,568.0848000338301,25600000,1.0,100000,1,sha256:92b825cb6ca6efd8c921ae328d9dcd567e5fc1cecda65d185180a168e33b45c9,4,sha256:e63cf6328470922b018718fcbb237ab1aacc94f652ed76051975a4a49212b307,100000,20260717T134222171980Z,1222,mask_fragment-n100000-w256-m1000-s1222
mask_fragment,86a3c5594a7b0bd7b33efe4c4ffaf5dc0aa17226,late_mask_fragment,256,576.2943000299856,25600000,1.0,100000,0,sha256:92b825cb6ca6efd8c921ae328d9dcd567e5fc1cecda65d185180a168e33b45c9,5,sha256:e63cf6328470922b018718fcbb237ab1aacc94f652ed76051975a4a49212b307,100000,20260717T134222171980Z,1222,mask_fragment-n100000-w256-m1000-s1222
mask_fragment,86a3c5594a7b0bd7b33efe4c4ffaf5dc0aa17226,early_mask_fragment,256,621.8735000002198,25600000,1.0,100000,1,sha256:1a43e0ddf8cc02438cc76d27ba1cce86da34109d2e43dcc8ed7c9d581b95b39d,5,sha256:e63cf6328470922b018718fcbb237ab1aacc94f652ed76051975a4a49212b307,100000,20260717T134222171980Z,1222,mask_fragment-n100000-w256-m1000-s1222
mask_fragment,86a3c5594a7b0bd7b33efe4c4ffaf5dc0aa17226,early_mask_fragment,256,628.6501999711618,25600000,1.0,100000,0,sha256:1a43e0ddf8cc02438cc76d27ba1cce86da34109d2e43dcc8ed7c9d581b95b39d,6,sha256:e63cf6328470922b018718fcbb237ab1aacc94f652ed76051975a4a49212b307,100000,20260717T134222171980Z,1222,mask_fragment-n100000-w256-m1000-s1222
mask_fragment,86a3c5594a7b0bd7b33efe4c4ffaf5dc0aa17226,late_mask_fragment,256,586.6925999871455,25600000,1.0,100000,1,sha256:92b825cb6ca6efd8c921ae328d9dcd567e5fc1cecda65d185180a168e33b45c9,6,sha256:e63cf6328470922b018718fcbb237ab1aacc94f652ed76051975a4a49212b307,100000,20260717T134222171980Z,1222,mask_fragment-n100000-w256-m1000-s1222
mask_fragment,86a3c5594a7b0bd7b33efe4c4ffaf5dc0aa17226,late_mask_fragment,256,719.8987999581732,25600000,1.0,100000,0,sha256:92b825cb6ca6efd8c921ae328d9dcd567e5fc1cecda65d185180a168e33b45c9,7,sha256:e63cf6328470922b018718fcbb237ab1aacc94f652ed76051975a4a49212b307,100000,20260717T134222171980Z,1222,mask_fragment-n100000-w256-m1000-s1222
mask_fragment,86a3c5594a7b0bd7b33efe4c4ffaf5dc0aa17226,early_mask_fragment,256,619.0387000096962,25600000,1.0,100000,1,sha256:1a43e0ddf8cc02438cc76d27ba1cce86da34109d2e43dcc8ed7c9d581b95b39d,7,sha256:e63cf6328470922b018718fcbb237ab1aacc94f652ed76051975a4a49212b307,100000,20260717T134222171980Z,1222,mask_fragment-n100000-w256-m1000-s1222
mask_fragment,86a3c5594a7b0bd7b33efe4c4ffaf5dc0aa17226,early_mask_fragment,256,579.1936000459827,25600000,1.0,100000,0,sha256:1a43e0ddf8cc02438cc76d27ba1cce86da34109d2e43dcc8ed7c9d581b95b39d,8,sha256:e63cf6328470922b018718fcbb237ab1aacc94f652ed76051975a4a49212b307,100000,20260717T134222171980Z,1222,mask_fragment-n100000-w256-m1000-s1222
mask_fragment,86a3c5594a7b0bd7b33efe4c4ffaf5dc0aa17226,late_mask_fragment,256,574.1690999711864,25600000,1.0,100000,1,sha256:92b825cb6ca6efd8c921ae328d9dcd567e5fc1cecda65d185180a168e33b45c9,8,sha256:e63cf6328470922b018718fcbb237ab1aacc94f652ed76051975a4a49212b307,100000,20260717T134222171980Z,1222,mask_fragment-n100000-w256-m1000-s1222
mask_fragment,86a3c5594a7b0bd7b33efe4c4ffaf5dc0aa17226,late_mask_fragment,256,1609.9061000277288,25600000,1.0,100000,0,sha256:92b825cb6ca6efd8c921ae328d9dcd567e5fc1cecda65d185180a168e33b45c9,9,sha256:e63cf6328470922b018718fcbb237ab1aacc94f652ed76051975a4a49212b307,100000,20260717T134222171980Z,1222,mask_fragment-n100000-w256-m1000-s1222
mask_fragment,86a3c5594a7b0bd7b33efe4c4ffaf5dc0aa17226,early_mask_fragment,256,627.994199981913,25600000,1.0,100000,1,sha256:1a43e0ddf8cc02438cc76d27ba1cce86da34109d2e43dcc8ed7c9d581b95b39d,9,sha256:e63cf6328470922b018718fcbb237ab1aacc94f652ed76051975a4a49212b307,100000,20260717T134222171980Z,1222,mask_fragment-n100000-w256-m1000-s1222
mask_fragment,86a3c5594a7b0bd7b33efe4c4ffaf5dc0aa17226,early_mask_fragment,256,538.6098999879323,25600000,1.0,100000,0,sha256:1a43e0ddf8cc02438cc76d27ba1cce86da34109d2e43dcc8ed7c9d581b95b39d,10,sha256:e63cf6328470922b018718fcbb237ab1aacc94f652ed76051975a4a49212b307,100000,20260717T134222171980Z,1222,mask_fragment-n100000-w256-m1000-s1222
mask_fragment,86a3c5594a7b0bd7b33efe4c4ffaf5dc0aa17226,late_mask_fragment,256,1577.8063000179827,25600000,1.0,100000,1,sha256:92b825cb6ca6efd8c921ae328d9dcd567e5fc1cecda65d185180a168e33b45c9,10,sha256:e63cf6328470922b018718fcbb237ab1aacc94f652ed76051975a4a49212b307,100000,20260717T134222171980Z,1222,mask_fragment-n100000-w256-m1000-s1222
mask_fragment,86a3c5594a7b0bd7b33efe4c4ffaf5dc0aa17226,late_mask_fragment,256,689.9705000105314,25600000,1.0,100000,0,sha256:92b825cb6ca6efd8c921ae328d9dcd567e5fc1cecda65d185180a168e33b45c9,11,sha256:e63cf6328470922b018718fcbb237ab1aacc94f652ed76051975a4a49212b307,100000,20260717T134222171980Z,1222,mask_fragment-n100000-w256-m1000-s1222
mask_fragment,86a3c5594a7b0bd7b33efe4c4ffaf5dc0aa17226,early_mask_fragment,256,801.2130999704823,25600000,1.0,100000,1,sha256:1a43e0ddf8cc02438cc76d27ba1cce86da34109d2e43dcc8ed7c9d581b95b39d,11,sha256:e63cf6328470922b018718fcbb237ab1aacc94f652ed76051975a4a49212b307,100000,20260717T134222171980Z,1222,mask_fragment-n100000-w256-m1000-s1222
mask_fragment,86a3c5594a7b0bd7b33efe4c4ffaf5dc0aa17226,early_mask_fragment,256,699.344199965708,25600000,1.0,100000,0,sha256:1a43e0ddf8cc02438cc76d27ba1cce86da34109d2e43dcc8ed7c9d581b95b39d,12,sha256:e63cf6328470922b018718fcbb237ab1aacc94f652ed76051975a4a49212b307,100000,20260717T134222171980Z,1222,mask_fragment-n100000-w256-m1000-s1222
mask_fragment,86a3c5594a7b0bd7b33efe4c4ffaf5dc0aa17226,late_mask_fragment,256,1551.8320999690332,25600000,1.0,100000,1,sha256:92b825cb6ca6efd8c921ae328d9dcd567e5fc1cecda65d185180a168e33b45c9,12,sha256:e63cf6328470922b018718fcbb237ab1aacc94f652ed76051975a4a49212b307,100000,20260717T134222171980Z,1222,mask_fragment-n100000-w256-m1000-s1222
mask_fragment,86a3c5594a7b0bd7b33efe4c4ffaf5dc0aa17226,late_mask_fragment,256,582.8359000151977,25600000,1.0,100000,0,sha256:92b825cb6ca6efd8c921ae328d9dcd567e5fc1cecda65d185180a168e33b45c9,13,sha256:e63cf6328470922b018718fcbb237ab1aacc94f652ed76051975a4a49212b307,100000,20260717T134222171980Z,1222,mask_fragment-n100000-w256-m1000-s1222
mask_fragment,86a3c5594a7b0bd7b33efe4c4ffaf5dc0aa17226,early_mask_fragment,256,564.6064000320621,25600000,1.0,100000,1,sha256:1a43e0ddf8cc02438cc76d27ba1cce86da34109d2e43dcc8ed7c9d581b95b39d,13,sha256:e63cf6328470922b018718fcbb237ab1aacc94f652ed76051975a4a49212b307,100000,20260717T134222171980Z,1222,mask_fragment-n100000-w256-m1000-s1222
mask_fragment,86a3c5594a7b0bd7b33efe4c4ffaf5dc0aa17226,early_mask_fragment,256,594.1911999834701,25600000,1.0,100000,0,sha256:1a43e0ddf8cc02438cc76d27ba1cce86da34109d2e43dcc8ed7c9d581b95b39d,14,sha256:e63cf6328470922b018718fcbb237ab1aacc94f652ed76051975a4a49212b307,100000,20260717T134222171980Z,1222,mask_fragment-n100000-w256-m1000-s1222
mask_fragment,86a3c5594a7b0bd7b33efe4c4ffaf5dc0aa17226,late_mask_fragment,256,617.9362999973819,25600000,1.0,100000,1,sha256:92b825cb6ca6efd8c921ae328d9dcd567e5fc1cecda65d185180a168e33b45c9,14,sha256:e63cf6328470922b018718fcbb237ab1aacc94f652ed76051975a4a49212b307,100000,20260717T134222171980Z,1222,mask_fragment-n100000-w256-m1000-s1222
mask_fragment,86a3c5594a7b0bd7b33efe4c4ffaf5dc0aa17226,late_mask_fragment,256,702.6167000294663,25600000,1.0,100000,0,sha256:92b825cb6ca6efd8c921ae328d9dcd567e5fc1cecda65d185180a168e33b45c9,0,sha256:58fd36221b83c495bcb5705397fb36f72e027afad51df05b70556dfaf8fc5faa,100000,20260717T134222171980Z,1333,mask_fragment-n100000-w256-m1000-s1333
mask_fragment,86a3c5594a7b0bd7b33efe4c4ffaf5dc0aa17226,early_mask_fragment,256,663.9050000230782,25600000,1.0,100000,1,sha256:1a43e0ddf8cc02438cc76d27ba1cce86da34109d2e43dcc8ed7c9d581b95b39d,0,sha256:58fd36221b83c495bcb5705397fb36f72e027afad51df05b70556dfaf8fc5faa,100000,20260717T134222171980Z,1333,mask_fragment-n100000-w256-m1000-s1333
mask_fragment,86a3c5594a7b0bd7b33efe4c4ffaf5dc0aa17226,early_mask_fragment,256,653.3983000554144,25600000,1.0,100000,0,sha256:1a43e0ddf8cc02438cc76d27ba1cce86da34109d2e43dcc8ed7c9d581b95b39d,1,sha256:58fd36221b83c495bcb5705397fb36f72e027afad51df05b70556dfaf8fc5faa,100000,20260717T134222171980Z,1333,mask_fragment-n100000-w256-m1000-s1333
mask_fragment,86a3c5594a7b0bd7b33efe4c4ffaf5dc0aa17226,late_mask_fragment,256,627.8442000038922,25600000,1.0,100000,1,sha256:92b825cb6ca6efd8c921ae328d9dcd567e5fc1cecda65d185180a168e33b45c9,1,sha256:58fd36221b83c495bcb5705397fb36f72e027afad51df05b70556dfaf8fc5faa,100000,20260717T134222171980Z,1333,mask_fragment-n100000-w256-m1000-s1333
mask_fragment,86a3c5594a7b0bd7b33efe4c4ffaf5dc0aa17226,late_mask_fragment,256,571.1369999917224,25600000,1.0,100000,0,sha256:92b825cb6ca6efd8c921ae328d9dcd567e5fc1cecda65d185180a168e33b45c9,2,sha256:58fd36221b83c495bcb5705397fb36f72e027afad51df05b70556dfaf8fc5faa,100000,20260717T134222171980Z,1333,mask_fragment-n100000-w256-m1000-s1333
mask_fragment,86a3c5594a7b0bd7b33efe4c4ffaf5dc0aa17226,early_mask_fragment,256,708.6750000016764,25600000,1.0,100000,1,sha256:1a43e0ddf8cc02438cc76d27ba1cce86da34109d2e43dcc8ed7c9d581b95b39d,2,sha256:58fd36221b83c495bcb5705397fb36f72e027afad51df05b70556dfaf8fc5faa,100000,20260717T134222171980Z,1333,mask_fragment-n100000-w256-m1000-s1333
mask_fragment,86a3c5594a7b0bd7b33efe4c4ffaf5dc0aa17226,early_mask_fragment,256,1629.9529999960214,25600000,1.0,100000,0,sha256:1a43e0ddf8cc02438cc76d27ba1cce86da34109d2e43dcc8ed7c9d581b95b39d,3,sha256:58fd36221b83c495bcb5705397fb36f72e027afad51df05b70556dfaf8fc5faa,100000,20260717T134222171980Z,1333,mask_fragment-n100000-w256-m1000-s1333
mask_fragment,86a3c5594a7b0bd7b33efe4c4ffaf5dc0aa17226,late_mask_fragment,256,636.9655000162311,25600000,1.0,100000,1,sha256:92b825cb6ca6efd8c921ae328d9dcd567e5fc1cecda65d185180a168e33b45c9,3,sha256:58fd36221b83c495bcb5705397fb36f72e027afad51df05b70556dfaf8fc5faa,100000,20260717T134222171980Z,1333,mask_fragment-n100000-w256-m1000-s1333
mask_fragment,86a3c5594a7b0bd7b33efe4c4ffaf5dc0aa17226,late_mask_fragment,256,583.8279000017792,25600000,1.0,100000,0,sha256:92b825cb6ca6efd8c921ae328d9dcd567e5fc1cecda65d185180a168e33b45c9,4,sha256:58fd36221b83c495bcb5705397fb36f72e027afad51df05b70556dfaf8fc5faa,100000,20260717T134222171980Z,1333,mask_fragment-n100000-w256-m1000-s1333
mask_fragment,86a3c5594a7b0bd7b33efe4c4ffaf5dc0aa17226,early_mask_fragment,256,1590.9025000291876,25600000,1.0,100000,1,sha256:1a43e0ddf8cc02438cc76d27ba1cce86da34109d2e43dcc8ed7c9d581b95b39d,4,sha256:58fd36221b83c495bcb5705397fb36f72e027afad51df05b70556dfaf8fc5faa,100000,20260717T134222171980Z,1333,mask_fragment-n100000-w256-m1000-s1333
mask_fragment,86a3c5594a7b0bd7b33efe4c4ffaf5dc0aa17226,early_mask_fragment,256,719.880299991928,25600000,1.0,100000,0,sha256:1a43e0ddf8cc02438cc76d27ba1cce86da34109d2e43dcc8ed7c9d581b95b39d,5,sha256:58fd36221b83c495bcb5705397fb36f72e027afad51df05b70556dfaf8fc5faa,100000,20260717T134222171980Z,1333,mask_fragment-n100000-w256-m1000-s1333
mask_fragment,86a3c5594a7b0bd7b33efe4c4ffaf5dc0aa17226,late_mask_fragment,256,789.4167000195011,25600000,1.0,100000,1,sha256:92b825cb6ca6efd8c921ae328d9dcd567e5fc1cecda65d185180a168e33b45c9,5,sha256:58fd36221b83c495bcb5705397fb36f72e027afad51df05b70556dfaf8fc5faa,100000,20260717T134222171980Z,1333,mask_fragment-n100000-w256-m1000-s1333
mask_fragment,86a3c5594a7b0bd7b33efe4c4ffaf5dc0aa17226,late_mask_fragment,256,743.733000010252,25600000,1.0,100000,0,sha256:92b825cb6ca6efd8c921ae328d9dcd567e5fc1cecda65d185180a168e33b45c9,6,sha256:58fd36221b83c495bcb5705397fb36f72e027afad51df05b70556dfaf8fc5faa,100000,20260717T134222171980Z,1333,mask_fragment-n100000-w256-m1000-s1333
mask_fragment,86a3c5594a7b0bd7b33efe4c4ffaf5dc0aa17226,early_mask_fragment,256,742.8883999818936,25600000,1.0,100000,1,sha256:1a43e0ddf8cc02438cc76d27ba1cce86da34109d2e43dcc8ed7c9d581b95b39d,6,sha256:58fd36221b83c495bcb5705397fb36f72e027afad51df05b70556dfaf8fc5faa,100000,20260717T134222171980Z,1333,mask_fragment-n100000-w256-m1000-s1333
mask_fragment,86a3c5594a7b0bd7b33efe4c4ffaf5dc0aa17226,early_mask_fragment,256,2010.7106000068597,25600000,1.0,100000,0,sha256:1a43e0ddf8cc02438cc76d27ba1cce86da34109d2e43dcc8ed7c9d581b95b39d,7,sha256:58fd36221b83c495bcb5705397fb36f72e027afad51df05b70556dfaf8fc5faa,100000,20260717T134222171980Z,1333,mask_fragment-n100000-w256-m1000-s1333
mask_fragment,86a3c5594a7b0bd7b33efe4c4ffaf5dc0aa17226,late_mask_fragment,256,798.2677000109106,25600000,1.0,100000,1,sha256:92b825cb6ca6efd8c921ae328d9dcd567e5fc1cecda65d185180a168e33b45c9,7,sha256:58fd36221b83c495bcb5705397fb36f72e027afad51df05b70556dfaf8fc5faa,100000,20260717T134222171980Z,1333,mask_fragment-n100000-w256-m1000-s1333
mask_fragment,86a3c5594a7b0bd7b33efe4c4ffaf5dc0aa17226,late_mask_fragment,256,860.276099992916,25600000,1.0,100000,0,sha256:92b825cb6ca6efd8c921ae328d9dcd567e5fc1cecda65d185180a168e33b45c9,8,sha256:58fd36221b83c495bcb5705397fb36f72e027afad51df05b70556dfaf8fc5faa,100000,20260717T134222171980Z,1333,mask_fragment-n100000-w256-m1000-s1333
mask_fragment,86a3c5594a7b0bd7b33efe4c4ffaf5dc0aa17226,early_mask_fragment,256,868.9667999860831,25600000,1.0,100000,1,sha256:1a43e0ddf8cc02438cc76d27ba1cce86da34109d2e43dcc8ed7c9d581b95b39d,8,sha256:58fd36221b83c495bcb5705397fb36f72e027afad51df05b70556dfaf8fc5faa,100000,20260717T134222171980Z,1333,mask_fragment-n100000-w256-m1000-s1333
mask_fragment,86a3c5594a7b0bd7b33efe4c4ffaf5dc0aa17226,early_mask_fragment,256,815.2261000359431,25600000,1.0,100000,0,sha256:1a43e0ddf8cc02438cc76d27ba1cce86da34109d2e43dcc8ed7c9d581b95b39d,9,sha256:58fd36221b83c495bcb5705397fb36f72e027afad51df05b70556dfaf8fc5faa,100000,20260717T134222171980Z,1333,mask_fragment-n100000-w256-m1000-s1333
mask_fragment,86a3c5594a7b0bd7b33efe4c4ffaf5dc0aa17226,late_mask_fragment,256,843.499900016468,25600000,1.0,100000,1,sha256:92b825cb6ca6efd8c921ae328d9dcd567e5fc1cecda65d185180a168e33b45c9,9,sha256:58fd36221b83c495bcb5705397fb36f72e027afad51df05b70556dfaf8fc5faa,100000,20260717T134222171980Z,1333,mask_fragment-n100000-w256-m1000-s1333
mask_fragment,86a3c5594a7b0bd7b33efe4c4ffaf5dc0aa17226,late_mask_fragment,256,696.9534999807365,25600000,1.0,100000,0,sha256:92b825cb6ca6efd8c921ae328d9dcd567e5fc1cecda65d185180a168e33b45c9,10,sha256:58fd36221b83c495bcb5705397fb36f72e027afad51df05b70556dfaf8fc5faa,100000,20260717T134222171980Z,1333,mask_fragment-n100000-w256-m1000-s1333
mask_fragment,86a3c5594a7b0bd7b33efe4c4ffaf5dc0aa17226,early_mask_fragment,256,650.9321000194177,25600000,1.0,100000,1,sha256:1a43e0ddf8cc02438cc76d27ba1cce86da34109d2e43dcc8ed7c9d581b95b39d,10,sha256:58fd36221b83c495bcb5705397fb36f72e027afad51df05b70556dfaf8fc5faa,100000,20260717T134222171980Z,1333,mask_fragment-n100000-w256-m1000-s1333
mask_fragment,86a3c5594a7b0bd7b33efe4c4ffaf5dc0aa17226,early_mask_fragment,256,647.2478000214323,25600000,1.0,100000,0,sha256:1a43e0ddf8cc02438cc76d27ba1cce86da34109d2e43dcc8ed7c9d581b95b39d,11,sha256:58fd36221b83c495bcb5705397fb36f72e027afad51df05b70556dfaf8fc5faa,100000,20260717T134222171980Z,1333,mask_fragment-n100000-w256-m1000-s1333
mask_fragment,86a3c5594a7b0bd7b33efe4c4ffaf5dc0aa17226,late_mask_fragment,256,695.2168000279926,25600000,1.0,100000,1,sha256:92b825cb6ca6efd8c921ae328d9dcd567e5fc1cecda65d185180a168e33b45c9,11,sha256:58fd36221b83c495bcb5705397fb36f72e027afad51df05b70556dfaf8fc5faa,100000,20260717T134222171980Z,1333,mask_fragment-n100000-w256-m1000-s1333
mask_fragment,86a3c5594a7b0bd7b33efe4c4ffaf5dc0aa17226,late_mask_fragment,256,761.6511000087485,25600000,1.0,100000,0,sha256:92b825cb6ca6efd8c921ae328d9dcd567e5fc1cecda65d185180a168e33b45c9,12,sha256:58fd36221b83c495bcb5705397fb36f72e027afad51df05b70556dfaf8fc5faa,100000,20260717T134222171980Z,1333,mask_fragment-n100000-w256-m1000-s1333
mask_fragment,86a3c5594a7b0bd7b33efe4c4ffaf5dc0aa17226,early_mask_fragment,256,916.6932000080124,25600000,1.0,100000,1,sha256:1a43e0ddf8cc02438cc76d27ba1cce86da34109d2e43dcc8ed7c9d581b95b39d,12,sha256:58fd36221b83c495bcb5705397fb36f72e027afad51df05b70556dfaf8fc5faa,100000,20260717T134222171980Z,1333,mask_fragment-n100000-w256-m1000-s1333
mask_fragment,86a3c5594a7b0bd7b33efe4c4ffaf5dc0aa17226,early_mask_fragment,256,844.8531000176445,25600000,1.0,100000,0,sha256:1a43e0ddf8cc02438cc76d27ba1cce86da34109d2e43dcc8ed7c9d581b95b39d,13,sha256:58fd36221b83c495bcb5705397fb36f72e027afad51df05b70556dfaf8fc5faa,100000,20260717T134222171980Z,1333,mask_fragment-n100000-w256-m1000-s1333
mask_fragment,86a3c5594a7b0bd7b33efe4c4ffaf5dc0aa17226,late_mask_fragment,256,844.9629999813624,25600000,1.0,100000,1,sha256:92b825cb6ca6efd8c921ae328d9dcd567e5fc1cecda65d185180a168e33b45c9,13,sha256:58fd36221b83c495bcb5705397fb36f72e027afad51df05b70556dfaf8fc5faa,100000,20260717T134222171980Z,1333,mask_fragment-n100000-w256-m1000-s1333
mask_fragment,86a3c5594a7b0bd7b33efe4c4ffaf5dc0aa17226,late_mask_fragment,256,800.38929998409,25600000,1.0,100000,0,sha256:92b825cb6ca6efd8c921ae328d9dcd567e5fc1cecda65d185180a168e33b45c9,14,sha256:58fd36221b83c495bcb5705397fb36f72e027afad51df05b70556dfaf8fc5faa,100000,20260717T134222171980Z,1333,mask_fragment-n100000-w256-m1000-s1333
mask_fragment,86a3c5594a7b0bd7b33efe4c4ffaf5dc0aa17226,early_mask_fragment,256,772.2420000354759,25600000,1.0,100000,1,sha256:1a43e0ddf8cc02438cc76d27ba1cce86da34109d2e43dcc8ed7c9d581b95b39d,14,sha256:58fd36221b83c495bcb5705397fb36f72e027afad51df05b70556dfaf8fc5faa,100000,20260717T134222171980Z,1333,mask_fragment-n100000-w256-m1000-s1333
mask_fragment,86a3c5594a7b0bd7b33efe4c4ffaf5dc0aa17226,early_mask_fragment,256,643.4798000263982,25600000,1.0,100000,0,sha256:1a43e0ddf8cc02438cc76d27ba1cce86da34109d2e43dcc8ed7c9d581b95b39d,0,sha256:befeb9f25cb7fa33f273bb37df74395ab35f0607937d864128de75a700a81321,100000,20260717T134222171980Z,1444,mask_fragment-n100000-w256-m1000-s1444
mask_fragment,86a3c5594a7b0bd7b33efe4c4ffaf5dc0aa17226,late_mask_fragment,256,604.915100033395,25600000,1.0,100000,1,sha256:92b825cb6ca6efd8c921ae328d9dcd567e5fc1cecda65d185180a168e33b45c9,0,sha256:befeb9f25cb7fa33f273bb37df74395ab35f0607937d864128de75a700a81321,100000,20260717T134222171980Z,1444,mask_fragment-n100000-w256-m1000-s1444
mask_fragment,86a3c5594a7b0bd7b33efe4c4ffaf5dc0aa17226,late_mask_fragment,256,627.9729999951087,25600000,1.0,100000,0,sha256:92b825cb6ca6efd8c921ae328d9dcd567e5fc1cecda65d185180a168e33b45c9,1,sha256:befeb9f25cb7fa33f273bb37df74395ab35f0607937d864128de75a700a81321,100000,20260717T134222171980Z,1444,mask_fragment-n100000-w256-m1000-s1444
mask_fragment,86a3c5594a7b0bd7b33efe4c4ffaf5dc0aa17226,early_mask_fragment,256,562.9659999976866,25600000,1.0,100000,1,sha256:1a43e0ddf8cc02438cc76d27ba1cce86da34109d2e43dcc8ed7c9d581b95b39d,1,sha256:befeb9f25cb7fa33f273bb37df74395ab35f0607937d864128de75a700a81321,100000,20260717T134222171980Z,1444,mask_fragment-n100000-w256-m1000-s1444
mask_fragment,86a3c5594a7b0bd7b33efe4c4ffaf5dc0aa17226,early_mask_fragment,256,617.2287000226788,25600000,1.0,100000,0,sha256:1a43e0ddf8cc02438cc76d27ba1cce86da34109d2e43dcc8ed7c9d581b95b39d,2,sha256:befeb9f25cb7fa33f273bb37df74395ab35f0607937d864128de75a700a81321,100000,20260717T134222171980Z,1444,mask_fragment-n100000-w256-m1000-s1444
mask_fragment,86a3c5594a7b0bd7b33efe4c4ffaf5dc0aa17226,late_mask_fragment,256,590.1647999999113,25600000,1.0,100000,1,sha256:92b825cb6ca6efd8c921ae328d9dcd567e5fc1cecda65d185180a168e33b45c9,2,sha256:befeb9f25cb7fa33f273bb37df74395ab35f0607937d864128de75a700a81321,100000,20260717T134222171980Z,1444,mask_fragment-n100000-w256-m1000-s1444
mask_fragment,86a3c5594a7b0bd7b33efe4c4ffaf5dc0aa17226,late_mask_fragment,256,648.9235000335611,25600000,1.0,100000,0,sha256:92b825cb6ca6efd8c921ae328d9dcd567e5fc1cecda65d185180a168e33b45c9,3,sha256:befeb9f25cb7fa33f273bb37df74395ab35f0607937d864128de75a700a81321,100000,20260717T134222171980Z,1444,mask_fragment-n100000-w256-m1000-s1444
mask_fragment,86a3c5594a7b0bd7b33efe4c4ffaf5dc0aa17226,early_mask_fragment,256,651.0886999894865,25600000,1.0,100000,1,sha256:1a43e0ddf8cc02438cc76d27ba1cce86da34109d2e43dcc8ed7c9d581b95b39d,3,sha256:befeb9f25cb7fa33f273bb37df74395ab35f0607937d864128de75a700a81321,100000,20260717T134222171980Z,1444,mask_fragment-n100000-w256-m1000-s1444
mask_fragment,86a3c5594a7b0bd7b33efe4c4ffaf5dc0aa17226,early_mask_fragment,256,608.9088000007905,25600000,1.0,100000,0,sha256:1a43e0ddf8cc02438cc76d27ba1cce86da34109d2e43dcc8ed7c9d581b95b39d,4,sha256:befeb9f25cb7fa33f273bb37df74395ab35f0607937d864128de75a700a81321,100000,20260717T134222171980Z,1444,mask_fragment-n100000-w256-m1000-s1444
mask_fragment,86a3c5594a7b0bd7b33efe4c4ffaf5dc0aa17226,late_mask_fragment,256,579.8787000239827,25600000,1.0,100000,1,sha256:92b825cb6ca6efd8c921ae328d9dcd567e5fc1cecda65d185180a168e33b45c9,4,sha256:befeb9f25cb7fa33f273bb37df74395ab35f0607937d864128de75a700a81321,100000,20260717T134222171980Z,1444,mask_fragment-n100000-w256-m1000-s1444
mask_fragment,86a3c5594a7b0bd7b33efe4c4ffaf5dc0aa17226,late_mask_fragment,256,566.7572999955155,25600000,1.0,100000,0,sha256:92b825cb6ca6efd8c921ae328d9dcd567e5fc1cecda65d185180a168e33b45c9,5,sha256:befeb9f25cb7fa33f273bb37df74395ab35f0607937d864128de75a700a81321,100000,20260717T134222171980Z,1444,mask_fragment-n100000-w256-m1000-s1444
mask_fragment,86a3c5594a7b0bd7b33efe4c4ffaf5dc0aa17226,early_mask_fragment,256,629.7900999779813,25600000,1.0,100000,1,sha256:1a43e0ddf8cc02438cc76d27ba1cce86da34109d2e43dcc8ed7c9d581b95b39d,5,sha256:befeb9f25cb7fa33f273bb37df74395ab35f0607937d864128de75a700a81321,100000,20260717T134222171980Z,1444,mask_fragment-n100000-w256-m1000-s1444
mask_fragment,86a3c5594a7b0bd7b33efe4c4ffaf5dc0aa17226,early_mask_fragment,256,641.2831000052392,25600000,1.0,100000,0,sha256:1a43e0ddf8cc02438cc76d27ba1cce86da34109d2e43dcc8ed7c9d581b95b39d,6,sha256:befeb9f25cb7fa33f273bb37df74395ab35f0607937d864128de75a700a81321,100000,20260717T134222171980Z,1444,mask_fragment-n100000-w256-m1000-s1444
mask_fragment,86a3c5594a7b0bd7b33efe4c4ffaf5dc0aa17226,late_mask_fragment,256,580.5233999853954,25600000,1.0,100000,1,sha256:92b825cb6ca6efd8c921ae328d9dcd567e5fc1cecda65d185180a168e33b45c9,6,sha256:befeb9f25cb7fa33f273bb37df74395ab35f0607937d864128de75a700a81321,100000,20260717T134222171980Z,1444,mask_fragment-n100000-w256-m1000-s1444
mask_fragment,86a3c5594a7b0bd7b33efe4c4ffaf5dc0aa17226,late_mask_fragment,256,650.0435000052676,25600000,1.0,100000,0,sha256:92b825cb6ca6efd8c921ae328d9dcd567e5fc1cecda65d185180a168e33b45c9,7,sha256:befeb9f25cb7fa33f273bb37df74395ab35f0607937d864128de75a700a81321,100000,20260717T134222171980Z,1444,mask_fragment-n100000-w256-m1000-s1444
mask_fragment,86a3c5594a7b0bd7b33efe4c4ffaf5dc0aa17226,early_mask_fragment,256,637.2016999521293,25600000,1.0,100000,1,sha256:1a43e0ddf8cc02438cc76d27ba1cce86da34109d2e43dcc8ed7c9d581b95b39d,7,sha256:befeb9f25cb7fa33f273bb37df74395ab35f0607937d864128de75a700a81321,100000,20260717T134222171980Z,1444,mask_fragment-n100000-w256-m1000-s1444
mask_fragment,86a3c5594a7b0bd7b33efe4c4ffaf5dc0aa17226,early_mask_fragment,256,676.7446000012569,25600000,1.0,100000,0,sha256:1a43e0ddf8cc02438cc76d27ba1cce86da34109d2e43dcc8ed7c9d581b95b39d,8,sha256:befeb9f25cb7fa33f273bb37df74395ab35f0607937d864128de75a700a81321,100000,20260717T134222171980Z,1444,mask_fragment-n100000-w256-m1000-s1444
mask_fragment,86a3c5594a7b0bd7b33efe4c4ffaf5dc0aa17226,late_mask_fragment,256,636.3057000562549,25600000,1.0,100000,1,sha256:92b825cb6ca6efd8c921ae328d9dcd567e5fc1cecda65d185180a168e33b45c9,8,sha256:befeb9f25cb7fa33f273bb37df74395ab35f0607937d864128de75a700a81321,100000,20260717T134222171980Z,1444,mask_fragment-n100000-w256-m1000-s1444
mask_fragment,86a3c5594a7b0bd7b33efe4c4ffaf5dc0aa17226,late_mask_fragment,256,833.1177999498323,25600000,1.0,100000,0,sha256:92b825cb6ca6efd8c921ae328d9dcd567e5fc1cecda65d185180a168e33b45c9,9,sha256:befeb9f25cb7fa33f273bb37df74395ab35f0607937d864128de75a700a81321,100000,20260717T134222171980Z,1444,mask_fragment-n100000-w256-m1000-s1444
mask_fragment,86a3c5594a7b0bd7b33efe4c4ffaf5dc0aa17226,early_mask_fragment,256,694.1927000298165,25600000,1.0,100000,1,sha256:1a43e0ddf8cc02438cc76d27ba1cce86da34109d2e43dcc8ed7c9d581b95b39d,9,sha256:befeb9f25cb7fa33f273bb37df74395ab35f0607937d864128de75a700a81321,100000,20260717T134222171980Z,1444,mask_fragment-n100000-w256-m1000-s1444
mask_fragment,86a3c5594a7b0bd7b33efe4c4ffaf5dc0aa17226,early_mask_fragment,256,639.1965000075288,25600000,1.0,100000,0,sha256:1a43e0ddf8cc02438cc76d27ba1cce86da34109d2e43dcc8ed7c9d581b95b39d,10,sha256:befeb9f25cb7fa33f273bb37df74395ab35f0607937d864128de75a700a81321,100000,20260717T134222171980Z,1444,mask_fragment-n100000-w256-m1000-s1444
mask_fragment,86a3c5594a7b0bd7b33efe4c4ffaf5dc0aa17226,late_mask_fragment,256,624.3565999902785,25600000,1.0,100000,1,sha256:92b825cb6ca6efd8c921ae328d9dcd567e5fc1cecda65d185180a168e33b45c9,10,sha256:befeb9f25cb7fa33f273bb37df74395ab35f0607937d864128de75a700a81321,100000,20260717T134222171980Z,1444,mask_fragment-n100000-w256-m1000-s1444
mask_fragment,86a3c5594a7b0bd7b33efe4c4ffaf5dc0aa17226,late_mask_fragment,256,541.879800031893,25600000,1.0,100000,0,sha256:92b825cb6ca6efd8c921ae328d9dcd567e5fc1cecda65d185180a168e33b45c9,11,sha256:befeb9f25cb7fa33f273bb37df74395ab35f0607937d864128de75a700a81321,100000,20260717T134222171980Z,1444,mask_fragment-n100000-w256-m1000-s1444
mask_fragment,86a3c5594a7b0bd7b33efe4c4ffaf5dc0aa17226,early_mask_fragment,256,664.7910000174306,25600000,1.0,100000,1,sha256:1a43e0ddf8cc02438cc76d27ba1cce86da34109d2e43dcc8ed7c9d581b95b39d,11,sha256:befeb9f25cb7fa33f273bb37df74395ab35f0607937d864128de75a700a81321,100000,20260717T134222171980Z,1444,mask_fragment-n100000-w256-m1000-s1444
mask_fragment,86a3c5594a7b0bd7b33efe4c4ffaf5dc0aa17226,early_mask_fragment,256,649.662800016813,25600000,1.0,100000,0,sha256:1a43e0ddf8cc02438cc76d27ba1cce86da34109d2e43dcc8ed7c9d581b95b39d,12,sha256:befeb9f25cb7fa33f273bb37df74395ab35f0607937d864128de75a700a81321,100000,20260717T134222171980Z,1444,mask_fragment-n100000-w256-m1000-s1444
mask_fragment,86a3c5594a7b0bd7b33efe4c4ffaf5dc0aa17226,late_mask_fragment,256,656.490900029894,25600000,1.0,100000,1,sha256:92b825cb6ca6efd8c921ae328d9dcd567e5fc1cecda65d185180a168e33b45c9,12,sha256:befeb9f25cb7fa33f273bb37df74395ab35f0607937d864128de75a700a81321,100000,20260717T134222171980Z,1444,mask_fragment-n100000-w256-m1000-s1444
mask_fragment,86a3c5594a7b0bd7b33efe4c4ffaf5dc0aa17226,late_mask_fragment,256,563.0587000050582,25600000,1.0,100000,0,sha256:92b825cb6ca6efd8c921ae328d9dcd567e5fc1cecda65d185180a168e33b45c9,13,sha256:befeb9f25cb7fa33f273bb37df74395ab35f0607937d864128de75a700a81321,100000,20260717T134222171980Z,1444,mask_fragment-n100000-w256-m1000-s1444
mask_fragment,86a3c5594a7b0bd7b33efe4c4ffaf5dc0aa17226,early_mask_fragment,256,646.651600021869,25600000,1.0,100000,1,sha256:1a43e0ddf8cc02438cc76d27ba1cce86da34109d2e43dcc8ed7c9d581b95b39d,13,sha256:befeb9f25cb7fa33f273bb37df74395ab35f0607937d864128de75a700a81321,100000,20260717T134222171980Z,1444,mask_fragment-n100000-w256-m1000-s1444
mask_fragment,86a3c5594a7b0bd7b33efe4c4ffaf5dc0aa17226,early_mask_fragment,256,696.9293000292964,25600000,1.0,100000,0,sha256:1a43e0ddf8cc02438cc76d27ba1cce86da34109d2e43dcc8ed7c9d581b95b39d,14,sha256:befeb9f25cb7fa33f273bb37df74395ab35f0607937d864128de75a700a81321,100000,20260717T134222171980Z,1444,mask_fragment-n100000-w256-m1000-s1444
mask_fragment,86a3c5594a7b0bd7b33efe4c4ffaf5dc0aa17226,late_mask_fragment,256,915.4179000179283,25600000,1.0,100000,1,sha256:92b825cb6ca6efd8c921ae328d9dcd567e5fc1cecda65d185180a168e33b45c9,14,sha256:befeb9f25cb7fa33f273bb37df74395ab35f0607937d864128de75a700a81321,100000,20260717T134222171980Z,1444,mask_fragment-n100000-w256-m1000-s1444
mask_fragment,86a3c5594a7b0bd7b33efe4c4ffaf5dc0aa17226,late_mask_fragment,256,669.8587999562733,25600000,1.0,100000,0,sha256:92b825cb6ca6efd8c921ae328d9dcd567e5fc1cecda65d185180a168e33b45c9,0,sha256:c6f49ef2e04bce1e3a9be7d12f17fff4d83240d87c2f493364bc8cb9bfa97a1e,100000,20260717T134222171980Z,1555,mask_fragment-n100000-w256-m1000-s1555
mask_fragment,86a3c5594a7b0bd7b33efe4c4ffaf5dc0aa17226,early_mask_fragment,256,622.8535000118427,25600000,1.0,100000,1,sha256:1a43e0ddf8cc02438cc76d27ba1cce86da34109d2e43dcc8ed7c9d581b95b39d,0,sha256:c6f49ef2e04bce1e3a9be7d12f17fff4d83240d87c2f493364bc8cb9bfa97a1e,100000,20260717T134222171980Z,1555,mask_fragment-n100000-w256-m1000-s1555
mask_fragment,86a3c5594a7b0bd7b33efe4c4ffaf5dc0aa17226,early_mask_fragment,256,524.5349999750033,25600000,1.0,100000,0,sha256:1a43e0ddf8cc02438cc76d27ba1cce86da34109d2e43dcc8ed7c9d581b95b39d,1,sha256:c6f49ef2e04bce1e3a9be7d12f17fff4d83240d87c2f493364bc8cb9bfa97a1e,100000,20260717T134222171980Z,1555,mask_fragment-n100000-w256-m1000-s1555
mask_fragment,86a3c5594a7b0bd7b33efe4c4ffaf5dc0aa17226,late_mask_fragment,256,667.2666000085883,25600000,1.0,100000,1,sha256:92b825cb6ca6efd8c921ae328d9dcd567e5fc1cecda65d185180a168e33b45c9,1,sha256:c6f49ef2e04bce1e3a9be7d12f17fff4d83240d87c2f493364bc8cb9bfa97a1e,100000,20260717T134222171980Z,1555,mask_fragment-n100000-w256-m1000-s1555
mask_fragment,86a3c5594a7b0bd7b33efe4c4ffaf5dc0aa17226,late_mask_fragment,256,629.8302999930456,25600000,1.0,100000,0,sha256:92b825cb6ca6efd8c921ae328d9dcd567e5fc1cecda65d185180a168e33b45c9,2,sha256:c6f49ef2e04bce1e3a9be7d12f17fff4d83240d87c2f493364bc8cb9bfa97a1e,100000,20260717T134222171980Z,1555,mask_fragment-n100000-w256-m1000-s1555
mask_fragment,86a3c5594a7b0bd7b33efe4c4ffaf5dc0aa17226,early_mask_fragment,256,1534.957200055942,25600000,1.0,100000,1,sha256:1a43e0ddf8cc02438cc76d27ba1cce86da34109d2e43dcc8ed7c9d581b95b39d,2,sha256:c6f49ef2e04bce1e3a9be7d12f17fff4d83240d87c2f493364bc8cb9bfa97a1e,100000,20260717T134222171980Z,1555,mask_fragment-n100000-w256-m1000-s1555
mask_fragment,86a3c5594a7b0bd7b33efe4c4ffaf5dc0aa17226,early_mask_fragment,256,615.7522000139579,25600000,1.0,100000,0,sha256:1a43e0ddf8cc02438cc76d27ba1cce86da34109d2e43dcc8ed7c9d581b95b39d,3,sha256:c6f49ef2e04bce1e3a9be7d12f17fff4d83240d87c2f493364bc8cb9bfa97a1e,100000,20260717T134222171980Z,1555,mask_fragment-n100000-w256-m1000-s1555
mask_fragment,86a3c5594a7b0bd7b33efe4c4ffaf5dc0aa17226,late_mask_fragment,256,640.0603000074625,25600000,1.0,100000,1,sha256:92b825cb6ca6efd8c921ae328d9dcd567e5fc1cecda65d185180a168e33b45c9,3,sha256:c6f49ef2e04bce1e3a9be7d12f17fff4d83240d87c2f493364bc8cb9bfa97a1e,100000,20260717T134222171980Z,1555,mask_fragment-n100000-w256-m1000-s1555
mask_fragment,86a3c5594a7b0bd7b33efe4c4ffaf5dc0aa17226,late_mask_fragment,256,592.5756000215188,25600000,1.0,100000,0,sha256:92b825cb6ca6efd8c921ae328d9dcd567e5fc1cecda65d185180a168e33b45c9,4,sha256:c6f49ef2e04bce1e3a9be7d12f17fff4d83240d87c2f493364bc8cb9bfa97a1e,100000,20260717T134222171980Z,1555,mask_fragment-n100000-w256-m1000-s1555
mask_fragment,86a3c5594a7b0bd7b33efe4c4ffaf5dc0aa17226,early_mask_fragment,256,632.6536999549717,25600000,1.0,100000,1,sha256:1a43e0ddf8cc02438cc76d27ba1cce86da34109d2e43dcc8ed7c9d581b95b39d,4,sha256:c6f49ef2e04bce1e3a9be7d12f17fff4d83240d87c2f493364bc8cb9bfa97a1e,100000,20260717T134222171980Z,1555,mask_fragment-n100000-w256-m1000-s1555
mask_fragment,86a3c5594a7b0bd7b33efe4c4ffaf5dc0aa17226,early_mask_fragment,256,618.8675999874249,25600000,1.0,100000,0,sha256:1a43e0ddf8cc02438cc76d27ba1cce86da34109d2e43dcc8ed7c9d581b95b39d,5,sha256:c6f49ef2e04bce1e3a9be7d12f17fff4d83240d87c2f493364bc8cb9bfa97a1e,100000,20260717T134222171980Z,1555,mask_fragment-n100000-w256-m1000-s1555
mask_fragment,86a3c5594a7b0bd7b33efe4c4ffaf5dc0aa17226,late_mask_fragment,256,582.2393000125885,25600000,1.0,100000,1,sha256:92b825cb6ca6efd8c921ae328d9dcd567e5fc1cecda65d185180a168e33b45c9,5,sha256:c6f49ef2e04bce1e3a9be7d12f17fff4d83240d87c2f493364bc8cb9bfa97a1e,100000,20260717T134222171980Z,1555,mask_fragment-n100000-w256-m1000-s1555
mask_fragment,86a3c5594a7b0bd7b33efe4c4ffaf5dc0aa17226,late_mask_fragment,256,542.5507999607362,25600000,1.0,100000,0,sha256:92b825cb6ca6efd8c921ae328d9dcd567e5fc1cecda65d185180a168e33b45c9,6,sha256:c6f49ef2e04bce1e3a9be7d12f17fff4d83240d87c2f493364bc8cb9bfa97a1e,100000,20260717T134222171980Z,1555,mask_fragment-n100000-w256-m1000-s1555
mask_fragment,86a3c5594a7b0bd7b33efe4c4ffaf5dc0aa17226,early_mask_fragment,256,588.1426999694668,25600000,1.0,100000,1,sha256:1a43e0ddf8cc02438cc76d27ba1cce86da34109d2e43dcc8ed7c9d581b95b39d,6,sha256:c6f49ef2e04bce1e3a9be7d12f17fff4d83240d87c2f493364bc8cb9bfa97a1e,100000,20260717T134222171980Z,1555,mask_fragment-n100000-w256-m1000-s1555
mask_fragment,86a3c5594a7b0bd7b33efe4c4ffaf5dc0aa17226,early_mask_fragment,256,524.278900003992,25600000,1.0,100000,0,sha256:1a43e0ddf8cc02438cc76d27ba1cce86da34109d2e43dcc8ed7c9d581b95b39d,7,sha256:c6f49ef2e04bce1e3a9be7d12f17fff4d83240d87c2f493364bc8cb9bfa97a1e,100000,20260717T134222171980Z,1555,mask_fragment-n100000-w256-m1000-s1555
mask_fragment,86a3c5594a7b0bd7b33efe4c4ffaf5dc0aa17226,late_mask_fragment,256,589.3885000259615,25600000,1.0,100000,1,sha256:92b825cb6ca6efd8c921ae328d9dcd567e5fc1cecda65d185180a168e33b45c9,7,sha256:c6f49ef2e04bce1e3a9be7d12f17fff4d83240d87c2f493364bc8cb9bfa97a1e,100000,20260717T134222171980Z,1555,mask_fragment-n100000-w256-m1000-s1555
mask_fragment,86a3c5594a7b0bd7b33efe4c4ffaf5dc0aa17226,late_mask_fragment,256,578.4849000046961,25600000,1.0,100000,0,sha256:92b825cb6ca6efd8c921ae328d9dcd567e5fc1cecda65d185180a168e33b45c9,8,sha256:c6f49ef2e04bce1e3a9be7d12f17fff4d83240d87c2f493364bc8cb9bfa97a1e,100000,20260717T134222171980Z,1555,mask_fragment-n100000-w256-m1000-s1555
mask_fragment,86a3c5594a7b0bd7b33efe4c4ffaf5dc0aa17226,early_mask_fragment,256,622.631799953524,25600000,1.0,100000,1,sha256:1a43e0ddf8cc02438cc76d27ba1cce86da34109d2e43dcc8ed7c9d581b95b39d,8,sha256:c6f49ef2e04bce1e3a9be7d12f17fff4d83240d87c2f493364bc8cb9bfa97a1e,100000,20260717T134222171980Z,1555,mask_fragment-n100000-w256-m1000-s1555
mask_fragment,86a3c5594a7b0bd7b33efe4c4ffaf5dc0aa17226,early_mask_fragment,256,575.1812999951653,25600000,1.0,100000,0,sha256:1a43e0ddf8cc02438cc76d27ba1cce86da34109d2e43dcc8ed7c9d581b95b39d,9,sha256:c6f49ef2e04bce1e3a9be7d12f17fff4d83240d87c2f493364bc8cb9bfa97a1e,100000,20260717T134222171980Z,1555,mask_fragment-n100000-w256-m1000-s1555
mask_fragment,86a3c5594a7b0bd7b33efe4c4ffaf5dc0aa17226,late_mask_fragment,256,576.371899980586,25600000,1.0,100000,1,sha256:92b825cb6ca6efd8c921ae328d9dcd567e5fc1cecda65d185180a168e33b45c9,9,sha256:c6f49ef2e04bce1e3a9be7d12f17fff4d83240d87c2f493364bc8cb9bfa97a1e,100000,20260717T134222171980Z,1555,mask_fragment-n100000-w256-m1000-s1555
mask_fragment,86a3c5594a7b0bd7b33efe4c4ffaf5dc0aa17226,late_mask_fragment,256,724.7635000385344,25600000,1.0,100000,0,sha256:92b825cb6ca6efd8c921ae328d9dcd567e5fc1cecda65d185180a168e33b45c9,10,sha256:c6f49ef2e04bce1e3a9be7d12f17fff4d83240d87c2f493364bc8cb9bfa97a1e,100000,20260717T134222171980Z,1555,mask_fragment-n100000-w256-m1000-s1555
mask_fragment,86a3c5594a7b0bd7b33efe4c4ffaf5dc0aa17226,early_mask_fragment,256,649.7614000109024,25600000,1.0,100000,1,sha256:1a43e0ddf8cc02438cc76d27ba1cce86da34109d2e43dcc8ed7c9d581b95b39d,10,sha256:c6f49ef2e04bce1e3a9be7d12f17fff4d83240d87c2f493364bc8cb9bfa97a1e,100000,20260717T134222171980Z,1555,mask_fragment-n100000-w256-m1000-s1555
mask_fragment,86a3c5594a7b0bd7b33efe4c4ffaf5dc0aa17226,early_mask_fragment,256,647.8798000025563,25600000,1.0,100000,0,sha256:1a43e0ddf8cc02438cc76d27ba1cce86da34109d2e43dcc8ed7c9d581b95b39d,11,sha256:c6f49ef2e04bce1e3a9be7d12f17fff4d83240d87c2f493364bc8cb9bfa97a1e,100000,20260717T134222171980Z,1555,mask_fragment-n100000-w256-m1000-s1555
mask_fragment,86a3c5594a7b0bd7b33efe4c4ffaf5dc0aa17226,late_mask_fragment,256,636.0781000112183,25600000,1.0,100000,1,sha256:92b825cb6ca6efd8c921ae328d9dcd567e5fc1cecda65d185180a168e33b45c9,11,sha256:c6f49ef2e04bce1e3a9be7d12f17fff4d83240d87c2f493364bc8cb9bfa97a1e,100000,20260717T134222171980Z,1555,mask_fragment-n100000-w256-m1000-s1555
mask_fragment,86a3c5594a7b0bd7b33efe4c4ffaf5dc0aa17226,late_mask_fragment,256,562.0108000002801,25600000,1.0,100000,0,sha256:92b825cb6ca6efd8c921ae328d9dcd567e5fc1cecda65d185180a168e33b45c9,12,sha256:c6f49ef2e04bce1e3a9be7d12f17fff4d83240d87c2f493364bc8cb9bfa97a1e,100000,20260717T134222171980Z,1555,mask_fragment-n100000-w256-m1000-s1555
mask_fragment,86a3c5594a7b0bd7b33efe4c4ffaf5dc0aa17226,early_mask_fragment,256,558.0407000379637,25600000,1.0,100000,1,sha256:1a43e0ddf8cc02438cc76d27ba1cce86da34109d2e43dcc8ed7c9d581b95b39d,12,sha256:c6f49ef2e04bce1e3a9be7d12f17fff4d83240d87c2f493364bc8cb9bfa97a1e,100000,20260717T134222171980Z,1555,mask_fragment-n100000-w256-m1000-s1555
mask_fragment,86a3c5594a7b0bd7b33efe4c4ffaf5dc0aa17226,early_mask_fragment,256,527.9505999642424,25600000,1.0,100000,0,sha256:1a43e0ddf8cc02438cc76d27ba1cce86da34109d2e43dcc8ed7c9d581b95b39d,13,sha256:c6f49ef2e04bce1e3a9be7d12f17fff4d83240d87c2f493364bc8cb9bfa97a1e,100000,20260717T134222171980Z,1555,mask_fragment-n100000-w256-m1000-s1555
mask_fragment,86a3c5594a7b0bd7b33efe4c4ffaf5dc0aa17226,late_mask_fragment,256,581.4224999630824,25600000,1.0,100000,1,sha256:92b825cb6ca6efd8c921ae328d9dcd567e5fc1cecda65d185180a168e33b45c9,13,sha256:c6f49ef2e04bce1e3a9be7d12f17fff4d83240d87c2f493364bc8cb9bfa97a1e,100000,20260717T134222171980Z,1555,mask_fragment-n100000-w256-m1000-s1555
mask_fragment,86a3c5594a7b0bd7b33efe4c4ffaf5dc0aa17226,late_mask_fragment,256,571.7427000054158,25600000,1.0,100000,0,sha256:92b825cb6ca6efd8c921ae328d9dcd567e5fc1cecda65d185180a168e33b45c9,14,sha256:c6f49ef2e04bce1e3a9be7d12f17fff4d83240d87c2f493364bc8cb9bfa97a1e,100000,20260717T134222171980Z,1555,mask_fragment-n100000-w256-m1000-s1555
mask_fragment,86a3c5594a7b0bd7b33efe4c4ffaf5dc0aa17226,early_mask_fragment,256,662.1322999708354,25600000,1.0,100000,1,sha256:1a43e0ddf8cc02438cc76d27ba1cce86da34109d2e43dcc8ed7c9d581b95b39d,14,sha256:c6f49ef2e04bce1e3a9be7d12f17fff4d83240d87c2f493364bc8cb9bfa97a1e,100000,20260717T134222171980Z,1555,mask_fragment-n100000-w256-m1000-s1555
mask_fragment,86a3c5594a7b0bd7b33efe4c4ffaf5dc0aa17226,late_mask_fragment,512,819.4491000031121,51200000,0.9,90000,0,sha256:18bd7fb3b6d02ff88c53bf4a74124c631590d7e276f031a9034dc7f9cb857902,0,sha256:643e135e349e94d7c69e86ea96e6e27ca7c1e43aa77968790a6f9756e8fa06bf,100000,20260717T134222171980Z,1111,mask_fragment-n100000-w512-m0900-s1111
mask_fragment,86a3c5594a7b0bd7b33efe4c4ffaf5dc0aa17226,early_mask_fragment,512,941.4094999665394,51200000,0.9,90000,1,sha256:1a43e0ddf8cc02438cc76d27ba1cce86da34109d2e43dcc8ed7c9d581b95b39d,0,sha256:643e135e349e94d7c69e86ea96e6e27ca7c1e43aa77968790a6f9756e8fa06bf,100000,20260717T134222171980Z,1111,mask_fragment-n100000-w512-m0900-s1111
mask_fragment,86a3c5594a7b0bd7b33efe4c4ffaf5dc0aa17226,early_mask_fragment,512,931.8537999643013,51200000,0.9,90000,0,sha256:1a43e0ddf8cc02438cc76d27ba1cce86da34109d2e43dcc8ed7c9d581b95b39d,1,sha256:643e135e349e94d7c69e86ea96e6e27ca7c1e43aa77968790a6f9756e8fa06bf,100000,20260717T134222171980Z,1111,mask_fragment-n100000-w512-m0900-s1111
mask_fragment,86a3c5594a7b0bd7b33efe4c4ffaf5dc0aa17226,late_mask_fragment,512,778.675299952738,51200000,0.9,90000,1,sha256:18bd7fb3b6d02ff88c53bf4a74124c631590d7e276f031a9034dc7f9cb857902,1,sha256:643e135e349e94d7c69e86ea96e6e27ca7c1e43aa77968790a6f9756e8fa06bf,100000,20260717T134222171980Z,1111,mask_fragment-n100000-w512-m0900-s1111
mask_fragment,86a3c5594a7b0bd7b33efe4c4ffaf5dc0aa17226,late_mask_fragment,512,873.8056999864057,51200000,0.9,90000,0,sha256:18bd7fb3b6d02ff88c53bf4a74124c631590d7e276f031a9034dc7f9cb857902,2,sha256:643e135e349e94d7c69e86ea96e6e27ca7c1e43aa77968790a6f9756e8fa06bf,100000,20260717T134222171980Z,1111,mask_fragment-n100000-w512-m0900-s1111
mask_fragment,86a3c5594a7b0bd7b33efe4c4ffaf5dc0aa17226,early_mask_fragment,512,967.6524000242352,51200000,0.9,90000,1,sha256:1a43e0ddf8cc02438cc76d27ba1cce86da34109d2e43dcc8ed7c9d581b95b39d,2,sha256:643e135e349e94d7c69e86ea96e6e27ca7c1e43aa77968790a6f9756e8fa06bf,100000,20260717T134222171980Z,1111,mask_fragment-n100000-w512-m0900-s1111
mask_fragment,86a3c5594a7b0bd7b33efe4c4ffaf5dc0aa17226,early_mask_fragment,512,1009.577699995134,51200000,0.9,90000,0,sha256:1a43e0ddf8cc02438cc76d27ba1cce86da34109d2e43dcc8ed7c9d581b95b39d,3,sha256:643e135e349e94d7c69e86ea96e6e27ca7c1e43aa77968790a6f9756e8fa06bf,100000,20260717T134222171980Z,1111,mask_fragment-n100000-w512-m0900-s1111
mask_fragment,86a3c5594a7b0bd7b33efe4c4ffaf5dc0aa17226,late_mask_fragment,512,781.5445000305772,51200000,0.9,90000,1,sha256:18bd7fb3b6d02ff88c53bf4a74124c631590d7e276f031a9034dc7f9cb857902,3,sha256:643e135e349e94d7c69e86ea96e6e27ca7c1e43aa77968790a6f9756e8fa06bf,100000,20260717T134222171980Z,1111,mask_fragment-n100000-w512-m0900-s1111
mask_fragment,86a3c5594a7b0bd7b33efe4c4ffaf5dc0aa17226,late_mask_fragment,512,844.2857000045478,51200000,0.9,90000,0,sha256:18bd7fb3b6d02ff88c53bf4a74124c631590d7e276f031a9034dc7f9cb857902,4,sha256:643e135e349e94d7c69e86ea96e6e27ca7c1e43aa77968790a6f9756e8fa06bf,100000,20260717T134222171980Z,1111,mask_fragment-n100000-w512-m0900-s1111
mask_fragment,86a3c5594a7b0bd7b33efe4c4ffaf5dc0aa17226,early_mask_fragment,512,794.9543999857269,51200000,0.9,90000,1,sha256:1a43e0ddf8cc02438cc76d27ba1cce86da34109d2e43dcc8ed7c9d581b95b39d,4,sha256:643e135e349e94d7c69e86ea96e6e27ca7c1e43aa77968790a6f9756e8fa06bf,100000,20260717T134222171980Z,1111,mask_fragment-n100000-w512-m0900-s1111
mask_fragment,86a3c5594a7b0bd7b33efe4c4ffaf5dc0aa17226,early_mask_fragment,512,822.7577999932691,51200000,0.9,90000,0,sha256:1a43e0ddf8cc02438cc76d27ba1cce86da34109d2e43dcc8ed7c9d581b95b39d,5,sha256:643e135e349e94d7c69e86ea96e6e27ca7c1e43aa77968790a6f9756e8fa06bf,100000,20260717T134222171980Z,1111,mask_fragment-n100000-w512-m0900-s1111
mask_fragment,86a3c5594a7b0bd7b33efe4c4ffaf5dc0aa17226,late_mask_fragment,512,713.4184000315145,51200000,0.9,90000,1,sha256:18bd7fb3b6d02ff88c53bf4a74124c631590d7e276f031a9034dc7f9cb857902,5,sha256:643e135e349e94d7c69e86ea96e6e27ca7c1e43aa77968790a6f9756e8fa06bf,100000,20260717T134222171980Z,1111,mask_fragment-n100000-w512-m0900-s1111
mask_fragment,86a3c5594a7b0bd7b33efe4c4ffaf5dc0aa17226,late_mask_fragment,512,854.4007000164129,51200000,0.9,90000,0,sha256:18bd7fb3b6d02ff88c53bf4a74124c631590d7e276f031a9034dc7f9cb857902,6,sha256:643e135e349e94d7c69e86ea96e6e27ca7c1e43aa77968790a6f9756e8fa06bf,100000,20260717T134222171980Z,1111,mask_fragment-n100000-w512-m0900-s1111
mask_fragment,86a3c5594a7b0bd7b33efe4c4ffaf5dc0aa17226,early_mask_fragment,512,983.3718999871053,51200000,0.9,90000,1,sha256:1a43e0ddf8cc02438cc76d27ba1cce86da34109d2e43dcc8ed7c9d581b95b39d,6,sha256:643e135e349e94d7c69e86ea96e6e27ca7c1e43aa77968790a6f9756e8fa06bf,100000,20260717T134222171980Z,1111,mask_fragment-n100000-w512-m0900-s1111
mask_fragment,86a3c5594a7b0bd7b33efe4c4ffaf5dc0aa17226,early_mask_fragment,512,1037.5923999818042,51200000,0.9,90000,0,sha256:1a43e0ddf8cc02438cc76d27ba1cce86da34109d2e43dcc8ed7c9d581b95b39d,7,sha256:643e135e349e94d7c69e86ea96e6e27ca7c1e43aa77968790a6f9756e8fa06bf,100000,20260717T134222171980Z,1111,mask_fragment-n100000-w512-m0900-s1111
mask_fragment,86a3c5594a7b0bd7b33efe4c4ffaf5dc0aa17226,late_mask_fragment,512,1168.8494000118226,51200000,0.9,90000,1,sha256:18bd7fb3b6d02ff88c53bf4a74124c631590d7e276f031a9034dc7f9cb857902,7,sha256:643e135e349e94d7c69e86ea96e6e27ca7c1e43aa77968790a6f9756e8fa06bf,100000,20260717T134222171980Z,1111,mask_fragment-n100000-w512-m0900-s1111
mask_fragment,86a3c5594a7b0bd7b33efe4c4ffaf5dc0aa17226,late_mask_fragment,512,891.2743999972008,51200000,0.9,90000,0,sha256:18bd7fb3b6d02ff88c53bf4a74124c631590d7e276f031a9034dc7f9cb857902,8,sha256:643e135e349e94d7c69e86ea96e6e27ca7c1e43aa77968790a6f9756e8fa06bf,100000,20260717T134222171980Z,1111,mask_fragment-n100000-w512-m0900-s1111
mask_fragment,86a3c5594a7b0bd7b33efe4c4ffaf5dc0aa17226,early_mask_fragment,512,933.6180000100285,51200000,0.9,90000,1,sha256:1a43e0ddf8cc02438cc76d27ba1cce86da34109d2e43dcc8ed7c9d581b95b39d,8,sha256:643e135e349e94d7c69e86ea96e6e27ca7c1e43aa77968790a6f9756e8fa06bf,100000,20260717T134222171980Z,1111,mask_fragment-n100000-w512-m0900-s1111
mask_fragment,86a3c5594a7b0bd7b33efe4c4ffaf5dc0aa17226,early_mask_fragment,512,967.5583999487571,51200000,0.9,90000,0,sha256:1a43e0ddf8cc02438cc76d27ba1cce86da34109d2e43dcc8ed7c9d581b95b39d,9,sha256:643e135e349e94d7c69e86ea96e6e27ca7c1e43aa77968790a6f9756e8fa06bf,100000,20260717T134222171980Z,1111,mask_fragment-n100000-w512-m0900-s1111
mask_fragment,86a3c5594a7b0bd7b33efe4c4ffaf5dc0aa17226,late_mask_fragment,512,732.4497000081465,51200000,0.9,90000,1,sha256:18bd7fb3b6d02ff88c53bf4a74124c631590d7e276f031a9034dc7f9cb857902,9,sha256:643e135e349e94d7c69e86ea96e6e27ca7c1e43aa77968790a6f9756e8fa06bf,100000,20260717T134222171980Z,1111,mask_fragment-n100000-w512-m0900-s1111
mask_fragment,86a3c5594a7b0bd7b33efe4c4ffaf5dc0aa17226,late_mask_fragment,512,797.586600005161,51200000,0.9,90000,0,sha256:18bd7fb3b6d02ff88c53bf4a74124c631590d7e276f031a9034dc7f9cb857902,10,sha256:643e135e349e94d7c69e86ea96e6e27ca7c1e43aa77968790a6f9756e8fa06bf,100000,20260717T134222171980Z,1111,mask_fragment-n100000-w512-m0900-s1111
mask_fragment,86a3c5594a7b0bd7b33efe4c4ffaf5dc0aa17226,early_mask_fragment,512,955.4981999681331,51200000,0.9,90000,1,sha256:1a43e0ddf8cc02438cc76d27ba1cce86da34109d2e43dcc8ed7c9d581b95b39d,10,sha256:643e135e349e94d7c69e86ea96e6e27ca7c1e43aa77968790a6f9756e8fa06bf,100000,20260717T134222171980Z,1111,mask_fragment-n100000-w512-m0900-s1111
mask_fragment,86a3c5594a7b0bd7b33efe4c4ffaf5dc0aa17226,early_mask_fragment,512,1141.2548000225797,51200000,0.9,90000,0,sha256:1a43e0ddf8cc02438cc76d27ba1cce86da34109d2e43dcc8ed7c9d581b95b39d,11,sha256:643e135e349e94d7c69e86ea96e6e27ca7c1e43aa77968790a6f9756e8fa06bf,100000,20260717T134222171980Z,1111,mask_fragment-n100000-w512-m0900-s1111
mask_fragment,86a3c5594a7b0bd7b33efe4c4ffaf5dc0aa17226,late_mask_fragment,512,1148.3601999934763,51200000,0.9,90000,1,sha256:18bd7fb3b6d02ff88c53bf4a74124c631590d7e276f031a9034dc7f9cb857902,11,sha256:643e135e349e94d7c69e86ea96e6e27ca7c1e43aa77968790a6f9756e8fa06bf,100000,20260717T134222171980Z,1111,mask_fragment-n100000-w512-m0900-s1111
mask_fragment,86a3c5594a7b0bd7b33efe4c4ffaf5dc0aa17226,late_mask_fragment,512,1138.111000007484,51200000,0.9,90000,0,sha256:18bd7fb3b6d02ff88c53bf4a74124c631590d7e276f031a9034dc7f9cb857902,12,sha256:643e135e349e94d7c69e86ea96e6e27ca7c1e43aa77968790a6f9756e8fa06bf,100000,20260717T134222171980Z,1111,mask_fragment-n100000-w512-m0900-s1111
mask_fragment,86a3c5594a7b0bd7b33efe4c4ffaf5dc0aa17226,early_mask_fragment,512,1199.7505000326782,51200000,0.9,90000,1,sha256:1a43e0ddf8cc02438cc76d27ba1cce86da34109d2e43dcc8ed7c9d581b95b39d,12,sha256:643e135e349e94d7c69e86ea96e6e27ca7c1e43aa77968790a6f9756e8fa06bf,100000,20260717T134222171980Z,1111,mask_fragment-n100000-w512-m0900-s1111
mask_fragment,86a3c5594a7b0bd7b33efe4c4ffaf5dc0aa17226,early_mask_fragment,512,1013.5832000523806,51200000,0.9,90000,0,sha256:1a43e0ddf8cc02438cc76d27ba1cce86da34109d2e43dcc8ed7c9d581b95b39d,13,sha256:643e135e349e94d7c69e86ea96e6e27ca7c1e43aa77968790a6f9756e8fa06bf,100000,20260717T134222171980Z,1111,mask_fragment-n100000-w512-m0900-s1111
mask_fragment,86a3c5594a7b0bd7b33efe4c4ffaf5dc0aa17226,late_mask_fragment,512,790.9387999679893,51200000,0.9,90000,1,sha256:18bd7fb3b6d02ff88c53bf4a74124c631590d7e276f031a9034dc7f9cb857902,13,sha256:643e135e349e94d7c69e86ea96e6e27ca7c1e43aa77968790a6f9756e8fa06bf,100000,20260717T134222171980Z,1111,mask_fragment-n100000-w512-m0900-s1111
mask_fragment,86a3c5594a7b0bd7b33efe4c4ffaf5dc0aa17226,late_mask_fragment,512,865.3791999677196,51200000,0.9,90000,0,sha256:18bd7fb3b6d02ff88c53bf4a74124c631590d7e276f031a9034dc7f9cb857902,14,sha256:643e135e349e94d7c69e86ea96e6e27ca7c1e43aa77968790a6f9756e8fa06bf,100000,20260717T134222171980Z,1111,mask_fragment-n100000-w512-m0900-s1111
mask_fragment,86a3c5594a7b0bd7b33efe4c4ffaf5dc0aa17226,early_mask_fragment,512,949.9729999806732,51200000,0.9,90000,1,sha256:1a43e0ddf8cc02438cc76d27ba1cce86da34109d2e43dcc8ed7c9d581b95b39d,14,sha256:643e135e349e94d7c69e86ea96e6e27ca7c1e43aa77968790a6f9756e8fa06bf,100000,20260717T134222171980Z,1111,mask_fragment-n100000-w512-m0900-s1111
mask_fragment,86a3c5594a7b0bd7b33efe4c4ffaf5dc0aa17226,early_mask_fragment,512,926.0214999667369,51200000,0.9,90000,0,sha256:1a43e0ddf8cc02438cc76d27ba1cce86da34109d2e43dcc8ed7c9d581b95b39d,0,sha256:07ffca326ec1dfc33b8ac4829b3d2dd32184d4c9b53a796036dddf5551f5d365,100000,20260717T134222171980Z,1222,mask_fragment-n100000-w512-m0900-s1222
mask_fragment,86a3c5594a7b0bd7b33efe4c4ffaf5dc0aa17226,late_mask_fragment,512,877.879700041376,51200000,0.9,90000,1,sha256:18bd7fb3b6d02ff88c53bf4a74124c631590d7e276f031a9034dc7f9cb857902,0,sha256:07ffca326ec1dfc33b8ac4829b3d2dd32184d4c9b53a796036dddf5551f5d365,100000,20260717T134222171980Z,1222,mask_fragment-n100000-w512-m0900-s1222
mask_fragment,86a3c5594a7b0bd7b33efe4c4ffaf5dc0aa17226,late_mask_fragment,512,1200.4027000511996,51200000,0.9,90000,0,sha256:18bd7fb3b6d02ff88c53bf4a74124c631590d7e276f031a9034dc7f9cb857902,1,sha256:07ffca326ec1dfc33b8ac4829b3d2dd32184d4c9b53a796036dddf5551f5d365,100000,20260717T134222171980Z,1222,mask_fragment-n100000-w512-m0900-s1222
mask_fragment,86a3c5594a7b0bd7b33efe4c4ffaf5dc0aa17226,early_mask_fragment,512,1229.6336000435986,51200000,0.9,90000,1,sha256:1a43e0ddf8cc02438cc76d27ba1cce86da34109d2e43dcc8ed7c9d581b95b39d,1,sha256:07ffca326ec1dfc33b8ac4829b3d2dd32184d4c9b53a796036dddf5551f5d365,100000,20260717T134222171980Z,1222,mask_fragment-n100000-w512-m0900-s1222
mask_fragment,86a3c5594a7b0bd7b33efe4c4ffaf5dc0aa17226,early_mask_fragment,512,1277.3709000321105,51200000,0.9,90000,0,sha256:1a43e0ddf8cc02438cc76d27ba1cce86da34109d2e43dcc8ed7c9d581b95b39d,2,sha256:07ffca326ec1dfc33b8ac4829b3d2dd32184d4c9b53a796036dddf5551f5d365,100000,20260717T134222171980Z,1222,mask_fragment-n100000-w512-m0900-s1222
mask_fragment,86a3c5594a7b0bd7b33efe4c4ffaf5dc0aa17226,late_mask_fragment,512,1083.595999982208,51200000,0.9,90000,1,sha256:18bd7fb3b6d02ff88c53bf4a74124c631590d7e276f031a9034dc7f9cb857902,2,sha256:07ffca326ec1dfc33b8ac4829b3d2dd32184d4c9b53a796036dddf5551f5d365,100000,20260717T134222171980Z,1222,mask_fragment-n100000-w512-m0900-s1222
mask_fragment,86a3c5594a7b0bd7b33efe4c4ffaf5dc0aa17226,late_mask_fragment,512,1008.172600006219,51200000,0.9,90000,0,sha256:18bd7fb3b6d02ff88c53bf4a74124c631590d7e276f031a9034dc7f9cb857902,3,sha256:07ffca326ec1dfc33b8ac4829b3d2dd32184d4c9b53a796036dddf5551f5d365,100000,20260717T134222171980Z,1222,mask_fragment-n100000-w512-m0900-s1222
mask_fragment,86a3c5594a7b0bd7b33efe4c4ffaf5dc0aa17226,early_mask_fragment,512,961.8360999738798,51200000,0.9,90000,1,sha256:1a43e0ddf8cc02438cc76d27ba1cce86da34109d2e43dcc8ed7c9d581b95b39d,3,sha256:07ffca326ec1dfc33b8ac4829b3d2dd32184d4c9b53a796036dddf5551f5d365,100000,20260717T134222171980Z,1222,mask_fragment-n100000-w512-m0900-s1222
mask_fragment,86a3c5594a7b0bd7b33efe4c4ffaf5dc0aa17226,early_mask_fragment,512,941.84069999028,51200000,0.9,90000,0,sha256:1a43e0ddf8cc02438cc76d27ba1cce86da34109d2e43dcc8ed7c9d581b95b39d,4,sha256:07ffca326ec1dfc33b8ac4829b3d2dd32184d4c9b53a796036dddf5551f5d365,100000,20260717T134222171980Z,1222,mask_fragment-n100000-w512-m0900-s1222
mask_fragment,86a3c5594a7b0bd7b33efe4c4ffaf5dc0aa17226,late_mask_fragment,512,892.673599999398,51200000,0.9,90000,1,sha256:18bd7fb3b6d02ff88c53bf4a74124c631590d7e276f031a9034dc7f9cb857902,4,sha256:07ffca326ec1dfc33b8ac4829b3d2dd32184d4c9b53a796036dddf5551f5d365,100000,20260717T134222171980Z,1222,mask_fragment-n100000-w512-m0900-s1222
mask_fragment,86a3c5594a7b0bd7b33efe4c4ffaf5dc0aa17226,late_mask_fragment,512,871.7904000077397,51200000,0.9,90000,0,sha256:18bd7fb3b6d02ff88c53bf4a74124c631590d7e276f031a9034dc7f9cb857902,5,sha256:07ffca326ec1dfc33b8ac4829b3d2dd32184d4c9b53a796036dddf5551f5d365,100000,20260717T134222171980Z,1222,mask_fragment-n100000-w512-m0900-s1222
mask_fragment,86a3c5594a7b0bd7b33efe4c4ffaf5dc0aa17226,early_mask_fragment,512,993.9551999559626,51200000,0.9,90000,1,sha256:1a43e0ddf8cc02438cc76d27ba1cce86da34109d2e43dcc8ed7c9d581b95b39d,5,sha256:07ffca326ec1dfc33b8ac4829b3d2dd32184d4c9b53a796036dddf5551f5d365,100000,20260717T134222171980Z,1222,mask_fragment-n100000-w512-m0900-s1222
mask_fragment,86a3c5594a7b0bd7b33efe4c4ffaf5dc0aa17226,early_mask_fragment,512,1065.6823000172153,51200000,0.9,90000,0,sha256:1a43e0ddf8cc02438cc76d27ba1cce86da34109d2e43dcc8ed7c9d581b95b39d,6,sha256:07ffca326ec1dfc33b8ac4829b3d2dd32184d4c9b53a796036dddf5551f5d365,100000,20260717T134222171980Z,1222,mask_fragment-n100000-w512-m0900-s1222
mask_fragment,86a3c5594a7b0bd7b33efe4c4ffaf5dc0aa17226,late_mask_fragment,512,833.7756000109948,51200000,0.9,90000,1,sha256:18bd7fb3b6d02ff88c53bf4a74124c631590d7e276f031a9034dc7f9cb857902,6,sha256:07ffca326ec1dfc33b8ac4829b3d2dd32184d4c9b53a796036dddf5551f5d365,100000,20260717T134222171980Z,1222,mask_fragment-n100000-w512-m0900-s1222
mask_fragment,86a3c5594a7b0bd7b33efe4c4ffaf5dc0aa17226,late_mask_fragment,512,955.6158999912441,51200000,0.9,90000,0,sha256:18bd7fb3b6d02ff88c53bf4a74124c631590d7e276f031a9034dc7f9cb857902,7,sha256:07ffca326ec1dfc33b8ac4829b3d2dd32184d4c9b53a796036dddf5551f5d365,100000,20260717T134222171980Z,1222,mask_fragment-n100000-w512-m0900-s1222
mask_fragment,86a3c5594a7b0bd7b33efe4c4ffaf5dc0aa17226,early_mask_fragment,512,964.0599999693222,51200000,0.9,90000,1,sha256:1a43e0ddf8cc02438cc76d27ba1cce86da34109d2e43dcc8ed7c9d581b95b39d,7,sha256:07ffca326ec1dfc33b8ac4829b3d2dd32184d4c9b53a796036dddf5551f5d365,100000,20260717T134222171980Z,1222,mask_fragment-n100000-w512-m0900-s1222
mask_fragment,86a3c5594a7b0bd7b33efe4c4ffaf5dc0aa17226,early_mask_fragment,512,957.1069999947213,51200000,0.9,90000,0,sha256:1a43e0ddf8cc02438cc76d27ba1cce86da34109d2e43dcc8ed7c9d581b95b39d,8,sha256:07ffca326ec1dfc33b8ac4829b3d2dd32184d4c9b53a796036dddf5551f5d365,100000,20260717T134222171980Z,1222,mask_fragment-n100000-w512-m0900-s1222
mask_fragment,86a3c5594a7b0bd7b33efe4c4ffaf5dc0aa17226,late_mask_fragment,512,888.6612000060268,51200000,0.9,90000,1,sha256:18bd7fb3b6d02ff88c53bf4a74124c631590d7e276f031a9034dc7f9cb857902,8,sha256:07ffca326ec1dfc33b8ac4829b3d2dd32184d4c9b53a796036dddf5551f5d365,100000,20260717T134222171980Z,1222,mask_fragment-n100000-w512-m0900-s1222
mask_fragment,86a3c5594a7b0bd7b33efe4c4ffaf5dc0aa17226,late_mask_fragment,512,823.4573999652639,51200000,0.9,90000,0,sha256:18bd7fb3b6d02ff88c53bf4a74124c631590d7e276f031a9034dc7f9cb857902,9,sha256:07ffca326ec1dfc33b8ac4829b3d2dd32184d4c9b53a796036dddf5551f5d365,100000,20260717T134222171980Z,1222,mask_fragment-n100000-w512-m0900-s1222
mask_fragment,86a3c5594a7b0bd7b33efe4c4ffaf5dc0aa17226,early_mask_fragment,512,927.5849999976344,51200000,0.9,90000,1,sha256:1a43e0ddf8cc02438cc76d27ba1cce86da34109d2e43dcc8ed7c9d581b95b39d,9,sha256:07ffca326ec1dfc33b8ac4829b3d2dd32184d4c9b53a796036dddf5551f5d365,100000,20260717T134222171980Z,1222,mask_fragment-n100000-w512-m0900-s1222
mask_fragment,86a3c5594a7b0bd7b33efe4c4ffaf5dc0aa17226,early_mask_fragment,512,984.3794999760576,51200000,0.9,90000,0,sha256:1a43e0ddf8cc02438cc76d27ba1cce86da34109d2e43dcc8ed7c9d581b95b39d,10,sha256:07ffca326ec1dfc33b8ac4829b3d2dd32184d4c9b53a796036dddf5551f5d365,100000,20260717T134222171980Z,1222,mask_fragment-n100000-w512-m0900-s1222
mask_fragment,86a3c5594a7b0bd7b33efe4c4ffaf5dc0aa17226,late_mask_fragment,512,838.3756999974139,51200000,0.9,90000,1,sha256:18bd7fb3b6d02ff88c53bf4a74124c631590d7e276f031a9034dc7f9cb857902,10,sha256:07ffca326ec1dfc33b8ac4829b3d2dd32184d4c9b53a796036dddf5551f5d365,100000,20260717T134222171980Z,1222,mask_fragment-n100000-w512-m0900-s1222
mask_fragment,86a3c5594a7b0bd7b33efe4c4ffaf5dc0aa17226,late_mask_fragment,512,858.9202000293881,51200000,0.9,90000,0,sha256:18bd7fb3b6d02ff88c53bf4a74124c631590d7e276f031a9034dc7f9cb857902,11,sha256:07ffca326ec1dfc33b8ac4829b3d2dd32184d4c9b53a796036dddf5551f5d365,100000,20260717T134222171980Z,1222,mask_fragment-n100000-w512-m0900-s1222
mask_fragment,86a3c5594a7b0bd7b33efe4c4ffaf5dc0aa17226,early_mask_fragment,512,965.621099981945,51200000,0.9,90000,1,sha256:1a43e0ddf8cc02438cc76d27ba1cce86da34109d2e43dcc8ed7c9d581b95b39d,11,sha256:07ffca326ec1dfc33b8ac4829b3d2dd32184d4c9b53a796036dddf5551f5d365,100000,20260717T134222171980Z,1222,mask_fragment-n100000-w512-m0900-s1222
mask_fragment,86a3c5594a7b0bd7b33efe4c4ffaf5dc0aa17226,early_mask_fragment,512,949.1897999541834,51200000,0.9,90000,0,sha256:1a43e0ddf8cc02438cc76d27ba1cce86da34109d2e43dcc8ed7c9d581b95b39d,12,sha256:07ffca326ec1dfc33b8ac4829b3d2dd32184d4c9b53a796036dddf5551f5d365,100000,20260717T134222171980Z,1222,mask_fragment-n100000-w512-m0900-s1222
mask_fragment,86a3c5594a7b0bd7b33efe4c4ffaf5dc0aa17226,late_mask_fragment,512,795.4928999533877,51200000,0.9,90000,1,sha256:18bd7fb3b6d02ff88c53bf4a74124c631590d7e276f031a9034dc7f9cb857902,12,sha256:07ffca326ec1dfc33b8ac4829b3d2dd32184d4c9b53a796036dddf5551f5d365,100000,20260717T134222171980Z,1222,mask_fragment-n100000-w512-m0900-s1222
mask_fragment,86a3c5594a7b0bd7b33efe4c4ffaf5dc0aa17226,late_mask_fragment,512,812.347500002943,51200000,0.9,90000,0,sha256:18bd7fb3b6d02ff88c53bf4a74124c631590d7e276f031a9034dc7f9cb857902,13,sha256:07ffca326ec1dfc33b8ac4829b3d2dd32184d4c9b53a796036dddf5551f5d365,100000,20260717T134222171980Z,1222,mask_fragment-n100000-w512-m0900-s1222
mask_fragment,86a3c5594a7b0bd7b33efe4c4ffaf5dc0aa17226,early_mask_fragment,512,976.1207000119612,51200000,0.9,90000,1,sha256:1a43e0ddf8cc02438cc76d27ba1cce86da34109d2e43dcc8ed7c9d581b95b39d,13,sha256:07ffca326ec1dfc33b8ac4829b3d2dd32184d4c9b53a796036dddf5551f5d365,100000,20260717T134222171980Z,1222,mask_fragment-n100000-w512-m0900-s1222
mask_fragment,86a3c5594a7b0bd7b33efe4c4ffaf5dc0aa17226,early_mask_fragment,512,1043.1027000304312,51200000,0.9,90000,0,sha256:1a43e0ddf8cc02438cc76d27ba1cce86da34109d2e43dcc8ed7c9d581b95b39d,14,sha256:07ffca326ec1dfc33b8ac4829b3d2dd32184d4c9b53a796036dddf5551f5d365,100000,20260717T134222171980Z,1222,mask_fragment-n100000-w512-m0900-s1222
mask_fragment,86a3c5594a7b0bd7b33efe4c4ffaf5dc0aa17226,late_mask_fragment,512,928.5490000038408,51200000,0.9,90000,1,sha256:18bd7fb3b6d02ff88c53bf4a74124c631590d7e276f031a9034dc7f9cb857902,14,sha256:07ffca326ec1dfc33b8ac4829b3d2dd32184d4c9b53a796036dddf5551f5d365,100000,20260717T134222171980Z,1222,mask_fragment-n100000-w512-m0900-s1222
mask_fragment,86a3c5594a7b0bd7b33efe4c4ffaf5dc0aa17226,early_mask_fragment,512,958.0338000087067,51200000,0.9,90000,0,sha256:1a43e0ddf8cc02438cc76d27ba1cce86da34109d2e43dcc8ed7c9d581b95b39d,0,sha256:be6bff98202df4cf4cfbe763909f015e59dc594265644b287f2f0f81893a41b1,100000,20260717T134222171980Z,1333,mask_fragment-n100000-w512-m0900-s1333
mask_fragment,86a3c5594a7b0bd7b33efe4c4ffaf5dc0aa17226,late_mask_fragment,512,789.3028999678791,51200000,0.9,90000,1,sha256:18bd7fb3b6d02ff88c53bf4a74124c631590d7e276f031a9034dc7f9cb857902,0,sha256:be6bff98202df4cf4cfbe763909f015e59dc594265644b287f2f0f81893a41b1,100000,20260717T134222171980Z,1333,mask_fragment-n100000-w512-m0900-s1333
mask_fragment,86a3c5594a7b0bd7b33efe4c4ffaf5dc0aa17226,late_mask_fragment,512,804.731999989599,51200000,0.9,90000,0,sha256:18bd7fb3b6d02ff88c53bf4a74124c631590d7e276f031a9034dc7f9cb857902,1,sha256:be6bff98202df4cf4cfbe763909f015e59dc594265644b287f2f0f81893a41b1,100000,20260717T134222171980Z,1333,mask_fragment-n100000-w512-m0900-s1333
mask_fragment,86a3c5594a7b0bd7b33efe4c4ffaf5dc0aa17226,early_mask_fragment,512,935.8271000091918,51200000,0.9,90000,1,sha256:1a43e0ddf8cc02438cc76d27ba1cce86da34109d2e43dcc8ed7c9d581b95b39d,1,sha256:be6bff98202df4cf4cfbe763909f015e59dc594265644b287f2f0f81893a41b1,100000,20260717T134222171980Z,1333,mask_fragment-n100000-w512-m0900-s1333
mask_fragment,86a3c5594a7b0bd7b33efe4c4ffaf5dc0aa17226,early_mask_fragment,512,1125.5727999960072,51200000,0.9,90000,0,sha256:1a43e0ddf8cc02438cc76d27ba1cce86da34109d2e43dcc8ed7c9d581b95b39d,2,sha256:be6bff98202df4cf4cfbe763909f015e59dc594265644b287f2f0f81893a41b1,100000,20260717T134222171980Z,1333,mask_fragment-n100000-w512-m0900-s1333
mask_fragment,86a3c5594a7b0bd7b33efe4c4ffaf5dc0aa17226,late_mask_fragment,512,1032.2544000227936,51200000,0.9,90000,1,sha256:18bd7fb3b6d02ff88c53bf4a74124c631590d7e276f031a9034dc7f9cb857902,2,sha256:be6bff98202df4cf4cfbe763909f015e59dc594265644b287f2f0f81893a41b1,100000,20260717T134222171980Z,1333,mask_fragment-n100000-w512-m0900-s1333
mask_fragment,86a3c5594a7b0bd7b33efe4c4ffaf5dc0aa17226,late_mask_fragment,512,1191.131100000348,51200000,0.9,90000,0,sha256:18bd7fb3b6d02ff88c53bf4a74124c631590d7e276f031a9034dc7f9cb857902,3,sha256:be6bff98202df4cf4cfbe763909f015e59dc594265644b287f2f0f81893a41b1,100000,20260717T134222171980Z,1333,mask_fragment-n100000-w512-m0900-s1333
mask_fragment,86a3c5594a7b0bd7b33efe4c4ffaf5dc0aa17226,early_mask_fragment,512,1198.9204999990761,51200000,0.9,90000,1,sha256:1a43e0ddf8cc02438cc76d27ba1cce86da34109d2e43dcc8ed7c9d581b95b39d,3,sha256:be6bff98202df4cf4cfbe763909f015e59dc594265644b287f2f0f81893a41b1,100000,20260717T134222171980Z,1333,mask_fragment-n100000-w512-m0900-s1333
mask_fragment,86a3c5594a7b0bd7b33efe4c4ffaf5dc0aa17226,early_mask_fragment,512,1041.9330000295304,51200000,0.9,90000,0,sha256:1a43e0ddf8cc02438cc76d27ba1cce86da34109d2e43dcc8ed7c9d581b95b39d,4,sha256:be6bff98202df4cf4cfbe763909f015e59dc594265644b287f2f0f81893a41b1,100000,20260717T134222171980Z,1333,mask_fragment-n100000-w512-m0900-s1333
mask_fragment,86a3c5594a7b0bd7b33efe4c4ffaf5dc0aa17226,late_mask_fragment,512,900.906800001394,51200000,0.9,90000,1,sha256:18bd7fb3b6d02ff88c53bf4a74124c631590d7e276f031a9034dc7f9cb857902,4,sha256:be6bff98202df4cf4cfbe763909f015e59dc594265644b287f2f0f81893a41b1,100000,20260717T134222171980Z,1333,mask_fragment-n100000-w512-m0900-s1333
mask_fragment,86a3c5594a7b0bd7b33efe4c4ffaf5dc0aa17226,late_mask_fragment,512,791.687200020533,51200000,0.9,90000,0,sha256:18bd7fb3b6d02ff88c53bf4a74124c631590d7e276f031a9034dc7f9cb857902,5,sha256:be6bff98202df4cf4cfbe763909f015e59dc594265644b287f2f0f81893a41b1,100000,20260717T134222171980Z,1333,mask_fragment-n100000-w512-m0900-s1333
mask_fragment,86a3c5594a7b0bd7b33efe4c4ffaf5dc0aa17226,early_mask_fragment,512,944.1234999685548,51200000,0.9,90000,1,sha256:1a43e0ddf8cc02438cc76d27ba1cce86da34109d2e43dcc8ed7c9d581b95b39d,5,sha256:be6bff98202df4cf4cfbe763909f015e59dc594265644b287f2f0f81893a41b1,100000,20260717T134222171980Z,1333,mask_fragment-n100000-w512-m0900-s1333
mask_fragment,86a3c5594a7b0bd7b33efe4c4ffaf5dc0aa17226,early_mask_fragment,512,996.5209999936633,51200000,0.9,90000,0,sha256:1a43e0ddf8cc02438cc76d27ba1cce86da34109d2e43dcc8ed7c9d581b95b39d,6,sha256:be6bff98202df4cf4cfbe763909f015e59dc594265644b287f2f0f81893a41b1,100000,20260717T134222171980Z,1333,mask_fragment-n100000-w512-m0900-s1333
mask_fragment,86a3c5594a7b0bd7b33efe4c4ffaf5dc0aa17226,late_mask_fragment,512,956.3916999613866,51200000,0.9,90000,1,sha256:18bd7fb3b6d02ff88c53bf4a74124c631590d7e276f031a9034dc7f9cb857902,6,sha256:be6bff98202df4cf4cfbe763909f015e59dc594265644b287f2f0f81893a41b1,100000,20260717T134222171980Z,1333,mask_fragment-n100000-w512-m0900-s1333
mask_fragment,86a3c5594a7b0bd7b33efe4c4ffaf5dc0aa17226,late_mask_fragment,512,857.8535999986343,51200000,0.9,90000,0,sha256:18bd7fb3b6d02ff88c53bf4a74124c631590d7e276f031a9034dc7f9cb857902,7,sha256:be6bff98202df4cf4cfbe763909f015e59dc594265644b287f2f0f81893a41b1,100000,20260717T134222171980Z,1333,mask_fragment-n100000-w512-m0900-s1333
mask_fragment,86a3c5594a7b0bd7b33efe4c4ffaf5dc0aa17226,early_mask_fragment,512,928.0778999673203,51200000,0.9,90000,1,sha256:1a43e0ddf8cc02438cc76d27ba1cce86da34109d2e43dcc8ed7c9d581b95b39d,7,sha256:be6bff98202df4cf4cfbe763909f015e59dc594265644b287f2f0f81893a41b1,100000,20260717T134222171980Z,1333,mask_fragment-n100000-w512-m0900-s1333
mask_fragment,86a3c5594a7b0bd7b33efe4c4ffaf5dc0aa17226,early_mask_fragment,512,958.4449999965727,51200000,0.9,90000,0,sha256:1a43e0ddf8cc02438cc76d27ba1cce86da34109d2e43dcc8ed7c9d581b95b39d,8,sha256:be6bff98202df4cf4cfbe763909f015e59dc594265644b287f2f0f81893a41b1,100000,20260717T134222171980Z,1333,mask_fragment-n100000-w512-m0900-s1333
mask_fragment,86a3c5594a7b0bd7b33efe4c4ffaf5dc0aa17226,late_mask_fragment,512,878.9833000046201,51200000,0.9,90000,1,sha256:18bd7fb3b6d02ff88c53bf4a74124c631590d7e276f031a9034dc7f9cb857902,8,sha256:be6bff98202df4cf4cfbe763909f015e59dc594265644b287f2f0f81893a41b1,100000,20260717T134222171980Z,1333,mask_fragment-n100000-w512-m0900-s1333
mask_fragment,86a3c5594a7b0bd7b33efe4c4ffaf5dc0aa17226,late_mask_fragment,512,806.5446999971755,51200000,0.9,90000,0,sha256:18bd7fb3b6d02ff88c53bf4a74124c631590d7e276f031a9034dc7f9cb857902,9,sha256:be6bff98202df4cf4cfbe763909f015e59dc594265644b287f2f0f81893a41b1,100000,20260717T134222171980Z,1333,mask_fragment-n100000-w512-m0900-s1333
mask_fragment,86a3c5594a7b0bd7b33efe4c4ffaf5dc0aa17226,early_mask_fragment,512,930.0931000034325,51200000,0.9,90000,1,sha256:1a43e0ddf8cc02438cc76d27ba1cce86da34109d2e43dcc8ed7c9d581b95b39d,9,sha256:be6bff98202df4cf4cfbe763909f015e59dc594265644b287f2f0f81893a41b1,100000,20260717T134222171980Z,1333,mask_fragment-n100000-w512-m0900-s1333
mask_fragment,86a3c5594a7b0bd7b33efe4c4ffaf5dc0aa17226,early_mask_fragment,512,943.5446000425145,51200000,0.9,90000,0,sha256:1a43e0ddf8cc02438cc76d27ba1cce86da34109d2e43dcc8ed7c9d581b95b39d,10,sha256:be6bff98202df4cf4cfbe763909f015e59dc594265644b287f2f0f81893a41b1,100000,20260717T134222171980Z,1333,mask_fragment-n100000-w512-m0900-s1333
mask_fragment,86a3c5594a7b0bd7b33efe4c4ffaf5dc0aa17226,late_mask_fragment,512,893.062999995891,51200000,0.9,90000,1,sha256:18bd7fb3b6d02ff88c53bf4a74124c631590d7e276f031a9034dc7f9cb857902,10,sha256:be6bff98202df4cf4cfbe763909f015e59dc594265644b287f2f0f81893a41b1,100000,20260717T134222171980Z,1333,mask_fragment-n100000-w512-m0900-s1333
mask_fragment,86a3c5594a7b0bd7b33efe4c4ffaf5dc0aa17226,late_mask_fragment,512,814.7296000388451,51200000,0.9,90000,0,sha256:18bd7fb3b6d02ff88c53bf4a74124c631590d7e276f031a9034dc7f9cb857902,11,sha256:be6bff98202df4cf4cfbe763909f015e59dc594265644b287f2f0f81893a41b1,100000,20260717T134222171980Z,1333,mask_fragment-n100000-w512-m0900-s1333
mask_fragment,86a3c5594a7b0bd7b33efe4c4ffaf5dc0aa17226,early_mask_fragment,512,832.9830000293441,51200000,0.9,90000,1,sha256:1a43e0ddf8cc02438cc76d27ba1cce86da34109d2e43dcc8ed7c9d581b95b39d,11,sha256:be6bff98202df4cf4cfbe763909f015e59dc594265644b287f2f0f81893a41b1,100000,20260717T134222171980Z,1333,mask_fragment-n100000-w512-m0900-s1333
mask_fragment,86a3c5594a7b0bd7b33efe4c4ffaf5dc0aa17226,early_mask_fragment,512,967.6460000337102,51200000,0.9,90000,0,sha256:1a43e0ddf8cc02438cc76d27ba1cce86da34109d2e43dcc8ed7c9d581b95b39d,12,sha256:be6bff98202df4cf4cfbe763909f015e59dc594265644b287f2f0f81893a41b1,100000,20260717T134222171980Z,1333,mask_fragment-n100000-w512-m0900-s1333
mask_fragment,86a3c5594a7b0bd7b33efe4c4ffaf5dc0aa17226,late_mask_fragment,512,812.6516000484116,51200000,0.9,90000,1,sha256:18bd7fb3b6d02ff88c53bf4a74124c631590d7e276f031a9034dc7f9cb857902,12,sha256:be6bff98202df4cf4cfbe763909f015e59dc594265644b287f2f0f81893a41b1,100000,20260717T134222171980Z,1333,mask_fragment-n100000-w512-m0900-s1333
mask_fragment,86a3c5594a7b0bd7b33efe4c4ffaf5dc0aa17226,late_mask_fragment,512,869.0063999965787,51200000,0.9,90000,0,sha256:18bd7fb3b6d02ff88c53bf4a74124c631590d7e276f031a9034dc7f9cb857902,13,sha256:be6bff98202df4cf4cfbe763909f015e59dc594265644b287f2f0f81893a41b1,100000,20260717T134222171980Z,1333,mask_fragment-n100000-w512-m0900-s1333
mask_fragment,86a3c5594a7b0bd7b33efe4c4ffaf5dc0aa17226,early_mask_fragment,512,983.3452999591827,51200000,0.9,90000,1,sha256:1a43e0ddf8cc02438cc76d27ba1cce86da34109d2e43dcc8ed7c9d581b95b39d,13,sha256:be6bff98202df4cf4cfbe763909f015e59dc594265644b287f2f0f81893a41b1,100000,20260717T134222171980Z,1333,mask_fragment-n100000-w512-m0900-s1333
mask_fragment,86a3c5594a7b0bd7b33efe4c4ffaf5dc0aa17226,early_mask_fragment,512,918.2074999553151,51200000,0.9,90000,0,sha256:1a43e0ddf8cc02438cc76d27ba1cce86da34109d2e43dcc8ed7c9d581b95b39d,14,sha256:be6bff98202df4cf4cfbe763909f015e59dc594265644b287f2f0f81893a41b1,100000,20260717T134222171980Z,1333,mask_fragment-n100000-w512-m0900-s1333
mask_fragment,86a3c5594a7b0bd7b33efe4c4ffaf5dc0aa17226,late_mask_fragment,512,787.4326999881305,51200000,0.9,90000,1,sha256:18bd7fb3b6d02ff88c53bf4a74124c631590d7e276f031a9034dc7f9cb857902,14,sha256:be6bff98202df4cf4cfbe763909f015e59dc594265644b287f2f0f81893a41b1,100000,20260717T134222171980Z,1333,mask_fragment-n100000-w512-m0900-s1333
mask_fragment,86a3c5594a7b0bd7b33efe4c4ffaf5dc0aa17226,early_mask_fragment,512,816.8576999451034,51200000,0.9,90000,0,sha256:1a43e0ddf8cc02438cc76d27ba1cce86da34109d2e43dcc8ed7c9d581b95b39d,0,sha256:bc4de6bbdc15486e810992ac689cdf53ae33b842b1b182bc513b2cb841d9ba7e,100000,20260717T134222171980Z,1444,mask_fragment-n100000-w512-m0900-s1444
mask_fragment,86a3c5594a7b0bd7b33efe4c4ffaf5dc0aa17226,late_mask_fragment,512,842.386299977079,51200000,0.9,90000,1,sha256:18bd7fb3b6d02ff88c53bf4a74124c631590d7e276f031a9034dc7f9cb857902,0,sha256:bc4de6bbdc15486e810992ac689cdf53ae33b842b1b182bc513b2cb841d9ba7e,100000,20260717T134222171980Z,1444,mask_fragment-n100000-w512-m0900-s1444
mask_fragment,86a3c5594a7b0bd7b33efe4c4ffaf5dc0aa17226,late_mask_fragment,512,803.2513000071049,51200000,0.9,90000,0,sha256:18bd7fb3b6d02ff88c53bf4a74124c631590d7e276f031a9034dc7f9cb857902,1,sha256:bc4de6bbdc15486e810992ac689cdf53ae33b842b1b182bc513b2cb841d9ba7e,100000,20260717T134222171980Z,1444,mask_fragment-n100000-w512-m0900-s1444
mask_fragment,86a3c5594a7b0bd7b33efe4c4ffaf5dc0aa17226,early_mask_fragment,512,916.5737999719568,51200000,0.9,90000,1,sha256:1a43e0ddf8cc02438cc76d27ba1cce86da34109d2e43dcc8ed7c9d581b95b39d,1,sha256:bc4de6bbdc15486e810992ac689cdf53ae33b842b1b182bc513b2cb841d9ba7e,100000,20260717T134222171980Z,1444,mask_fragment-n100000-w512-m0900-s1444
mask_fragment,86a3c5594a7b0bd7b33efe4c4ffaf5dc0aa17226,early_mask_fragment,512,801.1254000011832,51200000,0.9,90000,0,sha256:1a43e0ddf8cc02438cc76d27ba1cce86da34109d2e43dcc8ed7c9d581b95b39d,2,sha256:bc4de6bbdc15486e810992ac689cdf53ae33b842b1b182bc513b2cb841d9ba7e,100000,20260717T134222171980Z,1444,mask_fragment-n100000-w512-m0900-s1444
mask_fragment,86a3c5594a7b0bd7b33efe4c4ffaf5dc0aa17226,late_mask_fragment,512,867.212200013455,51200000,0.9,90000,1,sha256:18bd7fb3b6d02ff88c53bf4a74124c631590d7e276f031a9034dc7f9cb857902,2,sha256:bc4de6bbdc15486e810992ac689cdf53ae33b842b1b182bc513b2cb841d9ba7e,100000,20260717T134222171980Z,1444,mask_fragment-n100000-w512-m0900-s1444
mask_fragment,86a3c5594a7b0bd7b33efe4c4ffaf5dc0aa17226,late_mask_fragment,512,781.7760000471026,51200000,0.9,90000,0,sha256:18bd7fb3b6d02ff88c53bf4a74124c631590d7e276f031a9034dc7f9cb857902,3,sha256:bc4de6bbdc15486e810992ac689cdf53ae33b842b1b182bc513b2cb841d9ba7e,100000,20260717T134222171980Z,1444,mask_fragment-n100000-w512-m0900-s1444
mask_fragment,86a3c5594a7b0bd7b33efe4c4ffaf5dc0aa17226,early_mask_fragment,512,908.4618999622762,51200000,0.9,90000,1,sha256:1a43e0ddf8cc02438cc76d27ba1cce86da34109d2e43dcc8ed7c9d581b95b39d,3,sha256:bc4de6bbdc15486e810992ac689cdf53ae33b842b1b182bc513b2cb841d9ba7e,100000,20260717T134222171980Z,1444,mask_fragment-n100000-w512-m0900-s1444
mask_fragment,86a3c5594a7b0bd7b33efe4c4ffaf5dc0aa17226,early_mask_fragment,512,902.2511999937706,51200000,0.9,90000,0,sha256:1a43e0ddf8cc02438cc76d27ba1cce86da34109d2e43dcc8ed7c9d581b95b39d,4,sha256:bc4de6bbdc15486e810992ac689cdf53ae33b842b1b182bc513b2cb841d9ba7e,100000,20260717T134222171980Z,1444,mask_fragment-n100000-w512-m0900-s1444
mask_fragment,86a3c5594a7b0bd7b33efe4c4ffaf5dc0aa17226,late_mask_fragment,512,862.7523999894038,51200000,0.9,90000,1,sha256:18bd7fb3b6d02ff88c53bf4a74124c631590d7e276f031a9034dc7f9cb857902,4,sha256:bc4de6bbdc15486e810992ac689cdf53ae33b842b1b182bc513b2cb841d9ba7e,100000,20260717T134222171980Z,1444,mask_fragment-n100000-w512-m0900-s1444
mask_fragment,86a3c5594a7b0bd7b33efe4c4ffaf5dc0aa17226,late_mask_fragment,512,889.6647000219673,51200000,0.9,90000,0,sha256:18bd7fb3b6d02ff88c53bf4a74124c631590d7e276f031a9034dc7f9cb857902,5,sha256:bc4de6bbdc15486e810992ac689cdf53ae33b842b1b182bc513b2cb841d9ba7e,100000,20260717T134222171980Z,1444,mask_fragment-n100000-w512-m0900-s1444
mask_fragment,86a3c5594a7b0bd7b33efe4c4ffaf5dc0aa17226,early_mask_fragment,512,956.0977999935858,51200000,0.9,90000,1,sha256:1a43e0ddf8cc02438cc76d27ba1cce86da34109d2e43dcc8ed7c9d581b95b39d,5,sha256:bc4de6bbdc15486e810992ac689cdf53ae33b842b1b182bc513b2cb841d9ba7e,100000,20260717T134222171980Z,1444,mask_fragment-n100000-w512-m0900-s1444
mask_fragment,86a3c5594a7b0bd7b33efe4c4ffaf5dc0aa17226,early_mask_fragment,512,806.2455000472255,51200000,0.9,90000,0,sha256:1a43e0ddf8cc02438cc76d27ba1cce86da34109d2e43dcc8ed7c9d581b95b39d,6,sha256:bc4de6bbdc15486e810992ac689cdf53ae33b842b1b182bc513b2cb841d9ba7e,100000,20260717T134222171980Z,1444,mask_fragment-n100000-w512-m0900-s1444
mask_fragment,86a3c5594a7b0bd7b33efe4c4ffaf5dc0aa17226,late_mask_fragment,512,788.2793999742717,51200000,0.9,90000,1,sha256:18bd7fb3b6d02ff88c53bf4a74124c631590d7e276f031a9034dc7f9cb857902,6,sha256:bc4de6bbdc15486e810992ac689cdf53ae33b842b1b182bc513b2cb841d9ba7e,100000,20260717T134222171980Z,1444,mask_fragment-n100000-w512-m0900-s1444
mask_fragment,86a3c5594a7b0bd7b33efe4c4ffaf5dc0aa17226,late_mask_fragment,512,936.2804000265896,51200000,0.9,90000,0,sha256:18bd7fb3b6d02ff88c53bf4a74124c631590d7e276f031a9034dc7f9cb857902,7,sha256:bc4de6bbdc15486e810992ac689cdf53ae33b842b1b182bc513b2cb841d9ba7e,100000,20260717T134222171980Z,1444,mask_fragment-n100000-w512-m0900-s1444
mask_fragment,86a3c5594a7b0bd7b33efe4c4ffaf5dc0aa17226,early_mask_fragment,512,942.8069000132382,51200000,0.9,90000,1,sha256:1a43e0ddf8cc02438cc76d27ba1cce86da34109d2e43dcc8ed7c9d581b95b39d,7,sha256:bc4de6bbdc15486e810992ac689cdf53ae33b842b1b182bc513b2cb841d9ba7e,100000,20260717T134222171980Z,1444,mask_fragment-n100000-w512-m0900-s1444
mask_fragment,86a3c5594a7b0bd7b33efe4c4ffaf5dc0aa17226,early_mask_fragment,512,966.8063000426628,51200000,0.9,90000,0,sha256:1a43e0ddf8cc02438cc76d27ba1cce86da34109d2e43dcc8ed7c9d581b95b39d,8,sha256:bc4de6bbdc15486e810992ac689cdf53ae33b842b1b182bc513b2cb841d9ba7e,100000,20260717T134222171980Z,1444,mask_fragment-n100000-w512-m0900-s1444
mask_fragment,86a3c5594a7b0bd7b33efe4c4ffaf5dc0aa17226,late_mask_fragment,512,951.9291999749839,51200000,0.9,90000,1,sha256:18bd7fb3b6d02ff88c53bf4a74124c631590d7e276f031a9034dc7f9cb857902,8,sha256:bc4de6bbdc15486e810992ac689cdf53ae33b842b1b182bc513b2cb841d9ba7e,100000,20260717T134222171980Z,1444,mask_fragment-n100000-w512-m0900-s1444
mask_fragment,86a3c5594a7b0bd7b33efe4c4ffaf5dc0aa17226,late_mask_fragment,512,767.123099998571,51200000,0.9,90000,0,sha256:18bd7fb3b6d02ff88c53bf4a74124c631590d7e276f031a9034dc7f9cb857902,9,sha256:bc4de6bbdc15486e810992ac689cdf53ae33b842b1b182bc513b2cb841d9ba7e,100000,20260717T134222171980Z,1444,mask_fragment-n100000-w512-m0900-s1444
mask_fragment,86a3c5594a7b0bd7b33efe4c4ffaf5dc0aa17226,early_mask_fragment,512,999.8806999647059,51200000,0.9,90000,1,sha256:1a43e0ddf8cc02438cc76d27ba1cce86da34109d2e43dcc8ed7c9d581b95b39d,9,sha256:bc4de6bbdc15486e810992ac689cdf53ae33b842b1b182bc513b2cb841d9ba7e,100000,20260717T134222171980Z,1444,mask_fragment-n100000-w512-m0900-s1444
mask_fragment,86a3c5594a7b0bd7b33efe4c4ffaf5dc0aa17226,early_mask_fragment,512,1081.889199966099,51200000,0.9,90000,0,sha256:1a43e0ddf8cc02438cc76d27ba1cce86da34109d2e43dcc8ed7c9d581b95b39d,10,sha256:bc4de6bbdc15486e810992ac689cdf53ae33b842b1b182bc513b2cb841d9ba7e,100000,20260717T134222171980Z,1444,mask_fragment-n100000-w512-m0900-s1444
mask_fragment,86a3c5594a7b0bd7b33efe4c4ffaf5dc0aa17226,late_mask_fragment,512,959.5502000302076,51200000,0.9,90000,1,sha256:18bd7fb3b6d02ff88c53bf4a74124c631590d7e276f031a9034dc7f9cb857902,10,sha256:bc4de6bbdc15486e810992ac689cdf53ae33b842b1b182bc513b2cb841d9ba7e,100000,20260717T134222171980Z,1444,mask_fragment-n100000-w512-m0900-s1444
mask_fragment,86a3c5594a7b0bd7b33efe4c4ffaf5dc0aa17226,late_mask_fragment,512,1159.6161000197753,51200000,0.9,90000,0,sha256:18bd7fb3b6d02ff88c53bf4a74124c631590d7e276f031a9034dc7f9cb857902,11,sha256:bc4de6bbdc15486e810992ac689cdf53ae33b842b1b182bc513b2cb841d9ba7e,100000,20260717T134222171980Z,1444,mask_fragment-n100000-w512-m0900-s1444
mask_fragment,86a3c5594a7b0bd7b33efe4c4ffaf5dc0aa17226,early_mask_fragment,512,1226.0009999736212,51200000,0.9,90000,1,sha256:1a43e0ddf8cc02438cc76d27ba1cce86da34109d2e43dcc8ed7c9d581b95b39d,11,sha256:bc4de6bbdc15486e810992ac689cdf53ae33b842b1b182bc513b2cb841d9ba7e,100000,20260717T134222171980Z,1444,mask_fragment-n100000-w512-m0900-s1444
mask_fragment,86a3c5594a7b0bd7b33efe4c4ffaf5dc0aa17226,early_mask_fragment,512,1234.4360999995843,51200000,0.9,90000,0,sha256:1a43e0ddf8cc02438cc76d27ba1cce86da34109d2e43dcc8ed7c9d581b95b39d,12,sha256:bc4de6bbdc15486e810992ac689cdf53ae33b842b1b182bc513b2cb841d9ba7e,100000,20260717T134222171980Z,1444,mask_fragment-n100000-w512-m0900-s1444
mask_fragment,86a3c5594a7b0bd7b33efe4c4ffaf5dc0aa17226,late_mask_fragment,512,1156.7606999888085,51200000,0.9,90000,1,sha256:18bd7fb3b6d02ff88c53bf4a74124c631590d7e276f031a9034dc7f9cb857902,12,sha256:bc4de6bbdc15486e810992ac689cdf53ae33b842b1b182bc513b2cb841d9ba7e,100000,20260717T134222171980Z,1444,mask_fragment-n100000-w512-m0900-s1444
mask_fragment,86a3c5594a7b0bd7b33efe4c4ffaf5dc0aa17226,late_mask_fragment,512,1297.8331999620423,51200000,0.9,90000,0,sha256:18bd7fb3b6d02ff88c53bf4a74124c631590d7e276f031a9034dc7f9cb857902,13,sha256:bc4de6bbdc15486e810992ac689cdf53ae33b842b1b182bc513b2cb841d9ba7e,100000,20260717T134222171980Z,1444,mask_fragment-n100000-w512-m0900-s1444
mask_fragment,86a3c5594a7b0bd7b33efe4c4ffaf5dc0aa17226,early_mask_fragment,512,1217.9765999899246,51200000,0.9,90000,1,sha256:1a43e0ddf8cc02438cc76d27ba1cce86da34109d2e43dcc8ed7c9d581b95b39d,13,sha256:bc4de6bbdc15486e810992ac689cdf53ae33b842b1b182bc513b2cb841d9ba7e,100000,20260717T134222171980Z,1444,mask_fragment-n100000-w512-m0900-s1444
mask_fragment,86a3c5594a7b0bd7b33efe4c4ffaf5dc0aa17226,early_mask_fragment,512,1253.9449000032619,51200000,0.9,90000,0,sha256:1a43e0ddf8cc02438cc76d27ba1cce86da34109d2e43dcc8ed7c9d581b95b39d,14,sha256:bc4de6bbdc15486e810992ac689cdf53ae33b842b1b182bc513b2cb841d9ba7e,100000,20260717T134222171980Z,1444,mask_fragment-n100000-w512-m0900-s1444
mask_fragment,86a3c5594a7b0bd7b33efe4c4ffaf5dc0aa17226,late_mask_fragment,512,1107.9456000006758,51200000,0.9,90000,1,sha256:18bd7fb3b6d02ff88c53bf4a74124c631590d7e276f031a9034dc7f9cb857902,14,sha256:bc4de6bbdc15486e810992ac689cdf53ae33b842b1b182bc513b2cb841d9ba7e,100000,20260717T134222171980Z,1444,mask_fragment-n100000-w512-m0900-s1444
mask_fragment,86a3c5594a7b0bd7b33efe4c4ffaf5dc0aa17226,late_mask_fragment,512,846.0054000024684,51200000,0.9,90000,0,sha256:18bd7fb3b6d02ff88c53bf4a74124c631590d7e276f031a9034dc7f9cb857902,0,sha256:dd7d4cb777c7348a92c394685a8ed69d909f4de39e6c9da15bdb9da2c6c8d068,100000,20260717T134222171980Z,1555,mask_fragment-n100000-w512-m0900-s1555
mask_fragment,86a3c5594a7b0bd7b33efe4c4ffaf5dc0aa17226,early_mask_fragment,512,959.4524999847636,51200000,0.9,90000,1,sha256:1a43e0ddf8cc02438cc76d27ba1cce86da34109d2e43dcc8ed7c9d581b95b39d,0,sha256:dd7d4cb777c7348a92c394685a8ed69d909f4de39e6c9da15bdb9da2c6c8d068,100000,20260717T134222171980Z,1555,mask_fragment-n100000-w512-m0900-s1555
mask_fragment,86a3c5594a7b0bd7b33efe4c4ffaf5dc0aa17226,early_mask_fragment,512,961.1488999798894,51200000,0.9,90000,0,sha256:1a43e0ddf8cc02438cc76d27ba1cce86da34109d2e43dcc8ed7c9d581b95b39d,1,sha256:dd7d4cb777c7348a92c394685a8ed69d909f4de39e6c9da15bdb9da2c6c8d068,100000,20260717T134222171980Z,1555,mask_fragment-n100000-w512-m0900-s1555
mask_fragment,86a3c5594a7b0bd7b33efe4c4ffaf5dc0aa17226,late_mask_fragment,512,922.415999986697,51200000,0.9,90000,1,sha256:18bd7fb3b6d02ff88c53bf4a74124c631590d7e276f031a9034dc7f9cb857902,1,sha256:dd7d4cb777c7348a92c394685a8ed69d909f4de39e6c9da15bdb9da2c6c8d068,100000,20260717T134222171980Z,1555,mask_fragment-n100000-w512-m0900-s1555
mask_fragment,86a3c5594a7b0bd7b33efe4c4ffaf5dc0aa17226,late_mask_fragment,512,841.8878000229597,51200000,0.9,90000,0,sha256:18bd7fb3b6d02ff88c53bf4a74124c631590d7e276f031a9034dc7f9cb857902,2,sha256:dd7d4cb777c7348a92c394685a8ed69d909f4de39e6c9da15bdb9da2c6c8d068,100000,20260717T134222171980Z,1555,mask_fragment-n100000-w512-m0900-s1555
mask_fragment,86a3c5594a7b0bd7b33efe4c4ffaf5dc0aa17226,early_mask_fragment,512,942.2985999844968,51200000,0.9,90000,1,sha256:1a43e0ddf8cc02438cc76d27ba1cce86da34109d2e43dcc8ed7c9d581b95b39d,2,sha256:dd7d4cb777c7348a92c394685a8ed69d909f4de39e6c9da15bdb9da2c6c8d068,100000,20260717T134222171980Z,1555,mask_fragment-n100000-w512-m0900-s1555
mask_fragment,86a3c5594a7b0bd7b33efe4c4ffaf5dc0aa17226,early_mask_fragment,512,979.2797000263818,51200000,0.9,90000,0,sha256:1a43e0ddf8cc02438cc76d27ba1cce86da34109d2e43dcc8ed7c9d581b95b39d,3,sha256:dd7d4cb777c7348a92c394685a8ed69d909f4de39e6c9da15bdb9da2c6c8d068,100000,20260717T134222171980Z,1555,mask_fragment-n100000-w512-m0900-s1555
mask_fragment,86a3c5594a7b0bd7b33efe4c4ffaf5dc0aa17226,late_mask_fragment,512,828.8643000414595,51200000,0.9,90000,1,sha256:18bd7fb3b6d02ff88c53bf4a74124c631590d7e276f031a9034dc7f9cb857902,3,sha256:dd7d4cb777c7348a92c394685a8ed69d909f4de39e6c9da15bdb9da2c6c8d068,100000,20260717T134222171980Z,1555,mask_fragment-n100000-w512-m0900-s1555
mask_fragment,86a3c5594a7b0bd7b33efe4c4ffaf5dc0aa17226,late_mask_fragment,512,898.2691999990493,51200000,0.9,90000,0,sha256:18bd7fb3b6d02ff88c53bf4a74124c631590d7e276f031a9034dc7f9cb857902,4,sha256:dd7d4cb777c7348a92c394685a8ed69d909f4de39e6c9da15bdb9da2c6c8d068,100000,20260717T134222171980Z,1555,mask_fragment-n100000-w512-m0900-s1555
mask_fragment,86a3c5594a7b0bd7b33efe4c4ffaf5dc0aa17226,early_mask_fragment,512,972.2306999610737,51200000,0.9,90000,1,sha256:1a43e0ddf8cc02438cc76d27ba1cce86da34109d2e43dcc8ed7c9d581b95b39d,4,sha256:dd7d4cb777c7348a92c394685a8ed69d909f4de39e6c9da15bdb9da2c6c8d068,100000,20260717T134222171980Z,1555,mask_fragment-n100000-w512-m0900-s1555
mask_fragment,86a3c5594a7b0bd7b33efe4c4ffaf5dc0aa17226,early_mask_fragment,512,821.5806999942288,51200000,0.9,90000,0,sha256:1a43e0ddf8cc02438cc76d27ba1cce86da34109d2e43dcc8ed7c9d581b95b39d,5,sha256:dd7d4cb777c7348a92c394685a8ed69d909f4de39e6c9da15bdb9da2c6c8d068,100000,20260717T134222171980Z,1555,mask_fragment-n100000-w512-m0900-s1555
mask_fragment,86a3c5594a7b0bd7b33efe4c4ffaf5dc0aa17226,late_mask_fragment,512,787.9087000037543,51200000,0.9,90000,1,sha256:18bd7fb3b6d02ff88c53bf4a74124c631590d7e276f031a9034dc7f9cb857902,5,sha256:dd7d4cb777c7348a92c394685a8ed69d909f4de39e6c9da15bdb9da2c6c8d068,100000,20260717T134222171980Z,1555,mask_fragment-n100000-w512-m0900-s1555
mask_fragment,86a3c5594a7b0bd7b33efe4c4ffaf5dc0aa17226,late_mask_fragment,512,881.2991000013426,51200000,0.9,90000,0,sha256:18bd7fb3b6d02ff88c53bf4a74124c631590d7e276f031a9034dc7f9cb857902,6,sha256:dd7d4cb777c7348a92c394685a8ed69d909f4de39e6c9da15bdb9da2c6c8d068,100000,20260717T134222171980Z,1555,mask_fragment-n100000-w512-m0900-s1555
mask_fragment,86a3c5594a7b0bd7b33efe4c4ffaf5dc0aa17226,early_mask_fragment,512,987.7040000283159,51200000,0.9,90000,1,sha256:1a43e0ddf8cc02438cc76d27ba1cce86da34109d2e43dcc8ed7c9d581b95b39d,6,sha256:dd7d4cb777c7348a92c394685a8ed69d909f4de39e6c9da15bdb9da2c6c8d068,100000,20260717T134222171980Z,1555,mask_fragment-n100000-w512-m0900-s1555
mask_fragment,86a3c5594a7b0bd7b33efe4c4ffaf5dc0aa17226,early_mask_fragment,512,954.1224999702536,51200000,0.9,90000,0,sha256:1a43e0ddf8cc02438cc76d27ba1cce86da34109d2e43dcc8ed7c9d581b95b39d,7,sha256:dd7d4cb777c7348a92c394685a8ed69d909f4de39e6c9da15bdb9da2c6c8d068,100000,20260717T134222171980Z,1555,mask_fragment-n100000-w512-m0900-s1555
mask_fragment,86a3c5594a7b0bd7b33efe4c4ffaf5dc0aa17226,late_mask_fragment,512,766.290100000333,51200000,0.9,90000,1,sha256:18bd7fb3b6d02ff88c53bf4a74124c631590d7e276f031a9034dc7f9cb857902,7,sha256:dd7d4cb777c7348a92c394685a8ed69d909f4de39e6c9da15bdb9da2c6c8d068,100000,20260717T134222171980Z,1555,mask_fragment-n100000-w512-m0900-s1555
mask_fragment,86a3c5594a7b0bd7b33efe4c4ffaf5dc0aa17226,late_mask_fragment,512,837.3528000083752,51200000,0.9,90000,0,sha256:18bd7fb3b6d02ff88c53bf4a74124c631590d7e276f031a9034dc7f9cb857902,8,sha256:dd7d4cb777c7348a92c394685a8ed69d909f4de39e6c9da15bdb9da2c6c8d068,100000,20260717T134222171980Z,1555,mask_fragment-n100000-w512-m0900-s1555
mask_fragment,86a3c5594a7b0bd7b33efe4c4ffaf5dc0aa17226,early_mask_fragment,512,1199.2585999541916,51200000,0.9,90000,1,sha256:1a43e0ddf8cc02438cc76d27ba1cce86da34109d2e43dcc8ed7c9d581b95b39d,8,sha256:dd7d4cb777c7348a92c394685a8ed69d909f4de39e6c9da15bdb9da2c6c8d068,100000,20260717T134222171980Z,1555,mask_fragment-n100000-w512-m0900-s1555
mask_fragment,86a3c5594a7b0bd7b33efe4c4ffaf5dc0aa17226,early_mask_fragment,512,1243.3299999684095,51200000,0.9,90000,0,sha256:1a43e0ddf8cc02438cc76d27ba1cce86da34109d2e43dcc8ed7c9d581b95b39d,9,sha256:dd7d4cb777c7348a92c394685a8ed69d909f4de39e6c9da15bdb9da2c6c8d068,100000,20260717T134222171980Z,1555,mask_fragment-n100000-w512-m0900-s1555
mask_fragment,86a3c5594a7b0bd7b33efe4c4ffaf5dc0aa17226,late_mask_fragment,512,1056.44170002779,51200000,0.9,90000,1,sha256:18bd7fb3b6d02ff88c53bf4a74124c631590d7e276f031a9034dc7f9cb857902,9,sha256:dd7d4cb777c7348a92c394685a8ed69d909f4de39e6c9da15bdb9da2c6c8d068,100000,20260717T134222171980Z,1555,mask_fragment-n100000-w512-m0900-s1555
mask_fragment,86a3c5594a7b0bd7b33efe4c4ffaf5dc0aa17226,late_mask_fragment,512,974.1368000395596,51200000,0.9,90000,0,sha256:18bd7fb3b6d02ff88c53bf4a74124c631590d7e276f031a9034dc7f9cb857902,10,sha256:dd7d4cb777c7348a92c394685a8ed69d909f4de39e6c9da15bdb9da2c6c8d068,100000,20260717T134222171980Z,1555,mask_fragment-n100000-w512-m0900-s1555
mask_fragment,86a3c5594a7b0bd7b33efe4c4ffaf5dc0aa17226,early_mask_fragment,512,1032.1664999937639,51200000,0.9,90000,1,sha256:1a43e0ddf8cc02438cc76d27ba1cce86da34109d2e43dcc8ed7c9d581b95b39d,10,sha256:dd7d4cb777c7348a92c394685a8ed69d909f4de39e6c9da15bdb9da2c6c8d068,100000,20260717T134222171980Z,1555,mask_fragment-n100000-w512-m0900-s1555
mask_fragment,86a3c5594a7b0bd7b33efe4c4ffaf5dc0aa17226,early_mask_fragment,512,967.7303999778815,51200000,0.9,90000,0,sha256:1a43e0ddf8cc02438cc76d27ba1cce86da34109d2e43dcc8ed7c9d581b95b39d,11,sha256:dd7d4cb777c7348a92c394685a8ed69d909f4de39e6c9da15bdb9da2c6c8d068,100000,20260717T134222171980Z,1555,mask_fragment-n100000-w512-m0900-s1555
mask_fragment,86a3c5594a7b0bd7b33efe4c4ffaf5dc0aa17226,late_mask_fragment,512,748.8943000207655,51200000,0.9,90000,1,sha256:18bd7fb3b6d02ff88c53bf4a74124c631590d7e276f031a9034dc7f9cb857902,11,sha256:dd7d4cb777c7348a92c394685a8ed69d909f4de39e6c9da15bdb9da2c6c8d068,100000,20260717T134222171980Z,1555,mask_fragment-n100000-w512-m0900-s1555
mask_fragment,86a3c5594a7b0bd7b33efe4c4ffaf5dc0aa17226,late_mask_fragment,512,900.6134999799542,51200000,0.9,90000,0,sha256:18bd7fb3b6d02ff88c53bf4a74124c631590d7e276f031a9034dc7f9cb857902,12,sha256:dd7d4cb777c7348a92c394685a8ed69d909f4de39e6c9da15bdb9da2c6c8d068,100000,20260717T134222171980Z,1555,mask_fragment-n100000-w512-m0900-s1555
mask_fragment,86a3c5594a7b0bd7b33efe4c4ffaf5dc0aa17226,early_mask_fragment,512,849.2652000277303,51200000,0.9,90000,1,sha256:1a43e0ddf8cc02438cc76d27ba1cce86da34109d2e43dcc8ed7c9d581b95b39d,12,sha256:dd7d4cb777c7348a92c394685a8ed69d909f4de39e6c9da15bdb9da2c6c8d068,100000,20260717T134222171980Z,1555,mask_fragment-n100000-w512-m0900-s1555
mask_fragment,86a3c5594a7b0bd7b33efe4c4ffaf5dc0aa17226,early_mask_fragment,512,880.4090000339784,51200000,0.9,90000,0,sha256:1a43e0ddf8cc02438cc76d27ba1cce86da34109d2e43dcc8ed7c9d581b95b39d,13,sha256:dd7d4cb777c7348a92c394685a8ed69d909f4de39e6c9da15bdb9da2c6c8d068,100000,20260717T134222171980Z,1555,mask_fragment-n100000-w512-m0900-s1555
mask_fragment,86a3c5594a7b0bd7b33efe4c4ffaf5dc0aa17226,late_mask_fragment,512,782.9050000291318,51200000,0.9,90000,1,sha256:18bd7fb3b6d02ff88c53bf4a74124c631590d7e276f031a9034dc7f9cb857902,13,sha256:dd7d4cb777c7348a92c394685a8ed69d909f4de39e6c9da15bdb9da2c6c8d068,100000,20260717T134222171980Z,1555,mask_fragment-n100000-w512-m0900-s1555
mask_fragment,86a3c5594a7b0bd7b33efe4c4ffaf5dc0aa17226,late_mask_fragment,512,828.1347000156529,51200000,0.9,90000,0,sha256:18bd7fb3b6d02ff88c53bf4a74124c631590d7e276f031a9034dc7f9cb857902,14,sha256:dd7d4cb777c7348a92c394685a8ed69d909f4de39e6c9da15bdb9da2c6c8d068,100000,20260717T134222171980Z,1555,mask_fragment-n100000-w512-m0900-s1555
mask_fragment,86a3c5594a7b0bd7b33efe4c4ffaf5dc0aa17226,early_mask_fragment,512,808.9457000023685,51200000,0.9,90000,1,sha256:1a43e0ddf8cc02438cc76d27ba1cce86da34109d2e43dcc8ed7c9d581b95b39d,14,sha256:dd7d4cb777c7348a92c394685a8ed69d909f4de39e6c9da15bdb9da2c6c8d068,100000,20260717T134222171980Z,1555,mask_fragment-n100000-w512-m0900-s1555
mask_fragment,86a3c5594a7b0bd7b33efe4c4ffaf5dc0aa17226,late_mask_fragment,512,981.272800010629,51200000,1.0,100000,0,sha256:92b825cb6ca6efd8c921ae328d9dcd567e5fc1cecda65d185180a168e33b45c9,0,sha256:3b9b480720dd9a5fd81eee28e9f4d1faa693dd3d53b4be89bfc73dad0dbcfa59,100000,20260717T134222171980Z,1111,mask_fragment-n100000-w512-m1000-s1111
mask_fragment,86a3c5594a7b0bd7b33efe4c4ffaf5dc0aa17226,early_mask_fragment,512,1123.2135000173002,51200000,1.0,100000,1,sha256:1a43e0ddf8cc02438cc76d27ba1cce86da34109d2e43dcc8ed7c9d581b95b39d,0,sha256:3b9b480720dd9a5fd81eee28e9f4d1faa693dd3d53b4be89bfc73dad0dbcfa59,100000,20260717T134222171980Z,1111,mask_fragment-n100000-w512-m1000-s1111
mask_fragment,86a3c5594a7b0bd7b33efe4c4ffaf5dc0aa17226,early_mask_fragment,512,960.9001000062563,51200000,1.0,100000,0,sha256:1a43e0ddf8cc02438cc76d27ba1cce86da34109d2e43dcc8ed7c9d581b95b39d,1,sha256:3b9b480720dd9a5fd81eee28e9f4d1faa693dd3d53b4be89bfc73dad0dbcfa59,100000,20260717T134222171980Z,1111,mask_fragment-n100000-w512-m1000-s1111
mask_fragment,86a3c5594a7b0bd7b33efe4c4ffaf5dc0aa17226,late_mask_fragment,512,868.6705000000075,51200000,1.0,100000,1,sha256:92b825cb6ca6efd8c921ae328d9dcd567e5fc1cecda65d185180a168e33b45c9,1,sha256:3b9b480720dd9a5fd81eee28e9f4d1faa693dd3d53b4be89bfc73dad0dbcfa59,100000,20260717T134222171980Z,1111,mask_fragment-n100000-w512-m1000-s1111
mask_fragment,86a3c5594a7b0bd7b33efe4c4ffaf5dc0aa17226,late_mask_fragment,512,845.0588000123389,51200000,1.0,100000,0,sha256:92b825cb6ca6efd8c921ae328d9dcd567e5fc1cecda65d185180a168e33b45c9,2,sha256:3b9b480720dd9a5fd81eee28e9f4d1faa693dd3d53b4be89bfc73dad0dbcfa59,100000,20260717T134222171980Z,1111,mask_fragment-n100000-w512-m1000-s1111
mask_fragment,86a3c5594a7b0bd7b33efe4c4ffaf5dc0aa17226,early_mask_fragment,512,937.5252000172623,51200000,1.0,100000,1,sha256:1a43e0ddf8cc02438cc76d27ba1cce86da34109d2e43dcc8ed7c9d581b95b39d,2,sha256:3b9b480720dd9a5fd81eee28e9f4d1faa693dd3d53b4be89bfc73dad0dbcfa59,100000,20260717T134222171980Z,1111,mask_fragment-n100000-w512-m1000-s1111
mask_fragment,86a3c5594a7b0bd7b33efe4c4ffaf5dc0aa17226,early_mask_fragment,512,1003.9785000262782,51200000,1.0,100000,0,sha256:1a43e0ddf8cc02438cc76d27ba1cce86da34109d2e43dcc8ed7c9d581b95b39d,3,sha256:3b9b480720dd9a5fd81eee28e9f4d1faa693dd3d53b4be89bfc73dad0dbcfa59,100000,20260717T134222171980Z,1111,mask_fragment-n100000-w512-m1000-s1111
mask_fragment,86a3c5594a7b0bd7b33efe4c4ffaf5dc0aa17226,late_mask_fragment,512,1028.7309999694116,51200000,1.0,100000,1,sha256:92b825cb6ca6efd8c921ae328d9dcd567e5fc1cecda65d185180a168e33b45c9,3,sha256:3b9b480720dd9a5fd81eee28e9f4d1faa693dd3d53b4be89bfc73dad0dbcfa59,100000,20260717T134222171980Z,1111,mask_fragment-n100000-w512-m1000-s1111
mask_fragment,86a3c5594a7b0bd7b33efe4c4ffaf5dc0aa17226,late_mask_fragment,512,1299.1142999962904,51200000,1.0,100000,0,sha256:92b825cb6ca6efd8c921ae328d9dcd567e5fc1cecda65d185180a168e33b45c9,4,sha256:3b9b480720dd9a5fd81eee28e9f4d1faa693dd3d53b4be89bfc73dad0dbcfa59,100000,20260717T134222171980Z,1111,mask_fragment-n100000-w512-m1000-s1111
mask_fragment,86a3c5594a7b0bd7b33efe4c4ffaf5dc0aa17226,early_mask_fragment,512,1178.479399997741,51200000,1.0,100000,1,sha256:1a43e0ddf8cc02438cc76d27ba1cce86da34109d2e43dcc8ed7c9d581b95b39d,4,sha256:3b9b480720dd9a5fd81eee28e9f4d1faa693dd3d53b4be89bfc73dad0dbcfa59,100000,20260717T134222171980Z,1111,mask_fragment-n100000-w512-m1000-s1111
mask_fragment,86a3c5594a7b0bd7b33efe4c4ffaf5dc0aa17226,early_mask_fragment,512,1247.4627000046894,51200000,1.0,100000,0,sha256:1a43e0ddf8cc02438cc76d27ba1cce86da34109d2e43dcc8ed7c9d581b95b39d,5,sha256:3b9b480720dd9a5fd81eee28e9f4d1faa693dd3d53b4be89bfc73dad0dbcfa59,100000,20260717T134222171980Z,1111,mask_fragment-n100000-w512-m1000-s1111
mask_fragment,86a3c5594a7b0bd7b33efe4c4ffaf5dc0aa17226,late_mask_fragment,512,998.2932999846525,51200000,1.0,100000,1,sha256:92b825cb6ca6efd8c921ae328d9dcd567e5fc1cecda65d185180a168e33b45c9,5,sha256:3b9b480720dd9a5fd81eee28e9f4d1faa693dd3d53b4be89bfc73dad0dbcfa59,100000,20260717T134222171980Z,1111,mask_fragment-n100000-w512-m1000-s1111
mask_fragment,86a3c5594a7b0bd7b33efe4c4ffaf5dc0aa17226,late_mask_fragment,512,859.656700049527,51200000,1.0,100000,0,sha256:92b825cb6ca6efd8c921ae328d9dcd567e5fc1cecda65d185180a168e33b45c9,6,sha256:3b9b480720dd9a5fd81eee28e9f4d1faa693dd3d53b4be89bfc73dad0dbcfa59,100000,20260717T134222171980Z,1111,mask_fragment-n100000-w512-m1000-s1111
mask_fragment,86a3c5594a7b0bd7b33efe4c4ffaf5dc0aa17226,early_mask_fragment,512,943.9404999720864,51200000,1.0,100000,1,sha256:1a43e0ddf8cc02438cc76d27ba1cce86da34109d2e43dcc8ed7c9d581b95b39d,6,sha256:3b9b480720dd9a5fd81eee28e9f4d1faa693dd3d53b4be89bfc73dad0dbcfa59,100000,20260717T134222171980Z,1111,mask_fragment-n100000-w512-m1000-s1111
mask_fragment,86a3c5594a7b0bd7b33efe4c4ffaf5dc0aa17226,early_mask_fragment,512,961.0252000275068,51200000,1.0,100000,0,sha256:1a43e0ddf8cc02438cc76d27ba1cce86da34109d2e43dcc8ed7c9d581b95b39d,7,sha256:3b9b480720dd9a5fd81eee28e9f4d1faa693dd3d53b4be89bfc73dad0dbcfa59,100000,20260717T134222171980Z,1111,mask_fragment-n100000-w512-m1000-s1111
mask_fragment,86a3c5594a7b0bd7b33efe4c4ffaf5dc0aa17226,late_mask_fragment,512,880.794899945613,51200000,1.0,100000,1,sha256:92b825cb6ca6efd8c921ae328d9dcd567e5fc1cecda65d185180a168e33b45c9,7,sha256:3b9b480720dd9a5fd81eee28e9f4d1faa693dd3d53b4be89bfc73dad0dbcfa59,100000,20260717T134222171980Z,1111,mask_fragment-n100000-w512-m1000-s1111
mask_fragment,86a3c5594a7b0bd7b33efe4c4ffaf5dc0aa17226,late_mask_fragment,512,922.2216000198387,51200000,1.0,100000,0,sha256:92b825cb6ca6efd8c921ae328d9dcd567e5fc1cecda65d185180a168e33b45c9,8,sha256:3b9b480720dd9a5fd81eee28e9f4d1faa693dd3d53b4be89bfc73dad0dbcfa59,100000,20260717T134222171980Z,1111,mask_fragment-n100000-w512-m1000-s1111
mask_fragment,86a3c5594a7b0bd7b33efe4c4ffaf5dc0aa17226,early_mask_fragment,512,968.5990000143647,51200000,1.0,100000,1,sha256:1a43e0ddf8cc02438cc76d27ba1cce86da34109d2e43dcc8ed7c9d581b95b39d,8,sha256:3b9b480720dd9a5fd81eee28e9f4d1faa693dd3d53b4be89bfc73dad0dbcfa59,100000,20260717T134222171980Z,1111,mask_fragment-n100000-w512-m1000-s1111
mask_fragment,86a3c5594a7b0bd7b33efe4c4ffaf5dc0aa17226,early_mask_fragment,512,817.4675000482239,51200000,1.0,100000,0,sha256:1a43e0ddf8cc02438cc76d27ba1cce86da34109d2e43dcc8ed7c9d581b95b39d,9,sha256:3b9b480720dd9a5fd81eee28e9f4d1faa693dd3d53b4be89bfc73dad0dbcfa59,100000,20260717T134222171980Z,1111,mask_fragment-n100000-w512-m1000-s1111
mask_fragment,86a3c5594a7b0bd7b33efe4c4ffaf5dc0aa17226,late_mask_fragment,512,992.544699984137,51200000,1.0,100000,1,sha256:92b825cb6ca6efd8c921ae328d9dcd567e5fc1cecda65d185180a168e33b45c9,9,sha256:3b9b480720dd9a5fd81eee28e9f4d1faa693dd3d53b4be89bfc73dad0dbcfa59,100000,20260717T134222171980Z,1111,mask_fragment-n100000-w512-m1000-s1111
mask_fragment,86a3c5594a7b0bd7b33efe4c4ffaf5dc0aa17226,late_mask_fragment,512,924.3476999690756,51200000,1.0,100000,0,sha256:92b825cb6ca6efd8c921ae328d9dcd567e5fc1cecda65d185180a168e33b45c9,10,sha256:3b9b480720dd9a5fd81eee28e9f4d1faa693dd3d53b4be89bfc73dad0dbcfa59,100000,20260717T134222171980Z,1111,mask_fragment-n100000-w512-m1000-s1111
mask_fragment,86a3c5594a7b0bd7b33efe4c4ffaf5dc0aa17226,early_mask_fragment,512,960.8745999867097,51200000,1.0,100000,1,sha256:1a43e0ddf8cc02438cc76d27ba1cce86da34109d2e43dcc8ed7c9d581b95b39d,10,sha256:3b9b480720dd9a5fd81eee28e9f4d1faa693dd3d53b4be89bfc73dad0dbcfa59,100000,20260717T134222171980Z,1111,mask_fragment-n100000-w512-m1000-s1111
mask_fragment,86a3c5594a7b0bd7b33efe4c4ffaf5dc0aa17226,early_mask_fragment,512,1029.2080999934115,51200000,1.0,100000,0,sha256:1a43e0ddf8cc02438cc76d27ba1cce86da34109d2e43dcc8ed7c9d581b95b39d,11,sha256:3b9b480720dd9a5fd81eee28e9f4d1faa693dd3d53b4be89bfc73dad0dbcfa59,100000,20260717T134222171980Z,1111,mask_fragment-n100000-w512-m1000-s1111
mask_fragment,86a3c5594a7b0bd7b33efe4c4ffaf5dc0aa17226,late_mask_fragment,512,912.1171000297181,51200000,1.0,100000,1,sha256:92b825cb6ca6efd8c921ae328d9dcd567e5fc1cecda65d185180a168e33b45c9,11,sha256:3b9b480720dd9a5fd81eee28e9f4d1faa693dd3d53b4be89bfc73dad0dbcfa59,100000,20260717T134222171980Z,1111,mask_fragment-n100000-w512-m1000-s1111
mask_fragment,86a3c5594a7b0bd7b33efe4c4ffaf5dc0aa17226,late_mask_fragment,512,969.895499991253,51200000,1.0,100000,0,sha256:92b825cb6ca6efd8c921ae328d9dcd567e5fc1cecda65d185180a168e33b45c9,12,sha256:3b9b480720dd9a5fd81eee28e9f4d1faa693dd3d53b4be89bfc73dad0dbcfa59,100000,20260717T134222171980Z,1111,mask_fragment-n100000-w512-m1000-s1111
mask_fragment,86a3c5594a7b0bd7b33efe4c4ffaf5dc0aa17226,early_mask_fragment,512,838.9102999935858,51200000,1.0,100000,1,sha256:1a43e0ddf8cc02438cc76d27ba1cce86da34109d2e43dcc8ed7c9d581b95b39d,12,sha256:3b9b480720dd9a5fd81eee28e9f4d1faa693dd3d53b4be89bfc73dad0dbcfa59,100000,20260717T134222171980Z,1111,mask_fragment-n100000-w512-m1000-s1111
mask_fragment,86a3c5594a7b0bd7b33efe4c4ffaf5dc0aa17226,early_mask_fragment,512,934.338899969589,51200000,1.0,100000,0,sha256:1a43e0ddf8cc02438cc76d27ba1cce86da34109d2e43dcc8ed7c9d581b95b39d,13,sha256:3b9b480720dd9a5fd81eee28e9f4d1faa693dd3d53b4be89bfc73dad0dbcfa59,100000,20260717T134222171980Z,1111,mask_fragment-n100000-w512-m1000-s1111
mask_fragment,86a3c5594a7b0bd7b33efe4c4ffaf5dc0aa17226,late_mask_fragment,512,992.0723999966867,51200000,1.0,100000,1,sha256:92b825cb6ca6efd8c921ae328d9dcd567e5fc1cecda65d185180a168e33b45c9,13,sha256:3b9b480720dd9a5fd81eee28e9f4d1faa693dd3d53b4be89bfc73dad0dbcfa59,100000,20260717T134222171980Z,1111,mask_fragment-n100000-w512-m1000-s1111
mask_fragment,86a3c5594a7b0bd7b33efe4c4ffaf5dc0aa17226,late_mask_fragment,512,925.9961000061594,51200000,1.0,100000,0,sha256:92b825cb6ca6efd8c921ae328d9dcd567e5fc1cecda65d185180a168e33b45c9,14,sha256:3b9b480720dd9a5fd81eee28e9f4d1faa693dd3d53b4be89bfc73dad0dbcfa59,100000,20260717T134222171980Z,1111,mask_fragment-n100000-w512-m1000-s1111
mask_fragment,86a3c5594a7b0bd7b33efe4c4ffaf5dc0aa17226,early_mask_fragment,512,973.5275999992155,51200000,1.0,100000,1,sha256:1a43e0ddf8cc02438cc76d27ba1cce86da34109d2e43dcc8ed7c9d581b95b39d,14,sha256:3b9b480720dd9a5fd81eee28e9f4d1faa693dd3d53b4be89bfc73dad0dbcfa59,100000,20260717T134222171980Z,1111,mask_fragment-n100000-w512-m1000-s1111
mask_fragment,86a3c5594a7b0bd7b33efe4c4ffaf5dc0aa17226,late_mask_fragment,512,1508.0282000126317,51200000,1.0,100000,0,sha256:92b825cb6ca6efd8c921ae328d9dcd567e5fc1cecda65d185180a168e33b45c9,0,sha256:80c48cb40dfc098b66fc8afd4804451fed95d83cc23aff1d25954bec27b80307,100000,20260717T134222171980Z,1222,mask_fragment-n100000-w512-m1000-s1222
mask_fragment,86a3c5594a7b0bd7b33efe4c4ffaf5dc0aa17226,early_mask_fragment,512,1302.079799992498,51200000,1.0,100000,1,sha256:1a43e0ddf8cc02438cc76d27ba1cce86da34109d2e43dcc8ed7c9d581b95b39d,0,sha256:80c48cb40dfc098b66fc8afd4804451fed95d83cc23aff1d25954bec27b80307,100000,20260717T134222171980Z,1222,mask_fragment-n100000-w512-m1000-s1222
mask_fragment,86a3c5594a7b0bd7b33efe4c4ffaf5dc0aa17226,early_mask_fragment,512,1258.063699991908,51200000,1.0,100000,0,sha256:1a43e0ddf8cc02438cc76d27ba1cce86da34109d2e43dcc8ed7c9d581b95b39d,1,sha256:80c48cb40dfc098b66fc8afd4804451fed95d83cc23aff1d25954bec27b80307,100000,20260717T134222171980Z,1222,mask_fragment-n100000-w512-m1000-s1222
mask_fragment,86a3c5594a7b0bd7b33efe4c4ffaf5dc0aa17226,late_mask_fragment,512,1248.1517999549396,51200000,1.0,100000,1,sha256:92b825cb6ca6efd8c921ae328d9dcd567e5fc1cecda65d185180a168e33b45c9,1,sha256:80c48cb40dfc098b66fc8afd4804451fed95d83cc23aff1d25954bec27b80307,100000,20260717T134222171980Z,1222,mask_fragment-n100000-w512-m1000-s1222
mask_fragment,86a3c5594a7b0bd7b33efe4c4ffaf5dc0aa17226,late_mask_fragment,512,1067.4189999699593,51200000,1.0,100000,0,sha256:92b825cb6ca6efd8c921ae328d9dcd567e5fc1cecda65d185180a168e33b45c9,2,sha256:80c48cb40dfc098b66fc8afd4804451fed95d83cc23aff1d25954bec27b80307,100000,20260717T134222171980Z,1222,mask_fragment-n100000-w512-m1000-s1222
mask_fragment,86a3c5594a7b0bd7b33efe4c4ffaf5dc0aa17226,early_mask_fragment,512,1002.9093000339344,51200000,1.0,100000,1,sha256:1a43e0ddf8cc02438cc76d27ba1cce86da34109d2e43dcc8ed7c9d581b95b39d,2,sha256:80c48cb40dfc098b66fc8afd4804451fed95d83cc23aff1d25954bec27b80307,100000,20260717T134222171980Z,1222,mask_fragment-n100000-w512-m1000-s1222
mask_fragment,86a3c5594a7b0bd7b33efe4c4ffaf5dc0aa17226,early_mask_fragment,512,998.8371999934316,51200000,1.0,100000,0,sha256:1a43e0ddf8cc02438cc76d27ba1cce86da34109d2e43dcc8ed7c9d581b95b39d,3,sha256:80c48cb40dfc098b66fc8afd4804451fed95d83cc23aff1d25954bec27b80307,100000,20260717T134222171980Z,1222,mask_fragment-n100000-w512-m1000-s1222
mask_fragment,86a3c5594a7b0bd7b33efe4c4ffaf5dc0aa17226,late_mask_fragment,512,903.275599994231,51200000,1.0,100000,1,sha256:92b825cb6ca6efd8c921ae328d9dcd567e5fc1cecda65d185180a168e33b45c9,3,sha256:80c48cb40dfc098b66fc8afd4804451fed95d83cc23aff1d25954bec27b80307,100000,20260717T134222171980Z,1222,mask_fragment-n100000-w512-m1000-s1222
mask_fragment,86a3c5594a7b0bd7b33efe4c4ffaf5dc0aa17226,late_mask_fragment,512,808.4037000080571,51200000,1.0,100000,0,sha256:92b825cb6ca6efd8c921ae328d9dcd567e5fc1cecda65d185180a168e33b45c9,4,sha256:80c48cb40dfc098b66fc8afd4804451fed95d83cc23aff1d25954bec27b80307,100000,20260717T134222171980Z,1222,mask_fragment-n100000-w512-m1000-s1222
mask_fragment,86a3c5594a7b0bd7b33efe4c4ffaf5dc0aa17226,early_mask_fragment,512,951.6889000078663,51200000,1.0,100000,1,sha256:1a43e0ddf8cc02438cc76d27ba1cce86da34109d2e43dcc8ed7c9d581b95b39d,4,sha256:80c48cb40dfc098b66fc8afd4804451fed95d83cc23aff1d25954bec27b80307,100000,20260717T134222171980Z,1222,mask_fragment-n100000-w512-m1000-s1222
mask_fragment,86a3c5594a7b0bd7b33efe4c4ffaf5dc0aa17226,early_mask_fragment,512,1138.2669000304304,51200000,1.0,100000,0,sha256:1a43e0ddf8cc02438cc76d27ba1cce86da34109d2e43dcc8ed7c9d581b95b39d,5,sha256:80c48cb40dfc098b66fc8afd4804451fed95d83cc23aff1d25954bec27b80307,100000,20260717T134222171980Z,1222,mask_fragment-n100000-w512-m1000-s1222
mask_fragment,86a3c5594a7b0bd7b33efe4c4ffaf5dc0aa17226,late_mask_fragment,512,984.4703999697231,51200000,1.0,100000,1,sha256:92b825cb6ca6efd8c921ae328d9dcd567e5fc1cecda65d185180a168e33b45c9,5,sha256:80c48cb40dfc098b66fc8afd4804451fed95d83cc23aff1d25954bec27b80307,100000,20260717T134222171980Z,1222,mask_fragment-n100000-w512-m1000-s1222
mask_fragment,86a3c5594a7b0bd7b33efe4c4ffaf5dc0aa17226,late_mask_fragment,512,890.1099999784492,51200000,1.0,100000,0,sha256:92b825cb6ca6efd8c921ae328d9dcd567e5fc1cecda65d185180a168e33b45c9,6,sha256:80c48cb40dfc098b66fc8afd4804451fed95d83cc23aff1d25954bec27b80307,100000,20260717T134222171980Z,1222,mask_fragment-n100000-w512-m1000-s1222
mask_fragment,86a3c5594a7b0bd7b33efe4c4ffaf5dc0aa17226,early_mask_fragment,512,1192.3049000324681,51200000,1.0,100000,1,sha256:1a43e0ddf8cc02438cc76d27ba1cce86da34109d2e43dcc8ed7c9d581b95b39d,6,sha256:80c48cb40dfc098b66fc8afd4804451fed95d83cc23aff1d25954bec27b80307,100000,20260717T134222171980Z,1222,mask_fragment-n100000-w512-m1000-s1222
mask_fragment,86a3c5594a7b0bd7b33efe4c4ffaf5dc0aa17226,early_mask_fragment,512,1190.229800005909,51200000,1.0,100000,0,sha256:1a43e0ddf8cc02438cc76d27ba1cce86da34109d2e43dcc8ed7c9d581b95b39d,7,sha256:80c48cb40dfc098b66fc8afd4804451fed95d83cc23aff1d25954bec27b80307,100000,20260717T134222171980Z,1222,mask_fragment-n100000-w512-m1000-s1222
mask_fragment,86a3c5594a7b0bd7b33efe4c4ffaf5dc0aa17226,late_mask_fragment,512,973.4161999658681,51200000,1.0,100000,1,sha256:92b825cb6ca6efd8c921ae328d9dcd567e5fc1cecda65d185180a168e33b45c9,7,sha256:80c48cb40dfc098b66fc8afd4804451fed95d83cc23aff1d25954bec27b80307,100000,20260717T134222171980Z,1222,mask_fragment-n100000-w512-m1000-s1222
mask_fragment,86a3c5594a7b0bd7b33efe4c4ffaf5dc0aa17226,late_mask_fragment,512,1112.222700030543,51200000,1.0,100000,0,sha256:92b825cb6ca6efd8c921ae328d9dcd567e5fc1cecda65d185180a168e33b45c9,8,sha256:80c48cb40dfc098b66fc8afd4804451fed95d83cc23aff1d25954bec27b80307,100000,20260717T134222171980Z,1222,mask_fragment-n100000-w512-m1000-s1222
mask_fragment,86a3c5594a7b0bd7b33efe4c4ffaf5dc0aa17226,early_mask_fragment,512,1036.1156000290066,51200000,1.0,100000,1,sha256:1a43e0ddf8cc02438cc76d27ba1cce86da34109d2e43dcc8ed7c9d581b95b39d,8,sha256:80c48cb40dfc098b66fc8afd4804451fed95d83cc23aff1d25954bec27b80307,100000,20260717T134222171980Z,1222,mask_fragment-n100000-w512-m1000-s1222
mask_fragment,86a3c5594a7b0bd7b33efe4c4ffaf5dc0aa17226,early_mask_fragment,512,1106.1945999972522,51200000,1.0,100000,0,sha256:1a43e0ddf8cc02438cc76d27ba1cce86da34109d2e43dcc8ed7c9d581b95b39d,9,sha256:80c48cb40dfc098b66fc8afd4804451fed95d83cc23aff1d25954bec27b80307,100000,20260717T134222171980Z,1222,mask_fragment-n100000-w512-m1000-s1222
mask_fragment,86a3c5594a7b0bd7b33efe4c4ffaf5dc0aa17226,late_mask_fragment,512,1034.757899993565,51200000,1.0,100000,1,sha256:92b825cb6ca6efd8c921ae328d9dcd567e5fc1cecda65d185180a168e33b45c9,9,sha256:80c48cb40dfc098b66fc8afd4804451fed95d83cc23aff1d25954bec27b80307,100000,20260717T134222171980Z,1222,mask_fragment-n100000-w512-m1000-s1222
mask_fragment,86a3c5594a7b0bd7b33efe4c4ffaf5dc0aa17226,late_mask_fragment,512,837.5424999976531,51200000,1.0,100000,0,sha256:92b825cb6ca6efd8c921ae328d9dcd567e5fc1cecda65d185180a168e33b45c9,10,sha256:80c48cb40dfc098b66fc8afd4804451fed95d83cc23aff1d25954bec27b80307,100000,20260717T134222171980Z,1222,mask_fragment-n100000-w512-m1000-s1222
mask_fragment,86a3c5594a7b0bd7b33efe4c4ffaf5dc0aa17226,early_mask_fragment,512,932.8763999510556,51200000,1.0,100000,1,sha256:1a43e0ddf8cc02438cc76d27ba1cce86da34109d2e43dcc8ed7c9d581b95b39d,10,sha256:80c48cb40dfc098b66fc8afd4804451fed95d83cc23aff1d25954bec27b80307,100000,20260717T134222171980Z,1222,mask_fragment-n100000-w512-m1000-s1222
mask_fragment,86a3c5594a7b0bd7b33efe4c4ffaf5dc0aa17226,early_mask_fragment,512,994.4216999574564,51200000,1.0,100000,0,sha256:1a43e0ddf8cc02438cc76d27ba1cce86da34109d2e43dcc8ed7c9d581b95b39d,11,sha256:80c48cb40dfc098b66fc8afd4804451fed95d83cc23aff1d25954bec27b80307,100000,20260717T134222171980Z,1222,mask_fragment-n100000-w512-m1000-s1222
mask_fragment,86a3c5594a7b0bd7b33efe4c4ffaf5dc0aa17226,late_mask_fragment,512,1035.6502000358887,51200000,1.0,100000,1,sha256:92b825cb6ca6efd8c921ae328d9dcd567e5fc1cecda65d185180a168e33b45c9,11,sha256:80c48cb40dfc098b66fc8afd4804451fed95d83cc23aff1d25954bec27b80307,100000,20260717T134222171980Z,1222,mask_fragment-n100000-w512-m1000-s1222
mask_fragment,86a3c5594a7b0bd7b33efe4c4ffaf5dc0aa17226,late_mask_fragment,512,991.2899000337347,51200000,1.0,100000,0,sha256:92b825cb6ca6efd8c921ae328d9dcd567e5fc1cecda65d185180a168e33b45c9,12,sha256:80c48cb40dfc098b66fc8afd4804451fed95d83cc23aff1d25954bec27b80307,100000,20260717T134222171980Z,1222,mask_fragment-n100000-w512-m1000-s1222
mask_fragment,86a3c5594a7b0bd7b33efe4c4ffaf5dc0aa17226,early_mask_fragment,512,1116.0074999788776,51200000,1.0,100000,1,sha256:1a43e0ddf8cc02438cc76d27ba1cce86da34109d2e43dcc8ed7c9d581b95b39d,12,sha256:80c48cb40dfc098b66fc8afd4804451fed95d83cc23aff1d25954bec27b80307,100000,20260717T134222171980Z,1222,mask_fragment-n100000-w512-m1000-s1222
mask_fragment,86a3c5594a7b0bd7b33efe4c4ffaf5dc0aa17226,early_mask_fragment,512,1094.7229000157677,51200000,1.0,100000,0,sha256:1a43e0ddf8cc02438cc76d27ba1cce86da34109d2e43dcc8ed7c9d581b95b39d,13,sha256:80c48cb40dfc098b66fc8afd4804451fed95d83cc23aff1d25954bec27b80307,100000,20260717T134222171980Z,1222,mask_fragment-n100000-w512-m1000-s1222
mask_fragment,86a3c5594a7b0bd7b33efe4c4ffaf5dc0aa17226,late_mask_fragment,512,1233.7509000208229,51200000,1.0,100000,1,sha256:92b825cb6ca6efd8c921ae328d9dcd567e5fc1cecda65d185180a168e33b45c9,13,sha256:80c48cb40dfc098b66fc8afd4804451fed95d83cc23aff1d25954bec27b80307,100000,20260717T134222171980Z,1222,mask_fragment-n100000-w512-m1000-s1222
mask_fragment,86a3c5594a7b0bd7b33efe4c4ffaf5dc0aa17226,late_mask_fragment,512,1110.5340999783948,51200000,1.0,100000,0,sha256:92b825cb6ca6efd8c921ae328d9dcd567e5fc1cecda65d185180a168e33b45c9,14,sha256:80c48cb40dfc098b66fc8afd4804451fed95d83cc23aff1d25954bec27b80307,100000,20260717T134222171980Z,1222,mask_fragment-n100000-w512-m1000-s1222
mask_fragment,86a3c5594a7b0bd7b33efe4c4ffaf5dc0aa17226,early_mask_fragment,512,1042.1442999504507,51200000,1.0,100000,1,sha256:1a43e0ddf8cc02438cc76d27ba1cce86da34109d2e43dcc8ed7c9d581b95b39d,14,sha256:80c48cb40dfc098b66fc8afd4804451fed95d83cc23aff1d25954bec27b80307,100000,20260717T134222171980Z,1222,mask_fragment-n100000-w512-m1000-s1222
mask_fragment,86a3c5594a7b0bd7b33efe4c4ffaf5dc0aa17226,early_mask_fragment,512,893.7852999661118,51200000,1.0,100000,0,sha256:1a43e0ddf8cc02438cc76d27ba1cce86da34109d2e43dcc8ed7c9d581b95b39d,0,sha256:846d75345eede155115fd6d9e7bd98fc3ff7bd690d1fdd58bfcbbae3db0d87ea,100000,20260717T134222171980Z,1333,mask_fragment-n100000-w512-m1000-s1333
mask_fragment,86a3c5594a7b0bd7b33efe4c4ffaf5dc0aa17226,late_mask_fragment,512,1094.4035000284202,51200000,1.0,100000,1,sha256:92b825cb6ca6efd8c921ae328d9dcd567e5fc1cecda65d185180a168e33b45c9,0,sha256:846d75345eede155115fd6d9e7bd98fc3ff7bd690d1fdd58bfcbbae3db0d87ea,100000,20260717T134222171980Z,1333,mask_fragment-n100000-w512-m1000-s1333
mask_fragment,86a3c5594a7b0bd7b33efe4c4ffaf5dc0aa17226,late_mask_fragment,512,988.2784000365064,51200000,1.0,100000,0,sha256:92b825cb6ca6efd8c921ae328d9dcd567e5fc1cecda65d185180a168e33b45c9,1,sha256:846d75345eede155115fd6d9e7bd98fc3ff7bd690d1fdd58bfcbbae3db0d87ea,100000,20260717T134222171980Z,1333,mask_fragment-n100000-w512-m1000-s1333
mask_fragment,86a3c5594a7b0bd7b33efe4c4ffaf5dc0aa17226,early_mask_fragment,512,928.6058999714442,51200000,1.0,100000,1,sha256:1a43e0ddf8cc02438cc76d27ba1cce86da34109d2e43dcc8ed7c9d581b95b39d,1,sha256:846d75345eede155115fd6d9e7bd98fc3ff7bd690d1fdd58bfcbbae3db0d87ea,100000,20260717T134222171980Z,1333,mask_fragment-n100000-w512-m1000-s1333
mask_fragment,86a3c5594a7b0bd7b33efe4c4ffaf5dc0aa17226,early_mask_fragment,512,980.298499984201,51200000,1.0,100000,0,sha256:1a43e0ddf8cc02438cc76d27ba1cce86da34109d2e43dcc8ed7c9d581b95b39d,2,sha256:846d75345eede155115fd6d9e7bd98fc3ff7bd690d1fdd58bfcbbae3db0d87ea,100000,20260717T134222171980Z,1333,mask_fragment-n100000-w512-m1000-s1333
mask_fragment,86a3c5594a7b0bd7b33efe4c4ffaf5dc0aa17226,late_mask_fragment,512,865.700000023935,51200000,1.0,100000,1,sha256:92b825cb6ca6efd8c921ae328d9dcd567e5fc1cecda65d185180a168e33b45c9,2,sha256:846d75345eede155115fd6d9e7bd98fc3ff7bd690d1fdd58bfcbbae3db0d87ea,100000,20260717T134222171980Z,1333,mask_fragment-n100000-w512-m1000-s1333
mask_fragment,86a3c5594a7b0bd7b33efe4c4ffaf5dc0aa17226,late_mask_fragment,512,948.5670000431128,51200000,1.0,100000,0,sha256:92b825cb6ca6efd8c921ae328d9dcd567e5fc1cecda65d185180a168e33b45c9,3,sha256:846d75345eede155115fd6d9e7bd98fc3ff7bd690d1fdd58bfcbbae3db0d87ea,100000,20260717T134222171980Z,1333,mask_fragment-n100000-w512-m1000-s1333
mask_fragment,86a3c5594a7b0bd7b33efe4c4ffaf5dc0aa17226,early_mask_fragment,512,963.6739999987185,51200000,1.0,100000,1,sha256:1a43e0ddf8cc02438cc76d27ba1cce86da34109d2e43dcc8ed7c9d581b95b39d,3,sha256:846d75345eede155115fd6d9e7bd98fc3ff7bd690d1fdd58bfcbbae3db0d87ea,100000,20260717T134222171980Z,1333,mask_fragment-n100000-w512-m1000-s1333
mask_fragment,86a3c5594a7b0bd7b33efe4c4ffaf5dc0aa17226,early_mask_fragment,512,952.1367000415921,51200000,1.0,100000,0,sha256:1a43e0ddf8cc02438cc76d27ba1cce86da34109d2e43dcc8ed7c9d581b95b39d,4,sha256:846d75345eede155115fd6d9e7bd98fc3ff7bd690d1fdd58bfcbbae3db0d87ea,100000,20260717T134222171980Z,1333,mask_fragment-n100000-w512-m1000-s1333
mask_fragment,86a3c5594a7b0bd7b33efe4c4ffaf5dc0aa17226,late_mask_fragment,512,1027.8935999958776,51200000,1.0,100000,1,sha256:92b825cb6ca6efd8c921ae328d9dcd567e5fc1cecda65d185180a168e33b45c9,4,sha256:846d75345eede155115fd6d9e7bd98fc3ff7bd690d1fdd58bfcbbae3db0d87ea,100000,20260717T134222171980Z,1333,mask_fragment-n100000-w512-m1000-s1333
mask_fragment,86a3c5594a7b0bd7b33efe4c4ffaf5dc0aa17226,late_mask_fragment,512,980.7880999869667,51200000,1.0,100000,0,sha256:92b825cb6ca6efd8c921ae328d9dcd567e5fc1cecda65d185180a168e33b45c9,5,sha256:846d75345eede155115fd6d9e7bd98fc3ff7bd690d1fdd58bfcbbae3db0d87ea,100000,20260717T134222171980Z,1333,mask_fragment-n100000-w512-m1000-s1333
mask_fragment,86a3c5594a7b0bd7b33efe4c4ffaf5dc0aa17226,early_mask_fragment,512,945.2171000302769,51200000,1.0,100000,1,sha256:1a43e0ddf8cc02438cc76d27ba1cce86da34109d2e43dcc8ed7c9d581b95b39d,5,sha256:846d75345eede155115fd6d9e7bd98fc3ff7bd690d1fdd58bfcbbae3db0d87ea,100000,20260717T134222171980Z,1333,mask_fragment-n100000-w512-m1000-s1333
mask_fragment,86a3c5594a7b0bd7b33efe4c4ffaf5dc0aa17226,early_mask_fragment,512,994.3533000187017,51200000,1.0,100000,0,sha256:1a43e0ddf8cc02438cc76d27ba1cce86da34109d2e43dcc8ed7c9d581b95b39d,6,sha256:846d75345eede155115fd6d9e7bd98fc3ff7bd690d1fdd58bfcbbae3db0d87ea,100000,20260717T134222171980Z,1333,mask_fragment-n100000-w512-m1000-s1333
mask_fragment,86a3c5594a7b0bd7b33efe4c4ffaf5dc0aa17226,late_mask_fragment,512,863.444599963259,51200000,1.0,100000,1,sha256:92b825cb6ca6efd8c921ae328d9dcd567e5fc1cecda65d185180a168e33b45c9,6,sha256:846d75345eede155115fd6d9e7bd98fc3ff7bd690d1fdd58bfcbbae3db0d87ea,100000,20260717T134222171980Z,1333,mask_fragment-n100000-w512-m1000-s1333
mask_fragment,86a3c5594a7b0bd7b33efe4c4ffaf5dc0aa17226,late_mask_fragment,512,835.4098999989219,51200000,1.0,100000,0,sha256:92b825cb6ca6efd8c921ae328d9dcd567e5fc1cecda65d185180a168e33b45c9,7,sha256:846d75345eede155115fd6d9e7bd98fc3ff7bd690d1fdd58bfcbbae3db0d87ea,100000,20260717T134222171980Z,1333,mask_fragment-n100000-w512-m1000-s1333
mask_fragment,86a3c5594a7b0bd7b33efe4c4ffaf5dc0aa17226,early_mask_fragment,512,1034.254600002896,51200000,1.0,100000,1,sha256:1a43e0ddf8cc02438cc76d27ba1cce86da34109d2e43dcc8ed7c9d581b95b39d,7,sha256:846d75345eede155115fd6d9e7bd98fc3ff7bd690d1fdd58bfcbbae3db0d87ea,100000,20260717T134222171980Z,1333,mask_fragment-n100000-w512-m1000-s1333
mask_fragment,86a3c5594a7b0bd7b33efe4c4ffaf5dc0aa17226,early_mask_fragment,512,1209.763299964834,51200000,1.0,100000,0,sha256:1a43e0ddf8cc02438cc76d27ba1cce86da34109d2e43dcc8ed7c9d581b95b39d,8,sha256:846d75345eede155115fd6d9e7bd98fc3ff7bd690d1fdd58bfcbbae3db0d87ea,100000,20260717T134222171980Z,1333,mask_fragment-n100000-w512-m1000-s1333
mask_fragment,86a3c5594a7b0bd7b33efe4c4ffaf5dc0aa17226,late_mask_fragment,512,1246.7524000094272,51200000,1.0,100000,1,sha256:92b825cb6ca6efd8c921ae328d9dcd567e5fc1cecda65d185180a168e33b45c9,8,sha256:846d75345eede155115fd6d9e7bd98fc3ff7bd690d1fdd58bfcbbae3db0d87ea,100000,20260717T134222171980Z,1333,mask_fragment-n100000-w512-m1000-s1333
mask_fragment,86a3c5594a7b0bd7b33efe4c4ffaf5dc0aa17226,late_mask_fragment,512,1236.3575999625027,51200000,1.0,100000,0,sha256:92b825cb6ca6efd8c921ae328d9dcd567e5fc1cecda65d185180a168e33b45c9,9,sha256:846d75345eede155115fd6d9e7bd98fc3ff7bd690d1fdd58bfcbbae3db0d87ea,100000,20260717T134222171980Z,1333,mask_fragment-n100000-w512-m1000-s1333
mask_fragment,86a3c5594a7b0bd7b33efe4c4ffaf5dc0aa17226,early_mask_fragment,512,1010.5436000158079,51200000,1.0,100000,1,sha256:1a43e0ddf8cc02438cc76d27ba1cce86da34109d2e43dcc8ed7c9d581b95b39d,9,sha256:846d75345eede155115fd6d9e7bd98fc3ff7bd690d1fdd58bfcbbae3db0d87ea,100000,20260717T134222171980Z,1333,mask_fragment-n100000-w512-m1000-s1333
mask_fragment,86a3c5594a7b0bd7b33efe4c4ffaf5dc0aa17226,early_mask_fragment,512,977.9148000525311,51200000,1.0,100000,0,sha256:1a43e0ddf8cc02438cc76d27ba1cce86da34109d2e43dcc8ed7c9d581b95b39d,10,sha256:846d75345eede155115fd6d9e7bd98fc3ff7bd690d1fdd58bfcbbae3db0d87ea,100000,20260717T134222171980Z,1333,mask_fragment-n100000-w512-m1000-s1333
mask_fragment,86a3c5594a7b0bd7b33efe4c4ffaf5dc0aa17226,late_mask_fragment,512,965.0302999652922,51200000,1.0,100000,1,sha256:92b825cb6ca6efd8c921ae328d9dcd567e5fc1cecda65d185180a168e33b45c9,10,sha256:846d75345eede155115fd6d9e7bd98fc3ff7bd690d1fdd58bfcbbae3db0d87ea,100000,20260717T134222171980Z,1333,mask_fragment-n100000-w512-m1000-s1333
mask_fragment,86a3c5594a7b0bd7b33efe4c4ffaf5dc0aa17226,late_mask_fragment,512,979.1363999829628,51200000,1.0,100000,0,sha256:92b825cb6ca6efd8c921ae328d9dcd567e5fc1cecda65d185180a168e33b45c9,11,sha256:846d75345eede155115fd6d9e7bd98fc3ff7bd690d1fdd58bfcbbae3db0d87ea,100000,20260717T134222171980Z,1333,mask_fragment-n100000-w512-m1000-s1333
mask_fragment,86a3c5594a7b0bd7b33efe4c4ffaf5dc0aa17226,early_mask_fragment,512,952.6203999994323,51200000,1.0,100000,1,sha256:1a43e0ddf8cc02438cc76d27ba1cce86da34109d2e43dcc8ed7c9d581b95b39d,11,sha256:846d75345eede155115fd6d9e7bd98fc3ff7bd690d1fdd58bfcbbae3db0d87ea,100000,20260717T134222171980Z,1333,mask_fragment-n100000-w512-m1000-s1333
mask_fragment,86a3c5594a7b0bd7b33efe4c4ffaf5dc0aa17226,early_mask_fragment,512,954.4767000479624,51200000,1.0,100000,0,sha256:1a43e0ddf8cc02438cc76d27ba1cce86da34109d2e43dcc8ed7c9d581b95b39d,12,sha256:846d75345eede155115fd6d9e7bd98fc3ff7bd690d1fdd58bfcbbae3db0d87ea,100000,20260717T134222171980Z,1333,mask_fragment-n100000-w512-m1000-s1333
mask_fragment,86a3c5594a7b0bd7b33efe4c4ffaf5dc0aa17226,late_mask_fragment,512,931.835499999579,51200000,1.0,100000,1,sha256:92b825cb6ca6efd8c921ae328d9dcd567e5fc1cecda65d185180a168e33b45c9,12,sha256:846d75345eede155115fd6d9e7bd98fc3ff7bd690d1fdd58bfcbbae3db0d87ea,100000,20260717T134222171980Z,1333,mask_fragment-n100000-w512-m1000-s1333
mask_fragment,86a3c5594a7b0bd7b33efe4c4ffaf5dc0aa17226,late_mask_fragment,512,981.692600005772,51200000,1.0,100000,0,sha256:92b825cb6ca6efd8c921ae328d9dcd567e5fc1cecda65d185180a168e33b45c9,13,sha256:846d75345eede155115fd6d9e7bd98fc3ff7bd690d1fdd58bfcbbae3db0d87ea,100000,20260717T134222171980Z,1333,mask_fragment-n100000-w512-m1000-s1333
mask_fragment,86a3c5594a7b0bd7b33efe4c4ffaf5dc0aa17226,early_mask_fragment,512,941.6100999806076,51200000,1.0,100000,1,sha256:1a43e0ddf8cc02438cc76d27ba1cce86da34109d2e43dcc8ed7c9d581b95b39d,13,sha256:846d75345eede155115fd6d9e7bd98fc3ff7bd690d1fdd58bfcbbae3db0d87ea,100000,20260717T134222171980Z,1333,mask_fragment-n100000-w512-m1000-s1333
mask_fragment,86a3c5594a7b0bd7b33efe4c4ffaf5dc0aa17226,early_mask_fragment,512,930.5070000118576,51200000,1.0,100000,0,sha256:1a43e0ddf8cc02438cc76d27ba1cce86da34109d2e43dcc8ed7c9d581b95b39d,14,sha256:846d75345eede155115fd6d9e7bd98fc3ff7bd690d1fdd58bfcbbae3db0d87ea,100000,20260717T134222171980Z,1333,mask_fragment-n100000-w512-m1000-s1333
mask_fragment,86a3c5594a7b0bd7b33efe4c4ffaf5dc0aa17226,late_mask_fragment,512,947.9315999778919,51200000,1.0,100000,1,sha256:92b825cb6ca6efd8c921ae328d9dcd567e5fc1cecda65d185180a168e33b45c9,14,sha256:846d75345eede155115fd6d9e7bd98fc3ff7bd690d1fdd58bfcbbae3db0d87ea,100000,20260717T134222171980Z,1333,mask_fragment-n100000-w512-m1000-s1333
mask_fragment,86a3c5594a7b0bd7b33efe4c4ffaf5dc0aa17226,late_mask_fragment,512,809.2223000130616,51200000,1.0,100000,0,sha256:92b825cb6ca6efd8c921ae328d9dcd567e5fc1cecda65d185180a168e33b45c9,0,sha256:04da6ec19c882c6e18123d54337d8616cd9ce0b333a40651287c6f1eba703805,100000,20260717T134222171980Z,1444,mask_fragment-n100000-w512-m1000-s1444
mask_fragment,86a3c5594a7b0bd7b33efe4c4ffaf5dc0aa17226,early_mask_fragment,512,796.6967999818735,51200000,1.0,100000,1,sha256:1a43e0ddf8cc02438cc76d27ba1cce86da34109d2e43dcc8ed7c9d581b95b39d,0,sha256:04da6ec19c882c6e18123d54337d8616cd9ce0b333a40651287c6f1eba703805,100000,20260717T134222171980Z,1444,mask_fragment-n100000-w512-m1000-s1444
mask_fragment,86a3c5594a7b0bd7b33efe4c4ffaf5dc0aa17226,early_mask_fragment,512,903.5008000209928,51200000,1.0,100000,0,sha256:1a43e0ddf8cc02438cc76d27ba1cce86da34109d2e43dcc8ed7c9d581b95b39d,1,sha256:04da6ec19c882c6e18123d54337d8616cd9ce0b333a40651287c6f1eba703805,100000,20260717T134222171980Z,1444,mask_fragment-n100000-w512-m1000-s1444
mask_fragment,86a3c5594a7b0bd7b33efe4c4ffaf5dc0aa17226,late_mask_fragment,512,953.5198999801651,51200000,1.0,100000,1,sha256:92b825cb6ca6efd8c921ae328d9dcd567e5fc1cecda65d185180a168e33b45c9,1,sha256:04da6ec19c882c6e18123d54337d8616cd9ce0b333a40651287c6f1eba703805,100000,20260717T134222171980Z,1444,mask_fragment-n100000-w512-m1000-s1444
mask_fragment,86a3c5594a7b0bd7b33efe4c4ffaf5dc0aa17226,late_mask_fragment,512,833.9328999863937,51200000,1.0,100000,0,sha256:92b825cb6ca6efd8c921ae328d9dcd567e5fc1cecda65d185180a168e33b45c9,2,sha256:04da6ec19c882c6e18123d54337d8616cd9ce0b333a40651287c6f1eba703805,100000,20260717T134222171980Z,1444,mask_fragment-n100000-w512-m1000-s1444
mask_fragment,86a3c5594a7b0bd7b33efe4c4ffaf5dc0aa17226,early_mask_fragment,512,889.3858999945223,51200000,1.0,100000,1,sha256:1a43e0ddf8cc02438cc76d27ba1cce86da34109d2e43dcc8ed7c9d581b95b39d,2,sha256:04da6ec19c882c6e18123d54337d8616cd9ce0b333a40651287c6f1eba703805,100000,20260717T134222171980Z,1444,mask_fragment-n100000-w512-m1000-s1444
mask_fragment,86a3c5594a7b0bd7b33efe4c4ffaf5dc0aa17226,early_mask_fragment,512,1216.184000018984,51200000,1.0,100000,0,sha256:1a43e0ddf8cc02438cc76d27ba1cce86da34109d2e43dcc8ed7c9d581b95b39d,3,sha256:04da6ec19c882c6e18123d54337d8616cd9ce0b333a40651287c6f1eba703805,100000,20260717T134222171980Z,1444,mask_fragment-n100000-w512-m1000-s1444
mask_fragment,86a3c5594a7b0bd7b33efe4c4ffaf5dc0aa17226,late_mask_fragment,512,1101.282599964179,51200000,1.0,100000,1,sha256:92b825cb6ca6efd8c921ae328d9dcd567e5fc1cecda65d185180a168e33b45c9,3,sha256:04da6ec19c882c6e18123d54337d8616cd9ce0b333a40651287c6f1eba703805,100000,20260717T134222171980Z,1444,mask_fragment-n100000-w512-m1000-s1444
mask_fragment,86a3c5594a7b0bd7b33efe4c4ffaf5dc0aa17226,late_mask_fragment,512,1124.1989000118338,51200000,1.0,100000,0,sha256:92b825cb6ca6efd8c921ae328d9dcd567e5fc1cecda65d185180a168e33b45c9,4,sha256:04da6ec19c882c6e18123d54337d8616cd9ce0b333a40651287c6f1eba703805,100000,20260717T134222171980Z,1444,mask_fragment-n100000-w512-m1000-s1444
mask_fragment,86a3c5594a7b0bd7b33efe4c4ffaf5dc0aa17226,early_mask_fragment,512,1212.0590000413358,51200000,1.0,100000,1,sha256:1a43e0ddf8cc02438cc76d27ba1cce86da34109d2e43dcc8ed7c9d581b95b39d,4,sha256:04da6ec19c882c6e18123d54337d8616cd9ce0b333a40651287c6f1eba703805,100000,20260717T134222171980Z,1444,mask_fragment-n100000-w512-m1000-s1444
mask_fragment,86a3c5594a7b0bd7b33efe4c4ffaf5dc0aa17226,early_mask_fragment,512,991.522399999667,51200000,1.0,100000,0,sha256:1a43e0ddf8cc02438cc76d27ba1cce86da34109d2e43dcc8ed7c9d581b95b39d,5,sha256:04da6ec19c882c6e18123d54337d8616cd9ce0b333a40651287c6f1eba703805,100000,20260717T134222171980Z,1444,mask_fragment-n100000-w512-m1000-s1444
mask_fragment,86a3c5594a7b0bd7b33efe4c4ffaf5dc0aa17226,late_mask_fragment,512,852.7148000430316,51200000,1.0,100000,1,sha256:92b825cb6ca6efd8c921ae328d9dcd567e5fc1cecda65d185180a168e33b45c9,5,sha256:04da6ec19c882c6e18123d54337d8616cd9ce0b333a40651287c6f1eba703805,100000,20260717T134222171980Z,1444,mask_fragment-n100000-w512-m1000-s1444
mask_fragment,86a3c5594a7b0bd7b33efe4c4ffaf5dc0aa17226,late_mask_fragment,512,802.5882999645546,51200000,1.0,100000,0,sha256:92b825cb6ca6efd8c921ae328d9dcd567e5fc1cecda65d185180a168e33b45c9,6,sha256:04da6ec19c882c6e18123d54337d8616cd9ce0b333a40651287c6f1eba703805,100000,20260717T134222171980Z,1444,mask_fragment-n100000-w512-m1000-s1444
mask_fragment,86a3c5594a7b0bd7b33efe4c4ffaf5dc0aa17226,early_mask_fragment,512,946.460000006482,51200000,1.0,100000,1,sha256:1a43e0ddf8cc02438cc76d27ba1cce86da34109d2e43dcc8ed7c9d581b95b39d,6,sha256:04da6ec19c882c6e18123d54337d8616cd9ce0b333a40651287c6f1eba703805,100000,20260717T134222171980Z,1444,mask_fragment-n100000-w512-m1000-s1444
mask_fragment,86a3c5594a7b0bd7b33efe4c4ffaf5dc0aa17226,early_mask_fragment,512,996.967900020536,51200000,1.0,100000,0,sha256:1a43e0ddf8cc02438cc76d27ba1cce86da34109d2e43dcc8ed7c9d581b95b39d,7,sha256:04da6ec19c882c6e18123d54337d8616cd9ce0b333a40651287c6f1eba703805,100000,20260717T134222171980Z,1444,mask_fragment-n100000-w512-m1000-s1444
mask_fragment,86a3c5594a7b0bd7b33efe4c4ffaf5dc0aa17226,late_mask_fragment,512,832.3139999993145,51200000,1.0,100000,1,sha256:92b825cb6ca6efd8c921ae328d9dcd567e5fc1cecda65d185180a168e33b45c9,7,sha256:04da6ec19c882c6e18123d54337d8616cd9ce0b333a40651287c6f1eba703805,100000,20260717T134222171980Z,1444,mask_fragment-n100000-w512-m1000-s1444
mask_fragment,86a3c5594a7b0bd7b33efe4c4ffaf5dc0aa17226,late_mask_fragment,512,987.8584000398405,51200000,1.0,100000,0,sha256:92b825cb6ca6efd8c921ae328d9dcd567e5fc1cecda65d185180a168e33b45c9,8,sha256:04da6ec19c882c6e18123d54337d8616cd9ce0b333a40651287c6f1eba703805,100000,20260717T134222171980Z,1444,mask_fragment-n100000-w512-m1000-s1444
mask_fragment,86a3c5594a7b0bd7b33efe4c4ffaf5dc0aa17226,early_mask_fragment,512,1064.628799969796,51200000,1.0,100000,1,sha256:1a43e0ddf8cc02438cc76d27ba1cce86da34109d2e43dcc8ed7c9d581b95b39d,8,sha256:04da6ec19c882c6e18123d54337d8616cd9ce0b333a40651287c6f1eba703805,100000,20260717T134222171980Z,1444,mask_fragment-n100000-w512-m1000-s1444
mask_fragment,86a3c5594a7b0bd7b33efe4c4ffaf5dc0aa17226,early_mask_fragment,512,936.0905000357889,51200000,1.0,100000,0,sha256:1a43e0ddf8cc02438cc76d27ba1cce86da34109d2e43dcc8ed7c9d581b95b39d,9,sha256:04da6ec19c882c6e18123d54337d8616cd9ce0b333a40651287c6f1eba703805,100000,20260717T134222171980Z,1444,mask_fragment-n100000-w512-m1000-s1444
mask_fragment,86a3c5594a7b0bd7b33efe4c4ffaf5dc0aa17226,late_mask_fragment,512,1005.0224000005983,51200000,1.0,100000,1,sha256:92b825cb6ca6efd8c921ae328d9dcd567e5fc1cecda65d185180a168e33b45c9,9,sha256:04da6ec19c882c6e18123d54337d8616cd9ce0b333a40651287c6f1eba703805,100000,20260717T134222171980Z,1444,mask_fragment-n100000-w512-m1000-s1444
mask_fragment,86a3c5594a7b0bd7b33efe4c4ffaf5dc0aa17226,late_mask_fragment,512,861.2456999835558,51200000,1.0,100000,0,sha256:92b825cb6ca6efd8c921ae328d9dcd567e5fc1cecda65d185180a168e33b45c9,10,sha256:04da6ec19c882c6e18123d54337d8616cd9ce0b333a40651287c6f1eba703805,100000,20260717T134222171980Z,1444,mask_fragment-n100000-w512-m1000-s1444
mask_fragment,86a3c5594a7b0bd7b33efe4c4ffaf5dc0aa17226,early_mask_fragment,512,932.5231999973767,51200000,1.0,100000,1,sha256:1a43e0ddf8cc02438cc76d27ba1cce86da34109d2e43dcc8ed7c9d581b95b39d,10,sha256:04da6ec19c882c6e18123d54337d8616cd9ce0b333a40651287c6f1eba703805,100000,20260717T134222171980Z,1444,mask_fragment-n100000-w512-m1000-s1444
mask_fragment,86a3c5594a7b0bd7b33efe4c4ffaf5dc0aa17226,early_mask_fragment,512,964.9485999834724,51200000,1.0,100000,0,sha256:1a43e0ddf8cc02438cc76d27ba1cce86da34109d2e43dcc8ed7c9d581b95b39d,11,sha256:04da6ec19c882c6e18123d54337d8616cd9ce0b333a40651287c6f1eba703805,100000,20260717T134222171980Z,1444,mask_fragment-n100000-w512-m1000-s1444
mask_fragment,86a3c5594a7b0bd7b33efe4c4ffaf5dc0aa17226,late_mask_fragment,512,931.4338000258431,51200000,1.0,100000,1,sha256:92b825cb6ca6efd8c921ae328d9dcd567e5fc1cecda65d185180a168e33b45c9,11,sha256:04da6ec19c882c6e18123d54337d8616cd9ce0b333a40651287c6f1eba703805,100000,20260717T134222171980Z,1444,mask_fragment-n100000-w512-m1000-s1444
mask_fragment,86a3c5594a7b0bd7b33efe4c4ffaf5dc0aa17226,late_mask_fragment,512,1008.4551000036299,51200000,1.0,100000,0,sha256:92b825cb6ca6efd8c921ae328d9dcd567e5fc1cecda65d185180a168e33b45c9,12,sha256:04da6ec19c882c6e18123d54337d8616cd9ce0b333a40651287c6f1eba703805,100000,20260717T134222171980Z,1444,mask_fragment-n100000-w512-m1000-s1444
mask_fragment,86a3c5594a7b0bd7b33efe4c4ffaf5dc0aa17226,early_mask_fragment,512,1349.4317999575287,51200000,1.0,100000,1,sha256:1a43e0ddf8cc02438cc76d27ba1cce86da34109d2e43dcc8ed7c9d581b95b39d,12,sha256:04da6ec19c882c6e18123d54337d8616cd9ce0b333a40651287c6f1eba703805,100000,20260717T134222171980Z,1444,mask_fragment-n100000-w512-m1000-s1444
mask_fragment,86a3c5594a7b0bd7b33efe4c4ffaf5dc0aa17226,early_mask_fragment,512,1232.469700044021,51200000,1.0,100000,0,sha256:1a43e0ddf8cc02438cc76d27ba1cce86da34109d2e43dcc8ed7c9d581b95b39d,13,sha256:04da6ec19c882c6e18123d54337d8616cd9ce0b333a40651287c6f1eba703805,100000,20260717T134222171980Z,1444,mask_fragment-n100000-w512-m1000-s1444
mask_fragment,86a3c5594a7b0bd7b33efe4c4ffaf5dc0aa17226,late_mask_fragment,512,1327.6782000320964,51200000,1.0,100000,1,sha256:92b825cb6ca6efd8c921ae328d9dcd567e5fc1cecda65d185180a168e33b45c9,13,sha256:04da6ec19c882c6e18123d54337d8616cd9ce0b333a40651287c6f1eba703805,100000,20260717T134222171980Z,1444,mask_fragment-n100000-w512-m1000-s1444
mask_fragment,86a3c5594a7b0bd7b33efe4c4ffaf5dc0aa17226,late_mask_fragment,512,1265.3034999966621,51200000,1.0,100000,0,sha256:92b825cb6ca6efd8c921ae328d9dcd567e5fc1cecda65d185180a168e33b45c9,14,sha256:04da6ec19c882c6e18123d54337d8616cd9ce0b333a40651287c6f1eba703805,100000,20260717T134222171980Z,1444,mask_fragment-n100000-w512-m1000-s1444
mask_fragment,86a3c5594a7b0bd7b33efe4c4ffaf5dc0aa17226,early_mask_fragment,512,1254.4827000238001,51200000,1.0,100000,1,sha256:1a43e0ddf8cc02438cc76d27ba1cce86da34109d2e43dcc8ed7c9d581b95b39d,14,sha256:04da6ec19c882c6e18123d54337d8616cd9ce0b333a40651287c6f1eba703805,100000,20260717T134222171980Z,1444,mask_fragment-n100000-w512-m1000-s1444
mask_fragment,86a3c5594a7b0bd7b33efe4c4ffaf5dc0aa17226,late_mask_fragment,512,851.1909000226296,51200000,1.0,100000,0,sha256:92b825cb6ca6efd8c921ae328d9dcd567e5fc1cecda65d185180a168e33b45c9,0,sha256:381759ee7b637900cb6f0d4e7c26e44a508fbf9cc59969c00d65b47a07c0d333,100000,20260717T134222171980Z,1555,mask_fragment-n100000-w512-m1000-s1555
mask_fragment,86a3c5594a7b0bd7b33efe4c4ffaf5dc0aa17226,early_mask_fragment,512,1001.1972999782301,51200000,1.0,100000,1,sha256:1a43e0ddf8cc02438cc76d27ba1cce86da34109d2e43dcc8ed7c9d581b95b39d,0,sha256:381759ee7b637900cb6f0d4e7c26e44a508fbf9cc59969c00d65b47a07c0d333,100000,20260717T134222171980Z,1555,mask_fragment-n100000-w512-m1000-s1555
mask_fragment,86a3c5594a7b0bd7b33efe4c4ffaf5dc0aa17226,early_mask_fragment,512,959.960600011982,51200000,1.0,100000,0,sha256:1a43e0ddf8cc02438cc76d27ba1cce86da34109d2e43dcc8ed7c9d581b95b39d,1,sha256:381759ee7b637900cb6f0d4e7c26e44a508fbf9cc59969c00d65b47a07c0d333,100000,20260717T134222171980Z,1555,mask_fragment-n100000-w512-m1000-s1555
mask_fragment,86a3c5594a7b0bd7b33efe4c4ffaf5dc0aa17226,late_mask_fragment,512,836.6292999708094,51200000,1.0,100000,1,sha256:92b825cb6ca6efd8c921ae328d9dcd567e5fc1cecda65d185180a168e33b45c9,1,sha256:381759ee7b637900cb6f0d4e7c26e44a508fbf9cc59969c00d65b47a07c0d333,100000,20260717T134222171980Z,1555,mask_fragment-n100000-w512-m1000-s1555
mask_fragment,86a3c5594a7b0bd7b33efe4c4ffaf5dc0aa17226,late_mask_fragment,512,862.1617000317201,51200000,1.0,100000,0,sha256:92b825cb6ca6efd8c921ae328d9dcd567e5fc1cecda65d185180a168e33b45c9,2,sha256:381759ee7b637900cb6f0d4e7c26e44a508fbf9cc59969c00d65b47a07c0d333,100000,20260717T134222171980Z,1555,mask_fragment-n100000-w512-m1000-s1555
mask_fragment,86a3c5594a7b0bd7b33efe4c4ffaf5dc0aa17226,early_mask_fragment,512,811.3154000020586,51200000,1.0,100000,1,sha256:1a43e0ddf8cc02438cc76d27ba1cce86da34109d2e43dcc8ed7c9d581b95b39d,2,sha256:381759ee7b637900cb6f0d4e7c26e44a508fbf9cc59969c00d65b47a07c0d333,100000,20260717T134222171980Z,1555,mask_fragment-n100000-w512-m1000-s1555
mask_fragment,86a3c5594a7b0bd7b33efe4c4ffaf5dc0aa17226,early_mask_fragment,512,850.4495999659412,51200000,1.0,100000,0,sha256:1a43e0ddf8cc02438cc76d27ba1cce86da34109d2e43dcc8ed7c9d581b95b39d,3,sha256:381759ee7b637900cb6f0d4e7c26e44a508fbf9cc59969c00d65b47a07c0d333,100000,20260717T134222171980Z,1555,mask_fragment-n100000-w512-m1000-s1555
mask_fragment,86a3c5594a7b0bd7b33efe4c4ffaf5dc0aa17226,late_mask_fragment,512,1133.278799999971,51200000,1.0,100000,1,sha256:92b825cb6ca6efd8c921ae328d9dcd567e5fc1cecda65d185180a168e33b45c9,3,sha256:381759ee7b637900cb6f0d4e7c26e44a508fbf9cc59969c00d65b47a07c0d333,100000,20260717T134222171980Z,1555,mask_fragment-n100000-w512-m1000-s1555
mask_fragment,86a3c5594a7b0bd7b33efe4c4ffaf5dc0aa17226,late_mask_fragment,512,863.874000031501,51200000,1.0,100000,0,sha256:92b825cb6ca6efd8c921ae328d9dcd567e5fc1cecda65d185180a168e33b45c9,4,sha256:381759ee7b637900cb6f0d4e7c26e44a508fbf9cc59969c00d65b47a07c0d333,100000,20260717T134222171980Z,1555,mask_fragment-n100000-w512-m1000-s1555
mask_fragment,86a3c5594a7b0bd7b33efe4c4ffaf5dc0aa17226,early_mask_fragment,512,818.1026999955066,51200000,1.0,100000,1,sha256:1a43e0ddf8cc02438cc76d27ba1cce86da34109d2e43dcc8ed7c9d581b95b39d,4,sha256:381759ee7b637900cb6f0d4e7c26e44a508fbf9cc59969c00d65b47a07c0d333,100000,20260717T134222171980Z,1555,mask_fragment-n100000-w512-m1000-s1555
mask_fragment,86a3c5594a7b0bd7b33efe4c4ffaf5dc0aa17226,early_mask_fragment,512,982.2087999782525,51200000,1.0,100000,0,sha256:1a43e0ddf8cc02438cc76d27ba1cce86da34109d2e43dcc8ed7c9d581b95b39d,5,sha256:381759ee7b637900cb6f0d4e7c26e44a508fbf9cc59969c00d65b47a07c0d333,100000,20260717T134222171980Z,1555,mask_fragment-n100000-w512-m1000-s1555
mask_fragment,86a3c5594a7b0bd7b33efe4c4ffaf5dc0aa17226,late_mask_fragment,512,1020.4709999961779,51200000,1.0,100000,1,sha256:92b825cb6ca6efd8c921ae328d9dcd567e5fc1cecda65d185180a168e33b45c9,5,sha256:381759ee7b637900cb6f0d4e7c26e44a508fbf9cc59969c00d65b47a07c0d333,100000,20260717T134222171980Z,1555,mask_fragment-n100000-w512-m1000-s1555
mask_fragment,86a3c5594a7b0bd7b33efe4c4ffaf5dc0aa17226,late_mask_fragment,512,871.7231000191532,51200000,1.0,100000,0,sha256:92b825cb6ca6efd8c921ae328d9dcd567e5fc1cecda65d185180a168e33b45c9,6,sha256:381759ee7b637900cb6f0d4e7c26e44a508fbf9cc59969c00d65b47a07c0d333,100000,20260717T134222171980Z,1555,mask_fragment-n100000-w512-m1000-s1555
mask_fragment,86a3c5594a7b0bd7b33efe4c4ffaf5dc0aa17226,early_mask_fragment,512,967.7970000193454,51200000,1.0,100000,1,sha256:1a43e0ddf8cc02438cc76d27ba1cce86da34109d2e43dcc8ed7c9d581b95b39d,6,sha256:381759ee7b637900cb6f0d4e7c26e44a508fbf9cc59969c00d65b47a07c0d333,100000,20260717T134222171980Z,1555,mask_fragment-n100000-w512-m1000-s1555
mask_fragment,86a3c5594a7b0bd7b33efe4c4ffaf5dc0aa17226,early_mask_fragment,512,975.9325999766588,51200000,1.0,100000,0,sha256:1a43e0ddf8cc02438cc76d27ba1cce86da34109d2e43dcc8ed7c9d581b95b39d,7,sha256:381759ee7b637900cb6f0d4e7c26e44a508fbf9cc59969c00d65b47a07c0d333,100000,20260717T134222171980Z,1555,mask_fragment-n100000-w512-m1000-s1555
mask_fragment,86a3c5594a7b0bd7b33efe4c4ffaf5dc0aa17226,late_mask_fragment,512,1057.032499986235,51200000,1.0,100000,1,sha256:92b825cb6ca6efd8c921ae328d9dcd567e5fc1cecda65d185180a168e33b45c9,7,sha256:381759ee7b637900cb6f0d4e7c26e44a508fbf9cc59969c00d65b47a07c0d333,100000,20260717T134222171980Z,1555,mask_fragment-n100000-w512-m1000-s1555
mask_fragment,86a3c5594a7b0bd7b33efe4c4ffaf5dc0aa17226,late_mask_fragment,512,1106.7115999758244,51200000,1.0,100000,0,sha256:92b825cb6ca6efd8c921ae328d9dcd567e5fc1cecda65d185180a168e33b45c9,8,sha256:381759ee7b637900cb6f0d4e7c26e44a508fbf9cc59969c00d65b47a07c0d333,100000,20260717T134222171980Z,1555,mask_fragment-n100000-w512-m1000-s1555
mask_fragment,86a3c5594a7b0bd7b33efe4c4ffaf5dc0aa17226,early_mask_fragment,512,1140.5586999608204,51200000,1.0,100000,1,sha256:1a43e0ddf8cc02438cc76d27ba1cce86da34109d2e43dcc8ed7c9d581b95b39d,8,sha256:381759ee7b637900cb6f0d4e7c26e44a508fbf9cc59969c00d65b47a07c0d333,100000,20260717T134222171980Z,1555,mask_fragment-n100000-w512-m1000-s1555
mask_fragment,86a3c5594a7b0bd7b33efe4c4ffaf5dc0aa17226,early_mask_fragment,512,1185.849400004372,51200000,1.0,100000,0,sha256:1a43e0ddf8cc02438cc76d27ba1cce86da34109d2e43dcc8ed7c9d581b95b39d,9,sha256:381759ee7b637900cb6f0d4e7c26e44a508fbf9cc59969c00d65b47a07c0d333,100000,20260717T134222171980Z,1555,mask_fragment-n100000-w512-m1000-s1555
mask_fragment,86a3c5594a7b0bd7b33efe4c4ffaf5dc0aa17226,late_mask_fragment,512,968.3027999708429,51200000,1.0,100000,1,sha256:92b825cb6ca6efd8c921ae328d9dcd567e5fc1cecda65d185180a168e33b45c9,9,sha256:381759ee7b637900cb6f0d4e7c26e44a508fbf9cc59969c00d65b47a07c0d333,100000,20260717T134222171980Z,1555,mask_fragment-n100000-w512-m1000-s1555
mask_fragment,86a3c5594a7b0bd7b33efe4c4ffaf5dc0aa17226,late_mask_fragment,512,873.7534999963827,51200000,1.0,100000,0,sha256:92b825cb6ca6efd8c921ae328d9dcd567e5fc1cecda65d185180a168e33b45c9,10,sha256:381759ee7b637900cb6f0d4e7c26e44a508fbf9cc59969c00d65b47a07c0d333,100000,20260717T134222171980Z,1555,mask_fragment-n100000-w512-m1000-s1555
mask_fragment,86a3c5594a7b0bd7b33efe4c4ffaf5dc0aa17226,early_mask_fragment,512,948.7460000091232,51200000,1.0,100000,1,sha256:1a43e0ddf8cc02438cc76d27ba1cce86da34109d2e43dcc8ed7c9d581b95b39d,10,sha256:381759ee7b637900cb6f0d4e7c26e44a508fbf9cc59969c00d65b47a07c0d333,100000,20260717T134222171980Z,1555,mask_fragment-n100000-w512-m1000-s1555
mask_fragment,86a3c5594a7b0bd7b33efe4c4ffaf5dc0aa17226,early_mask_fragment,512,926.9778999732807,51200000,1.0,100000,0,sha256:1a43e0ddf8cc02438cc76d27ba1cce86da34109d2e43dcc8ed7c9d581b95b39d,11,sha256:381759ee7b637900cb6f0d4e7c26e44a508fbf9cc59969c00d65b47a07c0d333,100000,20260717T134222171980Z,1555,mask_fragment-n100000-w512-m1000-s1555
mask_fragment,86a3c5594a7b0bd7b33efe4c4ffaf5dc0aa17226,late_mask_fragment,512,835.8472000109032,51200000,1.0,100000,1,sha256:92b825cb6ca6efd8c921ae328d9dcd567e5fc1cecda65d185180a168e33b45c9,11,sha256:381759ee7b637900cb6f0d4e7c26e44a508fbf9cc59969c00d65b47a07c0d333,100000,20260717T134222171980Z,1555,mask_fragment-n100000-w512-m1000-s1555
mask_fragment,86a3c5594a7b0bd7b33efe4c4ffaf5dc0aa17226,late_mask_fragment,512,922.7070999913849,51200000,1.0,100000,0,sha256:92b825cb6ca6efd8c921ae328d9dcd567e5fc1cecda65d185180a168e33b45c9,12,sha256:381759ee7b637900cb6f0d4e7c26e44a508fbf9cc59969c00d65b47a07c0d333,100000,20260717T134222171980Z,1555,mask_fragment-n100000-w512-m1000-s1555
mask_fragment,86a3c5594a7b0bd7b33efe4c4ffaf5dc0aa17226,early_mask_fragment,512,1042.7027000114322,51200000,1.0,100000,1,sha256:1a43e0ddf8cc02438cc76d27ba1cce86da34109d2e43dcc8ed7c9d581b95b39d,12,sha256:381759ee7b637900cb6f0d4e7c26e44a508fbf9cc59969c00d65b47a07c0d333,100000,20260717T134222171980Z,1555,mask_fragment-n100000-w512-m1000-s1555
mask_fragment,86a3c5594a7b0bd7b33efe4c4ffaf5dc0aa17226,early_mask_fragment,512,1098.5451000160538,51200000,1.0,100000,0,sha256:1a43e0ddf8cc02438cc76d27ba1cce86da34109d2e43dcc8ed7c9d581b95b39d,13,sha256:381759ee7b637900cb6f0d4e7c26e44a508fbf9cc59969c00d65b47a07c0d333,100000,20260717T134222171980Z,1555,mask_fragment-n100000-w512-m1000-s1555
mask_fragment,86a3c5594a7b0bd7b33efe4c4ffaf5dc0aa17226,late_mask_fragment,512,961.5998000372201,51200000,1.0,100000,1,sha256:92b825cb6ca6efd8c921ae328d9dcd567e5fc1cecda65d185180a168e33b45c9,13,sha256:381759ee7b637900cb6f0d4e7c26e44a508fbf9cc59969c00d65b47a07c0d333,100000,20260717T134222171980Z,1555,mask_fragment-n100000-w512-m1000-s1555
mask_fragment,86a3c5594a7b0bd7b33efe4c4ffaf5dc0aa17226,late_mask_fragment,512,937.0836000307463,51200000,1.0,100000,0,sha256:92b825cb6ca6efd8c921ae328d9dcd567e5fc1cecda65d185180a168e33b45c9,14,sha256:381759ee7b637900cb6f0d4e7c26e44a508fbf9cc59969c00d65b47a07c0d333,100000,20260717T134222171980Z,1555,mask_fragment-n100000-w512-m1000-s1555
mask_fragment,86a3c5594a7b0bd7b33efe4c4ffaf5dc0aa17226,early_mask_fragment,512,969.3430999759585,51200000,1.0,100000,1,sha256:1a43e0ddf8cc02438cc76d27ba1cce86da34109d2e43dcc8ed7c9d581b95b39d,14,sha256:381759ee7b637900cb6f0d4e7c26e44a508fbf9cc59969c00d65b47a07c0d333,100000,20260717T134222171980Z,1555,mask_fragment-n100000-w512-m1000-s1555
mask_fragment,86a3c5594a7b0bd7b33efe4c4ffaf5dc0aa17226,early_mask_fragment,128,485.9911000239663,19200000,0.9,135000,0,sha256:1a43e0ddf8cc02438cc76d27ba1cce86da34109d2e43dcc8ed7c9d581b95b39d,0,sha256:a0cd92daaf74f573280e6543c0466368db3899f85a076b62f2b85eab911b32af,150000,20260717T134222171980Z,1111,mask_fragment-n150000-w128-m0900-s1111
mask_fragment,86a3c5594a7b0bd7b33efe4c4ffaf5dc0aa17226,late_mask_fragment,128,608.1625999649987,19200000,0.9,135000,1,sha256:18bd7fb3b6d02ff88c53bf4a74124c631590d7e276f031a9034dc7f9cb857902,0,sha256:a0cd92daaf74f573280e6543c0466368db3899f85a076b62f2b85eab911b32af,150000,20260717T134222171980Z,1111,mask_fragment-n150000-w128-m0900-s1111
mask_fragment,86a3c5594a7b0bd7b33efe4c4ffaf5dc0aa17226,late_mask_fragment,128,617.3344999551773,19200000,0.9,135000,0,sha256:18bd7fb3b6d02ff88c53bf4a74124c631590d7e276f031a9034dc7f9cb857902,1,sha256:a0cd92daaf74f573280e6543c0466368db3899f85a076b62f2b85eab911b32af,150000,20260717T134222171980Z,1111,mask_fragment-n150000-w128-m0900-s1111
mask_fragment,86a3c5594a7b0bd7b33efe4c4ffaf5dc0aa17226,early_mask_fragment,128,547.5183999515139,19200000,0.9,135000,1,sha256:1a43e0ddf8cc02438cc76d27ba1cce86da34109d2e43dcc8ed7c9d581b95b39d,1,sha256:a0cd92daaf74f573280e6543c0466368db3899f85a076b62f2b85eab911b32af,150000,20260717T134222171980Z,1111,mask_fragment-n150000-w128-m0900-s1111
mask_fragment,86a3c5594a7b0bd7b33efe4c4ffaf5dc0aa17226,early_mask_fragment,128,540.4145999928005,19200000,0.9,135000,0,sha256:1a43e0ddf8cc02438cc76d27ba1cce86da34109d2e43dcc8ed7c9d581b95b39d,2,sha256:a0cd92daaf74f573280e6543c0466368db3899f85a076b62f2b85eab911b32af,150000,20260717T134222171980Z,1111,mask_fragment-n150000-w128-m0900-s1111
mask_fragment,86a3c5594a7b0bd7b33efe4c4ffaf5dc0aa17226,late_mask_fragment,128,645.6191000179388,19200000,0.9,135000,1,sha256:18bd7fb3b6d02ff88c53bf4a74124c631590d7e276f031a9034dc7f9cb857902,2,sha256:a0cd92daaf74f573280e6543c0466368db3899f85a076b62f2b85eab911b32af,150000,20260717T134222171980Z,1111,mask_fragment-n150000-w128-m0900-s1111
mask_fragment,86a3c5594a7b0bd7b33efe4c4ffaf5dc0aa17226,late_mask_fragment,128,590.5780000030063,19200000,0.9,135000,0,sha256:18bd7fb3b6d02ff88c53bf4a74124c631590d7e276f031a9034dc7f9cb857902,3,sha256:a0cd92daaf74f573280e6543c0466368db3899f85a076b62f2b85eab911b32af,150000,20260717T134222171980Z,1111,mask_fragment-n150000-w128-m0900-s1111
mask_fragment,86a3c5594a7b0bd7b33efe4c4ffaf5dc0aa17226,early_mask_fragment,128,487.88040003273636,19200000,0.9,135000,1,sha256:1a43e0ddf8cc02438cc76d27ba1cce86da34109d2e43dcc8ed7c9d581b95b39d,3,sha256:a0cd92daaf74f573280e6543c0466368db3899f85a076b62f2b85eab911b32af,150000,20260717T134222171980Z,1111,mask_fragment-n150000-w128-m0900-s1111
mask_fragment,86a3c5594a7b0bd7b33efe4c4ffaf5dc0aa17226,early_mask_fragment,128,508.1188000040129,19200000,0.9,135000,0,sha256:1a43e0ddf8cc02438cc76d27ba1cce86da34109d2e43dcc8ed7c9d581b95b39d,4,sha256:a0cd92daaf74f573280e6543c0466368db3899f85a076b62f2b85eab911b32af,150000,20260717T134222171980Z,1111,mask_fragment-n150000-w128-m0900-s1111
mask_fragment,86a3c5594a7b0bd7b33efe4c4ffaf5dc0aa17226,late_mask_fragment,128,596.2014000397176,19200000,0.9,135000,1,sha256:18bd7fb3b6d02ff88c53bf4a74124c631590d7e276f031a9034dc7f9cb857902,4,sha256:a0cd92daaf74f573280e6543c0466368db3899f85a076b62f2b85eab911b32af,150000,20260717T134222171980Z,1111,mask_fragment-n150000-w128-m0900-s1111
mask_fragment,86a3c5594a7b0bd7b33efe4c4ffaf5dc0aa17226,late_mask_fragment,128,670.3191999695264,19200000,0.9,135000,0,sha256:18bd7fb3b6d02ff88c53bf4a74124c631590d7e276f031a9034dc7f9cb857902,5,sha256:a0cd92daaf74f573280e6543c0466368db3899f85a076b62f2b85eab911b32af,150000,20260717T134222171980Z,1111,mask_fragment-n150000-w128-m0900-s1111
mask_fragment,86a3c5594a7b0bd7b33efe4c4ffaf5dc0aa17226,early_mask_fragment,128,537.0957999839447,19200000,0.9,135000,1,sha256:1a43e0ddf8cc02438cc76d27ba1cce86da34109d2e43dcc8ed7c9d581b95b39d,5,sha256:a0cd92daaf74f573280e6543c0466368db3899f85a076b62f2b85eab911b32af,150000,20260717T134222171980Z,1111,mask_fragment-n150000-w128-m0900-s1111
mask_fragment,86a3c5594a7b0bd7b33efe4c4ffaf5dc0aa17226,early_mask_fragment,128,622.8518999996595,19200000,0.9,135000,0,sha256:1a43e0ddf8cc02438cc76d27ba1cce86da34109d2e43dcc8ed7c9d581b95b39d,6,sha256:a0cd92daaf74f573280e6543c0466368db3899f85a076b62f2b85eab911b32af,150000,20260717T134222171980Z,1111,mask_fragment-n150000-w128-m0900-s1111
mask_fragment,86a3c5594a7b0bd7b33efe4c4ffaf5dc0aa17226,late_mask_fragment,128,663.9503000187688,19200000,0.9,135000,1,sha256:18bd7fb3b6d02ff88c53bf4a74124c631590d7e276f031a9034dc7f9cb857902,6,sha256:a0cd92daaf74f573280e6543c0466368db3899f85a076b62f2b85eab911b32af,150000,20260717T134222171980Z,1111,mask_fragment-n150000-w128-m0900-s1111
mask_fragment,86a3c5594a7b0bd7b33efe4c4ffaf5dc0aa17226,late_mask_fragment,128,567.8578999941237,19200000,0.9,135000,0,sha256:18bd7fb3b6d02ff88c53bf4a74124c631590d7e276f031a9034dc7f9cb857902,7,sha256:a0cd92daaf74f573280e6543c0466368db3899f85a076b62f2b85eab911b32af,150000,20260717T134222171980Z,1111,mask_fragment-n150000-w128-m0900-s1111
mask_fragment,86a3c5594a7b0bd7b33efe4c4ffaf5dc0aa17226,early_mask_fragment,128,578.0445000273176,19200000,0.9,135000,1,sha256:1a43e0ddf8cc02438cc76d27ba1cce86da34109d2e43dcc8ed7c9d581b95b39d,7,sha256:a0cd92daaf74f573280e6543c0466368db3899f85a076b62f2b85eab911b32af,150000,20260717T134222171980Z,1111,mask_fragment-n150000-w128-m0900-s1111
mask_fragment,86a3c5594a7b0bd7b33efe4c4ffaf5dc0aa17226,early_mask_fragment,128,498.1673999573104,19200000,0.9,135000,0,sha256:1a43e0ddf8cc02438cc76d27ba1cce86da34109d2e43dcc8ed7c9d581b95b39d,8,sha256:a0cd92daaf74f573280e6543c0466368db3899f85a076b62f2b85eab911b32af,150000,20260717T134222171980Z,1111,mask_fragment-n150000-w128-m0900-s1111
mask_fragment,86a3c5594a7b0bd7b33efe4c4ffaf5dc0aa17226,late_mask_fragment,128,623.3310999814421,19200000,0.9,135000,1,sha256:18bd7fb3b6d02ff88c53bf4a74124c631590d7e276f031a9034dc7f9cb857902,8,sha256:a0cd92daaf74f573280e6543c0466368db3899f85a076b62f2b85eab911b32af,150000,20260717T134222171980Z,1111,mask_fragment-n150000-w128-m0900-s1111
mask_fragment,86a3c5594a7b0bd7b33efe4c4ffaf5dc0aa17226,late_mask_fragment,128,533.9000999811105,19200000,0.9,135000,0,sha256:18bd7fb3b6d02ff88c53bf4a74124c631590d7e276f031a9034dc7f9cb857902,9,sha256:a0cd92daaf74f573280e6543c0466368db3899f85a076b62f2b85eab911b32af,150000,20260717T134222171980Z,1111,mask_fragment-n150000-w128-m0900-s1111
mask_fragment,86a3c5594a7b0bd7b33efe4c4ffaf5dc0aa17226,early_mask_fragment,128,546.0910000256263,19200000,0.9,135000,1,sha256:1a43e0ddf8cc02438cc76d27ba1cce86da34109d2e43dcc8ed7c9d581b95b39d,9,sha256:a0cd92daaf74f573280e6543c0466368db3899f85a076b62f2b85eab911b32af,150000,20260717T134222171980Z,1111,mask_fragment-n150000-w128-m0900-s1111
mask_fragment,86a3c5594a7b0bd7b33efe4c4ffaf5dc0aa17226,early_mask_fragment,128,532.7881000121124,19200000,0.9,135000,0,sha256:1a43e0ddf8cc02438cc76d27ba1cce86da34109d2e43dcc8ed7c9d581b95b39d,10,sha256:a0cd92daaf74f573280e6543c0466368db3899f85a076b62f2b85eab911b32af,150000,20260717T134222171980Z,1111,mask_fragment-n150000-w128-m0900-s1111
mask_fragment,86a3c5594a7b0bd7b33efe4c4ffaf5dc0aa17226,late_mask_fragment,128,614.627200004179,19200000,0.9,135000,1,sha256:18bd7fb3b6d02ff88c53bf4a74124c631590d7e276f031a9034dc7f9cb857902,10,sha256:a0cd92daaf74f573280e6543c0466368db3899f85a076b62f2b85eab911b32af,150000,20260717T134222171980Z,1111,mask_fragment-n150000-w128-m0900-s1111
mask_fragment,86a3c5594a7b0bd7b33efe4c4ffaf5dc0aa17226,late_mask_fragment,128,1521.9050000305288,19200000,0.9,135000,0,sha256:18bd7fb3b6d02ff88c53bf4a74124c631590d7e276f031a9034dc7f9cb857902,11,sha256:a0cd92daaf74f573280e6543c0466368db3899f85a076b62f2b85eab911b32af,150000,20260717T134222171980Z,1111,mask_fragment-n150000-w128-m0900-s1111
mask_fragment,86a3c5594a7b0bd7b33efe4c4ffaf5dc0aa17226,early_mask_fragment,128,525.6458999938332,19200000,0.9,135000,1,sha256:1a43e0ddf8cc02438cc76d27ba1cce86da34109d2e43dcc8ed7c9d581b95b39d,11,sha256:a0cd92daaf74f573280e6543c0466368db3899f85a076b62f2b85eab911b32af,150000,20260717T134222171980Z,1111,mask_fragment-n150000-w128-m0900-s1111
mask_fragment,86a3c5594a7b0bd7b33efe4c4ffaf5dc0aa17226,early_mask_fragment,128,538.6380999698304,19200000,0.9,135000,0,sha256:1a43e0ddf8cc02438cc76d27ba1cce86da34109d2e43dcc8ed7c9d581b95b39d,12,sha256:a0cd92daaf74f573280e6543c0466368db3899f85a076b62f2b85eab911b32af,150000,20260717T134222171980Z,1111,mask_fragment-n150000-w128-m0900-s1111
mask_fragment,86a3c5594a7b0bd7b33efe4c4ffaf5dc0aa17226,late_mask_fragment,128,547.757999971509,19200000,0.9,135000,1,sha256:18bd7fb3b6d02ff88c53bf4a74124c631590d7e276f031a9034dc7f9cb857902,12,sha256:a0cd92daaf74f573280e6543c0466368db3899f85a076b62f2b85eab911b32af,150000,20260717T134222171980Z,1111,mask_fragment-n150000-w128-m0900-s1111
mask_fragment,86a3c5594a7b0bd7b33efe4c4ffaf5dc0aa17226,late_mask_fragment,128,579.0237999754027,19200000,0.9,135000,0,sha256:18bd7fb3b6d02ff88c53bf4a74124c631590d7e276f031a9034dc7f9cb857902,13,sha256:a0cd92daaf74f573280e6543c0466368db3899f85a076b62f2b85eab911b32af,150000,20260717T134222171980Z,1111,mask_fragment-n150000-w128-m0900-s1111
mask_fragment,86a3c5594a7b0bd7b33efe4c4ffaf5dc0aa17226,early_mask_fragment,128,554.192100011278,19200000,0.9,135000,1,sha256:1a43e0ddf8cc02438cc76d27ba1cce86da34109d2e43dcc8ed7c9d581b95b39d,13,sha256:a0cd92daaf74f573280e6543c0466368db3899f85a076b62f2b85eab911b32af,150000,20260717T134222171980Z,1111,mask_fragment-n150000-w128-m0900-s1111
mask_fragment,86a3c5594a7b0bd7b33efe4c4ffaf5dc0aa17226,early_mask_fragment,128,500.8158999844454,19200000,0.9,135000,0,sha256:1a43e0ddf8cc02438cc76d27ba1cce86da34109d2e43dcc8ed7c9d581b95b39d,14,sha256:a0cd92daaf74f573280e6543c0466368db3899f85a076b62f2b85eab911b32af,150000,20260717T134222171980Z,1111,mask_fragment-n150000-w128-m0900-s1111
mask_fragment,86a3c5594a7b0bd7b33efe4c4ffaf5dc0aa17226,late_mask_fragment,128,588.0474000005051,19200000,0.9,135000,1,sha256:18bd7fb3b6d02ff88c53bf4a74124c631590d7e276f031a9034dc7f9cb857902,14,sha256:a0cd92daaf74f573280e6543c0466368db3899f85a076b62f2b85eab911b32af,150000,20260717T134222171980Z,1111,mask_fragment-n150000-w128-m0900-s1111
mask_fragment,86a3c5594a7b0bd7b33efe4c4ffaf5dc0aa17226,late_mask_fragment,128,510.7840999844484,19200000,0.9,135000,0,sha256:18bd7fb3b6d02ff88c53bf4a74124c631590d7e276f031a9034dc7f9cb857902,0,sha256:e8023f6c98995f21763c6f52e5f1e347f72d2a0002c55e0425ed3858a0f955de,150000,20260717T134222171980Z,1222,mask_fragment-n150000-w128-m0900-s1222
mask_fragment,86a3c5594a7b0bd7b33efe4c4ffaf5dc0aa17226,early_mask_fragment,128,558.7387999985367,19200000,0.9,135000,1,sha256:1a43e0ddf8cc02438cc76d27ba1cce86da34109d2e43dcc8ed7c9d581b95b39d,0,sha256:e8023f6c98995f21763c6f52e5f1e347f72d2a0002c55e0425ed3858a0f955de,150000,20260717T134222171980Z,1222,mask_fragment-n150000-w128-m0900-s1222
mask_fragment,86a3c5594a7b0bd7b33efe4c4ffaf5dc0aa17226,early_mask_fragment,128,655.6743000401184,19200000,0.9,135000,0,sha256:1a43e0ddf8cc02438cc76d27ba1cce86da34109d2e43dcc8ed7c9d581b95b39d,1,sha256:e8023f6c98995f21763c6f52e5f1e347f72d2a0002c55e0425ed3858a0f955de,150000,20260717T134222171980Z,1222,mask_fragment-n150000-w128-m0900-s1222
mask_fragment,86a3c5594a7b0bd7b33efe4c4ffaf5dc0aa17226,late_mask_fragment,128,536.825500021223,19200000,0.9,135000,1,sha256:18bd7fb3b6d02ff88c53bf4a74124c631590d7e276f031a9034dc7f9cb857902,1,sha256:e8023f6c98995f21763c6f52e5f1e347f72d2a0002c55e0425ed3858a0f955de,150000,20260717T134222171980Z,1222,mask_fragment-n150000-w128-m0900-s1222
mask_fragment,86a3c5594a7b0bd7b33efe4c4ffaf5dc0aa17226,late_mask_fragment,128,1433.2612000289373,19200000,0.9,135000,0,sha256:18bd7fb3b6d02ff88c53bf4a74124c631590d7e276f031a9034dc7f9cb857902,2,sha256:e8023f6c98995f21763c6f52e5f1e347f72d2a0002c55e0425ed3858a0f955de,150000,20260717T134222171980Z,1222,mask_fragment-n150000-w128-m0900-s1222
mask_fragment,86a3c5594a7b0bd7b33efe4c4ffaf5dc0aa17226,early_mask_fragment,128,511.905100021977,19200000,0.9,135000,1,sha256:1a43e0ddf8cc02438cc76d27ba1cce86da34109d2e43dcc8ed7c9d581b95b39d,2,sha256:e8023f6c98995f21763c6f52e5f1e347f72d2a0002c55e0425ed3858a0f955de,150000,20260717T134222171980Z,1222,mask_fragment-n150000-w128-m0900-s1222
mask_fragment,86a3c5594a7b0bd7b33efe4c4ffaf5dc0aa17226,early_mask_fragment,128,498.54529998265207,19200000,0.9,135000,0,sha256:1a43e0ddf8cc02438cc76d27ba1cce86da34109d2e43dcc8ed7c9d581b95b39d,3,sha256:e8023f6c98995f21763c6f52e5f1e347f72d2a0002c55e0425ed3858a0f955de,150000,20260717T134222171980Z,1222,mask_fragment-n150000-w128-m0900-s1222
mask_fragment,86a3c5594a7b0bd7b33efe4c4ffaf5dc0aa17226,late_mask_fragment,128,575.7833999814466,19200000,0.9,135000,1,sha256:18bd7fb3b6d02ff88c53bf4a74124c631590d7e276f031a9034dc7f9cb857902,3,sha256:e8023f6c98995f21763c6f52e5f1e347f72d2a0002c55e0425ed3858a0f955de,150000,20260717T134222171980Z,1222,mask_fragment-n150000-w128-m0900-s1222
mask_fragment,86a3c5594a7b0bd7b33efe4c4ffaf5dc0aa17226,late_mask_fragment,128,536.0566999879666,19200000,0.9,135000,0,sha256:18bd7fb3b6d02ff88c53bf4a74124c631590d7e276f031a9034dc7f9cb857902,4,sha256:e8023f6c98995f21763c6f52e5f1e347f72d2a0002c55e0425ed3858a0f955de,150000,20260717T134222171980Z,1222,mask_fragment-n150000-w128-m0900-s1222
mask_fragment,86a3c5594a7b0bd7b33efe4c4ffaf5dc0aa17226,early_mask_fragment,128,476.05910000856966,19200000,0.9,135000,1,sha256:1a43e0ddf8cc02438cc76d27ba1cce86da34109d2e43dcc8ed7c9d581b95b39d,4,sha256:e8023f6c98995f21763c6f52e5f1e347f72d2a0002c55e0425ed3858a0f955de,150000,20260717T134222171980Z,1222,mask_fragment-n150000-w128-m0900-s1222
mask_fragment,86a3c5594a7b0bd7b33efe4c4ffaf5dc0aa17226,early_mask_fragment,128,511.0121000325307,19200000,0.9,135000,0,sha256:1a43e0ddf8cc02438cc76d27ba1cce86da34109d2e43dcc8ed7c9d581b95b39d,5,sha256:e8023f6c98995f21763c6f52e5f1e347f72d2a0002c55e0425ed3858a0f955de,150000,20260717T134222171980Z,1222,mask_fragment-n150000-w128-m0900-s1222
mask_fragment,86a3c5594a7b0bd7b33efe4c4ffaf5dc0aa17226,late_mask_fragment,128,542.7283000317402,19200000,0.9,135000,1,sha256:18bd7fb3b6d02ff88c53bf4a74124c631590d7e276f031a9034dc7f9cb857902,5,sha256:e8023f6c98995f21763c6f52e5f1e347f72d2a0002c55e0425ed3858a0f955de,150000,20260717T134222171980Z,1222,mask_fragment-n150000-w128-m0900-s1222
mask_fragment,86a3c5594a7b0bd7b33efe4c4ffaf5dc0aa17226,late_mask_fragment,128,532.4955999967642,19200000,0.9,135000,0,sha256:18bd7fb3b6d02ff88c53bf4a74124c631590d7e276f031a9034dc7f9cb857902,6,sha256:e8023f6c98995f21763c6f52e5f1e347f72d2a0002c55e0425ed3858a0f955de,150000,20260717T134222171980Z,1222,mask_fragment-n150000-w128-m0900-s1222
mask_fragment,86a3c5594a7b0bd7b33efe4c4ffaf5dc0aa17226,early_mask_fragment,128,479.4419999816455,19200000,0.9,135000,1,sha256:1a43e0ddf8cc02438cc76d27ba1cce86da34109d2e43dcc8ed7c9d581b95b39d,6,sha256:e8023f6c98995f21763c6f52e5f1e347f72d2a0002c55e0425ed3858a0f955de,150000,20260717T134222171980Z,1222,mask_fragment-n150000-w128-m0900-s1222
mask_fragment,86a3c5594a7b0bd7b33efe4c4ffaf5dc0aa17226,early_mask_fragment,128,467.36050001345575,19200000,0.9,135000,0,sha256:1a43e0ddf8cc02438cc76d27ba1cce86da34109d2e43dcc8ed7c9d581b95b39d,7,sha256:e8023f6c98995f21763c6f52e5f1e347f72d2a0002c55e0425ed3858a0f955de,150000,20260717T134222171980Z,1222,mask_fragment-n150000-w128-m0900-s1222
mask_fragment,86a3c5594a7b0bd7b33efe4c4ffaf5dc0aa17226,late_mask_fragment,128,1420.350500033237,19200000,0.9,135000,1,sha256:18bd7fb3b6d02ff88c53bf4a74124c631590d7e276f031a9034dc7f9cb857902,7,sha256:e8023f6c98995f21763c6f52e5f1e347f72d2a0002c55e0425ed3858a0f955de,150000,20260717T134222171980Z,1222,mask_fragment-n150000-w128-m0900-s1222
mask_fragment,86a3c5594a7b0bd7b33efe4c4ffaf5dc0aa17226,late_mask_fragment,128,603.6193000036292,19200000,0.9,135000,0,sha256:18bd7fb3b6d02ff88c53bf4a74124c631590d7e276f031a9034dc7f9cb857902,8,sha256:e8023f6c98995f21763c6f52e5f1e347f72d2a0002c55e0425ed3858a0f955de,150000,20260717T134222171980Z,1222,mask_fragment-n150000-w128-m0900-s1222
mask_fragment,86a3c5594a7b0bd7b33efe4c4ffaf5dc0aa17226,early_mask_fragment,128,608.2317000254989,19200000,0.9,135000,1,sha256:1a43e0ddf8cc02438cc76d27ba1cce86da34109d2e43dcc8ed7c9d581b95b39d,8,sha256:e8023f6c98995f21763c6f52e5f1e347f72d2a0002c55e0425ed3858a0f955de,150000,20260717T134222171980Z,1222,mask_fragment-n150000-w128-m0900-s1222
mask_fragment,86a3c5594a7b0bd7b33efe4c4ffaf5dc0aa17226,early_mask_fragment,128,595.9457999560982,19200000,0.9,135000,0,sha256:1a43e0ddf8cc02438cc76d27ba1cce86da34109d2e43dcc8ed7c9d581b95b39d,9,sha256:e8023f6c98995f21763c6f52e5f1e347f72d2a0002c55e0425ed3858a0f955de,150000,20260717T134222171980Z,1222,mask_fragment-n150000-w128-m0900-s1222
mask_fragment,86a3c5594a7b0bd7b33efe4c4ffaf5dc0aa17226,late_mask_fragment,128,630.0094000180252,19200000,0.9,135000,1,sha256:18bd7fb3b6d02ff88c53bf4a74124c631590d7e276f031a9034dc7f9cb857902,9,sha256:e8023f6c98995f21763c6f52e5f1e347f72d2a0002c55e0425ed3858a0f955de,150000,20260717T134222171980Z,1222,mask_fragment-n150000-w128-m0900-s1222
mask_fragment,86a3c5594a7b0bd7b33efe4c4ffaf5dc0aa17226,late_mask_fragment,128,674.3890999932773,19200000,0.9,135000,0,sha256:18bd7fb3b6d02ff88c53bf4a74124c631590d7e276f031a9034dc7f9cb857902,10,sha256:e8023f6c98995f21763c6f52e5f1e347f72d2a0002c55e0425ed3858a0f955de,150000,20260717T134222171980Z,1222,mask_fragment-n150000-w128-m0900-s1222
mask_fragment,86a3c5594a7b0bd7b33efe4c4ffaf5dc0aa17226,early_mask_fragment,128,563.4242999949493,19200000,0.9,135000,1,sha256:1a43e0ddf8cc02438cc76d27ba1cce86da34109d2e43dcc8ed7c9d581b95b39d,10,sha256:e8023f6c98995f21763c6f52e5f1e347f72d2a0002c55e0425ed3858a0f955de,150000,20260717T134222171980Z,1222,mask_fragment-n150000-w128-m0900-s1222
mask_fragment,86a3c5594a7b0bd7b33efe4c4ffaf5dc0aa17226,early_mask_fragment,128,628.7355000386015,19200000,0.9,135000,0,sha256:1a43e0ddf8cc02438cc76d27ba1cce86da34109d2e43dcc8ed7c9d581b95b39d,11,sha256:e8023f6c98995f21763c6f52e5f1e347f72d2a0002c55e0425ed3858a0f955de,150000,20260717T134222171980Z,1222,mask_fragment-n150000-w128-m0900-s1222
mask_fragment,86a3c5594a7b0bd7b33efe4c4ffaf5dc0aa17226,late_mask_fragment,128,649.37739999732,19200000,0.9,135000,1,sha256:18bd7fb3b6d02ff88c53bf4a74124c631590d7e276f031a9034dc7f9cb857902,11,sha256:e8023f6c98995f21763c6f52e5f1e347f72d2a0002c55e0425ed3858a0f955de,150000,20260717T134222171980Z,1222,mask_fragment-n150000-w128-m0900-s1222
mask_fragment,86a3c5594a7b0bd7b33efe4c4ffaf5dc0aa17226,late_mask_fragment,128,664.5346999866888,19200000,0.9,135000,0,sha256:18bd7fb3b6d02ff88c53bf4a74124c631590d7e276f031a9034dc7f9cb857902,12,sha256:e8023f6c98995f21763c6f52e5f1e347f72d2a0002c55e0425ed3858a0f955de,150000,20260717T134222171980Z,1222,mask_fragment-n150000-w128-m0900-s1222
mask_fragment,86a3c5594a7b0bd7b33efe4c4ffaf5dc0aa17226,early_mask_fragment,128,1791.1617999779992,19200000,0.9,135000,1,sha256:1a43e0ddf8cc02438cc76d27ba1cce86da34109d2e43dcc8ed7c9d581b95b39d,12,sha256:e8023f6c98995f21763c6f52e5f1e347f72d2a0002c55e0425ed3858a0f955de,150000,20260717T134222171980Z,1222,mask_fragment-n150000-w128-m0900-s1222
mask_fragment,86a3c5594a7b0bd7b33efe4c4ffaf5dc0aa17226,early_mask_fragment,128,616.9088000315242,19200000,0.9,135000,0,sha256:1a43e0ddf8cc02438cc76d27ba1cce86da34109d2e43dcc8ed7c9d581b95b39d,13,sha256:e8023f6c98995f21763c6f52e5f1e347f72d2a0002c55e0425ed3858a0f955de,150000,20260717T134222171980Z,1222,mask_fragment-n150000-w128-m0900-s1222
mask_fragment,86a3c5594a7b0bd7b33efe4c4ffaf5dc0aa17226,late_mask_fragment,128,748.5021000029519,19200000,0.9,135000,1,sha256:18bd7fb3b6d02ff88c53bf4a74124c631590d7e276f031a9034dc7f9cb857902,13,sha256:e8023f6c98995f21763c6f52e5f1e347f72d2a0002c55e0425ed3858a0f955de,150000,20260717T134222171980Z,1222,mask_fragment-n150000-w128-m0900-s1222
mask_fragment,86a3c5594a7b0bd7b33efe4c4ffaf5dc0aa17226,late_mask_fragment,128,717.360699956771,19200000,0.9,135000,0,sha256:18bd7fb3b6d02ff88c53bf4a74124c631590d7e276f031a9034dc7f9cb857902,14,sha256:e8023f6c98995f21763c6f52e5f1e347f72d2a0002c55e0425ed3858a0f955de,150000,20260717T134222171980Z,1222,mask_fragment-n150000-w128-m0900-s1222
mask_fragment,86a3c5594a7b0bd7b33efe4c4ffaf5dc0aa17226,early_mask_fragment,128,644.5973999798298,19200000,0.9,135000,1,sha256:1a43e0ddf8cc02438cc76d27ba1cce86da34109d2e43dcc8ed7c9d581b95b39d,14,sha256:e8023f6c98995f21763c6f52e5f1e347f72d2a0002c55e0425ed3858a0f955de,150000,20260717T134222171980Z,1222,mask_fragment-n150000-w128-m0900-s1222
mask_fragment,86a3c5594a7b0bd7b33efe4c4ffaf5dc0aa17226,late_mask_fragment,128,641.7567000025883,19200000,0.9,135000,0,sha256:18bd7fb3b6d02ff88c53bf4a74124c631590d7e276f031a9034dc7f9cb857902,0,sha256:c59398a6199143928174053da80b8b7d7d4552bf4fd289ae9cae59c6fea0d52e,150000,20260717T134222171980Z,1333,mask_fragment-n150000-w128-m0900-s1333
mask_fragment,86a3c5594a7b0bd7b33efe4c4ffaf5dc0aa17226,early_mask_fragment,128,860.6764000141993,19200000,0.9,135000,1,sha256:1a43e0ddf8cc02438cc76d27ba1cce86da34109d2e43dcc8ed7c9d581b95b39d,0,sha256:c59398a6199143928174053da80b8b7d7d4552bf4fd289ae9cae59c6fea0d52e,150000,20260717T134222171980Z,1333,mask_fragment-n150000-w128-m0900-s1333
mask_fragment,86a3c5594a7b0bd7b33efe4c4ffaf5dc0aa17226,early_mask_fragment,128,683.7156000547111,19200000,0.9,135000,0,sha256:1a43e0ddf8cc02438cc76d27ba1cce86da34109d2e43dcc8ed7c9d581b95b39d,1,sha256:c59398a6199143928174053da80b8b7d7d4552bf4fd289ae9cae59c6fea0d52e,150000,20260717T134222171980Z,1333,mask_fragment-n150000-w128-m0900-s1333
mask_fragment,86a3c5594a7b0bd7b33efe4c4ffaf5dc0aa17226,late_mask_fragment,128,746.3343000272289,19200000,0.9,135000,1,sha256:18bd7fb3b6d02ff88c53bf4a74124c631590d7e276f031a9034dc7f9cb857902,1,sha256:c59398a6199143928174053da80b8b7d7d4552bf4fd289ae9cae59c6fea0d52e,150000,20260717T134222171980Z,1333,mask_fragment-n150000-w128-m0900-s1333
mask_fragment,86a3c5594a7b0bd7b33efe4c4ffaf5dc0aa17226,late_mask_fragment,128,682.2043999563903,19200000,0.9,135000,0,sha256:18bd7fb3b6d02ff88c53bf4a74124c631590d7e276f031a9034dc7f9cb857902,2,sha256:c59398a6199143928174053da80b8b7d7d4552bf4fd289ae9cae59c6fea0d52e,150000,20260717T134222171980Z,1333,mask_fragment-n150000-w128-m0900-s1333
mask_fragment,86a3c5594a7b0bd7b33efe4c4ffaf5dc0aa17226,early_mask_fragment,128,799.7647000011057,19200000,0.9,135000,1,sha256:1a43e0ddf8cc02438cc76d27ba1cce86da34109d2e43dcc8ed7c9d581b95b39d,2,sha256:c59398a6199143928174053da80b8b7d7d4552bf4fd289ae9cae59c6fea0d52e,150000,20260717T134222171980Z,1333,mask_fragment-n150000-w128-m0900-s1333
mask_fragment,86a3c5594a7b0bd7b33efe4c4ffaf5dc0aa17226,early_mask_fragment,128,704.632600012701,19200000,0.9,135000,0,sha256:1a43e0ddf8cc02438cc76d27ba1cce86da34109d2e43dcc8ed7c9d581b95b39d,3,sha256:c59398a6199143928174053da80b8b7d7d4552bf4fd289ae9cae59c6fea0d52e,150000,20260717T134222171980Z,1333,mask_fragment-n150000-w128-m0900-s1333
mask_fragment,86a3c5594a7b0bd7b33efe4c4ffaf5dc0aa17226,late_mask_fragment,128,702.9956000042148,19200000,0.9,135000,1,sha256:18bd7fb3b6d02ff88c53bf4a74124c631590d7e276f031a9034dc7f9cb857902,3,sha256:c59398a6199143928174053da80b8b7d7d4552bf4fd289ae9cae59c6fea0d52e,150000,20260717T134222171980Z,1333,mask_fragment-n150000-w128-m0900-s1333
mask_fragment,86a3c5594a7b0bd7b33efe4c4ffaf5dc0aa17226,late_mask_fragment,128,864.9936000001617,19200000,0.9,135000,0,sha256:18bd7fb3b6d02ff88c53bf4a74124c631590d7e276f031a9034dc7f9cb857902,4,sha256:c59398a6199143928174053da80b8b7d7d4552bf4fd289ae9cae59c6fea0d52e,150000,20260717T134222171980Z,1333,mask_fragment-n150000-w128-m0900-s1333
mask_fragment,86a3c5594a7b0bd7b33efe4c4ffaf5dc0aa17226,early_mask_fragment,128,557.1378000313416,19200000,0.9,135000,1,sha256:1a43e0ddf8cc02438cc76d27ba1cce86da34109d2e43dcc8ed7c9d581b95b39d,4,sha256:c59398a6199143928174053da80b8b7d7d4552bf4fd289ae9cae59c6fea0d52e,150000,20260717T134222171980Z,1333,mask_fragment-n150000-w128-m0900-s1333
mask_fragment,86a3c5594a7b0bd7b33efe4c4ffaf5dc0aa17226,early_mask_fragment,128,569.0441000042483,19200000,0.9,135000,0,sha256:1a43e0ddf8cc02438cc76d27ba1cce86da34109d2e43dcc8ed7c9d581b95b39d,5,sha256:c59398a6199143928174053da80b8b7d7d4552bf4fd289ae9cae59c6fea0d52e,150000,20260717T134222171980Z,1333,mask_fragment-n150000-w128-m0900-s1333
mask_fragment,86a3c5594a7b0bd7b33efe4c4ffaf5dc0aa17226,late_mask_fragment,128,554.0629000170156,19200000,0.9,135000,1,sha256:18bd7fb3b6d02ff88c53bf4a74124c631590d7e276f031a9034dc7f9cb857902,5,sha256:c59398a6199143928174053da80b8b7d7d4552bf4fd289ae9cae59c6fea0d52e,150000,20260717T134222171980Z,1333,mask_fragment-n150000-w128-m0900-s1333
mask_fragment,86a3c5594a7b0bd7b33efe4c4ffaf5dc0aa17226,late_mask_fragment,128,587.6591000123881,19200000,0.9,135000,0,sha256:18bd7fb3b6d02ff88c53bf4a74124c631590d7e276f031a9034dc7f9cb857902,6,sha256:c59398a6199143928174053da80b8b7d7d4552bf4fd289ae9cae59c6fea0d52e,150000,20260717T134222171980Z,1333,mask_fragment-n150000-w128-m0900-s1333
mask_fragment,86a3c5594a7b0bd7b33efe4c4ffaf5dc0aa17226,early_mask_fragment,128,535.3301999857649,19200000,0.9,135000,1,sha256:1a43e0ddf8cc02438cc76d27ba1cce86da34109d2e43dcc8ed7c9d581b95b39d,6,sha256:c59398a6199143928174053da80b8b7d7d4552bf4fd289ae9cae59c6fea0d52e,150000,20260717T134222171980Z,1333,mask_fragment-n150000-w128-m0900-s1333
mask_fragment,86a3c5594a7b0bd7b33efe4c4ffaf5dc0aa17226,early_mask_fragment,128,545.538000005763,19200000,0.9,135000,0,sha256:1a43e0ddf8cc02438cc76d27ba1cce86da34109d2e43dcc8ed7c9d581b95b39d,7,sha256:c59398a6199143928174053da80b8b7d7d4552bf4fd289ae9cae59c6fea0d52e,150000,20260717T134222171980Z,1333,mask_fragment-n150000-w128-m0900-s1333
mask_fragment,86a3c5594a7b0bd7b33efe4c4ffaf5dc0aa17226,late_mask_fragment,128,516.2404999719001,19200000,0.9,135000,1,sha256:18bd7fb3b6d02ff88c53bf4a74124c631590d7e276f031a9034dc7f9cb857902,7,sha256:c59398a6199143928174053da80b8b7d7d4552bf4fd289ae9cae59c6fea0d52e,150000,20260717T134222171980Z,1333,mask_fragment-n150000-w128-m0900-s1333
mask_fragment,86a3c5594a7b0bd7b33efe4c4ffaf5dc0aa17226,late_mask_fragment,128,594.2645000177436,19200000,0.9,135000,0,sha256:18bd7fb3b6d02ff88c53bf4a74124c631590d7e276f031a9034dc7f9cb857902,8,sha256:c59398a6199143928174053da80b8b7d7d4552bf4fd289ae9cae59c6fea0d52e,150000,20260717T134222171980Z,1333,mask_fragment-n150000-w128-m0900-s1333
mask_fragment,86a3c5594a7b0bd7b33efe4c4ffaf5dc0aa17226,early_mask_fragment,128,489.1877000336535,19200000,0.9,135000,1,sha256:1a43e0ddf8cc02438cc76d27ba1cce86da34109d2e43dcc8ed7c9d581b95b39d,8,sha256:c59398a6199143928174053da80b8b7d7d4552bf4fd289ae9cae59c6fea0d52e,150000,20260717T134222171980Z,1333,mask_fragment-n150000-w128-m0900-s1333
mask_fragment,86a3c5594a7b0bd7b33efe4c4ffaf5dc0aa17226,early_mask_fragment,128,554.430499963928,19200000,0.9,135000,0,sha256:1a43e0ddf8cc02438cc76d27ba1cce86da34109d2e43dcc8ed7c9d581b95b39d,9,sha256:c59398a6199143928174053da80b8b7d7d4552bf4fd289ae9cae59c6fea0d52e,150000,20260717T134222171980Z,1333,mask_fragment-n150000-w128-m0900-s1333
mask_fragment,86a3c5594a7b0bd7b33efe4c4ffaf5dc0aa17226,late_mask_fragment,128,595.781399984844,19200000,0.9,135000,1,sha256:18bd7fb3b6d02ff88c53bf4a74124c631590d7e276f031a9034dc7f9cb857902,9,sha256:c59398a6199143928174053da80b8b7d7d4552bf4fd289ae9cae59c6fea0d52e,150000,20260717T134222171980Z,1333,mask_fragment-n150000-w128-m0900-s1333
mask_fragment,86a3c5594a7b0bd7b33efe4c4ffaf5dc0aa17226,late_mask_fragment,128,603.9802000159398,19200000,0.9,135000,0,sha256:18bd7fb3b6d02ff88c53bf4a74124c631590d7e276f031a9034dc7f9cb857902,10,sha256:c59398a6199143928174053da80b8b7d7d4552bf4fd289ae9cae59c6fea0d52e,150000,20260717T134222171980Z,1333,mask_fragment-n150000-w128-m0900-s1333
mask_fragment,86a3c5594a7b0bd7b33efe4c4ffaf5dc0aa17226,early_mask_fragment,128,560.1175000192598,19200000,0.9,135000,1,sha256:1a43e0ddf8cc02438cc76d27ba1cce86da34109d2e43dcc8ed7c9d581b95b39d,10,sha256:c59398a6199143928174053da80b8b7d7d4552bf4fd289ae9cae59c6fea0d52e,150000,20260717T134222171980Z,1333,mask_fragment-n150000-w128-m0900-s1333
mask_fragment,86a3c5594a7b0bd7b33efe4c4ffaf5dc0aa17226,early_mask_fragment,128,633.2898000255227,19200000,0.9,135000,0,sha256:1a43e0ddf8cc02438cc76d27ba1cce86da34109d2e43dcc8ed7c9d581b95b39d,11,sha256:c59398a6199143928174053da80b8b7d7d4552bf4fd289ae9cae59c6fea0d52e,150000,20260717T134222171980Z,1333,mask_fragment-n150000-w128-m0900-s1333
mask_fragment,86a3c5594a7b0bd7b33efe4c4ffaf5dc0aa17226,late_mask_fragment,128,699.8865000205114,19200000,0.9,135000,1,sha256:18bd7fb3b6d02ff88c53bf4a74124c631590d7e276f031a9034dc7f9cb857902,11,sha256:c59398a6199143928174053da80b8b7d7d4552bf4fd289ae9cae59c6fea0d52e,150000,20260717T134222171980Z,1333,mask_fragment-n150000-w128-m0900-s1333
mask_fragment,86a3c5594a7b0bd7b33efe4c4ffaf5dc0aa17226,late_mask_fragment,128,623.2037000008859,19200000,0.9,135000,0,sha256:18bd7fb3b6d02ff88c53bf4a74124c631590d7e276f031a9034dc7f9cb857902,12,sha256:c59398a6199143928174053da80b8b7d7d4552bf4fd289ae9cae59c6fea0d52e,150000,20260717T134222171980Z,1333,mask_fragment-n150000-w128-m0900-s1333
mask_fragment,86a3c5594a7b0bd7b33efe4c4ffaf5dc0aa17226,early_mask_fragment,128,592.8453000378795,19200000,0.9,135000,1,sha256:1a43e0ddf8cc02438cc76d27ba1cce86da34109d2e43dcc8ed7c9d581b95b39d,12,sha256:c59398a6199143928174053da80b8b7d7d4552bf4fd289ae9cae59c6fea0d52e,150000,20260717T134222171980Z,1333,mask_fragment-n150000-w128-m0900-s1333
mask_fragment,86a3c5594a7b0bd7b33efe4c4ffaf5dc0aa17226,early_mask_fragment,128,582.4609000119381,19200000,0.9,135000,0,sha256:1a43e0ddf8cc02438cc76d27ba1cce86da34109d2e43dcc8ed7c9d581b95b39d,13,sha256:c59398a6199143928174053da80b8b7d7d4552bf4fd289ae9cae59c6fea0d52e,150000,20260717T134222171980Z,1333,mask_fragment-n150000-w128-m0900-s1333
mask_fragment,86a3c5594a7b0bd7b33efe4c4ffaf5dc0aa17226,late_mask_fragment,128,621.1219999822788,19200000,0.9,135000,1,sha256:18bd7fb3b6d02ff88c53bf4a74124c631590d7e276f031a9034dc7f9cb857902,13,sha256:c59398a6199143928174053da80b8b7d7d4552bf4fd289ae9cae59c6fea0d52e,150000,20260717T134222171980Z,1333,mask_fragment-n150000-w128-m0900-s1333
mask_fragment,86a3c5594a7b0bd7b33efe4c4ffaf5dc0aa17226,late_mask_fragment,128,655.2290000254288,19200000,0.9,135000,0,sha256:18bd7fb3b6d02ff88c53bf4a74124c631590d7e276f031a9034dc7f9cb857902,14,sha256:c59398a6199143928174053da80b8b7d7d4552bf4fd289ae9cae59c6fea0d52e,150000,20260717T134222171980Z,1333,mask_fragment-n150000-w128-m0900-s1333
mask_fragment,86a3c5594a7b0bd7b33efe4c4ffaf5dc0aa17226,early_mask_fragment,128,537.1597999474034,19200000,0.9,135000,1,sha256:1a43e0ddf8cc02438cc76d27ba1cce86da34109d2e43dcc8ed7c9d581b95b39d,14,sha256:c59398a6199143928174053da80b8b7d7d4552bf4fd289ae9cae59c6fea0d52e,150000,20260717T134222171980Z,1333,mask_fragment-n150000-w128-m0900-s1333
mask_fragment,86a3c5594a7b0bd7b33efe4c4ffaf5dc0aa17226,late_mask_fragment,128,710.5889999656938,19200000,0.9,135000,0,sha256:18bd7fb3b6d02ff88c53bf4a74124c631590d7e276f031a9034dc7f9cb857902,0,sha256:a4b9b8df0f775aff4818cdab692094fa711bec21d0a089692c37ea5effbaf45a,150000,20260717T134222171980Z,1444,mask_fragment-n150000-w128-m0900-s1444
mask_fragment,86a3c5594a7b0bd7b33efe4c4ffaf5dc0aa17226,early_mask_fragment,128,730.4809000343084,19200000,0.9,135000,1,sha256:1a43e0ddf8cc02438cc76d27ba1cce86da34109d2e43dcc8ed7c9d581b95b39d,0,sha256:a4b9b8df0f775aff4818cdab692094fa711bec21d0a089692c37ea5effbaf45a,150000,20260717T134222171980Z,1444,mask_fragment-n150000-w128-m0900-s1444
mask_fragment,86a3c5594a7b0bd7b33efe4c4ffaf5dc0aa17226,early_mask_fragment,128,731.9223000085913,19200000,0.9,135000,0,sha256:1a43e0ddf8cc02438cc76d27ba1cce86da34109d2e43dcc8ed7c9d581b95b39d,1,sha256:a4b9b8df0f775aff4818cdab692094fa711bec21d0a089692c37ea5effbaf45a,150000,20260717T134222171980Z,1444,mask_fragment-n150000-w128-m0900-s1444
mask_fragment,86a3c5594a7b0bd7b33efe4c4ffaf5dc0aa17226,late_mask_fragment,128,849.6252000331879,19200000,0.9,135000,1,sha256:18bd7fb3b6d02ff88c53bf4a74124c631590d7e276f031a9034dc7f9cb857902,1,sha256:a4b9b8df0f775aff4818cdab692094fa711bec21d0a089692c37ea5effbaf45a,150000,20260717T134222171980Z,1444,mask_fragment-n150000-w128-m0900-s1444
mask_fragment,86a3c5594a7b0bd7b33efe4c4ffaf5dc0aa17226,late_mask_fragment,128,1486.8813999928534,19200000,0.9,135000,0,sha256:18bd7fb3b6d02ff88c53bf4a74124c631590d7e276f031a9034dc7f9cb857902,2,sha256:a4b9b8df0f775aff4818cdab692094fa711bec21d0a089692c37ea5effbaf45a,150000,20260717T134222171980Z,1444,mask_fragment-n150000-w128-m0900-s1444
mask_fragment,86a3c5594a7b0bd7b33efe4c4ffaf5dc0aa17226,early_mask_fragment,128,541.1928000394255,19200000,0.9,135000,1,sha256:1a43e0ddf8cc02438cc76d27ba1cce86da34109d2e43dcc8ed7c9d581b95b39d,2,sha256:a4b9b8df0f775aff4818cdab692094fa711bec21d0a089692c37ea5effbaf45a,150000,20260717T134222171980Z,1444,mask_fragment-n150000-w128-m0900-s1444
mask_fragment,86a3c5594a7b0bd7b33efe4c4ffaf5dc0aa17226,early_mask_fragment,128,547.9759000008926,19200000,0.9,135000,0,sha256:1a43e0ddf8cc02438cc76d27ba1cce86da34109d2e43dcc8ed7c9d581b95b39d,3,sha256:a4b9b8df0f775aff4818cdab692094fa711bec21d0a089692c37ea5effbaf45a,150000,20260717T134222171980Z,1444,mask_fragment-n150000-w128-m0900-s1444
mask_fragment,86a3c5594a7b0bd7b33efe4c4ffaf5dc0aa17226,late_mask_fragment,128,608.32230001688,19200000,0.9,135000,1,sha256:18bd7fb3b6d02ff88c53bf4a74124c631590d7e276f031a9034dc7f9cb857902,3,sha256:a4b9b8df0f775aff4818cdab692094fa711bec21d0a089692c37ea5effbaf45a,150000,20260717T134222171980Z,1444,mask_fragment-n150000-w128-m0900-s1444
mask_fragment,86a3c5594a7b0bd7b33efe4c4ffaf5dc0aa17226,late_mask_fragment,128,1452.0982999820262,19200000,0.9,135000,0,sha256:18bd7fb3b6d02ff88c53bf4a74124c631590d7e276f031a9034dc7f9cb857902,4,sha256:a4b9b8df0f775aff4818cdab692094fa711bec21d0a089692c37ea5effbaf45a,150000,20260717T134222171980Z,1444,mask_fragment-n150000-w128-m0900-s1444
mask_fragment,86a3c5594a7b0bd7b33efe4c4ffaf5dc0aa17226,early_mask_fragment,128,479.3729999801144,19200000,0.9,135000,1,sha256:1a43e0ddf8cc02438cc76d27ba1cce86da34109d2e43dcc8ed7c9d581b95b39d,4,sha256:a4b9b8df0f775aff4818cdab692094fa711bec21d0a089692c37ea5effbaf45a,150000,20260717T134222171980Z,1444,mask_fragment-n150000-w128-m0900-s1444
mask_fragment,86a3c5594a7b0bd7b33efe4c4ffaf5dc0aa17226,early_mask_fragment,128,545.8901000092737,19200000,0.9,135000,0,sha256:1a43e0ddf8cc02438cc76d27ba1cce86da34109d2e43dcc8ed7c9d581b95b39d,5,sha256:a4b9b8df0f775aff4818cdab692094fa711bec21d0a089692c37ea5effbaf45a,150000,20260717T134222171980Z,1444,mask_fragment-n150000-w128-m0900-s1444
mask_fragment,86a3c5594a7b0bd7b33efe4c4ffaf5dc0aa17226,late_mask_fragment,128,1481.3735999632627,19200000,0.9,135000,1,sha256:18bd7fb3b6d02ff88c53bf4a74124c631590d7e276f031a9034dc7f9cb857902,5,sha256:a4b9b8df0f775aff4818cdab692094fa711bec21d0a089692c37ea5effbaf45a,150000,20260717T134222171980Z,1444,mask_fragment-n150000-w128-m0900-s1444
mask_fragment,86a3c5594a7b0bd7b33efe4c4ffaf5dc0aa17226,late_mask_fragment,128,526.491500029806,19200000,0.9,135000,0,sha256:18bd7fb3b6d02ff88c53bf4a74124c631590d7e276f031a9034dc7f9cb857902,6,sha256:a4b9b8df0f775aff4818cdab692094fa711bec21d0a089692c37ea5effbaf45a,150000,20260717T134222171980Z,1444,mask_fragment-n150000-w128-m0900-s1444
mask_fragment,86a3c5594a7b0bd7b33efe4c4ffaf5dc0aa17226,early_mask_fragment,128,532.293300027959,19200000,0.9,135000,1,sha256:1a43e0ddf8cc02438cc76d27ba1cce86da34109d2e43dcc8ed7c9d581b95b39d,6,sha256:a4b9b8df0f775aff4818cdab692094fa711bec21d0a089692c37ea5effbaf45a,150000,20260717T134222171980Z,1444,mask_fragment-n150000-w128-m0900-s1444
mask_fragment,86a3c5594a7b0bd7b33efe4c4ffaf5dc0aa17226,early_mask_fragment,128,528.0537999933586,19200000,0.9,135000,0,sha256:1a43e0ddf8cc02438cc76d27ba1cce86da34109d2e43dcc8ed7c9d581b95b39d,7,sha256:a4b9b8df0f775aff4818cdab692094fa711bec21d0a089692c37ea5effbaf45a,150000,20260717T134222171980Z,1444,mask_fragment-n150000-w128-m0900-s1444
mask_fragment,86a3c5594a7b0bd7b33efe4c4ffaf5dc0aa17226,late_mask_fragment,128,517.6821000059135,19200000,0.9,135000,1,sha256:18bd7fb3b6d02ff88c53bf4a74124c631590d7e276f031a9034dc7f9cb857902,7,sha256:a4b9b8df0f775aff4818cdab692094fa711bec21d0a089692c37ea5effbaf45a,150000,20260717T134222171980Z,1444,mask_fragment-n150000-w128-m0900-s1444
mask_fragment,86a3c5594a7b0bd7b33efe4c4ffaf5dc0aa17226,late_mask_fragment,128,524.5520999887958,19200000,0.9,135000,0,sha256:18bd7fb3b6d02ff88c53bf4a74124c631590d7e276f031a9034dc7f9cb857902,8,sha256:a4b9b8df0f775aff4818cdab692094fa711bec21d0a089692c37ea5effbaf45a,150000,20260717T134222171980Z,1444,mask_fragment-n150000-w128-m0900-s1444
mask_fragment,86a3c5594a7b0bd7b33efe4c4ffaf5dc0aa17226,early_mask_fragment,128,545.7585999974981,19200000,0.9,135000,1,sha256:1a43e0ddf8cc02438cc76d27ba1cce86da34109d2e43dcc8ed7c9d581b95b39d,8,sha256:a4b9b8df0f775aff4818cdab692094fa711bec21d0a089692c37ea5effbaf45a,150000,20260717T134222171980Z,1444,mask_fragment-n150000-w128-m0900-s1444
mask_fragment,86a3c5594a7b0bd7b33efe4c4ffaf5dc0aa17226,early_mask_fragment,128,487.36379999900237,19200000,0.9,135000,0,sha256:1a43e0ddf8cc02438cc76d27ba1cce86da34109d2e43dcc8ed7c9d581b95b39d,9,sha256:a4b9b8df0f775aff4818cdab692094fa711bec21d0a089692c37ea5effbaf45a,150000,20260717T134222171980Z,1444,mask_fragment-n150000-w128-m0900-s1444
mask_fragment,86a3c5594a7b0bd7b33efe4c4ffaf5dc0aa17226,late_mask_fragment,128,578.336299979128,19200000,0.9,135000,1,sha256:18bd7fb3b6d02ff88c53bf4a74124c631590d7e276f031a9034dc7f9cb857902,9,sha256:a4b9b8df0f775aff4818cdab692094fa711bec21d0a089692c37ea5effbaf45a,150000,20260717T134222171980Z,1444,mask_fragment-n150000-w128-m0900-s1444
mask_fragment,86a3c5594a7b0bd7b33efe4c4ffaf5dc0aa17226,late_mask_fragment,128,591.4765999768861,19200000,0.9,135000,0,sha256:18bd7fb3b6d02ff88c53bf4a74124c631590d7e276f031a9034dc7f9cb857902,10,sha256:a4b9b8df0f775aff4818cdab692094fa711bec21d0a089692c37ea5effbaf45a,150000,20260717T134222171980Z,1444,mask_fragment-n150000-w128-m0900-s1444
mask_fragment,86a3c5594a7b0bd7b33efe4c4ffaf5dc0aa17226,early_mask_fragment,128,559.077299956698,19200000,0.9,135000,1,sha256:1a43e0ddf8cc02438cc76d27ba1cce86da34109d2e43dcc8ed7c9d581b95b39d,10,sha256:a4b9b8df0f775aff4818cdab692094fa711bec21d0a089692c37ea5effbaf45a,150000,20260717T134222171980Z,1444,mask_fragment-n150000-w128-m0900-s1444
mask_fragment,86a3c5594a7b0bd7b33efe4c4ffaf5dc0aa17226,early_mask_fragment,128,530.982700001914,19200000,0.9,135000,0,sha256:1a43e0ddf8cc02438cc76d27ba1cce86da34109d2e43dcc8ed7c9d581b95b39d,11,sha256:a4b9b8df0f775aff4818cdab692094fa711bec21d0a089692c37ea5effbaf45a,150000,20260717T134222171980Z,1444,mask_fragment-n150000-w128-m0900-s1444
mask_fragment,86a3c5594a7b0bd7b33efe4c4ffaf5dc0aa17226,late_mask_fragment,128,1444.4557999959216,19200000,0.9,135000,1,sha256:18bd7fb3b6d02ff88c53bf4a74124c631590d7e276f031a9034dc7f9cb857902,11,sha256:a4b9b8df0f775aff4818cdab692094fa711bec21d0a089692c37ea5effbaf45a,150000,20260717T134222171980Z,1444,mask_fragment-n150000-w128-m0900-s1444
mask_fragment,86a3c5594a7b0bd7b33efe4c4ffaf5dc0aa17226,late_mask_fragment,128,576.651299954392,19200000,0.9,135000,0,sha256:18bd7fb3b6d02ff88c53bf4a74124c631590d7e276f031a9034dc7f9cb857902,12,sha256:a4b9b8df0f775aff4818cdab692094fa711bec21d0a089692c37ea5effbaf45a,150000,20260717T134222171980Z,1444,mask_fragment-n150000-w128-m0900-s1444
mask_fragment,86a3c5594a7b0bd7b33efe4c4ffaf5dc0aa17226,early_mask_fragment,128,564.0117999864742,19200000,0.9,135000,1,sha256:1a43e0ddf8cc02438cc76d27ba1cce86da34109d2e43dcc8ed7c9d581b95b39d,12,sha256:a4b9b8df0f775aff4818cdab692094fa711bec21d0a089692c37ea5effbaf45a,150000,20260717T134222171980Z,1444,mask_fragment-n150000-w128-m0900-s1444
mask_fragment,86a3c5594a7b0bd7b33efe4c4ffaf5dc0aa17226,early_mask_fragment,128,536.9489000295289,19200000,0.9,135000,0,sha256:1a43e0ddf8cc02438cc76d27ba1cce86da34109d2e43dcc8ed7c9d581b95b39d,13,sha256:a4b9b8df0f775aff4818cdab692094fa711bec21d0a089692c37ea5effbaf45a,150000,20260717T134222171980Z,1444,mask_fragment-n150000-w128-m0900-s1444
mask_fragment,86a3c5594a7b0bd7b33efe4c4ffaf5dc0aa17226,late_mask_fragment,128,1527.3795000393875,19200000,0.9,135000,1,sha256:18bd7fb3b6d02ff88c53bf4a74124c631590d7e276f031a9034dc7f9cb857902,13,sha256:a4b9b8df0f775aff4818cdab692094fa711bec21d0a089692c37ea5effbaf45a,150000,20260717T134222171980Z,1444,mask_fragment-n150000-w128-m0900-s1444
mask_fragment,86a3c5594a7b0bd7b33efe4c4ffaf5dc0aa17226,late_mask_fragment,128,516.9556000037119,19200000,0.9,135000,0,sha256:18bd7fb3b6d02ff88c53bf4a74124c631590d7e276f031a9034dc7f9cb857902,14,sha256:a4b9b8df0f775aff4818cdab692094fa711bec21d0a089692c37ea5effbaf45a,150000,20260717T134222171980Z,1444,mask_fragment-n150000-w128-m0900-s1444
mask_fragment,86a3c5594a7b0bd7b33efe4c4ffaf5dc0aa17226,early_mask_fragment,128,551.6215999959968,19200000,0.9,135000,1,sha256:1a43e0ddf8cc02438cc76d27ba1cce86da34109d2e43dcc8ed7c9d581b95b39d,14,sha256:a4b9b8df0f775aff4818cdab692094fa711bec21d0a089692c37ea5effbaf45a,150000,20260717T134222171980Z,1444,mask_fragment-n150000-w128-m0900-s1444
mask_fragment,86a3c5594a7b0bd7b33efe4c4ffaf5dc0aa17226,late_mask_fragment,128,596.8595999875106,19200000,0.9,135000,0,sha256:18bd7fb3b6d02ff88c53bf4a74124c631590d7e276f031a9034dc7f9cb857902,0,sha256:1bf7ffc5db81792a5ed36beab5deb9b9d83b019e5f5f4ea79891fdf8fbd6fd5c,150000,20260717T134222171980Z,1555,mask_fragment-n150000-w128-m0900-s1555
mask_fragment,86a3c5594a7b0bd7b33efe4c4ffaf5dc0aa17226,early_mask_fragment,128,718.5020999750122,19200000,0.9,135000,1,sha256:1a43e0ddf8cc02438cc76d27ba1cce86da34109d2e43dcc8ed7c9d581b95b39d,0,sha256:1bf7ffc5db81792a5ed36beab5deb9b9d83b019e5f5f4ea79891fdf8fbd6fd5c,150000,20260717T134222171980Z,1555,mask_fragment-n150000-w128-m0900-s1555
mask_fragment,86a3c5594a7b0bd7b33efe4c4ffaf5dc0aa17226,early_mask_fragment,128,740.9219999681227,19200000,0.9,135000,0,sha256:1a43e0ddf8cc02438cc76d27ba1cce86da34109d2e43dcc8ed7c9d581b95b39d,1,sha256:1bf7ffc5db81792a5ed36beab5deb9b9d83b019e5f5f4ea79891fdf8fbd6fd5c,150000,20260717T134222171980Z,1555,mask_fragment-n150000-w128-m0900-s1555
mask_fragment,86a3c5594a7b0bd7b33efe4c4ffaf5dc0aa17226,late_mask_fragment,128,767.3950999742374,19200000,0.9,135000,1,sha256:18bd7fb3b6d02ff88c53bf4a74124c631590d7e276f031a9034dc7f9cb857902,1,sha256:1bf7ffc5db81792a5ed36beab5deb9b9d83b019e5f5f4ea79891fdf8fbd6fd5c,150000,20260717T134222171980Z,1555,mask_fragment-n150000-w128-m0900-s1555
mask_fragment,86a3c5594a7b0bd7b33efe4c4ffaf5dc0aa17226,late_mask_fragment,128,760.088499984704,19200000,0.9,135000,0,sha256:18bd7fb3b6d02ff88c53bf4a74124c631590d7e276f031a9034dc7f9cb857902,2,sha256:1bf7ffc5db81792a5ed36beab5deb9b9d83b019e5f5f4ea79891fdf8fbd6fd5c,150000,20260717T134222171980Z,1555,mask_fragment-n150000-w128-m0900-s1555
mask_fragment,86a3c5594a7b0bd7b33efe4c4ffaf5dc0aa17226,early_mask_fragment,128,717.3883999930695,19200000,0.9,135000,1,sha256:1a43e0ddf8cc02438cc76d27ba1cce86da34109d2e43dcc8ed7c9d581b95b39d,2,sha256:1bf7ffc5db81792a5ed36beab5deb9b9d83b019e5f5f4ea79891fdf8fbd6fd5c,150000,20260717T134222171980Z,1555,mask_fragment-n150000-w128-m0900-s1555
mask_fragment,86a3c5594a7b0bd7b33efe4c4ffaf5dc0aa17226,early_mask_fragment,128,676.092499983497,19200000,0.9,135000,0,sha256:1a43e0ddf8cc02438cc76d27ba1cce86da34109d2e43dcc8ed7c9d581b95b39d,3,sha256:1bf7ffc5db81792a5ed36beab5deb9b9d83b019e5f5f4ea79891fdf8fbd6fd5c,150000,20260717T134222171980Z,1555,mask_fragment-n150000-w128-m0900-s1555
mask_fragment,86a3c5594a7b0bd7b33efe4c4ffaf5dc0aa17226,late_mask_fragment,128,566.7861000401899,19200000,0.9,135000,1,sha256:18bd7fb3b6d02ff88c53bf4a74124c631590d7e276f031a9034dc7f9cb857902,3,sha256:1bf7ffc5db81792a5ed36beab5deb9b9d83b019e5f5f4ea79891fdf8fbd6fd5c,150000,20260717T134222171980Z,1555,mask_fragment-n150000-w128-m0900-s1555
mask_fragment,86a3c5594a7b0bd7b33efe4c4ffaf5dc0aa17226,late_mask_fragment,128,575.2611000207253,19200000,0.9,135000,0,sha256:18bd7fb3b6d02ff88c53bf4a74124c631590d7e276f031a9034dc7f9cb857902,4,sha256:1bf7ffc5db81792a5ed36beab5deb9b9d83b019e5f5f4ea79891fdf8fbd6fd5c,150000,20260717T134222171980Z,1555,mask_fragment-n150000-w128-m0900-s1555
mask_fragment,86a3c5594a7b0bd7b33efe4c4ffaf5dc0aa17226,early_mask_fragment,128,527.3427999927662,19200000,0.9,135000,1,sha256:1a43e0ddf8cc02438cc76d27ba1cce86da34109d2e43dcc8ed7c9d581b95b39d,4,sha256:1bf7ffc5db81792a5ed36beab5deb9b9d83b019e5f5f4ea79891fdf8fbd6fd5c,150000,20260717T134222171980Z,1555,mask_fragment-n150000-w128-m0900-s1555
mask_fragment,86a3c5594a7b0bd7b33efe4c4ffaf5dc0aa17226,early_mask_fragment,128,567.4949999665841,19200000,0.9,135000,0,sha256:1a43e0ddf8cc02438cc76d27ba1cce86da34109d2e43dcc8ed7c9d581b95b39d,5,sha256:1bf7ffc5db81792a5ed36beab5deb9b9d83b019e5f5f4ea79891fdf8fbd6fd5c,150000,20260717T134222171980Z,1555,mask_fragment-n150000-w128-m0900-s1555
mask_fragment,86a3c5594a7b0bd7b33efe4c4ffaf5dc0aa17226,late_mask_fragment,128,594.0085999900475,19200000,0.9,135000,1,sha256:18bd7fb3b6d02ff88c53bf4a74124c631590d7e276f031a9034dc7f9cb857902,5,sha256:1bf7ffc5db81792a5ed36beab5deb9b9d83b019e5f5f4ea79891fdf8fbd6fd5c,150000,20260717T134222171980Z,1555,mask_fragment-n150000-w128-m0900-s1555
mask_fragment,86a3c5594a7b0bd7b33efe4c4ffaf5dc0aa17226,late_mask_fragment,128,554.4792999862693,19200000,0.9,135000,0,sha256:18bd7fb3b6d02ff88c53bf4a74124c631590d7e276f031a9034dc7f9cb857902,6,sha256:1bf7ffc5db81792a5ed36beab5deb9b9d83b019e5f5f4ea79891fdf8fbd6fd5c,150000,20260717T134222171980Z,1555,mask_fragment-n150000-w128-m0900-s1555
mask_fragment,86a3c5594a7b0bd7b33efe4c4ffaf5dc0aa17226,early_mask_fragment,128,502.50589998904616,19200000,0.9,135000,1,sha256:1a43e0ddf8cc02438cc76d27ba1cce86da34109d2e43dcc8ed7c9d581b95b39d,6,sha256:1bf7ffc5db81792a5ed36beab5deb9b9d83b019e5f5f4ea79891fdf8fbd6fd5c,150000,20260717T134222171980Z,1555,mask_fragment-n150000-w128-m0900-s1555
mask_fragment,86a3c5594a7b0bd7b33efe4c4ffaf5dc0aa17226,early_mask_fragment,128,508.5411000181921,19200000,0.9,135000,0,sha256:1a43e0ddf8cc02438cc76d27ba1cce86da34109d2e43dcc8ed7c9d581b95b39d,7,sha256:1bf7ffc5db81792a5ed36beab5deb9b9d83b019e5f5f4ea79891fdf8fbd6fd5c,150000,20260717T134222171980Z,1555,mask_fragment-n150000-w128-m0900-s1555
mask_fragment,86a3c5594a7b0bd7b33efe4c4ffaf5dc0aa17226,late_mask_fragment,128,628.11370001873,19200000,0.9,135000,1,sha256:18bd7fb3b6d02ff88c53bf4a74124c631590d7e276f031a9034dc7f9cb857902,7,sha256:1bf7ffc5db81792a5ed36beab5deb9b9d83b019e5f5f4ea79891fdf8fbd6fd5c,150000,20260717T134222171980Z,1555,mask_fragment-n150000-w128-m0900-s1555
mask_fragment,86a3c5594a7b0bd7b33efe4c4ffaf5dc0aa17226,late_mask_fragment,128,572.7755000116304,19200000,0.9,135000,0,sha256:18bd7fb3b6d02ff88c53bf4a74124c631590d7e276f031a9034dc7f9cb857902,8,sha256:1bf7ffc5db81792a5ed36beab5deb9b9d83b019e5f5f4ea79891fdf8fbd6fd5c,150000,20260717T134222171980Z,1555,mask_fragment-n150000-w128-m0900-s1555
mask_fragment,86a3c5594a7b0bd7b33efe4c4ffaf5dc0aa17226,early_mask_fragment,128,568.739399954211,19200000,0.9,135000,1,sha256:1a43e0ddf8cc02438cc76d27ba1cce86da34109d2e43dcc8ed7c9d581b95b39d,8,sha256:1bf7ffc5db81792a5ed36beab5deb9b9d83b019e5f5f4ea79891fdf8fbd6fd5c,150000,20260717T134222171980Z,1555,mask_fragment-n150000-w128-m0900-s1555
mask_fragment,86a3c5594a7b0bd7b33efe4c4ffaf5dc0aa17226,early_mask_fragment,128,496.0480000008829,19200000,0.9,135000,0,sha256:1a43e0ddf8cc02438cc76d27ba1cce86da34109d2e43dcc8ed7c9d581b95b39d,9,sha256:1bf7ffc5db81792a5ed36beab5deb9b9d83b019e5f5f4ea79891fdf8fbd6fd5c,150000,20260717T134222171980Z,1555,mask_fragment-n150000-w128-m0900-s1555
mask_fragment,86a3c5594a7b0bd7b33efe4c4ffaf5dc0aa17226,late_mask_fragment,128,512.9563999944367,19200000,0.9,135000,1,sha256:18bd7fb3b6d02ff88c53bf4a74124c631590d7e276f031a9034dc7f9cb857902,9,sha256:1bf7ffc5db81792a5ed36beab5deb9b9d83b019e5f5f4ea79891fdf8fbd6fd5c,150000,20260717T134222171980Z,1555,mask_fragment-n150000-w128-m0900-s1555
mask_fragment,86a3c5594a7b0bd7b33efe4c4ffaf5dc0aa17226,late_mask_fragment,128,526.1035999865271,19200000,0.9,135000,0,sha256:18bd7fb3b6d02ff88c53bf4a74124c631590d7e276f031a9034dc7f9cb857902,10,sha256:1bf7ffc5db81792a5ed36beab5deb9b9d83b019e5f5f4ea79891fdf8fbd6fd5c,150000,20260717T134222171980Z,1555,mask_fragment-n150000-w128-m0900-s1555
mask_fragment,86a3c5594a7b0bd7b33efe4c4ffaf5dc0aa17226,early_mask_fragment,128,521.3906999561004,19200000,0.9,135000,1,sha256:1a43e0ddf8cc02438cc76d27ba1cce86da34109d2e43dcc8ed7c9d581b95b39d,10,sha256:1bf7ffc5db81792a5ed36beab5deb9b9d83b019e5f5f4ea79891fdf8fbd6fd5c,150000,20260717T134222171980Z,1555,mask_fragment-n150000-w128-m0900-s1555
mask_fragment,86a3c5594a7b0bd7b33efe4c4ffaf5dc0aa17226,early_mask_fragment,128,578.283199982252,19200000,0.9,135000,0,sha256:1a43e0ddf8cc02438cc76d27ba1cce86da34109d2e43dcc8ed7c9d581b95b39d,11,sha256:1bf7ffc5db81792a5ed36beab5deb9b9d83b019e5f5f4ea79891fdf8fbd6fd5c,150000,20260717T134222171980Z,1555,mask_fragment-n150000-w128-m0900-s1555
mask_fragment,86a3c5594a7b0bd7b33efe4c4ffaf5dc0aa17226,late_mask_fragment,128,534.1987999854609,19200000,0.9,135000,1,sha256:18bd7fb3b6d02ff88c53bf4a74124c631590d7e276f031a9034dc7f9cb857902,11,sha256:1bf7ffc5db81792a5ed36beab5deb9b9d83b019e5f5f4ea79891fdf8fbd6fd5c,150000,20260717T134222171980Z,1555,mask_fragment-n150000-w128-m0900-s1555
mask_fragment,86a3c5594a7b0bd7b33efe4c4ffaf5dc0aa17226,late_mask_fragment,128,550.8007000316866,19200000,0.9,135000,0,sha256:18bd7fb3b6d02ff88c53bf4a74124c631590d7e276f031a9034dc7f9cb857902,12,sha256:1bf7ffc5db81792a5ed36beab5deb9b9d83b019e5f5f4ea79891fdf8fbd6fd5c,150000,20260717T134222171980Z,1555,mask_fragment-n150000-w128-m0900-s1555
mask_fragment,86a3c5594a7b0bd7b33efe4c4ffaf5dc0aa17226,early_mask_fragment,128,542.6927999942563,19200000,0.9,135000,1,sha256:1a43e0ddf8cc02438cc76d27ba1cce86da34109d2e43dcc8ed7c9d581b95b39d,12,sha256:1bf7ffc5db81792a5ed36beab5deb9b9d83b019e5f5f4ea79891fdf8fbd6fd5c,150000,20260717T134222171980Z,1555,mask_fragment-n150000-w128-m0900-s1555
mask_fragment,86a3c5594a7b0bd7b33efe4c4ffaf5dc0aa17226,early_mask_fragment,128,577.6543999672867,19200000,0.9,135000,0,sha256:1a43e0ddf8cc02438cc76d27ba1cce86da34109d2e43dcc8ed7c9d581b95b39d,13,sha256:1bf7ffc5db81792a5ed36beab5deb9b9d83b019e5f5f4ea79891fdf8fbd6fd5c,150000,20260717T134222171980Z,1555,mask_fragment-n150000-w128-m0900-s1555
mask_fragment,86a3c5594a7b0bd7b33efe4c4ffaf5dc0aa17226,late_mask_fragment,128,562.3597999801859,19200000,0.9,135000,1,sha256:18bd7fb3b6d02ff88c53bf4a74124c631590d7e276f031a9034dc7f9cb857902,13,sha256:1bf7ffc5db81792a5ed36beab5deb9b9d83b019e5f5f4ea79891fdf8fbd6fd5c,150000,20260717T134222171980Z,1555,mask_fragment-n150000-w128-m0900-s1555
mask_fragment,86a3c5594a7b0bd7b33efe4c4ffaf5dc0aa17226,late_mask_fragment,128,586.8618999957107,19200000,0.9,135000,0,sha256:18bd7fb3b6d02ff88c53bf4a74124c631590d7e276f031a9034dc7f9cb857902,14,sha256:1bf7ffc5db81792a5ed36beab5deb9b9d83b019e5f5f4ea79891fdf8fbd6fd5c,150000,20260717T134222171980Z,1555,mask_fragment-n150000-w128-m0900-s1555
mask_fragment,86a3c5594a7b0bd7b33efe4c4ffaf5dc0aa17226,early_mask_fragment,128,532.1192999836057,19200000,0.9,135000,1,sha256:1a43e0ddf8cc02438cc76d27ba1cce86da34109d2e43dcc8ed7c9d581b95b39d,14,sha256:1bf7ffc5db81792a5ed36beab5deb9b9d83b019e5f5f4ea79891fdf8fbd6fd5c,150000,20260717T134222171980Z,1555,mask_fragment-n150000-w128-m0900-s1555
mask_fragment,86a3c5594a7b0bd7b33efe4c4ffaf5dc0aa17226,late_mask_fragment,128,685.384799959138,19200000,1.0,150000,0,sha256:92b825cb6ca6efd8c921ae328d9dcd567e5fc1cecda65d185180a168e33b45c9,0,sha256:fd513dca8b5ed3d6d3e8a27e66d4f3c30ada0c7cb84c19eda965b0d572a892a5,150000,20260717T134222171980Z,1111,mask_fragment-n150000-w128-m1000-s1111
mask_fragment,86a3c5594a7b0bd7b33efe4c4ffaf5dc0aa17226,early_mask_fragment,128,568.3272000169381,19200000,1.0,150000,1,sha256:1a43e0ddf8cc02438cc76d27ba1cce86da34109d2e43dcc8ed7c9d581b95b39d,0,sha256:fd513dca8b5ed3d6d3e8a27e66d4f3c30ada0c7cb84c19eda965b0d572a892a5,150000,20260717T134222171980Z,1111,mask_fragment-n150000-w128-m1000-s1111
mask_fragment,86a3c5594a7b0bd7b33efe4c4ffaf5dc0aa17226,early_mask_fragment,128,497.6334000239149,19200000,1.0,150000,0,sha256:1a43e0ddf8cc02438cc76d27ba1cce86da34109d2e43dcc8ed7c9d581b95b39d,1,sha256:fd513dca8b5ed3d6d3e8a27e66d4f3c30ada0c7cb84c19eda965b0d572a892a5,150000,20260717T134222171980Z,1111,mask_fragment-n150000-w128-m1000-s1111
mask_fragment,86a3c5594a7b0bd7b33efe4c4ffaf5dc0aa17226,late_mask_fragment,128,575.3339999937452,19200000,1.0,150000,1,sha256:92b825cb6ca6efd8c921ae328d9dcd567e5fc1cecda65d185180a168e33b45c9,1,sha256:fd513dca8b5ed3d6d3e8a27e66d4f3c30ada0c7cb84c19eda965b0d572a892a5,150000,20260717T134222171980Z,1111,mask_fragment-n150000-w128-m1000-s1111
mask_fragment,86a3c5594a7b0bd7b33efe4c4ffaf5dc0aa17226,late_mask_fragment,128,535.6388999498449,19200000,1.0,150000,0,sha256:92b825cb6ca6efd8c921ae328d9dcd567e5fc1cecda65d185180a168e33b45c9,2,sha256:fd513dca8b5ed3d6d3e8a27e66d4f3c30ada0c7cb84c19eda965b0d572a892a5,150000,20260717T134222171980Z,1111,mask_fragment-n150000-w128-m1000-s1111
mask_fragment,86a3c5594a7b0bd7b33efe4c4ffaf5dc0aa17226,early_mask_fragment,128,658.1387000042014,19200000,1.0,150000,1,sha256:1a43e0ddf8cc02438cc76d27ba1cce86da34109d2e43dcc8ed7c9d581b95b39d,2,sha256:fd513dca8b5ed3d6d3e8a27e66d4f3c30ada0c7cb84c19eda965b0d572a892a5,150000,20260717T134222171980Z,1111,mask_fragment-n150000-w128-m1000-s1111
mask_fragment,86a3c5594a7b0bd7b33efe4c4ffaf5dc0aa17226,early_mask_fragment,128,690.7429000129923,19200000,1.0,150000,0,sha256:1a43e0ddf8cc02438cc76d27ba1cce86da34109d2e43dcc8ed7c9d581b95b39d,3,sha256:fd513dca8b5ed3d6d3e8a27e66d4f3c30ada0c7cb84c19eda965b0d572a892a5,150000,20260717T134222171980Z,1111,mask_fragment-n150000-w128-m1000-s1111
mask_fragment,86a3c5594a7b0bd7b33efe4c4ffaf5dc0aa17226,late_mask_fragment,128,552.1885000052862,19200000,1.0,150000,1,sha256:92b825cb6ca6efd8c921ae328d9dcd567e5fc1cecda65d185180a168e33b45c9,3,sha256:fd513dca8b5ed3d6d3e8a27e66d4f3c30ada0c7cb84c19eda965b0d572a892a5,150000,20260717T134222171980Z,1111,mask_fragment-n150000-w128-m1000-s1111
mask_fragment,86a3c5594a7b0bd7b33efe4c4ffaf5dc0aa17226,late_mask_fragment,128,597.7858999976888,19200000,1.0,150000,0,sha256:92b825cb6ca6efd8c921ae328d9dcd567e5fc1cecda65d185180a168e33b45c9,4,sha256:fd513dca8b5ed3d6d3e8a27e66d4f3c30ada0c7cb84c19eda965b0d572a892a5,150000,20260717T134222171980Z,1111,mask_fragment-n150000-w128-m1000-s1111
mask_fragment,86a3c5594a7b0bd7b33efe4c4ffaf5dc0aa17226,early_mask_fragment,128,623.2855999842286,19200000,1.0,150000,1,sha256:1a43e0ddf8cc02438cc76d27ba1cce86da34109d2e43dcc8ed7c9d581b95b39d,4,sha256:fd513dca8b5ed3d6d3e8a27e66d4f3c30ada0c7cb84c19eda965b0d572a892a5,150000,20260717T134222171980Z,1111,mask_fragment-n150000-w128-m1000-s1111
mask_fragment,86a3c5594a7b0bd7b33efe4c4ffaf5dc0aa17226,early_mask_fragment,128,790.5274999793619,19200000,1.0,150000,0,sha256:1a43e0ddf8cc02438cc76d27ba1cce86da34109d2e43dcc8ed7c9d581b95b39d,5,sha256:fd513dca8b5ed3d6d3e8a27e66d4f3c30ada0c7cb84c19eda965b0d572a892a5,150000,20260717T134222171980Z,1111,mask_fragment-n150000-w128-m1000-s1111
mask_fragment,86a3c5594a7b0bd7b33efe4c4ffaf5dc0aa17226,late_mask_fragment,128,789.5498999860138,19200000,1.0,150000,1,sha256:92b825cb6ca6efd8c921ae328d9dcd567e5fc1cecda65d185180a168e33b45c9,5,sha256:fd513dca8b5ed3d6d3e8a27e66d4f3c30ada0c7cb84c19eda965b0d572a892a5,150000,20260717T134222171980Z,1111,mask_fragment-n150000-w128-m1000-s1111
mask_fragment,86a3c5594a7b0bd7b33efe4c4ffaf5dc0aa17226,late_mask_fragment,128,813.2256000535563,19200000,1.0,150000,0,sha256:92b825cb6ca6efd8c921ae328d9dcd567e5fc1cecda65d185180a168e33b45c9,6,sha256:fd513dca8b5ed3d6d3e8a27e66d4f3c30ada0c7cb84c19eda965b0d572a892a5,150000,20260717T134222171980Z,1111,mask_fragment-n150000-w128-m1000-s1111
mask_fragment,86a3c5594a7b0bd7b33efe4c4ffaf5dc0aa17226,early_mask_fragment,128,710.864299966488,19200000,1.0,150000,1,sha256:1a43e0ddf8cc02438cc76d27ba1cce86da34109d2e43dcc8ed7c9d581b95b39d,6,sha256:fd513dca8b5ed3d6d3e8a27e66d4f3c30ada0c7cb84c19eda965b0d572a892a5,150000,20260717T134222171980Z,1111,mask_fragment-n150000-w128-m1000-s1111
mask_fragment,86a3c5594a7b0bd7b33efe4c4ffaf5dc0aa17226,early_mask_fragment,128,667.59769996861,19200000,1.0,150000,0,sha256:1a43e0ddf8cc02438cc76d27ba1cce86da34109d2e43dcc8ed7c9d581b95b39d,7,sha256:fd513dca8b5ed3d6d3e8a27e66d4f3c30ada0c7cb84c19eda965b0d572a892a5,150000,20260717T134222171980Z,1111,mask_fragment-n150000-w128-m1000-s1111
mask_fragment,86a3c5594a7b0bd7b33efe4c4ffaf5dc0aa17226,late_mask_fragment,128,702.9484000522643,19200000,1.0,150000,1,sha256:92b825cb6ca6efd8c921ae328d9dcd567e5fc1cecda65d185180a168e33b45c9,7,sha256:fd513dca8b5ed3d6d3e8a27e66d4f3c30ada0c7cb84c19eda965b0d572a892a5,150000,20260717T134222171980Z,1111,mask_fragment-n150000-w128-m1000-s1111
mask_fragment,86a3c5594a7b0bd7b33efe4c4ffaf5dc0aa17226,late_mask_fragment,128,594.5807000389323,19200000,1.0,150000,0,sha256:92b825cb6ca6efd8c921ae328d9dcd567e5fc1cecda65d185180a168e33b45c9,8,sha256:fd513dca8b5ed3d6d3e8a27e66d4f3c30ada0c7cb84c19eda965b0d572a892a5,150000,20260717T134222171980Z,1111,mask_fragment-n150000-w128-m1000-s1111
mask_fragment,86a3c5594a7b0bd7b33efe4c4ffaf5dc0aa17226,early_mask_fragment,128,506.77670002914965,19200000,1.0,150000,1,sha256:1a43e0ddf8cc02438cc76d27ba1cce86da34109d2e43dcc8ed7c9d581b95b39d,8,sha256:fd513dca8b5ed3d6d3e8a27e66d4f3c30ada0c7cb84c19eda965b0d572a892a5,150000,20260717T134222171980Z,1111,mask_fragment-n150000-w128-m1000-s1111
mask_fragment,86a3c5594a7b0bd7b33efe4c4ffaf5dc0aa17226,early_mask_fragment,128,551.4108999632299,19200000,1.0,150000,0,sha256:1a43e0ddf8cc02438cc76d27ba1cce86da34109d2e43dcc8ed7c9d581b95b39d,9,sha256:fd513dca8b5ed3d6d3e8a27e66d4f3c30ada0c7cb84c19eda965b0d572a892a5,150000,20260717T134222171980Z,1111,mask_fragment-n150000-w128-m1000-s1111
mask_fragment,86a3c5594a7b0bd7b33efe4c4ffaf5dc0aa17226,late_mask_fragment,128,593.7452999642119,19200000,1.0,150000,1,sha256:92b825cb6ca6efd8c921ae328d9dcd567e5fc1cecda65d185180a168e33b45c9,9,sha256:fd513dca8b5ed3d6d3e8a27e66d4f3c30ada0c7cb84c19eda965b0d572a892a5,150000,20260717T134222171980Z,1111,mask_fragment-n150000-w128-m1000-s1111
mask_fragment,86a3c5594a7b0bd7b33efe4c4ffaf5dc0aa17226,late_mask_fragment,128,559.9808999686502,19200000,1.0,150000,0,sha256:92b825cb6ca6efd8c921ae328d9dcd567e5fc1cecda65d185180a168e33b45c9,10,sha256:fd513dca8b5ed3d6d3e8a27e66d4f3c30ada0c7cb84c19eda965b0d572a892a5,150000,20260717T134222171980Z,1111,mask_fragment-n150000-w128-m1000-s1111
mask_fragment,86a3c5594a7b0bd7b33efe4c4ffaf5dc0aa17226,early_mask_fragment,128,673.2192000490613,19200000,1.0,150000,1,sha256:1a43e0ddf8cc02438cc76d27ba1cce86da34109d2e43dcc8ed7c9d581b95b39d,10,sha256:fd513dca8b5ed3d6d3e8a27e66d4f3c30ada0c7cb84c19eda965b0d572a892a5,150000,20260717T134222171980Z,1111,mask_fragment-n150000-w128-m1000-s1111
mask_fragment,86a3c5594a7b0bd7b33efe4c4ffaf5dc0aa17226,early_mask_fragment,128,671.9275999930687,19200000,1.0,150000,0,sha256:1a43e0ddf8cc02438cc76d27ba1cce86da34109d2e43dcc8ed7c9d581b95b39d,11,sha256:fd513dca8b5ed3d6d3e8a27e66d4f3c30ada0c7cb84c19eda965b0d572a892a5,150000,20260717T134222171980Z,1111,mask_fragment-n150000-w128-m1000-s1111
mask_fragment,86a3c5594a7b0bd7b33efe4c4ffaf5dc0aa17226,late_mask_fragment,128,757.8444000100717,19200000,1.0,150000,1,sha256:92b825cb6ca6efd8c921ae328d9dcd567e5fc1cecda65d185180a168e33b45c9,11,sha256:fd513dca8b5ed3d6d3e8a27e66d4f3c30ada0c7cb84c19eda965b0d572a892a5,150000,20260717T134222171980Z,1111,mask_fragment-n150000-w128-m1000-s1111
mask_fragment,86a3c5594a7b0bd7b33efe4c4ffaf5dc0aa17226,late_mask_fragment,128,706.2194999889471,19200000,1.0,150000,0,sha256:92b825cb6ca6efd8c921ae328d9dcd567e5fc1cecda65d185180a168e33b45c9,12,sha256:fd513dca8b5ed3d6d3e8a27e66d4f3c30ada0c7cb84c19eda965b0d572a892a5,150000,20260717T134222171980Z,1111,mask_fragment-n150000-w128-m1000-s1111
mask_fragment,86a3c5594a7b0bd7b33efe4c4ffaf5dc0aa17226,early_mask_fragment,128,701.4297000132501,19200000,1.0,150000,1,sha256:1a43e0ddf8cc02438cc76d27ba1cce86da34109d2e43dcc8ed7c9d581b95b39d,12,sha256:fd513dca8b5ed3d6d3e8a27e66d4f3c30ada0c7cb84c19eda965b0d572a892a5,150000,20260717T134222171980Z,1111,mask_fragment-n150000-w128-m1000-s1111
mask_fragment,86a3c5594a7b0bd7b33efe4c4ffaf5dc0aa17226,early_mask_fragment,128,710.8777000103146,19200000,1.0,150000,0,sha256:1a43e0ddf8cc02438cc76d27ba1cce86da34109d2e43dcc8ed7c9d581b95b39d,13,sha256:fd513dca8b5ed3d6d3e8a27e66d4f3c30ada0c7cb84c19eda965b0d572a892a5,150000,20260717T134222171980Z,1111,mask_fragment-n150000-w128-m1000-s1111
mask_fragment,86a3c5594a7b0bd7b33efe4c4ffaf5dc0aa17226,late_mask_fragment,128,792.8212999831885,19200000,1.0,150000,1,sha256:92b825cb6ca6efd8c921ae328d9dcd567e5fc1cecda65d185180a168e33b45c9,13,sha256:fd513dca8b5ed3d6d3e8a27e66d4f3c30ada0c7cb84c19eda965b0d572a892a5,150000,20260717T134222171980Z,1111,mask_fragment-n150000-w128-m1000-s1111
mask_fragment,86a3c5594a7b0bd7b33efe4c4ffaf5dc0aa17226,late_mask_fragment,128,797.078599978704,19200000,1.0,150000,0,sha256:92b825cb6ca6efd8c921ae328d9dcd567e5fc1cecda65d185180a168e33b45c9,14,sha256:fd513dca8b5ed3d6d3e8a27e66d4f3c30ada0c7cb84c19eda965b0d572a892a5,150000,20260717T134222171980Z,1111,mask_fragment-n150000-w128-m1000-s1111
mask_fragment,86a3c5594a7b0bd7b33efe4c4ffaf5dc0aa17226,early_mask_fragment,128,654.89120001439,19200000,1.0,150000,1,sha256:1a43e0ddf8cc02438cc76d27ba1cce86da34109d2e43dcc8ed7c9d581b95b39d,14,sha256:fd513dca8b5ed3d6d3e8a27e66d4f3c30ada0c7cb84c19eda965b0d572a892a5,150000,20260717T134222171980Z,1111,mask_fragment-n150000-w128-m1000-s1111
mask_fragment,86a3c5594a7b0bd7b33efe4c4ffaf5dc0aa17226,early_mask_fragment,128,757.7929999679327,19200000,1.0,150000,0,sha256:1a43e0ddf8cc02438cc76d27ba1cce86da34109d2e43dcc8ed7c9d581b95b39d,0,sha256:0176b97a42b0eb47a9fdac6636924c47c2693054d12a954da311a2a5e7040a7d,150000,20260717T134222171980Z,1222,mask_fragment-n150000-w128-m1000-s1222
mask_fragment,86a3c5594a7b0bd7b33efe4c4ffaf5dc0aa17226,late_mask_fragment,128,778.0866000102833,19200000,1.0,150000,1,sha256:92b825cb6ca6efd8c921ae328d9dcd567e5fc1cecda65d185180a168e33b45c9,0,sha256:0176b97a42b0eb47a9fdac6636924c47c2693054d12a954da311a2a5e7040a7d,150000,20260717T134222171980Z,1222,mask_fragment-n150000-w128-m1000-s1222
mask_fragment,86a3c5594a7b0bd7b33efe4c4ffaf5dc0aa17226,late_mask_fragment,128,710.0049000000581,19200000,1.0,150000,0,sha256:92b825cb6ca6efd8c921ae328d9dcd567e5fc1cecda65d185180a168e33b45c9,1,sha256:0176b97a42b0eb47a9fdac6636924c47c2693054d12a954da311a2a5e7040a7d,150000,20260717T134222171980Z,1222,mask_fragment-n150000-w128-m1000-s1222
mask_fragment,86a3c5594a7b0bd7b33efe4c4ffaf5dc0aa17226,early_mask_fragment,128,707.6714999857359,19200000,1.0,150000,1,sha256:1a43e0ddf8cc02438cc76d27ba1cce86da34109d2e43dcc8ed7c9d581b95b39d,1,sha256:0176b97a42b0eb47a9fdac6636924c47c2693054d12a954da311a2a5e7040a7d,150000,20260717T134222171980Z,1222,mask_fragment-n150000-w128-m1000-s1222
mask_fragment,86a3c5594a7b0bd7b33efe4c4ffaf5dc0aa17226,early_mask_fragment,128,707.5214999495074,19200000,1.0,150000,0,sha256:1a43e0ddf8cc02438cc76d27ba1cce86da34109d2e43dcc8ed7c9d581b95b39d,2,sha256:0176b97a42b0eb47a9fdac6636924c47c2693054d12a954da311a2a5e7040a7d,150000,20260717T134222171980Z,1222,mask_fragment-n150000-w128-m1000-s1222
mask_fragment,86a3c5594a7b0bd7b33efe4c4ffaf5dc0aa17226,late_mask_fragment,128,571.3573999819346,19200000,1.0,150000,1,sha256:92b825cb6ca6efd8c921ae328d9dcd567e5fc1cecda65d185180a168e33b45c9,2,sha256:0176b97a42b0eb47a9fdac6636924c47c2693054d12a954da311a2a5e7040a7d,150000,20260717T134222171980Z,1222,mask_fragment-n150000-w128-m1000-s1222
mask_fragment,86a3c5594a7b0bd7b33efe4c4ffaf5dc0aa17226,late_mask_fragment,128,558.046399964951,19200000,1.0,150000,0,sha256:92b825cb6ca6efd8c921ae328d9dcd567e5fc1cecda65d185180a168e33b45c9,3,sha256:0176b97a42b0eb47a9fdac6636924c47c2693054d12a954da311a2a5e7040a7d,150000,20260717T134222171980Z,1222,mask_fragment-n150000-w128-m1000-s1222
mask_fragment,86a3c5594a7b0bd7b33efe4c4ffaf5dc0aa17226,early_mask_fragment,128,549.6370000182651,19200000,1.0,150000,1,sha256:1a43e0ddf8cc02438cc76d27ba1cce86da34109d2e43dcc8ed7c9d581b95b39d,3,sha256:0176b97a42b0eb47a9fdac6636924c47c2693054d12a954da311a2a5e7040a7d,150000,20260717T134222171980Z,1222,mask_fragment-n150000-w128-m1000-s1222
mask_fragment,86a3c5594a7b0bd7b33efe4c4ffaf5dc0aa17226,early_mask_fragment,128,547.314399969764,19200000,1.0,150000,0,sha256:1a43e0ddf8cc02438cc76d27ba1cce86da34109d2e43dcc8ed7c9d581b95b39d,4,sha256:0176b97a42b0eb47a9fdac6636924c47c2693054d12a954da311a2a5e7040a7d,150000,20260717T134222171980Z,1222,mask_fragment-n150000-w128-m1000-s1222
mask_fragment,86a3c5594a7b0bd7b33efe4c4ffaf5dc0aa17226,late_mask_fragment,128,570.2407999779098,19200000,1.0,150000,1,sha256:92b825cb6ca6efd8c921ae328d9dcd567e5fc1cecda65d185180a168e33b45c9,4,sha256:0176b97a42b0eb47a9fdac6636924c47c2693054d12a954da311a2a5e7040a7d,150000,20260717T134222171980Z,1222,mask_fragment-n150000-w128-m1000-s1222
mask_fragment,86a3c5594a7b0bd7b33efe4c4ffaf5dc0aa17226,late_mask_fragment,128,562.656500027515,19200000,1.0,150000,0,sha256:92b825cb6ca6efd8c921ae328d9dcd567e5fc1cecda65d185180a168e33b45c9,5,sha256:0176b97a42b0eb47a9fdac6636924c47c2693054d12a954da311a2a5e7040a7d,150000,20260717T134222171980Z,1222,mask_fragment-n150000-w128-m1000-s1222
mask_fragment,86a3c5594a7b0bd7b33efe4c4ffaf5dc0aa17226,early_mask_fragment,128,540.856099978555,19200000,1.0,150000,1,sha256:1a43e0ddf8cc02438cc76d27ba1cce86da34109d2e43dcc8ed7c9d581b95b39d,5,sha256:0176b97a42b0eb47a9fdac6636924c47c2693054d12a954da311a2a5e7040a7d,150000,20260717T134222171980Z,1222,mask_fragment-n150000-w128-m1000-s1222
mask_fragment,86a3c5594a7b0bd7b33efe4c4ffaf5dc0aa17226,early_mask_fragment,128,500.19720004638657,19200000,1.0,150000,0,sha256:1a43e0ddf8cc02438cc76d27ba1cce86da34109d2e43dcc8ed7c9d581b95b39d,6,sha256:0176b97a42b0eb47a9fdac6636924c47c2693054d12a954da311a2a5e7040a7d,150000,20260717T134222171980Z,1222,mask_fragment-n150000-w128-m1000-s1222
mask_fragment,86a3c5594a7b0bd7b33efe4c4ffaf5dc0aa17226,late_mask_fragment,128,625.0592999858782,19200000,1.0,150000,1,sha256:92b825cb6ca6efd8c921ae328d9dcd567e5fc1cecda65d185180a168e33b45c9,6,sha256:0176b97a42b0eb47a9fdac6636924c47c2693054d12a954da311a2a5e7040a7d,150000,20260717T134222171980Z,1222,mask_fragment-n150000-w128-m1000-s1222
mask_fragment,86a3c5594a7b0bd7b33efe4c4ffaf5dc0aa17226,late_mask_fragment,128,622.7191999787465,19200000,1.0,150000,0,sha256:92b825cb6ca6efd8c921ae328d9dcd567e5fc1cecda65d185180a168e33b45c9,7,sha256:0176b97a42b0eb47a9fdac6636924c47c2693054d12a954da311a2a5e7040a7d,150000,20260717T134222171980Z,1222,mask_fragment-n150000-w128-m1000-s1222
mask_fragment,86a3c5594a7b0bd7b33efe4c4ffaf5dc0aa17226,early_mask_fragment,128,731.5996999968775,19200000,1.0,150000,1,sha256:1a43e0ddf8cc02438cc76d27ba1cce86da34109d2e43dcc8ed7c9d581b95b39d,7,sha256:0176b97a42b0eb47a9fdac6636924c47c2693054d12a954da311a2a5e7040a7d,150000,20260717T134222171980Z,1222,mask_fragment-n150000-w128-m1000-s1222
mask_fragment,86a3c5594a7b0bd7b33efe4c4ffaf5dc0aa17226,early_mask_fragment,128,678.9328000159003,19200000,1.0,150000,0,sha256:1a43e0ddf8cc02438cc76d27ba1cce86da34109d2e43dcc8ed7c9d581b95b39d,8,sha256:0176b97a42b0eb47a9fdac6636924c47c2693054d12a954da311a2a5e7040a7d,150000,20260717T134222171980Z,1222,mask_fragment-n150000-w128-m1000-s1222
mask_fragment,86a3c5594a7b0bd7b33efe4c4ffaf5dc0aa17226,late_mask_fragment,128,747.4088000017218,19200000,1.0,150000,1,sha256:92b825cb6ca6efd8c921ae328d9dcd567e5fc1cecda65d185180a168e33b45c9,8,sha256:0176b97a42b0eb47a9fdac6636924c47c2693054d12a954da311a2a5e7040a7d,150000,20260717T134222171980Z,1222,mask_fragment-n150000-w128-m1000-s1222
mask_fragment,86a3c5594a7b0bd7b33efe4c4ffaf5dc0aa17226,late_mask_fragment,128,743.0697999661788,19200000,1.0,150000,0,sha256:92b825cb6ca6efd8c921ae328d9dcd567e5fc1cecda65d185180a168e33b45c9,9,sha256:0176b97a42b0eb47a9fdac6636924c47c2693054d12a954da311a2a5e7040a7d,150000,20260717T134222171980Z,1222,mask_fragment-n150000-w128-m1000-s1222
mask_fragment,86a3c5594a7b0bd7b33efe4c4ffaf5dc0aa17226,early_mask_fragment,128,729.100099997595,19200000,1.0,150000,1,sha256:1a43e0ddf8cc02438cc76d27ba1cce86da34109d2e43dcc8ed7c9d581b95b39d,9,sha256:0176b97a42b0eb47a9fdac6636924c47c2693054d12a954da311a2a5e7040a7d,150000,20260717T134222171980Z,1222,mask_fragment-n150000-w128-m1000-s1222
mask_fragment,86a3c5594a7b0bd7b33efe4c4ffaf5dc0aa17226,early_mask_fragment,128,689.8590000346303,19200000,1.0,150000,0,sha256:1a43e0ddf8cc02438cc76d27ba1cce86da34109d2e43dcc8ed7c9d581b95b39d,10,sha256:0176b97a42b0eb47a9fdac6636924c47c2693054d12a954da311a2a5e7040a7d,150000,20260717T134222171980Z,1222,mask_fragment-n150000-w128-m1000-s1222
mask_fragment,86a3c5594a7b0bd7b33efe4c4ffaf5dc0aa17226,late_mask_fragment,128,588.5628000251018,19200000,1.0,150000,1,sha256:92b825cb6ca6efd8c921ae328d9dcd567e5fc1cecda65d185180a168e33b45c9,10,sha256:0176b97a42b0eb47a9fdac6636924c47c2693054d12a954da311a2a5e7040a7d,150000,20260717T134222171980Z,1222,mask_fragment-n150000-w128-m1000-s1222
mask_fragment,86a3c5594a7b0bd7b33efe4c4ffaf5dc0aa17226,late_mask_fragment,128,631.8602999672294,19200000,1.0,150000,0,sha256:92b825cb6ca6efd8c921ae328d9dcd567e5fc1cecda65d185180a168e33b45c9,11,sha256:0176b97a42b0eb47a9fdac6636924c47c2693054d12a954da311a2a5e7040a7d,150000,20260717T134222171980Z,1222,mask_fragment-n150000-w128-m1000-s1222
mask_fragment,86a3c5594a7b0bd7b33efe4c4ffaf5dc0aa17226,early_mask_fragment,128,553.2060000114143,19200000,1.0,150000,1,sha256:1a43e0ddf8cc02438cc76d27ba1cce86da34109d2e43dcc8ed7c9d581b95b39d,11,sha256:0176b97a42b0eb47a9fdac6636924c47c2693054d12a954da311a2a5e7040a7d,150000,20260717T134222171980Z,1222,mask_fragment-n150000-w128-m1000-s1222
mask_fragment,86a3c5594a7b0bd7b33efe4c4ffaf5dc0aa17226,early_mask_fragment,128,533.5510000004433,19200000,1.0,150000,0,sha256:1a43e0ddf8cc02438cc76d27ba1cce86da34109d2e43dcc8ed7c9d581b95b39d,12,sha256:0176b97a42b0eb47a9fdac6636924c47c2693054d12a954da311a2a5e7040a7d,150000,20260717T134222171980Z,1222,mask_fragment-n150000-w128-m1000-s1222
mask_fragment,86a3c5594a7b0bd7b33efe4c4ffaf5dc0aa17226,late_mask_fragment,128,1533.604500000365,19200000,1.0,150000,1,sha256:92b825cb6ca6efd8c921ae328d9dcd567e5fc1cecda65d185180a168e33b45c9,12,sha256:0176b97a42b0eb47a9fdac6636924c47c2693054d12a954da311a2a5e7040a7d,150000,20260717T134222171980Z,1222,mask_fragment-n150000-w128-m1000-s1222
mask_fragment,86a3c5594a7b0bd7b33efe4c4ffaf5dc0aa17226,late_mask_fragment,128,570.7294999738224,19200000,1.0,150000,0,sha256:92b825cb6ca6efd8c921ae328d9dcd567e5fc1cecda65d185180a168e33b45c9,13,sha256:0176b97a42b0eb47a9fdac6636924c47c2693054d12a954da311a2a5e7040a7d,150000,20260717T134222171980Z,1222,mask_fragment-n150000-w128-m1000-s1222
mask_fragment,86a3c5594a7b0bd7b33efe4c4ffaf5dc0aa17226,early_mask_fragment,128,488.58590004965663,19200000,1.0,150000,1,sha256:1a43e0ddf8cc02438cc76d27ba1cce86da34109d2e43dcc8ed7c9d581b95b39d,13,sha256:0176b97a42b0eb47a9fdac6636924c47c2693054d12a954da311a2a5e7040a7d,150000,20260717T134222171980Z,1222,mask_fragment-n150000-w128-m1000-s1222
mask_fragment,86a3c5594a7b0bd7b33efe4c4ffaf5dc0aa17226,early_mask_fragment,128,656.1279999441467,19200000,1.0,150000,0,sha256:1a43e0ddf8cc02438cc76d27ba1cce86da34109d2e43dcc8ed7c9d581b95b39d,14,sha256:0176b97a42b0eb47a9fdac6636924c47c2693054d12a954da311a2a5e7040a7d,150000,20260717T134222171980Z,1222,mask_fragment-n150000-w128-m1000-s1222
mask_fragment,86a3c5594a7b0bd7b33efe4c4ffaf5dc0aa17226,late_mask_fragment,128,662.5248999916948,19200000,1.0,150000,1,sha256:92b825cb6ca6efd8c921ae328d9dcd567e5fc1cecda65d185180a168e33b45c9,14,sha256:0176b97a42b0eb47a9fdac6636924c47c2693054d12a954da311a2a5e7040a7d,150000,20260717T134222171980Z,1222,mask_fragment-n150000-w128-m1000-s1222
mask_fragment,86a3c5594a7b0bd7b33efe4c4ffaf5dc0aa17226,early_mask_fragment,128,630.7424999540672,19200000,1.0,150000,0,sha256:1a43e0ddf8cc02438cc76d27ba1cce86da34109d2e43dcc8ed7c9d581b95b39d,0,sha256:f54c2fd575c8f04236a54872fe99937f28e30b7d94eb9ea644d6a8a1ffbf4657,150000,20260717T134222171980Z,1333,mask_fragment-n150000-w128-m1000-s1333
mask_fragment,86a3c5594a7b0bd7b33efe4c4ffaf5dc0aa17226,late_mask_fragment,128,716.5103000006638,19200000,1.0,150000,1,sha256:92b825cb6ca6efd8c921ae328d9dcd567e5fc1cecda65d185180a168e33b45c9,0,sha256:f54c2fd575c8f04236a54872fe99937f28e30b7d94eb9ea644d6a8a1ffbf4657,150000,20260717T134222171980Z,1333,mask_fragment-n150000-w128-m1000-s1333
mask_fragment,86a3c5594a7b0bd7b33efe4c4ffaf5dc0aa17226,late_mask_fragment,128,715.9926000167616,19200000,1.0,150000,0,sha256:92b825cb6ca6efd8c921ae328d9dcd567e5fc1cecda65d185180a168e33b45c9,1,sha256:f54c2fd575c8f04236a54872fe99937f28e30b7d94eb9ea644d6a8a1ffbf4657,150000,20260717T134222171980Z,1333,mask_fragment-n150000-w128-m1000-s1333
mask_fragment,86a3c5594a7b0bd7b33efe4c4ffaf5dc0aa17226,early_mask_fragment,128,650.6674999836832,19200000,1.0,150000,1,sha256:1a43e0ddf8cc02438cc76d27ba1cce86da34109d2e43dcc8ed7c9d581b95b39d,1,sha256:f54c2fd575c8f04236a54872fe99937f28e30b7d94eb9ea644d6a8a1ffbf4657,150000,20260717T134222171980Z,1333,mask_fragment-n150000-w128-m1000-s1333
mask_fragment,86a3c5594a7b0bd7b33efe4c4ffaf5dc0aa17226,early_mask_fragment,128,570.5847999779508,19200000,1.0,150000,0,sha256:1a43e0ddf8cc02438cc76d27ba1cce86da34109d2e43dcc8ed7c9d581b95b39d,2,sha256:f54c2fd575c8f04236a54872fe99937f28e30b7d94eb9ea644d6a8a1ffbf4657,150000,20260717T134222171980Z,1333,mask_fragment-n150000-w128-m1000-s1333
mask_fragment,86a3c5594a7b0bd7b33efe4c4ffaf5dc0aa17226,late_mask_fragment,128,664.8920000297949,19200000,1.0,150000,1,sha256:92b825cb6ca6efd8c921ae328d9dcd567e5fc1cecda65d185180a168e33b45c9,2,sha256:f54c2fd575c8f04236a54872fe99937f28e30b7d94eb9ea644d6a8a1ffbf4657,150000,20260717T134222171980Z,1333,mask_fragment-n150000-w128-m1000-s1333
mask_fragment,86a3c5594a7b0bd7b33efe4c4ffaf5dc0aa17226,late_mask_fragment,128,560.749800002668,19200000,1.0,150000,0,sha256:92b825cb6ca6efd8c921ae328d9dcd567e5fc1cecda65d185180a168e33b45c9,3,sha256:f54c2fd575c8f04236a54872fe99937f28e30b7d94eb9ea644d6a8a1ffbf4657,150000,20260717T134222171980Z,1333,mask_fragment-n150000-w128-m1000-s1333
mask_fragment,86a3c5594a7b0bd7b33efe4c4ffaf5dc0aa17226,early_mask_fragment,128,583.2426000270061,19200000,1.0,150000,1,sha256:1a43e0ddf8cc02438cc76d27ba1cce86da34109d2e43dcc8ed7c9d581b95b39d,3,sha256:f54c2fd575c8f04236a54872fe99937f28e30b7d94eb9ea644d6a8a1ffbf4657,150000,20260717T134222171980Z,1333,mask_fragment-n150000-w128-m1000-s1333
mask_fragment,86a3c5594a7b0bd7b33efe4c4ffaf5dc0aa17226,early_mask_fragment,128,586.8204000289552,19200000,1.0,150000,0,sha256:1a43e0ddf8cc02438cc76d27ba1cce86da34109d2e43dcc8ed7c9d581b95b39d,4,sha256:f54c2fd575c8f04236a54872fe99937f28e30b7d94eb9ea644d6a8a1ffbf4657,150000,20260717T134222171980Z,1333,mask_fragment-n150000-w128-m1000-s1333
mask_fragment,86a3c5594a7b0bd7b33efe4c4ffaf5dc0aa17226,late_mask_fragment,128,660.3030000114813,19200000,1.0,150000,1,sha256:92b825cb6ca6efd8c921ae328d9dcd567e5fc1cecda65d185180a168e33b45c9,4,sha256:f54c2fd575c8f04236a54872fe99937f28e30b7d94eb9ea644d6a8a1ffbf4657,150000,20260717T134222171980Z,1333,mask_fragment-n150000-w128-m1000-s1333
mask_fragment,86a3c5594a7b0bd7b33efe4c4ffaf5dc0aa17226,late_mask_fragment,128,520.686800009571,19200000,1.0,150000,0,sha256:92b825cb6ca6efd8c921ae328d9dcd567e5fc1cecda65d185180a168e33b45c9,5,sha256:f54c2fd575c8f04236a54872fe99937f28e30b7d94eb9ea644d6a8a1ffbf4657,150000,20260717T134222171980Z,1333,mask_fragment-n150000-w128-m1000-s1333
mask_fragment,86a3c5594a7b0bd7b33efe4c4ffaf5dc0aa17226,early_mask_fragment,128,492.18980001751333,19200000,1.0,150000,1,sha256:1a43e0ddf8cc02438cc76d27ba1cce86da34109d2e43dcc8ed7c9d581b95b39d,5,sha256:f54c2fd575c8f04236a54872fe99937f28e30b7d94eb9ea644d6a8a1ffbf4657,150000,20260717T134222171980Z,1333,mask_fragment-n150000-w128-m1000-s1333
mask_fragment,86a3c5594a7b0bd7b33efe4c4ffaf5dc0aa17226,early_mask_fragment,128,578.7259000353515,19200000,1.0,150000,0,sha256:1a43e0ddf8cc02438cc76d27ba1cce86da34109d2e43dcc8ed7c9d581b95b39d,6,sha256:f54c2fd575c8f04236a54872fe99937f28e30b7d94eb9ea644d6a8a1ffbf4657,150000,20260717T134222171980Z,1333,mask_fragment-n150000-w128-m1000-s1333
mask_fragment,86a3c5594a7b0bd7b33efe4c4ffaf5dc0aa17226,late_mask_fragment,128,533.549900050275,19200000,1.0,150000,1,sha256:92b825cb6ca6efd8c921ae328d9dcd567e5fc1cecda65d185180a168e33b45c9,6,sha256:f54c2fd575c8f04236a54872fe99937f28e30b7d94eb9ea644d6a8a1ffbf4657,150000,20260717T134222171980Z,1333,mask_fragment-n150000-w128-m1000-s1333
mask_fragment,86a3c5594a7b0bd7b33efe4c4ffaf5dc0aa17226,late_mask_fragment,128,554.4568000477739,19200000,1.0,150000,0,sha256:92b825cb6ca6efd8c921ae328d9dcd567e5fc1cecda65d185180a168e33b45c9,7,sha256:f54c2fd575c8f04236a54872fe99937f28e30b7d94eb9ea644d6a8a1ffbf4657,150000,20260717T134222171980Z,1333,mask_fragment-n150000-w128-m1000-s1333
mask_fragment,86a3c5594a7b0bd7b33efe4c4ffaf5dc0aa17226,early_mask_fragment,128,580.2099999855272,19200000,1.0,150000,1,sha256:1a43e0ddf8cc02438cc76d27ba1cce86da34109d2e43dcc8ed7c9d581b95b39d,7,sha256:f54c2fd575c8f04236a54872fe99937f28e30b7d94eb9ea644d6a8a1ffbf4657,150000,20260717T134222171980Z,1333,mask_fragment-n150000-w128-m1000-s1333
mask_fragment,86a3c5594a7b0bd7b33efe4c4ffaf5dc0aa17226,early_mask_fragment,128,550.9573000017554,19200000,1.0,150000,0,sha256:1a43e0ddf8cc02438cc76d27ba1cce86da34109d2e43dcc8ed7c9d581b95b39d,8,sha256:f54c2fd575c8f04236a54872fe99937f28e30b7d94eb9ea644d6a8a1ffbf4657,150000,20260717T134222171980Z,1333,mask_fragment-n150000-w128-m1000-s1333
mask_fragment,86a3c5594a7b0bd7b33efe4c4ffaf5dc0aa17226,late_mask_fragment,128,563.7921000015922,19200000,1.0,150000,1,sha256:92b825cb6ca6efd8c921ae328d9dcd567e5fc1cecda65d185180a168e33b45c9,8,sha256:f54c2fd575c8f04236a54872fe99937f28e30b7d94eb9ea644d6a8a1ffbf4657,150000,20260717T134222171980Z,1333,mask_fragment-n150000-w128-m1000-s1333
mask_fragment,86a3c5594a7b0bd7b33efe4c4ffaf5dc0aa17226,late_mask_fragment,128,593.5606000130065,19200000,1.0,150000,0,sha256:92b825cb6ca6efd8c921ae328d9dcd567e5fc1cecda65d185180a168e33b45c9,9,sha256:f54c2fd575c8f04236a54872fe99937f28e30b7d94eb9ea644d6a8a1ffbf4657,150000,20260717T134222171980Z,1333,mask_fragment-n150000-w128-m1000-s1333
mask_fragment,86a3c5594a7b0bd7b33efe4c4ffaf5dc0aa17226,early_mask_fragment,128,503.05989995831624,19200000,1.0,150000,1,sha256:1a43e0ddf8cc02438cc76d27ba1cce86da34109d2e43dcc8ed7c9d581b95b39d,9,sha256:f54c2fd575c8f04236a54872fe99937f28e30b7d94eb9ea644d6a8a1ffbf4657,150000,20260717T134222171980Z,1333,mask_fragment-n150000-w128-m1000-s1333
mask_fragment,86a3c5594a7b0bd7b33efe4c4ffaf5dc0aa17226,early_mask_fragment,128,624.699599982705,19200000,1.0,150000,0,sha256:1a43e0ddf8cc02438cc76d27ba1cce86da34109d2e43dcc8ed7c9d581b95b39d,10,sha256:f54c2fd575c8f04236a54872fe99937f28e30b7d94eb9ea644d6a8a1ffbf4657,150000,20260717T134222171980Z,1333,mask_fragment-n150000-w128-m1000-s1333
mask_fragment,86a3c5594a7b0bd7b33efe4c4ffaf5dc0aa17226,late_mask_fragment,128,649.9196999939159,19200000,1.0,150000,1,sha256:92b825cb6ca6efd8c921ae328d9dcd567e5fc1cecda65d185180a168e33b45c9,10,sha256:f54c2fd575c8f04236a54872fe99937f28e30b7d94eb9ea644d6a8a1ffbf4657,150000,20260717T134222171980Z,1333,mask_fragment-n150000-w128-m1000-s1333
mask_fragment,86a3c5594a7b0bd7b33efe4c4ffaf5dc0aa17226,late_mask_fragment,128,725.3000999917276,19200000,1.0,150000,0,sha256:92b825cb6ca6efd8c921ae328d9dcd567e5fc1cecda65d185180a168e33b45c9,11,sha256:f54c2fd575c8f04236a54872fe99937f28e30b7d94eb9ea644d6a8a1ffbf4657,150000,20260717T134222171980Z,1333,mask_fragment-n150000-w128-m1000-s1333
mask_fragment,86a3c5594a7b0bd7b33efe4c4ffaf5dc0aa17226,early_mask_fragment,128,664.2790999612771,19200000,1.0,150000,1,sha256:1a43e0ddf8cc02438cc76d27ba1cce86da34109d2e43dcc8ed7c9d581b95b39d,11,sha256:f54c2fd575c8f04236a54872fe99937f28e30b7d94eb9ea644d6a8a1ffbf4657,150000,20260717T134222171980Z,1333,mask_fragment-n150000-w128-m1000-s1333
mask_fragment,86a3c5594a7b0bd7b33efe4c4ffaf5dc0aa17226,early_mask_fragment,128,713.9560999930836,19200000,1.0,150000,0,sha256:1a43e0ddf8cc02438cc76d27ba1cce86da34109d2e43dcc8ed7c9d581b95b39d,12,sha256:f54c2fd575c8f04236a54872fe99937f28e30b7d94eb9ea644d6a8a1ffbf4657,150000,20260717T134222171980Z,1333,mask_fragment-n150000-w128-m1000-s1333
mask_fragment,86a3c5594a7b0bd7b33efe4c4ffaf5dc0aa17226,late_mask_fragment,128,730.858700000681,19200000,1.0,150000,1,sha256:92b825cb6ca6efd8c921ae328d9dcd567e5fc1cecda65d185180a168e33b45c9,12,sha256:f54c2fd575c8f04236a54872fe99937f28e30b7d94eb9ea644d6a8a1ffbf4657,150000,20260717T134222171980Z,1333,mask_fragment-n150000-w128-m1000-s1333
mask_fragment,86a3c5594a7b0bd7b33efe4c4ffaf5dc0aa17226,late_mask_fragment,128,725.6141999969259,19200000,1.0,150000,0,sha256:92b825cb6ca6efd8c921ae328d9dcd567e5fc1cecda65d185180a168e33b45c9,13,sha256:f54c2fd575c8f04236a54872fe99937f28e30b7d94eb9ea644d6a8a1ffbf4657,150000,20260717T134222171980Z,1333,mask_fragment-n150000-w128-m1000-s1333
mask_fragment,86a3c5594a7b0bd7b33efe4c4ffaf5dc0aa17226,early_mask_fragment,128,688.1135000148788,19200000,1.0,150000,1,sha256:1a43e0ddf8cc02438cc76d27ba1cce86da34109d2e43dcc8ed7c9d581b95b39d,13,sha256:f54c2fd575c8f04236a54872fe99937f28e30b7d94eb9ea644d6a8a1ffbf4657,150000,20260717T134222171980Z,1333,mask_fragment-n150000-w128-m1000-s1333
mask_fragment,86a3c5594a7b0bd7b33efe4c4ffaf5dc0aa17226,early_mask_fragment,128,606.6305999993347,19200000,1.0,150000,0,sha256:1a43e0ddf8cc02438cc76d27ba1cce86da34109d2e43dcc8ed7c9d581b95b39d,14,sha256:f54c2fd575c8f04236a54872fe99937f28e30b7d94eb9ea644d6a8a1ffbf4657,150000,20260717T134222171980Z,1333,mask_fragment-n150000-w128-m1000-s1333
mask_fragment,86a3c5594a7b0bd7b33efe4c4ffaf5dc0aa17226,late_mask_fragment,128,561.2356000347063,19200000,1.0,150000,1,sha256:92b825cb6ca6efd8c921ae328d9dcd567e5fc1cecda65d185180a168e33b45c9,14,sha256:f54c2fd575c8f04236a54872fe99937f28e30b7d94eb9ea644d6a8a1ffbf4657,150000,20260717T134222171980Z,1333,mask_fragment-n150000-w128-m1000-s1333
mask_fragment,86a3c5594a7b0bd7b33efe4c4ffaf5dc0aa17226,late_mask_fragment,128,514.5220999838784,19200000,1.0,150000,0,sha256:92b825cb6ca6efd8c921ae328d9dcd567e5fc1cecda65d185180a168e33b45c9,0,sha256:56ec1208cdd3b1cdc0146e6d5c7486a71982bd54a6add144aacb8af53e19efd0,150000,20260717T134222171980Z,1444,mask_fragment-n150000-w128-m1000-s1444
mask_fragment,86a3c5594a7b0bd7b33efe4c4ffaf5dc0aa17226,early_mask_fragment,128,545.2077999943867,19200000,1.0,150000,1,sha256:1a43e0ddf8cc02438cc76d27ba1cce86da34109d2e43dcc8ed7c9d581b95b39d,0,sha256:56ec1208cdd3b1cdc0146e6d5c7486a71982bd54a6add144aacb8af53e19efd0,150000,20260717T134222171980Z,1444,mask_fragment-n150000-w128-m1000-s1444
mask_fragment,86a3c5594a7b0bd7b33efe4c4ffaf5dc0aa17226,early_mask_fragment,128,574.1102999891154,19200000,1.0,150000,0,sha256:1a43e0ddf8cc02438cc76d27ba1cce86da34109d2e43dcc8ed7c9d581b95b39d,1,sha256:56ec1208cdd3b1cdc0146e6d5c7486a71982bd54a6add144aacb8af53e19efd0,150000,20260717T134222171980Z,1444,mask_fragment-n150000-w128-m1000-s1444
mask_fragment,86a3c5594a7b0bd7b33efe4c4ffaf5dc0aa17226,late_mask_fragment,128,623.035800002981,19200000,1.0,150000,1,sha256:92b825cb6ca6efd8c921ae328d9dcd567e5fc1cecda65d185180a168e33b45c9,1,sha256:56ec1208cdd3b1cdc0146e6d5c7486a71982bd54a6add144aacb8af53e19efd0,150000,20260717T134222171980Z,1444,mask_fragment-n150000-w128-m1000-s1444
mask_fragment,86a3c5594a7b0bd7b33efe4c4ffaf5dc0aa17226,late_mask_fragment,128,545.8984000142664,19200000,1.0,150000,0,sha256:92b825cb6ca6efd8c921ae328d9dcd567e5fc1cecda65d185180a168e33b45c9,2,sha256:56ec1208cdd3b1cdc0146e6d5c7486a71982bd54a6add144aacb8af53e19efd0,150000,20260717T134222171980Z,1444,mask_fragment-n150000-w128-m1000-s1444
mask_fragment,86a3c5594a7b0bd7b33efe4c4ffaf5dc0aa17226,early_mask_fragment,128,588.961300032679,19200000,1.0,150000,1,sha256:1a43e0ddf8cc02438cc76d27ba1cce86da34109d2e43dcc8ed7c9d581b95b39d,2,sha256:56ec1208cdd3b1cdc0146e6d5c7486a71982bd54a6add144aacb8af53e19efd0,150000,20260717T134222171980Z,1444,mask_fragment-n150000-w128-m1000-s1444
mask_fragment,86a3c5594a7b0bd7b33efe4c4ffaf5dc0aa17226,early_mask_fragment,128,578.3338999608532,19200000,1.0,150000,0,sha256:1a43e0ddf8cc02438cc76d27ba1cce86da34109d2e43dcc8ed7c9d581b95b39d,3,sha256:56ec1208cdd3b1cdc0146e6d5c7486a71982bd54a6add144aacb8af53e19efd0,150000,20260717T134222171980Z,1444,mask_fragment-n150000-w128-m1000-s1444
mask_fragment,86a3c5594a7b0bd7b33efe4c4ffaf5dc0aa17226,late_mask_fragment,128,599.3212999892421,19200000,1.0,150000,1,sha256:92b825cb6ca6efd8c921ae328d9dcd567e5fc1cecda65d185180a168e33b45c9,3,sha256:56ec1208cdd3b1cdc0146e6d5c7486a71982bd54a6add144aacb8af53e19efd0,150000,20260717T134222171980Z,1444,mask_fragment-n150000-w128-m1000-s1444
mask_fragment,86a3c5594a7b0bd7b33efe4c4ffaf5dc0aa17226,late_mask_fragment,128,603.7780999904498,19200000,1.0,150000,0,sha256:92b825cb6ca6efd8c921ae328d9dcd567e5fc1cecda65d185180a168e33b45c9,4,sha256:56ec1208cdd3b1cdc0146e6d5c7486a71982bd54a6add144aacb8af53e19efd0,150000,20260717T134222171980Z,1444,mask_fragment-n150000-w128-m1000-s1444
mask_fragment,86a3c5594a7b0bd7b33efe4c4ffaf5dc0aa17226,early_mask_fragment,128,502.04769999254495,19200000,1.0,150000,1,sha256:1a43e0ddf8cc02438cc76d27ba1cce86da34109d2e43dcc8ed7c9d581b95b39d,4,sha256:56ec1208cdd3b1cdc0146e6d5c7486a71982bd54a6add144aacb8af53e19efd0,150000,20260717T134222171980Z,1444,mask_fragment-n150000-w128-m1000-s1444
mask_fragment,86a3c5594a7b0bd7b33efe4c4ffaf5dc0aa17226,early_mask_fragment,128,548.5764999757521,19200000,1.0,150000,0,sha256:1a43e0ddf8cc02438cc76d27ba1cce86da34109d2e43dcc8ed7c9d581b95b39d,5,sha256:56ec1208cdd3b1cdc0146e6d5c7486a71982bd54a6add144aacb8af53e19efd0,150000,20260717T134222171980Z,1444,mask_fragment-n150000-w128-m1000-s1444
mask_fragment,86a3c5594a7b0bd7b33efe4c4ffaf5dc0aa17226,late_mask_fragment,128,604.867700021714,19200000,1.0,150000,1,sha256:92b825cb6ca6efd8c921ae328d9dcd567e5fc1cecda65d185180a168e33b45c9,5,sha256:56ec1208cdd3b1cdc0146e6d5c7486a71982bd54a6add144aacb8af53e19efd0,150000,20260717T134222171980Z,1444,mask_fragment-n150000-w128-m1000-s1444
mask_fragment,86a3c5594a7b0bd7b33efe4c4ffaf5dc0aa17226,late_mask_fragment,128,612.5508999684826,19200000,1.0,150000,0,sha256:92b825cb6ca6efd8c921ae328d9dcd567e5fc1cecda65d185180a168e33b45c9,6,sha256:56ec1208cdd3b1cdc0146e6d5c7486a71982bd54a6add144aacb8af53e19efd0,150000,20260717T134222171980Z,1444,mask_fragment-n150000-w128-m1000-s1444
mask_fragment,86a3c5594a7b0bd7b33efe4c4ffaf5dc0aa17226,early_mask_fragment,128,508.5351999732666,19200000,1.0,150000,1,sha256:1a43e0ddf8cc02438cc76d27ba1cce86da34109d2e43dcc8ed7c9d581b95b39d,6,sha256:56ec1208cdd3b1cdc0146e6d5c7486a71982bd54a6add144aacb8af53e19efd0,150000,20260717T134222171980Z,1444,mask_fragment-n150000-w128-m1000-s1444
mask_fragment,86a3c5594a7b0bd7b33efe4c4ffaf5dc0aa17226,early_mask_fragment,128,517.8755999659188,19200000,1.0,150000,0,sha256:1a43e0ddf8cc02438cc76d27ba1cce86da34109d2e43dcc8ed7c9d581b95b39d,7,sha256:56ec1208cdd3b1cdc0146e6d5c7486a71982bd54a6add144aacb8af53e19efd0,150000,20260717T134222171980Z,1444,mask_fragment-n150000-w128-m1000-s1444
mask_fragment,86a3c5594a7b0bd7b33efe4c4ffaf5dc0aa17226,late_mask_fragment,128,648.1848999974318,19200000,1.0,150000,1,sha256:92b825cb6ca6efd8c921ae328d9dcd567e5fc1cecda65d185180a168e33b45c9,7,sha256:56ec1208cdd3b1cdc0146e6d5c7486a71982bd54a6add144aacb8af53e19efd0,150000,20260717T134222171980Z,1444,mask_fragment-n150000-w128-m1000-s1444
mask_fragment,86a3c5594a7b0bd7b33efe4c4ffaf5dc0aa17226,late_mask_fragment,128,620.5085000256076,19200000,1.0,150000,0,sha256:92b825cb6ca6efd8c921ae328d9dcd567e5fc1cecda65d185180a168e33b45c9,8,sha256:56ec1208cdd3b1cdc0146e6d5c7486a71982bd54a6add144aacb8af53e19efd0,150000,20260717T134222171980Z,1444,mask_fragment-n150000-w128-m1000-s1444
mask_fragment,86a3c5594a7b0bd7b33efe4c4ffaf5dc0aa17226,early_mask_fragment,128,573.2516000280157,19200000,1.0,150000,1,sha256:1a43e0ddf8cc02438cc76d27ba1cce86da34109d2e43dcc8ed7c9d581b95b39d,8,sha256:56ec1208cdd3b1cdc0146e6d5c7486a71982bd54a6add144aacb8af53e19efd0,150000,20260717T134222171980Z,1444,mask_fragment-n150000-w128-m1000-s1444
mask_fragment,86a3c5594a7b0bd7b33efe4c4ffaf5dc0aa17226,early_mask_fragment,128,611.6180999670178,19200000,1.0,150000,0,sha256:1a43e0ddf8cc02438cc76d27ba1cce86da34109d2e43dcc8ed7c9d581b95b39d,9,sha256:56ec1208cdd3b1cdc0146e6d5c7486a71982bd54a6add144aacb8af53e19efd0,150000,20260717T134222171980Z,1444,mask_fragment-n150000-w128-m1000-s1444
mask_fragment,86a3c5594a7b0bd7b33efe4c4ffaf5dc0aa17226,late_mask_fragment,128,741.3726999657229,19200000,1.0,150000,1,sha256:92b825cb6ca6efd8c921ae328d9dcd567e5fc1cecda65d185180a168e33b45c9,9,sha256:56ec1208cdd3b1cdc0146e6d5c7486a71982bd54a6add144aacb8af53e19efd0,150000,20260717T134222171980Z,1444,mask_fragment-n150000-w128-m1000-s1444
mask_fragment,86a3c5594a7b0bd7b33efe4c4ffaf5dc0aa17226,late_mask_fragment,128,611.9920999626629,19200000,1.0,150000,0,sha256:92b825cb6ca6efd8c921ae328d9dcd567e5fc1cecda65d185180a168e33b45c9,10,sha256:56ec1208cdd3b1cdc0146e6d5c7486a71982bd54a6add144aacb8af53e19efd0,150000,20260717T134222171980Z,1444,mask_fragment-n150000-w128-m1000-s1444
mask_fragment,86a3c5594a7b0bd7b33efe4c4ffaf5dc0aa17226,early_mask_fragment,128,527.7895000181161,19200000,1.0,150000,1,sha256:1a43e0ddf8cc02438cc76d27ba1cce86da34109d2e43dcc8ed7c9d581b95b39d,10,sha256:56ec1208cdd3b1cdc0146e6d5c7486a71982bd54a6add144aacb8af53e19efd0,150000,20260717T134222171980Z,1444,mask_fragment-n150000-w128-m1000-s1444
mask_fragment,86a3c5594a7b0bd7b33efe4c4ffaf5dc0aa17226,early_mask_fragment,128,492.83639999339357,19200000,1.0,150000,0,sha256:1a43e0ddf8cc02438cc76d27ba1cce86da34109d2e43dcc8ed7c9d581b95b39d,11,sha256:56ec1208cdd3b1cdc0146e6d5c7486a71982bd54a6add144aacb8af53e19efd0,150000,20260717T134222171980Z,1444,mask_fragment-n150000-w128-m1000-s1444
mask_fragment,86a3c5594a7b0bd7b33efe4c4ffaf5dc0aa17226,late_mask_fragment,128,575.1614000182599,19200000,1.0,150000,1,sha256:92b825cb6ca6efd8c921ae328d9dcd567e5fc1cecda65d185180a168e33b45c9,11,sha256:56ec1208cdd3b1cdc0146e6d5c7486a71982bd54a6add144aacb8af53e19efd0,150000,20260717T134222171980Z,1444,mask_fragment-n150000-w128-m1000-s1444
mask_fragment,86a3c5594a7b0bd7b33efe4c4ffaf5dc0aa17226,late_mask_fragment,128,627.0154999801889,19200000,1.0,150000,0,sha256:92b825cb6ca6efd8c921ae328d9dcd567e5fc1cecda65d185180a168e33b45c9,12,sha256:56ec1208cdd3b1cdc0146e6d5c7486a71982bd54a6add144aacb8af53e19efd0,150000,20260717T134222171980Z,1444,mask_fragment-n150000-w128-m1000-s1444
mask_fragment,86a3c5594a7b0bd7b33efe4c4ffaf5dc0aa17226,early_mask_fragment,128,576.1985999997705,19200000,1.0,150000,1,sha256:1a43e0ddf8cc02438cc76d27ba1cce86da34109d2e43dcc8ed7c9d581b95b39d,12,sha256:56ec1208cdd3b1cdc0146e6d5c7486a71982bd54a6add144aacb8af53e19efd0,150000,20260717T134222171980Z,1444,mask_fragment-n150000-w128-m1000-s1444
mask_fragment,86a3c5594a7b0bd7b33efe4c4ffaf5dc0aa17226,early_mask_fragment,128,579.0588999516331,19200000,1.0,150000,0,sha256:1a43e0ddf8cc02438cc76d27ba1cce86da34109d2e43dcc8ed7c9d581b95b39d,13,sha256:56ec1208cdd3b1cdc0146e6d5c7486a71982bd54a6add144aacb8af53e19efd0,150000,20260717T134222171980Z,1444,mask_fragment-n150000-w128-m1000-s1444
mask_fragment,86a3c5594a7b0bd7b33efe4c4ffaf5dc0aa17226,late_mask_fragment,128,596.1605000193231,19200000,1.0,150000,1,sha256:92b825cb6ca6efd8c921ae328d9dcd567e5fc1cecda65d185180a168e33b45c9,13,sha256:56ec1208cdd3b1cdc0146e6d5c7486a71982bd54a6add144aacb8af53e19efd0,150000,20260717T134222171980Z,1444,mask_fragment-n150000-w128-m1000-s1444
mask_fragment,86a3c5594a7b0bd7b33efe4c4ffaf5dc0aa17226,late_mask_fragment,128,588.9936999883503,19200000,1.0,150000,0,sha256:92b825cb6ca6efd8c921ae328d9dcd567e5fc1cecda65d185180a168e33b45c9,14,sha256:56ec1208cdd3b1cdc0146e6d5c7486a71982bd54a6add144aacb8af53e19efd0,150000,20260717T134222171980Z,1444,mask_fragment-n150000-w128-m1000-s1444
mask_fragment,86a3c5594a7b0bd7b33efe4c4ffaf5dc0aa17226,early_mask_fragment,128,611.927599995397,19200000,1.0,150000,1,sha256:1a43e0ddf8cc02438cc76d27ba1cce86da34109d2e43dcc8ed7c9d581b95b39d,14,sha256:56ec1208cdd3b1cdc0146e6d5c7486a71982bd54a6add144aacb8af53e19efd0,150000,20260717T134222171980Z,1444,mask_fragment-n150000-w128-m1000-s1444
mask_fragment,86a3c5594a7b0bd7b33efe4c4ffaf5dc0aa17226,late_mask_fragment,128,559.7179000033066,19200000,1.0,150000,0,sha256:92b825cb6ca6efd8c921ae328d9dcd567e5fc1cecda65d185180a168e33b45c9,0,sha256:c6461e466d14f1ac030dd208190c56f047d3053e60bfd7ab324d421b9ea9bd43,150000,20260717T134222171980Z,1555,mask_fragment-n150000-w128-m1000-s1555
mask_fragment,86a3c5594a7b0bd7b33efe4c4ffaf5dc0aa17226,early_mask_fragment,128,512.3985999962315,19200000,1.0,150000,1,sha256:1a43e0ddf8cc02438cc76d27ba1cce86da34109d2e43dcc8ed7c9d581b95b39d,0,sha256:c6461e466d14f1ac030dd208190c56f047d3053e60bfd7ab324d421b9ea9bd43,150000,20260717T134222171980Z,1555,mask_fragment-n150000-w128-m1000-s1555
mask_fragment,86a3c5594a7b0bd7b33efe4c4ffaf5dc0aa17226,early_mask_fragment,128,529.5017000171356,19200000,1.0,150000,0,sha256:1a43e0ddf8cc02438cc76d27ba1cce86da34109d2e43dcc8ed7c9d581b95b39d,1,sha256:c6461e466d14f1ac030dd208190c56f047d3053e60bfd7ab324d421b9ea9bd43,150000,20260717T134222171980Z,1555,mask_fragment-n150000-w128-m1000-s1555
mask_fragment,86a3c5594a7b0bd7b33efe4c4ffaf5dc0aa17226,late_mask_fragment,128,631.4465999603271,19200000,1.0,150000,1,sha256:92b825cb6ca6efd8c921ae328d9dcd567e5fc1cecda65d185180a168e33b45c9,1,sha256:c6461e466d14f1ac030dd208190c56f047d3053e60bfd7ab324d421b9ea9bd43,150000,20260717T134222171980Z,1555,mask_fragment-n150000-w128-m1000-s1555
mask_fragment,86a3c5594a7b0bd7b33efe4c4ffaf5dc0aa17226,late_mask_fragment,128,614.0377999981865,19200000,1.0,150000,0,sha256:92b825cb6ca6efd8c921ae328d9dcd567e5fc1cecda65d185180a168e33b45c9,2,sha256:c6461e466d14f1ac030dd208190c56f047d3053e60bfd7ab324d421b9ea9bd43,150000,20260717T134222171980Z,1555,mask_fragment-n150000-w128-m1000-s1555
mask_fragment,86a3c5594a7b0bd7b33efe4c4ffaf5dc0aa17226,early_mask_fragment,128,584.6755999955349,19200000,1.0,150000,1,sha256:1a43e0ddf8cc02438cc76d27ba1cce86da34109d2e43dcc8ed7c9d581b95b39d,2,sha256:c6461e466d14f1ac030dd208190c56f047d3053e60bfd7ab324d421b9ea9bd43,150000,20260717T134222171980Z,1555,mask_fragment-n150000-w128-m1000-s1555
mask_fragment,86a3c5594a7b0bd7b33efe4c4ffaf5dc0aa17226,early_mask_fragment,128,568.4333999524824,19200000,1.0,150000,0,sha256:1a43e0ddf8cc02438cc76d27ba1cce86da34109d2e43dcc8ed7c9d581b95b39d,3,sha256:c6461e466d14f1ac030dd208190c56f047d3053e60bfd7ab324d421b9ea9bd43,150000,20260717T134222171980Z,1555,mask_fragment-n150000-w128-m1000-s1555
mask_fragment,86a3c5594a7b0bd7b33efe4c4ffaf5dc0aa17226,late_mask_fragment,128,539.2253000172786,19200000,1.0,150000,1,sha256:92b825cb6ca6efd8c921ae328d9dcd567e5fc1cecda65d185180a168e33b45c9,3,sha256:c6461e466d14f1ac030dd208190c56f047d3053e60bfd7ab324d421b9ea9bd43,150000,20260717T134222171980Z,1555,mask_fragment-n150000-w128-m1000-s1555
mask_fragment,86a3c5594a7b0bd7b33efe4c4ffaf5dc0aa17226,late_mask_fragment,128,590.3908999753185,19200000,1.0,150000,0,sha256:92b825cb6ca6efd8c921ae328d9dcd567e5fc1cecda65d185180a168e33b45c9,4,sha256:c6461e466d14f1ac030dd208190c56f047d3053e60bfd7ab324d421b9ea9bd43,150000,20260717T134222171980Z,1555,mask_fragment-n150000-w128-m1000-s1555
mask_fragment,86a3c5594a7b0bd7b33efe4c4ffaf5dc0aa17226,early_mask_fragment,128,557.8499000403099,19200000,1.0,150000,1,sha256:1a43e0ddf8cc02438cc76d27ba1cce86da34109d2e43dcc8ed7c9d581b95b39d,4,sha256:c6461e466d14f1ac030dd208190c56f047d3053e60bfd7ab324d421b9ea9bd43,150000,20260717T134222171980Z,1555,mask_fragment-n150000-w128-m1000-s1555
mask_fragment,86a3c5594a7b0bd7b33efe4c4ffaf5dc0aa17226,early_mask_fragment,128,549.540399981197,19200000,1.0,150000,0,sha256:1a43e0ddf8cc02438cc76d27ba1cce86da34109d2e43dcc8ed7c9d581b95b39d,5,sha256:c6461e466d14f1ac030dd208190c56f047d3053e60bfd7ab324d421b9ea9bd43,150000,20260717T134222171980Z,1555,mask_fragment-n150000-w128-m1000-s1555
mask_fragment,86a3c5594a7b0bd7b33efe4c4ffaf5dc0aa17226,late_mask_fragment,128,667.0519999461249,19200000,1.0,150000,1,sha256:92b825cb6ca6efd8c921ae328d9dcd567e5fc1cecda65d185180a168e33b45c9,5,sha256:c6461e466d14f1ac030dd208190c56f047d3053e60bfd7ab324d421b9ea9bd43,150000,20260717T134222171980Z,1555,mask_fragment-n150000-w128-m1000-s1555
mask_fragment,86a3c5594a7b0bd7b33efe4c4ffaf5dc0aa17226,late_mask_fragment,128,705.2712999866344,19200000,1.0,150000,0,sha256:92b825cb6ca6efd8c921ae328d9dcd567e5fc1cecda65d185180a168e33b45c9,6,sha256:c6461e466d14f1ac030dd208190c56f047d3053e60bfd7ab324d421b9ea9bd43,150000,20260717T134222171980Z,1555,mask_fragment-n150000-w128-m1000-s1555
mask_fragment,86a3c5594a7b0bd7b33efe4c4ffaf5dc0aa17226,early_mask_fragment,128,627.921300008893,19200000,1.0,150000,1,sha256:1a43e0ddf8cc02438cc76d27ba1cce86da34109d2e43dcc8ed7c9d581b95b39d,6,sha256:c6461e466d14f1ac030dd208190c56f047d3053e60bfd7ab324d421b9ea9bd43,150000,20260717T134222171980Z,1555,mask_fragment-n150000-w128-m1000-s1555
mask_fragment,86a3c5594a7b0bd7b33efe4c4ffaf5dc0aa17226,early_mask_fragment,128,750.427299994044,19200000,1.0,150000,0,sha256:1a43e0ddf8cc02438cc76d27ba1cce86da34109d2e43dcc8ed7c9d581b95b39d,7,sha256:c6461e466d14f1ac030dd208190c56f047d3053e60bfd7ab324d421b9ea9bd43,150000,20260717T134222171980Z,1555,mask_fragment-n150000-w128-m1000-s1555
mask_fragment,86a3c5594a7b0bd7b33efe4c4ffaf5dc0aa17226,late_mask_fragment,128,693.7663000426255,19200000,1.0,150000,1,sha256:92b825cb6ca6efd8c921ae328d9dcd567e5fc1cecda65d185180a168e33b45c9,7,sha256:c6461e466d14f1ac030dd208190c56f047d3053e60bfd7ab324d421b9ea9bd43,150000,20260717T134222171980Z,1555,mask_fragment-n150000-w128-m1000-s1555
mask_fragment,86a3c5594a7b0bd7b33efe4c4ffaf5dc0aa17226,late_mask_fragment,128,864.4496999913827,19200000,1.0,150000,0,sha256:92b825cb6ca6efd8c921ae328d9dcd567e5fc1cecda65d185180a168e33b45c9,8,sha256:c6461e466d14f1ac030dd208190c56f047d3053e60bfd7ab324d421b9ea9bd43,150000,20260717T134222171980Z,1555,mask_fragment-n150000-w128-m1000-s1555
mask_fragment,86a3c5594a7b0bd7b33efe4c4ffaf5dc0aa17226,early_mask_fragment,128,664.0026000095531,19200000,1.0,150000,1,sha256:1a43e0ddf8cc02438cc76d27ba1cce86da34109d2e43dcc8ed7c9d581b95b39d,8,sha256:c6461e466d14f1ac030dd208190c56f047d3053e60bfd7ab324d421b9ea9bd43,150000,20260717T134222171980Z,1555,mask_fragment-n150000-w128-m1000-s1555
mask_fragment,86a3c5594a7b0bd7b33efe4c4ffaf5dc0aa17226,early_mask_fragment,128,638.1373999756761,19200000,1.0,150000,0,sha256:1a43e0ddf8cc02438cc76d27ba1cce86da34109d2e43dcc8ed7c9d581b95b39d,9,sha256:c6461e466d14f1ac030dd208190c56f047d3053e60bfd7ab324d421b9ea9bd43,150000,20260717T134222171980Z,1555,mask_fragment-n150000-w128-m1000-s1555
mask_fragment,86a3c5594a7b0bd7b33efe4c4ffaf5dc0aa17226,late_mask_fragment,128,639.847100013867,19200000,1.0,150000,1,sha256:92b825cb6ca6efd8c921ae328d9dcd567e5fc1cecda65d185180a168e33b45c9,9,sha256:c6461e466d14f1ac030dd208190c56f047d3053e60bfd7ab324d421b9ea9bd43,150000,20260717T134222171980Z,1555,mask_fragment-n150000-w128-m1000-s1555
mask_fragment,86a3c5594a7b0bd7b33efe4c4ffaf5dc0aa17226,late_mask_fragment,128,788.5533000226133,19200000,1.0,150000,0,sha256:92b825cb6ca6efd8c921ae328d9dcd567e5fc1cecda65d185180a168e33b45c9,10,sha256:c6461e466d14f1ac030dd208190c56f047d3053e60bfd7ab324d421b9ea9bd43,150000,20260717T134222171980Z,1555,mask_fragment-n150000-w128-m1000-s1555
mask_fragment,86a3c5594a7b0bd7b33efe4c4ffaf5dc0aa17226,early_mask_fragment,128,621.1222000420094,19200000,1.0,150000,1,sha256:1a43e0ddf8cc02438cc76d27ba1cce86da34109d2e43dcc8ed7c9d581b95b39d,10,sha256:c6461e466d14f1ac030dd208190c56f047d3053e60bfd7ab324d421b9ea9bd43,150000,20260717T134222171980Z,1555,mask_fragment-n150000-w128-m1000-s1555
mask_fragment,86a3c5594a7b0bd7b33efe4c4ffaf5dc0aa17226,early_mask_fragment,128,526.5773000428453,19200000,1.0,150000,0,sha256:1a43e0ddf8cc02438cc76d27ba1cce86da34109d2e43dcc8ed7c9d581b95b39d,11,sha256:c6461e466d14f1ac030dd208190c56f047d3053e60bfd7ab324d421b9ea9bd43,150000,20260717T134222171980Z,1555,mask_fragment-n150000-w128-m1000-s1555
mask_fragment,86a3c5594a7b0bd7b33efe4c4ffaf5dc0aa17226,late_mask_fragment,128,545.6865000305697,19200000,1.0,150000,1,sha256:92b825cb6ca6efd8c921ae328d9dcd567e5fc1cecda65d185180a168e33b45c9,11,sha256:c6461e466d14f1ac030dd208190c56f047d3053e60bfd7ab324d421b9ea9bd43,150000,20260717T134222171980Z,1555,mask_fragment-n150000-w128-m1000-s1555
mask_fragment,86a3c5594a7b0bd7b33efe4c4ffaf5dc0aa17226,late_mask_fragment,128,574.3358000181615,19200000,1.0,150000,0,sha256:92b825cb6ca6efd8c921ae328d9dcd567e5fc1cecda65d185180a168e33b45c9,12,sha256:c6461e466d14f1ac030dd208190c56f047d3053e60bfd7ab324d421b9ea9bd43,150000,20260717T134222171980Z,1555,mask_fragment-n150000-w128-m1000-s1555
mask_fragment,86a3c5594a7b0bd7b33efe4c4ffaf5dc0aa17226,early_mask_fragment,128,490.7101999851875,19200000,1.0,150000,1,sha256:1a43e0ddf8cc02438cc76d27ba1cce86da34109d2e43dcc8ed7c9d581b95b39d,12,sha256:c6461e466d14f1ac030dd208190c56f047d3053e60bfd7ab324d421b9ea9bd43,150000,20260717T134222171980Z,1555,mask_fragment-n150000-w128-m1000-s1555
mask_fragment,86a3c5594a7b0bd7b33efe4c4ffaf5dc0aa17226,early_mask_fragment,128,616.3788000121713,19200000,1.0,150000,0,sha256:1a43e0ddf8cc02438cc76d27ba1cce86da34109d2e43dcc8ed7c9d581b95b39d,13,sha256:c6461e466d14f1ac030dd208190c56f047d3053e60bfd7ab324d421b9ea9bd43,150000,20260717T134222171980Z,1555,mask_fragment-n150000-w128-m1000-s1555
mask_fragment,86a3c5594a7b0bd7b33efe4c4ffaf5dc0aa17226,late_mask_fragment,128,731.9126999936998,19200000,1.0,150000,1,sha256:92b825cb6ca6efd8c921ae328d9dcd567e5fc1cecda65d185180a168e33b45c9,13,sha256:c6461e466d14f1ac030dd208190c56f047d3053e60bfd7ab324d421b9ea9bd43,150000,20260717T134222171980Z,1555,mask_fragment-n150000-w128-m1000-s1555
mask_fragment,86a3c5594a7b0bd7b33efe4c4ffaf5dc0aa17226,late_mask_fragment,128,531.9832999957725,19200000,1.0,150000,0,sha256:92b825cb6ca6efd8c921ae328d9dcd567e5fc1cecda65d185180a168e33b45c9,14,sha256:c6461e466d14f1ac030dd208190c56f047d3053e60bfd7ab324d421b9ea9bd43,150000,20260717T134222171980Z,1555,mask_fragment-n150000-w128-m1000-s1555
mask_fragment,86a3c5594a7b0bd7b33efe4c4ffaf5dc0aa17226,early_mask_fragment,128,563.9060999965295,19200000,1.0,150000,1,sha256:1a43e0ddf8cc02438cc76d27ba1cce86da34109d2e43dcc8ed7c9d581b95b39d,14,sha256:c6461e466d14f1ac030dd208190c56f047d3053e60bfd7ab324d421b9ea9bd43,150000,20260717T134222171980Z,1555,mask_fragment-n150000-w128-m1000-s1555
mask_fragment,86a3c5594a7b0bd7b33efe4c4ffaf5dc0aa17226,late_mask_fragment,256,694.0962999942712,38400000,0.9,135000,0,sha256:18bd7fb3b6d02ff88c53bf4a74124c631590d7e276f031a9034dc7f9cb857902,0,sha256:1626f462247e3b34be2b41bf808b0a464c3ffae36d2e0bf0c604053d1e11b3db,150000,20260717T134222171980Z,1111,mask_fragment-n150000-w256-m0900-s1111
mask_fragment,86a3c5594a7b0bd7b33efe4c4ffaf5dc0aa17226,early_mask_fragment,256,727.6788000017405,38400000,0.9,135000,1,sha256:1a43e0ddf8cc02438cc76d27ba1cce86da34109d2e43dcc8ed7c9d581b95b39d,0,sha256:1626f462247e3b34be2b41bf808b0a464c3ffae36d2e0bf0c604053d1e11b3db,150000,20260717T134222171980Z,1111,mask_fragment-n150000-w256-m0900-s1111
mask_fragment,86a3c5594a7b0bd7b33efe4c4ffaf5dc0aa17226,early_mask_fragment,256,774.1392000461929,38400000,0.9,135000,0,sha256:1a43e0ddf8cc02438cc76d27ba1cce86da34109d2e43dcc8ed7c9d581b95b39d,1,sha256:1626f462247e3b34be2b41bf808b0a464c3ffae36d2e0bf0c604053d1e11b3db,150000,20260717T134222171980Z,1111,mask_fragment-n150000-w256-m0900-s1111
mask_fragment,86a3c5594a7b0bd7b33efe4c4ffaf5dc0aa17226,late_mask_fragment,256,806.4495000289753,38400000,0.9,135000,1,sha256:18bd7fb3b6d02ff88c53bf4a74124c631590d7e276f031a9034dc7f9cb857902,1,sha256:1626f462247e3b34be2b41bf808b0a464c3ffae36d2e0bf0c604053d1e11b3db,150000,20260717T134222171980Z,1111,mask_fragment-n150000-w256-m0900-s1111
mask_fragment,86a3c5594a7b0bd7b33efe4c4ffaf5dc0aa17226,late_mask_fragment,256,799.0131999831647,38400000,0.9,135000,0,sha256:18bd7fb3b6d02ff88c53bf4a74124c631590d7e276f031a9034dc7f9cb857902,2,sha256:1626f462247e3b34be2b41bf808b0a464c3ffae36d2e0bf0c604053d1e11b3db,150000,20260717T134222171980Z,1111,mask_fragment-n150000-w256-m0900-s1111
mask_fragment,86a3c5594a7b0bd7b33efe4c4ffaf5dc0aa17226,early_mask_fragment,256,696.0621000034735,38400000,0.9,135000,1,sha256:1a43e0ddf8cc02438cc76d27ba1cce86da34109d2e43dcc8ed7c9d581b95b39d,2,sha256:1626f462247e3b34be2b41bf808b0a464c3ffae36d2e0bf0c604053d1e11b3db,150000,20260717T134222171980Z,1111,mask_fragment-n150000-w256-m0900-s1111
mask_fragment,86a3c5594a7b0bd7b33efe4c4ffaf5dc0aa17226,early_mask_fragment,256,805.1660999772139,38400000,0.9,135000,0,sha256:1a43e0ddf8cc02438cc76d27ba1cce86da34109d2e43dcc8ed7c9d581b95b39d,3,sha256:1626f462247e3b34be2b41bf808b0a464c3ffae36d2e0bf0c604053d1e11b3db,150000,20260717T134222171980Z,1111,mask_fragment-n150000-w256-m0900-s1111
mask_fragment,86a3c5594a7b0bd7b33efe4c4ffaf5dc0aa17226,late_mask_fragment,256,725.5387000041083,38400000,0.9,135000,1,sha256:18bd7fb3b6d02ff88c53bf4a74124c631590d7e276f031a9034dc7f9cb857902,3,sha256:1626f462247e3b34be2b41bf808b0a464c3ffae36d2e0bf0c604053d1e11b3db,150000,20260717T134222171980Z,1111,mask_fragment-n150000-w256-m0900-s1111
mask_fragment,86a3c5594a7b0bd7b33efe4c4ffaf5dc0aa17226,late_mask_fragment,256,818.8668999937363,38400000,0.9,135000,0,sha256:18bd7fb3b6d02ff88c53bf4a74124c631590d7e276f031a9034dc7f9cb857902,4,sha256:1626f462247e3b34be2b41bf808b0a464c3ffae36d2e0bf0c604053d1e11b3db,150000,20260717T134222171980Z,1111,mask_fragment-n150000-w256-m0900-s1111
mask_fragment,86a3c5594a7b0bd7b33efe4c4ffaf5dc0aa17226,early_mask_fragment,256,763.4730000281706,38400000,0.9,135000,1,sha256:1a43e0ddf8cc02438cc76d27ba1cce86da34109d2e43dcc8ed7c9d581b95b39d,4,sha256:1626f462247e3b34be2b41bf808b0a464c3ffae36d2e0bf0c604053d1e11b3db,150000,20260717T134222171980Z,1111,mask_fragment-n150000-w256-m0900-s1111
mask_fragment,86a3c5594a7b0bd7b33efe4c4ffaf5dc0aa17226,early_mask_fragment,256,661.1933999811299,38400000,0.9,135000,0,sha256:1a43e0ddf8cc02438cc76d27ba1cce86da34109d2e43dcc8ed7c9d581b95b39d,5,sha256:1626f462247e3b34be2b41bf808b0a464c3ffae36d2e0bf0c604053d1e11b3db,150000,20260717T134222171980Z,1111,mask_fragment-n150000-w256-m0900-s1111
mask_fragment,86a3c5594a7b0bd7b33efe4c4ffaf5dc0aa17226,late_mask_fragment,256,758.3533999859355,38400000,0.9,135000,1,sha256:18bd7fb3b6d02ff88c53bf4a74124c631590d7e276f031a9034dc7f9cb857902,5,sha256:1626f462247e3b34be2b41bf808b0a464c3ffae36d2e0bf0c604053d1e11b3db,150000,20260717T134222171980Z,1111,mask_fragment-n150000-w256-m0900-s1111
mask_fragment,86a3c5594a7b0bd7b33efe4c4ffaf5dc0aa17226,late_mask_fragment,256,713.3608000003733,38400000,0.9,135000,0,sha256:18bd7fb3b6d02ff88c53bf4a74124c631590d7e276f031a9034dc7f9cb857902,6,sha256:1626f462247e3b34be2b41bf808b0a464c3ffae36d2e0bf0c604053d1e11b3db,150000,20260717T134222171980Z,1111,mask_fragment-n150000-w256-m0900-s1111
mask_fragment,86a3c5594a7b0bd7b33efe4c4ffaf5dc0aa17226,early_mask_fragment,256,808.6837999871932,38400000,0.9,135000,1,sha256:1a43e0ddf8cc02438cc76d27ba1cce86da34109d2e43dcc8ed7c9d581b95b39d,6,sha256:1626f462247e3b34be2b41bf808b0a464c3ffae36d2e0bf0c604053d1e11b3db,150000,20260717T134222171980Z,1111,mask_fragment-n150000-w256-m0900-s1111
mask_fragment,86a3c5594a7b0bd7b33efe4c4ffaf5dc0aa17226,early_mask_fragment,256,819.3400999880396,38400000,0.9,135000,0,sha256:1a43e0ddf8cc02438cc76d27ba1cce86da34109d2e43dcc8ed7c9d581b95b39d,7,sha256:1626f462247e3b34be2b41bf808b0a464c3ffae36d2e0bf0c604053d1e11b3db,150000,20260717T134222171980Z,1111,mask_fragment-n150000-w256-m0900-s1111
mask_fragment,86a3c5594a7b0bd7b33efe4c4ffaf5dc0aa17226,late_mask_fragment,256,719.184999994468,38400000,0.9,135000,1,sha256:18bd7fb3b6d02ff88c53bf4a74124c631590d7e276f031a9034dc7f9cb857902,7,sha256:1626f462247e3b34be2b41bf808b0a464c3ffae36d2e0bf0c604053d1e11b3db,150000,20260717T134222171980Z,1111,mask_fragment-n150000-w256-m0900-s1111
mask_fragment,86a3c5594a7b0bd7b33efe4c4ffaf5dc0aa17226,late_mask_fragment,256,837.7987999701872,38400000,0.9,135000,0,sha256:18bd7fb3b6d02ff88c53bf4a74124c631590d7e276f031a9034dc7f9cb857902,8,sha256:1626f462247e3b34be2b41bf808b0a464c3ffae36d2e0bf0c604053d1e11b3db,150000,20260717T134222171980Z,1111,mask_fragment-n150000-w256-m0900-s1111
mask_fragment,86a3c5594a7b0bd7b33efe4c4ffaf5dc0aa17226,early_mask_fragment,256,775.8032000274397,38400000,0.9,135000,1,sha256:1a43e0ddf8cc02438cc76d27ba1cce86da34109d2e43dcc8ed7c9d581b95b39d,8,sha256:1626f462247e3b34be2b41bf808b0a464c3ffae36d2e0bf0c604053d1e11b3db,150000,20260717T134222171980Z,1111,mask_fragment-n150000-w256-m0900-s1111
mask_fragment,86a3c5594a7b0bd7b33efe4c4ffaf5dc0aa17226,early_mask_fragment,256,841.452400025446,38400000,0.9,135000,0,sha256:1a43e0ddf8cc02438cc76d27ba1cce86da34109d2e43dcc8ed7c9d581b95b39d,9,sha256:1626f462247e3b34be2b41bf808b0a464c3ffae36d2e0bf0c604053d1e11b3db,150000,20260717T134222171980Z,1111,mask_fragment-n150000-w256-m0900-s1111
mask_fragment,86a3c5594a7b0bd7b33efe4c4ffaf5dc0aa17226,late_mask_fragment,256,799.6618999750353,38400000,0.9,135000,1,sha256:18bd7fb3b6d02ff88c53bf4a74124c631590d7e276f031a9034dc7f9cb857902,9,sha256:1626f462247e3b34be2b41bf808b0a464c3ffae36d2e0bf0c604053d1e11b3db,150000,20260717T134222171980Z,1111,mask_fragment-n150000-w256-m0900-s1111
mask_fragment,86a3c5594a7b0bd7b33efe4c4ffaf5dc0aa17226,late_mask_fragment,256,871.7491999850608,38400000,0.9,135000,0,sha256:18bd7fb3b6d02ff88c53bf4a74124c631590d7e276f031a9034dc7f9cb857902,10,sha256:1626f462247e3b34be2b41bf808b0a464c3ffae36d2e0bf0c604053d1e11b3db,150000,20260717T134222171980Z,1111,mask_fragment-n150000-w256-m0900-s1111
mask_fragment,86a3c5594a7b0bd7b33efe4c4ffaf5dc0aa17226,early_mask_fragment,256,2228.3944000373594,38400000,0.9,135000,1,sha256:1a43e0ddf8cc02438cc76d27ba1cce86da34109d2e43dcc8ed7c9d581b95b39d,10,sha256:1626f462247e3b34be2b41bf808b0a464c3ffae36d2e0bf0c604053d1e11b3db,150000,20260717T134222171980Z,1111,mask_fragment-n150000-w256-m0900-s1111
mask_fragment,86a3c5594a7b0bd7b33efe4c4ffaf5dc0aa17226,early_mask_fragment,256,1013.130099978298,38400000,0.9,135000,0,sha256:1a43e0ddf8cc02438cc76d27ba1cce86da34109d2e43dcc8ed7c9d581b95b39d,11,sha256:1626f462247e3b34be2b41bf808b0a464c3ffae36d2e0bf0c604053d1e11b3db,150000,20260717T134222171980Z,1111,mask_fragment-n150000-w256-m0900-s1111
mask_fragment,86a3c5594a7b0bd7b33efe4c4ffaf5dc0aa17226,late_mask_fragment,256,783.0061000422575,38400000,0.9,135000,1,sha256:18bd7fb3b6d02ff88c53bf4a74124c631590d7e276f031a9034dc7f9cb857902,11,sha256:1626f462247e3b34be2b41bf808b0a464c3ffae36d2e0bf0c604053d1e11b3db,150000,20260717T134222171980Z,1111,mask_fragment-n150000-w256-m0900-s1111
mask_fragment,86a3c5594a7b0bd7b33efe4c4ffaf5dc0aa17226,late_mask_fragment,256,969.521299994085,38400000,0.9,135000,0,sha256:18bd7fb3b6d02ff88c53bf4a74124c631590d7e276f031a9034dc7f9cb857902,12,sha256:1626f462247e3b34be2b41bf808b0a464c3ffae36d2e0bf0c604053d1e11b3db,150000,20260717T134222171980Z,1111,mask_fragment-n150000-w256-m0900-s1111
mask_fragment,86a3c5594a7b0bd7b33efe4c4ffaf5dc0aa17226,early_mask_fragment,256,835.1174999843352,38400000,0.9,135000,1,sha256:1a43e0ddf8cc02438cc76d27ba1cce86da34109d2e43dcc8ed7c9d581b95b39d,12,sha256:1626f462247e3b34be2b41bf808b0a464c3ffae36d2e0bf0c604053d1e11b3db,150000,20260717T134222171980Z,1111,mask_fragment-n150000-w256-m0900-s1111
mask_fragment,86a3c5594a7b0bd7b33efe4c4ffaf5dc0aa17226,early_mask_fragment,256,784.5801000366919,38400000,0.9,135000,0,sha256:1a43e0ddf8cc02438cc76d27ba1cce86da34109d2e43dcc8ed7c9d581b95b39d,13,sha256:1626f462247e3b34be2b41bf808b0a464c3ffae36d2e0bf0c604053d1e11b3db,150000,20260717T134222171980Z,1111,mask_fragment-n150000-w256-m0900-s1111
mask_fragment,86a3c5594a7b0bd7b33efe4c4ffaf5dc0aa17226,late_mask_fragment,256,752.7216000016779,38400000,0.9,135000,1,sha256:18bd7fb3b6d02ff88c53bf4a74124c631590d7e276f031a9034dc7f9cb857902,13,sha256:1626f462247e3b34be2b41bf808b0a464c3ffae36d2e0bf0c604053d1e11b3db,150000,20260717T134222171980Z,1111,mask_fragment-n150000-w256-m0900-s1111
mask_fragment,86a3c5594a7b0bd7b33efe4c4ffaf5dc0aa17226,late_mask_fragment,256,810.557399992831,38400000,0.9,135000,0,sha256:18bd7fb3b6d02ff88c53bf4a74124c631590d7e276f031a9034dc7f9cb857902,14,sha256:1626f462247e3b34be2b41bf808b0a464c3ffae36d2e0bf0c604053d1e11b3db,150000,20260717T134222171980Z,1111,mask_fragment-n150000-w256-m0900-s1111
mask_fragment,86a3c5594a7b0bd7b33efe4c4ffaf5dc0aa17226,early_mask_fragment,256,961.9836999918334,38400000,0.9,135000,1,sha256:1a43e0ddf8cc02438cc76d27ba1cce86da34109d2e43dcc8ed7c9d581b95b39d,14,sha256:1626f462247e3b34be2b41bf808b0a464c3ffae36d2e0bf0c604053d1e11b3db,150000,20260717T134222171980Z,1111,mask_fragment-n150000-w256-m0900-s1111
mask_fragment,86a3c5594a7b0bd7b33efe4c4ffaf5dc0aa17226,early_mask_fragment,256,708.1978999776766,38400000,0.9,135000,0,sha256:1a43e0ddf8cc02438cc76d27ba1cce86da34109d2e43dcc8ed7c9d581b95b39d,0,sha256:21ad33d0cc92262c23e4d97bc2449a3e144b3cf59396f99aa4cfe05c38405c1d,150000,20260717T134222171980Z,1222,mask_fragment-n150000-w256-m0900-s1222
mask_fragment,86a3c5594a7b0bd7b33efe4c4ffaf5dc0aa17226,late_mask_fragment,256,707.8067999682389,38400000,0.9,135000,1,sha256:18bd7fb3b6d02ff88c53bf4a74124c631590d7e276f031a9034dc7f9cb857902,0,sha256:21ad33d0cc92262c23e4d97bc2449a3e144b3cf59396f99aa4cfe05c38405c1d,150000,20260717T134222171980Z,1222,mask_fragment-n150000-w256-m0900-s1222
mask_fragment,86a3c5594a7b0bd7b33efe4c4ffaf5dc0aa17226,late_mask_fragment,256,781.992000003811,38400000,0.9,135000,0,sha256:18bd7fb3b6d02ff88c53bf4a74124c631590d7e276f031a9034dc7f9cb857902,1,sha256:21ad33d0cc92262c23e4d97bc2449a3e144b3cf59396f99aa4cfe05c38405c1d,150000,20260717T134222171980Z,1222,mask_fragment-n150000-w256-m0900-s1222
mask_fragment,86a3c5594a7b0bd7b33efe4c4ffaf5dc0aa17226,early_mask_fragment,256,773.2147000497207,38400000,0.9,135000,1,sha256:1a43e0ddf8cc02438cc76d27ba1cce86da34109d2e43dcc8ed7c9d581b95b39d,1,sha256:21ad33d0cc92262c23e4d97bc2449a3e144b3cf59396f99aa4cfe05c38405c1d,150000,20260717T134222171980Z,1222,mask_fragment-n150000-w256-m0900-s1222
mask_fragment,86a3c5594a7b0bd7b33efe4c4ffaf5dc0aa17226,early_mask_fragment,256,716.7424999643117,38400000,0.9,135000,0,sha256:1a43e0ddf8cc02438cc76d27ba1cce86da34109d2e43dcc8ed7c9d581b95b39d,2,sha256:21ad33d0cc92262c23e4d97bc2449a3e144b3cf59396f99aa4cfe05c38405c1d,150000,20260717T134222171980Z,1222,mask_fragment-n150000-w256-m0900-s1222
mask_fragment,86a3c5594a7b0bd7b33efe4c4ffaf5dc0aa17226,late_mask_fragment,256,796.0235999780707,38400000,0.9,135000,1,sha256:18bd7fb3b6d02ff88c53bf4a74124c631590d7e276f031a9034dc7f9cb857902,2,sha256:21ad33d0cc92262c23e4d97bc2449a3e144b3cf59396f99aa4cfe05c38405c1d,150000,20260717T134222171980Z,1222,mask_fragment-n150000-w256-m0900-s1222
mask_fragment,86a3c5594a7b0bd7b33efe4c4ffaf5dc0aa17226,late_mask_fragment,256,698.3816999709234,38400000,0.9,135000,0,sha256:18bd7fb3b6d02ff88c53bf4a74124c631590d7e276f031a9034dc7f9cb857902,3,sha256:21ad33d0cc92262c23e4d97bc2449a3e144b3cf59396f99aa4cfe05c38405c1d,150000,20260717T134222171980Z,1222,mask_fragment-n150000-w256-m0900-s1222
mask_fragment,86a3c5594a7b0bd7b33efe4c4ffaf5dc0aa17226,early_mask_fragment,256,775.732500012964,38400000,0.9,135000,1,sha256:1a43e0ddf8cc02438cc76d27ba1cce86da34109d2e43dcc8ed7c9d581b95b39d,3,sha256:21ad33d0cc92262c23e4d97bc2449a3e144b3cf59396f99aa4cfe05c38405c1d,150000,20260717T134222171980Z,1222,mask_fragment-n150000-w256-m0900-s1222
mask_fragment,86a3c5594a7b0bd7b33efe4c4ffaf5dc0aa17226,early_mask_fragment,256,776.396700006444,38400000,0.9,135000,0,sha256:1a43e0ddf8cc02438cc76d27ba1cce86da34109d2e43dcc8ed7c9d581b95b39d,4,sha256:21ad33d0cc92262c23e4d97bc2449a3e144b3cf59396f99aa4cfe05c38405c1d,150000,20260717T134222171980Z,1222,mask_fragment-n150000-w256-m0900-s1222
mask_fragment,86a3c5594a7b0bd7b33efe4c4ffaf5dc0aa17226,late_mask_fragment,256,835.3812000132166,38400000,0.9,135000,1,sha256:18bd7fb3b6d02ff88c53bf4a74124c631590d7e276f031a9034dc7f9cb857902,4,sha256:21ad33d0cc92262c23e4d97bc2449a3e144b3cf59396f99aa4cfe05c38405c1d,150000,20260717T134222171980Z,1222,mask_fragment-n150000-w256-m0900-s1222
mask_fragment,86a3c5594a7b0bd7b33efe4c4ffaf5dc0aa17226,late_mask_fragment,256,825.5360000184737,38400000,0.9,135000,0,sha256:18bd7fb3b6d02ff88c53bf4a74124c631590d7e276f031a9034dc7f9cb857902,5,sha256:21ad33d0cc92262c23e4d97bc2449a3e144b3cf59396f99aa4cfe05c38405c1d,150000,20260717T134222171980Z,1222,mask_fragment-n150000-w256-m0900-s1222
mask_fragment,86a3c5594a7b0bd7b33efe4c4ffaf5dc0aa17226,early_mask_fragment,256,2033.0903999856673,38400000,0.9,135000,1,sha256:1a43e0ddf8cc02438cc76d27ba1cce86da34109d2e43dcc8ed7c9d581b95b39d,5,sha256:21ad33d0cc92262c23e4d97bc2449a3e144b3cf59396f99aa4cfe05c38405c1d,150000,20260717T134222171980Z,1222,mask_fragment-n150000-w256-m0900-s1222
mask_fragment,86a3c5594a7b0bd7b33efe4c4ffaf5dc0aa17226,early_mask_fragment,256,801.6567999729887,38400000,0.9,135000,0,sha256:1a43e0ddf8cc02438cc76d27ba1cce86da34109d2e43dcc8ed7c9d581b95b39d,6,sha256:21ad33d0cc92262c23e4d97bc2449a3e144b3cf59396f99aa4cfe05c38405c1d,150000,20260717T134222171980Z,1222,mask_fragment-n150000-w256-m0900-s1222
mask_fragment,86a3c5594a7b0bd7b33efe4c4ffaf5dc0aa17226,late_mask_fragment,256,816.862800042145,38400000,0.9,135000,1,sha256:18bd7fb3b6d02ff88c53bf4a74124c631590d7e276f031a9034dc7f9cb857902,6,sha256:21ad33d0cc92262c23e4d97bc2449a3e144b3cf59396f99aa4cfe05c38405c1d,150000,20260717T134222171980Z,1222,mask_fragment-n150000-w256-m0900-s1222
mask_fragment,86a3c5594a7b0bd7b33efe4c4ffaf5dc0aa17226,late_mask_fragment,256,852.4179000523873,38400000,0.9,135000,0,sha256:18bd7fb3b6d02ff88c53bf4a74124c631590d7e276f031a9034dc7f9cb857902,7,sha256:21ad33d0cc92262c23e4d97bc2449a3e144b3cf59396f99aa4cfe05c38405c1d,150000,20260717T134222171980Z,1222,mask_fragment-n150000-w256-m0900-s1222
mask_fragment,86a3c5594a7b0bd7b33efe4c4ffaf5dc0aa17226,early_mask_fragment,256,825.7422999595292,38400000,0.9,135000,1,sha256:1a43e0ddf8cc02438cc76d27ba1cce86da34109d2e43dcc8ed7c9d581b95b39d,7,sha256:21ad33d0cc92262c23e4d97bc2449a3e144b3cf59396f99aa4cfe05c38405c1d,150000,20260717T134222171980Z,1222,mask_fragment-n150000-w256-m0900-s1222
mask_fragment,86a3c5594a7b0bd7b33efe4c4ffaf5dc0aa17226,early_mask_fragment,256,847.360999963712,38400000,0.9,135000,0,sha256:1a43e0ddf8cc02438cc76d27ba1cce86da34109d2e43dcc8ed7c9d581b95b39d,8,sha256:21ad33d0cc92262c23e4d97bc2449a3e144b3cf59396f99aa4cfe05c38405c1d,150000,20260717T134222171980Z,1222,mask_fragment-n150000-w256-m0900-s1222
mask_fragment,86a3c5594a7b0bd7b33efe4c4ffaf5dc0aa17226,late_mask_fragment,256,751.5468999627046,38400000,0.9,135000,1,sha256:18bd7fb3b6d02ff88c53bf4a74124c631590d7e276f031a9034dc7f9cb857902,8,sha256:21ad33d0cc92262c23e4d97bc2449a3e144b3cf59396f99aa4cfe05c38405c1d,150000,20260717T134222171980Z,1222,mask_fragment-n150000-w256-m0900-s1222
mask_fragment,86a3c5594a7b0bd7b33efe4c4ffaf5dc0aa17226,late_mask_fragment,256,771.6634999960661,38400000,0.9,135000,0,sha256:18bd7fb3b6d02ff88c53bf4a74124c631590d7e276f031a9034dc7f9cb857902,9,sha256:21ad33d0cc92262c23e4d97bc2449a3e144b3cf59396f99aa4cfe05c38405c1d,150000,20260717T134222171980Z,1222,mask_fragment-n150000-w256-m0900-s1222
mask_fragment,86a3c5594a7b0bd7b33efe4c4ffaf5dc0aa17226,early_mask_fragment,256,836.5561999962665,38400000,0.9,135000,1,sha256:1a43e0ddf8cc02438cc76d27ba1cce86da34109d2e43dcc8ed7c9d581b95b39d,9,sha256:21ad33d0cc92262c23e4d97bc2449a3e144b3cf59396f99aa4cfe05c38405c1d,150000,20260717T134222171980Z,1222,mask_fragment-n150000-w256-m0900-s1222
mask_fragment,86a3c5594a7b0bd7b33efe4c4ffaf5dc0aa17226,early_mask_fragment,256,2080.8460999978706,38400000,0.9,135000,0,sha256:1a43e0ddf8cc02438cc76d27ba1cce86da34109d2e43dcc8ed7c9d581b95b39d,10,sha256:21ad33d0cc92262c23e4d97bc2449a3e144b3cf59396f99aa4cfe05c38405c1d,150000,20260717T134222171980Z,1222,mask_fragment-n150000-w256-m0900-s1222
mask_fragment,86a3c5594a7b0bd7b33efe4c4ffaf5dc0aa17226,late_mask_fragment,256,935.3301000082865,38400000,0.9,135000,1,sha256:18bd7fb3b6d02ff88c53bf4a74124c631590d7e276f031a9034dc7f9cb857902,10,sha256:21ad33d0cc92262c23e4d97bc2449a3e144b3cf59396f99aa4cfe05c38405c1d,150000,20260717T134222171980Z,1222,mask_fragment-n150000-w256-m0900-s1222
mask_fragment,86a3c5594a7b0bd7b33efe4c4ffaf5dc0aa17226,late_mask_fragment,256,984.5136999501847,38400000,0.9,135000,0,sha256:18bd7fb3b6d02ff88c53bf4a74124c631590d7e276f031a9034dc7f9cb857902,11,sha256:21ad33d0cc92262c23e4d97bc2449a3e144b3cf59396f99aa4cfe05c38405c1d,150000,20260717T134222171980Z,1222,mask_fragment-n150000-w256-m0900-s1222
mask_fragment,86a3c5594a7b0bd7b33efe4c4ffaf5dc0aa17226,early_mask_fragment,256,923.4438000130467,38400000,0.9,135000,1,sha256:1a43e0ddf8cc02438cc76d27ba1cce86da34109d2e43dcc8ed7c9d581b95b39d,11,sha256:21ad33d0cc92262c23e4d97bc2449a3e144b3cf59396f99aa4cfe05c38405c1d,150000,20260717T134222171980Z,1222,mask_fragment-n150000-w256-m0900-s1222
mask_fragment,86a3c5594a7b0bd7b33efe4c4ffaf5dc0aa17226,early_mask_fragment,256,916.1174999899231,38400000,0.9,135000,0,sha256:1a43e0ddf8cc02438cc76d27ba1cce86da34109d2e43dcc8ed7c9d581b95b39d,12,sha256:21ad33d0cc92262c23e4d97bc2449a3e144b3cf59396f99aa4cfe05c38405c1d,150000,20260717T134222171980Z,1222,mask_fragment-n150000-w256-m0900-s1222
mask_fragment,86a3c5594a7b0bd7b33efe4c4ffaf5dc0aa17226,late_mask_fragment,256,749.5705999899656,38400000,0.9,135000,1,sha256:18bd7fb3b6d02ff88c53bf4a74124c631590d7e276f031a9034dc7f9cb857902,12,sha256:21ad33d0cc92262c23e4d97bc2449a3e144b3cf59396f99aa4cfe05c38405c1d,150000,20260717T134222171980Z,1222,mask_fragment-n150000-w256-m0900-s1222
mask_fragment,86a3c5594a7b0bd7b33efe4c4ffaf5dc0aa17226,late_mask_fragment,256,721.2582000065595,38400000,0.9,135000,0,sha256:18bd7fb3b6d02ff88c53bf4a74124c631590d7e276f031a9034dc7f9cb857902,13,sha256:21ad33d0cc92262c23e4d97bc2449a3e144b3cf59396f99aa4cfe05c38405c1d,150000,20260717T134222171980Z,1222,mask_fragment-n150000-w256-m0900-s1222
mask_fragment,86a3c5594a7b0bd7b33efe4c4ffaf5dc0aa17226,early_mask_fragment,256,1924.32709998684,38400000,0.9,135000,1,sha256:1a43e0ddf8cc02438cc76d27ba1cce86da34109d2e43dcc8ed7c9d581b95b39d,13,sha256:21ad33d0cc92262c23e4d97bc2449a3e144b3cf59396f99aa4cfe05c38405c1d,150000,20260717T134222171980Z,1222,mask_fragment-n150000-w256-m0900-s1222
mask_fragment,86a3c5594a7b0bd7b33efe4c4ffaf5dc0aa17226,early_mask_fragment,256,680.7938999845646,38400000,0.9,135000,0,sha256:1a43e0ddf8cc02438cc76d27ba1cce86da34109d2e43dcc8ed7c9d581b95b39d,14,sha256:21ad33d0cc92262c23e4d97bc2449a3e144b3cf59396f99aa4cfe05c38405c1d,150000,20260717T134222171980Z,1222,mask_fragment-n150000-w256-m0900-s1222
mask_fragment,86a3c5594a7b0bd7b33efe4c4ffaf5dc0aa17226,late_mask_fragment,256,827.0374000421725,38400000,0.9,135000,1,sha256:18bd7fb3b6d02ff88c53bf4a74124c631590d7e276f031a9034dc7f9cb857902,14,sha256:21ad33d0cc92262c23e4d97bc2449a3e144b3cf59396f99aa4cfe05c38405c1d,150000,20260717T134222171980Z,1222,mask_fragment-n150000-w256-m0900-s1222
mask_fragment,86a3c5594a7b0bd7b33efe4c4ffaf5dc0aa17226,late_mask_fragment,256,848.4618000220507,38400000,0.9,135000,0,sha256:18bd7fb3b6d02ff88c53bf4a74124c631590d7e276f031a9034dc7f9cb857902,0,sha256:fd2012777b05398ee8ebb6c891322b8dc183b4885f9eb3fef99477f169e59d68,150000,20260717T134222171980Z,1333,mask_fragment-n150000-w256-m0900-s1333
mask_fragment,86a3c5594a7b0bd7b33efe4c4ffaf5dc0aa17226,early_mask_fragment,256,834.6419000299647,38400000,0.9,135000,1,sha256:1a43e0ddf8cc02438cc76d27ba1cce86da34109d2e43dcc8ed7c9d581b95b39d,0,sha256:fd2012777b05398ee8ebb6c891322b8dc183b4885f9eb3fef99477f169e59d68,150000,20260717T134222171980Z,1333,mask_fragment-n150000-w256-m0900-s1333
mask_fragment,86a3c5594a7b0bd7b33efe4c4ffaf5dc0aa17226,early_mask_fragment,256,858.1452000071295,38400000,0.9,135000,0,sha256:1a43e0ddf8cc02438cc76d27ba1cce86da34109d2e43dcc8ed7c9d581b95b39d,1,sha256:fd2012777b05398ee8ebb6c891322b8dc183b4885f9eb3fef99477f169e59d68,150000,20260717T134222171980Z,1333,mask_fragment-n150000-w256-m0900-s1333
mask_fragment,86a3c5594a7b0bd7b33efe4c4ffaf5dc0aa17226,late_mask_fragment,256,850.4162000026554,38400000,0.9,135000,1,sha256:18bd7fb3b6d02ff88c53bf4a74124c631590d7e276f031a9034dc7f9cb857902,1,sha256:fd2012777b05398ee8ebb6c891322b8dc183b4885f9eb3fef99477f169e59d68,150000,20260717T134222171980Z,1333,mask_fragment-n150000-w256-m0900-s1333
mask_fragment,86a3c5594a7b0bd7b33efe4c4ffaf5dc0aa17226,late_mask_fragment,256,945.5751999630593,38400000,0.9,135000,0,sha256:18bd7fb3b6d02ff88c53bf4a74124c631590d7e276f031a9034dc7f9cb857902,2,sha256:fd2012777b05398ee8ebb6c891322b8dc183b4885f9eb3fef99477f169e59d68,150000,20260717T134222171980Z,1333,mask_fragment-n150000-w256-m0900-s1333
mask_fragment,86a3c5594a7b0bd7b33efe4c4ffaf5dc0aa17226,early_mask_fragment,256,993.1545999716036,38400000,0.9,135000,1,sha256:1a43e0ddf8cc02438cc76d27ba1cce86da34109d2e43dcc8ed7c9d581b95b39d,2,sha256:fd2012777b05398ee8ebb6c891322b8dc183b4885f9eb3fef99477f169e59d68,150000,20260717T134222171980Z,1333,mask_fragment-n150000-w256-m0900-s1333
mask_fragment,86a3c5594a7b0bd7b33efe4c4ffaf5dc0aa17226,early_mask_fragment,256,813.6151999933645,38400000,0.9,135000,0,sha256:1a43e0ddf8cc02438cc76d27ba1cce86da34109d2e43dcc8ed7c9d581b95b39d,3,sha256:fd2012777b05398ee8ebb6c891322b8dc183b4885f9eb3fef99477f169e59d68,150000,20260717T134222171980Z,1333,mask_fragment-n150000-w256-m0900-s1333
mask_fragment,86a3c5594a7b0bd7b33efe4c4ffaf5dc0aa17226,late_mask_fragment,256,727.6705999975093,38400000,0.9,135000,1,sha256:18bd7fb3b6d02ff88c53bf4a74124c631590d7e276f031a9034dc7f9cb857902,3,sha256:fd2012777b05398ee8ebb6c891322b8dc183b4885f9eb3fef99477f169e59d68,150000,20260717T134222171980Z,1333,mask_fragment-n150000-w256-m0900-s1333
mask_fragment,86a3c5594a7b0bd7b33efe4c4ffaf5dc0aa17226,late_mask_fragment,256,823.1507999589667,38400000,0.9,135000,0,sha256:18bd7fb3b6d02ff88c53bf4a74124c631590d7e276f031a9034dc7f9cb857902,4,sha256:fd2012777b05398ee8ebb6c891322b8dc183b4885f9eb3fef99477f169e59d68,150000,20260717T134222171980Z,1333,mask_fragment-n150000-w256-m0900-s1333
mask_fragment,86a3c5594a7b0bd7b33efe4c4ffaf5dc0aa17226,early_mask_fragment,256,711.7161000496708,38400000,0.9,135000,1,sha256:1a43e0ddf8cc02438cc76d27ba1cce86da34109d2e43dcc8ed7c9d581b95b39d,4,sha256:fd2012777b05398ee8ebb6c891322b8dc183b4885f9eb3fef99477f169e59d68,150000,20260717T134222171980Z,1333,mask_fragment-n150000-w256-m0900-s1333
mask_fragment,86a3c5594a7b0bd7b33efe4c4ffaf5dc0aa17226,early_mask_fragment,256,706.8448000354692,38400000,0.9,135000,0,sha256:1a43e0ddf8cc02438cc76d27ba1cce86da34109d2e43dcc8ed7c9d581b95b39d,5,sha256:fd2012777b05398ee8ebb6c891322b8dc183b4885f9eb3fef99477f169e59d68,150000,20260717T134222171980Z,1333,mask_fragment-n150000-w256-m0900-s1333
mask_fragment,86a3c5594a7b0bd7b33efe4c4ffaf5dc0aa17226,late_mask_fragment,256,692.1851999941282,38400000,0.9,135000,1,sha256:18bd7fb3b6d02ff88c53bf4a74124c631590d7e276f031a9034dc7f9cb857902,5,sha256:fd2012777b05398ee8ebb6c891322b8dc183b4885f9eb3fef99477f169e59d68,150000,20260717T134222171980Z,1333,mask_fragment-n150000-w256-m0900-s1333
mask_fragment,86a3c5594a7b0bd7b33efe4c4ffaf5dc0aa17226,late_mask_fragment,256,694.7682999889366,38400000,0.9,135000,0,sha256:18bd7fb3b6d02ff88c53bf4a74124c631590d7e276f031a9034dc7f9cb857902,6,sha256:fd2012777b05398ee8ebb6c891322b8dc183b4885f9eb3fef99477f169e59d68,150000,20260717T134222171980Z,1333,mask_fragment-n150000-w256-m0900-s1333
mask_fragment,86a3c5594a7b0bd7b33efe4c4ffaf5dc0aa17226,early_mask_fragment,256,880.0478000193834,38400000,0.9,135000,1,sha256:1a43e0ddf8cc02438cc76d27ba1cce86da34109d2e43dcc8ed7c9d581b95b39d,6,sha256:fd2012777b05398ee8ebb6c891322b8dc183b4885f9eb3fef99477f169e59d68,150000,20260717T134222171980Z,1333,mask_fragment-n150000-w256-m0900-s1333
mask_fragment,86a3c5594a7b0bd7b33efe4c4ffaf5dc0aa17226,early_mask_fragment,256,870.7490999950096,38400000,0.9,135000,0,sha256:1a43e0ddf8cc02438cc76d27ba1cce86da34109d2e43dcc8ed7c9d581b95b39d,7,sha256:fd2012777b05398ee8ebb6c891322b8dc183b4885f9eb3fef99477f169e59d68,150000,20260717T134222171980Z,1333,mask_fragment-n150000-w256-m0900-s1333
mask_fragment,86a3c5594a7b0bd7b33efe4c4ffaf5dc0aa17226,late_mask_fragment,256,996.7704000300728,38400000,0.9,135000,1,sha256:18bd7fb3b6d02ff88c53bf4a74124c631590d7e276f031a9034dc7f9cb857902,7,sha256:fd2012777b05398ee8ebb6c891322b8dc183b4885f9eb3fef99477f169e59d68,150000,20260717T134222171980Z,1333,mask_fragment-n150000-w256-m0900-s1333
mask_fragment,86a3c5594a7b0bd7b33efe4c4ffaf5dc0aa17226,late_mask_fragment,256,937.3461999930441,38400000,0.9,135000,0,sha256:18bd7fb3b6d02ff88c53bf4a74124c631590d7e276f031a9034dc7f9cb857902,8,sha256:fd2012777b05398ee8ebb6c891322b8dc183b4885f9eb3fef99477f169e59d68,150000,20260717T134222171980Z,1333,mask_fragment-n150000-w256-m0900-s1333
mask_fragment,86a3c5594a7b0bd7b33efe4c4ffaf5dc0aa17226,early_mask_fragment,256,1014.4726000144146,38400000,0.9,135000,1,sha256:1a43e0ddf8cc02438cc76d27ba1cce86da34109d2e43dcc8ed7c9d581b95b39d,8,sha256:fd2012777b05398ee8ebb6c891322b8dc183b4885f9eb3fef99477f169e59d68,150000,20260717T134222171980Z,1333,mask_fragment-n150000-w256-m0900-s1333
mask_fragment,86a3c5594a7b0bd7b33efe4c4ffaf5dc0aa17226,early_mask_fragment,256,932.1430000127293,38400000,0.9,135000,0,sha256:1a43e0ddf8cc02438cc76d27ba1cce86da34109d2e43dcc8ed7c9d581b95b39d,9,sha256:fd2012777b05398ee8ebb6c891322b8dc183b4885f9eb3fef99477f169e59d68,150000,20260717T134222171980Z,1333,mask_fragment-n150000-w256-m0900-s1333
mask_fragment,86a3c5594a7b0bd7b33efe4c4ffaf5dc0aa17226,late_mask_fragment,256,889.3565000034869,38400000,0.9,135000,1,sha256:18bd7fb3b6d02ff88c53bf4a74124c631590d7e276f031a9034dc7f9cb857902,9,sha256:fd2012777b05398ee8ebb6c891322b8dc183b4885f9eb3fef99477f169e59d68,150000,20260717T134222171980Z,1333,mask_fragment-n150000-w256-m0900-s1333
mask_fragment,86a3c5594a7b0bd7b33efe4c4ffaf5dc0aa17226,late_mask_fragment,256,814.904100028798,38400000,0.9,135000,0,sha256:18bd7fb3b6d02ff88c53bf4a74124c631590d7e276f031a9034dc7f9cb857902,10,sha256:fd2012777b05398ee8ebb6c891322b8dc183b4885f9eb3fef99477f169e59d68,150000,20260717T134222171980Z,1333,mask_fragment-n150000-w256-m0900-s1333
mask_fragment,86a3c5594a7b0bd7b33efe4c4ffaf5dc0aa17226,early_mask_fragment,256,815.4662000015378,38400000,0.9,135000,1,sha256:1a43e0ddf8cc02438cc76d27ba1cce86da34109d2e43dcc8ed7c9d581b95b39d,10,sha256:fd2012777b05398ee8ebb6c891322b8dc183b4885f9eb3fef99477f169e59d68,150000,20260717T134222171980Z,1333,mask_fragment-n150000-w256-m0900-s1333
mask_fragment,86a3c5594a7b0bd7b33efe4c4ffaf5dc0aa17226,early_mask_fragment,256,764.5514999749139,38400000,0.9,135000,0,sha256:1a43e0ddf8cc02438cc76d27ba1cce86da34109d2e43dcc8ed7c9d581b95b39d,11,sha256:fd2012777b05398ee8ebb6c891322b8dc183b4885f9eb3fef99477f169e59d68,150000,20260717T134222171980Z,1333,mask_fragment-n150000-w256-m0900-s1333
mask_fragment,86a3c5594a7b0bd7b33efe4c4ffaf5dc0aa17226,late_mask_fragment,256,718.8539000344463,38400000,0.9,135000,1,sha256:18bd7fb3b6d02ff88c53bf4a74124c631590d7e276f031a9034dc7f9cb857902,11,sha256:fd2012777b05398ee8ebb6c891322b8dc183b4885f9eb3fef99477f169e59d68,150000,20260717T134222171980Z,1333,mask_fragment-n150000-w256-m0900-s1333
mask_fragment,86a3c5594a7b0bd7b33efe4c4ffaf5dc0aa17226,late_mask_fragment,256,848.6134999548085,38400000,0.9,135000,0,sha256:18bd7fb3b6d02ff88c53bf4a74124c631590d7e276f031a9034dc7f9cb857902,12,sha256:fd2012777b05398ee8ebb6c891322b8dc183b4885f9eb3fef99477f169e59d68,150000,20260717T134222171980Z,1333,mask_fragment-n150000-w256-m0900-s1333
mask_fragment,86a3c5594a7b0bd7b33efe4c4ffaf5dc0aa17226,early_mask_fragment,256,795.41479999898,38400000,0.9,135000,1,sha256:1a43e0ddf8cc02438cc76d27ba1cce86da34109d2e43dcc8ed7c9d581b95b39d,12,sha256:fd2012777b05398ee8ebb6c891322b8dc183b4885f9eb3fef99477f169e59d68,150000,20260717T134222171980Z,1333,mask_fragment-n150000-w256-m0900-s1333
mask_fragment,86a3c5594a7b0bd7b33efe4c4ffaf5dc0aa17226,early_mask_fragment,256,684.2550000292249,38400000,0.9,135000,0,sha256:1a43e0ddf8cc02438cc76d27ba1cce86da34109d2e43dcc8ed7c9d581b95b39d,13,sha256:fd2012777b05398ee8ebb6c891322b8dc183b4885f9eb3fef99477f169e59d68,150000,20260717T134222171980Z,1333,mask_fragment-n150000-w256-m0900-s1333
mask_fragment,86a3c5594a7b0bd7b33efe4c4ffaf5dc0aa17226,late_mask_fragment,256,718.172200024128,38400000,0.9,135000,1,sha256:18bd7fb3b6d02ff88c53bf4a74124c631590d7e276f031a9034dc7f9cb857902,13,sha256:fd2012777b05398ee8ebb6c891322b8dc183b4885f9eb3fef99477f169e59d68,150000,20260717T134222171980Z,1333,mask_fragment-n150000-w256-m0900-s1333
mask_fragment,86a3c5594a7b0bd7b33efe4c4ffaf5dc0aa17226,late_mask_fragment,256,686.1158000538126,38400000,0.9,135000,0,sha256:18bd7fb3b6d02ff88c53bf4a74124c631590d7e276f031a9034dc7f9cb857902,14,sha256:fd2012777b05398ee8ebb6c891322b8dc183b4885f9eb3fef99477f169e59d68,150000,20260717T134222171980Z,1333,mask_fragment-n150000-w256-m0900-s1333
mask_fragment,86a3c5594a7b0bd7b33efe4c4ffaf5dc0aa17226,early_mask_fragment,256,812.2677999781445,38400000,0.9,135000,1,sha256:1a43e0ddf8cc02438cc76d27ba1cce86da34109d2e43dcc8ed7c9d581b95b39d,14,sha256:fd2012777b05398ee8ebb6c891322b8dc183b4885f9eb3fef99477f169e59d68,150000,20260717T134222171980Z,1333,mask_fragment-n150000-w256-m0900-s1333
mask_fragment,86a3c5594a7b0bd7b33efe4c4ffaf5dc0aa17226,early_mask_fragment,256,880.4509999463335,38400000,0.9,135000,0,sha256:1a43e0ddf8cc02438cc76d27ba1cce86da34109d2e43dcc8ed7c9d581b95b39d,0,sha256:39767086cd8e84de4fa80dc53213b8349672b25f0f21c29fd068ca9cb88e69fb,150000,20260717T134222171980Z,1444,mask_fragment-n150000-w256-m0900-s1444
mask_fragment,86a3c5594a7b0bd7b33efe4c4ffaf5dc0aa17226,late_mask_fragment,256,964.452100044582,38400000,0.9,135000,1,sha256:18bd7fb3b6d02ff88c53bf4a74124c631590d7e276f031a9034dc7f9cb857902,0,sha256:39767086cd8e84de4fa80dc53213b8349672b25f0f21c29fd068ca9cb88e69fb,150000,20260717T134222171980Z,1444,mask_fragment-n150000-w256-m0900-s1444
mask_fragment,86a3c5594a7b0bd7b33efe4c4ffaf5dc0aa17226,late_mask_fragment,256,1108.4413000498898,38400000,0.9,135000,0,sha256:18bd7fb3b6d02ff88c53bf4a74124c631590d7e276f031a9034dc7f9cb857902,1,sha256:39767086cd8e84de4fa80dc53213b8349672b25f0f21c29fd068ca9cb88e69fb,150000,20260717T134222171980Z,1444,mask_fragment-n150000-w256-m0900-s1444
mask_fragment,86a3c5594a7b0bd7b33efe4c4ffaf5dc0aa17226,early_mask_fragment,256,2104.5384000171907,38400000,0.9,135000,1,sha256:1a43e0ddf8cc02438cc76d27ba1cce86da34109d2e43dcc8ed7c9d581b95b39d,1,sha256:39767086cd8e84de4fa80dc53213b8349672b25f0f21c29fd068ca9cb88e69fb,150000,20260717T134222171980Z,1444,mask_fragment-n150000-w256-m0900-s1444
mask_fragment,86a3c5594a7b0bd7b33efe4c4ffaf5dc0aa17226,early_mask_fragment,256,933.2759999670088,38400000,0.9,135000,0,sha256:1a43e0ddf8cc02438cc76d27ba1cce86da34109d2e43dcc8ed7c9d581b95b39d,2,sha256:39767086cd8e84de4fa80dc53213b8349672b25f0f21c29fd068ca9cb88e69fb,150000,20260717T134222171980Z,1444,mask_fragment-n150000-w256-m0900-s1444
mask_fragment,86a3c5594a7b0bd7b33efe4c4ffaf5dc0aa17226,late_mask_fragment,256,740.3549000155181,38400000,0.9,135000,1,sha256:18bd7fb3b6d02ff88c53bf4a74124c631590d7e276f031a9034dc7f9cb857902,2,sha256:39767086cd8e84de4fa80dc53213b8349672b25f0f21c29fd068ca9cb88e69fb,150000,20260717T134222171980Z,1444,mask_fragment-n150000-w256-m0900-s1444
mask_fragment,86a3c5594a7b0bd7b33efe4c4ffaf5dc0aa17226,late_mask_fragment,256,878.7403000169434,38400000,0.9,135000,0,sha256:18bd7fb3b6d02ff88c53bf4a74124c631590d7e276f031a9034dc7f9cb857902,3,sha256:39767086cd8e84de4fa80dc53213b8349672b25f0f21c29fd068ca9cb88e69fb,150000,20260717T134222171980Z,1444,mask_fragment-n150000-w256-m0900-s1444
mask_fragment,86a3c5594a7b0bd7b33efe4c4ffaf5dc0aa17226,early_mask_fragment,256,926.7301000072621,38400000,0.9,135000,1,sha256:1a43e0ddf8cc02438cc76d27ba1cce86da34109d2e43dcc8ed7c9d581b95b39d,3,sha256:39767086cd8e84de4fa80dc53213b8349672b25f0f21c29fd068ca9cb88e69fb,150000,20260717T134222171980Z,1444,mask_fragment-n150000-w256-m0900-s1444
mask_fragment,86a3c5594a7b0bd7b33efe4c4ffaf5dc0aa17226,early_mask_fragment,256,1009.4814000185579,38400000,0.9,135000,0,sha256:1a43e0ddf8cc02438cc76d27ba1cce86da34109d2e43dcc8ed7c9d581b95b39d,4,sha256:39767086cd8e84de4fa80dc53213b8349672b25f0f21c29fd068ca9cb88e69fb,150000,20260717T134222171980Z,1444,mask_fragment-n150000-w256-m0900-s1444
mask_fragment,86a3c5594a7b0bd7b33efe4c4ffaf5dc0aa17226,late_mask_fragment,256,936.3196000340395,38400000,0.9,135000,1,sha256:18bd7fb3b6d02ff88c53bf4a74124c631590d7e276f031a9034dc7f9cb857902,4,sha256:39767086cd8e84de4fa80dc53213b8349672b25f0f21c29fd068ca9cb88e69fb,150000,20260717T134222171980Z,1444,mask_fragment-n150000-w256-m0900-s1444
mask_fragment,86a3c5594a7b0bd7b33efe4c4ffaf5dc0aa17226,late_mask_fragment,256,997.1813999582082,38400000,0.9,135000,0,sha256:18bd7fb3b6d02ff88c53bf4a74124c631590d7e276f031a9034dc7f9cb857902,5,sha256:39767086cd8e84de4fa80dc53213b8349672b25f0f21c29fd068ca9cb88e69fb,150000,20260717T134222171980Z,1444,mask_fragment-n150000-w256-m0900-s1444
mask_fragment,86a3c5594a7b0bd7b33efe4c4ffaf5dc0aa17226,early_mask_fragment,256,986.7198000429198,38400000,0.9,135000,1,sha256:1a43e0ddf8cc02438cc76d27ba1cce86da34109d2e43dcc8ed7c9d581b95b39d,5,sha256:39767086cd8e84de4fa80dc53213b8349672b25f0f21c29fd068ca9cb88e69fb,150000,20260717T134222171980Z,1444,mask_fragment-n150000-w256-m0900-s1444
mask_fragment,86a3c5594a7b0bd7b33efe4c4ffaf5dc0aa17226,early_mask_fragment,256,828.9528000168502,38400000,0.9,135000,0,sha256:1a43e0ddf8cc02438cc76d27ba1cce86da34109d2e43dcc8ed7c9d581b95b39d,6,sha256:39767086cd8e84de4fa80dc53213b8349672b25f0f21c29fd068ca9cb88e69fb,150000,20260717T134222171980Z,1444,mask_fragment-n150000-w256-m0900-s1444
mask_fragment,86a3c5594a7b0bd7b33efe4c4ffaf5dc0aa17226,late_mask_fragment,256,845.5138999852352,38400000,0.9,135000,1,sha256:18bd7fb3b6d02ff88c53bf4a74124c631590d7e276f031a9034dc7f9cb857902,6,sha256:39767086cd8e84de4fa80dc53213b8349672b25f0f21c29fd068ca9cb88e69fb,150000,20260717T134222171980Z,1444,mask_fragment-n150000-w256-m0900-s1444
mask_fragment,86a3c5594a7b0bd7b33efe4c4ffaf5dc0aa17226,late_mask_fragment,256,857.1207000059076,38400000,0.9,135000,0,sha256:18bd7fb3b6d02ff88c53bf4a74124c631590d7e276f031a9034dc7f9cb857902,7,sha256:39767086cd8e84de4fa80dc53213b8349672b25f0f21c29fd068ca9cb88e69fb,150000,20260717T134222171980Z,1444,mask_fragment-n150000-w256-m0900-s1444
mask_fragment,86a3c5594a7b0bd7b33efe4c4ffaf5dc0aa17226,early_mask_fragment,256,766.1248999647796,38400000,0.9,135000,1,sha256:1a43e0ddf8cc02438cc76d27ba1cce86da34109d2e43dcc8ed7c9d581b95b39d,7,sha256:39767086cd8e84de4fa80dc53213b8349672b25f0f21c29fd068ca9cb88e69fb,150000,20260717T134222171980Z,1444,mask_fragment-n150000-w256-m0900-s1444
mask_fragment,86a3c5594a7b0bd7b33efe4c4ffaf5dc0aa17226,early_mask_fragment,256,645.0347999925725,38400000,0.9,135000,0,sha256:1a43e0ddf8cc02438cc76d27ba1cce86da34109d2e43dcc8ed7c9d581b95b39d,8,sha256:39767086cd8e84de4fa80dc53213b8349672b25f0f21c29fd068ca9cb88e69fb,150000,20260717T134222171980Z,1444,mask_fragment-n150000-w256-m0900-s1444
mask_fragment,86a3c5594a7b0bd7b33efe4c4ffaf5dc0aa17226,late_mask_fragment,256,780.3109000087716,38400000,0.9,135000,1,sha256:18bd7fb3b6d02ff88c53bf4a74124c631590d7e276f031a9034dc7f9cb857902,8,sha256:39767086cd8e84de4fa80dc53213b8349672b25f0f21c29fd068ca9cb88e69fb,150000,20260717T134222171980Z,1444,mask_fragment-n150000-w256-m0900-s1444
mask_fragment,86a3c5594a7b0bd7b33efe4c4ffaf5dc0aa17226,late_mask_fragment,256,703.0062999692746,38400000,0.9,135000,0,sha256:18bd7fb3b6d02ff88c53bf4a74124c631590d7e276f031a9034dc7f9cb857902,9,sha256:39767086cd8e84de4fa80dc53213b8349672b25f0f21c29fd068ca9cb88e69fb,150000,20260717T134222171980Z,1444,mask_fragment-n150000-w256-m0900-s1444
mask_fragment,86a3c5594a7b0bd7b33efe4c4ffaf5dc0aa17226,early_mask_fragment,256,693.0473999818787,38400000,0.9,135000,1,sha256:1a43e0ddf8cc02438cc76d27ba1cce86da34109d2e43dcc8ed7c9d581b95b39d,9,sha256:39767086cd8e84de4fa80dc53213b8349672b25f0f21c29fd068ca9cb88e69fb,150000,20260717T134222171980Z,1444,mask_fragment-n150000-w256-m0900-s1444
mask_fragment,86a3c5594a7b0bd7b33efe4c4ffaf5dc0aa17226,early_mask_fragment,256,689.3560999887995,38400000,0.9,135000,0,sha256:1a43e0ddf8cc02438cc76d27ba1cce86da34109d2e43dcc8ed7c9d581b95b39d,10,sha256:39767086cd8e84de4fa80dc53213b8349672b25f0f21c29fd068ca9cb88e69fb,150000,20260717T134222171980Z,1444,mask_fragment-n150000-w256-m0900-s1444
mask_fragment,86a3c5594a7b0bd7b33efe4c4ffaf5dc0aa17226,late_mask_fragment,256,727.4323999881744,38400000,0.9,135000,1,sha256:18bd7fb3b6d02ff88c53bf4a74124c631590d7e276f031a9034dc7f9cb857902,10,sha256:39767086cd8e84de4fa80dc53213b8349672b25f0f21c29fd068ca9cb88e69fb,150000,20260717T134222171980Z,1444,mask_fragment-n150000-w256-m0900-s1444
mask_fragment,86a3c5594a7b0bd7b33efe4c4ffaf5dc0aa17226,late_mask_fragment,256,691.9517999631353,38400000,0.9,135000,0,sha256:18bd7fb3b6d02ff88c53bf4a74124c631590d7e276f031a9034dc7f9cb857902,11,sha256:39767086cd8e84de4fa80dc53213b8349672b25f0f21c29fd068ca9cb88e69fb,150000,20260717T134222171980Z,1444,mask_fragment-n150000-w256-m0900-s1444
mask_fragment,86a3c5594a7b0bd7b33efe4c4ffaf5dc0aa17226,early_mask_fragment,256,743.5153999831527,38400000,0.9,135000,1,sha256:1a43e0ddf8cc02438cc76d27ba1cce86da34109d2e43dcc8ed7c9d581b95b39d,11,sha256:39767086cd8e84de4fa80dc53213b8349672b25f0f21c29fd068ca9cb88e69fb,150000,20260717T134222171980Z,1444,mask_fragment-n150000-w256-m0900-s1444
mask_fragment,86a3c5594a7b0bd7b33efe4c4ffaf5dc0aa17226,early_mask_fragment,256,679.8908000346273,38400000,0.9,135000,0,sha256:1a43e0ddf8cc02438cc76d27ba1cce86da34109d2e43dcc8ed7c9d581b95b39d,12,sha256:39767086cd8e84de4fa80dc53213b8349672b25f0f21c29fd068ca9cb88e69fb,150000,20260717T134222171980Z,1444,mask_fragment-n150000-w256-m0900-s1444
mask_fragment,86a3c5594a7b0bd7b33efe4c4ffaf5dc0aa17226,late_mask_fragment,256,741.9367000111379,38400000,0.9,135000,1,sha256:18bd7fb3b6d02ff88c53bf4a74124c631590d7e276f031a9034dc7f9cb857902,12,sha256:39767086cd8e84de4fa80dc53213b8349672b25f0f21c29fd068ca9cb88e69fb,150000,20260717T134222171980Z,1444,mask_fragment-n150000-w256-m0900-s1444
mask_fragment,86a3c5594a7b0bd7b33efe4c4ffaf5dc0aa17226,late_mask_fragment,256,840.0873999926262,38400000,0.9,135000,0,sha256:18bd7fb3b6d02ff88c53bf4a74124c631590d7e276f031a9034dc7f9cb857902,13,sha256:39767086cd8e84de4fa80dc53213b8349672b25f0f21c29fd068ca9cb88e69fb,150000,20260717T134222171980Z,1444,mask_fragment-n150000-w256-m0900-s1444
mask_fragment,86a3c5594a7b0bd7b33efe4c4ffaf5dc0aa17226,early_mask_fragment,256,797.2371999640018,38400000,0.9,135000,1,sha256:1a43e0ddf8cc02438cc76d27ba1cce86da34109d2e43dcc8ed7c9d581b95b39d,13,sha256:39767086cd8e84de4fa80dc53213b8349672b25f0f21c29fd068ca9cb88e69fb,150000,20260717T134222171980Z,1444,mask_fragment-n150000-w256-m0900-s1444
mask_fragment,86a3c5594a7b0bd7b33efe4c4ffaf5dc0aa17226,early_mask_fragment,256,807.4703000020236,38400000,0.9,135000,0,sha256:1a43e0ddf8cc02438cc76d27ba1cce86da34109d2e43dcc8ed7c9d581b95b39d,14,sha256:39767086cd8e84de4fa80dc53213b8349672b25f0f21c29fd068ca9cb88e69fb,150000,20260717T134222171980Z,1444,mask_fragment-n150000-w256-m0900-s1444
mask_fragment,86a3c5594a7b0bd7b33efe4c4ffaf5dc0aa17226,late_mask_fragment,256,752.7122999890707,38400000,0.9,135000,1,sha256:18bd7fb3b6d02ff88c53bf4a74124c631590d7e276f031a9034dc7f9cb857902,14,sha256:39767086cd8e84de4fa80dc53213b8349672b25f0f21c29fd068ca9cb88e69fb,150000,20260717T134222171980Z,1444,mask_fragment-n150000-w256-m0900-s1444
mask_fragment,86a3c5594a7b0bd7b33efe4c4ffaf5dc0aa17226,early_mask_fragment,256,728.8480999995954,38400000,0.9,135000,0,sha256:1a43e0ddf8cc02438cc76d27ba1cce86da34109d2e43dcc8ed7c9d581b95b39d,0,sha256:6ffb63801f567ef7fb89ae92858b84a35b2d18bb015f80395de63128fa2916eb,150000,20260717T134222171980Z,1555,mask_fragment-n150000-w256-m0900-s1555
mask_fragment,86a3c5594a7b0bd7b33efe4c4ffaf5dc0aa17226,late_mask_fragment,256,687.0536000351422,38400000,0.9,135000,1,sha256:18bd7fb3b6d02ff88c53bf4a74124c631590d7e276f031a9034dc7f9cb857902,0,sha256:6ffb63801f567ef7fb89ae92858b84a35b2d18bb015f80395de63128fa2916eb,150000,20260717T134222171980Z,1555,mask_fragment-n150000-w256-m0900-s1555
mask_fragment,86a3c5594a7b0bd7b33efe4c4ffaf5dc0aa17226,late_mask_fragment,256,719.3562999600545,38400000,0.9,135000,0,sha256:18bd7fb3b6d02ff88c53bf4a74124c631590d7e276f031a9034dc7f9cb857902,1,sha256:6ffb63801f567ef7fb89ae92858b84a35b2d18bb015f80395de63128fa2916eb,150000,20260717T134222171980Z,1555,mask_fragment-n150000-w256-m0900-s1555
mask_fragment,86a3c5594a7b0bd7b33efe4c4ffaf5dc0aa17226,early_mask_fragment,256,774.2127999663353,38400000,0.9,135000,1,sha256:1a43e0ddf8cc02438cc76d27ba1cce86da34109d2e43dcc8ed7c9d581b95b39d,1,sha256:6ffb63801f567ef7fb89ae92858b84a35b2d18bb015f80395de63128fa2916eb,150000,20260717T134222171980Z,1555,mask_fragment-n150000-w256-m0900-s1555
mask_fragment,86a3c5594a7b0bd7b33efe4c4ffaf5dc0aa17226,early_mask_fragment,256,909.1328000067733,38400000,0.9,135000,0,sha256:1a43e0ddf8cc02438cc76d27ba1cce86da34109d2e43dcc8ed7c9d581b95b39d,2,sha256:6ffb63801f567ef7fb89ae92858b84a35b2d18bb015f80395de63128fa2916eb,150000,20260717T134222171980Z,1555,mask_fragment-n150000-w256-m0900-s1555
mask_fragment,86a3c5594a7b0bd7b33efe4c4ffaf5dc0aa17226,late_mask_fragment,256,1028.9860000484623,38400000,0.9,135000,1,sha256:18bd7fb3b6d02ff88c53bf4a74124c631590d7e276f031a9034dc7f9cb857902,2,sha256:6ffb63801f567ef7fb89ae92858b84a35b2d18bb015f80395de63128fa2916eb,150000,20260717T134222171980Z,1555,mask_fragment-n150000-w256-m0900-s1555
mask_fragment,86a3c5594a7b0bd7b33efe4c4ffaf5dc0aa17226,late_mask_fragment,256,975.2054000273347,38400000,0.9,135000,0,sha256:18bd7fb3b6d02ff88c53bf4a74124c631590d7e276f031a9034dc7f9cb857902,3,sha256:6ffb63801f567ef7fb89ae92858b84a35b2d18bb015f80395de63128fa2916eb,150000,20260717T134222171980Z,1555,mask_fragment-n150000-w256-m0900-s1555
mask_fragment,86a3c5594a7b0bd7b33efe4c4ffaf5dc0aa17226,early_mask_fragment,256,926.4243000070564,38400000,0.9,135000,1,sha256:1a43e0ddf8cc02438cc76d27ba1cce86da34109d2e43dcc8ed7c9d581b95b39d,3,sha256:6ffb63801f567ef7fb89ae92858b84a35b2d18bb015f80395de63128fa2916eb,150000,20260717T134222171980Z,1555,mask_fragment-n150000-w256-m0900-s1555
mask_fragment,86a3c5594a7b0bd7b33efe4c4ffaf5dc0aa17226,early_mask_fragment,256,896.2684000143781,38400000,0.9,135000,0,sha256:1a43e0ddf8cc02438cc76d27ba1cce86da34109d2e43dcc8ed7c9d581b95b39d,4,sha256:6ffb63801f567ef7fb89ae92858b84a35b2d18bb015f80395de63128fa2916eb,150000,20260717T134222171980Z,1555,mask_fragment-n150000-w256-m0900-s1555
mask_fragment,86a3c5594a7b0bd7b33efe4c4ffaf5dc0aa17226,late_mask_fragment,256,861.9248999748379,38400000,0.9,135000,1,sha256:18bd7fb3b6d02ff88c53bf4a74124c631590d7e276f031a9034dc7f9cb857902,4,sha256:6ffb63801f567ef7fb89ae92858b84a35b2d18bb015f80395de63128fa2916eb,150000,20260717T134222171980Z,1555,mask_fragment-n150000-w256-m0900-s1555
mask_fragment,86a3c5594a7b0bd7b33efe4c4ffaf5dc0aa17226,late_mask_fragment,256,749.5111000025645,38400000,0.9,135000,0,sha256:18bd7fb3b6d02ff88c53bf4a74124c631590d7e276f031a9034dc7f9cb857902,5,sha256:6ffb63801f567ef7fb89ae92858b84a35b2d18bb015f80395de63128fa2916eb,150000,20260717T134222171980Z,1555,mask_fragment-n150000-w256-m0900-s1555
mask_fragment,86a3c5594a7b0bd7b33efe4c4ffaf5dc0aa17226,early_mask_fragment,256,770.6085999961942,38400000,0.9,135000,1,sha256:1a43e0ddf8cc02438cc76d27ba1cce86da34109d2e43dcc8ed7c9d581b95b39d,5,sha256:6ffb63801f567ef7fb89ae92858b84a35b2d18bb015f80395de63128fa2916eb,150000,20260717T134222171980Z,1555,mask_fragment-n150000-w256-m0900-s1555
mask_fragment,86a3c5594a7b0bd7b33efe4c4ffaf5dc0aa17226,early_mask_fragment,256,791.6230999981053,38400000,0.9,135000,0,sha256:1a43e0ddf8cc02438cc76d27ba1cce86da34109d2e43dcc8ed7c9d581b95b39d,6,sha256:6ffb63801f567ef7fb89ae92858b84a35b2d18bb015f80395de63128fa2916eb,150000,20260717T134222171980Z,1555,mask_fragment-n150000-w256-m0900-s1555
mask_fragment,86a3c5594a7b0bd7b33efe4c4ffaf5dc0aa17226,late_mask_fragment,256,810.6603000196628,38400000,0.9,135000,1,sha256:18bd7fb3b6d02ff88c53bf4a74124c631590d7e276f031a9034dc7f9cb857902,6,sha256:6ffb63801f567ef7fb89ae92858b84a35b2d18bb015f80395de63128fa2916eb,150000,20260717T134222171980Z,1555,mask_fragment-n150000-w256-m0900-s1555
mask_fragment,86a3c5594a7b0bd7b33efe4c4ffaf5dc0aa17226,late_mask_fragment,256,789.434100035578,38400000,0.9,135000,0,sha256:18bd7fb3b6d02ff88c53bf4a74124c631590d7e276f031a9034dc7f9cb857902,7,sha256:6ffb63801f567ef7fb89ae92858b84a35b2d18bb015f80395de63128fa2916eb,150000,20260717T134222171980Z,1555,mask_fragment-n150000-w256-m0900-s1555
mask_fragment,86a3c5594a7b0bd7b33efe4c4ffaf5dc0aa17226,early_mask_fragment,256,794.3567000329494,38400000,0.9,135000,1,sha256:1a43e0ddf8cc02438cc76d27ba1cce86da34109d2e43dcc8ed7c9d581b95b39d,7,sha256:6ffb63801f567ef7fb89ae92858b84a35b2d18bb015f80395de63128fa2916eb,150000,20260717T134222171980Z,1555,mask_fragment-n150000-w256-m0900-s1555
mask_fragment,86a3c5594a7b0bd7b33efe4c4ffaf5dc0aa17226,early_mask_fragment,256,783.0206999788061,38400000,0.9,135000,0,sha256:1a43e0ddf8cc02438cc76d27ba1cce86da34109d2e43dcc8ed7c9d581b95b39d,8,sha256:6ffb63801f567ef7fb89ae92858b84a35b2d18bb015f80395de63128fa2916eb,150000,20260717T134222171980Z,1555,mask_fragment-n150000-w256-m0900-s1555
mask_fragment,86a3c5594a7b0bd7b33efe4c4ffaf5dc0aa17226,late_mask_fragment,256,808.5768999881111,38400000,0.9,135000,1,sha256:18bd7fb3b6d02ff88c53bf4a74124c631590d7e276f031a9034dc7f9cb857902,8,sha256:6ffb63801f567ef7fb89ae92858b84a35b2d18bb015f80395de63128fa2916eb,150000,20260717T134222171980Z,1555,mask_fragment-n150000-w256-m0900-s1555
mask_fragment,86a3c5594a7b0bd7b33efe4c4ffaf5dc0aa17226,late_mask_fragment,256,764.4565000082366,38400000,0.9,135000,0,sha256:18bd7fb3b6d02ff88c53bf4a74124c631590d7e276f031a9034dc7f9cb857902,9,sha256:6ffb63801f567ef7fb89ae92858b84a35b2d18bb015f80395de63128fa2916eb,150000,20260717T134222171980Z,1555,mask_fragment-n150000-w256-m0900-s1555
mask_fragment,86a3c5594a7b0bd7b33efe4c4ffaf5dc0aa17226,early_mask_fragment,256,788.6090999818407,38400000,0.9,135000,1,sha256:1a43e0ddf8cc02438cc76d27ba1cce86da34109d2e43dcc8ed7c9d581b95b39d,9,sha256:6ffb63801f567ef7fb89ae92858b84a35b2d18bb015f80395de63128fa2916eb,150000,20260717T134222171980Z,1555,mask_fragment-n150000-w256-m0900-s1555
mask_fragment,86a3c5594a7b0bd7b33efe4c4ffaf5dc0aa17226,early_mask_fragment,256,777.2123999893665,38400000,0.9,135000,0,sha256:1a43e0ddf8cc02438cc76d27ba1cce86da34109d2e43dcc8ed7c9d581b95b39d,10,sha256:6ffb63801f567ef7fb89ae92858b84a35b2d18bb015f80395de63128fa2916eb,150000,20260717T134222171980Z,1555,mask_fragment-n150000-w256-m0900-s1555
mask_fragment,86a3c5594a7b0bd7b33efe4c4ffaf5dc0aa17226,late_mask_fragment,256,716.6300000390038,38400000,0.9,135000,1,sha256:18bd7fb3b6d02ff88c53bf4a74124c631590d7e276f031a9034dc7f9cb857902,10,sha256:6ffb63801f567ef7fb89ae92858b84a35b2d18bb015f80395de63128fa2916eb,150000,20260717T134222171980Z,1555,mask_fragment-n150000-w256-m0900-s1555
mask_fragment,86a3c5594a7b0bd7b33efe4c4ffaf5dc0aa17226,late_mask_fragment,256,758.2794000045396,38400000,0.9,135000,0,sha256:18bd7fb3b6d02ff88c53bf4a74124c631590d7e276f031a9034dc7f9cb857902,11,sha256:6ffb63801f567ef7fb89ae92858b84a35b2d18bb015f80395de63128fa2916eb,150000,20260717T134222171980Z,1555,mask_fragment-n150000-w256-m0900-s1555
mask_fragment,86a3c5594a7b0bd7b33efe4c4ffaf5dc0aa17226,early_mask_fragment,256,681.7083000205457,38400000,0.9,135000,1,sha256:1a43e0ddf8cc02438cc76d27ba1cce86da34109d2e43dcc8ed7c9d581b95b39d,11,sha256:6ffb63801f567ef7fb89ae92858b84a35b2d18bb015f80395de63128fa2916eb,150000,20260717T134222171980Z,1555,mask_fragment-n150000-w256-m0900-s1555
mask_fragment,86a3c5594a7b0bd7b33efe4c4ffaf5dc0aa17226,early_mask_fragment,256,700.0094999675639,38400000,0.9,135000,0,sha256:1a43e0ddf8cc02438cc76d27ba1cce86da34109d2e43dcc8ed7c9d581b95b39d,12,sha256:6ffb63801f567ef7fb89ae92858b84a35b2d18bb015f80395de63128fa2916eb,150000,20260717T134222171980Z,1555,mask_fragment-n150000-w256-m0900-s1555
mask_fragment,86a3c5594a7b0bd7b33efe4c4ffaf5dc0aa17226,late_mask_fragment,256,701.2135999975726,38400000,0.9,135000,1,sha256:18bd7fb3b6d02ff88c53bf4a74124c631590d7e276f031a9034dc7f9cb857902,12,sha256:6ffb63801f567ef7fb89ae92858b84a35b2d18bb015f80395de63128fa2916eb,150000,20260717T134222171980Z,1555,mask_fragment-n150000-w256-m0900-s1555
mask_fragment,86a3c5594a7b0bd7b33efe4c4ffaf5dc0aa17226,late_mask_fragment,256,670.9803999983706,38400000,0.9,135000,0,sha256:18bd7fb3b6d02ff88c53bf4a74124c631590d7e276f031a9034dc7f9cb857902,13,sha256:6ffb63801f567ef7fb89ae92858b84a35b2d18bb015f80395de63128fa2916eb,150000,20260717T134222171980Z,1555,mask_fragment-n150000-w256-m0900-s1555
mask_fragment,86a3c5594a7b0bd7b33efe4c4ffaf5dc0aa17226,early_mask_fragment,256,728.7641000002623,38400000,0.9,135000,1,sha256:1a43e0ddf8cc02438cc76d27ba1cce86da34109d2e43dcc8ed7c9d581b95b39d,13,sha256:6ffb63801f567ef7fb89ae92858b84a35b2d18bb015f80395de63128fa2916eb,150000,20260717T134222171980Z,1555,mask_fragment-n150000-w256-m0900-s1555
mask_fragment,86a3c5594a7b0bd7b33efe4c4ffaf5dc0aa17226,early_mask_fragment,256,777.0894999848679,38400000,0.9,135000,0,sha256:1a43e0ddf8cc02438cc76d27ba1cce86da34109d2e43dcc8ed7c9d581b95b39d,14,sha256:6ffb63801f567ef7fb89ae92858b84a35b2d18bb015f80395de63128fa2916eb,150000,20260717T134222171980Z,1555,mask_fragment-n150000-w256-m0900-s1555
mask_fragment,86a3c5594a7b0bd7b33efe4c4ffaf5dc0aa17226,late_mask_fragment,256,800.602599978447,38400000,0.9,135000,1,sha256:18bd7fb3b6d02ff88c53bf4a74124c631590d7e276f031a9034dc7f9cb857902,14,sha256:6ffb63801f567ef7fb89ae92858b84a35b2d18bb015f80395de63128fa2916eb,150000,20260717T134222171980Z,1555,mask_fragment-n150000-w256-m0900-s1555
mask_fragment,86a3c5594a7b0bd7b33efe4c4ffaf5dc0aa17226,early_mask_fragment,256,849.143199971877,38400000,1.0,150000,0,sha256:1a43e0ddf8cc02438cc76d27ba1cce86da34109d2e43dcc8ed7c9d581b95b39d,0,sha256:9dc2f5699836364f3e1df451a2748e229ae9e8933462b81d450b8b6379046ea6,150000,20260717T134222171980Z,1111,mask_fragment-n150000-w256-m1000-s1111
mask_fragment,86a3c5594a7b0bd7b33efe4c4ffaf5dc0aa17226,late_mask_fragment,256,999.9475000076927,38400000,1.0,150000,1,sha256:92b825cb6ca6efd8c921ae328d9dcd567e5fc1cecda65d185180a168e33b45c9,0,sha256:9dc2f5699836364f3e1df451a2748e229ae9e8933462b81d450b8b6379046ea6,150000,20260717T134222171980Z,1111,mask_fragment-n150000-w256-m1000-s1111
mask_fragment,86a3c5594a7b0bd7b33efe4c4ffaf5dc0aa17226,late_mask_fragment,256,1006.9112000055611,38400000,1.0,150000,0,sha256:92b825cb6ca6efd8c921ae328d9dcd567e5fc1cecda65d185180a168e33b45c9,1,sha256:9dc2f5699836364f3e1df451a2748e229ae9e8933462b81d450b8b6379046ea6,150000,20260717T134222171980Z,1111,mask_fragment-n150000-w256-m1000-s1111
mask_fragment,86a3c5594a7b0bd7b33efe4c4ffaf5dc0aa17226,early_mask_fragment,256,1059.1710000298917,38400000,1.0,150000,1,sha256:1a43e0ddf8cc02438cc76d27ba1cce86da34109d2e43dcc8ed7c9d581b95b39d,1,sha256:9dc2f5699836364f3e1df451a2748e229ae9e8933462b81d450b8b6379046ea6,150000,20260717T134222171980Z,1111,mask_fragment-n150000-w256-m1000-s1111
mask_fragment,86a3c5594a7b0bd7b33efe4c4ffaf5dc0aa17226,early_mask_fragment,256,880.8687000419013,38400000,1.0,150000,0,sha256:1a43e0ddf8cc02438cc76d27ba1cce86da34109d2e43dcc8ed7c9d581b95b39d,2,sha256:9dc2f5699836364f3e1df451a2748e229ae9e8933462b81d450b8b6379046ea6,150000,20260717T134222171980Z,1111,mask_fragment-n150000-w256-m1000-s1111
mask_fragment,86a3c5594a7b0bd7b33efe4c4ffaf5dc0aa17226,late_mask_fragment,256,933.8603999931365,38400000,1.0,150000,1,sha256:92b825cb6ca6efd8c921ae328d9dcd567e5fc1cecda65d185180a168e33b45c9,2,sha256:9dc2f5699836364f3e1df451a2748e229ae9e8933462b81d450b8b6379046ea6,150000,20260717T134222171980Z,1111,mask_fragment-n150000-w256-m1000-s1111
mask_fragment,86a3c5594a7b0bd7b33efe4c4ffaf5dc0aa17226,late_mask_fragment,256,755.2027000347152,38400000,1.0,150000,0,sha256:92b825cb6ca6efd8c921ae328d9dcd567e5fc1cecda65d185180a168e33b45c9,3,sha256:9dc2f5699836364f3e1df451a2748e229ae9e8933462b81d450b8b6379046ea6,150000,20260717T134222171980Z,1111,mask_fragment-n150000-w256-m1000-s1111
mask_fragment,86a3c5594a7b0bd7b33efe4c4ffaf5dc0aa17226,early_mask_fragment,256,689.3804999999702,38400000,1.0,150000,1,sha256:1a43e0ddf8cc02438cc76d27ba1cce86da34109d2e43dcc8ed7c9d581b95b39d,3,sha256:9dc2f5699836364f3e1df451a2748e229ae9e8933462b81d450b8b6379046ea6,150000,20260717T134222171980Z,1111,mask_fragment-n150000-w256-m1000-s1111
mask_fragment,86a3c5594a7b0bd7b33efe4c4ffaf5dc0aa17226,early_mask_fragment,256,740.8361000125296,38400000,1.0,150000,0,sha256:1a43e0ddf8cc02438cc76d27ba1cce86da34109d2e43dcc8ed7c9d581b95b39d,4,sha256:9dc2f5699836364f3e1df451a2748e229ae9e8933462b81d450b8b6379046ea6,150000,20260717T134222171980Z,1111,mask_fragment-n150000-w256-m1000-s1111
mask_fragment,86a3c5594a7b0bd7b33efe4c4ffaf5dc0aa17226,late_mask_fragment,256,822.3237000056542,38400000,1.0,150000,1,sha256:92b825cb6ca6efd8c921ae328d9dcd567e5fc1cecda65d185180a168e33b45c9,4,sha256:9dc2f5699836364f3e1df451a2748e229ae9e8933462b81d450b8b6379046ea6,150000,20260717T134222171980Z,1111,mask_fragment-n150000-w256-m1000-s1111
mask_fragment,86a3c5594a7b0bd7b33efe4c4ffaf5dc0aa17226,late_mask_fragment,256,742.6901000435464,38400000,1.0,150000,0,sha256:92b825cb6ca6efd8c921ae328d9dcd567e5fc1cecda65d185180a168e33b45c9,5,sha256:9dc2f5699836364f3e1df451a2748e229ae9e8933462b81d450b8b6379046ea6,150000,20260717T134222171980Z,1111,mask_fragment-n150000-w256-m1000-s1111
mask_fragment,86a3c5594a7b0bd7b33efe4c4ffaf5dc0aa17226,early_mask_fragment,256,750.3376000095159,38400000,1.0,150000,1,sha256:1a43e0ddf8cc02438cc76d27ba1cce86da34109d2e43dcc8ed7c9d581b95b39d,5,sha256:9dc2f5699836364f3e1df451a2748e229ae9e8933462b81d450b8b6379046ea6,150000,20260717T134222171980Z,1111,mask_fragment-n150000-w256-m1000-s1111
mask_fragment,86a3c5594a7b0bd7b33efe4c4ffaf5dc0aa17226,early_mask_fragment,256,729.9892000155523,38400000,1.0,150000,0,sha256:1a43e0ddf8cc02438cc76d27ba1cce86da34109d2e43dcc8ed7c9d581b95b39d,6,sha256:9dc2f5699836364f3e1df451a2748e229ae9e8933462b81d450b8b6379046ea6,150000,20260717T134222171980Z,1111,mask_fragment-n150000-w256-m1000-s1111
mask_fragment,86a3c5594a7b0bd7b33efe4c4ffaf5dc0aa17226,late_mask_fragment,256,720.3348000184633,38400000,1.0,150000,1,sha256:92b825cb6ca6efd8c921ae328d9dcd567e5fc1cecda65d185180a168e33b45c9,6,sha256:9dc2f5699836364f3e1df451a2748e229ae9e8933462b81d450b8b6379046ea6,150000,20260717T134222171980Z,1111,mask_fragment-n150000-w256-m1000-s1111
mask_fragment,86a3c5594a7b0bd7b33efe4c4ffaf5dc0aa17226,late_mask_fragment,256,734.1327000176534,38400000,1.0,150000,0,sha256:92b825cb6ca6efd8c921ae328d9dcd567e5fc1cecda65d185180a168e33b45c9,7,sha256:9dc2f5699836364f3e1df451a2748e229ae9e8933462b81d450b8b6379046ea6,150000,20260717T134222171980Z,1111,mask_fragment-n150000-w256-m1000-s1111
mask_fragment,86a3c5594a7b0bd7b33efe4c4ffaf5dc0aa17226,early_mask_fragment,256,762.4858999624848,38400000,1.0,150000,1,sha256:1a43e0ddf8cc02438cc76d27ba1cce86da34109d2e43dcc8ed7c9d581b95b39d,7,sha256:9dc2f5699836364f3e1df451a2748e229ae9e8933462b81d450b8b6379046ea6,150000,20260717T134222171980Z,1111,mask_fragment-n150000-w256-m1000-s1111
mask_fragment,86a3c5594a7b0bd7b33efe4c4ffaf5dc0aa17226,early_mask_fragment,256,700.4190000006929,38400000,1.0,150000,0,sha256:1a43e0ddf8cc02438cc76d27ba1cce86da34109d2e43dcc8ed7c9d581b95b39d,8,sha256:9dc2f5699836364f3e1df451a2748e229ae9e8933462b81d450b8b6379046ea6,150000,20260717T134222171980Z,1111,mask_fragment-n150000-w256-m1000-s1111
mask_fragment,86a3c5594a7b0bd7b33efe4c4ffaf5dc0aa17226,late_mask_fragment,256,737.2940999921411,38400000,1.0,150000,1,sha256:92b825cb6ca6efd8c921ae328d9dcd567e5fc1cecda65d185180a168e33b45c9,8,sha256:9dc2f5699836364f3e1df451a2748e229ae9e8933462b81d450b8b6379046ea6,150000,20260717T134222171980Z,1111,mask_fragment-n150000-w256-m1000-s1111
mask_fragment,86a3c5594a7b0bd7b33efe4c4ffaf5dc0aa17226,late_mask_fragment,256,709.4193999655545,38400000,1.0,150000,0,sha256:92b825cb6ca6efd8c921ae328d9dcd567e5fc1cecda65d185180a168e33b45c9,9,sha256:9dc2f5699836364f3e1df451a2748e229ae9e8933462b81d450b8b6379046ea6,150000,20260717T134222171980Z,1111,mask_fragment-n150000-w256-m1000-s1111
mask_fragment,86a3c5594a7b0bd7b33efe4c4ffaf5dc0aa17226,early_mask_fragment,256,804.5942999888211,38400000,1.0,150000,1,sha256:1a43e0ddf8cc02438cc76d27ba1cce86da34109d2e43dcc8ed7c9d581b95b39d,9,sha256:9dc2f5699836364f3e1df451a2748e229ae9e8933462b81d450b8b6379046ea6,150000,20260717T134222171980Z,1111,mask_fragment-n150000-w256-m1000-s1111
mask_fragment,86a3c5594a7b0bd7b33efe4c4ffaf5dc0aa17226,early_mask_fragment,256,804.5938999857754,38400000,1.0,150000,0,sha256:1a43e0ddf8cc02438cc76d27ba1cce86da34109d2e43dcc8ed7c9d581b95b39d,10,sha256:9dc2f5699836364f3e1df451a2748e229ae9e8933462b81d450b8b6379046ea6,150000,20260717T134222171980Z,1111,mask_fragment-n150000-w256-m1000-s1111
mask_fragment,86a3c5594a7b0bd7b33efe4c4ffaf5dc0aa17226,late_mask_fragment,256,841.4627999882214,38400000,1.0,150000,1,sha256:92b825cb6ca6efd8c921ae328d9dcd567e5fc1cecda65d185180a168e33b45c9,10,sha256:9dc2f5699836364f3e1df451a2748e229ae9e8933462b81d450b8b6379046ea6,150000,20260717T134222171980Z,1111,mask_fragment-n150000-w256-m1000-s1111
mask_fragment,86a3c5594a7b0bd7b33efe4c4ffaf5dc0aa17226,late_mask_fragment,256,769.3100000033155,38400000,1.0,150000,0,sha256:92b825cb6ca6efd8c921ae328d9dcd567e5fc1cecda65d185180a168e33b45c9,11,sha256:9dc2f5699836364f3e1df451a2748e229ae9e8933462b81d450b8b6379046ea6,150000,20260717T134222171980Z,1111,mask_fragment-n150000-w256-m1000-s1111
mask_fragment,86a3c5594a7b0bd7b33efe4c4ffaf5dc0aa17226,early_mask_fragment,256,761.2062999978662,38400000,1.0,150000,1,sha256:1a43e0ddf8cc02438cc76d27ba1cce86da34109d2e43dcc8ed7c9d581b95b39d,11,sha256:9dc2f5699836364f3e1df451a2748e229ae9e8933462b81d450b8b6379046ea6,150000,20260717T134222171980Z,1111,mask_fragment-n150000-w256-m1000-s1111
mask_fragment,86a3c5594a7b0bd7b33efe4c4ffaf5dc0aa17226,early_mask_fragment,256,700.2426999970339,38400000,1.0,150000,0,sha256:1a43e0ddf8cc02438cc76d27ba1cce86da34109d2e43dcc8ed7c9d581b95b39d,12,sha256:9dc2f5699836364f3e1df451a2748e229ae9e8933462b81d450b8b6379046ea6,150000,20260717T134222171980Z,1111,mask_fragment-n150000-w256-m1000-s1111
mask_fragment,86a3c5594a7b0bd7b33efe4c4ffaf5dc0aa17226,late_mask_fragment,256,686.8631999823265,38400000,1.0,150000,1,sha256:92b825cb6ca6efd8c921ae328d9dcd567e5fc1cecda65d185180a168e33b45c9,12,sha256:9dc2f5699836364f3e1df451a2748e229ae9e8933462b81d450b8b6379046ea6,150000,20260717T134222171980Z,1111,mask_fragment-n150000-w256-m1000-s1111
mask_fragment,86a3c5594a7b0bd7b33efe4c4ffaf5dc0aa17226,late_mask_fragment,256,720.4008999979123,38400000,1.0,150000,0,sha256:92b825cb6ca6efd8c921ae328d9dcd567e5fc1cecda65d185180a168e33b45c9,13,sha256:9dc2f5699836364f3e1df451a2748e229ae9e8933462b81d450b8b6379046ea6,150000,20260717T134222171980Z,1111,mask_fragment-n150000-w256-m1000-s1111
mask_fragment,86a3c5594a7b0bd7b33efe4c4ffaf5dc0aa17226,early_mask_fragment,256,676.4078999985941,38400000,1.0,150000,1,sha256:1a43e0ddf8cc02438cc76d27ba1cce86da34109d2e43dcc8ed7c9d581b95b39d,13,sha256:9dc2f5699836364f3e1df451a2748e229ae9e8933462b81d450b8b6379046ea6,150000,20260717T134222171980Z,1111,mask_fragment-n150000-w256-m1000-s1111
mask_fragment,86a3c5594a7b0bd7b33efe4c4ffaf5dc0aa17226,early_mask_fragment,256,938.4912999812514,38400000,1.0,150000,0,sha256:1a43e0ddf8cc02438cc76d27ba1cce86da34109d2e43dcc8ed7c9d581b95b39d,14,sha256:9dc2f5699836364f3e1df451a2748e229ae9e8933462b81d450b8b6379046ea6,150000,20260717T134222171980Z,1111,mask_fragment-n150000-w256-m1000-s1111
mask_fragment,86a3c5594a7b0bd7b33efe4c4ffaf5dc0aa17226,late_mask_fragment,256,1240.5587999965064,38400000,1.0,150000,1,sha256:92b825cb6ca6efd8c921ae328d9dcd567e5fc1cecda65d185180a168e33b45c9,14,sha256:9dc2f5699836364f3e1df451a2748e229ae9e8933462b81d450b8b6379046ea6,150000,20260717T134222171980Z,1111,mask_fragment-n150000-w256-m1000-s1111
mask_fragment,86a3c5594a7b0bd7b33efe4c4ffaf5dc0aa17226,late_mask_fragment,256,948.0399999883957,38400000,1.0,150000,0,sha256:92b825cb6ca6efd8c921ae328d9dcd567e5fc1cecda65d185180a168e33b45c9,0,sha256:436758ace24156deb89da61acb0b72c1a1b980a0b6f3d416b30063761c74a72c,150000,20260717T134222171980Z,1222,mask_fragment-n150000-w256-m1000-s1222
mask_fragment,86a3c5594a7b0bd7b33efe4c4ffaf5dc0aa17226,early_mask_fragment,256,887.2856000089087,38400000,1.0,150000,1,sha256:1a43e0ddf8cc02438cc76d27ba1cce86da34109d2e43dcc8ed7c9d581b95b39d,0,sha256:436758ace24156deb89da61acb0b72c1a1b980a0b6f3d416b30063761c74a72c,150000,20260717T134222171980Z,1222,mask_fragment-n150000-w256-m1000-s1222
mask_fragment,86a3c5594a7b0bd7b33efe4c4ffaf5dc0aa17226,early_mask_fragment,256,988.3247999823652,38400000,1.0,150000,0,sha256:1a43e0ddf8cc02438cc76d27ba1cce86da34109d2e43dcc8ed7c9d581b95b39d,1,sha256:436758ace24156deb89da61acb0b72c1a1b980a0b6f3d416b30063761c74a72c,150000,20260717T134222171980Z,1222,mask_fragment-n150000-w256-m1000-s1222
mask_fragment,86a3c5594a7b0bd7b33efe4c4ffaf5dc0aa17226,late_mask_fragment,256,791.817200020887,38400000,1.0,150000,1,sha256:92b825cb6ca6efd8c921ae328d9dcd567e5fc1cecda65d185180a168e33b45c9,1,sha256:436758ace24156deb89da61acb0b72c1a1b980a0b6f3d416b30063761c74a72c,150000,20260717T134222171980Z,1222,mask_fragment-n150000-w256-m1000-s1222
mask_fragment,86a3c5594a7b0bd7b33efe4c4ffaf5dc0aa17226,late_mask_fragment,256,849.6734999935143,38400000,1.0,150000,0,sha256:92b825cb6ca6efd8c921ae328d9dcd567e5fc1cecda65d185180a168e33b45c9,2,sha256:436758ace24156deb89da61acb0b72c1a1b980a0b6f3d416b30063761c74a72c,150000,20260717T134222171980Z,1222,mask_fragment-n150000-w256-m1000-s1222
mask_fragment,86a3c5594a7b0bd7b33efe4c4ffaf5dc0aa17226,early_mask_fragment,256,677.2203000145964,38400000,1.0,150000,1,sha256:1a43e0ddf8cc02438cc76d27ba1cce86da34109d2e43dcc8ed7c9d581b95b39d,2,sha256:436758ace24156deb89da61acb0b72c1a1b980a0b6f3d416b30063761c74a72c,150000,20260717T134222171980Z,1222,mask_fragment-n150000-w256-m1000-s1222
mask_fragment,86a3c5594a7b0bd7b33efe4c4ffaf5dc0aa17226,early_mask_fragment,256,672.0338999875821,38400000,1.0,150000,0,sha256:1a43e0ddf8cc02438cc76d27ba1cce86da34109d2e43dcc8ed7c9d581b95b39d,3,sha256:436758ace24156deb89da61acb0b72c1a1b980a0b6f3d416b30063761c74a72c,150000,20260717T134222171980Z,1222,mask_fragment-n150000-w256-m1000-s1222
mask_fragment,86a3c5594a7b0bd7b33efe4c4ffaf5dc0aa17226,late_mask_fragment,256,816.4084000163712,38400000,1.0,150000,1,sha256:92b825cb6ca6efd8c921ae328d9dcd567e5fc1cecda65d185180a168e33b45c9,3,sha256:436758ace24156deb89da61acb0b72c1a1b980a0b6f3d416b30063761c74a72c,150000,20260717T134222171980Z,1222,mask_fragment-n150000-w256-m1000-s1222
mask_fragment,86a3c5594a7b0bd7b33efe4c4ffaf5dc0aa17226,late_mask_fragment,256,841.1281000007875,38400000,1.0,150000,0,sha256:92b825cb6ca6efd8c921ae328d9dcd567e5fc1cecda65d185180a168e33b45c9,4,sha256:436758ace24156deb89da61acb0b72c1a1b980a0b6f3d416b30063761c74a72c,150000,20260717T134222171980Z,1222,mask_fragment-n150000-w256-m1000-s1222
mask_fragment,86a3c5594a7b0bd7b33efe4c4ffaf5dc0aa17226,early_mask_fragment,256,706.4447000157088,38400000,1.0,150000,1,sha256:1a43e0ddf8cc02438cc76d27ba1cce86da34109d2e43dcc8ed7c9d581b95b39d,4,sha256:436758ace24156deb89da61acb0b72c1a1b980a0b6f3d416b30063761c74a72c,150000,20260717T134222171980Z,1222,mask_fragment-n150000-w256-m1000-s1222
mask_fragment,86a3c5594a7b0bd7b33efe4c4ffaf5dc0aa17226,early_mask_fragment,256,736.2034999532625,38400000,1.0,150000,0,sha256:1a43e0ddf8cc02438cc76d27ba1cce86da34109d2e43dcc8ed7c9d581b95b39d,5,sha256:436758ace24156deb89da61acb0b72c1a1b980a0b6f3d416b30063761c74a72c,150000,20260717T134222171980Z,1222,mask_fragment-n150000-w256-m1000-s1222
mask_fragment,86a3c5594a7b0bd7b33efe4c4ffaf5dc0aa17226,late_mask_fragment,256,790.3248000075109,38400000,1.0,150000,1,sha256:92b825cb6ca6efd8c921ae328d9dcd567e5fc1cecda65d185180a168e33b45c9,5,sha256:436758ace24156deb89da61acb0b72c1a1b980a0b6f3d416b30063761c74a72c,150000,20260717T134222171980Z,1222,mask_fragment-n150000-w256-m1000-s1222
mask_fragment,86a3c5594a7b0bd7b33efe4c4ffaf5dc0aa17226,late_mask_fragment,256,717.2355000511743,38400000,1.0,150000,0,sha256:92b825cb6ca6efd8c921ae328d9dcd567e5fc1cecda65d185180a168e33b45c9,6,sha256:436758ace24156deb89da61acb0b72c1a1b980a0b6f3d416b30063761c74a72c,150000,20260717T134222171980Z,1222,mask_fragment-n150000-w256-m1000-s1222
mask_fragment,86a3c5594a7b0bd7b33efe4c4ffaf5dc0aa17226,early_mask_fragment,256,756.2703000148758,38400000,1.0,150000,1,sha256:1a43e0ddf8cc02438cc76d27ba1cce86da34109d2e43dcc8ed7c9d581b95b39d,6,sha256:436758ace24156deb89da61acb0b72c1a1b980a0b6f3d416b30063761c74a72c,150000,20260717T134222171980Z,1222,mask_fragment-n150000-w256-m1000-s1222
mask_fragment,86a3c5594a7b0bd7b33efe4c4ffaf5dc0aa17226,early_mask_fragment,256,686.5576000418514,38400000,1.0,150000,0,sha256:1a43e0ddf8cc02438cc76d27ba1cce86da34109d2e43dcc8ed7c9d581b95b39d,7,sha256:436758ace24156deb89da61acb0b72c1a1b980a0b6f3d416b30063761c74a72c,150000,20260717T134222171980Z,1222,mask_fragment-n150000-w256-m1000-s1222
mask_fragment,86a3c5594a7b0bd7b33efe4c4ffaf5dc0aa17226,late_mask_fragment,256,739.411199989263,38400000,1.0,150000,1,sha256:92b825cb6ca6efd8c921ae328d9dcd567e5fc1cecda65d185180a168e33b45c9,7,sha256:436758ace24156deb89da61acb0b72c1a1b980a0b6f3d416b30063761c74a72c,150000,20260717T134222171980Z,1222,mask_fragment-n150000-w256-m1000-s1222
mask_fragment,86a3c5594a7b0bd7b33efe4c4ffaf5dc0aa17226,late_mask_fragment,256,718.8906000228599,38400000,1.0,150000,0,sha256:92b825cb6ca6efd8c921ae328d9dcd567e5fc1cecda65d185180a168e33b45c9,8,sha256:436758ace24156deb89da61acb0b72c1a1b980a0b6f3d416b30063761c74a72c,150000,20260717T134222171980Z,1222,mask_fragment-n150000-w256-m1000-s1222
mask_fragment,86a3c5594a7b0bd7b33efe4c4ffaf5dc0aa17226,early_mask_fragment,256,728.9361999719404,38400000,1.0,150000,1,sha256:1a43e0ddf8cc02438cc76d27ba1cce86da34109d2e43dcc8ed7c9d581b95b39d,8,sha256:436758ace24156deb89da61acb0b72c1a1b980a0b6f3d416b30063761c74a72c,150000,20260717T134222171980Z,1222,mask_fragment-n150000-w256-m1000-s1222
mask_fragment,86a3c5594a7b0bd7b33efe4c4ffaf5dc0aa17226,early_mask_fragment,256,678.933400020469,38400000,1.0,150000,0,sha256:1a43e0ddf8cc02438cc76d27ba1cce86da34109d2e43dcc8ed7c9d581b95b39d,9,sha256:436758ace24156deb89da61acb0b72c1a1b980a0b6f3d416b30063761c74a72c,150000,20260717T134222171980Z,1222,mask_fragment-n150000-w256-m1000-s1222
mask_fragment,86a3c5594a7b0bd7b33efe4c4ffaf5dc0aa17226,late_mask_fragment,256,667.8261999622919,38400000,1.0,150000,1,sha256:92b825cb6ca6efd8c921ae328d9dcd567e5fc1cecda65d185180a168e33b45c9,9,sha256:436758ace24156deb89da61acb0b72c1a1b980a0b6f3d416b30063761c74a72c,150000,20260717T134222171980Z,1222,mask_fragment-n150000-w256-m1000-s1222
mask_fragment,86a3c5594a7b0bd7b33efe4c4ffaf5dc0aa17226,late_mask_fragment,256,753.511399962008,38400000,1.0,150000,0,sha256:92b825cb6ca6efd8c921ae328d9dcd567e5fc1cecda65d185180a168e33b45c9,10,sha256:436758ace24156deb89da61acb0b72c1a1b980a0b6f3d416b30063761c74a72c,150000,20260717T134222171980Z,1222,mask_fragment-n150000-w256-m1000-s1222
mask_fragment,86a3c5594a7b0bd7b33efe4c4ffaf5dc0aa17226,early_mask_fragment,256,705.6392999948002,38400000,1.0,150000,1,sha256:1a43e0ddf8cc02438cc76d27ba1cce86da34109d2e43dcc8ed7c9d581b95b39d,10,sha256:436758ace24156deb89da61acb0b72c1a1b980a0b6f3d416b30063761c74a72c,150000,20260717T134222171980Z,1222,mask_fragment-n150000-w256-m1000-s1222
mask_fragment,86a3c5594a7b0bd7b33efe4c4ffaf5dc0aa17226,early_mask_fragment,256,771.3539999676868,38400000,1.0,150000,0,sha256:1a43e0ddf8cc02438cc76d27ba1cce86da34109d2e43dcc8ed7c9d581b95b39d,11,sha256:436758ace24156deb89da61acb0b72c1a1b980a0b6f3d416b30063761c74a72c,150000,20260717T134222171980Z,1222,mask_fragment-n150000-w256-m1000-s1222
mask_fragment,86a3c5594a7b0bd7b33efe4c4ffaf5dc0aa17226,late_mask_fragment,256,953.1593999709003,38400000,1.0,150000,1,sha256:92b825cb6ca6efd8c921ae328d9dcd567e5fc1cecda65d185180a168e33b45c9,11,sha256:436758ace24156deb89da61acb0b72c1a1b980a0b6f3d416b30063761c74a72c,150000,20260717T134222171980Z,1222,mask_fragment-n150000-w256-m1000-s1222
mask_fragment,86a3c5594a7b0bd7b33efe4c4ffaf5dc0aa17226,late_mask_fragment,256,860.0689999875613,38400000,1.0,150000,0,sha256:92b825cb6ca6efd8c921ae328d9dcd567e5fc1cecda65d185180a168e33b45c9,12,sha256:436758ace24156deb89da61acb0b72c1a1b980a0b6f3d416b30063761c74a72c,150000,20260717T134222171980Z,1222,mask_fragment-n150000-w256-m1000-s1222
mask_fragment,86a3c5594a7b0bd7b33efe4c4ffaf5dc0aa17226,early_mask_fragment,256,767.919100006111,38400000,1.0,150000,1,sha256:1a43e0ddf8cc02438cc76d27ba1cce86da34109d2e43dcc8ed7c9d581b95b39d,12,sha256:436758ace24156deb89da61acb0b72c1a1b980a0b6f3d416b30063761c74a72c,150000,20260717T134222171980Z,1222,mask_fragment-n150000-w256-m1000-s1222
mask_fragment,86a3c5594a7b0bd7b33efe4c4ffaf5dc0aa17226,early_mask_fragment,256,795.4836999997497,38400000,1.0,150000,0,sha256:1a43e0ddf8cc02438cc76d27ba1cce86da34109d2e43dcc8ed7c9d581b95b39d,13,sha256:436758ace24156deb89da61acb0b72c1a1b980a0b6f3d416b30063761c74a72c,150000,20260717T134222171980Z,1222,mask_fragment-n150000-w256-m1000-s1222
mask_fragment,86a3c5594a7b0bd7b33efe4c4ffaf5dc0aa17226,late_mask_fragment,256,823.2799000106752,38400000,1.0,150000,1,sha256:92b825cb6ca6efd8c921ae328d9dcd567e5fc1cecda65d185180a168e33b45c9,13,sha256:436758ace24156deb89da61acb0b72c1a1b980a0b6f3d416b30063761c74a72c,150000,20260717T134222171980Z,1222,mask_fragment-n150000-w256-m1000-s1222
mask_fragment,86a3c5594a7b0bd7b33efe4c4ffaf5dc0aa17226,late_mask_fragment,256,970.8077000104822,38400000,1.0,150000,0,sha256:92b825cb6ca6efd8c921ae328d9dcd567e5fc1cecda65d185180a168e33b45c9,14,sha256:436758ace24156deb89da61acb0b72c1a1b980a0b6f3d416b30063761c74a72c,150000,20260717T134222171980Z,1222,mask_fragment-n150000-w256-m1000-s1222
mask_fragment,86a3c5594a7b0bd7b33efe4c4ffaf5dc0aa17226,early_mask_fragment,256,812.2871000086889,38400000,1.0,150000,1,sha256:1a43e0ddf8cc02438cc76d27ba1cce86da34109d2e43dcc8ed7c9d581b95b39d,14,sha256:436758ace24156deb89da61acb0b72c1a1b980a0b6f3d416b30063761c74a72c,150000,20260717T134222171980Z,1222,mask_fragment-n150000-w256-m1000-s1222
mask_fragment,86a3c5594a7b0bd7b33efe4c4ffaf5dc0aa17226,late_mask_fragment,256,715.5624000006355,38400000,1.0,150000,0,sha256:92b825cb6ca6efd8c921ae328d9dcd567e5fc1cecda65d185180a168e33b45c9,0,sha256:48e1572eddcd0f8fe7050a7f9388635ed163c9c91c856b56ba63937759c3baf8,150000,20260717T134222171980Z,1333,mask_fragment-n150000-w256-m1000-s1333
mask_fragment,86a3c5594a7b0bd7b33efe4c4ffaf5dc0aa17226,early_mask_fragment,256,845.3783000004478,38400000,1.0,150000,1,sha256:1a43e0ddf8cc02438cc76d27ba1cce86da34109d2e43dcc8ed7c9d581b95b39d,0,sha256:48e1572eddcd0f8fe7050a7f9388635ed163c9c91c856b56ba63937759c3baf8,150000,20260717T134222171980Z,1333,mask_fragment-n150000-w256-m1000-s1333
mask_fragment,86a3c5594a7b0bd7b33efe4c4ffaf5dc0aa17226,early_mask_fragment,256,775.4892000230029,38400000,1.0,150000,0,sha256:1a43e0ddf8cc02438cc76d27ba1cce86da34109d2e43dcc8ed7c9d581b95b39d,1,sha256:48e1572eddcd0f8fe7050a7f9388635ed163c9c91c856b56ba63937759c3baf8,150000,20260717T134222171980Z,1333,mask_fragment-n150000-w256-m1000-s1333
mask_fragment,86a3c5594a7b0bd7b33efe4c4ffaf5dc0aa17226,late_mask_fragment,256,789.3985999980941,38400000,1.0,150000,1,sha256:92b825cb6ca6efd8c921ae328d9dcd567e5fc1cecda65d185180a168e33b45c9,1,sha256:48e1572eddcd0f8fe7050a7f9388635ed163c9c91c856b56ba63937759c3baf8,150000,20260717T134222171980Z,1333,mask_fragment-n150000-w256-m1000-s1333
mask_fragment,86a3c5594a7b0bd7b33efe4c4ffaf5dc0aa17226,late_mask_fragment,256,765.8258000155911,38400000,1.0,150000,0,sha256:92b825cb6ca6efd8c921ae328d9dcd567e5fc1cecda65d185180a168e33b45c9,2,sha256:48e1572eddcd0f8fe7050a7f9388635ed163c9c91c856b56ba63937759c3baf8,150000,20260717T134222171980Z,1333,mask_fragment-n150000-w256-m1000-s1333
mask_fragment,86a3c5594a7b0bd7b33efe4c4ffaf5dc0aa17226,early_mask_fragment,256,756.6247999784537,38400000,1.0,150000,1,sha256:1a43e0ddf8cc02438cc76d27ba1cce86da34109d2e43dcc8ed7c9d581b95b39d,2,sha256:48e1572eddcd0f8fe7050a7f9388635ed163c9c91c856b56ba63937759c3baf8,150000,20260717T134222171980Z,1333,mask_fragment-n150000-w256-m1000-s1333
mask_fragment,86a3c5594a7b0bd7b33efe4c4ffaf5dc0aa17226,early_mask_fragment,256,695.8967999671586,38400000,1.0,150000,0,sha256:1a43e0ddf8cc02438cc76d27ba1cce86da34109d2e43dcc8ed7c9d581b95b39d,3,sha256:48e1572eddcd0f8fe7050a7f9388635ed163c9c91c856b56ba63937759c3baf8,150000,20260717T134222171980Z,1333,mask_fragment-n150000-w256-m1000-s1333
mask_fragment,86a3c5594a7b0bd7b33efe4c4ffaf5dc0aa17226,late_mask_fragment,256,834.5634000143036,38400000,1.0,150000,1,sha256:92b825cb6ca6efd8c921ae328d9dcd567e5fc1cecda65d185180a168e33b45c9,3,sha256:48e1572eddcd0f8fe7050a7f9388635ed163c9c91c856b56ba63937759c3baf8,150000,20260717T134222171980Z,1333,mask_fragment-n150000-w256-m1000-s1333
mask_fragment,86a3c5594a7b0bd7b33efe4c4ffaf5dc0aa17226,late_mask_fragment,256,795.7595000043511,38400000,1.0,150000,0,sha256:92b825cb6ca6efd8c921ae328d9dcd567e5fc1cecda65d185180a168e33b45c9,4,sha256:48e1572eddcd0f8fe7050a7f9388635ed163c9c91c856b56ba63937759c3baf8,150000,20260717T134222171980Z,1333,mask_fragment-n150000-w256-m1000-s1333
mask_fragment,86a3c5594a7b0bd7b33efe4c4ffaf5dc0aa17226,early_mask_fragment,256,791.5087000001222,38400000,1.0,150000,1,sha256:1a43e0ddf8cc02438cc76d27ba1cce86da34109d2e43dcc8ed7c9d581b95b39d,4,sha256:48e1572eddcd0f8fe7050a7f9388635ed163c9c91c856b56ba63937759c3baf8,150000,20260717T134222171980Z,1333,mask_fragment-n150000-w256-m1000-s1333
mask_fragment,86a3c5594a7b0bd7b33efe4c4ffaf5dc0aa17226,early_mask_fragment,256,723.8221000297926,38400000,1.0,150000,0,sha256:1a43e0ddf8cc02438cc76d27ba1cce86da34109d2e43dcc8ed7c9d581b95b39d,5,sha256:48e1572eddcd0f8fe7050a7f9388635ed163c9c91c856b56ba63937759c3baf8,150000,20260717T134222171980Z,1333,mask_fragment-n150000-w256-m1000-s1333
mask_fragment,86a3c5594a7b0bd7b33efe4c4ffaf5dc0aa17226,late_mask_fragment,256,867.7677999949083,38400000,1.0,150000,1,sha256:92b825cb6ca6efd8c921ae328d9dcd567e5fc1cecda65d185180a168e33b45c9,5,sha256:48e1572eddcd0f8fe7050a7f9388635ed163c9c91c856b56ba63937759c3baf8,150000,20260717T134222171980Z,1333,mask_fragment-n150000-w256-m1000-s1333
mask_fragment,86a3c5594a7b0bd7b33efe4c4ffaf5dc0aa17226,late_mask_fragment,256,723.4661999973468,38400000,1.0,150000,0,sha256:92b825cb6ca6efd8c921ae328d9dcd567e5fc1cecda65d185180a168e33b45c9,6,sha256:48e1572eddcd0f8fe7050a7f9388635ed163c9c91c856b56ba63937759c3baf8,150000,20260717T134222171980Z,1333,mask_fragment-n150000-w256-m1000-s1333
mask_fragment,86a3c5594a7b0bd7b33efe4c4ffaf5dc0aa17226,early_mask_fragment,256,763.0068999715149,38400000,1.0,150000,1,sha256:1a43e0ddf8cc02438cc76d27ba1cce86da34109d2e43dcc8ed7c9d581b95b39d,6,sha256:48e1572eddcd0f8fe7050a7f9388635ed163c9c91c856b56ba63937759c3baf8,150000,20260717T134222171980Z,1333,mask_fragment-n150000-w256-m1000-s1333
mask_fragment,86a3c5594a7b0bd7b33efe4c4ffaf5dc0aa17226,early_mask_fragment,256,781.634800019674,38400000,1.0,150000,0,sha256:1a43e0ddf8cc02438cc76d27ba1cce86da34109d2e43dcc8ed7c9d581b95b39d,7,sha256:48e1572eddcd0f8fe7050a7f9388635ed163c9c91c856b56ba63937759c3baf8,150000,20260717T134222171980Z,1333,mask_fragment-n150000-w256-m1000-s1333
mask_fragment,86a3c5594a7b0bd7b33efe4c4ffaf5dc0aa17226,late_mask_fragment,256,803.9496999699622,38400000,1.0,150000,1,sha256:92b825cb6ca6efd8c921ae328d9dcd567e5fc1cecda65d185180a168e33b45c9,7,sha256:48e1572eddcd0f8fe7050a7f9388635ed163c9c91c856b56ba63937759c3baf8,150000,20260717T134222171980Z,1333,mask_fragment-n150000-w256-m1000-s1333
mask_fragment,86a3c5594a7b0bd7b33efe4c4ffaf5dc0aa17226,late_mask_fragment,256,767.62709999457,38400000,1.0,150000,0,sha256:92b825cb6ca6efd8c921ae328d9dcd567e5fc1cecda65d185180a168e33b45c9,8,sha256:48e1572eddcd0f8fe7050a7f9388635ed163c9c91c856b56ba63937759c3baf8,150000,20260717T134222171980Z,1333,mask_fragment-n150000-w256-m1000-s1333
mask_fragment,86a3c5594a7b0bd7b33efe4c4ffaf5dc0aa17226,early_mask_fragment,256,837.390200002119,38400000,1.0,150000,1,sha256:1a43e0ddf8cc02438cc76d27ba1cce86da34109d2e43dcc8ed7c9d581b95b39d,8,sha256:48e1572eddcd0f8fe7050a7f9388635ed163c9c91c856b56ba63937759c3baf8,150000,20260717T134222171980Z,1333,mask_fragment-n150000-w256-m1000-s1333
mask_fragment,86a3c5594a7b0bd7b33efe4c4ffaf5dc0aa17226,early_mask_fragment,256,753.3344000112265,38400000,1.0,150000,0,sha256:1a43e0ddf8cc02438cc76d27ba1cce86da34109d2e43dcc8ed7c9d581b95b39d,9,sha256:48e1572eddcd0f8fe7050a7f9388635ed163c9c91c856b56ba63937759c3baf8,150000,20260717T134222171980Z,1333,mask_fragment-n150000-w256-m1000-s1333
mask_fragment,86a3c5594a7b0bd7b33efe4c4ffaf5dc0aa17226,late_mask_fragment,256,944.6936000022106,38400000,1.0,150000,1,sha256:92b825cb6ca6efd8c921ae328d9dcd567e5fc1cecda65d185180a168e33b45c9,9,sha256:48e1572eddcd0f8fe7050a7f9388635ed163c9c91c856b56ba63937759c3baf8,150000,20260717T134222171980Z,1333,mask_fragment-n150000-w256-m1000-s1333
mask_fragment,86a3c5594a7b0bd7b33efe4c4ffaf5dc0aa17226,late_mask_fragment,256,814.4878000020981,38400000,1.0,150000,0,sha256:92b825cb6ca6efd8c921ae328d9dcd567e5fc1cecda65d185180a168e33b45c9,10,sha256:48e1572eddcd0f8fe7050a7f9388635ed163c9c91c856b56ba63937759c3baf8,150000,20260717T134222171980Z,1333,mask_fragment-n150000-w256-m1000-s1333
mask_fragment,86a3c5594a7b0bd7b33efe4c4ffaf5dc0aa17226,early_mask_fragment,256,797.6065000402741,38400000,1.0,150000,1,sha256:1a43e0ddf8cc02438cc76d27ba1cce86da34109d2e43dcc8ed7c9d581b95b39d,10,sha256:48e1572eddcd0f8fe7050a7f9388635ed163c9c91c856b56ba63937759c3baf8,150000,20260717T134222171980Z,1333,mask_fragment-n150000-w256-m1000-s1333
mask_fragment,86a3c5594a7b0bd7b33efe4c4ffaf5dc0aa17226,early_mask_fragment,256,818.220500019379,38400000,1.0,150000,0,sha256:1a43e0ddf8cc02438cc76d27ba1cce86da34109d2e43dcc8ed7c9d581b95b39d,11,sha256:48e1572eddcd0f8fe7050a7f9388635ed163c9c91c856b56ba63937759c3baf8,150000,20260717T134222171980Z,1333,mask_fragment-n150000-w256-m1000-s1333
mask_fragment,86a3c5594a7b0bd7b33efe4c4ffaf5dc0aa17226,late_mask_fragment,256,850.6015000166371,38400000,1.0,150000,1,sha256:92b825cb6ca6efd8c921ae328d9dcd567e5fc1cecda65d185180a168e33b45c9,11,sha256:48e1572eddcd0f8fe7050a7f9388635ed163c9c91c856b56ba63937759c3baf8,150000,20260717T134222171980Z,1333,mask_fragment-n150000-w256-m1000-s1333
mask_fragment,86a3c5594a7b0bd7b33efe4c4ffaf5dc0aa17226,late_mask_fragment,256,705.7128000305966,38400000,1.0,150000,0,sha256:92b825cb6ca6efd8c921ae328d9dcd567e5fc1cecda65d185180a168e33b45c9,12,sha256:48e1572eddcd0f8fe7050a7f9388635ed163c9c91c856b56ba63937759c3baf8,150000,20260717T134222171980Z,1333,mask_fragment-n150000-w256-m1000-s1333
mask_fragment,86a3c5594a7b0bd7b33efe4c4ffaf5dc0aa17226,early_mask_fragment,256,704.8525999998674,38400000,1.0,150000,1,sha256:1a43e0ddf8cc02438cc76d27ba1cce86da34109d2e43dcc8ed7c9d581b95b39d,12,sha256:48e1572eddcd0f8fe7050a7f9388635ed163c9c91c856b56ba63937759c3baf8,150000,20260717T134222171980Z,1333,mask_fragment-n150000-w256-m1000-s1333
mask_fragment,86a3c5594a7b0bd7b33efe4c4ffaf5dc0aa17226,early_mask_fragment,256,709.2030000058003,38400000,1.0,150000,0,sha256:1a43e0ddf8cc02438cc76d27ba1cce86da34109d2e43dcc8ed7c9d581b95b39d,13,sha256:48e1572eddcd0f8fe7050a7f9388635ed163c9c91c856b56ba63937759c3baf8,150000,20260717T134222171980Z,1333,mask_fragment-n150000-w256-m1000-s1333
mask_fragment,86a3c5594a7b0bd7b33efe4c4ffaf5dc0aa17226,late_mask_fragment,256,1106.2068999744952,38400000,1.0,150000,1,sha256:92b825cb6ca6efd8c921ae328d9dcd567e5fc1cecda65d185180a168e33b45c9,13,sha256:48e1572eddcd0f8fe7050a7f9388635ed163c9c91c856b56ba63937759c3baf8,150000,20260717T134222171980Z,1333,mask_fragment-n150000-w256-m1000-s1333
mask_fragment,86a3c5594a7b0bd7b33efe4c4ffaf5dc0aa17226,late_mask_fragment,256,1014.5195999648422,38400000,1.0,150000,0,sha256:92b825cb6ca6efd8c921ae328d9dcd567e5fc1cecda65d185180a168e33b45c9,14,sha256:48e1572eddcd0f8fe7050a7f9388635ed163c9c91c856b56ba63937759c3baf8,150000,20260717T134222171980Z,1333,mask_fragment-n150000-w256-m1000-s1333
mask_fragment,86a3c5594a7b0bd7b33efe4c4ffaf5dc0aa17226,early_mask_fragment,256,983.4441000130028,38400000,1.0,150000,1,sha256:1a43e0ddf8cc02438cc76d27ba1cce86da34109d2e43dcc8ed7c9d581b95b39d,14,sha256:48e1572eddcd0f8fe7050a7f9388635ed163c9c91c856b56ba63937759c3baf8,150000,20260717T134222171980Z,1333,mask_fragment-n150000-w256-m1000-s1333
mask_fragment,86a3c5594a7b0bd7b33efe4c4ffaf5dc0aa17226,early_mask_fragment,256,746.7694000224583,38400000,1.0,150000,0,sha256:1a43e0ddf8cc02438cc76d27ba1cce86da34109d2e43dcc8ed7c9d581b95b39d,0,sha256:b1d9c6bef3c3a2d3ec537e44d35c88882d03d90c66693d04a322460e8906e79b,150000,20260717T134222171980Z,1444,mask_fragment-n150000-w256-m1000-s1444
mask_fragment,86a3c5594a7b0bd7b33efe4c4ffaf5dc0aa17226,late_mask_fragment,256,954.2034000041895,38400000,1.0,150000,1,sha256:92b825cb6ca6efd8c921ae328d9dcd567e5fc1cecda65d185180a168e33b45c9,0,sha256:b1d9c6bef3c3a2d3ec537e44d35c88882d03d90c66693d04a322460e8906e79b,150000,20260717T134222171980Z,1444,mask_fragment-n150000-w256-m1000-s1444
mask_fragment,86a3c5594a7b0bd7b33efe4c4ffaf5dc0aa17226,late_mask_fragment,256,684.2377000139095,38400000,1.0,150000,0,sha256:92b825cb6ca6efd8c921ae328d9dcd567e5fc1cecda65d185180a168e33b45c9,1,sha256:b1d9c6bef3c3a2d3ec537e44d35c88882d03d90c66693d04a322460e8906e79b,150000,20260717T134222171980Z,1444,mask_fragment-n150000-w256-m1000-s1444
mask_fragment,86a3c5594a7b0bd7b33efe4c4ffaf5dc0aa17226,early_mask_fragment,256,697.9437000118196,38400000,1.0,150000,1,sha256:1a43e0ddf8cc02438cc76d27ba1cce86da34109d2e43dcc8ed7c9d581b95b39d,1,sha256:b1d9c6bef3c3a2d3ec537e44d35c88882d03d90c66693d04a322460e8906e79b,150000,20260717T134222171980Z,1444,mask_fragment-n150000-w256-m1000-s1444
mask_fragment,86a3c5594a7b0bd7b33efe4c4ffaf5dc0aa17226,early_mask_fragment,256,795.5529000028037,38400000,1.0,150000,0,sha256:1a43e0ddf8cc02438cc76d27ba1cce86da34109d2e43dcc8ed7c9d581b95b39d,2,sha256:b1d9c6bef3c3a2d3ec537e44d35c88882d03d90c66693d04a322460e8906e79b,150000,20260717T134222171980Z,1444,mask_fragment-n150000-w256-m1000-s1444
mask_fragment,86a3c5594a7b0bd7b33efe4c4ffaf5dc0aa17226,late_mask_fragment,256,881.6961999982595,38400000,1.0,150000,1,sha256:92b825cb6ca6efd8c921ae328d9dcd567e5fc1cecda65d185180a168e33b45c9,2,sha256:b1d9c6bef3c3a2d3ec537e44d35c88882d03d90c66693d04a322460e8906e79b,150000,20260717T134222171980Z,1444,mask_fragment-n150000-w256-m1000-s1444
mask_fragment,86a3c5594a7b0bd7b33efe4c4ffaf5dc0aa17226,late_mask_fragment,256,913.5438000084832,38400000,1.0,150000,0,sha256:92b825cb6ca6efd8c921ae328d9dcd567e5fc1cecda65d185180a168e33b45c9,3,sha256:b1d9c6bef3c3a2d3ec537e44d35c88882d03d90c66693d04a322460e8906e79b,150000,20260717T134222171980Z,1444,mask_fragment-n150000-w256-m1000-s1444
mask_fragment,86a3c5594a7b0bd7b33efe4c4ffaf5dc0aa17226,early_mask_fragment,256,722.7799000102095,38400000,1.0,150000,1,sha256:1a43e0ddf8cc02438cc76d27ba1cce86da34109d2e43dcc8ed7c9d581b95b39d,3,sha256:b1d9c6bef3c3a2d3ec537e44d35c88882d03d90c66693d04a322460e8906e79b,150000,20260717T134222171980Z,1444,mask_fragment-n150000-w256-m1000-s1444
mask_fragment,86a3c5594a7b0bd7b33efe4c4ffaf5dc0aa17226,early_mask_fragment,256,902.2180999745615,38400000,1.0,150000,0,sha256:1a43e0ddf8cc02438cc76d27ba1cce86da34109d2e43dcc8ed7c9d581b95b39d,4,sha256:b1d9c6bef3c3a2d3ec537e44d35c88882d03d90c66693d04a322460e8906e79b,150000,20260717T134222171980Z,1444,mask_fragment-n150000-w256-m1000-s1444
mask_fragment,86a3c5594a7b0bd7b33efe4c4ffaf5dc0aa17226,late_mask_fragment,256,826.1463000089861,38400000,1.0,150000,1,sha256:92b825cb6ca6efd8c921ae328d9dcd567e5fc1cecda65d185180a168e33b45c9,4,sha256:b1d9c6bef3c3a2d3ec537e44d35c88882d03d90c66693d04a322460e8906e79b,150000,20260717T134222171980Z,1444,mask_fragment-n150000-w256-m1000-s1444
mask_fragment,86a3c5594a7b0bd7b33efe4c4ffaf5dc0aa17226,late_mask_fragment,256,773.568400007207,38400000,1.0,150000,0,sha256:92b825cb6ca6efd8c921ae328d9dcd567e5fc1cecda65d185180a168e33b45c9,5,sha256:b1d9c6bef3c3a2d3ec537e44d35c88882d03d90c66693d04a322460e8906e79b,150000,20260717T134222171980Z,1444,mask_fragment-n150000-w256-m1000-s1444
mask_fragment,86a3c5594a7b0bd7b33efe4c4ffaf5dc0aa17226,early_mask_fragment,256,759.9578999797814,38400000,1.0,150000,1,sha256:1a43e0ddf8cc02438cc76d27ba1cce86da34109d2e43dcc8ed7c9d581b95b39d,5,sha256:b1d9c6bef3c3a2d3ec537e44d35c88882d03d90c66693d04a322460e8906e79b,150000,20260717T134222171980Z,1444,mask_fragment-n150000-w256-m1000-s1444
mask_fragment,86a3c5594a7b0bd7b33efe4c4ffaf5dc0aa17226,early_mask_fragment,256,764.4240000518039,38400000,1.0,150000,0,sha256:1a43e0ddf8cc02438cc76d27ba1cce86da34109d2e43dcc8ed7c9d581b95b39d,6,sha256:b1d9c6bef3c3a2d3ec537e44d35c88882d03d90c66693d04a322460e8906e79b,150000,20260717T134222171980Z,1444,mask_fragment-n150000-w256-m1000-s1444
mask_fragment,86a3c5594a7b0bd7b33efe4c4ffaf5dc0aa17226,late_mask_fragment,256,753.6143999896012,38400000,1.0,150000,1,sha256:92b825cb6ca6efd8c921ae328d9dcd567e5fc1cecda65d185180a168e33b45c9,6,sha256:b1d9c6bef3c3a2d3ec537e44d35c88882d03d90c66693d04a322460e8906e79b,150000,20260717T134222171980Z,1444,mask_fragment-n150000-w256-m1000-s1444
mask_fragment,86a3c5594a7b0bd7b33efe4c4ffaf5dc0aa17226,late_mask_fragment,256,788.0550000118092,38400000,1.0,150000,0,sha256:92b825cb6ca6efd8c921ae328d9dcd567e5fc1cecda65d185180a168e33b45c9,7,sha256:b1d9c6bef3c3a2d3ec537e44d35c88882d03d90c66693d04a322460e8906e79b,150000,20260717T134222171980Z,1444,mask_fragment-n150000-w256-m1000-s1444
mask_fragment,86a3c5594a7b0bd7b33efe4c4ffaf5dc0aa17226,early_mask_fragment,256,782.0240000146441,38400000,1.0,150000,1,sha256:1a43e0ddf8cc02438cc76d27ba1cce86da34109d2e43dcc8ed7c9d581b95b39d,7,sha256:b1d9c6bef3c3a2d3ec537e44d35c88882d03d90c66693d04a322460e8906e79b,150000,20260717T134222171980Z,1444,mask_fragment-n150000-w256-m1000-s1444
mask_fragment,86a3c5594a7b0bd7b33efe4c4ffaf5dc0aa17226,early_mask_fragment,256,707.9502000124194,38400000,1.0,150000,0,sha256:1a43e0ddf8cc02438cc76d27ba1cce86da34109d2e43dcc8ed7c9d581b95b39d,8,sha256:b1d9c6bef3c3a2d3ec537e44d35c88882d03d90c66693d04a322460e8906e79b,150000,20260717T134222171980Z,1444,mask_fragment-n150000-w256-m1000-s1444
mask_fragment,86a3c5594a7b0bd7b33efe4c4ffaf5dc0aa17226,late_mask_fragment,256,722.214300010819,38400000,1.0,150000,1,sha256:92b825cb6ca6efd8c921ae328d9dcd567e5fc1cecda65d185180a168e33b45c9,8,sha256:b1d9c6bef3c3a2d3ec537e44d35c88882d03d90c66693d04a322460e8906e79b,150000,20260717T134222171980Z,1444,mask_fragment-n150000-w256-m1000-s1444
mask_fragment,86a3c5594a7b0bd7b33efe4c4ffaf5dc0aa17226,late_mask_fragment,256,835.7772999443114,38400000,1.0,150000,0,sha256:92b825cb6ca6efd8c921ae328d9dcd567e5fc1cecda65d185180a168e33b45c9,9,sha256:b1d9c6bef3c3a2d3ec537e44d35c88882d03d90c66693d04a322460e8906e79b,150000,20260717T134222171980Z,1444,mask_fragment-n150000-w256-m1000-s1444
mask_fragment,86a3c5594a7b0bd7b33efe4c4ffaf5dc0aa17226,early_mask_fragment,256,690.252700005658,38400000,1.0,150000,1,sha256:1a43e0ddf8cc02438cc76d27ba1cce86da34109d2e43dcc8ed7c9d581b95b39d,9,sha256:b1d9c6bef3c3a2d3ec537e44d35c88882d03d90c66693d04a322460e8906e79b,150000,20260717T134222171980Z,1444,mask_fragment-n150000-w256-m1000-s1444
mask_fragment,86a3c5594a7b0bd7b33efe4c4ffaf5dc0aa17226,early_mask_fragment,256,791.478700004518,38400000,1.0,150000,0,sha256:1a43e0ddf8cc02438cc76d27ba1cce86da34109d2e43dcc8ed7c9d581b95b39d,10,sha256:b1d9c6bef3c3a2d3ec537e44d35c88882d03d90c66693d04a322460e8906e79b,150000,20260717T134222171980Z,1444,mask_fragment-n150000-w256-m1000-s1444
mask_fragment,86a3c5594a7b0bd7b33efe4c4ffaf5dc0aa17226,late_mask_fragment,256,792.6390999928117,38400000,1.0,150000,1,sha256:92b825cb6ca6efd8c921ae328d9dcd567e5fc1cecda65d185180a168e33b45c9,10,sha256:b1d9c6bef3c3a2d3ec537e44d35c88882d03d90c66693d04a322460e8906e79b,150000,20260717T134222171980Z,1444,mask_fragment-n150000-w256-m1000-s1444
mask_fragment,86a3c5594a7b0bd7b33efe4c4ffaf5dc0aa17226,late_mask_fragment,256,750.4317000275478,38400000,1.0,150000,0,sha256:92b825cb6ca6efd8c921ae328d9dcd567e5fc1cecda65d185180a168e33b45c9,11,sha256:b1d9c6bef3c3a2d3ec537e44d35c88882d03d90c66693d04a322460e8906e79b,150000,20260717T134222171980Z,1444,mask_fragment-n150000-w256-m1000-s1444
mask_fragment,86a3c5594a7b0bd7b33efe4c4ffaf5dc0aa17226,early_mask_fragment,256,978.8214999716729,38400000,1.0,150000,1,sha256:1a43e0ddf8cc02438cc76d27ba1cce86da34109d2e43dcc8ed7c9d581b95b39d,11,sha256:b1d9c6bef3c3a2d3ec537e44d35c88882d03d90c66693d04a322460e8906e79b,150000,20260717T134222171980Z,1444,mask_fragment-n150000-w256-m1000-s1444
mask_fragment,86a3c5594a7b0bd7b33efe4c4ffaf5dc0aa17226,early_mask_fragment,256,1015.3118000016548,38400000,1.0,150000,0,sha256:1a43e0ddf8cc02438cc76d27ba1cce86da34109d2e43dcc8ed7c9d581b95b39d,12,sha256:b1d9c6bef3c3a2d3ec537e44d35c88882d03d90c66693d04a322460e8906e79b,150000,20260717T134222171980Z,1444,mask_fragment-n150000-w256-m1000-s1444
mask_fragment,86a3c5594a7b0bd7b33efe4c4ffaf5dc0aa17226,late_mask_fragment,256,1065.3373000095598,38400000,1.0,150000,1,sha256:92b825cb6ca6efd8c921ae328d9dcd567e5fc1cecda65d185180a168e33b45c9,12,sha256:b1d9c6bef3c3a2d3ec537e44d35c88882d03d90c66693d04a322460e8906e79b,150000,20260717T134222171980Z,1444,mask_fragment-n150000-w256-m1000-s1444
mask_fragment,86a3c5594a7b0bd7b33efe4c4ffaf5dc0aa17226,late_mask_fragment,256,1078.705699997954,38400000,1.0,150000,0,sha256:92b825cb6ca6efd8c921ae328d9dcd567e5fc1cecda65d185180a168e33b45c9,13,sha256:b1d9c6bef3c3a2d3ec537e44d35c88882d03d90c66693d04a322460e8906e79b,150000,20260717T134222171980Z,1444,mask_fragment-n150000-w256-m1000-s1444
mask_fragment,86a3c5594a7b0bd7b33efe4c4ffaf5dc0aa17226,early_mask_fragment,256,913.4071000153199,38400000,1.0,150000,1,sha256:1a43e0ddf8cc02438cc76d27ba1cce86da34109d2e43dcc8ed7c9d581b95b39d,13,sha256:b1d9c6bef3c3a2d3ec537e44d35c88882d03d90c66693d04a322460e8906e79b,150000,20260717T134222171980Z,1444,mask_fragment-n150000-w256-m1000-s1444
mask_fragment,86a3c5594a7b0bd7b33efe4c4ffaf5dc0aa17226,early_mask_fragment,256,838.9303999720141,38400000,1.0,150000,0,sha256:1a43e0ddf8cc02438cc76d27ba1cce86da34109d2e43dcc8ed7c9d581b95b39d,14,sha256:b1d9c6bef3c3a2d3ec537e44d35c88882d03d90c66693d04a322460e8906e79b,150000,20260717T134222171980Z,1444,mask_fragment-n150000-w256-m1000-s1444
mask_fragment,86a3c5594a7b0bd7b33efe4c4ffaf5dc0aa17226,late_mask_fragment,256,750.8236999856308,38400000,1.0,150000,1,sha256:92b825cb6ca6efd8c921ae328d9dcd567e5fc1cecda65d185180a168e33b45c9,14,sha256:b1d9c6bef3c3a2d3ec537e44d35c88882d03d90c66693d04a322460e8906e79b,150000,20260717T134222171980Z,1444,mask_fragment-n150000-w256-m1000-s1444
mask_fragment,86a3c5594a7b0bd7b33efe4c4ffaf5dc0aa17226,early_mask_fragment,256,1796.1178999976255,38400000,1.0,150000,0,sha256:1a43e0ddf8cc02438cc76d27ba1cce86da34109d2e43dcc8ed7c9d581b95b39d,0,sha256:c3bb4e498514c7763ca111fa78e9766b6036d65609409b2c0717e8212a8c464b,150000,20260717T134222171980Z,1555,mask_fragment-n150000-w256-m1000-s1555
mask_fragment,86a3c5594a7b0bd7b33efe4c4ffaf5dc0aa17226,late_mask_fragment,256,715.1922999764793,38400000,1.0,150000,1,sha256:92b825cb6ca6efd8c921ae328d9dcd567e5fc1cecda65d185180a168e33b45c9,0,sha256:c3bb4e498514c7763ca111fa78e9766b6036d65609409b2c0717e8212a8c464b,150000,20260717T134222171980Z,1555,mask_fragment-n150000-w256-m1000-s1555
mask_fragment,86a3c5594a7b0bd7b33efe4c4ffaf5dc0aa17226,late_mask_fragment,256,939.6277999621816,38400000,1.0,150000,0,sha256:92b825cb6ca6efd8c921ae328d9dcd567e5fc1cecda65d185180a168e33b45c9,1,sha256:c3bb4e498514c7763ca111fa78e9766b6036d65609409b2c0717e8212a8c464b,150000,20260717T134222171980Z,1555,mask_fragment-n150000-w256-m1000-s1555
mask_fragment,86a3c5594a7b0bd7b33efe4c4ffaf5dc0aa17226,early_mask_fragment,256,817.9293999564834,38400000,1.0,150000,1,sha256:1a43e0ddf8cc02438cc76d27ba1cce86da34109d2e43dcc8ed7c9d581b95b39d,1,sha256:c3bb4e498514c7763ca111fa78e9766b6036d65609409b2c0717e8212a8c464b,150000,20260717T134222171980Z,1555,mask_fragment-n150000-w256-m1000-s1555
mask_fragment,86a3c5594a7b0bd7b33efe4c4ffaf5dc0aa17226,early_mask_fragment,256,801.1243999935687,38400000,1.0,150000,0,sha256:1a43e0ddf8cc02438cc76d27ba1cce86da34109d2e43dcc8ed7c9d581b95b39d,2,sha256:c3bb4e498514c7763ca111fa78e9766b6036d65609409b2c0717e8212a8c464b,150000,20260717T134222171980Z,1555,mask_fragment-n150000-w256-m1000-s1555
mask_fragment,86a3c5594a7b0bd7b33efe4c4ffaf5dc0aa17226,late_mask_fragment,256,894.3411000072956,38400000,1.0,150000,1,sha256:92b825cb6ca6efd8c921ae328d9dcd567e5fc1cecda65d185180a168e33b45c9,2,sha256:c3bb4e498514c7763ca111fa78e9766b6036d65609409b2c0717e8212a8c464b,150000,20260717T134222171980Z,1555,mask_fragment-n150000-w256-m1000-s1555
mask_fragment,86a3c5594a7b0bd7b33efe4c4ffaf5dc0aa17226,late_mask_fragment,256,883.0821000155993,38400000,1.0,150000,0,sha256:92b825cb6ca6efd8c921ae328d9dcd567e5fc1cecda65d185180a168e33b45c9,3,sha256:c3bb4e498514c7763ca111fa78e9766b6036d65609409b2c0717e8212a8c464b,150000,20260717T134222171980Z,1555,mask_fragment-n150000-w256-m1000-s1555
mask_fragment,86a3c5594a7b0bd7b33efe4c4ffaf5dc0aa17226,early_mask_fragment,256,1135.5492000002414,38400000,1.0,150000,1,sha256:1a43e0ddf8cc02438cc76d27ba1cce86da34109d2e43dcc8ed7c9d581b95b39d,3,sha256:c3bb4e498514c7763ca111fa78e9766b6036d65609409b2c0717e8212a8c464b,150000,20260717T134222171980Z,1555,mask_fragment-n150000-w256-m1000-s1555
mask_fragment,86a3c5594a7b0bd7b33efe4c4ffaf5dc0aa17226,early_mask_fragment,256,883.9696000213735,38400000,1.0,150000,0,sha256:1a43e0ddf8cc02438cc76d27ba1cce86da34109d2e43dcc8ed7c9d581b95b39d,4,sha256:c3bb4e498514c7763ca111fa78e9766b6036d65609409b2c0717e8212a8c464b,150000,20260717T134222171980Z,1555,mask_fragment-n150000-w256-m1000-s1555
mask_fragment,86a3c5594a7b0bd7b33efe4c4ffaf5dc0aa17226,late_mask_fragment,256,796.1351000121795,38400000,1.0,150000,1,sha256:92b825cb6ca6efd8c921ae328d9dcd567e5fc1cecda65d185180a168e33b45c9,4,sha256:c3bb4e498514c7763ca111fa78e9766b6036d65609409b2c0717e8212a8c464b,150000,20260717T134222171980Z,1555,mask_fragment-n150000-w256-m1000-s1555
mask_fragment,86a3c5594a7b0bd7b33efe4c4ffaf5dc0aa17226,late_mask_fragment,256,740.4963999870233,38400000,1.0,150000,0,sha256:92b825cb6ca6efd8c921ae328d9dcd567e5fc1cecda65d185180a168e33b45c9,5,sha256:c3bb4e498514c7763ca111fa78e9766b6036d65609409b2c0717e8212a8c464b,150000,20260717T134222171980Z,1555,mask_fragment-n150000-w256-m1000-s1555
mask_fragment,86a3c5594a7b0bd7b33efe4c4ffaf5dc0aa17226,early_mask_fragment,256,690.2037000400014,38400000,1.0,150000,1,sha256:1a43e0ddf8cc02438cc76d27ba1cce86da34109d2e43dcc8ed7c9d581b95b39d,5,sha256:c3bb4e498514c7763ca111fa78e9766b6036d65609409b2c0717e8212a8c464b,150000,20260717T134222171980Z,1555,mask_fragment-n150000-w256-m1000-s1555
mask_fragment,86a3c5594a7b0bd7b33efe4c4ffaf5dc0aa17226,early_mask_fragment,256,737.5156999914907,38400000,1.0,150000,0,sha256:1a43e0ddf8cc02438cc76d27ba1cce86da34109d2e43dcc8ed7c9d581b95b39d,6,sha256:c3bb4e498514c7763ca111fa78e9766b6036d65609409b2c0717e8212a8c464b,150000,20260717T134222171980Z,1555,mask_fragment-n150000-w256-m1000-s1555
mask_fragment,86a3c5594a7b0bd7b33efe4c4ffaf5dc0aa17226,late_mask_fragment,256,849.178500007838,38400000,1.0,150000,1,sha256:92b825cb6ca6efd8c921ae328d9dcd567e5fc1cecda65d185180a168e33b45c9,6,sha256:c3bb4e498514c7763ca111fa78e9766b6036d65609409b2c0717e8212a8c464b,150000,20260717T134222171980Z,1555,mask_fragment-n150000-w256-m1000-s1555
mask_fragment,86a3c5594a7b0bd7b33efe4c4ffaf5dc0aa17226,late_mask_fragment,256,951.5691999695264,38400000,1.0,150000,0,sha256:92b825cb6ca6efd8c921ae328d9dcd567e5fc1cecda65d185180a168e33b45c9,7,sha256:c3bb4e498514c7763ca111fa78e9766b6036d65609409b2c0717e8212a8c464b,150000,20260717T134222171980Z,1555,mask_fragment-n150000-w256-m1000-s1555
mask_fragment,86a3c5594a7b0bd7b33efe4c4ffaf5dc0aa17226,early_mask_fragment,256,1013.0224999738857,38400000,1.0,150000,1,sha256:1a43e0ddf8cc02438cc76d27ba1cce86da34109d2e43dcc8ed7c9d581b95b39d,7,sha256:c3bb4e498514c7763ca111fa78e9766b6036d65609409b2c0717e8212a8c464b,150000,20260717T134222171980Z,1555,mask_fragment-n150000-w256-m1000-s1555
mask_fragment,86a3c5594a7b0bd7b33efe4c4ffaf5dc0aa17226,early_mask_fragment,256,974.9990999698639,38400000,1.0,150000,0,sha256:1a43e0ddf8cc02438cc76d27ba1cce86da34109d2e43dcc8ed7c9d581b95b39d,8,sha256:c3bb4e498514c7763ca111fa78e9766b6036d65609409b2c0717e8212a8c464b,150000,20260717T134222171980Z,1555,mask_fragment-n150000-w256-m1000-s1555
mask_fragment,86a3c5594a7b0bd7b33efe4c4ffaf5dc0aa17226,late_mask_fragment,256,1109.4675000058487,38400000,1.0,150000,1,sha256:92b825cb6ca6efd8c921ae328d9dcd567e5fc1cecda65d185180a168e33b45c9,8,sha256:c3bb4e498514c7763ca111fa78e9766b6036d65609409b2c0717e8212a8c464b,150000,20260717T134222171980Z,1555,mask_fragment-n150000-w256-m1000-s1555
mask_fragment,86a3c5594a7b0bd7b33efe4c4ffaf5dc0aa17226,late_mask_fragment,256,1050.1445999834687,38400000,1.0,150000,0,sha256:92b825cb6ca6efd8c921ae328d9dcd567e5fc1cecda65d185180a168e33b45c9,9,sha256:c3bb4e498514c7763ca111fa78e9766b6036d65609409b2c0717e8212a8c464b,150000,20260717T134222171980Z,1555,mask_fragment-n150000-w256-m1000-s1555
mask_fragment,86a3c5594a7b0bd7b33efe4c4ffaf5dc0aa17226,early_mask_fragment,256,835.5606000404805,38400000,1.0,150000,1,sha256:1a43e0ddf8cc02438cc76d27ba1cce86da34109d2e43dcc8ed7c9d581b95b39d,9,sha256:c3bb4e498514c7763ca111fa78e9766b6036d65609409b2c0717e8212a8c464b,150000,20260717T134222171980Z,1555,mask_fragment-n150000-w256-m1000-s1555
mask_fragment,86a3c5594a7b0bd7b33efe4c4ffaf5dc0aa17226,early_mask_fragment,256,708.3723999676295,38400000,1.0,150000,0,sha256:1a43e0ddf8cc02438cc76d27ba1cce86da34109d2e43dcc8ed7c9d581b95b39d,10,sha256:c3bb4e498514c7763ca111fa78e9766b6036d65609409b2c0717e8212a8c464b,150000,20260717T134222171980Z,1555,mask_fragment-n150000-w256-m1000-s1555
mask_fragment,86a3c5594a7b0bd7b33efe4c4ffaf5dc0aa17226,late_mask_fragment,256,831.5653000026941,38400000,1.0,150000,1,sha256:92b825cb6ca6efd8c921ae328d9dcd567e5fc1cecda65d185180a168e33b45c9,10,sha256:c3bb4e498514c7763ca111fa78e9766b6036d65609409b2c0717e8212a8c464b,150000,20260717T134222171980Z,1555,mask_fragment-n150000-w256-m1000-s1555
mask_fragment,86a3c5594a7b0bd7b33efe4c4ffaf5dc0aa17226,late_mask_fragment,256,777.6683999691159,38400000,1.0,150000,0,sha256:92b825cb6ca6efd8c921ae328d9dcd567e5fc1cecda65d185180a168e33b45c9,11,sha256:c3bb4e498514c7763ca111fa78e9766b6036d65609409b2c0717e8212a8c464b,150000,20260717T134222171980Z,1555,mask_fragment-n150000-w256-m1000-s1555
mask_fragment,86a3c5594a7b0bd7b33efe4c4ffaf5dc0aa17226,early_mask_fragment,256,784.3960999744013,38400000,1.0,150000,1,sha256:1a43e0ddf8cc02438cc76d27ba1cce86da34109d2e43dcc8ed7c9d581b95b39d,11,sha256:c3bb4e498514c7763ca111fa78e9766b6036d65609409b2c0717e8212a8c464b,150000,20260717T134222171980Z,1555,mask_fragment-n150000-w256-m1000-s1555
mask_fragment,86a3c5594a7b0bd7b33efe4c4ffaf5dc0aa17226,early_mask_fragment,256,693.5990999918431,38400000,1.0,150000,0,sha256:1a43e0ddf8cc02438cc76d27ba1cce86da34109d2e43dcc8ed7c9d581b95b39d,12,sha256:c3bb4e498514c7763ca111fa78e9766b6036d65609409b2c0717e8212a8c464b,150000,20260717T134222171980Z,1555,mask_fragment-n150000-w256-m1000-s1555
mask_fragment,86a3c5594a7b0bd7b33efe4c4ffaf5dc0aa17226,late_mask_fragment,256,707.323600014206,38400000,1.0,150000,1,sha256:92b825cb6ca6efd8c921ae328d9dcd567e5fc1cecda65d185180a168e33b45c9,12,sha256:c3bb4e498514c7763ca111fa78e9766b6036d65609409b2c0717e8212a8c464b,150000,20260717T134222171980Z,1555,mask_fragment-n150000-w256-m1000-s1555
mask_fragment,86a3c5594a7b0bd7b33efe4c4ffaf5dc0aa17226,late_mask_fragment,256,737.6047999714501,38400000,1.0,150000,0,sha256:92b825cb6ca6efd8c921ae328d9dcd567e5fc1cecda65d185180a168e33b45c9,13,sha256:c3bb4e498514c7763ca111fa78e9766b6036d65609409b2c0717e8212a8c464b,150000,20260717T134222171980Z,1555,mask_fragment-n150000-w256-m1000-s1555
mask_fragment,86a3c5594a7b0bd7b33efe4c4ffaf5dc0aa17226,early_mask_fragment,256,815.0477000162937,38400000,1.0,150000,1,sha256:1a43e0ddf8cc02438cc76d27ba1cce86da34109d2e43dcc8ed7c9d581b95b39d,13,sha256:c3bb4e498514c7763ca111fa78e9766b6036d65609409b2c0717e8212a8c464b,150000,20260717T134222171980Z,1555,mask_fragment-n150000-w256-m1000-s1555
mask_fragment,86a3c5594a7b0bd7b33efe4c4ffaf5dc0aa17226,early_mask_fragment,256,1782.3295000125654,38400000,1.0,150000,0,sha256:1a43e0ddf8cc02438cc76d27ba1cce86da34109d2e43dcc8ed7c9d581b95b39d,14,sha256:c3bb4e498514c7763ca111fa78e9766b6036d65609409b2c0717e8212a8c464b,150000,20260717T134222171980Z,1555,mask_fragment-n150000-w256-m1000-s1555
mask_fragment,86a3c5594a7b0bd7b33efe4c4ffaf5dc0aa17226,late_mask_fragment,256,735.9719999949448,38400000,1.0,150000,1,sha256:92b825cb6ca6efd8c921ae328d9dcd567e5fc1cecda65d185180a168e33b45c9,14,sha256:c3bb4e498514c7763ca111fa78e9766b6036d65609409b2c0717e8212a8c464b,150000,20260717T134222171980Z,1555,mask_fragment-n150000-w256-m1000-s1555
mask_fragment,86a3c5594a7b0bd7b33efe4c4ffaf5dc0aa17226,late_mask_fragment,512,1086.9883999694139,76800000,0.9,135000,0,sha256:18bd7fb3b6d02ff88c53bf4a74124c631590d7e276f031a9034dc7f9cb857902,0,sha256:c1d61daa3820d42bbf712f0fb3ec93b1b8b3ee4fe13195e5dbcd0aa930d29544,150000,20260717T134222171980Z,1111,mask_fragment-n150000-w512-m0900-s1111
mask_fragment,86a3c5594a7b0bd7b33efe4c4ffaf5dc0aa17226,early_mask_fragment,512,1190.5086999759078,76800000,0.9,135000,1,sha256:1a43e0ddf8cc02438cc76d27ba1cce86da34109d2e43dcc8ed7c9d581b95b39d,0,sha256:c1d61daa3820d42bbf712f0fb3ec93b1b8b3ee4fe13195e5dbcd0aa930d29544,150000,20260717T134222171980Z,1111,mask_fragment-n150000-w512-m0900-s1111
mask_fragment,86a3c5594a7b0bd7b33efe4c4ffaf5dc0aa17226,early_mask_fragment,512,1480.232400004752,76800000,0.9,135000,0,sha256:1a43e0ddf8cc02438cc76d27ba1cce86da34109d2e43dcc8ed7c9d581b95b39d,1,sha256:c1d61daa3820d42bbf712f0fb3ec93b1b8b3ee4fe13195e5dbcd0aa930d29544,150000,20260717T134222171980Z,1111,mask_fragment-n150000-w512-m0900-s1111
mask_fragment,86a3c5594a7b0bd7b33efe4c4ffaf5dc0aa17226,late_mask_fragment,512,1468.6845000251196,76800000,0.9,135000,1,sha256:18bd7fb3b6d02ff88c53bf4a74124c631590d7e276f031a9034dc7f9cb857902,1,sha256:c1d61daa3820d42bbf712f0fb3ec93b1b8b3ee4fe13195e5dbcd0aa930d29544,150000,20260717T134222171980Z,1111,mask_fragment-n150000-w512-m0900-s1111
mask_fragment,86a3c5594a7b0bd7b33efe4c4ffaf5dc0aa17226,late_mask_fragment,512,1570.523900038097,76800000,0.9,135000,0,sha256:18bd7fb3b6d02ff88c53bf4a74124c631590d7e276f031a9034dc7f9cb857902,2,sha256:c1d61daa3820d42bbf712f0fb3ec93b1b8b3ee4fe13195e5dbcd0aa930d29544,150000,20260717T134222171980Z,1111,mask_fragment-n150000-w512-m0900-s1111
mask_fragment,86a3c5594a7b0bd7b33efe4c4ffaf5dc0aa17226,early_mask_fragment,512,1389.2075000330806,76800000,0.9,135000,1,sha256:1a43e0ddf8cc02438cc76d27ba1cce86da34109d2e43dcc8ed7c9d581b95b39d,2,sha256:c1d61daa3820d42bbf712f0fb3ec93b1b8b3ee4fe13195e5dbcd0aa930d29544,150000,20260717T134222171980Z,1111,mask_fragment-n150000-w512-m0900-s1111
mask_fragment,86a3c5594a7b0bd7b33efe4c4ffaf5dc0aa17226,early_mask_fragment,512,1211.1665999982506,76800000,0.9,135000,0,sha256:1a43e0ddf8cc02438cc76d27ba1cce86da34109d2e43dcc8ed7c9d581b95b39d,3,sha256:c1d61daa3820d42bbf712f0fb3ec93b1b8b3ee4fe13195e5dbcd0aa930d29544,150000,20260717T134222171980Z,1111,mask_fragment-n150000-w512-m0900-s1111
mask_fragment,86a3c5594a7b0bd7b33efe4c4ffaf5dc0aa17226,late_mask_fragment,512,1079.289500019513,76800000,0.9,135000,1,sha256:18bd7fb3b6d02ff88c53bf4a74124c631590d7e276f031a9034dc7f9cb857902,3,sha256:c1d61daa3820d42bbf712f0fb3ec93b1b8b3ee4fe13195e5dbcd0aa930d29544,150000,20260717T134222171980Z,1111,mask_fragment-n150000-w512-m0900-s1111
mask_fragment,86a3c5594a7b0bd7b33efe4c4ffaf5dc0aa17226,late_mask_fragment,512,1008.2560000009835,76800000,0.9,135000,0,sha256:18bd7fb3b6d02ff88c53bf4a74124c631590d7e276f031a9034dc7f9cb857902,4,sha256:c1d61daa3820d42bbf712f0fb3ec93b1b8b3ee4fe13195e5dbcd0aa930d29544,150000,20260717T134222171980Z,1111,mask_fragment-n150000-w512-m0900-s1111
mask_fragment,86a3c5594a7b0bd7b33efe4c4ffaf5dc0aa17226,early_mask_fragment,512,1171.255499997642,76800000,0.9,135000,1,sha256:1a43e0ddf8cc02438cc76d27ba1cce86da34109d2e43dcc8ed7c9d581b95b39d,4,sha256:c1d61daa3820d42bbf712f0fb3ec93b1b8b3ee4fe13195e5dbcd0aa930d29544,150000,20260717T134222171980Z,1111,mask_fragment-n150000-w512-m0900-s1111
mask_fragment,86a3c5594a7b0bd7b33efe4c4ffaf5dc0aa17226,early_mask_fragment,512,1263.2234999909997,76800000,0.9,135000,0,sha256:1a43e0ddf8cc02438cc76d27ba1cce86da34109d2e43dcc8ed7c9d581b95b39d,5,sha256:c1d61daa3820d42bbf712f0fb3ec93b1b8b3ee4fe13195e5dbcd0aa930d29544,150000,20260717T134222171980Z,1111,mask_fragment-n150000-w512-m0900-s1111
mask_fragment,86a3c5594a7b0bd7b33efe4c4ffaf5dc0aa17226,late_mask_fragment,512,1216.891999996733,76800000,0.9,135000,1,sha256:18bd7fb3b6d02ff88c53bf4a74124c631590d7e276f031a9034dc7f9cb857902,5,sha256:c1d61daa3820d42bbf712f0fb3ec93b1b8b3ee4fe13195e5dbcd0aa930d29544,150000,20260717T134222171980Z,1111,mask_fragment-n150000-w512-m0900-s1111
mask_fragment,86a3c5594a7b0bd7b33efe4c4ffaf5dc0aa17226,late_mask_fragment,512,1208.270100003574,76800000,0.9,135000,0,sha256:18bd7fb3b6d02ff88c53bf4a74124c631590d7e276f031a9034dc7f9cb857902,6,sha256:c1d61daa3820d42bbf712f0fb3ec93b1b8b3ee4fe13195e5dbcd0aa930d29544,150000,20260717T134222171980Z,1111,mask_fragment-n150000-w512-m0900-s1111
mask_fragment,86a3c5594a7b0bd7b33efe4c4ffaf5dc0aa17226,early_mask_fragment,512,1255.3818000014871,76800000,0.9,135000,1,sha256:1a43e0ddf8cc02438cc76d27ba1cce86da34109d2e43dcc8ed7c9d581b95b39d,6,sha256:c1d61daa3820d42bbf712f0fb3ec93b1b8b3ee4fe13195e5dbcd0aa930d29544,150000,20260717T134222171980Z,1111,mask_fragment-n150000-w512-m0900-s1111
mask_fragment,86a3c5594a7b0bd7b33efe4c4ffaf5dc0aa17226,early_mask_fragment,512,1058.6675999802537,76800000,0.9,135000,0,sha256:1a43e0ddf8cc02438cc76d27ba1cce86da34109d2e43dcc8ed7c9d581b95b39d,7,sha256:c1d61daa3820d42bbf712f0fb3ec93b1b8b3ee4fe13195e5dbcd0aa930d29544,150000,20260717T134222171980Z,1111,mask_fragment-n150000-w512-m0900-s1111
mask_fragment,86a3c5594a7b0bd7b33efe4c4ffaf5dc0aa17226,late_mask_fragment,512,1080.5579000152647,76800000,0.9,135000,1,sha256:18bd7fb3b6d02ff88c53bf4a74124c631590d7e276f031a9034dc7f9cb857902,7,sha256:c1d61daa3820d42bbf712f0fb3ec93b1b8b3ee4fe13195e5dbcd0aa930d29544,150000,20260717T134222171980Z,1111,mask_fragment-n150000-w512-m0900-s1111
mask_fragment,86a3c5594a7b0bd7b33efe4c4ffaf5dc0aa17226,late_mask_fragment,512,1226.5997000504285,76800000,0.9,135000,0,sha256:18bd7fb3b6d02ff88c53bf4a74124c631590d7e276f031a9034dc7f9cb857902,8,sha256:c1d61daa3820d42bbf712f0fb3ec93b1b8b3ee4fe13195e5dbcd0aa930d29544,150000,20260717T134222171980Z,1111,mask_fragment-n150000-w512-m0900-s1111
mask_fragment,86a3c5594a7b0bd7b33efe4c4ffaf5dc0aa17226,early_mask_fragment,512,1214.7101999726146,76800000,0.9,135000,1,sha256:1a43e0ddf8cc02438cc76d27ba1cce86da34109d2e43dcc8ed7c9d581b95b39d,8,sha256:c1d61daa3820d42bbf712f0fb3ec93b1b8b3ee4fe13195e5dbcd0aa930d29544,150000,20260717T134222171980Z,1111,mask_fragment-n150000-w512-m0900-s1111
mask_fragment,86a3c5594a7b0bd7b33efe4c4ffaf5dc0aa17226,early_mask_fragment,512,1068.216299987398,76800000,0.9,135000,0,sha256:1a43e0ddf8cc02438cc76d27ba1cce86da34109d2e43dcc8ed7c9d581b95b39d,9,sha256:c1d61daa3820d42bbf712f0fb3ec93b1b8b3ee4fe13195e5dbcd0aa930d29544,150000,20260717T134222171980Z,1111,mask_fragment-n150000-w512-m0900-s1111
mask_fragment,86a3c5594a7b0bd7b33efe4c4ffaf5dc0aa17226,late_mask_fragment,512,1013.299599988386,76800000,0.9,135000,1,sha256:18bd7fb3b6d02ff88c53bf4a74124c631590d7e276f031a9034dc7f9cb857902,9,sha256:c1d61daa3820d42bbf712f0fb3ec93b1b8b3ee4fe13195e5dbcd0aa930d29544,150000,20260717T134222171980Z,1111,mask_fragment-n150000-w512-m0900-s1111
mask_fragment,86a3c5594a7b0bd7b33efe4c4ffaf5dc0aa17226,late_mask_fragment,512,1323.1240999884903,76800000,0.9,135000,0,sha256:18bd7fb3b6d02ff88c53bf4a74124c631590d7e276f031a9034dc7f9cb857902,10,sha256:c1d61daa3820d42bbf712f0fb3ec93b1b8b3ee4fe13195e5dbcd0aa930d29544,150000,20260717T134222171980Z,1111,mask_fragment-n150000-w512-m0900-s1111
mask_fragment,86a3c5594a7b0bd7b33efe4c4ffaf5dc0aa17226,early_mask_fragment,512,1461.0401000245474,76800000,0.9,135000,1,sha256:1a43e0ddf8cc02438cc76d27ba1cce86da34109d2e43dcc8ed7c9d581b95b39d,10,sha256:c1d61daa3820d42bbf712f0fb3ec93b1b8b3ee4fe13195e5dbcd0aa930d29544,150000,20260717T134222171980Z,1111,mask_fragment-n150000-w512-m0900-s1111
mask_fragment,86a3c5594a7b0bd7b33efe4c4ffaf5dc0aa17226,early_mask_fragment,512,1264.3922999850474,76800000,0.9,135000,0,sha256:1a43e0ddf8cc02438cc76d27ba1cce86da34109d2e43dcc8ed7c9d581b95b39d,11,sha256:c1d61daa3820d42bbf712f0fb3ec93b1b8b3ee4fe13195e5dbcd0aa930d29544,150000,20260717T134222171980Z,1111,mask_fragment-n150000-w512-m0900-s1111
mask_fragment,86a3c5594a7b0bd7b33efe4c4ffaf5dc0aa17226,late_mask_fragment,512,1180.5033999844454,76800000,0.9,135000,1,sha256:18bd7fb3b6d02ff88c53bf4a74124c631590d7e276f031a9034dc7f9cb857902,11,sha256:c1d61daa3820d42bbf712f0fb3ec93b1b8b3ee4fe13195e5dbcd0aa930d29544,150000,20260717T134222171980Z,1111,mask_fragment-n150000-w512-m0900-s1111
mask_fragment,86a3c5594a7b0bd7b33efe4c4ffaf5dc0aa17226,late_mask_fragment,512,1094.3770000012591,76800000,0.9,135000,0,sha256:18bd7fb3b6d02ff88c53bf4a74124c631590d7e276f031a9034dc7f9cb857902,12,sha256:c1d61daa3820d42bbf712f0fb3ec93b1b8b3ee4fe13195e5dbcd0aa930d29544,150000,20260717T134222171980Z,1111,mask_fragment-n150000-w512-m0900-s1111
mask_fragment,86a3c5594a7b0bd7b33efe4c4ffaf5dc0aa17226,early_mask_fragment,512,1210.9747999929823,76800000,0.9,135000,1,sha256:1a43e0ddf8cc02438cc76d27ba1cce86da34109d2e43dcc8ed7c9d581b95b39d,12,sha256:c1d61daa3820d42bbf712f0fb3ec93b1b8b3ee4fe13195e5dbcd0aa930d29544,150000,20260717T134222171980Z,1111,mask_fragment-n150000-w512-m0900-s1111
mask_fragment,86a3c5594a7b0bd7b33efe4c4ffaf5dc0aa17226,early_mask_fragment,512,1358.1835000077263,76800000,0.9,135000,0,sha256:1a43e0ddf8cc02438cc76d27ba1cce86da34109d2e43dcc8ed7c9d581b95b39d,13,sha256:c1d61daa3820d42bbf712f0fb3ec93b1b8b3ee4fe13195e5dbcd0aa930d29544,150000,20260717T134222171980Z,1111,mask_fragment-n150000-w512-m0900-s1111
mask_fragment,86a3c5594a7b0bd7b33efe4c4ffaf5dc0aa17226,late_mask_fragment,512,1438.1721999961883,76800000,0.9,135000,1,sha256:18bd7fb3b6d02ff88c53bf4a74124c631590d7e276f031a9034dc7f9cb857902,13,sha256:c1d61daa3820d42bbf712f0fb3ec93b1b8b3ee4fe13195e5dbcd0aa930d29544,150000,20260717T134222171980Z,1111,mask_fragment-n150000-w512-m0900-s1111
mask_fragment,86a3c5594a7b0bd7b33efe4c4ffaf5dc0aa17226,late_mask_fragment,512,1410.758199985139,76800000,0.9,135000,0,sha256:18bd7fb3b6d02ff88c53bf4a74124c631590d7e276f031a9034dc7f9cb857902,14,sha256:c1d61daa3820d42bbf712f0fb3ec93b1b8b3ee4fe13195e5dbcd0aa930d29544,150000,20260717T134222171980Z,1111,mask_fragment-n150000-w512-m0900-s1111
mask_fragment,86a3c5594a7b0bd7b33efe4c4ffaf5dc0aa17226,early_mask_fragment,512,1335.9959999797866,76800000,0.9,135000,1,sha256:1a43e0ddf8cc02438cc76d27ba1cce86da34109d2e43dcc8ed7c9d581b95b39d,14,sha256:c1d61daa3820d42bbf712f0fb3ec93b1b8b3ee4fe13195e5dbcd0aa930d29544,150000,20260717T134222171980Z,1111,mask_fragment-n150000-w512-m0900-s1111
mask_fragment,86a3c5594a7b0bd7b33efe4c4ffaf5dc0aa17226,early_mask_fragment,512,1512.0617999928072,76800000,0.9,135000,0,sha256:1a43e0ddf8cc02438cc76d27ba1cce86da34109d2e43dcc8ed7c9d581b95b39d,0,sha256:b1d09ddd6ed533d2f17bf84ec6d57f2ae0ef0cef0429a4bea53e81a65d5d44cf,150000,20260717T134222171980Z,1222,mask_fragment-n150000-w512-m0900-s1222
mask_fragment,86a3c5594a7b0bd7b33efe4c4ffaf5dc0aa17226,late_mask_fragment,512,1598.6515000113286,76800000,0.9,135000,1,sha256:18bd7fb3b6d02ff88c53bf4a74124c631590d7e276f031a9034dc7f9cb857902,0,sha256:b1d09ddd6ed533d2f17bf84ec6d57f2ae0ef0cef0429a4bea53e81a65d5d44cf,150000,20260717T134222171980Z,1222,mask_fragment-n150000-w512-m0900-s1222
mask_fragment,86a3c5594a7b0bd7b33efe4c4ffaf5dc0aa17226,late_mask_fragment,512,1569.6475999429822,76800000,0.9,135000,0,sha256:18bd7fb3b6d02ff88c53bf4a74124c631590d7e276f031a9034dc7f9cb857902,1,sha256:b1d09ddd6ed533d2f17bf84ec6d57f2ae0ef0cef0429a4bea53e81a65d5d44cf,150000,20260717T134222171980Z,1222,mask_fragment-n150000-w512-m0900-s1222
mask_fragment,86a3c5594a7b0bd7b33efe4c4ffaf5dc0aa17226,early_mask_fragment,512,1390.212900005281,76800000,0.9,135000,1,sha256:1a43e0ddf8cc02438cc76d27ba1cce86da34109d2e43dcc8ed7c9d581b95b39d,1,sha256:b1d09ddd6ed533d2f17bf84ec6d57f2ae0ef0cef0429a4bea53e81a65d5d44cf,150000,20260717T134222171980Z,1222,mask_fragment-n150000-w512-m0900-s1222
mask_fragment,86a3c5594a7b0bd7b33efe4c4ffaf5dc0aa17226,early_mask_fragment,512,1266.9043999630958,76800000,0.9,135000,0,sha256:1a43e0ddf8cc02438cc76d27ba1cce86da34109d2e43dcc8ed7c9d581b95b39d,2,sha256:b1d09ddd6ed533d2f17bf84ec6d57f2ae0ef0cef0429a4bea53e81a65d5d44cf,150000,20260717T134222171980Z,1222,mask_fragment-n150000-w512-m0900-s1222
mask_fragment,86a3c5594a7b0bd7b33efe4c4ffaf5dc0aa17226,late_mask_fragment,512,1248.6056000343524,76800000,0.9,135000,1,sha256:18bd7fb3b6d02ff88c53bf4a74124c631590d7e276f031a9034dc7f9cb857902,2,sha256:b1d09ddd6ed533d2f17bf84ec6d57f2ae0ef0cef0429a4bea53e81a65d5d44cf,150000,20260717T134222171980Z,1222,mask_fragment-n150000-w512-m0900-s1222
mask_fragment,86a3c5594a7b0bd7b33efe4c4ffaf5dc0aa17226,late_mask_fragment,512,1092.8011999931186,76800000,0.9,135000,0,sha256:18bd7fb3b6d02ff88c53bf4a74124c631590d7e276f031a9034dc7f9cb857902,3,sha256:b1d09ddd6ed533d2f17bf84ec6d57f2ae0ef0cef0429a4bea53e81a65d5d44cf,150000,20260717T134222171980Z,1222,mask_fragment-n150000-w512-m0900-s1222
mask_fragment,86a3c5594a7b0bd7b33efe4c4ffaf5dc0aa17226,early_mask_fragment,512,1049.3802999844775,76800000,0.9,135000,1,sha256:1a43e0ddf8cc02438cc76d27ba1cce86da34109d2e43dcc8ed7c9d581b95b39d,3,sha256:b1d09ddd6ed533d2f17bf84ec6d57f2ae0ef0cef0429a4bea53e81a65d5d44cf,150000,20260717T134222171980Z,1222,mask_fragment-n150000-w512-m0900-s1222
mask_fragment,86a3c5594a7b0bd7b33efe4c4ffaf5dc0aa17226,early_mask_fragment,512,1133.4731999668293,76800000,0.9,135000,0,sha256:1a43e0ddf8cc02438cc76d27ba1cce86da34109d2e43dcc8ed7c9d581b95b39d,4,sha256:b1d09ddd6ed533d2f17bf84ec6d57f2ae0ef0cef0429a4bea53e81a65d5d44cf,150000,20260717T134222171980Z,1222,mask_fragment-n150000-w512-m0900-s1222
mask_fragment,86a3c5594a7b0bd7b33efe4c4ffaf5dc0aa17226,late_mask_fragment,512,1336.697600025218,76800000,0.9,135000,1,sha256:18bd7fb3b6d02ff88c53bf4a74124c631590d7e276f031a9034dc7f9cb857902,4,sha256:b1d09ddd6ed533d2f17bf84ec6d57f2ae0ef0cef0429a4bea53e81a65d5d44cf,150000,20260717T134222171980Z,1222,mask_fragment-n150000-w512-m0900-s1222
mask_fragment,86a3c5594a7b0bd7b33efe4c4ffaf5dc0aa17226,late_mask_fragment,512,1401.1924000224099,76800000,0.9,135000,0,sha256:18bd7fb3b6d02ff88c53bf4a74124c631590d7e276f031a9034dc7f9cb857902,5,sha256:b1d09ddd6ed533d2f17bf84ec6d57f2ae0ef0cef0429a4bea53e81a65d5d44cf,150000,20260717T134222171980Z,1222,mask_fragment-n150000-w512-m0900-s1222
mask_fragment,86a3c5594a7b0bd7b33efe4c4ffaf5dc0aa17226,early_mask_fragment,512,1866.6947000310756,76800000,0.9,135000,1,sha256:1a43e0ddf8cc02438cc76d27ba1cce86da34109d2e43dcc8ed7c9d581b95b39d,5,sha256:b1d09ddd6ed533d2f17bf84ec6d57f2ae0ef0cef0429a4bea53e81a65d5d44cf,150000,20260717T134222171980Z,1222,mask_fragment-n150000-w512-m0900-s1222
mask_fragment,86a3c5594a7b0bd7b33efe4c4ffaf5dc0aa17226,early_mask_fragment,512,1367.0104999910109,76800000,0.9,135000,0,sha256:1a43e0ddf8cc02438cc76d27ba1cce86da34109d2e43dcc8ed7c9d581b95b39d,6,sha256:b1d09ddd6ed533d2f17bf84ec6d57f2ae0ef0cef0429a4bea53e81a65d5d44cf,150000,20260717T134222171980Z,1222,mask_fragment-n150000-w512-m0900-s1222
mask_fragment,86a3c5594a7b0bd7b33efe4c4ffaf5dc0aa17226,late_mask_fragment,512,1128.158000006806,76800000,0.9,135000,1,sha256:18bd7fb3b6d02ff88c53bf4a74124c631590d7e276f031a9034dc7f9cb857902,6,sha256:b1d09ddd6ed533d2f17bf84ec6d57f2ae0ef0cef0429a4bea53e81a65d5d44cf,150000,20260717T134222171980Z,1222,mask_fragment-n150000-w512-m0900-s1222
mask_fragment,86a3c5594a7b0bd7b33efe4c4ffaf5dc0aa17226,late_mask_fragment,512,1193.3870000066236,76800000,0.9,135000,0,sha256:18bd7fb3b6d02ff88c53bf4a74124c631590d7e276f031a9034dc7f9cb857902,7,sha256:b1d09ddd6ed533d2f17bf84ec6d57f2ae0ef0cef0429a4bea53e81a65d5d44cf,150000,20260717T134222171980Z,1222,mask_fragment-n150000-w512-m0900-s1222
mask_fragment,86a3c5594a7b0bd7b33efe4c4ffaf5dc0aa17226,early_mask_fragment,512,1158.4135000011884,76800000,0.9,135000,1,sha256:1a43e0ddf8cc02438cc76d27ba1cce86da34109d2e43dcc8ed7c9d581b95b39d,7,sha256:b1d09ddd6ed533d2f17bf84ec6d57f2ae0ef0cef0429a4bea53e81a65d5d44cf,150000,20260717T134222171980Z,1222,mask_fragment-n150000-w512-m0900-s1222
mask_fragment,86a3c5594a7b0bd7b33efe4c4ffaf5dc0aa17226,early_mask_fragment,512,1219.5235000108369,76800000,0.9,135000,0,sha256:1a43e0ddf8cc02438cc76d27ba1cce86da34109d2e43dcc8ed7c9d581b95b39d,8,sha256:b1d09ddd6ed533d2f17bf84ec6d57f2ae0ef0cef0429a4bea53e81a65d5d44cf,150000,20260717T134222171980Z,1222,mask_fragment-n150000-w512-m0900-s1222
mask_fragment,86a3c5594a7b0bd7b33efe4c4ffaf5dc0aa17226,late_mask_fragment,512,1178.9100000169128,76800000,0.9,135000,1,sha256:18bd7fb3b6d02ff88c53bf4a74124c631590d7e276f031a9034dc7f9cb857902,8,sha256:b1d09ddd6ed533d2f17bf84ec6d57f2ae0ef0cef0429a4bea53e81a65d5d44cf,150000,20260717T134222171980Z,1222,mask_fragment-n150000-w512-m0900-s1222
mask_fragment,86a3c5594a7b0bd7b33efe4c4ffaf5dc0aa17226,late_mask_fragment,512,1235.9695000341162,76800000,0.9,135000,0,sha256:18bd7fb3b6d02ff88c53bf4a74124c631590d7e276f031a9034dc7f9cb857902,9,sha256:b1d09ddd6ed533d2f17bf84ec6d57f2ae0ef0cef0429a4bea53e81a65d5d44cf,150000,20260717T134222171980Z,1222,mask_fragment-n150000-w512-m0900-s1222
mask_fragment,86a3c5594a7b0bd7b33efe4c4ffaf5dc0aa17226,early_mask_fragment,512,1148.977700038813,76800000,0.9,135000,1,sha256:1a43e0ddf8cc02438cc76d27ba1cce86da34109d2e43dcc8ed7c9d581b95b39d,9,sha256:b1d09ddd6ed533d2f17bf84ec6d57f2ae0ef0cef0429a4bea53e81a65d5d44cf,150000,20260717T134222171980Z,1222,mask_fragment-n150000-w512-m0900-s1222
mask_fragment,86a3c5594a7b0bd7b33efe4c4ffaf5dc0aa17226,early_mask_fragment,512,1217.521900020074,76800000,0.9,135000,0,sha256:1a43e0ddf8cc02438cc76d27ba1cce86da34109d2e43dcc8ed7c9d581b95b39d,10,sha256:b1d09ddd6ed533d2f17bf84ec6d57f2ae0ef0cef0429a4bea53e81a65d5d44cf,150000,20260717T134222171980Z,1222,mask_fragment-n150000-w512-m0900-s1222
mask_fragment,86a3c5594a7b0bd7b33efe4c4ffaf5dc0aa17226,late_mask_fragment,512,1061.4113000337966,76800000,0.9,135000,1,sha256:18bd7fb3b6d02ff88c53bf4a74124c631590d7e276f031a9034dc7f9cb857902,10,sha256:b1d09ddd6ed533d2f17bf84ec6d57f2ae0ef0cef0429a4bea53e81a65d5d44cf,150000,20260717T134222171980Z,1222,mask_fragment-n150000-w512-m0900-s1222
mask_fragment,86a3c5594a7b0bd7b33efe4c4ffaf5dc0aa17226,late_mask_fragment,512,1166.1976000177674,76800000,0.9,135000,0,sha256:18bd7fb3b6d02ff88c53bf4a74124c631590d7e276f031a9034dc7f9cb857902,11,sha256:b1d09ddd6ed533d2f17bf84ec6d57f2ae0ef0cef0429a4bea53e81a65d5d44cf,150000,20260717T134222171980Z,1222,mask_fragment-n150000-w512-m0900-s1222
mask_fragment,86a3c5594a7b0bd7b33efe4c4ffaf5dc0aa17226,early_mask_fragment,512,1264.639500004705,76800000,0.9,135000,1,sha256:1a43e0ddf8cc02438cc76d27ba1cce86da34109d2e43dcc8ed7c9d581b95b39d,11,sha256:b1d09ddd6ed533d2f17bf84ec6d57f2ae0ef0cef0429a4bea53e81a65d5d44cf,150000,20260717T134222171980Z,1222,mask_fragment-n150000-w512-m0900-s1222
mask_fragment,86a3c5594a7b0bd7b33efe4c4ffaf5dc0aa17226,early_mask_fragment,512,1140.1472999714315,76800000,0.9,135000,0,sha256:1a43e0ddf8cc02438cc76d27ba1cce86da34109d2e43dcc8ed7c9d581b95b39d,12,sha256:b1d09ddd6ed533d2f17bf84ec6d57f2ae0ef0cef0429a4bea53e81a65d5d44cf,150000,20260717T134222171980Z,1222,mask_fragment-n150000-w512-m0900-s1222
mask_fragment,86a3c5594a7b0bd7b33efe4c4ffaf5dc0aa17226,late_mask_fragment,512,1070.6568000023253,76800000,0.9,135000,1,sha256:18bd7fb3b6d02ff88c53bf4a74124c631590d7e276f031a9034dc7f9cb857902,12,sha256:b1d09ddd6ed533d2f17bf84ec6d57f2ae0ef0cef0429a4bea53e81a65d5d44cf,150000,20260717T134222171980Z,1222,mask_fragment-n150000-w512-m0900-s1222
mask_fragment,86a3c5594a7b0bd7b33efe4c4ffaf5dc0aa17226,late_mask_fragment,512,1031.360000022687,76800000,0.9,135000,0,sha256:18bd7fb3b6d02ff88c53bf4a74124c631590d7e276f031a9034dc7f9cb857902,13,sha256:b1d09ddd6ed533d2f17bf84ec6d57f2ae0ef0cef0429a4bea53e81a65d5d44cf,150000,20260717T134222171980Z,1222,mask_fragment-n150000-w512-m0900-s1222
mask_fragment,86a3c5594a7b0bd7b33efe4c4ffaf5dc0aa17226,early_mask_fragment,512,1138.4708000114188,76800000,0.9,135000,1,sha256:1a43e0ddf8cc02438cc76d27ba1cce86da34109d2e43dcc8ed7c9d581b95b39d,13,sha256:b1d09ddd6ed533d2f17bf84ec6d57f2ae0ef0cef0429a4bea53e81a65d5d44cf,150000,20260717T134222171980Z,1222,mask_fragment-n150000-w512-m0900-s1222
mask_fragment,86a3c5594a7b0bd7b33efe4c4ffaf5dc0aa17226,early_mask_fragment,512,1435.1804999751039,76800000,0.9,135000,0,sha256:1a43e0ddf8cc02438cc76d27ba1cce86da34109d2e43dcc8ed7c9d581b95b39d,14,sha256:b1d09ddd6ed533d2f17bf84ec6d57f2ae0ef0cef0429a4bea53e81a65d5d44cf,150000,20260717T134222171980Z,1222,mask_fragment-n150000-w512-m0900-s1222
mask_fragment,86a3c5594a7b0bd7b33efe4c4ffaf5dc0aa17226,late_mask_fragment,512,1213.0277999676764,76800000,0.9,135000,1,sha256:18bd7fb3b6d02ff88c53bf4a74124c631590d7e276f031a9034dc7f9cb857902,14,sha256:b1d09ddd6ed533d2f17bf84ec6d57f2ae0ef0cef0429a4bea53e81a65d5d44cf,150000,20260717T134222171980Z,1222,mask_fragment-n150000-w512-m0900-s1222
mask_fragment,86a3c5594a7b0bd7b33efe4c4ffaf5dc0aa17226,late_mask_fragment,512,1023.948099988047,76800000,0.9,135000,0,sha256:18bd7fb3b6d02ff88c53bf4a74124c631590d7e276f031a9034dc7f9cb857902,0,sha256:958b373cd6a5a9ac2f13157e3e924310ef3eabd4c2423d482f1a78e9ff9f2166,150000,20260717T134222171980Z,1333,mask_fragment-n150000-w512-m0900-s1333
mask_fragment,86a3c5594a7b0bd7b33efe4c4ffaf5dc0aa17226,early_mask_fragment,512,1048.2897000038065,76800000,0.9,135000,1,sha256:1a43e0ddf8cc02438cc76d27ba1cce86da34109d2e43dcc8ed7c9d581b95b39d,0,sha256:958b373cd6a5a9ac2f13157e3e924310ef3eabd4c2423d482f1a78e9ff9f2166,150000,20260717T134222171980Z,1333,mask_fragment-n150000-w512-m0900-s1333
mask_fragment,86a3c5594a7b0bd7b33efe4c4ffaf5dc0aa17226,early_mask_fragment,512,1171.1010999861173,76800000,0.9,135000,0,sha256:1a43e0ddf8cc02438cc76d27ba1cce86da34109d2e43dcc8ed7c9d581b95b39d,1,sha256:958b373cd6a5a9ac2f13157e3e924310ef3eabd4c2423d482f1a78e9ff9f2166,150000,20260717T134222171980Z,1333,mask_fragment-n150000-w512-m0900-s1333
mask_fragment,86a3c5594a7b0bd7b33efe4c4ffaf5dc0aa17226,late_mask_fragment,512,1131.5259999828413,76800000,0.9,135000,1,sha256:18bd7fb3b6d02ff88c53bf4a74124c631590d7e276f031a9034dc7f9cb857902,1,sha256:958b373cd6a5a9ac2f13157e3e924310ef3eabd4c2423d482f1a78e9ff9f2166,150000,20260717T134222171980Z,1333,mask_fragment-n150000-w512-m0900-s1333
mask_fragment,86a3c5594a7b0bd7b33efe4c4ffaf5dc0aa17226,late_mask_fragment,512,1031.4808000111952,76800000,0.9,135000,0,sha256:18bd7fb3b6d02ff88c53bf4a74124c631590d7e276f031a9034dc7f9cb857902,2,sha256:958b373cd6a5a9ac2f13157e3e924310ef3eabd4c2423d482f1a78e9ff9f2166,150000,20260717T134222171980Z,1333,mask_fragment-n150000-w512-m0900-s1333
mask_fragment,86a3c5594a7b0bd7b33efe4c4ffaf5dc0aa17226,early_mask_fragment,512,1071.6553999809548,76800000,0.9,135000,1,sha256:1a43e0ddf8cc02438cc76d27ba1cce86da34109d2e43dcc8ed7c9d581b95b39d,2,sha256:958b373cd6a5a9ac2f13157e3e924310ef3eabd4c2423d482f1a78e9ff9f2166,150000,20260717T134222171980Z,1333,mask_fragment-n150000-w512-m0900-s1333
mask_fragment,86a3c5594a7b0bd7b33efe4c4ffaf5dc0aa17226,early_mask_fragment,512,1228.6457999725826,76800000,0.9,135000,0,sha256:1a43e0ddf8cc02438cc76d27ba1cce86da34109d2e43dcc8ed7c9d581b95b39d,3,sha256:958b373cd6a5a9ac2f13157e3e924310ef3eabd4c2423d482f1a78e9ff9f2166,150000,20260717T134222171980Z,1333,mask_fragment-n150000-w512-m0900-s1333
mask_fragment,86a3c5594a7b0bd7b33efe4c4ffaf5dc0aa17226,late_mask_fragment,512,1332.2663000435568,76800000,0.9,135000,1,sha256:18bd7fb3b6d02ff88c53bf4a74124c631590d7e276f031a9034dc7f9cb857902,3,sha256:958b373cd6a5a9ac2f13157e3e924310ef3eabd4c2423d482f1a78e9ff9f2166,150000,20260717T134222171980Z,1333,mask_fragment-n150000-w512-m0900-s1333
mask_fragment,86a3c5594a7b0bd7b33efe4c4ffaf5dc0aa17226,late_mask_fragment,512,1039.2205999814905,76800000,0.9,135000,0,sha256:18bd7fb3b6d02ff88c53bf4a74124c631590d7e276f031a9034dc7f9cb857902,4,sha256:958b373cd6a5a9ac2f13157e3e924310ef3eabd4c2423d482f1a78e9ff9f2166,150000,20260717T134222171980Z,1333,mask_fragment-n150000-w512-m0900-s1333
mask_fragment,86a3c5594a7b0bd7b33efe4c4ffaf5dc0aa17226,early_mask_fragment,512,1179.8355000209995,76800000,0.9,135000,1,sha256:1a43e0ddf8cc02438cc76d27ba1cce86da34109d2e43dcc8ed7c9d581b95b39d,4,sha256:958b373cd6a5a9ac2f13157e3e924310ef3eabd4c2423d482f1a78e9ff9f2166,150000,20260717T134222171980Z,1333,mask_fragment-n150000-w512-m0900-s1333
mask_fragment,86a3c5594a7b0bd7b33efe4c4ffaf5dc0aa17226,early_mask_fragment,512,1073.5526999924332,76800000,0.9,135000,0,sha256:1a43e0ddf8cc02438cc76d27ba1cce86da34109d2e43dcc8ed7c9d581b95b39d,5,sha256:958b373cd6a5a9ac2f13157e3e924310ef3eabd4c2423d482f1a78e9ff9f2166,150000,20260717T134222171980Z,1333,mask_fragment-n150000-w512-m0900-s1333
mask_fragment,86a3c5594a7b0bd7b33efe4c4ffaf5dc0aa17226,late_mask_fragment,512,1193.1585000129417,76800000,0.9,135000,1,sha256:18bd7fb3b6d02ff88c53bf4a74124c631590d7e276f031a9034dc7f9cb857902,5,sha256:958b373cd6a5a9ac2f13157e3e924310ef3eabd4c2423d482f1a78e9ff9f2166,150000,20260717T134222171980Z,1333,mask_fragment-n150000-w512-m0900-s1333
mask_fragment,86a3c5594a7b0bd7b33efe4c4ffaf5dc0aa17226,late_mask_fragment,512,1059.4544000341557,76800000,0.9,135000,0,sha256:18bd7fb3b6d02ff88c53bf4a74124c631590d7e276f031a9034dc7f9cb857902,6,sha256:958b373cd6a5a9ac2f13157e3e924310ef3eabd4c2423d482f1a78e9ff9f2166,150000,20260717T134222171980Z,1333,mask_fragment-n150000-w512-m0900-s1333
mask_fragment,86a3c5594a7b0bd7b33efe4c4ffaf5dc0aa17226,early_mask_fragment,512,1250.6694000330754,76800000,0.9,135000,1,sha256:1a43e0ddf8cc02438cc76d27ba1cce86da34109d2e43dcc8ed7c9d581b95b39d,6,sha256:958b373cd6a5a9ac2f13157e3e924310ef3eabd4c2423d482f1a78e9ff9f2166,150000,20260717T134222171980Z,1333,mask_fragment-n150000-w512-m0900-s1333
mask_fragment,86a3c5594a7b0bd7b33efe4c4ffaf5dc0aa17226,early_mask_fragment,512,1160.1816000184044,76800000,0.9,135000,0,sha256:1a43e0ddf8cc02438cc76d27ba1cce86da34109d2e43dcc8ed7c9d581b95b39d,7,sha256:958b373cd6a5a9ac2f13157e3e924310ef3eabd4c2423d482f1a78e9ff9f2166,150000,20260717T134222171980Z,1333,mask_fragment-n150000-w512-m0900-s1333
mask_fragment,86a3c5594a7b0bd7b33efe4c4ffaf5dc0aa17226,late_mask_fragment,512,1210.020899947267,76800000,0.9,135000,1,sha256:18bd7fb3b6d02ff88c53bf4a74124c631590d7e276f031a9034dc7f9cb857902,7,sha256:958b373cd6a5a9ac2f13157e3e924310ef3eabd4c2423d482f1a78e9ff9f2166,150000,20260717T134222171980Z,1333,mask_fragment-n150000-w512-m0900-s1333
mask_fragment,86a3c5594a7b0bd7b33efe4c4ffaf5dc0aa17226,late_mask_fragment,512,1153.100199997425,76800000,0.9,135000,0,sha256:18bd7fb3b6d02ff88c53bf4a74124c631590d7e276f031a9034dc7f9cb857902,8,sha256:958b373cd6a5a9ac2f13157e3e924310ef3eabd4c2423d482f1a78e9ff9f2166,150000,20260717T134222171980Z,1333,mask_fragment-n150000-w512-m0900-s1333
mask_fragment,86a3c5594a7b0bd7b33efe4c4ffaf5dc0aa17226,early_mask_fragment,512,1150.199599971529,76800000,0.9,135000,1,sha256:1a43e0ddf8cc02438cc76d27ba1cce86da34109d2e43dcc8ed7c9d581b95b39d,8,sha256:958b373cd6a5a9ac2f13157e3e924310ef3eabd4c2423d482f1a78e9ff9f2166,150000,20260717T134222171980Z,1333,mask_fragment-n150000-w512-m0900-s1333
mask_fragment,86a3c5594a7b0bd7b33efe4c4ffaf5dc0aa17226,early_mask_fragment,512,1411.2395999836735,76800000,0.9,135000,0,sha256:1a43e0ddf8cc02438cc76d27ba1cce86da34109d2e43dcc8ed7c9d581b95b39d,9,sha256:958b373cd6a5a9ac2f13157e3e924310ef3eabd4c2423d482f1a78e9ff9f2166,150000,20260717T134222171980Z,1333,mask_fragment-n150000-w512-m0900-s1333
mask_fragment,86a3c5594a7b0bd7b33efe4c4ffaf5dc0aa17226,late_mask_fragment,512,1387.0970999705605,76800000,0.9,135000,1,sha256:18bd7fb3b6d02ff88c53bf4a74124c631590d7e276f031a9034dc7f9cb857902,9,sha256:958b373cd6a5a9ac2f13157e3e924310ef3eabd4c2423d482f1a78e9ff9f2166,150000,20260717T134222171980Z,1333,mask_fragment-n150000-w512-m0900-s1333
mask_fragment,86a3c5594a7b0bd7b33efe4c4ffaf5dc0aa17226,late_mask_fragment,512,1582.2086000116542,76800000,0.9,135000,0,sha256:18bd7fb3b6d02ff88c53bf4a74124c631590d7e276f031a9034dc7f9cb857902,10,sha256:958b373cd6a5a9ac2f13157e3e924310ef3eabd4c2423d482f1a78e9ff9f2166,150000,20260717T134222171980Z,1333,mask_fragment-n150000-w512-m0900-s1333
mask_fragment,86a3c5594a7b0bd7b33efe4c4ffaf5dc0aa17226,early_mask_fragment,512,1436.0376999829896,76800000,0.9,135000,1,sha256:1a43e0ddf8cc02438cc76d27ba1cce86da34109d2e43dcc8ed7c9d581b95b39d,10,sha256:958b373cd6a5a9ac2f13157e3e924310ef3eabd4c2423d482f1a78e9ff9f2166,150000,20260717T134222171980Z,1333,mask_fragment-n150000-w512-m0900-s1333
mask_fragment,86a3c5594a7b0bd7b33efe4c4ffaf5dc0aa17226,early_mask_fragment,512,1104.2837999993935,76800000,0.9,135000,0,sha256:1a43e0ddf8cc02438cc76d27ba1cce86da34109d2e43dcc8ed7c9d581b95b39d,11,sha256:958b373cd6a5a9ac2f13157e3e924310ef3eabd4c2423d482f1a78e9ff9f2166,150000,20260717T134222171980Z,1333,mask_fragment-n150000-w512-m0900-s1333
mask_fragment,86a3c5594a7b0bd7b33efe4c4ffaf5dc0aa17226,late_mask_fragment,512,1084.8600000026636,76800000,0.9,135000,1,sha256:18bd7fb3b6d02ff88c53bf4a74124c631590d7e276f031a9034dc7f9cb857902,11,sha256:958b373cd6a5a9ac2f13157e3e924310ef3eabd4c2423d482f1a78e9ff9f2166,150000,20260717T134222171980Z,1333,mask_fragment-n150000-w512-m0900-s1333
mask_fragment,86a3c5594a7b0bd7b33efe4c4ffaf5dc0aa17226,late_mask_fragment,512,990.7550000352785,76800000,0.9,135000,0,sha256:18bd7fb3b6d02ff88c53bf4a74124c631590d7e276f031a9034dc7f9cb857902,12,sha256:958b373cd6a5a9ac2f13157e3e924310ef3eabd4c2423d482f1a78e9ff9f2166,150000,20260717T134222171980Z,1333,mask_fragment-n150000-w512-m0900-s1333
mask_fragment,86a3c5594a7b0bd7b33efe4c4ffaf5dc0aa17226,early_mask_fragment,512,1145.9566000266932,76800000,0.9,135000,1,sha256:1a43e0ddf8cc02438cc76d27ba1cce86da34109d2e43dcc8ed7c9d581b95b39d,12,sha256:958b373cd6a5a9ac2f13157e3e924310ef3eabd4c2423d482f1a78e9ff9f2166,150000,20260717T134222171980Z,1333,mask_fragment-n150000-w512-m0900-s1333
mask_fragment,86a3c5594a7b0bd7b33efe4c4ffaf5dc0aa17226,early_mask_fragment,512,1205.1888999994844,76800000,0.9,135000,0,sha256:1a43e0ddf8cc02438cc76d27ba1cce86da34109d2e43dcc8ed7c9d581b95b39d,13,sha256:958b373cd6a5a9ac2f13157e3e924310ef3eabd4c2423d482f1a78e9ff9f2166,150000,20260717T134222171980Z,1333,mask_fragment-n150000-w512-m0900-s1333
mask_fragment,86a3c5594a7b0bd7b33efe4c4ffaf5dc0aa17226,late_mask_fragment,512,1212.778699991759,76800000,0.9,135000,1,sha256:18bd7fb3b6d02ff88c53bf4a74124c631590d7e276f031a9034dc7f9cb857902,13,sha256:958b373cd6a5a9ac2f13157e3e924310ef3eabd4c2423d482f1a78e9ff9f2166,150000,20260717T134222171980Z,1333,mask_fragment-n150000-w512-m0900-s1333
mask_fragment,86a3c5594a7b0bd7b33efe4c4ffaf5dc0aa17226,late_mask_fragment,512,1141.9633000041358,76800000,0.9,135000,0,sha256:18bd7fb3b6d02ff88c53bf4a74124c631590d7e276f031a9034dc7f9cb857902,14,sha256:958b373cd6a5a9ac2f13157e3e924310ef3eabd4c2423d482f1a78e9ff9f2166,150000,20260717T134222171980Z,1333,mask_fragment-n150000-w512-m0900-s1333
mask_fragment,86a3c5594a7b0bd7b33efe4c4ffaf5dc0aa17226,early_mask_fragment,512,1164.6625999710523,76800000,0.9,135000,1,sha256:1a43e0ddf8cc02438cc76d27ba1cce86da34109d2e43dcc8ed7c9d581b95b39d,14,sha256:958b373cd6a5a9ac2f13157e3e924310ef3eabd4c2423d482f1a78e9ff9f2166,150000,20260717T134222171980Z,1333,mask_fragment-n150000-w512-m0900-s1333
mask_fragment,86a3c5594a7b0bd7b33efe4c4ffaf5dc0aa17226,late_mask_fragment,512,1600.6634999648668,76800000,0.9,135000,0,sha256:18bd7fb3b6d02ff88c53bf4a74124c631590d7e276f031a9034dc7f9cb857902,0,sha256:188145e5969edc77757275dded0ac7e0c0c0a60d4e1fc7b8323bf7ce4c129275,150000,20260717T134222171980Z,1444,mask_fragment-n150000-w512-m0900-s1444
mask_fragment,86a3c5594a7b0bd7b33efe4c4ffaf5dc0aa17226,early_mask_fragment,512,1597.7066999766976,76800000,0.9,135000,1,sha256:1a43e0ddf8cc02438cc76d27ba1cce86da34109d2e43dcc8ed7c9d581b95b39d,0,sha256:188145e5969edc77757275dded0ac7e0c0c0a60d4e1fc7b8323bf7ce4c129275,150000,20260717T134222171980Z,1444,mask_fragment-n150000-w512-m0900-s1444
mask_fragment,86a3c5594a7b0bd7b33efe4c4ffaf5dc0aa17226,early_mask_fragment,512,1372.7455000043847,76800000,0.9,135000,0,sha256:1a43e0ddf8cc02438cc76d27ba1cce86da34109d2e43dcc8ed7c9d581b95b39d,1,sha256:188145e5969edc77757275dded0ac7e0c0c0a60d4e1fc7b8323bf7ce4c129275,150000,20260717T134222171980Z,1444,mask_fragment-n150000-w512-m0900-s1444
mask_fragment,86a3c5594a7b0bd7b33efe4c4ffaf5dc0aa17226,late_mask_fragment,512,1736.8602000060491,76800000,0.9,135000,1,sha256:18bd7fb3b6d02ff88c53bf4a74124c631590d7e276f031a9034dc7f9cb857902,1,sha256:188145e5969edc77757275dded0ac7e0c0c0a60d4e1fc7b8323bf7ce4c129275,150000,20260717T134222171980Z,1444,mask_fragment-n150000-w512-m0900-s1444
mask_fragment,86a3c5594a7b0bd7b33efe4c4ffaf5dc0aa17226,late_mask_fragment,512,1408.2807999802753,76800000,0.9,135000,0,sha256:18bd7fb3b6d02ff88c53bf4a74124c631590d7e276f031a9034dc7f9cb857902,2,sha256:188145e5969edc77757275dded0ac7e0c0c0a60d4e1fc7b8323bf7ce4c129275,150000,20260717T134222171980Z,1444,mask_fragment-n150000-w512-m0900-s1444
mask_fragment,86a3c5594a7b0bd7b33efe4c4ffaf5dc0aa17226,early_mask_fragment,512,1420.2078999951482,76800000,0.9,135000,1,sha256:1a43e0ddf8cc02438cc76d27ba1cce86da34109d2e43dcc8ed7c9d581b95b39d,2,sha256:188145e5969edc77757275dded0ac7e0c0c0a60d4e1fc7b8323bf7ce4c129275,150000,20260717T134222171980Z,1444,mask_fragment-n150000-w512-m0900-s1444
mask_fragment,86a3c5594a7b0bd7b33efe4c4ffaf5dc0aa17226,early_mask_fragment,512,1042.2927000327036,76800000,0.9,135000,0,sha256:1a43e0ddf8cc02438cc76d27ba1cce86da34109d2e43dcc8ed7c9d581b95b39d,3,sha256:188145e5969edc77757275dded0ac7e0c0c0a60d4e1fc7b8323bf7ce4c129275,150000,20260717T134222171980Z,1444,mask_fragment-n150000-w512-m0900-s1444
mask_fragment,86a3c5594a7b0bd7b33efe4c4ffaf5dc0aa17226,late_mask_fragment,512,1184.3687000218779,76800000,0.9,135000,1,sha256:18bd7fb3b6d02ff88c53bf4a74124c631590d7e276f031a9034dc7f9cb857902,3,sha256:188145e5969edc77757275dded0ac7e0c0c0a60d4e1fc7b8323bf7ce4c129275,150000,20260717T134222171980Z,1444,mask_fragment-n150000-w512-m0900-s1444
mask_fragment,86a3c5594a7b0bd7b33efe4c4ffaf5dc0aa17226,late_mask_fragment,512,1118.398399965372,76800000,0.9,135000,0,sha256:18bd7fb3b6d02ff88c53bf4a74124c631590d7e276f031a9034dc7f9cb857902,4,sha256:188145e5969edc77757275dded0ac7e0c0c0a60d4e1fc7b8323bf7ce4c129275,150000,20260717T134222171980Z,1444,mask_fragment-n150000-w512-m0900-s1444
mask_fragment,86a3c5594a7b0bd7b33efe4c4ffaf5dc0aa17226,early_mask_fragment,512,1199.7048999764957,76800000,0.9,135000,1,sha256:1a43e0ddf8cc02438cc76d27ba1cce86da34109d2e43dcc8ed7c9d581b95b39d,4,sha256:188145e5969edc77757275dded0ac7e0c0c0a60d4e1fc7b8323bf7ce4c129275,150000,20260717T134222171980Z,1444,mask_fragment-n150000-w512-m0900-s1444
mask_fragment,86a3c5594a7b0bd7b33efe4c4ffaf5dc0aa17226,early_mask_fragment,512,1205.0337999826297,76800000,0.9,135000,0,sha256:1a43e0ddf8cc02438cc76d27ba1cce86da34109d2e43dcc8ed7c9d581b95b39d,5,sha256:188145e5969edc77757275dded0ac7e0c0c0a60d4e1fc7b8323bf7ce4c129275,150000,20260717T134222171980Z,1444,mask_fragment-n150000-w512-m0900-s1444
mask_fragment,86a3c5594a7b0bd7b33efe4c4ffaf5dc0aa17226,late_mask_fragment,512,1088.3510000421666,76800000,0.9,135000,1,sha256:18bd7fb3b6d02ff88c53bf4a74124c631590d7e276f031a9034dc7f9cb857902,5,sha256:188145e5969edc77757275dded0ac7e0c0c0a60d4e1fc7b8323bf7ce4c129275,150000,20260717T134222171980Z,1444,mask_fragment-n150000-w512-m0900-s1444
mask_fragment,86a3c5594a7b0bd7b33efe4c4ffaf5dc0aa17226,late_mask_fragment,512,994.7166999918409,76800000,0.9,135000,0,sha256:18bd7fb3b6d02ff88c53bf4a74124c631590d7e276f031a9034dc7f9cb857902,6,sha256:188145e5969edc77757275dded0ac7e0c0c0a60d4e1fc7b8323bf7ce4c129275,150000,20260717T134222171980Z,1444,mask_fragment-n150000-w512-m0900-s1444
mask_fragment,86a3c5594a7b0bd7b33efe4c4ffaf5dc0aa17226,early_mask_fragment,512,1180.4872000357136,76800000,0.9,135000,1,sha256:1a43e0ddf8cc02438cc76d27ba1cce86da34109d2e43dcc8ed7c9d581b95b39d,6,sha256:188145e5969edc77757275dded0ac7e0c0c0a60d4e1fc7b8323bf7ce4c129275,150000,20260717T134222171980Z,1444,mask_fragment-n150000-w512-m0900-s1444
mask_fragment,86a3c5594a7b0bd7b33efe4c4ffaf5dc0aa17226,early_mask_fragment,512,1211.2725999904796,76800000,0.9,135000,0,sha256:1a43e0ddf8cc02438cc76d27ba1cce86da34109d2e43dcc8ed7c9d581b95b39d,7,sha256:188145e5969edc77757275dded0ac7e0c0c0a60d4e1fc7b8323bf7ce4c129275,150000,20260717T134222171980Z,1444,mask_fragment-n150000-w512-m0900-s1444
mask_fragment,86a3c5594a7b0bd7b33efe4c4ffaf5dc0aa17226,late_mask_fragment,512,1172.392199980095,76800000,0.9,135000,1,sha256:18bd7fb3b6d02ff88c53bf4a74124c631590d7e276f031a9034dc7f9cb857902,7,sha256:188145e5969edc77757275dded0ac7e0c0c0a60d4e1fc7b8323bf7ce4c129275,150000,20260717T134222171980Z,1444,mask_fragment-n150000-w512-m0900-s1444
mask_fragment,86a3c5594a7b0bd7b33efe4c4ffaf5dc0aa17226,late_mask_fragment,512,1195.8112999564037,76800000,0.9,135000,0,sha256:18bd7fb3b6d02ff88c53bf4a74124c631590d7e276f031a9034dc7f9cb857902,8,sha256:188145e5969edc77757275dded0ac7e0c0c0a60d4e1fc7b8323bf7ce4c129275,150000,20260717T134222171980Z,1444,mask_fragment-n150000-w512-m0900-s1444
mask_fragment,86a3c5594a7b0bd7b33efe4c4ffaf5dc0aa17226,early_mask_fragment,512,1190.3915000148118,76800000,0.9,135000,1,sha256:1a43e0ddf8cc02438cc76d27ba1cce86da34109d2e43dcc8ed7c9d581b95b39d,8,sha256:188145e5969edc77757275dded0ac7e0c0c0a60d4e1fc7b8323bf7ce4c129275,150000,20260717T134222171980Z,1444,mask_fragment-n150000-w512-m0900-s1444
mask_fragment,86a3c5594a7b0bd7b33efe4c4ffaf5dc0aa17226,early_mask_fragment,512,1044.643700006418,76800000,0.9,135000,0,sha256:1a43e0ddf8cc02438cc76d27ba1cce86da34109d2e43dcc8ed7c9d581b95b39d,9,sha256:188145e5969edc77757275dded0ac7e0c0c0a60d4e1fc7b8323bf7ce4c129275,150000,20260717T134222171980Z,1444,mask_fragment-n150000-w512-m0900-s1444
mask_fragment,86a3c5594a7b0bd7b33efe4c4ffaf5dc0aa17226,late_mask_fragment,512,1037.0543000171892,76800000,0.9,135000,1,sha256:18bd7fb3b6d02ff88c53bf4a74124c631590d7e276f031a9034dc7f9cb857902,9,sha256:188145e5969edc77757275dded0ac7e0c0c0a60d4e1fc7b8323bf7ce4c129275,150000,20260717T134222171980Z,1444,mask_fragment-n150000-w512-m0900-s1444
mask_fragment,86a3c5594a7b0bd7b33efe4c4ffaf5dc0aa17226,late_mask_fragment,512,1017.7051000064239,76800000,0.9,135000,0,sha256:18bd7fb3b6d02ff88c53bf4a74124c631590d7e276f031a9034dc7f9cb857902,10,sha256:188145e5969edc77757275dded0ac7e0c0c0a60d4e1fc7b8323bf7ce4c129275,150000,20260717T134222171980Z,1444,mask_fragment-n150000-w512-m0900-s1444
mask_fragment,86a3c5594a7b0bd7b33efe4c4ffaf5dc0aa17226,early_mask_fragment,512,1166.1641000537202,76800000,0.9,135000,1,sha256:1a43e0ddf8cc02438cc76d27ba1cce86da34109d2e43dcc8ed7c9d581b95b39d,10,sha256:188145e5969edc77757275dded0ac7e0c0c0a60d4e1fc7b8323bf7ce4c129275,150000,20260717T134222171980Z,1444,mask_fragment-n150000-w512-m0900-s1444
mask_fragment,86a3c5594a7b0bd7b33efe4c4ffaf5dc0aa17226,early_mask_fragment,512,1196.3473000214435,76800000,0.9,135000,0,sha256:1a43e0ddf8cc02438cc76d27ba1cce86da34109d2e43dcc8ed7c9d581b95b39d,11,sha256:188145e5969edc77757275dded0ac7e0c0c0a60d4e1fc7b8323bf7ce4c129275,150000,20260717T134222171980Z,1444,mask_fragment-n150000-w512-m0900-s1444
mask_fragment,86a3c5594a7b0bd7b33efe4c4ffaf5dc0aa17226,late_mask_fragment,512,1067.7951999823563,76800000,0.9,135000,1,sha256:18bd7fb3b6d02ff88c53bf4a74124c631590d7e276f031a9034dc7f9cb857902,11,sha256:188145e5969edc77757275dded0ac7e0c0c0a60d4e1fc7b8323bf7ce4c129275,150000,20260717T134222171980Z,1444,mask_fragment-n150000-w512-m0900-s1444
mask_fragment,86a3c5594a7b0bd7b33efe4c4ffaf5dc0aa17226,late_mask_fragment,512,1149.663900025189,76800000,0.9,135000,0,sha256:18bd7fb3b6d02ff88c53bf4a74124c631590d7e276f031a9034dc7f9cb857902,12,sha256:188145e5969edc77757275dded0ac7e0c0c0a60d4e1fc7b8323bf7ce4c129275,150000,20260717T134222171980Z,1444,mask_fragment-n150000-w512-m0900-s1444
mask_fragment,86a3c5594a7b0bd7b33efe4c4ffaf5dc0aa17226,early_mask_fragment,512,1062.3335000127554,76800000,0.9,135000,1,sha256:1a43e0ddf8cc02438cc76d27ba1cce86da34109d2e43dcc8ed7c9d581b95b39d,12,sha256:188145e5969edc77757275dded0ac7e0c0c0a60d4e1fc7b8323bf7ce4c129275,150000,20260717T134222171980Z,1444,mask_fragment-n150000-w512-m0900-s1444
mask_fragment,86a3c5594a7b0bd7b33efe4c4ffaf5dc0aa17226,early_mask_fragment,512,1436.2948999623768,76800000,0.9,135000,0,sha256:1a43e0ddf8cc02438cc76d27ba1cce86da34109d2e43dcc8ed7c9d581b95b39d,13,sha256:188145e5969edc77757275dded0ac7e0c0c0a60d4e1fc7b8323bf7ce4c129275,150000,20260717T134222171980Z,1444,mask_fragment-n150000-w512-m0900-s1444
mask_fragment,86a3c5594a7b0bd7b33efe4c4ffaf5dc0aa17226,late_mask_fragment,512,1800.760200014338,76800000,0.9,135000,1,sha256:18bd7fb3b6d02ff88c53bf4a74124c631590d7e276f031a9034dc7f9cb857902,13,sha256:188145e5969edc77757275dded0ac7e0c0c0a60d4e1fc7b8323bf7ce4c129275,150000,20260717T134222171980Z,1444,mask_fragment-n150000-w512-m0900-s1444
mask_fragment,86a3c5594a7b0bd7b33efe4c4ffaf5dc0aa17226,late_mask_fragment,512,1473.659500014037,76800000,0.9,135000,0,sha256:18bd7fb3b6d02ff88c53bf4a74124c631590d7e276f031a9034dc7f9cb857902,14,sha256:188145e5969edc77757275dded0ac7e0c0c0a60d4e1fc7b8323bf7ce4c129275,150000,20260717T134222171980Z,1444,mask_fragment-n150000-w512-m0900-s1444
mask_fragment,86a3c5594a7b0bd7b33efe4c4ffaf5dc0aa17226,early_mask_fragment,512,1283.6763999657705,76800000,0.9,135000,1,sha256:1a43e0ddf8cc02438cc76d27ba1cce86da34109d2e43dcc8ed7c9d581b95b39d,14,sha256:188145e5969edc77757275dded0ac7e0c0c0a60d4e1fc7b8323bf7ce4c129275,150000,20260717T134222171980Z,1444,mask_fragment-n150000-w512-m0900-s1444
mask_fragment,86a3c5594a7b0bd7b33efe4c4ffaf5dc0aa17226,late_mask_fragment,512,1203.7221000064164,76800000,0.9,135000,0,sha256:18bd7fb3b6d02ff88c53bf4a74124c631590d7e276f031a9034dc7f9cb857902,0,sha256:a13abbbed777b22720d5e839acb414ec20f316280c2ee4f08aefd71c4b0e91fa,150000,20260717T134222171980Z,1555,mask_fragment-n150000-w512-m0900-s1555
mask_fragment,86a3c5594a7b0bd7b33efe4c4ffaf5dc0aa17226,early_mask_fragment,512,1255.468600022141,76800000,0.9,135000,1,sha256:1a43e0ddf8cc02438cc76d27ba1cce86da34109d2e43dcc8ed7c9d581b95b39d,0,sha256:a13abbbed777b22720d5e839acb414ec20f316280c2ee4f08aefd71c4b0e91fa,150000,20260717T134222171980Z,1555,mask_fragment-n150000-w512-m0900-s1555
mask_fragment,86a3c5594a7b0bd7b33efe4c4ffaf5dc0aa17226,early_mask_fragment,512,1305.3437999915332,76800000,0.9,135000,0,sha256:1a43e0ddf8cc02438cc76d27ba1cce86da34109d2e43dcc8ed7c9d581b95b39d,1,sha256:a13abbbed777b22720d5e839acb414ec20f316280c2ee4f08aefd71c4b0e91fa,150000,20260717T134222171980Z,1555,mask_fragment-n150000-w512-m0900-s1555
mask_fragment,86a3c5594a7b0bd7b33efe4c4ffaf5dc0aa17226,late_mask_fragment,512,1408.8053000159562,76800000,0.9,135000,1,sha256:18bd7fb3b6d02ff88c53bf4a74124c631590d7e276f031a9034dc7f9cb857902,1,sha256:a13abbbed777b22720d5e839acb414ec20f316280c2ee4f08aefd71c4b0e91fa,150000,20260717T134222171980Z,1555,mask_fragment-n150000-w512-m0900-s1555
mask_fragment,86a3c5594a7b0bd7b33efe4c4ffaf5dc0aa17226,late_mask_fragment,512,1593.8504000077955,76800000,0.9,135000,0,sha256:18bd7fb3b6d02ff88c53bf4a74124c631590d7e276f031a9034dc7f9cb857902,2,sha256:a13abbbed777b22720d5e839acb414ec20f316280c2ee4f08aefd71c4b0e91fa,150000,20260717T134222171980Z,1555,mask_fragment-n150000-w512-m0900-s1555
mask_fragment,86a3c5594a7b0bd7b33efe4c4ffaf5dc0aa17226,early_mask_fragment,512,1258.8566000340506,76800000,0.9,135000,1,sha256:1a43e0ddf8cc02438cc76d27ba1cce86da34109d2e43dcc8ed7c9d581b95b39d,2,sha256:a13abbbed777b22720d5e839acb414ec20f316280c2ee4f08aefd71c4b0e91fa,150000,20260717T134222171980Z,1555,mask_fragment-n150000-w512-m0900-s1555
mask_fragment,86a3c5594a7b0bd7b33efe4c4ffaf5dc0aa17226,early_mask_fragment,512,1231.1273000086658,76800000,0.9,135000,0,sha256:1a43e0ddf8cc02438cc76d27ba1cce86da34109d2e43dcc8ed7c9d581b95b39d,3,sha256:a13abbbed777b22720d5e839acb414ec20f316280c2ee4f08aefd71c4b0e91fa,150000,20260717T134222171980Z,1555,mask_fragment-n150000-w512-m0900-s1555
mask_fragment,86a3c5594a7b0bd7b33efe4c4ffaf5dc0aa17226,late_mask_fragment,512,1139.7499000304379,76800000,0.9,135000,1,sha256:18bd7fb3b6d02ff88c53bf4a74124c631590d7e276f031a9034dc7f9cb857902,3,sha256:a13abbbed777b22720d5e839acb414ec20f316280c2ee4f08aefd71c4b0e91fa,150000,20260717T134222171980Z,1555,mask_fragment-n150000-w512-m0900-s1555
mask_fragment,86a3c5594a7b0bd7b33efe4c4ffaf5dc0aa17226,late_mask_fragment,512,1377.7229000115767,76800000,0.9,135000,0,sha256:18bd7fb3b6d02ff88c53bf4a74124c631590d7e276f031a9034dc7f9cb857902,4,sha256:a13abbbed777b22720d5e839acb414ec20f316280c2ee4f08aefd71c4b0e91fa,150000,20260717T134222171980Z,1555,mask_fragment-n150000-w512-m0900-s1555
mask_fragment,86a3c5594a7b0bd7b33efe4c4ffaf5dc0aa17226,early_mask_fragment,512,1614.2079000128433,76800000,0.9,135000,1,sha256:1a43e0ddf8cc02438cc76d27ba1cce86da34109d2e43dcc8ed7c9d581b95b39d,4,sha256:a13abbbed777b22720d5e839acb414ec20f316280c2ee4f08aefd71c4b0e91fa,150000,20260717T134222171980Z,1555,mask_fragment-n150000-w512-m0900-s1555
mask_fragment,86a3c5594a7b0bd7b33efe4c4ffaf5dc0aa17226,early_mask_fragment,512,1464.711000036914,76800000,0.9,135000,0,sha256:1a43e0ddf8cc02438cc76d27ba1cce86da34109d2e43dcc8ed7c9d581b95b39d,5,sha256:a13abbbed777b22720d5e839acb414ec20f316280c2ee4f08aefd71c4b0e91fa,150000,20260717T134222171980Z,1555,mask_fragment-n150000-w512-m0900-s1555
mask_fragment,86a3c5594a7b0bd7b33efe4c4ffaf5dc0aa17226,late_mask_fragment,512,1518.4376999968663,76800000,0.9,135000,1,sha256:18bd7fb3b6d02ff88c53bf4a74124c631590d7e276f031a9034dc7f9cb857902,5,sha256:a13abbbed777b22720d5e839acb414ec20f316280c2ee4f08aefd71c4b0e91fa,150000,20260717T134222171980Z,1555,mask_fragment-n150000-w512-m0900-s1555
mask_fragment,86a3c5594a7b0bd7b33efe4c4ffaf5dc0aa17226,late_mask_fragment,512,1122.839599964209,76800000,0.9,135000,0,sha256:18bd7fb3b6d02ff88c53bf4a74124c631590d7e276f031a9034dc7f9cb857902,6,sha256:a13abbbed777b22720d5e839acb414ec20f316280c2ee4f08aefd71c4b0e91fa,150000,20260717T134222171980Z,1555,mask_fragment-n150000-w512-m0900-s1555
mask_fragment,86a3c5594a7b0bd7b33efe4c4ffaf5dc0aa17226,early_mask_fragment,512,1075.4961000056937,76800000,0.9,135000,1,sha256:1a43e0ddf8cc02438cc76d27ba1cce86da34109d2e43dcc8ed7c9d581b95b39d,6,sha256:a13abbbed777b22720d5e839acb414ec20f316280c2ee4f08aefd71c4b0e91fa,150000,20260717T134222171980Z,1555,mask_fragment-n150000-w512-m0900-s1555
mask_fragment,86a3c5594a7b0bd7b33efe4c4ffaf5dc0aa17226,early_mask_fragment,512,1229.9381999764591,76800000,0.9,135000,0,sha256:1a43e0ddf8cc02438cc76d27ba1cce86da34109d2e43dcc8ed7c9d581b95b39d,7,sha256:a13abbbed777b22720d5e839acb414ec20f316280c2ee4f08aefd71c4b0e91fa,150000,20260717T134222171980Z,1555,mask_fragment-n150000-w512-m0900-s1555
mask_fragment,86a3c5594a7b0bd7b33efe4c4ffaf5dc0aa17226,late_mask_fragment,512,1057.1283000172116,76800000,0.9,135000,1,sha256:18bd7fb3b6d02ff88c53bf4a74124c631590d7e276f031a9034dc7f9cb857902,7,sha256:a13abbbed777b22720d5e839acb414ec20f316280c2ee4f08aefd71c4b0e91fa,150000,20260717T134222171980Z,1555,mask_fragment-n150000-w512-m0900-s1555
mask_fragment,86a3c5594a7b0bd7b33efe4c4ffaf5dc0aa17226,late_mask_fragment,512,1369.8146999813616,76800000,0.9,135000,0,sha256:18bd7fb3b6d02ff88c53bf4a74124c631590d7e276f031a9034dc7f9cb857902,8,sha256:a13abbbed777b22720d5e839acb414ec20f316280c2ee4f08aefd71c4b0e91fa,150000,20260717T134222171980Z,1555,mask_fragment-n150000-w512-m0900-s1555
mask_fragment,86a3c5594a7b0bd7b33efe4c4ffaf5dc0aa17226,early_mask_fragment,512,1009.043300000485,76800000,0.9,135000,1,sha256:1a43e0ddf8cc02438cc76d27ba1cce86da34109d2e43dcc8ed7c9d581b95b39d,8,sha256:a13abbbed777b22720d5e839acb414ec20f316280c2ee4f08aefd71c4b0e91fa,150000,20260717T134222171980Z,1555,mask_fragment-n150000-w512-m0900-s1555
mask_fragment,86a3c5594a7b0bd7b33efe4c4ffaf5dc0aa17226,early_mask_fragment,512,1180.0638000131585,76800000,0.9,135000,0,sha256:1a43e0ddf8cc02438cc76d27ba1cce86da34109d2e43dcc8ed7c9d581b95b39d,9,sha256:a13abbbed777b22720d5e839acb414ec20f316280c2ee4f08aefd71c4b0e91fa,150000,20260717T134222171980Z,1555,mask_fragment-n150000-w512-m0900-s1555
mask_fragment,86a3c5594a7b0bd7b33efe4c4ffaf5dc0aa17226,late_mask_fragment,512,1129.405899962876,76800000,0.9,135000,1,sha256:18bd7fb3b6d02ff88c53bf4a74124c631590d7e276f031a9034dc7f9cb857902,9,sha256:a13abbbed777b22720d5e839acb414ec20f316280c2ee4f08aefd71c4b0e91fa,150000,20260717T134222171980Z,1555,mask_fragment-n150000-w512-m0900-s1555
mask_fragment,86a3c5594a7b0bd7b33efe4c4ffaf5dc0aa17226,late_mask_fragment,512,1190.087000024505,76800000,0.9,135000,0,sha256:18bd7fb3b6d02ff88c53bf4a74124c631590d7e276f031a9034dc7f9cb857902,10,sha256:a13abbbed777b22720d5e839acb414ec20f316280c2ee4f08aefd71c4b0e91fa,150000,20260717T134222171980Z,1555,mask_fragment-n150000-w512-m0900-s1555
mask_fragment,86a3c5594a7b0bd7b33efe4c4ffaf5dc0aa17226,early_mask_fragment,512,1222.7059999713674,76800000,0.9,135000,1,sha256:1a43e0ddf8cc02438cc76d27ba1cce86da34109d2e43dcc8ed7c9d581b95b39d,10,sha256:a13abbbed777b22720d5e839acb414ec20f316280c2ee4f08aefd71c4b0e91fa,150000,20260717T134222171980Z,1555,mask_fragment-n150000-w512-m0900-s1555
mask_fragment,86a3c5594a7b0bd7b33efe4c4ffaf5dc0aa17226,early_mask_fragment,512,1198.3503000228666,76800000,0.9,135000,0,sha256:1a43e0ddf8cc02438cc76d27ba1cce86da34109d2e43dcc8ed7c9d581b95b39d,11,sha256:a13abbbed777b22720d5e839acb414ec20f316280c2ee4f08aefd71c4b0e91fa,150000,20260717T134222171980Z,1555,mask_fragment-n150000-w512-m0900-s1555
mask_fragment,86a3c5594a7b0bd7b33efe4c4ffaf5dc0aa17226,late_mask_fragment,512,1148.8594000111334,76800000,0.9,135000,1,sha256:18bd7fb3b6d02ff88c53bf4a74124c631590d7e276f031a9034dc7f9cb857902,11,sha256:a13abbbed777b22720d5e839acb414ec20f316280c2ee4f08aefd71c4b0e91fa,150000,20260717T134222171980Z,1555,mask_fragment-n150000-w512-m0900-s1555
mask_fragment,86a3c5594a7b0bd7b33efe4c4ffaf5dc0aa17226,late_mask_fragment,512,1063.882199989166,76800000,0.9,135000,0,sha256:18bd7fb3b6d02ff88c53bf4a74124c631590d7e276f031a9034dc7f9cb857902,12,sha256:a13abbbed777b22720d5e839acb414ec20f316280c2ee4f08aefd71c4b0e91fa,150000,20260717T134222171980Z,1555,mask_fragment-n150000-w512-m0900-s1555
mask_fragment,86a3c5594a7b0bd7b33efe4c4ffaf5dc0aa17226,early_mask_fragment,512,1214.6208999911323,76800000,0.9,135000,1,sha256:1a43e0ddf8cc02438cc76d27ba1cce86da34109d2e43dcc8ed7c9d581b95b39d,12,sha256:a13abbbed777b22720d5e839acb414ec20f316280c2ee4f08aefd71c4b0e91fa,150000,20260717T134222171980Z,1555,mask_fragment-n150000-w512-m0900-s1555
mask_fragment,86a3c5594a7b0bd7b33efe4c4ffaf5dc0aa17226,early_mask_fragment,512,1241.6022999677807,76800000,0.9,135000,0,sha256:1a43e0ddf8cc02438cc76d27ba1cce86da34109d2e43dcc8ed7c9d581b95b39d,13,sha256:a13abbbed777b22720d5e839acb414ec20f316280c2ee4f08aefd71c4b0e91fa,150000,20260717T134222171980Z,1555,mask_fragment-n150000-w512-m0900-s1555
mask_fragment,86a3c5594a7b0bd7b33efe4c4ffaf5dc0aa17226,late_mask_fragment,512,1114.8149999789894,76800000,0.9,135000,1,sha256:18bd7fb3b6d02ff88c53bf4a74124c631590d7e276f031a9034dc7f9cb857902,13,sha256:a13abbbed777b22720d5e839acb414ec20f316280c2ee4f08aefd71c4b0e91fa,150000,20260717T134222171980Z,1555,mask_fragment-n150000-w512-m0900-s1555
mask_fragment,86a3c5594a7b0bd7b33efe4c4ffaf5dc0aa17226,late_mask_fragment,512,1266.0860999603756,76800000,0.9,135000,0,sha256:18bd7fb3b6d02ff88c53bf4a74124c631590d7e276f031a9034dc7f9cb857902,14,sha256:a13abbbed777b22720d5e839acb414ec20f316280c2ee4f08aefd71c4b0e91fa,150000,20260717T134222171980Z,1555,mask_fragment-n150000-w512-m0900-s1555
mask_fragment,86a3c5594a7b0bd7b33efe4c4ffaf5dc0aa17226,early_mask_fragment,512,1251.22440000996,76800000,0.9,135000,1,sha256:1a43e0ddf8cc02438cc76d27ba1cce86da34109d2e43dcc8ed7c9d581b95b39d,14,sha256:a13abbbed777b22720d5e839acb414ec20f316280c2ee4f08aefd71c4b0e91fa,150000,20260717T134222171980Z,1555,mask_fragment-n150000-w512-m0900-s1555
mask_fragment,86a3c5594a7b0bd7b33efe4c4ffaf5dc0aa17226,late_mask_fragment,512,1220.986099971924,76800000,1.0,150000,0,sha256:92b825cb6ca6efd8c921ae328d9dcd567e5fc1cecda65d185180a168e33b45c9,0,sha256:80c364ee5da929cff96610be4c6357e82b468154b0a0f0489a9e84d9fd8e8509,150000,20260717T134222171980Z,1111,mask_fragment-n150000-w512-m1000-s1111
mask_fragment,86a3c5594a7b0bd7b33efe4c4ffaf5dc0aa17226,early_mask_fragment,512,1534.689399995841,76800000,1.0,150000,1,sha256:1a43e0ddf8cc02438cc76d27ba1cce86da34109d2e43dcc8ed7c9d581b95b39d,0,sha256:80c364ee5da929cff96610be4c6357e82b468154b0a0f0489a9e84d9fd8e8509,150000,20260717T134222171980Z,1111,mask_fragment-n150000-w512-m1000-s1111
mask_fragment,86a3c5594a7b0bd7b33efe4c4ffaf5dc0aa17226,early_mask_fragment,512,1350.0905000255443,76800000,1.0,150000,0,sha256:1a43e0ddf8cc02438cc76d27ba1cce86da34109d2e43dcc8ed7c9d581b95b39d,1,sha256:80c364ee5da929cff96610be4c6357e82b468154b0a0f0489a9e84d9fd8e8509,150000,20260717T134222171980Z,1111,mask_fragment-n150000-w512-m1000-s1111
mask_fragment,86a3c5594a7b0bd7b33efe4c4ffaf5dc0aa17226,late_mask_fragment,512,1107.1896000066772,76800000,1.0,150000,1,sha256:92b825cb6ca6efd8c921ae328d9dcd567e5fc1cecda65d185180a168e33b45c9,1,sha256:80c364ee5da929cff96610be4c6357e82b468154b0a0f0489a9e84d9fd8e8509,150000,20260717T134222171980Z,1111,mask_fragment-n150000-w512-m1000-s1111
mask_fragment,86a3c5594a7b0bd7b33efe4c4ffaf5dc0aa17226,late_mask_fragment,512,1052.004199998919,76800000,1.0,150000,0,sha256:92b825cb6ca6efd8c921ae328d9dcd567e5fc1cecda65d185180a168e33b45c9,2,sha256:80c364ee5da929cff96610be4c6357e82b468154b0a0f0489a9e84d9fd8e8509,150000,20260717T134222171980Z,1111,mask_fragment-n150000-w512-m1000-s1111
mask_fragment,86a3c5594a7b0bd7b33efe4c4ffaf5dc0aa17226,early_mask_fragment,512,1039.7101999842562,76800000,1.0,150000,1,sha256:1a43e0ddf8cc02438cc76d27ba1cce86da34109d2e43dcc8ed7c9d581b95b39d,2,sha256:80c364ee5da929cff96610be4c6357e82b468154b0a0f0489a9e84d9fd8e8509,150000,20260717T134222171980Z,1111,mask_fragment-n150000-w512-m1000-s1111
mask_fragment,86a3c5594a7b0bd7b33efe4c4ffaf5dc0aa17226,early_mask_fragment,512,1036.6057000355795,76800000,1.0,150000,0,sha256:1a43e0ddf8cc02438cc76d27ba1cce86da34109d2e43dcc8ed7c9d581b95b39d,3,sha256:80c364ee5da929cff96610be4c6357e82b468154b0a0f0489a9e84d9fd8e8509,150000,20260717T134222171980Z,1111,mask_fragment-n150000-w512-m1000-s1111
mask_fragment,86a3c5594a7b0bd7b33efe4c4ffaf5dc0aa17226,late_mask_fragment,512,1066.7197000002488,76800000,1.0,150000,1,sha256:92b825cb6ca6efd8c921ae328d9dcd567e5fc1cecda65d185180a168e33b45c9,3,sha256:80c364ee5da929cff96610be4c6357e82b468154b0a0f0489a9e84d9fd8e8509,150000,20260717T134222171980Z,1111,mask_fragment-n150000-w512-m1000-s1111
mask_fragment,86a3c5594a7b0bd7b33efe4c4ffaf5dc0aa17226,late_mask_fragment,512,1059.5637999940664,76800000,1.0,150000,0,sha256:92b825cb6ca6efd8c921ae328d9dcd567e5fc1cecda65d185180a168e33b45c9,4,sha256:80c364ee5da929cff96610be4c6357e82b468154b0a0f0489a9e84d9fd8e8509,150000,20260717T134222171980Z,1111,mask_fragment-n150000-w512-m1000-s1111
mask_fragment,86a3c5594a7b0bd7b33efe4c4ffaf5dc0aa17226,early_mask_fragment,512,1187.9170999745838,76800000,1.0,150000,1,sha256:1a43e0ddf8cc02438cc76d27ba1cce86da34109d2e43dcc8ed7c9d581b95b39d,4,sha256:80c364ee5da929cff96610be4c6357e82b468154b0a0f0489a9e84d9fd8e8509,150000,20260717T134222171980Z,1111,mask_fragment-n150000-w512-m1000-s1111
mask_fragment,86a3c5594a7b0bd7b33efe4c4ffaf5dc0aa17226,early_mask_fragment,512,1560.8041999512352,76800000,1.0,150000,0,sha256:1a43e0ddf8cc02438cc76d27ba1cce86da34109d2e43dcc8ed7c9d581b95b39d,5,sha256:80c364ee5da929cff96610be4c6357e82b468154b0a0f0489a9e84d9fd8e8509,150000,20260717T134222171980Z,1111,mask_fragment-n150000-w512-m1000-s1111
mask_fragment,86a3c5594a7b0bd7b33efe4c4ffaf5dc0aa17226,late_mask_fragment,512,1330.1632999791764,76800000,1.0,150000,1,sha256:92b825cb6ca6efd8c921ae328d9dcd567e5fc1cecda65d185180a168e33b45c9,5,sha256:80c364ee5da929cff96610be4c6357e82b468154b0a0f0489a9e84d9fd8e8509,150000,20260717T134222171980Z,1111,mask_fragment-n150000-w512-m1000-s1111
mask_fragment,86a3c5594a7b0bd7b33efe4c4ffaf5dc0aa17226,late_mask_fragment,512,1284.433699969668,76800000,1.0,150000,0,sha256:92b825cb6ca6efd8c921ae328d9dcd567e5fc1cecda65d185180a168e33b45c9,6,sha256:80c364ee5da929cff96610be4c6357e82b468154b0a0f0489a9e84d9fd8e8509,150000,20260717T134222171980Z,1111,mask_fragment-n150000-w512-m1000-s1111
mask_fragment,86a3c5594a7b0bd7b33efe4c4ffaf5dc0aa17226,early_mask_fragment,512,1286.1925000324845,76800000,1.0,150000,1,sha256:1a43e0ddf8cc02438cc76d27ba1cce86da34109d2e43dcc8ed7c9d581b95b39d,6,sha256:80c364ee5da929cff96610be4c6357e82b468154b0a0f0489a9e84d9fd8e8509,150000,20260717T134222171980Z,1111,mask_fragment-n150000-w512-m1000-s1111
mask_fragment,86a3c5594a7b0bd7b33efe4c4ffaf5dc0aa17226,early_mask_fragment,512,1325.4370000213385,76800000,1.0,150000,0,sha256:1a43e0ddf8cc02438cc76d27ba1cce86da34109d2e43dcc8ed7c9d581b95b39d,7,sha256:80c364ee5da929cff96610be4c6357e82b468154b0a0f0489a9e84d9fd8e8509,150000,20260717T134222171980Z,1111,mask_fragment-n150000-w512-m1000-s1111
mask_fragment,86a3c5594a7b0bd7b33efe4c4ffaf5dc0aa17226,late_mask_fragment,512,1359.9492000066675,76800000,1.0,150000,1,sha256:92b825cb6ca6efd8c921ae328d9dcd567e5fc1cecda65d185180a168e33b45c9,7,sha256:80c364ee5da929cff96610be4c6357e82b468154b0a0f0489a9e84d9fd8e8509,150000,20260717T134222171980Z,1111,mask_fragment-n150000-w512-m1000-s1111
mask_fragment,86a3c5594a7b0bd7b33efe4c4ffaf5dc0aa17226,late_mask_fragment,512,1648.2141999877058,76800000,1.0,150000,0,sha256:92b825cb6ca6efd8c921ae328d9dcd567e5fc1cecda65d185180a168e33b45c9,8,sha256:80c364ee5da929cff96610be4c6357e82b468154b0a0f0489a9e84d9fd8e8509,150000,20260717T134222171980Z,1111,mask_fragment-n150000-w512-m1000-s1111
mask_fragment,86a3c5594a7b0bd7b33efe4c4ffaf5dc0aa17226,early_mask_fragment,512,1554.7370999702252,76800000,1.0,150000,1,sha256:1a43e0ddf8cc02438cc76d27ba1cce86da34109d2e43dcc8ed7c9d581b95b39d,8,sha256:80c364ee5da929cff96610be4c6357e82b468154b0a0f0489a9e84d9fd8e8509,150000,20260717T134222171980Z,1111,mask_fragment-n150000-w512-m1000-s1111
mask_fragment,86a3c5594a7b0bd7b33efe4c4ffaf5dc0aa17226,early_mask_fragment,512,1226.5016000019386,76800000,1.0,150000,0,sha256:1a43e0ddf8cc02438cc76d27ba1cce86da34109d2e43dcc8ed7c9d581b95b39d,9,sha256:80c364ee5da929cff96610be4c6357e82b468154b0a0f0489a9e84d9fd8e8509,150000,20260717T134222171980Z,1111,mask_fragment-n150000-w512-m1000-s1111
mask_fragment,86a3c5594a7b0bd7b33efe4c4ffaf5dc0aa17226,late_mask_fragment,512,1086.8034000159241,76800000,1.0,150000,1,sha256:92b825cb6ca6efd8c921ae328d9dcd567e5fc1cecda65d185180a168e33b45c9,9,sha256:80c364ee5da929cff96610be4c6357e82b468154b0a0f0489a9e84d9fd8e8509,150000,20260717T134222171980Z,1111,mask_fragment-n150000-w512-m1000-s1111
mask_fragment,86a3c5594a7b0bd7b33efe4c4ffaf5dc0aa17226,late_mask_fragment,512,1181.3926000031643,76800000,1.0,150000,0,sha256:92b825cb6ca6efd8c921ae328d9dcd567e5fc1cecda65d185180a168e33b45c9,10,sha256:80c364ee5da929cff96610be4c6357e82b468154b0a0f0489a9e84d9fd8e8509,150000,20260717T134222171980Z,1111,mask_fragment-n150000-w512-m1000-s1111
mask_fragment,86a3c5594a7b0bd7b33efe4c4ffaf5dc0aa17226,early_mask_fragment,512,1222.0617000130005,76800000,1.0,150000,1,sha256:1a43e0ddf8cc02438cc76d27ba1cce86da34109d2e43dcc8ed7c9d581b95b39d,10,sha256:80c364ee5da929cff96610be4c6357e82b468154b0a0f0489a9e84d9fd8e8509,150000,20260717T134222171980Z,1111,mask_fragment-n150000-w512-m1000-s1111
mask_fragment,86a3c5594a7b0bd7b33efe4c4ffaf5dc0aa17226,early_mask_fragment,512,1218.9948999439366,76800000,1.0,150000,0,sha256:1a43e0ddf8cc02438cc76d27ba1cce86da34109d2e43dcc8ed7c9d581b95b39d,11,sha256:80c364ee5da929cff96610be4c6357e82b468154b0a0f0489a9e84d9fd8e8509,150000,20260717T134222171980Z,1111,mask_fragment-n150000-w512-m1000-s1111
mask_fragment,86a3c5594a7b0bd7b33efe4c4ffaf5dc0aa17226,late_mask_fragment,512,1202.9185999999754,76800000,1.0,150000,1,sha256:92b825cb6ca6efd8c921ae328d9dcd567e5fc1cecda65d185180a168e33b45c9,11,sha256:80c364ee5da929cff96610be4c6357e82b468154b0a0f0489a9e84d9fd8e8509,150000,20260717T134222171980Z,1111,mask_fragment-n150000-w512-m1000-s1111
mask_fragment,86a3c5594a7b0bd7b33efe4c4ffaf5dc0aa17226,late_mask_fragment,512,1186.3748999894597,76800000,1.0,150000,0,sha256:92b825cb6ca6efd8c921ae328d9dcd567e5fc1cecda65d185180a168e33b45c9,12,sha256:80c364ee5da929cff96610be4c6357e82b468154b0a0f0489a9e84d9fd8e8509,150000,20260717T134222171980Z,1111,mask_fragment-n150000-w512-m1000-s1111
mask_fragment,86a3c5594a7b0bd7b33efe4c4ffaf5dc0aa17226,early_mask_fragment,512,1050.183699990157,76800000,1.0,150000,1,sha256:1a43e0ddf8cc02438cc76d27ba1cce86da34109d2e43dcc8ed7c9d581b95b39d,12,sha256:80c364ee5da929cff96610be4c6357e82b468154b0a0f0489a9e84d9fd8e8509,150000,20260717T134222171980Z,1111,mask_fragment-n150000-w512-m1000-s1111
mask_fragment,86a3c5594a7b0bd7b33efe4c4ffaf5dc0aa17226,early_mask_fragment,512,1297.2824000171386,76800000,1.0,150000,0,sha256:1a43e0ddf8cc02438cc76d27ba1cce86da34109d2e43dcc8ed7c9d581b95b39d,13,sha256:80c364ee5da929cff96610be4c6357e82b468154b0a0f0489a9e84d9fd8e8509,150000,20260717T134222171980Z,1111,mask_fragment-n150000-w512-m1000-s1111
mask_fragment,86a3c5594a7b0bd7b33efe4c4ffaf5dc0aa17226,late_mask_fragment,512,1202.9189000022598,76800000,1.0,150000,1,sha256:92b825cb6ca6efd8c921ae328d9dcd567e5fc1cecda65d185180a168e33b45c9,13,sha256:80c364ee5da929cff96610be4c6357e82b468154b0a0f0489a9e84d9fd8e8509,150000,20260717T134222171980Z,1111,mask_fragment-n150000-w512-m1000-s1111
mask_fragment,86a3c5594a7b0bd7b33efe4c4ffaf5dc0aa17226,late_mask_fragment,512,1160.613900050521,76800000,1.0,150000,0,sha256:92b825cb6ca6efd8c921ae328d9dcd567e5fc1cecda65d185180a168e33b45c9,14,sha256:80c364ee5da929cff96610be4c6357e82b468154b0a0f0489a9e84d9fd8e8509,150000,20260717T134222171980Z,1111,mask_fragment-n150000-w512-m1000-s1111
mask_fragment,86a3c5594a7b0bd7b33efe4c4ffaf5dc0aa17226,early_mask_fragment,512,1360.1713000098243,76800000,1.0,150000,1,sha256:1a43e0ddf8cc02438cc76d27ba1cce86da34109d2e43dcc8ed7c9d581b95b39d,14,sha256:80c364ee5da929cff96610be4c6357e82b468154b0a0f0489a9e84d9fd8e8509,150000,20260717T134222171980Z,1111,mask_fragment-n150000-w512-m1000-s1111
mask_fragment,86a3c5594a7b0bd7b33efe4c4ffaf5dc0aa17226,late_mask_fragment,512,1593.582100002095,76800000,1.0,150000,0,sha256:92b825cb6ca6efd8c921ae328d9dcd567e5fc1cecda65d185180a168e33b45c9,0,sha256:ed102c37d89dfc74cecf4b4bd54e9c14863277658ff57ce49d40a3960973c20a,150000,20260717T134222171980Z,1222,mask_fragment-n150000-w512-m1000-s1222
mask_fragment,86a3c5594a7b0bd7b33efe4c4ffaf5dc0aa17226,early_mask_fragment,512,1199.5922999922186,76800000,1.0,150000,1,sha256:1a43e0ddf8cc02438cc76d27ba1cce86da34109d2e43dcc8ed7c9d581b95b39d,0,sha256:ed102c37d89dfc74cecf4b4bd54e9c14863277658ff57ce49d40a3960973c20a,150000,20260717T134222171980Z,1222,mask_fragment-n150000-w512-m1000-s1222
mask_fragment,86a3c5594a7b0bd7b33efe4c4ffaf5dc0aa17226,early_mask_fragment,512,1060.4789000353776,76800000,1.0,150000,0,sha256:1a43e0ddf8cc02438cc76d27ba1cce86da34109d2e43dcc8ed7c9d581b95b39d,1,sha256:ed102c37d89dfc74cecf4b4bd54e9c14863277658ff57ce49d40a3960973c20a,150000,20260717T134222171980Z,1222,mask_fragment-n150000-w512-m1000-s1222
mask_fragment,86a3c5594a7b0bd7b33efe4c4ffaf5dc0aa17226,late_mask_fragment,512,1060.0844000000507,76800000,1.0,150000,1,sha256:92b825cb6ca6efd8c921ae328d9dcd567e5fc1cecda65d185180a168e33b45c9,1,sha256:ed102c37d89dfc74cecf4b4bd54e9c14863277658ff57ce49d40a3960973c20a,150000,20260717T134222171980Z,1222,mask_fragment-n150000-w512-m1000-s1222
mask_fragment,86a3c5594a7b0bd7b33efe4c4ffaf5dc0aa17226,late_mask_fragment,512,1030.710100021679,76800000,1.0,150000,0,sha256:92b825cb6ca6efd8c921ae328d9dcd567e5fc1cecda65d185180a168e33b45c9,2,sha256:ed102c37d89dfc74cecf4b4bd54e9c14863277658ff57ce49d40a3960973c20a,150000,20260717T134222171980Z,1222,mask_fragment-n150000-w512-m1000-s1222
mask_fragment,86a3c5594a7b0bd7b33efe4c4ffaf5dc0aa17226,early_mask_fragment,512,1138.677800016012,76800000,1.0,150000,1,sha256:1a43e0ddf8cc02438cc76d27ba1cce86da34109d2e43dcc8ed7c9d581b95b39d,2,sha256:ed102c37d89dfc74cecf4b4bd54e9c14863277658ff57ce49d40a3960973c20a,150000,20260717T134222171980Z,1222,mask_fragment-n150000-w512-m1000-s1222
mask_fragment,86a3c5594a7b0bd7b33efe4c4ffaf5dc0aa17226,early_mask_fragment,512,1343.6055000056513,76800000,1.0,150000,0,sha256:1a43e0ddf8cc02438cc76d27ba1cce86da34109d2e43dcc8ed7c9d581b95b39d,3,sha256:ed102c37d89dfc74cecf4b4bd54e9c14863277658ff57ce49d40a3960973c20a,150000,20260717T134222171980Z,1222,mask_fragment-n150000-w512-m1000-s1222
mask_fragment,86a3c5594a7b0bd7b33efe4c4ffaf5dc0aa17226,late_mask_fragment,512,1208.5032999748364,76800000,1.0,150000,1,sha256:92b825cb6ca6efd8c921ae328d9dcd567e5fc1cecda65d185180a168e33b45c9,3,sha256:ed102c37d89dfc74cecf4b4bd54e9c14863277658ff57ce49d40a3960973c20a,150000,20260717T134222171980Z,1222,mask_fragment-n150000-w512-m1000-s1222
mask_fragment,86a3c5594a7b0bd7b33efe4c4ffaf5dc0aa17226,late_mask_fragment,512,1229.022099985741,76800000,1.0,150000,0,sha256:92b825cb6ca6efd8c921ae328d9dcd567e5fc1cecda65d185180a168e33b45c9,4,sha256:ed102c37d89dfc74cecf4b4bd54e9c14863277658ff57ce49d40a3960973c20a,150000,20260717T134222171980Z,1222,mask_fragment-n150000-w512-m1000-s1222
mask_fragment,86a3c5594a7b0bd7b33efe4c4ffaf5dc0aa17226,early_mask_fragment,512,1241.6004000115208,76800000,1.0,150000,1,sha256:1a43e0ddf8cc02438cc76d27ba1cce86da34109d2e43dcc8ed7c9d581b95b39d,4,sha256:ed102c37d89dfc74cecf4b4bd54e9c14863277658ff57ce49d40a3960973c20a,150000,20260717T134222171980Z,1222,mask_fragment-n150000-w512-m1000-s1222
mask_fragment,86a3c5594a7b0bd7b33efe4c4ffaf5dc0aa17226,early_mask_fragment,512,1068.2708999956958,76800000,1.0,150000,0,sha256:1a43e0ddf8cc02438cc76d27ba1cce86da34109d2e43dcc8ed7c9d581b95b39d,5,sha256:ed102c37d89dfc74cecf4b4bd54e9c14863277658ff57ce49d40a3960973c20a,150000,20260717T134222171980Z,1222,mask_fragment-n150000-w512-m1000-s1222
mask_fragment,86a3c5594a7b0bd7b33efe4c4ffaf5dc0aa17226,late_mask_fragment,512,1205.4077999782749,76800000,1.0,150000,1,sha256:92b825cb6ca6efd8c921ae328d9dcd567e5fc1cecda65d185180a168e33b45c9,5,sha256:ed102c37d89dfc74cecf4b4bd54e9c14863277658ff57ce49d40a3960973c20a,150000,20260717T134222171980Z,1222,mask_fragment-n150000-w512-m1000-s1222
mask_fragment,86a3c5594a7b0bd7b33efe4c4ffaf5dc0aa17226,late_mask_fragment,512,1095.2829999732785,76800000,1.0,150000,0,sha256:92b825cb6ca6efd8c921ae328d9dcd567e5fc1cecda65d185180a168e33b45c9,6,sha256:ed102c37d89dfc74cecf4b4bd54e9c14863277658ff57ce49d40a3960973c20a,150000,20260717T134222171980Z,1222,mask_fragment-n150000-w512-m1000-s1222
mask_fragment,86a3c5594a7b0bd7b33efe4c4ffaf5dc0aa17226,early_mask_fragment,512,1039.1154999961145,76800000,1.0,150000,1,sha256:1a43e0ddf8cc02438cc76d27ba1cce86da34109d2e43dcc8ed7c9d581b95b39d,6,sha256:ed102c37d89dfc74cecf4b4bd54e9c14863277658ff57ce49d40a3960973c20a,150000,20260717T134222171980Z,1222,mask_fragment-n150000-w512-m1000-s1222
mask_fragment,86a3c5594a7b0bd7b33efe4c4ffaf5dc0aa17226,early_mask_fragment,512,1227.765100018587,76800000,1.0,150000,0,sha256:1a43e0ddf8cc02438cc76d27ba1cce86da34109d2e43dcc8ed7c9d581b95b39d,7,sha256:ed102c37d89dfc74cecf4b4bd54e9c14863277658ff57ce49d40a3960973c20a,150000,20260717T134222171980Z,1222,mask_fragment-n150000-w512-m1000-s1222
mask_fragment,86a3c5594a7b0bd7b33efe4c4ffaf5dc0aa17226,late_mask_fragment,512,1219.8705999762751,76800000,1.0,150000,1,sha256:92b825cb6ca6efd8c921ae328d9dcd567e5fc1cecda65d185180a168e33b45c9,7,sha256:ed102c37d89dfc74cecf4b4bd54e9c14863277658ff57ce49d40a3960973c20a,150000,20260717T134222171980Z,1222,mask_fragment-n150000-w512-m1000-s1222
mask_fragment,86a3c5594a7b0bd7b33efe4c4ffaf5dc0aa17226,late_mask_fragment,512,1165.2151999878697,76800000,1.0,150000,0,sha256:92b825cb6ca6efd8c921ae328d9dcd567e5fc1cecda65d185180a168e33b45c9,8,sha256:ed102c37d89dfc74cecf4b4bd54e9c14863277658ff57ce49d40a3960973c20a,150000,20260717T134222171980Z,1222,mask_fragment-n150000-w512-m1000-s1222
mask_fragment,86a3c5594a7b0bd7b33efe4c4ffaf5dc0aa17226,early_mask_fragment,512,1461.7453999817371,76800000,1.0,150000,1,sha256:1a43e0ddf8cc02438cc76d27ba1cce86da34109d2e43dcc8ed7c9d581b95b39d,8,sha256:ed102c37d89dfc74cecf4b4bd54e9c14863277658ff57ce49d40a3960973c20a,150000,20260717T134222171980Z,1222,mask_fragment-n150000-w512-m1000-s1222
mask_fragment,86a3c5594a7b0bd7b33efe4c4ffaf5dc0aa17226,early_mask_fragment,512,1362.1463000308722,76800000,1.0,150000,0,sha256:1a43e0ddf8cc02438cc76d27ba1cce86da34109d2e43dcc8ed7c9d581b95b39d,9,sha256:ed102c37d89dfc74cecf4b4bd54e9c14863277658ff57ce49d40a3960973c20a,150000,20260717T134222171980Z,1222,mask_fragment-n150000-w512-m1000-s1222
mask_fragment,86a3c5594a7b0bd7b33efe4c4ffaf5dc0aa17226,late_mask_fragment,512,1308.4374999743886,76800000,1.0,150000,1,sha256:92b825cb6ca6efd8c921ae328d9dcd567e5fc1cecda65d185180a168e33b45c9,9,sha256:ed102c37d89dfc74cecf4b4bd54e9c14863277658ff57ce49d40a3960973c20a,150000,20260717T134222171980Z,1222,mask_fragment-n150000-w512-m1000-s1222
mask_fragment,86a3c5594a7b0bd7b33efe4c4ffaf5dc0aa17226,late_mask_fragment,512,1307.2251999983564,76800000,1.0,150000,0,sha256:92b825cb6ca6efd8c921ae328d9dcd567e5fc1cecda65d185180a168e33b45c9,10,sha256:ed102c37d89dfc74cecf4b4bd54e9c14863277658ff57ce49d40a3960973c20a,150000,20260717T134222171980Z,1222,mask_fragment-n150000-w512-m1000-s1222
mask_fragment,86a3c5594a7b0bd7b33efe4c4ffaf5dc0aa17226,early_mask_fragment,512,1312.1821000240743,76800000,1.0,150000,1,sha256:1a43e0ddf8cc02438cc76d27ba1cce86da34109d2e43dcc8ed7c9d581b95b39d,10,sha256:ed102c37d89dfc74cecf4b4bd54e9c14863277658ff57ce49d40a3960973c20a,150000,20260717T134222171980Z,1222,mask_fragment-n150000-w512-m1000-s1222
mask_fragment,86a3c5594a7b0bd7b33efe4c4ffaf5dc0aa17226,early_mask_fragment,512,1596.2382999714464,76800000,1.0,150000,0,sha256:1a43e0ddf8cc02438cc76d27ba1cce86da34109d2e43dcc8ed7c9d581b95b39d,11,sha256:ed102c37d89dfc74cecf4b4bd54e9c14863277658ff57ce49d40a3960973c20a,150000,20260717T134222171980Z,1222,mask_fragment-n150000-w512-m1000-s1222
mask_fragment,86a3c5594a7b0bd7b33efe4c4ffaf5dc0aa17226,late_mask_fragment,512,1516.7782999924384,76800000,1.0,150000,1,sha256:92b825cb6ca6efd8c921ae328d9dcd567e5fc1cecda65d185180a168e33b45c9,11,sha256:ed102c37d89dfc74cecf4b4bd54e9c14863277658ff57ce49d40a3960973c20a,150000,20260717T134222171980Z,1222,mask_fragment-n150000-w512-m1000-s1222
mask_fragment,86a3c5594a7b0bd7b33efe4c4ffaf5dc0aa17226,late_mask_fragment,512,1747.334800020326,76800000,1.0,150000,0,sha256:92b825cb6ca6efd8c921ae328d9dcd567e5fc1cecda65d185180a168e33b45c9,12,sha256:ed102c37d89dfc74cecf4b4bd54e9c14863277658ff57ce49d40a3960973c20a,150000,20260717T134222171980Z,1222,mask_fragment-n150000-w512-m1000-s1222
mask_fragment,86a3c5594a7b0bd7b33efe4c4ffaf5dc0aa17226,early_mask_fragment,512,1553.4349999506958,76800000,1.0,150000,1,sha256:1a43e0ddf8cc02438cc76d27ba1cce86da34109d2e43dcc8ed7c9d581b95b39d,12,sha256:ed102c37d89dfc74cecf4b4bd54e9c14863277658ff57ce49d40a3960973c20a,150000,20260717T134222171980Z,1222,mask_fragment-n150000-w512-m1000-s1222
mask_fragment,86a3c5594a7b0bd7b33efe4c4ffaf5dc0aa17226,early_mask_fragment,512,1549.678799987305,76800000,1.0,150000,0,sha256:1a43e0ddf8cc02438cc76d27ba1cce86da34109d2e43dcc8ed7c9d581b95b39d,13,sha256:ed102c37d89dfc74cecf4b4bd54e9c14863277658ff57ce49d40a3960973c20a,150000,20260717T134222171980Z,1222,mask_fragment-n150000-w512-m1000-s1222
mask_fragment,86a3c5594a7b0bd7b33efe4c4ffaf5dc0aa17226,late_mask_fragment,512,1392.481399991084,76800000,1.0,150000,1,sha256:92b825cb6ca6efd8c921ae328d9dcd567e5fc1cecda65d185180a168e33b45c9,13,sha256:ed102c37d89dfc74cecf4b4bd54e9c14863277658ff57ce49d40a3960973c20a,150000,20260717T134222171980Z,1222,mask_fragment-n150000-w512-m1000-s1222
mask_fragment,86a3c5594a7b0bd7b33efe4c4ffaf5dc0aa17226,late_mask_fragment,512,1417.068200011272,76800000,1.0,150000,0,sha256:92b825cb6ca6efd8c921ae328d9dcd567e5fc1cecda65d185180a168e33b45c9,14,sha256:ed102c37d89dfc74cecf4b4bd54e9c14863277658ff57ce49d40a3960973c20a,150000,20260717T134222171980Z,1222,mask_fragment-n150000-w512-m1000-s1222
mask_fragment,86a3c5594a7b0bd7b33efe4c4ffaf5dc0aa17226,early_mask_fragment,512,1183.5593999712728,76800000,1.0,150000,1,sha256:1a43e0ddf8cc02438cc76d27ba1cce86da34109d2e43dcc8ed7c9d581b95b39d,14,sha256:ed102c37d89dfc74cecf4b4bd54e9c14863277658ff57ce49d40a3960973c20a,150000,20260717T134222171980Z,1222,mask_fragment-n150000-w512-m1000-s1222
mask_fragment,86a3c5594a7b0bd7b33efe4c4ffaf5dc0aa17226,late_mask_fragment,512,1220.2079000417143,76800000,1.0,150000,0,sha256:92b825cb6ca6efd8c921ae328d9dcd567e5fc1cecda65d185180a168e33b45c9,0,sha256:9b3edff9365d8fef38f9aa962a4198dc308f620dd25f4f4065c393324ca1d698,150000,20260717T134222171980Z,1333,mask_fragment-n150000-w512-m1000-s1333
mask_fragment,86a3c5594a7b0bd7b33efe4c4ffaf5dc0aa17226,early_mask_fragment,512,1199.925200024154,76800000,1.0,150000,1,sha256:1a43e0ddf8cc02438cc76d27ba1cce86da34109d2e43dcc8ed7c9d581b95b39d,0,sha256:9b3edff9365d8fef38f9aa962a4198dc308f620dd25f4f4065c393324ca1d698,150000,20260717T134222171980Z,1333,mask_fragment-n150000-w512-m1000-s1333
mask_fragment,86a3c5594a7b0bd7b33efe4c4ffaf5dc0aa17226,early_mask_fragment,512,1168.0627000168897,76800000,1.0,150000,0,sha256:1a43e0ddf8cc02438cc76d27ba1cce86da34109d2e43dcc8ed7c9d581b95b39d,1,sha256:9b3edff9365d8fef38f9aa962a4198dc308f620dd25f4f4065c393324ca1d698,150000,20260717T134222171980Z,1333,mask_fragment-n150000-w512-m1000-s1333
mask_fragment,86a3c5594a7b0bd7b33efe4c4ffaf5dc0aa17226,late_mask_fragment,512,1175.0578000210226,76800000,1.0,150000,1,sha256:92b825cb6ca6efd8c921ae328d9dcd567e5fc1cecda65d185180a168e33b45c9,1,sha256:9b3edff9365d8fef38f9aa962a4198dc308f620dd25f4f4065c393324ca1d698,150000,20260717T134222171980Z,1333,mask_fragment-n150000-w512-m1000-s1333
mask_fragment,86a3c5594a7b0bd7b33efe4c4ffaf5dc0aa17226,late_mask_fragment,512,1143.5199999832548,76800000,1.0,150000,0,sha256:92b825cb6ca6efd8c921ae328d9dcd567e5fc1cecda65d185180a168e33b45c9,2,sha256:9b3edff9365d8fef38f9aa962a4198dc308f620dd25f4f4065c393324ca1d698,150000,20260717T134222171980Z,1333,mask_fragment-n150000-w512-m1000-s1333
mask_fragment,86a3c5594a7b0bd7b33efe4c4ffaf5dc0aa17226,early_mask_fragment,512,1377.9906000127085,76800000,1.0,150000,1,sha256:1a43e0ddf8cc02438cc76d27ba1cce86da34109d2e43dcc8ed7c9d581b95b39d,2,sha256:9b3edff9365d8fef38f9aa962a4198dc308f620dd25f4f4065c393324ca1d698,150000,20260717T134222171980Z,1333,mask_fragment-n150000-w512-m1000-s1333
mask_fragment,86a3c5594a7b0bd7b33efe4c4ffaf5dc0aa17226,early_mask_fragment,512,1587.0874999673106,76800000,1.0,150000,0,sha256:1a43e0ddf8cc02438cc76d27ba1cce86da34109d2e43dcc8ed7c9d581b95b39d,3,sha256:9b3edff9365d8fef38f9aa962a4198dc308f620dd25f4f4065c393324ca1d698,150000,20260717T134222171980Z,1333,mask_fragment-n150000-w512-m1000-s1333
mask_fragment,86a3c5594a7b0bd7b33efe4c4ffaf5dc0aa17226,late_mask_fragment,512,1539.4513999926858,76800000,1.0,150000,1,sha256:92b825cb6ca6efd8c921ae328d9dcd567e5fc1cecda65d185180a168e33b45c9,3,sha256:9b3edff9365d8fef38f9aa962a4198dc308f620dd25f4f4065c393324ca1d698,150000,20260717T134222171980Z,1333,mask_fragment-n150000-w512-m1000-s1333
mask_fragment,86a3c5594a7b0bd7b33efe4c4ffaf5dc0aa17226,late_mask_fragment,512,1312.6627000165172,76800000,1.0,150000,0,sha256:92b825cb6ca6efd8c921ae328d9dcd567e5fc1cecda65d185180a168e33b45c9,4,sha256:9b3edff9365d8fef38f9aa962a4198dc308f620dd25f4f4065c393324ca1d698,150000,20260717T134222171980Z,1333,mask_fragment-n150000-w512-m1000-s1333
mask_fragment,86a3c5594a7b0bd7b33efe4c4ffaf5dc0aa17226,early_mask_fragment,512,1007.9802999971434,76800000,1.0,150000,1,sha256:1a43e0ddf8cc02438cc76d27ba1cce86da34109d2e43dcc8ed7c9d581b95b39d,4,sha256:9b3edff9365d8fef38f9aa962a4198dc308f620dd25f4f4065c393324ca1d698,150000,20260717T134222171980Z,1333,mask_fragment-n150000-w512-m1000-s1333
mask_fragment,86a3c5594a7b0bd7b33efe4c4ffaf5dc0aa17226,early_mask_fragment,512,1134.036700008437,76800000,1.0,150000,0,sha256:1a43e0ddf8cc02438cc76d27ba1cce86da34109d2e43dcc8ed7c9d581b95b39d,5,sha256:9b3edff9365d8fef38f9aa962a4198dc308f620dd25f4f4065c393324ca1d698,150000,20260717T134222171980Z,1333,mask_fragment-n150000-w512-m1000-s1333
mask_fragment,86a3c5594a7b0bd7b33efe4c4ffaf5dc0aa17226,late_mask_fragment,512,1094.7156000183895,76800000,1.0,150000,1,sha256:92b825cb6ca6efd8c921ae328d9dcd567e5fc1cecda65d185180a168e33b45c9,5,sha256:9b3edff9365d8fef38f9aa962a4198dc308f620dd25f4f4065c393324ca1d698,150000,20260717T134222171980Z,1333,mask_fragment-n150000-w512-m1000-s1333
mask_fragment,86a3c5594a7b0bd7b33efe4c4ffaf5dc0aa17226,late_mask_fragment,512,1064.9569999659434,76800000,1.0,150000,0,sha256:92b825cb6ca6efd8c921ae328d9dcd567e5fc1cecda65d185180a168e33b45c9,6,sha256:9b3edff9365d8fef38f9aa962a4198dc308f620dd25f4f4065c393324ca1d698,150000,20260717T134222171980Z,1333,mask_fragment-n150000-w512-m1000-s1333
mask_fragment,86a3c5594a7b0bd7b33efe4c4ffaf5dc0aa17226,early_mask_fragment,512,1020.4295000294223,76800000,1.0,150000,1,sha256:1a43e0ddf8cc02438cc76d27ba1cce86da34109d2e43dcc8ed7c9d581b95b39d,6,sha256:9b3edff9365d8fef38f9aa962a4198dc308f620dd25f4f4065c393324ca1d698,150000,20260717T134222171980Z,1333,mask_fragment-n150000-w512-m1000-s1333
mask_fragment,86a3c5594a7b0bd7b33efe4c4ffaf5dc0aa17226,early_mask_fragment,512,1295.2478000079282,76800000,1.0,150000,0,sha256:1a43e0ddf8cc02438cc76d27ba1cce86da34109d2e43dcc8ed7c9d581b95b39d,7,sha256:9b3edff9365d8fef38f9aa962a4198dc308f620dd25f4f4065c393324ca1d698,150000,20260717T134222171980Z,1333,mask_fragment-n150000-w512-m1000-s1333
mask_fragment,86a3c5594a7b0bd7b33efe4c4ffaf5dc0aa17226,late_mask_fragment,512,1272.1559000201523,76800000,1.0,150000,1,sha256:92b825cb6ca6efd8c921ae328d9dcd567e5fc1cecda65d185180a168e33b45c9,7,sha256:9b3edff9365d8fef38f9aa962a4198dc308f620dd25f4f4065c393324ca1d698,150000,20260717T134222171980Z,1333,mask_fragment-n150000-w512-m1000-s1333
mask_fragment,86a3c5594a7b0bd7b33efe4c4ffaf5dc0aa17226,late_mask_fragment,512,1063.097900012508,76800000,1.0,150000,0,sha256:92b825cb6ca6efd8c921ae328d9dcd567e5fc1cecda65d185180a168e33b45c9,8,sha256:9b3edff9365d8fef38f9aa962a4198dc308f620dd25f4f4065c393324ca1d698,150000,20260717T134222171980Z,1333,mask_fragment-n150000-w512-m1000-s1333
mask_fragment,86a3c5594a7b0bd7b33efe4c4ffaf5dc0aa17226,early_mask_fragment,512,1225.8972999989055,76800000,1.0,150000,1,sha256:1a43e0ddf8cc02438cc76d27ba1cce86da34109d2e43dcc8ed7c9d581b95b39d,8,sha256:9b3edff9365d8fef38f9aa962a4198dc308f620dd25f4f4065c393324ca1d698,150000,20260717T134222171980Z,1333,mask_fragment-n150000-w512-m1000-s1333
mask_fragment,86a3c5594a7b0bd7b33efe4c4ffaf5dc0aa17226,early_mask_fragment,512,1212.1504999813624,76800000,1.0,150000,0,sha256:1a43e0ddf8cc02438cc76d27ba1cce86da34109d2e43dcc8ed7c9d581b95b39d,9,sha256:9b3edff9365d8fef38f9aa962a4198dc308f620dd25f4f4065c393324ca1d698,150000,20260717T134222171980Z,1333,mask_fragment-n150000-w512-m1000-s1333
mask_fragment,86a3c5594a7b0bd7b33efe4c4ffaf5dc0aa17226,late_mask_fragment,512,1082.7510000090115,76800000,1.0,150000,1,sha256:92b825cb6ca6efd8c921ae328d9dcd567e5fc1cecda65d185180a168e33b45c9,9,sha256:9b3edff9365d8fef38f9aa962a4198dc308f620dd25f4f4065c393324ca1d698,150000,20260717T134222171980Z,1333,mask_fragment-n150000-w512-m1000-s1333
mask_fragment,86a3c5594a7b0bd7b33efe4c4ffaf5dc0aa17226,late_mask_fragment,512,1207.9730000114068,76800000,1.0,150000,0,sha256:92b825cb6ca6efd8c921ae328d9dcd567e5fc1cecda65d185180a168e33b45c9,10,sha256:9b3edff9365d8fef38f9aa962a4198dc308f620dd25f4f4065c393324ca1d698,150000,20260717T134222171980Z,1333,mask_fragment-n150000-w512-m1000-s1333
mask_fragment,86a3c5594a7b0bd7b33efe4c4ffaf5dc0aa17226,early_mask_fragment,512,1054.5019999844953,76800000,1.0,150000,1,sha256:1a43e0ddf8cc02438cc76d27ba1cce86da34109d2e43dcc8ed7c9d581b95b39d,10,sha256:9b3edff9365d8fef38f9aa962a4198dc308f620dd25f4f4065c393324ca1d698,150000,20260717T134222171980Z,1333,mask_fragment-n150000-w512-m1000-s1333
mask_fragment,86a3c5594a7b0bd7b33efe4c4ffaf5dc0aa17226,early_mask_fragment,512,1376.8877999973483,76800000,1.0,150000,0,sha256:1a43e0ddf8cc02438cc76d27ba1cce86da34109d2e43dcc8ed7c9d581b95b39d,11,sha256:9b3edff9365d8fef38f9aa962a4198dc308f620dd25f4f4065c393324ca1d698,150000,20260717T134222171980Z,1333,mask_fragment-n150000-w512-m1000-s1333
mask_fragment,86a3c5594a7b0bd7b33efe4c4ffaf5dc0aa17226,late_mask_fragment,512,1489.8358000209555,76800000,1.0,150000,1,sha256:92b825cb6ca6efd8c921ae328d9dcd567e5fc1cecda65d185180a168e33b45c9,11,sha256:9b3edff9365d8fef38f9aa962a4198dc308f620dd25f4f4065c393324ca1d698,150000,20260717T134222171980Z,1333,mask_fragment-n150000-w512-m1000-s1333
mask_fragment,86a3c5594a7b0bd7b33efe4c4ffaf5dc0aa17226,late_mask_fragment,512,1114.4006999675184,76800000,1.0,150000,0,sha256:92b825cb6ca6efd8c921ae328d9dcd567e5fc1cecda65d185180a168e33b45c9,12,sha256:9b3edff9365d8fef38f9aa962a4198dc308f620dd25f4f4065c393324ca1d698,150000,20260717T134222171980Z,1333,mask_fragment-n150000-w512-m1000-s1333
mask_fragment,86a3c5594a7b0bd7b33efe4c4ffaf5dc0aa17226,early_mask_fragment,512,1230.85379996337,76800000,1.0,150000,1,sha256:1a43e0ddf8cc02438cc76d27ba1cce86da34109d2e43dcc8ed7c9d581b95b39d,12,sha256:9b3edff9365d8fef38f9aa962a4198dc308f620dd25f4f4065c393324ca1d698,150000,20260717T134222171980Z,1333,mask_fragment-n150000-w512-m1000-s1333
mask_fragment,86a3c5594a7b0bd7b33efe4c4ffaf5dc0aa17226,early_mask_fragment,512,1052.9680999461561,76800000,1.0,150000,0,sha256:1a43e0ddf8cc02438cc76d27ba1cce86da34109d2e43dcc8ed7c9d581b95b39d,13,sha256:9b3edff9365d8fef38f9aa962a4198dc308f620dd25f4f4065c393324ca1d698,150000,20260717T134222171980Z,1333,mask_fragment-n150000-w512-m1000-s1333
mask_fragment,86a3c5594a7b0bd7b33efe4c4ffaf5dc0aa17226,late_mask_fragment,512,1228.115700010676,76800000,1.0,150000,1,sha256:92b825cb6ca6efd8c921ae328d9dcd567e5fc1cecda65d185180a168e33b45c9,13,sha256:9b3edff9365d8fef38f9aa962a4198dc308f620dd25f4f4065c393324ca1d698,150000,20260717T134222171980Z,1333,mask_fragment-n150000-w512-m1000-s1333
mask_fragment,86a3c5594a7b0bd7b33efe4c4ffaf5dc0aa17226,late_mask_fragment,512,1243.5742000234313,76800000,1.0,150000,0,sha256:92b825cb6ca6efd8c921ae328d9dcd567e5fc1cecda65d185180a168e33b45c9,14,sha256:9b3edff9365d8fef38f9aa962a4198dc308f620dd25f4f4065c393324ca1d698,150000,20260717T134222171980Z,1333,mask_fragment-n150000-w512-m1000-s1333
mask_fragment,86a3c5594a7b0bd7b33efe4c4ffaf5dc0aa17226,early_mask_fragment,512,1399.4973999797367,76800000,1.0,150000,1,sha256:1a43e0ddf8cc02438cc76d27ba1cce86da34109d2e43dcc8ed7c9d581b95b39d,14,sha256:9b3edff9365d8fef38f9aa962a4198dc308f620dd25f4f4065c393324ca1d698,150000,20260717T134222171980Z,1333,mask_fragment-n150000-w512-m1000-s1333
mask_fragment,86a3c5594a7b0bd7b33efe4c4ffaf5dc0aa17226,late_mask_fragment,512,1099.1952999611385,76800000,1.0,150000,0,sha256:92b825cb6ca6efd8c921ae328d9dcd567e5fc1cecda65d185180a168e33b45c9,0,sha256:6bf0c82447b3ec7f5b1cdc1954bfb6b9438e31ee67098356db69e9809cf1cd25,150000,20260717T134222171980Z,1444,mask_fragment-n150000-w512-m1000-s1444
mask_fragment,86a3c5594a7b0bd7b33efe4c4ffaf5dc0aa17226,early_mask_fragment,512,1187.9346999921836,76800000,1.0,150000,1,sha256:1a43e0ddf8cc02438cc76d27ba1cce86da34109d2e43dcc8ed7c9d581b95b39d,0,sha256:6bf0c82447b3ec7f5b1cdc1954bfb6b9438e31ee67098356db69e9809cf1cd25,150000,20260717T134222171980Z,1444,mask_fragment-n150000-w512-m1000-s1444
mask_fragment,86a3c5594a7b0bd7b33efe4c4ffaf5dc0aa17226,early_mask_fragment,512,1240.0212000356987,76800000,1.0,150000,0,sha256:1a43e0ddf8cc02438cc76d27ba1cce86da34109d2e43dcc8ed7c9d581b95b39d,1,sha256:6bf0c82447b3ec7f5b1cdc1954bfb6b9438e31ee67098356db69e9809cf1cd25,150000,20260717T134222171980Z,1444,mask_fragment-n150000-w512-m1000-s1444
mask_fragment,86a3c5594a7b0bd7b33efe4c4ffaf5dc0aa17226,late_mask_fragment,512,1284.6131999976933,76800000,1.0,150000,1,sha256:92b825cb6ca6efd8c921ae328d9dcd567e5fc1cecda65d185180a168e33b45c9,1,sha256:6bf0c82447b3ec7f5b1cdc1954bfb6b9438e31ee67098356db69e9809cf1cd25,150000,20260717T134222171980Z,1444,mask_fragment-n150000-w512-m1000-s1444
mask_fragment,86a3c5594a7b0bd7b33efe4c4ffaf5dc0aa17226,late_mask_fragment,512,1097.3003000253811,76800000,1.0,150000,0,sha256:92b825cb6ca6efd8c921ae328d9dcd567e5fc1cecda65d185180a168e33b45c9,2,sha256:6bf0c82447b3ec7f5b1cdc1954bfb6b9438e31ee67098356db69e9809cf1cd25,150000,20260717T134222171980Z,1444,mask_fragment-n150000-w512-m1000-s1444
mask_fragment,86a3c5594a7b0bd7b33efe4c4ffaf5dc0aa17226,early_mask_fragment,512,1121.4404000202194,76800000,1.0,150000,1,sha256:1a43e0ddf8cc02438cc76d27ba1cce86da34109d2e43dcc8ed7c9d581b95b39d,2,sha256:6bf0c82447b3ec7f5b1cdc1954bfb6b9438e31ee67098356db69e9809cf1cd25,150000,20260717T134222171980Z,1444,mask_fragment-n150000-w512-m1000-s1444
mask_fragment,86a3c5594a7b0bd7b33efe4c4ffaf5dc0aa17226,early_mask_fragment,512,1002.793500025291,76800000,1.0,150000,0,sha256:1a43e0ddf8cc02438cc76d27ba1cce86da34109d2e43dcc8ed7c9d581b95b39d,3,sha256:6bf0c82447b3ec7f5b1cdc1954bfb6b9438e31ee67098356db69e9809cf1cd25,150000,20260717T134222171980Z,1444,mask_fragment-n150000-w512-m1000-s1444
mask_fragment,86a3c5594a7b0bd7b33efe4c4ffaf5dc0aa17226,late_mask_fragment,512,1234.6055999514647,76800000,1.0,150000,1,sha256:92b825cb6ca6efd8c921ae328d9dcd567e5fc1cecda65d185180a168e33b45c9,3,sha256:6bf0c82447b3ec7f5b1cdc1954bfb6b9438e31ee67098356db69e9809cf1cd25,150000,20260717T134222171980Z,1444,mask_fragment-n150000-w512-m1000-s1444
mask_fragment,86a3c5594a7b0bd7b33efe4c4ffaf5dc0aa17226,late_mask_fragment,512,1254.2859999812208,76800000,1.0,150000,0,sha256:92b825cb6ca6efd8c921ae328d9dcd567e5fc1cecda65d185180a168e33b45c9,4,sha256:6bf0c82447b3ec7f5b1cdc1954bfb6b9438e31ee67098356db69e9809cf1cd25,150000,20260717T134222171980Z,1444,mask_fragment-n150000-w512-m1000-s1444
mask_fragment,86a3c5594a7b0bd7b33efe4c4ffaf5dc0aa17226,early_mask_fragment,512,1217.603600001894,76800000,1.0,150000,1,sha256:1a43e0ddf8cc02438cc76d27ba1cce86da34109d2e43dcc8ed7c9d581b95b39d,4,sha256:6bf0c82447b3ec7f5b1cdc1954bfb6b9438e31ee67098356db69e9809cf1cd25,150000,20260717T134222171980Z,1444,mask_fragment-n150000-w512-m1000-s1444
mask_fragment,86a3c5594a7b0bd7b33efe4c4ffaf5dc0aa17226,early_mask_fragment,512,1060.7319999835454,76800000,1.0,150000,0,sha256:1a43e0ddf8cc02438cc76d27ba1cce86da34109d2e43dcc8ed7c9d581b95b39d,5,sha256:6bf0c82447b3ec7f5b1cdc1954bfb6b9438e31ee67098356db69e9809cf1cd25,150000,20260717T134222171980Z,1444,mask_fragment-n150000-w512-m1000-s1444
mask_fragment,86a3c5594a7b0bd7b33efe4c4ffaf5dc0aa17226,late_mask_fragment,512,1065.7992999767885,76800000,1.0,150000,1,sha256:92b825cb6ca6efd8c921ae328d9dcd567e5fc1cecda65d185180a168e33b45c9,5,sha256:6bf0c82447b3ec7f5b1cdc1954bfb6b9438e31ee67098356db69e9809cf1cd25,150000,20260717T134222171980Z,1444,mask_fragment-n150000-w512-m1000-s1444
mask_fragment,86a3c5594a7b0bd7b33efe4c4ffaf5dc0aa17226,late_mask_fragment,512,1146.651600021869,76800000,1.0,150000,0,sha256:92b825cb6ca6efd8c921ae328d9dcd567e5fc1cecda65d185180a168e33b45c9,6,sha256:6bf0c82447b3ec7f5b1cdc1954bfb6b9438e31ee67098356db69e9809cf1cd25,150000,20260717T134222171980Z,1444,mask_fragment-n150000-w512-m1000-s1444
mask_fragment,86a3c5594a7b0bd7b33efe4c4ffaf5dc0aa17226,early_mask_fragment,512,1246.6948999790475,76800000,1.0,150000,1,sha256:1a43e0ddf8cc02438cc76d27ba1cce86da34109d2e43dcc8ed7c9d581b95b39d,6,sha256:6bf0c82447b3ec7f5b1cdc1954bfb6b9438e31ee67098356db69e9809cf1cd25,150000,20260717T134222171980Z,1444,mask_fragment-n150000-w512-m1000-s1444
mask_fragment,86a3c5594a7b0bd7b33efe4c4ffaf5dc0aa17226,early_mask_fragment,512,1415.0861999951303,76800000,1.0,150000,0,sha256:1a43e0ddf8cc02438cc76d27ba1cce86da34109d2e43dcc8ed7c9d581b95b39d,7,sha256:6bf0c82447b3ec7f5b1cdc1954bfb6b9438e31ee67098356db69e9809cf1cd25,150000,20260717T134222171980Z,1444,mask_fragment-n150000-w512-m1000-s1444
mask_fragment,86a3c5594a7b0bd7b33efe4c4ffaf5dc0aa17226,late_mask_fragment,512,1629.067900008522,76800000,1.0,150000,1,sha256:92b825cb6ca6efd8c921ae328d9dcd567e5fc1cecda65d185180a168e33b45c9,7,sha256:6bf0c82447b3ec7f5b1cdc1954bfb6b9438e31ee67098356db69e9809cf1cd25,150000,20260717T134222171980Z,1444,mask_fragment-n150000-w512-m1000-s1444
mask_fragment,86a3c5594a7b0bd7b33efe4c4ffaf5dc0aa17226,late_mask_fragment,512,1404.605799994897,76800000,1.0,150000,0,sha256:92b825cb6ca6efd8c921ae328d9dcd567e5fc1cecda65d185180a168e33b45c9,8,sha256:6bf0c82447b3ec7f5b1cdc1954bfb6b9438e31ee67098356db69e9809cf1cd25,150000,20260717T134222171980Z,1444,mask_fragment-n150000-w512-m1000-s1444
mask_fragment,86a3c5594a7b0bd7b33efe4c4ffaf5dc0aa17226,early_mask_fragment,512,1334.0734000084922,76800000,1.0,150000,1,sha256:1a43e0ddf8cc02438cc76d27ba1cce86da34109d2e43dcc8ed7c9d581b95b39d,8,sha256:6bf0c82447b3ec7f5b1cdc1954bfb6b9438e31ee67098356db69e9809cf1cd25,150000,20260717T134222171980Z,1444,mask_fragment-n150000-w512-m1000-s1444
mask_fragment,86a3c5594a7b0bd7b33efe4c4ffaf5dc0aa17226,early_mask_fragment,512,1059.1771999606863,76800000,1.0,150000,0,sha256:1a43e0ddf8cc02438cc76d27ba1cce86da34109d2e43dcc8ed7c9d581b95b39d,9,sha256:6bf0c82447b3ec7f5b1cdc1954bfb6b9438e31ee67098356db69e9809cf1cd25,150000,20260717T134222171980Z,1444,mask_fragment-n150000-w512-m1000-s1444
mask_fragment,86a3c5594a7b0bd7b33efe4c4ffaf5dc0aa17226,late_mask_fragment,512,1038.144399994053,76800000,1.0,150000,1,sha256:92b825cb6ca6efd8c921ae328d9dcd567e5fc1cecda65d185180a168e33b45c9,9,sha256:6bf0c82447b3ec7f5b1cdc1954bfb6b9438e31ee67098356db69e9809cf1cd25,150000,20260717T134222171980Z,1444,mask_fragment-n150000-w512-m1000-s1444
mask_fragment,86a3c5594a7b0bd7b33efe4c4ffaf5dc0aa17226,late_mask_fragment,512,1110.2036999654956,76800000,1.0,150000,0,sha256:92b825cb6ca6efd8c921ae328d9dcd567e5fc1cecda65d185180a168e33b45c9,10,sha256:6bf0c82447b3ec7f5b1cdc1954bfb6b9438e31ee67098356db69e9809cf1cd25,150000,20260717T134222171980Z,1444,mask_fragment-n150000-w512-m1000-s1444
mask_fragment,86a3c5594a7b0bd7b33efe4c4ffaf5dc0aa17226,early_mask_fragment,512,1094.997800013516,76800000,1.0,150000,1,sha256:1a43e0ddf8cc02438cc76d27ba1cce86da34109d2e43dcc8ed7c9d581b95b39d,10,sha256:6bf0c82447b3ec7f5b1cdc1954bfb6b9438e31ee67098356db69e9809cf1cd25,150000,20260717T134222171980Z,1444,mask_fragment-n150000-w512-m1000-s1444
mask_fragment,86a3c5594a7b0bd7b33efe4c4ffaf5dc0aa17226,early_mask_fragment,512,1227.6035999529995,76800000,1.0,150000,0,sha256:1a43e0ddf8cc02438cc76d27ba1cce86da34109d2e43dcc8ed7c9d581b95b39d,11,sha256:6bf0c82447b3ec7f5b1cdc1954bfb6b9438e31ee67098356db69e9809cf1cd25,150000,20260717T134222171980Z,1444,mask_fragment-n150000-w512-m1000-s1444
mask_fragment,86a3c5594a7b0bd7b33efe4c4ffaf5dc0aa17226,late_mask_fragment,512,1152.1921000094153,76800000,1.0,150000,1,sha256:92b825cb6ca6efd8c921ae328d9dcd567e5fc1cecda65d185180a168e33b45c9,11,sha256:6bf0c82447b3ec7f5b1cdc1954bfb6b9438e31ee67098356db69e9809cf1cd25,150000,20260717T134222171980Z,1444,mask_fragment-n150000-w512-m1000-s1444
mask_fragment,86a3c5594a7b0bd7b33efe4c4ffaf5dc0aa17226,late_mask_fragment,512,1679.564099991694,76800000,1.0,150000,0,sha256:92b825cb6ca6efd8c921ae328d9dcd567e5fc1cecda65d185180a168e33b45c9,12,sha256:6bf0c82447b3ec7f5b1cdc1954bfb6b9438e31ee67098356db69e9809cf1cd25,150000,20260717T134222171980Z,1444,mask_fragment-n150000-w512-m1000-s1444
mask_fragment,86a3c5594a7b0bd7b33efe4c4ffaf5dc0aa17226,early_mask_fragment,512,1380.07519999519,76800000,1.0,150000,1,sha256:1a43e0ddf8cc02438cc76d27ba1cce86da34109d2e43dcc8ed7c9d581b95b39d,12,sha256:6bf0c82447b3ec7f5b1cdc1954bfb6b9438e31ee67098356db69e9809cf1cd25,150000,20260717T134222171980Z,1444,mask_fragment-n150000-w512-m1000-s1444
mask_fragment,86a3c5594a7b0bd7b33efe4c4ffaf5dc0aa17226,early_mask_fragment,512,1522.9839999810793,76800000,1.0,150000,0,sha256:1a43e0ddf8cc02438cc76d27ba1cce86da34109d2e43dcc8ed7c9d581b95b39d,13,sha256:6bf0c82447b3ec7f5b1cdc1954bfb6b9438e31ee67098356db69e9809cf1cd25,150000,20260717T134222171980Z,1444,mask_fragment-n150000-w512-m1000-s1444
mask_fragment,86a3c5594a7b0bd7b33efe4c4ffaf5dc0aa17226,late_mask_fragment,512,1710.0336999865249,76800000,1.0,150000,1,sha256:92b825cb6ca6efd8c921ae328d9dcd567e5fc1cecda65d185180a168e33b45c9,13,sha256:6bf0c82447b3ec7f5b1cdc1954bfb6b9438e31ee67098356db69e9809cf1cd25,150000,20260717T134222171980Z,1444,mask_fragment-n150000-w512-m1000-s1444
mask_fragment,86a3c5594a7b0bd7b33efe4c4ffaf5dc0aa17226,late_mask_fragment,512,1163.691400026437,76800000,1.0,150000,0,sha256:92b825cb6ca6efd8c921ae328d9dcd567e5fc1cecda65d185180a168e33b45c9,14,sha256:6bf0c82447b3ec7f5b1cdc1954bfb6b9438e31ee67098356db69e9809cf1cd25,150000,20260717T134222171980Z,1444,mask_fragment-n150000-w512-m1000-s1444
mask_fragment,86a3c5594a7b0bd7b33efe4c4ffaf5dc0aa17226,early_mask_fragment,512,1207.6762999640778,76800000,1.0,150000,1,sha256:1a43e0ddf8cc02438cc76d27ba1cce86da34109d2e43dcc8ed7c9d581b95b39d,14,sha256:6bf0c82447b3ec7f5b1cdc1954bfb6b9438e31ee67098356db69e9809cf1cd25,150000,20260717T134222171980Z,1444,mask_fragment-n150000-w512-m1000-s1444
mask_fragment,86a3c5594a7b0bd7b33efe4c4ffaf5dc0aa17226,early_mask_fragment,512,1212.6467999769375,76800000,1.0,150000,0,sha256:1a43e0ddf8cc02438cc76d27ba1cce86da34109d2e43dcc8ed7c9d581b95b39d,0,sha256:2f690022fd8c36826e880ac36b55db00cc6d44473f2511d0cf2d0cfbb91ca666,150000,20260717T134222171980Z,1555,mask_fragment-n150000-w512-m1000-s1555
mask_fragment,86a3c5594a7b0bd7b33efe4c4ffaf5dc0aa17226,late_mask_fragment,512,1270.5882000154816,76800000,1.0,150000,1,sha256:92b825cb6ca6efd8c921ae328d9dcd567e5fc1cecda65d185180a168e33b45c9,0,sha256:2f690022fd8c36826e880ac36b55db00cc6d44473f2511d0cf2d0cfbb91ca666,150000,20260717T134222171980Z,1555,mask_fragment-n150000-w512-m1000-s1555
mask_fragment,86a3c5594a7b0bd7b33efe4c4ffaf5dc0aa17226,late_mask_fragment,512,1122.4208999774419,76800000,1.0,150000,0,sha256:92b825cb6ca6efd8c921ae328d9dcd567e5fc1cecda65d185180a168e33b45c9,1,sha256:2f690022fd8c36826e880ac36b55db00cc6d44473f2511d0cf2d0cfbb91ca666,150000,20260717T134222171980Z,1555,mask_fragment-n150000-w512-m1000-s1555
mask_fragment,86a3c5594a7b0bd7b33efe4c4ffaf5dc0aa17226,early_mask_fragment,512,1185.4196999920532,76800000,1.0,150000,1,sha256:1a43e0ddf8cc02438cc76d27ba1cce86da34109d2e43dcc8ed7c9d581b95b39d,1,sha256:2f690022fd8c36826e880ac36b55db00cc6d44473f2511d0cf2d0cfbb91ca666,150000,20260717T134222171980Z,1555,mask_fragment-n150000-w512-m1000-s1555
mask_fragment,86a3c5594a7b0bd7b33efe4c4ffaf5dc0aa17226,early_mask_fragment,512,1070.3536000219174,76800000,1.0,150000,0,sha256:1a43e0ddf8cc02438cc76d27ba1cce86da34109d2e43dcc8ed7c9d581b95b39d,2,sha256:2f690022fd8c36826e880ac36b55db00cc6d44473f2511d0cf2d0cfbb91ca666,150000,20260717T134222171980Z,1555,mask_fragment-n150000-w512-m1000-s1555
mask_fragment,86a3c5594a7b0bd7b33efe4c4ffaf5dc0aa17226,late_mask_fragment,512,1239.6131999557838,76800000,1.0,150000,1,sha256:92b825cb6ca6efd8c921ae328d9dcd567e5fc1cecda65d185180a168e33b45c9,2,sha256:2f690022fd8c36826e880ac36b55db00cc6d44473f2511d0cf2d0cfbb91ca666,150000,20260717T134222171980Z,1555,mask_fragment-n150000-w512-m1000-s1555
mask_fragment,86a3c5594a7b0bd7b33efe4c4ffaf5dc0aa17226,late_mask_fragment,512,1142.3821999924257,76800000,1.0,150000,0,sha256:92b825cb6ca6efd8c921ae328d9dcd567e5fc1cecda65d185180a168e33b45c9,3,sha256:2f690022fd8c36826e880ac36b55db00cc6d44473f2511d0cf2d0cfbb91ca666,150000,20260717T134222171980Z,1555,mask_fragment-n150000-w512-m1000-s1555
mask_fragment,86a3c5594a7b0bd7b33efe4c4ffaf5dc0aa17226,early_mask_fragment,512,1219.9034999939613,76800000,1.0,150000,1,sha256:1a43e0ddf8cc02438cc76d27ba1cce86da34109d2e43dcc8ed7c9d581b95b39d,3,sha256:2f690022fd8c36826e880ac36b55db00cc6d44473f2511d0cf2d0cfbb91ca666,150000,20260717T134222171980Z,1555,mask_fragment-n150000-w512-m1000-s1555
mask_fragment,86a3c5594a7b0bd7b33efe4c4ffaf5dc0aa17226,early_mask_fragment,512,1189.687900012359,76800000,1.0,150000,0,sha256:1a43e0ddf8cc02438cc76d27ba1cce86da34109d2e43dcc8ed7c9d581b95b39d,4,sha256:2f690022fd8c36826e880ac36b55db00cc6d44473f2511d0cf2d0cfbb91ca666,150000,20260717T134222171980Z,1555,mask_fragment-n150000-w512-m1000-s1555
mask_fragment,86a3c5594a7b0bd7b33efe4c4ffaf5dc0aa17226,late_mask_fragment,512,1313.622000045143,76800000,1.0,150000,1,sha256:92b825cb6ca6efd8c921ae328d9dcd567e5fc1cecda65d185180a168e33b45c9,4,sha256:2f690022fd8c36826e880ac36b55db00cc6d44473f2511d0cf2d0cfbb91ca666,150000,20260717T134222171980Z,1555,mask_fragment-n150000-w512-m1000-s1555
mask_fragment,86a3c5594a7b0bd7b33efe4c4ffaf5dc0aa17226,late_mask_fragment,512,1310.5774000287056,76800000,1.0,150000,0,sha256:92b825cb6ca6efd8c921ae328d9dcd567e5fc1cecda65d185180a168e33b45c9,5,sha256:2f690022fd8c36826e880ac36b55db00cc6d44473f2511d0cf2d0cfbb91ca666,150000,20260717T134222171980Z,1555,mask_fragment-n150000-w512-m1000-s1555
mask_fragment,86a3c5594a7b0bd7b33efe4c4ffaf5dc0aa17226,early_mask_fragment,512,1093.8112000003457,76800000,1.0,150000,1,sha256:1a43e0ddf8cc02438cc76d27ba1cce86da34109d2e43dcc8ed7c9d581b95b39d,5,sha256:2f690022fd8c36826e880ac36b55db00cc6d44473f2511d0cf2d0cfbb91ca666,150000,20260717T134222171980Z,1555,mask_fragment-n150000-w512-m1000-s1555
mask_fragment,86a3c5594a7b0bd7b33efe4c4ffaf5dc0aa17226,early_mask_fragment,512,1231.8395000183955,76800000,1.0,150000,0,sha256:1a43e0ddf8cc02438cc76d27ba1cce86da34109d2e43dcc8ed7c9d581b95b39d,6,sha256:2f690022fd8c36826e880ac36b55db00cc6d44473f2511d0cf2d0cfbb91ca666,150000,20260717T134222171980Z,1555,mask_fragment-n150000-w512-m1000-s1555
mask_fragment,86a3c5594a7b0bd7b33efe4c4ffaf5dc0aa17226,late_mask_fragment,512,1093.8411999959499,76800000,1.0,150000,1,sha256:92b825cb6ca6efd8c921ae328d9dcd567e5fc1cecda65d185180a168e33b45c9,6,sha256:2f690022fd8c36826e880ac36b55db00cc6d44473f2511d0cf2d0cfbb91ca666,150000,20260717T134222171980Z,1555,mask_fragment-n150000-w512-m1000-s1555
mask_fragment,86a3c5594a7b0bd7b33efe4c4ffaf5dc0aa17226,late_mask_fragment,512,1088.7050000019372,76800000,1.0,150000,0,sha256:92b825cb6ca6efd8c921ae328d9dcd567e5fc1cecda65d185180a168e33b45c9,7,sha256:2f690022fd8c36826e880ac36b55db00cc6d44473f2511d0cf2d0cfbb91ca666,150000,20260717T134222171980Z,1555,mask_fragment-n150000-w512-m1000-s1555
mask_fragment,86a3c5594a7b0bd7b33efe4c4ffaf5dc0aa17226,early_mask_fragment,512,1192.3147999914363,76800000,1.0,150000,1,sha256:1a43e0ddf8cc02438cc76d27ba1cce86da34109d2e43dcc8ed7c9d581b95b39d,7,sha256:2f690022fd8c36826e880ac36b55db00cc6d44473f2511d0cf2d0cfbb91ca666,150000,20260717T134222171980Z,1555,mask_fragment-n150000-w512-m1000-s1555
mask_fragment,86a3c5594a7b0bd7b33efe4c4ffaf5dc0aa17226,early_mask_fragment,512,1099.1575999651104,76800000,1.0,150000,0,sha256:1a43e0ddf8cc02438cc76d27ba1cce86da34109d2e43dcc8ed7c9d581b95b39d,8,sha256:2f690022fd8c36826e880ac36b55db00cc6d44473f2511d0cf2d0cfbb91ca666,150000,20260717T134222171980Z,1555,mask_fragment-n150000-w512-m1000-s1555
mask_fragment,86a3c5594a7b0bd7b33efe4c4ffaf5dc0aa17226,late_mask_fragment,512,1265.07359999232,76800000,1.0,150000,1,sha256:92b825cb6ca6efd8c921ae328d9dcd567e5fc1cecda65d185180a168e33b45c9,8,sha256:2f690022fd8c36826e880ac36b55db00cc6d44473f2511d0cf2d0cfbb91ca666,150000,20260717T134222171980Z,1555,mask_fragment-n150000-w512-m1000-s1555
mask_fragment,86a3c5594a7b0bd7b33efe4c4ffaf5dc0aa17226,late_mask_fragment,512,1113.0609000101686,76800000,1.0,150000,0,sha256:92b825cb6ca6efd8c921ae328d9dcd567e5fc1cecda65d185180a168e33b45c9,9,sha256:2f690022fd8c36826e880ac36b55db00cc6d44473f2511d0cf2d0cfbb91ca666,150000,20260717T134222171980Z,1555,mask_fragment-n150000-w512-m1000-s1555
mask_fragment,86a3c5594a7b0bd7b33efe4c4ffaf5dc0aa17226,early_mask_fragment,512,1228.5125000053085,76800000,1.0,150000,1,sha256:1a43e0ddf8cc02438cc76d27ba1cce86da34109d2e43dcc8ed7c9d581b95b39d,9,sha256:2f690022fd8c36826e880ac36b55db00cc6d44473f2511d0cf2d0cfbb91ca666,150000,20260717T134222171980Z,1555,mask_fragment-n150000-w512-m1000-s1555
mask_fragment,86a3c5594a7b0bd7b33efe4c4ffaf5dc0aa17226,early_mask_fragment,512,1554.3656999943778,76800000,1.0,150000,0,sha256:1a43e0ddf8cc02438cc76d27ba1cce86da34109d2e43dcc8ed7c9d581b95b39d,10,sha256:2f690022fd8c36826e880ac36b55db00cc6d44473f2511d0cf2d0cfbb91ca666,150000,20260717T134222171980Z,1555,mask_fragment-n150000-w512-m1000-s1555
mask_fragment,86a3c5594a7b0bd7b33efe4c4ffaf5dc0aa17226,late_mask_fragment,512,1565.250699990429,76800000,1.0,150000,1,sha256:92b825cb6ca6efd8c921ae328d9dcd567e5fc1cecda65d185180a168e33b45c9,10,sha256:2f690022fd8c36826e880ac36b55db00cc6d44473f2511d0cf2d0cfbb91ca666,150000,20260717T134222171980Z,1555,mask_fragment-n150000-w512-m1000-s1555
mask_fragment,86a3c5594a7b0bd7b33efe4c4ffaf5dc0aa17226,late_mask_fragment,512,1651.6058999695815,76800000,1.0,150000,0,sha256:92b825cb6ca6efd8c921ae328d9dcd567e5fc1cecda65d185180a168e33b45c9,11,sha256:2f690022fd8c36826e880ac36b55db00cc6d44473f2511d0cf2d0cfbb91ca666,150000,20260717T134222171980Z,1555,mask_fragment-n150000-w512-m1000-s1555
mask_fragment,86a3c5594a7b0bd7b33efe4c4ffaf5dc0aa17226,early_mask_fragment,512,1168.1931000202894,76800000,1.0,150000,1,sha256:1a43e0ddf8cc02438cc76d27ba1cce86da34109d2e43dcc8ed7c9d581b95b39d,11,sha256:2f690022fd8c36826e880ac36b55db00cc6d44473f2511d0cf2d0cfbb91ca666,150000,20260717T134222171980Z,1555,mask_fragment-n150000-w512-m1000-s1555
mask_fragment,86a3c5594a7b0bd7b33efe4c4ffaf5dc0aa17226,early_mask_fragment,512,1271.825700008776,76800000,1.0,150000,0,sha256:1a43e0ddf8cc02438cc76d27ba1cce86da34109d2e43dcc8ed7c9d581b95b39d,12,sha256:2f690022fd8c36826e880ac36b55db00cc6d44473f2511d0cf2d0cfbb91ca666,150000,20260717T134222171980Z,1555,mask_fragment-n150000-w512-m1000-s1555
mask_fragment,86a3c5594a7b0bd7b33efe4c4ffaf5dc0aa17226,late_mask_fragment,512,1254.7984000411816,76800000,1.0,150000,1,sha256:92b825cb6ca6efd8c921ae328d9dcd567e5fc1cecda65d185180a168e33b45c9,12,sha256:2f690022fd8c36826e880ac36b55db00cc6d44473f2511d0cf2d0cfbb91ca666,150000,20260717T134222171980Z,1555,mask_fragment-n150000-w512-m1000-s1555
mask_fragment,86a3c5594a7b0bd7b33efe4c4ffaf5dc0aa17226,late_mask_fragment,512,1294.1264000255615,76800000,1.0,150000,0,sha256:92b825cb6ca6efd8c921ae328d9dcd567e5fc1cecda65d185180a168e33b45c9,13,sha256:2f690022fd8c36826e880ac36b55db00cc6d44473f2511d0cf2d0cfbb91ca666,150000,20260717T134222171980Z,1555,mask_fragment-n150000-w512-m1000-s1555
mask_fragment,86a3c5594a7b0bd7b33efe4c4ffaf5dc0aa17226,early_mask_fragment,512,1068.2589000207372,76800000,1.0,150000,1,sha256:1a43e0ddf8cc02438cc76d27ba1cce86da34109d2e43dcc8ed7c9d581b95b39d,13,sha256:2f690022fd8c36826e880ac36b55db00cc6d44473f2511d0cf2d0cfbb91ca666,150000,20260717T134222171980Z,1555,mask_fragment-n150000-w512-m1000-s1555
mask_fragment,86a3c5594a7b0bd7b33efe4c4ffaf5dc0aa17226,early_mask_fragment,512,1217.790500028059,76800000,1.0,150000,0,sha256:1a43e0ddf8cc02438cc76d27ba1cce86da34109d2e43dcc8ed7c9d581b95b39d,14,sha256:2f690022fd8c36826e880ac36b55db00cc6d44473f2511d0cf2d0cfbb91ca666,150000,20260717T134222171980Z,1555,mask_fragment-n150000-w512-m1000-s1555
mask_fragment,86a3c5594a7b0bd7b33efe4c4ffaf5dc0aa17226,late_mask_fragment,512,1265.4567999998108,76800000,1.0,150000,1,sha256:92b825cb6ca6efd8c921ae328d9dcd567e5fc1cecda65d185180a168e33b45c9,14,sha256:2f690022fd8c36826e880ac36b55db00cc6d44473f2511d0cf2d0cfbb91ca666,150000,20260717T134222171980Z,1555,mask_fragment-n150000-w512-m1000-s1555
mask_fragment,86a3c5594a7b0bd7b33efe4c4ffaf5dc0aa17226,early_mask_fragment,128,615.7043999992311,25600000,0.9,180000,0,sha256:1a43e0ddf8cc02438cc76d27ba1cce86da34109d2e43dcc8ed7c9d581b95b39d,0,sha256:8c011eac7e4e6fd3dd1caf9f667d345ad842278af945740c22e2815cab4c5c89,200000,20260717T134222171980Z,1111,mask_fragment-n200000-w128-m0900-s1111
mask_fragment,86a3c5594a7b0bd7b33efe4c4ffaf5dc0aa17226,late_mask_fragment,128,638.6894999886863,25600000,0.9,180000,1,sha256:18bd7fb3b6d02ff88c53bf4a74124c631590d7e276f031a9034dc7f9cb857902,0,sha256:8c011eac7e4e6fd3dd1caf9f667d345ad842278af945740c22e2815cab4c5c89,200000,20260717T134222171980Z,1111,mask_fragment-n200000-w128-m0900-s1111
mask_fragment,86a3c5594a7b0bd7b33efe4c4ffaf5dc0aa17226,late_mask_fragment,128,607.1582000004128,25600000,0.9,180000,0,sha256:18bd7fb3b6d02ff88c53bf4a74124c631590d7e276f031a9034dc7f9cb857902,1,sha256:8c011eac7e4e6fd3dd1caf9f667d345ad842278af945740c22e2815cab4c5c89,200000,20260717T134222171980Z,1111,mask_fragment-n200000-w128-m0900-s1111
mask_fragment,86a3c5594a7b0bd7b33efe4c4ffaf5dc0aa17226,early_mask_fragment,128,630.8429000200704,25600000,0.9,180000,1,sha256:1a43e0ddf8cc02438cc76d27ba1cce86da34109d2e43dcc8ed7c9d581b95b39d,1,sha256:8c011eac7e4e6fd3dd1caf9f667d345ad842278af945740c22e2815cab4c5c89,200000,20260717T134222171980Z,1111,mask_fragment-n200000-w128-m0900-s1111
mask_fragment,86a3c5594a7b0bd7b33efe4c4ffaf5dc0aa17226,early_mask_fragment,128,591.870000003837,25600000,0.9,180000,0,sha256:1a43e0ddf8cc02438cc76d27ba1cce86da34109d2e43dcc8ed7c9d581b95b39d,2,sha256:8c011eac7e4e6fd3dd1caf9f667d345ad842278af945740c22e2815cab4c5c89,200000,20260717T134222171980Z,1111,mask_fragment-n200000-w128-m0900-s1111
mask_fragment,86a3c5594a7b0bd7b33efe4c4ffaf5dc0aa17226,late_mask_fragment,128,896.3517000083812,25600000,0.9,180000,1,sha256:18bd7fb3b6d02ff88c53bf4a74124c631590d7e276f031a9034dc7f9cb857902,2,sha256:8c011eac7e4e6fd3dd1caf9f667d345ad842278af945740c22e2815cab4c5c89,200000,20260717T134222171980Z,1111,mask_fragment-n200000-w128-m0900-s1111
mask_fragment,86a3c5594a7b0bd7b33efe4c4ffaf5dc0aa17226,late_mask_fragment,128,620.374999998603,25600000,0.9,180000,0,sha256:18bd7fb3b6d02ff88c53bf4a74124c631590d7e276f031a9034dc7f9cb857902,3,sha256:8c011eac7e4e6fd3dd1caf9f667d345ad842278af945740c22e2815cab4c5c89,200000,20260717T134222171980Z,1111,mask_fragment-n200000-w128-m0900-s1111
mask_fragment,86a3c5594a7b0bd7b33efe4c4ffaf5dc0aa17226,early_mask_fragment,128,555.4778999648988,25600000,0.9,180000,1,sha256:1a43e0ddf8cc02438cc76d27ba1cce86da34109d2e43dcc8ed7c9d581b95b39d,3,sha256:8c011eac7e4e6fd3dd1caf9f667d345ad842278af945740c22e2815cab4c5c89,200000,20260717T134222171980Z,1111,mask_fragment-n200000-w128-m0900-s1111
mask_fragment,86a3c5594a7b0bd7b33efe4c4ffaf5dc0aa17226,early_mask_fragment,128,602.8607999905944,25600000,0.9,180000,0,sha256:1a43e0ddf8cc02438cc76d27ba1cce86da34109d2e43dcc8ed7c9d581b95b39d,4,sha256:8c011eac7e4e6fd3dd1caf9f667d345ad842278af945740c22e2815cab4c5c89,200000,20260717T134222171980Z,1111,mask_fragment-n200000-w128-m0900-s1111
mask_fragment,86a3c5594a7b0bd7b33efe4c4ffaf5dc0aa17226,late_mask_fragment,128,670.3895999817178,25600000,0.9,180000,1,sha256:18bd7fb3b6d02ff88c53bf4a74124c631590d7e276f031a9034dc7f9cb857902,4,sha256:8c011eac7e4e6fd3dd1caf9f667d345ad842278af945740c22e2815cab4c5c89,200000,20260717T134222171980Z,1111,mask_fragment-n200000-w128-m0900-s1111
mask_fragment,86a3c5594a7b0bd7b33efe4c4ffaf5dc0aa17226,late_mask_fragment,128,646.1645000381395,25600000,0.9,180000,0,sha256:18bd7fb3b6d02ff88c53bf4a74124c631590d7e276f031a9034dc7f9cb857902,5,sha256:8c011eac7e4e6fd3dd1caf9f667d345ad842278af945740c22e2815cab4c5c89,200000,20260717T134222171980Z,1111,mask_fragment-n200000-w128-m0900-s1111
mask_fragment,86a3c5594a7b0bd7b33efe4c4ffaf5dc0aa17226,early_mask_fragment,128,574.7819000389427,25600000,0.9,180000,1,sha256:1a43e0ddf8cc02438cc76d27ba1cce86da34109d2e43dcc8ed7c9d581b95b39d,5,sha256:8c011eac7e4e6fd3dd1caf9f667d345ad842278af945740c22e2815cab4c5c89,200000,20260717T134222171980Z,1111,mask_fragment-n200000-w128-m0900-s1111
mask_fragment,86a3c5594a7b0bd7b33efe4c4ffaf5dc0aa17226,early_mask_fragment,128,517.1039999695495,25600000,0.9,180000,0,sha256:1a43e0ddf8cc02438cc76d27ba1cce86da34109d2e43dcc8ed7c9d581b95b39d,6,sha256:8c011eac7e4e6fd3dd1caf9f667d345ad842278af945740c22e2815cab4c5c89,200000,20260717T134222171980Z,1111,mask_fragment-n200000-w128-m0900-s1111
mask_fragment,86a3c5594a7b0bd7b33efe4c4ffaf5dc0aa17226,late_mask_fragment,128,601.9966999883763,25600000,0.9,180000,1,sha256:18bd7fb3b6d02ff88c53bf4a74124c631590d7e276f031a9034dc7f9cb857902,6,sha256:8c011eac7e4e6fd3dd1caf9f667d345ad842278af945740c22e2815cab4c5c89,200000,20260717T134222171980Z,1111,mask_fragment-n200000-w128-m0900-s1111
mask_fragment,86a3c5594a7b0bd7b33efe4c4ffaf5dc0aa17226,late_mask_fragment,128,620.8366999635473,25600000,0.9,180000,0,sha256:18bd7fb3b6d02ff88c53bf4a74124c631590d7e276f031a9034dc7f9cb857902,7,sha256:8c011eac7e4e6fd3dd1caf9f667d345ad842278af945740c22e2815cab4c5c89,200000,20260717T134222171980Z,1111,mask_fragment-n200000-w128-m0900-s1111
mask_fragment,86a3c5594a7b0bd7b33efe4c4ffaf5dc0aa17226,early_mask_fragment,128,673.5220000264235,25600000,0.9,180000,1,sha256:1a43e0ddf8cc02438cc76d27ba1cce86da34109d2e43dcc8ed7c9d581b95b39d,7,sha256:8c011eac7e4e6fd3dd1caf9f667d345ad842278af945740c22e2815cab4c5c89,200000,20260717T134222171980Z,1111,mask_fragment-n200000-w128-m0900-s1111
mask_fragment,86a3c5594a7b0bd7b33efe4c4ffaf5dc0aa17226,early_mask_fragment,128,731.6711000166833,25600000,0.9,180000,0,sha256:1a43e0ddf8cc02438cc76d27ba1cce86da34109d2e43dcc8ed7c9d581b95b39d,8,sha256:8c011eac7e4e6fd3dd1caf9f667d345ad842278af945740c22e2815cab4c5c89,200000,20260717T134222171980Z,1111,mask_fragment-n200000-w128-m0900-s1111
mask_fragment,86a3c5594a7b0bd7b33efe4c4ffaf5dc0aa17226,late_mask_fragment,128,807.3349000187591,25600000,0.9,180000,1,sha256:18bd7fb3b6d02ff88c53bf4a74124c631590d7e276f031a9034dc7f9cb857902,8,sha256:8c011eac7e4e6fd3dd1caf9f667d345ad842278af945740c22e2815cab4c5c89,200000,20260717T134222171980Z,1111,mask_fragment-n200000-w128-m0900-s1111
mask_fragment,86a3c5594a7b0bd7b33efe4c4ffaf5dc0aa17226,late_mask_fragment,128,740.3030999703333,25600000,0.9,180000,0,sha256:18bd7fb3b6d02ff88c53bf4a74124c631590d7e276f031a9034dc7f9cb857902,9,sha256:8c011eac7e4e6fd3dd1caf9f667d345ad842278af945740c22e2815cab4c5c89,200000,20260717T134222171980Z,1111,mask_fragment-n200000-w128-m0900-s1111
mask_fragment,86a3c5594a7b0bd7b33efe4c4ffaf5dc0aa17226,early_mask_fragment,128,738.7212000321597,25600000,0.9,180000,1,sha256:1a43e0ddf8cc02438cc76d27ba1cce86da34109d2e43dcc8ed7c9d581b95b39d,9,sha256:8c011eac7e4e6fd3dd1caf9f667d345ad842278af945740c22e2815cab4c5c89,200000,20260717T134222171980Z,1111,mask_fragment-n200000-w128-m0900-s1111
mask_fragment,86a3c5594a7b0bd7b33efe4c4ffaf5dc0aa17226,early_mask_fragment,128,676.5715999645181,25600000,0.9,180000,0,sha256:1a43e0ddf8cc02438cc76d27ba1cce86da34109d2e43dcc8ed7c9d581b95b39d,10,sha256:8c011eac7e4e6fd3dd1caf9f667d345ad842278af945740c22e2815cab4c5c89,200000,20260717T134222171980Z,1111,mask_fragment-n200000-w128-m0900-s1111
mask_fragment,86a3c5594a7b0bd7b33efe4c4ffaf5dc0aa17226,late_mask_fragment,128,732.0007000234909,25600000,0.9,180000,1,sha256:18bd7fb3b6d02ff88c53bf4a74124c631590d7e276f031a9034dc7f9cb857902,10,sha256:8c011eac7e4e6fd3dd1caf9f667d345ad842278af945740c22e2815cab4c5c89,200000,20260717T134222171980Z,1111,mask_fragment-n200000-w128-m0900-s1111
mask_fragment,86a3c5594a7b0bd7b33efe4c4ffaf5dc0aa17226,late_mask_fragment,128,726.5805999631993,25600000,0.9,180000,0,sha256:18bd7fb3b6d02ff88c53bf4a74124c631590d7e276f031a9034dc7f9cb857902,11,sha256:8c011eac7e4e6fd3dd1caf9f667d345ad842278af945740c22e2815cab4c5c89,200000,20260717T134222171980Z,1111,mask_fragment-n200000-w128-m0900-s1111
mask_fragment,86a3c5594a7b0bd7b33efe4c4ffaf5dc0aa17226,early_mask_fragment,128,619.1993000102229,25600000,0.9,180000,1,sha256:1a43e0ddf8cc02438cc76d27ba1cce86da34109d2e43dcc8ed7c9d581b95b39d,11,sha256:8c011eac7e4e6fd3dd1caf9f667d345ad842278af945740c22e2815cab4c5c89,200000,20260717T134222171980Z,1111,mask_fragment-n200000-w128-m0900-s1111
mask_fragment,86a3c5594a7b0bd7b33efe4c4ffaf5dc0aa17226,early_mask_fragment,128,590.1646999991499,25600000,0.9,180000,0,sha256:1a43e0ddf8cc02438cc76d27ba1cce86da34109d2e43dcc8ed7c9d581b95b39d,12,sha256:8c011eac7e4e6fd3dd1caf9f667d345ad842278af945740c22e2815cab4c5c89,200000,20260717T134222171980Z,1111,mask_fragment-n200000-w128-m0900-s1111
mask_fragment,86a3c5594a7b0bd7b33efe4c4ffaf5dc0aa17226,late_mask_fragment,128,653.3839000039734,25600000,0.9,180000,1,sha256:18bd7fb3b6d02ff88c53bf4a74124c631590d7e276f031a9034dc7f9cb857902,12,sha256:8c011eac7e4e6fd3dd1caf9f667d345ad842278af945740c22e2815cab4c5c89,200000,20260717T134222171980Z,1111,mask_fragment-n200000-w128-m0900-s1111
mask_fragment,86a3c5594a7b0bd7b33efe4c4ffaf5dc0aa17226,late_mask_fragment,128,596.9318000134081,25600000,0.9,180000,0,sha256:18bd7fb3b6d02ff88c53bf4a74124c631590d7e276f031a9034dc7f9cb857902,13,sha256:8c011eac7e4e6fd3dd1caf9f667d345ad842278af945740c22e2815cab4c5c89,200000,20260717T134222171980Z,1111,mask_fragment-n200000-w128-m0900-s1111
mask_fragment,86a3c5594a7b0bd7b33efe4c4ffaf5dc0aa17226,early_mask_fragment,128,675.7445000112057,25600000,0.9,180000,1,sha256:1a43e0ddf8cc02438cc76d27ba1cce86da34109d2e43dcc8ed7c9d581b95b39d,13,sha256:8c011eac7e4e6fd3dd1caf9f667d345ad842278af945740c22e2815cab4c5c89,200000,20260717T134222171980Z,1111,mask_fragment-n200000-w128-m0900-s1111
mask_fragment,86a3c5594a7b0bd7b33efe4c4ffaf5dc0aa17226,early_mask_fragment,128,563.6151999933645,25600000,0.9,180000,0,sha256:1a43e0ddf8cc02438cc76d27ba1cce86da34109d2e43dcc8ed7c9d581b95b39d,14,sha256:8c011eac7e4e6fd3dd1caf9f667d345ad842278af945740c22e2815cab4c5c89,200000,20260717T134222171980Z,1111,mask_fragment-n200000-w128-m0900-s1111
mask_fragment,86a3c5594a7b0bd7b33efe4c4ffaf5dc0aa17226,late_mask_fragment,128,551.2820999720134,25600000,0.9,180000,1,sha256:18bd7fb3b6d02ff88c53bf4a74124c631590d7e276f031a9034dc7f9cb857902,14,sha256:8c011eac7e4e6fd3dd1caf9f667d345ad842278af945740c22e2815cab4c5c89,200000,20260717T134222171980Z,1111,mask_fragment-n200000-w128-m0900-s1111
mask_fragment,86a3c5594a7b0bd7b33efe4c4ffaf5dc0aa17226,late_mask_fragment,128,813.6614999966696,25600000,0.9,180000,0,sha256:18bd7fb3b6d02ff88c53bf4a74124c631590d7e276f031a9034dc7f9cb857902,0,sha256:a6bb3e4788c5da225ae6e04423204a6af54d974d4ef398c688c636477403979e,200000,20260717T134222171980Z,1222,mask_fragment-n200000-w128-m0900-s1222
mask_fragment,86a3c5594a7b0bd7b33efe4c4ffaf5dc0aa17226,early_mask_fragment,128,714.2990000429563,25600000,0.9,180000,1,sha256:1a43e0ddf8cc02438cc76d27ba1cce86da34109d2e43dcc8ed7c9d581b95b39d,0,sha256:a6bb3e4788c5da225ae6e04423204a6af54d974d4ef398c688c636477403979e,200000,20260717T134222171980Z,1222,mask_fragment-n200000-w128-m0900-s1222
mask_fragment,86a3c5594a7b0bd7b33efe4c4ffaf5dc0aa17226,early_mask_fragment,128,699.1825000150129,25600000,0.9,180000,0,sha256:1a43e0ddf8cc02438cc76d27ba1cce86da34109d2e43dcc8ed7c9d581b95b39d,1,sha256:a6bb3e4788c5da225ae6e04423204a6af54d974d4ef398c688c636477403979e,200000,20260717T134222171980Z,1222,mask_fragment-n200000-w128-m0900-s1222
mask_fragment,86a3c5594a7b0bd7b33efe4c4ffaf5dc0aa17226,late_mask_fragment,128,897.9441000265069,25600000,0.9,180000,1,sha256:18bd7fb3b6d02ff88c53bf4a74124c631590d7e276f031a9034dc7f9cb857902,1,sha256:a6bb3e4788c5da225ae6e04423204a6af54d974d4ef398c688c636477403979e,200000,20260717T134222171980Z,1222,mask_fragment-n200000-w128-m0900-s1222
mask_fragment,86a3c5594a7b0bd7b33efe4c4ffaf5dc0aa17226,late_mask_fragment,128,555.332800024189,25600000,0.9,180000,0,sha256:18bd7fb3b6d02ff88c53bf4a74124c631590d7e276f031a9034dc7f9cb857902,2,sha256:a6bb3e4788c5da225ae6e04423204a6af54d974d4ef398c688c636477403979e,200000,20260717T134222171980Z,1222,mask_fragment-n200000-w128-m0900-s1222
mask_fragment,86a3c5594a7b0bd7b33efe4c4ffaf5dc0aa17226,early_mask_fragment,128,528.5345999873243,25600000,0.9,180000,1,sha256:1a43e0ddf8cc02438cc76d27ba1cce86da34109d2e43dcc8ed7c9d581b95b39d,2,sha256:a6bb3e4788c5da225ae6e04423204a6af54d974d4ef398c688c636477403979e,200000,20260717T134222171980Z,1222,mask_fragment-n200000-w128-m0900-s1222
mask_fragment,86a3c5594a7b0bd7b33efe4c4ffaf5dc0aa17226,early_mask_fragment,128,544.4805999868549,25600000,0.9,180000,0,sha256:1a43e0ddf8cc02438cc76d27ba1cce86da34109d2e43dcc8ed7c9d581b95b39d,3,sha256:a6bb3e4788c5da225ae6e04423204a6af54d974d4ef398c688c636477403979e,200000,20260717T134222171980Z,1222,mask_fragment-n200000-w128-m0900-s1222
mask_fragment,86a3c5594a7b0bd7b33efe4c4ffaf5dc0aa17226,late_mask_fragment,128,622.8680000058375,25600000,0.9,180000,1,sha256:18bd7fb3b6d02ff88c53bf4a74124c631590d7e276f031a9034dc7f9cb857902,3,sha256:a6bb3e4788c5da225ae6e04423204a6af54d974d4ef398c688c636477403979e,200000,20260717T134222171980Z,1222,mask_fragment-n200000-w128-m0900-s1222
mask_fragment,86a3c5594a7b0bd7b33efe4c4ffaf5dc0aa17226,late_mask_fragment,128,588.8682999648154,25600000,0.9,180000,0,sha256:18bd7fb3b6d02ff88c53bf4a74124c631590d7e276f031a9034dc7f9cb857902,4,sha256:a6bb3e4788c5da225ae6e04423204a6af54d974d4ef398c688c636477403979e,200000,20260717T134222171980Z,1222,mask_fragment-n200000-w128-m0900-s1222
mask_fragment,86a3c5594a7b0bd7b33efe4c4ffaf5dc0aa17226,early_mask_fragment,128,554.7388999839313,25600000,0.9,180000,1,sha256:1a43e0ddf8cc02438cc76d27ba1cce86da34109d2e43dcc8ed7c9d581b95b39d,4,sha256:a6bb3e4788c5da225ae6e04423204a6af54d974d4ef398c688c636477403979e,200000,20260717T134222171980Z,1222,mask_fragment-n200000-w128-m0900-s1222
mask_fragment,86a3c5594a7b0bd7b33efe4c4ffaf5dc0aa17226,early_mask_fragment,128,585.3667999617755,25600000,0.9,180000,0,sha256:1a43e0ddf8cc02438cc76d27ba1cce86da34109d2e43dcc8ed7c9d581b95b39d,5,sha256:a6bb3e4788c5da225ae6e04423204a6af54d974d4ef398c688c636477403979e,200000,20260717T134222171980Z,1222,mask_fragment-n200000-w128-m0900-s1222
mask_fragment,86a3c5594a7b0bd7b33efe4c4ffaf5dc0aa17226,late_mask_fragment,128,678.3981000189669,25600000,0.9,180000,1,sha256:18bd7fb3b6d02ff88c53bf4a74124c631590d7e276f031a9034dc7f9cb857902,5,sha256:a6bb3e4788c5da225ae6e04423204a6af54d974d4ef398c688c636477403979e,200000,20260717T134222171980Z,1222,mask_fragment-n200000-w128-m0900-s1222
mask_fragment,86a3c5594a7b0bd7b33efe4c4ffaf5dc0aa17226,late_mask_fragment,128,611.68319999706,25600000,0.9,180000,0,sha256:18bd7fb3b6d02ff88c53bf4a74124c631590d7e276f031a9034dc7f9cb857902,6,sha256:a6bb3e4788c5da225ae6e04423204a6af54d974d4ef398c688c636477403979e,200000,20260717T134222171980Z,1222,mask_fragment-n200000-w128-m0900-s1222
mask_fragment,86a3c5594a7b0bd7b33efe4c4ffaf5dc0aa17226,early_mask_fragment,128,584.9027000367641,25600000,0.9,180000,1,sha256:1a43e0ddf8cc02438cc76d27ba1cce86da34109d2e43dcc8ed7c9d581b95b39d,6,sha256:a6bb3e4788c5da225ae6e04423204a6af54d974d4ef398c688c636477403979e,200000,20260717T134222171980Z,1222,mask_fragment-n200000-w128-m0900-s1222
mask_fragment,86a3c5594a7b0bd7b33efe4c4ffaf5dc0aa17226,early_mask_fragment,128,568.1723000016063,25600000,0.9,180000,0,sha256:1a43e0ddf8cc02438cc76d27ba1cce86da34109d2e43dcc8ed7c9d581b95b39d,7,sha256:a6bb3e4788c5da225ae6e04423204a6af54d974d4ef398c688c636477403979e,200000,20260717T134222171980Z,1222,mask_fragment-n200000-w128-m0900-s1222
mask_fragment,86a3c5594a7b0bd7b33efe4c4ffaf5dc0aa17226,late_mask_fragment,128,639.1424000030383,25600000,0.9,180000,1,sha256:18bd7fb3b6d02ff88c53bf4a74124c631590d7e276f031a9034dc7f9cb857902,7,sha256:a6bb3e4788c5da225ae6e04423204a6af54d974d4ef398c688c636477403979e,200000,20260717T134222171980Z,1222,mask_fragment-n200000-w128-m0900-s1222
mask_fragment,86a3c5594a7b0bd7b33efe4c4ffaf5dc0aa17226,late_mask_fragment,128,582.665599999018,25600000,0.9,180000,0,sha256:18bd7fb3b6d02ff88c53bf4a74124c631590d7e276f031a9034dc7f9cb857902,8,sha256:a6bb3e4788c5da225ae6e04423204a6af54d974d4ef398c688c636477403979e,200000,20260717T134222171980Z,1222,mask_fragment-n200000-w128-m0900-s1222
mask_fragment,86a3c5594a7b0bd7b33efe4c4ffaf5dc0aa17226,early_mask_fragment,128,602.9407000169158,25600000,0.9,180000,1,sha256:1a43e0ddf8cc02438cc76d27ba1cce86da34109d2e43dcc8ed7c9d581b95b39d,8,sha256:a6bb3e4788c5da225ae6e04423204a6af54d974d4ef398c688c636477403979e,200000,20260717T134222171980Z,1222,mask_fragment-n200000-w128-m0900-s1222
mask_fragment,86a3c5594a7b0bd7b33efe4c4ffaf5dc0aa17226,early_mask_fragment,128,565.575800021179,25600000,0.9,180000,0,sha256:1a43e0ddf8cc02438cc76d27ba1cce86da34109d2e43dcc8ed7c9d581b95b39d,9,sha256:a6bb3e4788c5da225ae6e04423204a6af54d974d4ef398c688c636477403979e,200000,20260717T134222171980Z,1222,mask_fragment-n200000-w128-m0900-s1222
mask_fragment,86a3c5594a7b0bd7b33efe4c4ffaf5dc0aa17226,late_mask_fragment,128,687.2766999877058,25600000,0.9,180000,1,sha256:18bd7fb3b6d02ff88c53bf4a74124c631590d7e276f031a9034dc7f9cb857902,9,sha256:a6bb3e4788c5da225ae6e04423204a6af54d974d4ef398c688c636477403979e,200000,20260717T134222171980Z,1222,mask_fragment-n200000-w128-m0900-s1222
mask_fragment,86a3c5594a7b0bd7b33efe4c4ffaf5dc0aa17226,late_mask_fragment,128,765.6038999557495,25600000,0.9,180000,0,sha256:18bd7fb3b6d02ff88c53bf4a74124c631590d7e276f031a9034dc7f9cb857902,10,sha256:a6bb3e4788c5da225ae6e04423204a6af54d974d4ef398c688c636477403979e,200000,20260717T134222171980Z,1222,mask_fragment-n200000-w128-m0900-s1222
mask_fragment,86a3c5594a7b0bd7b33efe4c4ffaf5dc0aa17226,early_mask_fragment,128,696.442799991928,25600000,0.9,180000,1,sha256:1a43e0ddf8cc02438cc76d27ba1cce86da34109d2e43dcc8ed7c9d581b95b39d,10,sha256:a6bb3e4788c5da225ae6e04423204a6af54d974d4ef398c688c636477403979e,200000,20260717T134222171980Z,1222,mask_fragment-n200000-w128-m0900-s1222
mask_fragment,86a3c5594a7b0bd7b33efe4c4ffaf5dc0aa17226,early_mask_fragment,128,814.36770001892,25600000,0.9,180000,0,sha256:1a43e0ddf8cc02438cc76d27ba1cce86da34109d2e43dcc8ed7c9d581b95b39d,11,sha256:a6bb3e4788c5da225ae6e04423204a6af54d974d4ef398c688c636477403979e,200000,20260717T134222171980Z,1222,mask_fragment-n200000-w128-m0900-s1222
mask_fragment,86a3c5594a7b0bd7b33efe4c4ffaf5dc0aa17226,late_mask_fragment,128,787.3294000164606,25600000,0.9,180000,1,sha256:18bd7fb3b6d02ff88c53bf4a74124c631590d7e276f031a9034dc7f9cb857902,11,sha256:a6bb3e4788c5da225ae6e04423204a6af54d974d4ef398c688c636477403979e,200000,20260717T134222171980Z,1222,mask_fragment-n200000-w128-m0900-s1222
mask_fragment,86a3c5594a7b0bd7b33efe4c4ffaf5dc0aa17226,late_mask_fragment,128,700.3929999773391,25600000,0.9,180000,0,sha256:18bd7fb3b6d02ff88c53bf4a74124c631590d7e276f031a9034dc7f9cb857902,12,sha256:a6bb3e4788c5da225ae6e04423204a6af54d974d4ef398c688c636477403979e,200000,20260717T134222171980Z,1222,mask_fragment-n200000-w128-m0900-s1222
mask_fragment,86a3c5594a7b0bd7b33efe4c4ffaf5dc0aa17226,early_mask_fragment,128,619.7214999701828,25600000,0.9,180000,1,sha256:1a43e0ddf8cc02438cc76d27ba1cce86da34109d2e43dcc8ed7c9d581b95b39d,12,sha256:a6bb3e4788c5da225ae6e04423204a6af54d974d4ef398c688c636477403979e,200000,20260717T134222171980Z,1222,mask_fragment-n200000-w128-m0900-s1222
mask_fragment,86a3c5594a7b0bd7b33efe4c4ffaf5dc0aa17226,early_mask_fragment,128,543.6600999673828,25600000,0.9,180000,0,sha256:1a43e0ddf8cc02438cc76d27ba1cce86da34109d2e43dcc8ed7c9d581b95b39d,13,sha256:a6bb3e4788c5da225ae6e04423204a6af54d974d4ef398c688c636477403979e,200000,20260717T134222171980Z,1222,mask_fragment-n200000-w128-m0900-s1222
mask_fragment,86a3c5594a7b0bd7b33efe4c4ffaf5dc0aa17226,late_mask_fragment,128,642.7731000003405,25600000,0.9,180000,1,sha256:18bd7fb3b6d02ff88c53bf4a74124c631590d7e276f031a9034dc7f9cb857902,13,sha256:a6bb3e4788c5da225ae6e04423204a6af54d974d4ef398c688c636477403979e,200000,20260717T134222171980Z,1222,mask_fragment-n200000-w128-m0900-s1222
mask_fragment,86a3c5594a7b0bd7b33efe4c4ffaf5dc0aa17226,late_mask_fragment,128,641.025000018999,25600000,0.9,180000,0,sha256:18bd7fb3b6d02ff88c53bf4a74124c631590d7e276f031a9034dc7f9cb857902,14,sha256:a6bb3e4788c5da225ae6e04423204a6af54d974d4ef398c688c636477403979e,200000,20260717T134222171980Z,1222,mask_fragment-n200000-w128-m0900-s1222
mask_fragment,86a3c5594a7b0bd7b33efe4c4ffaf5dc0aa17226,early_mask_fragment,128,611.1220000311732,25600000,0.9,180000,1,sha256:1a43e0ddf8cc02438cc76d27ba1cce86da34109d2e43dcc8ed7c9d581b95b39d,14,sha256:a6bb3e4788c5da225ae6e04423204a6af54d974d4ef398c688c636477403979e,200000,20260717T134222171980Z,1222,mask_fragment-n200000-w128-m0900-s1222
mask_fragment,86a3c5594a7b0bd7b33efe4c4ffaf5dc0aa17226,late_mask_fragment,128,586.0721999779344,25600000,0.9,180000,0,sha256:18bd7fb3b6d02ff88c53bf4a74124c631590d7e276f031a9034dc7f9cb857902,0,sha256:96634b3b27045fba5dc47e34edd61709b8fa07bbd6d372ae5cb58d74018c852e,200000,20260717T134222171980Z,1333,mask_fragment-n200000-w128-m0900-s1333
mask_fragment,86a3c5594a7b0bd7b33efe4c4ffaf5dc0aa17226,early_mask_fragment,128,572.1876000170596,25600000,0.9,180000,1,sha256:1a43e0ddf8cc02438cc76d27ba1cce86da34109d2e43dcc8ed7c9d581b95b39d,0,sha256:96634b3b27045fba5dc47e34edd61709b8fa07bbd6d372ae5cb58d74018c852e,200000,20260717T134222171980Z,1333,mask_fragment-n200000-w128-m0900-s1333
mask_fragment,86a3c5594a7b0bd7b33efe4c4ffaf5dc0aa17226,early_mask_fragment,128,844.9773999745958,25600000,0.9,180000,0,sha256:1a43e0ddf8cc02438cc76d27ba1cce86da34109d2e43dcc8ed7c9d581b95b39d,1,sha256:96634b3b27045fba5dc47e34edd61709b8fa07bbd6d372ae5cb58d74018c852e,200000,20260717T134222171980Z,1333,mask_fragment-n200000-w128-m0900-s1333
mask_fragment,86a3c5594a7b0bd7b33efe4c4ffaf5dc0aa17226,late_mask_fragment,128,727.8259999584407,25600000,0.9,180000,1,sha256:18bd7fb3b6d02ff88c53bf4a74124c631590d7e276f031a9034dc7f9cb857902,1,sha256:96634b3b27045fba5dc47e34edd61709b8fa07bbd6d372ae5cb58d74018c852e,200000,20260717T134222171980Z,1333,mask_fragment-n200000-w128-m0900-s1333
mask_fragment,86a3c5594a7b0bd7b33efe4c4ffaf5dc0aa17226,late_mask_fragment,128,590.0735000032,25600000,0.9,180000,0,sha256:18bd7fb3b6d02ff88c53bf4a74124c631590d7e276f031a9034dc7f9cb857902,2,sha256:96634b3b27045fba5dc47e34edd61709b8fa07bbd6d372ae5cb58d74018c852e,200000,20260717T134222171980Z,1333,mask_fragment-n200000-w128-m0900-s1333
mask_fragment,86a3c5594a7b0bd7b33efe4c4ffaf5dc0aa17226,early_mask_fragment,128,541.9013999635354,25600000,0.9,180000,1,sha256:1a43e0ddf8cc02438cc76d27ba1cce86da34109d2e43dcc8ed7c9d581b95b39d,2,sha256:96634b3b27045fba5dc47e34edd61709b8fa07bbd6d372ae5cb58d74018c852e,200000,20260717T134222171980Z,1333,mask_fragment-n200000-w128-m0900-s1333
mask_fragment,86a3c5594a7b0bd7b33efe4c4ffaf5dc0aa17226,early_mask_fragment,128,559.1390999616124,25600000,0.9,180000,0,sha256:1a43e0ddf8cc02438cc76d27ba1cce86da34109d2e43dcc8ed7c9d581b95b39d,3,sha256:96634b3b27045fba5dc47e34edd61709b8fa07bbd6d372ae5cb58d74018c852e,200000,20260717T134222171980Z,1333,mask_fragment-n200000-w128-m0900-s1333
mask_fragment,86a3c5594a7b0bd7b33efe4c4ffaf5dc0aa17226,late_mask_fragment,128,599.6869999798946,25600000,0.9,180000,1,sha256:18bd7fb3b6d02ff88c53bf4a74124c631590d7e276f031a9034dc7f9cb857902,3,sha256:96634b3b27045fba5dc47e34edd61709b8fa07bbd6d372ae5cb58d74018c852e,200000,20260717T134222171980Z,1333,mask_fragment-n200000-w128-m0900-s1333
mask_fragment,86a3c5594a7b0bd7b33efe4c4ffaf5dc0aa17226,late_mask_fragment,128,648.7018000334501,25600000,0.9,180000,0,sha256:18bd7fb3b6d02ff88c53bf4a74124c631590d7e276f031a9034dc7f9cb857902,4,sha256:96634b3b27045fba5dc47e34edd61709b8fa07bbd6d372ae5cb58d74018c852e,200000,20260717T134222171980Z,1333,mask_fragment-n200000-w128-m0900-s1333
mask_fragment,86a3c5594a7b0bd7b33efe4c4ffaf5dc0aa17226,early_mask_fragment,128,564.5146999740973,25600000,0.9,180000,1,sha256:1a43e0ddf8cc02438cc76d27ba1cce86da34109d2e43dcc8ed7c9d581b95b39d,4,sha256:96634b3b27045fba5dc47e34edd61709b8fa07bbd6d372ae5cb58d74018c852e,200000,20260717T134222171980Z,1333,mask_fragment-n200000-w128-m0900-s1333
mask_fragment,86a3c5594a7b0bd7b33efe4c4ffaf5dc0aa17226,early_mask_fragment,128,638.6961999814957,25600000,0.9,180000,0,sha256:1a43e0ddf8cc02438cc76d27ba1cce86da34109d2e43dcc8ed7c9d581b95b39d,5,sha256:96634b3b27045fba5dc47e34edd61709b8fa07bbd6d372ae5cb58d74018c852e,200000,20260717T134222171980Z,1333,mask_fragment-n200000-w128-m0900-s1333
mask_fragment,86a3c5594a7b0bd7b33efe4c4ffaf5dc0aa17226,late_mask_fragment,128,665.6411000294611,25600000,0.9,180000,1,sha256:18bd7fb3b6d02ff88c53bf4a74124c631590d7e276f031a9034dc7f9cb857902,5,sha256:96634b3b27045fba5dc47e34edd61709b8fa07bbd6d372ae5cb58d74018c852e,200000,20260717T134222171980Z,1333,mask_fragment-n200000-w128-m0900-s1333
mask_fragment,86a3c5594a7b0bd7b33efe4c4ffaf5dc0aa17226,late_mask_fragment,128,670.4875999712385,25600000,0.9,180000,0,sha256:18bd7fb3b6d02ff88c53bf4a74124c631590d7e276f031a9034dc7f9cb857902,6,sha256:96634b3b27045fba5dc47e34edd61709b8fa07bbd6d372ae5cb58d74018c852e,200000,20260717T134222171980Z,1333,mask_fragment-n200000-w128-m0900-s1333
mask_fragment,86a3c5594a7b0bd7b33efe4c4ffaf5dc0aa17226,early_mask_fragment,128,905.1179999951273,25600000,0.9,180000,1,sha256:1a43e0ddf8cc02438cc76d27ba1cce86da34109d2e43dcc8ed7c9d581b95b39d,6,sha256:96634b3b27045fba5dc47e34edd61709b8fa07bbd6d372ae5cb58d74018c852e,200000,20260717T134222171980Z,1333,mask_fragment-n200000-w128-m0900-s1333
mask_fragment,86a3c5594a7b0bd7b33efe4c4ffaf5dc0aa17226,early_mask_fragment,128,616.3610999938101,25600000,0.9,180000,0,sha256:1a43e0ddf8cc02438cc76d27ba1cce86da34109d2e43dcc8ed7c9d581b95b39d,7,sha256:96634b3b27045fba5dc47e34edd61709b8fa07bbd6d372ae5cb58d74018c852e,200000,20260717T134222171980Z,1333,mask_fragment-n200000-w128-m0900-s1333
mask_fragment,86a3c5594a7b0bd7b33efe4c4ffaf5dc0aa17226,late_mask_fragment,128,606.6356000374071,25600000,0.9,180000,1,sha256:18bd7fb3b6d02ff88c53bf4a74124c631590d7e276f031a9034dc7f9cb857902,7,sha256:96634b3b27045fba5dc47e34edd61709b8fa07bbd6d372ae5cb58d74018c852e,200000,20260717T134222171980Z,1333,mask_fragment-n200000-w128-m0900-s1333
mask_fragment,86a3c5594a7b0bd7b33efe4c4ffaf5dc0aa17226,late_mask_fragment,128,622.7575000375509,25600000,0.9,180000,0,sha256:18bd7fb3b6d02ff88c53bf4a74124c631590d7e276f031a9034dc7f9cb857902,8,sha256:96634b3b27045fba5dc47e34edd61709b8fa07bbd6d372ae5cb58d74018c852e,200000,20260717T134222171980Z,1333,mask_fragment-n200000-w128-m0900-s1333
mask_fragment,86a3c5594a7b0bd7b33efe4c4ffaf5dc0aa17226,early_mask_fragment,128,612.835600040853,25600000,0.9,180000,1,sha256:1a43e0ddf8cc02438cc76d27ba1cce86da34109d2e43dcc8ed7c9d581b95b39d,8,sha256:96634b3b27045fba5dc47e34edd61709b8fa07bbd6d372ae5cb58d74018c852e,200000,20260717T134222171980Z,1333,mask_fragment-n200000-w128-m0900-s1333
mask_fragment,86a3c5594a7b0bd7b33efe4c4ffaf5dc0aa17226,early_mask_fragment,128,571.2578000384383,25600000,0.9,180000,0,sha256:1a43e0ddf8cc02438cc76d27ba1cce86da34109d2e43dcc8ed7c9d581b95b39d,9,sha256:96634b3b27045fba5dc47e34edd61709b8fa07bbd6d372ae5cb58d74018c852e,200000,20260717T134222171980Z,1333,mask_fragment-n200000-w128-m0900-s1333
mask_fragment,86a3c5594a7b0bd7b33efe4c4ffaf5dc0aa17226,late_mask_fragment,128,609.9775999900885,25600000,0.9,180000,1,sha256:18bd7fb3b6d02ff88c53bf4a74124c631590d7e276f031a9034dc7f9cb857902,9,sha256:96634b3b27045fba5dc47e34edd61709b8fa07bbd6d372ae5cb58d74018c852e,200000,20260717T134222171980Z,1333,mask_fragment-n200000-w128-m0900-s1333
mask_fragment,86a3c5594a7b0bd7b33efe4c4ffaf5dc0aa17226,late_mask_fragment,128,715.4201000230387,25600000,0.9,180000,0,sha256:18bd7fb3b6d02ff88c53bf4a74124c631590d7e276f031a9034dc7f9cb857902,10,sha256:96634b3b27045fba5dc47e34edd61709b8fa07bbd6d372ae5cb58d74018c852e,200000,20260717T134222171980Z,1333,mask_fragment-n200000-w128-m0900-s1333
mask_fragment,86a3c5594a7b0bd7b33efe4c4ffaf5dc0aa17226,early_mask_fragment,128,580.9774999506772,25600000,0.9,180000,1,sha256:1a43e0ddf8cc02438cc76d27ba1cce86da34109d2e43dcc8ed7c9d581b95b39d,10,sha256:96634b3b27045fba5dc47e34edd61709b8fa07bbd6d372ae5cb58d74018c852e,200000,20260717T134222171980Z,1333,mask_fragment-n200000-w128-m0900-s1333
mask_fragment,86a3c5594a7b0bd7b33efe4c4ffaf5dc0aa17226,early_mask_fragment,128,624.3474999791943,25600000,0.9,180000,0,sha256:1a43e0ddf8cc02438cc76d27ba1cce86da34109d2e43dcc8ed7c9d581b95b39d,11,sha256:96634b3b27045fba5dc47e34edd61709b8fa07bbd6d372ae5cb58d74018c852e,200000,20260717T134222171980Z,1333,mask_fragment-n200000-w128-m0900-s1333
mask_fragment,86a3c5594a7b0bd7b33efe4c4ffaf5dc0aa17226,late_mask_fragment,128,713.1482000113465,25600000,0.9,180000,1,sha256:18bd7fb3b6d02ff88c53bf4a74124c631590d7e276f031a9034dc7f9cb857902,11,sha256:96634b3b27045fba5dc47e34edd61709b8fa07bbd6d372ae5cb58d74018c852e,200000,20260717T134222171980Z,1333,mask_fragment-n200000-w128-m0900-s1333
mask_fragment,86a3c5594a7b0bd7b33efe4c4ffaf5dc0aa17226,late_mask_fragment,128,685.1769000058994,25600000,0.9,180000,0,sha256:18bd7fb3b6d02ff88c53bf4a74124c631590d7e276f031a9034dc7f9cb857902,12,sha256:96634b3b27045fba5dc47e34edd61709b8fa07bbd6d372ae5cb58d74018c852e,200000,20260717T134222171980Z,1333,mask_fragment-n200000-w128-m0900-s1333
mask_fragment,86a3c5594a7b0bd7b33efe4c4ffaf5dc0aa17226,early_mask_fragment,128,571.1009000078775,25600000,0.9,180000,1,sha256:1a43e0ddf8cc02438cc76d27ba1cce86da34109d2e43dcc8ed7c9d581b95b39d,12,sha256:96634b3b27045fba5dc47e34edd61709b8fa07bbd6d372ae5cb58d74018c852e,200000,20260717T134222171980Z,1333,mask_fragment-n200000-w128-m0900-s1333
mask_fragment,86a3c5594a7b0bd7b33efe4c4ffaf5dc0aa17226,early_mask_fragment,128,659.2111999634653,25600000,0.9,180000,0,sha256:1a43e0ddf8cc02438cc76d27ba1cce86da34109d2e43dcc8ed7c9d581b95b39d,13,sha256:96634b3b27045fba5dc47e34edd61709b8fa07bbd6d372ae5cb58d74018c852e,200000,20260717T134222171980Z,1333,mask_fragment-n200000-w128-m0900-s1333
mask_fragment,86a3c5594a7b0bd7b33efe4c4ffaf5dc0aa17226,late_mask_fragment,128,698.8758000079542,25600000,0.9,180000,1,sha256:18bd7fb3b6d02ff88c53bf4a74124c631590d7e276f031a9034dc7f9cb857902,13,sha256:96634b3b27045fba5dc47e34edd61709b8fa07bbd6d372ae5cb58d74018c852e,200000,20260717T134222171980Z,1333,mask_fragment-n200000-w128-m0900-s1333
mask_fragment,86a3c5594a7b0bd7b33efe4c4ffaf5dc0aa17226,late_mask_fragment,128,618.6849999940023,25600000,0.9,180000,0,sha256:18bd7fb3b6d02ff88c53bf4a74124c631590d7e276f031a9034dc7f9cb857902,14,sha256:96634b3b27045fba5dc47e34edd61709b8fa07bbd6d372ae5cb58d74018c852e,200000,20260717T134222171980Z,1333,mask_fragment-n200000-w128-m0900-s1333
mask_fragment,86a3c5594a7b0bd7b33efe4c4ffaf5dc0aa17226,early_mask_fragment,128,518.8456999603659,25600000,0.9,180000,1,sha256:1a43e0ddf8cc02438cc76d27ba1cce86da34109d2e43dcc8ed7c9d581b95b39d,14,sha256:96634b3b27045fba5dc47e34edd61709b8fa07bbd6d372ae5cb58d74018c852e,200000,20260717T134222171980Z,1333,mask_fragment-n200000-w128-m0900-s1333
mask_fragment,86a3c5594a7b0bd7b33efe4c4ffaf5dc0aa17226,early_mask_fragment,128,527.8637000010349,25600000,0.9,180000,0,sha256:1a43e0ddf8cc02438cc76d27ba1cce86da34109d2e43dcc8ed7c9d581b95b39d,0,sha256:25c2c7132514d8d5f755da56b8f348cd58d765a38cf4d998999e65cb68fd840f,200000,20260717T134222171980Z,1444,mask_fragment-n200000-w128-m0900-s1444
mask_fragment,86a3c5594a7b0bd7b33efe4c4ffaf5dc0aa17226,late_mask_fragment,128,536.7829999886453,25600000,0.9,180000,1,sha256:18bd7fb3b6d02ff88c53bf4a74124c631590d7e276f031a9034dc7f9cb857902,0,sha256:25c2c7132514d8d5f755da56b8f348cd58d765a38cf4d998999e65cb68fd840f,200000,20260717T134222171980Z,1444,mask_fragment-n200000-w128-m0900-s1444
mask_fragment,86a3c5594a7b0bd7b33efe4c4ffaf5dc0aa17226,late_mask_fragment,128,636.4283000002615,25600000,0.9,180000,0,sha256:18bd7fb3b6d02ff88c53bf4a74124c631590d7e276f031a9034dc7f9cb857902,1,sha256:25c2c7132514d8d5f755da56b8f348cd58d765a38cf4d998999e65cb68fd840f,200000,20260717T134222171980Z,1444,mask_fragment-n200000-w128-m0900-s1444
mask_fragment,86a3c5594a7b0bd7b33efe4c4ffaf5dc0aa17226,early_mask_fragment,128,585.9120000386611,25600000,0.9,180000,1,sha256:1a43e0ddf8cc02438cc76d27ba1cce86da34109d2e43dcc8ed7c9d581b95b39d,1,sha256:25c2c7132514d8d5f755da56b8f348cd58d765a38cf4d998999e65cb68fd840f,200000,20260717T134222171980Z,1444,mask_fragment-n200000-w128-m0900-s1444
mask_fragment,86a3c5594a7b0bd7b33efe4c4ffaf5dc0aa17226,early_mask_fragment,128,538.1164000136778,25600000,0.9,180000,0,sha256:1a43e0ddf8cc02438cc76d27ba1cce86da34109d2e43dcc8ed7c9d581b95b39d,2,sha256:25c2c7132514d8d5f755da56b8f348cd58d765a38cf4d998999e65cb68fd840f,200000,20260717T134222171980Z,1444,mask_fragment-n200000-w128-m0900-s1444
mask_fragment,86a3c5594a7b0bd7b33efe4c4ffaf5dc0aa17226,late_mask_fragment,128,602.920199977234,25600000,0.9,180000,1,sha256:18bd7fb3b6d02ff88c53bf4a74124c631590d7e276f031a9034dc7f9cb857902,2,sha256:25c2c7132514d8d5f755da56b8f348cd58d765a38cf4d998999e65cb68fd840f,200000,20260717T134222171980Z,1444,mask_fragment-n200000-w128-m0900-s1444
mask_fragment,86a3c5594a7b0bd7b33efe4c4ffaf5dc0aa17226,late_mask_fragment,128,590.8551000175066,25600000,0.9,180000,0,sha256:18bd7fb3b6d02ff88c53bf4a74124c631590d7e276f031a9034dc7f9cb857902,3,sha256:25c2c7132514d8d5f755da56b8f348cd58d765a38cf4d998999e65cb68fd840f,200000,20260717T134222171980Z,1444,mask_fragment-n200000-w128-m0900-s1444
mask_fragment,86a3c5594a7b0bd7b33efe4c4ffaf5dc0aa17226,early_mask_fragment,128,1070.166599994991,25600000,0.9,180000,1,sha256:1a43e0ddf8cc02438cc76d27ba1cce86da34109d2e43dcc8ed7c9d581b95b39d,3,sha256:25c2c7132514d8d5f755da56b8f348cd58d765a38cf4d998999e65cb68fd840f,200000,20260717T134222171980Z,1444,mask_fragment-n200000-w128-m0900-s1444
mask_fragment,86a3c5594a7b0bd7b33efe4c4ffaf5dc0aa17226,early_mask_fragment,128,508.75350000569597,25600000,0.9,180000,0,sha256:1a43e0ddf8cc02438cc76d27ba1cce86da34109d2e43dcc8ed7c9d581b95b39d,4,sha256:25c2c7132514d8d5f755da56b8f348cd58d765a38cf4d998999e65cb68fd840f,200000,20260717T134222171980Z,1444,mask_fragment-n200000-w128-m0900-s1444
mask_fragment,86a3c5594a7b0bd7b33efe4c4ffaf5dc0aa17226,late_mask_fragment,128,637.3303000000305,25600000,0.9,180000,1,sha256:18bd7fb3b6d02ff88c53bf4a74124c631590d7e276f031a9034dc7f9cb857902,4,sha256:25c2c7132514d8d5f755da56b8f348cd58d765a38cf4d998999e65cb68fd840f,200000,20260717T134222171980Z,1444,mask_fragment-n200000-w128-m0900-s1444
mask_fragment,86a3c5594a7b0bd7b33efe4c4ffaf5dc0aa17226,late_mask_fragment,128,623.5739000258036,25600000,0.9,180000,0,sha256:18bd7fb3b6d02ff88c53bf4a74124c631590d7e276f031a9034dc7f9cb857902,5,sha256:25c2c7132514d8d5f755da56b8f348cd58d765a38cf4d998999e65cb68fd840f,200000,20260717T134222171980Z,1444,mask_fragment-n200000-w128-m0900-s1444
mask_fragment,86a3c5594a7b0bd7b33efe4c4ffaf5dc0aa17226,early_mask_fragment,128,548.8410999532789,25600000,0.9,180000,1,sha256:1a43e0ddf8cc02438cc76d27ba1cce86da34109d2e43dcc8ed7c9d581b95b39d,5,sha256:25c2c7132514d8d5f755da56b8f348cd58d765a38cf4d998999e65cb68fd840f,200000,20260717T134222171980Z,1444,mask_fragment-n200000-w128-m0900-s1444
mask_fragment,86a3c5594a7b0bd7b33efe4c4ffaf5dc0aa17226,early_mask_fragment,128,568.2070999755524,25600000,0.9,180000,0,sha256:1a43e0ddf8cc02438cc76d27ba1cce86da34109d2e43dcc8ed7c9d581b95b39d,6,sha256:25c2c7132514d8d5f755da56b8f348cd58d765a38cf4d998999e65cb68fd840f,200000,20260717T134222171980Z,1444,mask_fragment-n200000-w128-m0900-s1444
mask_fragment,86a3c5594a7b0bd7b33efe4c4ffaf5dc0aa17226,late_mask_fragment,128,547.4528999766335,25600000,0.9,180000,1,sha256:18bd7fb3b6d02ff88c53bf4a74124c631590d7e276f031a9034dc7f9cb857902,6,sha256:25c2c7132514d8d5f755da56b8f348cd58d765a38cf4d998999e65cb68fd840f,200000,20260717T134222171980Z,1444,mask_fragment-n200000-w128-m0900-s1444
mask_fragment,86a3c5594a7b0bd7b33efe4c4ffaf5dc0aa17226,late_mask_fragment,128,616.0196000128053,25600000,0.9,180000,0,sha256:18bd7fb3b6d02ff88c53bf4a74124c631590d7e276f031a9034dc7f9cb857902,7,sha256:25c2c7132514d8d5f755da56b8f348cd58d765a38cf4d998999e65cb68fd840f,200000,20260717T134222171980Z,1444,mask_fragment-n200000-w128-m0900-s1444
mask_fragment,86a3c5594a7b0bd7b33efe4c4ffaf5dc0aa17226,early_mask_fragment,128,522.5199999986216,25600000,0.9,180000,1,sha256:1a43e0ddf8cc02438cc76d27ba1cce86da34109d2e43dcc8ed7c9d581b95b39d,7,sha256:25c2c7132514d8d5f755da56b8f348cd58d765a38cf4d998999e65cb68fd840f,200000,20260717T134222171980Z,1444,mask_fragment-n200000-w128-m0900-s1444
mask_fragment,86a3c5594a7b0bd7b33efe4c4ffaf5dc0aa17226,early_mask_fragment,128,534.4200000399724,25600000,0.9,180000,0,sha256:1a43e0ddf8cc02438cc76d27ba1cce86da34109d2e43dcc8ed7c9d581b95b39d,8,sha256:25c2c7132514d8d5f755da56b8f348cd58d765a38cf4d998999e65cb68fd840f,200000,20260717T134222171980Z,1444,mask_fragment-n200000-w128-m0900-s1444
mask_fragment,86a3c5594a7b0bd7b33efe4c4ffaf5dc0aa17226,late_mask_fragment,128,613.6383999837562,25600000,0.9,180000,1,sha256:18bd7fb3b6d02ff88c53bf4a74124c631590d7e276f031a9034dc7f9cb857902,8,sha256:25c2c7132514d8d5f755da56b8f348cd58d765a38cf4d998999e65cb68fd840f,200000,20260717T134222171980Z,1444,mask_fragment-n200000-w128-m0900-s1444
mask_fragment,86a3c5594a7b0bd7b33efe4c4ffaf5dc0aa17226,late_mask_fragment,128,539.095800020732,25600000,0.9,180000,0,sha256:18bd7fb3b6d02ff88c53bf4a74124c631590d7e276f031a9034dc7f9cb857902,9,sha256:25c2c7132514d8d5f755da56b8f348cd58d765a38cf4d998999e65cb68fd840f,200000,20260717T134222171980Z,1444,mask_fragment-n200000-w128-m0900-s1444
mask_fragment,86a3c5594a7b0bd7b33efe4c4ffaf5dc0aa17226,early_mask_fragment,128,524.1791000007652,25600000,0.9,180000,1,sha256:1a43e0ddf8cc02438cc76d27ba1cce86da34109d2e43dcc8ed7c9d581b95b39d,9,sha256:25c2c7132514d8d5f755da56b8f348cd58d765a38cf4d998999e65cb68fd840f,200000,20260717T134222171980Z,1444,mask_fragment-n200000-w128-m0900-s1444
mask_fragment,86a3c5594a7b0bd7b33efe4c4ffaf5dc0aa17226,early_mask_fragment,128,589.8771000211127,25600000,0.9,180000,0,sha256:1a43e0ddf8cc02438cc76d27ba1cce86da34109d2e43dcc8ed7c9d581b95b39d,10,sha256:25c2c7132514d8d5f755da56b8f348cd58d765a38cf4d998999e65cb68fd840f,200000,20260717T134222171980Z,1444,mask_fragment-n200000-w128-m0900-s1444
mask_fragment,86a3c5594a7b0bd7b33efe4c4ffaf5dc0aa17226,late_mask_fragment,128,597.5872999988496,25600000,0.9,180000,1,sha256:18bd7fb3b6d02ff88c53bf4a74124c631590d7e276f031a9034dc7f9cb857902,10,sha256:25c2c7132514d8d5f755da56b8f348cd58d765a38cf4d998999e65cb68fd840f,200000,20260717T134222171980Z,1444,mask_fragment-n200000-w128-m0900-s1444
mask_fragment,86a3c5594a7b0bd7b33efe4c4ffaf5dc0aa17226,late_mask_fragment,128,616.1850999924354,25600000,0.9,180000,0,sha256:18bd7fb3b6d02ff88c53bf4a74124c631590d7e276f031a9034dc7f9cb857902,11,sha256:25c2c7132514d8d5f755da56b8f348cd58d765a38cf4d998999e65cb68fd840f,200000,20260717T134222171980Z,1444,mask_fragment-n200000-w128-m0900-s1444
mask_fragment,86a3c5594a7b0bd7b33efe4c4ffaf5dc0aa17226,early_mask_fragment,128,607.563300000038,25600000,0.9,180000,1,sha256:1a43e0ddf8cc02438cc76d27ba1cce86da34109d2e43dcc8ed7c9d581b95b39d,11,sha256:25c2c7132514d8d5f755da56b8f348cd58d765a38cf4d998999e65cb68fd840f,200000,20260717T134222171980Z,1444,mask_fragment-n200000-w128-m0900-s1444
mask_fragment,86a3c5594a7b0bd7b33efe4c4ffaf5dc0aa17226,early_mask_fragment,128,554.7142999712378,25600000,0.9,180000,0,sha256:1a43e0ddf8cc02438cc76d27ba1cce86da34109d2e43dcc8ed7c9d581b95b39d,12,sha256:25c2c7132514d8d5f755da56b8f348cd58d765a38cf4d998999e65cb68fd840f,200000,20260717T134222171980Z,1444,mask_fragment-n200000-w128-m0900-s1444
mask_fragment,86a3c5594a7b0bd7b33efe4c4ffaf5dc0aa17226,late_mask_fragment,128,585.2074999711476,25600000,0.9,180000,1,sha256:18bd7fb3b6d02ff88c53bf4a74124c631590d7e276f031a9034dc7f9cb857902,12,sha256:25c2c7132514d8d5f755da56b8f348cd58d765a38cf4d998999e65cb68fd840f,200000,20260717T134222171980Z,1444,mask_fragment-n200000-w128-m0900-s1444
mask_fragment,86a3c5594a7b0bd7b33efe4c4ffaf5dc0aa17226,late_mask_fragment,128,542.4365000217222,25600000,0.9,180000,0,sha256:18bd7fb3b6d02ff88c53bf4a74124c631590d7e276f031a9034dc7f9cb857902,13,sha256:25c2c7132514d8d5f755da56b8f348cd58d765a38cf4d998999e65cb68fd840f,200000,20260717T134222171980Z,1444,mask_fragment-n200000-w128-m0900-s1444
mask_fragment,86a3c5594a7b0bd7b33efe4c4ffaf5dc0aa17226,early_mask_fragment,128,523.4034000313841,25600000,0.9,180000,1,sha256:1a43e0ddf8cc02438cc76d27ba1cce86da34109d2e43dcc8ed7c9d581b95b39d,13,sha256:25c2c7132514d8d5f755da56b8f348cd58d765a38cf4d998999e65cb68fd840f,200000,20260717T134222171980Z,1444,mask_fragment-n200000-w128-m0900-s1444
mask_fragment,86a3c5594a7b0bd7b33efe4c4ffaf5dc0aa17226,early_mask_fragment,128,582.2672999929637,25600000,0.9,180000,0,sha256:1a43e0ddf8cc02438cc76d27ba1cce86da34109d2e43dcc8ed7c9d581b95b39d,14,sha256:25c2c7132514d8d5f755da56b8f348cd58d765a38cf4d998999e65cb68fd840f,200000,20260717T134222171980Z,1444,mask_fragment-n200000-w128-m0900-s1444
mask_fragment,86a3c5594a7b0bd7b33efe4c4ffaf5dc0aa17226,late_mask_fragment,128,545.5667999922298,25600000,0.9,180000,1,sha256:18bd7fb3b6d02ff88c53bf4a74124c631590d7e276f031a9034dc7f9cb857902,14,sha256:25c2c7132514d8d5f755da56b8f348cd58d765a38cf4d998999e65cb68fd840f,200000,20260717T134222171980Z,1444,mask_fragment-n200000-w128-m0900-s1444
mask_fragment,86a3c5594a7b0bd7b33efe4c4ffaf5dc0aa17226,late_mask_fragment,128,613.2394999731332,25600000,0.9,180000,0,sha256:18bd7fb3b6d02ff88c53bf4a74124c631590d7e276f031a9034dc7f9cb857902,0,sha256:2dd6236843f43cd4113b586e3811e39529eeb4cd8a715c3da6354d09037d896a,200000,20260717T134222171980Z,1555,mask_fragment-n200000-w128-m0900-s1555
mask_fragment,86a3c5594a7b0bd7b33efe4c4ffaf5dc0aa17226,early_mask_fragment,128,550.8523999596946,25600000,0.9,180000,1,sha256:1a43e0ddf8cc02438cc76d27ba1cce86da34109d2e43dcc8ed7c9d581b95b39d,0,sha256:2dd6236843f43cd4113b586e3811e39529eeb4cd8a715c3da6354d09037d896a,200000,20260717T134222171980Z,1555,mask_fragment-n200000-w128-m0900-s1555
mask_fragment,86a3c5594a7b0bd7b33efe4c4ffaf5dc0aa17226,early_mask_fragment,128,529.6882999828085,25600000,0.9,180000,0,sha256:1a43e0ddf8cc02438cc76d27ba1cce86da34109d2e43dcc8ed7c9d581b95b39d,1,sha256:2dd6236843f43cd4113b586e3811e39529eeb4cd8a715c3da6354d09037d896a,200000,20260717T134222171980Z,1555,mask_fragment-n200000-w128-m0900-s1555
mask_fragment,86a3c5594a7b0bd7b33efe4c4ffaf5dc0aa17226,late_mask_fragment,128,676.3922999962233,25600000,0.9,180000,1,sha256:18bd7fb3b6d02ff88c53bf4a74124c631590d7e276f031a9034dc7f9cb857902,1,sha256:2dd6236843f43cd4113b586e3811e39529eeb4cd8a715c3da6354d09037d896a,200000,20260717T134222171980Z,1555,mask_fragment-n200000-w128-m0900-s1555
mask_fragment,86a3c5594a7b0bd7b33efe4c4ffaf5dc0aa17226,late_mask_fragment,128,619.7701999917626,25600000,0.9,180000,0,sha256:18bd7fb3b6d02ff88c53bf4a74124c631590d7e276f031a9034dc7f9cb857902,2,sha256:2dd6236843f43cd4113b586e3811e39529eeb4cd8a715c3da6354d09037d896a,200000,20260717T134222171980Z,1555,mask_fragment-n200000-w128-m0900-s1555
mask_fragment,86a3c5594a7b0bd7b33efe4c4ffaf5dc0aa17226,early_mask_fragment,128,560.2099999669008,25600000,0.9,180000,1,sha256:1a43e0ddf8cc02438cc76d27ba1cce86da34109d2e43dcc8ed7c9d581b95b39d,2,sha256:2dd6236843f43cd4113b586e3811e39529eeb4cd8a715c3da6354d09037d896a,200000,20260717T134222171980Z,1555,mask_fragment-n200000-w128-m0900-s1555
mask_fragment,86a3c5594a7b0bd7b33efe4c4ffaf5dc0aa17226,early_mask_fragment,128,639.4486000062898,25600000,0.9,180000,0,sha256:1a43e0ddf8cc02438cc76d27ba1cce86da34109d2e43dcc8ed7c9d581b95b39d,3,sha256:2dd6236843f43cd4113b586e3811e39529eeb4cd8a715c3da6354d09037d896a,200000,20260717T134222171980Z,1555,mask_fragment-n200000-w128-m0900-s1555
mask_fragment,86a3c5594a7b0bd7b33efe4c4ffaf5dc0aa17226,late_mask_fragment,128,613.9854000066407,25600000,0.9,180000,1,sha256:18bd7fb3b6d02ff88c53bf4a74124c631590d7e276f031a9034dc7f9cb857902,3,sha256:2dd6236843f43cd4113b586e3811e39529eeb4cd8a715c3da6354d09037d896a,200000,20260717T134222171980Z,1555,mask_fragment-n200000-w128-m0900-s1555
mask_fragment,86a3c5594a7b0bd7b33efe4c4ffaf5dc0aa17226,late_mask_fragment,128,626.080899965018,25600000,0.9,180000,0,sha256:18bd7fb3b6d02ff88c53bf4a74124c631590d7e276f031a9034dc7f9cb857902,4,sha256:2dd6236843f43cd4113b586e3811e39529eeb4cd8a715c3da6354d09037d896a,200000,20260717T134222171980Z,1555,mask_fragment-n200000-w128-m0900-s1555
mask_fragment,86a3c5594a7b0bd7b33efe4c4ffaf5dc0aa17226,early_mask_fragment,128,545.9265999961644,25600000,0.9,180000,1,sha256:1a43e0ddf8cc02438cc76d27ba1cce86da34109d2e43dcc8ed7c9d581b95b39d,4,sha256:2dd6236843f43cd4113b586e3811e39529eeb4cd8a715c3da6354d09037d896a,200000,20260717T134222171980Z,1555,mask_fragment-n200000-w128-m0900-s1555
mask_fragment,86a3c5594a7b0bd7b33efe4c4ffaf5dc0aa17226,early_mask_fragment,128,579.591799993068,25600000,0.9,180000,0,sha256:1a43e0ddf8cc02438cc76d27ba1cce86da34109d2e43dcc8ed7c9d581b95b39d,5,sha256:2dd6236843f43cd4113b586e3811e39529eeb4cd8a715c3da6354d09037d896a,200000,20260717T134222171980Z,1555,mask_fragment-n200000-w128-m0900-s1555
mask_fragment,86a3c5594a7b0bd7b33efe4c4ffaf5dc0aa17226,late_mask_fragment,128,754.6847999910824,25600000,0.9,180000,1,sha256:18bd7fb3b6d02ff88c53bf4a74124c631590d7e276f031a9034dc7f9cb857902,5,sha256:2dd6236843f43cd4113b586e3811e39529eeb4cd8a715c3da6354d09037d896a,200000,20260717T134222171980Z,1555,mask_fragment-n200000-w128-m0900-s1555
mask_fragment,86a3c5594a7b0bd7b33efe4c4ffaf5dc0aa17226,late_mask_fragment,128,785.7022000243887,25600000,0.9,180000,0,sha256:18bd7fb3b6d02ff88c53bf4a74124c631590d7e276f031a9034dc7f9cb857902,6,sha256:2dd6236843f43cd4113b586e3811e39529eeb4cd8a715c3da6354d09037d896a,200000,20260717T134222171980Z,1555,mask_fragment-n200000-w128-m0900-s1555
mask_fragment,86a3c5594a7b0bd7b33efe4c4ffaf5dc0aa17226,early_mask_fragment,128,560.7244999846444,25600000,0.9,180000,1,sha256:1a43e0ddf8cc02438cc76d27ba1cce86da34109d2e43dcc8ed7c9d581b95b39d,6,sha256:2dd6236843f43cd4113b586e3811e39529eeb4cd8a715c3da6354d09037d896a,200000,20260717T134222171980Z,1555,mask_fragment-n200000-w128-m0900-s1555
mask_fragment,86a3c5594a7b0bd7b33efe4c4ffaf5dc0aa17226,early_mask_fragment,128,773.698799952399,25600000,0.9,180000,0,sha256:1a43e0ddf8cc02438cc76d27ba1cce86da34109d2e43dcc8ed7c9d581b95b39d,7,sha256:2dd6236843f43cd4113b586e3811e39529eeb4cd8a715c3da6354d09037d896a,200000,20260717T134222171980Z,1555,mask_fragment-n200000-w128-m0900-s1555
mask_fragment,86a3c5594a7b0bd7b33efe4c4ffaf5dc0aa17226,late_mask_fragment,128,841.2581000011414,25600000,0.9,180000,1,sha256:18bd7fb3b6d02ff88c53bf4a74124c631590d7e276f031a9034dc7f9cb857902,7,sha256:2dd6236843f43cd4113b586e3811e39529eeb4cd8a715c3da6354d09037d896a,200000,20260717T134222171980Z,1555,mask_fragment-n200000-w128-m0900-s1555
mask_fragment,86a3c5594a7b0bd7b33efe4c4ffaf5dc0aa17226,late_mask_fragment,128,757.0681999786757,25600000,0.9,180000,0,sha256:18bd7fb3b6d02ff88c53bf4a74124c631590d7e276f031a9034dc7f9cb857902,8,sha256:2dd6236843f43cd4113b586e3811e39529eeb4cd8a715c3da6354d09037d896a,200000,20260717T134222171980Z,1555,mask_fragment-n200000-w128-m0900-s1555
mask_fragment,86a3c5594a7b0bd7b33efe4c4ffaf5dc0aa17226,early_mask_fragment,128,654.5643000281416,25600000,0.9,180000,1,sha256:1a43e0ddf8cc02438cc76d27ba1cce86da34109d2e43dcc8ed7c9d581b95b39d,8,sha256:2dd6236843f43cd4113b586e3811e39529eeb4cd8a715c3da6354d09037d896a,200000,20260717T134222171980Z,1555,mask_fragment-n200000-w128-m0900-s1555
mask_fragment,86a3c5594a7b0bd7b33efe4c4ffaf5dc0aa17226,early_mask_fragment,128,742.482099973131,25600000,0.9,180000,0,sha256:1a43e0ddf8cc02438cc76d27ba1cce86da34109d2e43dcc8ed7c9d581b95b39d,9,sha256:2dd6236843f43cd4113b586e3811e39529eeb4cd8a715c3da6354d09037d896a,200000,20260717T134222171980Z,1555,mask_fragment-n200000-w128-m0900-s1555
mask_fragment,86a3c5594a7b0bd7b33efe4c4ffaf5dc0aa17226,late_mask_fragment,128,756.6971000051126,25600000,0.9,180000,1,sha256:18bd7fb3b6d02ff88c53bf4a74124c631590d7e276f031a9034dc7f9cb857902,9,sha256:2dd6236843f43cd4113b586e3811e39529eeb4cd8a715c3da6354d09037d896a,200000,20260717T134222171980Z,1555,mask_fragment-n200000-w128-m0900-s1555
mask_fragment,86a3c5594a7b0bd7b33efe4c4ffaf5dc0aa17226,late_mask_fragment,128,850.5627999547869,25600000,0.9,180000,0,sha256:18bd7fb3b6d02ff88c53bf4a74124c631590d7e276f031a9034dc7f9cb857902,10,sha256:2dd6236843f43cd4113b586e3811e39529eeb4cd8a715c3da6354d09037d896a,200000,20260717T134222171980Z,1555,mask_fragment-n200000-w128-m0900-s1555
mask_fragment,86a3c5594a7b0bd7b33efe4c4ffaf5dc0aa17226,early_mask_fragment,128,733.3376000169665,25600000,0.9,180000,1,sha256:1a43e0ddf8cc02438cc76d27ba1cce86da34109d2e43dcc8ed7c9d581b95b39d,10,sha256:2dd6236843f43cd4113b586e3811e39529eeb4cd8a715c3da6354d09037d896a,200000,20260717T134222171980Z,1555,mask_fragment-n200000-w128-m0900-s1555
mask_fragment,86a3c5594a7b0bd7b33efe4c4ffaf5dc0aa17226,early_mask_fragment,128,925.5827000015415,25600000,0.9,180000,0,sha256:1a43e0ddf8cc02438cc76d27ba1cce86da34109d2e43dcc8ed7c9d581b95b39d,11,sha256:2dd6236843f43cd4113b586e3811e39529eeb4cd8a715c3da6354d09037d896a,200000,20260717T134222171980Z,1555,mask_fragment-n200000-w128-m0900-s1555
mask_fragment,86a3c5594a7b0bd7b33efe4c4ffaf5dc0aa17226,late_mask_fragment,128,886.9028000044636,25600000,0.9,180000,1,sha256:18bd7fb3b6d02ff88c53bf4a74124c631590d7e276f031a9034dc7f9cb857902,11,sha256:2dd6236843f43cd4113b586e3811e39529eeb4cd8a715c3da6354d09037d896a,200000,20260717T134222171980Z,1555,mask_fragment-n200000-w128-m0900-s1555
mask_fragment,86a3c5594a7b0bd7b33efe4c4ffaf5dc0aa17226,late_mask_fragment,128,708.3873000228778,25600000,0.9,180000,0,sha256:18bd7fb3b6d02ff88c53bf4a74124c631590d7e276f031a9034dc7f9cb857902,12,sha256:2dd6236843f43cd4113b586e3811e39529eeb4cd8a715c3da6354d09037d896a,200000,20260717T134222171980Z,1555,mask_fragment-n200000-w128-m0900-s1555
mask_fragment,86a3c5594a7b0bd7b33efe4c4ffaf5dc0aa17226,early_mask_fragment,128,544.018300017342,25600000,0.9,180000,1,sha256:1a43e0ddf8cc02438cc76d27ba1cce86da34109d2e43dcc8ed7c9d581b95b39d,12,sha256:2dd6236843f43cd4113b586e3811e39529eeb4cd8a715c3da6354d09037d896a,200000,20260717T134222171980Z,1555,mask_fragment-n200000-w128-m0900-s1555
mask_fragment,86a3c5594a7b0bd7b33efe4c4ffaf5dc0aa17226,early_mask_fragment,128,522.9989999788813,25600000,0.9,180000,0,sha256:1a43e0ddf8cc02438cc76d27ba1cce86da34109d2e43dcc8ed7c9d581b95b39d,13,sha256:2dd6236843f43cd4113b586e3811e39529eeb4cd8a715c3da6354d09037d896a,200000,20260717T134222171980Z,1555,mask_fragment-n200000-w128-m0900-s1555
mask_fragment,86a3c5594a7b0bd7b33efe4c4ffaf5dc0aa17226,late_mask_fragment,128,676.236399973277,25600000,0.9,180000,1,sha256:18bd7fb3b6d02ff88c53bf4a74124c631590d7e276f031a9034dc7f9cb857902,13,sha256:2dd6236843f43cd4113b586e3811e39529eeb4cd8a715c3da6354d09037d896a,200000,20260717T134222171980Z,1555,mask_fragment-n200000-w128-m0900-s1555
mask_fragment,86a3c5594a7b0bd7b33efe4c4ffaf5dc0aa17226,late_mask_fragment,128,647.023800003808,25600000,0.9,180000,0,sha256:18bd7fb3b6d02ff88c53bf4a74124c631590d7e276f031a9034dc7f9cb857902,14,sha256:2dd6236843f43cd4113b586e3811e39529eeb4cd8a715c3da6354d09037d896a,200000,20260717T134222171980Z,1555,mask_fragment-n200000-w128-m0900-s1555
mask_fragment,86a3c5594a7b0bd7b33efe4c4ffaf5dc0aa17226,early_mask_fragment,128,573.5377999953926,25600000,0.9,180000,1,sha256:1a43e0ddf8cc02438cc76d27ba1cce86da34109d2e43dcc8ed7c9d581b95b39d,14,sha256:2dd6236843f43cd4113b586e3811e39529eeb4cd8a715c3da6354d09037d896a,200000,20260717T134222171980Z,1555,mask_fragment-n200000-w128-m0900-s1555
mask_fragment,86a3c5594a7b0bd7b33efe4c4ffaf5dc0aa17226,early_mask_fragment,128,561.0269000171684,25600000,1.0,200000,0,sha256:1a43e0ddf8cc02438cc76d27ba1cce86da34109d2e43dcc8ed7c9d581b95b39d,0,sha256:a452cf298673fd7d1301dbd46c111b3d9cfeba7541f59c646e5d3da3befe19ec,200000,20260717T134222171980Z,1111,mask_fragment-n200000-w128-m1000-s1111
mask_fragment,86a3c5594a7b0bd7b33efe4c4ffaf5dc0aa17226,late_mask_fragment,128,568.5712000122294,25600000,1.0,200000,1,sha256:92b825cb6ca6efd8c921ae328d9dcd567e5fc1cecda65d185180a168e33b45c9,0,sha256:a452cf298673fd7d1301dbd46c111b3d9cfeba7541f59c646e5d3da3befe19ec,200000,20260717T134222171980Z,1111,mask_fragment-n200000-w128-m1000-s1111
mask_fragment,86a3c5594a7b0bd7b33efe4c4ffaf5dc0aa17226,late_mask_fragment,128,635.085700021591,25600000,1.0,200000,0,sha256:92b825cb6ca6efd8c921ae328d9dcd567e5fc1cecda65d185180a168e33b45c9,1,sha256:a452cf298673fd7d1301dbd46c111b3d9cfeba7541f59c646e5d3da3befe19ec,200000,20260717T134222171980Z,1111,mask_fragment-n200000-w128-m1000-s1111
mask_fragment,86a3c5594a7b0bd7b33efe4c4ffaf5dc0aa17226,early_mask_fragment,128,574.1446000174619,25600000,1.0,200000,1,sha256:1a43e0ddf8cc02438cc76d27ba1cce86da34109d2e43dcc8ed7c9d581b95b39d,1,sha256:a452cf298673fd7d1301dbd46c111b3d9cfeba7541f59c646e5d3da3befe19ec,200000,20260717T134222171980Z,1111,mask_fragment-n200000-w128-m1000-s1111
mask_fragment,86a3c5594a7b0bd7b33efe4c4ffaf5dc0aa17226,early_mask_fragment,128,519.429299980402,25600000,1.0,200000,0,sha256:1a43e0ddf8cc02438cc76d27ba1cce86da34109d2e43dcc8ed7c9d581b95b39d,2,sha256:a452cf298673fd7d1301dbd46c111b3d9cfeba7541f59c646e5d3da3befe19ec,200000,20260717T134222171980Z,1111,mask_fragment-n200000-w128-m1000-s1111
mask_fragment,86a3c5594a7b0bd7b33efe4c4ffaf5dc0aa17226,late_mask_fragment,128,714.6057999925688,25600000,1.0,200000,1,sha256:92b825cb6ca6efd8c921ae328d9dcd567e5fc1cecda65d185180a168e33b45c9,2,sha256:a452cf298673fd7d1301dbd46c111b3d9cfeba7541f59c646e5d3da3befe19ec,200000,20260717T134222171980Z,1111,mask_fragment-n200000-w128-m1000-s1111
mask_fragment,86a3c5594a7b0bd7b33efe4c4ffaf5dc0aa17226,late_mask_fragment,128,648.9293000195175,25600000,1.0,200000,0,sha256:92b825cb6ca6efd8c921ae328d9dcd567e5fc1cecda65d185180a168e33b45c9,3,sha256:a452cf298673fd7d1301dbd46c111b3d9cfeba7541f59c646e5d3da3befe19ec,200000,20260717T134222171980Z,1111,mask_fragment-n200000-w128-m1000-s1111
mask_fragment,86a3c5594a7b0bd7b33efe4c4ffaf5dc0aa17226,early_mask_fragment,128,535.5130999814719,25600000,1.0,200000,1,sha256:1a43e0ddf8cc02438cc76d27ba1cce86da34109d2e43dcc8ed7c9d581b95b39d,3,sha256:a452cf298673fd7d1301dbd46c111b3d9cfeba7541f59c646e5d3da3befe19ec,200000,20260717T134222171980Z,1111,mask_fragment-n200000-w128-m1000-s1111
mask_fragment,86a3c5594a7b0bd7b33efe4c4ffaf5dc0aa17226,early_mask_fragment,128,565.6483999919146,25600000,1.0,200000,0,sha256:1a43e0ddf8cc02438cc76d27ba1cce86da34109d2e43dcc8ed7c9d581b95b39d,4,sha256:a452cf298673fd7d1301dbd46c111b3d9cfeba7541f59c646e5d3da3befe19ec,200000,20260717T134222171980Z,1111,mask_fragment-n200000-w128-m1000-s1111
mask_fragment,86a3c5594a7b0bd7b33efe4c4ffaf5dc0aa17226,late_mask_fragment,128,595.1892000157386,25600000,1.0,200000,1,sha256:92b825cb6ca6efd8c921ae328d9dcd567e5fc1cecda65d185180a168e33b45c9,4,sha256:a452cf298673fd7d1301dbd46c111b3d9cfeba7541f59c646e5d3da3befe19ec,200000,20260717T134222171980Z,1111,mask_fragment-n200000-w128-m1000-s1111
mask_fragment,86a3c5594a7b0bd7b33efe4c4ffaf5dc0aa17226,late_mask_fragment,128,596.9246000167914,25600000,1.0,200000,0,sha256:92b825cb6ca6efd8c921ae328d9dcd567e5fc1cecda65d185180a168e33b45c9,5,sha256:a452cf298673fd7d1301dbd46c111b3d9cfeba7541f59c646e5d3da3befe19ec,200000,20260717T134222171980Z,1111,mask_fragment-n200000-w128-m1000-s1111
mask_fragment,86a3c5594a7b0bd7b33efe4c4ffaf5dc0aa17226,early_mask_fragment,128,526.2141999555752,25600000,1.0,200000,1,sha256:1a43e0ddf8cc02438cc76d27ba1cce86da34109d2e43dcc8ed7c9d581b95b39d,5,sha256:a452cf298673fd7d1301dbd46c111b3d9cfeba7541f59c646e5d3da3befe19ec,200000,20260717T134222171980Z,1111,mask_fragment-n200000-w128-m1000-s1111
mask_fragment,86a3c5594a7b0bd7b33efe4c4ffaf5dc0aa17226,early_mask_fragment,128,532.5898000155576,25600000,1.0,200000,0,sha256:1a43e0ddf8cc02438cc76d27ba1cce86da34109d2e43dcc8ed7c9d581b95b39d,6,sha256:a452cf298673fd7d1301dbd46c111b3d9cfeba7541f59c646e5d3da3befe19ec,200000,20260717T134222171980Z,1111,mask_fragment-n200000-w128-m1000-s1111
mask_fragment,86a3c5594a7b0bd7b33efe4c4ffaf5dc0aa17226,late_mask_fragment,128,687.3148999875411,25600000,1.0,200000,1,sha256:92b825cb6ca6efd8c921ae328d9dcd567e5fc1cecda65d185180a168e33b45c9,6,sha256:a452cf298673fd7d1301dbd46c111b3d9cfeba7541f59c646e5d3da3befe19ec,200000,20260717T134222171980Z,1111,mask_fragment-n200000-w128-m1000-s1111
mask_fragment,86a3c5594a7b0bd7b33efe4c4ffaf5dc0aa17226,late_mask_fragment,128,671.6289999894798,25600000,1.0,200000,0,sha256:92b825cb6ca6efd8c921ae328d9dcd567e5fc1cecda65d185180a168e33b45c9,7,sha256:a452cf298673fd7d1301dbd46c111b3d9cfeba7541f59c646e5d3da3befe19ec,200000,20260717T134222171980Z,1111,mask_fragment-n200000-w128-m1000-s1111
mask_fragment,86a3c5594a7b0bd7b33efe4c4ffaf5dc0aa17226,early_mask_fragment,128,551.7687000101432,25600000,1.0,200000,1,sha256:1a43e0ddf8cc02438cc76d27ba1cce86da34109d2e43dcc8ed7c9d581b95b39d,7,sha256:a452cf298673fd7d1301dbd46c111b3d9cfeba7541f59c646e5d3da3befe19ec,200000,20260717T134222171980Z,1111,mask_fragment-n200000-w128-m1000-s1111
mask_fragment,86a3c5594a7b0bd7b33efe4c4ffaf5dc0aa17226,early_mask_fragment,128,602.5263000046834,25600000,1.0,200000,0,sha256:1a43e0ddf8cc02438cc76d27ba1cce86da34109d2e43dcc8ed7c9d581b95b39d,8,sha256:a452cf298673fd7d1301dbd46c111b3d9cfeba7541f59c646e5d3da3befe19ec,200000,20260717T134222171980Z,1111,mask_fragment-n200000-w128-m1000-s1111
mask_fragment,86a3c5594a7b0bd7b33efe4c4ffaf5dc0aa17226,late_mask_fragment,128,667.1003000228666,25600000,1.0,200000,1,sha256:92b825cb6ca6efd8c921ae328d9dcd567e5fc1cecda65d185180a168e33b45c9,8,sha256:a452cf298673fd7d1301dbd46c111b3d9cfeba7541f59c646e5d3da3befe19ec,200000,20260717T134222171980Z,1111,mask_fragment-n200000-w128-m1000-s1111
mask_fragment,86a3c5594a7b0bd7b33efe4c4ffaf5dc0aa17226,late_mask_fragment,128,733.1674000015482,25600000,1.0,200000,0,sha256:92b825cb6ca6efd8c921ae328d9dcd567e5fc1cecda65d185180a168e33b45c9,9,sha256:a452cf298673fd7d1301dbd46c111b3d9cfeba7541f59c646e5d3da3befe19ec,200000,20260717T134222171980Z,1111,mask_fragment-n200000-w128-m1000-s1111
mask_fragment,86a3c5594a7b0bd7b33efe4c4ffaf5dc0aa17226,early_mask_fragment,128,574.4965999620035,25600000,1.0,200000,1,sha256:1a43e0ddf8cc02438cc76d27ba1cce86da34109d2e43dcc8ed7c9d581b95b39d,9,sha256:a452cf298673fd7d1301dbd46c111b3d9cfeba7541f59c646e5d3da3befe19ec,200000,20260717T134222171980Z,1111,mask_fragment-n200000-w128-m1000-s1111
mask_fragment,86a3c5594a7b0bd7b33efe4c4ffaf5dc0aa17226,early_mask_fragment,128,540.3549000038765,25600000,1.0,200000,0,sha256:1a43e0ddf8cc02438cc76d27ba1cce86da34109d2e43dcc8ed7c9d581b95b39d,10,sha256:a452cf298673fd7d1301dbd46c111b3d9cfeba7541f59c646e5d3da3befe19ec,200000,20260717T134222171980Z,1111,mask_fragment-n200000-w128-m1000-s1111
mask_fragment,86a3c5594a7b0bd7b33efe4c4ffaf5dc0aa17226,late_mask_fragment,128,640.1481999782845,25600000,1.0,200000,1,sha256:92b825cb6ca6efd8c921ae328d9dcd567e5fc1cecda65d185180a168e33b45c9,10,sha256:a452cf298673fd7d1301dbd46c111b3d9cfeba7541f59c646e5d3da3befe19ec,200000,20260717T134222171980Z,1111,mask_fragment-n200000-w128-m1000-s1111
mask_fragment,86a3c5594a7b0bd7b33efe4c4ffaf5dc0aa17226,late_mask_fragment,128,644.6819999837317,25600000,1.0,200000,0,sha256:92b825cb6ca6efd8c921ae328d9dcd567e5fc1cecda65d185180a168e33b45c9,11,sha256:a452cf298673fd7d1301dbd46c111b3d9cfeba7541f59c646e5d3da3befe19ec,200000,20260717T134222171980Z,1111,mask_fragment-n200000-w128-m1000-s1111
mask_fragment,86a3c5594a7b0bd7b33efe4c4ffaf5dc0aa17226,early_mask_fragment,128,599.8334999894723,25600000,1.0,200000,1,sha256:1a43e0ddf8cc02438cc76d27ba1cce86da34109d2e43dcc8ed7c9d581b95b39d,11,sha256:a452cf298673fd7d1301dbd46c111b3d9cfeba7541f59c646e5d3da3befe19ec,200000,20260717T134222171980Z,1111,mask_fragment-n200000-w128-m1000-s1111
mask_fragment,86a3c5594a7b0bd7b33efe4c4ffaf5dc0aa17226,early_mask_fragment,128,602.2202000021935,25600000,1.0,200000,0,sha256:1a43e0ddf8cc02438cc76d27ba1cce86da34109d2e43dcc8ed7c9d581b95b39d,12,sha256:a452cf298673fd7d1301dbd46c111b3d9cfeba7541f59c646e5d3da3befe19ec,200000,20260717T134222171980Z,1111,mask_fragment-n200000-w128-m1000-s1111
mask_fragment,86a3c5594a7b0bd7b33efe4c4ffaf5dc0aa17226,late_mask_fragment,128,664.3812000402249,25600000,1.0,200000,1,sha256:92b825cb6ca6efd8c921ae328d9dcd567e5fc1cecda65d185180a168e33b45c9,12,sha256:a452cf298673fd7d1301dbd46c111b3d9cfeba7541f59c646e5d3da3befe19ec,200000,20260717T134222171980Z,1111,mask_fragment-n200000-w128-m1000-s1111
mask_fragment,86a3c5594a7b0bd7b33efe4c4ffaf5dc0aa17226,late_mask_fragment,128,686.0757999820635,25600000,1.0,200000,0,sha256:92b825cb6ca6efd8c921ae328d9dcd567e5fc1cecda65d185180a168e33b45c9,13,sha256:a452cf298673fd7d1301dbd46c111b3d9cfeba7541f59c646e5d3da3befe19ec,200000,20260717T134222171980Z,1111,mask_fragment-n200000-w128-m1000-s1111
mask_fragment,86a3c5594a7b0bd7b33efe4c4ffaf5dc0aa17226,early_mask_fragment,128,554.1485999710858,25600000,1.0,200000,1,sha256:1a43e0ddf8cc02438cc76d27ba1cce86da34109d2e43dcc8ed7c9d581b95b39d,13,sha256:a452cf298673fd7d1301dbd46c111b3d9cfeba7541f59c646e5d3da3befe19ec,200000,20260717T134222171980Z,1111,mask_fragment-n200000-w128-m1000-s1111
mask_fragment,86a3c5594a7b0bd7b33efe4c4ffaf5dc0aa17226,early_mask_fragment,128,587.7918000333011,25600000,1.0,200000,0,sha256:1a43e0ddf8cc02438cc76d27ba1cce86da34109d2e43dcc8ed7c9d581b95b39d,14,sha256:a452cf298673fd7d1301dbd46c111b3d9cfeba7541f59c646e5d3da3befe19ec,200000,20260717T134222171980Z,1111,mask_fragment-n200000-w128-m1000-s1111
mask_fragment,86a3c5594a7b0bd7b33efe4c4ffaf5dc0aa17226,late_mask_fragment,128,666.5690999943763,25600000,1.0,200000,1,sha256:92b825cb6ca6efd8c921ae328d9dcd567e5fc1cecda65d185180a168e33b45c9,14,sha256:a452cf298673fd7d1301dbd46c111b3d9cfeba7541f59c646e5d3da3befe19ec,200000,20260717T134222171980Z,1111,mask_fragment-n200000-w128-m1000-s1111
mask_fragment,86a3c5594a7b0bd7b33efe4c4ffaf5dc0aa17226,late_mask_fragment,128,960.5923999915831,25600000,1.0,200000,0,sha256:92b825cb6ca6efd8c921ae328d9dcd567e5fc1cecda65d185180a168e33b45c9,0,sha256:ba8d41da47b4616c60ce77a8ac046098317e709665015e06899922bd36ef2907,200000,20260717T134222171980Z,1222,mask_fragment-n200000-w128-m1000-s1222
mask_fragment,86a3c5594a7b0bd7b33efe4c4ffaf5dc0aa17226,early_mask_fragment,128,760.2464000228792,25600000,1.0,200000,1,sha256:1a43e0ddf8cc02438cc76d27ba1cce86da34109d2e43dcc8ed7c9d581b95b39d,0,sha256:ba8d41da47b4616c60ce77a8ac046098317e709665015e06899922bd36ef2907,200000,20260717T134222171980Z,1222,mask_fragment-n200000-w128-m1000-s1222
mask_fragment,86a3c5594a7b0bd7b33efe4c4ffaf5dc0aa17226,early_mask_fragment,128,636.2482000258751,25600000,1.0,200000,0,sha256:1a43e0ddf8cc02438cc76d27ba1cce86da34109d2e43dcc8ed7c9d581b95b39d,1,sha256:ba8d41da47b4616c60ce77a8ac046098317e709665015e06899922bd36ef2907,200000,20260717T134222171980Z,1222,mask_fragment-n200000-w128-m1000-s1222
mask_fragment,86a3c5594a7b0bd7b33efe4c4ffaf5dc0aa17226,late_mask_fragment,128,758.2972000236623,25600000,1.0,200000,1,sha256:92b825cb6ca6efd8c921ae328d9dcd567e5fc1cecda65d185180a168e33b45c9,1,sha256:ba8d41da47b4616c60ce77a8ac046098317e709665015e06899922bd36ef2907,200000,20260717T134222171980Z,1222,mask_fragment-n200000-w128-m1000-s1222
mask_fragment,86a3c5594a7b0bd7b33efe4c4ffaf5dc0aa17226,late_mask_fragment,128,638.1905999733135,25600000,1.0,200000,0,sha256:92b825cb6ca6efd8c921ae328d9dcd567e5fc1cecda65d185180a168e33b45c9,2,sha256:ba8d41da47b4616c60ce77a8ac046098317e709665015e06899922bd36ef2907,200000,20260717T134222171980Z,1222,mask_fragment-n200000-w128-m1000-s1222
mask_fragment,86a3c5594a7b0bd7b33efe4c4ffaf5dc0aa17226,early_mask_fragment,128,570.2173999743536,25600000,1.0,200000,1,sha256:1a43e0ddf8cc02438cc76d27ba1cce86da34109d2e43dcc8ed7c9d581b95b39d,2,sha256:ba8d41da47b4616c60ce77a8ac046098317e709665015e06899922bd36ef2907,200000,20260717T134222171980Z,1222,mask_fragment-n200000-w128-m1000-s1222
mask_fragment,86a3c5594a7b0bd7b33efe4c4ffaf5dc0aa17226,early_mask_fragment,128,543.0850000120699,25600000,1.0,200000,0,sha256:1a43e0ddf8cc02438cc76d27ba1cce86da34109d2e43dcc8ed7c9d581b95b39d,3,sha256:ba8d41da47b4616c60ce77a8ac046098317e709665015e06899922bd36ef2907,200000,20260717T134222171980Z,1222,mask_fragment-n200000-w128-m1000-s1222
mask_fragment,86a3c5594a7b0bd7b33efe4c4ffaf5dc0aa17226,late_mask_fragment,128,878.9348999853246,25600000,1.0,200000,1,sha256:92b825cb6ca6efd8c921ae328d9dcd567e5fc1cecda65d185180a168e33b45c9,3,sha256:ba8d41da47b4616c60ce77a8ac046098317e709665015e06899922bd36ef2907,200000,20260717T134222171980Z,1222,mask_fragment-n200000-w128-m1000-s1222
mask_fragment,86a3c5594a7b0bd7b33efe4c4ffaf5dc0aa17226,late_mask_fragment,128,564.1900000046007,25600000,1.0,200000,0,sha256:92b825cb6ca6efd8c921ae328d9dcd567e5fc1cecda65d185180a168e33b45c9,4,sha256:ba8d41da47b4616c60ce77a8ac046098317e709665015e06899922bd36ef2907,200000,20260717T134222171980Z,1222,mask_fragment-n200000-w128-m1000-s1222
mask_fragment,86a3c5594a7b0bd7b33efe4c4ffaf5dc0aa17226,early_mask_fragment,128,542.5378999789245,25600000,1.0,200000,1,sha256:1a43e0ddf8cc02438cc76d27ba1cce86da34109d2e43dcc8ed7c9d581b95b39d,4,sha256:ba8d41da47b4616c60ce77a8ac046098317e709665015e06899922bd36ef2907,200000,20260717T134222171980Z,1222,mask_fragment-n200000-w128-m1000-s1222
mask_fragment,86a3c5594a7b0bd7b33efe4c4ffaf5dc0aa17226,early_mask_fragment,128,589.7630999679677,25600000,1.0,200000,0,sha256:1a43e0ddf8cc02438cc76d27ba1cce86da34109d2e43dcc8ed7c9d581b95b39d,5,sha256:ba8d41da47b4616c60ce77a8ac046098317e709665015e06899922bd36ef2907,200000,20260717T134222171980Z,1222,mask_fragment-n200000-w128-m1000-s1222
mask_fragment,86a3c5594a7b0bd7b33efe4c4ffaf5dc0aa17226,late_mask_fragment,128,643.8999999663793,25600000,1.0,200000,1,sha256:92b825cb6ca6efd8c921ae328d9dcd567e5fc1cecda65d185180a168e33b45c9,5,sha256:ba8d41da47b4616c60ce77a8ac046098317e709665015e06899922bd36ef2907,200000,20260717T134222171980Z,1222,mask_fragment-n200000-w128-m1000-s1222
mask_fragment,86a3c5594a7b0bd7b33efe4c4ffaf5dc0aa17226,late_mask_fragment,128,627.4292000452988,25600000,1.0,200000,0,sha256:92b825cb6ca6efd8c921ae328d9dcd567e5fc1cecda65d185180a168e33b45c9,6,sha256:ba8d41da47b4616c60ce77a8ac046098317e709665015e06899922bd36ef2907,200000,20260717T134222171980Z,1222,mask_fragment-n200000-w128-m1000-s1222
mask_fragment,86a3c5594a7b0bd7b33efe4c4ffaf5dc0aa17226,early_mask_fragment,128,563.2456000312231,25600000,1.0,200000,1,sha256:1a43e0ddf8cc02438cc76d27ba1cce86da34109d2e43dcc8ed7c9d581b95b39d,6,sha256:ba8d41da47b4616c60ce77a8ac046098317e709665015e06899922bd36ef2907,200000,20260717T134222171980Z,1222,mask_fragment-n200000-w128-m1000-s1222
mask_fragment,86a3c5594a7b0bd7b33efe4c4ffaf5dc0aa17226,early_mask_fragment,128,607.9385000048205,25600000,1.0,200000,0,sha256:1a43e0ddf8cc02438cc76d27ba1cce86da34109d2e43dcc8ed7c9d581b95b39d,7,sha256:ba8d41da47b4616c60ce77a8ac046098317e709665015e06899922bd36ef2907,200000,20260717T134222171980Z,1222,mask_fragment-n200000-w128-m1000-s1222
mask_fragment,86a3c5594a7b0bd7b33efe4c4ffaf5dc0aa17226,late_mask_fragment,128,609.961399983149,25600000,1.0,200000,1,sha256:92b825cb6ca6efd8c921ae328d9dcd567e5fc1cecda65d185180a168e33b45c9,7,sha256:ba8d41da47b4616c60ce77a8ac046098317e709665015e06899922bd36ef2907,200000,20260717T134222171980Z,1222,mask_fragment-n200000-w128-m1000-s1222
mask_fragment,86a3c5594a7b0bd7b33efe4c4ffaf5dc0aa17226,late_mask_fragment,128,613.9823000412434,25600000,1.0,200000,0,sha256:92b825cb6ca6efd8c921ae328d9dcd567e5fc1cecda65d185180a168e33b45c9,8,sha256:ba8d41da47b4616c60ce77a8ac046098317e709665015e06899922bd36ef2907,200000,20260717T134222171980Z,1222,mask_fragment-n200000-w128-m1000-s1222
mask_fragment,86a3c5594a7b0bd7b33efe4c4ffaf5dc0aa17226,early_mask_fragment,128,604.3458000058308,25600000,1.0,200000,1,sha256:1a43e0ddf8cc02438cc76d27ba1cce86da34109d2e43dcc8ed7c9d581b95b39d,8,sha256:ba8d41da47b4616c60ce77a8ac046098317e709665015e06899922bd36ef2907,200000,20260717T134222171980Z,1222,mask_fragment-n200000-w128-m1000-s1222
mask_fragment,86a3c5594a7b0bd7b33efe4c4ffaf5dc0aa17226,early_mask_fragment,128,587.7151000313461,25600000,1.0,200000,0,sha256:1a43e0ddf8cc02438cc76d27ba1cce86da34109d2e43dcc8ed7c9d581b95b39d,9,sha256:ba8d41da47b4616c60ce77a8ac046098317e709665015e06899922bd36ef2907,200000,20260717T134222171980Z,1222,mask_fragment-n200000-w128-m1000-s1222
mask_fragment,86a3c5594a7b0bd7b33efe4c4ffaf5dc0aa17226,late_mask_fragment,128,657.770200050436,25600000,1.0,200000,1,sha256:92b825cb6ca6efd8c921ae328d9dcd567e5fc1cecda65d185180a168e33b45c9,9,sha256:ba8d41da47b4616c60ce77a8ac046098317e709665015e06899922bd36ef2907,200000,20260717T134222171980Z,1222,mask_fragment-n200000-w128-m1000-s1222
mask_fragment,86a3c5594a7b0bd7b33efe4c4ffaf5dc0aa17226,late_mask_fragment,128,636.5259999874979,25600000,1.0,200000,0,sha256:92b825cb6ca6efd8c921ae328d9dcd567e5fc1cecda65d185180a168e33b45c9,10,sha256:ba8d41da47b4616c60ce77a8ac046098317e709665015e06899922bd36ef2907,200000,20260717T134222171980Z,1222,mask_fragment-n200000-w128-m1000-s1222
mask_fragment,86a3c5594a7b0bd7b33efe4c4ffaf5dc0aa17226,early_mask_fragment,128,649.3234999943525,25600000,1.0,200000,1,sha256:1a43e0ddf8cc02438cc76d27ba1cce86da34109d2e43dcc8ed7c9d581b95b39d,10,sha256:ba8d41da47b4616c60ce77a8ac046098317e709665015e06899922bd36ef2907,200000,20260717T134222171980Z,1222,mask_fragment-n200000-w128-m1000-s1222
mask_fragment,86a3c5594a7b0bd7b33efe4c4ffaf5dc0aa17226,early_mask_fragment,128,564.0963999903761,25600000,1.0,200000,0,sha256:1a43e0ddf8cc02438cc76d27ba1cce86da34109d2e43dcc8ed7c9d581b95b39d,11,sha256:ba8d41da47b4616c60ce77a8ac046098317e709665015e06899922bd36ef2907,200000,20260717T134222171980Z,1222,mask_fragment-n200000-w128-m1000-s1222
mask_fragment,86a3c5594a7b0bd7b33efe4c4ffaf5dc0aa17226,late_mask_fragment,128,726.8131999881007,25600000,1.0,200000,1,sha256:92b825cb6ca6efd8c921ae328d9dcd567e5fc1cecda65d185180a168e33b45c9,11,sha256:ba8d41da47b4616c60ce77a8ac046098317e709665015e06899922bd36ef2907,200000,20260717T134222171980Z,1222,mask_fragment-n200000-w128-m1000-s1222
mask_fragment,86a3c5594a7b0bd7b33efe4c4ffaf5dc0aa17226,late_mask_fragment,128,686.9129000115208,25600000,1.0,200000,0,sha256:92b825cb6ca6efd8c921ae328d9dcd567e5fc1cecda65d185180a168e33b45c9,12,sha256:ba8d41da47b4616c60ce77a8ac046098317e709665015e06899922bd36ef2907,200000,20260717T134222171980Z,1222,mask_fragment-n200000-w128-m1000-s1222
mask_fragment,86a3c5594a7b0bd7b33efe4c4ffaf5dc0aa17226,early_mask_fragment,128,567.5040000351146,25600000,1.0,200000,1,sha256:1a43e0ddf8cc02438cc76d27ba1cce86da34109d2e43dcc8ed7c9d581b95b39d,12,sha256:ba8d41da47b4616c60ce77a8ac046098317e709665015e06899922bd36ef2907,200000,20260717T134222171980Z,1222,mask_fragment-n200000-w128-m1000-s1222
mask_fragment,86a3c5594a7b0bd7b33efe4c4ffaf5dc0aa17226,early_mask_fragment,128,543.6459999764338,25600000,1.0,200000,0,sha256:1a43e0ddf8cc02438cc76d27ba1cce86da34109d2e43dcc8ed7c9d581b95b39d,13,sha256:ba8d41da47b4616c60ce77a8ac046098317e709665015e06899922bd36ef2907,200000,20260717T134222171980Z,1222,mask_fragment-n200000-w128-m1000-s1222
mask_fragment,86a3c5594a7b0bd7b33efe4c4ffaf5dc0aa17226,late_mask_fragment,128,636.2453000037931,25600000,1.0,200000,1,sha256:92b825cb6ca6efd8c921ae328d9dcd567e5fc1cecda65d185180a168e33b45c9,13,sha256:ba8d41da47b4616c60ce77a8ac046098317e709665015e06899922bd36ef2907,200000,20260717T134222171980Z,1222,mask_fragment-n200000-w128-m1000-s1222
mask_fragment,86a3c5594a7b0bd7b33efe4c4ffaf5dc0aa17226,late_mask_fragment,128,680.7601000182331,25600000,1.0,200000,0,sha256:92b825cb6ca6efd8c921ae328d9dcd567e5fc1cecda65d185180a168e33b45c9,14,sha256:ba8d41da47b4616c60ce77a8ac046098317e709665015e06899922bd36ef2907,200000,20260717T134222171980Z,1222,mask_fragment-n200000-w128-m1000-s1222
mask_fragment,86a3c5594a7b0bd7b33efe4c4ffaf5dc0aa17226,early_mask_fragment,128,682.1012999862432,25600000,1.0,200000,1,sha256:1a43e0ddf8cc02438cc76d27ba1cce86da34109d2e43dcc8ed7c9d581b95b39d,14,sha256:ba8d41da47b4616c60ce77a8ac046098317e709665015e06899922bd36ef2907,200000,20260717T134222171980Z,1222,mask_fragment-n200000-w128-m1000-s1222
mask_fragment,86a3c5594a7b0bd7b33efe4c4ffaf5dc0aa17226,early_mask_fragment,128,672.4878000095487,25600000,1.0,200000,0,sha256:1a43e0ddf8cc02438cc76d27ba1cce86da34109d2e43dcc8ed7c9d581b95b39d,0,sha256:adf824eef12c88867fd823eb2a5d508efa0a6cd54a788a8e48d4eb099d1bd17b,200000,20260717T134222171980Z,1333,mask_fragment-n200000-w128-m1000-s1333
mask_fragment,86a3c5594a7b0bd7b33efe4c4ffaf5dc0aa17226,late_mask_fragment,128,721.2122000055388,25600000,1.0,200000,1,sha256:92b825cb6ca6efd8c921ae328d9dcd567e5fc1cecda65d185180a168e33b45c9,0,sha256:adf824eef12c88867fd823eb2a5d508efa0a6cd54a788a8e48d4eb099d1bd17b,200000,20260717T134222171980Z,1333,mask_fragment-n200000-w128-m1000-s1333
mask_fragment,86a3c5594a7b0bd7b33efe4c4ffaf5dc0aa17226,late_mask_fragment,128,795.7397999707609,25600000,1.0,200000,0,sha256:92b825cb6ca6efd8c921ae328d9dcd567e5fc1cecda65d185180a168e33b45c9,1,sha256:adf824eef12c88867fd823eb2a5d508efa0a6cd54a788a8e48d4eb099d1bd17b,200000,20260717T134222171980Z,1333,mask_fragment-n200000-w128-m1000-s1333
mask_fragment,86a3c5594a7b0bd7b33efe4c4ffaf5dc0aa17226,early_mask_fragment,128,755.8445999748074,25600000,1.0,200000,1,sha256:1a43e0ddf8cc02438cc76d27ba1cce86da34109d2e43dcc8ed7c9d581b95b39d,1,sha256:adf824eef12c88867fd823eb2a5d508efa0a6cd54a788a8e48d4eb099d1bd17b,200000,20260717T134222171980Z,1333,mask_fragment-n200000-w128-m1000-s1333
mask_fragment,86a3c5594a7b0bd7b33efe4c4ffaf5dc0aa17226,early_mask_fragment,128,709.1337000019848,25600000,1.0,200000,0,sha256:1a43e0ddf8cc02438cc76d27ba1cce86da34109d2e43dcc8ed7c9d581b95b39d,2,sha256:adf824eef12c88867fd823eb2a5d508efa0a6cd54a788a8e48d4eb099d1bd17b,200000,20260717T134222171980Z,1333,mask_fragment-n200000-w128-m1000-s1333
mask_fragment,86a3c5594a7b0bd7b33efe4c4ffaf5dc0aa17226,late_mask_fragment,128,768.4282999834977,25600000,1.0,200000,1,sha256:92b825cb6ca6efd8c921ae328d9dcd567e5fc1cecda65d185180a168e33b45c9,2,sha256:adf824eef12c88867fd823eb2a5d508efa0a6cd54a788a8e48d4eb099d1bd17b,200000,20260717T134222171980Z,1333,mask_fragment-n200000-w128-m1000-s1333
mask_fragment,86a3c5594a7b0bd7b33efe4c4ffaf5dc0aa17226,late_mask_fragment,128,727.797899977304,25600000,1.0,200000,0,sha256:92b825cb6ca6efd8c921ae328d9dcd567e5fc1cecda65d185180a168e33b45c9,3,sha256:adf824eef12c88867fd823eb2a5d508efa0a6cd54a788a8e48d4eb099d1bd17b,200000,20260717T134222171980Z,1333,mask_fragment-n200000-w128-m1000-s1333
mask_fragment,86a3c5594a7b0bd7b33efe4c4ffaf5dc0aa17226,early_mask_fragment,128,578.8584999972954,25600000,1.0,200000,1,sha256:1a43e0ddf8cc02438cc76d27ba1cce86da34109d2e43dcc8ed7c9d581b95b39d,3,sha256:adf824eef12c88867fd823eb2a5d508efa0a6cd54a788a8e48d4eb099d1bd17b,200000,20260717T134222171980Z,1333,mask_fragment-n200000-w128-m1000-s1333
mask_fragment,86a3c5594a7b0bd7b33efe4c4ffaf5dc0aa17226,early_mask_fragment,128,603.2062000012957,25600000,1.0,200000,0,sha256:1a43e0ddf8cc02438cc76d27ba1cce86da34109d2e43dcc8ed7c9d581b95b39d,4,sha256:adf824eef12c88867fd823eb2a5d508efa0a6cd54a788a8e48d4eb099d1bd17b,200000,20260717T134222171980Z,1333,mask_fragment-n200000-w128-m1000-s1333
mask_fragment,86a3c5594a7b0bd7b33efe4c4ffaf5dc0aa17226,late_mask_fragment,128,639.7898999857716,25600000,1.0,200000,1,sha256:92b825cb6ca6efd8c921ae328d9dcd567e5fc1cecda65d185180a168e33b45c9,4,sha256:adf824eef12c88867fd823eb2a5d508efa0a6cd54a788a8e48d4eb099d1bd17b,200000,20260717T134222171980Z,1333,mask_fragment-n200000-w128-m1000-s1333
mask_fragment,86a3c5594a7b0bd7b33efe4c4ffaf5dc0aa17226,late_mask_fragment,128,625.0114999711514,25600000,1.0,200000,0,sha256:92b825cb6ca6efd8c921ae328d9dcd567e5fc1cecda65d185180a168e33b45c9,5,sha256:adf824eef12c88867fd823eb2a5d508efa0a6cd54a788a8e48d4eb099d1bd17b,200000,20260717T134222171980Z,1333,mask_fragment-n200000-w128-m1000-s1333
mask_fragment,86a3c5594a7b0bd7b33efe4c4ffaf5dc0aa17226,early_mask_fragment,128,529.5740000437945,25600000,1.0,200000,1,sha256:1a43e0ddf8cc02438cc76d27ba1cce86da34109d2e43dcc8ed7c9d581b95b39d,5,sha256:adf824eef12c88867fd823eb2a5d508efa0a6cd54a788a8e48d4eb099d1bd17b,200000,20260717T134222171980Z,1333,mask_fragment-n200000-w128-m1000-s1333
mask_fragment,86a3c5594a7b0bd7b33efe4c4ffaf5dc0aa17226,early_mask_fragment,128,538.7103999964893,25600000,1.0,200000,0,sha256:1a43e0ddf8cc02438cc76d27ba1cce86da34109d2e43dcc8ed7c9d581b95b39d,6,sha256:adf824eef12c88867fd823eb2a5d508efa0a6cd54a788a8e48d4eb099d1bd17b,200000,20260717T134222171980Z,1333,mask_fragment-n200000-w128-m1000-s1333
mask_fragment,86a3c5594a7b0bd7b33efe4c4ffaf5dc0aa17226,late_mask_fragment,128,600.0243999878876,25600000,1.0,200000,1,sha256:92b825cb6ca6efd8c921ae328d9dcd567e5fc1cecda65d185180a168e33b45c9,6,sha256:adf824eef12c88867fd823eb2a5d508efa0a6cd54a788a8e48d4eb099d1bd17b,200000,20260717T134222171980Z,1333,mask_fragment-n200000-w128-m1000-s1333
mask_fragment,86a3c5594a7b0bd7b33efe4c4ffaf5dc0aa17226,late_mask_fragment,128,619.1003000130877,25600000,1.0,200000,0,sha256:92b825cb6ca6efd8c921ae328d9dcd567e5fc1cecda65d185180a168e33b45c9,7,sha256:adf824eef12c88867fd823eb2a5d508efa0a6cd54a788a8e48d4eb099d1bd17b,200000,20260717T134222171980Z,1333,mask_fragment-n200000-w128-m1000-s1333
mask_fragment,86a3c5594a7b0bd7b33efe4c4ffaf5dc0aa17226,early_mask_fragment,128,541.1312999785878,25600000,1.0,200000,1,sha256:1a43e0ddf8cc02438cc76d27ba1cce86da34109d2e43dcc8ed7c9d581b95b39d,7,sha256:adf824eef12c88867fd823eb2a5d508efa0a6cd54a788a8e48d4eb099d1bd17b,200000,20260717T134222171980Z,1333,mask_fragment-n200000-w128-m1000-s1333
mask_fragment,86a3c5594a7b0bd7b33efe4c4ffaf5dc0aa17226,early_mask_fragment,128,591.620100021828,25600000,1.0,200000,0,sha256:1a43e0ddf8cc02438cc76d27ba1cce86da34109d2e43dcc8ed7c9d581b95b39d,8,sha256:adf824eef12c88867fd823eb2a5d508efa0a6cd54a788a8e48d4eb099d1bd17b,200000,20260717T134222171980Z,1333,mask_fragment-n200000-w128-m1000-s1333
mask_fragment,86a3c5594a7b0bd7b33efe4c4ffaf5dc0aa17226,late_mask_fragment,128,711.5992999752052,25600000,1.0,200000,1,sha256:92b825cb6ca6efd8c921ae328d9dcd567e5fc1cecda65d185180a168e33b45c9,8,sha256:adf824eef12c88867fd823eb2a5d508efa0a6cd54a788a8e48d4eb099d1bd17b,200000,20260717T134222171980Z,1333,mask_fragment-n200000-w128-m1000-s1333
mask_fragment,86a3c5594a7b0bd7b33efe4c4ffaf5dc0aa17226,late_mask_fragment,128,632.6319999643601,25600000,1.0,200000,0,sha256:92b825cb6ca6efd8c921ae328d9dcd567e5fc1cecda65d185180a168e33b45c9,9,sha256:adf824eef12c88867fd823eb2a5d508efa0a6cd54a788a8e48d4eb099d1bd17b,200000,20260717T134222171980Z,1333,mask_fragment-n200000-w128-m1000-s1333
mask_fragment,86a3c5594a7b0bd7b33efe4c4ffaf5dc0aa17226,early_mask_fragment,128,538.2320999633521,25600000,1.0,200000,1,sha256:1a43e0ddf8cc02438cc76d27ba1cce86da34109d2e43dcc8ed7c9d581b95b39d,9,sha256:adf824eef12c88867fd823eb2a5d508efa0a6cd54a788a8e48d4eb099d1bd17b,200000,20260717T134222171980Z,1333,mask_fragment-n200000-w128-m1000-s1333
mask_fragment,86a3c5594a7b0bd7b33efe4c4ffaf5dc0aa17226,early_mask_fragment,128,563.411700015422,25600000,1.0,200000,0,sha256:1a43e0ddf8cc02438cc76d27ba1cce86da34109d2e43dcc8ed7c9d581b95b39d,10,sha256:adf824eef12c88867fd823eb2a5d508efa0a6cd54a788a8e48d4eb099d1bd17b,200000,20260717T134222171980Z,1333,mask_fragment-n200000-w128-m1000-s1333
mask_fragment,86a3c5594a7b0bd7b33efe4c4ffaf5dc0aa17226,late_mask_fragment,128,643.2181000127457,25600000,1.0,200000,1,sha256:92b825cb6ca6efd8c921ae328d9dcd567e5fc1cecda65d185180a168e33b45c9,10,sha256:adf824eef12c88867fd823eb2a5d508efa0a6cd54a788a8e48d4eb099d1bd17b,200000,20260717T134222171980Z,1333,mask_fragment-n200000-w128-m1000-s1333
mask_fragment,86a3c5594a7b0bd7b33efe4c4ffaf5dc0aa17226,late_mask_fragment,128,653.7431999458931,25600000,1.0,200000,0,sha256:92b825cb6ca6efd8c921ae328d9dcd567e5fc1cecda65d185180a168e33b45c9,11,sha256:adf824eef12c88867fd823eb2a5d508efa0a6cd54a788a8e48d4eb099d1bd17b,200000,20260717T134222171980Z,1333,mask_fragment-n200000-w128-m1000-s1333
mask_fragment,86a3c5594a7b0bd7b33efe4c4ffaf5dc0aa17226,early_mask_fragment,128,561.2219999893568,25600000,1.0,200000,1,sha256:1a43e0ddf8cc02438cc76d27ba1cce86da34109d2e43dcc8ed7c9d581b95b39d,11,sha256:adf824eef12c88867fd823eb2a5d508efa0a6cd54a788a8e48d4eb099d1bd17b,200000,20260717T134222171980Z,1333,mask_fragment-n200000-w128-m1000-s1333
mask_fragment,86a3c5594a7b0bd7b33efe4c4ffaf5dc0aa17226,early_mask_fragment,128,569.1835000179708,25600000,1.0,200000,0,sha256:1a43e0ddf8cc02438cc76d27ba1cce86da34109d2e43dcc8ed7c9d581b95b39d,12,sha256:adf824eef12c88867fd823eb2a5d508efa0a6cd54a788a8e48d4eb099d1bd17b,200000,20260717T134222171980Z,1333,mask_fragment-n200000-w128-m1000-s1333
mask_fragment,86a3c5594a7b0bd7b33efe4c4ffaf5dc0aa17226,late_mask_fragment,128,659.5050999894738,25600000,1.0,200000,1,sha256:92b825cb6ca6efd8c921ae328d9dcd567e5fc1cecda65d185180a168e33b45c9,12,sha256:adf824eef12c88867fd823eb2a5d508efa0a6cd54a788a8e48d4eb099d1bd17b,200000,20260717T134222171980Z,1333,mask_fragment-n200000-w128-m1000-s1333
mask_fragment,86a3c5594a7b0bd7b33efe4c4ffaf5dc0aa17226,late_mask_fragment,128,634.9276999826543,25600000,1.0,200000,0,sha256:92b825cb6ca6efd8c921ae328d9dcd567e5fc1cecda65d185180a168e33b45c9,13,sha256:adf824eef12c88867fd823eb2a5d508efa0a6cd54a788a8e48d4eb099d1bd17b,200000,20260717T134222171980Z,1333,mask_fragment-n200000-w128-m1000-s1333
mask_fragment,86a3c5594a7b0bd7b33efe4c4ffaf5dc0aa17226,early_mask_fragment,128,562.958599999547,25600000,1.0,200000,1,sha256:1a43e0ddf8cc02438cc76d27ba1cce86da34109d2e43dcc8ed7c9d581b95b39d,13,sha256:adf824eef12c88867fd823eb2a5d508efa0a6cd54a788a8e48d4eb099d1bd17b,200000,20260717T134222171980Z,1333,mask_fragment-n200000-w128-m1000-s1333
mask_fragment,86a3c5594a7b0bd7b33efe4c4ffaf5dc0aa17226,early_mask_fragment,128,658.3739999914542,25600000,1.0,200000,0,sha256:1a43e0ddf8cc02438cc76d27ba1cce86da34109d2e43dcc8ed7c9d581b95b39d,14,sha256:adf824eef12c88867fd823eb2a5d508efa0a6cd54a788a8e48d4eb099d1bd17b,200000,20260717T134222171980Z,1333,mask_fragment-n200000-w128-m1000-s1333
mask_fragment,86a3c5594a7b0bd7b33efe4c4ffaf5dc0aa17226,late_mask_fragment,128,749.2297000135295,25600000,1.0,200000,1,sha256:92b825cb6ca6efd8c921ae328d9dcd567e5fc1cecda65d185180a168e33b45c9,14,sha256:adf824eef12c88867fd823eb2a5d508efa0a6cd54a788a8e48d4eb099d1bd17b,200000,20260717T134222171980Z,1333,mask_fragment-n200000-w128-m1000-s1333
mask_fragment,86a3c5594a7b0bd7b33efe4c4ffaf5dc0aa17226,early_mask_fragment,128,614.7539000376128,25600000,1.0,200000,0,sha256:1a43e0ddf8cc02438cc76d27ba1cce86da34109d2e43dcc8ed7c9d581b95b39d,0,sha256:2f75677c441e96c2825df07522b940c4ec9233ef68c284127cbf6b31e4515be0,200000,20260717T134222171980Z,1444,mask_fragment-n200000-w128-m1000-s1444
mask_fragment,86a3c5594a7b0bd7b33efe4c4ffaf5dc0aa17226,late_mask_fragment,128,554.3759999563918,25600000,1.0,200000,1,sha256:92b825cb6ca6efd8c921ae328d9dcd567e5fc1cecda65d185180a168e33b45c9,0,sha256:2f75677c441e96c2825df07522b940c4ec9233ef68c284127cbf6b31e4515be0,200000,20260717T134222171980Z,1444,mask_fragment-n200000-w128-m1000-s1444
mask_fragment,86a3c5594a7b0bd7b33efe4c4ffaf5dc0aa17226,late_mask_fragment,128,688.7920000008307,25600000,1.0,200000,0,sha256:92b825cb6ca6efd8c921ae328d9dcd567e5fc1cecda65d185180a168e33b45c9,1,sha256:2f75677c441e96c2825df07522b940c4ec9233ef68c284127cbf6b31e4515be0,200000,20260717T134222171980Z,1444,mask_fragment-n200000-w128-m1000-s1444
mask_fragment,86a3c5594a7b0bd7b33efe4c4ffaf5dc0aa17226,early_mask_fragment,128,701.7879000050016,25600000,1.0,200000,1,sha256:1a43e0ddf8cc02438cc76d27ba1cce86da34109d2e43dcc8ed7c9d581b95b39d,1,sha256:2f75677c441e96c2825df07522b940c4ec9233ef68c284127cbf6b31e4515be0,200000,20260717T134222171980Z,1444,mask_fragment-n200000-w128-m1000-s1444
mask_fragment,86a3c5594a7b0bd7b33efe4c4ffaf5dc0aa17226,early_mask_fragment,128,721.044100006111,25600000,1.0,200000,0,sha256:1a43e0ddf8cc02438cc76d27ba1cce86da34109d2e43dcc8ed7c9d581b95b39d,2,sha256:2f75677c441e96c2825df07522b940c4ec9233ef68c284127cbf6b31e4515be0,200000,20260717T134222171980Z,1444,mask_fragment-n200000-w128-m1000-s1444
mask_fragment,86a3c5594a7b0bd7b33efe4c4ffaf5dc0aa17226,late_mask_fragment,128,829.7963999793865,25600000,1.0,200000,1,sha256:92b825cb6ca6efd8c921ae328d9dcd567e5fc1cecda65d185180a168e33b45c9,2,sha256:2f75677c441e96c2825df07522b940c4ec9233ef68c284127cbf6b31e4515be0,200000,20260717T134222171980Z,1444,mask_fragment-n200000-w128-m1000-s1444
mask_fragment,86a3c5594a7b0bd7b33efe4c4ffaf5dc0aa17226,late_mask_fragment,128,898.9391999784857,25600000,1.0,200000,0,sha256:92b825cb6ca6efd8c921ae328d9dcd567e5fc1cecda65d185180a168e33b45c9,3,sha256:2f75677c441e96c2825df07522b940c4ec9233ef68c284127cbf6b31e4515be0,200000,20260717T134222171980Z,1444,mask_fragment-n200000-w128-m1000-s1444
mask_fragment,86a3c5594a7b0bd7b33efe4c4ffaf5dc0aa17226,early_mask_fragment,128,724.589699995704,25600000,1.0,200000,1,sha256:1a43e0ddf8cc02438cc76d27ba1cce86da34109d2e43dcc8ed7c9d581b95b39d,3,sha256:2f75677c441e96c2825df07522b940c4ec9233ef68c284127cbf6b31e4515be0,200000,20260717T134222171980Z,1444,mask_fragment-n200000-w128-m1000-s1444
mask_fragment,86a3c5594a7b0bd7b33efe4c4ffaf5dc0aa17226,early_mask_fragment,128,708.4170999587514,25600000,1.0,200000,0,sha256:1a43e0ddf8cc02438cc76d27ba1cce86da34109d2e43dcc8ed7c9d581b95b39d,4,sha256:2f75677c441e96c2825df07522b940c4ec9233ef68c284127cbf6b31e4515be0,200000,20260717T134222171980Z,1444,mask_fragment-n200000-w128-m1000-s1444
mask_fragment,86a3c5594a7b0bd7b33efe4c4ffaf5dc0aa17226,late_mask_fragment,128,585.2004999760538,25600000,1.0,200000,1,sha256:92b825cb6ca6efd8c921ae328d9dcd567e5fc1cecda65d185180a168e33b45c9,4,sha256:2f75677c441e96c2825df07522b940c4ec9233ef68c284127cbf6b31e4515be0,200000,20260717T134222171980Z,1444,mask_fragment-n200000-w128-m1000-s1444
mask_fragment,86a3c5594a7b0bd7b33efe4c4ffaf5dc0aa17226,late_mask_fragment,128,790.769699960947,25600000,1.0,200000,0,sha256:92b825cb6ca6efd8c921ae328d9dcd567e5fc1cecda65d185180a168e33b45c9,5,sha256:2f75677c441e96c2825df07522b940c4ec9233ef68c284127cbf6b31e4515be0,200000,20260717T134222171980Z,1444,mask_fragment-n200000-w128-m1000-s1444
mask_fragment,86a3c5594a7b0bd7b33efe4c4ffaf5dc0aa17226,early_mask_fragment,128,790.6917999498546,25600000,1.0,200000,1,sha256:1a43e0ddf8cc02438cc76d27ba1cce86da34109d2e43dcc8ed7c9d581b95b39d,5,sha256:2f75677c441e96c2825df07522b940c4ec9233ef68c284127cbf6b31e4515be0,200000,20260717T134222171980Z,1444,mask_fragment-n200000-w128-m1000-s1444
mask_fragment,86a3c5594a7b0bd7b33efe4c4ffaf5dc0aa17226,early_mask_fragment,128,703.684100008104,25600000,1.0,200000,0,sha256:1a43e0ddf8cc02438cc76d27ba1cce86da34109d2e43dcc8ed7c9d581b95b39d,6,sha256:2f75677c441e96c2825df07522b940c4ec9233ef68c284127cbf6b31e4515be0,200000,20260717T134222171980Z,1444,mask_fragment-n200000-w128-m1000-s1444
mask_fragment,86a3c5594a7b0bd7b33efe4c4ffaf5dc0aa17226,late_mask_fragment,128,637.2273999731988,25600000,1.0,200000,1,sha256:92b825cb6ca6efd8c921ae328d9dcd567e5fc1cecda65d185180a168e33b45c9,6,sha256:2f75677c441e96c2825df07522b940c4ec9233ef68c284127cbf6b31e4515be0,200000,20260717T134222171980Z,1444,mask_fragment-n200000-w128-m1000-s1444
mask_fragment,86a3c5594a7b0bd7b33efe4c4ffaf5dc0aa17226,late_mask_fragment,128,717.9053000290878,25600000,1.0,200000,0,sha256:92b825cb6ca6efd8c921ae328d9dcd567e5fc1cecda65d185180a168e33b45c9,7,sha256:2f75677c441e96c2825df07522b940c4ec9233ef68c284127cbf6b31e4515be0,200000,20260717T134222171980Z,1444,mask_fragment-n200000-w128-m1000-s1444
mask_fragment,86a3c5594a7b0bd7b33efe4c4ffaf5dc0aa17226,early_mask_fragment,128,563.5179000091739,25600000,1.0,200000,1,sha256:1a43e0ddf8cc02438cc76d27ba1cce86da34109d2e43dcc8ed7c9d581b95b39d,7,sha256:2f75677c441e96c2825df07522b940c4ec9233ef68c284127cbf6b31e4515be0,200000,20260717T134222171980Z,1444,mask_fragment-n200000-w128-m1000-s1444
mask_fragment,86a3c5594a7b0bd7b33efe4c4ffaf5dc0aa17226,early_mask_fragment,128,584.7125999862328,25600000,1.0,200000,0,sha256:1a43e0ddf8cc02438cc76d27ba1cce86da34109d2e43dcc8ed7c9d581b95b39d,8,sha256:2f75677c441e96c2825df07522b940c4ec9233ef68c284127cbf6b31e4515be0,200000,20260717T134222171980Z,1444,mask_fragment-n200000-w128-m1000-s1444
mask_fragment,86a3c5594a7b0bd7b33efe4c4ffaf5dc0aa17226,late_mask_fragment,128,644.9536000145599,25600000,1.0,200000,1,sha256:92b825cb6ca6efd8c921ae328d9dcd567e5fc1cecda65d185180a168e33b45c9,8,sha256:2f75677c441e96c2825df07522b940c4ec9233ef68c284127cbf6b31e4515be0,200000,20260717T134222171980Z,1444,mask_fragment-n200000-w128-m1000-s1444
mask_fragment,86a3c5594a7b0bd7b33efe4c4ffaf5dc0aa17226,late_mask_fragment,128,1568.8095999648795,25600000,1.0,200000,0,sha256:92b825cb6ca6efd8c921ae328d9dcd567e5fc1cecda65d185180a168e33b45c9,9,sha256:2f75677c441e96c2825df07522b940c4ec9233ef68c284127cbf6b31e4515be0,200000,20260717T134222171980Z,1444,mask_fragment-n200000-w128-m1000-s1444
mask_fragment,86a3c5594a7b0bd7b33efe4c4ffaf5dc0aa17226,early_mask_fragment,128,533.858600014355,25600000,1.0,200000,1,sha256:1a43e0ddf8cc02438cc76d27ba1cce86da34109d2e43dcc8ed7c9d581b95b39d,9,sha256:2f75677c441e96c2825df07522b940c4ec9233ef68c284127cbf6b31e4515be0,200000,20260717T134222171980Z,1444,mask_fragment-n200000-w128-m1000-s1444
mask_fragment,86a3c5594a7b0bd7b33efe4c4ffaf5dc0aa17226,early_mask_fragment,128,514.5442000357434,25600000,1.0,200000,0,sha256:1a43e0ddf8cc02438cc76d27ba1cce86da34109d2e43dcc8ed7c9d581b95b39d,10,sha256:2f75677c441e96c2825df07522b940c4ec9233ef68c284127cbf6b31e4515be0,200000,20260717T134222171980Z,1444,mask_fragment-n200000-w128-m1000-s1444
mask_fragment,86a3c5594a7b0bd7b33efe4c4ffaf5dc0aa17226,late_mask_fragment,128,552.2703999886289,25600000,1.0,200000,1,sha256:92b825cb6ca6efd8c921ae328d9dcd567e5fc1cecda65d185180a168e33b45c9,10,sha256:2f75677c441e96c2825df07522b940c4ec9233ef68c284127cbf6b31e4515be0,200000,20260717T134222171980Z,1444,mask_fragment-n200000-w128-m1000-s1444
mask_fragment,86a3c5594a7b0bd7b33efe4c4ffaf5dc0aa17226,late_mask_fragment,128,579.9261999782175,25600000,1.0,200000,0,sha256:92b825cb6ca6efd8c921ae328d9dcd567e5fc1cecda65d185180a168e33b45c9,11,sha256:2f75677c441e96c2825df07522b940c4ec9233ef68c284127cbf6b31e4515be0,200000,20260717T134222171980Z,1444,mask_fragment-n200000-w128-m1000-s1444
mask_fragment,86a3c5594a7b0bd7b33efe4c4ffaf5dc0aa17226,early_mask_fragment,128,543.1963000446558,25600000,1.0,200000,1,sha256:1a43e0ddf8cc02438cc76d27ba1cce86da34109d2e43dcc8ed7c9d581b95b39d,11,sha256:2f75677c441e96c2825df07522b940c4ec9233ef68c284127cbf6b31e4515be0,200000,20260717T134222171980Z,1444,mask_fragment-n200000-w128-m1000-s1444
mask_fragment,86a3c5594a7b0bd7b33efe4c4ffaf5dc0aa17226,early_mask_fragment,128,606.9621999631636,25600000,1.0,200000,0,sha256:1a43e0ddf8cc02438cc76d27ba1cce86da34109d2e43dcc8ed7c9d581b95b39d,12,sha256:2f75677c441e96c2825df07522b940c4ec9233ef68c284127cbf6b31e4515be0,200000,20260717T134222171980Z,1444,mask_fragment-n200000-w128-m1000-s1444
mask_fragment,86a3c5594a7b0bd7b33efe4c4ffaf5dc0aa17226,late_mask_fragment,128,596.8627000111155,25600000,1.0,200000,1,sha256:92b825cb6ca6efd8c921ae328d9dcd567e5fc1cecda65d185180a168e33b45c9,12,sha256:2f75677c441e96c2825df07522b940c4ec9233ef68c284127cbf6b31e4515be0,200000,20260717T134222171980Z,1444,mask_fragment-n200000-w128-m1000-s1444
mask_fragment,86a3c5594a7b0bd7b33efe4c4ffaf5dc0aa17226,late_mask_fragment,128,663.4409999824129,25600000,1.0,200000,0,sha256:92b825cb6ca6efd8c921ae328d9dcd567e5fc1cecda65d185180a168e33b45c9,13,sha256:2f75677c441e96c2825df07522b940c4ec9233ef68c284127cbf6b31e4515be0,200000,20260717T134222171980Z,1444,mask_fragment-n200000-w128-m1000-s1444
mask_fragment,86a3c5594a7b0bd7b33efe4c4ffaf5dc0aa17226,early_mask_fragment,128,567.6454000058584,25600000,1.0,200000,1,sha256:1a43e0ddf8cc02438cc76d27ba1cce86da34109d2e43dcc8ed7c9d581b95b39d,13,sha256:2f75677c441e96c2825df07522b940c4ec9233ef68c284127cbf6b31e4515be0,200000,20260717T134222171980Z,1444,mask_fragment-n200000-w128-m1000-s1444
mask_fragment,86a3c5594a7b0bd7b33efe4c4ffaf5dc0aa17226,early_mask_fragment,128,553.8659999729134,25600000,1.0,200000,0,sha256:1a43e0ddf8cc02438cc76d27ba1cce86da34109d2e43dcc8ed7c9d581b95b39d,14,sha256:2f75677c441e96c2825df07522b940c4ec9233ef68c284127cbf6b31e4515be0,200000,20260717T134222171980Z,1444,mask_fragment-n200000-w128-m1000-s1444
mask_fragment,86a3c5594a7b0bd7b33efe4c4ffaf5dc0aa17226,late_mask_fragment,128,657.3388000251725,25600000,1.0,200000,1,sha256:92b825cb6ca6efd8c921ae328d9dcd567e5fc1cecda65d185180a168e33b45c9,14,sha256:2f75677c441e96c2825df07522b940c4ec9233ef68c284127cbf6b31e4515be0,200000,20260717T134222171980Z,1444,mask_fragment-n200000-w128-m1000-s1444
mask_fragment,86a3c5594a7b0bd7b33efe4c4ffaf5dc0aa17226,early_mask_fragment,128,769.1611999762245,25600000,1.0,200000,0,sha256:1a43e0ddf8cc02438cc76d27ba1cce86da34109d2e43dcc8ed7c9d581b95b39d,0,sha256:45581751d15403317512071bf32754e27e7fac20df93552cfd1f7479f873e0d4,200000,20260717T134222171980Z,1555,mask_fragment-n200000-w128-m1000-s1555
mask_fragment,86a3c5594a7b0bd7b33efe4c4ffaf5dc0aa17226,late_mask_fragment,128,685.5481999809854,25600000,1.0,200000,1,sha256:92b825cb6ca6efd8c921ae328d9dcd567e5fc1cecda65d185180a168e33b45c9,0,sha256:45581751d15403317512071bf32754e27e7fac20df93552cfd1f7479f873e0d4,200000,20260717T134222171980Z,1555,mask_fragment-n200000-w128-m1000-s1555
mask_fragment,86a3c5594a7b0bd7b33efe4c4ffaf5dc0aa17226,late_mask_fragment,128,630.7163999881595,25600000,1.0,200000,0,sha256:92b825cb6ca6efd8c921ae328d9dcd567e5fc1cecda65d185180a168e33b45c9,1,sha256:45581751d15403317512071bf32754e27e7fac20df93552cfd1f7479f873e0d4,200000,20260717T134222171980Z,1555,mask_fragment-n200000-w128-m1000-s1555
mask_fragment,86a3c5594a7b0bd7b33efe4c4ffaf5dc0aa17226,early_mask_fragment,128,574.1855999804102,25600000,1.0,200000,1,sha256:1a43e0ddf8cc02438cc76d27ba1cce86da34109d2e43dcc8ed7c9d581b95b39d,1,sha256:45581751d15403317512071bf32754e27e7fac20df93552cfd1f7479f873e0d4,200000,20260717T134222171980Z,1555,mask_fragment-n200000-w128-m1000-s1555
mask_fragment,86a3c5594a7b0bd7b33efe4c4ffaf5dc0aa17226,early_mask_fragment,128,613.0695999599993,25600000,1.0,200000,0,sha256:1a43e0ddf8cc02438cc76d27ba1cce86da34109d2e43dcc8ed7c9d581b95b39d,2,sha256:45581751d15403317512071bf32754e27e7fac20df93552cfd1f7479f873e0d4,200000,20260717T134222171980Z,1555,mask_fragment-n200000-w128-m1000-s1555
mask_fragment,86a3c5594a7b0bd7b33efe4c4ffaf5dc0aa17226,late_mask_fragment,128,759.8784999572672,25600000,1.0,200000,1,sha256:92b825cb6ca6efd8c921ae328d9dcd567e5fc1cecda65d185180a168e33b45c9,2,sha256:45581751d15403317512071bf32754e27e7fac20df93552cfd1f7479f873e0d4,200000,20260717T134222171980Z,1555,mask_fragment-n200000-w128-m1000-s1555
mask_fragment,86a3c5594a7b0bd7b33efe4c4ffaf5dc0aa17226,late_mask_fragment,128,709.4524000422098,25600000,1.0,200000,0,sha256:92b825cb6ca6efd8c921ae328d9dcd567e5fc1cecda65d185180a168e33b45c9,3,sha256:45581751d15403317512071bf32754e27e7fac20df93552cfd1f7479f873e0d4,200000,20260717T134222171980Z,1555,mask_fragment-n200000-w128-m1000-s1555
mask_fragment,86a3c5594a7b0bd7b33efe4c4ffaf5dc0aa17226,early_mask_fragment,128,892.7649999968708,25600000,1.0,200000,1,sha256:1a43e0ddf8cc02438cc76d27ba1cce86da34109d2e43dcc8ed7c9d581b95b39d,3,sha256:45581751d15403317512071bf32754e27e7fac20df93552cfd1f7479f873e0d4,200000,20260717T134222171980Z,1555,mask_fragment-n200000-w128-m1000-s1555
mask_fragment,86a3c5594a7b0bd7b33efe4c4ffaf5dc0aa17226,early_mask_fragment,128,781.5798000083305,25600000,1.0,200000,0,sha256:1a43e0ddf8cc02438cc76d27ba1cce86da34109d2e43dcc8ed7c9d581b95b39d,4,sha256:45581751d15403317512071bf32754e27e7fac20df93552cfd1f7479f873e0d4,200000,20260717T134222171980Z,1555,mask_fragment-n200000-w128-m1000-s1555
mask_fragment,86a3c5594a7b0bd7b33efe4c4ffaf5dc0aa17226,late_mask_fragment,128,899.2918999865651,25600000,1.0,200000,1,sha256:92b825cb6ca6efd8c921ae328d9dcd567e5fc1cecda65d185180a168e33b45c9,4,sha256:45581751d15403317512071bf32754e27e7fac20df93552cfd1f7479f873e0d4,200000,20260717T134222171980Z,1555,mask_fragment-n200000-w128-m1000-s1555
mask_fragment,86a3c5594a7b0bd7b33efe4c4ffaf5dc0aa17226,late_mask_fragment,128,757.4007000075653,25600000,1.0,200000,0,sha256:92b825cb6ca6efd8c921ae328d9dcd567e5fc1cecda65d185180a168e33b45c9,5,sha256:45581751d15403317512071bf32754e27e7fac20df93552cfd1f7479f873e0d4,200000,20260717T134222171980Z,1555,mask_fragment-n200000-w128-m1000-s1555
mask_fragment,86a3c5594a7b0bd7b33efe4c4ffaf5dc0aa17226,early_mask_fragment,128,752.1572000114247,25600000,1.0,200000,1,sha256:1a43e0ddf8cc02438cc76d27ba1cce86da34109d2e43dcc8ed7c9d581b95b39d,5,sha256:45581751d15403317512071bf32754e27e7fac20df93552cfd1f7479f873e0d4,200000,20260717T134222171980Z,1555,mask_fragment-n200000-w128-m1000-s1555
mask_fragment,86a3c5594a7b0bd7b33efe4c4ffaf5dc0aa17226,early_mask_fragment,128,587.6527999644168,25600000,1.0,200000,0,sha256:1a43e0ddf8cc02438cc76d27ba1cce86da34109d2e43dcc8ed7c9d581b95b39d,6,sha256:45581751d15403317512071bf32754e27e7fac20df93552cfd1f7479f873e0d4,200000,20260717T134222171980Z,1555,mask_fragment-n200000-w128-m1000-s1555
mask_fragment,86a3c5594a7b0bd7b33efe4c4ffaf5dc0aa17226,late_mask_fragment,128,638.206200033892,25600000,1.0,200000,1,sha256:92b825cb6ca6efd8c921ae328d9dcd567e5fc1cecda65d185180a168e33b45c9,6,sha256:45581751d15403317512071bf32754e27e7fac20df93552cfd1f7479f873e0d4,200000,20260717T134222171980Z,1555,mask_fragment-n200000-w128-m1000-s1555
mask_fragment,86a3c5594a7b0bd7b33efe4c4ffaf5dc0aa17226,late_mask_fragment,128,666.7168999556452,25600000,1.0,200000,0,sha256:92b825cb6ca6efd8c921ae328d9dcd567e5fc1cecda65d185180a168e33b45c9,7,sha256:45581751d15403317512071bf32754e27e7fac20df93552cfd1f7479f873e0d4,200000,20260717T134222171980Z,1555,mask_fragment-n200000-w128-m1000-s1555
mask_fragment,86a3c5594a7b0bd7b33efe4c4ffaf5dc0aa17226,early_mask_fragment,128,593.1915999972261,25600000,1.0,200000,1,sha256:1a43e0ddf8cc02438cc76d27ba1cce86da34109d2e43dcc8ed7c9d581b95b39d,7,sha256:45581751d15403317512071bf32754e27e7fac20df93552cfd1f7479f873e0d4,200000,20260717T134222171980Z,1555,mask_fragment-n200000-w128-m1000-s1555
mask_fragment,86a3c5594a7b0bd7b33efe4c4ffaf5dc0aa17226,early_mask_fragment,128,615.9874000004493,25600000,1.0,200000,0,sha256:1a43e0ddf8cc02438cc76d27ba1cce86da34109d2e43dcc8ed7c9d581b95b39d,8,sha256:45581751d15403317512071bf32754e27e7fac20df93552cfd1f7479f873e0d4,200000,20260717T134222171980Z,1555,mask_fragment-n200000-w128-m1000-s1555
mask_fragment,86a3c5594a7b0bd7b33efe4c4ffaf5dc0aa17226,late_mask_fragment,128,684.265400050208,25600000,1.0,200000,1,sha256:92b825cb6ca6efd8c921ae328d9dcd567e5fc1cecda65d185180a168e33b45c9,8,sha256:45581751d15403317512071bf32754e27e7fac20df93552cfd1f7479f873e0d4,200000,20260717T134222171980Z,1555,mask_fragment-n200000-w128-m1000-s1555
mask_fragment,86a3c5594a7b0bd7b33efe4c4ffaf5dc0aa17226,late_mask_fragment,128,668.3657999965362,25600000,1.0,200000,0,sha256:92b825cb6ca6efd8c921ae328d9dcd567e5fc1cecda65d185180a168e33b45c9,9,sha256:45581751d15403317512071bf32754e27e7fac20df93552cfd1f7479f873e0d4,200000,20260717T134222171980Z,1555,mask_fragment-n200000-w128-m1000-s1555
mask_fragment,86a3c5594a7b0bd7b33efe4c4ffaf5dc0aa17226,early_mask_fragment,128,756.8046000087634,25600000,1.0,200000,1,sha256:1a43e0ddf8cc02438cc76d27ba1cce86da34109d2e43dcc8ed7c9d581b95b39d,9,sha256:45581751d15403317512071bf32754e27e7fac20df93552cfd1f7479f873e0d4,200000,20260717T134222171980Z,1555,mask_fragment-n200000-w128-m1000-s1555
mask_fragment,86a3c5594a7b0bd7b33efe4c4ffaf5dc0aa17226,early_mask_fragment,128,595.6889999797568,25600000,1.0,200000,0,sha256:1a43e0ddf8cc02438cc76d27ba1cce86da34109d2e43dcc8ed7c9d581b95b39d,10,sha256:45581751d15403317512071bf32754e27e7fac20df93552cfd1f7479f873e0d4,200000,20260717T134222171980Z,1555,mask_fragment-n200000-w128-m1000-s1555
mask_fragment,86a3c5594a7b0bd7b33efe4c4ffaf5dc0aa17226,late_mask_fragment,128,591.7627000017092,25600000,1.0,200000,1,sha256:92b825cb6ca6efd8c921ae328d9dcd567e5fc1cecda65d185180a168e33b45c9,10,sha256:45581751d15403317512071bf32754e27e7fac20df93552cfd1f7479f873e0d4,200000,20260717T134222171980Z,1555,mask_fragment-n200000-w128-m1000-s1555
mask_fragment,86a3c5594a7b0bd7b33efe4c4ffaf5dc0aa17226,late_mask_fragment,128,583.2155999960378,25600000,1.0,200000,0,sha256:92b825cb6ca6efd8c921ae328d9dcd567e5fc1cecda65d185180a168e33b45c9,11,sha256:45581751d15403317512071bf32754e27e7fac20df93552cfd1f7479f873e0d4,200000,20260717T134222171980Z,1555,mask_fragment-n200000-w128-m1000-s1555
mask_fragment,86a3c5594a7b0bd7b33efe4c4ffaf5dc0aa17226,early_mask_fragment,128,696.6351000010036,25600000,1.0,200000,1,sha256:1a43e0ddf8cc02438cc76d27ba1cce86da34109d2e43dcc8ed7c9d581b95b39d,11,sha256:45581751d15403317512071bf32754e27e7fac20df93552cfd1f7479f873e0d4,200000,20260717T134222171980Z,1555,mask_fragment-n200000-w128-m1000-s1555
mask_fragment,86a3c5594a7b0bd7b33efe4c4ffaf5dc0aa17226,early_mask_fragment,128,612.7922999439761,25600000,1.0,200000,0,sha256:1a43e0ddf8cc02438cc76d27ba1cce86da34109d2e43dcc8ed7c9d581b95b39d,12,sha256:45581751d15403317512071bf32754e27e7fac20df93552cfd1f7479f873e0d4,200000,20260717T134222171980Z,1555,mask_fragment-n200000-w128-m1000-s1555
mask_fragment,86a3c5594a7b0bd7b33efe4c4ffaf5dc0aa17226,late_mask_fragment,128,649.9382999609224,25600000,1.0,200000,1,sha256:92b825cb6ca6efd8c921ae328d9dcd567e5fc1cecda65d185180a168e33b45c9,12,sha256:45581751d15403317512071bf32754e27e7fac20df93552cfd1f7479f873e0d4,200000,20260717T134222171980Z,1555,mask_fragment-n200000-w128-m1000-s1555
mask_fragment,86a3c5594a7b0bd7b33efe4c4ffaf5dc0aa17226,late_mask_fragment,128,655.0092999823391,25600000,1.0,200000,0,sha256:92b825cb6ca6efd8c921ae328d9dcd567e5fc1cecda65d185180a168e33b45c9,13,sha256:45581751d15403317512071bf32754e27e7fac20df93552cfd1f7479f873e0d4,200000,20260717T134222171980Z,1555,mask_fragment-n200000-w128-m1000-s1555
mask_fragment,86a3c5594a7b0bd7b33efe4c4ffaf5dc0aa17226,early_mask_fragment,128,568.3320999960415,25600000,1.0,200000,1,sha256:1a43e0ddf8cc02438cc76d27ba1cce86da34109d2e43dcc8ed7c9d581b95b39d,13,sha256:45581751d15403317512071bf32754e27e7fac20df93552cfd1f7479f873e0d4,200000,20260717T134222171980Z,1555,mask_fragment-n200000-w128-m1000-s1555
mask_fragment,86a3c5594a7b0bd7b33efe4c4ffaf5dc0aa17226,early_mask_fragment,128,595.2305999817327,25600000,1.0,200000,0,sha256:1a43e0ddf8cc02438cc76d27ba1cce86da34109d2e43dcc8ed7c9d581b95b39d,14,sha256:45581751d15403317512071bf32754e27e7fac20df93552cfd1f7479f873e0d4,200000,20260717T134222171980Z,1555,mask_fragment-n200000-w128-m1000-s1555
mask_fragment,86a3c5594a7b0bd7b33efe4c4ffaf5dc0aa17226,late_mask_fragment,128,651.813399977982,25600000,1.0,200000,1,sha256:92b825cb6ca6efd8c921ae328d9dcd567e5fc1cecda65d185180a168e33b45c9,14,sha256:45581751d15403317512071bf32754e27e7fac20df93552cfd1f7479f873e0d4,200000,20260717T134222171980Z,1555,mask_fragment-n200000-w128-m1000-s1555
mask_fragment,86a3c5594a7b0bd7b33efe4c4ffaf5dc0aa17226,late_mask_fragment,256,1014.0558000421152,51200000,0.9,180000,0,sha256:18bd7fb3b6d02ff88c53bf4a74124c631590d7e276f031a9034dc7f9cb857902,0,sha256:16baacf9e125219bc2ed98a7cbd9993bbee4be5555e3dc94cc1e0f909923bfa6,200000,20260717T134222171980Z,1111,mask_fragment-n200000-w256-m0900-s1111
mask_fragment,86a3c5594a7b0bd7b33efe4c4ffaf5dc0aa17226,early_mask_fragment,256,842.281199991703,51200000,0.9,180000,1,sha256:1a43e0ddf8cc02438cc76d27ba1cce86da34109d2e43dcc8ed7c9d581b95b39d,0,sha256:16baacf9e125219bc2ed98a7cbd9993bbee4be5555e3dc94cc1e0f909923bfa6,200000,20260717T134222171980Z,1111,mask_fragment-n200000-w256-m0900-s1111
mask_fragment,86a3c5594a7b0bd7b33efe4c4ffaf5dc0aa17226,early_mask_fragment,256,860.9667000127956,51200000,0.9,180000,0,sha256:1a43e0ddf8cc02438cc76d27ba1cce86da34109d2e43dcc8ed7c9d581b95b39d,1,sha256:16baacf9e125219bc2ed98a7cbd9993bbee4be5555e3dc94cc1e0f909923bfa6,200000,20260717T134222171980Z,1111,mask_fragment-n200000-w256-m0900-s1111
mask_fragment,86a3c5594a7b0bd7b33efe4c4ffaf5dc0aa17226,late_mask_fragment,256,870.0034000212327,51200000,0.9,180000,1,sha256:18bd7fb3b6d02ff88c53bf4a74124c631590d7e276f031a9034dc7f9cb857902,1,sha256:16baacf9e125219bc2ed98a7cbd9993bbee4be5555e3dc94cc1e0f909923bfa6,200000,20260717T134222171980Z,1111,mask_fragment-n200000-w256-m0900-s1111
mask_fragment,86a3c5594a7b0bd7b33efe4c4ffaf5dc0aa17226,late_mask_fragment,256,978.7365000229329,51200000,0.9,180000,0,sha256:18bd7fb3b6d02ff88c53bf4a74124c631590d7e276f031a9034dc7f9cb857902,2,sha256:16baacf9e125219bc2ed98a7cbd9993bbee4be5555e3dc94cc1e0f909923bfa6,200000,20260717T134222171980Z,1111,mask_fragment-n200000-w256-m0900-s1111
mask_fragment,86a3c5594a7b0bd7b33efe4c4ffaf5dc0aa17226,early_mask_fragment,256,1005.3868000395596,51200000,0.9,180000,1,sha256:1a43e0ddf8cc02438cc76d27ba1cce86da34109d2e43dcc8ed7c9d581b95b39d,2,sha256:16baacf9e125219bc2ed98a7cbd9993bbee4be5555e3dc94cc1e0f909923bfa6,200000,20260717T134222171980Z,1111,mask_fragment-n200000-w256-m0900-s1111
mask_fragment,86a3c5594a7b0bd7b33efe4c4ffaf5dc0aa17226,early_mask_fragment,256,1038.3628000272438,51200000,0.9,180000,0,sha256:1a43e0ddf8cc02438cc76d27ba1cce86da34109d2e43dcc8ed7c9d581b95b39d,3,sha256:16baacf9e125219bc2ed98a7cbd9993bbee4be5555e3dc94cc1e0f909923bfa6,200000,20260717T134222171980Z,1111,mask_fragment-n200000-w256-m0900-s1111
mask_fragment,86a3c5594a7b0bd7b33efe4c4ffaf5dc0aa17226,late_mask_fragment,256,1054.8400999978185,51200000,0.9,180000,1,sha256:18bd7fb3b6d02ff88c53bf4a74124c631590d7e276f031a9034dc7f9cb857902,3,sha256:16baacf9e125219bc2ed98a7cbd9993bbee4be5555e3dc94cc1e0f909923bfa6,200000,20260717T134222171980Z,1111,mask_fragment-n200000-w256-m0900-s1111
mask_fragment,86a3c5594a7b0bd7b33efe4c4ffaf5dc0aa17226,late_mask_fragment,256,914.359999995213,51200000,0.9,180000,0,sha256:18bd7fb3b6d02ff88c53bf4a74124c631590d7e276f031a9034dc7f9cb857902,4,sha256:16baacf9e125219bc2ed98a7cbd9993bbee4be5555e3dc94cc1e0f909923bfa6,200000,20260717T134222171980Z,1111,mask_fragment-n200000-w256-m0900-s1111
mask_fragment,86a3c5594a7b0bd7b33efe4c4ffaf5dc0aa17226,early_mask_fragment,256,771.3258999865502,51200000,0.9,180000,1,sha256:1a43e0ddf8cc02438cc76d27ba1cce86da34109d2e43dcc8ed7c9d581b95b39d,4,sha256:16baacf9e125219bc2ed98a7cbd9993bbee4be5555e3dc94cc1e0f909923bfa6,200000,20260717T134222171980Z,1111,mask_fragment-n200000-w256-m0900-s1111
mask_fragment,86a3c5594a7b0bd7b33efe4c4ffaf5dc0aa17226,early_mask_fragment,256,758.7275999831036,51200000,0.9,180000,0,sha256:1a43e0ddf8cc02438cc76d27ba1cce86da34109d2e43dcc8ed7c9d581b95b39d,5,sha256:16baacf9e125219bc2ed98a7cbd9993bbee4be5555e3dc94cc1e0f909923bfa6,200000,20260717T134222171980Z,1111,mask_fragment-n200000-w256-m0900-s1111
mask_fragment,86a3c5594a7b0bd7b33efe4c4ffaf5dc0aa17226,late_mask_fragment,256,850.5897000432014,51200000,0.9,180000,1,sha256:18bd7fb3b6d02ff88c53bf4a74124c631590d7e276f031a9034dc7f9cb857902,5,sha256:16baacf9e125219bc2ed98a7cbd9993bbee4be5555e3dc94cc1e0f909923bfa6,200000,20260717T134222171980Z,1111,mask_fragment-n200000-w256-m0900-s1111
mask_fragment,86a3c5594a7b0bd7b33efe4c4ffaf5dc0aa17226,late_mask_fragment,256,763.4697000030428,51200000,0.9,180000,0,sha256:18bd7fb3b6d02ff88c53bf4a74124c631590d7e276f031a9034dc7f9cb857902,6,sha256:16baacf9e125219bc2ed98a7cbd9993bbee4be5555e3dc94cc1e0f909923bfa6,200000,20260717T134222171980Z,1111,mask_fragment-n200000-w256-m0900-s1111
mask_fragment,86a3c5594a7b0bd7b33efe4c4ffaf5dc0aa17226,early_mask_fragment,256,931.8809999967925,51200000,0.9,180000,1,sha256:1a43e0ddf8cc02438cc76d27ba1cce86da34109d2e43dcc8ed7c9d581b95b39d,6,sha256:16baacf9e125219bc2ed98a7cbd9993bbee4be5555e3dc94cc1e0f909923bfa6,200000,20260717T134222171980Z,1111,mask_fragment-n200000-w256-m0900-s1111
mask_fragment,86a3c5594a7b0bd7b33efe4c4ffaf5dc0aa17226,early_mask_fragment,256,880.5418999982066,51200000,0.9,180000,0,sha256:1a43e0ddf8cc02438cc76d27ba1cce86da34109d2e43dcc8ed7c9d581b95b39d,7,sha256:16baacf9e125219bc2ed98a7cbd9993bbee4be5555e3dc94cc1e0f909923bfa6,200000,20260717T134222171980Z,1111,mask_fragment-n200000-w256-m0900-s1111
mask_fragment,86a3c5594a7b0bd7b33efe4c4ffaf5dc0aa17226,late_mask_fragment,256,935.151300043799,51200000,0.9,180000,1,sha256:18bd7fb3b6d02ff88c53bf4a74124c631590d7e276f031a9034dc7f9cb857902,7,sha256:16baacf9e125219bc2ed98a7cbd9993bbee4be5555e3dc94cc1e0f909923bfa6,200000,20260717T134222171980Z,1111,mask_fragment-n200000-w256-m0900-s1111
mask_fragment,86a3c5594a7b0bd7b33efe4c4ffaf5dc0aa17226,late_mask_fragment,256,804.3651999905705,51200000,0.9,180000,0,sha256:18bd7fb3b6d02ff88c53bf4a74124c631590d7e276f031a9034dc7f9cb857902,8,sha256:16baacf9e125219bc2ed98a7cbd9993bbee4be5555e3dc94cc1e0f909923bfa6,200000,20260717T134222171980Z,1111,mask_fragment-n200000-w256-m0900-s1111
mask_fragment,86a3c5594a7b0bd7b33efe4c4ffaf5dc0aa17226,early_mask_fragment,256,757.4036999722011,51200000,0.9,180000,1,sha256:1a43e0ddf8cc02438cc76d27ba1cce86da34109d2e43dcc8ed7c9d581b95b39d,8,sha256:16baacf9e125219bc2ed98a7cbd9993bbee4be5555e3dc94cc1e0f909923bfa6,200000,20260717T134222171980Z,1111,mask_fragment-n200000-w256-m0900-s1111
mask_fragment,86a3c5594a7b0bd7b33efe4c4ffaf5dc0aa17226,early_mask_fragment,256,840.6618000008166,51200000,0.9,180000,0,sha256:1a43e0ddf8cc02438cc76d27ba1cce86da34109d2e43dcc8ed7c9d581b95b39d,9,sha256:16baacf9e125219bc2ed98a7cbd9993bbee4be5555e3dc94cc1e0f909923bfa6,200000,20260717T134222171980Z,1111,mask_fragment-n200000-w256-m0900-s1111
mask_fragment,86a3c5594a7b0bd7b33efe4c4ffaf5dc0aa17226,late_mask_fragment,256,753.1756000244059,51200000,0.9,180000,1,sha256:18bd7fb3b6d02ff88c53bf4a74124c631590d7e276f031a9034dc7f9cb857902,9,sha256:16baacf9e125219bc2ed98a7cbd9993bbee4be5555e3dc94cc1e0f909923bfa6,200000,20260717T134222171980Z,1111,mask_fragment-n200000-w256-m0900-s1111
mask_fragment,86a3c5594a7b0bd7b33efe4c4ffaf5dc0aa17226,late_mask_fragment,256,950.301299977582,51200000,0.9,180000,0,sha256:18bd7fb3b6d02ff88c53bf4a74124c631590d7e276f031a9034dc7f9cb857902,10,sha256:16baacf9e125219bc2ed98a7cbd9993bbee4be5555e3dc94cc1e0f909923bfa6,200000,20260717T134222171980Z,1111,mask_fragment-n200000-w256-m0900-s1111
mask_fragment,86a3c5594a7b0bd7b33efe4c4ffaf5dc0aa17226,early_mask_fragment,256,1799.271999974735,51200000,0.9,180000,1,sha256:1a43e0ddf8cc02438cc76d27ba1cce86da34109d2e43dcc8ed7c9d581b95b39d,10,sha256:16baacf9e125219bc2ed98a7cbd9993bbee4be5555e3dc94cc1e0f909923bfa6,200000,20260717T134222171980Z,1111,mask_fragment-n200000-w256-m0900-s1111
mask_fragment,86a3c5594a7b0bd7b33efe4c4ffaf5dc0aa17226,early_mask_fragment,256,781.3134000170976,51200000,0.9,180000,0,sha256:1a43e0ddf8cc02438cc76d27ba1cce86da34109d2e43dcc8ed7c9d581b95b39d,11,sha256:16baacf9e125219bc2ed98a7cbd9993bbee4be5555e3dc94cc1e0f909923bfa6,200000,20260717T134222171980Z,1111,mask_fragment-n200000-w256-m0900-s1111
mask_fragment,86a3c5594a7b0bd7b33efe4c4ffaf5dc0aa17226,late_mask_fragment,256,788.0225999979302,51200000,0.9,180000,1,sha256:18bd7fb3b6d02ff88c53bf4a74124c631590d7e276f031a9034dc7f9cb857902,11,sha256:16baacf9e125219bc2ed98a7cbd9993bbee4be5555e3dc94cc1e0f909923bfa6,200000,20260717T134222171980Z,1111,mask_fragment-n200000-w256-m0900-s1111
mask_fragment,86a3c5594a7b0bd7b33efe4c4ffaf5dc0aa17226,late_mask_fragment,256,897.085300006438,51200000,0.9,180000,0,sha256:18bd7fb3b6d02ff88c53bf4a74124c631590d7e276f031a9034dc7f9cb857902,12,sha256:16baacf9e125219bc2ed98a7cbd9993bbee4be5555e3dc94cc1e0f909923bfa6,200000,20260717T134222171980Z,1111,mask_fragment-n200000-w256-m0900-s1111
mask_fragment,86a3c5594a7b0bd7b33efe4c4ffaf5dc0aa17226,early_mask_fragment,256,829.6672999858856,51200000,0.9,180000,1,sha256:1a43e0ddf8cc02438cc76d27ba1cce86da34109d2e43dcc8ed7c9d581b95b39d,12,sha256:16baacf9e125219bc2ed98a7cbd9993bbee4be5555e3dc94cc1e0f909923bfa6,200000,20260717T134222171980Z,1111,mask_fragment-n200000-w256-m0900-s1111
mask_fragment,86a3c5594a7b0bd7b33efe4c4ffaf5dc0aa17226,early_mask_fragment,256,876.6481999773532,51200000,0.9,180000,0,sha256:1a43e0ddf8cc02438cc76d27ba1cce86da34109d2e43dcc8ed7c9d581b95b39d,13,sha256:16baacf9e125219bc2ed98a7cbd9993bbee4be5555e3dc94cc1e0f909923bfa6,200000,20260717T134222171980Z,1111,mask_fragment-n200000-w256-m0900-s1111
mask_fragment,86a3c5594a7b0bd7b33efe4c4ffaf5dc0aa17226,late_mask_fragment,256,979.0624000015669,51200000,0.9,180000,1,sha256:18bd7fb3b6d02ff88c53bf4a74124c631590d7e276f031a9034dc7f9cb857902,13,sha256:16baacf9e125219bc2ed98a7cbd9993bbee4be5555e3dc94cc1e0f909923bfa6,200000,20260717T134222171980Z,1111,mask_fragment-n200000-w256-m0900-s1111
mask_fragment,86a3c5594a7b0bd7b33efe4c4ffaf5dc0aa17226,late_mask_fragment,256,1036.6238999995403,51200000,0.9,180000,0,sha256:18bd7fb3b6d02ff88c53bf4a74124c631590d7e276f031a9034dc7f9cb857902,14,sha256:16baacf9e125219bc2ed98a7cbd9993bbee4be5555e3dc94cc1e0f909923bfa6,200000,20260717T134222171980Z,1111,mask_fragment-n200000-w256-m0900-s1111
mask_fragment,86a3c5594a7b0bd7b33efe4c4ffaf5dc0aa17226,early_mask_fragment,256,1041.6995999985375,51200000,0.9,180000,1,sha256:1a43e0ddf8cc02438cc76d27ba1cce86da34109d2e43dcc8ed7c9d581b95b39d,14,sha256:16baacf9e125219bc2ed98a7cbd9993bbee4be5555e3dc94cc1e0f909923bfa6,200000,20260717T134222171980Z,1111,mask_fragment-n200000-w256-m0900-s1111
mask_fragment,86a3c5594a7b0bd7b33efe4c4ffaf5dc0aa17226,late_mask_fragment,256,1002.2147999843583,51200000,0.9,180000,0,sha256:18bd7fb3b6d02ff88c53bf4a74124c631590d7e276f031a9034dc7f9cb857902,0,sha256:98d221dced5d36d029bb084d62ac197cddc6b42d7750dcdd827d85e99f90e02e,200000,20260717T134222171980Z,1222,mask_fragment-n200000-w256-m0900-s1222
mask_fragment,86a3c5594a7b0bd7b33efe4c4ffaf5dc0aa17226,early_mask_fragment,256,948.1649000081234,51200000,0.9,180000,1,sha256:1a43e0ddf8cc02438cc76d27ba1cce86da34109d2e43dcc8ed7c9d581b95b39d,0,sha256:98d221dced5d36d029bb084d62ac197cddc6b42d7750dcdd827d85e99f90e02e,200000,20260717T134222171980Z,1222,mask_fragment-n200000-w256-m0900-s1222
mask_fragment,86a3c5594a7b0bd7b33efe4c4ffaf5dc0aa17226,early_mask_fragment,256,1236.0881000058725,51200000,0.9,180000,0,sha256:1a43e0ddf8cc02438cc76d27ba1cce86da34109d2e43dcc8ed7c9d581b95b39d,1,sha256:98d221dced5d36d029bb084d62ac197cddc6b42d7750dcdd827d85e99f90e02e,200000,20260717T134222171980Z,1222,mask_fragment-n200000-w256-m0900-s1222
mask_fragment,86a3c5594a7b0bd7b33efe4c4ffaf5dc0aa17226,late_mask_fragment,256,851.8763000029139,51200000,0.9,180000,1,sha256:18bd7fb3b6d02ff88c53bf4a74124c631590d7e276f031a9034dc7f9cb857902,1,sha256:98d221dced5d36d029bb084d62ac197cddc6b42d7750dcdd827d85e99f90e02e,200000,20260717T134222171980Z,1222,mask_fragment-n200000-w256-m0900-s1222
mask_fragment,86a3c5594a7b0bd7b33efe4c4ffaf5dc0aa17226,late_mask_fragment,256,1870.0528999906965,51200000,0.9,180000,0,sha256:18bd7fb3b6d02ff88c53bf4a74124c631590d7e276f031a9034dc7f9cb857902,2,sha256:98d221dced5d36d029bb084d62ac197cddc6b42d7750dcdd827d85e99f90e02e,200000,20260717T134222171980Z,1222,mask_fragment-n200000-w256-m0900-s1222
mask_fragment,86a3c5594a7b0bd7b33efe4c4ffaf5dc0aa17226,early_mask_fragment,256,1757.6503999880515,51200000,0.9,180000,1,sha256:1a43e0ddf8cc02438cc76d27ba1cce86da34109d2e43dcc8ed7c9d581b95b39d,2,sha256:98d221dced5d36d029bb084d62ac197cddc6b42d7750dcdd827d85e99f90e02e,200000,20260717T134222171980Z,1222,mask_fragment-n200000-w256-m0900-s1222
mask_fragment,86a3c5594a7b0bd7b33efe4c4ffaf5dc0aa17226,early_mask_fragment,256,1798.8146000425331,51200000,0.9,180000,0,sha256:1a43e0ddf8cc02438cc76d27ba1cce86da34109d2e43dcc8ed7c9d581b95b39d,3,sha256:98d221dced5d36d029bb084d62ac197cddc6b42d7750dcdd827d85e99f90e02e,200000,20260717T134222171980Z,1222,mask_fragment-n200000-w256-m0900-s1222
mask_fragment,86a3c5594a7b0bd7b33efe4c4ffaf5dc0aa17226,late_mask_fragment,256,1862.5620999955572,51200000,0.9,180000,1,sha256:18bd7fb3b6d02ff88c53bf4a74124c631590d7e276f031a9034dc7f9cb857902,3,sha256:98d221dced5d36d029bb084d62ac197cddc6b42d7750dcdd827d85e99f90e02e,200000,20260717T134222171980Z,1222,mask_fragment-n200000-w256-m0900-s1222
mask_fragment,86a3c5594a7b0bd7b33efe4c4ffaf5dc0aa17226,late_mask_fragment,256,842.6864999928512,51200000,0.9,180000,0,sha256:18bd7fb3b6d02ff88c53bf4a74124c631590d7e276f031a9034dc7f9cb857902,4,sha256:98d221dced5d36d029bb084d62ac197cddc6b42d7750dcdd827d85e99f90e02e,200000,20260717T134222171980Z,1222,mask_fragment-n200000-w256-m0900-s1222
mask_fragment,86a3c5594a7b0bd7b33efe4c4ffaf5dc0aa17226,early_mask_fragment,256,1790.416700008791,51200000,0.9,180000,1,sha256:1a43e0ddf8cc02438cc76d27ba1cce86da34109d2e43dcc8ed7c9d581b95b39d,4,sha256:98d221dced5d36d029bb084d62ac197cddc6b42d7750dcdd827d85e99f90e02e,200000,20260717T134222171980Z,1222,mask_fragment-n200000-w256-m0900-s1222
mask_fragment,86a3c5594a7b0bd7b33efe4c4ffaf5dc0aa17226,early_mask_fragment,256,1229.9813000136055,51200000,0.9,180000,0,sha256:1a43e0ddf8cc02438cc76d27ba1cce86da34109d2e43dcc8ed7c9d581b95b39d,5,sha256:98d221dced5d36d029bb084d62ac197cddc6b42d7750dcdd827d85e99f90e02e,200000,20260717T134222171980Z,1222,mask_fragment-n200000-w256-m0900-s1222
mask_fragment,86a3c5594a7b0bd7b33efe4c4ffaf5dc0aa17226,late_mask_fragment,256,1815.0522999931127,51200000,0.9,180000,1,sha256:18bd7fb3b6d02ff88c53bf4a74124c631590d7e276f031a9034dc7f9cb857902,5,sha256:98d221dced5d36d029bb084d62ac197cddc6b42d7750dcdd827d85e99f90e02e,200000,20260717T134222171980Z,1222,mask_fragment-n200000-w256-m0900-s1222
mask_fragment,86a3c5594a7b0bd7b33efe4c4ffaf5dc0aa17226,late_mask_fragment,256,1821.6532999649644,51200000,0.9,180000,0,sha256:18bd7fb3b6d02ff88c53bf4a74124c631590d7e276f031a9034dc7f9cb857902,6,sha256:98d221dced5d36d029bb084d62ac197cddc6b42d7750dcdd827d85e99f90e02e,200000,20260717T134222171980Z,1222,mask_fragment-n200000-w256-m0900-s1222
mask_fragment,86a3c5594a7b0bd7b33efe4c4ffaf5dc0aa17226,early_mask_fragment,256,858.7417000089772,51200000,0.9,180000,1,sha256:1a43e0ddf8cc02438cc76d27ba1cce86da34109d2e43dcc8ed7c9d581b95b39d,6,sha256:98d221dced5d36d029bb084d62ac197cddc6b42d7750dcdd827d85e99f90e02e,200000,20260717T134222171980Z,1222,mask_fragment-n200000-w256-m0900-s1222
mask_fragment,86a3c5594a7b0bd7b33efe4c4ffaf5dc0aa17226,early_mask_fragment,256,1986.5675000473857,51200000,0.9,180000,0,sha256:1a43e0ddf8cc02438cc76d27ba1cce86da34109d2e43dcc8ed7c9d581b95b39d,7,sha256:98d221dced5d36d029bb084d62ac197cddc6b42d7750dcdd827d85e99f90e02e,200000,20260717T134222171980Z,1222,mask_fragment-n200000-w256-m0900-s1222
mask_fragment,86a3c5594a7b0bd7b33efe4c4ffaf5dc0aa17226,late_mask_fragment,256,1085.8601999934763,51200000,0.9,180000,1,sha256:18bd7fb3b6d02ff88c53bf4a74124c631590d7e276f031a9034dc7f9cb857902,7,sha256:98d221dced5d36d029bb084d62ac197cddc6b42d7750dcdd827d85e99f90e02e,200000,20260717T134222171980Z,1222,mask_fragment-n200000-w256-m0900-s1222
mask_fragment,86a3c5594a7b0bd7b33efe4c4ffaf5dc0aa17226,late_mask_fragment,256,1122.195300005842,51200000,0.9,180000,0,sha256:18bd7fb3b6d02ff88c53bf4a74124c631590d7e276f031a9034dc7f9cb857902,8,sha256:98d221dced5d36d029bb084d62ac197cddc6b42d7750dcdd827d85e99f90e02e,200000,20260717T134222171980Z,1222,mask_fragment-n200000-w256-m0900-s1222
mask_fragment,86a3c5594a7b0bd7b33efe4c4ffaf5dc0aa17226,early_mask_fragment,256,1943.6108999652788,51200000,0.9,180000,1,sha256:1a43e0ddf8cc02438cc76d27ba1cce86da34109d2e43dcc8ed7c9d581b95b39d,8,sha256:98d221dced5d36d029bb084d62ac197cddc6b42d7750dcdd827d85e99f90e02e,200000,20260717T134222171980Z,1222,mask_fragment-n200000-w256-m0900-s1222
mask_fragment,86a3c5594a7b0bd7b33efe4c4ffaf5dc0aa17226,early_mask_fragment,256,1226.0859999805689,51200000,0.9,180000,0,sha256:1a43e0ddf8cc02438cc76d27ba1cce86da34109d2e43dcc8ed7c9d581b95b39d,9,sha256:98d221dced5d36d029bb084d62ac197cddc6b42d7750dcdd827d85e99f90e02e,200000,20260717T134222171980Z,1222,mask_fragment-n200000-w256-m0900-s1222
mask_fragment,86a3c5594a7b0bd7b33efe4c4ffaf5dc0aa17226,late_mask_fragment,256,838.5434000520036,51200000,0.9,180000,1,sha256:18bd7fb3b6d02ff88c53bf4a74124c631590d7e276f031a9034dc7f9cb857902,9,sha256:98d221dced5d36d029bb084d62ac197cddc6b42d7750dcdd827d85e99f90e02e,200000,20260717T134222171980Z,1222,mask_fragment-n200000-w256-m0900-s1222
mask_fragment,86a3c5594a7b0bd7b33efe4c4ffaf5dc0aa17226,late_mask_fragment,256,756.7721999948844,51200000,0.9,180000,0,sha256:18bd7fb3b6d02ff88c53bf4a74124c631590d7e276f031a9034dc7f9cb857902,10,sha256:98d221dced5d36d029bb084d62ac197cddc6b42d7750dcdd827d85e99f90e02e,200000,20260717T134222171980Z,1222,mask_fragment-n200000-w256-m0900-s1222
mask_fragment,86a3c5594a7b0bd7b33efe4c4ffaf5dc0aa17226,early_mask_fragment,256,1825.3744999528863,51200000,0.9,180000,1,sha256:1a43e0ddf8cc02438cc76d27ba1cce86da34109d2e43dcc8ed7c9d581b95b39d,10,sha256:98d221dced5d36d029bb084d62ac197cddc6b42d7750dcdd827d85e99f90e02e,200000,20260717T134222171980Z,1222,mask_fragment-n200000-w256-m0900-s1222
mask_fragment,86a3c5594a7b0bd7b33efe4c4ffaf5dc0aa17226,early_mask_fragment,256,793.2783999713138,51200000,0.9,180000,0,sha256:1a43e0ddf8cc02438cc76d27ba1cce86da34109d2e43dcc8ed7c9d581b95b39d,11,sha256:98d221dced5d36d029bb084d62ac197cddc6b42d7750dcdd827d85e99f90e02e,200000,20260717T134222171980Z,1222,mask_fragment-n200000-w256-m0900-s1222
mask_fragment,86a3c5594a7b0bd7b33efe4c4ffaf5dc0aa17226,late_mask_fragment,256,1817.2769999946468,51200000,0.9,180000,1,sha256:18bd7fb3b6d02ff88c53bf4a74124c631590d7e276f031a9034dc7f9cb857902,11,sha256:98d221dced5d36d029bb084d62ac197cddc6b42d7750dcdd827d85e99f90e02e,200000,20260717T134222171980Z,1222,mask_fragment-n200000-w256-m0900-s1222
mask_fragment,86a3c5594a7b0bd7b33efe4c4ffaf5dc0aa17226,late_mask_fragment,256,862.3742999625392,51200000,0.9,180000,0,sha256:18bd7fb3b6d02ff88c53bf4a74124c631590d7e276f031a9034dc7f9cb857902,12,sha256:98d221dced5d36d029bb084d62ac197cddc6b42d7750dcdd827d85e99f90e02e,200000,20260717T134222171980Z,1222,mask_fragment-n200000-w256-m0900-s1222
mask_fragment,86a3c5594a7b0bd7b33efe4c4ffaf5dc0aa17226,early_mask_fragment,256,1197.6353999925777,51200000,0.9,180000,1,sha256:1a43e0ddf8cc02438cc76d27ba1cce86da34109d2e43dcc8ed7c9d581b95b39d,12,sha256:98d221dced5d36d029bb084d62ac197cddc6b42d7750dcdd827d85e99f90e02e,200000,20260717T134222171980Z,1222,mask_fragment-n200000-w256-m0900-s1222
mask_fragment,86a3c5594a7b0bd7b33efe4c4ffaf5dc0aa17226,early_mask_fragment,256,1222.4985000211746,51200000,0.9,180000,0,sha256:1a43e0ddf8cc02438cc76d27ba1cce86da34109d2e43dcc8ed7c9d581b95b39d,13,sha256:98d221dced5d36d029bb084d62ac197cddc6b42d7750dcdd827d85e99f90e02e,200000,20260717T134222171980Z,1222,mask_fragment-n200000-w256-m0900-s1222
mask_fragment,86a3c5594a7b0bd7b33efe4c4ffaf5dc0aa17226,late_mask_fragment,256,753.0545999761671,51200000,0.9,180000,1,sha256:18bd7fb3b6d02ff88c53bf4a74124c631590d7e276f031a9034dc7f9cb857902,13,sha256:98d221dced5d36d029bb084d62ac197cddc6b42d7750dcdd827d85e99f90e02e,200000,20260717T134222171980Z,1222,mask_fragment-n200000-w256-m0900-s1222
mask_fragment,86a3c5594a7b0bd7b33efe4c4ffaf5dc0aa17226,late_mask_fragment,256,857.8462000004947,51200000,0.9,180000,0,sha256:18bd7fb3b6d02ff88c53bf4a74124c631590d7e276f031a9034dc7f9cb857902,14,sha256:98d221dced5d36d029bb084d62ac197cddc6b42d7750dcdd827d85e99f90e02e,200000,20260717T134222171980Z,1222,mask_fragment-n200000-w256-m0900-s1222
mask_fragment,86a3c5594a7b0bd7b33efe4c4ffaf5dc0aa17226,early_mask_fragment,256,833.0595000297762,51200000,0.9,180000,1,sha256:1a43e0ddf8cc02438cc76d27ba1cce86da34109d2e43dcc8ed7c9d581b95b39d,14,sha256:98d221dced5d36d029bb084d62ac197cddc6b42d7750dcdd827d85e99f90e02e,200000,20260717T134222171980Z,1222,mask_fragment-n200000-w256-m0900-s1222
mask_fragment,86a3c5594a7b0bd7b33efe4c4ffaf5dc0aa17226,early_mask_fragment,256,832.9301999765448,51200000,0.9,180000,0,sha256:1a43e0ddf8cc02438cc76d27ba1cce86da34109d2e43dcc8ed7c9d581b95b39d,0,sha256:31f032b28fdb011b0b38773de1a71f0f911e3c1a1d1beca8b290338e2010c630,200000,20260717T134222171980Z,1333,mask_fragment-n200000-w256-m0900-s1333
mask_fragment,86a3c5594a7b0bd7b33efe4c4ffaf5dc0aa17226,late_mask_fragment,256,926.6394999576733,51200000,0.9,180000,1,sha256:18bd7fb3b6d02ff88c53bf4a74124c631590d7e276f031a9034dc7f9cb857902,0,sha256:31f032b28fdb011b0b38773de1a71f0f911e3c1a1d1beca8b290338e2010c630,200000,20260717T134222171980Z,1333,mask_fragment-n200000-w256-m0900-s1333
mask_fragment,86a3c5594a7b0bd7b33efe4c4ffaf5dc0aa17226,late_mask_fragment,256,1005.2928000222892,51200000,0.9,180000,0,sha256:18bd7fb3b6d02ff88c53bf4a74124c631590d7e276f031a9034dc7f9cb857902,1,sha256:31f032b28fdb011b0b38773de1a71f0f911e3c1a1d1beca8b290338e2010c630,200000,20260717T134222171980Z,1333,mask_fragment-n200000-w256-m0900-s1333
mask_fragment,86a3c5594a7b0bd7b33efe4c4ffaf5dc0aa17226,early_mask_fragment,256,1174.529000010807,51200000,0.9,180000,1,sha256:1a43e0ddf8cc02438cc76d27ba1cce86da34109d2e43dcc8ed7c9d581b95b39d,1,sha256:31f032b28fdb011b0b38773de1a71f0f911e3c1a1d1beca8b290338e2010c630,200000,20260717T134222171980Z,1333,mask_fragment-n200000-w256-m0900-s1333
mask_fragment,86a3c5594a7b0bd7b33efe4c4ffaf5dc0aa17226,early_mask_fragment,256,995.7942999899387,51200000,0.9,180000,0,sha256:1a43e0ddf8cc02438cc76d27ba1cce86da34109d2e43dcc8ed7c9d581b95b39d,2,sha256:31f032b28fdb011b0b38773de1a71f0f911e3c1a1d1beca8b290338e2010c630,200000,20260717T134222171980Z,1333,mask_fragment-n200000-w256-m0900-s1333
mask_fragment,86a3c5594a7b0bd7b33efe4c4ffaf5dc0aa17226,late_mask_fragment,256,938.4487000061199,51200000,0.9,180000,1,sha256:18bd7fb3b6d02ff88c53bf4a74124c631590d7e276f031a9034dc7f9cb857902,2,sha256:31f032b28fdb011b0b38773de1a71f0f911e3c1a1d1beca8b290338e2010c630,200000,20260717T134222171980Z,1333,mask_fragment-n200000-w256-m0900-s1333
mask_fragment,86a3c5594a7b0bd7b33efe4c4ffaf5dc0aa17226,late_mask_fragment,256,803.8249000092037,51200000,0.9,180000,0,sha256:18bd7fb3b6d02ff88c53bf4a74124c631590d7e276f031a9034dc7f9cb857902,3,sha256:31f032b28fdb011b0b38773de1a71f0f911e3c1a1d1beca8b290338e2010c630,200000,20260717T134222171980Z,1333,mask_fragment-n200000-w256-m0900-s1333
mask_fragment,86a3c5594a7b0bd7b33efe4c4ffaf5dc0aa17226,early_mask_fragment,256,721.2507999502122,51200000,0.9,180000,1,sha256:1a43e0ddf8cc02438cc76d27ba1cce86da34109d2e43dcc8ed7c9d581b95b39d,3,sha256:31f032b28fdb011b0b38773de1a71f0f911e3c1a1d1beca8b290338e2010c630,200000,20260717T134222171980Z,1333,mask_fragment-n200000-w256-m0900-s1333
mask_fragment,86a3c5594a7b0bd7b33efe4c4ffaf5dc0aa17226,early_mask_fragment,256,716.7151999892667,51200000,0.9,180000,0,sha256:1a43e0ddf8cc02438cc76d27ba1cce86da34109d2e43dcc8ed7c9d581b95b39d,4,sha256:31f032b28fdb011b0b38773de1a71f0f911e3c1a1d1beca8b290338e2010c630,200000,20260717T134222171980Z,1333,mask_fragment-n200000-w256-m0900-s1333
mask_fragment,86a3c5594a7b0bd7b33efe4c4ffaf5dc0aa17226,late_mask_fragment,256,748.5971999703906,51200000,0.9,180000,1,sha256:18bd7fb3b6d02ff88c53bf4a74124c631590d7e276f031a9034dc7f9cb857902,4,sha256:31f032b28fdb011b0b38773de1a71f0f911e3c1a1d1beca8b290338e2010c630,200000,20260717T134222171980Z,1333,mask_fragment-n200000-w256-m0900-s1333
mask_fragment,86a3c5594a7b0bd7b33efe4c4ffaf5dc0aa17226,late_mask_fragment,256,766.7086999863386,51200000,0.9,180000,0,sha256:18bd7fb3b6d02ff88c53bf4a74124c631590d7e276f031a9034dc7f9cb857902,5,sha256:31f032b28fdb011b0b38773de1a71f0f911e3c1a1d1beca8b290338e2010c630,200000,20260717T134222171980Z,1333,mask_fragment-n200000-w256-m0900-s1333
mask_fragment,86a3c5594a7b0bd7b33efe4c4ffaf5dc0aa17226,early_mask_fragment,256,735.1238999981433,51200000,0.9,180000,1,sha256:1a43e0ddf8cc02438cc76d27ba1cce86da34109d2e43dcc8ed7c9d581b95b39d,5,sha256:31f032b28fdb011b0b38773de1a71f0f911e3c1a1d1beca8b290338e2010c630,200000,20260717T134222171980Z,1333,mask_fragment-n200000-w256-m0900-s1333
mask_fragment,86a3c5594a7b0bd7b33efe4c4ffaf5dc0aa17226,early_mask_fragment,256,769.6867999620736,51200000,0.9,180000,0,sha256:1a43e0ddf8cc02438cc76d27ba1cce86da34109d2e43dcc8ed7c9d581b95b39d,6,sha256:31f032b28fdb011b0b38773de1a71f0f911e3c1a1d1beca8b290338e2010c630,200000,20260717T134222171980Z,1333,mask_fragment-n200000-w256-m0900-s1333
mask_fragment,86a3c5594a7b0bd7b33efe4c4ffaf5dc0aa17226,late_mask_fragment,256,781.1068999581039,51200000,0.9,180000,1,sha256:18bd7fb3b6d02ff88c53bf4a74124c631590d7e276f031a9034dc7f9cb857902,6,sha256:31f032b28fdb011b0b38773de1a71f0f911e3c1a1d1beca8b290338e2010c630,200000,20260717T134222171980Z,1333,mask_fragment-n200000-w256-m0900-s1333
mask_fragment,86a3c5594a7b0bd7b33efe4c4ffaf5dc0aa17226,late_mask_fragment,256,865.6463999650441,51200000,0.9,180000,0,sha256:18bd7fb3b6d02ff88c53bf4a74124c631590d7e276f031a9034dc7f9cb857902,7,sha256:31f032b28fdb011b0b38773de1a71f0f911e3c1a1d1beca8b290338e2010c630,200000,20260717T134222171980Z,1333,mask_fragment-n200000-w256-m0900-s1333
mask_fragment,86a3c5594a7b0bd7b33efe4c4ffaf5dc0aa17226,early_mask_fragment,256,695.5467000370845,51200000,0.9,180000,1,sha256:1a43e0ddf8cc02438cc76d27ba1cce86da34109d2e43dcc8ed7c9d581b95b39d,7,sha256:31f032b28fdb011b0b38773de1a71f0f911e3c1a1d1beca8b290338e2010c630,200000,20260717T134222171980Z,1333,mask_fragment-n200000-w256-m0900-s1333
mask_fragment,86a3c5594a7b0bd7b33efe4c4ffaf5dc0aa17226,early_mask_fragment,256,725.5642999662086,51200000,0.9,180000,0,sha256:1a43e0ddf8cc02438cc76d27ba1cce86da34109d2e43dcc8ed7c9d581b95b39d,8,sha256:31f032b28fdb011b0b38773de1a71f0f911e3c1a1d1beca8b290338e2010c630,200000,20260717T134222171980Z,1333,mask_fragment-n200000-w256-m0900-s1333
mask_fragment,86a3c5594a7b0bd7b33efe4c4ffaf5dc0aa17226,late_mask_fragment,256,831.0471000149846,51200000,0.9,180000,1,sha256:18bd7fb3b6d02ff88c53bf4a74124c631590d7e276f031a9034dc7f9cb857902,8,sha256:31f032b28fdb011b0b38773de1a71f0f911e3c1a1d1beca8b290338e2010c630,200000,20260717T134222171980Z,1333,mask_fragment-n200000-w256-m0900-s1333
mask_fragment,86a3c5594a7b0bd7b33efe4c4ffaf5dc0aa17226,late_mask_fragment,256,794.5103000383824,51200000,0.9,180000,0,sha256:18bd7fb3b6d02ff88c53bf4a74124c631590d7e276f031a9034dc7f9cb857902,9,sha256:31f032b28fdb011b0b38773de1a71f0f911e3c1a1d1beca8b290338e2010c630,200000,20260717T134222171980Z,1333,mask_fragment-n200000-w256-m0900-s1333
mask_fragment,86a3c5594a7b0bd7b33efe4c4ffaf5dc0aa17226,early_mask_fragment,256,807.0462999748997,51200000,0.9,180000,1,sha256:1a43e0ddf8cc02438cc76d27ba1cce86da34109d2e43dcc8ed7c9d581b95b39d,9,sha256:31f032b28fdb011b0b38773de1a71f0f911e3c1a1d1beca8b290338e2010c630,200000,20260717T134222171980Z,1333,mask_fragment-n200000-w256-m0900-s1333
mask_fragment,86a3c5594a7b0bd7b33efe4c4ffaf5dc0aa17226,early_mask_fragment,256,719.8624000302516,51200000,0.9,180000,0,sha256:1a43e0ddf8cc02438cc76d27ba1cce86da34109d2e43dcc8ed7c9d581b95b39d,10,sha256:31f032b28fdb011b0b38773de1a71f0f911e3c1a1d1beca8b290338e2010c630,200000,20260717T134222171980Z,1333,mask_fragment-n200000-w256-m0900-s1333
mask_fragment,86a3c5594a7b0bd7b33efe4c4ffaf5dc0aa17226,late_mask_fragment,256,785.618300025817,51200000,0.9,180000,1,sha256:18bd7fb3b6d02ff88c53bf4a74124c631590d7e276f031a9034dc7f9cb857902,10,sha256:31f032b28fdb011b0b38773de1a71f0f911e3c1a1d1beca8b290338e2010c630,200000,20260717T134222171980Z,1333,mask_fragment-n200000-w256-m0900-s1333
mask_fragment,86a3c5594a7b0bd7b33efe4c4ffaf5dc0aa17226,late_mask_fragment,256,744.208499963861,51200000,0.9,180000,0,sha256:18bd7fb3b6d02ff88c53bf4a74124c631590d7e276f031a9034dc7f9cb857902,11,sha256:31f032b28fdb011b0b38773de1a71f0f911e3c1a1d1beca8b290338e2010c630,200000,20260717T134222171980Z,1333,mask_fragment-n200000-w256-m0900-s1333
mask_fragment,86a3c5594a7b0bd7b33efe4c4ffaf5dc0aa17226,early_mask_fragment,256,722.8143999818712,51200000,0.9,180000,1,sha256:1a43e0ddf8cc02438cc76d27ba1cce86da34109d2e43dcc8ed7c9d581b95b39d,11,sha256:31f032b28fdb011b0b38773de1a71f0f911e3c1a1d1beca8b290338e2010c630,200000,20260717T134222171980Z,1333,mask_fragment-n200000-w256-m0900-s1333
mask_fragment,86a3c5594a7b0bd7b33efe4c4ffaf5dc0aa17226,early_mask_fragment,256,742.0979000162333,51200000,0.9,180000,0,sha256:1a43e0ddf8cc02438cc76d27ba1cce86da34109d2e43dcc8ed7c9d581b95b39d,12,sha256:31f032b28fdb011b0b38773de1a71f0f911e3c1a1d1beca8b290338e2010c630,200000,20260717T134222171980Z,1333,mask_fragment-n200000-w256-m0900-s1333
mask_fragment,86a3c5594a7b0bd7b33efe4c4ffaf5dc0aa17226,late_mask_fragment,256,868.9232000033371,51200000,0.9,180000,1,sha256:18bd7fb3b6d02ff88c53bf4a74124c631590d7e276f031a9034dc7f9cb857902,12,sha256:31f032b28fdb011b0b38773de1a71f0f911e3c1a1d1beca8b290338e2010c630,200000,20260717T134222171980Z,1333,mask_fragment-n200000-w256-m0900-s1333
mask_fragment,86a3c5594a7b0bd7b33efe4c4ffaf5dc0aa17226,late_mask_fragment,256,758.7027999688871,51200000,0.9,180000,0,sha256:18bd7fb3b6d02ff88c53bf4a74124c631590d7e276f031a9034dc7f9cb857902,13,sha256:31f032b28fdb011b0b38773de1a71f0f911e3c1a1d1beca8b290338e2010c630,200000,20260717T134222171980Z,1333,mask_fragment-n200000-w256-m0900-s1333
mask_fragment,86a3c5594a7b0bd7b33efe4c4ffaf5dc0aa17226,early_mask_fragment,256,754.7288999776356,51200000,0.9,180000,1,sha256:1a43e0ddf8cc02438cc76d27ba1cce86da34109d2e43dcc8ed7c9d581b95b39d,13,sha256:31f032b28fdb011b0b38773de1a71f0f911e3c1a1d1beca8b290338e2010c630,200000,20260717T134222171980Z,1333,mask_fragment-n200000-w256-m0900-s1333
mask_fragment,86a3c5594a7b0bd7b33efe4c4ffaf5dc0aa17226,early_mask_fragment,256,838.3109999704175,51200000,0.9,180000,0,sha256:1a43e0ddf8cc02438cc76d27ba1cce86da34109d2e43dcc8ed7c9d581b95b39d,14,sha256:31f032b28fdb011b0b38773de1a71f0f911e3c1a1d1beca8b290338e2010c630,200000,20260717T134222171980Z,1333,mask_fragment-n200000-w256-m0900-s1333
mask_fragment,86a3c5594a7b0bd7b33efe4c4ffaf5dc0aa17226,late_mask_fragment,256,795.7509999978356,51200000,0.9,180000,1,sha256:18bd7fb3b6d02ff88c53bf4a74124c631590d7e276f031a9034dc7f9cb857902,14,sha256:31f032b28fdb011b0b38773de1a71f0f911e3c1a1d1beca8b290338e2010c630,200000,20260717T134222171980Z,1333,mask_fragment-n200000-w256-m0900-s1333
mask_fragment,86a3c5594a7b0bd7b33efe4c4ffaf5dc0aa17226,early_mask_fragment,256,1065.9919999889098,51200000,0.9,180000,0,sha256:1a43e0ddf8cc02438cc76d27ba1cce86da34109d2e43dcc8ed7c9d581b95b39d,0,sha256:ec8aa278edbb672ac163bc0ddde14db00b6b364f41f0936fcf0e204e50d3ec7e,200000,20260717T134222171980Z,1444,mask_fragment-n200000-w256-m0900-s1444
mask_fragment,86a3c5594a7b0bd7b33efe4c4ffaf5dc0aa17226,late_mask_fragment,256,938.3297000313178,51200000,0.9,180000,1,sha256:18bd7fb3b6d02ff88c53bf4a74124c631590d7e276f031a9034dc7f9cb857902,0,sha256:ec8aa278edbb672ac163bc0ddde14db00b6b364f41f0936fcf0e204e50d3ec7e,200000,20260717T134222171980Z,1444,mask_fragment-n200000-w256-m0900-s1444
mask_fragment,86a3c5594a7b0bd7b33efe4c4ffaf5dc0aa17226,late_mask_fragment,256,776.7035000142641,51200000,0.9,180000,0,sha256:18bd7fb3b6d02ff88c53bf4a74124c631590d7e276f031a9034dc7f9cb857902,1,sha256:ec8aa278edbb672ac163bc0ddde14db00b6b364f41f0936fcf0e204e50d3ec7e,200000,20260717T134222171980Z,1444,mask_fragment-n200000-w256-m0900-s1444
mask_fragment,86a3c5594a7b0bd7b33efe4c4ffaf5dc0aa17226,early_mask_fragment,256,770.0429000542499,51200000,0.9,180000,1,sha256:1a43e0ddf8cc02438cc76d27ba1cce86da34109d2e43dcc8ed7c9d581b95b39d,1,sha256:ec8aa278edbb672ac163bc0ddde14db00b6b364f41f0936fcf0e204e50d3ec7e,200000,20260717T134222171980Z,1444,mask_fragment-n200000-w256-m0900-s1444
mask_fragment,86a3c5594a7b0bd7b33efe4c4ffaf5dc0aa17226,early_mask_fragment,256,711.2578999949619,51200000,0.9,180000,0,sha256:1a43e0ddf8cc02438cc76d27ba1cce86da34109d2e43dcc8ed7c9d581b95b39d,2,sha256:ec8aa278edbb672ac163bc0ddde14db00b6b364f41f0936fcf0e204e50d3ec7e,200000,20260717T134222171980Z,1444,mask_fragment-n200000-w256-m0900-s1444
mask_fragment,86a3c5594a7b0bd7b33efe4c4ffaf5dc0aa17226,late_mask_fragment,256,726.5226999879815,51200000,0.9,180000,1,sha256:18bd7fb3b6d02ff88c53bf4a74124c631590d7e276f031a9034dc7f9cb857902,2,sha256:ec8aa278edbb672ac163bc0ddde14db00b6b364f41f0936fcf0e204e50d3ec7e,200000,20260717T134222171980Z,1444,mask_fragment-n200000-w256-m0900-s1444
mask_fragment,86a3c5594a7b0bd7b33efe4c4ffaf5dc0aa17226,late_mask_fragment,256,746.3212999864481,51200000,0.9,180000,0,sha256:18bd7fb3b6d02ff88c53bf4a74124c631590d7e276f031a9034dc7f9cb857902,3,sha256:ec8aa278edbb672ac163bc0ddde14db00b6b364f41f0936fcf0e204e50d3ec7e,200000,20260717T134222171980Z,1444,mask_fragment-n200000-w256-m0900-s1444
mask_fragment,86a3c5594a7b0bd7b33efe4c4ffaf5dc0aa17226,early_mask_fragment,256,812.1411000029184,51200000,0.9,180000,1,sha256:1a43e0ddf8cc02438cc76d27ba1cce86da34109d2e43dcc8ed7c9d581b95b39d,3,sha256:ec8aa278edbb672ac163bc0ddde14db00b6b364f41f0936fcf0e204e50d3ec7e,200000,20260717T134222171980Z,1444,mask_fragment-n200000-w256-m0900-s1444
mask_fragment,86a3c5594a7b0bd7b33efe4c4ffaf5dc0aa17226,early_mask_fragment,256,861.9589000009,51200000,0.9,180000,0,sha256:1a43e0ddf8cc02438cc76d27ba1cce86da34109d2e43dcc8ed7c9d581b95b39d,4,sha256:ec8aa278edbb672ac163bc0ddde14db00b6b364f41f0936fcf0e204e50d3ec7e,200000,20260717T134222171980Z,1444,mask_fragment-n200000-w256-m0900-s1444
mask_fragment,86a3c5594a7b0bd7b33efe4c4ffaf5dc0aa17226,late_mask_fragment,256,804.5759000233375,51200000,0.9,180000,1,sha256:18bd7fb3b6d02ff88c53bf4a74124c631590d7e276f031a9034dc7f9cb857902,4,sha256:ec8aa278edbb672ac163bc0ddde14db00b6b364f41f0936fcf0e204e50d3ec7e,200000,20260717T134222171980Z,1444,mask_fragment-n200000-w256-m0900-s1444
mask_fragment,86a3c5594a7b0bd7b33efe4c4ffaf5dc0aa17226,late_mask_fragment,256,1010.6205000192858,51200000,0.9,180000,0,sha256:18bd7fb3b6d02ff88c53bf4a74124c631590d7e276f031a9034dc7f9cb857902,5,sha256:ec8aa278edbb672ac163bc0ddde14db00b6b364f41f0936fcf0e204e50d3ec7e,200000,20260717T134222171980Z,1444,mask_fragment-n200000-w256-m0900-s1444
mask_fragment,86a3c5594a7b0bd7b33efe4c4ffaf5dc0aa17226,early_mask_fragment,256,1159.1247000033036,51200000,0.9,180000,1,sha256:1a43e0ddf8cc02438cc76d27ba1cce86da34109d2e43dcc8ed7c9d581b95b39d,5,sha256:ec8aa278edbb672ac163bc0ddde14db00b6b364f41f0936fcf0e204e50d3ec7e,200000,20260717T134222171980Z,1444,mask_fragment-n200000-w256-m0900-s1444
mask_fragment,86a3c5594a7b0bd7b33efe4c4ffaf5dc0aa17226,early_mask_fragment,256,882.2000999934971,51200000,0.9,180000,0,sha256:1a43e0ddf8cc02438cc76d27ba1cce86da34109d2e43dcc8ed7c9d581b95b39d,6,sha256:ec8aa278edbb672ac163bc0ddde14db00b6b364f41f0936fcf0e204e50d3ec7e,200000,20260717T134222171980Z,1444,mask_fragment-n200000-w256-m0900-s1444
mask_fragment,86a3c5594a7b0bd7b33efe4c4ffaf5dc0aa17226,late_mask_fragment,256,963.8142999610864,51200000,0.9,180000,1,sha256:18bd7fb3b6d02ff88c53bf4a74124c631590d7e276f031a9034dc7f9cb857902,6,sha256:ec8aa278edbb672ac163bc0ddde14db00b6b364f41f0936fcf0e204e50d3ec7e,200000,20260717T134222171980Z,1444,mask_fragment-n200000-w256-m0900-s1444
mask_fragment,86a3c5594a7b0bd7b33efe4c4ffaf5dc0aa17226,late_mask_fragment,256,1063.6445999844,51200000,0.9,180000,0,sha256:18bd7fb3b6d02ff88c53bf4a74124c631590d7e276f031a9034dc7f9cb857902,7,sha256:ec8aa278edbb672ac163bc0ddde14db00b6b364f41f0936fcf0e204e50d3ec7e,200000,20260717T134222171980Z,1444,mask_fragment-n200000-w256-m0900-s1444
mask_fragment,86a3c5594a7b0bd7b33efe4c4ffaf5dc0aa17226,early_mask_fragment,256,1011.8369000265375,51200000,0.9,180000,1,sha256:1a43e0ddf8cc02438cc76d27ba1cce86da34109d2e43dcc8ed7c9d581b95b39d,7,sha256:ec8aa278edbb672ac163bc0ddde14db00b6b364f41f0936fcf0e204e50d3ec7e,200000,20260717T134222171980Z,1444,mask_fragment-n200000-w256-m0900-s1444
mask_fragment,86a3c5594a7b0bd7b33efe4c4ffaf5dc0aa17226,early_mask_fragment,256,957.478899974376,51200000,0.9,180000,0,sha256:1a43e0ddf8cc02438cc76d27ba1cce86da34109d2e43dcc8ed7c9d581b95b39d,8,sha256:ec8aa278edbb672ac163bc0ddde14db00b6b364f41f0936fcf0e204e50d3ec7e,200000,20260717T134222171980Z,1444,mask_fragment-n200000-w256-m0900-s1444
mask_fragment,86a3c5594a7b0bd7b33efe4c4ffaf5dc0aa17226,late_mask_fragment,256,1008.271099999547,51200000,0.9,180000,1,sha256:18bd7fb3b6d02ff88c53bf4a74124c631590d7e276f031a9034dc7f9cb857902,8,sha256:ec8aa278edbb672ac163bc0ddde14db00b6b364f41f0936fcf0e204e50d3ec7e,200000,20260717T134222171980Z,1444,mask_fragment-n200000-w256-m0900-s1444
mask_fragment,86a3c5594a7b0bd7b33efe4c4ffaf5dc0aa17226,late_mask_fragment,256,810.879800003022,51200000,0.9,180000,0,sha256:18bd7fb3b6d02ff88c53bf4a74124c631590d7e276f031a9034dc7f9cb857902,9,sha256:ec8aa278edbb672ac163bc0ddde14db00b6b364f41f0936fcf0e204e50d3ec7e,200000,20260717T134222171980Z,1444,mask_fragment-n200000-w256-m0900-s1444
mask_fragment,86a3c5594a7b0bd7b33efe4c4ffaf5dc0aa17226,early_mask_fragment,256,768.0007999879308,51200000,0.9,180000,1,sha256:1a43e0ddf8cc02438cc76d27ba1cce86da34109d2e43dcc8ed7c9d581b95b39d,9,sha256:ec8aa278edbb672ac163bc0ddde14db00b6b364f41f0936fcf0e204e50d3ec7e,200000,20260717T134222171980Z,1444,mask_fragment-n200000-w256-m0900-s1444
mask_fragment,86a3c5594a7b0bd7b33efe4c4ffaf5dc0aa17226,early_mask_fragment,256,821.5845999657176,51200000,0.9,180000,0,sha256:1a43e0ddf8cc02438cc76d27ba1cce86da34109d2e43dcc8ed7c9d581b95b39d,10,sha256:ec8aa278edbb672ac163bc0ddde14db00b6b364f41f0936fcf0e204e50d3ec7e,200000,20260717T134222171980Z,1444,mask_fragment-n200000-w256-m0900-s1444
mask_fragment,86a3c5594a7b0bd7b33efe4c4ffaf5dc0aa17226,late_mask_fragment,256,944.3858999875374,51200000,0.9,180000,1,sha256:18bd7fb3b6d02ff88c53bf4a74124c631590d7e276f031a9034dc7f9cb857902,10,sha256:ec8aa278edbb672ac163bc0ddde14db00b6b364f41f0936fcf0e204e50d3ec7e,200000,20260717T134222171980Z,1444,mask_fragment-n200000-w256-m0900-s1444
mask_fragment,86a3c5594a7b0bd7b33efe4c4ffaf5dc0aa17226,late_mask_fragment,256,1272.3917000112124,51200000,0.9,180000,0,sha256:18bd7fb3b6d02ff88c53bf4a74124c631590d7e276f031a9034dc7f9cb857902,11,sha256:ec8aa278edbb672ac163bc0ddde14db00b6b364f41f0936fcf0e204e50d3ec7e,200000,20260717T134222171980Z,1444,mask_fragment-n200000-w256-m0900-s1444
mask_fragment,86a3c5594a7b0bd7b33efe4c4ffaf5dc0aa17226,early_mask_fragment,256,848.7858000444248,51200000,0.9,180000,1,sha256:1a43e0ddf8cc02438cc76d27ba1cce86da34109d2e43dcc8ed7c9d581b95b39d,11,sha256:ec8aa278edbb672ac163bc0ddde14db00b6b364f41f0936fcf0e204e50d3ec7e,200000,20260717T134222171980Z,1444,mask_fragment-n200000-w256-m0900-s1444
mask_fragment,86a3c5594a7b0bd7b33efe4c4ffaf5dc0aa17226,early_mask_fragment,256,842.3380000167526,51200000,0.9,180000,0,sha256:1a43e0ddf8cc02438cc76d27ba1cce86da34109d2e43dcc8ed7c9d581b95b39d,12,sha256:ec8aa278edbb672ac163bc0ddde14db00b6b364f41f0936fcf0e204e50d3ec7e,200000,20260717T134222171980Z,1444,mask_fragment-n200000-w256-m0900-s1444
mask_fragment,86a3c5594a7b0bd7b33efe4c4ffaf5dc0aa17226,late_mask_fragment,256,873.3944999985397,51200000,0.9,180000,1,sha256:18bd7fb3b6d02ff88c53bf4a74124c631590d7e276f031a9034dc7f9cb857902,12,sha256:ec8aa278edbb672ac163bc0ddde14db00b6b364f41f0936fcf0e204e50d3ec7e,200000,20260717T134222171980Z,1444,mask_fragment-n200000-w256-m0900-s1444
mask_fragment,86a3c5594a7b0bd7b33efe4c4ffaf5dc0aa17226,late_mask_fragment,256,861.4026000141166,51200000,0.9,180000,0,sha256:18bd7fb3b6d02ff88c53bf4a74124c631590d7e276f031a9034dc7f9cb857902,13,sha256:ec8aa278edbb672ac163bc0ddde14db00b6b364f41f0936fcf0e204e50d3ec7e,200000,20260717T134222171980Z,1444,mask_fragment-n200000-w256-m0900-s1444
mask_fragment,86a3c5594a7b0bd7b33efe4c4ffaf5dc0aa17226,early_mask_fragment,256,774.8798000393435,51200000,0.9,180000,1,sha256:1a43e0ddf8cc02438cc76d27ba1cce86da34109d2e43dcc8ed7c9d581b95b39d,13,sha256:ec8aa278edbb672ac163bc0ddde14db00b6b364f41f0936fcf0e204e50d3ec7e,200000,20260717T134222171980Z,1444,mask_fragment-n200000-w256-m0900-s1444
mask_fragment,86a3c5594a7b0bd7b33efe4c4ffaf5dc0aa17226,early_mask_fragment,256,784.177900000941,51200000,0.9,180000,0,sha256:1a43e0ddf8cc02438cc76d27ba1cce86da34109d2e43dcc8ed7c9d581b95b39d,14,sha256:ec8aa278edbb672ac163bc0ddde14db00b6b364f41f0936fcf0e204e50d3ec7e,200000,20260717T134222171980Z,1444,mask_fragment-n200000-w256-m0900-s1444
mask_fragment,86a3c5594a7b0bd7b33efe4c4ffaf5dc0aa17226,late_mask_fragment,256,998.389300017152,51200000,0.9,180000,1,sha256:18bd7fb3b6d02ff88c53bf4a74124c631590d7e276f031a9034dc7f9cb857902,14,sha256:ec8aa278edbb672ac163bc0ddde14db00b6b364f41f0936fcf0e204e50d3ec7e,200000,20260717T134222171980Z,1444,mask_fragment-n200000-w256-m0900-s1444
mask_fragment,86a3c5594a7b0bd7b33efe4c4ffaf5dc0aa17226,early_mask_fragment,256,726.5852999989875,51200000,0.9,180000,0,sha256:1a43e0ddf8cc02438cc76d27ba1cce86da34109d2e43dcc8ed7c9d581b95b39d,0,sha256:fa03bc388942b4216a04ba7bae54d9cb8d1f6f823828cf5ebce8cf3b05897f8a,200000,20260717T134222171980Z,1555,mask_fragment-n200000-w256-m0900-s1555
mask_fragment,86a3c5594a7b0bd7b33efe4c4ffaf5dc0aa17226,late_mask_fragment,256,851.6515999799594,51200000,0.9,180000,1,sha256:18bd7fb3b6d02ff88c53bf4a74124c631590d7e276f031a9034dc7f9cb857902,0,sha256:fa03bc388942b4216a04ba7bae54d9cb8d1f6f823828cf5ebce8cf3b05897f8a,200000,20260717T134222171980Z,1555,mask_fragment-n200000-w256-m0900-s1555
mask_fragment,86a3c5594a7b0bd7b33efe4c4ffaf5dc0aa17226,late_mask_fragment,256,762.3257000232115,51200000,0.9,180000,0,sha256:18bd7fb3b6d02ff88c53bf4a74124c631590d7e276f031a9034dc7f9cb857902,1,sha256:fa03bc388942b4216a04ba7bae54d9cb8d1f6f823828cf5ebce8cf3b05897f8a,200000,20260717T134222171980Z,1555,mask_fragment-n200000-w256-m0900-s1555
mask_fragment,86a3c5594a7b0bd7b33efe4c4ffaf5dc0aa17226,early_mask_fragment,256,779.2835999862291,51200000,0.9,180000,1,sha256:1a43e0ddf8cc02438cc76d27ba1cce86da34109d2e43dcc8ed7c9d581b95b39d,1,sha256:fa03bc388942b4216a04ba7bae54d9cb8d1f6f823828cf5ebce8cf3b05897f8a,200000,20260717T134222171980Z,1555,mask_fragment-n200000-w256-m0900-s1555
mask_fragment,86a3c5594a7b0bd7b33efe4c4ffaf5dc0aa17226,early_mask_fragment,256,764.7524999920279,51200000,0.9,180000,0,sha256:1a43e0ddf8cc02438cc76d27ba1cce86da34109d2e43dcc8ed7c9d581b95b39d,2,sha256:fa03bc388942b4216a04ba7bae54d9cb8d1f6f823828cf5ebce8cf3b05897f8a,200000,20260717T134222171980Z,1555,mask_fragment-n200000-w256-m0900-s1555
mask_fragment,86a3c5594a7b0bd7b33efe4c4ffaf5dc0aa17226,late_mask_fragment,256,788.0804000305943,51200000,0.9,180000,1,sha256:18bd7fb3b6d02ff88c53bf4a74124c631590d7e276f031a9034dc7f9cb857902,2,sha256:fa03bc388942b4216a04ba7bae54d9cb8d1f6f823828cf5ebce8cf3b05897f8a,200000,20260717T134222171980Z,1555,mask_fragment-n200000-w256-m0900-s1555
mask_fragment,86a3c5594a7b0bd7b33efe4c4ffaf5dc0aa17226,late_mask_fragment,256,796.7340999748558,51200000,0.9,180000,0,sha256:18bd7fb3b6d02ff88c53bf4a74124c631590d7e276f031a9034dc7f9cb857902,3,sha256:fa03bc388942b4216a04ba7bae54d9cb8d1f6f823828cf5ebce8cf3b05897f8a,200000,20260717T134222171980Z,1555,mask_fragment-n200000-w256-m0900-s1555
mask_fragment,86a3c5594a7b0bd7b33efe4c4ffaf5dc0aa17226,early_mask_fragment,256,730.415300000459,51200000,0.9,180000,1,sha256:1a43e0ddf8cc02438cc76d27ba1cce86da34109d2e43dcc8ed7c9d581b95b39d,3,sha256:fa03bc388942b4216a04ba7bae54d9cb8d1f6f823828cf5ebce8cf3b05897f8a,200000,20260717T134222171980Z,1555,mask_fragment-n200000-w256-m0900-s1555
mask_fragment,86a3c5594a7b0bd7b33efe4c4ffaf5dc0aa17226,early_mask_fragment,256,845.0436999555677,51200000,0.9,180000,0,sha256:1a43e0ddf8cc02438cc76d27ba1cce86da34109d2e43dcc8ed7c9d581b95b39d,4,sha256:fa03bc388942b4216a04ba7bae54d9cb8d1f6f823828cf5ebce8cf3b05897f8a,200000,20260717T134222171980Z,1555,mask_fragment-n200000-w256-m0900-s1555
mask_fragment,86a3c5594a7b0bd7b33efe4c4ffaf5dc0aa17226,late_mask_fragment,256,853.5967000061646,51200000,0.9,180000,1,sha256:18bd7fb3b6d02ff88c53bf4a74124c631590d7e276f031a9034dc7f9cb857902,4,sha256:fa03bc388942b4216a04ba7bae54d9cb8d1f6f823828cf5ebce8cf3b05897f8a,200000,20260717T134222171980Z,1555,mask_fragment-n200000-w256-m0900-s1555
mask_fragment,86a3c5594a7b0bd7b33efe4c4ffaf5dc0aa17226,late_mask_fragment,256,748.0751000111923,51200000,0.9,180000,0,sha256:18bd7fb3b6d02ff88c53bf4a74124c631590d7e276f031a9034dc7f9cb857902,5,sha256:fa03bc388942b4216a04ba7bae54d9cb8d1f6f823828cf5ebce8cf3b05897f8a,200000,20260717T134222171980Z,1555,mask_fragment-n200000-w256-m0900-s1555
mask_fragment,86a3c5594a7b0bd7b33efe4c4ffaf5dc0aa17226,early_mask_fragment,256,749.6524000307545,51200000,0.9,180000,1,sha256:1a43e0ddf8cc02438cc76d27ba1cce86da34109d2e43dcc8ed7c9d581b95b39d,5,sha256:fa03bc388942b4216a04ba7bae54d9cb8d1f6f823828cf5ebce8cf3b05897f8a,200000,20260717T134222171980Z,1555,mask_fragment-n200000-w256-m0900-s1555
mask_fragment,86a3c5594a7b0bd7b33efe4c4ffaf5dc0aa17226,early_mask_fragment,256,827.6203999994323,51200000,0.9,180000,0,sha256:1a43e0ddf8cc02438cc76d27ba1cce86da34109d2e43dcc8ed7c9d581b95b39d,6,sha256:fa03bc388942b4216a04ba7bae54d9cb8d1f6f823828cf5ebce8cf3b05897f8a,200000,20260717T134222171980Z,1555,mask_fragment-n200000-w256-m0900-s1555
mask_fragment,86a3c5594a7b0bd7b33efe4c4ffaf5dc0aa17226,late_mask_fragment,256,741.0559999989346,51200000,0.9,180000,1,sha256:18bd7fb3b6d02ff88c53bf4a74124c631590d7e276f031a9034dc7f9cb857902,6,sha256:fa03bc388942b4216a04ba7bae54d9cb8d1f6f823828cf5ebce8cf3b05897f8a,200000,20260717T134222171980Z,1555,mask_fragment-n200000-w256-m0900-s1555
mask_fragment,86a3c5594a7b0bd7b33efe4c4ffaf5dc0aa17226,late_mask_fragment,256,753.1861999887042,51200000,0.9,180000,0,sha256:18bd7fb3b6d02ff88c53bf4a74124c631590d7e276f031a9034dc7f9cb857902,7,sha256:fa03bc388942b4216a04ba7bae54d9cb8d1f6f823828cf5ebce8cf3b05897f8a,200000,20260717T134222171980Z,1555,mask_fragment-n200000-w256-m0900-s1555
mask_fragment,86a3c5594a7b0bd7b33efe4c4ffaf5dc0aa17226,early_mask_fragment,256,866.5595999918878,51200000,0.9,180000,1,sha256:1a43e0ddf8cc02438cc76d27ba1cce86da34109d2e43dcc8ed7c9d581b95b39d,7,sha256:fa03bc388942b4216a04ba7bae54d9cb8d1f6f823828cf5ebce8cf3b05897f8a,200000,20260717T134222171980Z,1555,mask_fragment-n200000-w256-m0900-s1555
mask_fragment,86a3c5594a7b0bd7b33efe4c4ffaf5dc0aa17226,early_mask_fragment,256,834.396000020206,51200000,0.9,180000,0,sha256:1a43e0ddf8cc02438cc76d27ba1cce86da34109d2e43dcc8ed7c9d581b95b39d,8,sha256:fa03bc388942b4216a04ba7bae54d9cb8d1f6f823828cf5ebce8cf3b05897f8a,200000,20260717T134222171980Z,1555,mask_fragment-n200000-w256-m0900-s1555
mask_fragment,86a3c5594a7b0bd7b33efe4c4ffaf5dc0aa17226,late_mask_fragment,256,868.9444999909028,51200000,0.9,180000,1,sha256:18bd7fb3b6d02ff88c53bf4a74124c631590d7e276f031a9034dc7f9cb857902,8,sha256:fa03bc388942b4216a04ba7bae54d9cb8d1f6f823828cf5ebce8cf3b05897f8a,200000,20260717T134222171980Z,1555,mask_fragment-n200000-w256-m0900-s1555
mask_fragment,86a3c5594a7b0bd7b33efe4c4ffaf5dc0aa17226,late_mask_fragment,256,749.9297999893315,51200000,0.9,180000,0,sha256:18bd7fb3b6d02ff88c53bf4a74124c631590d7e276f031a9034dc7f9cb857902,9,sha256:fa03bc388942b4216a04ba7bae54d9cb8d1f6f823828cf5ebce8cf3b05897f8a,200000,20260717T134222171980Z,1555,mask_fragment-n200000-w256-m0900-s1555
mask_fragment,86a3c5594a7b0bd7b33efe4c4ffaf5dc0aa17226,early_mask_fragment,256,1876.4273999840952,51200000,0.9,180000,1,sha256:1a43e0ddf8cc02438cc76d27ba1cce86da34109d2e43dcc8ed7c9d581b95b39d,9,sha256:fa03bc388942b4216a04ba7bae54d9cb8d1f6f823828cf5ebce8cf3b05897f8a,200000,20260717T134222171980Z,1555,mask_fragment-n200000-w256-m0900-s1555
mask_fragment,86a3c5594a7b0bd7b33efe4c4ffaf5dc0aa17226,early_mask_fragment,256,715.4193999595009,51200000,0.9,180000,0,sha256:1a43e0ddf8cc02438cc76d27ba1cce86da34109d2e43dcc8ed7c9d581b95b39d,10,sha256:fa03bc388942b4216a04ba7bae54d9cb8d1f6f823828cf5ebce8cf3b05897f8a,200000,20260717T134222171980Z,1555,mask_fragment-n200000-w256-m0900-s1555
mask_fragment,86a3c5594a7b0bd7b33efe4c4ffaf5dc0aa17226,late_mask_fragment,256,810.282000049483,51200000,0.9,180000,1,sha256:18bd7fb3b6d02ff88c53bf4a74124c631590d7e276f031a9034dc7f9cb857902,10,sha256:fa03bc388942b4216a04ba7bae54d9cb8d1f6f823828cf5ebce8cf3b05897f8a,200000,20260717T134222171980Z,1555,mask_fragment-n200000-w256-m0900-s1555
mask_fragment,86a3c5594a7b0bd7b33efe4c4ffaf5dc0aa17226,late_mask_fragment,256,950.3571000532247,51200000,0.9,180000,0,sha256:18bd7fb3b6d02ff88c53bf4a74124c631590d7e276f031a9034dc7f9cb857902,11,sha256:fa03bc388942b4216a04ba7bae54d9cb8d1f6f823828cf5ebce8cf3b05897f8a,200000,20260717T134222171980Z,1555,mask_fragment-n200000-w256-m0900-s1555
mask_fragment,86a3c5594a7b0bd7b33efe4c4ffaf5dc0aa17226,early_mask_fragment,256,917.2988000209443,51200000,0.9,180000,1,sha256:1a43e0ddf8cc02438cc76d27ba1cce86da34109d2e43dcc8ed7c9d581b95b39d,11,sha256:fa03bc388942b4216a04ba7bae54d9cb8d1f6f823828cf5ebce8cf3b05897f8a,200000,20260717T134222171980Z,1555,mask_fragment-n200000-w256-m0900-s1555
mask_fragment,86a3c5594a7b0bd7b33efe4c4ffaf5dc0aa17226,early_mask_fragment,256,1083.852899959311,51200000,0.9,180000,0,sha256:1a43e0ddf8cc02438cc76d27ba1cce86da34109d2e43dcc8ed7c9d581b95b39d,12,sha256:fa03bc388942b4216a04ba7bae54d9cb8d1f6f823828cf5ebce8cf3b05897f8a,200000,20260717T134222171980Z,1555,mask_fragment-n200000-w256-m0900-s1555
mask_fragment,86a3c5594a7b0bd7b33efe4c4ffaf5dc0aa17226,late_mask_fragment,256,1121.5921000111848,51200000,0.9,180000,1,sha256:18bd7fb3b6d02ff88c53bf4a74124c631590d7e276f031a9034dc7f9cb857902,12,sha256:fa03bc388942b4216a04ba7bae54d9cb8d1f6f823828cf5ebce8cf3b05897f8a,200000,20260717T134222171980Z,1555,mask_fragment-n200000-w256-m0900-s1555
mask_fragment,86a3c5594a7b0bd7b33efe4c4ffaf5dc0aa17226,late_mask_fragment,256,1026.770900003612,51200000,0.9,180000,0,sha256:18bd7fb3b6d02ff88c53bf4a74124c631590d7e276f031a9034dc7f9cb857902,13,sha256:fa03bc388942b4216a04ba7bae54d9cb8d1f6f823828cf5ebce8cf3b05897f8a,200000,20260717T134222171980Z,1555,mask_fragment-n200000-w256-m0900-s1555
mask_fragment,86a3c5594a7b0bd7b33efe4c4ffaf5dc0aa17226,early_mask_fragment,256,913.3099999744445,51200000,0.9,180000,1,sha256:1a43e0ddf8cc02438cc76d27ba1cce86da34109d2e43dcc8ed7c9d581b95b39d,13,sha256:fa03bc388942b4216a04ba7bae54d9cb8d1f6f823828cf5ebce8cf3b05897f8a,200000,20260717T134222171980Z,1555,mask_fragment-n200000-w256-m0900-s1555
mask_fragment,86a3c5594a7b0bd7b33efe4c4ffaf5dc0aa17226,early_mask_fragment,256,835.6796999578364,51200000,0.9,180000,0,sha256:1a43e0ddf8cc02438cc76d27ba1cce86da34109d2e43dcc8ed7c9d581b95b39d,14,sha256:fa03bc388942b4216a04ba7bae54d9cb8d1f6f823828cf5ebce8cf3b05897f8a,200000,20260717T134222171980Z,1555,mask_fragment-n200000-w256-m0900-s1555
mask_fragment,86a3c5594a7b0bd7b33efe4c4ffaf5dc0aa17226,late_mask_fragment,256,843.4941999730654,51200000,0.9,180000,1,sha256:18bd7fb3b6d02ff88c53bf4a74124c631590d7e276f031a9034dc7f9cb857902,14,sha256:fa03bc388942b4216a04ba7bae54d9cb8d1f6f823828cf5ebce8cf3b05897f8a,200000,20260717T134222171980Z,1555,mask_fragment-n200000-w256-m0900-s1555
mask_fragment,86a3c5594a7b0bd7b33efe4c4ffaf5dc0aa17226,late_mask_fragment,256,1400.1930999802426,51200000,1.0,200000,0,sha256:92b825cb6ca6efd8c921ae328d9dcd567e5fc1cecda65d185180a168e33b45c9,0,sha256:d78756bb6c109ceabfa50af0a5375a5a4f9678dbf406a4e55b2b2d5821ceade1,200000,20260717T134222171980Z,1111,mask_fragment-n200000-w256-m1000-s1111
mask_fragment,86a3c5594a7b0bd7b33efe4c4ffaf5dc0aa17226,early_mask_fragment,256,1315.146500011906,51200000,1.0,200000,1,sha256:1a43e0ddf8cc02438cc76d27ba1cce86da34109d2e43dcc8ed7c9d581b95b39d,0,sha256:d78756bb6c109ceabfa50af0a5375a5a4f9678dbf406a4e55b2b2d5821ceade1,200000,20260717T134222171980Z,1111,mask_fragment-n200000-w256-m1000-s1111
mask_fragment,86a3c5594a7b0bd7b33efe4c4ffaf5dc0aa17226,early_mask_fragment,256,873.1884000007994,51200000,1.0,200000,0,sha256:1a43e0ddf8cc02438cc76d27ba1cce86da34109d2e43dcc8ed7c9d581b95b39d,1,sha256:d78756bb6c109ceabfa50af0a5375a5a4f9678dbf406a4e55b2b2d5821ceade1,200000,20260717T134222171980Z,1111,mask_fragment-n200000-w256-m1000-s1111
mask_fragment,86a3c5594a7b0bd7b33efe4c4ffaf5dc0aa17226,late_mask_fragment,256,890.1606000144966,51200000,1.0,200000,1,sha256:92b825cb6ca6efd8c921ae328d9dcd567e5fc1cecda65d185180a168e33b45c9,1,sha256:d78756bb6c109ceabfa50af0a5375a5a4f9678dbf406a4e55b2b2d5821ceade1,200000,20260717T134222171980Z,1111,mask_fragment-n200000-w256-m1000-s1111
mask_fragment,86a3c5594a7b0bd7b33efe4c4ffaf5dc0aa17226,late_mask_fragment,256,1400.0539000262506,51200000,1.0,200000,0,sha256:92b825cb6ca6efd8c921ae328d9dcd567e5fc1cecda65d185180a168e33b45c9,2,sha256:d78756bb6c109ceabfa50af0a5375a5a4f9678dbf406a4e55b2b2d5821ceade1,200000,20260717T134222171980Z,1111,mask_fragment-n200000-w256-m1000-s1111
mask_fragment,86a3c5594a7b0bd7b33efe4c4ffaf5dc0aa17226,early_mask_fragment,256,969.6813999908045,51200000,1.0,200000,1,sha256:1a43e0ddf8cc02438cc76d27ba1cce86da34109d2e43dcc8ed7c9d581b95b39d,2,sha256:d78756bb6c109ceabfa50af0a5375a5a4f9678dbf406a4e55b2b2d5821ceade1,200000,20260717T134222171980Z,1111,mask_fragment-n200000-w256-m1000-s1111
mask_fragment,86a3c5594a7b0bd7b33efe4c4ffaf5dc0aa17226,early_mask_fragment,256,881.0934000066482,51200000,1.0,200000,0,sha256:1a43e0ddf8cc02438cc76d27ba1cce86da34109d2e43dcc8ed7c9d581b95b39d,3,sha256:d78756bb6c109ceabfa50af0a5375a5a4f9678dbf406a4e55b2b2d5821ceade1,200000,20260717T134222171980Z,1111,mask_fragment-n200000-w256-m1000-s1111
mask_fragment,86a3c5594a7b0bd7b33efe4c4ffaf5dc0aa17226,late_mask_fragment,256,2111.0972999595106,51200000,1.0,200000,1,sha256:92b825cb6ca6efd8c921ae328d9dcd567e5fc1cecda65d185180a168e33b45c9,3,sha256:d78756bb6c109ceabfa50af0a5375a5a4f9678dbf406a4e55b2b2d5821ceade1,200000,20260717T134222171980Z,1111,mask_fragment-n200000-w256-m1000-s1111
mask_fragment,86a3c5594a7b0bd7b33efe4c4ffaf5dc0aa17226,late_mask_fragment,256,912.4948999960907,51200000,1.0,200000,0,sha256:92b825cb6ca6efd8c921ae328d9dcd567e5fc1cecda65d185180a168e33b45c9,4,sha256:d78756bb6c109ceabfa50af0a5375a5a4f9678dbf406a4e55b2b2d5821ceade1,200000,20260717T134222171980Z,1111,mask_fragment-n200000-w256-m1000-s1111
mask_fragment,86a3c5594a7b0bd7b33efe4c4ffaf5dc0aa17226,early_mask_fragment,256,863.5593999642879,51200000,1.0,200000,1,sha256:1a43e0ddf8cc02438cc76d27ba1cce86da34109d2e43dcc8ed7c9d581b95b39d,4,sha256:d78756bb6c109ceabfa50af0a5375a5a4f9678dbf406a4e55b2b2d5821ceade1,200000,20260717T134222171980Z,1111,mask_fragment-n200000-w256-m1000-s1111
mask_fragment,86a3c5594a7b0bd7b33efe4c4ffaf5dc0aa17226,early_mask_fragment,256,1445.466800010763,51200000,1.0,200000,0,sha256:1a43e0ddf8cc02438cc76d27ba1cce86da34109d2e43dcc8ed7c9d581b95b39d,5,sha256:d78756bb6c109ceabfa50af0a5375a5a4f9678dbf406a4e55b2b2d5821ceade1,200000,20260717T134222171980Z,1111,mask_fragment-n200000-w256-m1000-s1111
mask_fragment,86a3c5594a7b0bd7b33efe4c4ffaf5dc0aa17226,late_mask_fragment,256,981.9448000052944,51200000,1.0,200000,1,sha256:92b825cb6ca6efd8c921ae328d9dcd567e5fc1cecda65d185180a168e33b45c9,5,sha256:d78756bb6c109ceabfa50af0a5375a5a4f9678dbf406a4e55b2b2d5821ceade1,200000,20260717T134222171980Z,1111,mask_fragment-n200000-w256-m1000-s1111
mask_fragment,86a3c5594a7b0bd7b33efe4c4ffaf5dc0aa17226,late_mask_fragment,256,1414.7036999929696,51200000,1.0,200000,0,sha256:92b825cb6ca6efd8c921ae328d9dcd567e5fc1cecda65d185180a168e33b45c9,6,sha256:d78756bb6c109ceabfa50af0a5375a5a4f9678dbf406a4e55b2b2d5821ceade1,200000,20260717T134222171980Z,1111,mask_fragment-n200000-w256-m1000-s1111
mask_fragment,86a3c5594a7b0bd7b33efe4c4ffaf5dc0aa17226,early_mask_fragment,256,1094.866400002502,51200000,1.0,200000,1,sha256:1a43e0ddf8cc02438cc76d27ba1cce86da34109d2e43dcc8ed7c9d581b95b39d,6,sha256:d78756bb6c109ceabfa50af0a5375a5a4f9678dbf406a4e55b2b2d5821ceade1,200000,20260717T134222171980Z,1111,mask_fragment-n200000-w256-m1000-s1111
mask_fragment,86a3c5594a7b0bd7b33efe4c4ffaf5dc0aa17226,early_mask_fragment,256,946.7632999876514,51200000,1.0,200000,0,sha256:1a43e0ddf8cc02438cc76d27ba1cce86da34109d2e43dcc8ed7c9d581b95b39d,7,sha256:d78756bb6c109ceabfa50af0a5375a5a4f9678dbf406a4e55b2b2d5821ceade1,200000,20260717T134222171980Z,1111,mask_fragment-n200000-w256-m1000-s1111
mask_fragment,86a3c5594a7b0bd7b33efe4c4ffaf5dc0aa17226,late_mask_fragment,256,804.5508000068367,51200000,1.0,200000,1,sha256:92b825cb6ca6efd8c921ae328d9dcd567e5fc1cecda65d185180a168e33b45c9,7,sha256:d78756bb6c109ceabfa50af0a5375a5a4f9678dbf406a4e55b2b2d5821ceade1,200000,20260717T134222171980Z,1111,mask_fragment-n200000-w256-m1000-s1111
mask_fragment,86a3c5594a7b0bd7b33efe4c4ffaf5dc0aa17226,late_mask_fragment,256,1969.5894999895245,51200000,1.0,200000,0,sha256:92b825cb6ca6efd8c921ae328d9dcd567e5fc1cecda65d185180a168e33b45c9,8,sha256:d78756bb6c109ceabfa50af0a5375a5a4f9678dbf406a4e55b2b2d5821ceade1,200000,20260717T134222171980Z,1111,mask_fragment-n200000-w256-m1000-s1111
mask_fragment,86a3c5594a7b0bd7b33efe4c4ffaf5dc0aa17226,early_mask_fragment,256,1452.5276999920607,51200000,1.0,200000,1,sha256:1a43e0ddf8cc02438cc76d27ba1cce86da34109d2e43dcc8ed7c9d581b95b39d,8,sha256:d78756bb6c109ceabfa50af0a5375a5a4f9678dbf406a4e55b2b2d5821ceade1,200000,20260717T134222171980Z,1111,mask_fragment-n200000-w256-m1000-s1111
mask_fragment,86a3c5594a7b0bd7b33efe4c4ffaf5dc0aa17226,early_mask_fragment,256,750.3250999725424,51200000,1.0,200000,0,sha256:1a43e0ddf8cc02438cc76d27ba1cce86da34109d2e43dcc8ed7c9d581b95b39d,9,sha256:d78756bb6c109ceabfa50af0a5375a5a4f9678dbf406a4e55b2b2d5821ceade1,200000,20260717T134222171980Z,1111,mask_fragment-n200000-w256-m1000-s1111
mask_fragment,86a3c5594a7b0bd7b33efe4c4ffaf5dc0aa17226,late_mask_fragment,256,779.8053000005893,51200000,1.0,200000,1,sha256:92b825cb6ca6efd8c921ae328d9dcd567e5fc1cecda65d185180a168e33b45c9,9,sha256:d78756bb6c109ceabfa50af0a5375a5a4f9678dbf406a4e55b2b2d5821ceade1,200000,20260717T134222171980Z,1111,mask_fragment-n200000-w256-m1000-s1111
mask_fragment,86a3c5594a7b0bd7b33efe4c4ffaf5dc0aa17226,late_mask_fragment,256,1979.306399996858,51200000,1.0,200000,0,sha256:92b825cb6ca6efd8c921ae328d9dcd567e5fc1cecda65d185180a168e33b45c9,10,sha256:d78756bb6c109ceabfa50af0a5375a5a4f9678dbf406a4e55b2b2d5821ceade1,200000,20260717T134222171980Z,1111,mask_fragment-n200000-w256-m1000-s1111
mask_fragment,86a3c5594a7b0bd7b33efe4c4ffaf5dc0aa17226,early_mask_fragment,256,793.6556999920867,51200000,1.0,200000,1,sha256:1a43e0ddf8cc02438cc76d27ba1cce86da34109d2e43dcc8ed7c9d581b95b39d,10,sha256:d78756bb6c109ceabfa50af0a5375a5a4f9678dbf406a4e55b2b2d5821ceade1,200000,20260717T134222171980Z,1111,mask_fragment-n200000-w256-m1000-s1111
mask_fragment,86a3c5594a7b0bd7b33efe4c4ffaf5dc0aa17226,early_mask_fragment,256,745.9783999947831,51200000,1.0,200000,0,sha256:1a43e0ddf8cc02438cc76d27ba1cce86da34109d2e43dcc8ed7c9d581b95b39d,11,sha256:d78756bb6c109ceabfa50af0a5375a5a4f9678dbf406a4e55b2b2d5821ceade1,200000,20260717T134222171980Z,1111,mask_fragment-n200000-w256-m1000-s1111
mask_fragment,86a3c5594a7b0bd7b33efe4c4ffaf5dc0aa17226,late_mask_fragment,256,822.5482999696396,51200000,1.0,200000,1,sha256:92b825cb6ca6efd8c921ae328d9dcd567e5fc1cecda65d185180a168e33b45c9,11,sha256:d78756bb6c109ceabfa50af0a5375a5a4f9678dbf406a4e55b2b2d5821ceade1,200000,20260717T134222171980Z,1111,mask_fragment-n200000-w256-m1000-s1111
mask_fragment,86a3c5594a7b0bd7b33efe4c4ffaf5dc0aa17226,late_mask_fragment,256,818.7343000317924,51200000,1.0,200000,0,sha256:92b825cb6ca6efd8c921ae328d9dcd567e5fc1cecda65d185180a168e33b45c9,12,sha256:d78756bb6c109ceabfa50af0a5375a5a4f9678dbf406a4e55b2b2d5821ceade1,200000,20260717T134222171980Z,1111,mask_fragment-n200000-w256-m1000-s1111
mask_fragment,86a3c5594a7b0bd7b33efe4c4ffaf5dc0aa17226,early_mask_fragment,256,1280.3904000320472,51200000,1.0,200000,1,sha256:1a43e0ddf8cc02438cc76d27ba1cce86da34109d2e43dcc8ed7c9d581b95b39d,12,sha256:d78756bb6c109ceabfa50af0a5375a5a4f9678dbf406a4e55b2b2d5821ceade1,200000,20260717T134222171980Z,1111,mask_fragment-n200000-w256-m1000-s1111
mask_fragment,86a3c5594a7b0bd7b33efe4c4ffaf5dc0aa17226,early_mask_fragment,256,809.6996000385843,51200000,1.0,200000,0,sha256:1a43e0ddf8cc02438cc76d27ba1cce86da34109d2e43dcc8ed7c9d581b95b39d,13,sha256:d78756bb6c109ceabfa50af0a5375a5a4f9678dbf406a4e55b2b2d5821ceade1,200000,20260717T134222171980Z,1111,mask_fragment-n200000-w256-m1000-s1111
mask_fragment,86a3c5594a7b0bd7b33efe4c4ffaf5dc0aa17226,late_mask_fragment,256,1263.408500002697,51200000,1.0,200000,1,sha256:92b825cb6ca6efd8c921ae328d9dcd567e5fc1cecda65d185180a168e33b45c9,13,sha256:d78756bb6c109ceabfa50af0a5375a5a4f9678dbf406a4e55b2b2d5821ceade1,200000,20260717T134222171980Z,1111,mask_fragment-n200000-w256-m1000-s1111
mask_fragment,86a3c5594a7b0bd7b33efe4c4ffaf5dc0aa17226,late_mask_fragment,256,904.8603000119328,51200000,1.0,200000,0,sha256:92b825cb6ca6efd8c921ae328d9dcd567e5fc1cecda65d185180a168e33b45c9,14,sha256:d78756bb6c109ceabfa50af0a5375a5a4f9678dbf406a4e55b2b2d5821ceade1,200000,20260717T134222171980Z,1111,mask_fragment-n200000-w256-m1000-s1111
mask_fragment,86a3c5594a7b0bd7b33efe4c4ffaf5dc0aa17226,early_mask_fragment,256,1319.0752999507822,51200000,1.0,200000,1,sha256:1a43e0ddf8cc02438cc76d27ba1cce86da34109d2e43dcc8ed7c9d581b95b39d,14,sha256:d78756bb6c109ceabfa50af0a5375a5a4f9678dbf406a4e55b2b2d5821ceade1,200000,20260717T134222171980Z,1111,mask_fragment-n200000-w256-m1000-s1111
mask_fragment,86a3c5594a7b0bd7b33efe4c4ffaf5dc0aa17226,late_mask_fragment,256,1498.7608999945223,51200000,1.0,200000,0,sha256:92b825cb6ca6efd8c921ae328d9dcd567e5fc1cecda65d185180a168e33b45c9,0,sha256:c41039a2b419a78fcf57bb4feaf2e656e84617556efbcca05a4c0d65005bfd5c,200000,20260717T134222171980Z,1222,mask_fragment-n200000-w256-m1000-s1222
mask_fragment,86a3c5594a7b0bd7b33efe4c4ffaf5dc0aa17226,early_mask_fragment,256,893.2277000276372,51200000,1.0,200000,1,sha256:1a43e0ddf8cc02438cc76d27ba1cce86da34109d2e43dcc8ed7c9d581b95b39d,0,sha256:c41039a2b419a78fcf57bb4feaf2e656e84617556efbcca05a4c0d65005bfd5c,200000,20260717T134222171980Z,1222,mask_fragment-n200000-w256-m1000-s1222
mask_fragment,86a3c5594a7b0bd7b33efe4c4ffaf5dc0aa17226,early_mask_fragment,256,768.2205000310205,51200000,1.0,200000,0,sha256:1a43e0ddf8cc02438cc76d27ba1cce86da34109d2e43dcc8ed7c9d581b95b39d,1,sha256:c41039a2b419a78fcf57bb4feaf2e656e84617556efbcca05a4c0d65005bfd5c,200000,20260717T134222171980Z,1222,mask_fragment-n200000-w256-m1000-s1222
mask_fragment,86a3c5594a7b0bd7b33efe4c4ffaf5dc0aa17226,late_mask_fragment,256,833.3332000183873,51200000,1.0,200000,1,sha256:92b825cb6ca6efd8c921ae328d9dcd567e5fc1cecda65d185180a168e33b45c9,1,sha256:c41039a2b419a78fcf57bb4feaf2e656e84617556efbcca05a4c0d65005bfd5c,200000,20260717T134222171980Z,1222,mask_fragment-n200000-w256-m1000-s1222
mask_fragment,86a3c5594a7b0bd7b33efe4c4ffaf5dc0aa17226,late_mask_fragment,256,864.3952999846078,51200000,1.0,200000,0,sha256:92b825cb6ca6efd8c921ae328d9dcd567e5fc1cecda65d185180a168e33b45c9,2,sha256:c41039a2b419a78fcf57bb4feaf2e656e84617556efbcca05a4c0d65005bfd5c,200000,20260717T134222171980Z,1222,mask_fragment-n200000-w256-m1000-s1222
mask_fragment,86a3c5594a7b0bd7b33efe4c4ffaf5dc0aa17226,early_mask_fragment,256,835.9273999813013,51200000,1.0,200000,1,sha256:1a43e0ddf8cc02438cc76d27ba1cce86da34109d2e43dcc8ed7c9d581b95b39d,2,sha256:c41039a2b419a78fcf57bb4feaf2e656e84617556efbcca05a4c0d65005bfd5c,200000,20260717T134222171980Z,1222,mask_fragment-n200000-w256-m1000-s1222
mask_fragment,86a3c5594a7b0bd7b33efe4c4ffaf5dc0aa17226,early_mask_fragment,256,786.9089999585412,51200000,1.0,200000,0,sha256:1a43e0ddf8cc02438cc76d27ba1cce86da34109d2e43dcc8ed7c9d581b95b39d,3,sha256:c41039a2b419a78fcf57bb4feaf2e656e84617556efbcca05a4c0d65005bfd5c,200000,20260717T134222171980Z,1222,mask_fragment-n200000-w256-m1000-s1222
mask_fragment,86a3c5594a7b0bd7b33efe4c4ffaf5dc0aa17226,late_mask_fragment,256,927.7850000071339,51200000,1.0,200000,1,sha256:92b825cb6ca6efd8c921ae328d9dcd567e5fc1cecda65d185180a168e33b45c9,3,sha256:c41039a2b419a78fcf57bb4feaf2e656e84617556efbcca05a4c0d65005bfd5c,200000,20260717T134222171980Z,1222,mask_fragment-n200000-w256-m1000-s1222
mask_fragment,86a3c5594a7b0bd7b33efe4c4ffaf5dc0aa17226,late_mask_fragment,256,882.5028999708593,51200000,1.0,200000,0,sha256:92b825cb6ca6efd8c921ae328d9dcd567e5fc1cecda65d185180a168e33b45c9,4,sha256:c41039a2b419a78fcf57bb4feaf2e656e84617556efbcca05a4c0d65005bfd5c,200000,20260717T134222171980Z,1222,mask_fragment-n200000-w256-m1000-s1222
mask_fragment,86a3c5594a7b0bd7b33efe4c4ffaf5dc0aa17226,early_mask_fragment,256,867.8319999598898,51200000,1.0,200000,1,sha256:1a43e0ddf8cc02438cc76d27ba1cce86da34109d2e43dcc8ed7c9d581b95b39d,4,sha256:c41039a2b419a78fcf57bb4feaf2e656e84617556efbcca05a4c0d65005bfd5c,200000,20260717T134222171980Z,1222,mask_fragment-n200000-w256-m1000-s1222
mask_fragment,86a3c5594a7b0bd7b33efe4c4ffaf5dc0aa17226,early_mask_fragment,256,859.0716000180691,51200000,1.0,200000,0,sha256:1a43e0ddf8cc02438cc76d27ba1cce86da34109d2e43dcc8ed7c9d581b95b39d,5,sha256:c41039a2b419a78fcf57bb4feaf2e656e84617556efbcca05a4c0d65005bfd5c,200000,20260717T134222171980Z,1222,mask_fragment-n200000-w256-m1000-s1222
mask_fragment,86a3c5594a7b0bd7b33efe4c4ffaf5dc0aa17226,late_mask_fragment,256,760.5936999898404,51200000,1.0,200000,1,sha256:92b825cb6ca6efd8c921ae328d9dcd567e5fc1cecda65d185180a168e33b45c9,5,sha256:c41039a2b419a78fcf57bb4feaf2e656e84617556efbcca05a4c0d65005bfd5c,200000,20260717T134222171980Z,1222,mask_fragment-n200000-w256-m1000-s1222
mask_fragment,86a3c5594a7b0bd7b33efe4c4ffaf5dc0aa17226,late_mask_fragment,256,823.8737999927253,51200000,1.0,200000,0,sha256:92b825cb6ca6efd8c921ae328d9dcd567e5fc1cecda65d185180a168e33b45c9,6,sha256:c41039a2b419a78fcf57bb4feaf2e656e84617556efbcca05a4c0d65005bfd5c,200000,20260717T134222171980Z,1222,mask_fragment-n200000-w256-m1000-s1222
mask_fragment,86a3c5594a7b0bd7b33efe4c4ffaf5dc0aa17226,early_mask_fragment,256,868.8378999941051,51200000,1.0,200000,1,sha256:1a43e0ddf8cc02438cc76d27ba1cce86da34109d2e43dcc8ed7c9d581b95b39d,6,sha256:c41039a2b419a78fcf57bb4feaf2e656e84617556efbcca05a4c0d65005bfd5c,200000,20260717T134222171980Z,1222,mask_fragment-n200000-w256-m1000-s1222
mask_fragment,86a3c5594a7b0bd7b33efe4c4ffaf5dc0aa17226,early_mask_fragment,256,847.9142999858595,51200000,1.0,200000,0,sha256:1a43e0ddf8cc02438cc76d27ba1cce86da34109d2e43dcc8ed7c9d581b95b39d,7,sha256:c41039a2b419a78fcf57bb4feaf2e656e84617556efbcca05a4c0d65005bfd5c,200000,20260717T134222171980Z,1222,mask_fragment-n200000-w256-m1000-s1222
mask_fragment,86a3c5594a7b0bd7b33efe4c4ffaf5dc0aa17226,late_mask_fragment,256,808.5279000224546,51200000,1.0,200000,1,sha256:92b825cb6ca6efd8c921ae328d9dcd567e5fc1cecda65d185180a168e33b45c9,7,sha256:c41039a2b419a78fcf57bb4feaf2e656e84617556efbcca05a4c0d65005bfd5c,200000,20260717T134222171980Z,1222,mask_fragment-n200000-w256-m1000-s1222
mask_fragment,86a3c5594a7b0bd7b33efe4c4ffaf5dc0aa17226,late_mask_fragment,256,798.4978000167757,51200000,1.0,200000,0,sha256:92b825cb6ca6efd8c921ae328d9dcd567e5fc1cecda65d185180a168e33b45c9,8,sha256:c41039a2b419a78fcf57bb4feaf2e656e84617556efbcca05a4c0d65005bfd5c,200000,20260717T134222171980Z,1222,mask_fragment-n200000-w256-m1000-s1222
mask_fragment,86a3c5594a7b0bd7b33efe4c4ffaf5dc0aa17226,early_mask_fragment,256,797.8960999753326,51200000,1.0,200000,1,sha256:1a43e0ddf8cc02438cc76d27ba1cce86da34109d2e43dcc8ed7c9d581b95b39d,8,sha256:c41039a2b419a78fcf57bb4feaf2e656e84617556efbcca05a4c0d65005bfd5c,200000,20260717T134222171980Z,1222,mask_fragment-n200000-w256-m1000-s1222
mask_fragment,86a3c5594a7b0bd7b33efe4c4ffaf5dc0aa17226,early_mask_fragment,256,839.9290000088513,51200000,1.0,200000,0,sha256:1a43e0ddf8cc02438cc76d27ba1cce86da34109d2e43dcc8ed7c9d581b95b39d,9,sha256:c41039a2b419a78fcf57bb4feaf2e656e84617556efbcca05a4c0d65005bfd5c,200000,20260717T134222171980Z,1222,mask_fragment-n200000-w256-m1000-s1222
mask_fragment,86a3c5594a7b0bd7b33efe4c4ffaf5dc0aa17226,late_mask_fragment,256,801.8335999804549,51200000,1.0,200000,1,sha256:92b825cb6ca6efd8c921ae328d9dcd567e5fc1cecda65d185180a168e33b45c9,9,sha256:c41039a2b419a78fcf57bb4feaf2e656e84617556efbcca05a4c0d65005bfd5c,200000,20260717T134222171980Z,1222,mask_fragment-n200000-w256-m1000-s1222
mask_fragment,86a3c5594a7b0bd7b33efe4c4ffaf5dc0aa17226,late_mask_fragment,256,876.6759999562055,51200000,1.0,200000,0,sha256:92b825cb6ca6efd8c921ae328d9dcd567e5fc1cecda65d185180a168e33b45c9,10,sha256:c41039a2b419a78fcf57bb4feaf2e656e84617556efbcca05a4c0d65005bfd5c,200000,20260717T134222171980Z,1222,mask_fragment-n200000-w256-m1000-s1222
mask_fragment,86a3c5594a7b0bd7b33efe4c4ffaf5dc0aa17226,early_mask_fragment,256,851.3258000020869,51200000,1.0,200000,1,sha256:1a43e0ddf8cc02438cc76d27ba1cce86da34109d2e43dcc8ed7c9d581b95b39d,10,sha256:c41039a2b419a78fcf57bb4feaf2e656e84617556efbcca05a4c0d65005bfd5c,200000,20260717T134222171980Z,1222,mask_fragment-n200000-w256-m1000-s1222
mask_fragment,86a3c5594a7b0bd7b33efe4c4ffaf5dc0aa17226,early_mask_fragment,256,1007.864800048992,51200000,1.0,200000,0,sha256:1a43e0ddf8cc02438cc76d27ba1cce86da34109d2e43dcc8ed7c9d581b95b39d,11,sha256:c41039a2b419a78fcf57bb4feaf2e656e84617556efbcca05a4c0d65005bfd5c,200000,20260717T134222171980Z,1222,mask_fragment-n200000-w256-m1000-s1222
mask_fragment,86a3c5594a7b0bd7b33efe4c4ffaf5dc0aa17226,late_mask_fragment,256,827.7120999991894,51200000,1.0,200000,1,sha256:92b825cb6ca6efd8c921ae328d9dcd567e5fc1cecda65d185180a168e33b45c9,11,sha256:c41039a2b419a78fcf57bb4feaf2e656e84617556efbcca05a4c0d65005bfd5c,200000,20260717T134222171980Z,1222,mask_fragment-n200000-w256-m1000-s1222
mask_fragment,86a3c5594a7b0bd7b33efe4c4ffaf5dc0aa17226,late_mask_fragment,256,791.7238000081852,51200000,1.0,200000,0,sha256:92b825cb6ca6efd8c921ae328d9dcd567e5fc1cecda65d185180a168e33b45c9,12,sha256:c41039a2b419a78fcf57bb4feaf2e656e84617556efbcca05a4c0d65005bfd5c,200000,20260717T134222171980Z,1222,mask_fragment-n200000-w256-m1000-s1222
mask_fragment,86a3c5594a7b0bd7b33efe4c4ffaf5dc0aa17226,early_mask_fragment,256,824.1372999618761,51200000,1.0,200000,1,sha256:1a43e0ddf8cc02438cc76d27ba1cce86da34109d2e43dcc8ed7c9d581b95b39d,12,sha256:c41039a2b419a78fcf57bb4feaf2e656e84617556efbcca05a4c0d65005bfd5c,200000,20260717T134222171980Z,1222,mask_fragment-n200000-w256-m1000-s1222
mask_fragment,86a3c5594a7b0bd7b33efe4c4ffaf5dc0aa17226,early_mask_fragment,256,764.9166000192054,51200000,1.0,200000,0,sha256:1a43e0ddf8cc02438cc76d27ba1cce86da34109d2e43dcc8ed7c9d581b95b39d,13,sha256:c41039a2b419a78fcf57bb4feaf2e656e84617556efbcca05a4c0d65005bfd5c,200000,20260717T134222171980Z,1222,mask_fragment-n200000-w256-m1000-s1222
mask_fragment,86a3c5594a7b0bd7b33efe4c4ffaf5dc0aa17226,late_mask_fragment,256,795.7438000012189,51200000,1.0,200000,1,sha256:92b825cb6ca6efd8c921ae328d9dcd567e5fc1cecda65d185180a168e33b45c9,13,sha256:c41039a2b419a78fcf57bb4feaf2e656e84617556efbcca05a4c0d65005bfd5c,200000,20260717T134222171980Z,1222,mask_fragment-n200000-w256-m1000-s1222
mask_fragment,86a3c5594a7b0bd7b33efe4c4ffaf5dc0aa17226,late_mask_fragment,256,891.3927000248805,51200000,1.0,200000,0,sha256:92b825cb6ca6efd8c921ae328d9dcd567e5fc1cecda65d185180a168e33b45c9,14,sha256:c41039a2b419a78fcf57bb4feaf2e656e84617556efbcca05a4c0d65005bfd5c,200000,20260717T134222171980Z,1222,mask_fragment-n200000-w256-m1000-s1222
mask_fragment,86a3c5594a7b0bd7b33efe4c4ffaf5dc0aa17226,early_mask_fragment,256,776.3449999620207,51200000,1.0,200000,1,sha256:1a43e0ddf8cc02438cc76d27ba1cce86da34109d2e43dcc8ed7c9d581b95b39d,14,sha256:c41039a2b419a78fcf57bb4feaf2e656e84617556efbcca05a4c0d65005bfd5c,200000,20260717T134222171980Z,1222,mask_fragment-n200000-w256-m1000-s1222
mask_fragment,86a3c5594a7b0bd7b33efe4c4ffaf5dc0aa17226,late_mask_fragment,256,1046.6864999616519,51200000,1.0,200000,0,sha256:92b825cb6ca6efd8c921ae328d9dcd567e5fc1cecda65d185180a168e33b45c9,0,sha256:6bcd5ac47d5b4a187fe166e40413c3d0ad9a95c0471c75d724e409930d0b5c67,200000,20260717T134222171980Z,1333,mask_fragment-n200000-w256-m1000-s1333
mask_fragment,86a3c5594a7b0bd7b33efe4c4ffaf5dc0aa17226,early_mask_fragment,256,872.1994999796152,51200000,1.0,200000,1,sha256:1a43e0ddf8cc02438cc76d27ba1cce86da34109d2e43dcc8ed7c9d581b95b39d,0,sha256:6bcd5ac47d5b4a187fe166e40413c3d0ad9a95c0471c75d724e409930d0b5c67,200000,20260717T134222171980Z,1333,mask_fragment-n200000-w256-m1000-s1333
mask_fragment,86a3c5594a7b0bd7b33efe4c4ffaf5dc0aa17226,early_mask_fragment,256,755.6560000521131,51200000,1.0,200000,0,sha256:1a43e0ddf8cc02438cc76d27ba1cce86da34109d2e43dcc8ed7c9d581b95b39d,1,sha256:6bcd5ac47d5b4a187fe166e40413c3d0ad9a95c0471c75d724e409930d0b5c67,200000,20260717T134222171980Z,1333,mask_fragment-n200000-w256-m1000-s1333
mask_fragment,86a3c5594a7b0bd7b33efe4c4ffaf5dc0aa17226,late_mask_fragment,256,790.3163000009954,51200000,1.0,200000,1,sha256:92b825cb6ca6efd8c921ae328d9dcd567e5fc1cecda65d185180a168e33b45c9,1,sha256:6bcd5ac47d5b4a187fe166e40413c3d0ad9a95c0471c75d724e409930d0b5c67,200000,20260717T134222171980Z,1333,mask_fragment-n200000-w256-m1000-s1333
mask_fragment,86a3c5594a7b0bd7b33efe4c4ffaf5dc0aa17226,late_mask_fragment,256,876.8891000072472,51200000,1.0,200000,0,sha256:92b825cb6ca6efd8c921ae328d9dcd567e5fc1cecda65d185180a168e33b45c9,2,sha256:6bcd5ac47d5b4a187fe166e40413c3d0ad9a95c0471c75d724e409930d0b5c67,200000,20260717T134222171980Z,1333,mask_fragment-n200000-w256-m1000-s1333
mask_fragment,86a3c5594a7b0bd7b33efe4c4ffaf5dc0aa17226,early_mask_fragment,256,802.6528999907896,51200000,1.0,200000,1,sha256:1a43e0ddf8cc02438cc76d27ba1cce86da34109d2e43dcc8ed7c9d581b95b39d,2,sha256:6bcd5ac47d5b4a187fe166e40413c3d0ad9a95c0471c75d724e409930d0b5c67,200000,20260717T134222171980Z,1333,mask_fragment-n200000-w256-m1000-s1333
mask_fragment,86a3c5594a7b0bd7b33efe4c4ffaf5dc0aa17226,early_mask_fragment,256,775.5568000138737,51200000,1.0,200000,0,sha256:1a43e0ddf8cc02438cc76d27ba1cce86da34109d2e43dcc8ed7c9d581b95b39d,3,sha256:6bcd5ac47d5b4a187fe166e40413c3d0ad9a95c0471c75d724e409930d0b5c67,200000,20260717T134222171980Z,1333,mask_fragment-n200000-w256-m1000-s1333
mask_fragment,86a3c5594a7b0bd7b33efe4c4ffaf5dc0aa17226,late_mask_fragment,256,1008.6482999613509,51200000,1.0,200000,1,sha256:92b825cb6ca6efd8c921ae328d9dcd567e5fc1cecda65d185180a168e33b45c9,3,sha256:6bcd5ac47d5b4a187fe166e40413c3d0ad9a95c0471c75d724e409930d0b5c67,200000,20260717T134222171980Z,1333,mask_fragment-n200000-w256-m1000-s1333
mask_fragment,86a3c5594a7b0bd7b33efe4c4ffaf5dc0aa17226,late_mask_fragment,256,766.4896000060253,51200000,1.0,200000,0,sha256:92b825cb6ca6efd8c921ae328d9dcd567e5fc1cecda65d185180a168e33b45c9,4,sha256:6bcd5ac47d5b4a187fe166e40413c3d0ad9a95c0471c75d724e409930d0b5c67,200000,20260717T134222171980Z,1333,mask_fragment-n200000-w256-m1000-s1333
mask_fragment,86a3c5594a7b0bd7b33efe4c4ffaf5dc0aa17226,early_mask_fragment,256,752.0687999785878,51200000,1.0,200000,1,sha256:1a43e0ddf8cc02438cc76d27ba1cce86da34109d2e43dcc8ed7c9d581b95b39d,4,sha256:6bcd5ac47d5b4a187fe166e40413c3d0ad9a95c0471c75d724e409930d0b5c67,200000,20260717T134222171980Z,1333,mask_fragment-n200000-w256-m1000-s1333
mask_fragment,86a3c5594a7b0bd7b33efe4c4ffaf5dc0aa17226,early_mask_fragment,256,726.2881000060588,51200000,1.0,200000,0,sha256:1a43e0ddf8cc02438cc76d27ba1cce86da34109d2e43dcc8ed7c9d581b95b39d,5,sha256:6bcd5ac47d5b4a187fe166e40413c3d0ad9a95c0471c75d724e409930d0b5c67,200000,20260717T134222171980Z,1333,mask_fragment-n200000-w256-m1000-s1333
mask_fragment,86a3c5594a7b0bd7b33efe4c4ffaf5dc0aa17226,late_mask_fragment,256,983.2566999830306,51200000,1.0,200000,1,sha256:92b825cb6ca6efd8c921ae328d9dcd567e5fc1cecda65d185180a168e33b45c9,5,sha256:6bcd5ac47d5b4a187fe166e40413c3d0ad9a95c0471c75d724e409930d0b5c67,200000,20260717T134222171980Z,1333,mask_fragment-n200000-w256-m1000-s1333
mask_fragment,86a3c5594a7b0bd7b33efe4c4ffaf5dc0aa17226,late_mask_fragment,256,835.2048000087962,51200000,1.0,200000,0,sha256:92b825cb6ca6efd8c921ae328d9dcd567e5fc1cecda65d185180a168e33b45c9,6,sha256:6bcd5ac47d5b4a187fe166e40413c3d0ad9a95c0471c75d724e409930d0b5c67,200000,20260717T134222171980Z,1333,mask_fragment-n200000-w256-m1000-s1333
mask_fragment,86a3c5594a7b0bd7b33efe4c4ffaf5dc0aa17226,early_mask_fragment,256,806.4993000007235,51200000,1.0,200000,1,sha256:1a43e0ddf8cc02438cc76d27ba1cce86da34109d2e43dcc8ed7c9d581b95b39d,6,sha256:6bcd5ac47d5b4a187fe166e40413c3d0ad9a95c0471c75d724e409930d0b5c67,200000,20260717T134222171980Z,1333,mask_fragment-n200000-w256-m1000-s1333
mask_fragment,86a3c5594a7b0bd7b33efe4c4ffaf5dc0aa17226,early_mask_fragment,256,1943.540700012818,51200000,1.0,200000,0,sha256:1a43e0ddf8cc02438cc76d27ba1cce86da34109d2e43dcc8ed7c9d581b95b39d,7,sha256:6bcd5ac47d5b4a187fe166e40413c3d0ad9a95c0471c75d724e409930d0b5c67,200000,20260717T134222171980Z,1333,mask_fragment-n200000-w256-m1000-s1333
mask_fragment,86a3c5594a7b0bd7b33efe4c4ffaf5dc0aa17226,late_mask_fragment,256,767.8063999628648,51200000,1.0,200000,1,sha256:92b825cb6ca6efd8c921ae328d9dcd567e5fc1cecda65d185180a168e33b45c9,7,sha256:6bcd5ac47d5b4a187fe166e40413c3d0ad9a95c0471c75d724e409930d0b5c67,200000,20260717T134222171980Z,1333,mask_fragment-n200000-w256-m1000-s1333
mask_fragment,86a3c5594a7b0bd7b33efe4c4ffaf5dc0aa17226,late_mask_fragment,256,743.5401999973692,51200000,1.0,200000,0,sha256:92b825cb6ca6efd8c921ae328d9dcd567e5fc1cecda65d185180a168e33b45c9,8,sha256:6bcd5ac47d5b4a187fe166e40413c3d0ad9a95c0471c75d724e409930d0b5c67,200000,20260717T134222171980Z,1333,mask_fragment-n200000-w256-m1000-s1333
mask_fragment,86a3c5594a7b0bd7b33efe4c4ffaf5dc0aa17226,early_mask_fragment,256,749.3967000045814,51200000,1.0,200000,1,sha256:1a43e0ddf8cc02438cc76d27ba1cce86da34109d2e43dcc8ed7c9d581b95b39d,8,sha256:6bcd5ac47d5b4a187fe166e40413c3d0ad9a95c0471c75d724e409930d0b5c67,200000,20260717T134222171980Z,1333,mask_fragment-n200000-w256-m1000-s1333
mask_fragment,86a3c5594a7b0bd7b33efe4c4ffaf5dc0aa17226,early_mask_fragment,256,872.5265999673866,51200000,1.0,200000,0,sha256:1a43e0ddf8cc02438cc76d27ba1cce86da34109d2e43dcc8ed7c9d581b95b39d,9,sha256:6bcd5ac47d5b4a187fe166e40413c3d0ad9a95c0471c75d724e409930d0b5c67,200000,20260717T134222171980Z,1333,mask_fragment-n200000-w256-m1000-s1333
mask_fragment,86a3c5594a7b0bd7b33efe4c4ffaf5dc0aa17226,late_mask_fragment,256,753.8538000080734,51200000,1.0,200000,1,sha256:92b825cb6ca6efd8c921ae328d9dcd567e5fc1cecda65d185180a168e33b45c9,9,sha256:6bcd5ac47d5b4a187fe166e40413c3d0ad9a95c0471c75d724e409930d0b5c67,200000,20260717T134222171980Z,1333,mask_fragment-n200000-w256-m1000-s1333
mask_fragment,86a3c5594a7b0bd7b33efe4c4ffaf5dc0aa17226,late_mask_fragment,256,801.59280000953,51200000,1.0,200000,0,sha256:92b825cb6ca6efd8c921ae328d9dcd567e5fc1cecda65d185180a168e33b45c9,10,sha256:6bcd5ac47d5b4a187fe166e40413c3d0ad9a95c0471c75d724e409930d0b5c67,200000,20260717T134222171980Z,1333,mask_fragment-n200000-w256-m1000-s1333
mask_fragment,86a3c5594a7b0bd7b33efe4c4ffaf5dc0aa17226,early_mask_fragment,256,885.5060000205413,51200000,1.0,200000,1,sha256:1a43e0ddf8cc02438cc76d27ba1cce86da34109d2e43dcc8ed7c9d581b95b39d,10,sha256:6bcd5ac47d5b4a187fe166e40413c3d0ad9a95c0471c75d724e409930d0b5c67,200000,20260717T134222171980Z,1333,mask_fragment-n200000-w256-m1000-s1333
mask_fragment,86a3c5594a7b0bd7b33efe4c4ffaf5dc0aa17226,early_mask_fragment,256,723.1755999964662,51200000,1.0,200000,0,sha256:1a43e0ddf8cc02438cc76d27ba1cce86da34109d2e43dcc8ed7c9d581b95b39d,11,sha256:6bcd5ac47d5b4a187fe166e40413c3d0ad9a95c0471c75d724e409930d0b5c67,200000,20260717T134222171980Z,1333,mask_fragment-n200000-w256-m1000-s1333
mask_fragment,86a3c5594a7b0bd7b33efe4c4ffaf5dc0aa17226,late_mask_fragment,256,993.3413999970071,51200000,1.0,200000,1,sha256:92b825cb6ca6efd8c921ae328d9dcd567e5fc1cecda65d185180a168e33b45c9,11,sha256:6bcd5ac47d5b4a187fe166e40413c3d0ad9a95c0471c75d724e409930d0b5c67,200000,20260717T134222171980Z,1333,mask_fragment-n200000-w256-m1000-s1333
mask_fragment,86a3c5594a7b0bd7b33efe4c4ffaf5dc0aa17226,late_mask_fragment,256,997.3821000312455,51200000,1.0,200000,0,sha256:92b825cb6ca6efd8c921ae328d9dcd567e5fc1cecda65d185180a168e33b45c9,12,sha256:6bcd5ac47d5b4a187fe166e40413c3d0ad9a95c0471c75d724e409930d0b5c67,200000,20260717T134222171980Z,1333,mask_fragment-n200000-w256-m1000-s1333
mask_fragment,86a3c5594a7b0bd7b33efe4c4ffaf5dc0aa17226,early_mask_fragment,256,1047.7761999936774,51200000,1.0,200000,1,sha256:1a43e0ddf8cc02438cc76d27ba1cce86da34109d2e43dcc8ed7c9d581b95b39d,12,sha256:6bcd5ac47d5b4a187fe166e40413c3d0ad9a95c0471c75d724e409930d0b5c67,200000,20260717T134222171980Z,1333,mask_fragment-n200000-w256-m1000-s1333
mask_fragment,86a3c5594a7b0bd7b33efe4c4ffaf5dc0aa17226,early_mask_fragment,256,1052.5720999576151,51200000,1.0,200000,0,sha256:1a43e0ddf8cc02438cc76d27ba1cce86da34109d2e43dcc8ed7c9d581b95b39d,13,sha256:6bcd5ac47d5b4a187fe166e40413c3d0ad9a95c0471c75d724e409930d0b5c67,200000,20260717T134222171980Z,1333,mask_fragment-n200000-w256-m1000-s1333
mask_fragment,86a3c5594a7b0bd7b33efe4c4ffaf5dc0aa17226,late_mask_fragment,256,1074.6880000224337,51200000,1.0,200000,1,sha256:92b825cb6ca6efd8c921ae328d9dcd567e5fc1cecda65d185180a168e33b45c9,13,sha256:6bcd5ac47d5b4a187fe166e40413c3d0ad9a95c0471c75d724e409930d0b5c67,200000,20260717T134222171980Z,1333,mask_fragment-n200000-w256-m1000-s1333
mask_fragment,86a3c5594a7b0bd7b33efe4c4ffaf5dc0aa17226,late_mask_fragment,256,962.5821000081487,51200000,1.0,200000,0,sha256:92b825cb6ca6efd8c921ae328d9dcd567e5fc1cecda65d185180a168e33b45c9,14,sha256:6bcd5ac47d5b4a187fe166e40413c3d0ad9a95c0471c75d724e409930d0b5c67,200000,20260717T134222171980Z,1333,mask_fragment-n200000-w256-m1000-s1333
mask_fragment,86a3c5594a7b0bd7b33efe4c4ffaf5dc0aa17226,early_mask_fragment,256,756.1892000376247,51200000,1.0,200000,1,sha256:1a43e0ddf8cc02438cc76d27ba1cce86da34109d2e43dcc8ed7c9d581b95b39d,14,sha256:6bcd5ac47d5b4a187fe166e40413c3d0ad9a95c0471c75d724e409930d0b5c67,200000,20260717T134222171980Z,1333,mask_fragment-n200000-w256-m1000-s1333
mask_fragment,86a3c5594a7b0bd7b33efe4c4ffaf5dc0aa17226,late_mask_fragment,256,926.8703000270762,51200000,1.0,200000,0,sha256:92b825cb6ca6efd8c921ae328d9dcd567e5fc1cecda65d185180a168e33b45c9,0,sha256:c49807cd62946355e3275ed97c027cae5dbb1f5d97aec3fd9821b3e462b734ec,200000,20260717T134222171980Z,1444,mask_fragment-n200000-w256-m1000-s1444
mask_fragment,86a3c5594a7b0bd7b33efe4c4ffaf5dc0aa17226,early_mask_fragment,256,852.2406000411138,51200000,1.0,200000,1,sha256:1a43e0ddf8cc02438cc76d27ba1cce86da34109d2e43dcc8ed7c9d581b95b39d,0,sha256:c49807cd62946355e3275ed97c027cae5dbb1f5d97aec3fd9821b3e462b734ec,200000,20260717T134222171980Z,1444,mask_fragment-n200000-w256-m1000-s1444
mask_fragment,86a3c5594a7b0bd7b33efe4c4ffaf5dc0aa17226,early_mask_fragment,256,871.0614999872632,51200000,1.0,200000,0,sha256:1a43e0ddf8cc02438cc76d27ba1cce86da34109d2e43dcc8ed7c9d581b95b39d,1,sha256:c49807cd62946355e3275ed97c027cae5dbb1f5d97aec3fd9821b3e462b734ec,200000,20260717T134222171980Z,1444,mask_fragment-n200000-w256-m1000-s1444
mask_fragment,86a3c5594a7b0bd7b33efe4c4ffaf5dc0aa17226,late_mask_fragment,256,828.0430000158958,51200000,1.0,200000,1,sha256:92b825cb6ca6efd8c921ae328d9dcd567e5fc1cecda65d185180a168e33b45c9,1,sha256:c49807cd62946355e3275ed97c027cae5dbb1f5d97aec3fd9821b3e462b734ec,200000,20260717T134222171980Z,1444,mask_fragment-n200000-w256-m1000-s1444
mask_fragment,86a3c5594a7b0bd7b33efe4c4ffaf5dc0aa17226,late_mask_fragment,256,773.91530002933,51200000,1.0,200000,0,sha256:92b825cb6ca6efd8c921ae328d9dcd567e5fc1cecda65d185180a168e33b45c9,2,sha256:c49807cd62946355e3275ed97c027cae5dbb1f5d97aec3fd9821b3e462b734ec,200000,20260717T134222171980Z,1444,mask_fragment-n200000-w256-m1000-s1444
mask_fragment,86a3c5594a7b0bd7b33efe4c4ffaf5dc0aa17226,early_mask_fragment,256,834.5124999759719,51200000,1.0,200000,1,sha256:1a43e0ddf8cc02438cc76d27ba1cce86da34109d2e43dcc8ed7c9d581b95b39d,2,sha256:c49807cd62946355e3275ed97c027cae5dbb1f5d97aec3fd9821b3e462b734ec,200000,20260717T134222171980Z,1444,mask_fragment-n200000-w256-m1000-s1444
mask_fragment,86a3c5594a7b0bd7b33efe4c4ffaf5dc0aa17226,early_mask_fragment,256,835.8480000169948,51200000,1.0,200000,0,sha256:1a43e0ddf8cc02438cc76d27ba1cce86da34109d2e43dcc8ed7c9d581b95b39d,3,sha256:c49807cd62946355e3275ed97c027cae5dbb1f5d97aec3fd9821b3e462b734ec,200000,20260717T134222171980Z,1444,mask_fragment-n200000-w256-m1000-s1444
mask_fragment,86a3c5594a7b0bd7b33efe4c4ffaf5dc0aa17226,late_mask_fragment,256,902.4599000113085,51200000,1.0,200000,1,sha256:92b825cb6ca6efd8c921ae328d9dcd567e5fc1cecda65d185180a168e33b45c9,3,sha256:c49807cd62946355e3275ed97c027cae5dbb1f5d97aec3fd9821b3e462b734ec,200000,20260717T134222171980Z,1444,mask_fragment-n200000-w256-m1000-s1444
mask_fragment,86a3c5594a7b0bd7b33efe4c4ffaf5dc0aa17226,late_mask_fragment,256,966.7968999710865,51200000,1.0,200000,0,sha256:92b825cb6ca6efd8c921ae328d9dcd567e5fc1cecda65d185180a168e33b45c9,4,sha256:c49807cd62946355e3275ed97c027cae5dbb1f5d97aec3fd9821b3e462b734ec,200000,20260717T134222171980Z,1444,mask_fragment-n200000-w256-m1000-s1444
mask_fragment,86a3c5594a7b0bd7b33efe4c4ffaf5dc0aa17226,early_mask_fragment,256,1013.5518999886699,51200000,1.0,200000,1,sha256:1a43e0ddf8cc02438cc76d27ba1cce86da34109d2e43dcc8ed7c9d581b95b39d,4,sha256:c49807cd62946355e3275ed97c027cae5dbb1f5d97aec3fd9821b3e462b734ec,200000,20260717T134222171980Z,1444,mask_fragment-n200000-w256-m1000-s1444
mask_fragment,86a3c5594a7b0bd7b33efe4c4ffaf5dc0aa17226,early_mask_fragment,256,773.1468999991193,51200000,1.0,200000,0,sha256:1a43e0ddf8cc02438cc76d27ba1cce86da34109d2e43dcc8ed7c9d581b95b39d,5,sha256:c49807cd62946355e3275ed97c027cae5dbb1f5d97aec3fd9821b3e462b734ec,200000,20260717T134222171980Z,1444,mask_fragment-n200000-w256-m1000-s1444
mask_fragment,86a3c5594a7b0bd7b33efe4c4ffaf5dc0aa17226,late_mask_fragment,256,812.3168000020087,51200000,1.0,200000,1,sha256:92b825cb6ca6efd8c921ae328d9dcd567e5fc1cecda65d185180a168e33b45c9,5,sha256:c49807cd62946355e3275ed97c027cae5dbb1f5d97aec3fd9821b3e462b734ec,200000,20260717T134222171980Z,1444,mask_fragment-n200000-w256-m1000-s1444
mask_fragment,86a3c5594a7b0bd7b33efe4c4ffaf5dc0aa17226,late_mask_fragment,256,847.108100017067,51200000,1.0,200000,0,sha256:92b825cb6ca6efd8c921ae328d9dcd567e5fc1cecda65d185180a168e33b45c9,6,sha256:c49807cd62946355e3275ed97c027cae5dbb1f5d97aec3fd9821b3e462b734ec,200000,20260717T134222171980Z,1444,mask_fragment-n200000-w256-m1000-s1444
mask_fragment,86a3c5594a7b0bd7b33efe4c4ffaf5dc0aa17226,early_mask_fragment,256,850.6108000292443,51200000,1.0,200000,1,sha256:1a43e0ddf8cc02438cc76d27ba1cce86da34109d2e43dcc8ed7c9d581b95b39d,6,sha256:c49807cd62946355e3275ed97c027cae5dbb1f5d97aec3fd9821b3e462b734ec,200000,20260717T134222171980Z,1444,mask_fragment-n200000-w256-m1000-s1444
mask_fragment,86a3c5594a7b0bd7b33efe4c4ffaf5dc0aa17226,early_mask_fragment,256,732.8564000199549,51200000,1.0,200000,0,sha256:1a43e0ddf8cc02438cc76d27ba1cce86da34109d2e43dcc8ed7c9d581b95b39d,7,sha256:c49807cd62946355e3275ed97c027cae5dbb1f5d97aec3fd9821b3e462b734ec,200000,20260717T134222171980Z,1444,mask_fragment-n200000-w256-m1000-s1444
mask_fragment,86a3c5594a7b0bd7b33efe4c4ffaf5dc0aa17226,late_mask_fragment,256,787.6032000058331,51200000,1.0,200000,1,sha256:92b825cb6ca6efd8c921ae328d9dcd567e5fc1cecda65d185180a168e33b45c9,7,sha256:c49807cd62946355e3275ed97c027cae5dbb1f5d97aec3fd9821b3e462b734ec,200000,20260717T134222171980Z,1444,mask_fragment-n200000-w256-m1000-s1444
mask_fragment,86a3c5594a7b0bd7b33efe4c4ffaf5dc0aa17226,late_mask_fragment,256,1101.6706999507733,51200000,1.0,200000,0,sha256:92b825cb6ca6efd8c921ae328d9dcd567e5fc1cecda65d185180a168e33b45c9,8,sha256:c49807cd62946355e3275ed97c027cae5dbb1f5d97aec3fd9821b3e462b734ec,200000,20260717T134222171980Z,1444,mask_fragment-n200000-w256-m1000-s1444
mask_fragment,86a3c5594a7b0bd7b33efe4c4ffaf5dc0aa17226,early_mask_fragment,256,1080.5383999831975,51200000,1.0,200000,1,sha256:1a43e0ddf8cc02438cc76d27ba1cce86da34109d2e43dcc8ed7c9d581b95b39d,8,sha256:c49807cd62946355e3275ed97c027cae5dbb1f5d97aec3fd9821b3e462b734ec,200000,20260717T134222171980Z,1444,mask_fragment-n200000-w256-m1000-s1444
mask_fragment,86a3c5594a7b0bd7b33efe4c4ffaf5dc0aa17226,early_mask_fragment,256,1045.4002000042237,51200000,1.0,200000,0,sha256:1a43e0ddf8cc02438cc76d27ba1cce86da34109d2e43dcc8ed7c9d581b95b39d,9,sha256:c49807cd62946355e3275ed97c027cae5dbb1f5d97aec3fd9821b3e462b734ec,200000,20260717T134222171980Z,1444,mask_fragment-n200000-w256-m1000-s1444
mask_fragment,86a3c5594a7b0bd7b33efe4c4ffaf5dc0aa17226,late_mask_fragment,256,1210.120800009463,51200000,1.0,200000,1,sha256:92b825cb6ca6efd8c921ae328d9dcd567e5fc1cecda65d185180a168e33b45c9,9,sha256:c49807cd62946355e3275ed97c027cae5dbb1f5d97aec3fd9821b3e462b734ec,200000,20260717T134222171980Z,1444,mask_fragment-n200000-w256-m1000-s1444
mask_fragment,86a3c5594a7b0bd7b33efe4c4ffaf5dc0aa17226,late_mask_fragment,256,1176.7715999740176,51200000,1.0,200000,0,sha256:92b825cb6ca6efd8c921ae328d9dcd567e5fc1cecda65d185180a168e33b45c9,10,sha256:c49807cd62946355e3275ed97c027cae5dbb1f5d97aec3fd9821b3e462b734ec,200000,20260717T134222171980Z,1444,mask_fragment-n200000-w256-m1000-s1444
mask_fragment,86a3c5594a7b0bd7b33efe4c4ffaf5dc0aa17226,early_mask_fragment,256,1166.9206999940798,51200000,1.0,200000,1,sha256:1a43e0ddf8cc02438cc76d27ba1cce86da34109d2e43dcc8ed7c9d581b95b39d,10,sha256:c49807cd62946355e3275ed97c027cae5dbb1f5d97aec3fd9821b3e462b734ec,200000,20260717T134222171980Z,1444,mask_fragment-n200000-w256-m1000-s1444
mask_fragment,86a3c5594a7b0bd7b33efe4c4ffaf5dc0aa17226,early_mask_fragment,256,1069.773500028532,51200000,1.0,200000,0,sha256:1a43e0ddf8cc02438cc76d27ba1cce86da34109d2e43dcc8ed7c9d581b95b39d,11,sha256:c49807cd62946355e3275ed97c027cae5dbb1f5d97aec3fd9821b3e462b734ec,200000,20260717T134222171980Z,1444,mask_fragment-n200000-w256-m1000-s1444
mask_fragment,86a3c5594a7b0bd7b33efe4c4ffaf5dc0aa17226,late_mask_fragment,256,1055.9481999953277,51200000,1.0,200000,1,sha256:92b825cb6ca6efd8c921ae328d9dcd567e5fc1cecda65d185180a168e33b45c9,11,sha256:c49807cd62946355e3275ed97c027cae5dbb1f5d97aec3fd9821b3e462b734ec,200000,20260717T134222171980Z,1444,mask_fragment-n200000-w256-m1000-s1444
mask_fragment,86a3c5594a7b0bd7b33efe4c4ffaf5dc0aa17226,late_mask_fragment,256,1115.2935000136495,51200000,1.0,200000,0,sha256:92b825cb6ca6efd8c921ae328d9dcd567e5fc1cecda65d185180a168e33b45c9,12,sha256:c49807cd62946355e3275ed97c027cae5dbb1f5d97aec3fd9821b3e462b734ec,200000,20260717T134222171980Z,1444,mask_fragment-n200000-w256-m1000-s1444
mask_fragment,86a3c5594a7b0bd7b33efe4c4ffaf5dc0aa17226,early_mask_fragment,256,969.871899986174,51200000,1.0,200000,1,sha256:1a43e0ddf8cc02438cc76d27ba1cce86da34109d2e43dcc8ed7c9d581b95b39d,12,sha256:c49807cd62946355e3275ed97c027cae5dbb1f5d97aec3fd9821b3e462b734ec,200000,20260717T134222171980Z,1444,mask_fragment-n200000-w256-m1000-s1444
mask_fragment,86a3c5594a7b0bd7b33efe4c4ffaf5dc0aa17226,early_mask_fragment,256,841.4897000184283,51200000,1.0,200000,0,sha256:1a43e0ddf8cc02438cc76d27ba1cce86da34109d2e43dcc8ed7c9d581b95b39d,13,sha256:c49807cd62946355e3275ed97c027cae5dbb1f5d97aec3fd9821b3e462b734ec,200000,20260717T134222171980Z,1444,mask_fragment-n200000-w256-m1000-s1444
mask_fragment,86a3c5594a7b0bd7b33efe4c4ffaf5dc0aa17226,late_mask_fragment,256,855.767700006254,51200000,1.0,200000,1,sha256:92b825cb6ca6efd8c921ae328d9dcd567e5fc1cecda65d185180a168e33b45c9,13,sha256:c49807cd62946355e3275ed97c027cae5dbb1f5d97aec3fd9821b3e462b734ec,200000,20260717T134222171980Z,1444,mask_fragment-n200000-w256-m1000-s1444
mask_fragment,86a3c5594a7b0bd7b33efe4c4ffaf5dc0aa17226,late_mask_fragment,256,841.2180999876,51200000,1.0,200000,0,sha256:92b825cb6ca6efd8c921ae328d9dcd567e5fc1cecda65d185180a168e33b45c9,14,sha256:c49807cd62946355e3275ed97c027cae5dbb1f5d97aec3fd9821b3e462b734ec,200000,20260717T134222171980Z,1444,mask_fragment-n200000-w256-m1000-s1444
mask_fragment,86a3c5594a7b0bd7b33efe4c4ffaf5dc0aa17226,early_mask_fragment,256,718.7190999975428,51200000,1.0,200000,1,sha256:1a43e0ddf8cc02438cc76d27ba1cce86da34109d2e43dcc8ed7c9d581b95b39d,14,sha256:c49807cd62946355e3275ed97c027cae5dbb1f5d97aec3fd9821b3e462b734ec,200000,20260717T134222171980Z,1444,mask_fragment-n200000-w256-m1000-s1444
mask_fragment,86a3c5594a7b0bd7b33efe4c4ffaf5dc0aa17226,early_mask_fragment,256,870.5747000058182,51200000,1.0,200000,0,sha256:1a43e0ddf8cc02438cc76d27ba1cce86da34109d2e43dcc8ed7c9d581b95b39d,0,sha256:afa418cdbd04e1abdaca65540da2eaed79023f48bfca623a7bc0390493e7f3b7,200000,20260717T134222171980Z,1555,mask_fragment-n200000-w256-m1000-s1555
mask_fragment,86a3c5594a7b0bd7b33efe4c4ffaf5dc0aa17226,late_mask_fragment,256,1189.3189999973401,51200000,1.0,200000,1,sha256:92b825cb6ca6efd8c921ae328d9dcd567e5fc1cecda65d185180a168e33b45c9,0,sha256:afa418cdbd04e1abdaca65540da2eaed79023f48bfca623a7bc0390493e7f3b7,200000,20260717T134222171980Z,1555,mask_fragment-n200000-w256-m1000-s1555
mask_fragment,86a3c5594a7b0bd7b33efe4c4ffaf5dc0aa17226,late_mask_fragment,256,849.6668000007048,51200000,1.0,200000,0,sha256:92b825cb6ca6efd8c921ae328d9dcd567e5fc1cecda65d185180a168e33b45c9,1,sha256:afa418cdbd04e1abdaca65540da2eaed79023f48bfca623a7bc0390493e7f3b7,200000,20260717T134222171980Z,1555,mask_fragment-n200000-w256-m1000-s1555
mask_fragment,86a3c5594a7b0bd7b33efe4c4ffaf5dc0aa17226,early_mask_fragment,256,788.9983999775723,51200000,1.0,200000,1,sha256:1a43e0ddf8cc02438cc76d27ba1cce86da34109d2e43dcc8ed7c9d581b95b39d,1,sha256:afa418cdbd04e1abdaca65540da2eaed79023f48bfca623a7bc0390493e7f3b7,200000,20260717T134222171980Z,1555,mask_fragment-n200000-w256-m1000-s1555
mask_fragment,86a3c5594a7b0bd7b33efe4c4ffaf5dc0aa17226,early_mask_fragment,256,826.4053000020795,51200000,1.0,200000,0,sha256:1a43e0ddf8cc02438cc76d27ba1cce86da34109d2e43dcc8ed7c9d581b95b39d,2,sha256:afa418cdbd04e1abdaca65540da2eaed79023f48bfca623a7bc0390493e7f3b7,200000,20260717T134222171980Z,1555,mask_fragment-n200000-w256-m1000-s1555
mask_fragment,86a3c5594a7b0bd7b33efe4c4ffaf5dc0aa17226,late_mask_fragment,256,898.4781999606639,51200000,1.0,200000,1,sha256:92b825cb6ca6efd8c921ae328d9dcd567e5fc1cecda65d185180a168e33b45c9,2,sha256:afa418cdbd04e1abdaca65540da2eaed79023f48bfca623a7bc0390493e7f3b7,200000,20260717T134222171980Z,1555,mask_fragment-n200000-w256-m1000-s1555
mask_fragment,86a3c5594a7b0bd7b33efe4c4ffaf5dc0aa17226,late_mask_fragment,256,856.5429000300355,51200000,1.0,200000,0,sha256:92b825cb6ca6efd8c921ae328d9dcd567e5fc1cecda65d185180a168e33b45c9,3,sha256:afa418cdbd04e1abdaca65540da2eaed79023f48bfca623a7bc0390493e7f3b7,200000,20260717T134222171980Z,1555,mask_fragment-n200000-w256-m1000-s1555
mask_fragment,86a3c5594a7b0bd7b33efe4c4ffaf5dc0aa17226,early_mask_fragment,256,886.2245999625884,51200000,1.0,200000,1,sha256:1a43e0ddf8cc02438cc76d27ba1cce86da34109d2e43dcc8ed7c9d581b95b39d,3,sha256:afa418cdbd04e1abdaca65540da2eaed79023f48bfca623a7bc0390493e7f3b7,200000,20260717T134222171980Z,1555,mask_fragment-n200000-w256-m1000-s1555
mask_fragment,86a3c5594a7b0bd7b33efe4c4ffaf5dc0aa17226,early_mask_fragment,256,806.0540999867953,51200000,1.0,200000,0,sha256:1a43e0ddf8cc02438cc76d27ba1cce86da34109d2e43dcc8ed7c9d581b95b39d,4,sha256:afa418cdbd04e1abdaca65540da2eaed79023f48bfca623a7bc0390493e7f3b7,200000,20260717T134222171980Z,1555,mask_fragment-n200000-w256-m1000-s1555
mask_fragment,86a3c5594a7b0bd7b33efe4c4ffaf5dc0aa17226,late_mask_fragment,256,1088.4841000079177,51200000,1.0,200000,1,sha256:92b825cb6ca6efd8c921ae328d9dcd567e5fc1cecda65d185180a168e33b45c9,4,sha256:afa418cdbd04e1abdaca65540da2eaed79023f48bfca623a7bc0390493e7f3b7,200000,20260717T134222171980Z,1555,mask_fragment-n200000-w256-m1000-s1555
mask_fragment,86a3c5594a7b0bd7b33efe4c4ffaf5dc0aa17226,late_mask_fragment,256,1092.5140000181273,51200000,1.0,200000,0,sha256:92b825cb6ca6efd8c921ae328d9dcd567e5fc1cecda65d185180a168e33b45c9,5,sha256:afa418cdbd04e1abdaca65540da2eaed79023f48bfca623a7bc0390493e7f3b7,200000,20260717T134222171980Z,1555,mask_fragment-n200000-w256-m1000-s1555
mask_fragment,86a3c5594a7b0bd7b33efe4c4ffaf5dc0aa17226,early_mask_fragment,256,947.8089000331238,51200000,1.0,200000,1,sha256:1a43e0ddf8cc02438cc76d27ba1cce86da34109d2e43dcc8ed7c9d581b95b39d,5,sha256:afa418cdbd04e1abdaca65540da2eaed79023f48bfca623a7bc0390493e7f3b7,200000,20260717T134222171980Z,1555,mask_fragment-n200000-w256-m1000-s1555
mask_fragment,86a3c5594a7b0bd7b33efe4c4ffaf5dc0aa17226,early_mask_fragment,256,1015.8732000272721,51200000,1.0,200000,0,sha256:1a43e0ddf8cc02438cc76d27ba1cce86da34109d2e43dcc8ed7c9d581b95b39d,6,sha256:afa418cdbd04e1abdaca65540da2eaed79023f48bfca623a7bc0390493e7f3b7,200000,20260717T134222171980Z,1555,mask_fragment-n200000-w256-m1000-s1555
mask_fragment,86a3c5594a7b0bd7b33efe4c4ffaf5dc0aa17226,late_mask_fragment,256,1076.342000043951,51200000,1.0,200000,1,sha256:92b825cb6ca6efd8c921ae328d9dcd567e5fc1cecda65d185180a168e33b45c9,6,sha256:afa418cdbd04e1abdaca65540da2eaed79023f48bfca623a7bc0390493e7f3b7,200000,20260717T134222171980Z,1555,mask_fragment-n200000-w256-m1000-s1555
mask_fragment,86a3c5594a7b0bd7b33efe4c4ffaf5dc0aa17226,late_mask_fragment,256,777.7316000428982,51200000,1.0,200000,0,sha256:92b825cb6ca6efd8c921ae328d9dcd567e5fc1cecda65d185180a168e33b45c9,7,sha256:afa418cdbd04e1abdaca65540da2eaed79023f48bfca623a7bc0390493e7f3b7,200000,20260717T134222171980Z,1555,mask_fragment-n200000-w256-m1000-s1555
mask_fragment,86a3c5594a7b0bd7b33efe4c4ffaf5dc0aa17226,early_mask_fragment,256,768.5301000019535,51200000,1.0,200000,1,sha256:1a43e0ddf8cc02438cc76d27ba1cce86da34109d2e43dcc8ed7c9d581b95b39d,7,sha256:afa418cdbd04e1abdaca65540da2eaed79023f48bfca623a7bc0390493e7f3b7,200000,20260717T134222171980Z,1555,mask_fragment-n200000-w256-m1000-s1555
mask_fragment,86a3c5594a7b0bd7b33efe4c4ffaf5dc0aa17226,early_mask_fragment,256,854.10649998812,51200000,1.0,200000,0,sha256:1a43e0ddf8cc02438cc76d27ba1cce86da34109d2e43dcc8ed7c9d581b95b39d,8,sha256:afa418cdbd04e1abdaca65540da2eaed79023f48bfca623a7bc0390493e7f3b7,200000,20260717T134222171980Z,1555,mask_fragment-n200000-w256-m1000-s1555
mask_fragment,86a3c5594a7b0bd7b33efe4c4ffaf5dc0aa17226,late_mask_fragment,256,778.2927000080235,51200000,1.0,200000,1,sha256:92b825cb6ca6efd8c921ae328d9dcd567e5fc1cecda65d185180a168e33b45c9,8,sha256:afa418cdbd04e1abdaca65540da2eaed79023f48bfca623a7bc0390493e7f3b7,200000,20260717T134222171980Z,1555,mask_fragment-n200000-w256-m1000-s1555
mask_fragment,86a3c5594a7b0bd7b33efe4c4ffaf5dc0aa17226,late_mask_fragment,256,788.8931999914348,51200000,1.0,200000,0,sha256:92b825cb6ca6efd8c921ae328d9dcd567e5fc1cecda65d185180a168e33b45c9,9,sha256:afa418cdbd04e1abdaca65540da2eaed79023f48bfca623a7bc0390493e7f3b7,200000,20260717T134222171980Z,1555,mask_fragment-n200000-w256-m1000-s1555
mask_fragment,86a3c5594a7b0bd7b33efe4c4ffaf5dc0aa17226,early_mask_fragment,256,781.9260000251234,51200000,1.0,200000,1,sha256:1a43e0ddf8cc02438cc76d27ba1cce86da34109d2e43dcc8ed7c9d581b95b39d,9,sha256:afa418cdbd04e1abdaca65540da2eaed79023f48bfca623a7bc0390493e7f3b7,200000,20260717T134222171980Z,1555,mask_fragment-n200000-w256-m1000-s1555
mask_fragment,86a3c5594a7b0bd7b33efe4c4ffaf5dc0aa17226,early_mask_fragment,256,765.8744000364095,51200000,1.0,200000,0,sha256:1a43e0ddf8cc02438cc76d27ba1cce86da34109d2e43dcc8ed7c9d581b95b39d,10,sha256:afa418cdbd04e1abdaca65540da2eaed79023f48bfca623a7bc0390493e7f3b7,200000,20260717T134222171980Z,1555,mask_fragment-n200000-w256-m1000-s1555
mask_fragment,86a3c5594a7b0bd7b33efe4c4ffaf5dc0aa17226,late_mask_fragment,256,796.6401999583468,51200000,1.0,200000,1,sha256:92b825cb6ca6efd8c921ae328d9dcd567e5fc1cecda65d185180a168e33b45c9,10,sha256:afa418cdbd04e1abdaca65540da2eaed79023f48bfca623a7bc0390493e7f3b7,200000,20260717T134222171980Z,1555,mask_fragment-n200000-w256-m1000-s1555
mask_fragment,86a3c5594a7b0bd7b33efe4c4ffaf5dc0aa17226,late_mask_fragment,256,722.6302000344731,51200000,1.0,200000,0,sha256:92b825cb6ca6efd8c921ae328d9dcd567e5fc1cecda65d185180a168e33b45c9,11,sha256:afa418cdbd04e1abdaca65540da2eaed79023f48bfca623a7bc0390493e7f3b7,200000,20260717T134222171980Z,1555,mask_fragment-n200000-w256-m1000-s1555
mask_fragment,86a3c5594a7b0bd7b33efe4c4ffaf5dc0aa17226,early_mask_fragment,256,756.8428000085987,51200000,1.0,200000,1,sha256:1a43e0ddf8cc02438cc76d27ba1cce86da34109d2e43dcc8ed7c9d581b95b39d,11,sha256:afa418cdbd04e1abdaca65540da2eaed79023f48bfca623a7bc0390493e7f3b7,200000,20260717T134222171980Z,1555,mask_fragment-n200000-w256-m1000-s1555
mask_fragment,86a3c5594a7b0bd7b33efe4c4ffaf5dc0aa17226,early_mask_fragment,256,732.0366000058129,51200000,1.0,200000,0,sha256:1a43e0ddf8cc02438cc76d27ba1cce86da34109d2e43dcc8ed7c9d581b95b39d,12,sha256:afa418cdbd04e1abdaca65540da2eaed79023f48bfca623a7bc0390493e7f3b7,200000,20260717T134222171980Z,1555,mask_fragment-n200000-w256-m1000-s1555
mask_fragment,86a3c5594a7b0bd7b33efe4c4ffaf5dc0aa17226,late_mask_fragment,256,881.1467999476008,51200000,1.0,200000,1,sha256:92b825cb6ca6efd8c921ae328d9dcd567e5fc1cecda65d185180a168e33b45c9,12,sha256:afa418cdbd04e1abdaca65540da2eaed79023f48bfca623a7bc0390493e7f3b7,200000,20260717T134222171980Z,1555,mask_fragment-n200000-w256-m1000-s1555
mask_fragment,86a3c5594a7b0bd7b33efe4c4ffaf5dc0aa17226,late_mask_fragment,256,875.2687999513,51200000,1.0,200000,0,sha256:92b825cb6ca6efd8c921ae328d9dcd567e5fc1cecda65d185180a168e33b45c9,13,sha256:afa418cdbd04e1abdaca65540da2eaed79023f48bfca623a7bc0390493e7f3b7,200000,20260717T134222171980Z,1555,mask_fragment-n200000-w256-m1000-s1555
mask_fragment,86a3c5594a7b0bd7b33efe4c4ffaf5dc0aa17226,early_mask_fragment,256,816.9124000123702,51200000,1.0,200000,1,sha256:1a43e0ddf8cc02438cc76d27ba1cce86da34109d2e43dcc8ed7c9d581b95b39d,13,sha256:afa418cdbd04e1abdaca65540da2eaed79023f48bfca623a7bc0390493e7f3b7,200000,20260717T134222171980Z,1555,mask_fragment-n200000-w256-m1000-s1555
mask_fragment,86a3c5594a7b0bd7b33efe4c4ffaf5dc0aa17226,early_mask_fragment,256,726.7527999938466,51200000,1.0,200000,0,sha256:1a43e0ddf8cc02438cc76d27ba1cce86da34109d2e43dcc8ed7c9d581b95b39d,14,sha256:afa418cdbd04e1abdaca65540da2eaed79023f48bfca623a7bc0390493e7f3b7,200000,20260717T134222171980Z,1555,mask_fragment-n200000-w256-m1000-s1555
mask_fragment,86a3c5594a7b0bd7b33efe4c4ffaf5dc0aa17226,late_mask_fragment,256,841.8709000106901,51200000,1.0,200000,1,sha256:92b825cb6ca6efd8c921ae328d9dcd567e5fc1cecda65d185180a168e33b45c9,14,sha256:afa418cdbd04e1abdaca65540da2eaed79023f48bfca623a7bc0390493e7f3b7,200000,20260717T134222171980Z,1555,mask_fragment-n200000-w256-m1000-s1555
mask_fragment,86a3c5594a7b0bd7b33efe4c4ffaf5dc0aa17226,early_mask_fragment,512,1743.5372000327334,102400000,0.9,180000,0,sha256:1a43e0ddf8cc02438cc76d27ba1cce86da34109d2e43dcc8ed7c9d581b95b39d,0,sha256:f2a6e943c688ee97466efd95e52fc745cd4ade9de429fe3df5ee6398d0ccf772,200000,20260717T134222171980Z,1111,mask_fragment-n200000-w512-m0900-s1111
mask_fragment,86a3c5594a7b0bd7b33efe4c4ffaf5dc0aa17226,late_mask_fragment,512,1509.3814000138082,102400000,0.9,180000,1,sha256:18bd7fb3b6d02ff88c53bf4a74124c631590d7e276f031a9034dc7f9cb857902,0,sha256:f2a6e943c688ee97466efd95e52fc745cd4ade9de429fe3df5ee6398d0ccf772,200000,20260717T134222171980Z,1111,mask_fragment-n200000-w512-m0900-s1111
mask_fragment,86a3c5594a7b0bd7b33efe4c4ffaf5dc0aa17226,late_mask_fragment,512,1155.535499972757,102400000,0.9,180000,0,sha256:18bd7fb3b6d02ff88c53bf4a74124c631590d7e276f031a9034dc7f9cb857902,1,sha256:f2a6e943c688ee97466efd95e52fc745cd4ade9de429fe3df5ee6398d0ccf772,200000,20260717T134222171980Z,1111,mask_fragment-n200000-w512-m0900-s1111
mask_fragment,86a3c5594a7b0bd7b33efe4c4ffaf5dc0aa17226,early_mask_fragment,512,1104.003999964334,102400000,0.9,180000,1,sha256:1a43e0ddf8cc02438cc76d27ba1cce86da34109d2e43dcc8ed7c9d581b95b39d,1,sha256:f2a6e943c688ee97466efd95e52fc745cd4ade9de429fe3df5ee6398d0ccf772,200000,20260717T134222171980Z,1111,mask_fragment-n200000-w512-m0900-s1111
mask_fragment,86a3c5594a7b0bd7b33efe4c4ffaf5dc0aa17226,early_mask_fragment,512,1277.5305000250228,102400000,0.9,180000,0,sha256:1a43e0ddf8cc02438cc76d27ba1cce86da34109d2e43dcc8ed7c9d581b95b39d,2,sha256:f2a6e943c688ee97466efd95e52fc745cd4ade9de429fe3df5ee6398d0ccf772,200000,20260717T134222171980Z,1111,mask_fragment-n200000-w512-m0900-s1111
mask_fragment,86a3c5594a7b0bd7b33efe4c4ffaf5dc0aa17226,late_mask_fragment,512,1189.7441999753937,102400000,0.9,180000,1,sha256:18bd7fb3b6d02ff88c53bf4a74124c631590d7e276f031a9034dc7f9cb857902,2,sha256:f2a6e943c688ee97466efd95e52fc745cd4ade9de429fe3df5ee6398d0ccf772,200000,20260717T134222171980Z,1111,mask_fragment-n200000-w512-m0900-s1111
mask_fragment,86a3c5594a7b0bd7b33efe4c4ffaf5dc0aa17226,late_mask_fragment,512,1267.9803999490105,102400000,0.9,180000,0,sha256:18bd7fb3b6d02ff88c53bf4a74124c631590d7e276f031a9034dc7f9cb857902,3,sha256:f2a6e943c688ee97466efd95e52fc745cd4ade9de429fe3df5ee6398d0ccf772,200000,20260717T134222171980Z,1111,mask_fragment-n200000-w512-m0900-s1111
mask_fragment,86a3c5594a7b0bd7b33efe4c4ffaf5dc0aa17226,early_mask_fragment,512,1268.751900002826,102400000,0.9,180000,1,sha256:1a43e0ddf8cc02438cc76d27ba1cce86da34109d2e43dcc8ed7c9d581b95b39d,3,sha256:f2a6e943c688ee97466efd95e52fc745cd4ade9de429fe3df5ee6398d0ccf772,200000,20260717T134222171980Z,1111,mask_fragment-n200000-w512-m0900-s1111
mask_fragment,86a3c5594a7b0bd7b33efe4c4ffaf5dc0aa17226,early_mask_fragment,512,1124.4430000078864,102400000,0.9,180000,0,sha256:1a43e0ddf8cc02438cc76d27ba1cce86da34109d2e43dcc8ed7c9d581b95b39d,4,sha256:f2a6e943c688ee97466efd95e52fc745cd4ade9de429fe3df5ee6398d0ccf772,200000,20260717T134222171980Z,1111,mask_fragment-n200000-w512-m0900-s1111
mask_fragment,86a3c5594a7b0bd7b33efe4c4ffaf5dc0aa17226,late_mask_fragment,512,1291.863700025715,102400000,0.9,180000,1,sha256:18bd7fb3b6d02ff88c53bf4a74124c631590d7e276f031a9034dc7f9cb857902,4,sha256:f2a6e943c688ee97466efd95e52fc745cd4ade9de429fe3df5ee6398d0ccf772,200000,20260717T134222171980Z,1111,mask_fragment-n200000-w512-m0900-s1111
mask_fragment,86a3c5594a7b0bd7b33efe4c4ffaf5dc0aa17226,late_mask_fragment,512,1260.052600002382,102400000,0.9,180000,0,sha256:18bd7fb3b6d02ff88c53bf4a74124c631590d7e276f031a9034dc7f9cb857902,5,sha256:f2a6e943c688ee97466efd95e52fc745cd4ade9de429fe3df5ee6398d0ccf772,200000,20260717T134222171980Z,1111,mask_fragment-n200000-w512-m0900-s1111
mask_fragment,86a3c5594a7b0bd7b33efe4c4ffaf5dc0aa17226,early_mask_fragment,512,1343.105599982664,102400000,0.9,180000,1,sha256:1a43e0ddf8cc02438cc76d27ba1cce86da34109d2e43dcc8ed7c9d581b95b39d,5,sha256:f2a6e943c688ee97466efd95e52fc745cd4ade9de429fe3df5ee6398d0ccf772,200000,20260717T134222171980Z,1111,mask_fragment-n200000-w512-m0900-s1111
mask_fragment,86a3c5594a7b0bd7b33efe4c4ffaf5dc0aa17226,early_mask_fragment,512,1279.487700026948,102400000,0.9,180000,0,sha256:1a43e0ddf8cc02438cc76d27ba1cce86da34109d2e43dcc8ed7c9d581b95b39d,6,sha256:f2a6e943c688ee97466efd95e52fc745cd4ade9de429fe3df5ee6398d0ccf772,200000,20260717T134222171980Z,1111,mask_fragment-n200000-w512-m0900-s1111
mask_fragment,86a3c5594a7b0bd7b33efe4c4ffaf5dc0aa17226,late_mask_fragment,512,1121.704299992416,102400000,0.9,180000,1,sha256:18bd7fb3b6d02ff88c53bf4a74124c631590d7e276f031a9034dc7f9cb857902,6,sha256:f2a6e943c688ee97466efd95e52fc745cd4ade9de429fe3df5ee6398d0ccf772,200000,20260717T134222171980Z,1111,mask_fragment-n200000-w512-m0900-s1111
mask_fragment,86a3c5594a7b0bd7b33efe4c4ffaf5dc0aa17226,late_mask_fragment,512,1309.5272000064142,102400000,0.9,180000,0,sha256:18bd7fb3b6d02ff88c53bf4a74124c631590d7e276f031a9034dc7f9cb857902,7,sha256:f2a6e943c688ee97466efd95e52fc745cd4ade9de429fe3df5ee6398d0ccf772,200000,20260717T134222171980Z,1111,mask_fragment-n200000-w512-m0900-s1111
mask_fragment,86a3c5594a7b0bd7b33efe4c4ffaf5dc0aa17226,early_mask_fragment,512,1150.2769999788143,102400000,0.9,180000,1,sha256:1a43e0ddf8cc02438cc76d27ba1cce86da34109d2e43dcc8ed7c9d581b95b39d,7,sha256:f2a6e943c688ee97466efd95e52fc745cd4ade9de429fe3df5ee6398d0ccf772,200000,20260717T134222171980Z,1111,mask_fragment-n200000-w512-m0900-s1111
mask_fragment,86a3c5594a7b0bd7b33efe4c4ffaf5dc0aa17226,early_mask_fragment,512,1346.1220000172034,102400000,0.9,180000,0,sha256:1a43e0ddf8cc02438cc76d27ba1cce86da34109d2e43dcc8ed7c9d581b95b39d,8,sha256:f2a6e943c688ee97466efd95e52fc745cd4ade9de429fe3df5ee6398d0ccf772,200000,20260717T134222171980Z,1111,mask_fragment-n200000-w512-m0900-s1111
mask_fragment,86a3c5594a7b0bd7b33efe4c4ffaf5dc0aa17226,late_mask_fragment,512,1208.2259000162594,102400000,0.9,180000,1,sha256:18bd7fb3b6d02ff88c53bf4a74124c631590d7e276f031a9034dc7f9cb857902,8,sha256:f2a6e943c688ee97466efd95e52fc745cd4ade9de429fe3df5ee6398d0ccf772,200000,20260717T134222171980Z,1111,mask_fragment-n200000-w512-m0900-s1111
mask_fragment,86a3c5594a7b0bd7b33efe4c4ffaf5dc0aa17226,late_mask_fragment,512,1166.8187000323087,102400000,0.9,180000,0,sha256:18bd7fb3b6d02ff88c53bf4a74124c631590d7e276f031a9034dc7f9cb857902,9,sha256:f2a6e943c688ee97466efd95e52fc745cd4ade9de429fe3df5ee6398d0ccf772,200000,20260717T134222171980Z,1111,mask_fragment-n200000-w512-m0900-s1111
mask_fragment,86a3c5594a7b0bd7b33efe4c4ffaf5dc0aa17226,early_mask_fragment,512,1294.3749999976717,102400000,0.9,180000,1,sha256:1a43e0ddf8cc02438cc76d27ba1cce86da34109d2e43dcc8ed7c9d581b95b39d,9,sha256:f2a6e943c688ee97466efd95e52fc745cd4ade9de429fe3df5ee6398d0ccf772,200000,20260717T134222171980Z,1111,mask_fragment-n200000-w512-m0900-s1111
mask_fragment,86a3c5594a7b0bd7b33efe4c4ffaf5dc0aa17226,early_mask_fragment,512,1194.2035999963991,102400000,0.9,180000,0,sha256:1a43e0ddf8cc02438cc76d27ba1cce86da34109d2e43dcc8ed7c9d581b95b39d,10,sha256:f2a6e943c688ee97466efd95e52fc745cd4ade9de429fe3df5ee6398d0ccf772,200000,20260717T134222171980Z,1111,mask_fragment-n200000-w512-m0900-s1111
mask_fragment,86a3c5594a7b0bd7b33efe4c4ffaf5dc0aa17226,late_mask_fragment,512,1366.0613000392914,102400000,0.9,180000,1,sha256:18bd7fb3b6d02ff88c53bf4a74124c631590d7e276f031a9034dc7f9cb857902,10,sha256:f2a6e943c688ee97466efd95e52fc745cd4ade9de429fe3df5ee6398d0ccf772,200000,20260717T134222171980Z,1111,mask_fragment-n200000-w512-m0900-s1111
mask_fragment,86a3c5594a7b0bd7b33efe4c4ffaf5dc0aa17226,late_mask_fragment,512,1460.9000000054948,102400000,0.9,180000,0,sha256:18bd7fb3b6d02ff88c53bf4a74124c631590d7e276f031a9034dc7f9cb857902,11,sha256:f2a6e943c688ee97466efd95e52fc745cd4ade9de429fe3df5ee6398d0ccf772,200000,20260717T134222171980Z,1111,mask_fragment-n200000-w512-m0900-s1111
mask_fragment,86a3c5594a7b0bd7b33efe4c4ffaf5dc0aa17226,early_mask_fragment,512,1420.0890000211075,102400000,0.9,180000,1,sha256:1a43e0ddf8cc02438cc76d27ba1cce86da34109d2e43dcc8ed7c9d581b95b39d,11,sha256:f2a6e943c688ee97466efd95e52fc745cd4ade9de429fe3df5ee6398d0ccf772,200000,20260717T134222171980Z,1111,mask_fragment-n200000-w512-m0900-s1111
mask_fragment,86a3c5594a7b0bd7b33efe4c4ffaf5dc0aa17226,early_mask_fragment,512,1522.2482000244781,102400000,0.9,180000,0,sha256:1a43e0ddf8cc02438cc76d27ba1cce86da34109d2e43dcc8ed7c9d581b95b39d,12,sha256:f2a6e943c688ee97466efd95e52fc745cd4ade9de429fe3df5ee6398d0ccf772,200000,20260717T134222171980Z,1111,mask_fragment-n200000-w512-m0900-s1111
mask_fragment,86a3c5594a7b0bd7b33efe4c4ffaf5dc0aa17226,late_mask_fragment,512,1308.03889996605,102400000,0.9,180000,1,sha256:18bd7fb3b6d02ff88c53bf4a74124c631590d7e276f031a9034dc7f9cb857902,12,sha256:f2a6e943c688ee97466efd95e52fc745cd4ade9de429fe3df5ee6398d0ccf772,200000,20260717T134222171980Z,1111,mask_fragment-n200000-w512-m0900-s1111
mask_fragment,86a3c5594a7b0bd7b33efe4c4ffaf5dc0aa17226,late_mask_fragment,512,1290.1196000166237,102400000,0.9,180000,0,sha256:18bd7fb3b6d02ff88c53bf4a74124c631590d7e276f031a9034dc7f9cb857902,13,sha256:f2a6e943c688ee97466efd95e52fc745cd4ade9de429fe3df5ee6398d0ccf772,200000,20260717T134222171980Z,1111,mask_fragment-n200000-w512-m0900-s1111
mask_fragment,86a3c5594a7b0bd7b33efe4c4ffaf5dc0aa17226,early_mask_fragment,512,1293.1439999956638,102400000,0.9,180000,1,sha256:1a43e0ddf8cc02438cc76d27ba1cce86da34109d2e43dcc8ed7c9d581b95b39d,13,sha256:f2a6e943c688ee97466efd95e52fc745cd4ade9de429fe3df5ee6398d0ccf772,200000,20260717T134222171980Z,1111,mask_fragment-n200000-w512-m0900-s1111
mask_fragment,86a3c5594a7b0bd7b33efe4c4ffaf5dc0aa17226,early_mask_fragment,512,1214.3755999859422,102400000,0.9,180000,0,sha256:1a43e0ddf8cc02438cc76d27ba1cce86da34109d2e43dcc8ed7c9d581b95b39d,14,sha256:f2a6e943c688ee97466efd95e52fc745cd4ade9de429fe3df5ee6398d0ccf772,200000,20260717T134222171980Z,1111,mask_fragment-n200000-w512-m0900-s1111
mask_fragment,86a3c5594a7b0bd7b33efe4c4ffaf5dc0aa17226,late_mask_fragment,512,1200.443700014148,102400000,0.9,180000,1,sha256:18bd7fb3b6d02ff88c53bf4a74124c631590d7e276f031a9034dc7f9cb857902,14,sha256:f2a6e943c688ee97466efd95e52fc745cd4ade9de429fe3df5ee6398d0ccf772,200000,20260717T134222171980Z,1111,mask_fragment-n200000-w512-m0900-s1111
mask_fragment,86a3c5594a7b0bd7b33efe4c4ffaf5dc0aa17226,early_mask_fragment,512,1668.263899977319,102400000,0.9,180000,0,sha256:1a43e0ddf8cc02438cc76d27ba1cce86da34109d2e43dcc8ed7c9d581b95b39d,0,sha256:e19f5489716ee18f8dea79d5bfdc562268965be0e8835fa314ec0d4677236318,200000,20260717T134222171980Z,1222,mask_fragment-n200000-w512-m0900-s1222
mask_fragment,86a3c5594a7b0bd7b33efe4c4ffaf5dc0aa17226,late_mask_fragment,512,1502.1739999647252,102400000,0.9,180000,1,sha256:18bd7fb3b6d02ff88c53bf4a74124c631590d7e276f031a9034dc7f9cb857902,0,sha256:e19f5489716ee18f8dea79d5bfdc562268965be0e8835fa314ec0d4677236318,200000,20260717T134222171980Z,1222,mask_fragment-n200000-w512-m0900-s1222
mask_fragment,86a3c5594a7b0bd7b33efe4c4ffaf5dc0aa17226,late_mask_fragment,512,1647.3621999612078,102400000,0.9,180000,0,sha256:18bd7fb3b6d02ff88c53bf4a74124c631590d7e276f031a9034dc7f9cb857902,1,sha256:e19f5489716ee18f8dea79d5bfdc562268965be0e8835fa314ec0d4677236318,200000,20260717T134222171980Z,1222,mask_fragment-n200000-w512-m0900-s1222
mask_fragment,86a3c5594a7b0bd7b33efe4c4ffaf5dc0aa17226,early_mask_fragment,512,1487.758399976883,102400000,0.9,180000,1,sha256:1a43e0ddf8cc02438cc76d27ba1cce86da34109d2e43dcc8ed7c9d581b95b39d,1,sha256:e19f5489716ee18f8dea79d5bfdc562268965be0e8835fa314ec0d4677236318,200000,20260717T134222171980Z,1222,mask_fragment-n200000-w512-m0900-s1222
mask_fragment,86a3c5594a7b0bd7b33efe4c4ffaf5dc0aa17226,early_mask_fragment,512,1745.420399995055,102400000,0.9,180000,0,sha256:1a43e0ddf8cc02438cc76d27ba1cce86da34109d2e43dcc8ed7c9d581b95b39d,2,sha256:e19f5489716ee18f8dea79d5bfdc562268965be0e8835fa314ec0d4677236318,200000,20260717T134222171980Z,1222,mask_fragment-n200000-w512-m0900-s1222
mask_fragment,86a3c5594a7b0bd7b33efe4c4ffaf5dc0aa17226,late_mask_fragment,512,1596.9153000041842,102400000,0.9,180000,1,sha256:18bd7fb3b6d02ff88c53bf4a74124c631590d7e276f031a9034dc7f9cb857902,2,sha256:e19f5489716ee18f8dea79d5bfdc562268965be0e8835fa314ec0d4677236318,200000,20260717T134222171980Z,1222,mask_fragment-n200000-w512-m0900-s1222
mask_fragment,86a3c5594a7b0bd7b33efe4c4ffaf5dc0aa17226,late_mask_fragment,512,1244.8693999904208,102400000,0.9,180000,0,sha256:18bd7fb3b6d02ff88c53bf4a74124c631590d7e276f031a9034dc7f9cb857902,3,sha256:e19f5489716ee18f8dea79d5bfdc562268965be0e8835fa314ec0d4677236318,200000,20260717T134222171980Z,1222,mask_fragment-n200000-w512-m0900-s1222
mask_fragment,86a3c5594a7b0bd7b33efe4c4ffaf5dc0aa17226,early_mask_fragment,512,1238.5877999477088,102400000,0.9,180000,1,sha256:1a43e0ddf8cc02438cc76d27ba1cce86da34109d2e43dcc8ed7c9d581b95b39d,3,sha256:e19f5489716ee18f8dea79d5bfdc562268965be0e8835fa314ec0d4677236318,200000,20260717T134222171980Z,1222,mask_fragment-n200000-w512-m0900-s1222
mask_fragment,86a3c5594a7b0bd7b33efe4c4ffaf5dc0aa17226,early_mask_fragment,512,1332.5793000403792,102400000,0.9,180000,0,sha256:1a43e0ddf8cc02438cc76d27ba1cce86da34109d2e43dcc8ed7c9d581b95b39d,4,sha256:e19f5489716ee18f8dea79d5bfdc562268965be0e8835fa314ec0d4677236318,200000,20260717T134222171980Z,1222,mask_fragment-n200000-w512-m0900-s1222
mask_fragment,86a3c5594a7b0bd7b33efe4c4ffaf5dc0aa17226,late_mask_fragment,512,1211.5103999967687,102400000,0.9,180000,1,sha256:18bd7fb3b6d02ff88c53bf4a74124c631590d7e276f031a9034dc7f9cb857902,4,sha256:e19f5489716ee18f8dea79d5bfdc562268965be0e8835fa314ec0d4677236318,200000,20260717T134222171980Z,1222,mask_fragment-n200000-w512-m0900-s1222
mask_fragment,86a3c5594a7b0bd7b33efe4c4ffaf5dc0aa17226,late_mask_fragment,512,1246.6585999936797,102400000,0.9,180000,0,sha256:18bd7fb3b6d02ff88c53bf4a74124c631590d7e276f031a9034dc7f9cb857902,5,sha256:e19f5489716ee18f8dea79d5bfdc562268965be0e8835fa314ec0d4677236318,200000,20260717T134222171980Z,1222,mask_fragment-n200000-w512-m0900-s1222
mask_fragment,86a3c5594a7b0bd7b33efe4c4ffaf5dc0aa17226,early_mask_fragment,512,1404.2219999828376,102400000,0.9,180000,1,sha256:1a43e0ddf8cc02438cc76d27ba1cce86da34109d2e43dcc8ed7c9d581b95b39d,5,sha256:e19f5489716ee18f8dea79d5bfdc562268965be0e8835fa314ec0d4677236318,200000,20260717T134222171980Z,1222,mask_fragment-n200000-w512-m0900-s1222
mask_fragment,86a3c5594a7b0bd7b33efe4c4ffaf5dc0aa17226,early_mask_fragment,512,1264.1240999801084,102400000,0.9,180000,0,sha256:1a43e0ddf8cc02438cc76d27ba1cce86da34109d2e43dcc8ed7c9d581b95b39d,6,sha256:e19f5489716ee18f8dea79d5bfdc562268965be0e8835fa314ec0d4677236318,200000,20260717T134222171980Z,1222,mask_fragment-n200000-w512-m0900-s1222
mask_fragment,86a3c5594a7b0bd7b33efe4c4ffaf5dc0aa17226,late_mask_fragment,512,1290.340000006836,102400000,0.9,180000,1,sha256:18bd7fb3b6d02ff88c53bf4a74124c631590d7e276f031a9034dc7f9cb857902,6,sha256:e19f5489716ee18f8dea79d5bfdc562268965be0e8835fa314ec0d4677236318,200000,20260717T134222171980Z,1222,mask_fragment-n200000-w512-m0900-s1222
mask_fragment,86a3c5594a7b0bd7b33efe4c4ffaf5dc0aa17226,late_mask_fragment,512,1126.395399973262,102400000,0.9,180000,0,sha256:18bd7fb3b6d02ff88c53bf4a74124c631590d7e276f031a9034dc7f9cb857902,7,sha256:e19f5489716ee18f8dea79d5bfdc562268965be0e8835fa314ec0d4677236318,200000,20260717T134222171980Z,1222,mask_fragment-n200000-w512-m0900-s1222
mask_fragment,86a3c5594a7b0bd7b33efe4c4ffaf5dc0aa17226,early_mask_fragment,512,1184.3179000425152,102400000,0.9,180000,1,sha256:1a43e0ddf8cc02438cc76d27ba1cce86da34109d2e43dcc8ed7c9d581b95b39d,7,sha256:e19f5489716ee18f8dea79d5bfdc562268965be0e8835fa314ec0d4677236318,200000,20260717T134222171980Z,1222,mask_fragment-n200000-w512-m0900-s1222
mask_fragment,86a3c5594a7b0bd7b33efe4c4ffaf5dc0aa17226,early_mask_fragment,512,1330.7344000204466,102400000,0.9,180000,0,sha256:1a43e0ddf8cc02438cc76d27ba1cce86da34109d2e43dcc8ed7c9d581b95b39d,8,sha256:e19f5489716ee18f8dea79d5bfdc562268965be0e8835fa314ec0d4677236318,200000,20260717T134222171980Z,1222,mask_fragment-n200000-w512-m0900-s1222
mask_fragment,86a3c5594a7b0bd7b33efe4c4ffaf5dc0aa17226,late_mask_fragment,512,1095.1404999941587,102400000,0.9,180000,1,sha256:18bd7fb3b6d02ff88c53bf4a74124c631590d7e276f031a9034dc7f9cb857902,8,sha256:e19f5489716ee18f8dea79d5bfdc562268965be0e8835fa314ec0d4677236318,200000,20260717T134222171980Z,1222,mask_fragment-n200000-w512-m0900-s1222
mask_fragment,86a3c5594a7b0bd7b33efe4c4ffaf5dc0aa17226,late_mask_fragment,512,1152.1673000534065,102400000,0.9,180000,0,sha256:18bd7fb3b6d02ff88c53bf4a74124c631590d7e276f031a9034dc7f9cb857902,9,sha256:e19f5489716ee18f8dea79d5bfdc562268965be0e8835fa314ec0d4677236318,200000,20260717T134222171980Z,1222,mask_fragment-n200000-w512-m0900-s1222
mask_fragment,86a3c5594a7b0bd7b33efe4c4ffaf5dc0aa17226,early_mask_fragment,512,1213.636900007259,102400000,0.9,180000,1,sha256:1a43e0ddf8cc02438cc76d27ba1cce86da34109d2e43dcc8ed7c9d581b95b39d,9,sha256:e19f5489716ee18f8dea79d5bfdc562268965be0e8835fa314ec0d4677236318,200000,20260717T134222171980Z,1222,mask_fragment-n200000-w512-m0900-s1222
mask_fragment,86a3c5594a7b0bd7b33efe4c4ffaf5dc0aa17226,early_mask_fragment,512,1191.527999995742,102400000,0.9,180000,0,sha256:1a43e0ddf8cc02438cc76d27ba1cce86da34109d2e43dcc8ed7c9d581b95b39d,10,sha256:e19f5489716ee18f8dea79d5bfdc562268965be0e8835fa314ec0d4677236318,200000,20260717T134222171980Z,1222,mask_fragment-n200000-w512-m0900-s1222
mask_fragment,86a3c5594a7b0bd7b33efe4c4ffaf5dc0aa17226,late_mask_fragment,512,1327.7438000077382,102400000,0.9,180000,1,sha256:18bd7fb3b6d02ff88c53bf4a74124c631590d7e276f031a9034dc7f9cb857902,10,sha256:e19f5489716ee18f8dea79d5bfdc562268965be0e8835fa314ec0d4677236318,200000,20260717T134222171980Z,1222,mask_fragment-n200000-w512-m0900-s1222
mask_fragment,86a3c5594a7b0bd7b33efe4c4ffaf5dc0aa17226,late_mask_fragment,512,1287.8247000044212,102400000,0.9,180000,0,sha256:18bd7fb3b6d02ff88c53bf4a74124c631590d7e276f031a9034dc7f9cb857902,11,sha256:e19f5489716ee18f8dea79d5bfdc562268965be0e8835fa314ec0d4677236318,200000,20260717T134222171980Z,1222,mask_fragment-n200000-w512-m0900-s1222
mask_fragment,86a3c5594a7b0bd7b33efe4c4ffaf5dc0aa17226,early_mask_fragment,512,1163.5690000257455,102400000,0.9,180000,1,sha256:1a43e0ddf8cc02438cc76d27ba1cce86da34109d2e43dcc8ed7c9d581b95b39d,11,sha256:e19f5489716ee18f8dea79d5bfdc562268965be0e8835fa314ec0d4677236318,200000,20260717T134222171980Z,1222,mask_fragment-n200000-w512-m0900-s1222
mask_fragment,86a3c5594a7b0bd7b33efe4c4ffaf5dc0aa17226,early_mask_fragment,512,1172.4239999894053,102400000,0.9,180000,0,sha256:1a43e0ddf8cc02438cc76d27ba1cce86da34109d2e43dcc8ed7c9d581b95b39d,12,sha256:e19f5489716ee18f8dea79d5bfdc562268965be0e8835fa314ec0d4677236318,200000,20260717T134222171980Z,1222,mask_fragment-n200000-w512-m0900-s1222
mask_fragment,86a3c5594a7b0bd7b33efe4c4ffaf5dc0aa17226,late_mask_fragment,512,1286.6126000299118,102400000,0.9,180000,1,sha256:18bd7fb3b6d02ff88c53bf4a74124c631590d7e276f031a9034dc7f9cb857902,12,sha256:e19f5489716ee18f8dea79d5bfdc562268965be0e8835fa314ec0d4677236318,200000,20260717T134222171980Z,1222,mask_fragment-n200000-w512-m0900-s1222
mask_fragment,86a3c5594a7b0bd7b33efe4c4ffaf5dc0aa17226,late_mask_fragment,512,1580.0577000482008,102400000,0.9,180000,0,sha256:18bd7fb3b6d02ff88c53bf4a74124c631590d7e276f031a9034dc7f9cb857902,13,sha256:e19f5489716ee18f8dea79d5bfdc562268965be0e8835fa314ec0d4677236318,200000,20260717T134222171980Z,1222,mask_fragment-n200000-w512-m0900-s1222
mask_fragment,86a3c5594a7b0bd7b33efe4c4ffaf5dc0aa17226,early_mask_fragment,512,1730.6093000224791,102400000,0.9,180000,1,sha256:1a43e0ddf8cc02438cc76d27ba1cce86da34109d2e43dcc8ed7c9d581b95b39d,13,sha256:e19f5489716ee18f8dea79d5bfdc562268965be0e8835fa314ec0d4677236318,200000,20260717T134222171980Z,1222,mask_fragment-n200000-w512-m0900-s1222
mask_fragment,86a3c5594a7b0bd7b33efe4c4ffaf5dc0aa17226,early_mask_fragment,512,1562.884699960705,102400000,0.9,180000,0,sha256:1a43e0ddf8cc02438cc76d27ba1cce86da34109d2e43dcc8ed7c9d581b95b39d,14,sha256:e19f5489716ee18f8dea79d5bfdc562268965be0e8835fa314ec0d4677236318,200000,20260717T134222171980Z,1222,mask_fragment-n200000-w512-m0900-s1222
mask_fragment,86a3c5594a7b0bd7b33efe4c4ffaf5dc0aa17226,late_mask_fragment,512,1337.6442000153475,102400000,0.9,180000,1,sha256:18bd7fb3b6d02ff88c53bf4a74124c631590d7e276f031a9034dc7f9cb857902,14,sha256:e19f5489716ee18f8dea79d5bfdc562268965be0e8835fa314ec0d4677236318,200000,20260717T134222171980Z,1222,mask_fragment-n200000-w512-m0900-s1222
mask_fragment,86a3c5594a7b0bd7b33efe4c4ffaf5dc0aa17226,early_mask_fragment,512,1175.47169997124,102400000,0.9,180000,0,sha256:1a43e0ddf8cc02438cc76d27ba1cce86da34109d2e43dcc8ed7c9d581b95b39d,0,sha256:970b9b3dd3c77c36056427633f7c9b000cb192d272f04f7d254132a0a6f9ed9a,200000,20260717T134222171980Z,1333,mask_fragment-n200000-w512-m0900-s1333
mask_fragment,86a3c5594a7b0bd7b33efe4c4ffaf5dc0aa17226,late_mask_fragment,512,1264.383799978532,102400000,0.9,180000,1,sha256:18bd7fb3b6d02ff88c53bf4a74124c631590d7e276f031a9034dc7f9cb857902,0,sha256:970b9b3dd3c77c36056427633f7c9b000cb192d272f04f7d254132a0a6f9ed9a,200000,20260717T134222171980Z,1333,mask_fragment-n200000-w512-m0900-s1333
mask_fragment,86a3c5594a7b0bd7b33efe4c4ffaf5dc0aa17226,late_mask_fragment,512,1430.7124000042677,102400000,0.9,180000,0,sha256:18bd7fb3b6d02ff88c53bf4a74124c631590d7e276f031a9034dc7f9cb857902,1,sha256:970b9b3dd3c77c36056427633f7c9b000cb192d272f04f7d254132a0a6f9ed9a,200000,20260717T134222171980Z,1333,mask_fragment-n200000-w512-m0900-s1333
mask_fragment,86a3c5594a7b0bd7b33efe4c4ffaf5dc0aa17226,early_mask_fragment,512,1345.9516000002623,102400000,0.9,180000,1,sha256:1a43e0ddf8cc02438cc76d27ba1cce86da34109d2e43dcc8ed7c9d581b95b39d,1,sha256:970b9b3dd3c77c36056427633f7c9b000cb192d272f04f7d254132a0a6f9ed9a,200000,20260717T134222171980Z,1333,mask_fragment-n200000-w512-m0900-s1333
mask_fragment,86a3c5594a7b0bd7b33efe4c4ffaf5dc0aa17226,early_mask_fragment,512,1334.5374999917112,102400000,0.9,180000,0,sha256:1a43e0ddf8cc02438cc76d27ba1cce86da34109d2e43dcc8ed7c9d581b95b39d,2,sha256:970b9b3dd3c77c36056427633f7c9b000cb192d272f04f7d254132a0a6f9ed9a,200000,20260717T134222171980Z,1333,mask_fragment-n200000-w512-m0900-s1333
mask_fragment,86a3c5594a7b0bd7b33efe4c4ffaf5dc0aa17226,late_mask_fragment,512,1185.203100030776,102400000,0.9,180000,1,sha256:18bd7fb3b6d02ff88c53bf4a74124c631590d7e276f031a9034dc7f9cb857902,2,sha256:970b9b3dd3c77c36056427633f7c9b000cb192d272f04f7d254132a0a6f9ed9a,200000,20260717T134222171980Z,1333,mask_fragment-n200000-w512-m0900-s1333
mask_fragment,86a3c5594a7b0bd7b33efe4c4ffaf5dc0aa17226,late_mask_fragment,512,1299.7935999883339,102400000,0.9,180000,0,sha256:18bd7fb3b6d02ff88c53bf4a74124c631590d7e276f031a9034dc7f9cb857902,3,sha256:970b9b3dd3c77c36056427633f7c9b000cb192d272f04f7d254132a0a6f9ed9a,200000,20260717T134222171980Z,1333,mask_fragment-n200000-w512-m0900-s1333
mask_fragment,86a3c5594a7b0bd7b33efe4c4ffaf5dc0aa17226,early_mask_fragment,512,1217.8915000404231,102400000,0.9,180000,1,sha256:1a43e0ddf8cc02438cc76d27ba1cce86da34109d2e43dcc8ed7c9d581b95b39d,3,sha256:970b9b3dd3c77c36056427633f7c9b000cb192d272f04f7d254132a0a6f9ed9a,200000,20260717T134222171980Z,1333,mask_fragment-n200000-w512-m0900-s1333
mask_fragment,86a3c5594a7b0bd7b33efe4c4ffaf5dc0aa17226,early_mask_fragment,512,1517.6700999727473,102400000,0.9,180000,0,sha256:1a43e0ddf8cc02438cc76d27ba1cce86da34109d2e43dcc8ed7c9d581b95b39d,4,sha256:970b9b3dd3c77c36056427633f7c9b000cb192d272f04f7d254132a0a6f9ed9a,200000,20260717T134222171980Z,1333,mask_fragment-n200000-w512-m0900-s1333
mask_fragment,86a3c5594a7b0bd7b33efe4c4ffaf5dc0aa17226,late_mask_fragment,512,1638.0366999655962,102400000,0.9,180000,1,sha256:18bd7fb3b6d02ff88c53bf4a74124c631590d7e276f031a9034dc7f9cb857902,4,sha256:970b9b3dd3c77c36056427633f7c9b000cb192d272f04f7d254132a0a6f9ed9a,200000,20260717T134222171980Z,1333,mask_fragment-n200000-w512-m0900-s1333
mask_fragment,86a3c5594a7b0bd7b33efe4c4ffaf5dc0aa17226,late_mask_fragment,512,1686.6981000057422,102400000,0.9,180000,0,sha256:18bd7fb3b6d02ff88c53bf4a74124c631590d7e276f031a9034dc7f9cb857902,5,sha256:970b9b3dd3c77c36056427633f7c9b000cb192d272f04f7d254132a0a6f9ed9a,200000,20260717T134222171980Z,1333,mask_fragment-n200000-w512-m0900-s1333
mask_fragment,86a3c5594a7b0bd7b33efe4c4ffaf5dc0aa17226,early_mask_fragment,512,1255.0521000521258,102400000,0.9,180000,1,sha256:1a43e0ddf8cc02438cc76d27ba1cce86da34109d2e43dcc8ed7c9d581b95b39d,5,sha256:970b9b3dd3c77c36056427633f7c9b000cb192d272f04f7d254132a0a6f9ed9a,200000,20260717T134222171980Z,1333,mask_fragment-n200000-w512-m0900-s1333
mask_fragment,86a3c5594a7b0bd7b33efe4c4ffaf5dc0aa17226,early_mask_fragment,512,1298.2559999800287,102400000,0.9,180000,0,sha256:1a43e0ddf8cc02438cc76d27ba1cce86da34109d2e43dcc8ed7c9d581b95b39d,6,sha256:970b9b3dd3c77c36056427633f7c9b000cb192d272f04f7d254132a0a6f9ed9a,200000,20260717T134222171980Z,1333,mask_fragment-n200000-w512-m0900-s1333
mask_fragment,86a3c5594a7b0bd7b33efe4c4ffaf5dc0aa17226,late_mask_fragment,512,1337.0536000002176,102400000,0.9,180000,1,sha256:18bd7fb3b6d02ff88c53bf4a74124c631590d7e276f031a9034dc7f9cb857902,6,sha256:970b9b3dd3c77c36056427633f7c9b000cb192d272f04f7d254132a0a6f9ed9a,200000,20260717T134222171980Z,1333,mask_fragment-n200000-w512-m0900-s1333
mask_fragment,86a3c5594a7b0bd7b33efe4c4ffaf5dc0aa17226,late_mask_fragment,512,1349.988600006327,102400000,0.9,180000,0,sha256:18bd7fb3b6d02ff88c53bf4a74124c631590d7e276f031a9034dc7f9cb857902,7,sha256:970b9b3dd3c77c36056427633f7c9b000cb192d272f04f7d254132a0a6f9ed9a,200000,20260717T134222171980Z,1333,mask_fragment-n200000-w512-m0900-s1333
mask_fragment,86a3c5594a7b0bd7b33efe4c4ffaf5dc0aa17226,early_mask_fragment,512,1314.8970999754965,102400000,0.9,180000,1,sha256:1a43e0ddf8cc02438cc76d27ba1cce86da34109d2e43dcc8ed7c9d581b95b39d,7,sha256:970b9b3dd3c77c36056427633f7c9b000cb192d272f04f7d254132a0a6f9ed9a,200000,20260717T134222171980Z,1333,mask_fragment-n200000-w512-m0900-s1333
mask_fragment,86a3c5594a7b0bd7b33efe4c4ffaf5dc0aa17226,early_mask_fragment,512,1174.357800045982,102400000,0.9,180000,0,sha256:1a43e0ddf8cc02438cc76d27ba1cce86da34109d2e43dcc8ed7c9d581b95b39d,8,sha256:970b9b3dd3c77c36056427633f7c9b000cb192d272f04f7d254132a0a6f9ed9a,200000,20260717T134222171980Z,1333,mask_fragment-n200000-w512-m0900-s1333
mask_fragment,86a3c5594a7b0bd7b33efe4c4ffaf5dc0aa17226,late_mask_fragment,512,1208.7951000430621,102400000,0.9,180000,1,sha256:18bd7fb3b6d02ff88c53bf4a74124c631590d7e276f031a9034dc7f9cb857902,8,sha256:970b9b3dd3c77c36056427633f7c9b000cb192d272f04f7d254132a0a6f9ed9a,200000,20260717T134222171980Z,1333,mask_fragment-n200000-w512-m0900-s1333
mask_fragment,86a3c5594a7b0bd7b33efe4c4ffaf5dc0aa17226,late_mask_fragment,512,1199.322700034827,102400000,0.9,180000,0,sha256:18bd7fb3b6d02ff88c53bf4a74124c631590d7e276f031a9034dc7f9cb857902,9,sha256:970b9b3dd3c77c36056427633f7c9b000cb192d272f04f7d254132a0a6f9ed9a,200000,20260717T134222171980Z,1333,mask_fragment-n200000-w512-m0900-s1333
mask_fragment,86a3c5594a7b0bd7b33efe4c4ffaf5dc0aa17226,early_mask_fragment,512,1230.1560000050813,102400000,0.9,180000,1,sha256:1a43e0ddf8cc02438cc76d27ba1cce86da34109d2e43dcc8ed7c9d581b95b39d,9,sha256:970b9b3dd3c77c36056427633f7c9b000cb192d272f04f7d254132a0a6f9ed9a,200000,20260717T134222171980Z,1333,mask_fragment-n200000-w512-m0900-s1333
mask_fragment,86a3c5594a7b0bd7b33efe4c4ffaf5dc0aa17226,early_mask_fragment,512,1180.1366999861784,102400000,0.9,180000,0,sha256:1a43e0ddf8cc02438cc76d27ba1cce86da34109d2e43dcc8ed7c9d581b95b39d,10,sha256:970b9b3dd3c77c36056427633f7c9b000cb192d272f04f7d254132a0a6f9ed9a,200000,20260717T134222171980Z,1333,mask_fragment-n200000-w512-m0900-s1333
mask_fragment,86a3c5594a7b0bd7b33efe4c4ffaf5dc0aa17226,late_mask_fragment,512,1214.569500007201,102400000,0.9,180000,1,sha256:18bd7fb3b6d02ff88c53bf4a74124c631590d7e276f031a9034dc7f9cb857902,10,sha256:970b9b3dd3c77c36056427633f7c9b000cb192d272f04f7d254132a0a6f9ed9a,200000,20260717T134222171980Z,1333,mask_fragment-n200000-w512-m0900-s1333
mask_fragment,86a3c5594a7b0bd7b33efe4c4ffaf5dc0aa17226,late_mask_fragment,512,1164.9781999876723,102400000,0.9,180000,0,sha256:18bd7fb3b6d02ff88c53bf4a74124c631590d7e276f031a9034dc7f9cb857902,11,sha256:970b9b3dd3c77c36056427633f7c9b000cb192d272f04f7d254132a0a6f9ed9a,200000,20260717T134222171980Z,1333,mask_fragment-n200000-w512-m0900-s1333
mask_fragment,86a3c5594a7b0bd7b33efe4c4ffaf5dc0aa17226,early_mask_fragment,512,1131.5355999977328,102400000,0.9,180000,1,sha256:1a43e0ddf8cc02438cc76d27ba1cce86da34109d2e43dcc8ed7c9d581b95b39d,11,sha256:970b9b3dd3c77c36056427633f7c9b000cb192d272f04f7d254132a0a6f9ed9a,200000,20260717T134222171980Z,1333,mask_fragment-n200000-w512-m0900-s1333
mask_fragment,86a3c5594a7b0bd7b33efe4c4ffaf5dc0aa17226,early_mask_fragment,512,1191.0134000354446,102400000,0.9,180000,0,sha256:1a43e0ddf8cc02438cc76d27ba1cce86da34109d2e43dcc8ed7c9d581b95b39d,12,sha256:970b9b3dd3c77c36056427633f7c9b000cb192d272f04f7d254132a0a6f9ed9a,200000,20260717T134222171980Z,1333,mask_fragment-n200000-w512-m0900-s1333
mask_fragment,86a3c5594a7b0bd7b33efe4c4ffaf5dc0aa17226,late_mask_fragment,512,1264.8923000087962,102400000,0.9,180000,1,sha256:18bd7fb3b6d02ff88c53bf4a74124c631590d7e276f031a9034dc7f9cb857902,12,sha256:970b9b3dd3c77c36056427633f7c9b000cb192d272f04f7d254132a0a6f9ed9a,200000,20260717T134222171980Z,1333,mask_fragment-n200000-w512-m0900-s1333
mask_fragment,86a3c5594a7b0bd7b33efe4c4ffaf5dc0aa17226,late_mask_fragment,512,1358.0097999656573,102400000,0.9,180000,0,sha256:18bd7fb3b6d02ff88c53bf4a74124c631590d7e276f031a9034dc7f9cb857902,13,sha256:970b9b3dd3c77c36056427633f7c9b000cb192d272f04f7d254132a0a6f9ed9a,200000,20260717T134222171980Z,1333,mask_fragment-n200000-w512-m0900-s1333
mask_fragment,86a3c5594a7b0bd7b33efe4c4ffaf5dc0aa17226,early_mask_fragment,512,1319.5597999729216,102400000,0.9,180000,1,sha256:1a43e0ddf8cc02438cc76d27ba1cce86da34109d2e43dcc8ed7c9d581b95b39d,13,sha256:970b9b3dd3c77c36056427633f7c9b000cb192d272f04f7d254132a0a6f9ed9a,200000,20260717T134222171980Z,1333,mask_fragment-n200000-w512-m0900-s1333
mask_fragment,86a3c5594a7b0bd7b33efe4c4ffaf5dc0aa17226,early_mask_fragment,512,1318.7694999505766,102400000,0.9,180000,0,sha256:1a43e0ddf8cc02438cc76d27ba1cce86da34109d2e43dcc8ed7c9d581b95b39d,14,sha256:970b9b3dd3c77c36056427633f7c9b000cb192d272f04f7d254132a0a6f9ed9a,200000,20260717T134222171980Z,1333,mask_fragment-n200000-w512-m0900-s1333
mask_fragment,86a3c5594a7b0bd7b33efe4c4ffaf5dc0aa17226,late_mask_fragment,512,1354.64250005316,102400000,0.9,180000,1,sha256:18bd7fb3b6d02ff88c53bf4a74124c631590d7e276f031a9034dc7f9cb857902,14,sha256:970b9b3dd3c77c36056427633f7c9b000cb192d272f04f7d254132a0a6f9ed9a,200000,20260717T134222171980Z,1333,mask_fragment-n200000-w512-m0900-s1333
mask_fragment,86a3c5594a7b0bd7b33efe4c4ffaf5dc0aa17226,late_mask_fragment,512,1160.2150999824516,102400000,0.9,180000,0,sha256:18bd7fb3b6d02ff88c53bf4a74124c631590d7e276f031a9034dc7f9cb857902,0,sha256:531a0653ad60cd1924fd484035f74766dd546f9d6f3a0c2dff1bb8479de89ed3,200000,20260717T134222171980Z,1444,mask_fragment-n200000-w512-m0900-s1444
mask_fragment,86a3c5594a7b0bd7b33efe4c4ffaf5dc0aa17226,early_mask_fragment,512,1539.7728999960236,102400000,0.9,180000,1,sha256:1a43e0ddf8cc02438cc76d27ba1cce86da34109d2e43dcc8ed7c9d581b95b39d,0,sha256:531a0653ad60cd1924fd484035f74766dd546f9d6f3a0c2dff1bb8479de89ed3,200000,20260717T134222171980Z,1444,mask_fragment-n200000-w512-m0900-s1444
mask_fragment,86a3c5594a7b0bd7b33efe4c4ffaf5dc0aa17226,early_mask_fragment,512,1143.1447999784723,102400000,0.9,180000,0,sha256:1a43e0ddf8cc02438cc76d27ba1cce86da34109d2e43dcc8ed7c9d581b95b39d,1,sha256:531a0653ad60cd1924fd484035f74766dd546f9d6f3a0c2dff1bb8479de89ed3,200000,20260717T134222171980Z,1444,mask_fragment-n200000-w512-m0900-s1444
mask_fragment,86a3c5594a7b0bd7b33efe4c4ffaf5dc0aa17226,late_mask_fragment,512,1288.5741000063717,102400000,0.9,180000,1,sha256:18bd7fb3b6d02ff88c53bf4a74124c631590d7e276f031a9034dc7f9cb857902,1,sha256:531a0653ad60cd1924fd484035f74766dd546f9d6f3a0c2dff1bb8479de89ed3,200000,20260717T134222171980Z,1444,mask_fragment-n200000-w512-m0900-s1444
mask_fragment,86a3c5594a7b0bd7b33efe4c4ffaf5dc0aa17226,late_mask_fragment,512,1178.5405999980867,102400000,0.9,180000,0,sha256:18bd7fb3b6d02ff88c53bf4a74124c631590d7e276f031a9034dc7f9cb857902,2,sha256:531a0653ad60cd1924fd484035f74766dd546f9d6f3a0c2dff1bb8479de89ed3,200000,20260717T134222171980Z,1444,mask_fragment-n200000-w512-m0900-s1444
mask_fragment,86a3c5594a7b0bd7b33efe4c4ffaf5dc0aa17226,early_mask_fragment,512,1202.7103999862447,102400000,0.9,180000,1,sha256:1a43e0ddf8cc02438cc76d27ba1cce86da34109d2e43dcc8ed7c9d581b95b39d,2,sha256:531a0653ad60cd1924fd484035f74766dd546f9d6f3a0c2dff1bb8479de89ed3,200000,20260717T134222171980Z,1444,mask_fragment-n200000-w512-m0900-s1444
mask_fragment,86a3c5594a7b0bd7b33efe4c4ffaf5dc0aa17226,early_mask_fragment,512,1389.114800025709,102400000,0.9,180000,0,sha256:1a43e0ddf8cc02438cc76d27ba1cce86da34109d2e43dcc8ed7c9d581b95b39d,3,sha256:531a0653ad60cd1924fd484035f74766dd546f9d6f3a0c2dff1bb8479de89ed3,200000,20260717T134222171980Z,1444,mask_fragment-n200000-w512-m0900-s1444
mask_fragment,86a3c5594a7b0bd7b33efe4c4ffaf5dc0aa17226,late_mask_fragment,512,1131.279600027483,102400000,0.9,180000,1,sha256:18bd7fb3b6d02ff88c53bf4a74124c631590d7e276f031a9034dc7f9cb857902,3,sha256:531a0653ad60cd1924fd484035f74766dd546f9d6f3a0c2dff1bb8479de89ed3,200000,20260717T134222171980Z,1444,mask_fragment-n200000-w512-m0900-s1444
mask_fragment,86a3c5594a7b0bd7b33efe4c4ffaf5dc0aa17226,late_mask_fragment,512,1097.9900000384077,102400000,0.9,180000,0,sha256:18bd7fb3b6d02ff88c53bf4a74124c631590d7e276f031a9034dc7f9cb857902,4,sha256:531a0653ad60cd1924fd484035f74766dd546f9d6f3a0c2dff1bb8479de89ed3,200000,20260717T134222171980Z,1444,mask_fragment-n200000-w512-m0900-s1444
mask_fragment,86a3c5594a7b0bd7b33efe4c4ffaf5dc0aa17226,early_mask_fragment,512,1153.3342000329867,102400000,0.9,180000,1,sha256:1a43e0ddf8cc02438cc76d27ba1cce86da34109d2e43dcc8ed7c9d581b95b39d,4,sha256:531a0653ad60cd1924fd484035f74766dd546f9d6f3a0c2dff1bb8479de89ed3,200000,20260717T134222171980Z,1444,mask_fragment-n200000-w512-m0900-s1444
mask_fragment,86a3c5594a7b0bd7b33efe4c4ffaf5dc0aa17226,early_mask_fragment,512,1270.514700037893,102400000,0.9,180000,0,sha256:1a43e0ddf8cc02438cc76d27ba1cce86da34109d2e43dcc8ed7c9d581b95b39d,5,sha256:531a0653ad60cd1924fd484035f74766dd546f9d6f3a0c2dff1bb8479de89ed3,200000,20260717T134222171980Z,1444,mask_fragment-n200000-w512-m0900-s1444
mask_fragment,86a3c5594a7b0bd7b33efe4c4ffaf5dc0aa17226,late_mask_fragment,512,1324.6281999745406,102400000,0.9,180000,1,sha256:18bd7fb3b6d02ff88c53bf4a74124c631590d7e276f031a9034dc7f9cb857902,5,sha256:531a0653ad60cd1924fd484035f74766dd546f9d6f3a0c2dff1bb8479de89ed3,200000,20260717T134222171980Z,1444,mask_fragment-n200000-w512-m0900-s1444
mask_fragment,86a3c5594a7b0bd7b33efe4c4ffaf5dc0aa17226,late_mask_fragment,512,1272.12740003597,102400000,0.9,180000,0,sha256:18bd7fb3b6d02ff88c53bf4a74124c631590d7e276f031a9034dc7f9cb857902,6,sha256:531a0653ad60cd1924fd484035f74766dd546f9d6f3a0c2dff1bb8479de89ed3,200000,20260717T134222171980Z,1444,mask_fragment-n200000-w512-m0900-s1444
mask_fragment,86a3c5594a7b0bd7b33efe4c4ffaf5dc0aa17226,early_mask_fragment,512,1298.5633999924175,102400000,0.9,180000,1,sha256:1a43e0ddf8cc02438cc76d27ba1cce86da34109d2e43dcc8ed7c9d581b95b39d,6,sha256:531a0653ad60cd1924fd484035f74766dd546f9d6f3a0c2dff1bb8479de89ed3,200000,20260717T134222171980Z,1444,mask_fragment-n200000-w512-m0900-s1444
mask_fragment,86a3c5594a7b0bd7b33efe4c4ffaf5dc0aa17226,early_mask_fragment,512,1418.5969000100158,102400000,0.9,180000,0,sha256:1a43e0ddf8cc02438cc76d27ba1cce86da34109d2e43dcc8ed7c9d581b95b39d,7,sha256:531a0653ad60cd1924fd484035f74766dd546f9d6f3a0c2dff1bb8479de89ed3,200000,20260717T134222171980Z,1444,mask_fragment-n200000-w512-m0900-s1444
mask_fragment,86a3c5594a7b0bd7b33efe4c4ffaf5dc0aa17226,late_mask_fragment,512,1147.2434000461362,102400000,0.9,180000,1,sha256:18bd7fb3b6d02ff88c53bf4a74124c631590d7e276f031a9034dc7f9cb857902,7,sha256:531a0653ad60cd1924fd484035f74766dd546f9d6f3a0c2dff1bb8479de89ed3,200000,20260717T134222171980Z,1444,mask_fragment-n200000-w512-m0900-s1444
mask_fragment,86a3c5594a7b0bd7b33efe4c4ffaf5dc0aa17226,late_mask_fragment,512,1152.8381999814883,102400000,0.9,180000,0,sha256:18bd7fb3b6d02ff88c53bf4a74124c631590d7e276f031a9034dc7f9cb857902,8,sha256:531a0653ad60cd1924fd484035f74766dd546f9d6f3a0c2dff1bb8479de89ed3,200000,20260717T134222171980Z,1444,mask_fragment-n200000-w512-m0900-s1444
mask_fragment,86a3c5594a7b0bd7b33efe4c4ffaf5dc0aa17226,early_mask_fragment,512,1232.4870000011288,102400000,0.9,180000,1,sha256:1a43e0ddf8cc02438cc76d27ba1cce86da34109d2e43dcc8ed7c9d581b95b39d,8,sha256:531a0653ad60cd1924fd484035f74766dd546f9d6f3a0c2dff1bb8479de89ed3,200000,20260717T134222171980Z,1444,mask_fragment-n200000-w512-m0900-s1444
mask_fragment,86a3c5594a7b0bd7b33efe4c4ffaf5dc0aa17226,early_mask_fragment,512,1336.8661000276916,102400000,0.9,180000,0,sha256:1a43e0ddf8cc02438cc76d27ba1cce86da34109d2e43dcc8ed7c9d581b95b39d,9,sha256:531a0653ad60cd1924fd484035f74766dd546f9d6f3a0c2dff1bb8479de89ed3,200000,20260717T134222171980Z,1444,mask_fragment-n200000-w512-m0900-s1444
mask_fragment,86a3c5594a7b0bd7b33efe4c4ffaf5dc0aa17226,late_mask_fragment,512,1314.448099990841,102400000,0.9,180000,1,sha256:18bd7fb3b6d02ff88c53bf4a74124c631590d7e276f031a9034dc7f9cb857902,9,sha256:531a0653ad60cd1924fd484035f74766dd546f9d6f3a0c2dff1bb8479de89ed3,200000,20260717T134222171980Z,1444,mask_fragment-n200000-w512-m0900-s1444
mask_fragment,86a3c5594a7b0bd7b33efe4c4ffaf5dc0aa17226,late_mask_fragment,512,1270.1725999941118,102400000,0.9,180000,0,sha256:18bd7fb3b6d02ff88c53bf4a74124c631590d7e276f031a9034dc7f9cb857902,10,sha256:531a0653ad60cd1924fd484035f74766dd546f9d6f3a0c2dff1bb8479de89ed3,200000,20260717T134222171980Z,1444,mask_fragment-n200000-w512-m0900-s1444
mask_fragment,86a3c5594a7b0bd7b33efe4c4ffaf5dc0aa17226,early_mask_fragment,512,1314.9350000312552,102400000,0.9,180000,1,sha256:1a43e0ddf8cc02438cc76d27ba1cce86da34109d2e43dcc8ed7c9d581b95b39d,10,sha256:531a0653ad60cd1924fd484035f74766dd546f9d6f3a0c2dff1bb8479de89ed3,200000,20260717T134222171980Z,1444,mask_fragment-n200000-w512-m0900-s1444
mask_fragment,86a3c5594a7b0bd7b33efe4c4ffaf5dc0aa17226,early_mask_fragment,512,1310.7891000108793,102400000,0.9,180000,0,sha256:1a43e0ddf8cc02438cc76d27ba1cce86da34109d2e43dcc8ed7c9d581b95b39d,11,sha256:531a0653ad60cd1924fd484035f74766dd546f9d6f3a0c2dff1bb8479de89ed3,200000,20260717T134222171980Z,1444,mask_fragment-n200000-w512-m0900-s1444
mask_fragment,86a3c5594a7b0bd7b33efe4c4ffaf5dc0aa17226,late_mask_fragment,512,1154.8991999588907,102400000,0.9,180000,1,sha256:18bd7fb3b6d02ff88c53bf4a74124c631590d7e276f031a9034dc7f9cb857902,11,sha256:531a0653ad60cd1924fd484035f74766dd546f9d6f3a0c2dff1bb8479de89ed3,200000,20260717T134222171980Z,1444,mask_fragment-n200000-w512-m0900-s1444
mask_fragment,86a3c5594a7b0bd7b33efe4c4ffaf5dc0aa17226,late_mask_fragment,512,1278.179300017655,102400000,0.9,180000,0,sha256:18bd7fb3b6d02ff88c53bf4a74124c631590d7e276f031a9034dc7f9cb857902,12,sha256:531a0653ad60cd1924fd484035f74766dd546f9d6f3a0c2dff1bb8479de89ed3,200000,20260717T134222171980Z,1444,mask_fragment-n200000-w512-m0900-s1444
mask_fragment,86a3c5594a7b0bd7b33efe4c4ffaf5dc0aa17226,early_mask_fragment,512,1198.5633000149392,102400000,0.9,180000,1,sha256:1a43e0ddf8cc02438cc76d27ba1cce86da34109d2e43dcc8ed7c9d581b95b39d,12,sha256:531a0653ad60cd1924fd484035f74766dd546f9d6f3a0c2dff1bb8479de89ed3,200000,20260717T134222171980Z,1444,mask_fragment-n200000-w512-m0900-s1444
mask_fragment,86a3c5594a7b0bd7b33efe4c4ffaf5dc0aa17226,early_mask_fragment,512,1139.7897999850102,102400000,0.9,180000,0,sha256:1a43e0ddf8cc02438cc76d27ba1cce86da34109d2e43dcc8ed7c9d581b95b39d,13,sha256:531a0653ad60cd1924fd484035f74766dd546f9d6f3a0c2dff1bb8479de89ed3,200000,20260717T134222171980Z,1444,mask_fragment-n200000-w512-m0900-s1444
mask_fragment,86a3c5594a7b0bd7b33efe4c4ffaf5dc0aa17226,late_mask_fragment,512,1095.9153999574482,102400000,0.9,180000,1,sha256:18bd7fb3b6d02ff88c53bf4a74124c631590d7e276f031a9034dc7f9cb857902,13,sha256:531a0653ad60cd1924fd484035f74766dd546f9d6f3a0c2dff1bb8479de89ed3,200000,20260717T134222171980Z,1444,mask_fragment-n200000-w512-m0900-s1444
mask_fragment,86a3c5594a7b0bd7b33efe4c4ffaf5dc0aa17226,late_mask_fragment,512,1168.8603999791667,102400000,0.9,180000,0,sha256:18bd7fb3b6d02ff88c53bf4a74124c631590d7e276f031a9034dc7f9cb857902,14,sha256:531a0653ad60cd1924fd484035f74766dd546f9d6f3a0c2dff1bb8479de89ed3,200000,20260717T134222171980Z,1444,mask_fragment-n200000-w512-m0900-s1444
mask_fragment,86a3c5594a7b0bd7b33efe4c4ffaf5dc0aa17226,early_mask_fragment,512,1213.293899956625,102400000,0.9,180000,1,sha256:1a43e0ddf8cc02438cc76d27ba1cce86da34109d2e43dcc8ed7c9d581b95b39d,14,sha256:531a0653ad60cd1924fd484035f74766dd546f9d6f3a0c2dff1bb8479de89ed3,200000,20260717T134222171980Z,1444,mask_fragment-n200000-w512-m0900-s1444
mask_fragment,86a3c5594a7b0bd7b33efe4c4ffaf5dc0aa17226,late_mask_fragment,512,1272.5547999725677,102400000,0.9,180000,0,sha256:18bd7fb3b6d02ff88c53bf4a74124c631590d7e276f031a9034dc7f9cb857902,0,sha256:6f275dd6c7a2fa662cb5ad0fc380e5a74b9d365f84c25b8e4a2e7673af0bb054,200000,20260717T134222171980Z,1555,mask_fragment-n200000-w512-m0900-s1555
mask_fragment,86a3c5594a7b0bd7b33efe4c4ffaf5dc0aa17226,early_mask_fragment,512,1195.8930999971926,102400000,0.9,180000,1,sha256:1a43e0ddf8cc02438cc76d27ba1cce86da34109d2e43dcc8ed7c9d581b95b39d,0,sha256:6f275dd6c7a2fa662cb5ad0fc380e5a74b9d365f84c25b8e4a2e7673af0bb054,200000,20260717T134222171980Z,1555,mask_fragment-n200000-w512-m0900-s1555
mask_fragment,86a3c5594a7b0bd7b33efe4c4ffaf5dc0aa17226,early_mask_fragment,512,1194.0583999967203,102400000,0.9,180000,0,sha256:1a43e0ddf8cc02438cc76d27ba1cce86da34109d2e43dcc8ed7c9d581b95b39d,1,sha256:6f275dd6c7a2fa662cb5ad0fc380e5a74b9d365f84c25b8e4a2e7673af0bb054,200000,20260717T134222171980Z,1555,mask_fragment-n200000-w512-m0900-s1555
mask_fragment,86a3c5594a7b0bd7b33efe4c4ffaf5dc0aa17226,late_mask_fragment,512,1310.3199999895878,102400000,0.9,180000,1,sha256:18bd7fb3b6d02ff88c53bf4a74124c631590d7e276f031a9034dc7f9cb857902,1,sha256:6f275dd6c7a2fa662cb5ad0fc380e5a74b9d365f84c25b8e4a2e7673af0bb054,200000,20260717T134222171980Z,1555,mask_fragment-n200000-w512-m0900-s1555
mask_fragment,86a3c5594a7b0bd7b33efe4c4ffaf5dc0aa17226,late_mask_fragment,512,1133.7227000040002,102400000,0.9,180000,0,sha256:18bd7fb3b6d02ff88c53bf4a74124c631590d7e276f031a9034dc7f9cb857902,2,sha256:6f275dd6c7a2fa662cb5ad0fc380e5a74b9d365f84c25b8e4a2e7673af0bb054,200000,20260717T134222171980Z,1555,mask_fragment-n200000-w512-m0900-s1555
mask_fragment,86a3c5594a7b0bd7b33efe4c4ffaf5dc0aa17226,early_mask_fragment,512,1162.639299989678,102400000,0.9,180000,1,sha256:1a43e0ddf8cc02438cc76d27ba1cce86da34109d2e43dcc8ed7c9d581b95b39d,2,sha256:6f275dd6c7a2fa662cb5ad0fc380e5a74b9d365f84c25b8e4a2e7673af0bb054,200000,20260717T134222171980Z,1555,mask_fragment-n200000-w512-m0900-s1555
mask_fragment,86a3c5594a7b0bd7b33efe4c4ffaf5dc0aa17226,early_mask_fragment,512,1103.5090999794193,102400000,0.9,180000,0,sha256:1a43e0ddf8cc02438cc76d27ba1cce86da34109d2e43dcc8ed7c9d581b95b39d,3,sha256:6f275dd6c7a2fa662cb5ad0fc380e5a74b9d365f84c25b8e4a2e7673af0bb054,200000,20260717T134222171980Z,1555,mask_fragment-n200000-w512-m0900-s1555
mask_fragment,86a3c5594a7b0bd7b33efe4c4ffaf5dc0aa17226,late_mask_fragment,512,1313.2503000088036,102400000,0.9,180000,1,sha256:18bd7fb3b6d02ff88c53bf4a74124c631590d7e276f031a9034dc7f9cb857902,3,sha256:6f275dd6c7a2fa662cb5ad0fc380e5a74b9d365f84c25b8e4a2e7673af0bb054,200000,20260717T134222171980Z,1555,mask_fragment-n200000-w512-m0900-s1555
mask_fragment,86a3c5594a7b0bd7b33efe4c4ffaf5dc0aa17226,late_mask_fragment,512,1349.8260999913327,102400000,0.9,180000,0,sha256:18bd7fb3b6d02ff88c53bf4a74124c631590d7e276f031a9034dc7f9cb857902,4,sha256:6f275dd6c7a2fa662cb5ad0fc380e5a74b9d365f84c25b8e4a2e7673af0bb054,200000,20260717T134222171980Z,1555,mask_fragment-n200000-w512-m0900-s1555
mask_fragment,86a3c5594a7b0bd7b33efe4c4ffaf5dc0aa17226,early_mask_fragment,512,1269.1388999810442,102400000,0.9,180000,1,sha256:1a43e0ddf8cc02438cc76d27ba1cce86da34109d2e43dcc8ed7c9d581b95b39d,4,sha256:6f275dd6c7a2fa662cb5ad0fc380e5a74b9d365f84c25b8e4a2e7673af0bb054,200000,20260717T134222171980Z,1555,mask_fragment-n200000-w512-m0900-s1555
mask_fragment,86a3c5594a7b0bd7b33efe4c4ffaf5dc0aa17226,early_mask_fragment,512,1370.369300013408,102400000,0.9,180000,0,sha256:1a43e0ddf8cc02438cc76d27ba1cce86da34109d2e43dcc8ed7c9d581b95b39d,5,sha256:6f275dd6c7a2fa662cb5ad0fc380e5a74b9d365f84c25b8e4a2e7673af0bb054,200000,20260717T134222171980Z,1555,mask_fragment-n200000-w512-m0900-s1555
mask_fragment,86a3c5594a7b0bd7b33efe4c4ffaf5dc0aa17226,late_mask_fragment,512,1385.3428000002168,102400000,0.9,180000,1,sha256:18bd7fb3b6d02ff88c53bf4a74124c631590d7e276f031a9034dc7f9cb857902,5,sha256:6f275dd6c7a2fa662cb5ad0fc380e5a74b9d365f84c25b8e4a2e7673af0bb054,200000,20260717T134222171980Z,1555,mask_fragment-n200000-w512-m0900-s1555
mask_fragment,86a3c5594a7b0bd7b33efe4c4ffaf5dc0aa17226,late_mask_fragment,512,1591.0843999590725,102400000,0.9,180000,0,sha256:18bd7fb3b6d02ff88c53bf4a74124c631590d7e276f031a9034dc7f9cb857902,6,sha256:6f275dd6c7a2fa662cb5ad0fc380e5a74b9d365f84c25b8e4a2e7673af0bb054,200000,20260717T134222171980Z,1555,mask_fragment-n200000-w512-m0900-s1555
mask_fragment,86a3c5594a7b0bd7b33efe4c4ffaf5dc0aa17226,early_mask_fragment,512,1213.1667000357993,102400000,0.9,180000,1,sha256:1a43e0ddf8cc02438cc76d27ba1cce86da34109d2e43dcc8ed7c9d581b95b39d,6,sha256:6f275dd6c7a2fa662cb5ad0fc380e5a74b9d365f84c25b8e4a2e7673af0bb054,200000,20260717T134222171980Z,1555,mask_fragment-n200000-w512-m0900-s1555
mask_fragment,86a3c5594a7b0bd7b33efe4c4ffaf5dc0aa17226,early_mask_fragment,512,1192.374899983406,102400000,0.9,180000,0,sha256:1a43e0ddf8cc02438cc76d27ba1cce86da34109d2e43dcc8ed7c9d581b95b39d,7,sha256:6f275dd6c7a2fa662cb5ad0fc380e5a74b9d365f84c25b8e4a2e7673af0bb054,200000,20260717T134222171980Z,1555,mask_fragment-n200000-w512-m0900-s1555
mask_fragment,86a3c5594a7b0bd7b33efe4c4ffaf5dc0aa17226,late_mask_fragment,512,1306.920100003481,102400000,0.9,180000,1,sha256:18bd7fb3b6d02ff88c53bf4a74124c631590d7e276f031a9034dc7f9cb857902,7,sha256:6f275dd6c7a2fa662cb5ad0fc380e5a74b9d365f84c25b8e4a2e7673af0bb054,200000,20260717T134222171980Z,1555,mask_fragment-n200000-w512-m0900-s1555
mask_fragment,86a3c5594a7b0bd7b33efe4c4ffaf5dc0aa17226,late_mask_fragment,512,1195.7804000121541,102400000,0.9,180000,0,sha256:18bd7fb3b6d02ff88c53bf4a74124c631590d7e276f031a9034dc7f9cb857902,8,sha256:6f275dd6c7a2fa662cb5ad0fc380e5a74b9d365f84c25b8e4a2e7673af0bb054,200000,20260717T134222171980Z,1555,mask_fragment-n200000-w512-m0900-s1555
mask_fragment,86a3c5594a7b0bd7b33efe4c4ffaf5dc0aa17226,early_mask_fragment,512,1208.6932000238448,102400000,0.9,180000,1,sha256:1a43e0ddf8cc02438cc76d27ba1cce86da34109d2e43dcc8ed7c9d581b95b39d,8,sha256:6f275dd6c7a2fa662cb5ad0fc380e5a74b9d365f84c25b8e4a2e7673af0bb054,200000,20260717T134222171980Z,1555,mask_fragment-n200000-w512-m0900-s1555
mask_fragment,86a3c5594a7b0bd7b33efe4c4ffaf5dc0aa17226,early_mask_fragment,512,1426.011900010053,102400000,0.9,180000,0,sha256:1a43e0ddf8cc02438cc76d27ba1cce86da34109d2e43dcc8ed7c9d581b95b39d,9,sha256:6f275dd6c7a2fa662cb5ad0fc380e5a74b9d365f84c25b8e4a2e7673af0bb054,200000,20260717T134222171980Z,1555,mask_fragment-n200000-w512-m0900-s1555
mask_fragment,86a3c5594a7b0bd7b33efe4c4ffaf5dc0aa17226,late_mask_fragment,512,1711.7252000025474,102400000,0.9,180000,1,sha256:18bd7fb3b6d02ff88c53bf4a74124c631590d7e276f031a9034dc7f9cb857902,9,sha256:6f275dd6c7a2fa662cb5ad0fc380e5a74b9d365f84c25b8e4a2e7673af0bb054,200000,20260717T134222171980Z,1555,mask_fragment-n200000-w512-m0900-s1555
mask_fragment,86a3c5594a7b0bd7b33efe4c4ffaf5dc0aa17226,late_mask_fragment,512,1571.3855000212789,102400000,0.9,180000,0,sha256:18bd7fb3b6d02ff88c53bf4a74124c631590d7e276f031a9034dc7f9cb857902,10,sha256:6f275dd6c7a2fa662cb5ad0fc380e5a74b9d365f84c25b8e4a2e7673af0bb054,200000,20260717T134222171980Z,1555,mask_fragment-n200000-w512-m0900-s1555
mask_fragment,86a3c5594a7b0bd7b33efe4c4ffaf5dc0aa17226,early_mask_fragment,512,1198.0588000151329,102400000,0.9,180000,1,sha256:1a43e0ddf8cc02438cc76d27ba1cce86da34109d2e43dcc8ed7c9d581b95b39d,10,sha256:6f275dd6c7a2fa662cb5ad0fc380e5a74b9d365f84c25b8e4a2e7673af0bb054,200000,20260717T134222171980Z,1555,mask_fragment-n200000-w512-m0900-s1555
mask_fragment,86a3c5594a7b0bd7b33efe4c4ffaf5dc0aa17226,early_mask_fragment,512,1349.904200003948,102400000,0.9,180000,0,sha256:1a43e0ddf8cc02438cc76d27ba1cce86da34109d2e43dcc8ed7c9d581b95b39d,11,sha256:6f275dd6c7a2fa662cb5ad0fc380e5a74b9d365f84c25b8e4a2e7673af0bb054,200000,20260717T134222171980Z,1555,mask_fragment-n200000-w512-m0900-s1555
mask_fragment,86a3c5594a7b0bd7b33efe4c4ffaf5dc0aa17226,late_mask_fragment,512,1311.4317000145093,102400000,0.9,180000,1,sha256:18bd7fb3b6d02ff88c53bf4a74124c631590d7e276f031a9034dc7f9cb857902,11,sha256:6f275dd6c7a2fa662cb5ad0fc380e5a74b9d365f84c25b8e4a2e7673af0bb054,200000,20260717T134222171980Z,1555,mask_fragment-n200000-w512-m0900-s1555
mask_fragment,86a3c5594a7b0bd7b33efe4c4ffaf5dc0aa17226,late_mask_fragment,512,1299.883600033354,102400000,0.9,180000,0,sha256:18bd7fb3b6d02ff88c53bf4a74124c631590d7e276f031a9034dc7f9cb857902,12,sha256:6f275dd6c7a2fa662cb5ad0fc380e5a74b9d365f84c25b8e4a2e7673af0bb054,200000,20260717T134222171980Z,1555,mask_fragment-n200000-w512-m0900-s1555
mask_fragment,86a3c5594a7b0bd7b33efe4c4ffaf5dc0aa17226,early_mask_fragment,512,1302.0229000248946,102400000,0.9,180000,1,sha256:1a43e0ddf8cc02438cc76d27ba1cce86da34109d2e43dcc8ed7c9d581b95b39d,12,sha256:6f275dd6c7a2fa662cb5ad0fc380e5a74b9d365f84c25b8e4a2e7673af0bb054,200000,20260717T134222171980Z,1555,mask_fragment-n200000-w512-m0900-s1555
mask_fragment,86a3c5594a7b0bd7b33efe4c4ffaf5dc0aa17226,early_mask_fragment,512,1521.0035999771208,102400000,0.9,180000,0,sha256:1a43e0ddf8cc02438cc76d27ba1cce86da34109d2e43dcc8ed7c9d581b95b39d,13,sha256:6f275dd6c7a2fa662cb5ad0fc380e5a74b9d365f84c25b8e4a2e7673af0bb054,200000,20260717T134222171980Z,1555,mask_fragment-n200000-w512-m0900-s1555
mask_fragment,86a3c5594a7b0bd7b33efe4c4ffaf5dc0aa17226,late_mask_fragment,512,1523.239400004968,102400000,0.9,180000,1,sha256:18bd7fb3b6d02ff88c53bf4a74124c631590d7e276f031a9034dc7f9cb857902,13,sha256:6f275dd6c7a2fa662cb5ad0fc380e5a74b9d365f84c25b8e4a2e7673af0bb054,200000,20260717T134222171980Z,1555,mask_fragment-n200000-w512-m0900-s1555
mask_fragment,86a3c5594a7b0bd7b33efe4c4ffaf5dc0aa17226,late_mask_fragment,512,1703.8080000202172,102400000,0.9,180000,0,sha256:18bd7fb3b6d02ff88c53bf4a74124c631590d7e276f031a9034dc7f9cb857902,14,sha256:6f275dd6c7a2fa662cb5ad0fc380e5a74b9d365f84c25b8e4a2e7673af0bb054,200000,20260717T134222171980Z,1555,mask_fragment-n200000-w512-m0900-s1555
mask_fragment,86a3c5594a7b0bd7b33efe4c4ffaf5dc0aa17226,early_mask_fragment,512,1653.4905000007711,102400000,0.9,180000,1,sha256:1a43e0ddf8cc02438cc76d27ba1cce86da34109d2e43dcc8ed7c9d581b95b39d,14,sha256:6f275dd6c7a2fa662cb5ad0fc380e5a74b9d365f84c25b8e4a2e7673af0bb054,200000,20260717T134222171980Z,1555,mask_fragment-n200000-w512-m0900-s1555
mask_fragment,86a3c5594a7b0bd7b33efe4c4ffaf5dc0aa17226,early_mask_fragment,512,1492.5732999690808,102400000,1.0,200000,0,sha256:1a43e0ddf8cc02438cc76d27ba1cce86da34109d2e43dcc8ed7c9d581b95b39d,0,sha256:c17fba6cf1474bcd969e9a1ba57775751dfc0f617f27c7d7155d51368a45fbc0,200000,20260717T134222171980Z,1111,mask_fragment-n200000-w512-m1000-s1111
mask_fragment,86a3c5594a7b0bd7b33efe4c4ffaf5dc0aa17226,late_mask_fragment,512,1539.881000004243,102400000,1.0,200000,1,sha256:92b825cb6ca6efd8c921ae328d9dcd567e5fc1cecda65d185180a168e33b45c9,0,sha256:c17fba6cf1474bcd969e9a1ba57775751dfc0f617f27c7d7155d51368a45fbc0,200000,20260717T134222171980Z,1111,mask_fragment-n200000-w512-m1000-s1111
mask_fragment,86a3c5594a7b0bd7b33efe4c4ffaf5dc0aa17226,late_mask_fragment,512,1321.6302000219002,102400000,1.0,200000,0,sha256:92b825cb6ca6efd8c921ae328d9dcd567e5fc1cecda65d185180a168e33b45c9,1,sha256:c17fba6cf1474bcd969e9a1ba57775751dfc0f617f27c7d7155d51368a45fbc0,200000,20260717T134222171980Z,1111,mask_fragment-n200000-w512-m1000-s1111
mask_fragment,86a3c5594a7b0bd7b33efe4c4ffaf5dc0aa17226,early_mask_fragment,512,1278.5537000163458,102400000,1.0,200000,1,sha256:1a43e0ddf8cc02438cc76d27ba1cce86da34109d2e43dcc8ed7c9d581b95b39d,1,sha256:c17fba6cf1474bcd969e9a1ba57775751dfc0f617f27c7d7155d51368a45fbc0,200000,20260717T134222171980Z,1111,mask_fragment-n200000-w512-m1000-s1111
mask_fragment,86a3c5594a7b0bd7b33efe4c4ffaf5dc0aa17226,early_mask_fragment,512,1180.250600038562,102400000,1.0,200000,0,sha256:1a43e0ddf8cc02438cc76d27ba1cce86da34109d2e43dcc8ed7c9d581b95b39d,2,sha256:c17fba6cf1474bcd969e9a1ba57775751dfc0f617f27c7d7155d51368a45fbc0,200000,20260717T134222171980Z,1111,mask_fragment-n200000-w512-m1000-s1111
mask_fragment,86a3c5594a7b0bd7b33efe4c4ffaf5dc0aa17226,late_mask_fragment,512,1179.236600000877,102400000,1.0,200000,1,sha256:92b825cb6ca6efd8c921ae328d9dcd567e5fc1cecda65d185180a168e33b45c9,2,sha256:c17fba6cf1474bcd969e9a1ba57775751dfc0f617f27c7d7155d51368a45fbc0,200000,20260717T134222171980Z,1111,mask_fragment-n200000-w512-m1000-s1111
mask_fragment,86a3c5594a7b0bd7b33efe4c4ffaf5dc0aa17226,late_mask_fragment,512,1126.3412999687716,102400000,1.0,200000,0,sha256:92b825cb6ca6efd8c921ae328d9dcd567e5fc1cecda65d185180a168e33b45c9,3,sha256:c17fba6cf1474bcd969e9a1ba57775751dfc0f617f27c7d7155d51368a45fbc0,200000,20260717T134222171980Z,1111,mask_fragment-n200000-w512-m1000-s1111
mask_fragment,86a3c5594a7b0bd7b33efe4c4ffaf5dc0aa17226,early_mask_fragment,512,1278.4182999748737,102400000,1.0,200000,1,sha256:1a43e0ddf8cc02438cc76d27ba1cce86da34109d2e43dcc8ed7c9d581b95b39d,3,sha256:c17fba6cf1474bcd969e9a1ba57775751dfc0f617f27c7d7155d51368a45fbc0,200000,20260717T134222171980Z,1111,mask_fragment-n200000-w512-m1000-s1111
mask_fragment,86a3c5594a7b0bd7b33efe4c4ffaf5dc0aa17226,early_mask_fragment,512,1114.3581999931484,102400000,1.0,200000,0,sha256:1a43e0ddf8cc02438cc76d27ba1cce86da34109d2e43dcc8ed7c9d581b95b39d,4,sha256:c17fba6cf1474bcd969e9a1ba57775751dfc0f617f27c7d7155d51368a45fbc0,200000,20260717T134222171980Z,1111,mask_fragment-n200000-w512-m1000-s1111
mask_fragment,86a3c5594a7b0bd7b33efe4c4ffaf5dc0aa17226,late_mask_fragment,512,1284.3484000186436,102400000,1.0,200000,1,sha256:92b825cb6ca6efd8c921ae328d9dcd567e5fc1cecda65d185180a168e33b45c9,4,sha256:c17fba6cf1474bcd969e9a1ba57775751dfc0f617f27c7d7155d51368a45fbc0,200000,20260717T134222171980Z,1111,mask_fragment-n200000-w512-m1000-s1111
mask_fragment,86a3c5594a7b0bd7b33efe4c4ffaf5dc0aa17226,late_mask_fragment,512,1304.0427999803796,102400000,1.0,200000,0,sha256:92b825cb6ca6efd8c921ae328d9dcd567e5fc1cecda65d185180a168e33b45c9,5,sha256:c17fba6cf1474bcd969e9a1ba57775751dfc0f617f27c7d7155d51368a45fbc0,200000,20260717T134222171980Z,1111,mask_fragment-n200000-w512-m1000-s1111
mask_fragment,86a3c5594a7b0bd7b33efe4c4ffaf5dc0aa17226,early_mask_fragment,512,1159.4018999603577,102400000,1.0,200000,1,sha256:1a43e0ddf8cc02438cc76d27ba1cce86da34109d2e43dcc8ed7c9d581b95b39d,5,sha256:c17fba6cf1474bcd969e9a1ba57775751dfc0f617f27c7d7155d51368a45fbc0,200000,20260717T134222171980Z,1111,mask_fragment-n200000-w512-m1000-s1111
mask_fragment,86a3c5594a7b0bd7b33efe4c4ffaf5dc0aa17226,early_mask_fragment,512,1378.1293999636546,102400000,1.0,200000,0,sha256:1a43e0ddf8cc02438cc76d27ba1cce86da34109d2e43dcc8ed7c9d581b95b39d,6,sha256:c17fba6cf1474bcd969e9a1ba57775751dfc0f617f27c7d7155d51368a45fbc0,200000,20260717T134222171980Z,1111,mask_fragment-n200000-w512-m1000-s1111
mask_fragment,86a3c5594a7b0bd7b33efe4c4ffaf5dc0aa17226,late_mask_fragment,512,1156.9330000202172,102400000,1.0,200000,1,sha256:92b825cb6ca6efd8c921ae328d9dcd567e5fc1cecda65d185180a168e33b45c9,6,sha256:c17fba6cf1474bcd969e9a1ba57775751dfc0f617f27c7d7155d51368a45fbc0,200000,20260717T134222171980Z,1111,mask_fragment-n200000-w512-m1000-s1111
mask_fragment,86a3c5594a7b0bd7b33efe4c4ffaf5dc0aa17226,late_mask_fragment,512,1165.811799990479,102400000,1.0,200000,0,sha256:92b825cb6ca6efd8c921ae328d9dcd567e5fc1cecda65d185180a168e33b45c9,7,sha256:c17fba6cf1474bcd969e9a1ba57775751dfc0f617f27c7d7155d51368a45fbc0,200000,20260717T134222171980Z,1111,mask_fragment-n200000-w512-m1000-s1111
mask_fragment,86a3c5594a7b0bd7b33efe4c4ffaf5dc0aa17226,early_mask_fragment,512,1117.2700999886729,102400000,1.0,200000,1,sha256:1a43e0ddf8cc02438cc76d27ba1cce86da34109d2e43dcc8ed7c9d581b95b39d,7,sha256:c17fba6cf1474bcd969e9a1ba57775751dfc0f617f27c7d7155d51368a45fbc0,200000,20260717T134222171980Z,1111,mask_fragment-n200000-w512-m1000-s1111
mask_fragment,86a3c5594a7b0bd7b33efe4c4ffaf5dc0aa17226,early_mask_fragment,512,1322.739899973385,102400000,1.0,200000,0,sha256:1a43e0ddf8cc02438cc76d27ba1cce86da34109d2e43dcc8ed7c9d581b95b39d,8,sha256:c17fba6cf1474bcd969e9a1ba57775751dfc0f617f27c7d7155d51368a45fbc0,200000,20260717T134222171980Z,1111,mask_fragment-n200000-w512-m1000-s1111
mask_fragment,86a3c5594a7b0bd7b33efe4c4ffaf5dc0aa17226,late_mask_fragment,512,1234.1963999788277,102400000,1.0,200000,1,sha256:92b825cb6ca6efd8c921ae328d9dcd567e5fc1cecda65d185180a168e33b45c9,8,sha256:c17fba6cf1474bcd969e9a1ba57775751dfc0f617f27c7d7155d51368a45fbc0,200000,20260717T134222171980Z,1111,mask_fragment-n200000-w512-m1000-s1111
mask_fragment,86a3c5594a7b0bd7b33efe4c4ffaf5dc0aa17226,late_mask_fragment,512,1187.4499999685213,102400000,1.0,200000,0,sha256:92b825cb6ca6efd8c921ae328d9dcd567e5fc1cecda65d185180a168e33b45c9,9,sha256:c17fba6cf1474bcd969e9a1ba57775751dfc0f617f27c7d7155d51368a45fbc0,200000,20260717T134222171980Z,1111,mask_fragment-n200000-w512-m1000-s1111
mask_fragment,86a3c5594a7b0bd7b33efe4c4ffaf5dc0aa17226,early_mask_fragment,512,1407.97899995232,102400000,1.0,200000,1,sha256:1a43e0ddf8cc02438cc76d27ba1cce86da34109d2e43dcc8ed7c9d581b95b39d,9,sha256:c17fba6cf1474bcd969e9a1ba57775751dfc0f617f27c7d7155d51368a45fbc0,200000,20260717T134222171980Z,1111,mask_fragment-n200000-w512-m1000-s1111
mask_fragment,86a3c5594a7b0bd7b33efe4c4ffaf5dc0aa17226,early_mask_fragment,512,1282.4228999670595,102400000,1.0,200000,0,sha256:1a43e0ddf8cc02438cc76d27ba1cce86da34109d2e43dcc8ed7c9d581b95b39d,10,sha256:c17fba6cf1474bcd969e9a1ba57775751dfc0f617f27c7d7155d51368a45fbc0,200000,20260717T134222171980Z,1111,mask_fragment-n200000-w512-m1000-s1111
mask_fragment,86a3c5594a7b0bd7b33efe4c4ffaf5dc0aa17226,late_mask_fragment,512,1228.113800054416,102400000,1.0,200000,1,sha256:92b825cb6ca6efd8c921ae328d9dcd567e5fc1cecda65d185180a168e33b45c9,10,sha256:c17fba6cf1474bcd969e9a1ba57775751dfc0f617f27c7d7155d51368a45fbc0,200000,20260717T134222171980Z,1111,mask_fragment-n200000-w512-m1000-s1111
mask_fragment,86a3c5594a7b0bd7b33efe4c4ffaf5dc0aa17226,late_mask_fragment,512,1549.1662000422366,102400000,1.0,200000,0,sha256:92b825cb6ca6efd8c921ae328d9dcd567e5fc1cecda65d185180a168e33b45c9,11,sha256:c17fba6cf1474bcd969e9a1ba57775751dfc0f617f27c7d7155d51368a45fbc0,200000,20260717T134222171980Z,1111,mask_fragment-n200000-w512-m1000-s1111
mask_fragment,86a3c5594a7b0bd7b33efe4c4ffaf5dc0aa17226,early_mask_fragment,512,1616.8464999645948,102400000,1.0,200000,1,sha256:1a43e0ddf8cc02438cc76d27ba1cce86da34109d2e43dcc8ed7c9d581b95b39d,11,sha256:c17fba6cf1474bcd969e9a1ba57775751dfc0f617f27c7d7155d51368a45fbc0,200000,20260717T134222171980Z,1111,mask_fragment-n200000-w512-m1000-s1111
mask_fragment,86a3c5594a7b0bd7b33efe4c4ffaf5dc0aa17226,early_mask_fragment,512,1493.5207000235096,102400000,1.0,200000,0,sha256:1a43e0ddf8cc02438cc76d27ba1cce86da34109d2e43dcc8ed7c9d581b95b39d,12,sha256:c17fba6cf1474bcd969e9a1ba57775751dfc0f617f27c7d7155d51368a45fbc0,200000,20260717T134222171980Z,1111,mask_fragment-n200000-w512-m1000-s1111
mask_fragment,86a3c5594a7b0bd7b33efe4c4ffaf5dc0aa17226,late_mask_fragment,512,1183.9684000005946,102400000,1.0,200000,1,sha256:92b825cb6ca6efd8c921ae328d9dcd567e5fc1cecda65d185180a168e33b45c9,12,sha256:c17fba6cf1474bcd969e9a1ba57775751dfc0f617f27c7d7155d51368a45fbc0,200000,20260717T134222171980Z,1111,mask_fragment-n200000-w512-m1000-s1111
mask_fragment,86a3c5594a7b0bd7b33efe4c4ffaf5dc0aa17226,late_mask_fragment,512,1232.4894000194035,102400000,1.0,200000,0,sha256:92b825cb6ca6efd8c921ae328d9dcd567e5fc1cecda65d185180a168e33b45c9,13,sha256:c17fba6cf1474bcd969e9a1ba57775751dfc0f617f27c7d7155d51368a45fbc0,200000,20260717T134222171980Z,1111,mask_fragment-n200000-w512-m1000-s1111
mask_fragment,86a3c5594a7b0bd7b33efe4c4ffaf5dc0aa17226,early_mask_fragment,512,1200.7973000290804,102400000,1.0,200000,1,sha256:1a43e0ddf8cc02438cc76d27ba1cce86da34109d2e43dcc8ed7c9d581b95b39d,13,sha256:c17fba6cf1474bcd969e9a1ba57775751dfc0f617f27c7d7155d51368a45fbc0,200000,20260717T134222171980Z,1111,mask_fragment-n200000-w512-m1000-s1111
mask_fragment,86a3c5594a7b0bd7b33efe4c4ffaf5dc0aa17226,early_mask_fragment,512,1231.9755000062287,102400000,1.0,200000,0,sha256:1a43e0ddf8cc02438cc76d27ba1cce86da34109d2e43dcc8ed7c9d581b95b39d,14,sha256:c17fba6cf1474bcd969e9a1ba57775751dfc0f617f27c7d7155d51368a45fbc0,200000,20260717T134222171980Z,1111,mask_fragment-n200000-w512-m1000-s1111
mask_fragment,86a3c5594a7b0bd7b33efe4c4ffaf5dc0aa17226,late_mask_fragment,512,1328.60539999092,102400000,1.0,200000,1,sha256:92b825cb6ca6efd8c921ae328d9dcd567e5fc1cecda65d185180a168e33b45c9,14,sha256:c17fba6cf1474bcd969e9a1ba57775751dfc0f617f27c7d7155d51368a45fbc0,200000,20260717T134222171980Z,1111,mask_fragment-n200000-w512-m1000-s1111
mask_fragment,86a3c5594a7b0bd7b33efe4c4ffaf5dc0aa17226,late_mask_fragment,512,1334.5756999915466,102400000,1.0,200000,0,sha256:92b825cb6ca6efd8c921ae328d9dcd567e5fc1cecda65d185180a168e33b45c9,0,sha256:fa1ee4a6c8c7e59147bf9c161a2be111b4c42ae1cbb7e9a7d28da4ec875feddc,200000,20260717T134222171980Z,1222,mask_fragment-n200000-w512-m1000-s1222
mask_fragment,86a3c5594a7b0bd7b33efe4c4ffaf5dc0aa17226,early_mask_fragment,512,1350.6351999822073,102400000,1.0,200000,1,sha256:1a43e0ddf8cc02438cc76d27ba1cce86da34109d2e43dcc8ed7c9d581b95b39d,0,sha256:fa1ee4a6c8c7e59147bf9c161a2be111b4c42ae1cbb7e9a7d28da4ec875feddc,200000,20260717T134222171980Z,1222,mask_fragment-n200000-w512-m1000-s1222
mask_fragment,86a3c5594a7b0bd7b33efe4c4ffaf5dc0aa17226,early_mask_fragment,512,1236.486999958288,102400000,1.0,200000,0,sha256:1a43e0ddf8cc02438cc76d27ba1cce86da34109d2e43dcc8ed7c9d581b95b39d,1,sha256:fa1ee4a6c8c7e59147bf9c161a2be111b4c42ae1cbb7e9a7d28da4ec875feddc,200000,20260717T134222171980Z,1222,mask_fragment-n200000-w512-m1000-s1222
mask_fragment,86a3c5594a7b0bd7b33efe4c4ffaf5dc0aa17226,late_mask_fragment,512,1321.7630999861285,102400000,1.0,200000,1,sha256:92b825cb6ca6efd8c921ae328d9dcd567e5fc1cecda65d185180a168e33b45c9,1,sha256:fa1ee4a6c8c7e59147bf9c161a2be111b4c42ae1cbb7e9a7d28da4ec875feddc,200000,20260717T134222171980Z,1222,mask_fragment-n200000-w512-m1000-s1222
mask_fragment,86a3c5594a7b0bd7b33efe4c4ffaf5dc0aa17226,late_mask_fragment,512,1519.4773000548594,102400000,1.0,200000,0,sha256:92b825cb6ca6efd8c921ae328d9dcd567e5fc1cecda65d185180a168e33b45c9,2,sha256:fa1ee4a6c8c7e59147bf9c161a2be111b4c42ae1cbb7e9a7d28da4ec875feddc,200000,20260717T134222171980Z,1222,mask_fragment-n200000-w512-m1000-s1222
mask_fragment,86a3c5594a7b0bd7b33efe4c4ffaf5dc0aa17226,early_mask_fragment,512,1655.9521000017412,102400000,1.0,200000,1,sha256:1a43e0ddf8cc02438cc76d27ba1cce86da34109d2e43dcc8ed7c9d581b95b39d,2,sha256:fa1ee4a6c8c7e59147bf9c161a2be111b4c42ae1cbb7e9a7d28da4ec875feddc,200000,20260717T134222171980Z,1222,mask_fragment-n200000-w512-m1000-s1222
mask_fragment,86a3c5594a7b0bd7b33efe4c4ffaf5dc0aa17226,early_mask_fragment,512,1453.0756999738514,102400000,1.0,200000,0,sha256:1a43e0ddf8cc02438cc76d27ba1cce86da34109d2e43dcc8ed7c9d581b95b39d,3,sha256:fa1ee4a6c8c7e59147bf9c161a2be111b4c42ae1cbb7e9a7d28da4ec875feddc,200000,20260717T134222171980Z,1222,mask_fragment-n200000-w512-m1000-s1222
mask_fragment,86a3c5594a7b0bd7b33efe4c4ffaf5dc0aa17226,late_mask_fragment,512,1349.8059999546967,102400000,1.0,200000,1,sha256:92b825cb6ca6efd8c921ae328d9dcd567e5fc1cecda65d185180a168e33b45c9,3,sha256:fa1ee4a6c8c7e59147bf9c161a2be111b4c42ae1cbb7e9a7d28da4ec875feddc,200000,20260717T134222171980Z,1222,mask_fragment-n200000-w512-m1000-s1222
mask_fragment,86a3c5594a7b0bd7b33efe4c4ffaf5dc0aa17226,late_mask_fragment,512,1345.9836000110954,102400000,1.0,200000,0,sha256:92b825cb6ca6efd8c921ae328d9dcd567e5fc1cecda65d185180a168e33b45c9,4,sha256:fa1ee4a6c8c7e59147bf9c161a2be111b4c42ae1cbb7e9a7d28da4ec875feddc,200000,20260717T134222171980Z,1222,mask_fragment-n200000-w512-m1000-s1222
mask_fragment,86a3c5594a7b0bd7b33efe4c4ffaf5dc0aa17226,early_mask_fragment,512,1323.7956000375561,102400000,1.0,200000,1,sha256:1a43e0ddf8cc02438cc76d27ba1cce86da34109d2e43dcc8ed7c9d581b95b39d,4,sha256:fa1ee4a6c8c7e59147bf9c161a2be111b4c42ae1cbb7e9a7d28da4ec875feddc,200000,20260717T134222171980Z,1222,mask_fragment-n200000-w512-m1000-s1222
mask_fragment,86a3c5594a7b0bd7b33efe4c4ffaf5dc0aa17226,early_mask_fragment,512,1225.9297000127845,102400000,1.0,200000,0,sha256:1a43e0ddf8cc02438cc76d27ba1cce86da34109d2e43dcc8ed7c9d581b95b39d,5,sha256:fa1ee4a6c8c7e59147bf9c161a2be111b4c42ae1cbb7e9a7d28da4ec875feddc,200000,20260717T134222171980Z,1222,mask_fragment-n200000-w512-m1000-s1222
mask_fragment,86a3c5594a7b0bd7b33efe4c4ffaf5dc0aa17226,late_mask_fragment,512,1290.142800018657,102400000,1.0,200000,1,sha256:92b825cb6ca6efd8c921ae328d9dcd567e5fc1cecda65d185180a168e33b45c9,5,sha256:fa1ee4a6c8c7e59147bf9c161a2be111b4c42ae1cbb7e9a7d28da4ec875feddc,200000,20260717T134222171980Z,1222,mask_fragment-n200000-w512-m1000-s1222
mask_fragment,86a3c5594a7b0bd7b33efe4c4ffaf5dc0aa17226,late_mask_fragment,512,1192.8325000335462,102400000,1.0,200000,0,sha256:92b825cb6ca6efd8c921ae328d9dcd567e5fc1cecda65d185180a168e33b45c9,6,sha256:fa1ee4a6c8c7e59147bf9c161a2be111b4c42ae1cbb7e9a7d28da4ec875feddc,200000,20260717T134222171980Z,1222,mask_fragment-n200000-w512-m1000-s1222
mask_fragment,86a3c5594a7b0bd7b33efe4c4ffaf5dc0aa17226,early_mask_fragment,512,1340.063099982217,102400000,1.0,200000,1,sha256:1a43e0ddf8cc02438cc76d27ba1cce86da34109d2e43dcc8ed7c9d581b95b39d,6,sha256:fa1ee4a6c8c7e59147bf9c161a2be111b4c42ae1cbb7e9a7d28da4ec875feddc,200000,20260717T134222171980Z,1222,mask_fragment-n200000-w512-m1000-s1222
mask_fragment,86a3c5594a7b0bd7b33efe4c4ffaf5dc0aa17226,early_mask_fragment,512,1306.548600026872,102400000,1.0,200000,0,sha256:1a43e0ddf8cc02438cc76d27ba1cce86da34109d2e43dcc8ed7c9d581b95b39d,7,sha256:fa1ee4a6c8c7e59147bf9c161a2be111b4c42ae1cbb7e9a7d28da4ec875feddc,200000,20260717T134222171980Z,1222,mask_fragment-n200000-w512-m1000-s1222
mask_fragment,86a3c5594a7b0bd7b33efe4c4ffaf5dc0aa17226,late_mask_fragment,512,1381.6446000128053,102400000,1.0,200000,1,sha256:92b825cb6ca6efd8c921ae328d9dcd567e5fc1cecda65d185180a168e33b45c9,7,sha256:fa1ee4a6c8c7e59147bf9c161a2be111b4c42ae1cbb7e9a7d28da4ec875feddc,200000,20260717T134222171980Z,1222,mask_fragment-n200000-w512-m1000-s1222
mask_fragment,86a3c5594a7b0bd7b33efe4c4ffaf5dc0aa17226,late_mask_fragment,512,1140.7911999849603,102400000,1.0,200000,0,sha256:92b825cb6ca6efd8c921ae328d9dcd567e5fc1cecda65d185180a168e33b45c9,8,sha256:fa1ee4a6c8c7e59147bf9c161a2be111b4c42ae1cbb7e9a7d28da4ec875feddc,200000,20260717T134222171980Z,1222,mask_fragment-n200000-w512-m1000-s1222
mask_fragment,86a3c5594a7b0bd7b33efe4c4ffaf5dc0aa17226,early_mask_fragment,512,1157.9340000171214,102400000,1.0,200000,1,sha256:1a43e0ddf8cc02438cc76d27ba1cce86da34109d2e43dcc8ed7c9d581b95b39d,8,sha256:fa1ee4a6c8c7e59147bf9c161a2be111b4c42ae1cbb7e9a7d28da4ec875feddc,200000,20260717T134222171980Z,1222,mask_fragment-n200000-w512-m1000-s1222
mask_fragment,86a3c5594a7b0bd7b33efe4c4ffaf5dc0aa17226,early_mask_fragment,512,1325.5185000016354,102400000,1.0,200000,0,sha256:1a43e0ddf8cc02438cc76d27ba1cce86da34109d2e43dcc8ed7c9d581b95b39d,9,sha256:fa1ee4a6c8c7e59147bf9c161a2be111b4c42ae1cbb7e9a7d28da4ec875feddc,200000,20260717T134222171980Z,1222,mask_fragment-n200000-w512-m1000-s1222
mask_fragment,86a3c5594a7b0bd7b33efe4c4ffaf5dc0aa17226,late_mask_fragment,512,1267.1633000136353,102400000,1.0,200000,1,sha256:92b825cb6ca6efd8c921ae328d9dcd567e5fc1cecda65d185180a168e33b45c9,9,sha256:fa1ee4a6c8c7e59147bf9c161a2be111b4c42ae1cbb7e9a7d28da4ec875feddc,200000,20260717T134222171980Z,1222,mask_fragment-n200000-w512-m1000-s1222
mask_fragment,86a3c5594a7b0bd7b33efe4c4ffaf5dc0aa17226,late_mask_fragment,512,1268.7522000051104,102400000,1.0,200000,0,sha256:92b825cb6ca6efd8c921ae328d9dcd567e5fc1cecda65d185180a168e33b45c9,10,sha256:fa1ee4a6c8c7e59147bf9c161a2be111b4c42ae1cbb7e9a7d28da4ec875feddc,200000,20260717T134222171980Z,1222,mask_fragment-n200000-w512-m1000-s1222
mask_fragment,86a3c5594a7b0bd7b33efe4c4ffaf5dc0aa17226,early_mask_fragment,512,1525.0563999870792,102400000,1.0,200000,1,sha256:1a43e0ddf8cc02438cc76d27ba1cce86da34109d2e43dcc8ed7c9d581b95b39d,10,sha256:fa1ee4a6c8c7e59147bf9c161a2be111b4c42ae1cbb7e9a7d28da4ec875feddc,200000,20260717T134222171980Z,1222,mask_fragment-n200000-w512-m1000-s1222
mask_fragment,86a3c5594a7b0bd7b33efe4c4ffaf5dc0aa17226,early_mask_fragment,512,1178.4271000069566,102400000,1.0,200000,0,sha256:1a43e0ddf8cc02438cc76d27ba1cce86da34109d2e43dcc8ed7c9d581b95b39d,11,sha256:fa1ee4a6c8c7e59147bf9c161a2be111b4c42ae1cbb7e9a7d28da4ec875feddc,200000,20260717T134222171980Z,1222,mask_fragment-n200000-w512-m1000-s1222
mask_fragment,86a3c5594a7b0bd7b33efe4c4ffaf5dc0aa17226,late_mask_fragment,512,1211.6171999950893,102400000,1.0,200000,1,sha256:92b825cb6ca6efd8c921ae328d9dcd567e5fc1cecda65d185180a168e33b45c9,11,sha256:fa1ee4a6c8c7e59147bf9c161a2be111b4c42ae1cbb7e9a7d28da4ec875feddc,200000,20260717T134222171980Z,1222,mask_fragment-n200000-w512-m1000-s1222
mask_fragment,86a3c5594a7b0bd7b33efe4c4ffaf5dc0aa17226,late_mask_fragment,512,1348.4647000441328,102400000,1.0,200000,0,sha256:92b825cb6ca6efd8c921ae328d9dcd567e5fc1cecda65d185180a168e33b45c9,12,sha256:fa1ee4a6c8c7e59147bf9c161a2be111b4c42ae1cbb7e9a7d28da4ec875feddc,200000,20260717T134222171980Z,1222,mask_fragment-n200000-w512-m1000-s1222
mask_fragment,86a3c5594a7b0bd7b33efe4c4ffaf5dc0aa17226,early_mask_fragment,512,1360.2505999733694,102400000,1.0,200000,1,sha256:1a43e0ddf8cc02438cc76d27ba1cce86da34109d2e43dcc8ed7c9d581b95b39d,12,sha256:fa1ee4a6c8c7e59147bf9c161a2be111b4c42ae1cbb7e9a7d28da4ec875feddc,200000,20260717T134222171980Z,1222,mask_fragment-n200000-w512-m1000-s1222
mask_fragment,86a3c5594a7b0bd7b33efe4c4ffaf5dc0aa17226,early_mask_fragment,512,1681.7481000325643,102400000,1.0,200000,0,sha256:1a43e0ddf8cc02438cc76d27ba1cce86da34109d2e43dcc8ed7c9d581b95b39d,13,sha256:fa1ee4a6c8c7e59147bf9c161a2be111b4c42ae1cbb7e9a7d28da4ec875feddc,200000,20260717T134222171980Z,1222,mask_fragment-n200000-w512-m1000-s1222
mask_fragment,86a3c5594a7b0bd7b33efe4c4ffaf5dc0aa17226,late_mask_fragment,512,1806.940799986478,102400000,1.0,200000,1,sha256:92b825cb6ca6efd8c921ae328d9dcd567e5fc1cecda65d185180a168e33b45c9,13,sha256:fa1ee4a6c8c7e59147bf9c161a2be111b4c42ae1cbb7e9a7d28da4ec875feddc,200000,20260717T134222171980Z,1222,mask_fragment-n200000-w512-m1000-s1222
mask_fragment,86a3c5594a7b0bd7b33efe4c4ffaf5dc0aa17226,late_mask_fragment,512,1795.3433999791741,102400000,1.0,200000,0,sha256:92b825cb6ca6efd8c921ae328d9dcd567e5fc1cecda65d185180a168e33b45c9,14,sha256:fa1ee4a6c8c7e59147bf9c161a2be111b4c42ae1cbb7e9a7d28da4ec875feddc,200000,20260717T134222171980Z,1222,mask_fragment-n200000-w512-m1000-s1222
mask_fragment,86a3c5594a7b0bd7b33efe4c4ffaf5dc0aa17226,early_mask_fragment,512,1449.1602000198327,102400000,1.0,200000,1,sha256:1a43e0ddf8cc02438cc76d27ba1cce86da34109d2e43dcc8ed7c9d581b95b39d,14,sha256:fa1ee4a6c8c7e59147bf9c161a2be111b4c42ae1cbb7e9a7d28da4ec875feddc,200000,20260717T134222171980Z,1222,mask_fragment-n200000-w512-m1000-s1222
mask_fragment,86a3c5594a7b0bd7b33efe4c4ffaf5dc0aa17226,early_mask_fragment,512,1311.401900020428,102400000,1.0,200000,0,sha256:1a43e0ddf8cc02438cc76d27ba1cce86da34109d2e43dcc8ed7c9d581b95b39d,0,sha256:e2e8f6bc4b7947ba0843ddfcf8f88cc96fedc873b7a1b9246c1be9879cb7c288,200000,20260717T134222171980Z,1333,mask_fragment-n200000-w512-m1000-s1333
mask_fragment,86a3c5594a7b0bd7b33efe4c4ffaf5dc0aa17226,late_mask_fragment,512,1206.1912000062875,102400000,1.0,200000,1,sha256:92b825cb6ca6efd8c921ae328d9dcd567e5fc1cecda65d185180a168e33b45c9,0,sha256:e2e8f6bc4b7947ba0843ddfcf8f88cc96fedc873b7a1b9246c1be9879cb7c288,200000,20260717T134222171980Z,1333,mask_fragment-n200000-w512-m1000-s1333
mask_fragment,86a3c5594a7b0bd7b33efe4c4ffaf5dc0aa17226,late_mask_fragment,512,1346.6897000325844,102400000,1.0,200000,0,sha256:92b825cb6ca6efd8c921ae328d9dcd567e5fc1cecda65d185180a168e33b45c9,1,sha256:e2e8f6bc4b7947ba0843ddfcf8f88cc96fedc873b7a1b9246c1be9879cb7c288,200000,20260717T134222171980Z,1333,mask_fragment-n200000-w512-m1000-s1333
mask_fragment,86a3c5594a7b0bd7b33efe4c4ffaf5dc0aa17226,early_mask_fragment,512,1219.917600043118,102400000,1.0,200000,1,sha256:1a43e0ddf8cc02438cc76d27ba1cce86da34109d2e43dcc8ed7c9d581b95b39d,1,sha256:e2e8f6bc4b7947ba0843ddfcf8f88cc96fedc873b7a1b9246c1be9879cb7c288,200000,20260717T134222171980Z,1333,mask_fragment-n200000-w512-m1000-s1333
mask_fragment,86a3c5594a7b0bd7b33efe4c4ffaf5dc0aa17226,early_mask_fragment,512,1175.0888000242412,102400000,1.0,200000,0,sha256:1a43e0ddf8cc02438cc76d27ba1cce86da34109d2e43dcc8ed7c9d581b95b39d,2,sha256:e2e8f6bc4b7947ba0843ddfcf8f88cc96fedc873b7a1b9246c1be9879cb7c288,200000,20260717T134222171980Z,1333,mask_fragment-n200000-w512-m1000-s1333
mask_fragment,86a3c5594a7b0bd7b33efe4c4ffaf5dc0aa17226,late_mask_fragment,512,1227.3805000004359,102400000,1.0,200000,1,sha256:92b825cb6ca6efd8c921ae328d9dcd567e5fc1cecda65d185180a168e33b45c9,2,sha256:e2e8f6bc4b7947ba0843ddfcf8f88cc96fedc873b7a1b9246c1be9879cb7c288,200000,20260717T134222171980Z,1333,mask_fragment-n200000-w512-m1000-s1333
mask_fragment,86a3c5594a7b0bd7b33efe4c4ffaf5dc0aa17226,late_mask_fragment,512,1240.322900004685,102400000,1.0,200000,0,sha256:92b825cb6ca6efd8c921ae328d9dcd567e5fc1cecda65d185180a168e33b45c9,3,sha256:e2e8f6bc4b7947ba0843ddfcf8f88cc96fedc873b7a1b9246c1be9879cb7c288,200000,20260717T134222171980Z,1333,mask_fragment-n200000-w512-m1000-s1333
mask_fragment,86a3c5594a7b0bd7b33efe4c4ffaf5dc0aa17226,early_mask_fragment,512,1424.7264000005089,102400000,1.0,200000,1,sha256:1a43e0ddf8cc02438cc76d27ba1cce86da34109d2e43dcc8ed7c9d581b95b39d,3,sha256:e2e8f6bc4b7947ba0843ddfcf8f88cc96fedc873b7a1b9246c1be9879cb7c288,200000,20260717T134222171980Z,1333,mask_fragment-n200000-w512-m1000-s1333
mask_fragment,86a3c5594a7b0bd7b33efe4c4ffaf5dc0aa17226,early_mask_fragment,512,1355.8623000280932,102400000,1.0,200000,0,sha256:1a43e0ddf8cc02438cc76d27ba1cce86da34109d2e43dcc8ed7c9d581b95b39d,4,sha256:e2e8f6bc4b7947ba0843ddfcf8f88cc96fedc873b7a1b9246c1be9879cb7c288,200000,20260717T134222171980Z,1333,mask_fragment-n200000-w512-m1000-s1333
mask_fragment,86a3c5594a7b0bd7b33efe4c4ffaf5dc0aa17226,late_mask_fragment,512,1316.3744000485167,102400000,1.0,200000,1,sha256:92b825cb6ca6efd8c921ae328d9dcd567e5fc1cecda65d185180a168e33b45c9,4,sha256:e2e8f6bc4b7947ba0843ddfcf8f88cc96fedc873b7a1b9246c1be9879cb7c288,200000,20260717T134222171980Z,1333,mask_fragment-n200000-w512-m1000-s1333
mask_fragment,86a3c5594a7b0bd7b33efe4c4ffaf5dc0aa17226,late_mask_fragment,512,1392.202599963639,102400000,1.0,200000,0,sha256:92b825cb6ca6efd8c921ae328d9dcd567e5fc1cecda65d185180a168e33b45c9,5,sha256:e2e8f6bc4b7947ba0843ddfcf8f88cc96fedc873b7a1b9246c1be9879cb7c288,200000,20260717T134222171980Z,1333,mask_fragment-n200000-w512-m1000-s1333
mask_fragment,86a3c5594a7b0bd7b33efe4c4ffaf5dc0aa17226,early_mask_fragment,512,1197.7216000086628,102400000,1.0,200000,1,sha256:1a43e0ddf8cc02438cc76d27ba1cce86da34109d2e43dcc8ed7c9d581b95b39d,5,sha256:e2e8f6bc4b7947ba0843ddfcf8f88cc96fedc873b7a1b9246c1be9879cb7c288,200000,20260717T134222171980Z,1333,mask_fragment-n200000-w512-m1000-s1333
mask_fragment,86a3c5594a7b0bd7b33efe4c4ffaf5dc0aa17226,early_mask_fragment,512,1216.358300007414,102400000,1.0,200000,0,sha256:1a43e0ddf8cc02438cc76d27ba1cce86da34109d2e43dcc8ed7c9d581b95b39d,6,sha256:e2e8f6bc4b7947ba0843ddfcf8f88cc96fedc873b7a1b9246c1be9879cb7c288,200000,20260717T134222171980Z,1333,mask_fragment-n200000-w512-m1000-s1333
mask_fragment,86a3c5594a7b0bd7b33efe4c4ffaf5dc0aa17226,late_mask_fragment,512,1411.349500005599,102400000,1.0,200000,1,sha256:92b825cb6ca6efd8c921ae328d9dcd567e5fc1cecda65d185180a168e33b45c9,6,sha256:e2e8f6bc4b7947ba0843ddfcf8f88cc96fedc873b7a1b9246c1be9879cb7c288,200000,20260717T134222171980Z,1333,mask_fragment-n200000-w512-m1000-s1333
mask_fragment,86a3c5594a7b0bd7b33efe4c4ffaf5dc0aa17226,late_mask_fragment,512,1380.6921999785118,102400000,1.0,200000,0,sha256:92b825cb6ca6efd8c921ae328d9dcd567e5fc1cecda65d185180a168e33b45c9,7,sha256:e2e8f6bc4b7947ba0843ddfcf8f88cc96fedc873b7a1b9246c1be9879cb7c288,200000,20260717T134222171980Z,1333,mask_fragment-n200000-w512-m1000-s1333
mask_fragment,86a3c5594a7b0bd7b33efe4c4ffaf5dc0aa17226,early_mask_fragment,512,1180.2607999998145,102400000,1.0,200000,1,sha256:1a43e0ddf8cc02438cc76d27ba1cce86da34109d2e43dcc8ed7c9d581b95b39d,7,sha256:e2e8f6bc4b7947ba0843ddfcf8f88cc96fedc873b7a1b9246c1be9879cb7c288,200000,20260717T134222171980Z,1333,mask_fragment-n200000-w512-m1000-s1333
mask_fragment,86a3c5594a7b0bd7b33efe4c4ffaf5dc0aa17226,early_mask_fragment,512,1200.4657000070438,102400000,1.0,200000,0,sha256:1a43e0ddf8cc02438cc76d27ba1cce86da34109d2e43dcc8ed7c9d581b95b39d,8,sha256:e2e8f6bc4b7947ba0843ddfcf8f88cc96fedc873b7a1b9246c1be9879cb7c288,200000,20260717T134222171980Z,1333,mask_fragment-n200000-w512-m1000-s1333
mask_fragment,86a3c5594a7b0bd7b33efe4c4ffaf5dc0aa17226,late_mask_fragment,512,1206.9060999783687,102400000,1.0,200000,1,sha256:92b825cb6ca6efd8c921ae328d9dcd567e5fc1cecda65d185180a168e33b45c9,8,sha256:e2e8f6bc4b7947ba0843ddfcf8f88cc96fedc873b7a1b9246c1be9879cb7c288,200000,20260717T134222171980Z,1333,mask_fragment-n200000-w512-m1000-s1333
mask_fragment,86a3c5594a7b0bd7b33efe4c4ffaf5dc0aa17226,late_mask_fragment,512,1230.3550000069663,102400000,1.0,200000,0,sha256:92b825cb6ca6efd8c921ae328d9dcd567e5fc1cecda65d185180a168e33b45c9,9,sha256:e2e8f6bc4b7947ba0843ddfcf8f88cc96fedc873b7a1b9246c1be9879cb7c288,200000,20260717T134222171980Z,1333,mask_fragment-n200000-w512-m1000-s1333
mask_fragment,86a3c5594a7b0bd7b33efe4c4ffaf5dc0aa17226,early_mask_fragment,512,1312.253399984911,102400000,1.0,200000,1,sha256:1a43e0ddf8cc02438cc76d27ba1cce86da34109d2e43dcc8ed7c9d581b95b39d,9,sha256:e2e8f6bc4b7947ba0843ddfcf8f88cc96fedc873b7a1b9246c1be9879cb7c288,200000,20260717T134222171980Z,1333,mask_fragment-n200000-w512-m1000-s1333
mask_fragment,86a3c5594a7b0bd7b33efe4c4ffaf5dc0aa17226,early_mask_fragment,512,1340.5362999765202,102400000,1.0,200000,0,sha256:1a43e0ddf8cc02438cc76d27ba1cce86da34109d2e43dcc8ed7c9d581b95b39d,10,sha256:e2e8f6bc4b7947ba0843ddfcf8f88cc96fedc873b7a1b9246c1be9879cb7c288,200000,20260717T134222171980Z,1333,mask_fragment-n200000-w512-m1000-s1333
mask_fragment,86a3c5594a7b0bd7b33efe4c4ffaf5dc0aa17226,late_mask_fragment,512,1225.1593999681063,102400000,1.0,200000,1,sha256:92b825cb6ca6efd8c921ae328d9dcd567e5fc1cecda65d185180a168e33b45c9,10,sha256:e2e8f6bc4b7947ba0843ddfcf8f88cc96fedc873b7a1b9246c1be9879cb7c288,200000,20260717T134222171980Z,1333,mask_fragment-n200000-w512-m1000-s1333
mask_fragment,86a3c5594a7b0bd7b33efe4c4ffaf5dc0aa17226,late_mask_fragment,512,1364.8474999936298,102400000,1.0,200000,0,sha256:92b825cb6ca6efd8c921ae328d9dcd567e5fc1cecda65d185180a168e33b45c9,11,sha256:e2e8f6bc4b7947ba0843ddfcf8f88cc96fedc873b7a1b9246c1be9879cb7c288,200000,20260717T134222171980Z,1333,mask_fragment-n200000-w512-m1000-s1333
mask_fragment,86a3c5594a7b0bd7b33efe4c4ffaf5dc0aa17226,early_mask_fragment,512,1386.6467000334524,102400000,1.0,200000,1,sha256:1a43e0ddf8cc02438cc76d27ba1cce86da34109d2e43dcc8ed7c9d581b95b39d,11,sha256:e2e8f6bc4b7947ba0843ddfcf8f88cc96fedc873b7a1b9246c1be9879cb7c288,200000,20260717T134222171980Z,1333,mask_fragment-n200000-w512-m1000-s1333
mask_fragment,86a3c5594a7b0bd7b33efe4c4ffaf5dc0aa17226,early_mask_fragment,512,1452.4029000313021,102400000,1.0,200000,0,sha256:1a43e0ddf8cc02438cc76d27ba1cce86da34109d2e43dcc8ed7c9d581b95b39d,12,sha256:e2e8f6bc4b7947ba0843ddfcf8f88cc96fedc873b7a1b9246c1be9879cb7c288,200000,20260717T134222171980Z,1333,mask_fragment-n200000-w512-m1000-s1333
mask_fragment,86a3c5594a7b0bd7b33efe4c4ffaf5dc0aa17226,late_mask_fragment,512,1464.5084000076167,102400000,1.0,200000,1,sha256:92b825cb6ca6efd8c921ae328d9dcd567e5fc1cecda65d185180a168e33b45c9,12,sha256:e2e8f6bc4b7947ba0843ddfcf8f88cc96fedc873b7a1b9246c1be9879cb7c288,200000,20260717T134222171980Z,1333,mask_fragment-n200000-w512-m1000-s1333
mask_fragment,86a3c5594a7b0bd7b33efe4c4ffaf5dc0aa17226,late_mask_fragment,512,1391.1122999852523,102400000,1.0,200000,0,sha256:92b825cb6ca6efd8c921ae328d9dcd567e5fc1cecda65d185180a168e33b45c9,13,sha256:e2e8f6bc4b7947ba0843ddfcf8f88cc96fedc873b7a1b9246c1be9879cb7c288,200000,20260717T134222171980Z,1333,mask_fragment-n200000-w512-m1000-s1333
mask_fragment,86a3c5594a7b0bd7b33efe4c4ffaf5dc0aa17226,early_mask_fragment,512,1330.3573000011966,102400000,1.0,200000,1,sha256:1a43e0ddf8cc02438cc76d27ba1cce86da34109d2e43dcc8ed7c9d581b95b39d,13,sha256:e2e8f6bc4b7947ba0843ddfcf8f88cc96fedc873b7a1b9246c1be9879cb7c288,200000,20260717T134222171980Z,1333,mask_fragment-n200000-w512-m1000-s1333
mask_fragment,86a3c5594a7b0bd7b33efe4c4ffaf5dc0aa17226,early_mask_fragment,512,1291.4218999794684,102400000,1.0,200000,0,sha256:1a43e0ddf8cc02438cc76d27ba1cce86da34109d2e43dcc8ed7c9d581b95b39d,14,sha256:e2e8f6bc4b7947ba0843ddfcf8f88cc96fedc873b7a1b9246c1be9879cb7c288,200000,20260717T134222171980Z,1333,mask_fragment-n200000-w512-m1000-s1333
mask_fragment,86a3c5594a7b0bd7b33efe4c4ffaf5dc0aa17226,late_mask_fragment,512,1386.175399995409,102400000,1.0,200000,1,sha256:92b825cb6ca6efd8c921ae328d9dcd567e5fc1cecda65d185180a168e33b45c9,14,sha256:e2e8f6bc4b7947ba0843ddfcf8f88cc96fedc873b7a1b9246c1be9879cb7c288,200000,20260717T134222171980Z,1333,mask_fragment-n200000-w512-m1000-s1333
mask_fragment,86a3c5594a7b0bd7b33efe4c4ffaf5dc0aa17226,late_mask_fragment,512,1334.2806000146084,102400000,1.0,200000,0,sha256:92b825cb6ca6efd8c921ae328d9dcd567e5fc1cecda65d185180a168e33b45c9,0,sha256:f835a9528e81d76998603b942bfe61eac2be78459a0537b6046bf0dd54c179bc,200000,20260717T134222171980Z,1444,mask_fragment-n200000-w512-m1000-s1444
mask_fragment,86a3c5594a7b0bd7b33efe4c4ffaf5dc0aa17226,early_mask_fragment,512,1154.7356999944896,102400000,1.0,200000,1,sha256:1a43e0ddf8cc02438cc76d27ba1cce86da34109d2e43dcc8ed7c9d581b95b39d,0,sha256:f835a9528e81d76998603b942bfe61eac2be78459a0537b6046bf0dd54c179bc,200000,20260717T134222171980Z,1444,mask_fragment-n200000-w512-m1000-s1444
mask_fragment,86a3c5594a7b0bd7b33efe4c4ffaf5dc0aa17226,early_mask_fragment,512,1111.339199997019,102400000,1.0,200000,0,sha256:1a43e0ddf8cc02438cc76d27ba1cce86da34109d2e43dcc8ed7c9d581b95b39d,1,sha256:f835a9528e81d76998603b942bfe61eac2be78459a0537b6046bf0dd54c179bc,200000,20260717T134222171980Z,1444,mask_fragment-n200000-w512-m1000-s1444
mask_fragment,86a3c5594a7b0bd7b33efe4c4ffaf5dc0aa17226,late_mask_fragment,512,1366.0564000019804,102400000,1.0,200000,1,sha256:92b825cb6ca6efd8c921ae328d9dcd567e5fc1cecda65d185180a168e33b45c9,1,sha256:f835a9528e81d76998603b942bfe61eac2be78459a0537b6046bf0dd54c179bc,200000,20260717T134222171980Z,1444,mask_fragment-n200000-w512-m1000-s1444
mask_fragment,86a3c5594a7b0bd7b33efe4c4ffaf5dc0aa17226,late_mask_fragment,512,1281.925500021316,102400000,1.0,200000,0,sha256:92b825cb6ca6efd8c921ae328d9dcd567e5fc1cecda65d185180a168e33b45c9,2,sha256:f835a9528e81d76998603b942bfe61eac2be78459a0537b6046bf0dd54c179bc,200000,20260717T134222171980Z,1444,mask_fragment-n200000-w512-m1000-s1444
mask_fragment,86a3c5594a7b0bd7b33efe4c4ffaf5dc0aa17226,early_mask_fragment,512,1291.7124000377953,102400000,1.0,200000,1,sha256:1a43e0ddf8cc02438cc76d27ba1cce86da34109d2e43dcc8ed7c9d581b95b39d,2,sha256:f835a9528e81d76998603b942bfe61eac2be78459a0537b6046bf0dd54c179bc,200000,20260717T134222171980Z,1444,mask_fragment-n200000-w512-m1000-s1444
mask_fragment,86a3c5594a7b0bd7b33efe4c4ffaf5dc0aa17226,early_mask_fragment,512,1120.1685999985784,102400000,1.0,200000,0,sha256:1a43e0ddf8cc02438cc76d27ba1cce86da34109d2e43dcc8ed7c9d581b95b39d,3,sha256:f835a9528e81d76998603b942bfe61eac2be78459a0537b6046bf0dd54c179bc,200000,20260717T134222171980Z,1444,mask_fragment-n200000-w512-m1000-s1444
mask_fragment,86a3c5594a7b0bd7b33efe4c4ffaf5dc0aa17226,late_mask_fragment,512,1306.4833999960683,102400000,1.0,200000,1,sha256:92b825cb6ca6efd8c921ae328d9dcd567e5fc1cecda65d185180a168e33b45c9,3,sha256:f835a9528e81d76998603b942bfe61eac2be78459a0537b6046bf0dd54c179bc,200000,20260717T134222171980Z,1444,mask_fragment-n200000-w512-m1000-s1444
mask_fragment,86a3c5594a7b0bd7b33efe4c4ffaf5dc0aa17226,late_mask_fragment,512,1266.2303000106476,102400000,1.0,200000,0,sha256:92b825cb6ca6efd8c921ae328d9dcd567e5fc1cecda65d185180a168e33b45c9,4,sha256:f835a9528e81d76998603b942bfe61eac2be78459a0537b6046bf0dd54c179bc,200000,20260717T134222171980Z,1444,mask_fragment-n200000-w512-m1000-s1444
mask_fragment,86a3c5594a7b0bd7b33efe4c4ffaf5dc0aa17226,early_mask_fragment,512,1146.8394999974407,102400000,1.0,200000,1,sha256:1a43e0ddf8cc02438cc76d27ba1cce86da34109d2e43dcc8ed7c9d581b95b39d,4,sha256:f835a9528e81d76998603b942bfe61eac2be78459a0537b6046bf0dd54c179bc,200000,20260717T134222171980Z,1444,mask_fragment-n200000-w512-m1000-s1444
mask_fragment,86a3c5594a7b0bd7b33efe4c4ffaf5dc0aa17226,early_mask_fragment,512,1301.8674000049941,102400000,1.0,200000,0,sha256:1a43e0ddf8cc02438cc76d27ba1cce86da34109d2e43dcc8ed7c9d581b95b39d,5,sha256:f835a9528e81d76998603b942bfe61eac2be78459a0537b6046bf0dd54c179bc,200000,20260717T134222171980Z,1444,mask_fragment-n200000-w512-m1000-s1444
mask_fragment,86a3c5594a7b0bd7b33efe4c4ffaf5dc0aa17226,late_mask_fragment,512,1331.2969999969937,102400000,1.0,200000,1,sha256:92b825cb6ca6efd8c921ae328d9dcd567e5fc1cecda65d185180a168e33b45c9,5,sha256:f835a9528e81d76998603b942bfe61eac2be78459a0537b6046bf0dd54c179bc,200000,20260717T134222171980Z,1444,mask_fragment-n200000-w512-m1000-s1444
mask_fragment,86a3c5594a7b0bd7b33efe4c4ffaf5dc0aa17226,late_mask_fragment,512,1449.6408999548294,102400000,1.0,200000,0,sha256:92b825cb6ca6efd8c921ae328d9dcd567e5fc1cecda65d185180a168e33b45c9,6,sha256:f835a9528e81d76998603b942bfe61eac2be78459a0537b6046bf0dd54c179bc,200000,20260717T134222171980Z,1444,mask_fragment-n200000-w512-m1000-s1444
mask_fragment,86a3c5594a7b0bd7b33efe4c4ffaf5dc0aa17226,early_mask_fragment,512,1582.691200019326,102400000,1.0,200000,1,sha256:1a43e0ddf8cc02438cc76d27ba1cce86da34109d2e43dcc8ed7c9d581b95b39d,6,sha256:f835a9528e81d76998603b942bfe61eac2be78459a0537b6046bf0dd54c179bc,200000,20260717T134222171980Z,1444,mask_fragment-n200000-w512-m1000-s1444
mask_fragment,86a3c5594a7b0bd7b33efe4c4ffaf5dc0aa17226,early_mask_fragment,512,1731.2096999958158,102400000,1.0,200000,0,sha256:1a43e0ddf8cc02438cc76d27ba1cce86da34109d2e43dcc8ed7c9d581b95b39d,7,sha256:f835a9528e81d76998603b942bfe61eac2be78459a0537b6046bf0dd54c179bc,200000,20260717T134222171980Z,1444,mask_fragment-n200000-w512-m1000-s1444
mask_fragment,86a3c5594a7b0bd7b33efe4c4ffaf5dc0aa17226,late_mask_fragment,512,1378.9214999997057,102400000,1.0,200000,1,sha256:92b825cb6ca6efd8c921ae328d9dcd567e5fc1cecda65d185180a168e33b45c9,7,sha256:f835a9528e81d76998603b942bfe61eac2be78459a0537b6046bf0dd54c179bc,200000,20260717T134222171980Z,1444,mask_fragment-n200000-w512-m1000-s1444
mask_fragment,86a3c5594a7b0bd7b33efe4c4ffaf5dc0aa17226,late_mask_fragment,512,1166.798199992627,102400000,1.0,200000,0,sha256:92b825cb6ca6efd8c921ae328d9dcd567e5fc1cecda65d185180a168e33b45c9,8,sha256:f835a9528e81d76998603b942bfe61eac2be78459a0537b6046bf0dd54c179bc,200000,20260717T134222171980Z,1444,mask_fragment-n200000-w512-m1000-s1444
mask_fragment,86a3c5594a7b0bd7b33efe4c4ffaf5dc0aa17226,early_mask_fragment,512,1160.1716000004672,102400000,1.0,200000,1,sha256:1a43e0ddf8cc02438cc76d27ba1cce86da34109d2e43dcc8ed7c9d581b95b39d,8,sha256:f835a9528e81d76998603b942bfe61eac2be78459a0537b6046bf0dd54c179bc,200000,20260717T134222171980Z,1444,mask_fragment-n200000-w512-m1000-s1444
mask_fragment,86a3c5594a7b0bd7b33efe4c4ffaf5dc0aa17226,early_mask_fragment,512,1132.6055999961682,102400000,1.0,200000,0,sha256:1a43e0ddf8cc02438cc76d27ba1cce86da34109d2e43dcc8ed7c9d581b95b39d,9,sha256:f835a9528e81d76998603b942bfe61eac2be78459a0537b6046bf0dd54c179bc,200000,20260717T134222171980Z,1444,mask_fragment-n200000-w512-m1000-s1444
mask_fragment,86a3c5594a7b0bd7b33efe4c4ffaf5dc0aa17226,late_mask_fragment,512,1260.8852999983355,102400000,1.0,200000,1,sha256:92b825cb6ca6efd8c921ae328d9dcd567e5fc1cecda65d185180a168e33b45c9,9,sha256:f835a9528e81d76998603b942bfe61eac2be78459a0537b6046bf0dd54c179bc,200000,20260717T134222171980Z,1444,mask_fragment-n200000-w512-m1000-s1444
mask_fragment,86a3c5594a7b0bd7b33efe4c4ffaf5dc0aa17226,late_mask_fragment,512,1370.795700000599,102400000,1.0,200000,0,sha256:92b825cb6ca6efd8c921ae328d9dcd567e5fc1cecda65d185180a168e33b45c9,10,sha256:f835a9528e81d76998603b942bfe61eac2be78459a0537b6046bf0dd54c179bc,200000,20260717T134222171980Z,1444,mask_fragment-n200000-w512-m1000-s1444
mask_fragment,86a3c5594a7b0bd7b33efe4c4ffaf5dc0aa17226,early_mask_fragment,512,1194.764900021255,102400000,1.0,200000,1,sha256:1a43e0ddf8cc02438cc76d27ba1cce86da34109d2e43dcc8ed7c9d581b95b39d,10,sha256:f835a9528e81d76998603b942bfe61eac2be78459a0537b6046bf0dd54c179bc,200000,20260717T134222171980Z,1444,mask_fragment-n200000-w512-m1000-s1444
mask_fragment,86a3c5594a7b0bd7b33efe4c4ffaf5dc0aa17226,early_mask_fragment,512,1112.3699999880046,102400000,1.0,200000,0,sha256:1a43e0ddf8cc02438cc76d27ba1cce86da34109d2e43dcc8ed7c9d581b95b39d,11,sha256:f835a9528e81d76998603b942bfe61eac2be78459a0537b6046bf0dd54c179bc,200000,20260717T134222171980Z,1444,mask_fragment-n200000-w512-m1000-s1444
mask_fragment,86a3c5594a7b0bd7b33efe4c4ffaf5dc0aa17226,late_mask_fragment,512,1585.1880999980494,102400000,1.0,200000,1,sha256:92b825cb6ca6efd8c921ae328d9dcd567e5fc1cecda65d185180a168e33b45c9,11,sha256:f835a9528e81d76998603b942bfe61eac2be78459a0537b6046bf0dd54c179bc,200000,20260717T134222171980Z,1444,mask_fragment-n200000-w512-m1000-s1444
mask_fragment,86a3c5594a7b0bd7b33efe4c4ffaf5dc0aa17226,late_mask_fragment,512,1623.081400000956,102400000,1.0,200000,0,sha256:92b825cb6ca6efd8c921ae328d9dcd567e5fc1cecda65d185180a168e33b45c9,12,sha256:f835a9528e81d76998603b942bfe61eac2be78459a0537b6046bf0dd54c179bc,200000,20260717T134222171980Z,1444,mask_fragment-n200000-w512-m1000-s1444
mask_fragment,86a3c5594a7b0bd7b33efe4c4ffaf5dc0aa17226,early_mask_fragment,512,1573.0070000281557,102400000,1.0,200000,1,sha256:1a43e0ddf8cc02438cc76d27ba1cce86da34109d2e43dcc8ed7c9d581b95b39d,12,sha256:f835a9528e81d76998603b942bfe61eac2be78459a0537b6046bf0dd54c179bc,200000,20260717T134222171980Z,1444,mask_fragment-n200000-w512-m1000-s1444
mask_fragment,86a3c5594a7b0bd7b33efe4c4ffaf5dc0aa17226,early_mask_fragment,512,1646.0431999876164,102400000,1.0,200000,0,sha256:1a43e0ddf8cc02438cc76d27ba1cce86da34109d2e43dcc8ed7c9d581b95b39d,13,sha256:f835a9528e81d76998603b942bfe61eac2be78459a0537b6046bf0dd54c179bc,200000,20260717T134222171980Z,1444,mask_fragment-n200000-w512-m1000-s1444
mask_fragment,86a3c5594a7b0bd7b33efe4c4ffaf5dc0aa17226,late_mask_fragment,512,1546.3648000149988,102400000,1.0,200000,1,sha256:92b825cb6ca6efd8c921ae328d9dcd567e5fc1cecda65d185180a168e33b45c9,13,sha256:f835a9528e81d76998603b942bfe61eac2be78459a0537b6046bf0dd54c179bc,200000,20260717T134222171980Z,1444,mask_fragment-n200000-w512-m1000-s1444
mask_fragment,86a3c5594a7b0bd7b33efe4c4ffaf5dc0aa17226,late_mask_fragment,512,1377.354700001888,102400000,1.0,200000,0,sha256:92b825cb6ca6efd8c921ae328d9dcd567e5fc1cecda65d185180a168e33b45c9,14,sha256:f835a9528e81d76998603b942bfe61eac2be78459a0537b6046bf0dd54c179bc,200000,20260717T134222171980Z,1444,mask_fragment-n200000-w512-m1000-s1444
mask_fragment,86a3c5594a7b0bd7b33efe4c4ffaf5dc0aa17226,early_mask_fragment,512,1563.394299999345,102400000,1.0,200000,1,sha256:1a43e0ddf8cc02438cc76d27ba1cce86da34109d2e43dcc8ed7c9d581b95b39d,14,sha256:f835a9528e81d76998603b942bfe61eac2be78459a0537b6046bf0dd54c179bc,200000,20260717T134222171980Z,1444,mask_fragment-n200000-w512-m1000-s1444
mask_fragment,86a3c5594a7b0bd7b33efe4c4ffaf5dc0aa17226,early_mask_fragment,512,1312.1438999660313,102400000,1.0,200000,0,sha256:1a43e0ddf8cc02438cc76d27ba1cce86da34109d2e43dcc8ed7c9d581b95b39d,0,sha256:44d18ca0e08efa9bdc4dcdabf32107f4c3c6454a614f6160a5537ba569af42d6,200000,20260717T134222171980Z,1555,mask_fragment-n200000-w512-m1000-s1555
mask_fragment,86a3c5594a7b0bd7b33efe4c4ffaf5dc0aa17226,late_mask_fragment,512,1320.91589999618,102400000,1.0,200000,1,sha256:92b825cb6ca6efd8c921ae328d9dcd567e5fc1cecda65d185180a168e33b45c9,0,sha256:44d18ca0e08efa9bdc4dcdabf32107f4c3c6454a614f6160a5537ba569af42d6,200000,20260717T134222171980Z,1555,mask_fragment-n200000-w512-m1000-s1555
mask_fragment,86a3c5594a7b0bd7b33efe4c4ffaf5dc0aa17226,late_mask_fragment,512,1480.907000019215,102400000,1.0,200000,0,sha256:92b825cb6ca6efd8c921ae328d9dcd567e5fc1cecda65d185180a168e33b45c9,1,sha256:44d18ca0e08efa9bdc4dcdabf32107f4c3c6454a614f6160a5537ba569af42d6,200000,20260717T134222171980Z,1555,mask_fragment-n200000-w512-m1000-s1555
mask_fragment,86a3c5594a7b0bd7b33efe4c4ffaf5dc0aa17226,early_mask_fragment,512,1285.3514999733306,102400000,1.0,200000,1,sha256:1a43e0ddf8cc02438cc76d27ba1cce86da34109d2e43dcc8ed7c9d581b95b39d,1,sha256:44d18ca0e08efa9bdc4dcdabf32107f4c3c6454a614f6160a5537ba569af42d6,200000,20260717T134222171980Z,1555,mask_fragment-n200000-w512-m1000-s1555
mask_fragment,86a3c5594a7b0bd7b33efe4c4ffaf5dc0aa17226,early_mask_fragment,512,1309.1571000404656,102400000,1.0,200000,0,sha256:1a43e0ddf8cc02438cc76d27ba1cce86da34109d2e43dcc8ed7c9d581b95b39d,2,sha256:44d18ca0e08efa9bdc4dcdabf32107f4c3c6454a614f6160a5537ba569af42d6,200000,20260717T134222171980Z,1555,mask_fragment-n200000-w512-m1000-s1555
mask_fragment,86a3c5594a7b0bd7b33efe4c4ffaf5dc0aa17226,late_mask_fragment,512,1184.6382999792695,102400000,1.0,200000,1,sha256:92b825cb6ca6efd8c921ae328d9dcd567e5fc1cecda65d185180a168e33b45c9,2,sha256:44d18ca0e08efa9bdc4dcdabf32107f4c3c6454a614f6160a5537ba569af42d6,200000,20260717T134222171980Z,1555,mask_fragment-n200000-w512-m1000-s1555
mask_fragment,86a3c5594a7b0bd7b33efe4c4ffaf5dc0aa17226,late_mask_fragment,512,1163.08960004244,102400000,1.0,200000,0,sha256:92b825cb6ca6efd8c921ae328d9dcd567e5fc1cecda65d185180a168e33b45c9,3,sha256:44d18ca0e08efa9bdc4dcdabf32107f4c3c6454a614f6160a5537ba569af42d6,200000,20260717T134222171980Z,1555,mask_fragment-n200000-w512-m1000-s1555
mask_fragment,86a3c5594a7b0bd7b33efe4c4ffaf5dc0aa17226,early_mask_fragment,512,1265.4698999831453,102400000,1.0,200000,1,sha256:1a43e0ddf8cc02438cc76d27ba1cce86da34109d2e43dcc8ed7c9d581b95b39d,3,sha256:44d18ca0e08efa9bdc4dcdabf32107f4c3c6454a614f6160a5537ba569af42d6,200000,20260717T134222171980Z,1555,mask_fragment-n200000-w512-m1000-s1555
mask_fragment,86a3c5594a7b0bd7b33efe4c4ffaf5dc0aa17226,early_mask_fragment,512,1120.4673999454826,102400000,1.0,200000,0,sha256:1a43e0ddf8cc02438cc76d27ba1cce86da34109d2e43dcc8ed7c9d581b95b39d,4,sha256:44d18ca0e08efa9bdc4dcdabf32107f4c3c6454a614f6160a5537ba569af42d6,200000,20260717T134222171980Z,1555,mask_fragment-n200000-w512-m1000-s1555
mask_fragment,86a3c5594a7b0bd7b33efe4c4ffaf5dc0aa17226,late_mask_fragment,512,1178.7755999830551,102400000,1.0,200000,1,sha256:92b825cb6ca6efd8c921ae328d9dcd567e5fc1cecda65d185180a168e33b45c9,4,sha256:44d18ca0e08efa9bdc4dcdabf32107f4c3c6454a614f6160a5537ba569af42d6,200000,20260717T134222171980Z,1555,mask_fragment-n200000-w512-m1000-s1555
mask_fragment,86a3c5594a7b0bd7b33efe4c4ffaf5dc0aa17226,late_mask_fragment,512,1162.9441999830306,102400000,1.0,200000,0,sha256:92b825cb6ca6efd8c921ae328d9dcd567e5fc1cecda65d185180a168e33b45c9,5,sha256:44d18ca0e08efa9bdc4dcdabf32107f4c3c6454a614f6160a5537ba569af42d6,200000,20260717T134222171980Z,1555,mask_fragment-n200000-w512-m1000-s1555
mask_fragment,86a3c5594a7b0bd7b33efe4c4ffaf5dc0aa17226,early_mask_fragment,512,1120.4662999953143,102400000,1.0,200000,1,sha256:1a43e0ddf8cc02438cc76d27ba1cce86da34109d2e43dcc8ed7c9d581b95b39d,5,sha256:44d18ca0e08efa9bdc4dcdabf32107f4c3c6454a614f6160a5537ba569af42d6,200000,20260717T134222171980Z,1555,mask_fragment-n200000-w512-m1000-s1555
mask_fragment,86a3c5594a7b0bd7b33efe4c4ffaf5dc0aa17226,early_mask_fragment,512,1099.1014000028372,102400000,1.0,200000,0,sha256:1a43e0ddf8cc02438cc76d27ba1cce86da34109d2e43dcc8ed7c9d581b95b39d,6,sha256:44d18ca0e08efa9bdc4dcdabf32107f4c3c6454a614f6160a5537ba569af42d6,200000,20260717T134222171980Z,1555,mask_fragment-n200000-w512-m1000-s1555
mask_fragment,86a3c5594a7b0bd7b33efe4c4ffaf5dc0aa17226,late_mask_fragment,512,1151.7995999893174,102400000,1.0,200000,1,sha256:92b825cb6ca6efd8c921ae328d9dcd567e5fc1cecda65d185180a168e33b45c9,6,sha256:44d18ca0e08efa9bdc4dcdabf32107f4c3c6454a614f6160a5537ba569af42d6,200000,20260717T134222171980Z,1555,mask_fragment-n200000-w512-m1000-s1555
mask_fragment,86a3c5594a7b0bd7b33efe4c4ffaf5dc0aa17226,late_mask_fragment,512,1300.771399983205,102400000,1.0,200000,0,sha256:92b825cb6ca6efd8c921ae328d9dcd567e5fc1cecda65d185180a168e33b45c9,7,sha256:44d18ca0e08efa9bdc4dcdabf32107f4c3c6454a614f6160a5537ba569af42d6,200000,20260717T134222171980Z,1555,mask_fragment-n200000-w512-m1000-s1555
mask_fragment,86a3c5594a7b0bd7b33efe4c4ffaf5dc0aa17226,early_mask_fragment,512,1211.4289000164717,102400000,1.0,200000,1,sha256:1a43e0ddf8cc02438cc76d27ba1cce86da34109d2e43dcc8ed7c9d581b95b39d,7,sha256:44d18ca0e08efa9bdc4dcdabf32107f4c3c6454a614f6160a5537ba569af42d6,200000,20260717T134222171980Z,1555,mask_fragment-n200000-w512-m1000-s1555
mask_fragment,86a3c5594a7b0bd7b33efe4c4ffaf5dc0aa17226,early_mask_fragment,512,1538.5848000296392,102400000,1.0,200000,0,sha256:1a43e0ddf8cc02438cc76d27ba1cce86da34109d2e43dcc8ed7c9d581b95b39d,8,sha256:44d18ca0e08efa9bdc4dcdabf32107f4c3c6454a614f6160a5537ba569af42d6,200000,20260717T134222171980Z,1555,mask_fragment-n200000-w512-m1000-s1555
mask_fragment,86a3c5594a7b0bd7b33efe4c4ffaf5dc0aa17226,late_mask_fragment,512,1721.8506000353955,102400000,1.0,200000,1,sha256:92b825cb6ca6efd8c921ae328d9dcd567e5fc1cecda65d185180a168e33b45c9,8,sha256:44d18ca0e08efa9bdc4dcdabf32107f4c3c6454a614f6160a5537ba569af42d6,200000,20260717T134222171980Z,1555,mask_fragment-n200000-w512-m1000-s1555
mask_fragment,86a3c5594a7b0bd7b33efe4c4ffaf5dc0aa17226,late_mask_fragment,512,1713.5755000053905,102400000,1.0,200000,0,sha256:92b825cb6ca6efd8c921ae328d9dcd567e5fc1cecda65d185180a168e33b45c9,9,sha256:44d18ca0e08efa9bdc4dcdabf32107f4c3c6454a614f6160a5537ba569af42d6,200000,20260717T134222171980Z,1555,mask_fragment-n200000-w512-m1000-s1555
mask_fragment,86a3c5594a7b0bd7b33efe4c4ffaf5dc0aa17226,early_mask_fragment,512,1324.4792000041343,102400000,1.0,200000,1,sha256:1a43e0ddf8cc02438cc76d27ba1cce86da34109d2e43dcc8ed7c9d581b95b39d,9,sha256:44d18ca0e08efa9bdc4dcdabf32107f4c3c6454a614f6160a5537ba569af42d6,200000,20260717T134222171980Z,1555,mask_fragment-n200000-w512-m1000-s1555
mask_fragment,86a3c5594a7b0bd7b33efe4c4ffaf5dc0aa17226,early_mask_fragment,512,1283.7715999921784,102400000,1.0,200000,0,sha256:1a43e0ddf8cc02438cc76d27ba1cce86da34109d2e43dcc8ed7c9d581b95b39d,10,sha256:44d18ca0e08efa9bdc4dcdabf32107f4c3c6454a614f6160a5537ba569af42d6,200000,20260717T134222171980Z,1555,mask_fragment-n200000-w512-m1000-s1555
mask_fragment,86a3c5594a7b0bd7b33efe4c4ffaf5dc0aa17226,late_mask_fragment,512,1249.3688000249676,102400000,1.0,200000,1,sha256:92b825cb6ca6efd8c921ae328d9dcd567e5fc1cecda65d185180a168e33b45c9,10,sha256:44d18ca0e08efa9bdc4dcdabf32107f4c3c6454a614f6160a5537ba569af42d6,200000,20260717T134222171980Z,1555,mask_fragment-n200000-w512-m1000-s1555
mask_fragment,86a3c5594a7b0bd7b33efe4c4ffaf5dc0aa17226,late_mask_fragment,512,1313.7345000286587,102400000,1.0,200000,0,sha256:92b825cb6ca6efd8c921ae328d9dcd567e5fc1cecda65d185180a168e33b45c9,11,sha256:44d18ca0e08efa9bdc4dcdabf32107f4c3c6454a614f6160a5537ba569af42d6,200000,20260717T134222171980Z,1555,mask_fragment-n200000-w512-m1000-s1555
mask_fragment,86a3c5594a7b0bd7b33efe4c4ffaf5dc0aa17226,early_mask_fragment,512,1338.922199967783,102400000,1.0,200000,1,sha256:1a43e0ddf8cc02438cc76d27ba1cce86da34109d2e43dcc8ed7c9d581b95b39d,11,sha256:44d18ca0e08efa9bdc4dcdabf32107f4c3c6454a614f6160a5537ba569af42d6,200000,20260717T134222171980Z,1555,mask_fragment-n200000-w512-m1000-s1555
mask_fragment,86a3c5594a7b0bd7b33efe4c4ffaf5dc0aa17226,early_mask_fragment,512,1180.2912999992259,102400000,1.0,200000,0,sha256:1a43e0ddf8cc02438cc76d27ba1cce86da34109d2e43dcc8ed7c9d581b95b39d,12,sha256:44d18ca0e08efa9bdc4dcdabf32107f4c3c6454a614f6160a5537ba569af42d6,200000,20260717T134222171980Z,1555,mask_fragment-n200000-w512-m1000-s1555
mask_fragment,86a3c5594a7b0bd7b33efe4c4ffaf5dc0aa17226,late_mask_fragment,512,1128.6682999925688,102400000,1.0,200000,1,sha256:92b825cb6ca6efd8c921ae328d9dcd567e5fc1cecda65d185180a168e33b45c9,12,sha256:44d18ca0e08efa9bdc4dcdabf32107f4c3c6454a614f6160a5537ba569af42d6,200000,20260717T134222171980Z,1555,mask_fragment-n200000-w512-m1000-s1555
mask_fragment,86a3c5594a7b0bd7b33efe4c4ffaf5dc0aa17226,late_mask_fragment,512,1159.2988999909721,102400000,1.0,200000,0,sha256:92b825cb6ca6efd8c921ae328d9dcd567e5fc1cecda65d185180a168e33b45c9,13,sha256:44d18ca0e08efa9bdc4dcdabf32107f4c3c6454a614f6160a5537ba569af42d6,200000,20260717T134222171980Z,1555,mask_fragment-n200000-w512-m1000-s1555
mask_fragment,86a3c5594a7b0bd7b33efe4c4ffaf5dc0aa17226,early_mask_fragment,512,1292.5825999700464,102400000,1.0,200000,1,sha256:1a43e0ddf8cc02438cc76d27ba1cce86da34109d2e43dcc8ed7c9d581b95b39d,13,sha256:44d18ca0e08efa9bdc4dcdabf32107f4c3c6454a614f6160a5537ba569af42d6,200000,20260717T134222171980Z,1555,mask_fragment-n200000-w512-m1000-s1555
mask_fragment,86a3c5594a7b0bd7b33efe4c4ffaf5dc0aa17226,early_mask_fragment,512,1195.7624000497162,102400000,1.0,200000,0,sha256:1a43e0ddf8cc02438cc76d27ba1cce86da34109d2e43dcc8ed7c9d581b95b39d,14,sha256:44d18ca0e08efa9bdc4dcdabf32107f4c3c6454a614f6160a5537ba569af42d6,200000,20260717T134222171980Z,1555,mask_fragment-n200000-w512-m1000-s1555
mask_fragment,86a3c5594a7b0bd7b33efe4c4ffaf5dc0aa17226,late_mask_fragment,512,1237.7207999816164,102400000,1.0,200000,1,sha256:92b825cb6ca6efd8c921ae328d9dcd567e5fc1cecda65d185180a168e33b45c9,14,sha256:44d18ca0e08efa9bdc4dcdabf32107f4c3c6454a614f6160a5537ba569af42d6,200000,20260717T134222171980Z,1555,mask_fragment-n200000-w512-m1000-s1555
