block_index,block_id,permutation_id,order_position,inner_repeat_index,candidate_id,started_at_utc,client_materialization_latency_ms,process_cpu_time_ms,output_row_count,result_digest
0,tpch-q1-block-000,fused -> materialize-after-q01-aggregate -> materialize-after-q01-filter,0,0,fused,2026-07-20T09:44:21.610256+00:00,5026.0291,19781.25,4,sha256:113892a015eddc24539efc3e86e95da727a563cf392d62337bad3c32a638c1fc
0,tpch-q1-block-000,fused -> materialize-after-q01-aggregate -> materialize-after-q01-filter,0,1,fused,2026-07-20T09:44:26.636694+00:00,5020.1982,19593.75,4,sha256:113892a015eddc24539efc3e86e95da727a563cf392d62337bad3c32a638c1fc
0,tpch-q1-block-000,fused -> materialize-after-q01-aggregate -> materialize-after-q01-filter,0,2,fused,2026-07-20T09:44:31.656610+00:00,4797.9649,18890.625,4,sha256:113892a015eddc24539efc3e86e95da727a563cf392d62337bad3c32a638c1fc
0,tpch-q1-block-000,fused -> materialize-after-q01-aggregate -> materialize-after-q01-filter,0,3,fused,2026-07-20T09:44:36.455061+00:00,5278.0854,20640.625,4,sha256:113892a015eddc24539efc3e86e95da727a563cf392d62337bad3c32a638c1fc
0,tpch-q1-block-000,fused -> materialize-after-q01-aggregate -> materialize-after-q01-filter,0,4,fused,2026-07-20T09:44:41.732423+00:00,4732.3942,18703.125,4,sha256:113892a015eddc24539efc3e86e95da727a563cf392d62337bad3c32a638c1fc
0,tpch-q1-block-000,fused -> materialize-after-q01-aggregate -> materialize-after-q01-filter,1,0,materialize-after-q01-aggregate,2026-07-20T09:44:46.465459+00:00,4931.0916,19406.25,4,sha256:113892a015eddc24539efc3e86e95da727a563cf392d62337bad3c32a638c1fc
0,tpch-q1-block-000,fused -> materialize-after-q01-aggregate -> materialize-after-q01-filter,1,1,materialize-after-q01-aggregate,2026-07-20T09:44:51.396790+00:00,6189.425,22750.0,4,sha256:113892a015eddc24539efc3e86e95da727a563cf392d62337bad3c32a638c1fc
0,tpch-q1-block-000,fused -> materialize-after-q01-aggregate -> materialize-after-q01-filter,1,2,materialize-after-q01-aggregate,2026-07-20T09:44:57.586356+00:00,7491.9627,24828.125,4,sha256:113892a015eddc24539efc3e86e95da727a563cf392d62337bad3c32a638c1fc
0,tpch-q1-block-000,fused -> materialize-after-q01-aggregate -> materialize-after-q01-filter,1,3,materialize-after-q01-aggregate,2026-07-20T09:45:05.078028+00:00,6806.566,21609.375,4,sha256:113892a015eddc24539efc3e86e95da727a563cf392d62337bad3c32a638c1fc
0,tpch-q1-block-000,fused -> materialize-after-q01-aggregate -> materialize-after-q01-filter,1,4,materialize-after-q01-aggregate,2026-07-20T09:45:11.884527+00:00,5997.1341,22140.625,4,sha256:113892a015eddc24539efc3e86e95da727a563cf392d62337bad3c32a638c1fc
0,tpch-q1-block-000,fused -> materialize-after-q01-aggregate -> materialize-after-q01-filter,2,0,materialize-after-q01-filter,2026-07-20T09:45:17.882311+00:00,18409.8133,53000.0,4,sha256:113892a015eddc24539efc3e86e95da727a563cf392d62337bad3c32a638c1fc
0,tpch-q1-block-000,fused -> materialize-after-q01-aggregate -> materialize-after-q01-filter,2,1,materialize-after-q01-filter,2026-07-20T09:45:36.291641+00:00,15995.5376,48796.875,4,sha256:113892a015eddc24539efc3e86e95da727a563cf392d62337bad3c32a638c1fc
0,tpch-q1-block-000,fused -> materialize-after-q01-aggregate -> materialize-after-q01-filter,2,2,materialize-after-q01-filter,2026-07-20T09:45:52.287593+00:00,21559.444,60093.75,4,sha256:113892a015eddc24539efc3e86e95da727a563cf392d62337bad3c32a638c1fc
0,tpch-q1-block-000,fused -> materialize-after-q01-aggregate -> materialize-after-q01-filter,2,3,materialize-after-q01-filter,2026-07-20T09:46:13.847277+00:00,21403.2233,59609.375,4,sha256:113892a015eddc24539efc3e86e95da727a563cf392d62337bad3c32a638c1fc
0,tpch-q1-block-000,fused -> materialize-after-q01-aggregate -> materialize-after-q01-filter,2,4,materialize-after-q01-filter,2026-07-20T09:46:35.250231+00:00,18363.0512,54718.75,4,sha256:113892a015eddc24539efc3e86e95da727a563cf392d62337bad3c32a638c1fc
1,tpch-q1-block-001,materialize-after-q01-aggregate -> materialize-after-q01-filter -> fused,0,0,materialize-after-q01-aggregate,2026-07-20T09:46:53.620947+00:00,5077.7409,19875.0,4,sha256:113892a015eddc24539efc3e86e95da727a563cf392d62337bad3c32a638c1fc
1,tpch-q1-block-001,materialize-after-q01-aggregate -> materialize-after-q01-filter -> fused,0,1,materialize-after-q01-aggregate,2026-07-20T09:46:58.698484+00:00,5041.8229,19734.375,4,sha256:113892a015eddc24539efc3e86e95da727a563cf392d62337bad3c32a638c1fc
1,tpch-q1-block-001,materialize-after-q01-aggregate -> materialize-after-q01-filter -> fused,0,2,materialize-after-q01-aggregate,2026-07-20T09:47:03.740018+00:00,4993.9051,19671.875,4,sha256:113892a015eddc24539efc3e86e95da727a563cf392d62337bad3c32a638c1fc
1,tpch-q1-block-001,materialize-after-q01-aggregate -> materialize-after-q01-filter -> fused,0,3,materialize-after-q01-aggregate,2026-07-20T09:47:08.734387+00:00,5343.0059,21093.75,4,sha256:113892a015eddc24539efc3e86e95da727a563cf392d62337bad3c32a638c1fc
1,tpch-q1-block-001,materialize-after-q01-aggregate -> materialize-after-q01-filter -> fused,0,4,materialize-after-q01-aggregate,2026-07-20T09:47:14.078121+00:00,6414.7007,22218.75,4,sha256:113892a015eddc24539efc3e86e95da727a563cf392d62337bad3c32a638c1fc
1,tpch-q1-block-001,materialize-after-q01-aggregate -> materialize-after-q01-filter -> fused,1,0,materialize-after-q01-filter,2026-07-20T09:47:20.492542+00:00,21921.3828,59859.375,4,sha256:113892a015eddc24539efc3e86e95da727a563cf392d62337bad3c32a638c1fc
1,tpch-q1-block-001,materialize-after-q01-aggregate -> materialize-after-q01-filter -> fused,1,1,materialize-after-q01-filter,2026-07-20T09:47:42.413724+00:00,18959.5773,54796.875,4,sha256:113892a015eddc24539efc3e86e95da727a563cf392d62337bad3c32a638c1fc
1,tpch-q1-block-001,materialize-after-q01-aggregate -> materialize-after-q01-filter -> fused,1,2,materialize-after-q01-filter,2026-07-20T09:48:01.373342+00:00,19420.0691,55187.5,4,sha256:113892a015eddc24539efc3e86e95da727a563cf392d62337bad3c32a638c1fc
1,tpch-q1-block-001,materialize-after-q01-aggregate -> materialize-after-q01-filter -> fused,1,3,materialize-after-q01-filter,2026-07-20T09:48:20.793397+00:00,19265.2765,54390.625,4,sha256:113892a015eddc24539efc3e86e95da727a563cf392d62337bad3c32a638c1fc
1,tpch-q1-block-001,materialize-after-q01-aggregate -> materialize-after-q01-filter -> fused,1,4,materialize-after-q01-filter,2026-07-20T09:48:40.058608+00:00,20336.1333,54750.0,4,sha256:113892a015eddc24539efc3e86e95da727a563cf392d62337bad3c32a638c1fc
1,tpch-q1-block-001,materialize-after-q01-aggregate -> materialize-after-q01-filter -> fused,2,0,fused,2026-07-20T09:49:00.395297+00:00,4841.5569,18937.5,4,sha256:113892a015eddc24539efc3e86e95da727a563cf392d62337bad3c32a638c1fc
1,tpch-q1-block-001,materialize-after-q01-aggregate -> materialize-after-q01-filter -> fused,2,1,fused,2026-07-20T09:49:05.236768+00:00,4695.6503,18421.875,4,sha256:113892a015eddc24539efc3e86e95da727a563cf392d62337bad3c32a638c1fc
1,tpch-q1-block-001,materialize-after-q01-aggregate -> materialize-after-q01-filter -> fused,2,2,fused,2026-07-20T09:49:09.932421+00:00,4745.9526,18796.875,4,sha256:113892a015eddc24539efc3e86e95da727a563cf392d62337bad3c32a638c1fc
1,tpch-q1-block-001,materialize-after-q01-aggregate -> materialize-after-q01-filter -> fused,2,3,fused,2026-07-20T09:49:14.678973+00:00,4643.5817,18343.75,4,sha256:113892a015eddc24539efc3e86e95da727a563cf392d62337bad3c32a638c1fc
1,tpch-q1-block-001,materialize-after-q01-aggregate -> materialize-after-q01-filter -> fused,2,4,fused,2026-07-20T09:49:19.322052+00:00,4784.3126,18890.625,4,sha256:113892a015eddc24539efc3e86e95da727a563cf392d62337bad3c32a638c1fc
2,tpch-q1-block-002,materialize-after-q01-aggregate -> fused -> materialize-after-q01-filter,0,0,materialize-after-q01-aggregate,2026-07-20T09:49:24.113593+00:00,5171.8271,20203.125,4,sha256:113892a015eddc24539efc3e86e95da727a563cf392d62337bad3c32a638c1fc
2,tpch-q1-block-002,materialize-after-q01-aggregate -> fused -> materialize-after-q01-filter,0,1,materialize-after-q01-aggregate,2026-07-20T09:49:29.285352+00:00,4594.5223,18078.125,4,sha256:113892a015eddc24539efc3e86e95da727a563cf392d62337bad3c32a638c1fc
2,tpch-q1-block-002,materialize-after-q01-aggregate -> fused -> materialize-after-q01-filter,0,2,materialize-after-q01-aggregate,2026-07-20T09:49:33.880149+00:00,5579.1479,21703.125,4,sha256:113892a015eddc24539efc3e86e95da727a563cf392d62337bad3c32a638c1fc
2,tpch-q1-block-002,materialize-after-q01-aggregate -> fused -> materialize-after-q01-filter,0,3,materialize-after-q01-aggregate,2026-07-20T09:49:39.459654+00:00,4927.5557,19421.875,4,sha256:113892a015eddc24539efc3e86e95da727a563cf392d62337bad3c32a638c1fc
2,tpch-q1-block-002,materialize-after-q01-aggregate -> fused -> materialize-after-q01-filter,0,4,materialize-after-q01-aggregate,2026-07-20T09:49:44.386768+00:00,5162.1979,20187.5,4,sha256:113892a015eddc24539efc3e86e95da727a563cf392d62337bad3c32a638c1fc
2,tpch-q1-block-002,materialize-after-q01-aggregate -> fused -> materialize-after-q01-filter,1,0,fused,2026-07-20T09:49:49.549344+00:00,4884.4627,19265.625,4,sha256:113892a015eddc24539efc3e86e95da727a563cf392d62337bad3c32a638c1fc
2,tpch-q1-block-002,materialize-after-q01-aggregate -> fused -> materialize-after-q01-filter,1,1,fused,2026-07-20T09:49:54.434161+00:00,4904.6108,19218.75,4,sha256:113892a015eddc24539efc3e86e95da727a563cf392d62337bad3c32a638c1fc
2,tpch-q1-block-002,materialize-after-q01-aggregate -> fused -> materialize-after-q01-filter,1,2,fused,2026-07-20T09:49:59.338492+00:00,5187.0768,20296.875,4,sha256:113892a015eddc24539efc3e86e95da727a563cf392d62337bad3c32a638c1fc
2,tpch-q1-block-002,materialize-after-q01-aggregate -> fused -> materialize-after-q01-filter,1,3,fused,2026-07-20T09:50:04.525310+00:00,4739.7198,18734.375,4,sha256:113892a015eddc24539efc3e86e95da727a563cf392d62337bad3c32a638c1fc
2,tpch-q1-block-002,materialize-after-q01-aggregate -> fused -> materialize-after-q01-filter,1,4,fused,2026-07-20T09:50:09.265319+00:00,4989.1984,19765.625,4,sha256:113892a015eddc24539efc3e86e95da727a563cf392d62337bad3c32a638c1fc
2,tpch-q1-block-002,materialize-after-q01-aggregate -> fused -> materialize-after-q01-filter,2,0,materialize-after-q01-filter,2026-07-20T09:50:14.254352+00:00,20451.5665,55546.875,4,sha256:113892a015eddc24539efc3e86e95da727a563cf392d62337bad3c32a638c1fc
2,tpch-q1-block-002,materialize-after-q01-aggregate -> fused -> materialize-after-q01-filter,2,1,materialize-after-q01-filter,2026-07-20T09:50:34.706659+00:00,27390.0655,63484.375,4,sha256:113892a015eddc24539efc3e86e95da727a563cf392d62337bad3c32a638c1fc
2,tpch-q1-block-002,materialize-after-q01-aggregate -> fused -> materialize-after-q01-filter,2,2,materialize-after-q01-filter,2026-07-20T09:51:02.096265+00:00,22694.04,56906.25,4,sha256:113892a015eddc24539efc3e86e95da727a563cf392d62337bad3c32a638c1fc
2,tpch-q1-block-002,materialize-after-q01-aggregate -> fused -> materialize-after-q01-filter,2,3,materialize-after-q01-filter,2026-07-20T09:51:24.790258+00:00,22277.1083,58406.25,4,sha256:113892a015eddc24539efc3e86e95da727a563cf392d62337bad3c32a638c1fc
2,tpch-q1-block-002,materialize-after-q01-aggregate -> fused -> materialize-after-q01-filter,2,4,materialize-after-q01-filter,2026-07-20T09:51:47.067958+00:00,21668.0929,56546.875,4,sha256:113892a015eddc24539efc3e86e95da727a563cf392d62337bad3c32a638c1fc
3,tpch-q1-block-003,materialize-after-q01-filter -> fused -> materialize-after-q01-aggregate,0,0,materialize-after-q01-filter,2026-07-20T09:52:08.742344+00:00,27663.6479,65750.0,4,sha256:113892a015eddc24539efc3e86e95da727a563cf392d62337bad3c32a638c1fc
3,tpch-q1-block-003,materialize-after-q01-filter -> fused -> materialize-after-q01-aggregate,0,1,materialize-after-q01-filter,2026-07-20T09:52:36.406043+00:00,23080.2267,60406.25,4,sha256:113892a015eddc24539efc3e86e95da727a563cf392d62337bad3c32a638c1fc
3,tpch-q1-block-003,materialize-after-q01-filter -> fused -> materialize-after-q01-aggregate,0,2,materialize-after-q01-filter,2026-07-20T09:52:59.486938+00:00,25670.3469,60687.5,4,sha256:113892a015eddc24539efc3e86e95da727a563cf392d62337bad3c32a638c1fc
3,tpch-q1-block-003,materialize-after-q01-filter -> fused -> materialize-after-q01-aggregate,0,3,materialize-after-q01-filter,2026-07-20T09:53:25.157129+00:00,27514.1398,62609.375,4,sha256:113892a015eddc24539efc3e86e95da727a563cf392d62337bad3c32a638c1fc
3,tpch-q1-block-003,materialize-after-q01-filter -> fused -> materialize-after-q01-aggregate,0,4,materialize-after-q01-filter,2026-07-20T09:53:52.670836+00:00,26495.3935,61578.125,4,sha256:113892a015eddc24539efc3e86e95da727a563cf392d62337bad3c32a638c1fc
3,tpch-q1-block-003,materialize-after-q01-filter -> fused -> materialize-after-q01-aggregate,1,0,fused,2026-07-20T09:54:19.166550+00:00,5430.5468,21187.5,4,sha256:113892a015eddc24539efc3e86e95da727a563cf392d62337bad3c32a638c1fc
3,tpch-q1-block-003,materialize-after-q01-filter -> fused -> materialize-after-q01-aggregate,1,1,fused,2026-07-20T09:54:24.596851+00:00,4816.9939,19000.0,4,sha256:113892a015eddc24539efc3e86e95da727a563cf392d62337bad3c32a638c1fc
3,tpch-q1-block-003,materialize-after-q01-filter -> fused -> materialize-after-q01-aggregate,1,2,fused,2026-07-20T09:54:29.414663+00:00,5058.0047,19875.0,4,sha256:113892a015eddc24539efc3e86e95da727a563cf392d62337bad3c32a638c1fc
3,tpch-q1-block-003,materialize-after-q01-filter -> fused -> materialize-after-q01-aggregate,1,3,fused,2026-07-20T09:54:34.472400+00:00,5854.7142,21796.875,4,sha256:113892a015eddc24539efc3e86e95da727a563cf392d62337bad3c32a638c1fc
3,tpch-q1-block-003,materialize-after-q01-filter -> fused -> materialize-after-q01-aggregate,1,4,fused,2026-07-20T09:54:40.326983+00:00,5023.4089,19640.625,4,sha256:113892a015eddc24539efc3e86e95da727a563cf392d62337bad3c32a638c1fc
3,tpch-q1-block-003,materialize-after-q01-filter -> fused -> materialize-after-q01-aggregate,2,0,materialize-after-q01-aggregate,2026-07-20T09:54:45.350264+00:00,5102.03,20093.75,4,sha256:113892a015eddc24539efc3e86e95da727a563cf392d62337bad3c32a638c1fc
3,tpch-q1-block-003,materialize-after-q01-filter -> fused -> materialize-after-q01-aggregate,2,1,materialize-after-q01-aggregate,2026-07-20T09:54:50.453061+00:00,4917.1766,19375.0,4,sha256:113892a015eddc24539efc3e86e95da727a563cf392d62337bad3c32a638c1fc
3,tpch-q1-block-003,materialize-after-q01-filter -> fused -> materialize-after-q01-aggregate,2,2,materialize-after-q01-aggregate,2026-07-20T09:54:55.369963+00:00,5499.7717,21296.875,4,sha256:113892a015eddc24539efc3e86e95da727a563cf392d62337bad3c32a638c1fc
3,tpch-q1-block-003,materialize-after-q01-filter -> fused -> materialize-after-q01-aggregate,2,3,materialize-after-q01-aggregate,2026-07-20T09:55:00.869802+00:00,5990.5261,22328.125,4,sha256:113892a015eddc24539efc3e86e95da727a563cf392d62337bad3c32a638c1fc
3,tpch-q1-block-003,materialize-after-q01-filter -> fused -> materialize-after-q01-aggregate,2,4,materialize-after-q01-aggregate,2026-07-20T09:55:06.860799+00:00,5274.3168,20562.5,4,sha256:113892a015eddc24539efc3e86e95da727a563cf392d62337bad3c32a638c1fc
4,tpch-q1-block-004,materialize-after-q01-filter -> materialize-after-q01-aggregate -> fused,0,0,materialize-after-q01-filter,2026-07-20T09:55:12.142926+00:00,25105.9277,61828.125,4,sha256:113892a015eddc24539efc3e86e95da727a563cf392d62337bad3c32a638c1fc
4,tpch-q1-block-004,materialize-after-q01-filter -> materialize-after-q01-aggregate -> fused,0,1,materialize-after-q01-filter,2026-07-20T09:55:37.248962+00:00,32179.6532,72406.25,4,sha256:113892a015eddc24539efc3e86e95da727a563cf392d62337bad3c32a638c1fc
4,tpch-q1-block-004,materialize-after-q01-filter -> materialize-after-q01-aggregate -> fused,0,2,materialize-after-q01-filter,2026-07-20T09:56:09.428531+00:00,24346.6952,56250.0,4,sha256:113892a015eddc24539efc3e86e95da727a563cf392d62337bad3c32a638c1fc
4,tpch-q1-block-004,materialize-after-q01-filter -> materialize-after-q01-aggregate -> fused,0,3,materialize-after-q01-filter,2026-07-20T09:56:33.776165+00:00,31542.9359,62531.25,4,sha256:113892a015eddc24539efc3e86e95da727a563cf392d62337bad3c32a638c1fc
4,tpch-q1-block-004,materialize-after-q01-filter -> materialize-after-q01-aggregate -> fused,0,4,materialize-after-q01-filter,2026-07-20T09:57:05.319261+00:00,28871.9088,64390.625,4,sha256:113892a015eddc24539efc3e86e95da727a563cf392d62337bad3c32a638c1fc
4,tpch-q1-block-004,materialize-after-q01-filter -> materialize-after-q01-aggregate -> fused,1,0,materialize-after-q01-aggregate,2026-07-20T09:57:34.191043+00:00,5149.9011,20140.625,4,sha256:113892a015eddc24539efc3e86e95da727a563cf392d62337bad3c32a638c1fc
4,tpch-q1-block-004,materialize-after-q01-filter -> materialize-after-q01-aggregate -> fused,1,1,materialize-after-q01-aggregate,2026-07-20T09:57:39.340472+00:00,5085.6589,19671.875,4,sha256:113892a015eddc24539efc3e86e95da727a563cf392d62337bad3c32a638c1fc
4,tpch-q1-block-004,materialize-after-q01-filter -> materialize-after-q01-aggregate -> fused,1,2,materialize-after-q01-aggregate,2026-07-20T09:57:44.426961+00:00,5065.4016,20046.875,4,sha256:113892a015eddc24539efc3e86e95da727a563cf392d62337bad3c32a638c1fc
4,tpch-q1-block-004,materialize-after-q01-filter -> materialize-after-q01-aggregate -> fused,1,3,materialize-after-q01-aggregate,2026-07-20T09:57:49.491818+00:00,4759.2684,18781.25,4,sha256:113892a015eddc24539efc3e86e95da727a563cf392d62337bad3c32a638c1fc
4,tpch-q1-block-004,materialize-after-q01-filter -> materialize-after-q01-aggregate -> fused,1,4,materialize-after-q01-aggregate,2026-07-20T09:57:54.251400+00:00,5183.3958,20312.5,4,sha256:113892a015eddc24539efc3e86e95da727a563cf392d62337bad3c32a638c1fc
4,tpch-q1-block-004,materialize-after-q01-filter -> materialize-after-q01-aggregate -> fused,2,0,fused,2026-07-20T09:57:59.434377+00:00,4851.7389,19156.25,4,sha256:113892a015eddc24539efc3e86e95da727a563cf392d62337bad3c32a638c1fc
4,tpch-q1-block-004,materialize-after-q01-filter -> materialize-after-q01-aggregate -> fused,2,1,fused,2026-07-20T09:58:04.286214+00:00,5058.961,19796.875,4,sha256:113892a015eddc24539efc3e86e95da727a563cf392d62337bad3c32a638c1fc
4,tpch-q1-block-004,materialize-after-q01-filter -> materialize-after-q01-aggregate -> fused,2,2,fused,2026-07-20T09:58:09.346034+00:00,5200.795,20578.125,4,sha256:113892a015eddc24539efc3e86e95da727a563cf392d62337bad3c32a638c1fc
4,tpch-q1-block-004,materialize-after-q01-filter -> materialize-after-q01-aggregate -> fused,2,3,fused,2026-07-20T09:58:14.546497+00:00,4921.4282,19421.875,4,sha256:113892a015eddc24539efc3e86e95da727a563cf392d62337bad3c32a638c1fc
4,tpch-q1-block-004,materialize-after-q01-filter -> materialize-after-q01-aggregate -> fused,2,4,fused,2026-07-20T09:58:19.467923+00:00,5488.8609,21468.75,4,sha256:113892a015eddc24539efc3e86e95da727a563cf392d62337bad3c32a638c1fc
5,tpch-q1-block-005,fused -> materialize-after-q01-filter -> materialize-after-q01-aggregate,0,0,fused,2026-07-20T09:58:24.967876+00:00,5244.7757,20625.0,4,sha256:113892a015eddc24539efc3e86e95da727a563cf392d62337bad3c32a638c1fc
5,tpch-q1-block-005,fused -> materialize-after-q01-filter -> materialize-after-q01-aggregate,0,1,fused,2026-07-20T09:58:30.212212+00:00,4953.6314,19578.125,4,sha256:113892a015eddc24539efc3e86e95da727a563cf392d62337bad3c32a638c1fc
5,tpch-q1-block-005,fused -> materialize-after-q01-filter -> materialize-after-q01-aggregate,0,2,fused,2026-07-20T09:58:35.166531+00:00,5435.6189,21265.625,4,sha256:113892a015eddc24539efc3e86e95da727a563cf392d62337bad3c32a638c1fc
5,tpch-q1-block-005,fused -> materialize-after-q01-filter -> materialize-after-q01-aggregate,0,3,fused,2026-07-20T09:58:40.602229+00:00,4896.4851,19312.5,4,sha256:113892a015eddc24539efc3e86e95da727a563cf392d62337bad3c32a638c1fc
5,tpch-q1-block-005,fused -> materialize-after-q01-filter -> materialize-after-q01-aggregate,0,4,fused,2026-07-20T09:58:45.498299+00:00,5184.7287,20375.0,4,sha256:113892a015eddc24539efc3e86e95da727a563cf392d62337bad3c32a638c1fc
5,tpch-q1-block-005,fused -> materialize-after-q01-filter -> materialize-after-q01-aggregate,1,0,materialize-after-q01-filter,2026-07-20T09:58:50.683468+00:00,27363.4333,62812.5,4,sha256:113892a015eddc24539efc3e86e95da727a563cf392d62337bad3c32a638c1fc
5,tpch-q1-block-005,fused -> materialize-after-q01-filter -> materialize-after-q01-aggregate,1,1,materialize-after-q01-filter,2026-07-20T09:59:18.046898+00:00,27277.6948,60984.375,4,sha256:113892a015eddc24539efc3e86e95da727a563cf392d62337bad3c32a638c1fc
5,tpch-q1-block-005,fused -> materialize-after-q01-filter -> materialize-after-q01-aggregate,1,2,materialize-after-q01-filter,2026-07-20T09:59:45.324143+00:00,30376.4096,63625.0,4,sha256:113892a015eddc24539efc3e86e95da727a563cf392d62337bad3c32a638c1fc
5,tpch-q1-block-005,fused -> materialize-after-q01-filter -> materialize-after-q01-aggregate,1,3,materialize-after-q01-filter,2026-07-20T10:00:15.701143+00:00,42804.8445,80906.25,4,sha256:113892a015eddc24539efc3e86e95da727a563cf392d62337bad3c32a638c1fc
5,tpch-q1-block-005,fused -> materialize-after-q01-filter -> materialize-after-q01-aggregate,1,4,materialize-after-q01-filter,2026-07-20T10:00:58.506080+00:00,30183.132,68281.25,4,sha256:113892a015eddc24539efc3e86e95da727a563cf392d62337bad3c32a638c1fc
5,tpch-q1-block-005,fused -> materialize-after-q01-filter -> materialize-after-q01-aggregate,2,0,materialize-after-q01-aggregate,2026-07-20T10:01:28.689587+00:00,5292.7076,20500.0,4,sha256:113892a015eddc24539efc3e86e95da727a563cf392d62337bad3c32a638c1fc
5,tpch-q1-block-005,fused -> materialize-after-q01-filter -> materialize-after-q01-aggregate,2,1,materialize-after-q01-aggregate,2026-07-20T10:01:33.981902+00:00,4913.2562,19359.375,4,sha256:113892a015eddc24539efc3e86e95da727a563cf392d62337bad3c32a638c1fc
5,tpch-q1-block-005,fused -> materialize-after-q01-filter -> materialize-after-q01-aggregate,2,2,materialize-after-q01-aggregate,2026-07-20T10:01:38.894765+00:00,4732.6475,18656.25,4,sha256:113892a015eddc24539efc3e86e95da727a563cf392d62337bad3c32a638c1fc
5,tpch-q1-block-005,fused -> materialize-after-q01-filter -> materialize-after-q01-aggregate,2,3,materialize-after-q01-aggregate,2026-07-20T10:01:43.627775+00:00,5310.8063,20875.0,4,sha256:113892a015eddc24539efc3e86e95da727a563cf392d62337bad3c32a638c1fc
5,tpch-q1-block-005,fused -> materialize-after-q01-filter -> materialize-after-q01-aggregate,2,4,materialize-after-q01-aggregate,2026-07-20T10:01:48.939221+00:00,4701.6185,18406.25,4,sha256:113892a015eddc24539efc3e86e95da727a563cf392d62337bad3c32a638c1fc
6,tpch-q1-block-006,materialize-after-q01-filter -> materialize-after-q01-aggregate -> fused,0,0,materialize-after-q01-filter,2026-07-20T10:01:53.650016+00:00,31847.3155,69546.875,4,sha256:113892a015eddc24539efc3e86e95da727a563cf392d62337bad3c32a638c1fc
6,tpch-q1-block-006,materialize-after-q01-filter -> materialize-after-q01-aggregate -> fused,0,1,materialize-after-q01-filter,2026-07-20T10:02:25.497256+00:00,32383.5908,69156.25,4,sha256:113892a015eddc24539efc3e86e95da727a563cf392d62337bad3c32a638c1fc
6,tpch-q1-block-006,materialize-after-q01-filter -> materialize-after-q01-aggregate -> fused,0,2,materialize-after-q01-filter,2026-07-20T10:02:57.880463+00:00,48590.883,89406.25,4,sha256:113892a015eddc24539efc3e86e95da727a563cf392d62337bad3c32a638c1fc
6,tpch-q1-block-006,materialize-after-q01-filter -> materialize-after-q01-aggregate -> fused,0,3,materialize-after-q01-filter,2026-07-20T10:03:46.471341+00:00,37798.3877,78625.0,4,sha256:113892a015eddc24539efc3e86e95da727a563cf392d62337bad3c32a638c1fc
6,tpch-q1-block-006,materialize-after-q01-filter -> materialize-after-q01-aggregate -> fused,0,4,materialize-after-q01-filter,2026-07-20T10:04:24.270331+00:00,33797.8278,68203.125,4,sha256:113892a015eddc24539efc3e86e95da727a563cf392d62337bad3c32a638c1fc
6,tpch-q1-block-006,materialize-after-q01-filter -> materialize-after-q01-aggregate -> fused,1,0,materialize-after-q01-aggregate,2026-07-20T10:04:58.068077+00:00,4970.0843,19515.625,4,sha256:113892a015eddc24539efc3e86e95da727a563cf392d62337bad3c32a638c1fc
6,tpch-q1-block-006,materialize-after-q01-filter -> materialize-after-q01-aggregate -> fused,1,1,materialize-after-q01-aggregate,2026-07-20T10:05:03.037757+00:00,5050.9608,19734.375,4,sha256:113892a015eddc24539efc3e86e95da727a563cf392d62337bad3c32a638c1fc
6,tpch-q1-block-006,materialize-after-q01-filter -> materialize-after-q01-aggregate -> fused,1,2,materialize-after-q01-aggregate,2026-07-20T10:05:08.089577+00:00,4717.4257,18437.5,4,sha256:113892a015eddc24539efc3e86e95da727a563cf392d62337bad3c32a638c1fc
6,tpch-q1-block-006,materialize-after-q01-filter -> materialize-after-q01-aggregate -> fused,1,3,materialize-after-q01-aggregate,2026-07-20T10:05:12.806890+00:00,4765.0641,18875.0,4,sha256:113892a015eddc24539efc3e86e95da727a563cf392d62337bad3c32a638c1fc
6,tpch-q1-block-006,materialize-after-q01-filter -> materialize-after-q01-aggregate -> fused,1,4,materialize-after-q01-aggregate,2026-07-20T10:05:17.571873+00:00,4672.2347,18375.0,4,sha256:113892a015eddc24539efc3e86e95da727a563cf392d62337bad3c32a638c1fc
6,tpch-q1-block-006,materialize-after-q01-filter -> materialize-after-q01-aggregate -> fused,2,0,fused,2026-07-20T10:05:22.244569+00:00,5109.8169,19875.0,4,sha256:113892a015eddc24539efc3e86e95da727a563cf392d62337bad3c32a638c1fc
6,tpch-q1-block-006,materialize-after-q01-filter -> materialize-after-q01-aggregate -> fused,2,1,fused,2026-07-20T10:05:27.354490+00:00,4712.4031,18593.75,4,sha256:113892a015eddc24539efc3e86e95da727a563cf392d62337bad3c32a638c1fc
6,tpch-q1-block-006,materialize-after-q01-filter -> materialize-after-q01-aggregate -> fused,2,2,fused,2026-07-20T10:05:32.066628+00:00,4564.5609,18078.125,4,sha256:113892a015eddc24539efc3e86e95da727a563cf392d62337bad3c32a638c1fc
6,tpch-q1-block-006,materialize-after-q01-filter -> materialize-after-q01-aggregate -> fused,2,3,fused,2026-07-20T10:05:36.631109+00:00,5121.7265,20171.875,4,sha256:113892a015eddc24539efc3e86e95da727a563cf392d62337bad3c32a638c1fc
6,tpch-q1-block-006,materialize-after-q01-filter -> materialize-after-q01-aggregate -> fused,2,4,fused,2026-07-20T10:05:41.753065+00:00,4732.9673,18671.875,4,sha256:113892a015eddc24539efc3e86e95da727a563cf392d62337bad3c32a638c1fc
7,tpch-q1-block-007,materialize-after-q01-aggregate -> materialize-after-q01-filter -> fused,0,0,materialize-after-q01-aggregate,2026-07-20T10:05:46.495220+00:00,5168.9339,20250.0,4,sha256:113892a015eddc24539efc3e86e95da727a563cf392d62337bad3c32a638c1fc
7,tpch-q1-block-007,materialize-after-q01-aggregate -> materialize-after-q01-filter -> fused,0,1,materialize-after-q01-aggregate,2026-07-20T10:05:51.663560+00:00,4954.7082,19421.875,4,sha256:113892a015eddc24539efc3e86e95da727a563cf392d62337bad3c32a638c1fc
7,tpch-q1-block-007,materialize-after-q01-aggregate -> materialize-after-q01-filter -> fused,0,2,materialize-after-q01-aggregate,2026-07-20T10:05:56.618401+00:00,5039.2405,19718.75,4,sha256:113892a015eddc24539efc3e86e95da727a563cf392d62337bad3c32a638c1fc
7,tpch-q1-block-007,materialize-after-q01-aggregate -> materialize-after-q01-filter -> fused,0,3,materialize-after-q01-aggregate,2026-07-20T10:06:01.657489+00:00,5141.9853,20250.0,4,sha256:113892a015eddc24539efc3e86e95da727a563cf392d62337bad3c32a638c1fc
7,tpch-q1-block-007,materialize-after-q01-aggregate -> materialize-after-q01-filter -> fused,0,4,materialize-after-q01-aggregate,2026-07-20T10:06:06.800248+00:00,4793.8671,19031.25,4,sha256:113892a015eddc24539efc3e86e95da727a563cf392d62337bad3c32a638c1fc
7,tpch-q1-block-007,materialize-after-q01-aggregate -> materialize-after-q01-filter -> fused,1,0,materialize-after-q01-filter,2026-07-20T10:06:11.594243+00:00,32728.3086,68156.25,4,sha256:113892a015eddc24539efc3e86e95da727a563cf392d62337bad3c32a638c1fc
7,tpch-q1-block-007,materialize-after-q01-aggregate -> materialize-after-q01-filter -> fused,1,1,materialize-after-q01-filter,2026-07-20T10:06:44.322643+00:00,43120.2014,78734.375,4,sha256:113892a015eddc24539efc3e86e95da727a563cf392d62337bad3c32a638c1fc
7,tpch-q1-block-007,materialize-after-q01-aggregate -> materialize-after-q01-filter -> fused,1,2,materialize-after-q01-filter,2026-07-20T10:07:27.442500+00:00,37119.7314,73484.375,4,sha256:113892a015eddc24539efc3e86e95da727a563cf392d62337bad3c32a638c1fc
7,tpch-q1-block-007,materialize-after-q01-aggregate -> materialize-after-q01-filter -> fused,1,3,materialize-after-q01-filter,2026-07-20T10:08:04.562483+00:00,37416.2771,74453.125,4,sha256:113892a015eddc24539efc3e86e95da727a563cf392d62337bad3c32a638c1fc
7,tpch-q1-block-007,materialize-after-q01-aggregate -> materialize-after-q01-filter -> fused,1,4,materialize-after-q01-filter,2026-07-20T10:08:41.978839+00:00,31478.9614,66843.75,4,sha256:113892a015eddc24539efc3e86e95da727a563cf392d62337bad3c32a638c1fc
7,tpch-q1-block-007,materialize-after-q01-aggregate -> materialize-after-q01-filter -> fused,2,0,fused,2026-07-20T10:09:13.457418+00:00,3177.9429,12546.875,4,sha256:113892a015eddc24539efc3e86e95da727a563cf392d62337bad3c32a638c1fc
7,tpch-q1-block-007,materialize-after-q01-aggregate -> materialize-after-q01-filter -> fused,2,1,fused,2026-07-20T10:09:16.635435+00:00,3027.267,12000.0,4,sha256:113892a015eddc24539efc3e86e95da727a563cf392d62337bad3c32a638c1fc
7,tpch-q1-block-007,materialize-after-q01-aggregate -> materialize-after-q01-filter -> fused,2,2,fused,2026-07-20T10:09:19.663152+00:00,3593.664,14281.25,4,sha256:113892a015eddc24539efc3e86e95da727a563cf392d62337bad3c32a638c1fc
7,tpch-q1-block-007,materialize-after-q01-aggregate -> materialize-after-q01-filter -> fused,2,3,fused,2026-07-20T10:09:23.257240+00:00,3802.9869,15125.0,4,sha256:113892a015eddc24539efc3e86e95da727a563cf392d62337bad3c32a638c1fc
7,tpch-q1-block-007,materialize-after-q01-aggregate -> materialize-after-q01-filter -> fused,2,4,fused,2026-07-20T10:09:27.060658+00:00,3892.1257,15437.5,4,sha256:113892a015eddc24539efc3e86e95da727a563cf392d62337bad3c32a638c1fc
8,tpch-q1-block-008,fused -> materialize-after-q01-aggregate -> materialize-after-q01-filter,0,0,fused,2026-07-20T10:09:30.960348+00:00,4129.0543,16031.25,4,sha256:113892a015eddc24539efc3e86e95da727a563cf392d62337bad3c32a638c1fc
8,tpch-q1-block-008,fused -> materialize-after-q01-aggregate -> materialize-after-q01-filter,0,1,fused,2026-07-20T10:09:35.089494+00:00,3687.6196,14671.875,4,sha256:113892a015eddc24539efc3e86e95da727a563cf392d62337bad3c32a638c1fc
8,tpch-q1-block-008,fused -> materialize-after-q01-aggregate -> materialize-after-q01-filter,0,2,fused,2026-07-20T10:09:38.776982+00:00,3892.6661,15359.375,4,sha256:113892a015eddc24539efc3e86e95da727a563cf392d62337bad3c32a638c1fc
8,tpch-q1-block-008,fused -> materialize-after-q01-aggregate -> materialize-after-q01-filter,0,3,fused,2026-07-20T10:09:42.670402+00:00,3789.2748,15062.5,4,sha256:113892a015eddc24539efc3e86e95da727a563cf392d62337bad3c32a638c1fc
8,tpch-q1-block-008,fused -> materialize-after-q01-aggregate -> materialize-after-q01-filter,0,4,fused,2026-07-20T10:09:46.459217+00:00,3813.4659,15109.375,4,sha256:113892a015eddc24539efc3e86e95da727a563cf392d62337bad3c32a638c1fc
8,tpch-q1-block-008,fused -> materialize-after-q01-aggregate -> materialize-after-q01-filter,1,0,materialize-after-q01-aggregate,2026-07-20T10:09:50.272701+00:00,3822.557,15187.5,4,sha256:113892a015eddc24539efc3e86e95da727a563cf392d62337bad3c32a638c1fc
8,tpch-q1-block-008,fused -> materialize-after-q01-aggregate -> materialize-after-q01-filter,1,1,materialize-after-q01-aggregate,2026-07-20T10:09:54.095437+00:00,4114.9097,16296.875,4,sha256:113892a015eddc24539efc3e86e95da727a563cf392d62337bad3c32a638c1fc
8,tpch-q1-block-008,fused -> materialize-after-q01-aggregate -> materialize-after-q01-filter,1,2,materialize-after-q01-aggregate,2026-07-20T10:09:58.211038+00:00,3854.1868,15171.875,4,sha256:113892a015eddc24539efc3e86e95da727a563cf392d62337bad3c32a638c1fc
8,tpch-q1-block-008,fused -> materialize-after-q01-aggregate -> materialize-after-q01-filter,1,3,materialize-after-q01-aggregate,2026-07-20T10:10:02.064834+00:00,3778.1867,15015.625,4,sha256:113892a015eddc24539efc3e86e95da727a563cf392d62337bad3c32a638c1fc
8,tpch-q1-block-008,fused -> materialize-after-q01-aggregate -> materialize-after-q01-filter,1,4,materialize-after-q01-aggregate,2026-07-20T10:10:05.843677+00:00,3888.3216,15421.875,4,sha256:113892a015eddc24539efc3e86e95da727a563cf392d62337bad3c32a638c1fc
8,tpch-q1-block-008,fused -> materialize-after-q01-aggregate -> materialize-after-q01-filter,2,0,materialize-after-q01-filter,2026-07-20T10:10:09.731355+00:00,28109.7193,52734.375,4,sha256:113892a015eddc24539efc3e86e95da727a563cf392d62337bad3c32a638c1fc
8,tpch-q1-block-008,fused -> materialize-after-q01-aggregate -> materialize-after-q01-filter,2,1,materialize-after-q01-filter,2026-07-20T10:10:37.841380+00:00,30764.9199,52765.625,4,sha256:113892a015eddc24539efc3e86e95da727a563cf392d62337bad3c32a638c1fc
8,tpch-q1-block-008,fused -> materialize-after-q01-aggregate -> materialize-after-q01-filter,2,2,materialize-after-q01-filter,2026-07-20T10:11:08.606113+00:00,40592.4148,64750.0,4,sha256:113892a015eddc24539efc3e86e95da727a563cf392d62337bad3c32a638c1fc
8,tpch-q1-block-008,fused -> materialize-after-q01-aggregate -> materialize-after-q01-filter,2,3,materialize-after-q01-filter,2026-07-20T10:11:49.198514+00:00,27832.8524,49359.375,4,sha256:113892a015eddc24539efc3e86e95da727a563cf392d62337bad3c32a638c1fc
8,tpch-q1-block-008,fused -> materialize-after-q01-aggregate -> materialize-after-q01-filter,2,4,materialize-after-q01-filter,2026-07-20T10:12:17.031612+00:00,27015.9542,49234.375,4,sha256:113892a015eddc24539efc3e86e95da727a563cf392d62337bad3c32a638c1fc
9,tpch-q1-block-009,materialize-after-q01-aggregate -> fused -> materialize-after-q01-filter,0,0,materialize-after-q01-aggregate,2026-07-20T10:12:44.054834+00:00,3430.757,13578.125,4,sha256:113892a015eddc24539efc3e86e95da727a563cf392d62337bad3c32a638c1fc
9,tpch-q1-block-009,materialize-after-q01-aggregate -> fused -> materialize-after-q01-filter,0,1,materialize-after-q01-aggregate,2026-07-20T10:12:47.485260+00:00,3045.0449,12125.0,4,sha256:113892a015eddc24539efc3e86e95da727a563cf392d62337bad3c32a638c1fc
9,tpch-q1-block-009,materialize-after-q01-aggregate -> fused -> materialize-after-q01-filter,0,2,materialize-after-q01-aggregate,2026-07-20T10:12:50.531074+00:00,3088.6442,12312.5,4,sha256:113892a015eddc24539efc3e86e95da727a563cf392d62337bad3c32a638c1fc
9,tpch-q1-block-009,materialize-after-q01-aggregate -> fused -> materialize-after-q01-filter,0,3,materialize-after-q01-aggregate,2026-07-20T10:12:53.619306+00:00,3152.7081,12531.25,4,sha256:113892a015eddc24539efc3e86e95da727a563cf392d62337bad3c32a638c1fc
9,tpch-q1-block-009,materialize-after-q01-aggregate -> fused -> materialize-after-q01-filter,0,4,materialize-after-q01-aggregate,2026-07-20T10:12:56.772090+00:00,3659.0076,14531.25,4,sha256:113892a015eddc24539efc3e86e95da727a563cf392d62337bad3c32a638c1fc
9,tpch-q1-block-009,materialize-after-q01-aggregate -> fused -> materialize-after-q01-filter,1,0,fused,2026-07-20T10:13:00.430980+00:00,3664.8529,14578.125,4,sha256:113892a015eddc24539efc3e86e95da727a563cf392d62337bad3c32a638c1fc
9,tpch-q1-block-009,materialize-after-q01-aggregate -> fused -> materialize-after-q01-filter,1,1,fused,2026-07-20T10:13:04.096498+00:00,3591.2241,14281.25,4,sha256:113892a015eddc24539efc3e86e95da727a563cf392d62337bad3c32a638c1fc
9,tpch-q1-block-009,materialize-after-q01-aggregate -> fused -> materialize-after-q01-filter,1,2,fused,2026-07-20T10:13:07.687801+00:00,3634.4135,14484.375,4,sha256:113892a015eddc24539efc3e86e95da727a563cf392d62337bad3c32a638c1fc
9,tpch-q1-block-009,materialize-after-q01-aggregate -> fused -> materialize-after-q01-filter,1,3,fused,2026-07-20T10:13:11.321654+00:00,3630.7155,14500.0,4,sha256:113892a015eddc24539efc3e86e95da727a563cf392d62337bad3c32a638c1fc
9,tpch-q1-block-009,materialize-after-q01-aggregate -> fused -> materialize-after-q01-filter,1,4,fused,2026-07-20T10:13:14.953152+00:00,3752.094,14765.625,4,sha256:113892a015eddc24539efc3e86e95da727a563cf392d62337bad3c32a638c1fc
9,tpch-q1-block-009,materialize-after-q01-aggregate -> fused -> materialize-after-q01-filter,2,0,materialize-after-q01-filter,2026-07-20T10:13:18.704598+00:00,28603.1584,50703.125,4,sha256:113892a015eddc24539efc3e86e95da727a563cf392d62337bad3c32a638c1fc
9,tpch-q1-block-009,materialize-after-q01-aggregate -> fused -> materialize-after-q01-filter,2,1,materialize-after-q01-filter,2026-07-20T10:13:47.308588+00:00,28509.3363,50281.25,4,sha256:113892a015eddc24539efc3e86e95da727a563cf392d62337bad3c32a638c1fc
9,tpch-q1-block-009,materialize-after-q01-aggregate -> fused -> materialize-after-q01-filter,2,2,materialize-after-q01-filter,2026-07-20T10:14:15.817962+00:00,29973.1904,51281.25,4,sha256:113892a015eddc24539efc3e86e95da727a563cf392d62337bad3c32a638c1fc
9,tpch-q1-block-009,materialize-after-q01-aggregate -> fused -> materialize-after-q01-filter,2,3,materialize-after-q01-filter,2026-07-20T10:14:45.790801+00:00,28401.005,50281.25,4,sha256:113892a015eddc24539efc3e86e95da727a563cf392d62337bad3c32a638c1fc
9,tpch-q1-block-009,materialize-after-q01-aggregate -> fused -> materialize-after-q01-filter,2,4,materialize-after-q01-filter,2026-07-20T10:15:14.191987+00:00,29529.6602,51562.5,4,sha256:113892a015eddc24539efc3e86e95da727a563cf392d62337bad3c32a638c1fc
10,tpch-q1-block-010,fused -> materialize-after-q01-filter -> materialize-after-q01-aggregate,0,0,fused,2026-07-20T10:15:43.729801+00:00,3200.9607,12671.875,4,sha256:113892a015eddc24539efc3e86e95da727a563cf392d62337bad3c32a638c1fc
10,tpch-q1-block-010,fused -> materialize-after-q01-filter -> materialize-after-q01-aggregate,0,1,fused,2026-07-20T10:15:46.930928+00:00,3095.9696,12265.625,4,sha256:113892a015eddc24539efc3e86e95da727a563cf392d62337bad3c32a638c1fc
10,tpch-q1-block-010,fused -> materialize-after-q01-filter -> materialize-after-q01-aggregate,0,2,fused,2026-07-20T10:15:50.027408+00:00,3085.1361,12234.375,4,sha256:113892a015eddc24539efc3e86e95da727a563cf392d62337bad3c32a638c1fc
10,tpch-q1-block-010,fused -> materialize-after-q01-filter -> materialize-after-q01-aggregate,0,3,fused,2026-07-20T10:15:53.112439+00:00,3085.877,12281.25,4,sha256:113892a015eddc24539efc3e86e95da727a563cf392d62337bad3c32a638c1fc
10,tpch-q1-block-010,fused -> materialize-after-q01-filter -> materialize-after-q01-aggregate,0,4,fused,2026-07-20T10:15:56.198619+00:00,3510.7572,13578.125,4,sha256:113892a015eddc24539efc3e86e95da727a563cf392d62337bad3c32a638c1fc
10,tpch-q1-block-010,fused -> materialize-after-q01-filter -> materialize-after-q01-aggregate,1,0,materialize-after-q01-filter,2026-07-20T10:15:59.709467+00:00,31621.6524,54984.375,4,sha256:113892a015eddc24539efc3e86e95da727a563cf392d62337bad3c32a638c1fc
10,tpch-q1-block-010,fused -> materialize-after-q01-filter -> materialize-after-q01-aggregate,1,1,materialize-after-q01-filter,2026-07-20T10:16:31.330532+00:00,40172.7258,63468.75,4,sha256:113892a015eddc24539efc3e86e95da727a563cf392d62337bad3c32a638c1fc
10,tpch-q1-block-010,fused -> materialize-after-q01-filter -> materialize-after-q01-aggregate,1,2,materialize-after-q01-filter,2026-07-20T10:17:11.503912+00:00,38282.5273,61375.0,4,sha256:113892a015eddc24539efc3e86e95da727a563cf392d62337bad3c32a638c1fc
10,tpch-q1-block-010,fused -> materialize-after-q01-filter -> materialize-after-q01-aggregate,1,3,materialize-after-q01-filter,2026-07-20T10:17:49.786161+00:00,31906.8104,53718.75,4,sha256:113892a015eddc24539efc3e86e95da727a563cf392d62337bad3c32a638c1fc
10,tpch-q1-block-010,fused -> materialize-after-q01-filter -> materialize-after-q01-aggregate,1,4,materialize-after-q01-filter,2026-07-20T10:18:21.692692+00:00,31270.5238,53484.375,4,sha256:113892a015eddc24539efc3e86e95da727a563cf392d62337bad3c32a638c1fc
10,tpch-q1-block-010,fused -> materialize-after-q01-filter -> materialize-after-q01-aggregate,2,0,materialize-after-q01-aggregate,2026-07-20T10:18:52.964078+00:00,3257.5468,12921.875,4,sha256:113892a015eddc24539efc3e86e95da727a563cf392d62337bad3c32a638c1fc
10,tpch-q1-block-010,fused -> materialize-after-q01-filter -> materialize-after-q01-aggregate,2,1,materialize-after-q01-aggregate,2026-07-20T10:18:56.221521+00:00,3162.9817,12500.0,4,sha256:113892a015eddc24539efc3e86e95da727a563cf392d62337bad3c32a638c1fc
10,tpch-q1-block-010,fused -> materialize-after-q01-filter -> materialize-after-q01-aggregate,2,2,materialize-after-q01-aggregate,2026-07-20T10:18:59.384165+00:00,3141.0863,12343.75,4,sha256:113892a015eddc24539efc3e86e95da727a563cf392d62337bad3c32a638c1fc
10,tpch-q1-block-010,fused -> materialize-after-q01-filter -> materialize-after-q01-aggregate,2,3,materialize-after-q01-aggregate,2026-07-20T10:19:02.524978+00:00,3137.5557,12468.75,4,sha256:113892a015eddc24539efc3e86e95da727a563cf392d62337bad3c32a638c1fc
10,tpch-q1-block-010,fused -> materialize-after-q01-filter -> materialize-after-q01-aggregate,2,4,materialize-after-q01-aggregate,2026-07-20T10:19:05.662795+00:00,3389.0267,13140.625,4,sha256:113892a015eddc24539efc3e86e95da727a563cf392d62337bad3c32a638c1fc
11,tpch-q1-block-011,materialize-after-q01-filter -> fused -> materialize-after-q01-aggregate,0,0,materialize-after-q01-filter,2026-07-20T10:19:09.061977+00:00,32864.5678,56406.25,4,sha256:113892a015eddc24539efc3e86e95da727a563cf392d62337bad3c32a638c1fc
11,tpch-q1-block-011,materialize-after-q01-filter -> fused -> materialize-after-q01-aggregate,0,1,materialize-after-q01-filter,2026-07-20T10:19:41.926681+00:00,41009.913,64484.375,4,sha256:113892a015eddc24539efc3e86e95da727a563cf392d62337bad3c32a638c1fc
11,tpch-q1-block-011,materialize-after-q01-filter -> fused -> materialize-after-q01-aggregate,0,2,materialize-after-q01-filter,2026-07-20T10:20:22.936086+00:00,35775.9361,58796.875,4,sha256:113892a015eddc24539efc3e86e95da727a563cf392d62337bad3c32a638c1fc
11,tpch-q1-block-011,materialize-after-q01-filter -> fused -> materialize-after-q01-aggregate,0,3,materialize-after-q01-filter,2026-07-20T10:20:58.711996+00:00,30267.2954,52375.0,4,sha256:113892a015eddc24539efc3e86e95da727a563cf392d62337bad3c32a638c1fc
11,tpch-q1-block-011,materialize-after-q01-filter -> fused -> materialize-after-q01-aggregate,0,4,materialize-after-q01-filter,2026-07-20T10:21:28.979420+00:00,49591.0058,73968.75,4,sha256:113892a015eddc24539efc3e86e95da727a563cf392d62337bad3c32a638c1fc
11,tpch-q1-block-011,materialize-after-q01-filter -> fused -> materialize-after-q01-aggregate,1,0,fused,2026-07-20T10:22:18.570512+00:00,3147.2231,12421.875,4,sha256:113892a015eddc24539efc3e86e95da727a563cf392d62337bad3c32a638c1fc
11,tpch-q1-block-011,materialize-after-q01-filter -> fused -> materialize-after-q01-aggregate,1,1,fused,2026-07-20T10:22:21.718101+00:00,2984.2695,11828.125,4,sha256:113892a015eddc24539efc3e86e95da727a563cf392d62337bad3c32a638c1fc
11,tpch-q1-block-011,materialize-after-q01-filter -> fused -> materialize-after-q01-aggregate,1,2,fused,2026-07-20T10:22:24.702619+00:00,3016.2431,12000.0,4,sha256:113892a015eddc24539efc3e86e95da727a563cf392d62337bad3c32a638c1fc
11,tpch-q1-block-011,materialize-after-q01-filter -> fused -> materialize-after-q01-aggregate,1,3,fused,2026-07-20T10:22:27.718923+00:00,3049.1817,12109.375,4,sha256:113892a015eddc24539efc3e86e95da727a563cf392d62337bad3c32a638c1fc
11,tpch-q1-block-011,materialize-after-q01-filter -> fused -> materialize-after-q01-aggregate,1,4,fused,2026-07-20T10:22:30.767530+00:00,3165.1123,12546.875,4,sha256:113892a015eddc24539efc3e86e95da727a563cf392d62337bad3c32a638c1fc
11,tpch-q1-block-011,materialize-after-q01-filter -> fused -> materialize-after-q01-aggregate,2,0,materialize-after-q01-aggregate,2026-07-20T10:22:33.933069+00:00,3235.3448,12828.125,4,sha256:113892a015eddc24539efc3e86e95da727a563cf392d62337bad3c32a638c1fc
11,tpch-q1-block-011,materialize-after-q01-filter -> fused -> materialize-after-q01-aggregate,2,1,materialize-after-q01-aggregate,2026-07-20T10:22:37.168242+00:00,3819.0159,15140.625,4,sha256:113892a015eddc24539efc3e86e95da727a563cf392d62337bad3c32a638c1fc
11,tpch-q1-block-011,materialize-after-q01-filter -> fused -> materialize-after-q01-aggregate,2,2,materialize-after-q01-aggregate,2026-07-20T10:22:40.987027+00:00,3648.2165,14453.125,4,sha256:113892a015eddc24539efc3e86e95da727a563cf392d62337bad3c32a638c1fc
11,tpch-q1-block-011,materialize-after-q01-filter -> fused -> materialize-after-q01-aggregate,2,3,materialize-after-q01-aggregate,2026-07-20T10:22:44.636040+00:00,3610.1884,14312.5,4,sha256:113892a015eddc24539efc3e86e95da727a563cf392d62337bad3c32a638c1fc
11,tpch-q1-block-011,materialize-after-q01-filter -> fused -> materialize-after-q01-aggregate,2,4,materialize-after-q01-aggregate,2026-07-20T10:22:48.245792+00:00,3666.6159,14421.875,4,sha256:113892a015eddc24539efc3e86e95da727a563cf392d62337bad3c32a638c1fc
12,tpch-q1-block-012,materialize-after-q01-aggregate -> materialize-after-q01-filter -> fused,0,0,materialize-after-q01-aggregate,2026-07-20T10:22:51.928908+00:00,3629.928,14437.5,4,sha256:113892a015eddc24539efc3e86e95da727a563cf392d62337bad3c32a638c1fc
12,tpch-q1-block-012,materialize-after-q01-aggregate -> materialize-after-q01-filter -> fused,0,1,materialize-after-q01-aggregate,2026-07-20T10:22:55.558737+00:00,3889.478,15109.375,4,sha256:113892a015eddc24539efc3e86e95da727a563cf392d62337bad3c32a638c1fc
12,tpch-q1-block-012,materialize-after-q01-aggregate -> materialize-after-q01-filter -> fused,0,2,materialize-after-q01-aggregate,2026-07-20T10:22:59.448019+00:00,3583.9549,14218.75,4,sha256:113892a015eddc24539efc3e86e95da727a563cf392d62337bad3c32a638c1fc
12,tpch-q1-block-012,materialize-after-q01-aggregate -> materialize-after-q01-filter -> fused,0,3,materialize-after-q01-aggregate,2026-07-20T10:23:03.032149+00:00,3968.6619,15687.5,4,sha256:113892a015eddc24539efc3e86e95da727a563cf392d62337bad3c32a638c1fc
12,tpch-q1-block-012,materialize-after-q01-aggregate -> materialize-after-q01-filter -> fused,0,4,materialize-after-q01-aggregate,2026-07-20T10:23:07.001285+00:00,3710.7531,14734.375,4,sha256:113892a015eddc24539efc3e86e95da727a563cf392d62337bad3c32a638c1fc
12,tpch-q1-block-012,materialize-after-q01-aggregate -> materialize-after-q01-filter -> fused,1,0,materialize-after-q01-filter,2026-07-20T10:23:10.712369+00:00,30468.4009,52468.75,4,sha256:113892a015eddc24539efc3e86e95da727a563cf392d62337bad3c32a638c1fc
12,tpch-q1-block-012,materialize-after-q01-aggregate -> materialize-after-q01-filter -> fused,1,1,materialize-after-q01-filter,2026-07-20T10:23:41.180441+00:00,39550.9137,62953.125,4,sha256:113892a015eddc24539efc3e86e95da727a563cf392d62337bad3c32a638c1fc
12,tpch-q1-block-012,materialize-after-q01-aggregate -> materialize-after-q01-filter -> fused,1,2,materialize-after-q01-filter,2026-07-20T10:24:20.730810+00:00,32633.0063,56718.75,4,sha256:113892a015eddc24539efc3e86e95da727a563cf392d62337bad3c32a638c1fc
12,tpch-q1-block-012,materialize-after-q01-aggregate -> materialize-after-q01-filter -> fused,1,3,materialize-after-q01-filter,2026-07-20T10:24:53.364661+00:00,42284.2863,65781.25,4,sha256:113892a015eddc24539efc3e86e95da727a563cf392d62337bad3c32a638c1fc
12,tpch-q1-block-012,materialize-after-q01-aggregate -> materialize-after-q01-filter -> fused,1,4,materialize-after-q01-filter,2026-07-20T10:25:35.648525+00:00,30564.3704,51984.375,4,sha256:113892a015eddc24539efc3e86e95da727a563cf392d62337bad3c32a638c1fc
12,tpch-q1-block-012,materialize-after-q01-aggregate -> materialize-after-q01-filter -> fused,2,0,fused,2026-07-20T10:26:06.213641+00:00,3203.8097,12656.25,4,sha256:113892a015eddc24539efc3e86e95da727a563cf392d62337bad3c32a638c1fc
12,tpch-q1-block-012,materialize-after-q01-aggregate -> materialize-after-q01-filter -> fused,2,1,fused,2026-07-20T10:26:09.417290+00:00,3080.4992,12234.375,4,sha256:113892a015eddc24539efc3e86e95da727a563cf392d62337bad3c32a638c1fc
12,tpch-q1-block-012,materialize-after-q01-aggregate -> materialize-after-q01-filter -> fused,2,2,fused,2026-07-20T10:26:12.497520+00:00,3053.9598,12109.375,4,sha256:113892a015eddc24539efc3e86e95da727a563cf392d62337bad3c32a638c1fc
12,tpch-q1-block-012,materialize-after-q01-aggregate -> materialize-after-q01-filter -> fused,2,3,fused,2026-07-20T10:26:15.551095+00:00,3079.134,12234.375,4,sha256:113892a015eddc24539efc3e86e95da727a563cf392d62337bad3c32a638c1fc
12,tpch-q1-block-012,materialize-after-q01-aggregate -> materialize-after-q01-filter -> fused,2,4,fused,2026-07-20T10:26:18.630979+00:00,3050.9623,12109.375,4,sha256:113892a015eddc24539efc3e86e95da727a563cf392d62337bad3c32a638c1fc
13,tpch-q1-block-013,materialize-after-q01-filter -> fused -> materialize-after-q01-aggregate,0,0,materialize-after-q01-filter,2026-07-20T10:26:21.692099+00:00,44301.0759,68234.375,4,sha256:113892a015eddc24539efc3e86e95da727a563cf392d62337bad3c32a638c1fc
13,tpch-q1-block-013,materialize-after-q01-filter -> fused -> materialize-after-q01-aggregate,0,1,materialize-after-q01-filter,2026-07-20T10:27:05.993074+00:00,39750.8391,62453.125,4,sha256:113892a015eddc24539efc3e86e95da727a563cf392d62337bad3c32a638c1fc
13,tpch-q1-block-013,materialize-after-q01-filter -> fused -> materialize-after-q01-aggregate,0,2,materialize-after-q01-filter,2026-07-20T10:27:45.743716+00:00,33728.9385,56437.5,4,sha256:113892a015eddc24539efc3e86e95da727a563cf392d62337bad3c32a638c1fc
13,tpch-q1-block-013,materialize-after-q01-filter -> fused -> materialize-after-q01-aggregate,0,3,materialize-after-q01-filter,2026-07-20T10:28:19.472460+00:00,42762.2977,65234.375,4,sha256:113892a015eddc24539efc3e86e95da727a563cf392d62337bad3c32a638c1fc
13,tpch-q1-block-013,materialize-after-q01-filter -> fused -> materialize-after-q01-aggregate,0,4,materialize-after-q01-filter,2026-07-20T10:29:02.235590+00:00,40764.3917,64000.0,4,sha256:113892a015eddc24539efc3e86e95da727a563cf392d62337bad3c32a638c1fc
13,tpch-q1-block-013,materialize-after-q01-filter -> fused -> materialize-after-q01-aggregate,1,0,fused,2026-07-20T10:29:42.999481+00:00,3180.2807,12546.875,4,sha256:113892a015eddc24539efc3e86e95da727a563cf392d62337bad3c32a638c1fc
13,tpch-q1-block-013,materialize-after-q01-filter -> fused -> materialize-after-q01-aggregate,1,1,fused,2026-07-20T10:29:46.179755+00:00,3033.9345,12000.0,4,sha256:113892a015eddc24539efc3e86e95da727a563cf392d62337bad3c32a638c1fc
13,tpch-q1-block-013,materialize-after-q01-filter -> fused -> materialize-after-q01-aggregate,1,2,fused,2026-07-20T10:29:49.213685+00:00,3097.4956,12265.625,4,sha256:113892a015eddc24539efc3e86e95da727a563cf392d62337bad3c32a638c1fc
13,tpch-q1-block-013,materialize-after-q01-filter -> fused -> materialize-after-q01-aggregate,1,3,fused,2026-07-20T10:29:52.311267+00:00,3076.7974,12250.0,4,sha256:113892a015eddc24539efc3e86e95da727a563cf392d62337bad3c32a638c1fc
13,tpch-q1-block-013,materialize-after-q01-filter -> fused -> materialize-after-q01-aggregate,1,4,fused,2026-07-20T10:29:55.388424+00:00,3229.4681,12734.375,4,sha256:113892a015eddc24539efc3e86e95da727a563cf392d62337bad3c32a638c1fc
13,tpch-q1-block-013,materialize-after-q01-filter -> fused -> materialize-after-q01-aggregate,2,0,materialize-after-q01-aggregate,2026-07-20T10:29:58.617609+00:00,3315.2424,13156.25,4,sha256:113892a015eddc24539efc3e86e95da727a563cf392d62337bad3c32a638c1fc
13,tpch-q1-block-013,materialize-after-q01-filter -> fused -> materialize-after-q01-aggregate,2,1,materialize-after-q01-aggregate,2026-07-20T10:30:01.933715+00:00,3759.9485,14921.875,4,sha256:113892a015eddc24539efc3e86e95da727a563cf392d62337bad3c32a638c1fc
13,tpch-q1-block-013,materialize-after-q01-filter -> fused -> materialize-after-q01-aggregate,2,2,materialize-after-q01-aggregate,2026-07-20T10:30:05.693473+00:00,3632.2123,14406.25,4,sha256:113892a015eddc24539efc3e86e95da727a563cf392d62337bad3c32a638c1fc
13,tpch-q1-block-013,materialize-after-q01-filter -> fused -> materialize-after-q01-aggregate,2,3,materialize-after-q01-aggregate,2026-07-20T10:30:09.325188+00:00,3817.7546,15187.5,4,sha256:113892a015eddc24539efc3e86e95da727a563cf392d62337bad3c32a638c1fc
13,tpch-q1-block-013,materialize-after-q01-filter -> fused -> materialize-after-q01-aggregate,2,4,materialize-after-q01-aggregate,2026-07-20T10:30:13.143612+00:00,3824.9153,15093.75,4,sha256:113892a015eddc24539efc3e86e95da727a563cf392d62337bad3c32a638c1fc
14,tpch-q1-block-014,fused -> materialize-after-q01-filter -> materialize-after-q01-aggregate,0,0,fused,2026-07-20T10:30:16.979099+00:00,3678.5868,14578.125,4,sha256:113892a015eddc24539efc3e86e95da727a563cf392d62337bad3c32a638c1fc
14,tpch-q1-block-014,fused -> materialize-after-q01-filter -> materialize-after-q01-aggregate,0,1,fused,2026-07-20T10:30:20.657523+00:00,3642.944,14468.75,4,sha256:113892a015eddc24539efc3e86e95da727a563cf392d62337bad3c32a638c1fc
14,tpch-q1-block-014,fused -> materialize-after-q01-filter -> materialize-after-q01-aggregate,0,2,fused,2026-07-20T10:30:24.300331+00:00,3673.2103,14500.0,4,sha256:113892a015eddc24539efc3e86e95da727a563cf392d62337bad3c32a638c1fc
14,tpch-q1-block-014,fused -> materialize-after-q01-filter -> materialize-after-q01-aggregate,0,3,fused,2026-07-20T10:30:27.974285+00:00,3672.3509,14562.5,4,sha256:113892a015eddc24539efc3e86e95da727a563cf392d62337bad3c32a638c1fc
14,tpch-q1-block-014,fused -> materialize-after-q01-filter -> materialize-after-q01-aggregate,0,4,fused,2026-07-20T10:30:31.646542+00:00,3661.5944,14500.0,4,sha256:113892a015eddc24539efc3e86e95da727a563cf392d62337bad3c32a638c1fc
14,tpch-q1-block-014,fused -> materialize-after-q01-filter -> materialize-after-q01-aggregate,1,0,materialize-after-q01-filter,2026-07-20T10:30:35.307756+00:00,32359.4143,55562.5,4,sha256:113892a015eddc24539efc3e86e95da727a563cf392d62337bad3c32a638c1fc
14,tpch-q1-block-014,fused -> materialize-after-q01-filter -> materialize-after-q01-aggregate,1,1,materialize-after-q01-filter,2026-07-20T10:31:07.667331+00:00,38020.6944,60203.125,4,sha256:113892a015eddc24539efc3e86e95da727a563cf392d62337bad3c32a638c1fc
14,tpch-q1-block-014,fused -> materialize-after-q01-filter -> materialize-after-q01-aggregate,1,2,materialize-after-q01-filter,2026-07-20T10:31:45.688641+00:00,33253.3964,55390.625,4,sha256:113892a015eddc24539efc3e86e95da727a563cf392d62337bad3c32a638c1fc
14,tpch-q1-block-014,fused -> materialize-after-q01-filter -> materialize-after-q01-aggregate,1,3,materialize-after-q01-filter,2026-07-20T10:32:18.941518+00:00,39848.5022,63265.625,4,sha256:113892a015eddc24539efc3e86e95da727a563cf392d62337bad3c32a638c1fc
14,tpch-q1-block-014,fused -> materialize-after-q01-filter -> materialize-after-q01-aggregate,1,4,materialize-after-q01-filter,2026-07-20T10:32:58.790434+00:00,39536.7417,61531.25,4,sha256:113892a015eddc24539efc3e86e95da727a563cf392d62337bad3c32a638c1fc
14,tpch-q1-block-014,fused -> materialize-after-q01-filter -> materialize-after-q01-aggregate,2,0,materialize-after-q01-aggregate,2026-07-20T10:33:38.326676+00:00,3187.598,12546.875,4,sha256:113892a015eddc24539efc3e86e95da727a563cf392d62337bad3c32a638c1fc
14,tpch-q1-block-014,fused -> materialize-after-q01-filter -> materialize-after-q01-aggregate,2,1,materialize-after-q01-aggregate,2026-07-20T10:33:41.514275+00:00,3027.6891,12000.0,4,sha256:113892a015eddc24539efc3e86e95da727a563cf392d62337bad3c32a638c1fc
14,tpch-q1-block-014,fused -> materialize-after-q01-filter -> materialize-after-q01-aggregate,2,2,materialize-after-q01-aggregate,2026-07-20T10:33:44.542683+00:00,3074.2535,12171.875,4,sha256:113892a015eddc24539efc3e86e95da727a563cf392d62337bad3c32a638c1fc
14,tpch-q1-block-014,fused -> materialize-after-q01-filter -> materialize-after-q01-aggregate,2,3,materialize-after-q01-aggregate,2026-07-20T10:33:47.617072+00:00,3030.1532,11984.375,4,sha256:113892a015eddc24539efc3e86e95da727a563cf392d62337bad3c32a638c1fc
14,tpch-q1-block-014,fused -> materialize-after-q01-filter -> materialize-after-q01-aggregate,2,4,materialize-after-q01-aggregate,2026-07-20T10:33:50.647350+00:00,3065.781,12187.5,4,sha256:113892a015eddc24539efc3e86e95da727a563cf392d62337bad3c32a638c1fc
15,tpch-q1-block-015,materialize-after-q01-aggregate -> fused -> materialize-after-q01-filter,0,0,materialize-after-q01-aggregate,2026-07-20T10:33:53.722182+00:00,3320.2206,13203.125,4,sha256:113892a015eddc24539efc3e86e95da727a563cf392d62337bad3c32a638c1fc
15,tpch-q1-block-015,materialize-after-q01-aggregate -> fused -> materialize-after-q01-filter,0,1,materialize-after-q01-aggregate,2026-07-20T10:33:57.042744+00:00,3852.742,15281.25,4,sha256:113892a015eddc24539efc3e86e95da727a563cf392d62337bad3c32a638c1fc
15,tpch-q1-block-015,materialize-after-q01-aggregate -> fused -> materialize-after-q01-filter,0,2,materialize-after-q01-aggregate,2026-07-20T10:34:00.896084+00:00,3730.0387,14812.5,4,sha256:113892a015eddc24539efc3e86e95da727a563cf392d62337bad3c32a638c1fc
15,tpch-q1-block-015,materialize-after-q01-aggregate -> fused -> materialize-after-q01-filter,0,3,materialize-after-q01-aggregate,2026-07-20T10:34:04.626070+00:00,3614.0155,14343.75,4,sha256:113892a015eddc24539efc3e86e95da727a563cf392d62337bad3c32a638c1fc
15,tpch-q1-block-015,materialize-after-q01-aggregate -> fused -> materialize-after-q01-filter,0,4,materialize-after-q01-aggregate,2026-07-20T10:34:08.239669+00:00,3637.4681,14421.875,4,sha256:113892a015eddc24539efc3e86e95da727a563cf392d62337bad3c32a638c1fc
15,tpch-q1-block-015,materialize-after-q01-aggregate -> fused -> materialize-after-q01-filter,1,0,fused,2026-07-20T10:34:11.877796+00:00,3912.2596,15484.375,4,sha256:113892a015eddc24539efc3e86e95da727a563cf392d62337bad3c32a638c1fc
15,tpch-q1-block-015,materialize-after-q01-aggregate -> fused -> materialize-after-q01-filter,1,1,fused,2026-07-20T10:34:15.789872+00:00,3599.2439,14296.875,4,sha256:113892a015eddc24539efc3e86e95da727a563cf392d62337bad3c32a638c1fc
15,tpch-q1-block-015,materialize-after-q01-aggregate -> fused -> materialize-after-q01-filter,1,2,fused,2026-07-20T10:34:19.388731+00:00,3628.4951,14406.25,4,sha256:113892a015eddc24539efc3e86e95da727a563cf392d62337bad3c32a638c1fc
15,tpch-q1-block-015,materialize-after-q01-aggregate -> fused -> materialize-after-q01-filter,1,3,fused,2026-07-20T10:34:23.018237+00:00,3626.105,14312.5,4,sha256:113892a015eddc24539efc3e86e95da727a563cf392d62337bad3c32a638c1fc
15,tpch-q1-block-015,materialize-after-q01-aggregate -> fused -> materialize-after-q01-filter,1,4,fused,2026-07-20T10:34:26.643978+00:00,3664.514,14531.25,4,sha256:113892a015eddc24539efc3e86e95da727a563cf392d62337bad3c32a638c1fc
15,tpch-q1-block-015,materialize-after-q01-aggregate -> fused -> materialize-after-q01-filter,2,0,materialize-after-q01-filter,2026-07-20T10:34:30.308949+00:00,32971.5264,55484.375,4,sha256:113892a015eddc24539efc3e86e95da727a563cf392d62337bad3c32a638c1fc
15,tpch-q1-block-015,materialize-after-q01-aggregate -> fused -> materialize-after-q01-filter,2,1,materialize-after-q01-filter,2026-07-20T10:35:03.280598+00:00,48427.8119,72625.0,4,sha256:113892a015eddc24539efc3e86e95da727a563cf392d62337bad3c32a638c1fc
15,tpch-q1-block-015,materialize-after-q01-aggregate -> fused -> materialize-after-q01-filter,2,2,materialize-after-q01-filter,2026-07-20T10:35:51.707937+00:00,33004.3405,55093.75,4,sha256:113892a015eddc24539efc3e86e95da727a563cf392d62337bad3c32a638c1fc
15,tpch-q1-block-015,materialize-after-q01-aggregate -> fused -> materialize-after-q01-filter,2,3,materialize-after-q01-filter,2026-07-20T10:36:24.712355+00:00,39477.4419,62125.0,4,sha256:113892a015eddc24539efc3e86e95da727a563cf392d62337bad3c32a638c1fc
15,tpch-q1-block-015,materialize-after-q01-aggregate -> fused -> materialize-after-q01-filter,2,4,materialize-after-q01-filter,2026-07-20T10:37:04.190102+00:00,34837.4355,57296.875,4,sha256:113892a015eddc24539efc3e86e95da727a563cf392d62337bad3c32a638c1fc
16,tpch-q1-block-016,materialize-after-q01-filter -> materialize-after-q01-aggregate -> fused,0,0,materialize-after-q01-filter,2026-07-20T10:37:39.037060+00:00,33008.9983,54484.375,4,sha256:113892a015eddc24539efc3e86e95da727a563cf392d62337bad3c32a638c1fc
16,tpch-q1-block-016,materialize-after-q01-filter -> materialize-after-q01-aggregate -> fused,0,1,materialize-after-q01-filter,2026-07-20T10:38:12.046809+00:00,35746.6782,58343.75,4,sha256:113892a015eddc24539efc3e86e95da727a563cf392d62337bad3c32a638c1fc
16,tpch-q1-block-016,materialize-after-q01-filter -> materialize-after-q01-aggregate -> fused,0,2,materialize-after-q01-filter,2026-07-20T10:38:47.793364+00:00,33290.5226,55671.875,4,sha256:113892a015eddc24539efc3e86e95da727a563cf392d62337bad3c32a638c1fc
16,tpch-q1-block-016,materialize-after-q01-filter -> materialize-after-q01-aggregate -> fused,0,3,materialize-after-q01-filter,2026-07-20T10:39:21.083968+00:00,33121.8794,55078.125,4,sha256:113892a015eddc24539efc3e86e95da727a563cf392d62337bad3c32a638c1fc
16,tpch-q1-block-016,materialize-after-q01-filter -> materialize-after-q01-aggregate -> fused,0,4,materialize-after-q01-filter,2026-07-20T10:39:54.206297+00:00,32225.1912,54062.5,4,sha256:113892a015eddc24539efc3e86e95da727a563cf392d62337bad3c32a638c1fc
16,tpch-q1-block-016,materialize-after-q01-filter -> materialize-after-q01-aggregate -> fused,1,0,materialize-after-q01-aggregate,2026-07-20T10:40:26.431299+00:00,3167.9862,12484.375,4,sha256:113892a015eddc24539efc3e86e95da727a563cf392d62337bad3c32a638c1fc
16,tpch-q1-block-016,materialize-after-q01-filter -> materialize-after-q01-aggregate -> fused,1,1,materialize-after-q01-aggregate,2026-07-20T10:40:29.599248+00:00,3112.8504,12390.625,4,sha256:113892a015eddc24539efc3e86e95da727a563cf392d62337bad3c32a638c1fc
16,tpch-q1-block-016,materialize-after-q01-filter -> materialize-after-q01-aggregate -> fused,1,2,materialize-after-q01-aggregate,2026-07-20T10:40:32.712082+00:00,3084.7704,12234.375,4,sha256:113892a015eddc24539efc3e86e95da727a563cf392d62337bad3c32a638c1fc
16,tpch-q1-block-016,materialize-after-q01-filter -> materialize-after-q01-aggregate -> fused,1,3,materialize-after-q01-aggregate,2026-07-20T10:40:35.796276+00:00,3152.5289,12500.0,4,sha256:113892a015eddc24539efc3e86e95da727a563cf392d62337bad3c32a638c1fc
16,tpch-q1-block-016,materialize-after-q01-filter -> materialize-after-q01-aggregate -> fused,1,4,materialize-after-q01-aggregate,2026-07-20T10:40:38.949258+00:00,3672.7046,14515.625,4,sha256:113892a015eddc24539efc3e86e95da727a563cf392d62337bad3c32a638c1fc
16,tpch-q1-block-016,materialize-after-q01-filter -> materialize-after-q01-aggregate -> fused,2,0,fused,2026-07-20T10:40:42.621878+00:00,4199.0195,16671.875,4,sha256:113892a015eddc24539efc3e86e95da727a563cf392d62337bad3c32a638c1fc
16,tpch-q1-block-016,materialize-after-q01-filter -> materialize-after-q01-aggregate -> fused,2,1,fused,2026-07-20T10:40:46.821034+00:00,3724.6847,14796.875,4,sha256:113892a015eddc24539efc3e86e95da727a563cf392d62337bad3c32a638c1fc
16,tpch-q1-block-016,materialize-after-q01-filter -> materialize-after-q01-aggregate -> fused,2,2,fused,2026-07-20T10:40:50.545846+00:00,4150.5942,16359.375,4,sha256:113892a015eddc24539efc3e86e95da727a563cf392d62337bad3c32a638c1fc
16,tpch-q1-block-016,materialize-after-q01-filter -> materialize-after-q01-aggregate -> fused,2,3,fused,2026-07-20T10:40:54.696784+00:00,4784.1608,18640.625,4,sha256:113892a015eddc24539efc3e86e95da727a563cf392d62337bad3c32a638c1fc
16,tpch-q1-block-016,materialize-after-q01-filter -> materialize-after-q01-aggregate -> fused,2,4,fused,2026-07-20T10:40:59.480393+00:00,4389.4949,17453.125,4,sha256:113892a015eddc24539efc3e86e95da727a563cf392d62337bad3c32a638c1fc
17,tpch-q1-block-017,fused -> materialize-after-q01-aggregate -> materialize-after-q01-filter,0,0,fused,2026-07-20T10:41:03.884321+00:00,4748.3986,18812.5,4,sha256:113892a015eddc24539efc3e86e95da727a563cf392d62337bad3c32a638c1fc
17,tpch-q1-block-017,fused -> materialize-after-q01-aggregate -> materialize-after-q01-filter,0,1,fused,2026-07-20T10:41:08.632612+00:00,4687.5638,18609.375,4,sha256:113892a015eddc24539efc3e86e95da727a563cf392d62337bad3c32a638c1fc
17,tpch-q1-block-017,fused -> materialize-after-q01-aggregate -> materialize-after-q01-filter,0,2,fused,2026-07-20T10:41:13.320885+00:00,4666.5995,18546.875,4,sha256:113892a015eddc24539efc3e86e95da727a563cf392d62337bad3c32a638c1fc
17,tpch-q1-block-017,fused -> materialize-after-q01-aggregate -> materialize-after-q01-filter,0,3,fused,2026-07-20T10:41:17.986997+00:00,4730.5443,18796.875,4,sha256:113892a015eddc24539efc3e86e95da727a563cf392d62337bad3c32a638c1fc
17,tpch-q1-block-017,fused -> materialize-after-q01-aggregate -> materialize-after-q01-filter,0,4,fused,2026-07-20T10:41:22.717657+00:00,4561.0586,17843.75,4,sha256:113892a015eddc24539efc3e86e95da727a563cf392d62337bad3c32a638c1fc
17,tpch-q1-block-017,fused -> materialize-after-q01-aggregate -> materialize-after-q01-filter,1,0,materialize-after-q01-aggregate,2026-07-20T10:41:27.279199+00:00,4290.6322,16953.125,4,sha256:113892a015eddc24539efc3e86e95da727a563cf392d62337bad3c32a638c1fc
17,tpch-q1-block-017,fused -> materialize-after-q01-aggregate -> materialize-after-q01-filter,1,1,materialize-after-q01-aggregate,2026-07-20T10:41:31.569286+00:00,4218.4426,16656.25,4,sha256:113892a015eddc24539efc3e86e95da727a563cf392d62337bad3c32a638c1fc
17,tpch-q1-block-017,fused -> materialize-after-q01-aggregate -> materialize-after-q01-filter,1,2,materialize-after-q01-aggregate,2026-07-20T10:41:35.788056+00:00,4112.7093,16187.5,4,sha256:113892a015eddc24539efc3e86e95da727a563cf392d62337bad3c32a638c1fc
17,tpch-q1-block-017,fused -> materialize-after-q01-aggregate -> materialize-after-q01-filter,1,3,materialize-after-q01-aggregate,2026-07-20T10:41:39.900302+00:00,3786.3159,15000.0,4,sha256:113892a015eddc24539efc3e86e95da727a563cf392d62337bad3c32a638c1fc
17,tpch-q1-block-017,fused -> materialize-after-q01-aggregate -> materialize-after-q01-filter,1,4,materialize-after-q01-aggregate,2026-07-20T10:41:43.687057+00:00,3794.2234,15078.125,4,sha256:113892a015eddc24539efc3e86e95da727a563cf392d62337bad3c32a638c1fc
17,tpch-q1-block-017,fused -> materialize-after-q01-aggregate -> materialize-after-q01-filter,2,0,materialize-after-q01-filter,2026-07-20T10:41:47.481105+00:00,43552.2471,69000.0,4,sha256:113892a015eddc24539efc3e86e95da727a563cf392d62337bad3c32a638c1fc
17,tpch-q1-block-017,fused -> materialize-after-q01-aggregate -> materialize-after-q01-filter,2,1,materialize-after-q01-filter,2026-07-20T10:42:31.034126+00:00,32555.5629,54703.125,4,sha256:113892a015eddc24539efc3e86e95da727a563cf392d62337bad3c32a638c1fc
17,tpch-q1-block-017,fused -> materialize-after-q01-aggregate -> materialize-after-q01-filter,2,2,materialize-after-q01-filter,2026-07-20T10:43:03.589110+00:00,33647.695,55281.25,4,sha256:113892a015eddc24539efc3e86e95da727a563cf392d62337bad3c32a638c1fc
17,tpch-q1-block-017,fused -> materialize-after-q01-aggregate -> materialize-after-q01-filter,2,3,materialize-after-q01-filter,2026-07-20T10:43:37.237293+00:00,32398.6103,54187.5,4,sha256:113892a015eddc24539efc3e86e95da727a563cf392d62337bad3c32a638c1fc
17,tpch-q1-block-017,fused -> materialize-after-q01-aggregate -> materialize-after-q01-filter,2,4,materialize-after-q01-filter,2026-07-20T10:44:09.635742+00:00,33961.3443,55234.375,4,sha256:113892a015eddc24539efc3e86e95da727a563cf392d62337bad3c32a638c1fc
18,tpch-q1-block-018,fused -> materialize-after-q01-aggregate -> materialize-after-q01-filter,0,0,fused,2026-07-20T10:44:43.608462+00:00,3205.8022,12578.125,4,sha256:113892a015eddc24539efc3e86e95da727a563cf392d62337bad3c32a638c1fc
18,tpch-q1-block-018,fused -> materialize-after-q01-aggregate -> materialize-after-q01-filter,0,1,fused,2026-07-20T10:44:46.814576+00:00,3004.0988,11937.5,4,sha256:113892a015eddc24539efc3e86e95da727a563cf392d62337bad3c32a638c1fc
18,tpch-q1-block-018,fused -> materialize-after-q01-aggregate -> materialize-after-q01-filter,0,2,fused,2026-07-20T10:44:49.818062+00:00,3025.5609,11968.75,4,sha256:113892a015eddc24539efc3e86e95da727a563cf392d62337bad3c32a638c1fc
18,tpch-q1-block-018,fused -> materialize-after-q01-aggregate -> materialize-after-q01-filter,0,3,fused,2026-07-20T10:44:52.843456+00:00,3092.4169,12265.625,4,sha256:113892a015eddc24539efc3e86e95da727a563cf392d62337bad3c32a638c1fc
18,tpch-q1-block-018,fused -> materialize-after-q01-aggregate -> materialize-after-q01-filter,0,4,fused,2026-07-20T10:44:55.936114+00:00,3238.0401,12828.125,4,sha256:113892a015eddc24539efc3e86e95da727a563cf392d62337bad3c32a638c1fc
18,tpch-q1-block-018,fused -> materialize-after-q01-aggregate -> materialize-after-q01-filter,1,0,materialize-after-q01-aggregate,2026-07-20T10:44:59.174455+00:00,3636.058,14453.125,4,sha256:113892a015eddc24539efc3e86e95da727a563cf392d62337bad3c32a638c1fc
18,tpch-q1-block-018,fused -> materialize-after-q01-aggregate -> materialize-after-q01-filter,1,1,materialize-after-q01-aggregate,2026-07-20T10:45:02.810792+00:00,3689.9219,14640.625,4,sha256:113892a015eddc24539efc3e86e95da727a563cf392d62337bad3c32a638c1fc
18,tpch-q1-block-018,fused -> materialize-after-q01-aggregate -> materialize-after-q01-filter,1,2,materialize-after-q01-aggregate,2026-07-20T10:45:06.500653+00:00,3675.8683,14546.875,4,sha256:113892a015eddc24539efc3e86e95da727a563cf392d62337bad3c32a638c1fc
18,tpch-q1-block-018,fused -> materialize-after-q01-aggregate -> materialize-after-q01-filter,1,3,materialize-after-q01-aggregate,2026-07-20T10:45:10.176475+00:00,3624.9319,14328.125,4,sha256:113892a015eddc24539efc3e86e95da727a563cf392d62337bad3c32a638c1fc
18,tpch-q1-block-018,fused -> materialize-after-q01-aggregate -> materialize-after-q01-filter,1,4,materialize-after-q01-aggregate,2026-07-20T10:45:13.801749+00:00,3625.4319,14390.625,4,sha256:113892a015eddc24539efc3e86e95da727a563cf392d62337bad3c32a638c1fc
18,tpch-q1-block-018,fused -> materialize-after-q01-aggregate -> materialize-after-q01-filter,2,0,materialize-after-q01-filter,2026-07-20T10:45:17.427174+00:00,34850.3233,56890.625,4,sha256:113892a015eddc24539efc3e86e95da727a563cf392d62337bad3c32a638c1fc
18,tpch-q1-block-018,fused -> materialize-after-q01-aggregate -> materialize-after-q01-filter,2,1,materialize-after-q01-filter,2026-07-20T10:45:52.277838+00:00,32836.8424,54750.0,4,sha256:113892a015eddc24539efc3e86e95da727a563cf392d62337bad3c32a638c1fc
18,tpch-q1-block-018,fused -> materialize-after-q01-aggregate -> materialize-after-q01-filter,2,2,materialize-after-q01-filter,2026-07-20T10:46:25.114257+00:00,34316.2948,55812.5,4,sha256:113892a015eddc24539efc3e86e95da727a563cf392d62337bad3c32a638c1fc
18,tpch-q1-block-018,fused -> materialize-after-q01-aggregate -> materialize-after-q01-filter,2,3,materialize-after-q01-filter,2026-07-20T10:46:59.430876+00:00,32455.997,54437.5,4,sha256:113892a015eddc24539efc3e86e95da727a563cf392d62337bad3c32a638c1fc
18,tpch-q1-block-018,fused -> materialize-after-q01-aggregate -> materialize-after-q01-filter,2,4,materialize-after-q01-filter,2026-07-20T10:47:31.887164+00:00,37868.408,59984.375,4,sha256:113892a015eddc24539efc3e86e95da727a563cf392d62337bad3c32a638c1fc
19,tpch-q1-block-019,fused -> materialize-after-q01-filter -> materialize-after-q01-aggregate,0,0,fused,2026-07-20T10:48:09.765733+00:00,3131.6605,12234.375,4,sha256:113892a015eddc24539efc3e86e95da727a563cf392d62337bad3c32a638c1fc
19,tpch-q1-block-019,fused -> materialize-after-q01-filter -> materialize-after-q01-aggregate,0,1,fused,2026-07-20T10:48:12.897140+00:00,2998.879,11953.125,4,sha256:113892a015eddc24539efc3e86e95da727a563cf392d62337bad3c32a638c1fc
19,tpch-q1-block-019,fused -> materialize-after-q01-filter -> materialize-after-q01-aggregate,0,2,fused,2026-07-20T10:48:15.895802+00:00,3024.181,12000.0,4,sha256:113892a015eddc24539efc3e86e95da727a563cf392d62337bad3c32a638c1fc
19,tpch-q1-block-019,fused -> materialize-after-q01-filter -> materialize-after-q01-aggregate,0,3,fused,2026-07-20T10:48:18.920600+00:00,2997.8358,11890.625,4,sha256:113892a015eddc24539efc3e86e95da727a563cf392d62337bad3c32a638c1fc
19,tpch-q1-block-019,fused -> materialize-after-q01-filter -> materialize-after-q01-aggregate,0,4,fused,2026-07-20T10:48:21.918469+00:00,3033.4013,12062.5,4,sha256:113892a015eddc24539efc3e86e95da727a563cf392d62337bad3c32a638c1fc
19,tpch-q1-block-019,fused -> materialize-after-q01-filter -> materialize-after-q01-aggregate,1,0,materialize-after-q01-filter,2026-07-20T10:48:24.952037+00:00,61733.8363,87375.0,4,sha256:113892a015eddc24539efc3e86e95da727a563cf392d62337bad3c32a638c1fc
19,tpch-q1-block-019,fused -> materialize-after-q01-filter -> materialize-after-q01-aggregate,1,1,materialize-after-q01-filter,2026-07-20T10:49:26.685347+00:00,39548.6834,61750.0,4,sha256:113892a015eddc24539efc3e86e95da727a563cf392d62337bad3c32a638c1fc
19,tpch-q1-block-019,fused -> materialize-after-q01-filter -> materialize-after-q01-aggregate,1,2,materialize-after-q01-filter,2026-07-20T10:50:06.234412+00:00,44699.1132,68015.625,4,sha256:113892a015eddc24539efc3e86e95da727a563cf392d62337bad3c32a638c1fc
19,tpch-q1-block-019,fused -> materialize-after-q01-filter -> materialize-after-q01-aggregate,1,3,materialize-after-q01-filter,2026-07-20T10:50:50.933110+00:00,33776.4239,56468.75,4,sha256:113892a015eddc24539efc3e86e95da727a563cf392d62337bad3c32a638c1fc
19,tpch-q1-block-019,fused -> materialize-after-q01-filter -> materialize-after-q01-aggregate,1,4,materialize-after-q01-filter,2026-07-20T10:51:24.710420+00:00,33864.7425,55421.875,4,sha256:113892a015eddc24539efc3e86e95da727a563cf392d62337bad3c32a638c1fc
19,tpch-q1-block-019,fused -> materialize-after-q01-filter -> materialize-after-q01-aggregate,2,0,materialize-after-q01-aggregate,2026-07-20T10:51:58.574425+00:00,3249.8859,12828.125,4,sha256:113892a015eddc24539efc3e86e95da727a563cf392d62337bad3c32a638c1fc
19,tpch-q1-block-019,fused -> materialize-after-q01-filter -> materialize-after-q01-aggregate,2,1,materialize-after-q01-aggregate,2026-07-20T10:52:01.824839+00:00,3042.6255,12015.625,4,sha256:113892a015eddc24539efc3e86e95da727a563cf392d62337bad3c32a638c1fc
19,tpch-q1-block-019,fused -> materialize-after-q01-filter -> materialize-after-q01-aggregate,2,2,materialize-after-q01-aggregate,2026-07-20T10:52:04.867407+00:00,2995.6699,11906.25,4,sha256:113892a015eddc24539efc3e86e95da727a563cf392d62337bad3c32a638c1fc
19,tpch-q1-block-019,fused -> materialize-after-q01-filter -> materialize-after-q01-aggregate,2,3,materialize-after-q01-aggregate,2026-07-20T10:52:07.862953+00:00,3092.998,12328.125,4,sha256:113892a015eddc24539efc3e86e95da727a563cf392d62337bad3c32a638c1fc
19,tpch-q1-block-019,fused -> materialize-after-q01-filter -> materialize-after-q01-aggregate,2,4,materialize-after-q01-aggregate,2026-07-20T10:52:10.956114+00:00,3086.0237,12171.875,4,sha256:113892a015eddc24539efc3e86e95da727a563cf392d62337bad3c32a638c1fc
20,tpch-q1-block-020,materialize-after-q01-filter -> fused -> materialize-after-q01-aggregate,0,0,materialize-after-q01-filter,2026-07-20T10:52:14.053375+00:00,33915.4249,55406.25,4,sha256:113892a015eddc24539efc3e86e95da727a563cf392d62337bad3c32a638c1fc
20,tpch-q1-block-020,materialize-after-q01-filter -> fused -> materialize-after-q01-aggregate,0,1,materialize-after-q01-filter,2026-07-20T10:52:47.968689+00:00,33686.1023,55750.0,4,sha256:113892a015eddc24539efc3e86e95da727a563cf392d62337bad3c32a638c1fc
20,tpch-q1-block-020,materialize-after-q01-filter -> fused -> materialize-after-q01-aggregate,0,2,materialize-after-q01-filter,2026-07-20T10:53:21.654680+00:00,34738.41,56312.5,4,sha256:113892a015eddc24539efc3e86e95da727a563cf392d62337bad3c32a638c1fc
20,tpch-q1-block-020,materialize-after-q01-filter -> fused -> materialize-after-q01-aggregate,0,3,materialize-after-q01-filter,2026-07-20T10:53:56.393563+00:00,45012.4704,67531.25,4,sha256:113892a015eddc24539efc3e86e95da727a563cf392d62337bad3c32a638c1fc
20,tpch-q1-block-020,materialize-after-q01-filter -> fused -> materialize-after-q01-aggregate,0,4,materialize-after-q01-filter,2026-07-20T10:54:41.405712+00:00,35595.1839,58109.375,4,sha256:113892a015eddc24539efc3e86e95da727a563cf392d62337bad3c32a638c1fc
20,tpch-q1-block-020,materialize-after-q01-filter -> fused -> materialize-after-q01-aggregate,1,0,fused,2026-07-20T10:55:17.001171+00:00,3212.8748,12640.625,4,sha256:113892a015eddc24539efc3e86e95da727a563cf392d62337bad3c32a638c1fc
20,tpch-q1-block-020,materialize-after-q01-filter -> fused -> materialize-after-q01-aggregate,1,1,fused,2026-07-20T10:55:20.214261+00:00,3056.1778,12078.125,4,sha256:113892a015eddc24539efc3e86e95da727a563cf392d62337bad3c32a638c1fc
20,tpch-q1-block-020,materialize-after-q01-filter -> fused -> materialize-after-q01-aggregate,1,2,fused,2026-07-20T10:55:23.270104+00:00,3082.0277,12218.75,4,sha256:113892a015eddc24539efc3e86e95da727a563cf392d62337bad3c32a638c1fc
20,tpch-q1-block-020,materialize-after-q01-filter -> fused -> materialize-after-q01-aggregate,1,3,fused,2026-07-20T10:55:26.352692+00:00,3138.316,12406.25,4,sha256:113892a015eddc24539efc3e86e95da727a563cf392d62337bad3c32a638c1fc
20,tpch-q1-block-020,materialize-after-q01-filter -> fused -> materialize-after-q01-aggregate,1,4,fused,2026-07-20T10:55:29.491080+00:00,3158.4641,12515.625,4,sha256:113892a015eddc24539efc3e86e95da727a563cf392d62337bad3c32a638c1fc
20,tpch-q1-block-020,materialize-after-q01-filter -> fused -> materialize-after-q01-aggregate,2,0,materialize-after-q01-aggregate,2026-07-20T10:55:32.649643+00:00,3489.0851,13828.125,4,sha256:113892a015eddc24539efc3e86e95da727a563cf392d62337bad3c32a638c1fc
20,tpch-q1-block-020,materialize-after-q01-filter -> fused -> materialize-after-q01-aggregate,2,1,materialize-after-q01-aggregate,2026-07-20T10:55:36.138026+00:00,3679.6464,14578.125,4,sha256:113892a015eddc24539efc3e86e95da727a563cf392d62337bad3c32a638c1fc
20,tpch-q1-block-020,materialize-after-q01-filter -> fused -> materialize-after-q01-aggregate,2,2,materialize-after-q01-aggregate,2026-07-20T10:55:39.818289+00:00,3699.7714,14703.125,4,sha256:113892a015eddc24539efc3e86e95da727a563cf392d62337bad3c32a638c1fc
20,tpch-q1-block-020,materialize-after-q01-filter -> fused -> materialize-after-q01-aggregate,2,3,materialize-after-q01-aggregate,2026-07-20T10:55:43.517543+00:00,3700.2019,14671.875,4,sha256:113892a015eddc24539efc3e86e95da727a563cf392d62337bad3c32a638c1fc
20,tpch-q1-block-020,materialize-after-q01-filter -> fused -> materialize-after-q01-aggregate,2,4,materialize-after-q01-aggregate,2026-07-20T10:55:47.218721+00:00,3716.783,14734.375,4,sha256:113892a015eddc24539efc3e86e95da727a563cf392d62337bad3c32a638c1fc
21,tpch-q1-block-021,materialize-after-q01-aggregate -> fused -> materialize-after-q01-filter,0,0,materialize-after-q01-aggregate,2026-07-20T10:55:50.947736+00:00,3667.6043,14578.125,4,sha256:113892a015eddc24539efc3e86e95da727a563cf392d62337bad3c32a638c1fc
21,tpch-q1-block-021,materialize-after-q01-aggregate -> fused -> materialize-after-q01-filter,0,1,materialize-after-q01-aggregate,2026-07-20T10:55:54.615132+00:00,3599.0703,14328.125,4,sha256:113892a015eddc24539efc3e86e95da727a563cf392d62337bad3c32a638c1fc
21,tpch-q1-block-021,materialize-after-q01-aggregate -> fused -> materialize-after-q01-filter,0,2,materialize-after-q01-aggregate,2026-07-20T10:55:58.214639+00:00,3596.4787,14281.25,4,sha256:113892a015eddc24539efc3e86e95da727a563cf392d62337bad3c32a638c1fc
21,tpch-q1-block-021,materialize-after-q01-aggregate -> fused -> materialize-after-q01-filter,0,3,materialize-after-q01-aggregate,2026-07-20T10:56:01.810989+00:00,3602.4629,14312.5,4,sha256:113892a015eddc24539efc3e86e95da727a563cf392d62337bad3c32a638c1fc
21,tpch-q1-block-021,materialize-after-q01-aggregate -> fused -> materialize-after-q01-filter,0,4,materialize-after-q01-aggregate,2026-07-20T10:56:05.413350+00:00,3687.0653,14625.0,4,sha256:113892a015eddc24539efc3e86e95da727a563cf392d62337bad3c32a638c1fc
21,tpch-q1-block-021,materialize-after-q01-aggregate -> fused -> materialize-after-q01-filter,1,0,fused,2026-07-20T10:56:09.101014+00:00,3701.758,14656.25,4,sha256:113892a015eddc24539efc3e86e95da727a563cf392d62337bad3c32a638c1fc
21,tpch-q1-block-021,materialize-after-q01-aggregate -> fused -> materialize-after-q01-filter,1,1,fused,2026-07-20T10:56:12.802434+00:00,3649.3232,14484.375,4,sha256:113892a015eddc24539efc3e86e95da727a563cf392d62337bad3c32a638c1fc
21,tpch-q1-block-021,materialize-after-q01-aggregate -> fused -> materialize-after-q01-filter,1,2,fused,2026-07-20T10:56:16.452110+00:00,3648.3066,14500.0,4,sha256:113892a015eddc24539efc3e86e95da727a563cf392d62337bad3c32a638c1fc
21,tpch-q1-block-021,materialize-after-q01-aggregate -> fused -> materialize-after-q01-filter,1,3,fused,2026-07-20T10:56:20.100344+00:00,3614.3116,14312.5,4,sha256:113892a015eddc24539efc3e86e95da727a563cf392d62337bad3c32a638c1fc
21,tpch-q1-block-021,materialize-after-q01-aggregate -> fused -> materialize-after-q01-filter,1,4,fused,2026-07-20T10:56:23.715179+00:00,3691.9088,14609.375,4,sha256:113892a015eddc24539efc3e86e95da727a563cf392d62337bad3c32a638c1fc
21,tpch-q1-block-021,materialize-after-q01-aggregate -> fused -> materialize-after-q01-filter,2,0,materialize-after-q01-filter,2026-07-20T10:56:27.406721+00:00,33112.0691,55843.75,4,sha256:113892a015eddc24539efc3e86e95da727a563cf392d62337bad3c32a638c1fc
21,tpch-q1-block-021,materialize-after-q01-aggregate -> fused -> materialize-after-q01-filter,2,1,materialize-after-q01-filter,2026-07-20T10:57:00.518690+00:00,36027.9575,58625.0,4,sha256:113892a015eddc24539efc3e86e95da727a563cf392d62337bad3c32a638c1fc
21,tpch-q1-block-021,materialize-after-q01-aggregate -> fused -> materialize-after-q01-filter,2,2,materialize-after-q01-filter,2026-07-20T10:57:36.547011+00:00,44500.9124,67968.75,4,sha256:113892a015eddc24539efc3e86e95da727a563cf392d62337bad3c32a638c1fc
21,tpch-q1-block-021,materialize-after-q01-aggregate -> fused -> materialize-after-q01-filter,2,3,materialize-after-q01-filter,2026-07-20T10:58:21.047952+00:00,33821.4292,55343.75,4,sha256:113892a015eddc24539efc3e86e95da727a563cf392d62337bad3c32a638c1fc
21,tpch-q1-block-021,materialize-after-q01-aggregate -> fused -> materialize-after-q01-filter,2,4,materialize-after-q01-filter,2026-07-20T10:58:54.869261+00:00,35690.4131,58265.625,4,sha256:113892a015eddc24539efc3e86e95da727a563cf392d62337bad3c32a638c1fc
22,tpch-q1-block-022,materialize-after-q01-aggregate -> materialize-after-q01-filter -> fused,0,0,materialize-after-q01-aggregate,2026-07-20T10:59:30.571784+00:00,3228.0816,12671.875,4,sha256:113892a015eddc24539efc3e86e95da727a563cf392d62337bad3c32a638c1fc
22,tpch-q1-block-022,materialize-after-q01-aggregate -> materialize-after-q01-filter -> fused,0,1,materialize-after-q01-aggregate,2026-07-20T10:59:33.800060+00:00,3104.3395,12296.875,4,sha256:113892a015eddc24539efc3e86e95da727a563cf392d62337bad3c32a638c1fc
22,tpch-q1-block-022,materialize-after-q01-aggregate -> materialize-after-q01-filter -> fused,0,2,materialize-after-q01-aggregate,2026-07-20T10:59:36.904238+00:00,3201.5355,12718.75,4,sha256:113892a015eddc24539efc3e86e95da727a563cf392d62337bad3c32a638c1fc
22,tpch-q1-block-022,materialize-after-q01-aggregate -> materialize-after-q01-filter -> fused,0,3,materialize-after-q01-aggregate,2026-07-20T10:59:40.105041+00:00,3114.9042,12375.0,4,sha256:113892a015eddc24539efc3e86e95da727a563cf392d62337bad3c32a638c1fc
22,tpch-q1-block-022,materialize-after-q01-aggregate -> materialize-after-q01-filter -> fused,0,4,materialize-after-q01-aggregate,2026-07-20T10:59:43.220766+00:00,3051.5741,12078.125,4,sha256:113892a015eddc24539efc3e86e95da727a563cf392d62337bad3c32a638c1fc
22,tpch-q1-block-022,materialize-after-q01-aggregate -> materialize-after-q01-filter -> fused,1,0,materialize-after-q01-filter,2026-07-20T10:59:46.272326+00:00,33022.2117,55250.0,4,sha256:113892a015eddc24539efc3e86e95da727a563cf392d62337bad3c32a638c1fc
22,tpch-q1-block-022,materialize-after-q01-aggregate -> materialize-after-q01-filter -> fused,1,1,materialize-after-q01-filter,2026-07-20T11:00:19.294217+00:00,35255.3255,56859.375,4,sha256:113892a015eddc24539efc3e86e95da727a563cf392d62337bad3c32a638c1fc
22,tpch-q1-block-022,materialize-after-q01-aggregate -> materialize-after-q01-filter -> fused,1,2,materialize-after-q01-filter,2026-07-20T11:00:54.550341+00:00,36936.2334,59609.375,4,sha256:113892a015eddc24539efc3e86e95da727a563cf392d62337bad3c32a638c1fc
22,tpch-q1-block-022,materialize-after-q01-aggregate -> materialize-after-q01-filter -> fused,1,3,materialize-after-q01-filter,2026-07-20T11:01:31.485994+00:00,36487.0059,57984.375,4,sha256:113892a015eddc24539efc3e86e95da727a563cf392d62337bad3c32a638c1fc
22,tpch-q1-block-022,materialize-after-q01-aggregate -> materialize-after-q01-filter -> fused,1,4,materialize-after-q01-filter,2026-07-20T11:02:07.973887+00:00,34948.3186,58015.625,4,sha256:113892a015eddc24539efc3e86e95da727a563cf392d62337bad3c32a638c1fc
22,tpch-q1-block-022,materialize-after-q01-aggregate -> materialize-after-q01-filter -> fused,2,0,fused,2026-07-20T11:02:42.921874+00:00,3232.9112,12718.75,4,sha256:113892a015eddc24539efc3e86e95da727a563cf392d62337bad3c32a638c1fc
22,tpch-q1-block-022,materialize-after-q01-aggregate -> materialize-after-q01-filter -> fused,2,1,fused,2026-07-20T11:02:46.154602+00:00,3111.8523,12390.625,4,sha256:113892a015eddc24539efc3e86e95da727a563cf392d62337bad3c32a638c1fc
22,tpch-q1-block-022,materialize-after-q01-aggregate -> materialize-after-q01-filter -> fused,2,2,fused,2026-07-20T11:02:49.267081+00:00,3089.0666,12281.25,4,sha256:113892a015eddc24539efc3e86e95da727a563cf392d62337bad3c32a638c1fc
22,tpch-q1-block-022,materialize-after-q01-aggregate -> materialize-after-q01-filter -> fused,2,3,fused,2026-07-20T11:02:52.356109+00:00,3089.6733,12250.0,4,sha256:113892a015eddc24539efc3e86e95da727a563cf392d62337bad3c32a638c1fc
22,tpch-q1-block-022,materialize-after-q01-aggregate -> materialize-after-q01-filter -> fused,2,4,fused,2026-07-20T11:02:55.445961+00:00,3149.226,12484.375,4,sha256:113892a015eddc24539efc3e86e95da727a563cf392d62337bad3c32a638c1fc
23,tpch-q1-block-023,materialize-after-q01-filter -> materialize-after-q01-aggregate -> fused,0,0,materialize-after-q01-filter,2026-07-20T11:02:58.607660+00:00,33058.0261,54656.25,4,sha256:113892a015eddc24539efc3e86e95da727a563cf392d62337bad3c32a638c1fc
23,tpch-q1-block-023,materialize-after-q01-filter -> materialize-after-q01-aggregate -> fused,0,1,materialize-after-q01-filter,2026-07-20T11:03:31.665997+00:00,37563.3968,60062.5,4,sha256:113892a015eddc24539efc3e86e95da727a563cf392d62337bad3c32a638c1fc
23,tpch-q1-block-023,materialize-after-q01-filter -> materialize-after-q01-aggregate -> fused,0,2,materialize-after-q01-filter,2026-07-20T11:04:09.229437+00:00,34331.5759,55453.125,4,sha256:113892a015eddc24539efc3e86e95da727a563cf392d62337bad3c32a638c1fc
23,tpch-q1-block-023,materialize-after-q01-filter -> materialize-after-q01-aggregate -> fused,0,3,materialize-after-q01-filter,2026-07-20T11:04:43.560250+00:00,46889.835,69843.75,4,sha256:113892a015eddc24539efc3e86e95da727a563cf392d62337bad3c32a638c1fc
23,tpch-q1-block-023,materialize-after-q01-filter -> materialize-after-q01-aggregate -> fused,0,4,materialize-after-q01-filter,2026-07-20T11:05:30.451267+00:00,38489.6253,60656.25,4,sha256:113892a015eddc24539efc3e86e95da727a563cf392d62337bad3c32a638c1fc
23,tpch-q1-block-023,materialize-after-q01-filter -> materialize-after-q01-aggregate -> fused,1,0,materialize-after-q01-aggregate,2026-07-20T11:06:08.940009+00:00,3204.1103,12640.625,4,sha256:113892a015eddc24539efc3e86e95da727a563cf392d62337bad3c32a638c1fc
23,tpch-q1-block-023,materialize-after-q01-filter -> materialize-after-q01-aggregate -> fused,1,1,materialize-after-q01-aggregate,2026-07-20T11:06:12.144220+00:00,2959.6024,11765.625,4,sha256:113892a015eddc24539efc3e86e95da727a563cf392d62337bad3c32a638c1fc
23,tpch-q1-block-023,materialize-after-q01-filter -> materialize-after-q01-aggregate -> fused,1,2,materialize-after-q01-aggregate,2026-07-20T11:06:15.103912+00:00,3021.2838,11937.5,4,sha256:113892a015eddc24539efc3e86e95da727a563cf392d62337bad3c32a638c1fc
23,tpch-q1-block-023,materialize-after-q01-filter -> materialize-after-q01-aggregate -> fused,1,3,materialize-after-q01-aggregate,2026-07-20T11:06:18.125238+00:00,3108.8255,12359.375,4,sha256:113892a015eddc24539efc3e86e95da727a563cf392d62337bad3c32a638c1fc
23,tpch-q1-block-023,materialize-after-q01-filter -> materialize-after-q01-aggregate -> fused,1,4,materialize-after-q01-aggregate,2026-07-20T11:06:21.234717+00:00,3082.2485,12250.0,4,sha256:113892a015eddc24539efc3e86e95da727a563cf392d62337bad3c32a638c1fc
23,tpch-q1-block-023,materialize-after-q01-filter -> materialize-after-q01-aggregate -> fused,2,0,fused,2026-07-20T11:06:24.317309+00:00,3191.4582,12687.5,4,sha256:113892a015eddc24539efc3e86e95da727a563cf392d62337bad3c32a638c1fc
23,tpch-q1-block-023,materialize-after-q01-filter -> materialize-after-q01-aggregate -> fused,2,1,fused,2026-07-20T11:06:27.508220+00:00,3664.2099,14484.375,4,sha256:113892a015eddc24539efc3e86e95da727a563cf392d62337bad3c32a638c1fc
23,tpch-q1-block-023,materialize-after-q01-filter -> materialize-after-q01-aggregate -> fused,2,2,fused,2026-07-20T11:06:31.172258+00:00,3791.286,15062.5,4,sha256:113892a015eddc24539efc3e86e95da727a563cf392d62337bad3c32a638c1fc
23,tpch-q1-block-023,materialize-after-q01-filter -> materialize-after-q01-aggregate -> fused,2,3,fused,2026-07-20T11:06:34.964257+00:00,3610.745,14296.875,4,sha256:113892a015eddc24539efc3e86e95da727a563cf392d62337bad3c32a638c1fc
23,tpch-q1-block-023,materialize-after-q01-filter -> materialize-after-q01-aggregate -> fused,2,4,fused,2026-07-20T11:06:38.574448+00:00,3695.5854,14640.625,4,sha256:113892a015eddc24539efc3e86e95da727a563cf392d62337bad3c32a638c1fc
24,tpch-q1-block-024,materialize-after-q01-filter -> fused -> materialize-after-q01-aggregate,0,0,materialize-after-q01-filter,2026-07-20T11:06:42.284365+00:00,33602.855,54656.25,4,sha256:113892a015eddc24539efc3e86e95da727a563cf392d62337bad3c32a638c1fc
24,tpch-q1-block-024,materialize-after-q01-filter -> fused -> materialize-after-q01-aggregate,0,1,materialize-after-q01-filter,2026-07-20T11:07:15.886893+00:00,35161.2844,58578.125,4,sha256:113892a015eddc24539efc3e86e95da727a563cf392d62337bad3c32a638c1fc
24,tpch-q1-block-024,materialize-after-q01-filter -> fused -> materialize-after-q01-aggregate,0,2,materialize-after-q01-filter,2026-07-20T11:07:51.048190+00:00,37045.7783,59921.875,4,sha256:113892a015eddc24539efc3e86e95da727a563cf392d62337bad3c32a638c1fc
24,tpch-q1-block-024,materialize-after-q01-filter -> fused -> materialize-after-q01-aggregate,0,3,materialize-after-q01-filter,2026-07-20T11:08:28.094473+00:00,35030.6737,57437.5,4,sha256:113892a015eddc24539efc3e86e95da727a563cf392d62337bad3c32a638c1fc
24,tpch-q1-block-024,materialize-after-q01-filter -> fused -> materialize-after-q01-aggregate,0,4,materialize-after-q01-filter,2026-07-20T11:09:03.124989+00:00,34037.751,55296.875,4,sha256:113892a015eddc24539efc3e86e95da727a563cf392d62337bad3c32a638c1fc
24,tpch-q1-block-024,materialize-after-q01-filter -> fused -> materialize-after-q01-aggregate,1,0,fused,2026-07-20T11:09:37.162766+00:00,3371.3733,13328.125,4,sha256:113892a015eddc24539efc3e86e95da727a563cf392d62337bad3c32a638c1fc
24,tpch-q1-block-024,materialize-after-q01-filter -> fused -> materialize-after-q01-aggregate,1,1,fused,2026-07-20T11:09:40.534087+00:00,3162.0537,12562.5,4,sha256:113892a015eddc24539efc3e86e95da727a563cf392d62337bad3c32a638c1fc
24,tpch-q1-block-024,materialize-after-q01-filter -> fused -> materialize-after-q01-aggregate,1,2,fused,2026-07-20T11:09:43.696774+00:00,3136.1991,12359.375,4,sha256:113892a015eddc24539efc3e86e95da727a563cf392d62337bad3c32a638c1fc
24,tpch-q1-block-024,materialize-after-q01-filter -> fused -> materialize-after-q01-aggregate,1,3,fused,2026-07-20T11:09:46.832859+00:00,3018.9142,12000.0,4,sha256:113892a015eddc24539efc3e86e95da727a563cf392d62337bad3c32a638c1fc
24,tpch-q1-block-024,materialize-after-q01-filter -> fused -> materialize-after-q01-aggregate,1,4,fused,2026-07-20T11:09:49.851911+00:00,3155.8212,12531.25,4,sha256:113892a015eddc24539efc3e86e95da727a563cf392d62337bad3c32a638c1fc
24,tpch-q1-block-024,materialize-after-q01-filter -> fused -> materialize-after-q01-aggregate,2,0,materialize-after-q01-aggregate,2026-07-20T11:09:53.007644+00:00,3690.0263,14687.5,4,sha256:113892a015eddc24539efc3e86e95da727a563cf392d62337bad3c32a638c1fc
24,tpch-q1-block-024,materialize-after-q01-filter -> fused -> materialize-after-q01-aggregate,2,1,materialize-after-q01-aggregate,2026-07-20T11:09:56.697599+00:00,3742.7845,14859.375,4,sha256:113892a015eddc24539efc3e86e95da727a563cf392d62337bad3c32a638c1fc
24,tpch-q1-block-024,materialize-after-q01-filter -> fused -> materialize-after-q01-aggregate,2,2,materialize-after-q01-aggregate,2026-07-20T11:10:00.440961+00:00,3596.8891,14234.375,4,sha256:113892a015eddc24539efc3e86e95da727a563cf392d62337bad3c32a638c1fc
24,tpch-q1-block-024,materialize-after-q01-filter -> fused -> materialize-after-q01-aggregate,2,3,materialize-after-q01-aggregate,2026-07-20T11:10:04.037496+00:00,3743.929,14859.375,4,sha256:113892a015eddc24539efc3e86e95da727a563cf392d62337bad3c32a638c1fc
24,tpch-q1-block-024,materialize-after-q01-filter -> fused -> materialize-after-q01-aggregate,2,4,materialize-after-q01-aggregate,2026-07-20T11:10:07.781911+00:00,3618.0493,14390.625,4,sha256:113892a015eddc24539efc3e86e95da727a563cf392d62337bad3c32a638c1fc
25,tpch-q1-block-025,fused -> materialize-after-q01-filter -> materialize-after-q01-aggregate,0,0,fused,2026-07-20T11:10:11.417431+00:00,3876.6019,15218.75,4,sha256:113892a015eddc24539efc3e86e95da727a563cf392d62337bad3c32a638c1fc
25,tpch-q1-block-025,fused -> materialize-after-q01-filter -> materialize-after-q01-aggregate,0,1,fused,2026-07-20T11:10:15.293302+00:00,3600.469,14328.125,4,sha256:113892a015eddc24539efc3e86e95da727a563cf392d62337bad3c32a638c1fc
25,tpch-q1-block-025,fused -> materialize-after-q01-filter -> materialize-after-q01-aggregate,0,2,fused,2026-07-20T11:10:18.894153+00:00,3655.9784,14500.0,4,sha256:113892a015eddc24539efc3e86e95da727a563cf392d62337bad3c32a638c1fc
25,tpch-q1-block-025,fused -> materialize-after-q01-filter -> materialize-after-q01-aggregate,0,3,fused,2026-07-20T11:10:22.549906+00:00,3552.316,14093.75,4,sha256:113892a015eddc24539efc3e86e95da727a563cf392d62337bad3c32a638c1fc
25,tpch-q1-block-025,fused -> materialize-after-q01-filter -> materialize-after-q01-aggregate,0,4,fused,2026-07-20T11:10:26.102667+00:00,3688.6957,14640.625,4,sha256:113892a015eddc24539efc3e86e95da727a563cf392d62337bad3c32a638c1fc
25,tpch-q1-block-025,fused -> materialize-after-q01-filter -> materialize-after-q01-aggregate,1,0,materialize-after-q01-filter,2026-07-20T11:10:29.791126+00:00,34500.2706,56375.0,4,sha256:113892a015eddc24539efc3e86e95da727a563cf392d62337bad3c32a638c1fc
25,tpch-q1-block-025,fused -> materialize-after-q01-filter -> materialize-after-q01-aggregate,1,1,materialize-after-q01-filter,2026-07-20T11:11:04.291603+00:00,36298.0944,59093.75,4,sha256:113892a015eddc24539efc3e86e95da727a563cf392d62337bad3c32a638c1fc
25,tpch-q1-block-025,fused -> materialize-after-q01-filter -> materialize-after-q01-aggregate,1,2,materialize-after-q01-filter,2026-07-20T11:11:40.589473+00:00,34016.5448,56500.0,4,sha256:113892a015eddc24539efc3e86e95da727a563cf392d62337bad3c32a638c1fc
25,tpch-q1-block-025,fused -> materialize-after-q01-filter -> materialize-after-q01-aggregate,1,3,materialize-after-q01-filter,2026-07-20T11:12:14.606681+00:00,35611.4072,58125.0,4,sha256:113892a015eddc24539efc3e86e95da727a563cf392d62337bad3c32a638c1fc
25,tpch-q1-block-025,fused -> materialize-after-q01-filter -> materialize-after-q01-aggregate,1,4,materialize-after-q01-filter,2026-07-20T11:12:50.217566+00:00,35014.3783,56406.25,4,sha256:113892a015eddc24539efc3e86e95da727a563cf392d62337bad3c32a638c1fc
25,tpch-q1-block-025,fused -> materialize-after-q01-filter -> materialize-after-q01-aggregate,2,0,materialize-after-q01-aggregate,2026-07-20T11:13:25.232579+00:00,3225.7738,12656.25,4,sha256:113892a015eddc24539efc3e86e95da727a563cf392d62337bad3c32a638c1fc
25,tpch-q1-block-025,fused -> materialize-after-q01-filter -> materialize-after-q01-aggregate,2,1,materialize-after-q01-aggregate,2026-07-20T11:13:28.458350+00:00,3032.8493,12031.25,4,sha256:113892a015eddc24539efc3e86e95da727a563cf392d62337bad3c32a638c1fc
25,tpch-q1-block-025,fused -> materialize-after-q01-filter -> materialize-after-q01-aggregate,2,2,materialize-after-q01-aggregate,2026-07-20T11:13:31.491503+00:00,3052.5847,12125.0,4,sha256:113892a015eddc24539efc3e86e95da727a563cf392d62337bad3c32a638c1fc
25,tpch-q1-block-025,fused -> materialize-after-q01-filter -> materialize-after-q01-aggregate,2,3,materialize-after-q01-aggregate,2026-07-20T11:13:34.543941+00:00,3067.5381,12187.5,4,sha256:113892a015eddc24539efc3e86e95da727a563cf392d62337bad3c32a638c1fc
25,tpch-q1-block-025,fused -> materialize-after-q01-filter -> materialize-after-q01-aggregate,2,4,materialize-after-q01-aggregate,2026-07-20T11:13:37.611114+00:00,3102.9497,12250.0,4,sha256:113892a015eddc24539efc3e86e95da727a563cf392d62337bad3c32a638c1fc
26,tpch-q1-block-026,materialize-after-q01-filter -> materialize-after-q01-aggregate -> fused,0,0,materialize-after-q01-filter,2026-07-20T11:13:40.727354+00:00,48025.644,71609.375,4,sha256:113892a015eddc24539efc3e86e95da727a563cf392d62337bad3c32a638c1fc
26,tpch-q1-block-026,materialize-after-q01-filter -> materialize-after-q01-aggregate -> fused,0,1,materialize-after-q01-filter,2026-07-20T11:14:28.752508+00:00,35311.478,57546.875,4,sha256:113892a015eddc24539efc3e86e95da727a563cf392d62337bad3c32a638c1fc
26,tpch-q1-block-026,materialize-after-q01-filter -> materialize-after-q01-aggregate -> fused,0,2,materialize-after-q01-filter,2026-07-20T11:15:04.064408+00:00,33738.3688,54921.875,4,sha256:113892a015eddc24539efc3e86e95da727a563cf392d62337bad3c32a638c1fc
26,tpch-q1-block-026,materialize-after-q01-filter -> materialize-after-q01-aggregate -> fused,0,3,materialize-after-q01-filter,2026-07-20T11:15:37.802559+00:00,34297.9553,56390.625,4,sha256:113892a015eddc24539efc3e86e95da727a563cf392d62337bad3c32a638c1fc
26,tpch-q1-block-026,materialize-after-q01-filter -> materialize-after-q01-aggregate -> fused,0,4,materialize-after-q01-filter,2026-07-20T11:16:12.101410+00:00,35280.2952,57265.625,4,sha256:113892a015eddc24539efc3e86e95da727a563cf392d62337bad3c32a638c1fc
26,tpch-q1-block-026,materialize-after-q01-filter -> materialize-after-q01-aggregate -> fused,1,0,materialize-after-q01-aggregate,2026-07-20T11:16:47.381642+00:00,3245.8179,12796.875,4,sha256:113892a015eddc24539efc3e86e95da727a563cf392d62337bad3c32a638c1fc
26,tpch-q1-block-026,materialize-after-q01-filter -> materialize-after-q01-aggregate -> fused,1,1,materialize-after-q01-aggregate,2026-07-20T11:16:50.627135+00:00,3102.8119,12250.0,4,sha256:113892a015eddc24539efc3e86e95da727a563cf392d62337bad3c32a638c1fc
26,tpch-q1-block-026,materialize-after-q01-filter -> materialize-after-q01-aggregate -> fused,1,2,materialize-after-q01-aggregate,2026-07-20T11:16:53.729905+00:00,3061.3223,12140.625,4,sha256:113892a015eddc24539efc3e86e95da727a563cf392d62337bad3c32a638c1fc
26,tpch-q1-block-026,materialize-after-q01-filter -> materialize-after-q01-aggregate -> fused,1,3,materialize-after-q01-aggregate,2026-07-20T11:16:56.791300+00:00,3098.3679,12265.625,4,sha256:113892a015eddc24539efc3e86e95da727a563cf392d62337bad3c32a638c1fc
26,tpch-q1-block-026,materialize-after-q01-filter -> materialize-after-q01-aggregate -> fused,1,4,materialize-after-q01-aggregate,2026-07-20T11:16:59.890562+00:00,3101.0105,12343.75,4,sha256:113892a015eddc24539efc3e86e95da727a563cf392d62337bad3c32a638c1fc
26,tpch-q1-block-026,materialize-after-q01-filter -> materialize-after-q01-aggregate -> fused,2,0,fused,2026-07-20T11:17:02.991045+00:00,3536.4831,14015.625,4,sha256:113892a015eddc24539efc3e86e95da727a563cf392d62337bad3c32a638c1fc
26,tpch-q1-block-026,materialize-after-q01-filter -> materialize-after-q01-aggregate -> fused,2,1,fused,2026-07-20T11:17:06.527217+00:00,3659.4105,14546.875,4,sha256:113892a015eddc24539efc3e86e95da727a563cf392d62337bad3c32a638c1fc
26,tpch-q1-block-026,materialize-after-q01-filter -> materialize-after-q01-aggregate -> fused,2,2,fused,2026-07-20T11:17:10.186885+00:00,3731.6998,14765.625,4,sha256:113892a015eddc24539efc3e86e95da727a563cf392d62337bad3c32a638c1fc
26,tpch-q1-block-026,materialize-after-q01-filter -> materialize-after-q01-aggregate -> fused,2,3,fused,2026-07-20T11:17:13.918680+00:00,3566.2258,14171.875,4,sha256:113892a015eddc24539efc3e86e95da727a563cf392d62337bad3c32a638c1fc
26,tpch-q1-block-026,materialize-after-q01-filter -> materialize-after-q01-aggregate -> fused,2,4,fused,2026-07-20T11:17:17.485369+00:00,3598.9728,14281.25,4,sha256:113892a015eddc24539efc3e86e95da727a563cf392d62337bad3c32a638c1fc
27,tpch-q1-block-027,fused -> materialize-after-q01-aggregate -> materialize-after-q01-filter,0,0,fused,2026-07-20T11:17:21.099114+00:00,3722.5628,14812.5,4,sha256:113892a015eddc24539efc3e86e95da727a563cf392d62337bad3c32a638c1fc
27,tpch-q1-block-027,fused -> materialize-after-q01-aggregate -> materialize-after-q01-filter,0,1,fused,2026-07-20T11:17:24.821842+00:00,3641.7026,14390.625,4,sha256:113892a015eddc24539efc3e86e95da727a563cf392d62337bad3c32a638c1fc
27,tpch-q1-block-027,fused -> materialize-after-q01-aggregate -> materialize-after-q01-filter,0,2,fused,2026-07-20T11:17:28.462940+00:00,3652.1026,14484.375,4,sha256:113892a015eddc24539efc3e86e95da727a563cf392d62337bad3c32a638c1fc
27,tpch-q1-block-027,fused -> materialize-after-q01-aggregate -> materialize-after-q01-filter,0,3,fused,2026-07-20T11:17:32.114973+00:00,3631.8917,14453.125,4,sha256:113892a015eddc24539efc3e86e95da727a563cf392d62337bad3c32a638c1fc
27,tpch-q1-block-027,fused -> materialize-after-q01-aggregate -> materialize-after-q01-filter,0,4,fused,2026-07-20T11:17:35.747916+00:00,3657.0535,14468.75,4,sha256:113892a015eddc24539efc3e86e95da727a563cf392d62337bad3c32a638c1fc
27,tpch-q1-block-027,fused -> materialize-after-q01-aggregate -> materialize-after-q01-filter,1,0,materialize-after-q01-aggregate,2026-07-20T11:17:39.404238+00:00,3656.3935,14515.625,4,sha256:113892a015eddc24539efc3e86e95da727a563cf392d62337bad3c32a638c1fc
27,tpch-q1-block-027,fused -> materialize-after-q01-aggregate -> materialize-after-q01-filter,1,1,materialize-after-q01-aggregate,2026-07-20T11:17:43.060965+00:00,3692.5452,14671.875,4,sha256:113892a015eddc24539efc3e86e95da727a563cf392d62337bad3c32a638c1fc
27,tpch-q1-block-027,fused -> materialize-after-q01-aggregate -> materialize-after-q01-filter,1,2,materialize-after-q01-aggregate,2026-07-20T11:17:46.753450+00:00,3888.1708,15406.25,4,sha256:113892a015eddc24539efc3e86e95da727a563cf392d62337bad3c32a638c1fc
27,tpch-q1-block-027,fused -> materialize-after-q01-aggregate -> materialize-after-q01-filter,1,3,materialize-after-q01-aggregate,2026-07-20T11:17:50.641729+00:00,3736.9378,14859.375,4,sha256:113892a015eddc24539efc3e86e95da727a563cf392d62337bad3c32a638c1fc
27,tpch-q1-block-027,fused -> materialize-after-q01-aggregate -> materialize-after-q01-filter,1,4,materialize-after-q01-aggregate,2026-07-20T11:17:54.379160+00:00,3699.3588,14656.25,4,sha256:113892a015eddc24539efc3e86e95da727a563cf392d62337bad3c32a638c1fc
27,tpch-q1-block-027,fused -> materialize-after-q01-aggregate -> materialize-after-q01-filter,2,0,materialize-after-q01-filter,2026-07-20T11:17:58.078077+00:00,38588.4573,61828.125,4,sha256:113892a015eddc24539efc3e86e95da727a563cf392d62337bad3c32a638c1fc
27,tpch-q1-block-027,fused -> materialize-after-q01-aggregate -> materialize-after-q01-filter,2,1,materialize-after-q01-filter,2026-07-20T11:18:36.666412+00:00,34684.9577,56750.0,4,sha256:113892a015eddc24539efc3e86e95da727a563cf392d62337bad3c32a638c1fc
27,tpch-q1-block-027,fused -> materialize-after-q01-aggregate -> materialize-after-q01-filter,2,2,materialize-after-q01-filter,2026-07-20T11:19:11.351860+00:00,43064.5669,65921.875,4,sha256:113892a015eddc24539efc3e86e95da727a563cf392d62337bad3c32a638c1fc
27,tpch-q1-block-027,fused -> materialize-after-q01-aggregate -> materialize-after-q01-filter,2,3,materialize-after-q01-filter,2026-07-20T11:19:54.416655+00:00,35564.2946,57875.0,4,sha256:113892a015eddc24539efc3e86e95da727a563cf392d62337bad3c32a638c1fc
27,tpch-q1-block-027,fused -> materialize-after-q01-aggregate -> materialize-after-q01-filter,2,4,materialize-after-q01-filter,2026-07-20T11:20:29.980392+00:00,40687.1903,63625.0,4,sha256:113892a015eddc24539efc3e86e95da727a563cf392d62337bad3c32a638c1fc
28,tpch-q1-block-028,materialize-after-q01-aggregate -> fused -> materialize-after-q01-filter,0,0,materialize-after-q01-aggregate,2026-07-20T11:21:10.681181+00:00,3120.3907,12359.375,4,sha256:113892a015eddc24539efc3e86e95da727a563cf392d62337bad3c32a638c1fc
28,tpch-q1-block-028,materialize-after-q01-aggregate -> fused -> materialize-after-q01-filter,0,1,materialize-after-q01-aggregate,2026-07-20T11:21:13.800895+00:00,3039.8336,12078.125,4,sha256:113892a015eddc24539efc3e86e95da727a563cf392d62337bad3c32a638c1fc
28,tpch-q1-block-028,materialize-after-q01-aggregate -> fused -> materialize-after-q01-filter,0,2,materialize-after-q01-aggregate,2026-07-20T11:21:16.841345+00:00,3020.087,11984.375,4,sha256:113892a015eddc24539efc3e86e95da727a563cf392d62337bad3c32a638c1fc
28,tpch-q1-block-028,materialize-after-q01-aggregate -> fused -> materialize-after-q01-filter,0,3,materialize-after-q01-aggregate,2026-07-20T11:21:19.861474+00:00,2991.0214,11906.25,4,sha256:113892a015eddc24539efc3e86e95da727a563cf392d62337bad3c32a638c1fc
28,tpch-q1-block-028,materialize-after-q01-aggregate -> fused -> materialize-after-q01-filter,0,4,materialize-after-q01-aggregate,2026-07-20T11:21:22.852576+00:00,3012.98,11984.375,4,sha256:113892a015eddc24539efc3e86e95da727a563cf392d62337bad3c32a638c1fc
28,tpch-q1-block-028,materialize-after-q01-aggregate -> fused -> materialize-after-q01-filter,1,0,fused,2026-07-20T11:21:25.865891+00:00,3469.3151,13843.75,4,sha256:113892a015eddc24539efc3e86e95da727a563cf392d62337bad3c32a638c1fc
28,tpch-q1-block-028,materialize-after-q01-aggregate -> fused -> materialize-after-q01-filter,1,1,fused,2026-07-20T11:21:29.334616+00:00,3708.9545,14718.75,4,sha256:113892a015eddc24539efc3e86e95da727a563cf392d62337bad3c32a638c1fc
28,tpch-q1-block-028,materialize-after-q01-aggregate -> fused -> materialize-after-q01-filter,1,2,fused,2026-07-20T11:21:33.044294+00:00,3622.3255,14421.875,4,sha256:113892a015eddc24539efc3e86e95da727a563cf392d62337bad3c32a638c1fc
28,tpch-q1-block-028,materialize-after-q01-aggregate -> fused -> materialize-after-q01-filter,1,3,fused,2026-07-20T11:21:36.665924+00:00,3629.2385,14437.5,4,sha256:113892a015eddc24539efc3e86e95da727a563cf392d62337bad3c32a638c1fc
28,tpch-q1-block-028,materialize-after-q01-aggregate -> fused -> materialize-after-q01-filter,1,4,fused,2026-07-20T11:21:40.296061+00:00,3630.9297,14437.5,4,sha256:113892a015eddc24539efc3e86e95da727a563cf392d62337bad3c32a638c1fc
28,tpch-q1-block-028,materialize-after-q01-aggregate -> fused -> materialize-after-q01-filter,2,0,materialize-after-q01-filter,2026-07-20T11:21:43.926604+00:00,34586.4659,56421.875,4,sha256:113892a015eddc24539efc3e86e95da727a563cf392d62337bad3c32a638c1fc
28,tpch-q1-block-028,materialize-after-q01-aggregate -> fused -> materialize-after-q01-filter,2,1,materialize-after-q01-filter,2026-07-20T11:22:18.512740+00:00,34341.7675,56437.5,4,sha256:113892a015eddc24539efc3e86e95da727a563cf392d62337bad3c32a638c1fc
28,tpch-q1-block-028,materialize-after-q01-aggregate -> fused -> materialize-after-q01-filter,2,2,materialize-after-q01-filter,2026-07-20T11:22:52.855014+00:00,42439.3503,65781.25,4,sha256:113892a015eddc24539efc3e86e95da727a563cf392d62337bad3c32a638c1fc
28,tpch-q1-block-028,materialize-after-q01-aggregate -> fused -> materialize-after-q01-filter,2,3,materialize-after-q01-filter,2026-07-20T11:23:35.294194+00:00,33720.1821,55812.5,4,sha256:113892a015eddc24539efc3e86e95da727a563cf392d62337bad3c32a638c1fc
28,tpch-q1-block-028,materialize-after-q01-aggregate -> fused -> materialize-after-q01-filter,2,4,materialize-after-q01-filter,2026-07-20T11:24:09.015041+00:00,41006.5269,63906.25,4,sha256:113892a015eddc24539efc3e86e95da727a563cf392d62337bad3c32a638c1fc
29,tpch-q1-block-029,materialize-after-q01-aggregate -> materialize-after-q01-filter -> fused,0,0,materialize-after-q01-aggregate,2026-07-20T11:24:50.035382+00:00,3149.1687,12343.75,4,sha256:113892a015eddc24539efc3e86e95da727a563cf392d62337bad3c32a638c1fc
29,tpch-q1-block-029,materialize-after-q01-aggregate -> materialize-after-q01-filter -> fused,0,1,materialize-after-q01-aggregate,2026-07-20T11:24:53.183690+00:00,3105.4028,12343.75,4,sha256:113892a015eddc24539efc3e86e95da727a563cf392d62337bad3c32a638c1fc
29,tpch-q1-block-029,materialize-after-q01-aggregate -> materialize-after-q01-filter -> fused,0,2,materialize-after-q01-aggregate,2026-07-20T11:24:56.289099+00:00,3120.5691,12406.25,4,sha256:113892a015eddc24539efc3e86e95da727a563cf392d62337bad3c32a638c1fc
29,tpch-q1-block-029,materialize-after-q01-aggregate -> materialize-after-q01-filter -> fused,0,3,materialize-after-q01-aggregate,2026-07-20T11:24:59.410624+00:00,3041.5277,12062.5,4,sha256:113892a015eddc24539efc3e86e95da727a563cf392d62337bad3c32a638c1fc
29,tpch-q1-block-029,materialize-after-q01-aggregate -> materialize-after-q01-filter -> fused,0,4,materialize-after-q01-aggregate,2026-07-20T11:25:02.451510+00:00,3273.1274,12968.75,4,sha256:113892a015eddc24539efc3e86e95da727a563cf392d62337bad3c32a638c1fc
29,tpch-q1-block-029,materialize-after-q01-aggregate -> materialize-after-q01-filter -> fused,1,0,materialize-after-q01-filter,2026-07-20T11:25:05.724721+00:00,40603.0308,62921.875,4,sha256:113892a015eddc24539efc3e86e95da727a563cf392d62337bad3c32a638c1fc
29,tpch-q1-block-029,materialize-after-q01-aggregate -> materialize-after-q01-filter -> fused,1,1,materialize-after-q01-filter,2026-07-20T11:25:46.327963+00:00,34776.2329,56703.125,4,sha256:113892a015eddc24539efc3e86e95da727a563cf392d62337bad3c32a638c1fc
29,tpch-q1-block-029,materialize-after-q01-aggregate -> materialize-after-q01-filter -> fused,1,2,materialize-after-q01-filter,2026-07-20T11:26:21.104496+00:00,34105.4701,55062.5,4,sha256:113892a015eddc24539efc3e86e95da727a563cf392d62337bad3c32a638c1fc
29,tpch-q1-block-029,materialize-after-q01-aggregate -> materialize-after-q01-filter -> fused,1,3,materialize-after-q01-filter,2026-07-20T11:26:55.210193+00:00,42577.3356,65625.0,4,sha256:113892a015eddc24539efc3e86e95da727a563cf392d62337bad3c32a638c1fc
29,tpch-q1-block-029,materialize-after-q01-aggregate -> materialize-after-q01-filter -> fused,1,4,materialize-after-q01-filter,2026-07-20T11:27:37.787723+00:00,46214.3359,69484.375,4,sha256:113892a015eddc24539efc3e86e95da727a563cf392d62337bad3c32a638c1fc
29,tpch-q1-block-029,materialize-after-q01-aggregate -> materialize-after-q01-filter -> fused,2,0,fused,2026-07-20T11:28:24.001537+00:00,3165.5355,12531.25,4,sha256:113892a015eddc24539efc3e86e95da727a563cf392d62337bad3c32a638c1fc
29,tpch-q1-block-029,materialize-after-q01-aggregate -> materialize-after-q01-filter -> fused,2,1,fused,2026-07-20T11:28:27.167238+00:00,3003.9964,11921.875,4,sha256:113892a015eddc24539efc3e86e95da727a563cf392d62337bad3c32a638c1fc
29,tpch-q1-block-029,materialize-after-q01-aggregate -> materialize-after-q01-filter -> fused,2,2,fused,2026-07-20T11:28:30.171622+00:00,3095.1716,12328.125,4,sha256:113892a015eddc24539efc3e86e95da727a563cf392d62337bad3c32a638c1fc
29,tpch-q1-block-029,materialize-after-q01-aggregate -> materialize-after-q01-filter -> fused,2,3,fused,2026-07-20T11:28:33.266439+00:00,3049.8914,12140.625,4,sha256:113892a015eddc24539efc3e86e95da727a563cf392d62337bad3c32a638c1fc
29,tpch-q1-block-029,materialize-after-q01-aggregate -> materialize-after-q01-filter -> fused,2,4,fused,2026-07-20T11:28:36.316262+00:00,3058.3137,12125.0,4,sha256:113892a015eddc24539efc3e86e95da727a563cf392d62337bad3c32a638c1fc
