replicate_id,family_id,row_count,identifier_width,match_rate,seed,early_latency_ms,late_latency_ms,observed_log_early_late_ratio,classification,dominant_relative_difference_role,early_hash_projection_ms,late_hash_projection_ms,hash_projection_delta_ms,hash_projection_relative_delta,early_support_projection_ms,late_support_projection_ms,support_projection_delta_ms,support_projection_relative_delta,early_hash_join_ms,late_hash_join_ms,hash_join_delta_ms,hash_join_relative_delta,early_order_by_ms,late_order_by_ms,order_by_delta_ms,order_by_relative_delta,early_materialization_ms,late_materialization_ms,materialization_delta_ms,materialization_relative_delta,early_event_scan_ms,late_event_scan_ms,event_scan_delta_ms,event_scan_relative_delta,early_dimension_scan_ms,late_dimension_scan_ms,dimension_scan_delta_ms,dimension_scan_relative_delta,early_output_sink_ms,late_output_sink_ms,output_sink_delta_ms,output_sink_relative_delta
20260717T120435635390Z/mask_fragment-n150000-w1024-m0100-s707,n150000-w1024-m0100,150000,1024,0.1,707,2136.858200014103,268.51199998054653,2.074196292806113,late,hash_projection,2491.5284000000006,211.78020000000004,2279.7482000000005,0.9149998852110215,0.0935,0.6946000000000001,-0.6011000000000001,-0.8653901526058163,5.2255,0.9147000000000001,4.3108,0.8249545498038465,9.5088,10.760699999999998,-1.2518999999999973,-0.11634001505478246,22.1458,0,22.1458,1.0,10.665599999999998,2.8566999999999996,7.808899999999998,0.7321575907590758,0.0406,0.0306,0.009999999999999998,0.2463054187192118,1.7369,1.8337999999999997,-0.09689999999999954,-0.05284109499400129
20260717T120435635390Z/mask_fragment-n150000-w1024-m0100-s808,n150000-w1024-m0100,150000,1024,0.1,808,1803.7933000014164,220.44029994867742,2.1020202056489183,late,hash_projection,2213.11,228.7254,1984.3846,0.896649782432866,0.1093,0.5451999999999999,-0.4358999999999999,-0.799523110785033,4.1976,0.7507,3.4469000000000003,0.8211597103106537,11.0846,8.641800000000002,2.4427999999999983,0.22037782148205604,21.987600000000004,0,21.987600000000004,1.0,10.645599999999998,2.1126,8.532999999999998,0.8015518148342976,0.03799999999999999,0.041400000000000006,-0.003400000000000014,-0.08212560386473462,1.7994,2.103,-0.3036000000000001,-0.1443651925820257
20260717T120435635390Z/mask_fragment-n150000-w1024-m0100-s909,n150000-w1024-m0100,150000,1024,0.1,909,1811.0469999955967,210.46380000188947,2.152346743210462,late,hash_projection,2158.1935999999996,199.9886,1958.2049999999997,0.9073351899477415,0.0851,0.37789999999999996,-0.29279999999999995,-0.7748081503043133,4.9284,0.5877,4.3407,0.8807523739956172,8.6896,7.172,1.5176000000000007,0.17464555330510043,18.6574,0,18.6574,1.0,9.778299999999998,1.5294000000000003,8.248899999999997,0.8435924444944417,0.032799999999999996,0.028800000000000003,0.003999999999999993,0.12195121951219492,1.13,1.4911999999999999,-0.36119999999999997,-0.24222103004291845
20260717T120435635390Z/mask_fragment-n150000-w1024-m0500-s707,n150000-w1024-m0500,150000,1024,0.5,707,1829.1137000196613,1129.3342999997549,0.48220318852152294,late,hash_projection,2300.8183000000004,1096.8837,1203.9346000000003,0.5232636579776856,0.42390000000000005,2.3563,-1.9324,-0.8200993082374909,6.272600000000001,1.6373,4.635300000000001,0.7389758632783854,51.228199999999994,43.573100000000004,7.65509999999999,0.14943136787941,15.1902,0,15.1902,1.0,10.008200000000002,6.242799999999999,3.765400000000003,0.37623149017805424,0.0384,0.04650000000000001,-0.00810000000000001,-0.17419354838709697,8.1046,7.4346000000000005,0.669999999999999,0.08266910149791465
20260717T120435635390Z/mask_fragment-n150000-w1024-m0500-s808,n150000-w1024-m0500,150000,1024,0.5,808,1897.7825000183657,1121.5296000009403,0.5259926314671532,late,hash_projection,1973.5764000000001,915.5332000000002,1058.0432,0.5361045055058421,0.3946,2.0228,-1.6282,-0.804923867905873,5.7768,1.2644,4.5123999999999995,0.7811244979919678,46.255700000000004,41.956999999999994,4.298700000000011,0.09293341144983236,16.7862,0,16.7862,1.0,10.623099999999999,6.502300000000001,4.120799999999998,0.3879093673221563,0.04310000000000001,0.027000000000000003,0.01610000000000001,0.37354988399071937,8.579999999999998,6.493200000000002,2.0867999999999967,0.2432167832167829
20260717T120435635390Z/mask_fragment-n150000-w1024-m0500-s909,n150000-w1024-m0500,150000,1024,0.5,909,2096.6342000174336,1247.4591000354849,0.5192245344726194,late,hash_projection,2386.6492000000007,1188.8992999999998,1197.749900000001,0.5018541895474209,0.6843999999999999,2.5159999999999996,-1.8315999999999997,-0.7279809220985691,9.7462,1.3458999999999997,8.4003,0.8619051527774927,52.9028,58.979600000000005,-6.076800000000006,-0.10303223487443125,19.8069,0,19.8069,1.0,12.570699999999999,7.748600000000002,4.822099999999996,0.38359836763266936,0.026300000000000004,0.0322,-0.0058999999999999955,-0.18322981366459615,9.361100000000002,8.7563,0.6048000000000027,0.06460779181933773
20260717T120435635390Z/mask_fragment-n150000-w1024-m1000-s707,n150000-w1024-m1000,150000,1024,1.0,707,2250.8333000005223,2199.386099993717,0.023122227240985185,tie,hash_projection,2564.8821,2193.9584,370.9236999999998,0.14461627690411183,1.076,4.392999999999999,-3.316999999999999,-0.7550648759389937,9.0106,2.4534999999999996,6.5571,0.7277095864870264,136.50689999999997,118.02129999999998,18.48559999999999,0.1354187956799253,25.913600000000002,0,25.913600000000002,1.0,14.023200000000001,12.863599999999998,1.1596000000000029,0.08269153973415502,0.03200000000000001,0.09830000000000001,-0.0663,-0.674465920651068,25.129899999999996,18.973000000000006,6.15689999999999,0.24500296459595902
20260717T120435635390Z/mask_fragment-n150000-w1024-m1000-s808,n150000-w1024-m1000,150000,1024,1.0,808,2128.2025999971665,2037.858200026676,0.04337841933781093,late,hash_projection,2440.0817,2227.1578999999997,212.92380000000048,0.08726093064834692,1.0855000000000001,4.416499999999999,-3.330999999999999,-0.7542171402694441,7.566000000000001,2.1878000000000006,5.3782,0.7108379592915675,125.67229999999996,119.66509999999998,6.007199999999983,0.047800509738422745,21.439899999999994,0,21.439899999999994,1.0,11.494899999999998,11.637799999999999,-0.14290000000000092,-0.012278953066730906,0.0372,0.029700000000000004,0.007499999999999993,0.20161290322580627,22.5581,16.8818,5.676300000000001,0.2516302348158755
20260717T120435635390Z/mask_fragment-n150000-w1024-m1000-s909,n150000-w1024-m1000,150000,1024,1.0,909,2103.9397999993525,2072.7288000052795,0.014945682292113883,tie,hash_projection,2420.6621000000005,2504.9545,-84.29239999999936,-0.03365027189116583,1.1876000000000002,4.661599999999999,-3.473999999999999,-0.7452376866311995,9.044199999999998,2.2610999999999994,6.783099999999999,0.7499944715950555,130.0848,132.28619999999998,-2.2013999999999783,-0.01664119159821643,19.591099999999997,0,19.591099999999997,1.0,12.775900000000004,12.564199999999996,0.21170000000000755,0.01657026119490662,0.0342,0.0371,-0.0029,-0.07816711590296495,24.959300000000006,19.159999999999997,5.7993000000000094,0.23235026623342833
20260717T120435635390Z/mask_fragment-n150000-w2048-m0100-s707,n150000-w2048-m0100,150000,2048,0.1,707,3829.3103000032715,466.274100006558,2.105666328986213,late,hash_projection,4625.615999999999,423.49289999999996,4202.123099999999,0.908446161549078,0.1128,0.5335,-0.42069999999999996,-0.7885660731021555,5.2416,0.7079999999999999,4.5336,0.8649267399267399,14.1873,6.9395,7.247800000000001,0.5108653514058348,30.7101,0,30.7101,1.0,16.737599999999997,2.735,14.002599999999997,0.8365954497657968,0.031,0.0354,-0.004400000000000001,-0.1242937853107345,2.2567999999999997,1.3342,0.9225999999999996,0.4088089330024813
20260717T120435635390Z/mask_fragment-n150000-w2048-m0100-s808,n150000-w2048-m0100,150000,2048,0.1,808,3699.445399979595,448.95990000804886,2.109004621304989,late,hash_projection,4305.1407,377.9821,3927.1585999999998,0.9122021493978117,0.1321,0.5733999999999999,-0.4412999999999999,-0.7696198116498081,5.042599999999999,0.8175999999999999,4.225,0.8378614206956729,10.971,9.157700000000002,1.8132999999999981,0.16528119588004722,30.086000000000006,0,30.086000000000006,1.0,17.4385,2.9425,14.496000000000002,0.8312641568942284,0.027699999999999995,0.0357,-0.008000000000000007,-0.2240896358543419,2.1968,1.6481000000000001,0.5487,0.24977239621267294
20260717T120435635390Z/mask_fragment-n150000-w2048-m0100-s909,n150000-w2048-m0100,150000,2048,0.1,909,3712.298099999316,428.19669999880716,2.1598237283495543,late,hash_projection,4383.704900000001,440.8842,3942.8207000000007,0.8994265786458391,0.09740000000000001,0.6763,-0.5789,-0.8559810734880969,5.3523000000000005,0.8106,4.5417000000000005,0.8485510901855278,11.319500000000001,12.087299999999999,-0.7677999999999976,-0.06352121648341628,30.2962,0,30.2962,1.0,14.611299999999996,2.3767,12.234599999999997,0.8373382245248541,0.0336,0.029500000000000002,0.004099999999999996,0.12202380952380941,1.6817000000000002,1.9326999999999999,-0.25099999999999967,-0.12987012987012972
20260717T120435635390Z/mask_fragment-n150000-w2048-m0500-s707,n150000-w2048-m0500,150000,2048,0.5,707,3806.771000032313,2269.684700004291,0.517140400079218,late,hash_projection,4666.2263,2121.3644,2544.8619000000003,0.5453790143011281,0.6245,3.2488000000000006,-2.6243000000000007,-0.8077751785274564,8.240999999999998,1.678,6.562999999999998,0.7963839339885935,65.45070000000001,66.23989999999999,-0.7891999999999797,-0.011914269194246667,25.7357,0,25.7357,1.0,14.698999999999998,9.867299999999998,4.8317,0.3287094360160555,0.041100000000000005,0.043,-0.001899999999999992,-0.044186046511627726,10.884500000000001,10.584900000000001,0.29959999999999987,0.02752538012770452
20260717T120435635390Z/mask_fragment-n150000-w2048-m0500-s808,n150000-w2048-m0500,150000,2048,0.5,808,3957.399800012354,2248.2038000016473,0.5654556071551451,late,hash_projection,5189.093699999999,2294.5496000000003,2894.544099999999,0.5578130339022399,0.7109000000000001,4.139600000000001,-3.4287000000000005,-0.8282684317325345,6.9158,1.5043000000000002,5.4115,0.7824835883050406,74.67660000000001,70.88829999999999,3.788300000000021,0.05072941189073981,30.1848,0,30.1848,1.0,19.312099999999997,7.596799999999999,11.7153,0.606630040233843,0.0367,0.03620000000000001,0.0004999999999999935,0.013623978201634699,12.426200000000001,9.767,2.659200000000002,0.2139994527691492
20260717T120435635390Z/mask_fragment-n150000-w2048-m0500-s909,n150000-w2048-m0500,150000,2048,0.5,909,3799.2290999973193,2298.827300022822,0.5023990543778727,late,hash_projection,4644.012,1913.5111000000002,2730.5008999999995,0.5879616374806955,0.5491999999999999,2.6523,-2.1031,-0.7929344342646005,6.5391,1.8899000000000001,4.6492,0.7109846920830084,80.88060000000002,60.2892,20.591400000000014,0.2545900994799743,31.838999999999995,0,31.838999999999995,1.0,17.1122,9.402700000000001,7.7095,0.45052652493542616,0.0324,0.0464,-0.013999999999999999,-0.3017241379310345,10.882499999999999,9.6962,1.1862999999999992,0.10900987824488853
20260717T120435635390Z/mask_fragment-n150000-w2048-m1000-s707,n150000-w2048-m1000,150000,2048,1.0,707,3858.8593000313267,3845.130799978506,0.0035640010971811553,tie,hash_projection,4592.0841,5290.833699999999,-698.7495999999992,-0.13206795745630776,1.2809000000000004,4.6965,-3.4156,-0.7272649845629724,12.4535,2.8069999999999995,9.6465,0.7746015176456418,144.04429999999996,149.29240000000001,-5.248100000000051,-0.035153162518655,28.2862,0,28.2862,1.0,15.007399999999997,14.640000000000004,0.36739999999999284,0.024481255913748744,0.04000000000000001,0.0702,-0.03019999999999999,-0.4301994301994301,25.628000000000004,24.370900000000002,1.2571000000000012,0.04905181832370849
20260717T120435635390Z/mask_fragment-n150000-w2048-m1000-s808,n150000-w2048-m1000,150000,2048,1.0,808,3855.869899969548,3830.658900027629,0.006559811587950468,tie,hash_projection,4526.418699999999,4722.163500000001,-195.7448000000013,-0.04145235547223244,1.283,4.486800000000001,-3.2038000000000006,-0.7140501025229563,10.433399999999999,2.7449,7.6884999999999994,0.7369122242030403,147.4353,146.89679999999998,0.5385000000000275,0.003652449582969801,28.566599999999998,0,28.566599999999998,1.0,15.913699999999999,14.956799999999996,0.9569000000000027,0.060130579312165165,0.038299999999999994,0.028499999999999998,0.009799999999999996,0.25587467362924277,26.76759999999999,23.292200000000005,3.4753999999999863,0.12983607047325824
20260717T120435635390Z/mask_fragment-n150000-w2048-m1000-s909,n150000-w2048-m1000,150000,2048,1.0,909,3810.52020000061,3877.778700029012,-0.01749677445023826,tie,hash_projection,4895.608000000001,4270.8141000000005,624.7939000000006,0.1276233513794406,1.2178,5.448699999999999,-4.230899999999998,-0.7764971461082458,12.238500000000002,3.0920999999999994,9.146400000000003,0.7473464885402624,151.21699999999998,140.90780000000004,10.309199999999947,0.06817487451807633,36.62890000000001,0,36.62890000000001,1.0,16.448,15.469899999999999,0.9781000000000013,0.059466196498054555,0.0322,0.035800000000000005,-0.003600000000000006,-0.10055865921787725,26.572299999999995,21.225399999999993,5.3469000000000015,0.2012208201774029
20260717T120435635390Z/mask_fragment-n150000-w256-m0100-s707,n150000-w256-m0100,150000,256,0.1,707,649.8756000073627,95.90239997487515,1.9134499525861712,late,hash_projection,845.5559999999999,100.59989999999999,744.9560999999999,0.8810251479499879,0.1211,0.5496,-0.4285,-0.7796579330422125,4.2904,0.8168,3.4736000000000002,0.8096214805146373,9.8253,11.1086,-1.2832999999999988,-0.11552310822245818,19.597599999999993,0,19.597599999999993,1.0,10.222299999999997,1.8172000000000001,8.405099999999997,0.8222317873668352,0.03150000000000001,0.034699999999999995,-0.0031999999999999876,-0.09221902017291032,2.0000999999999998,2.0475000000000003,-0.04740000000000055,-0.023150183150183416
20260717T120435635390Z/mask_fragment-n150000-w256-m0100-s808,n150000-w256-m0100,150000,256,0.1,808,729.4234000146389,100.28709995094687,1.9842172869929335,late,hash_projection,810.8629000000002,76.2872,734.5757000000002,0.9059184974426626,0.12490000000000001,0.5899,-0.46499999999999997,-0.7882691981691812,4.1324000000000005,0.9691999999999998,3.1632000000000007,0.7654631691027006,9.317099999999998,8.3676,0.9494999999999987,0.10190939240750865,15.396100000000004,0,15.396100000000004,1.0,11.0473,2.0638,8.9835,0.813185122156545,0.0318,0.047799999999999995,-0.015999999999999993,-0.3347280334728032,1.98,1.7271,0.2528999999999999,0.1277272727272727
20260717T120435635390Z/mask_fragment-n150000-w256-m0100-s909,n150000-w256-m0100,150000,256,0.1,909,702.2063999902457,218.6513000051491,1.1667491544514577,late,hash_projection,913.0201,210.9536,702.0664999999999,0.7689496649635643,0.1106,0.6100999999999999,-0.49949999999999983,-0.8187182429109982,4.4447,0.791,3.6537,0.822035232974104,12.494599999999998,7.8541000000000025,4.640499999999996,0.37140044499223634,17.454099999999997,0,17.454099999999997,1.0,13.317899999999996,2.1134,11.204499999999996,0.8413113178504118,0.0366,0.087,-0.05039999999999999,-0.5793103448275861,1.9265999999999999,1.496,0.43059999999999987,0.22350254334059996
20260717T120435635390Z/mask_fragment-n150000-w256-m0500-s707,n150000-w256-m0500,150000,256,0.5,707,751.6691999626346,503.253799979575,0.40120171813169486,late,hash_projection,1086.3483000000003,498.0006,588.3477000000003,0.541582934313056,0.6989999999999998,3.3037,-2.6047000000000002,-0.7884190453128311,8.090399999999999,1.4732999999999998,6.617099999999999,0.8178952832987244,76.8781,57.295300000000005,19.5828,0.25472533790507307,21.9336,0,21.9336,1.0,13.9491,7.728300000000003,6.220799999999997,0.44596425575843585,0.031299999999999994,0.0411,-0.009800000000000003,-0.23844282238442832,11.2461,8.8639,2.382200000000001,0.21182454361956599
20260717T120435635390Z/mask_fragment-n150000-w256-m0500-s808,n150000-w256-m0500,150000,256,0.5,808,752.380300022196,450.35050000296906,0.5132157457488392,late,hash_projection,1017.7535,380.18279999999993,637.5707000000001,0.6264490370212434,0.6219999999999999,2.5957000000000003,-1.9737000000000005,-0.7603729244519783,7.325999999999999,1.5089000000000004,5.817099999999998,0.7940349440349439,62.00640000000001,50.4929,11.513500000000015,0.18568244568302647,20.1046,0,20.1046,1.0,12.633999999999997,6.432000000000002,6.201999999999995,0.49089757796422323,0.037700000000000004,0.0356,0.0021000000000000046,0.05570291777188341,11.462600000000002,9.1934,2.2692000000000014,0.19796555755238787
20260717T120435635390Z/mask_fragment-n150000-w256-m0500-s909,n150000-w256-m0500,150000,256,0.5,909,724.9281000113115,469.3688999977894,0.43468345111466183,late,hash_projection,1088.9818,399.74080000000004,689.241,0.6329224234968849,0.6746000000000001,2.8478,-2.1731999999999996,-0.763115387316525,7.0789,1.1866,5.8923,0.8323750865247425,66.0326,56.69160000000001,9.340999999999994,0.14146043015116766,24.310500000000005,0,24.310500000000005,1.0,14.142199999999995,6.243499999999999,7.898699999999996,0.5585198908232099,0.0433,0.028900000000000006,0.014399999999999993,0.33256351039260956,14.405700000000003,8.677899999999998,5.7278000000000056,0.39760650298145905
20260717T120435635390Z/mask_fragment-n150000-w256-m1000-s707,n150000-w256-m1000,150000,256,1.0,707,782.5340999988839,825.1438000006601,-0.05302017443863886,early,hash_projection,949.3257,1044.1966999999997,-94.87099999999975,-0.09085548728510613,1.4300000000000002,4.979100000000001,-3.5491000000000006,-0.7127995019180173,9.5549,3.0435999999999996,6.5113,0.6814618677327864,143.14340000000004,140.73939999999996,2.4040000000000816,0.016794347486507103,24.116399999999995,0,24.116399999999995,1.0,11.741900000000003,13.039700000000003,-1.2978000000000005,-0.09952682960497558,0.033,0.10830000000000002,-0.07530000000000002,-0.6952908587257618,24.315300000000004,21.97649999999999,2.3388000000000133,0.09618635180318617
20260717T120435635390Z/mask_fragment-n150000-w256-m1000-s808,n150000-w256-m1000,150000,256,1.0,808,749.030800012406,811.1437999759801,-0.07966524614479153,early,hash_projection,820.5746,780.5215999999999,40.05300000000011,0.04881091859289833,1.429,4.6987,-3.2696999999999994,-0.6958733266648222,14.6372,2.6238999999999995,12.013300000000001,0.8207375727598175,150.791,134.65920000000003,16.13179999999997,0.10698118587979369,21.08839999999999,0,21.08839999999999,1.0,13.016499999999999,12.846600000000004,0.16989999999999483,0.013052663926554362,0.031100000000000003,0.061099999999999995,-0.029999999999999992,-0.49099836333878877,19.412499999999998,21.583399999999994,-2.170899999999996,-0.10058192870446717
20260717T120435635390Z/mask_fragment-n150000-w256-m1000-s909,n150000-w256-m1000,150000,256,1.0,909,795.6539000151679,848.3149000094272,-0.06408761889541358,early,hash_projection,796.8894999999998,824.6166000000001,-27.72710000000029,-0.03362423215831489,1.2574000000000003,4.595599999999999,-3.3381999999999987,-0.7263904604404211,8.357899999999997,2.4298,5.928099999999997,0.709281039495567,119.14699999999996,125.70520000000002,-6.558200000000056,-0.05217127056000909,17.5968,0,17.5968,1.0,10.3756,10.7394,-0.36379999999999946,-0.03387526305007724,0.03370000000000001,0.0378,-0.0040999999999999925,-0.10846560846560827,20.973599999999998,18.511999999999997,2.4616000000000007,0.1173665941946066
20260717T120435635390Z/mask_fragment-n150000-w512-m0100-s707,n150000-w512-m0100,150000,512,0.1,707,1135.68349997513,145.41130000725389,2.055423672512264,late,hash_projection,1320.4269,110.9533,1209.4736,0.9159716452307962,0.1287,0.42489999999999994,-0.2961999999999999,-0.6971052012238173,4.2512,0.6455,3.6056999999999997,0.8481605193827625,10.6335,9.8138,0.8196999999999992,0.07708656604128454,18.5862,0,18.5862,1.0,10.795000000000002,1.8287000000000002,8.966300000000002,0.8305974988420566,0.0473,0.026100000000000005,0.021199999999999997,0.4482029598308667,1.9039999999999997,2.0100000000000002,-0.10600000000000054,-0.05273631840796046
20260717T120435635390Z/mask_fragment-n150000-w512-m0100-s808,n150000-w512-m0100,150000,512,0.1,808,1092.4619000288658,132.96150002861395,2.1061294393990204,late,hash_projection,1367.1319999999998,160.168,1206.964,0.8828437926988763,0.1005,0.6514,-0.5509,-0.8457169174086582,4.504700000000001,0.6864000000000001,3.8183000000000007,0.8476258130397141,10.0889,10.550899999999999,-0.46199999999999797,-0.04378773374783175,13.8808,0,13.8808,1.0,9.844399999999998,1.8036,8.040799999999999,0.816789240583479,0.028,0.0336,-0.005599999999999997,-0.1666666666666666,1.6637000000000002,1.7815999999999996,-0.11789999999999945,-0.066176470588235
20260717T120435635390Z/mask_fragment-n150000-w512-m0100-s909,n150000-w512-m0100,150000,512,0.1,909,1167.6768000470474,152.75059995474294,2.03396488707316,late,hash_projection,1353.0486,138.4938,1214.5548000000001,0.8976431445256291,0.1239,0.532,-0.4081,-0.7671052631578947,6.1299,0.7255000000000001,5.4044,0.8816457038450871,10.841899999999999,7.673,3.168899999999999,0.2922827179737868,15.9313,0,15.9313,1.0,10.8649,2.5701,8.2948,0.763449272427726,0.028900000000000006,0.0318,-0.0028999999999999963,-0.091194968553459,1.6221999999999999,1.5694,0.05279999999999996,0.032548391073850304
20260717T120435635390Z/mask_fragment-n150000-w512-m0500-s707,n150000-w512-m0500,150000,512,0.5,707,1183.2649999996647,719.7296000085771,0.49715725972698954,late,hash_projection,1517.0263,846.4943999999999,670.5319000000001,0.44200413664548865,0.7685000000000001,3.9322999999999997,-3.1637999999999997,-0.8045673015792284,7.4156,1.743,5.6726,0.7649549598144452,74.4477,72.98530000000001,1.4623999999999882,0.019643320075703994,18.331100000000003,0,18.331100000000003,1.0,14.456100000000003,8.2021,6.254000000000003,0.43262013959504997,0.033600000000000005,0.05679999999999999,-0.023199999999999985,-0.4084507042253519,11.237499999999999,9.951600000000001,1.285899999999998,0.11442936596218004
20260717T120435635390Z/mask_fragment-n150000-w512-m0500-s808,n150000-w512-m0500,150000,512,0.5,808,1164.2859000130557,737.9867999698035,0.4559372784792646,late,hash_projection,1304.4941999999996,593.653,710.8411999999996,0.5449171027360642,0.5488999999999998,2.8303000000000003,-2.2814000000000005,-0.8060629615235135,5.5135000000000005,1.3136000000000003,4.1999,0.7617484356579305,60.5876,50.12820000000001,10.459399999999995,0.17263268391552059,17.0559,0,17.0559,1.0,11.665599999999996,8.2174,3.4481999999999964,0.29558702509943746,0.026099999999999998,0.03320000000000001,-0.007100000000000009,-0.2138554216867472,10.240199999999998,9.422999999999998,0.8171999999999997,0.07980312884513974
20260717T120435635390Z/mask_fragment-n150000-w512-m0500-s909,n150000-w512-m0500,150000,512,0.5,909,1177.333700004965,726.346299983561,0.482980686177868,late,hash_projection,1709.6467,777.2466000000002,932.4000999999998,0.5453758954993448,0.6674,2.8526000000000002,-2.1852,-0.7660380004206688,9.017900000000003,1.6256,7.392300000000002,0.8197363022433161,67.12449999999998,62.14920000000001,4.975299999999976,0.07412047761994468,23.4491,0,23.4491,1.0,12.302900000000003,8.910099999999998,3.3928000000000047,0.2757723788700228,0.0553,0.0358,0.019500000000000003,0.35262206148282105,10.3454,10.2577,0.08769999999999989,0.008477197595066396
20260717T120435635390Z/mask_fragment-n150000-w512-m1000-s707,n150000-w512-m1000,150000,512,1.0,707,1253.9734999882057,1233.4707000409253,0.01648540641012077,tie,hash_projection,1367.3873999999996,1337.4194999999997,29.967899999999872,0.021916173865577437,1.3145,4.904000000000001,-3.589500000000001,-0.7319535073409462,11.961299999999998,2.4152999999999993,9.546,0.7980737879661911,130.7859,126.83000000000003,3.9558999999999713,0.030247144378713387,18.227800000000002,0,18.227800000000002,1.0,11.754100000000003,9.9447,1.8094000000000037,0.15393777490407629,0.0488,0.032799999999999996,0.016000000000000007,0.32786885245901654,22.996299999999994,16.951400000000003,6.044899999999991,0.26286402595200065
20260717T120435635390Z/mask_fragment-n150000-w512-m1000-s808,n150000-w512-m1000,150000,512,1.0,808,1292.2383999684826,1278.6020999774337,0.010608536685225213,tie,hash_projection,1401.2060000000004,1469.3628,-68.15679999999975,-0.046385276665504085,1.4155999999999997,5.135999999999999,-3.7203999999999997,-0.7243769470404985,12.4239,2.3870999999999998,10.0368,0.8078622654721948,137.67629999999997,135.9369,1.7393999999999608,0.012633982755201594,19.4001,0,19.4001,1.0,10.517299999999997,10.4924,0.024899999999997036,0.0023675277875497554,0.040299999999999996,0.0337,0.006599999999999995,0.1637717121588088,24.6465,23.780300000000004,0.8661999999999956,0.0351449495871623
20260717T120435635390Z/mask_fragment-n150000-w512-m1000-s909,n150000-w512-m1000,150000,512,1.0,909,1366.3657999713905,1315.9431000240147,0.03760091953942965,late,hash_projection,1594.0368,1322.2287000000001,271.80809999999997,0.17051557404446369,1.4574,3.9232000000000005,-2.4658000000000007,-0.6285175367047309,10.685299999999998,2.5463,8.138999999999998,0.7617006541697471,143.30240000000003,118.97029999999998,24.332100000000054,0.16979548144343742,17.319299999999995,0,17.319299999999995,1.0,11.233599999999996,11.299600000000002,-0.06600000000000605,-0.005840914722645584,0.042499999999999996,0.0427,-0.00020000000000000573,-0.0046838407494146535,22.736700000000003,17.789800000000003,4.946899999999999,0.21757335057418178
20260717T120435635390Z/mask_fragment-n50000-w1024-m0100-s707,n50000-w1024-m0100,50000,1024,0.1,707,853.275700006634,87.86420000251383,2.2732902667127375,late,hash_projection,713.5888999999999,63.229800000000004,650.3590999999999,0.9113918391948082,0.034,0.1465,-0.11249999999999999,-0.7679180887372014,2.312,0.5117999999999999,1.8001999999999998,0.7786332179930796,2.4545,2.1688,0.28569999999999984,0.11639845182318186,6.083400000000002,0,6.083400000000002,1.0,3.0527000000000006,0.5527,2.500000000000001,0.8189471615291383,0.0342,0.0337,0.0005000000000000004,0.014619883040935686,0.43019999999999997,0.6335000000000001,-0.2033000000000001,-0.32091554853985804
20260717T120435635390Z/mask_fragment-n50000-w1024-m0100-s808,n50000-w1024-m0100,50000,1024,0.1,808,934.3696000287309,88.18730001803488,2.3604091154090283,late,hash_projection,752.6442000000001,75.19189999999999,677.4523,0.900096353628979,0.0376,0.1595,-0.12190000000000001,-0.7642633228840126,2.3198999999999996,0.871,1.4488999999999996,0.6245527824475192,3.3124000000000002,2.4335,0.8789000000000002,0.2653363120396088,5.4075999999999995,0,5.4075999999999995,1.0,3.5341,0.9419000000000001,2.5922,0.7334823576016525,0.0282,0.08200000000000002,-0.053800000000000014,-0.6560975609756098,0.6299,0.6028000000000001,0.027099999999999902,0.04302270201619289
20260717T120435635390Z/mask_fragment-n50000-w1024-m0100-s909,n50000-w1024-m0100,50000,1024,0.1,909,735.4936000192538,68.68890003534034,2.370954223830019,late,hash_projection,800.7876000000001,76.6762,724.1114000000001,0.9042490168429181,0.037099999999999994,0.1749,-0.1378,-0.787878787878788,2.6253,0.5393,2.0860000000000003,0.7945758579971813,3.314,2.4457000000000004,0.8682999999999996,0.2620096560048279,4.8405999999999985,0,4.8405999999999985,1.0,3.1975000000000007,0.6835,2.5140000000000007,0.7862392494136045,0.06709999999999999,0.032999999999999995,0.0341,0.5081967213114754,0.6633,0.43970000000000004,0.22359999999999997,0.3371023669531132
20260717T120435635390Z/mask_fragment-n50000-w1024-m0500-s707,n50000-w1024-m0500,50000,1024,0.5,707,747.6486999657936,365.5947999795899,0.7154075989728048,late,hash_projection,770.3338000000001,336.40440000000007,433.92940000000004,0.5633004809084062,0.16949999999999998,0.6452,-0.4757,-0.7372907625542467,3.5322,0.6801,2.8521,0.8074571088839817,16.6788,11.913899999999998,4.764900000000001,0.28568602057702,4.413700000000001,0,4.413700000000001,1.0,3.9307000000000003,2.0484,1.8823000000000003,0.4788714478337192,0.0262,0.0348,-0.008599999999999997,-0.24712643678160912,2.5565000000000007,2.3917,0.1648000000000005,0.06446313318990826
20260717T120435635390Z/mask_fragment-n50000-w1024-m0500-s808,n50000-w1024-m0500,50000,1024,0.5,808,804.4952999916859,377.60200002230704,0.7563743933405004,late,hash_projection,926.4314999999998,352.4001,574.0313999999998,0.6196155894958235,0.1939,0.6337,-0.4398000000000001,-0.6940192520119931,3.8697,0.6815,3.1882,0.8238881567046542,18.5279,12.546399999999997,5.981500000000002,0.32283745054755275,4.400399999999999,0,4.400399999999999,1.0,3.5523000000000002,2.5483999999999996,1.0039000000000007,0.28260563578526604,0.045200000000000004,0.0349,0.010300000000000004,0.22787610619469031,3.7569999999999997,3.025699999999999,0.7313000000000005,0.19464998669150935
20260717T120435635390Z/mask_fragment-n50000-w1024-m0500-s909,n50000-w1024-m0500,50000,1024,0.5,909,833.2007999997586,390.0736000505276,0.7589392301427393,late,hash_projection,738.2721,327.97389999999996,410.29820000000007,0.5557547142848823,0.18749999999999997,0.768,-0.5805,-0.755859375,2.6312999999999995,0.7887000000000001,1.8425999999999996,0.7002622277961463,14.793699999999998,12.899899999999999,1.8937999999999988,0.12801395188492393,4.5225,0,4.5225,1.0,3.6622,2.1624,1.4998,0.40953525203429636,0.0342,0.0398,-0.005600000000000001,-0.14070351758793972,2.6818,2.8508000000000004,-0.16900000000000048,-0.05928160516346305
20260717T120435635390Z/mask_fragment-n50000-w1024-m1000-s707,n50000-w1024-m1000,50000,1024,1.0,707,915.7461000140756,889.5467999973334,0.029027023314140383,tie,hash_projection,719.3311,1151.4164999999998,-432.0853999999998,-0.37526420717438036,0.26559999999999995,1.3551,-1.0895000000000001,-0.8039997048188327,3.9606,1.155,2.8056,0.7083775185577943,38.0713,31.649200000000004,6.422099999999997,0.16868612314262965,4.4539,0,4.4539,1.0,2.611999999999999,3.2636000000000003,-0.6516000000000011,-0.19965682068881022,0.0335,0.037200000000000004,-0.003700000000000002,-0.09946236559139789,6.087199999999999,7.103000000000001,-1.0158000000000014,-0.14300999577643267
20260717T120435635390Z/mask_fragment-n50000-w1024-m1000-s808,n50000-w1024-m1000,50000,1024,1.0,808,942.4228999996558,928.2006000285037,0.01520623901218022,tie,hash_projection,882.8801000000001,821.6125000000001,61.267600000000016,0.06939515343023363,0.4413,1.5872,-1.1459,-0.7219632056451613,5.543200000000001,1.0031,4.540100000000001,0.8190395439457353,38.0313,39.73069999999999,-1.69939999999999,-0.04277296901388575,10.048399999999997,0,10.048399999999997,1.0,3.9553000000000003,3.7531,0.20220000000000038,0.051121280307435686,0.04049999999999999,0.0324,0.00809999999999999,0.1999999999999998,7.079700000000001,6.4057,0.6740000000000004,0.09520177408647264
20260717T120435635390Z/mask_fragment-n50000-w1024-m1000-s909,n50000-w1024-m1000,50000,1024,1.0,909,862.7486999612302,901.7353999661282,-0.04419767375236712,early,hash_projection,1212.0413,907.5569999999998,304.4843000000003,0.25121610955006257,0.5422,1.6610999999999998,-1.1188999999999998,-0.6735897898982601,6.605100000000001,1.3006,5.304500000000001,0.8030915504685773,52.596800000000016,48.6686,3.928200000000018,0.07468515194840783,8.044400000000001,0,8.044400000000001,1.0,5.209499999999999,5.208499999999999,0.001000000000000334,0.00019195700163169863,0.0656,0.039999999999999994,0.02560000000000001,0.3902439024390245,8.660400000000003,8.6323,0.028100000000002012,0.003244653826613321
20260717T120435635390Z/mask_fragment-n50000-w2048-m0100-s707,n50000-w2048-m0100,50000,2048,0.1,707,1520.1151999644935,145.6406000070274,2.345399457324451,late,hash_projection,1556.1187,133.4366,1422.6821,0.9142503717743383,0.052099999999999994,0.3124,-0.26030000000000003,-0.8332266325224073,2.8558,0.5226999999999999,2.3331,0.8169689754184467,4.1613,3.1852,0.9760999999999997,0.23456612116405925,7.0573000000000015,0,7.0573000000000015,1.0,6.339999999999999,0.7329000000000001,5.607099999999999,0.8844006309148265,0.0356,0.039799999999999995,-0.004199999999999995,-0.10552763819095468,0.787,1.02,-0.23299999999999998,-0.2284313725490196
20260717T120435635390Z/mask_fragment-n50000-w2048-m0100-s808,n50000-w2048-m0100,50000,2048,0.1,808,1712.7268000040203,167.86220000358298,2.3226985945757637,late,hash_projection,1544.8552000000002,140.3825,1404.4727000000003,0.9091290238722698,0.046799999999999994,0.2618,-0.21499999999999997,-0.8212375859434683,3.8375000000000004,0.419,3.4185000000000003,0.890814332247557,4.9247,3.3074000000000003,1.6172999999999993,0.32840579121570845,9.832899999999999,0,9.832899999999999,1.0,6.4233,0.8022,5.6211,0.8751109242912521,0.03609999999999999,0.0309,0.005199999999999993,0.1440443213296397,0.9126,0.6475,0.2651,0.29048871356563666
20260717T120435635390Z/mask_fragment-n50000-w2048-m0100-s909,n50000-w2048-m0100,50000,2048,0.1,909,1438.4718000073917,137.08329998189583,2.3507478089323937,late,hash_projection,1534.9693000000007,198.6466,1336.3227000000006,0.8705859459208728,0.0421,0.23939999999999997,-0.19729999999999998,-0.8241436925647452,3.3024,0.621,2.6814,0.8119549418604651,5.604399999999999,3.0803000000000003,2.524099999999999,0.45037827421311816,9.550699999999999,0,9.550699999999999,1.0,5.411699999999999,1.3487,4.062999999999999,0.7507807158563852,0.0318,0.036,-0.004199999999999995,-0.11666666666666654,0.6849999999999999,0.8162,-0.1312000000000001,-0.1607449154618967
20260717T120435635390Z/mask_fragment-n50000-w2048-m0500-s707,n50000-w2048-m0500,50000,2048,0.5,707,1444.4567000027746,645.4601000295952,0.8055251478151035,late,hash_projection,1551.7429999999997,755.7167000000001,796.0262999999997,0.5129884910065647,0.2012,0.9222000000000001,-0.7210000000000001,-0.7818260680980265,4.3527000000000005,0.9557999999999999,3.3969000000000005,0.7804121579709147,19.9027,15.571500000000002,4.331199999999997,0.21761871504871186,7.4349,0,7.4349,1.0,5.283099999999998,3.8305000000000007,1.4525999999999977,0.27495220609112037,0.0323,0.0654,-0.0331,-0.5061162079510703,3.1546000000000003,2.6507,0.5039000000000002,0.15973499017308065
20260717T120435635390Z/mask_fragment-n50000-w2048-m0500-s808,n50000-w2048-m0500,50000,2048,0.5,808,1358.2352000521496,585.8700000098906,0.8408435670569684,late,hash_projection,1516.6541999999997,779.5489999999999,737.1051999999999,0.48600742344563447,0.1647,0.6194999999999999,-0.4547999999999999,-0.734140435835351,2.8838000000000004,0.7023999999999999,2.1814000000000004,0.7564324849157362,16.357499999999998,12.533,3.8244999999999987,0.2338071221152376,5.210299999999999,0,5.210299999999999,1.0,4.626,2.5038,2.1222000000000003,0.4587548638132296,0.0275,0.0267,0.0007999999999999986,0.029090909090909042,3.2536000000000005,2.5273000000000008,0.7262999999999997,0.22322965330710587
20260717T120435635390Z/mask_fragment-n50000-w2048-m0500-s909,n50000-w2048-m0500,50000,2048,0.5,909,1330.1187999895774,689.5523000275716,0.6569809940637114,late,hash_projection,1282.5781,581.6999999999999,700.8781,0.5464603675986671,0.16549999999999998,0.5844,-0.41890000000000005,-0.7168035592060233,3.2057,0.6847,2.5210000000000004,0.7864117041519794,16.9009,10.8062,6.0947,0.3606139318024484,4.633900000000001,0,4.633900000000001,1.0,3.1894,2.6496,0.5398000000000001,0.16924813444535025,0.047599999999999996,0.0324,0.015199999999999998,0.31932773109243695,3.2820000000000005,2.1818000000000004,1.1002,0.3352224253503961
20260717T120435635390Z/mask_fragment-n50000-w2048-m1000-s707,n50000-w2048-m1000,50000,2048,1.0,707,1345.4186000162736,1189.047300023958,0.12355279314430824,late,hash_projection,1368.4981000000002,1325.0496999999998,43.44840000000045,0.031748966257242474,0.3054,1.0461,-0.7407,-0.7080585030111844,3.8283,1.046,2.7823,0.7267716741112243,31.8523,27.4127,4.439599999999999,0.13938082964181547,4.787100000000001,0,4.787100000000001,1.0,3.7222999999999997,4.005599999999999,-0.28329999999999966,-0.07072598362292783,0.028399999999999998,0.026399999999999993,0.0020000000000000052,0.07042253521126779,6.1175999999999995,4.936300000000001,1.1812999999999985,0.19309860075846713
20260717T120435635390Z/mask_fragment-n50000-w2048-m1000-s808,n50000-w2048-m1000,50000,2048,1.0,808,1340.037299960386,1160.5920000001788,0.14376722960236266,late,hash_projection,1337.3681000000004,1167.9179000000001,169.45020000000022,0.12670423348665202,0.3034,1.1279,-0.8244999999999999,-0.7310045216774537,3.8366000000000002,0.9909999999999999,2.8456,0.7416983787728718,30.546,28.6584,1.887599999999999,0.06179532508348062,5.033799999999999,0,5.033799999999999,1.0,4.0615,3.2384000000000004,0.8230999999999993,0.20265911609011433,0.033600000000000005,0.029700000000000004,0.0039000000000000007,0.11607142857142858,5.619399999999999,4.9328,0.6865999999999985,0.12218386304587656
20260717T120435635390Z/mask_fragment-n50000-w2048-m1000-s909,n50000-w2048-m1000,50000,2048,1.0,909,1514.802600024268,1389.5344999618828,0.08631633451829432,late,hash_projection,1352.6200000000001,1301.9627999999996,50.65720000000056,0.03745116884269089,0.30000000000000004,0.9866,-0.6866,-0.6959254003648895,3.8516,0.9016000000000001,2.9499999999999997,0.7659154637033959,31.844599999999993,26.291499999999996,5.553099999999997,0.17438121376936744,4.4655,0,4.4655,1.0,3.998699999999999,3.7876,0.21109999999999918,0.05279215745117144,0.0262,0.0274,-0.0011999999999999997,-0.04379562043795619,5.1219,5.1175,0.004400000000000404,0.0008590562096097939
20260717T120435635390Z/mask_fragment-n50000-w256-m0100-s707,n50000-w256-m0100,50000,256,0.1,707,245.9853999898769,30.179399996995926,2.0981126122096243,late,hash_projection,236.5456,21.5021,215.0435,0.9090995562800576,0.039,0.1435,-0.10449999999999998,-0.7282229965156793,3.0218000000000003,0.7277,2.2941000000000003,0.7591832682507115,4.1629,2.5384000000000007,1.624499999999999,0.3902327704244635,6.133500000000001,0,6.133500000000001,1.0,3.0858,0.5331999999999999,2.5526,0.8272085034674963,0.0568,0.0291,0.027700000000000002,0.4876760563380282,0.7287999999999999,0.6699999999999999,0.05879999999999996,0.0806805708013172
20260717T120435635390Z/mask_fragment-n50000-w256-m0100-s808,n50000-w256-m0100,50000,256,0.1,808,245.07050000829622,32.01919997809455,2.035210202099502,late,hash_projection,243.1431,20.8932,222.2499,0.9140703560989393,0.034,0.1354,-0.10139999999999999,-0.7488921713441654,3.3014,0.7563,2.5451,0.7709153692372933,3.6628,2.6332999999999998,1.0295,0.2810691274434859,6.138499999999999,0,6.138499999999999,1.0,3.2391,0.5588,2.6803,0.827482942792751,0.061,0.0251,0.0359,0.5885245901639344,0.7691000000000001,0.8627,-0.0935999999999999,-0.10849658050307164
20260717T120435635390Z/mask_fragment-n50000-w256-m0100-s909,n50000-w256-m0100,50000,256,0.1,909,243.58070001471788,29.618100030347705,2.1070626425549674,late,hash_projection,236.4861,20.3603,216.1258,0.9139048764388267,0.039099999999999996,0.14350000000000002,-0.10440000000000002,-0.7275261324041813,2.8485,0.5915,2.257,0.7923468492188872,3.356,2.1059,1.2500999999999998,0.37249702026221687,5.7863999999999995,0,5.7863999999999995,1.0,2.9039,0.5266,2.3773,0.8186576672750439,0.039799999999999995,0.0287,0.011099999999999995,0.278894472361809,0.6233000000000002,0.5729,0.05040000000000022,0.08085993903417328
20260717T120435635390Z/mask_fragment-n50000-w256-m0500-s707,n50000-w256-m0500,50000,256,0.5,707,256.7846999736503,131.85990002239123,0.6664979950244377,late,hash_projection,237.85999999999993,107.8486,130.01139999999992,0.5465879088539476,0.15439999999999998,0.6457999999999999,-0.49139999999999995,-0.7609166924744503,3.4717000000000002,0.8828999999999999,2.5888000000000004,0.7456865512573092,15.817599999999997,14.320400000000001,1.4971999999999959,0.09465405624114885,5.827399999999999,0,5.827399999999999,1.0,2.6636000000000006,1.6795,0.9841000000000006,0.369462381739,0.0513,0.029199999999999997,0.0221,0.4307992202729045,3.3648000000000002,3.5250999999999997,-0.16029999999999944,-0.04547388726560933
20260717T120435635390Z/mask_fragment-n50000-w256-m0500-s808,n50000-w256-m0500,50000,256,0.5,808,260.8315999968909,137.95100001152605,0.6369764386209508,late,hash_projection,277.43989999999997,117.64359999999999,159.79629999999997,0.5759672635406803,0.20179999999999998,0.7899000000000002,-0.5881000000000002,-0.7445246233700469,4.2302,0.8496,3.3806,0.7991584322254267,18.7856,15.120700000000005,3.664899999999994,0.19509092070522072,4.664200000000001,0,4.664200000000001,1.0,2.8625,2.0635,0.7989999999999999,0.27912663755458517,0.031700000000000006,0.048,-0.016299999999999995,-0.33958333333333324,3.1881999999999997,3.4917,-0.3035000000000001,-0.08692041126099039
20260717T120435635390Z/mask_fragment-n50000-w256-m0500-s909,n50000-w256-m0500,50000,256,0.5,909,237.80230002012104,131.1814000364393,0.5948585578427827,late,hash_projection,252.07859999999994,98.59620000000001,153.48239999999993,0.608867234267407,0.1326,0.6705000000000001,-0.5379,-0.8022371364653244,3.3234,0.6116999999999999,2.7117,0.8159415056869471,12.737300000000003,12.047100000000002,0.6902000000000008,0.054187308142228,4.503800000000002,0,4.503800000000002,1.0,2.4205,1.866,0.5545,0.229084899814088,0.0345,0.031099999999999996,0.003400000000000007,0.09855072463768136,2.5462,2.3285,0.21769999999999978,0.08549996072578737
20260717T120435635390Z/mask_fragment-n50000-w256-m1000-s707,n50000-w256-m1000,50000,256,1.0,707,272.08170003723353,261.7047000094317,0.038885620072097025,late,hash_projection,227.3451,185.6873,41.65780000000001,0.18323597033760572,0.29480000000000006,0.9878000000000002,-0.6930000000000002,-0.7015590200445434,3.5638,0.8825999999999999,2.6812,0.7523430046579493,30.6013,24.957200000000007,5.644099999999991,0.1844398767372625,3.6618,0,3.6618,1.0,2.6203999999999996,2.3598000000000003,0.2605999999999993,0.09945046557777412,0.025199999999999997,0.026699999999999998,-0.0015000000000000013,-0.05617977528089893,5.8224,4.585699999999999,1.2367000000000008,0.2124038197306954
20260717T120435635390Z/mask_fragment-n50000-w256-m1000-s808,n50000-w256-m1000,50000,256,1.0,808,253.0953999958001,650.9491000324488,-0.9446649590628377,early,hash_projection,227.42900000000003,250.84329999999994,-23.414299999999912,-0.09334233762671723,0.3348,1.0449000000000002,-0.7101000000000002,-0.6795865633074936,3.535499999999999,1.0195000000000003,2.5159999999999987,0.7116390892377314,32.5617,25.1966,7.365100000000002,0.22618905032599654,4.361399999999999,0,4.361399999999999,1.0,3.0655,2.5779,0.48760000000000003,0.15906051215136194,0.022999999999999996,0.033,-0.010000000000000005,-0.3030303030303032,5.9099,5.157399999999999,0.7525000000000013,0.1273287196060849
20260717T120435635390Z/mask_fragment-n50000-w256-m1000-s909,n50000-w256-m1000,50000,256,1.0,909,337.7394999843091,351.41889995429665,-0.03970407080944348,early,hash_projection,213.78640000000001,638.1039,-424.31749999999994,-0.6649661598996652,0.364,1.053,-0.689,-0.654320987654321,6.4199,0.9074,5.5125,0.85865823455194,34.7004,26.741099999999996,7.959300000000006,0.22937199571186515,4.7692000000000005,0,4.7692000000000005,1.0,2.6228000000000007,2.7135000000000002,-0.09069999999999956,-0.03342546526626112,0.030000000000000002,0.040600000000000004,-0.010600000000000002,-0.26108374384236455,5.270300000000001,4.7642,0.5061000000000009,0.09602868906893361
20260717T120435635390Z/mask_fragment-n50000-w512-m0100-s707,n50000-w512-m0100,50000,512,0.1,707,658.5927999694832,84.91489995503798,2.0484558595772664,late,hash_projection,840.6832999999999,58.2456,782.4377,0.930716358942779,0.0419,0.24110000000000004,-0.19920000000000004,-0.8262131895479055,2.4987999999999997,0.5876000000000001,1.9111999999999996,0.7648471266207779,3.6772000000000005,2.8208,0.8564000000000003,0.23289459371260746,6.795399999999999,0,6.795399999999999,1.0,3.4111000000000002,0.6486000000000001,2.7625,0.809856058163056,0.0291,0.041400000000000006,-0.012300000000000005,-0.2971014492753624,0.7528000000000001,0.7091000000000001,0.04370000000000007,0.05804994686503728
20260717T120435635390Z/mask_fragment-n50000-w512-m0100-s808,n50000-w512-m0100,50000,512,0.1,808,379.9659999785945,42.58559999288991,2.1885656071819253,late,hash_projection,606.1840000000001,53.195,552.989,0.9122461166906417,0.0544,0.22249999999999998,-0.16809999999999997,-0.755505617977528,3.3387999999999995,0.6441999999999999,2.6945999999999994,0.8070564274589672,4.356400000000001,3.206,1.1504000000000008,0.2640712514920578,6.402299999999999,0,6.402299999999999,1.0,3.4610000000000003,0.7305,2.7305,0.7889338341519792,0.08430000000000001,0.0344,0.049900000000000014,0.5919335705812575,0.9705999999999999,0.7033,0.26729999999999987,0.27539666185864403
20260717T120435635390Z/mask_fragment-n50000-w512-m0100-s909,n50000-w512-m0100,50000,512,0.1,909,419.39280001679435,57.95300001045689,1.979175613586109,late,hash_projection,393.74390000000005,73.4048,320.33910000000003,0.8135722229601525,0.036199999999999996,0.202,-0.1658,-0.8207920792079207,2.3317000000000005,0.5573,1.7744000000000004,0.7609898357421624,3.4609,4.047000000000001,-0.5861000000000005,-0.14482332592043498,3.98,0,3.98,1.0,2.6154,0.764,1.8514000000000002,0.7078840712701691,0.0305,0.042800000000000005,-0.012300000000000005,-0.2873831775700936,0.7052,0.8366,-0.13139999999999996,-0.15706430791298107
20260717T120435635390Z/mask_fragment-n50000-w512-m0500-s707,n50000-w512-m0500,50000,512,0.5,707,421.640100015793,232.8589999815449,0.5937189864990061,late,hash_projection,461.593,232.18820000000005,229.40479999999997,0.4969850062717588,0.18810000000000002,0.9602,-0.7721,-0.8041033118100396,4.2824,1.2515000000000003,3.0309,0.7077573323370072,19.519499999999997,14.580200000000003,4.939299999999994,0.2530443915059297,4.457799999999999,0,4.457799999999999,1.0,3.221800000000001,2.3478000000000003,0.8740000000000006,0.2712769259420201,0.067,0.08360000000000001,-0.016600000000000004,-0.19856459330143544,3.4905000000000004,3.3961,0.09440000000000026,0.02704483598338354
20260717T120435635390Z/mask_fragment-n50000-w512-m0500-s808,n50000-w512-m0500,50000,512,0.5,808,420.9797000512481,204.99240001663566,0.7196117087526482,late,hash_projection,396.30350000000004,189.2524,207.05110000000005,0.5224558955447025,0.1489,0.7812,-0.6323,-0.8093958013312852,3.3436999999999997,0.7208999999999999,2.6228,0.7844005144002153,14.059099999999997,13.2086,0.8504999999999967,0.06049462625630352,4.077,0,4.077,1.0,2.8216999999999994,2.1732,0.6484999999999994,0.2298259914236097,0.0467,0.0344,0.012299999999999998,0.2633832976445396,3.0371,2.7214,0.3157000000000001,0.10394784498370158
20260717T120435635390Z/mask_fragment-n50000-w512-m0500-s909,n50000-w512-m0500,50000,512,0.5,909,436.1164000001736,244.62799995671958,0.5781704910626867,late,hash_projection,457.4056,193.31629999999996,264.08930000000004,0.5773635040760324,0.18830000000000002,0.6294,-0.44109999999999994,-0.7008261836669843,3.4148,0.7068,2.708,0.7930186248096521,17.880300000000002,11.602100000000004,6.278199999999998,0.3511238625750126,4.614999999999999,0,4.614999999999999,1.0,2.6392999999999995,2.1290000000000004,0.5102999999999991,0.1933467207214031,0.029500000000000002,0.023500000000000004,0.005999999999999998,0.2033898305084745,3.6759000000000004,2.5866,1.0893000000000006,0.29633559128376735
20260717T120435635390Z/mask_fragment-n50000-w512-m1000-s707,n50000-w512-m1000,50000,512,1.0,707,437.3885000240989,386.25759998103604,0.12431731188362295,late,hash_projection,465.94599999999997,344.0556,121.89039999999994,0.2615976958703368,0.30169999999999997,0.9271,-0.6254000000000001,-0.6745766368245065,3.5463,0.9256,2.6207000000000003,0.7389955728505767,34.142999999999994,24.161,9.981999999999992,0.29235860937820324,4.577300000000001,0,4.577300000000001,1.0,3.6546,2.4894000000000003,1.1651999999999996,0.31883106222295177,0.033800000000000004,0.0278,0.006000000000000005,0.1775147928994084,6.7336,4.291300000000001,2.4422999999999995,0.36270345728882014
20260717T120435635390Z/mask_fragment-n50000-w512-m1000-s808,n50000-w512-m1000,50000,512,1.0,808,518.7541999621317,482.24839998874813,0.07297083384890747,late,hash_projection,385.9568,454.26370000000003,-68.30690000000004,-0.15036838734858196,0.3046,1.0518999999999998,-0.7472999999999999,-0.710428747979846,4.000599999999999,1.3848,2.6157999999999983,0.6538519222116681,34.08369999999999,27.428500000000003,6.65519999999999,0.19526049108518123,5.321599999999999,0,5.321599999999999,1.0,2.9443999999999995,2.6374000000000004,0.30699999999999905,0.10426572476565654,0.0335,0.047799999999999995,-0.014299999999999993,-0.29916317991631786,6.6663,4.8605,1.8057999999999996,0.2708848986694268
20260717T120435635390Z/mask_fragment-n50000-w512-m1000-s909,n50000-w512-m1000,50000,512,1.0,909,466.25749999657273,476.95779998321086,-0.022689960725613117,tie,hash_projection,503.25960000000003,363.41399999999993,139.8456000000001,0.2778796470052436,0.3781,1.076,-0.6979000000000001,-0.6486059479553904,3.9036999999999997,0.9943999999999998,2.9093,0.7452673105002946,38.3313,29.4972,8.8341,0.23046700738039147,4.832000000000001,0,4.832000000000001,1.0,3.5059,2.7379,0.7680000000000002,0.2190593000370804,0.0337,0.043699999999999996,-0.009999999999999995,-0.22883295194508,6.253000000000002,6.0798,0.17320000000000224,0.027698704621781894
20260717T134222171980Z/mask_fragment-n100000-w128-m0900-s1111,n100000-w128-m0900,100000,128,0.9,1111,466.1919999634847,412.4539000331424,0.12247312432494613,late,hash_projection,311.8997999999999,345.98990000000003,-34.09010000000012,-0.0985291767187427,0.7799999999999998,4.432,-3.6520000000000006,-0.8240072202166066,7.794,2.3022000000000005,5.4918,0.7046189376443418,95.5992,79.381,16.218199999999996,0.16964786316203478,14.631699999999999,0,14.631699999999999,1.0,5.619199999999998,7.862100000000001,-2.2429000000000023,-0.2852800142455581,0.041999999999999996,0.0741,-0.032100000000000004,-0.43319838056680166,15.771599999999996,16.2459,-0.47430000000000305,-0.029195058445515672
20260717T134222171980Z/mask_fragment-n100000-w128-m0900-s1222,n100000-w128-m0900,100000,128,0.9,1222,464.82639998430386,457.3048999882303,0.01631365686645425,tie,materialization,357.1322,350.2885,6.8437000000000126,0.0191629318218856,0.6952,4.040900000000001,-3.345700000000001,-0.8279591180182633,6.0462,2.1819,3.8642999999999996,0.639128708941153,76.1919,74.24670000000002,1.9451999999999856,0.025530272903024936,12.7217,0,12.7217,1.0,6.205799999999999,7.320899999999999,-1.1151,-0.15231733803220918,0.0337,0.0399,-0.006199999999999997,-0.1553884711779448,14.731000000000002,12.157499999999999,2.573500000000003,0.17469961306089216
20260717T134222171980Z/mask_fragment-n100000-w128-m0900-s1333,n100000-w128-m0900,100000,128,0.9,1333,541.244900028687,517.4502999871038,0.04495837483726129,late,hash_projection,348.20770000000005,336.0503,12.157400000000052,0.0349142193007221,0.7469999999999999,3.4237,-2.6767000000000003,-0.7818149954727343,6.361700000000001,1.3268,5.0349,0.7914393951302324,67.5204,63.022800000000004,4.497599999999991,0.06661097979277361,11.882800000000001,0,11.882800000000001,1.0,5.752999999999999,6.120999999999999,-0.36799999999999944,-0.06012089527854918,0.07060000000000001,0.029800000000000004,0.0408,0.5779036827195467,11.228900000000001,11.550600000000001,-0.3216999999999999,-0.027851367028552617
20260717T134222171980Z/mask_fragment-n100000-w128-m0900-s1444,n100000-w128-m0900,100000,128,0.9,1444,442.4773000064306,453.6674999981187,-0.024975387150538035,tie,hash_projection,519.9409,310.04419999999993,209.89670000000012,0.4036933813054524,0.8552,3.1834000000000007,-2.3282000000000007,-0.7313564113840548,7.2965,1.6359000000000004,5.6606,0.7757966148153224,70.75569999999999,64.30380000000001,6.451899999999981,0.09118558646158517,12.026299999999999,0,12.026299999999999,1.0,6.913700000000001,7.269700000000001,-0.35599999999999987,-0.04897038392230763,0.0352,0.043699999999999996,-0.008499999999999994,-0.19450800915331795,13.502799999999997,11.554300000000001,1.9484999999999957,0.14430340373848358
20260717T134222171980Z/mask_fragment-n100000-w128-m0900-s1555,n100000-w128-m0900,100000,128,0.9,1555,462.7727000042796,434.67270000837743,0.06264267071529057,late,hash_projection,359.8295,419.24999999999983,-59.420499999999834,-0.14173047107930795,0.8051999999999999,3.7542000000000004,-2.9490000000000007,-0.7855202173565607,8.103099999999998,1.7256999999999998,6.377399999999998,0.7870321235082869,81.41489999999999,83.79159999999999,-2.3766999999999996,-0.02836441839038758,11.315199999999999,0,11.315199999999999,1.0,5.5886000000000005,8.2895,-2.7009,-0.32582182278786415,0.05670000000000001,0.0374,0.019300000000000005,0.34038800705467376,14.598,13.891099999999994,0.7069000000000063,0.04842444170434349
20260717T134222171980Z/mask_fragment-n100000-w128-m1000-s1111,n100000-w128-m1000,100000,128,1.0,1111,476.53270000591874,502.2012999979779,-0.052464689180666386,early,hash_projection,347.96900000000005,310.03170000000006,37.93729999999999,0.10902494187700625,0.7664000000000001,2.8432,-2.0768,-0.7304445694991559,6.594099999999999,1.5466000000000002,5.047499999999999,0.7654569994388923,78.4135,78.81110000000001,-0.3976000000000113,-0.005044974629208465,8.694500000000001,0,8.694500000000001,1.0,5.3527,5.853799999999998,-0.5010999999999983,-0.08560251460589677,0.08750000000000001,0.027700000000000002,0.059800000000000006,0.6834285714285714,15.805799999999998,15.7436,0.062199999999997146,0.003935264270077892
20260717T134222171980Z/mask_fragment-n100000-w128-m1000-s1222,n100000-w128-m1000,100000,128,1.0,1222,448.72689998010173,463.2740000379272,-0.031904209674396326,early,hash_projection,336.9982,351.8269000000001,-14.828700000000083,-0.04214771525429147,0.6954000000000002,3.2077,-2.5122999999999998,-0.7832091529756523,6.5322000000000005,1.5710999999999997,4.961100000000001,0.7594837880040416,82.2637,72.46570000000001,9.797999999999988,0.11910478133125531,10.697399999999998,0,10.697399999999998,1.0,4.651400000000001,5.071199999999999,-0.4197999999999986,-0.08278119577220355,0.0253,0.029699999999999997,-0.004399999999999998,-0.14814814814814808,13.879499999999997,13.045600000000002,0.8338999999999945,0.06008141503656434
20260717T134222171980Z/mask_fragment-n100000-w128-m1000-s1333,n100000-w128-m1000,100000,128,1.0,1333,476.0322999791242,498.86829999741167,-0.046856424027301245,early,hash_projection,358.5787000000002,388.86650000000003,-30.287799999999834,-0.07788739837450598,0.6512,3.5581000000000014,-2.906900000000001,-0.8169809729912032,5.562899999999999,1.6421000000000001,3.920799999999999,0.7048122382210716,73.21610000000001,82.4306,-9.214499999999987,-0.11178494394072089,10.739500000000003,0,10.739500000000003,1.0,7.315700000000001,5.07,2.245700000000001,0.30696994135899514,0.04270000000000001,0.0304,0.012300000000000009,0.2880562060889931,12.878999999999996,14.4767,-1.5977000000000032,-0.11036354970400736
20260717T134222171980Z/mask_fragment-n100000-w128-m1000-s1444,n100000-w128-m1000,100000,128,1.0,1444,480.7791000348516,468.9545000437647,0.024902164222725752,tie,hash_projection,350.109,305.4735,44.63549999999998,0.12749029587928326,0.7678,3.991199999999999,-3.223399999999999,-0.8076267789136098,7.5261000000000005,1.7183000000000002,5.8078,0.771687859581988,73.1021,77.04159999999999,-3.9394999999999953,-0.05113471163631072,10.281900000000004,0,10.281900000000004,1.0,5.3293,5.817,-0.48770000000000024,-0.08384046759498028,0.025500000000000002,0.030099999999999995,-0.004599999999999993,-0.1528239202657805,12.170700000000002,12.393699999999997,-0.22299999999999542,-0.01799301257897121
20260717T134222171980Z/mask_fragment-n100000-w128-m1000-s1555,n100000-w128-m1000,100000,128,1.0,1555,442.5107999704778,462.20790001098067,-0.043549919022771104,early,hash_projection,375.5358000000001,340.20629999999994,35.329500000000166,0.09407758195090896,0.7868999999999999,2.7502000000000004,-1.9633000000000005,-0.7138753545196713,6.0371999999999995,1.9024999999999996,4.1347,0.6848704697541906,76.27319999999999,68.6957,7.577499999999986,0.09934682168835171,12.994100000000001,0,12.994100000000001,1.0,6.017400000000001,5.585399999999999,0.43200000000000216,0.07179180376907005,0.025100000000000004,0.05660000000000001,-0.03150000000000001,-0.5565371024734983,13.069599999999998,11.968400000000003,1.101199999999995,0.0842565954581621
20260717T134222171980Z/mask_fragment-n100000-w256-m0900-s1111,n100000-w256-m0900,100000,256,0.9,1111,602.6782999979332,573.2182000065222,0.05011710816016828,late,hash_projection,515.7152000000001,678.9843999999998,-163.26919999999973,-0.24046090013260948,0.6224000000000002,4.260100000000001,-3.637700000000001,-0.853900143189127,6.978,1.5556,5.4224,0.7770707939237603,67.82939999999998,61.18259999999999,6.646799999999992,0.09799290573114304,15.4944,0,15.4944,1.0,6.938399999999997,9.538599999999999,-2.600200000000002,-0.27259765584047996,0.0695,0.04510000000000001,0.024399999999999998,0.35107913669064744,15.828999999999999,11.246299999999998,4.582700000000001,0.2895129193252891
20260717T134222171980Z/mask_fragment-n100000-w256-m0900-s1222,n100000-w256-m0900,100000,256,0.9,1222,628.3371999743395,587.6437000115402,0.06695615312641086,late,hash_projection,508.73960000000017,460.1871,48.55250000000018,0.09543684037963658,0.6347,3.6959000000000004,-3.0612000000000004,-0.828269163126708,7.3994,2.8798999999999997,4.519500000000001,0.6107927669811066,62.4481,62.554700000000004,-0.10660000000000736,-0.0017041085641847432,10.6118,0,10.6118,1.0,6.249599999999998,6.868100000000001,-0.6185000000000027,-0.09005401785064321,0.03609999999999999,0.05669999999999999,-0.0206,-0.36331569664903,9.171599999999998,11.966500000000005,-2.7949000000000073,-0.23356035599381658
20260717T134222171980Z/mask_fragment-n100000-w256-m0900-s1333,n100000-w256-m0900,100000,256,0.9,1333,606.3972000265494,562.9049999988638,0.07442434194613015,late,hash_projection,549.5434,455.1216999999999,94.4217000000001,0.17181845874229423,0.7656999999999999,3.0114,-2.2457000000000003,-0.7457328817161454,5.779800000000001,1.3491,4.430700000000001,0.7665836188103395,58.743700000000025,62.562000000000005,-3.8182999999999794,-0.061032256002045635,11.026799999999998,0,11.026799999999998,1.0,8.915099999999999,7.487199999999999,1.4279000000000002,0.16016645915357094,0.04300000000000001,0.035300000000000005,0.0077000000000000055,0.17906976744186054,9.667599999999998,10.002899999999999,-0.33530000000000015,-0.033520279119055495
20260717T134222171980Z/mask_fragment-n100000-w256-m0900-s1444,n100000-w256-m0900,100000,256,0.9,1444,636.4769000210799,564.4229999743402,0.12014415480576429,late,hash_projection,470.79060000000004,686.6983,-215.90769999999998,-0.3144142048990073,0.6112000000000001,3.6888999999999994,-3.077699999999999,-0.8343137520670117,4.9106,2.0738000000000008,2.836799999999999,0.5776890807640612,66.5932,71.84100000000001,-5.247800000000012,-0.07304742417282627,9.637599999999997,0,9.637599999999997,1.0,8.303199999999997,7.4765999999999995,0.8265999999999973,0.0995519799595334,0.0297,0.041999999999999996,-0.012299999999999995,-0.29285714285714276,12.1523,12.4726,-0.3202999999999996,-0.025680291198306657
20260717T134222171980Z/mask_fragment-n100000-w256-m0900-s1555,n100000-w256-m0900,100000,256,0.9,1555,639.2394999857061,699.1055000107735,-0.08952247224490234,early,hash_projection,567.5869,457.73519999999996,109.85170000000005,0.19354164093639237,0.5425,3.3691999999999993,-2.8266999999999993,-0.8389825477858245,7.0124,1.4569,5.5555,0.792239461525298,73.96190000000003,59.49179999999999,14.470100000000038,0.19564262140372315,10.084,0,10.084,1.0,8.7813,8.8786,-0.09730000000000061,-0.01095893496722463,0.053200000000000004,0.0356,0.017600000000000005,0.33082706766917297,11.2474,9.4124,1.8350000000000009,0.16314881661539563
20260717T134222171980Z/mask_fragment-n100000-w256-m1000-s1111,n100000-w256-m1000,100000,256,1.0,1111,626.7233999678865,655.4687999887392,-0.04484540987801293,early,hash_projection,542.5467,569.7142,-27.167500000000018,-0.04768619072510395,0.6820999999999999,3.2848999999999995,-2.6027999999999993,-0.792352887454717,5.7998,2.1698999999999993,3.629900000000001,0.6258664091865238,77.44229999999999,87.14529999999999,-9.703000000000003,-0.1113427803909104,11.210999999999999,0,11.210999999999999,1.0,6.311799999999999,6.8858000000000015,-0.5740000000000025,-0.08335995817479486,0.041299999999999996,0.0324,0.008899999999999998,0.2154963680387409,12.5604,14.6436,-2.0831999999999997,-0.14226009997541586
20260717T134222171980Z/mask_fragment-n100000-w256-m1000-s1222,n100000-w256-m1000,100000,256,1.0,1222,621.8735000002198,636.2467999570072,-0.022849842464963858,tie,hash_projection,553.0956,529.3938,23.701799999999935,0.0428529896097527,0.6224000000000001,3.5242,-2.9017999999999997,-0.8233925429884795,5.4196,2.4945000000000004,2.9250999999999996,0.5397261790538046,72.92200000000001,77.2973,-4.375299999999996,-0.056603529489387024,12.127799999999999,0,12.127799999999999,1.0,6.638399999999998,7.5965,-0.9581000000000017,-0.1261238728361748,0.021799999999999996,0.0415,-0.019700000000000006,-0.474698795180723,11.698,12.0481,-0.3500999999999994,-0.029058523750632833
20260717T134222171980Z/mask_fragment-n100000-w256-m1000-s1333,n100000-w256-m1000,100000,256,1.0,1333,772.2420000354759,743.733000010252,0.03761587298184114,late,hash_projection,637.3195999999999,686.5915000000001,-49.27190000000019,-0.07176304979015934,0.8602,4.194399999999999,-3.334199999999999,-0.7949170322334541,9.354600000000001,1.8808,7.4738000000000016,0.7989438351185514,99.79380000000002,86.32969999999999,13.46410000000003,0.13491920339740573,10.602500000000001,0,10.602500000000001,1.0,7.1748,8.491399999999999,-1.3165999999999984,-0.15505099276915452,0.06820000000000001,0.036000000000000004,0.032200000000000006,0.47214076246334313,14.214100000000002,15.1658,-0.9516999999999989,-0.06275303643724689
20260717T134222171980Z/mask_fragment-n100000-w256-m1000-s1444,n100000-w256-m1000,100000,256,1.0,1444,643.4798000263982,624.3565999902785,0.03016895626956751,tie,hash_projection,533.7342999999998,504.4027,29.331599999999867,0.054955433817912534,0.7154,2.7762,-2.0607999999999995,-0.7423096318709026,5.8144,1.7875000000000003,4.0268999999999995,0.6925736103467253,79.37080000000002,81.28359999999999,-1.9127999999999759,-0.023532422284445766,10.778400000000001,0,10.778400000000001,1.0,6.985199999999997,6.285299999999999,0.6998999999999977,0.10019756055660511,0.03669999999999999,0.057300000000000004,-0.020600000000000014,-0.35951134380453775,12.728799999999998,12.8172,-0.08840000000000181,-0.006896982180195504
20260717T134222171980Z/mask_fragment-n100000-w256-m1000-s1555,n100000-w256-m1000,100000,256,1.0,1555,618.8675999874249,589.3885000259615,0.04880579761961129,late,hash_projection,648.4960999999998,501.3351999999999,147.16089999999997,0.22692642253361278,0.8007,3.586,-2.7853,-0.7767150027886224,8.591800000000001,1.8114000000000001,6.780400000000001,0.7891710700900859,84.76359999999997,69.05590000000001,15.70769999999996,0.1853118555606412,13.869900000000001,0,13.869900000000001,1.0,8.3791,6.6000999999999985,1.7790000000000008,0.21231397166760166,0.04549999999999999,0.06489999999999997,-0.01939999999999998,-0.2989214175654852,17.589900000000004,11.8145,5.775400000000003,0.3283361474482517
20260717T134222171980Z/mask_fragment-n100000-w512-m0900-s1111,n100000-w512-m0900,100000,512,0.9,1111,967.5583999487571,844.2857000045478,0.13628484035664093,late,hash_projection,1093.1848,703.0093999999998,390.1754000000002,0.3569162322783853,0.8985000000000001,3.3954000000000004,-2.4969,-0.73537727513695,7.1183000000000005,2.1482,4.9701,0.6982144613180113,89.85199999999999,60.58419999999999,29.2678,0.3257334283043227,17.729400000000002,0,17.729400000000002,1.0,8.522100000000002,8.593899999999998,-0.07179999999999609,-0.008354763262313514,0.027800000000000002,0.0453,-0.017499999999999998,-0.38631346578366443,17.165799999999994,11.029799999999998,6.135999999999996,0.35745493947267226
20260717T134222171980Z/mask_fragment-n100000-w512-m0900-s1222,n100000-w512-m0900,100000,512,0.9,1222,965.621099981945,877.879700041376,0.0952619528749289,late,hash_projection,862.8473999999997,715.8334000000001,147.01399999999956,0.1703823874302682,0.7792999999999999,3.1004,-2.3211000000000004,-0.7486453360856665,6.9515,1.3816999999999995,5.569800000000001,0.8012371430626485,72.6986,61.8013,10.897300000000001,0.14989697188116416,12.8565,0,12.8565,1.0,8.375600000000004,8.309300000000004,0.06630000000000003,0.007915850804718468,0.030300000000000004,0.0353,-0.004999999999999994,-0.14164305949008482,11.900400000000001,10.693799999999998,1.2066000000000034,0.1013915498638704
20260717T134222171980Z/mask_fragment-n100000-w512-m0900-s1333,n100000-w512-m0900,100000,512,0.9,1333,958.0338000087067,857.8535999986343,0.11044960363782641,late,hash_projection,871.0503000000002,690.4408999999999,180.60940000000028,0.20734669398541075,0.5993,3.0116000000000005,-2.4123000000000006,-0.8010027892150352,7.010999999999999,1.445,5.565999999999999,0.7938953073741263,66.65360000000001,57.56600000000001,9.087600000000002,0.1363407227816652,9.7209,0,9.7209,1.0,6.3911,7.942600000000001,-1.5515000000000017,-0.1953390577392795,0.062499999999999986,0.034,0.028499999999999984,0.45599999999999985,10.2817,9.851000000000003,0.4306999999999981,0.04188995983154518
20260717T134222171980Z/mask_fragment-n100000-w512-m0900-s1444,n100000-w512-m0900,100000,512,0.9,1444,956.0977999935858,889.6647000219673,0.07201555887459837,late,hash_projection,849.9108999999999,790.6925999999999,59.2183,0.06967589190819885,0.7554,3.1353999999999993,-2.3799999999999994,-0.7590738023856605,7.735699999999999,1.5758,6.159899999999999,0.7962950993445971,72.9813,66.3871,6.594200000000001,0.09035465249317291,11.573399999999998,0,11.573399999999998,1.0,7.205700000000001,10.307100000000002,-3.101400000000001,-0.30089938003900224,0.0389,0.032799999999999996,0.006100000000000001,0.1568123393316196,12.5781,10.2925,2.2855999999999987,0.18171265930466438
20260717T134222171980Z/mask_fragment-n100000-w512-m0900-s1555,n100000-w512-m0900,100000,512,0.9,1555,961.1488999798894,841.8878000229597,0.1324825884812233,late,hash_projection,919.666,862.5916,57.07440000000008,0.062059921754202156,0.8044,3.392499999999999,-2.588099999999999,-0.7628887251289608,6.655399999999998,1.6379,5.017499999999998,0.7538990894611893,94.6971,60.314499999999995,34.38260000000001,0.36307975640225526,12.023499999999997,0,12.023499999999997,1.0,7.5584,8.274400000000002,-0.716000000000002,-0.08653195397853643,0.03429999999999999,0.0421,-0.007800000000000008,-0.1852731591448933,14.8831,10.5581,4.325000000000001,0.2905980608878527
20260717T134222171980Z/mask_fragment-n100000-w512-m1000-s1111,n100000-w512-m1000,100000,512,1.0,1111,961.0252000275068,925.9961000061594,0.03713060835891463,late,materialization,831.7855,822.6211000000001,9.164399999999887,0.011017744358371103,0.8235,2.8846,-2.0610999999999997,-0.7145184774318796,9.3151,1.6094000000000002,7.705699999999999,0.8272267608506618,79.5768,70.9632,8.613600000000005,0.10824260337183708,11.654899999999998,0,11.654899999999998,1.0,7.4288000000000025,6.8196999999999965,0.609100000000006,0.08199170794744855,0.1272,0.029500000000000002,0.09770000000000001,0.7680817610062893,12.9262,10.8708,2.0554000000000006,0.15901038201482265
20260717T134222171980Z/mask_fragment-n100000-w512-m1000-s1222,n100000-w512-m1000,100000,512,1.0,1222,1094.7229000157677,1034.757899993565,0.05633378559150171,late,hash_projection,880.7874000000004,771.2565999999998,109.53080000000057,0.12435554822877862,0.9379000000000002,2.3628999999999993,-1.4249999999999992,-0.60307249566211,6.6324000000000005,1.4994999999999996,5.132900000000001,0.7739129123695797,71.7863,59.79920000000002,11.987099999999977,0.16698311516264214,10.2325,0,10.2325,1.0,7.7162,6.4951,1.2210999999999999,0.1582514709312874,0.0715,0.032600000000000004,0.03889999999999999,0.5440559440559439,13.111500000000001,9.946599999999998,3.164900000000003,0.24138351828547477
20260717T134222171980Z/mask_fragment-n100000-w512-m1000-s1333,n100000-w512-m1000,100000,512,1.0,1333,954.4767000479624,979.1363999829628,-0.02550772641897948,tie,hash_projection,850.7396999999997,749.1569999999999,101.58269999999982,0.11940514824922341,0.7535000000000001,2.9162999999999997,-2.1628,-0.7416246613860028,5.9703,1.5371,4.4332,0.7425422508081672,79.31509999999999,62.231300000000005,17.083799999999982,0.21539152065621786,12.680700000000002,0,12.680700000000002,1.0,8.111399999999998,5.964899999999999,2.1464999999999987,0.2646275612101486,0.034499999999999996,0.0364,-0.0019000000000000059,-0.05219780219780236,13.4063,10.192000000000002,3.214299999999998,0.23976041114998156
20260717T134222171980Z/mask_fragment-n100000-w512-m1000-s1444,n100000-w512-m1000,100000,512,1.0,1444,991.522399999667,953.5198999801651,0.03908124445751705,late,hash_projection,919.6777000000002,773.1704000000003,146.50729999999987,0.15930287316958958,0.8519000000000001,2.7749,-1.923,-0.6929979458719233,7.1983000000000015,1.5705,5.6278000000000015,0.7818234861008849,74.5922,67.65060000000001,6.941599999999994,0.09306066854175092,10.454400000000001,0,10.454400000000001,1.0,6.582099999999999,7.877299999999998,-1.2951999999999995,-0.1644218196590202,0.031299999999999994,0.034499999999999996,-0.0032000000000000015,-0.09275362318840585,12.136100000000006,11.691999999999998,0.4441000000000077,0.036593304274026045
20260717T134222171980Z/mask_fragment-n100000-w512-m1000-s1555,n100000-w512-m1000,100000,512,1.0,1555,969.3430999759585,922.7070999913849,0.049306776208827265,late,hash_projection,890.2524999999999,875.5849999999997,14.667500000000246,0.016475662803530737,0.6706000000000001,3.4651999999999985,-2.794599999999998,-0.8064758166916771,7.0211,1.8759,5.1452,0.7328196436455826,69.2953,80.88619999999999,-11.59089999999999,-0.14329885691255112,10.134399999999998,0,10.134399999999998,1.0,5.663700000000001,6.958399999999998,-1.294699999999997,-0.18606288802023416,0.035,0.038900000000000004,-0.0039000000000000007,-0.10025706940874037,10.579399999999998,13.274000000000006,-2.6946000000000083,-0.20299834262468036
20260717T134222171980Z/mask_fragment-n150000-w128-m0900-s1111,n150000-w128-m0900,150000,128,0.9,1111,537.0957999839447,608.1625999649987,-0.12426580328689454,early,hash_projection,506.7085,559.194,-52.485499999999945,-0.09385919734474968,0.9728999999999999,4.1347000000000005,-3.1618000000000004,-0.764698768955426,8.2086,2.0742,6.134400000000001,0.7473137928513999,117.61819999999997,108.7003,8.917899999999975,0.07582074882968773,17.192100000000003,0,17.192100000000003,1.0,8.4535,8.390699999999995,0.06280000000000463,0.007428875613651698,0.0404,0.033900000000000007,0.006499999999999992,0.1608910891089107,18.5476,15.992000000000006,2.555599999999993,0.13778602083288366
20260717T134222171980Z/mask_fragment-n150000-w128-m0900-s1222,n150000-w128-m0900,150000,128,0.9,1222,563.4242999949493,630.0094000180252,-0.11170175444418964,early,hash_projection,618.375,762.6999,-144.32489999999996,-0.18922894837143675,1.3027999999999997,4.2634,-2.9606000000000003,-0.6944222920673642,15.475099999999998,2.427200000000001,13.047899999999997,0.8431544868853835,114.689,124.5715,-9.882500000000007,-0.0793319499243407,27.132499999999997,0,27.132499999999997,1.0,11.781699999999997,8.6576,3.1240999999999968,0.2651654684807793,0.052899999999999996,0.04399999999999999,0.008900000000000005,0.16824196597353508,20.1604,18.563999999999997,1.5964000000000027,0.07918493680680952
20260717T134222171980Z/mask_fragment-n150000-w128-m0900-s1333,n150000-w128-m0900,150000,128,0.9,1333,569.0441000042483,623.2037000008859,-0.09091549611502081,early,materialization,578.4615999999997,586.3069999999999,-7.845400000000154,-0.013381044401653323,1.2672000000000003,4.035000000000001,-2.7678000000000007,-0.6859479553903346,8.9138,2.5354,6.3784,0.7155646301240772,117.73990000000002,118.18180000000001,-0.44189999999998975,-0.0037391544214082856,14.9895,0,14.9895,1.0,8.5564,9.100299999999999,-0.5438999999999989,-0.05976726041998604,0.0348,0.04549999999999999,-0.010699999999999994,-0.23516483516483508,18.689799999999998,18.129299999999997,0.5605000000000011,0.029989620006634698
20260717T134222171980Z/mask_fragment-n150000-w128-m0900-s1444,n150000-w128-m0900,150000,128,0.9,1444,545.7585999974981,608.32230001688,-0.1085280867931289,early,hash_projection,592.6696999999999,473.16810000000004,119.50159999999988,0.20163271380332062,1.0063,3.5465,-2.5402,-0.716255463132666,10.0505,1.7322999999999997,8.3182,0.8276404158997064,110.33550000000001,92.3591,17.976400000000012,0.16292489724522036,17.194499999999998,0,17.194499999999998,1.0,11.1824,7.076600000000001,4.105799999999999,0.3671662612677063,0.0379,0.033499999999999995,0.004400000000000008,0.11609498680738807,18.174599999999998,15.766599999999995,2.408000000000003,0.1324925995620263
20260717T134222171980Z/mask_fragment-n150000-w128-m0900-s1555,n150000-w128-m0900,150000,128,0.9,1555,567.4949999665841,572.7755000116304,-0.00926190372043535,tie,hash_projection,600.4738999999996,466.2568,134.21709999999962,0.22351862420664695,1.0117999999999998,4.1944,-3.1826,-0.7587736028991036,8.741199999999997,2.6507999999999994,6.090399999999998,0.6967464421360912,104.34289999999999,103.04660000000001,1.2962999999999738,0.012423461490910967,21.494100000000003,0,21.494100000000003,1.0,8.2448,7.649000000000002,0.5957999999999979,0.07226372986609716,0.0432,0.037099999999999994,0.006100000000000008,0.1412037037037039,16.4061,16.774799999999995,-0.3686999999999969,-0.02197939766793029
20260717T134222171980Z/mask_fragment-n150000-w128-m1000-s1111,n150000-w128-m1000,150000,128,1.0,1111,667.59769996861,685.384799959138,-0.02629468574595888,tie,hash_projection,520.2768,621.0111999999999,-100.73439999999994,-0.16221027897725507,1.3946,5.1918999999999995,-3.7972999999999995,-0.7313892794545349,13.019900000000002,2.0479000000000007,10.972000000000001,0.8427100054531909,134.3035,123.76610000000002,10.537399999999991,0.07845960827528686,16.8046,0,16.8046,1.0,8.784299999999998,8.8507,-0.06640000000000157,-0.007502231461918443,0.08840000000000002,0.027999999999999997,0.06040000000000002,0.6832579185520363,25.4383,21.228600000000004,4.209699999999998,0.16548668739656336
20260717T134222171980Z/mask_fragment-n150000-w128-m1000-s1222,n150000-w128-m1000,150000,128,1.0,1222,656.1279999441467,625.0592999858782,0.04850936656338465,late,order_by,544.8104999999998,585.0665999999999,-40.25610000000006,-0.06880601285392136,1.5157,4.1061,-2.5904,-0.6308662721317065,17.5691,2.1182999999999996,15.4508,0.8794303635359808,162.94119999999998,121.61909999999999,41.32209999999999,0.25360129911894597,14.999499999999998,0,14.999499999999998,1.0,9.457500000000001,7.798000000000001,1.6595000000000004,0.17546920433518373,0.0362,0.0376,-0.0013999999999999985,-0.037234042553191446,27.13710000000001,18.6924,8.444700000000012,0.31118653061675744
20260717T134222171980Z/mask_fragment-n150000-w128-m1000-s1333,n150000-w128-m1000,150000,128,1.0,1333,586.8204000289552,649.9196999939159,-0.10213000624721619,early,materialization,514.6638000000003,513.8684000000001,0.7954000000001997,0.0015454749294591913,1.3091000000000002,4.7477,-3.4386,-0.7242664869305138,12.7992,2.3350000000000004,10.4642,0.8175667229201825,125.35429999999998,115.5944,9.759899999999988,0.07785851781709913,14.7919,0,14.7919,1.0,8.4363,8.8788,-0.4425000000000008,-0.049837815921070505,0.035300000000000005,0.038400000000000004,-0.0030999999999999986,-0.08072916666666662,20.812300000000004,20.020700000000005,0.791599999999999,0.03803520033826145
20260717T134222171980Z/mask_fragment-n150000-w128-m1000-s1444,n150000-w128-m1000,150000,128,1.0,1444,573.2516000280157,604.867700021714,-0.0536850435809901,early,hash_projection,525.4909000000001,597.4038000000002,-71.91290000000004,-0.12037569898283207,1.6198999999999995,4.4672,-2.8473000000000006,-0.6373791189111749,8.829,2.1393000000000004,6.6897,0.7576962283384301,128.03579999999997,118.46299999999998,9.572799999999987,0.07476658871971736,18.867299999999997,0,18.867299999999997,1.0,9.6882,8.4731,1.2150999999999996,0.1254206147684812,0.0287,0.027999999999999997,0.0007000000000000027,0.02439024390243912,21.359800000000003,19.420099999999994,1.939700000000009,0.09081077538179237
20260717T134222171980Z/mask_fragment-n150000-w128-m1000-s1555,n150000-w128-m1000,150000,128,1.0,1555,568.4333999524824,631.4465999603271,-0.10512922173362459,early,hash_projection,656.1735999999999,981.5020999999997,-325.32849999999985,-0.33145981042730316,1.6103999999999998,5.684000000000001,-4.073600000000001,-0.7166783954961294,12.025599999999997,4.0189,8.006699999999997,0.665804616817456,160.99479999999997,182.4654,-21.47060000000002,-0.11766943212247374,25.097000000000005,0,25.097000000000005,1.0,11.6734,10.250800000000002,1.4225999999999992,0.1218668082992101,0.0306,0.035699999999999996,-0.005099999999999997,-0.1428571428571428,23.759499999999996,21.5714,2.188099999999995,0.09209368884025318
20260717T134222171980Z/mask_fragment-n150000-w256-m0900-s1111,n150000-w256-m0900,150000,256,0.9,1111,805.1660999772139,799.0131999831647,0.007671125250214989,tie,hash_projection,796.5032000000001,829.9074999999999,-33.40429999999981,-0.04025063034133299,1.164,6.0803,-4.916300000000001,-0.8085620775290694,10.406399999999998,2.6795,7.726899999999998,0.7425142220172202,113.76830000000001,126.40360000000001,-12.6353,-0.09995996949453971,15.358700000000004,0,15.358700000000004,1.0,10.245899999999999,12.329400000000001,-2.0835000000000026,-0.16898632536863126,0.032200000000000006,0.0417,-0.009499999999999995,-0.22781774580335717,21.479100000000003,20.518400000000003,0.9606999999999992,0.04472719992923349
20260717T134222171980Z/mask_fragment-n150000-w256-m0900-s1222,n150000-w256-m0900,150000,256,0.9,1222,825.7422999595292,796.0235999780707,0.03665390570367944,late,hash_projection,1221.9035999999996,1064.0752999999997,157.8282999999999,0.1291659178350894,1.3136000000000003,4.2519,-2.9383,-0.6910557633058162,13.361599999999997,2.7456,10.615999999999998,0.7945156268710334,175.70620000000002,100.40679999999999,75.29940000000003,0.4285528911330393,29.591899999999995,0,29.591899999999995,1.0,13.164899999999998,10.691399999999996,2.4735000000000014,0.1878859695098331,0.0323,0.036899999999999995,-0.004599999999999993,-0.12466124661246596,21.866600000000002,14.664400000000006,7.202199999999996,0.32936990661556875
20260717T134222171980Z/mask_fragment-n150000-w256-m0900-s1333,n150000-w256-m0900,150000,256,0.9,1333,815.4662000015378,823.1507999589667,-0.009379441681085109,tie,hash_projection,825.4493,656.7208999999999,168.72840000000008,0.2044079509183666,1.3252999999999993,4.132199999999999,-2.8068999999999997,-0.679274962489715,8.634699999999999,2.0936,6.541099999999998,0.7575364517586018,112.75500000000002,103.00789999999998,9.747100000000046,0.08644494700900221,15.131699999999999,0,15.131699999999999,1.0,10.471599999999997,9.534899999999997,0.9367000000000001,0.08945146873448187,0.052,0.0283,0.0237,0.45576923076923076,25.0402,15.592099999999997,9.448100000000002,0.3773172738236916
20260717T134222171980Z/mask_fragment-n150000-w256-m0900-s1444,n150000-w256-m0900,150000,256,0.9,1444,807.4703000020236,840.0873999926262,-0.039599659797899874,early,hash_projection,848.1236000000002,738.8938999999999,109.22970000000032,0.12878983676435873,1.0281,4.3875,-3.3594,-0.7656752136752136,9.651,2.3287999999999998,7.3222000000000005,0.7586985804579837,107.54910000000001,107.89869999999996,-0.3495999999999526,-0.0032400761084234817,15.344200000000004,0,15.344200000000004,1.0,10.4013,10.717099999999999,-0.31579999999999764,-0.029466926687256596,0.0662,0.035100000000000006,0.03109999999999999,0.4697885196374621,17.1571,16.191699999999997,0.9654000000000025,0.056268250461908045
20260717T134222171980Z/mask_fragment-n150000-w256-m0900-s1555,n150000-w256-m0900,150000,256,0.9,1555,777.2123999893665,764.4565000082366,0.01654854824510996,tie,hash_projection,823.7161999999998,759.2346000000001,64.48159999999973,0.07828133039024818,1.2546,4.2177,-2.9631,-0.7025392986698912,12.743700000000006,2.3579999999999997,10.385700000000007,0.8149673956543235,125.04680000000002,114.16979999999998,10.877000000000038,0.08698343340253438,18.144600000000004,0,18.144600000000004,1.0,10.888799999999998,9.742700000000003,1.1460999999999952,0.10525494085665964,0.031900000000000005,0.044500000000000005,-0.0126,-0.2831460674157303,17.2117,16.632999999999996,0.5787000000000049,0.03362247773317016
20260717T134222171980Z/mask_fragment-n150000-w256-m1000-s1111,n150000-w256-m1000,150000,256,1.0,1111,761.2062999978662,755.2027000347152,0.00791822170788485,tie,order_by,738.1741000000002,737.0994999999999,1.0746000000002596,0.001455754137134125,1.1942000000000004,3.7036,-2.5093999999999994,-0.6775569715952046,11.066199999999998,2.1292999999999997,8.936899999999998,0.8075852596193814,134.21789999999996,106.11889999999998,28.098999999999975,0.20935359590635813,18.8487,0,18.8487,1.0,11.226800000000003,8.711299999999996,2.5155000000000065,0.2240620657711909,0.042800000000000005,0.0314,0.011400000000000007,0.26635514018691603,20.035500000000003,16.723300000000005,3.312199999999997,0.16531656310049644
20260717T134222171980Z/mask_fragment-n150000-w256-m1000-s1222,n150000-w256-m1000,150000,256,1.0,1222,736.2034999532625,816.4084000163712,-0.1034081449637622,early,hash_projection,1061.3104999999996,941.6857000000003,119.62479999999925,0.11271423395886435,1.2176000000000002,5.2334000000000005,-4.0158000000000005,-0.7673405434325677,8.759,2.9809999999999994,5.7780000000000005,0.659664345244891,146.02750000000003,135.39670000000004,10.630799999999994,0.07279998630394954,19.512099999999993,0,19.512099999999993,1.0,13.936800000000003,12.927499999999998,1.009300000000005,0.07241978072441341,0.0331,0.0609,-0.027800000000000005,-0.4564860426929393,26.00980000000001,21.530100000000004,4.479700000000005,0.1722312359187692
20260717T134222171980Z/mask_fragment-n150000-w256-m1000-s1333,n150000-w256-m1000,150000,256,1.0,1333,775.4892000230029,803.9496999699622,-0.036042648945205,early,hash_projection,1007.5558999999998,961.0853000000003,46.470599999999536,0.04612210597942957,1.6461000000000001,4.854099999999999,-3.207999999999999,-0.6608846130075605,17.351300000000002,2.6261000000000005,14.725200000000001,0.8486511097151221,153.6916,139.37889999999996,14.312700000000035,0.09312610448456543,27.584400000000002,0,27.584400000000002,1.0,13.540000000000001,11.528099999999998,2.0119000000000025,0.14858936484490415,0.0988,0.029400000000000003,0.06939999999999999,0.7024291497975708,28.732399999999995,23.7019,5.030499999999996,0.1750810931213542
20260717T134222171980Z/mask_fragment-n150000-w256-m1000-s1444,n150000-w256-m1000,150000,256,1.0,1444,782.0240000146441,792.6390999928117,-0.013482580215000633,tie,hash_projection,916.7605000000003,864.6489,52.111600000000294,0.05684319950521458,1.3083,4.758300000000002,-3.450000000000002,-0.7250488619885255,9.599299999999998,2.3449,7.254399999999998,0.755721771379163,151.10240000000002,111.7483,39.35410000000002,0.26044655809570205,18.5069,0,18.5069,1.0,11.247700000000002,11.567500000000003,-0.31980000000000075,-0.027646423168359687,0.036699999999999997,0.0427,-0.006000000000000005,-0.14051522248243573,29.637900000000002,17.006299999999996,12.631600000000006,0.42619753761231416
20260717T134222171980Z/mask_fragment-n150000-w256-m1000-s1555,n150000-w256-m1000,150000,256,1.0,1555,817.9293999564834,831.5653000026941,-0.01653380356845575,tie,hash_projection,817.0752000000003,1083.6119999999999,-266.5367999999995,-0.24597069799891433,1.3585,5.894299999999998,-4.535799999999997,-0.7695230985867701,8.744399999999999,2.3847999999999994,6.3595999999999995,0.7272768857783267,131.3205,161.60930000000002,-30.28880000000001,-0.1874199071464328,18.2706,0,18.2706,1.0,10.622399999999999,12.547699999999997,-1.9252999999999982,-0.15343847876503253,0.0279,0.0391,-0.011200000000000002,-0.28644501278772383,18.728800000000003,27.2872,-8.558399999999995,-0.31364156087836037
20260717T134222171980Z/mask_fragment-n150000-w512-m0900-s1111,n150000-w512-m0900,150000,512,0.9,1111,1255.3818000014871,1208.270100003574,0.03825008218834789,late,hash_projection,1287.6051999999997,1251.4712,36.13399999999979,0.02806294973024324,1.3225999999999996,4.864400000000002,-3.541800000000002,-0.7281062412630542,19.576900000000002,1.8738999999999997,17.703000000000003,0.9042800443379698,132.61169999999998,103.97539999999996,28.63630000000002,0.21594097655033473,22.320799999999995,0,22.320799999999995,1.0,9.3208,8.412200000000002,0.9085999999999981,0.0974809029267872,0.04809999999999999,0.0357,0.012399999999999987,0.2577962577962576,28.2978,19.5336,8.764199999999999,0.3097131225748998
20260717T134222171980Z/mask_fragment-n150000-w512-m0900-s1222,n150000-w512-m0900,150000,512,0.9,1222,1219.5235000108369,1193.3870000066236,0.02166472588388283,tie,hash_projection,1232.1311,1108.1504,123.98070000000007,0.10062297753867268,1.1098000000000001,4.494600000000001,-3.384800000000001,-0.753081475548436,8.1928,2.4027,5.790100000000001,0.7067302997754127,109.6395,108.71480000000003,0.924699999999973,0.008434004168205556,17.964799999999997,0,17.964799999999997,1.0,10.759599999999999,11.3405,-0.5809000000000015,-0.0512234910277326,0.028,0.028800000000000003,-0.0008000000000000021,-0.02777777777777785,22.3501,16.486,5.8641000000000005,0.26237466499031326
20260717T134222171980Z/mask_fragment-n150000-w512-m0900-s1333,n150000-w512-m0900,150000,512,0.9,1333,1164.6625999710523,1141.9633000041358,0.0196824571941502,tie,hash_projection,1398.3777000000002,1346.1756999999998,52.20200000000045,0.03733040079228984,1.1325999999999998,4.7898,-3.6571999999999996,-0.7635391874399766,9.5964,2.2459999999999996,7.3504,0.7659538993789338,129.00209999999998,137.7708,-8.768700000000024,-0.06364701373585711,16.606,0,16.606,1.0,10.962100000000003,12.2342,-1.2720999999999965,-0.1039790096614406,0.027299999999999998,0.0564,-0.0291,-0.5159574468085106,23.788300000000007,19.176499999999997,4.6118000000000094,0.19386841430451138
20260717T134222171980Z/mask_fragment-n150000-w512-m0900-s1444,n150000-w512-m0900,150000,512,0.9,1444,1199.7048999764957,1172.392199980095,0.023029333069191013,tie,hash_projection,1286.3604999999998,1070.115,216.24549999999977,0.16810645227368207,1.0695,4.107500000000001,-3.038000000000001,-0.7396226415094341,12.105799999999999,1.9790999999999992,10.1267,0.8365163805779049,108.1229,94.00940000000001,14.113499999999988,0.13053201495705338,20.6327,0,20.6327,1.0,9.9291,9.013599999999999,0.9155000000000015,0.09220372440603897,0.03,0.0319,-0.001899999999999999,-0.05956112852664574,21.2026,14.6914,6.5112000000000005,0.3070944129493553
20260717T134222171980Z/mask_fragment-n150000-w512-m0900-s1555,n150000-w512-m0900,150000,512,0.9,1555,1231.1273000086658,1190.087000024505,0.03390384000761788,late,hash_projection,1383.4100000000003,1236.3635999999997,147.04640000000063,0.1062927114882794,1.1557,4.116,-2.9602999999999997,-0.7192176870748299,9.875499999999999,2.2984,7.577099999999999,0.7672624170928054,125.90659999999998,113.9355,11.971099999999979,0.095079209509271,18.648000000000003,0,18.648000000000003,1.0,9.9061,10.7703,-0.8642000000000003,-0.08023917625321489,0.0347,0.068,-0.0333,-0.4897058823529412,22.28830000000001,19.289999999999996,2.9983000000000146,0.13452349438943362
20260717T134222171980Z/mask_fragment-n150000-w512-m1000-s1111,n150000-w512-m1000,150000,512,1.0,1111,1286.1925000324845,1186.3748999894597,0.08078394842716831,late,hash_projection,1377.9663,1870.7949,-492.82860000000005,-0.2634327258429024,1.5465000000000004,5.486700000000001,-3.9402000000000004,-0.7181365848324129,13.746200000000004,2.4441,11.302100000000003,0.822198134757242,153.91700000000003,142.80870000000004,11.108299999999986,0.07217071538556484,24.6301,0,24.6301,1.0,12.8353,12.887900000000002,-0.052600000000001756,-0.004081347620636546,0.032600000000000004,0.033,-0.0003999999999999976,-0.012121212121212047,27.025999999999996,28.153599999999997,-1.127600000000001,-0.04005171629915894
20260717T134222171980Z/mask_fragment-n150000-w512-m1000-s1222,n150000-w512-m1000,150000,512,1.0,1222,1241.6004000115208,1229.022099985741,0.010182380111105284,tie,hash_projection,1551.6857,1399.3879,152.29780000000005,0.09814990239324888,1.3753000000000002,4.7018,-3.3265000000000002,-0.7074950019141605,10.2861,2.2424000000000004,8.0437,0.7819970639989889,154.09390000000002,130.91479999999996,23.179100000000062,0.15042191806424562,18.564400000000006,0,18.564400000000006,1.0,9.498299999999999,10.900800000000002,-1.4025000000000034,-0.12866028181417907,0.0234,0.030800000000000004,-0.007400000000000004,-0.24025974025974034,27.885500000000004,21.076800000000002,6.808700000000002,0.24416632299940833
20260717T134222171980Z/mask_fragment-n150000-w512-m1000-s1333,n150000-w512-m1000,150000,512,1.0,1333,1212.1504999813624,1207.9730000114068,0.003452306561270411,tie,hash_projection,1268.3785,1382.4919999999997,-114.1134999999997,-0.08254188812665804,1.2382000000000002,4.59,-3.3518,-0.730239651416122,9.68,2.4524,7.2276,0.7466528925619835,136.28389999999996,126.65730000000003,9.626599999999925,0.07063637010681326,16.8496,0,16.8496,1.0,10.762400000000001,12.1904,-1.427999999999999,-0.117141357133482,0.0382,0.0396,-0.0014000000000000054,-0.035353535353535484,25.98020000000001,18.629800000000003,7.350400000000008,0.2829231491674431
20260717T134222171980Z/mask_fragment-n150000-w512-m1000-s1444,n150000-w512-m1000,150000,512,1.0,1444,1217.603600001894,1163.691400026437,0.04528747085201709,late,hash_projection,1418.7675,1245.9933,172.77419999999984,0.12177766970275246,1.5102,4.446999999999999,-2.936799999999999,-0.6604002698448391,13.475799999999998,1.9787000000000003,11.497099999999998,0.8531664168361062,135.61659999999998,115.2625,20.354099999999974,0.15008560898886994,23.511899999999997,0,23.511899999999997,1.0,10.477400000000003,9.037700000000001,1.439700000000002,0.13741004447668329,0.0396,0.0298,0.009800000000000003,0.24747474747474754,22.438399999999994,19.324699999999993,3.1137000000000015,0.13876657872219064
20260717T134222171980Z/mask_fragment-n150000-w512-m1000-s1555,n150000-w512-m1000,150000,512,1.0,1555,1192.3147999914363,1265.07359999232,-0.059233674570062206,early,hash_projection,1438.2834999999998,1345.6358000000002,92.64769999999953,0.06441546468411793,1.2936999999999999,4.9722,-3.6785,-0.7398133622943567,9.046799999999998,2.3354999999999997,6.711299999999998,0.7418424194190211,135.5215,130.09580000000003,5.425699999999978,0.04003571389041575,25.503800000000012,0,25.503800000000012,1.0,12.599,11.842699999999999,0.7563000000000013,0.06002857369632521,0.0379,0.040299999999999996,-0.0023999999999999924,-0.05955334987593034,23.0845,21.679700000000004,1.4047999999999945,0.060854686044748404
20260717T134222171980Z/mask_fragment-n200000-w128-m0900-s1111,n200000-w128-m0900,200000,128,0.9,1111,615.7043999992311,646.1645000381395,-0.048287137160320966,early,hash_projection,788.6815999999999,682.8864,105.79519999999991,0.1341418387344144,1.2192999999999998,5.9296,-4.7103,-0.7943706152185646,14.460799999999999,3.2017,11.259099999999998,0.7785945452533746,153.45159999999996,152.43789999999996,1.0137,0.00660599172638148,22.252100000000006,0,22.252100000000006,1.0,12.398500000000004,12.4276,-0.02909999999999613,-0.002341562329009312,0.10339999999999999,0.049499999999999995,0.053899999999999997,0.5212765957446809,27.082199999999997,21.040599999999998,6.041599999999999,0.22308379673734038
20260717T134222171980Z/mask_fragment-n200000-w128-m0900-s1222,n200000-w128-m0900,200000,128,0.9,1222,585.3667999617755,642.7731000003405,-0.0935531255981124,early,hash_projection,752.8316,666.9194,85.91219999999998,0.11411874846911313,1.5905999999999998,4.750199999999999,-3.159599999999999,-0.66515094101301,10.447399999999998,3.5370999999999997,6.9102999999999986,0.661437295403641,142.0457,152.43649999999997,-10.390799999999956,-0.06816477680870368,22.454999999999995,0,22.454999999999995,1.0,11.874999999999996,12.9824,-1.1074000000000037,-0.08530009859502123,0.04539999999999999,0.0375,0.00789999999999999,0.17400881057268705,24.9105,23.560299999999998,1.350200000000001,0.054202043315067984
20260717T134222171980Z/mask_fragment-n200000-w128-m0900-s1333,n200000-w128-m0900,200000,128,0.9,1333,580.9774999506772,648.7018000334501,-0.11026110536383056,early,hash_projection,808.1102999999998,676.8157999999999,131.29449999999997,0.1624710141672492,1.6218,5.9792000000000005,-4.3574,-0.7287597002943538,15.138300000000001,2.7371999999999996,12.401100000000001,0.8191870949842452,171.7996,141.4119,30.387699999999995,0.17687875873983405,34.112300000000005,0,34.112300000000005,1.0,13.445199999999998,11.353699999999998,2.0915,0.1555573736352007,0.0328,0.0384,-0.005599999999999994,-0.14583333333333318,31.03810000000001,23.840600000000002,7.197500000000009,0.23189241609505756
20260717T134222171980Z/mask_fragment-n200000-w128-m0900-s1444,n200000-w128-m0900,200000,128,0.9,1444,548.8410999532789,597.5872999988496,-0.08509141772456605,early,hash_projection,780.2024,674.0271,106.1753,0.13608686668997685,1.4393000000000002,5.464199999999999,-4.024899999999999,-0.7365945609604333,10.2783,2.3690000000000007,7.909299999999999,0.7695144138622145,151.10240000000002,139.9837,11.118700000000018,0.07358387424686846,21.6844,0,21.6844,1.0,13.004099999999998,10.1273,2.8767999999999976,0.22122253750740137,0.0654,0.0371,0.0283,0.4327217125382263,22.853200000000005,23.650499999999994,-0.7972999999999892,-0.03371176085072153
20260717T134222171980Z/mask_fragment-n200000-w128-m0900-s1555,n200000-w128-m0900,200000,128,0.9,1555,573.5377999953926,708.3873000228778,-0.21116713259410558,early,hash_projection,868.3811999999999,1235.8935,-367.5123,-0.2973656710711724,1.835,6.907,-5.072,-0.734327493846822,20.650199999999998,2.8707,17.7795,0.8609843972455473,184.8535,201.95450000000002,-17.101000000000028,-0.08467748923643705,26.7989,0,26.7989,1.0,12.462899999999998,17.0219,-4.559000000000001,-0.2678314406734854,0.07160000000000001,0.0328,0.03880000000000001,0.5418994413407822,34.497699999999995,24.646999999999995,9.8507,0.2855465726700621
20260717T134222171980Z/mask_fragment-n200000-w128-m1000-s1111,n200000-w128-m1000,200000,128,1.0,1111,561.0269000171684,664.3812000402249,-0.16908722669937962,early,hash_projection,837.5063,1067.069,-229.56269999999995,-0.21513388543758646,1.7323,8.779199999999998,-7.046899999999997,-0.8026813377073081,15.627499999999996,3.3664,12.261099999999995,0.7845848664213725,176.48,213.76869999999997,-37.28869999999998,-0.17443479798492476,27.8973,0,27.8973,1.0,11.8313,13.884300000000001,-2.053000000000001,-0.14786485454794268,0.0335,0.032600000000000004,0.000899999999999998,0.026865671641790986,30.68989999999999,40.697900000000004,-10.008000000000013,-0.24590949410166157
20260717T134222171980Z/mask_fragment-n200000-w128-m1000-s1222,n200000-w128-m1000,200000,128,1.0,1222,587.7151000313461,643.8999999663793,-0.09130112776907594,early,materialization,773.6796999999999,790.1493000000002,-16.46960000000024,-0.02084365574961623,1.5148,8.2291,-6.714300000000001,-0.8159215467062012,9.962499999999997,3.5272,6.435299999999996,0.6459523212045167,155.4139,176.05449999999996,-20.64059999999995,-0.11723983198384565,22.039200000000005,0,22.039200000000005,1.0,13.688099999999999,11.540099999999994,2.148000000000005,0.1569246279615144,0.0297,0.038099999999999995,-0.008399999999999994,-0.22047244094488178,23.0595,30.165300000000013,-7.105800000000013,-0.23556205308748826
20260717T134222171980Z/mask_fragment-n200000-w128-m1000-s1333,n200000-w128-m1000,200000,128,1.0,1333,569.1835000179708,653.7431999458931,-0.13851173593893473,early,hash_projection,927.2035,840.9141999999999,86.28930000000003,0.09306403610426409,1.6744999999999997,5.9220999999999995,-4.2476,-0.7172455716722109,11.252199999999998,2.7851999999999997,8.466999999999999,0.7524750715415652,186.24949999999998,170.7728,15.476699999999994,0.08309659891704405,28.91209999999999,0,28.91209999999999,1.0,12.085699999999997,12.996099999999998,-0.910400000000001,-0.07005178476619918,0.055,0.0287,0.0263,0.4781818181818182,34.2464,26.592800000000008,7.653599999999994,0.22348626424967277
20260717T134222171980Z/mask_fragment-n200000-w128-m1000-s1444,n200000-w128-m1000,200000,128,1.0,1444,606.9621999631636,657.3388000251725,-0.07973304734458163,early,order_by,955.6487,992.8951999999997,-37.24649999999974,-0.03751302252241702,1.8281999999999998,6.902699999999999,-5.0745,-0.7351471163457778,11.607,3.6513,7.955699999999999,0.6854225898164901,237.5537,194.66469999999998,42.88900000000001,0.18054444110952603,24.132099999999994,0,24.132099999999994,1.0,14.7619,15.243099999999998,-0.48119999999999763,-0.031568381759615675,0.0585,0.0514,0.007100000000000002,0.1213675213675214,32.3173,27.050299999999996,5.267000000000007,0.16297772400540905
20260717T134222171980Z/mask_fragment-n200000-w128-m1000-s1555,n200000-w128-m1000,200000,128,1.0,1555,613.0695999599993,666.7168999556452,-0.08388704857561269,early,hash_projection,917.5066,874.5787999999999,42.92780000000016,0.04678745635181279,1.5711,6.800000000000001,-5.228900000000001,-0.7689558823529413,11.675199999999998,3.5687000000000006,8.106499999999997,0.6943350006852129,180.3611,170.30479999999997,10.056300000000022,0.05575647964001119,27.404099999999996,0,27.404099999999996,1.0,14.019099999999996,13.021499999999998,0.9975999999999985,0.07116006020357932,0.0483,0.1044,-0.056100000000000004,-0.5373563218390804,27.274899999999995,28.854800000000008,-1.5799000000000127,-0.05475345523101918
20260717T134222171980Z/mask_fragment-n200000-w256-m0900-s1111,n200000-w256-m0900,200000,256,0.9,1111,860.9667000127956,914.359999995213,-0.060168539250141664,early,hash_projection,1077.0990999999995,1009.2361000000003,67.86299999999915,0.06300534463356174,1.4799000000000002,5.4109,-3.9309999999999996,-0.7264965162911899,18.146499999999993,2.5688,15.577699999999993,0.8584410216846223,173.75680000000006,136.4094,37.34740000000005,0.21494065268237006,32.187,0,32.187,1.0,14.2111,15.145100000000001,-0.934000000000001,-0.061670111125050414,0.029300000000000003,0.0367,-0.0074,-0.20163487738419617,23.233800000000002,23.230100000000004,0.0036999999999984823,0.00015925074675681472
20260717T134222171980Z/mask_fragment-n200000-w256-m0900-s1222,n200000-w256-m0900,200000,256,0.9,1222,1229.9813000136055,1002.2147999843583,0.20478661509746832,late,hash_projection,2280.2535000000003,1876.3905999999997,403.86290000000054,0.17711315869047037,1.4261000000000001,7.866399999999999,-6.440299999999999,-0.818709956269704,17.2059,3.175500000000001,14.030399999999998,0.8154412149320872,185.28519999999997,185.19279999999998,0.09239999999999782,0.0004986906671444769,37.4011,0,37.4011,1.0,21.347200000000004,18.681199999999997,2.6660000000000075,0.12488757307749995,0.0515,0.0765,-0.025,-0.32679738562091504,27.751800000000006,29.3546,-1.602799999999995,-0.05460132313163848
20260717T134222171980Z/mask_fragment-n200000-w256-m0900-s1333,n200000-w256-m0900,200000,256,0.9,1333,742.0979000162333,795.7509999978356,-0.06980514764812917,early,hash_projection,1130.9495000000002,1254.4620000000002,-123.51250000000005,-0.09845854238709505,1.4513000000000003,7.122100000000001,-5.670800000000002,-0.7962258322685726,14.217899999999998,3.6961000000000013,10.521799999999997,0.7400389649666967,182.13479999999998,171.98390000000003,10.15089999999995,0.055732896733627794,22.7151,0,22.7151,1.0,15.626999999999999,15.197,0.4299999999999997,0.027516477890829956,0.0386,0.034699999999999995,0.0039000000000000076,0.101036269430052,24.834899999999998,25.4885,-0.6536000000000008,-0.02564293701080883
20260717T134222171980Z/mask_fragment-n200000-w256-m0900-s1444,n200000-w256-m0900,200000,256,0.9,1444,842.3380000167526,938.3297000313178,-0.10792002092705265,early,hash_projection,1205.1525000000001,1034.3156,170.83690000000024,0.14175542099443864,1.3440999999999996,5.5394000000000005,-4.195300000000001,-0.7573563923890676,11.833199999999998,2.4865,9.346699999999998,0.7898708717844708,161.68480000000002,145.6703,16.014500000000027,0.09904765321168114,24.705700000000004,0,24.705700000000004,1.0,14.400599999999995,13.739,0.6615999999999946,0.04594253017235357,0.029399999999999996,0.0297,-0.0003000000000000051,-0.010101010101010274,25.1192,21.235999999999994,3.8832000000000058,0.15459091053855242
20260717T134222171980Z/mask_fragment-n200000-w256-m0900-s1555,n200000-w256-m0900,200000,256,0.9,1555,834.396000020206,810.282000049483,0.029325774549236856,tie,hash_projection,1559.7494999999997,1125.7959,433.9535999999996,0.27822006033661156,1.7103,6.304200000000001,-4.5939000000000005,-0.7287046730750928,15.755900000000004,2.8986,12.857300000000004,0.8160308202006867,230.2215999999999,162.8606000000001,67.36099999999982,0.29259200700542365,43.0035,0,43.0035,1.0,17.7523,16.717200000000002,1.0351,0.05830793756301999,0.0353,0.0351,0.0001999999999999988,0.005665722379603366,31.444299999999995,24.187199999999997,7.257099999999998,0.23079222625404283
20260717T134222171980Z/mask_fragment-n200000-w256-m1000-s1111,n200000-w256-m1000,200000,256,1.0,1111,946.7632999876514,981.9448000052944,-0.0364859802379493,early,hash_projection,1985.3722,1065.2173999999998,920.1548000000003,0.46346715240598224,1.4699,5.700100000000001,-4.230200000000001,-0.7421273310994544,18.304100000000005,2.847,15.457100000000006,0.8444610770264587,167.6293,175.76130000000006,-8.132000000000062,-0.046267295474032445,26.897100000000002,0,26.897100000000002,1.0,15.658700000000001,12.307299999999998,3.3514000000000035,0.2140279844431532,0.0454,0.0343,0.011100000000000006,0.2444933920704847,27.082600000000006,26.452400000000004,0.6302000000000021,0.023269553144823686
20260717T134222171980Z/mask_fragment-n200000-w256-m1000-s1222,n200000-w256-m1000,200000,256,1.0,1222,839.9290000088513,827.7120999991894,0.014651975859273251,tie,hash_projection,1257.1838,1408.6742000000002,-151.49040000000014,-0.10754111916012951,1.8121999999999998,7.028900000000001,-5.216700000000001,-0.742178719287513,17.527400000000004,3.3828000000000005,14.144600000000004,0.8069993267683742,196.5216,202.9407,-6.419099999999986,-0.03163042208881701,25.823,0,25.823,1.0,15.4869,17.077799999999993,-1.5908999999999924,-0.09315602712293113,0.029300000000000003,0.054900000000000004,-0.0256,-0.4663023679417122,33.281600000000005,28.647499999999994,4.634100000000011,0.13923909908177523
20260717T134222171980Z/mask_fragment-n200000-w256-m1000-s1333,n200000-w256-m1000,200000,256,1.0,1333,802.6528999907896,876.8891000072472,-0.08845816412539549,early,order_by,1291.3882999999998,1271.2620999999997,20.126200000000154,0.015584932897409831,1.9813,7.1739000000000015,-5.192600000000001,-0.7238182857302166,15.951799999999999,3.0512000000000006,12.900599999999997,0.80872378038842,243.43720000000002,169.8027,73.63450000000003,0.3024784215395183,25.229999999999997,0,25.229999999999997,1.0,16.574199999999998,14.175099999999997,2.3991000000000007,0.14474906782831154,0.0349,0.0297,0.0052,0.14899713467048709,34.4623,25.646199999999997,8.816100000000002,0.2558186772211954
20260717T134222171980Z/mask_fragment-n200000-w256-m1000-s1444,n200000-w256-m1000,200000,256,1.0,1444,852.2406000411138,902.4599000113085,-0.05725537572149533,early,materialization,1081.7214,1097.2459999999999,-15.524599999999964,-0.0141486959168682,1.6909,4.980099999999999,-3.2891999999999992,-0.6604686652878455,10.899799999999997,3.1165,7.783299999999997,0.7140773225196791,163.32469999999998,157.691,5.633699999999976,0.03449386406342689,20.025000000000002,0,20.025000000000002,1.0,13.157599999999999,12.617200000000002,0.5403999999999964,0.041071319997567676,0.0376,0.0393,-0.0017000000000000001,-0.043256997455470736,25.4761,24.512199999999993,0.963900000000006,0.037835461471732564
20260717T134222171980Z/mask_fragment-n200000-w256-m1000-s1555,n200000-w256-m1000,200000,256,1.0,1555,806.0540999867953,856.5429000300355,-0.06075354228479179,early,order_by,1040.5615,1006.6031999999998,33.958300000000236,0.03263459199672507,1.8262999999999998,6.248399999999999,-4.4220999999999995,-0.7077171755969528,13.7919,2.6784000000000003,11.1135,0.8057990559676332,196.9726,156.01739999999998,40.95520000000002,0.20792333552991643,21.1532,0,21.1532,1.0,12.605699999999999,12.598899999999999,0.006800000000000139,0.0005394385079765614,0.0317,0.033499999999999995,-0.001799999999999996,-0.05373134328358198,28.397599999999997,23.441200000000002,4.956399999999995,0.17453587627123404
20260717T134222171980Z/mask_fragment-n200000-w512-m0900-s1111,n200000-w512-m0900,200000,512,0.9,1111,1279.487700026948,1267.9803999490105,0.009034365020327978,tie,hash_projection,2000.0602000000001,1616.2658999999996,383.7943000000005,0.19189137406964074,1.5197000000000003,5.187600000000001,-3.6679000000000004,-0.7070514303338731,17.014299999999995,2.3769,14.637399999999996,0.8602998654073338,195.36409999999998,165.55120000000002,29.812899999999956,0.15260173184326065,35.871500000000005,0,35.871500000000005,1.0,13.641700000000004,13.367300000000002,0.27440000000000175,0.020114795076860044,0.055799999999999995,0.032499999999999994,0.0233,0.417562724014337,37.39760000000001,30.042800000000007,7.3548000000000044,0.19666502663272514
20260717T134222171980Z/mask_fragment-n200000-w512-m0900-s1222,n200000-w512-m0900,200000,512,0.9,1222,1330.7344000204466,1287.8247000044212,0.03277645436628797,late,hash_projection,1711.8382,1769.8158999999998,-57.97769999999991,-0.03275917003570819,1.2207999999999999,5.6411999999999995,-4.4204,-0.783592143515564,12.3687,3.3236999999999997,9.045000000000002,0.7312813796114387,147.8945,155.74869999999996,-7.854199999999963,-0.05042867131475232,24.1577,0,24.1577,1.0,14.4097,15.266599999999999,-0.8568999999999978,-0.05612906606579054,0.038299999999999994,0.040600000000000004,-0.0023000000000000104,-0.05665024630541897,29.612500000000004,25.8425,3.770000000000003,0.12731110173068813
20260717T134222171980Z/mask_fragment-n200000-w512-m0900-s1333,n200000-w512-m0900,200000,512,0.9,1333,1255.0521000521258,1299.7935999883339,-0.035028396914754775,early,hash_projection,1730.2826000000002,1686.9695,43.313100000000304,0.02503238488325566,1.7815,6.673,-4.8915,-0.733028622808332,16.743399999999998,2.7654000000000005,13.977999999999998,0.8348364131538397,189.00930000000002,158.19750000000002,30.811800000000005,0.16301737533549937,21.5175,0,21.5175,1.0,13.807900000000002,15.571400000000004,-1.7635000000000023,-0.1132525013807366,0.033499999999999995,0.041499999999999995,-0.008,-0.19277108433734944,30.157600000000002,24.969899999999996,5.187700000000007,0.17201965673661054
20260717T134222171980Z/mask_fragment-n200000-w512-m0900-s1444,n200000-w512-m0900,200000,512,0.9,1444,1270.514700037893,1168.8603999791667,0.0833928369539762,late,order_by,2169.9661000000006,2177.9608000000003,-7.994699999999739,-0.0036707272233732296,1.5061,6.418499999999999,-4.912399999999999,-0.7653501596946327,10.775899999999998,7.541200000000001,3.2346999999999975,0.30017910336955594,212.13669999999996,176.95629999999997,35.18039999999999,0.16583834857429194,27.935099999999988,0,27.935099999999988,1.0,19.0778,18.299200000000003,0.7785999999999973,0.040811833649582095,0.0425,0.03740000000000001,0.005099999999999993,0.11999999999999984,44.1336,26.289199999999997,17.844400000000004,0.404326862073341
20260717T134222171980Z/mask_fragment-n200000-w512-m0900-s1555,n200000-w512-m0900,200000,512,0.9,1555,1213.1667000357993,1313.2503000088036,-0.07927116088562625,early,hash_projection,2018.6824999999997,1830.7099999999994,187.9725000000003,0.09311642618390972,1.3763999999999998,7.325700000000001,-5.949300000000001,-0.8121135181620869,10.7544,3.3751,7.379300000000001,0.6861656624265418,158.76459999999997,187.351,-28.586400000000026,-0.15258205187055326,24.016199999999998,0,24.016199999999998,1.0,20.878099999999996,16.273600000000002,4.6044999999999945,0.22054209913737338,0.08409999999999998,0.0483,0.03579999999999998,0.4256837098692032,29.9192,24.506800000000013,5.412399999999987,0.1809005588384712
20260717T134222171980Z/mask_fragment-n200000-w512-m1000-s1111,n200000-w512-m1000,200000,512,1.0,1111,1278.5537000163458,1232.4894000194035,0.03669349071852655,late,hash_projection,1805.3048999999994,1734.657,70.64789999999948,0.03913350038544708,1.7989,5.8386,-4.0397,-0.6918953173706026,13.295899999999998,2.7983,10.497599999999998,0.7895366240720824,188.98250000000004,163.80449999999996,25.178000000000083,0.13322926726019646,32.0603,0,32.0603,1.0,13.8893,13.921300000000004,-0.03200000000000358,-0.002298635903256418,0.041400000000000006,0.04000000000000001,0.0013999999999999985,0.0338164251207729,39.0361,26.5074,12.528699999999997,0.3209516319509377
20260717T134222171980Z/mask_fragment-n200000-w512-m1000-s1222,n200000-w512-m1000,200000,512,1.0,1222,1340.063099982217,1334.5756999915466,0.004103288780519978,tie,hash_projection,1731.6073,2022.5031999999997,-290.89589999999976,-0.14382963646237978,1.9421999999999997,6.133100000000001,-4.190900000000001,-0.6833249090998028,19.622699999999995,2.8486,16.774099999999994,0.8548313942525747,188.66119999999998,183.4296,5.231599999999986,0.027730132109834913,21.027499999999996,0,21.027499999999996,1.0,14.5219,13.112499999999999,1.4094000000000015,0.09705341587533323,0.0329,0.04579999999999999,-0.012899999999999988,-0.28165938864628803,33.8122,28.065199999999997,5.747,0.169968236317069
20260717T134222171980Z/mask_fragment-n200000-w512-m1000-s1333,n200000-w512-m1000,200000,512,1.0,1333,1311.401900020428,1346.6897000325844,-0.026552789448052345,tie,materialization,1817.3210000000001,1802.4877,14.833300000000236,0.008162179383829403,1.8885,5.589499999999999,-3.700999999999999,-0.6621343590661061,12.823300000000001,2.9853999999999994,9.837900000000001,0.7671894130216091,188.01800000000003,177.3572,10.660800000000023,0.05670095416396314,24.258,0,24.258,1.0,13.796400000000002,16.346,-2.549599999999998,-0.15597699743056392,0.038,0.0346,0.0034000000000000002,0.08947368421052633,33.0523,27.400599999999997,5.651700000000005,0.17099263893889396
20260717T134222171980Z/mask_fragment-n200000-w512-m1000-s1444,n200000-w512-m1000,200000,512,1.0,1444,1194.764900021255,1366.0564000019804,-0.1339786190866403,early,hash_projection,2378.6138,1693.952,684.6618000000001,0.28784067426162246,1.8399,5.904400000000001,-4.064500000000001,-0.6883849332701036,19.688599999999997,2.9668,16.721799999999998,0.8493138161169408,253.0045,183.98620000000003,69.01829999999998,0.27279475266250197,33.459,0,33.459,1.0,21.865100000000005,14.877999999999995,6.9871000000000105,0.31955490713511525,0.039999999999999994,0.10450000000000001,-0.06450000000000002,-0.6172248803827752,48.17779999999998,26.1663,22.011499999999984,0.4568805549443933
20260717T134222171980Z/mask_fragment-n200000-w512-m1000-s1555,n200000-w512-m1000,200000,512,1.0,1555,1283.7715999921784,1237.7207999816164,0.03653068404635941,late,hash_projection,1816.5860999999998,2280.564899999999,-463.9787999999992,-0.20344906650102323,1.5973,6.8727,-5.2754,-0.7675877020676009,16.739699999999996,3.7067,13.032999999999996,0.7785683136495875,189.44850000000002,235.47560000000001,-46.02709999999999,-0.1954644132980232,19.849199999999996,0,19.849199999999996,1.0,12.342700000000002,24.809699999999996,-12.466999999999993,-0.5025050685820464,0.039,0.04070000000000001,-0.001700000000000007,-0.041769041769041934,36.8537,33.96900000000001,2.884699999999995,0.07827436593883368
