scenario_id,unit_id,salt,candidate_id,block_index,order_position,permutation_id,latency_ms,result_digest
p0.001-q1.000,p0.001-q1.000-s5101,5101,eligible_dimension_first,0,0,eligible_dimension_first->governed_fact_first->partial_aggregate_first,257.2585,fe4d80c15d217d4ab3a50c32918533f624ec36eb837306897fcc0fa762b92144
p0.001-q1.000,p0.001-q1.000-s5101,5101,governed_fact_first,0,1,eligible_dimension_first->governed_fact_first->partial_aggregate_first,227.4192,fe4d80c15d217d4ab3a50c32918533f624ec36eb837306897fcc0fa762b92144
p0.001-q1.000,p0.001-q1.000-s5101,5101,partial_aggregate_first,0,2,eligible_dimension_first->governed_fact_first->partial_aggregate_first,183.835,fe4d80c15d217d4ab3a50c32918533f624ec36eb837306897fcc0fa762b92144
p0.001-q1.000,p0.001-q1.000-s5101,5101,governed_fact_first,1,0,governed_fact_first->eligible_dimension_first->partial_aggregate_first,187.76,fe4d80c15d217d4ab3a50c32918533f624ec36eb837306897fcc0fa762b92144
p0.001-q1.000,p0.001-q1.000-s5101,5101,eligible_dimension_first,1,1,governed_fact_first->eligible_dimension_first->partial_aggregate_first,280.394,fe4d80c15d217d4ab3a50c32918533f624ec36eb837306897fcc0fa762b92144
p0.001-q1.000,p0.001-q1.000-s5101,5101,partial_aggregate_first,1,2,governed_fact_first->eligible_dimension_first->partial_aggregate_first,303.3414,fe4d80c15d217d4ab3a50c32918533f624ec36eb837306897fcc0fa762b92144
p0.001-q1.000,p0.001-q1.000-s5101,5101,eligible_dimension_first,2,0,eligible_dimension_first->governed_fact_first->partial_aggregate_first,356.9465,fe4d80c15d217d4ab3a50c32918533f624ec36eb837306897fcc0fa762b92144
p0.001-q1.000,p0.001-q1.000-s5101,5101,governed_fact_first,2,1,eligible_dimension_first->governed_fact_first->partial_aggregate_first,227.2164,fe4d80c15d217d4ab3a50c32918533f624ec36eb837306897fcc0fa762b92144
p0.001-q1.000,p0.001-q1.000-s5101,5101,partial_aggregate_first,2,2,eligible_dimension_first->governed_fact_first->partial_aggregate_first,246.6255,fe4d80c15d217d4ab3a50c32918533f624ec36eb837306897fcc0fa762b92144
p0.001-q1.000,p0.001-q1.000-s5101,5101,eligible_dimension_first,3,0,eligible_dimension_first->partial_aggregate_first->governed_fact_first,275.2126,fe4d80c15d217d4ab3a50c32918533f624ec36eb837306897fcc0fa762b92144
p0.001-q1.000,p0.001-q1.000-s5101,5101,partial_aggregate_first,3,1,eligible_dimension_first->partial_aggregate_first->governed_fact_first,212.5832,fe4d80c15d217d4ab3a50c32918533f624ec36eb837306897fcc0fa762b92144
p0.001-q1.000,p0.001-q1.000-s5101,5101,governed_fact_first,3,2,eligible_dimension_first->partial_aggregate_first->governed_fact_first,248.2537,fe4d80c15d217d4ab3a50c32918533f624ec36eb837306897fcc0fa762b92144
p0.001-q1.000,p0.001-q1.000-s5101,5101,partial_aggregate_first,4,0,partial_aggregate_first->eligible_dimension_first->governed_fact_first,274.0408,fe4d80c15d217d4ab3a50c32918533f624ec36eb837306897fcc0fa762b92144
p0.001-q1.000,p0.001-q1.000-s5101,5101,eligible_dimension_first,4,1,partial_aggregate_first->eligible_dimension_first->governed_fact_first,257.9118,fe4d80c15d217d4ab3a50c32918533f624ec36eb837306897fcc0fa762b92144
p0.001-q1.000,p0.001-q1.000-s5101,5101,governed_fact_first,4,2,partial_aggregate_first->eligible_dimension_first->governed_fact_first,184.0495,fe4d80c15d217d4ab3a50c32918533f624ec36eb837306897fcc0fa762b92144
p0.001-q1.000,p0.001-q1.000-s5101,5101,governed_fact_first,5,0,governed_fact_first->eligible_dimension_first->partial_aggregate_first,241.4265,fe4d80c15d217d4ab3a50c32918533f624ec36eb837306897fcc0fa762b92144
p0.001-q1.000,p0.001-q1.000-s5101,5101,eligible_dimension_first,5,1,governed_fact_first->eligible_dimension_first->partial_aggregate_first,227.163,fe4d80c15d217d4ab3a50c32918533f624ec36eb837306897fcc0fa762b92144
p0.001-q1.000,p0.001-q1.000-s5101,5101,partial_aggregate_first,5,2,governed_fact_first->eligible_dimension_first->partial_aggregate_first,169.2003,fe4d80c15d217d4ab3a50c32918533f624ec36eb837306897fcc0fa762b92144
p0.001-q1.000,p0.001-q1.000-s5101,5101,partial_aggregate_first,6,0,partial_aggregate_first->governed_fact_first->eligible_dimension_first,171.1502,fe4d80c15d217d4ab3a50c32918533f624ec36eb837306897fcc0fa762b92144
p0.001-q1.000,p0.001-q1.000-s5101,5101,governed_fact_first,6,1,partial_aggregate_first->governed_fact_first->eligible_dimension_first,179.6755,fe4d80c15d217d4ab3a50c32918533f624ec36eb837306897fcc0fa762b92144
p0.001-q1.000,p0.001-q1.000-s5101,5101,eligible_dimension_first,6,2,partial_aggregate_first->governed_fact_first->eligible_dimension_first,215.8627,fe4d80c15d217d4ab3a50c32918533f624ec36eb837306897fcc0fa762b92144
p0.001-q1.000,p0.001-q1.000-s5101,5101,governed_fact_first,7,0,governed_fact_first->partial_aggregate_first->eligible_dimension_first,178.0639,fe4d80c15d217d4ab3a50c32918533f624ec36eb837306897fcc0fa762b92144
p0.001-q1.000,p0.001-q1.000-s5101,5101,partial_aggregate_first,7,1,governed_fact_first->partial_aggregate_first->eligible_dimension_first,172.3871,fe4d80c15d217d4ab3a50c32918533f624ec36eb837306897fcc0fa762b92144
p0.001-q1.000,p0.001-q1.000-s5101,5101,eligible_dimension_first,7,2,governed_fact_first->partial_aggregate_first->eligible_dimension_first,323.2797,fe4d80c15d217d4ab3a50c32918533f624ec36eb837306897fcc0fa762b92144
p0.001-q1.000,p0.001-q1.000-s5101,5101,governed_fact_first,8,0,governed_fact_first->partial_aggregate_first->eligible_dimension_first,304.1164,fe4d80c15d217d4ab3a50c32918533f624ec36eb837306897fcc0fa762b92144
p0.001-q1.000,p0.001-q1.000-s5101,5101,partial_aggregate_first,8,1,governed_fact_first->partial_aggregate_first->eligible_dimension_first,215.9432,fe4d80c15d217d4ab3a50c32918533f624ec36eb837306897fcc0fa762b92144
p0.001-q1.000,p0.001-q1.000-s5101,5101,eligible_dimension_first,8,2,governed_fact_first->partial_aggregate_first->eligible_dimension_first,266.4445,fe4d80c15d217d4ab3a50c32918533f624ec36eb837306897fcc0fa762b92144
p0.001-q1.000,p0.001-q1.000-s5101,5101,partial_aggregate_first,9,0,partial_aggregate_first->governed_fact_first->eligible_dimension_first,277.1994,fe4d80c15d217d4ab3a50c32918533f624ec36eb837306897fcc0fa762b92144
p0.001-q1.000,p0.001-q1.000-s5101,5101,governed_fact_first,9,1,partial_aggregate_first->governed_fact_first->eligible_dimension_first,221.247,fe4d80c15d217d4ab3a50c32918533f624ec36eb837306897fcc0fa762b92144
p0.001-q1.000,p0.001-q1.000-s5101,5101,eligible_dimension_first,9,2,partial_aggregate_first->governed_fact_first->eligible_dimension_first,217.3172,fe4d80c15d217d4ab3a50c32918533f624ec36eb837306897fcc0fa762b92144
p0.001-q1.000,p0.001-q1.000-s5101,5101,partial_aggregate_first,10,0,partial_aggregate_first->eligible_dimension_first->governed_fact_first,170.9268,fe4d80c15d217d4ab3a50c32918533f624ec36eb837306897fcc0fa762b92144
p0.001-q1.000,p0.001-q1.000-s5101,5101,eligible_dimension_first,10,1,partial_aggregate_first->eligible_dimension_first->governed_fact_first,203.7835,fe4d80c15d217d4ab3a50c32918533f624ec36eb837306897fcc0fa762b92144
p0.001-q1.000,p0.001-q1.000-s5101,5101,governed_fact_first,10,2,partial_aggregate_first->eligible_dimension_first->governed_fact_first,187.3111,fe4d80c15d217d4ab3a50c32918533f624ec36eb837306897fcc0fa762b92144
p0.001-q1.000,p0.001-q1.000-s5101,5101,eligible_dimension_first,11,0,eligible_dimension_first->partial_aggregate_first->governed_fact_first,227.0674,fe4d80c15d217d4ab3a50c32918533f624ec36eb837306897fcc0fa762b92144
p0.001-q1.000,p0.001-q1.000-s5101,5101,partial_aggregate_first,11,1,eligible_dimension_first->partial_aggregate_first->governed_fact_first,163.8404,fe4d80c15d217d4ab3a50c32918533f624ec36eb837306897fcc0fa762b92144
p0.001-q1.000,p0.001-q1.000-s5101,5101,governed_fact_first,11,2,eligible_dimension_first->partial_aggregate_first->governed_fact_first,172.6017,fe4d80c15d217d4ab3a50c32918533f624ec36eb837306897fcc0fa762b92144
p0.001-q1.000,p0.001-q1.000-s5209,5209,governed_fact_first,0,0,governed_fact_first->partial_aggregate_first->eligible_dimension_first,218.1386,a039514081b4796e7d1834b7afae3deb3610b70fd89009caede47652c28407f4
p0.001-q1.000,p0.001-q1.000-s5209,5209,partial_aggregate_first,0,1,governed_fact_first->partial_aggregate_first->eligible_dimension_first,214.2678,a039514081b4796e7d1834b7afae3deb3610b70fd89009caede47652c28407f4
p0.001-q1.000,p0.001-q1.000-s5209,5209,eligible_dimension_first,0,2,governed_fact_first->partial_aggregate_first->eligible_dimension_first,212.8544,a039514081b4796e7d1834b7afae3deb3610b70fd89009caede47652c28407f4
p0.001-q1.000,p0.001-q1.000-s5209,5209,partial_aggregate_first,1,0,partial_aggregate_first->eligible_dimension_first->governed_fact_first,162.2198,a039514081b4796e7d1834b7afae3deb3610b70fd89009caede47652c28407f4
p0.001-q1.000,p0.001-q1.000-s5209,5209,eligible_dimension_first,1,1,partial_aggregate_first->eligible_dimension_first->governed_fact_first,191.6214,a039514081b4796e7d1834b7afae3deb3610b70fd89009caede47652c28407f4
p0.001-q1.000,p0.001-q1.000-s5209,5209,governed_fact_first,1,2,partial_aggregate_first->eligible_dimension_first->governed_fact_first,187.1448,a039514081b4796e7d1834b7afae3deb3610b70fd89009caede47652c28407f4
p0.001-q1.000,p0.001-q1.000-s5209,5209,partial_aggregate_first,2,0,partial_aggregate_first->eligible_dimension_first->governed_fact_first,180.1382,a039514081b4796e7d1834b7afae3deb3610b70fd89009caede47652c28407f4
p0.001-q1.000,p0.001-q1.000-s5209,5209,eligible_dimension_first,2,1,partial_aggregate_first->eligible_dimension_first->governed_fact_first,199.1257,a039514081b4796e7d1834b7afae3deb3610b70fd89009caede47652c28407f4
p0.001-q1.000,p0.001-q1.000-s5209,5209,governed_fact_first,2,2,partial_aggregate_first->eligible_dimension_first->governed_fact_first,165.2604,a039514081b4796e7d1834b7afae3deb3610b70fd89009caede47652c28407f4
p0.001-q1.000,p0.001-q1.000-s5209,5209,governed_fact_first,3,0,governed_fact_first->eligible_dimension_first->partial_aggregate_first,172.8755,a039514081b4796e7d1834b7afae3deb3610b70fd89009caede47652c28407f4
p0.001-q1.000,p0.001-q1.000-s5209,5209,eligible_dimension_first,3,1,governed_fact_first->eligible_dimension_first->partial_aggregate_first,199.4314,a039514081b4796e7d1834b7afae3deb3610b70fd89009caede47652c28407f4
p0.001-q1.000,p0.001-q1.000-s5209,5209,partial_aggregate_first,3,2,governed_fact_first->eligible_dimension_first->partial_aggregate_first,169.4166,a039514081b4796e7d1834b7afae3deb3610b70fd89009caede47652c28407f4
p0.001-q1.000,p0.001-q1.000-s5209,5209,governed_fact_first,4,0,governed_fact_first->eligible_dimension_first->partial_aggregate_first,190.8574,a039514081b4796e7d1834b7afae3deb3610b70fd89009caede47652c28407f4
p0.001-q1.000,p0.001-q1.000-s5209,5209,eligible_dimension_first,4,1,governed_fact_first->eligible_dimension_first->partial_aggregate_first,222.136,a039514081b4796e7d1834b7afae3deb3610b70fd89009caede47652c28407f4
p0.001-q1.000,p0.001-q1.000-s5209,5209,partial_aggregate_first,4,2,governed_fact_first->eligible_dimension_first->partial_aggregate_first,150.2944,a039514081b4796e7d1834b7afae3deb3610b70fd89009caede47652c28407f4
p0.001-q1.000,p0.001-q1.000-s5209,5209,partial_aggregate_first,5,0,partial_aggregate_first->governed_fact_first->eligible_dimension_first,174.956,a039514081b4796e7d1834b7afae3deb3610b70fd89009caede47652c28407f4
p0.001-q1.000,p0.001-q1.000-s5209,5209,governed_fact_first,5,1,partial_aggregate_first->governed_fact_first->eligible_dimension_first,189.9876,a039514081b4796e7d1834b7afae3deb3610b70fd89009caede47652c28407f4
p0.001-q1.000,p0.001-q1.000-s5209,5209,eligible_dimension_first,5,2,partial_aggregate_first->governed_fact_first->eligible_dimension_first,216.4372,a039514081b4796e7d1834b7afae3deb3610b70fd89009caede47652c28407f4
p0.001-q1.000,p0.001-q1.000-s5209,5209,eligible_dimension_first,6,0,eligible_dimension_first->partial_aggregate_first->governed_fact_first,201.2126,a039514081b4796e7d1834b7afae3deb3610b70fd89009caede47652c28407f4
p0.001-q1.000,p0.001-q1.000-s5209,5209,partial_aggregate_first,6,1,eligible_dimension_first->partial_aggregate_first->governed_fact_first,159.633,a039514081b4796e7d1834b7afae3deb3610b70fd89009caede47652c28407f4
p0.001-q1.000,p0.001-q1.000-s5209,5209,governed_fact_first,6,2,eligible_dimension_first->partial_aggregate_first->governed_fact_first,170.7834,a039514081b4796e7d1834b7afae3deb3610b70fd89009caede47652c28407f4
p0.001-q1.000,p0.001-q1.000-s5209,5209,governed_fact_first,7,0,governed_fact_first->partial_aggregate_first->eligible_dimension_first,170.5068,a039514081b4796e7d1834b7afae3deb3610b70fd89009caede47652c28407f4
p0.001-q1.000,p0.001-q1.000-s5209,5209,partial_aggregate_first,7,1,governed_fact_first->partial_aggregate_first->eligible_dimension_first,164.2552,a039514081b4796e7d1834b7afae3deb3610b70fd89009caede47652c28407f4
p0.001-q1.000,p0.001-q1.000-s5209,5209,eligible_dimension_first,7,2,governed_fact_first->partial_aggregate_first->eligible_dimension_first,214.5511,a039514081b4796e7d1834b7afae3deb3610b70fd89009caede47652c28407f4
p0.001-q1.000,p0.001-q1.000-s5209,5209,eligible_dimension_first,8,0,eligible_dimension_first->governed_fact_first->partial_aggregate_first,187.2206,a039514081b4796e7d1834b7afae3deb3610b70fd89009caede47652c28407f4
p0.001-q1.000,p0.001-q1.000-s5209,5209,governed_fact_first,8,1,eligible_dimension_first->governed_fact_first->partial_aggregate_first,154.2139,a039514081b4796e7d1834b7afae3deb3610b70fd89009caede47652c28407f4
p0.001-q1.000,p0.001-q1.000-s5209,5209,partial_aggregate_first,8,2,eligible_dimension_first->governed_fact_first->partial_aggregate_first,147.7486,a039514081b4796e7d1834b7afae3deb3610b70fd89009caede47652c28407f4
p0.001-q1.000,p0.001-q1.000-s5209,5209,eligible_dimension_first,9,0,eligible_dimension_first->governed_fact_first->partial_aggregate_first,185.703,a039514081b4796e7d1834b7afae3deb3610b70fd89009caede47652c28407f4
p0.001-q1.000,p0.001-q1.000-s5209,5209,governed_fact_first,9,1,eligible_dimension_first->governed_fact_first->partial_aggregate_first,176.4398,a039514081b4796e7d1834b7afae3deb3610b70fd89009caede47652c28407f4
p0.001-q1.000,p0.001-q1.000-s5209,5209,partial_aggregate_first,9,2,eligible_dimension_first->governed_fact_first->partial_aggregate_first,170.6098,a039514081b4796e7d1834b7afae3deb3610b70fd89009caede47652c28407f4
p0.001-q1.000,p0.001-q1.000-s5209,5209,eligible_dimension_first,10,0,eligible_dimension_first->partial_aggregate_first->governed_fact_first,216.0723,a039514081b4796e7d1834b7afae3deb3610b70fd89009caede47652c28407f4
p0.001-q1.000,p0.001-q1.000-s5209,5209,partial_aggregate_first,10,1,eligible_dimension_first->partial_aggregate_first->governed_fact_first,171.9912,a039514081b4796e7d1834b7afae3deb3610b70fd89009caede47652c28407f4
p0.001-q1.000,p0.001-q1.000-s5209,5209,governed_fact_first,10,2,eligible_dimension_first->partial_aggregate_first->governed_fact_first,179.4215,a039514081b4796e7d1834b7afae3deb3610b70fd89009caede47652c28407f4
p0.001-q1.000,p0.001-q1.000-s5209,5209,partial_aggregate_first,11,0,partial_aggregate_first->governed_fact_first->eligible_dimension_first,153.8356,a039514081b4796e7d1834b7afae3deb3610b70fd89009caede47652c28407f4
p0.001-q1.000,p0.001-q1.000-s5209,5209,governed_fact_first,11,1,partial_aggregate_first->governed_fact_first->eligible_dimension_first,163.5298,a039514081b4796e7d1834b7afae3deb3610b70fd89009caede47652c28407f4
p0.001-q1.000,p0.001-q1.000-s5209,5209,eligible_dimension_first,11,2,partial_aggregate_first->governed_fact_first->eligible_dimension_first,198.0767,a039514081b4796e7d1834b7afae3deb3610b70fd89009caede47652c28407f4
p0.001-q1.000,p0.001-q1.000-s5303,5303,partial_aggregate_first,0,0,partial_aggregate_first->governed_fact_first->eligible_dimension_first,160.0588,69491c3aa1ae10606b2e36cfd8d77fcd4eeb0889d0cb1c1b7c082248ccc3fe53
p0.001-q1.000,p0.001-q1.000-s5303,5303,governed_fact_first,0,1,partial_aggregate_first->governed_fact_first->eligible_dimension_first,177.0677,69491c3aa1ae10606b2e36cfd8d77fcd4eeb0889d0cb1c1b7c082248ccc3fe53
p0.001-q1.000,p0.001-q1.000-s5303,5303,eligible_dimension_first,0,2,partial_aggregate_first->governed_fact_first->eligible_dimension_first,219.1143,69491c3aa1ae10606b2e36cfd8d77fcd4eeb0889d0cb1c1b7c082248ccc3fe53
p0.001-q1.000,p0.001-q1.000-s5303,5303,governed_fact_first,1,0,governed_fact_first->eligible_dimension_first->partial_aggregate_first,204.3983,69491c3aa1ae10606b2e36cfd8d77fcd4eeb0889d0cb1c1b7c082248ccc3fe53
p0.001-q1.000,p0.001-q1.000-s5303,5303,eligible_dimension_first,1,1,governed_fact_first->eligible_dimension_first->partial_aggregate_first,280.4378,69491c3aa1ae10606b2e36cfd8d77fcd4eeb0889d0cb1c1b7c082248ccc3fe53
p0.001-q1.000,p0.001-q1.000-s5303,5303,partial_aggregate_first,1,2,governed_fact_first->eligible_dimension_first->partial_aggregate_first,166.9802,69491c3aa1ae10606b2e36cfd8d77fcd4eeb0889d0cb1c1b7c082248ccc3fe53
p0.001-q1.000,p0.001-q1.000-s5303,5303,governed_fact_first,2,0,governed_fact_first->partial_aggregate_first->eligible_dimension_first,166.3302,69491c3aa1ae10606b2e36cfd8d77fcd4eeb0889d0cb1c1b7c082248ccc3fe53
p0.001-q1.000,p0.001-q1.000-s5303,5303,partial_aggregate_first,2,1,governed_fact_first->partial_aggregate_first->eligible_dimension_first,150.9928,69491c3aa1ae10606b2e36cfd8d77fcd4eeb0889d0cb1c1b7c082248ccc3fe53
p0.001-q1.000,p0.001-q1.000-s5303,5303,eligible_dimension_first,2,2,governed_fact_first->partial_aggregate_first->eligible_dimension_first,187.2985,69491c3aa1ae10606b2e36cfd8d77fcd4eeb0889d0cb1c1b7c082248ccc3fe53
p0.001-q1.000,p0.001-q1.000-s5303,5303,partial_aggregate_first,3,0,partial_aggregate_first->eligible_dimension_first->governed_fact_first,146.123,69491c3aa1ae10606b2e36cfd8d77fcd4eeb0889d0cb1c1b7c082248ccc3fe53
p0.001-q1.000,p0.001-q1.000-s5303,5303,eligible_dimension_first,3,1,partial_aggregate_first->eligible_dimension_first->governed_fact_first,177.1575,69491c3aa1ae10606b2e36cfd8d77fcd4eeb0889d0cb1c1b7c082248ccc3fe53
p0.001-q1.000,p0.001-q1.000-s5303,5303,governed_fact_first,3,2,partial_aggregate_first->eligible_dimension_first->governed_fact_first,209.4526,69491c3aa1ae10606b2e36cfd8d77fcd4eeb0889d0cb1c1b7c082248ccc3fe53
p0.001-q1.000,p0.001-q1.000-s5303,5303,eligible_dimension_first,4,0,eligible_dimension_first->governed_fact_first->partial_aggregate_first,214.5843,69491c3aa1ae10606b2e36cfd8d77fcd4eeb0889d0cb1c1b7c082248ccc3fe53
p0.001-q1.000,p0.001-q1.000-s5303,5303,governed_fact_first,4,1,eligible_dimension_first->governed_fact_first->partial_aggregate_first,212.6607,69491c3aa1ae10606b2e36cfd8d77fcd4eeb0889d0cb1c1b7c082248ccc3fe53
p0.001-q1.000,p0.001-q1.000-s5303,5303,partial_aggregate_first,4,2,eligible_dimension_first->governed_fact_first->partial_aggregate_first,196.2124,69491c3aa1ae10606b2e36cfd8d77fcd4eeb0889d0cb1c1b7c082248ccc3fe53
p0.001-q1.000,p0.001-q1.000-s5303,5303,partial_aggregate_first,5,0,partial_aggregate_first->governed_fact_first->eligible_dimension_first,179.1041,69491c3aa1ae10606b2e36cfd8d77fcd4eeb0889d0cb1c1b7c082248ccc3fe53
p0.001-q1.000,p0.001-q1.000-s5303,5303,governed_fact_first,5,1,partial_aggregate_first->governed_fact_first->eligible_dimension_first,196.8688,69491c3aa1ae10606b2e36cfd8d77fcd4eeb0889d0cb1c1b7c082248ccc3fe53
p0.001-q1.000,p0.001-q1.000-s5303,5303,eligible_dimension_first,5,2,partial_aggregate_first->governed_fact_first->eligible_dimension_first,211.2836,69491c3aa1ae10606b2e36cfd8d77fcd4eeb0889d0cb1c1b7c082248ccc3fe53
p0.001-q1.000,p0.001-q1.000-s5303,5303,eligible_dimension_first,6,0,eligible_dimension_first->partial_aggregate_first->governed_fact_first,240.764,69491c3aa1ae10606b2e36cfd8d77fcd4eeb0889d0cb1c1b7c082248ccc3fe53
p0.001-q1.000,p0.001-q1.000-s5303,5303,partial_aggregate_first,6,1,eligible_dimension_first->partial_aggregate_first->governed_fact_first,180.8036,69491c3aa1ae10606b2e36cfd8d77fcd4eeb0889d0cb1c1b7c082248ccc3fe53
p0.001-q1.000,p0.001-q1.000-s5303,5303,governed_fact_first,6,2,eligible_dimension_first->partial_aggregate_first->governed_fact_first,166.79,69491c3aa1ae10606b2e36cfd8d77fcd4eeb0889d0cb1c1b7c082248ccc3fe53
p0.001-q1.000,p0.001-q1.000-s5303,5303,eligible_dimension_first,7,0,eligible_dimension_first->governed_fact_first->partial_aggregate_first,184.8942,69491c3aa1ae10606b2e36cfd8d77fcd4eeb0889d0cb1c1b7c082248ccc3fe53
p0.001-q1.000,p0.001-q1.000-s5303,5303,governed_fact_first,7,1,eligible_dimension_first->governed_fact_first->partial_aggregate_first,164.7362,69491c3aa1ae10606b2e36cfd8d77fcd4eeb0889d0cb1c1b7c082248ccc3fe53
p0.001-q1.000,p0.001-q1.000-s5303,5303,partial_aggregate_first,7,2,eligible_dimension_first->governed_fact_first->partial_aggregate_first,144.3061,69491c3aa1ae10606b2e36cfd8d77fcd4eeb0889d0cb1c1b7c082248ccc3fe53
p0.001-q1.000,p0.001-q1.000-s5303,5303,eligible_dimension_first,8,0,eligible_dimension_first->partial_aggregate_first->governed_fact_first,197.4894,69491c3aa1ae10606b2e36cfd8d77fcd4eeb0889d0cb1c1b7c082248ccc3fe53
p0.001-q1.000,p0.001-q1.000-s5303,5303,partial_aggregate_first,8,1,eligible_dimension_first->partial_aggregate_first->governed_fact_first,163.9796,69491c3aa1ae10606b2e36cfd8d77fcd4eeb0889d0cb1c1b7c082248ccc3fe53
p0.001-q1.000,p0.001-q1.000-s5303,5303,governed_fact_first,8,2,eligible_dimension_first->partial_aggregate_first->governed_fact_first,295.1447,69491c3aa1ae10606b2e36cfd8d77fcd4eeb0889d0cb1c1b7c082248ccc3fe53
p0.001-q1.000,p0.001-q1.000-s5303,5303,partial_aggregate_first,9,0,partial_aggregate_first->eligible_dimension_first->governed_fact_first,178.2184,69491c3aa1ae10606b2e36cfd8d77fcd4eeb0889d0cb1c1b7c082248ccc3fe53
p0.001-q1.000,p0.001-q1.000-s5303,5303,eligible_dimension_first,9,1,partial_aggregate_first->eligible_dimension_first->governed_fact_first,193.8886,69491c3aa1ae10606b2e36cfd8d77fcd4eeb0889d0cb1c1b7c082248ccc3fe53
p0.001-q1.000,p0.001-q1.000-s5303,5303,governed_fact_first,9,2,partial_aggregate_first->eligible_dimension_first->governed_fact_first,174.5434,69491c3aa1ae10606b2e36cfd8d77fcd4eeb0889d0cb1c1b7c082248ccc3fe53
p0.001-q1.000,p0.001-q1.000-s5303,5303,governed_fact_first,10,0,governed_fact_first->eligible_dimension_first->partial_aggregate_first,164.1247,69491c3aa1ae10606b2e36cfd8d77fcd4eeb0889d0cb1c1b7c082248ccc3fe53
p0.001-q1.000,p0.001-q1.000-s5303,5303,eligible_dimension_first,10,1,governed_fact_first->eligible_dimension_first->partial_aggregate_first,257.5874,69491c3aa1ae10606b2e36cfd8d77fcd4eeb0889d0cb1c1b7c082248ccc3fe53
p0.001-q1.000,p0.001-q1.000-s5303,5303,partial_aggregate_first,10,2,governed_fact_first->eligible_dimension_first->partial_aggregate_first,232.0548,69491c3aa1ae10606b2e36cfd8d77fcd4eeb0889d0cb1c1b7c082248ccc3fe53
p0.001-q1.000,p0.001-q1.000-s5303,5303,governed_fact_first,11,0,governed_fact_first->partial_aggregate_first->eligible_dimension_first,196.5082,69491c3aa1ae10606b2e36cfd8d77fcd4eeb0889d0cb1c1b7c082248ccc3fe53
p0.001-q1.000,p0.001-q1.000-s5303,5303,partial_aggregate_first,11,1,governed_fact_first->partial_aggregate_first->eligible_dimension_first,191.7194,69491c3aa1ae10606b2e36cfd8d77fcd4eeb0889d0cb1c1b7c082248ccc3fe53
p0.001-q1.000,p0.001-q1.000-s5303,5303,eligible_dimension_first,11,2,governed_fact_first->partial_aggregate_first->eligible_dimension_first,447.1024,69491c3aa1ae10606b2e36cfd8d77fcd4eeb0889d0cb1c1b7c082248ccc3fe53
p0.005-q0.750,p0.005-q0.750-s5101,5101,eligible_dimension_first,0,0,eligible_dimension_first->partial_aggregate_first->governed_fact_first,296.9864,0dedfd9e4f76f578d73138f7ea9697d5b7fd7c1278e6a077d37f9f02ba2e7fd3
p0.005-q0.750,p0.005-q0.750-s5101,5101,partial_aggregate_first,0,1,eligible_dimension_first->partial_aggregate_first->governed_fact_first,202.2283,0dedfd9e4f76f578d73138f7ea9697d5b7fd7c1278e6a077d37f9f02ba2e7fd3
p0.005-q0.750,p0.005-q0.750-s5101,5101,governed_fact_first,0,2,eligible_dimension_first->partial_aggregate_first->governed_fact_first,206.1087,0dedfd9e4f76f578d73138f7ea9697d5b7fd7c1278e6a077d37f9f02ba2e7fd3
p0.005-q0.750,p0.005-q0.750-s5101,5101,governed_fact_first,1,0,governed_fact_first->partial_aggregate_first->eligible_dimension_first,225.2117,0dedfd9e4f76f578d73138f7ea9697d5b7fd7c1278e6a077d37f9f02ba2e7fd3
p0.005-q0.750,p0.005-q0.750-s5101,5101,partial_aggregate_first,1,1,governed_fact_first->partial_aggregate_first->eligible_dimension_first,247.8782,0dedfd9e4f76f578d73138f7ea9697d5b7fd7c1278e6a077d37f9f02ba2e7fd3
p0.005-q0.750,p0.005-q0.750-s5101,5101,eligible_dimension_first,1,2,governed_fact_first->partial_aggregate_first->eligible_dimension_first,345.4521,0dedfd9e4f76f578d73138f7ea9697d5b7fd7c1278e6a077d37f9f02ba2e7fd3
p0.005-q0.750,p0.005-q0.750-s5101,5101,partial_aggregate_first,2,0,partial_aggregate_first->governed_fact_first->eligible_dimension_first,264.5445,0dedfd9e4f76f578d73138f7ea9697d5b7fd7c1278e6a077d37f9f02ba2e7fd3
p0.005-q0.750,p0.005-q0.750-s5101,5101,governed_fact_first,2,1,partial_aggregate_first->governed_fact_first->eligible_dimension_first,202.5259,0dedfd9e4f76f578d73138f7ea9697d5b7fd7c1278e6a077d37f9f02ba2e7fd3
p0.005-q0.750,p0.005-q0.750-s5101,5101,eligible_dimension_first,2,2,partial_aggregate_first->governed_fact_first->eligible_dimension_first,266.8463,0dedfd9e4f76f578d73138f7ea9697d5b7fd7c1278e6a077d37f9f02ba2e7fd3
p0.005-q0.750,p0.005-q0.750-s5101,5101,partial_aggregate_first,3,0,partial_aggregate_first->eligible_dimension_first->governed_fact_first,200.9242,0dedfd9e4f76f578d73138f7ea9697d5b7fd7c1278e6a077d37f9f02ba2e7fd3
p0.005-q0.750,p0.005-q0.750-s5101,5101,eligible_dimension_first,3,1,partial_aggregate_first->eligible_dimension_first->governed_fact_first,332.8312,0dedfd9e4f76f578d73138f7ea9697d5b7fd7c1278e6a077d37f9f02ba2e7fd3
p0.005-q0.750,p0.005-q0.750-s5101,5101,governed_fact_first,3,2,partial_aggregate_first->eligible_dimension_first->governed_fact_first,235.2311,0dedfd9e4f76f578d73138f7ea9697d5b7fd7c1278e6a077d37f9f02ba2e7fd3
p0.005-q0.750,p0.005-q0.750-s5101,5101,governed_fact_first,4,0,governed_fact_first->partial_aggregate_first->eligible_dimension_first,185.5618,0dedfd9e4f76f578d73138f7ea9697d5b7fd7c1278e6a077d37f9f02ba2e7fd3
p0.005-q0.750,p0.005-q0.750-s5101,5101,partial_aggregate_first,4,1,governed_fact_first->partial_aggregate_first->eligible_dimension_first,228.3575,0dedfd9e4f76f578d73138f7ea9697d5b7fd7c1278e6a077d37f9f02ba2e7fd3
p0.005-q0.750,p0.005-q0.750-s5101,5101,eligible_dimension_first,4,2,governed_fact_first->partial_aggregate_first->eligible_dimension_first,254.9182,0dedfd9e4f76f578d73138f7ea9697d5b7fd7c1278e6a077d37f9f02ba2e7fd3
p0.005-q0.750,p0.005-q0.750-s5101,5101,partial_aggregate_first,5,0,partial_aggregate_first->eligible_dimension_first->governed_fact_first,240.2597,0dedfd9e4f76f578d73138f7ea9697d5b7fd7c1278e6a077d37f9f02ba2e7fd3
p0.005-q0.750,p0.005-q0.750-s5101,5101,eligible_dimension_first,5,1,partial_aggregate_first->eligible_dimension_first->governed_fact_first,268.246,0dedfd9e4f76f578d73138f7ea9697d5b7fd7c1278e6a077d37f9f02ba2e7fd3
p0.005-q0.750,p0.005-q0.750-s5101,5101,governed_fact_first,5,2,partial_aggregate_first->eligible_dimension_first->governed_fact_first,178.5257,0dedfd9e4f76f578d73138f7ea9697d5b7fd7c1278e6a077d37f9f02ba2e7fd3
p0.005-q0.750,p0.005-q0.750-s5101,5101,eligible_dimension_first,6,0,eligible_dimension_first->governed_fact_first->partial_aggregate_first,237.1162,0dedfd9e4f76f578d73138f7ea9697d5b7fd7c1278e6a077d37f9f02ba2e7fd3
p0.005-q0.750,p0.005-q0.750-s5101,5101,governed_fact_first,6,1,eligible_dimension_first->governed_fact_first->partial_aggregate_first,196.8532,0dedfd9e4f76f578d73138f7ea9697d5b7fd7c1278e6a077d37f9f02ba2e7fd3
p0.005-q0.750,p0.005-q0.750-s5101,5101,partial_aggregate_first,6,2,eligible_dimension_first->governed_fact_first->partial_aggregate_first,305.4649,0dedfd9e4f76f578d73138f7ea9697d5b7fd7c1278e6a077d37f9f02ba2e7fd3
p0.005-q0.750,p0.005-q0.750-s5101,5101,eligible_dimension_first,7,0,eligible_dimension_first->partial_aggregate_first->governed_fact_first,260.5688,0dedfd9e4f76f578d73138f7ea9697d5b7fd7c1278e6a077d37f9f02ba2e7fd3
p0.005-q0.750,p0.005-q0.750-s5101,5101,partial_aggregate_first,7,1,eligible_dimension_first->partial_aggregate_first->governed_fact_first,187.6072,0dedfd9e4f76f578d73138f7ea9697d5b7fd7c1278e6a077d37f9f02ba2e7fd3
p0.005-q0.750,p0.005-q0.750-s5101,5101,governed_fact_first,7,2,eligible_dimension_first->partial_aggregate_first->governed_fact_first,225.9429,0dedfd9e4f76f578d73138f7ea9697d5b7fd7c1278e6a077d37f9f02ba2e7fd3
p0.005-q0.750,p0.005-q0.750-s5101,5101,governed_fact_first,8,0,governed_fact_first->eligible_dimension_first->partial_aggregate_first,186.9288,0dedfd9e4f76f578d73138f7ea9697d5b7fd7c1278e6a077d37f9f02ba2e7fd3
p0.005-q0.750,p0.005-q0.750-s5101,5101,eligible_dimension_first,8,1,governed_fact_first->eligible_dimension_first->partial_aggregate_first,273.1297,0dedfd9e4f76f578d73138f7ea9697d5b7fd7c1278e6a077d37f9f02ba2e7fd3
p0.005-q0.750,p0.005-q0.750-s5101,5101,partial_aggregate_first,8,2,governed_fact_first->eligible_dimension_first->partial_aggregate_first,214.214,0dedfd9e4f76f578d73138f7ea9697d5b7fd7c1278e6a077d37f9f02ba2e7fd3
p0.005-q0.750,p0.005-q0.750-s5101,5101,eligible_dimension_first,9,0,eligible_dimension_first->governed_fact_first->partial_aggregate_first,250.6189,0dedfd9e4f76f578d73138f7ea9697d5b7fd7c1278e6a077d37f9f02ba2e7fd3
p0.005-q0.750,p0.005-q0.750-s5101,5101,governed_fact_first,9,1,eligible_dimension_first->governed_fact_first->partial_aggregate_first,216.5497,0dedfd9e4f76f578d73138f7ea9697d5b7fd7c1278e6a077d37f9f02ba2e7fd3
p0.005-q0.750,p0.005-q0.750-s5101,5101,partial_aggregate_first,9,2,eligible_dimension_first->governed_fact_first->partial_aggregate_first,182.7757,0dedfd9e4f76f578d73138f7ea9697d5b7fd7c1278e6a077d37f9f02ba2e7fd3
p0.005-q0.750,p0.005-q0.750-s5101,5101,partial_aggregate_first,10,0,partial_aggregate_first->governed_fact_first->eligible_dimension_first,184.9135,0dedfd9e4f76f578d73138f7ea9697d5b7fd7c1278e6a077d37f9f02ba2e7fd3
p0.005-q0.750,p0.005-q0.750-s5101,5101,governed_fact_first,10,1,partial_aggregate_first->governed_fact_first->eligible_dimension_first,191.8026,0dedfd9e4f76f578d73138f7ea9697d5b7fd7c1278e6a077d37f9f02ba2e7fd3
p0.005-q0.750,p0.005-q0.750-s5101,5101,eligible_dimension_first,10,2,partial_aggregate_first->governed_fact_first->eligible_dimension_first,242.1061,0dedfd9e4f76f578d73138f7ea9697d5b7fd7c1278e6a077d37f9f02ba2e7fd3
p0.005-q0.750,p0.005-q0.750-s5101,5101,governed_fact_first,11,0,governed_fact_first->eligible_dimension_first->partial_aggregate_first,194.2101,0dedfd9e4f76f578d73138f7ea9697d5b7fd7c1278e6a077d37f9f02ba2e7fd3
p0.005-q0.750,p0.005-q0.750-s5101,5101,eligible_dimension_first,11,1,governed_fact_first->eligible_dimension_first->partial_aggregate_first,279.1956,0dedfd9e4f76f578d73138f7ea9697d5b7fd7c1278e6a077d37f9f02ba2e7fd3
p0.005-q0.750,p0.005-q0.750-s5101,5101,partial_aggregate_first,11,2,governed_fact_first->eligible_dimension_first->partial_aggregate_first,186.8491,0dedfd9e4f76f578d73138f7ea9697d5b7fd7c1278e6a077d37f9f02ba2e7fd3
p0.005-q0.750,p0.005-q0.750-s5209,5209,partial_aggregate_first,0,0,partial_aggregate_first->governed_fact_first->eligible_dimension_first,175.738,bfca6260e92b96457e3df1fdb618177c9bd482b1ac2f6cb02b83cc9037b8cf51
p0.005-q0.750,p0.005-q0.750-s5209,5209,governed_fact_first,0,1,partial_aggregate_first->governed_fact_first->eligible_dimension_first,179.4944,bfca6260e92b96457e3df1fdb618177c9bd482b1ac2f6cb02b83cc9037b8cf51
p0.005-q0.750,p0.005-q0.750-s5209,5209,eligible_dimension_first,0,2,partial_aggregate_first->governed_fact_first->eligible_dimension_first,237.2539,bfca6260e92b96457e3df1fdb618177c9bd482b1ac2f6cb02b83cc9037b8cf51
p0.005-q0.750,p0.005-q0.750-s5209,5209,governed_fact_first,1,0,governed_fact_first->eligible_dimension_first->partial_aggregate_first,220.2452,bfca6260e92b96457e3df1fdb618177c9bd482b1ac2f6cb02b83cc9037b8cf51
p0.005-q0.750,p0.005-q0.750-s5209,5209,eligible_dimension_first,1,1,governed_fact_first->eligible_dimension_first->partial_aggregate_first,273.2838,bfca6260e92b96457e3df1fdb618177c9bd482b1ac2f6cb02b83cc9037b8cf51
p0.005-q0.750,p0.005-q0.750-s5209,5209,partial_aggregate_first,1,2,governed_fact_first->eligible_dimension_first->partial_aggregate_first,203.8183,bfca6260e92b96457e3df1fdb618177c9bd482b1ac2f6cb02b83cc9037b8cf51
p0.005-q0.750,p0.005-q0.750-s5209,5209,partial_aggregate_first,2,0,partial_aggregate_first->governed_fact_first->eligible_dimension_first,198.8932,bfca6260e92b96457e3df1fdb618177c9bd482b1ac2f6cb02b83cc9037b8cf51
p0.005-q0.750,p0.005-q0.750-s5209,5209,governed_fact_first,2,1,partial_aggregate_first->governed_fact_first->eligible_dimension_first,201.9111,bfca6260e92b96457e3df1fdb618177c9bd482b1ac2f6cb02b83cc9037b8cf51
p0.005-q0.750,p0.005-q0.750-s5209,5209,eligible_dimension_first,2,2,partial_aggregate_first->governed_fact_first->eligible_dimension_first,260.4728,bfca6260e92b96457e3df1fdb618177c9bd482b1ac2f6cb02b83cc9037b8cf51
p0.005-q0.750,p0.005-q0.750-s5209,5209,eligible_dimension_first,3,0,eligible_dimension_first->partial_aggregate_first->governed_fact_first,246.1131,bfca6260e92b96457e3df1fdb618177c9bd482b1ac2f6cb02b83cc9037b8cf51
p0.005-q0.750,p0.005-q0.750-s5209,5209,partial_aggregate_first,3,1,eligible_dimension_first->partial_aggregate_first->governed_fact_first,200.1513,bfca6260e92b96457e3df1fdb618177c9bd482b1ac2f6cb02b83cc9037b8cf51
p0.005-q0.750,p0.005-q0.750-s5209,5209,governed_fact_first,3,2,eligible_dimension_first->partial_aggregate_first->governed_fact_first,218.7433,bfca6260e92b96457e3df1fdb618177c9bd482b1ac2f6cb02b83cc9037b8cf51
p0.005-q0.750,p0.005-q0.750-s5209,5209,partial_aggregate_first,4,0,partial_aggregate_first->eligible_dimension_first->governed_fact_first,192.55,bfca6260e92b96457e3df1fdb618177c9bd482b1ac2f6cb02b83cc9037b8cf51
p0.005-q0.750,p0.005-q0.750-s5209,5209,eligible_dimension_first,4,1,partial_aggregate_first->eligible_dimension_first->governed_fact_first,258.2448,bfca6260e92b96457e3df1fdb618177c9bd482b1ac2f6cb02b83cc9037b8cf51
p0.005-q0.750,p0.005-q0.750-s5209,5209,governed_fact_first,4,2,partial_aggregate_first->eligible_dimension_first->governed_fact_first,200.9313,bfca6260e92b96457e3df1fdb618177c9bd482b1ac2f6cb02b83cc9037b8cf51
p0.005-q0.750,p0.005-q0.750-s5209,5209,eligible_dimension_first,5,0,eligible_dimension_first->governed_fact_first->partial_aggregate_first,316.5424,bfca6260e92b96457e3df1fdb618177c9bd482b1ac2f6cb02b83cc9037b8cf51
p0.005-q0.750,p0.005-q0.750-s5209,5209,governed_fact_first,5,1,eligible_dimension_first->governed_fact_first->partial_aggregate_first,236.962,bfca6260e92b96457e3df1fdb618177c9bd482b1ac2f6cb02b83cc9037b8cf51
p0.005-q0.750,p0.005-q0.750-s5209,5209,partial_aggregate_first,5,2,eligible_dimension_first->governed_fact_first->partial_aggregate_first,190.5724,bfca6260e92b96457e3df1fdb618177c9bd482b1ac2f6cb02b83cc9037b8cf51
p0.005-q0.750,p0.005-q0.750-s5209,5209,governed_fact_first,6,0,governed_fact_first->eligible_dimension_first->partial_aggregate_first,186.4558,bfca6260e92b96457e3df1fdb618177c9bd482b1ac2f6cb02b83cc9037b8cf51
p0.005-q0.750,p0.005-q0.750-s5209,5209,eligible_dimension_first,6,1,governed_fact_first->eligible_dimension_first->partial_aggregate_first,252.4901,bfca6260e92b96457e3df1fdb618177c9bd482b1ac2f6cb02b83cc9037b8cf51
p0.005-q0.750,p0.005-q0.750-s5209,5209,partial_aggregate_first,6,2,governed_fact_first->eligible_dimension_first->partial_aggregate_first,184.9366,bfca6260e92b96457e3df1fdb618177c9bd482b1ac2f6cb02b83cc9037b8cf51
p0.005-q0.750,p0.005-q0.750-s5209,5209,eligible_dimension_first,7,0,eligible_dimension_first->partial_aggregate_first->governed_fact_first,258.2987,bfca6260e92b96457e3df1fdb618177c9bd482b1ac2f6cb02b83cc9037b8cf51
p0.005-q0.750,p0.005-q0.750-s5209,5209,partial_aggregate_first,7,1,eligible_dimension_first->partial_aggregate_first->governed_fact_first,171.9314,bfca6260e92b96457e3df1fdb618177c9bd482b1ac2f6cb02b83cc9037b8cf51
p0.005-q0.750,p0.005-q0.750-s5209,5209,governed_fact_first,7,2,eligible_dimension_first->partial_aggregate_first->governed_fact_first,177.8593,bfca6260e92b96457e3df1fdb618177c9bd482b1ac2f6cb02b83cc9037b8cf51
p0.005-q0.750,p0.005-q0.750-s5209,5209,governed_fact_first,8,0,governed_fact_first->partial_aggregate_first->eligible_dimension_first,240.5906,bfca6260e92b96457e3df1fdb618177c9bd482b1ac2f6cb02b83cc9037b8cf51
p0.005-q0.750,p0.005-q0.750-s5209,5209,partial_aggregate_first,8,1,governed_fact_first->partial_aggregate_first->eligible_dimension_first,209.8544,bfca6260e92b96457e3df1fdb618177c9bd482b1ac2f6cb02b83cc9037b8cf51
p0.005-q0.750,p0.005-q0.750-s5209,5209,eligible_dimension_first,8,2,governed_fact_first->partial_aggregate_first->eligible_dimension_first,233.6222,bfca6260e92b96457e3df1fdb618177c9bd482b1ac2f6cb02b83cc9037b8cf51
p0.005-q0.750,p0.005-q0.750-s5209,5209,eligible_dimension_first,9,0,eligible_dimension_first->governed_fact_first->partial_aggregate_first,265.8991,bfca6260e92b96457e3df1fdb618177c9bd482b1ac2f6cb02b83cc9037b8cf51
p0.005-q0.750,p0.005-q0.750-s5209,5209,governed_fact_first,9,1,eligible_dimension_first->governed_fact_first->partial_aggregate_first,226.5645,bfca6260e92b96457e3df1fdb618177c9bd482b1ac2f6cb02b83cc9037b8cf51
p0.005-q0.750,p0.005-q0.750-s5209,5209,partial_aggregate_first,9,2,eligible_dimension_first->governed_fact_first->partial_aggregate_first,175.2717,bfca6260e92b96457e3df1fdb618177c9bd482b1ac2f6cb02b83cc9037b8cf51
p0.005-q0.750,p0.005-q0.750-s5209,5209,governed_fact_first,10,0,governed_fact_first->partial_aggregate_first->eligible_dimension_first,189.0821,bfca6260e92b96457e3df1fdb618177c9bd482b1ac2f6cb02b83cc9037b8cf51
p0.005-q0.750,p0.005-q0.750-s5209,5209,partial_aggregate_first,10,1,governed_fact_first->partial_aggregate_first->eligible_dimension_first,176.6198,bfca6260e92b96457e3df1fdb618177c9bd482b1ac2f6cb02b83cc9037b8cf51
p0.005-q0.750,p0.005-q0.750-s5209,5209,eligible_dimension_first,10,2,governed_fact_first->partial_aggregate_first->eligible_dimension_first,293.795,bfca6260e92b96457e3df1fdb618177c9bd482b1ac2f6cb02b83cc9037b8cf51
p0.005-q0.750,p0.005-q0.750-s5209,5209,partial_aggregate_first,11,0,partial_aggregate_first->eligible_dimension_first->governed_fact_first,202.6015,bfca6260e92b96457e3df1fdb618177c9bd482b1ac2f6cb02b83cc9037b8cf51
p0.005-q0.750,p0.005-q0.750-s5209,5209,eligible_dimension_first,11,1,partial_aggregate_first->eligible_dimension_first->governed_fact_first,265.3592,bfca6260e92b96457e3df1fdb618177c9bd482b1ac2f6cb02b83cc9037b8cf51
p0.005-q0.750,p0.005-q0.750-s5209,5209,governed_fact_first,11,2,partial_aggregate_first->eligible_dimension_first->governed_fact_first,172.7555,bfca6260e92b96457e3df1fdb618177c9bd482b1ac2f6cb02b83cc9037b8cf51
p0.005-q0.750,p0.005-q0.750-s5303,5303,partial_aggregate_first,0,0,partial_aggregate_first->eligible_dimension_first->governed_fact_first,221.204,040f884518bd331f38737ac7f220835e570d4e9ebfd5bb8afaa80e5f651ef7c7
p0.005-q0.750,p0.005-q0.750-s5303,5303,eligible_dimension_first,0,1,partial_aggregate_first->eligible_dimension_first->governed_fact_first,245.7494,040f884518bd331f38737ac7f220835e570d4e9ebfd5bb8afaa80e5f651ef7c7
p0.005-q0.750,p0.005-q0.750-s5303,5303,governed_fact_first,0,2,partial_aggregate_first->eligible_dimension_first->governed_fact_first,190.6772,040f884518bd331f38737ac7f220835e570d4e9ebfd5bb8afaa80e5f651ef7c7
p0.005-q0.750,p0.005-q0.750-s5303,5303,partial_aggregate_first,1,0,partial_aggregate_first->governed_fact_first->eligible_dimension_first,203.5938,040f884518bd331f38737ac7f220835e570d4e9ebfd5bb8afaa80e5f651ef7c7
p0.005-q0.750,p0.005-q0.750-s5303,5303,governed_fact_first,1,1,partial_aggregate_first->governed_fact_first->eligible_dimension_first,216.0581,040f884518bd331f38737ac7f220835e570d4e9ebfd5bb8afaa80e5f651ef7c7
p0.005-q0.750,p0.005-q0.750-s5303,5303,eligible_dimension_first,1,2,partial_aggregate_first->governed_fact_first->eligible_dimension_first,251.9659,040f884518bd331f38737ac7f220835e570d4e9ebfd5bb8afaa80e5f651ef7c7
p0.005-q0.750,p0.005-q0.750-s5303,5303,governed_fact_first,2,0,governed_fact_first->partial_aggregate_first->eligible_dimension_first,197.9041,040f884518bd331f38737ac7f220835e570d4e9ebfd5bb8afaa80e5f651ef7c7
p0.005-q0.750,p0.005-q0.750-s5303,5303,partial_aggregate_first,2,1,governed_fact_first->partial_aggregate_first->eligible_dimension_first,195.8684,040f884518bd331f38737ac7f220835e570d4e9ebfd5bb8afaa80e5f651ef7c7
p0.005-q0.750,p0.005-q0.750-s5303,5303,eligible_dimension_first,2,2,governed_fact_first->partial_aggregate_first->eligible_dimension_first,267.8948,040f884518bd331f38737ac7f220835e570d4e9ebfd5bb8afaa80e5f651ef7c7
p0.005-q0.750,p0.005-q0.750-s5303,5303,governed_fact_first,3,0,governed_fact_first->partial_aggregate_first->eligible_dimension_first,205.1975,040f884518bd331f38737ac7f220835e570d4e9ebfd5bb8afaa80e5f651ef7c7
p0.005-q0.750,p0.005-q0.750-s5303,5303,partial_aggregate_first,3,1,governed_fact_first->partial_aggregate_first->eligible_dimension_first,231.4656,040f884518bd331f38737ac7f220835e570d4e9ebfd5bb8afaa80e5f651ef7c7
p0.005-q0.750,p0.005-q0.750-s5303,5303,eligible_dimension_first,3,2,governed_fact_first->partial_aggregate_first->eligible_dimension_first,341.0833,040f884518bd331f38737ac7f220835e570d4e9ebfd5bb8afaa80e5f651ef7c7
p0.005-q0.750,p0.005-q0.750-s5303,5303,eligible_dimension_first,4,0,eligible_dimension_first->partial_aggregate_first->governed_fact_first,272.1359,040f884518bd331f38737ac7f220835e570d4e9ebfd5bb8afaa80e5f651ef7c7
p0.005-q0.750,p0.005-q0.750-s5303,5303,partial_aggregate_first,4,1,eligible_dimension_first->partial_aggregate_first->governed_fact_first,230.644,040f884518bd331f38737ac7f220835e570d4e9ebfd5bb8afaa80e5f651ef7c7
p0.005-q0.750,p0.005-q0.750-s5303,5303,governed_fact_first,4,2,eligible_dimension_first->partial_aggregate_first->governed_fact_first,203.5499,040f884518bd331f38737ac7f220835e570d4e9ebfd5bb8afaa80e5f651ef7c7
p0.005-q0.750,p0.005-q0.750-s5303,5303,governed_fact_first,5,0,governed_fact_first->eligible_dimension_first->partial_aggregate_first,202.1294,040f884518bd331f38737ac7f220835e570d4e9ebfd5bb8afaa80e5f651ef7c7
p0.005-q0.750,p0.005-q0.750-s5303,5303,eligible_dimension_first,5,1,governed_fact_first->eligible_dimension_first->partial_aggregate_first,255.359,040f884518bd331f38737ac7f220835e570d4e9ebfd5bb8afaa80e5f651ef7c7
p0.005-q0.750,p0.005-q0.750-s5303,5303,partial_aggregate_first,5,2,governed_fact_first->eligible_dimension_first->partial_aggregate_first,189.6127,040f884518bd331f38737ac7f220835e570d4e9ebfd5bb8afaa80e5f651ef7c7
p0.005-q0.750,p0.005-q0.750-s5303,5303,eligible_dimension_first,6,0,eligible_dimension_first->partial_aggregate_first->governed_fact_first,250.4689,040f884518bd331f38737ac7f220835e570d4e9ebfd5bb8afaa80e5f651ef7c7
p0.005-q0.750,p0.005-q0.750-s5303,5303,partial_aggregate_first,6,1,eligible_dimension_first->partial_aggregate_first->governed_fact_first,190.9803,040f884518bd331f38737ac7f220835e570d4e9ebfd5bb8afaa80e5f651ef7c7
p0.005-q0.750,p0.005-q0.750-s5303,5303,governed_fact_first,6,2,eligible_dimension_first->partial_aggregate_first->governed_fact_first,201.7989,040f884518bd331f38737ac7f220835e570d4e9ebfd5bb8afaa80e5f651ef7c7
p0.005-q0.750,p0.005-q0.750-s5303,5303,governed_fact_first,7,0,governed_fact_first->eligible_dimension_first->partial_aggregate_first,204.0838,040f884518bd331f38737ac7f220835e570d4e9ebfd5bb8afaa80e5f651ef7c7
p0.005-q0.750,p0.005-q0.750-s5303,5303,eligible_dimension_first,7,1,governed_fact_first->eligible_dimension_first->partial_aggregate_first,262.499,040f884518bd331f38737ac7f220835e570d4e9ebfd5bb8afaa80e5f651ef7c7
p0.005-q0.750,p0.005-q0.750-s5303,5303,partial_aggregate_first,7,2,governed_fact_first->eligible_dimension_first->partial_aggregate_first,188.213,040f884518bd331f38737ac7f220835e570d4e9ebfd5bb8afaa80e5f651ef7c7
p0.005-q0.750,p0.005-q0.750-s5303,5303,eligible_dimension_first,8,0,eligible_dimension_first->governed_fact_first->partial_aggregate_first,255.9789,040f884518bd331f38737ac7f220835e570d4e9ebfd5bb8afaa80e5f651ef7c7
p0.005-q0.750,p0.005-q0.750-s5303,5303,governed_fact_first,8,1,eligible_dimension_first->governed_fact_first->partial_aggregate_first,207.9474,040f884518bd331f38737ac7f220835e570d4e9ebfd5bb8afaa80e5f651ef7c7
p0.005-q0.750,p0.005-q0.750-s5303,5303,partial_aggregate_first,8,2,eligible_dimension_first->governed_fact_first->partial_aggregate_first,202.0948,040f884518bd331f38737ac7f220835e570d4e9ebfd5bb8afaa80e5f651ef7c7
p0.005-q0.750,p0.005-q0.750-s5303,5303,eligible_dimension_first,9,0,eligible_dimension_first->governed_fact_first->partial_aggregate_first,259.9168,040f884518bd331f38737ac7f220835e570d4e9ebfd5bb8afaa80e5f651ef7c7
p0.005-q0.750,p0.005-q0.750-s5303,5303,governed_fact_first,9,1,eligible_dimension_first->governed_fact_first->partial_aggregate_first,198.7862,040f884518bd331f38737ac7f220835e570d4e9ebfd5bb8afaa80e5f651ef7c7
p0.005-q0.750,p0.005-q0.750-s5303,5303,partial_aggregate_first,9,2,eligible_dimension_first->governed_fact_first->partial_aggregate_first,198.8541,040f884518bd331f38737ac7f220835e570d4e9ebfd5bb8afaa80e5f651ef7c7
p0.005-q0.750,p0.005-q0.750-s5303,5303,partial_aggregate_first,10,0,partial_aggregate_first->eligible_dimension_first->governed_fact_first,202.0633,040f884518bd331f38737ac7f220835e570d4e9ebfd5bb8afaa80e5f651ef7c7
p0.005-q0.750,p0.005-q0.750-s5303,5303,eligible_dimension_first,10,1,partial_aggregate_first->eligible_dimension_first->governed_fact_first,259.827,040f884518bd331f38737ac7f220835e570d4e9ebfd5bb8afaa80e5f651ef7c7
p0.005-q0.750,p0.005-q0.750-s5303,5303,governed_fact_first,10,2,partial_aggregate_first->eligible_dimension_first->governed_fact_first,194.5249,040f884518bd331f38737ac7f220835e570d4e9ebfd5bb8afaa80e5f651ef7c7
p0.005-q0.750,p0.005-q0.750-s5303,5303,partial_aggregate_first,11,0,partial_aggregate_first->governed_fact_first->eligible_dimension_first,202.8564,040f884518bd331f38737ac7f220835e570d4e9ebfd5bb8afaa80e5f651ef7c7
p0.005-q0.750,p0.005-q0.750-s5303,5303,governed_fact_first,11,1,partial_aggregate_first->governed_fact_first->eligible_dimension_first,209.9778,040f884518bd331f38737ac7f220835e570d4e9ebfd5bb8afaa80e5f651ef7c7
p0.005-q0.750,p0.005-q0.750-s5303,5303,eligible_dimension_first,11,2,partial_aggregate_first->governed_fact_first->eligible_dimension_first,263.6128,040f884518bd331f38737ac7f220835e570d4e9ebfd5bb8afaa80e5f651ef7c7
p0.010-q0.250,p0.010-q0.250-s5101,5101,partial_aggregate_first,0,0,partial_aggregate_first->governed_fact_first->eligible_dimension_first,199.9684,4f861384fe22eb47dcce608386659d354cff67856d68c35c7208d4f658bfc579
p0.010-q0.250,p0.010-q0.250-s5101,5101,governed_fact_first,0,1,partial_aggregate_first->governed_fact_first->eligible_dimension_first,211.0499,4f861384fe22eb47dcce608386659d354cff67856d68c35c7208d4f658bfc579
p0.010-q0.250,p0.010-q0.250-s5101,5101,eligible_dimension_first,0,2,partial_aggregate_first->governed_fact_first->eligible_dimension_first,227.4805,4f861384fe22eb47dcce608386659d354cff67856d68c35c7208d4f658bfc579
p0.010-q0.250,p0.010-q0.250-s5101,5101,partial_aggregate_first,1,0,partial_aggregate_first->eligible_dimension_first->governed_fact_first,221.322,4f861384fe22eb47dcce608386659d354cff67856d68c35c7208d4f658bfc579
p0.010-q0.250,p0.010-q0.250-s5101,5101,eligible_dimension_first,1,1,partial_aggregate_first->eligible_dimension_first->governed_fact_first,227.7162,4f861384fe22eb47dcce608386659d354cff67856d68c35c7208d4f658bfc579
p0.010-q0.250,p0.010-q0.250-s5101,5101,governed_fact_first,1,2,partial_aggregate_first->eligible_dimension_first->governed_fact_first,206.9196,4f861384fe22eb47dcce608386659d354cff67856d68c35c7208d4f658bfc579
p0.010-q0.250,p0.010-q0.250-s5101,5101,governed_fact_first,2,0,governed_fact_first->eligible_dimension_first->partial_aggregate_first,209.5823,4f861384fe22eb47dcce608386659d354cff67856d68c35c7208d4f658bfc579
p0.010-q0.250,p0.010-q0.250-s5101,5101,eligible_dimension_first,2,1,governed_fact_first->eligible_dimension_first->partial_aggregate_first,215.2035,4f861384fe22eb47dcce608386659d354cff67856d68c35c7208d4f658bfc579
p0.010-q0.250,p0.010-q0.250-s5101,5101,partial_aggregate_first,2,2,governed_fact_first->eligible_dimension_first->partial_aggregate_first,199.9268,4f861384fe22eb47dcce608386659d354cff67856d68c35c7208d4f658bfc579
p0.010-q0.250,p0.010-q0.250-s5101,5101,eligible_dimension_first,3,0,eligible_dimension_first->governed_fact_first->partial_aggregate_first,215.2435,4f861384fe22eb47dcce608386659d354cff67856d68c35c7208d4f658bfc579
p0.010-q0.250,p0.010-q0.250-s5101,5101,governed_fact_first,3,1,eligible_dimension_first->governed_fact_first->partial_aggregate_first,216.7115,4f861384fe22eb47dcce608386659d354cff67856d68c35c7208d4f658bfc579
p0.010-q0.250,p0.010-q0.250-s5101,5101,partial_aggregate_first,3,2,eligible_dimension_first->governed_fact_first->partial_aggregate_first,207.1145,4f861384fe22eb47dcce608386659d354cff67856d68c35c7208d4f658bfc579
p0.010-q0.250,p0.010-q0.250-s5101,5101,governed_fact_first,4,0,governed_fact_first->eligible_dimension_first->partial_aggregate_first,232.1849,4f861384fe22eb47dcce608386659d354cff67856d68c35c7208d4f658bfc579
p0.010-q0.250,p0.010-q0.250-s5101,5101,eligible_dimension_first,4,1,governed_fact_first->eligible_dimension_first->partial_aggregate_first,235.5747,4f861384fe22eb47dcce608386659d354cff67856d68c35c7208d4f658bfc579
p0.010-q0.250,p0.010-q0.250-s5101,5101,partial_aggregate_first,4,2,governed_fact_first->eligible_dimension_first->partial_aggregate_first,244.3863,4f861384fe22eb47dcce608386659d354cff67856d68c35c7208d4f658bfc579
p0.010-q0.250,p0.010-q0.250-s5101,5101,governed_fact_first,5,0,governed_fact_first->partial_aggregate_first->eligible_dimension_first,226.6151,4f861384fe22eb47dcce608386659d354cff67856d68c35c7208d4f658bfc579
p0.010-q0.250,p0.010-q0.250-s5101,5101,partial_aggregate_first,5,1,governed_fact_first->partial_aggregate_first->eligible_dimension_first,200.7867,4f861384fe22eb47dcce608386659d354cff67856d68c35c7208d4f658bfc579
p0.010-q0.250,p0.010-q0.250-s5101,5101,eligible_dimension_first,5,2,governed_fact_first->partial_aggregate_first->eligible_dimension_first,196.2826,4f861384fe22eb47dcce608386659d354cff67856d68c35c7208d4f658bfc579
p0.010-q0.250,p0.010-q0.250-s5101,5101,partial_aggregate_first,6,0,partial_aggregate_first->governed_fact_first->eligible_dimension_first,203.9,4f861384fe22eb47dcce608386659d354cff67856d68c35c7208d4f658bfc579
p0.010-q0.250,p0.010-q0.250-s5101,5101,governed_fact_first,6,1,partial_aggregate_first->governed_fact_first->eligible_dimension_first,212.0571,4f861384fe22eb47dcce608386659d354cff67856d68c35c7208d4f658bfc579
p0.010-q0.250,p0.010-q0.250-s5101,5101,eligible_dimension_first,6,2,partial_aggregate_first->governed_fact_first->eligible_dimension_first,211.9614,4f861384fe22eb47dcce608386659d354cff67856d68c35c7208d4f658bfc579
p0.010-q0.250,p0.010-q0.250-s5101,5101,eligible_dimension_first,7,0,eligible_dimension_first->partial_aggregate_first->governed_fact_first,212.4795,4f861384fe22eb47dcce608386659d354cff67856d68c35c7208d4f658bfc579
p0.010-q0.250,p0.010-q0.250-s5101,5101,partial_aggregate_first,7,1,eligible_dimension_first->partial_aggregate_first->governed_fact_first,203.0503,4f861384fe22eb47dcce608386659d354cff67856d68c35c7208d4f658bfc579
p0.010-q0.250,p0.010-q0.250-s5101,5101,governed_fact_first,7,2,eligible_dimension_first->partial_aggregate_first->governed_fact_first,203.6195,4f861384fe22eb47dcce608386659d354cff67856d68c35c7208d4f658bfc579
p0.010-q0.250,p0.010-q0.250-s5101,5101,eligible_dimension_first,8,0,eligible_dimension_first->governed_fact_first->partial_aggregate_first,219.7906,4f861384fe22eb47dcce608386659d354cff67856d68c35c7208d4f658bfc579
p0.010-q0.250,p0.010-q0.250-s5101,5101,governed_fact_first,8,1,eligible_dimension_first->governed_fact_first->partial_aggregate_first,226.7803,4f861384fe22eb47dcce608386659d354cff67856d68c35c7208d4f658bfc579
p0.010-q0.250,p0.010-q0.250-s5101,5101,partial_aggregate_first,8,2,eligible_dimension_first->governed_fact_first->partial_aggregate_first,231.2571,4f861384fe22eb47dcce608386659d354cff67856d68c35c7208d4f658bfc579
p0.010-q0.250,p0.010-q0.250-s5101,5101,eligible_dimension_first,9,0,eligible_dimension_first->partial_aggregate_first->governed_fact_first,244.1613,4f861384fe22eb47dcce608386659d354cff67856d68c35c7208d4f658bfc579
p0.010-q0.250,p0.010-q0.250-s5101,5101,partial_aggregate_first,9,1,eligible_dimension_first->partial_aggregate_first->governed_fact_first,236.1858,4f861384fe22eb47dcce608386659d354cff67856d68c35c7208d4f658bfc579
p0.010-q0.250,p0.010-q0.250-s5101,5101,governed_fact_first,9,2,eligible_dimension_first->partial_aggregate_first->governed_fact_first,247.5744,4f861384fe22eb47dcce608386659d354cff67856d68c35c7208d4f658bfc579
p0.010-q0.250,p0.010-q0.250-s5101,5101,governed_fact_first,10,0,governed_fact_first->partial_aggregate_first->eligible_dimension_first,253.0685,4f861384fe22eb47dcce608386659d354cff67856d68c35c7208d4f658bfc579
p0.010-q0.250,p0.010-q0.250-s5101,5101,partial_aggregate_first,10,1,governed_fact_first->partial_aggregate_first->eligible_dimension_first,228.2416,4f861384fe22eb47dcce608386659d354cff67856d68c35c7208d4f658bfc579
p0.010-q0.250,p0.010-q0.250-s5101,5101,eligible_dimension_first,10,2,governed_fact_first->partial_aggregate_first->eligible_dimension_first,246.1924,4f861384fe22eb47dcce608386659d354cff67856d68c35c7208d4f658bfc579
p0.010-q0.250,p0.010-q0.250-s5101,5101,partial_aggregate_first,11,0,partial_aggregate_first->eligible_dimension_first->governed_fact_first,197.4881,4f861384fe22eb47dcce608386659d354cff67856d68c35c7208d4f658bfc579
p0.010-q0.250,p0.010-q0.250-s5101,5101,eligible_dimension_first,11,1,partial_aggregate_first->eligible_dimension_first->governed_fact_first,225.8885,4f861384fe22eb47dcce608386659d354cff67856d68c35c7208d4f658bfc579
p0.010-q0.250,p0.010-q0.250-s5101,5101,governed_fact_first,11,2,partial_aggregate_first->eligible_dimension_first->governed_fact_first,189.7227,4f861384fe22eb47dcce608386659d354cff67856d68c35c7208d4f658bfc579
p0.010-q0.250,p0.010-q0.250-s5209,5209,eligible_dimension_first,0,0,eligible_dimension_first->partial_aggregate_first->governed_fact_first,227.2417,9d0f88b4c95841daeb7dc2d142afe812cab4de6538aa2c88a2aca08fec0615a4
p0.010-q0.250,p0.010-q0.250-s5209,5209,partial_aggregate_first,0,1,eligible_dimension_first->partial_aggregate_first->governed_fact_first,208.4964,9d0f88b4c95841daeb7dc2d142afe812cab4de6538aa2c88a2aca08fec0615a4
p0.010-q0.250,p0.010-q0.250-s5209,5209,governed_fact_first,0,2,eligible_dimension_first->partial_aggregate_first->governed_fact_first,209.1573,9d0f88b4c95841daeb7dc2d142afe812cab4de6538aa2c88a2aca08fec0615a4
p0.010-q0.250,p0.010-q0.250-s5209,5209,governed_fact_first,1,0,governed_fact_first->eligible_dimension_first->partial_aggregate_first,212.2704,9d0f88b4c95841daeb7dc2d142afe812cab4de6538aa2c88a2aca08fec0615a4
p0.010-q0.250,p0.010-q0.250-s5209,5209,eligible_dimension_first,1,1,governed_fact_first->eligible_dimension_first->partial_aggregate_first,225.1562,9d0f88b4c95841daeb7dc2d142afe812cab4de6538aa2c88a2aca08fec0615a4
p0.010-q0.250,p0.010-q0.250-s5209,5209,partial_aggregate_first,1,2,governed_fact_first->eligible_dimension_first->partial_aggregate_first,220.2603,9d0f88b4c95841daeb7dc2d142afe812cab4de6538aa2c88a2aca08fec0615a4
p0.010-q0.250,p0.010-q0.250-s5209,5209,governed_fact_first,2,0,governed_fact_first->eligible_dimension_first->partial_aggregate_first,208.7192,9d0f88b4c95841daeb7dc2d142afe812cab4de6538aa2c88a2aca08fec0615a4
p0.010-q0.250,p0.010-q0.250-s5209,5209,eligible_dimension_first,2,1,governed_fact_first->eligible_dimension_first->partial_aggregate_first,225.8078,9d0f88b4c95841daeb7dc2d142afe812cab4de6538aa2c88a2aca08fec0615a4
p0.010-q0.250,p0.010-q0.250-s5209,5209,partial_aggregate_first,2,2,governed_fact_first->eligible_dimension_first->partial_aggregate_first,198.8994,9d0f88b4c95841daeb7dc2d142afe812cab4de6538aa2c88a2aca08fec0615a4
p0.010-q0.250,p0.010-q0.250-s5209,5209,partial_aggregate_first,3,0,partial_aggregate_first->eligible_dimension_first->governed_fact_first,205.5925,9d0f88b4c95841daeb7dc2d142afe812cab4de6538aa2c88a2aca08fec0615a4
p0.010-q0.250,p0.010-q0.250-s5209,5209,eligible_dimension_first,3,1,partial_aggregate_first->eligible_dimension_first->governed_fact_first,218.0879,9d0f88b4c95841daeb7dc2d142afe812cab4de6538aa2c88a2aca08fec0615a4
p0.010-q0.250,p0.010-q0.250-s5209,5209,governed_fact_first,3,2,partial_aggregate_first->eligible_dimension_first->governed_fact_first,208.0209,9d0f88b4c95841daeb7dc2d142afe812cab4de6538aa2c88a2aca08fec0615a4
p0.010-q0.250,p0.010-q0.250-s5209,5209,partial_aggregate_first,4,0,partial_aggregate_first->eligible_dimension_first->governed_fact_first,203.8141,9d0f88b4c95841daeb7dc2d142afe812cab4de6538aa2c88a2aca08fec0615a4
p0.010-q0.250,p0.010-q0.250-s5209,5209,eligible_dimension_first,4,1,partial_aggregate_first->eligible_dimension_first->governed_fact_first,232.8889,9d0f88b4c95841daeb7dc2d142afe812cab4de6538aa2c88a2aca08fec0615a4
p0.010-q0.250,p0.010-q0.250-s5209,5209,governed_fact_first,4,2,partial_aggregate_first->eligible_dimension_first->governed_fact_first,221.3996,9d0f88b4c95841daeb7dc2d142afe812cab4de6538aa2c88a2aca08fec0615a4
p0.010-q0.250,p0.010-q0.250-s5209,5209,partial_aggregate_first,5,0,partial_aggregate_first->governed_fact_first->eligible_dimension_first,207.5313,9d0f88b4c95841daeb7dc2d142afe812cab4de6538aa2c88a2aca08fec0615a4
p0.010-q0.250,p0.010-q0.250-s5209,5209,governed_fact_first,5,1,partial_aggregate_first->governed_fact_first->eligible_dimension_first,205.0528,9d0f88b4c95841daeb7dc2d142afe812cab4de6538aa2c88a2aca08fec0615a4
p0.010-q0.250,p0.010-q0.250-s5209,5209,eligible_dimension_first,5,2,partial_aggregate_first->governed_fact_first->eligible_dimension_first,222.1879,9d0f88b4c95841daeb7dc2d142afe812cab4de6538aa2c88a2aca08fec0615a4
p0.010-q0.250,p0.010-q0.250-s5209,5209,governed_fact_first,6,0,governed_fact_first->partial_aggregate_first->eligible_dimension_first,203.9794,9d0f88b4c95841daeb7dc2d142afe812cab4de6538aa2c88a2aca08fec0615a4
p0.010-q0.250,p0.010-q0.250-s5209,5209,partial_aggregate_first,6,1,governed_fact_first->partial_aggregate_first->eligible_dimension_first,204.6836,9d0f88b4c95841daeb7dc2d142afe812cab4de6538aa2c88a2aca08fec0615a4
p0.010-q0.250,p0.010-q0.250-s5209,5209,eligible_dimension_first,6,2,governed_fact_first->partial_aggregate_first->eligible_dimension_first,221.3157,9d0f88b4c95841daeb7dc2d142afe812cab4de6538aa2c88a2aca08fec0615a4
p0.010-q0.250,p0.010-q0.250-s5209,5209,governed_fact_first,7,0,governed_fact_first->partial_aggregate_first->eligible_dimension_first,308.601,9d0f88b4c95841daeb7dc2d142afe812cab4de6538aa2c88a2aca08fec0615a4
p0.010-q0.250,p0.010-q0.250-s5209,5209,partial_aggregate_first,7,1,governed_fact_first->partial_aggregate_first->eligible_dimension_first,215.5243,9d0f88b4c95841daeb7dc2d142afe812cab4de6538aa2c88a2aca08fec0615a4
p0.010-q0.250,p0.010-q0.250-s5209,5209,eligible_dimension_first,7,2,governed_fact_first->partial_aggregate_first->eligible_dimension_first,230.3361,9d0f88b4c95841daeb7dc2d142afe812cab4de6538aa2c88a2aca08fec0615a4
p0.010-q0.250,p0.010-q0.250-s5209,5209,eligible_dimension_first,8,0,eligible_dimension_first->partial_aggregate_first->governed_fact_first,296.9337,9d0f88b4c95841daeb7dc2d142afe812cab4de6538aa2c88a2aca08fec0615a4
p0.010-q0.250,p0.010-q0.250-s5209,5209,partial_aggregate_first,8,1,eligible_dimension_first->partial_aggregate_first->governed_fact_first,212.4,9d0f88b4c95841daeb7dc2d142afe812cab4de6538aa2c88a2aca08fec0615a4
p0.010-q0.250,p0.010-q0.250-s5209,5209,governed_fact_first,8,2,eligible_dimension_first->partial_aggregate_first->governed_fact_first,217.2681,9d0f88b4c95841daeb7dc2d142afe812cab4de6538aa2c88a2aca08fec0615a4
p0.010-q0.250,p0.010-q0.250-s5209,5209,eligible_dimension_first,9,0,eligible_dimension_first->governed_fact_first->partial_aggregate_first,219.4124,9d0f88b4c95841daeb7dc2d142afe812cab4de6538aa2c88a2aca08fec0615a4
p0.010-q0.250,p0.010-q0.250-s5209,5209,governed_fact_first,9,1,eligible_dimension_first->governed_fact_first->partial_aggregate_first,212.4453,9d0f88b4c95841daeb7dc2d142afe812cab4de6538aa2c88a2aca08fec0615a4
p0.010-q0.250,p0.010-q0.250-s5209,5209,partial_aggregate_first,9,2,eligible_dimension_first->governed_fact_first->partial_aggregate_first,214.2491,9d0f88b4c95841daeb7dc2d142afe812cab4de6538aa2c88a2aca08fec0615a4
p0.010-q0.250,p0.010-q0.250-s5209,5209,eligible_dimension_first,10,0,eligible_dimension_first->governed_fact_first->partial_aggregate_first,220.2029,9d0f88b4c95841daeb7dc2d142afe812cab4de6538aa2c88a2aca08fec0615a4
p0.010-q0.250,p0.010-q0.250-s5209,5209,governed_fact_first,10,1,eligible_dimension_first->governed_fact_first->partial_aggregate_first,231.6171,9d0f88b4c95841daeb7dc2d142afe812cab4de6538aa2c88a2aca08fec0615a4
p0.010-q0.250,p0.010-q0.250-s5209,5209,partial_aggregate_first,10,2,eligible_dimension_first->governed_fact_first->partial_aggregate_first,252.2868,9d0f88b4c95841daeb7dc2d142afe812cab4de6538aa2c88a2aca08fec0615a4
p0.010-q0.250,p0.010-q0.250-s5209,5209,partial_aggregate_first,11,0,partial_aggregate_first->governed_fact_first->eligible_dimension_first,249.233,9d0f88b4c95841daeb7dc2d142afe812cab4de6538aa2c88a2aca08fec0615a4
p0.010-q0.250,p0.010-q0.250-s5209,5209,governed_fact_first,11,1,partial_aggregate_first->governed_fact_first->eligible_dimension_first,277.4051,9d0f88b4c95841daeb7dc2d142afe812cab4de6538aa2c88a2aca08fec0615a4
p0.010-q0.250,p0.010-q0.250-s5209,5209,eligible_dimension_first,11,2,partial_aggregate_first->governed_fact_first->eligible_dimension_first,281.5181,9d0f88b4c95841daeb7dc2d142afe812cab4de6538aa2c88a2aca08fec0615a4
p0.010-q0.250,p0.010-q0.250-s5303,5303,partial_aggregate_first,0,0,partial_aggregate_first->eligible_dimension_first->governed_fact_first,217.3872,7a7528c5051af221ea861a36089152bdd792f059e4f5418e87cdb1c88f4a7529
p0.010-q0.250,p0.010-q0.250-s5303,5303,eligible_dimension_first,0,1,partial_aggregate_first->eligible_dimension_first->governed_fact_first,269.3042,7a7528c5051af221ea861a36089152bdd792f059e4f5418e87cdb1c88f4a7529
p0.010-q0.250,p0.010-q0.250-s5303,5303,governed_fact_first,0,2,partial_aggregate_first->eligible_dimension_first->governed_fact_first,212.7568,7a7528c5051af221ea861a36089152bdd792f059e4f5418e87cdb1c88f4a7529
p0.010-q0.250,p0.010-q0.250-s5303,5303,governed_fact_first,1,0,governed_fact_first->partial_aggregate_first->eligible_dimension_first,206.0659,7a7528c5051af221ea861a36089152bdd792f059e4f5418e87cdb1c88f4a7529
p0.010-q0.250,p0.010-q0.250-s5303,5303,partial_aggregate_first,1,1,governed_fact_first->partial_aggregate_first->eligible_dimension_first,217.1403,7a7528c5051af221ea861a36089152bdd792f059e4f5418e87cdb1c88f4a7529
p0.010-q0.250,p0.010-q0.250-s5303,5303,eligible_dimension_first,1,2,governed_fact_first->partial_aggregate_first->eligible_dimension_first,228.7021,7a7528c5051af221ea861a36089152bdd792f059e4f5418e87cdb1c88f4a7529
p0.010-q0.250,p0.010-q0.250-s5303,5303,partial_aggregate_first,2,0,partial_aggregate_first->governed_fact_first->eligible_dimension_first,211.9888,7a7528c5051af221ea861a36089152bdd792f059e4f5418e87cdb1c88f4a7529
p0.010-q0.250,p0.010-q0.250-s5303,5303,governed_fact_first,2,1,partial_aggregate_first->governed_fact_first->eligible_dimension_first,231.1583,7a7528c5051af221ea861a36089152bdd792f059e4f5418e87cdb1c88f4a7529
p0.010-q0.250,p0.010-q0.250-s5303,5303,eligible_dimension_first,2,2,partial_aggregate_first->governed_fact_first->eligible_dimension_first,256.7623,7a7528c5051af221ea861a36089152bdd792f059e4f5418e87cdb1c88f4a7529
p0.010-q0.250,p0.010-q0.250-s5303,5303,eligible_dimension_first,3,0,eligible_dimension_first->partial_aggregate_first->governed_fact_first,227.3232,7a7528c5051af221ea861a36089152bdd792f059e4f5418e87cdb1c88f4a7529
p0.010-q0.250,p0.010-q0.250-s5303,5303,partial_aggregate_first,3,1,eligible_dimension_first->partial_aggregate_first->governed_fact_first,207.1008,7a7528c5051af221ea861a36089152bdd792f059e4f5418e87cdb1c88f4a7529
p0.010-q0.250,p0.010-q0.250-s5303,5303,governed_fact_first,3,2,eligible_dimension_first->partial_aggregate_first->governed_fact_first,209.783,7a7528c5051af221ea861a36089152bdd792f059e4f5418e87cdb1c88f4a7529
p0.010-q0.250,p0.010-q0.250-s5303,5303,governed_fact_first,4,0,governed_fact_first->eligible_dimension_first->partial_aggregate_first,229.7302,7a7528c5051af221ea861a36089152bdd792f059e4f5418e87cdb1c88f4a7529
p0.010-q0.250,p0.010-q0.250-s5303,5303,eligible_dimension_first,4,1,governed_fact_first->eligible_dimension_first->partial_aggregate_first,232.4175,7a7528c5051af221ea861a36089152bdd792f059e4f5418e87cdb1c88f4a7529
p0.010-q0.250,p0.010-q0.250-s5303,5303,partial_aggregate_first,4,2,governed_fact_first->eligible_dimension_first->partial_aggregate_first,196.1835,7a7528c5051af221ea861a36089152bdd792f059e4f5418e87cdb1c88f4a7529
p0.010-q0.250,p0.010-q0.250-s5303,5303,eligible_dimension_first,5,0,eligible_dimension_first->governed_fact_first->partial_aggregate_first,221.7348,7a7528c5051af221ea861a36089152bdd792f059e4f5418e87cdb1c88f4a7529
p0.010-q0.250,p0.010-q0.250-s5303,5303,governed_fact_first,5,1,eligible_dimension_first->governed_fact_first->partial_aggregate_first,208.5135,7a7528c5051af221ea861a36089152bdd792f059e4f5418e87cdb1c88f4a7529
p0.010-q0.250,p0.010-q0.250-s5303,5303,partial_aggregate_first,5,2,eligible_dimension_first->governed_fact_first->partial_aggregate_first,212.2843,7a7528c5051af221ea861a36089152bdd792f059e4f5418e87cdb1c88f4a7529
p0.010-q0.250,p0.010-q0.250-s5303,5303,eligible_dimension_first,6,0,eligible_dimension_first->governed_fact_first->partial_aggregate_first,228.4516,7a7528c5051af221ea861a36089152bdd792f059e4f5418e87cdb1c88f4a7529
p0.010-q0.250,p0.010-q0.250-s5303,5303,governed_fact_first,6,1,eligible_dimension_first->governed_fact_first->partial_aggregate_first,218.8108,7a7528c5051af221ea861a36089152bdd792f059e4f5418e87cdb1c88f4a7529
p0.010-q0.250,p0.010-q0.250-s5303,5303,partial_aggregate_first,6,2,eligible_dimension_first->governed_fact_first->partial_aggregate_first,210.6512,7a7528c5051af221ea861a36089152bdd792f059e4f5418e87cdb1c88f4a7529
p0.010-q0.250,p0.010-q0.250-s5303,5303,governed_fact_first,7,0,governed_fact_first->eligible_dimension_first->partial_aggregate_first,215.6173,7a7528c5051af221ea861a36089152bdd792f059e4f5418e87cdb1c88f4a7529
p0.010-q0.250,p0.010-q0.250-s5303,5303,eligible_dimension_first,7,1,governed_fact_first->eligible_dimension_first->partial_aggregate_first,226.1004,7a7528c5051af221ea861a36089152bdd792f059e4f5418e87cdb1c88f4a7529
p0.010-q0.250,p0.010-q0.250-s5303,5303,partial_aggregate_first,7,2,governed_fact_first->eligible_dimension_first->partial_aggregate_first,208.0936,7a7528c5051af221ea861a36089152bdd792f059e4f5418e87cdb1c88f4a7529
p0.010-q0.250,p0.010-q0.250-s5303,5303,partial_aggregate_first,8,0,partial_aggregate_first->governed_fact_first->eligible_dimension_first,202.6568,7a7528c5051af221ea861a36089152bdd792f059e4f5418e87cdb1c88f4a7529
p0.010-q0.250,p0.010-q0.250-s5303,5303,governed_fact_first,8,1,partial_aggregate_first->governed_fact_first->eligible_dimension_first,205.9695,7a7528c5051af221ea861a36089152bdd792f059e4f5418e87cdb1c88f4a7529
p0.010-q0.250,p0.010-q0.250-s5303,5303,eligible_dimension_first,8,2,partial_aggregate_first->governed_fact_first->eligible_dimension_first,227.4824,7a7528c5051af221ea861a36089152bdd792f059e4f5418e87cdb1c88f4a7529
p0.010-q0.250,p0.010-q0.250-s5303,5303,eligible_dimension_first,9,0,eligible_dimension_first->partial_aggregate_first->governed_fact_first,224.998,7a7528c5051af221ea861a36089152bdd792f059e4f5418e87cdb1c88f4a7529
p0.010-q0.250,p0.010-q0.250-s5303,5303,partial_aggregate_first,9,1,eligible_dimension_first->partial_aggregate_first->governed_fact_first,207.3192,7a7528c5051af221ea861a36089152bdd792f059e4f5418e87cdb1c88f4a7529
p0.010-q0.250,p0.010-q0.250-s5303,5303,governed_fact_first,9,2,eligible_dimension_first->partial_aggregate_first->governed_fact_first,214.3265,7a7528c5051af221ea861a36089152bdd792f059e4f5418e87cdb1c88f4a7529
p0.010-q0.250,p0.010-q0.250-s5303,5303,governed_fact_first,10,0,governed_fact_first->partial_aggregate_first->eligible_dimension_first,211.6027,7a7528c5051af221ea861a36089152bdd792f059e4f5418e87cdb1c88f4a7529
p0.010-q0.250,p0.010-q0.250-s5303,5303,partial_aggregate_first,10,1,governed_fact_first->partial_aggregate_first->eligible_dimension_first,208.573,7a7528c5051af221ea861a36089152bdd792f059e4f5418e87cdb1c88f4a7529
p0.010-q0.250,p0.010-q0.250-s5303,5303,eligible_dimension_first,10,2,governed_fact_first->partial_aggregate_first->eligible_dimension_first,221.6027,7a7528c5051af221ea861a36089152bdd792f059e4f5418e87cdb1c88f4a7529
p0.010-q0.250,p0.010-q0.250-s5303,5303,partial_aggregate_first,11,0,partial_aggregate_first->eligible_dimension_first->governed_fact_first,202.1853,7a7528c5051af221ea861a36089152bdd792f059e4f5418e87cdb1c88f4a7529
p0.010-q0.250,p0.010-q0.250-s5303,5303,eligible_dimension_first,11,1,partial_aggregate_first->eligible_dimension_first->governed_fact_first,225.7073,7a7528c5051af221ea861a36089152bdd792f059e4f5418e87cdb1c88f4a7529
p0.010-q0.250,p0.010-q0.250-s5303,5303,governed_fact_first,11,2,partial_aggregate_first->eligible_dimension_first->governed_fact_first,214.1728,7a7528c5051af221ea861a36089152bdd792f059e4f5418e87cdb1c88f4a7529
p0.050-q0.750,p0.050-q0.750-s5101,5101,governed_fact_first,0,0,governed_fact_first->eligible_dimension_first->partial_aggregate_first,293.346,2271f4d3ce15a8cc638e3101a630d29ad0a92c8174433ce88edfef176040a6cb
p0.050-q0.750,p0.050-q0.750-s5101,5101,eligible_dimension_first,0,1,governed_fact_first->eligible_dimension_first->partial_aggregate_first,298.2258,2271f4d3ce15a8cc638e3101a630d29ad0a92c8174433ce88edfef176040a6cb
p0.050-q0.750,p0.050-q0.750-s5101,5101,partial_aggregate_first,0,2,governed_fact_first->eligible_dimension_first->partial_aggregate_first,335.4092,2271f4d3ce15a8cc638e3101a630d29ad0a92c8174433ce88edfef176040a6cb
p0.050-q0.750,p0.050-q0.750-s5101,5101,governed_fact_first,1,0,governed_fact_first->partial_aggregate_first->eligible_dimension_first,272.8507,2271f4d3ce15a8cc638e3101a630d29ad0a92c8174433ce88edfef176040a6cb
p0.050-q0.750,p0.050-q0.750-s5101,5101,partial_aggregate_first,1,1,governed_fact_first->partial_aggregate_first->eligible_dimension_first,353.165,2271f4d3ce15a8cc638e3101a630d29ad0a92c8174433ce88edfef176040a6cb
p0.050-q0.750,p0.050-q0.750-s5101,5101,eligible_dimension_first,1,2,governed_fact_first->partial_aggregate_first->eligible_dimension_first,298.3683,2271f4d3ce15a8cc638e3101a630d29ad0a92c8174433ce88edfef176040a6cb
p0.050-q0.750,p0.050-q0.750-s5101,5101,eligible_dimension_first,2,0,eligible_dimension_first->governed_fact_first->partial_aggregate_first,294.9953,2271f4d3ce15a8cc638e3101a630d29ad0a92c8174433ce88edfef176040a6cb
p0.050-q0.750,p0.050-q0.750-s5101,5101,governed_fact_first,2,1,eligible_dimension_first->governed_fact_first->partial_aggregate_first,286.0612,2271f4d3ce15a8cc638e3101a630d29ad0a92c8174433ce88edfef176040a6cb
p0.050-q0.750,p0.050-q0.750-s5101,5101,partial_aggregate_first,2,2,eligible_dimension_first->governed_fact_first->partial_aggregate_first,329.8242,2271f4d3ce15a8cc638e3101a630d29ad0a92c8174433ce88edfef176040a6cb
p0.050-q0.750,p0.050-q0.750-s5101,5101,partial_aggregate_first,3,0,partial_aggregate_first->eligible_dimension_first->governed_fact_first,328.8425,2271f4d3ce15a8cc638e3101a630d29ad0a92c8174433ce88edfef176040a6cb
p0.050-q0.750,p0.050-q0.750-s5101,5101,eligible_dimension_first,3,1,partial_aggregate_first->eligible_dimension_first->governed_fact_first,305.0009,2271f4d3ce15a8cc638e3101a630d29ad0a92c8174433ce88edfef176040a6cb
p0.050-q0.750,p0.050-q0.750-s5101,5101,governed_fact_first,3,2,partial_aggregate_first->eligible_dimension_first->governed_fact_first,282.1346,2271f4d3ce15a8cc638e3101a630d29ad0a92c8174433ce88edfef176040a6cb
p0.050-q0.750,p0.050-q0.750-s5101,5101,eligible_dimension_first,4,0,eligible_dimension_first->partial_aggregate_first->governed_fact_first,297.2994,2271f4d3ce15a8cc638e3101a630d29ad0a92c8174433ce88edfef176040a6cb
p0.050-q0.750,p0.050-q0.750-s5101,5101,partial_aggregate_first,4,1,eligible_dimension_first->partial_aggregate_first->governed_fact_first,340.533,2271f4d3ce15a8cc638e3101a630d29ad0a92c8174433ce88edfef176040a6cb
p0.050-q0.750,p0.050-q0.750-s5101,5101,governed_fact_first,4,2,eligible_dimension_first->partial_aggregate_first->governed_fact_first,284.3447,2271f4d3ce15a8cc638e3101a630d29ad0a92c8174433ce88edfef176040a6cb
p0.050-q0.750,p0.050-q0.750-s5101,5101,partial_aggregate_first,5,0,partial_aggregate_first->eligible_dimension_first->governed_fact_first,366.125,2271f4d3ce15a8cc638e3101a630d29ad0a92c8174433ce88edfef176040a6cb
p0.050-q0.750,p0.050-q0.750-s5101,5101,eligible_dimension_first,5,1,partial_aggregate_first->eligible_dimension_first->governed_fact_first,323.8514,2271f4d3ce15a8cc638e3101a630d29ad0a92c8174433ce88edfef176040a6cb
p0.050-q0.750,p0.050-q0.750-s5101,5101,governed_fact_first,5,2,partial_aggregate_first->eligible_dimension_first->governed_fact_first,272.0911,2271f4d3ce15a8cc638e3101a630d29ad0a92c8174433ce88edfef176040a6cb
p0.050-q0.750,p0.050-q0.750-s5101,5101,eligible_dimension_first,6,0,eligible_dimension_first->governed_fact_first->partial_aggregate_first,297.4849,2271f4d3ce15a8cc638e3101a630d29ad0a92c8174433ce88edfef176040a6cb
p0.050-q0.750,p0.050-q0.750-s5101,5101,governed_fact_first,6,1,eligible_dimension_first->governed_fact_first->partial_aggregate_first,265.9462,2271f4d3ce15a8cc638e3101a630d29ad0a92c8174433ce88edfef176040a6cb
p0.050-q0.750,p0.050-q0.750-s5101,5101,partial_aggregate_first,6,2,eligible_dimension_first->governed_fact_first->partial_aggregate_first,331.2288,2271f4d3ce15a8cc638e3101a630d29ad0a92c8174433ce88edfef176040a6cb
p0.050-q0.750,p0.050-q0.750-s5101,5101,partial_aggregate_first,7,0,partial_aggregate_first->governed_fact_first->eligible_dimension_first,336.6989,2271f4d3ce15a8cc638e3101a630d29ad0a92c8174433ce88edfef176040a6cb
p0.050-q0.750,p0.050-q0.750-s5101,5101,governed_fact_first,7,1,partial_aggregate_first->governed_fact_first->eligible_dimension_first,282.9944,2271f4d3ce15a8cc638e3101a630d29ad0a92c8174433ce88edfef176040a6cb
p0.050-q0.750,p0.050-q0.750-s5101,5101,eligible_dimension_first,7,2,partial_aggregate_first->governed_fact_first->eligible_dimension_first,296.9252,2271f4d3ce15a8cc638e3101a630d29ad0a92c8174433ce88edfef176040a6cb
p0.050-q0.750,p0.050-q0.750-s5101,5101,eligible_dimension_first,8,0,eligible_dimension_first->partial_aggregate_first->governed_fact_first,292.2297,2271f4d3ce15a8cc638e3101a630d29ad0a92c8174433ce88edfef176040a6cb
p0.050-q0.750,p0.050-q0.750-s5101,5101,partial_aggregate_first,8,1,eligible_dimension_first->partial_aggregate_first->governed_fact_first,331.2688,2271f4d3ce15a8cc638e3101a630d29ad0a92c8174433ce88edfef176040a6cb
p0.050-q0.750,p0.050-q0.750-s5101,5101,governed_fact_first,8,2,eligible_dimension_first->partial_aggregate_first->governed_fact_first,277.2109,2271f4d3ce15a8cc638e3101a630d29ad0a92c8174433ce88edfef176040a6cb
p0.050-q0.750,p0.050-q0.750-s5101,5101,governed_fact_first,9,0,governed_fact_first->eligible_dimension_first->partial_aggregate_first,288.116,2271f4d3ce15a8cc638e3101a630d29ad0a92c8174433ce88edfef176040a6cb
p0.050-q0.750,p0.050-q0.750-s5101,5101,eligible_dimension_first,9,1,governed_fact_first->eligible_dimension_first->partial_aggregate_first,291.1122,2271f4d3ce15a8cc638e3101a630d29ad0a92c8174433ce88edfef176040a6cb
p0.050-q0.750,p0.050-q0.750-s5101,5101,partial_aggregate_first,9,2,governed_fact_first->eligible_dimension_first->partial_aggregate_first,382.9218,2271f4d3ce15a8cc638e3101a630d29ad0a92c8174433ce88edfef176040a6cb
p0.050-q0.750,p0.050-q0.750-s5101,5101,partial_aggregate_first,10,0,partial_aggregate_first->governed_fact_first->eligible_dimension_first,356.5184,2271f4d3ce15a8cc638e3101a630d29ad0a92c8174433ce88edfef176040a6cb
p0.050-q0.750,p0.050-q0.750-s5101,5101,governed_fact_first,10,1,partial_aggregate_first->governed_fact_first->eligible_dimension_first,281.0378,2271f4d3ce15a8cc638e3101a630d29ad0a92c8174433ce88edfef176040a6cb
p0.050-q0.750,p0.050-q0.750-s5101,5101,eligible_dimension_first,10,2,partial_aggregate_first->governed_fact_first->eligible_dimension_first,301.2246,2271f4d3ce15a8cc638e3101a630d29ad0a92c8174433ce88edfef176040a6cb
p0.050-q0.750,p0.050-q0.750-s5101,5101,governed_fact_first,11,0,governed_fact_first->partial_aggregate_first->eligible_dimension_first,263.1389,2271f4d3ce15a8cc638e3101a630d29ad0a92c8174433ce88edfef176040a6cb
p0.050-q0.750,p0.050-q0.750-s5101,5101,partial_aggregate_first,11,1,governed_fact_first->partial_aggregate_first->eligible_dimension_first,330.1751,2271f4d3ce15a8cc638e3101a630d29ad0a92c8174433ce88edfef176040a6cb
p0.050-q0.750,p0.050-q0.750-s5101,5101,eligible_dimension_first,11,2,governed_fact_first->partial_aggregate_first->eligible_dimension_first,293.3098,2271f4d3ce15a8cc638e3101a630d29ad0a92c8174433ce88edfef176040a6cb
p0.050-q0.750,p0.050-q0.750-s5209,5209,governed_fact_first,0,0,governed_fact_first->partial_aggregate_first->eligible_dimension_first,293.3564,9c36e38c756c95c79a6b67d0d9e363470c7247a1a1aa44c55a5a62094c72f925
p0.050-q0.750,p0.050-q0.750-s5209,5209,partial_aggregate_first,0,1,governed_fact_first->partial_aggregate_first->eligible_dimension_first,383.258,9c36e38c756c95c79a6b67d0d9e363470c7247a1a1aa44c55a5a62094c72f925
p0.050-q0.750,p0.050-q0.750-s5209,5209,eligible_dimension_first,0,2,governed_fact_first->partial_aggregate_first->eligible_dimension_first,309.0142,9c36e38c756c95c79a6b67d0d9e363470c7247a1a1aa44c55a5a62094c72f925
p0.050-q0.750,p0.050-q0.750-s5209,5209,partial_aggregate_first,1,0,partial_aggregate_first->eligible_dimension_first->governed_fact_first,362.54,9c36e38c756c95c79a6b67d0d9e363470c7247a1a1aa44c55a5a62094c72f925
p0.050-q0.750,p0.050-q0.750-s5209,5209,eligible_dimension_first,1,1,partial_aggregate_first->eligible_dimension_first->governed_fact_first,340.95,9c36e38c756c95c79a6b67d0d9e363470c7247a1a1aa44c55a5a62094c72f925
p0.050-q0.750,p0.050-q0.750-s5209,5209,governed_fact_first,1,2,partial_aggregate_first->eligible_dimension_first->governed_fact_first,319.1219,9c36e38c756c95c79a6b67d0d9e363470c7247a1a1aa44c55a5a62094c72f925
p0.050-q0.750,p0.050-q0.750-s5209,5209,eligible_dimension_first,2,0,eligible_dimension_first->partial_aggregate_first->governed_fact_first,327.0354,9c36e38c756c95c79a6b67d0d9e363470c7247a1a1aa44c55a5a62094c72f925
p0.050-q0.750,p0.050-q0.750-s5209,5209,partial_aggregate_first,2,1,eligible_dimension_first->partial_aggregate_first->governed_fact_first,375.5075,9c36e38c756c95c79a6b67d0d9e363470c7247a1a1aa44c55a5a62094c72f925
p0.050-q0.750,p0.050-q0.750-s5209,5209,governed_fact_first,2,2,eligible_dimension_first->partial_aggregate_first->governed_fact_first,304.0649,9c36e38c756c95c79a6b67d0d9e363470c7247a1a1aa44c55a5a62094c72f925
p0.050-q0.750,p0.050-q0.750-s5209,5209,eligible_dimension_first,3,0,eligible_dimension_first->partial_aggregate_first->governed_fact_first,328.4181,9c36e38c756c95c79a6b67d0d9e363470c7247a1a1aa44c55a5a62094c72f925
p0.050-q0.750,p0.050-q0.750-s5209,5209,partial_aggregate_first,3,1,eligible_dimension_first->partial_aggregate_first->governed_fact_first,388.2799,9c36e38c756c95c79a6b67d0d9e363470c7247a1a1aa44c55a5a62094c72f925
p0.050-q0.750,p0.050-q0.750-s5209,5209,governed_fact_first,3,2,eligible_dimension_first->partial_aggregate_first->governed_fact_first,371.3739,9c36e38c756c95c79a6b67d0d9e363470c7247a1a1aa44c55a5a62094c72f925
p0.050-q0.750,p0.050-q0.750-s5209,5209,eligible_dimension_first,4,0,eligible_dimension_first->governed_fact_first->partial_aggregate_first,338.4163,9c36e38c756c95c79a6b67d0d9e363470c7247a1a1aa44c55a5a62094c72f925
p0.050-q0.750,p0.050-q0.750-s5209,5209,governed_fact_first,4,1,eligible_dimension_first->governed_fact_first->partial_aggregate_first,324.1324,9c36e38c756c95c79a6b67d0d9e363470c7247a1a1aa44c55a5a62094c72f925
p0.050-q0.750,p0.050-q0.750-s5209,5209,partial_aggregate_first,4,2,eligible_dimension_first->governed_fact_first->partial_aggregate_first,391.5265,9c36e38c756c95c79a6b67d0d9e363470c7247a1a1aa44c55a5a62094c72f925
p0.050-q0.750,p0.050-q0.750-s5209,5209,partial_aggregate_first,5,0,partial_aggregate_first->governed_fact_first->eligible_dimension_first,368.3116,9c36e38c756c95c79a6b67d0d9e363470c7247a1a1aa44c55a5a62094c72f925
p0.050-q0.750,p0.050-q0.750-s5209,5209,governed_fact_first,5,1,partial_aggregate_first->governed_fact_first->eligible_dimension_first,302.213,9c36e38c756c95c79a6b67d0d9e363470c7247a1a1aa44c55a5a62094c72f925
p0.050-q0.750,p0.050-q0.750-s5209,5209,eligible_dimension_first,5,2,partial_aggregate_first->governed_fact_first->eligible_dimension_first,332.1814,9c36e38c756c95c79a6b67d0d9e363470c7247a1a1aa44c55a5a62094c72f925
p0.050-q0.750,p0.050-q0.750-s5209,5209,partial_aggregate_first,6,0,partial_aggregate_first->eligible_dimension_first->governed_fact_first,400.3092,9c36e38c756c95c79a6b67d0d9e363470c7247a1a1aa44c55a5a62094c72f925
p0.050-q0.750,p0.050-q0.750-s5209,5209,eligible_dimension_first,6,1,partial_aggregate_first->eligible_dimension_first->governed_fact_first,332.9561,9c36e38c756c95c79a6b67d0d9e363470c7247a1a1aa44c55a5a62094c72f925
p0.050-q0.750,p0.050-q0.750-s5209,5209,governed_fact_first,6,2,partial_aggregate_first->eligible_dimension_first->governed_fact_first,330.6421,9c36e38c756c95c79a6b67d0d9e363470c7247a1a1aa44c55a5a62094c72f925
p0.050-q0.750,p0.050-q0.750-s5209,5209,governed_fact_first,7,0,governed_fact_first->eligible_dimension_first->partial_aggregate_first,325.7505,9c36e38c756c95c79a6b67d0d9e363470c7247a1a1aa44c55a5a62094c72f925
p0.050-q0.750,p0.050-q0.750-s5209,5209,eligible_dimension_first,7,1,governed_fact_first->eligible_dimension_first->partial_aggregate_first,326.5699,9c36e38c756c95c79a6b67d0d9e363470c7247a1a1aa44c55a5a62094c72f925
p0.050-q0.750,p0.050-q0.750-s5209,5209,partial_aggregate_first,7,2,governed_fact_first->eligible_dimension_first->partial_aggregate_first,378.2997,9c36e38c756c95c79a6b67d0d9e363470c7247a1a1aa44c55a5a62094c72f925
p0.050-q0.750,p0.050-q0.750-s5209,5209,governed_fact_first,8,0,governed_fact_first->eligible_dimension_first->partial_aggregate_first,304.2858,9c36e38c756c95c79a6b67d0d9e363470c7247a1a1aa44c55a5a62094c72f925
p0.050-q0.750,p0.050-q0.750-s5209,5209,eligible_dimension_first,8,1,governed_fact_first->eligible_dimension_first->partial_aggregate_first,330.0146,9c36e38c756c95c79a6b67d0d9e363470c7247a1a1aa44c55a5a62094c72f925
p0.050-q0.750,p0.050-q0.750-s5209,5209,partial_aggregate_first,8,2,governed_fact_first->eligible_dimension_first->partial_aggregate_first,378.0649,9c36e38c756c95c79a6b67d0d9e363470c7247a1a1aa44c55a5a62094c72f925
p0.050-q0.750,p0.050-q0.750-s5209,5209,eligible_dimension_first,9,0,eligible_dimension_first->governed_fact_first->partial_aggregate_first,324.0703,9c36e38c756c95c79a6b67d0d9e363470c7247a1a1aa44c55a5a62094c72f925
p0.050-q0.750,p0.050-q0.750-s5209,5209,governed_fact_first,9,1,eligible_dimension_first->governed_fact_first->partial_aggregate_first,336.1354,9c36e38c756c95c79a6b67d0d9e363470c7247a1a1aa44c55a5a62094c72f925
p0.050-q0.750,p0.050-q0.750-s5209,5209,partial_aggregate_first,9,2,eligible_dimension_first->governed_fact_first->partial_aggregate_first,395.2265,9c36e38c756c95c79a6b67d0d9e363470c7247a1a1aa44c55a5a62094c72f925
p0.050-q0.750,p0.050-q0.750-s5209,5209,governed_fact_first,10,0,governed_fact_first->partial_aggregate_first->eligible_dimension_first,299.8218,9c36e38c756c95c79a6b67d0d9e363470c7247a1a1aa44c55a5a62094c72f925
p0.050-q0.750,p0.050-q0.750-s5209,5209,partial_aggregate_first,10,1,governed_fact_first->partial_aggregate_first->eligible_dimension_first,339.9173,9c36e38c756c95c79a6b67d0d9e363470c7247a1a1aa44c55a5a62094c72f925
p0.050-q0.750,p0.050-q0.750-s5209,5209,eligible_dimension_first,10,2,governed_fact_first->partial_aggregate_first->eligible_dimension_first,315.588,9c36e38c756c95c79a6b67d0d9e363470c7247a1a1aa44c55a5a62094c72f925
p0.050-q0.750,p0.050-q0.750-s5209,5209,partial_aggregate_first,11,0,partial_aggregate_first->governed_fact_first->eligible_dimension_first,368.9384,9c36e38c756c95c79a6b67d0d9e363470c7247a1a1aa44c55a5a62094c72f925
p0.050-q0.750,p0.050-q0.750-s5209,5209,governed_fact_first,11,1,partial_aggregate_first->governed_fact_first->eligible_dimension_first,326.0006,9c36e38c756c95c79a6b67d0d9e363470c7247a1a1aa44c55a5a62094c72f925
p0.050-q0.750,p0.050-q0.750-s5209,5209,eligible_dimension_first,11,2,partial_aggregate_first->governed_fact_first->eligible_dimension_first,284.5173,9c36e38c756c95c79a6b67d0d9e363470c7247a1a1aa44c55a5a62094c72f925
p0.050-q0.750,p0.050-q0.750-s5303,5303,partial_aggregate_first,0,0,partial_aggregate_first->eligible_dimension_first->governed_fact_first,305.4899,dc463218fc7888fa34eef0b4859d581c1ee11e03822dd93d50c8e74b404aad5a
p0.050-q0.750,p0.050-q0.750-s5303,5303,eligible_dimension_first,0,1,partial_aggregate_first->eligible_dimension_first->governed_fact_first,262.8548,dc463218fc7888fa34eef0b4859d581c1ee11e03822dd93d50c8e74b404aad5a
p0.050-q0.750,p0.050-q0.750-s5303,5303,governed_fact_first,0,2,partial_aggregate_first->eligible_dimension_first->governed_fact_first,287.3544,dc463218fc7888fa34eef0b4859d581c1ee11e03822dd93d50c8e74b404aad5a
p0.050-q0.750,p0.050-q0.750-s5303,5303,partial_aggregate_first,1,0,partial_aggregate_first->governed_fact_first->eligible_dimension_first,315.3825,dc463218fc7888fa34eef0b4859d581c1ee11e03822dd93d50c8e74b404aad5a
p0.050-q0.750,p0.050-q0.750-s5303,5303,governed_fact_first,1,1,partial_aggregate_first->governed_fact_first->eligible_dimension_first,277.2585,dc463218fc7888fa34eef0b4859d581c1ee11e03822dd93d50c8e74b404aad5a
p0.050-q0.750,p0.050-q0.750-s5303,5303,eligible_dimension_first,1,2,partial_aggregate_first->governed_fact_first->eligible_dimension_first,340.702,dc463218fc7888fa34eef0b4859d581c1ee11e03822dd93d50c8e74b404aad5a
p0.050-q0.750,p0.050-q0.750-s5303,5303,eligible_dimension_first,2,0,eligible_dimension_first->partial_aggregate_first->governed_fact_first,301.0733,dc463218fc7888fa34eef0b4859d581c1ee11e03822dd93d50c8e74b404aad5a
p0.050-q0.750,p0.050-q0.750-s5303,5303,partial_aggregate_first,2,1,eligible_dimension_first->partial_aggregate_first->governed_fact_first,302.4649,dc463218fc7888fa34eef0b4859d581c1ee11e03822dd93d50c8e74b404aad5a
p0.050-q0.750,p0.050-q0.750-s5303,5303,governed_fact_first,2,2,eligible_dimension_first->partial_aggregate_first->governed_fact_first,250.766,dc463218fc7888fa34eef0b4859d581c1ee11e03822dd93d50c8e74b404aad5a
p0.050-q0.750,p0.050-q0.750-s5303,5303,governed_fact_first,3,0,governed_fact_first->partial_aggregate_first->eligible_dimension_first,278.9234,dc463218fc7888fa34eef0b4859d581c1ee11e03822dd93d50c8e74b404aad5a
p0.050-q0.750,p0.050-q0.750-s5303,5303,partial_aggregate_first,3,1,governed_fact_first->partial_aggregate_first->eligible_dimension_first,344.6235,dc463218fc7888fa34eef0b4859d581c1ee11e03822dd93d50c8e74b404aad5a
p0.050-q0.750,p0.050-q0.750-s5303,5303,eligible_dimension_first,3,2,governed_fact_first->partial_aggregate_first->eligible_dimension_first,375.3501,dc463218fc7888fa34eef0b4859d581c1ee11e03822dd93d50c8e74b404aad5a
p0.050-q0.750,p0.050-q0.750-s5303,5303,governed_fact_first,4,0,governed_fact_first->eligible_dimension_first->partial_aggregate_first,375.667,dc463218fc7888fa34eef0b4859d581c1ee11e03822dd93d50c8e74b404aad5a
p0.050-q0.750,p0.050-q0.750-s5303,5303,eligible_dimension_first,4,1,governed_fact_first->eligible_dimension_first->partial_aggregate_first,318.0707,dc463218fc7888fa34eef0b4859d581c1ee11e03822dd93d50c8e74b404aad5a
p0.050-q0.750,p0.050-q0.750-s5303,5303,partial_aggregate_first,4,2,governed_fact_first->eligible_dimension_first->partial_aggregate_first,360.7182,dc463218fc7888fa34eef0b4859d581c1ee11e03822dd93d50c8e74b404aad5a
p0.050-q0.750,p0.050-q0.750-s5303,5303,governed_fact_first,5,0,governed_fact_first->partial_aggregate_first->eligible_dimension_first,261.4826,dc463218fc7888fa34eef0b4859d581c1ee11e03822dd93d50c8e74b404aad5a
p0.050-q0.750,p0.050-q0.750-s5303,5303,partial_aggregate_first,5,1,governed_fact_first->partial_aggregate_first->eligible_dimension_first,344.4408,dc463218fc7888fa34eef0b4859d581c1ee11e03822dd93d50c8e74b404aad5a
p0.050-q0.750,p0.050-q0.750-s5303,5303,eligible_dimension_first,5,2,governed_fact_first->partial_aggregate_first->eligible_dimension_first,315.3126,dc463218fc7888fa34eef0b4859d581c1ee11e03822dd93d50c8e74b404aad5a
p0.050-q0.750,p0.050-q0.750-s5303,5303,eligible_dimension_first,6,0,eligible_dimension_first->governed_fact_first->partial_aggregate_first,329.5752,dc463218fc7888fa34eef0b4859d581c1ee11e03822dd93d50c8e74b404aad5a
p0.050-q0.750,p0.050-q0.750-s5303,5303,governed_fact_first,6,1,eligible_dimension_first->governed_fact_first->partial_aggregate_first,274.2067,dc463218fc7888fa34eef0b4859d581c1ee11e03822dd93d50c8e74b404aad5a
p0.050-q0.750,p0.050-q0.750-s5303,5303,partial_aggregate_first,6,2,eligible_dimension_first->governed_fact_first->partial_aggregate_first,329.8361,dc463218fc7888fa34eef0b4859d581c1ee11e03822dd93d50c8e74b404aad5a
p0.050-q0.750,p0.050-q0.750-s5303,5303,eligible_dimension_first,7,0,eligible_dimension_first->partial_aggregate_first->governed_fact_first,285.5392,dc463218fc7888fa34eef0b4859d581c1ee11e03822dd93d50c8e74b404aad5a
p0.050-q0.750,p0.050-q0.750-s5303,5303,partial_aggregate_first,7,1,eligible_dimension_first->partial_aggregate_first->governed_fact_first,318.9574,dc463218fc7888fa34eef0b4859d581c1ee11e03822dd93d50c8e74b404aad5a
p0.050-q0.750,p0.050-q0.750-s5303,5303,governed_fact_first,7,2,eligible_dimension_first->partial_aggregate_first->governed_fact_first,275.3595,dc463218fc7888fa34eef0b4859d581c1ee11e03822dd93d50c8e74b404aad5a
p0.050-q0.750,p0.050-q0.750-s5303,5303,governed_fact_first,8,0,governed_fact_first->eligible_dimension_first->partial_aggregate_first,278.0409,dc463218fc7888fa34eef0b4859d581c1ee11e03822dd93d50c8e74b404aad5a
p0.050-q0.750,p0.050-q0.750-s5303,5303,eligible_dimension_first,8,1,governed_fact_first->eligible_dimension_first->partial_aggregate_first,303.1665,dc463218fc7888fa34eef0b4859d581c1ee11e03822dd93d50c8e74b404aad5a
p0.050-q0.750,p0.050-q0.750-s5303,5303,partial_aggregate_first,8,2,governed_fact_first->eligible_dimension_first->partial_aggregate_first,363.9251,dc463218fc7888fa34eef0b4859d581c1ee11e03822dd93d50c8e74b404aad5a
p0.050-q0.750,p0.050-q0.750-s5303,5303,partial_aggregate_first,9,0,partial_aggregate_first->governed_fact_first->eligible_dimension_first,349.285,dc463218fc7888fa34eef0b4859d581c1ee11e03822dd93d50c8e74b404aad5a
p0.050-q0.750,p0.050-q0.750-s5303,5303,governed_fact_first,9,1,partial_aggregate_first->governed_fact_first->eligible_dimension_first,289.658,dc463218fc7888fa34eef0b4859d581c1ee11e03822dd93d50c8e74b404aad5a
p0.050-q0.750,p0.050-q0.750-s5303,5303,eligible_dimension_first,9,2,partial_aggregate_first->governed_fact_first->eligible_dimension_first,340.108,dc463218fc7888fa34eef0b4859d581c1ee11e03822dd93d50c8e74b404aad5a
p0.050-q0.750,p0.050-q0.750-s5303,5303,partial_aggregate_first,10,0,partial_aggregate_first->eligible_dimension_first->governed_fact_first,351.8235,dc463218fc7888fa34eef0b4859d581c1ee11e03822dd93d50c8e74b404aad5a
p0.050-q0.750,p0.050-q0.750-s5303,5303,eligible_dimension_first,10,1,partial_aggregate_first->eligible_dimension_first->governed_fact_first,308.9129,dc463218fc7888fa34eef0b4859d581c1ee11e03822dd93d50c8e74b404aad5a
p0.050-q0.750,p0.050-q0.750-s5303,5303,governed_fact_first,10,2,partial_aggregate_first->eligible_dimension_first->governed_fact_first,293.4621,dc463218fc7888fa34eef0b4859d581c1ee11e03822dd93d50c8e74b404aad5a
p0.050-q0.750,p0.050-q0.750-s5303,5303,eligible_dimension_first,11,0,eligible_dimension_first->governed_fact_first->partial_aggregate_first,299.3007,dc463218fc7888fa34eef0b4859d581c1ee11e03822dd93d50c8e74b404aad5a
p0.050-q0.750,p0.050-q0.750-s5303,5303,governed_fact_first,11,1,eligible_dimension_first->governed_fact_first->partial_aggregate_first,317.6777,dc463218fc7888fa34eef0b4859d581c1ee11e03822dd93d50c8e74b404aad5a
p0.050-q0.750,p0.050-q0.750-s5303,5303,partial_aggregate_first,11,2,eligible_dimension_first->governed_fact_first->partial_aggregate_first,332.5987,dc463218fc7888fa34eef0b4859d581c1ee11e03822dd93d50c8e74b404aad5a
p0.250-q0.250,p0.250-q0.250-s5101,5101,governed_fact_first,0,0,governed_fact_first->partial_aggregate_first->eligible_dimension_first,488.9572,4ea8f45b8faf3e3627c3801d2a58e961357e82e814a09c9fd849034202e8bc15
p0.250-q0.250,p0.250-q0.250-s5101,5101,partial_aggregate_first,0,1,governed_fact_first->partial_aggregate_first->eligible_dimension_first,643.8568,4ea8f45b8faf3e3627c3801d2a58e961357e82e814a09c9fd849034202e8bc15
p0.250-q0.250,p0.250-q0.250-s5101,5101,eligible_dimension_first,0,2,governed_fact_first->partial_aggregate_first->eligible_dimension_first,397.0983,4ea8f45b8faf3e3627c3801d2a58e961357e82e814a09c9fd849034202e8bc15
p0.250-q0.250,p0.250-q0.250-s5101,5101,governed_fact_first,1,0,governed_fact_first->eligible_dimension_first->partial_aggregate_first,473.9853,4ea8f45b8faf3e3627c3801d2a58e961357e82e814a09c9fd849034202e8bc15
p0.250-q0.250,p0.250-q0.250-s5101,5101,eligible_dimension_first,1,1,governed_fact_first->eligible_dimension_first->partial_aggregate_first,410.3557,4ea8f45b8faf3e3627c3801d2a58e961357e82e814a09c9fd849034202e8bc15
p0.250-q0.250,p0.250-q0.250-s5101,5101,partial_aggregate_first,1,2,governed_fact_first->eligible_dimension_first->partial_aggregate_first,638.2153,4ea8f45b8faf3e3627c3801d2a58e961357e82e814a09c9fd849034202e8bc15
p0.250-q0.250,p0.250-q0.250-s5101,5101,eligible_dimension_first,2,0,eligible_dimension_first->governed_fact_first->partial_aggregate_first,447.2191,4ea8f45b8faf3e3627c3801d2a58e961357e82e814a09c9fd849034202e8bc15
p0.250-q0.250,p0.250-q0.250-s5101,5101,governed_fact_first,2,1,eligible_dimension_first->governed_fact_first->partial_aggregate_first,472.6588,4ea8f45b8faf3e3627c3801d2a58e961357e82e814a09c9fd849034202e8bc15
p0.250-q0.250,p0.250-q0.250-s5101,5101,partial_aggregate_first,2,2,eligible_dimension_first->governed_fact_first->partial_aggregate_first,629.9045,4ea8f45b8faf3e3627c3801d2a58e961357e82e814a09c9fd849034202e8bc15
p0.250-q0.250,p0.250-q0.250-s5101,5101,partial_aggregate_first,3,0,partial_aggregate_first->eligible_dimension_first->governed_fact_first,646.8256,4ea8f45b8faf3e3627c3801d2a58e961357e82e814a09c9fd849034202e8bc15
p0.250-q0.250,p0.250-q0.250-s5101,5101,eligible_dimension_first,3,1,partial_aggregate_first->eligible_dimension_first->governed_fact_first,385.7009,4ea8f45b8faf3e3627c3801d2a58e961357e82e814a09c9fd849034202e8bc15
p0.250-q0.250,p0.250-q0.250-s5101,5101,governed_fact_first,3,2,partial_aggregate_first->eligible_dimension_first->governed_fact_first,442.4518,4ea8f45b8faf3e3627c3801d2a58e961357e82e814a09c9fd849034202e8bc15
p0.250-q0.250,p0.250-q0.250-s5101,5101,partial_aggregate_first,4,0,partial_aggregate_first->governed_fact_first->eligible_dimension_first,632.1042,4ea8f45b8faf3e3627c3801d2a58e961357e82e814a09c9fd849034202e8bc15
p0.250-q0.250,p0.250-q0.250-s5101,5101,governed_fact_first,4,1,partial_aggregate_first->governed_fact_first->eligible_dimension_first,444.9083,4ea8f45b8faf3e3627c3801d2a58e961357e82e814a09c9fd849034202e8bc15
p0.250-q0.250,p0.250-q0.250-s5101,5101,eligible_dimension_first,4,2,partial_aggregate_first->governed_fact_first->eligible_dimension_first,400.6051,4ea8f45b8faf3e3627c3801d2a58e961357e82e814a09c9fd849034202e8bc15
p0.250-q0.250,p0.250-q0.250-s5101,5101,eligible_dimension_first,5,0,eligible_dimension_first->partial_aggregate_first->governed_fact_first,394.1261,4ea8f45b8faf3e3627c3801d2a58e961357e82e814a09c9fd849034202e8bc15
p0.250-q0.250,p0.250-q0.250-s5101,5101,partial_aggregate_first,5,1,eligible_dimension_first->partial_aggregate_first->governed_fact_first,632.9834,4ea8f45b8faf3e3627c3801d2a58e961357e82e814a09c9fd849034202e8bc15
p0.250-q0.250,p0.250-q0.250-s5101,5101,governed_fact_first,5,2,eligible_dimension_first->partial_aggregate_first->governed_fact_first,447.134,4ea8f45b8faf3e3627c3801d2a58e961357e82e814a09c9fd849034202e8bc15
p0.250-q0.250,p0.250-q0.250-s5101,5101,partial_aggregate_first,6,0,partial_aggregate_first->eligible_dimension_first->governed_fact_first,629.3182,4ea8f45b8faf3e3627c3801d2a58e961357e82e814a09c9fd849034202e8bc15
p0.250-q0.250,p0.250-q0.250-s5101,5101,eligible_dimension_first,6,1,partial_aggregate_first->eligible_dimension_first->governed_fact_first,388.6204,4ea8f45b8faf3e3627c3801d2a58e961357e82e814a09c9fd849034202e8bc15
p0.250-q0.250,p0.250-q0.250-s5101,5101,governed_fact_first,6,2,partial_aggregate_first->eligible_dimension_first->governed_fact_first,588.281,4ea8f45b8faf3e3627c3801d2a58e961357e82e814a09c9fd849034202e8bc15
p0.250-q0.250,p0.250-q0.250-s5101,5101,eligible_dimension_first,7,0,eligible_dimension_first->governed_fact_first->partial_aggregate_first,620.8208,4ea8f45b8faf3e3627c3801d2a58e961357e82e814a09c9fd849034202e8bc15
p0.250-q0.250,p0.250-q0.250-s5101,5101,governed_fact_first,7,1,eligible_dimension_first->governed_fact_first->partial_aggregate_first,555.4644,4ea8f45b8faf3e3627c3801d2a58e961357e82e814a09c9fd849034202e8bc15
p0.250-q0.250,p0.250-q0.250-s5101,5101,partial_aggregate_first,7,2,eligible_dimension_first->governed_fact_first->partial_aggregate_first,699.1852,4ea8f45b8faf3e3627c3801d2a58e961357e82e814a09c9fd849034202e8bc15
p0.250-q0.250,p0.250-q0.250-s5101,5101,partial_aggregate_first,8,0,partial_aggregate_first->governed_fact_first->eligible_dimension_first,643.2328,4ea8f45b8faf3e3627c3801d2a58e961357e82e814a09c9fd849034202e8bc15
p0.250-q0.250,p0.250-q0.250-s5101,5101,governed_fact_first,8,1,partial_aggregate_first->governed_fact_first->eligible_dimension_first,443.0942,4ea8f45b8faf3e3627c3801d2a58e961357e82e814a09c9fd849034202e8bc15
p0.250-q0.250,p0.250-q0.250-s5101,5101,eligible_dimension_first,8,2,partial_aggregate_first->governed_fact_first->eligible_dimension_first,408.6319,4ea8f45b8faf3e3627c3801d2a58e961357e82e814a09c9fd849034202e8bc15
p0.250-q0.250,p0.250-q0.250-s5101,5101,governed_fact_first,9,0,governed_fact_first->eligible_dimension_first->partial_aggregate_first,468.7041,4ea8f45b8faf3e3627c3801d2a58e961357e82e814a09c9fd849034202e8bc15
p0.250-q0.250,p0.250-q0.250-s5101,5101,eligible_dimension_first,9,1,governed_fact_first->eligible_dimension_first->partial_aggregate_first,387.2314,4ea8f45b8faf3e3627c3801d2a58e961357e82e814a09c9fd849034202e8bc15
p0.250-q0.250,p0.250-q0.250-s5101,5101,partial_aggregate_first,9,2,governed_fact_first->eligible_dimension_first->partial_aggregate_first,652.2559,4ea8f45b8faf3e3627c3801d2a58e961357e82e814a09c9fd849034202e8bc15
p0.250-q0.250,p0.250-q0.250-s5101,5101,eligible_dimension_first,10,0,eligible_dimension_first->partial_aggregate_first->governed_fact_first,388.7148,4ea8f45b8faf3e3627c3801d2a58e961357e82e814a09c9fd849034202e8bc15
p0.250-q0.250,p0.250-q0.250-s5101,5101,partial_aggregate_first,10,1,eligible_dimension_first->partial_aggregate_first->governed_fact_first,623.0782,4ea8f45b8faf3e3627c3801d2a58e961357e82e814a09c9fd849034202e8bc15
p0.250-q0.250,p0.250-q0.250-s5101,5101,governed_fact_first,10,2,eligible_dimension_first->partial_aggregate_first->governed_fact_first,463.6467,4ea8f45b8faf3e3627c3801d2a58e961357e82e814a09c9fd849034202e8bc15
p0.250-q0.250,p0.250-q0.250-s5101,5101,governed_fact_first,11,0,governed_fact_first->partial_aggregate_first->eligible_dimension_first,481.7408,4ea8f45b8faf3e3627c3801d2a58e961357e82e814a09c9fd849034202e8bc15
p0.250-q0.250,p0.250-q0.250-s5101,5101,partial_aggregate_first,11,1,governed_fact_first->partial_aggregate_first->eligible_dimension_first,730.2211,4ea8f45b8faf3e3627c3801d2a58e961357e82e814a09c9fd849034202e8bc15
p0.250-q0.250,p0.250-q0.250-s5101,5101,eligible_dimension_first,11,2,governed_fact_first->partial_aggregate_first->eligible_dimension_first,447.8275,4ea8f45b8faf3e3627c3801d2a58e961357e82e814a09c9fd849034202e8bc15
p0.250-q0.250,p0.250-q0.250-s5209,5209,eligible_dimension_first,0,0,eligible_dimension_first->partial_aggregate_first->governed_fact_first,347.9156,ff03a019eb5d8bf100d0ea38547e624726d9f2f1efa238cff1d302f819350353
p0.250-q0.250,p0.250-q0.250-s5209,5209,partial_aggregate_first,0,1,eligible_dimension_first->partial_aggregate_first->governed_fact_first,632.6366,ff03a019eb5d8bf100d0ea38547e624726d9f2f1efa238cff1d302f819350353
p0.250-q0.250,p0.250-q0.250-s5209,5209,governed_fact_first,0,2,eligible_dimension_first->partial_aggregate_first->governed_fact_first,514.3226,ff03a019eb5d8bf100d0ea38547e624726d9f2f1efa238cff1d302f819350353
p0.250-q0.250,p0.250-q0.250-s5209,5209,eligible_dimension_first,1,0,eligible_dimension_first->governed_fact_first->partial_aggregate_first,403.0962,ff03a019eb5d8bf100d0ea38547e624726d9f2f1efa238cff1d302f819350353
p0.250-q0.250,p0.250-q0.250-s5209,5209,governed_fact_first,1,1,eligible_dimension_first->governed_fact_first->partial_aggregate_first,478.3947,ff03a019eb5d8bf100d0ea38547e624726d9f2f1efa238cff1d302f819350353
p0.250-q0.250,p0.250-q0.250-s5209,5209,partial_aggregate_first,1,2,eligible_dimension_first->governed_fact_first->partial_aggregate_first,669.1834,ff03a019eb5d8bf100d0ea38547e624726d9f2f1efa238cff1d302f819350353
p0.250-q0.250,p0.250-q0.250-s5209,5209,partial_aggregate_first,2,0,partial_aggregate_first->eligible_dimension_first->governed_fact_first,623.2041,ff03a019eb5d8bf100d0ea38547e624726d9f2f1efa238cff1d302f819350353
p0.250-q0.250,p0.250-q0.250-s5209,5209,eligible_dimension_first,2,1,partial_aggregate_first->eligible_dimension_first->governed_fact_first,411.7237,ff03a019eb5d8bf100d0ea38547e624726d9f2f1efa238cff1d302f819350353
p0.250-q0.250,p0.250-q0.250-s5209,5209,governed_fact_first,2,2,partial_aggregate_first->eligible_dimension_first->governed_fact_first,477.7638,ff03a019eb5d8bf100d0ea38547e624726d9f2f1efa238cff1d302f819350353
p0.250-q0.250,p0.250-q0.250-s5209,5209,governed_fact_first,3,0,governed_fact_first->partial_aggregate_first->eligible_dimension_first,525.7914,ff03a019eb5d8bf100d0ea38547e624726d9f2f1efa238cff1d302f819350353
p0.250-q0.250,p0.250-q0.250-s5209,5209,partial_aggregate_first,3,1,governed_fact_first->partial_aggregate_first->eligible_dimension_first,634.9275,ff03a019eb5d8bf100d0ea38547e624726d9f2f1efa238cff1d302f819350353
p0.250-q0.250,p0.250-q0.250-s5209,5209,eligible_dimension_first,3,2,governed_fact_first->partial_aggregate_first->eligible_dimension_first,385.7942,ff03a019eb5d8bf100d0ea38547e624726d9f2f1efa238cff1d302f819350353
p0.250-q0.250,p0.250-q0.250-s5209,5209,partial_aggregate_first,4,0,partial_aggregate_first->governed_fact_first->eligible_dimension_first,720.8036,ff03a019eb5d8bf100d0ea38547e624726d9f2f1efa238cff1d302f819350353
p0.250-q0.250,p0.250-q0.250-s5209,5209,governed_fact_first,4,1,partial_aggregate_first->governed_fact_first->eligible_dimension_first,502.4182,ff03a019eb5d8bf100d0ea38547e624726d9f2f1efa238cff1d302f819350353
p0.250-q0.250,p0.250-q0.250-s5209,5209,eligible_dimension_first,4,2,partial_aggregate_first->governed_fact_first->eligible_dimension_first,428.3535,ff03a019eb5d8bf100d0ea38547e624726d9f2f1efa238cff1d302f819350353
p0.250-q0.250,p0.250-q0.250-s5209,5209,partial_aggregate_first,5,0,partial_aggregate_first->eligible_dimension_first->governed_fact_first,699.8196,ff03a019eb5d8bf100d0ea38547e624726d9f2f1efa238cff1d302f819350353
p0.250-q0.250,p0.250-q0.250-s5209,5209,eligible_dimension_first,5,1,partial_aggregate_first->eligible_dimension_first->governed_fact_first,440.6752,ff03a019eb5d8bf100d0ea38547e624726d9f2f1efa238cff1d302f819350353
p0.250-q0.250,p0.250-q0.250-s5209,5209,governed_fact_first,5,2,partial_aggregate_first->eligible_dimension_first->governed_fact_first,482.1672,ff03a019eb5d8bf100d0ea38547e624726d9f2f1efa238cff1d302f819350353
p0.250-q0.250,p0.250-q0.250-s5209,5209,eligible_dimension_first,6,0,eligible_dimension_first->partial_aggregate_first->governed_fact_first,525.7343,ff03a019eb5d8bf100d0ea38547e624726d9f2f1efa238cff1d302f819350353
p0.250-q0.250,p0.250-q0.250-s5209,5209,partial_aggregate_first,6,1,eligible_dimension_first->partial_aggregate_first->governed_fact_first,594.0165,ff03a019eb5d8bf100d0ea38547e624726d9f2f1efa238cff1d302f819350353
p0.250-q0.250,p0.250-q0.250-s5209,5209,governed_fact_first,6,2,eligible_dimension_first->partial_aggregate_first->governed_fact_first,442.9257,ff03a019eb5d8bf100d0ea38547e624726d9f2f1efa238cff1d302f819350353
p0.250-q0.250,p0.250-q0.250-s5209,5209,partial_aggregate_first,7,0,partial_aggregate_first->governed_fact_first->eligible_dimension_first,599.4132,ff03a019eb5d8bf100d0ea38547e624726d9f2f1efa238cff1d302f819350353
p0.250-q0.250,p0.250-q0.250-s5209,5209,governed_fact_first,7,1,partial_aggregate_first->governed_fact_first->eligible_dimension_first,449.6705,ff03a019eb5d8bf100d0ea38547e624726d9f2f1efa238cff1d302f819350353
p0.250-q0.250,p0.250-q0.250-s5209,5209,eligible_dimension_first,7,2,partial_aggregate_first->governed_fact_first->eligible_dimension_first,393.3457,ff03a019eb5d8bf100d0ea38547e624726d9f2f1efa238cff1d302f819350353
p0.250-q0.250,p0.250-q0.250-s5209,5209,governed_fact_first,8,0,governed_fact_first->partial_aggregate_first->eligible_dimension_first,466.4107,ff03a019eb5d8bf100d0ea38547e624726d9f2f1efa238cff1d302f819350353
p0.250-q0.250,p0.250-q0.250-s5209,5209,partial_aggregate_first,8,1,governed_fact_first->partial_aggregate_first->eligible_dimension_first,593.6634,ff03a019eb5d8bf100d0ea38547e624726d9f2f1efa238cff1d302f819350353
p0.250-q0.250,p0.250-q0.250-s5209,5209,eligible_dimension_first,8,2,governed_fact_first->partial_aggregate_first->eligible_dimension_first,384.1304,ff03a019eb5d8bf100d0ea38547e624726d9f2f1efa238cff1d302f819350353
p0.250-q0.250,p0.250-q0.250-s5209,5209,eligible_dimension_first,9,0,eligible_dimension_first->governed_fact_first->partial_aggregate_first,368.5173,ff03a019eb5d8bf100d0ea38547e624726d9f2f1efa238cff1d302f819350353
p0.250-q0.250,p0.250-q0.250-s5209,5209,governed_fact_first,9,1,eligible_dimension_first->governed_fact_first->partial_aggregate_first,428.6249,ff03a019eb5d8bf100d0ea38547e624726d9f2f1efa238cff1d302f819350353
p0.250-q0.250,p0.250-q0.250-s5209,5209,partial_aggregate_first,9,2,eligible_dimension_first->governed_fact_first->partial_aggregate_first,603.6116,ff03a019eb5d8bf100d0ea38547e624726d9f2f1efa238cff1d302f819350353
p0.250-q0.250,p0.250-q0.250-s5209,5209,governed_fact_first,10,0,governed_fact_first->eligible_dimension_first->partial_aggregate_first,430.626,ff03a019eb5d8bf100d0ea38547e624726d9f2f1efa238cff1d302f819350353
p0.250-q0.250,p0.250-q0.250-s5209,5209,eligible_dimension_first,10,1,governed_fact_first->eligible_dimension_first->partial_aggregate_first,367.1903,ff03a019eb5d8bf100d0ea38547e624726d9f2f1efa238cff1d302f819350353
p0.250-q0.250,p0.250-q0.250-s5209,5209,partial_aggregate_first,10,2,governed_fact_first->eligible_dimension_first->partial_aggregate_first,604.3879,ff03a019eb5d8bf100d0ea38547e624726d9f2f1efa238cff1d302f819350353
p0.250-q0.250,p0.250-q0.250-s5209,5209,governed_fact_first,11,0,governed_fact_first->eligible_dimension_first->partial_aggregate_first,456.891,ff03a019eb5d8bf100d0ea38547e624726d9f2f1efa238cff1d302f819350353
p0.250-q0.250,p0.250-q0.250-s5209,5209,eligible_dimension_first,11,1,governed_fact_first->eligible_dimension_first->partial_aggregate_first,346.4647,ff03a019eb5d8bf100d0ea38547e624726d9f2f1efa238cff1d302f819350353
p0.250-q0.250,p0.250-q0.250-s5209,5209,partial_aggregate_first,11,2,governed_fact_first->eligible_dimension_first->partial_aggregate_first,605.6051,ff03a019eb5d8bf100d0ea38547e624726d9f2f1efa238cff1d302f819350353
p0.250-q0.250,p0.250-q0.250-s5303,5303,eligible_dimension_first,0,0,eligible_dimension_first->partial_aggregate_first->governed_fact_first,354.4589,00e176e2c1c32b48ee89693c6462ba2023e62bd752736f3deb9da7a98f5327c0
p0.250-q0.250,p0.250-q0.250-s5303,5303,partial_aggregate_first,0,1,eligible_dimension_first->partial_aggregate_first->governed_fact_first,585.3937,00e176e2c1c32b48ee89693c6462ba2023e62bd752736f3deb9da7a98f5327c0
p0.250-q0.250,p0.250-q0.250-s5303,5303,governed_fact_first,0,2,eligible_dimension_first->partial_aggregate_first->governed_fact_first,424.0707,00e176e2c1c32b48ee89693c6462ba2023e62bd752736f3deb9da7a98f5327c0
p0.250-q0.250,p0.250-q0.250-s5303,5303,governed_fact_first,1,0,governed_fact_first->partial_aggregate_first->eligible_dimension_first,434.2966,00e176e2c1c32b48ee89693c6462ba2023e62bd752736f3deb9da7a98f5327c0
p0.250-q0.250,p0.250-q0.250-s5303,5303,partial_aggregate_first,1,1,governed_fact_first->partial_aggregate_first->eligible_dimension_first,583.0604,00e176e2c1c32b48ee89693c6462ba2023e62bd752736f3deb9da7a98f5327c0
p0.250-q0.250,p0.250-q0.250-s5303,5303,eligible_dimension_first,1,2,governed_fact_first->partial_aggregate_first->eligible_dimension_first,343.0782,00e176e2c1c32b48ee89693c6462ba2023e62bd752736f3deb9da7a98f5327c0
p0.250-q0.250,p0.250-q0.250-s5303,5303,governed_fact_first,2,0,governed_fact_first->partial_aggregate_first->eligible_dimension_first,453.9392,00e176e2c1c32b48ee89693c6462ba2023e62bd752736f3deb9da7a98f5327c0
p0.250-q0.250,p0.250-q0.250-s5303,5303,partial_aggregate_first,2,1,governed_fact_first->partial_aggregate_first->eligible_dimension_first,587.0091,00e176e2c1c32b48ee89693c6462ba2023e62bd752736f3deb9da7a98f5327c0
p0.250-q0.250,p0.250-q0.250-s5303,5303,eligible_dimension_first,2,2,governed_fact_first->partial_aggregate_first->eligible_dimension_first,360.9254,00e176e2c1c32b48ee89693c6462ba2023e62bd752736f3deb9da7a98f5327c0
p0.250-q0.250,p0.250-q0.250-s5303,5303,partial_aggregate_first,3,0,partial_aggregate_first->eligible_dimension_first->governed_fact_first,569.2757,00e176e2c1c32b48ee89693c6462ba2023e62bd752736f3deb9da7a98f5327c0
p0.250-q0.250,p0.250-q0.250-s5303,5303,eligible_dimension_first,3,1,partial_aggregate_first->eligible_dimension_first->governed_fact_first,325.9254,00e176e2c1c32b48ee89693c6462ba2023e62bd752736f3deb9da7a98f5327c0
p0.250-q0.250,p0.250-q0.250-s5303,5303,governed_fact_first,3,2,partial_aggregate_first->eligible_dimension_first->governed_fact_first,375.3662,00e176e2c1c32b48ee89693c6462ba2023e62bd752736f3deb9da7a98f5327c0
p0.250-q0.250,p0.250-q0.250-s5303,5303,eligible_dimension_first,4,0,eligible_dimension_first->governed_fact_first->partial_aggregate_first,330.89,00e176e2c1c32b48ee89693c6462ba2023e62bd752736f3deb9da7a98f5327c0
p0.250-q0.250,p0.250-q0.250-s5303,5303,governed_fact_first,4,1,eligible_dimension_first->governed_fact_first->partial_aggregate_first,413.3354,00e176e2c1c32b48ee89693c6462ba2023e62bd752736f3deb9da7a98f5327c0
p0.250-q0.250,p0.250-q0.250-s5303,5303,partial_aggregate_first,4,2,eligible_dimension_first->governed_fact_first->partial_aggregate_first,553.6519,00e176e2c1c32b48ee89693c6462ba2023e62bd752736f3deb9da7a98f5327c0
p0.250-q0.250,p0.250-q0.250-s5303,5303,partial_aggregate_first,5,0,partial_aggregate_first->governed_fact_first->eligible_dimension_first,566.648,00e176e2c1c32b48ee89693c6462ba2023e62bd752736f3deb9da7a98f5327c0
p0.250-q0.250,p0.250-q0.250-s5303,5303,governed_fact_first,5,1,partial_aggregate_first->governed_fact_first->eligible_dimension_first,406.0679,00e176e2c1c32b48ee89693c6462ba2023e62bd752736f3deb9da7a98f5327c0
p0.250-q0.250,p0.250-q0.250-s5303,5303,eligible_dimension_first,5,2,partial_aggregate_first->governed_fact_first->eligible_dimension_first,336.4363,00e176e2c1c32b48ee89693c6462ba2023e62bd752736f3deb9da7a98f5327c0
p0.250-q0.250,p0.250-q0.250-s5303,5303,governed_fact_first,6,0,governed_fact_first->eligible_dimension_first->partial_aggregate_first,405.8989,00e176e2c1c32b48ee89693c6462ba2023e62bd752736f3deb9da7a98f5327c0
p0.250-q0.250,p0.250-q0.250-s5303,5303,eligible_dimension_first,6,1,governed_fact_first->eligible_dimension_first->partial_aggregate_first,343.5361,00e176e2c1c32b48ee89693c6462ba2023e62bd752736f3deb9da7a98f5327c0
p0.250-q0.250,p0.250-q0.250-s5303,5303,partial_aggregate_first,6,2,governed_fact_first->eligible_dimension_first->partial_aggregate_first,584.5006,00e176e2c1c32b48ee89693c6462ba2023e62bd752736f3deb9da7a98f5327c0
p0.250-q0.250,p0.250-q0.250-s5303,5303,partial_aggregate_first,7,0,partial_aggregate_first->governed_fact_first->eligible_dimension_first,543.3373,00e176e2c1c32b48ee89693c6462ba2023e62bd752736f3deb9da7a98f5327c0
p0.250-q0.250,p0.250-q0.250-s5303,5303,governed_fact_first,7,1,partial_aggregate_first->governed_fact_first->eligible_dimension_first,436.7879,00e176e2c1c32b48ee89693c6462ba2023e62bd752736f3deb9da7a98f5327c0
p0.250-q0.250,p0.250-q0.250-s5303,5303,eligible_dimension_first,7,2,partial_aggregate_first->governed_fact_first->eligible_dimension_first,373.1666,00e176e2c1c32b48ee89693c6462ba2023e62bd752736f3deb9da7a98f5327c0
p0.250-q0.250,p0.250-q0.250-s5303,5303,eligible_dimension_first,8,0,eligible_dimension_first->governed_fact_first->partial_aggregate_first,340.519,00e176e2c1c32b48ee89693c6462ba2023e62bd752736f3deb9da7a98f5327c0
p0.250-q0.250,p0.250-q0.250-s5303,5303,governed_fact_first,8,1,eligible_dimension_first->governed_fact_first->partial_aggregate_first,409.9948,00e176e2c1c32b48ee89693c6462ba2023e62bd752736f3deb9da7a98f5327c0
p0.250-q0.250,p0.250-q0.250-s5303,5303,partial_aggregate_first,8,2,eligible_dimension_first->governed_fact_first->partial_aggregate_first,555.9548,00e176e2c1c32b48ee89693c6462ba2023e62bd752736f3deb9da7a98f5327c0
p0.250-q0.250,p0.250-q0.250-s5303,5303,eligible_dimension_first,9,0,eligible_dimension_first->partial_aggregate_first->governed_fact_first,360.267,00e176e2c1c32b48ee89693c6462ba2023e62bd752736f3deb9da7a98f5327c0
p0.250-q0.250,p0.250-q0.250-s5303,5303,partial_aggregate_first,9,1,eligible_dimension_first->partial_aggregate_first->governed_fact_first,777.5594,00e176e2c1c32b48ee89693c6462ba2023e62bd752736f3deb9da7a98f5327c0
p0.250-q0.250,p0.250-q0.250-s5303,5303,governed_fact_first,9,2,eligible_dimension_first->partial_aggregate_first->governed_fact_first,408.4795,00e176e2c1c32b48ee89693c6462ba2023e62bd752736f3deb9da7a98f5327c0
p0.250-q0.250,p0.250-q0.250-s5303,5303,governed_fact_first,10,0,governed_fact_first->eligible_dimension_first->partial_aggregate_first,554.0441,00e176e2c1c32b48ee89693c6462ba2023e62bd752736f3deb9da7a98f5327c0
p0.250-q0.250,p0.250-q0.250-s5303,5303,eligible_dimension_first,10,1,governed_fact_first->eligible_dimension_first->partial_aggregate_first,341.7246,00e176e2c1c32b48ee89693c6462ba2023e62bd752736f3deb9da7a98f5327c0
p0.250-q0.250,p0.250-q0.250-s5303,5303,partial_aggregate_first,10,2,governed_fact_first->eligible_dimension_first->partial_aggregate_first,552.3289,00e176e2c1c32b48ee89693c6462ba2023e62bd752736f3deb9da7a98f5327c0
p0.250-q0.250,p0.250-q0.250-s5303,5303,partial_aggregate_first,11,0,partial_aggregate_first->eligible_dimension_first->governed_fact_first,588.2555,00e176e2c1c32b48ee89693c6462ba2023e62bd752736f3deb9da7a98f5327c0
p0.250-q0.250,p0.250-q0.250-s5303,5303,eligible_dimension_first,11,1,partial_aggregate_first->eligible_dimension_first->governed_fact_first,333.4512,00e176e2c1c32b48ee89693c6462ba2023e62bd752736f3deb9da7a98f5327c0
p0.250-q0.250,p0.250-q0.250-s5303,5303,governed_fact_first,11,2,partial_aggregate_first->eligible_dimension_first->governed_fact_first,418.5856,00e176e2c1c32b48ee89693c6462ba2023e62bd752736f3deb9da7a98f5327c0
p0.250-q0.050,p0.250-q0.050-s5101,5101,governed_fact_first,0,0,governed_fact_first->eligible_dimension_first->partial_aggregate_first,351.7579,757a7248938782368b8b1b88d384cadd2e6c18d0a2e1ce0aee6a7e39ce21edc0
p0.250-q0.050,p0.250-q0.050-s5101,5101,eligible_dimension_first,0,1,governed_fact_first->eligible_dimension_first->partial_aggregate_first,285.04,757a7248938782368b8b1b88d384cadd2e6c18d0a2e1ce0aee6a7e39ce21edc0
p0.250-q0.050,p0.250-q0.050-s5101,5101,partial_aggregate_first,0,2,governed_fact_first->eligible_dimension_first->partial_aggregate_first,532.7467,757a7248938782368b8b1b88d384cadd2e6c18d0a2e1ce0aee6a7e39ce21edc0
p0.250-q0.050,p0.250-q0.050-s5101,5101,partial_aggregate_first,1,0,partial_aggregate_first->governed_fact_first->eligible_dimension_first,540.2684,757a7248938782368b8b1b88d384cadd2e6c18d0a2e1ce0aee6a7e39ce21edc0
p0.250-q0.050,p0.250-q0.050-s5101,5101,governed_fact_first,1,1,partial_aggregate_first->governed_fact_first->eligible_dimension_first,372.6319,757a7248938782368b8b1b88d384cadd2e6c18d0a2e1ce0aee6a7e39ce21edc0
p0.250-q0.050,p0.250-q0.050-s5101,5101,eligible_dimension_first,1,2,partial_aggregate_first->governed_fact_first->eligible_dimension_first,297.5637,757a7248938782368b8b1b88d384cadd2e6c18d0a2e1ce0aee6a7e39ce21edc0
p0.250-q0.050,p0.250-q0.050-s5101,5101,eligible_dimension_first,2,0,eligible_dimension_first->partial_aggregate_first->governed_fact_first,333.2747,757a7248938782368b8b1b88d384cadd2e6c18d0a2e1ce0aee6a7e39ce21edc0
p0.250-q0.050,p0.250-q0.050-s5101,5101,partial_aggregate_first,2,1,eligible_dimension_first->partial_aggregate_first->governed_fact_first,551.5817,757a7248938782368b8b1b88d384cadd2e6c18d0a2e1ce0aee6a7e39ce21edc0
p0.250-q0.050,p0.250-q0.050-s5101,5101,governed_fact_first,2,2,eligible_dimension_first->partial_aggregate_first->governed_fact_first,393.8697,757a7248938782368b8b1b88d384cadd2e6c18d0a2e1ce0aee6a7e39ce21edc0
p0.250-q0.050,p0.250-q0.050-s5101,5101,partial_aggregate_first,3,0,partial_aggregate_first->governed_fact_first->eligible_dimension_first,549.8594,757a7248938782368b8b1b88d384cadd2e6c18d0a2e1ce0aee6a7e39ce21edc0
p0.250-q0.050,p0.250-q0.050-s5101,5101,governed_fact_first,3,1,partial_aggregate_first->governed_fact_first->eligible_dimension_first,374.2843,757a7248938782368b8b1b88d384cadd2e6c18d0a2e1ce0aee6a7e39ce21edc0
p0.250-q0.050,p0.250-q0.050-s5101,5101,eligible_dimension_first,3,2,partial_aggregate_first->governed_fact_first->eligible_dimension_first,274.4843,757a7248938782368b8b1b88d384cadd2e6c18d0a2e1ce0aee6a7e39ce21edc0
p0.250-q0.050,p0.250-q0.050-s5101,5101,partial_aggregate_first,4,0,partial_aggregate_first->eligible_dimension_first->governed_fact_first,510.9379,757a7248938782368b8b1b88d384cadd2e6c18d0a2e1ce0aee6a7e39ce21edc0
p0.250-q0.050,p0.250-q0.050-s5101,5101,eligible_dimension_first,4,1,partial_aggregate_first->eligible_dimension_first->governed_fact_first,284.5307,757a7248938782368b8b1b88d384cadd2e6c18d0a2e1ce0aee6a7e39ce21edc0
p0.250-q0.050,p0.250-q0.050-s5101,5101,governed_fact_first,4,2,partial_aggregate_first->eligible_dimension_first->governed_fact_first,382.605,757a7248938782368b8b1b88d384cadd2e6c18d0a2e1ce0aee6a7e39ce21edc0
p0.250-q0.050,p0.250-q0.050-s5101,5101,governed_fact_first,5,0,governed_fact_first->partial_aggregate_first->eligible_dimension_first,387.3741,757a7248938782368b8b1b88d384cadd2e6c18d0a2e1ce0aee6a7e39ce21edc0
p0.250-q0.050,p0.250-q0.050-s5101,5101,partial_aggregate_first,5,1,governed_fact_first->partial_aggregate_first->eligible_dimension_first,524.3272,757a7248938782368b8b1b88d384cadd2e6c18d0a2e1ce0aee6a7e39ce21edc0
p0.250-q0.050,p0.250-q0.050-s5101,5101,eligible_dimension_first,5,2,governed_fact_first->partial_aggregate_first->eligible_dimension_first,293.0557,757a7248938782368b8b1b88d384cadd2e6c18d0a2e1ce0aee6a7e39ce21edc0
p0.250-q0.050,p0.250-q0.050-s5101,5101,partial_aggregate_first,6,0,partial_aggregate_first->eligible_dimension_first->governed_fact_first,533.3498,757a7248938782368b8b1b88d384cadd2e6c18d0a2e1ce0aee6a7e39ce21edc0
p0.250-q0.050,p0.250-q0.050-s5101,5101,eligible_dimension_first,6,1,partial_aggregate_first->eligible_dimension_first->governed_fact_first,297.6346,757a7248938782368b8b1b88d384cadd2e6c18d0a2e1ce0aee6a7e39ce21edc0
p0.250-q0.050,p0.250-q0.050-s5101,5101,governed_fact_first,6,2,partial_aggregate_first->eligible_dimension_first->governed_fact_first,373.1013,757a7248938782368b8b1b88d384cadd2e6c18d0a2e1ce0aee6a7e39ce21edc0
p0.250-q0.050,p0.250-q0.050-s5101,5101,governed_fact_first,7,0,governed_fact_first->eligible_dimension_first->partial_aggregate_first,434.6069,757a7248938782368b8b1b88d384cadd2e6c18d0a2e1ce0aee6a7e39ce21edc0
p0.250-q0.050,p0.250-q0.050-s5101,5101,eligible_dimension_first,7,1,governed_fact_first->eligible_dimension_first->partial_aggregate_first,285.7486,757a7248938782368b8b1b88d384cadd2e6c18d0a2e1ce0aee6a7e39ce21edc0
p0.250-q0.050,p0.250-q0.050-s5101,5101,partial_aggregate_first,7,2,governed_fact_first->eligible_dimension_first->partial_aggregate_first,520.9373,757a7248938782368b8b1b88d384cadd2e6c18d0a2e1ce0aee6a7e39ce21edc0
p0.250-q0.050,p0.250-q0.050-s5101,5101,eligible_dimension_first,8,0,eligible_dimension_first->governed_fact_first->partial_aggregate_first,304.4232,757a7248938782368b8b1b88d384cadd2e6c18d0a2e1ce0aee6a7e39ce21edc0
p0.250-q0.050,p0.250-q0.050-s5101,5101,governed_fact_first,8,1,eligible_dimension_first->governed_fact_first->partial_aggregate_first,410.7619,757a7248938782368b8b1b88d384cadd2e6c18d0a2e1ce0aee6a7e39ce21edc0
p0.250-q0.050,p0.250-q0.050-s5101,5101,partial_aggregate_first,8,2,eligible_dimension_first->governed_fact_first->partial_aggregate_first,536.0099,757a7248938782368b8b1b88d384cadd2e6c18d0a2e1ce0aee6a7e39ce21edc0
p0.250-q0.050,p0.250-q0.050-s5101,5101,governed_fact_first,9,0,governed_fact_first->partial_aggregate_first->eligible_dimension_first,407.4411,757a7248938782368b8b1b88d384cadd2e6c18d0a2e1ce0aee6a7e39ce21edc0
p0.250-q0.050,p0.250-q0.050-s5101,5101,partial_aggregate_first,9,1,governed_fact_first->partial_aggregate_first->eligible_dimension_first,599.2046,757a7248938782368b8b1b88d384cadd2e6c18d0a2e1ce0aee6a7e39ce21edc0
p0.250-q0.050,p0.250-q0.050-s5101,5101,eligible_dimension_first,9,2,governed_fact_first->partial_aggregate_first->eligible_dimension_first,325.7206,757a7248938782368b8b1b88d384cadd2e6c18d0a2e1ce0aee6a7e39ce21edc0
p0.250-q0.050,p0.250-q0.050-s5101,5101,eligible_dimension_first,10,0,eligible_dimension_first->governed_fact_first->partial_aggregate_first,297.1885,757a7248938782368b8b1b88d384cadd2e6c18d0a2e1ce0aee6a7e39ce21edc0
p0.250-q0.050,p0.250-q0.050-s5101,5101,governed_fact_first,10,1,eligible_dimension_first->governed_fact_first->partial_aggregate_first,380.607,757a7248938782368b8b1b88d384cadd2e6c18d0a2e1ce0aee6a7e39ce21edc0
p0.250-q0.050,p0.250-q0.050-s5101,5101,partial_aggregate_first,10,2,eligible_dimension_first->governed_fact_first->partial_aggregate_first,544.0701,757a7248938782368b8b1b88d384cadd2e6c18d0a2e1ce0aee6a7e39ce21edc0
p0.250-q0.050,p0.250-q0.050-s5101,5101,eligible_dimension_first,11,0,eligible_dimension_first->partial_aggregate_first->governed_fact_first,308.3525,757a7248938782368b8b1b88d384cadd2e6c18d0a2e1ce0aee6a7e39ce21edc0
p0.250-q0.050,p0.250-q0.050-s5101,5101,partial_aggregate_first,11,1,eligible_dimension_first->partial_aggregate_first->governed_fact_first,539.2808,757a7248938782368b8b1b88d384cadd2e6c18d0a2e1ce0aee6a7e39ce21edc0
p0.250-q0.050,p0.250-q0.050-s5101,5101,governed_fact_first,11,2,eligible_dimension_first->partial_aggregate_first->governed_fact_first,371.9902,757a7248938782368b8b1b88d384cadd2e6c18d0a2e1ce0aee6a7e39ce21edc0
p0.250-q0.050,p0.250-q0.050-s5209,5209,governed_fact_first,0,0,governed_fact_first->partial_aggregate_first->eligible_dimension_first,412.8,43c33838e608284d8979bb453cb5a375fefda8de523f29f3ebeecc717e9e98fc
p0.250-q0.050,p0.250-q0.050-s5209,5209,partial_aggregate_first,0,1,governed_fact_first->partial_aggregate_first->eligible_dimension_first,524.1189,43c33838e608284d8979bb453cb5a375fefda8de523f29f3ebeecc717e9e98fc
p0.250-q0.050,p0.250-q0.050-s5209,5209,eligible_dimension_first,0,2,governed_fact_first->partial_aggregate_first->eligible_dimension_first,287.7699,43c33838e608284d8979bb453cb5a375fefda8de523f29f3ebeecc717e9e98fc
p0.250-q0.050,p0.250-q0.050-s5209,5209,governed_fact_first,1,0,governed_fact_first->eligible_dimension_first->partial_aggregate_first,405.6914,43c33838e608284d8979bb453cb5a375fefda8de523f29f3ebeecc717e9e98fc
p0.250-q0.050,p0.250-q0.050-s5209,5209,eligible_dimension_first,1,1,governed_fact_first->eligible_dimension_first->partial_aggregate_first,307.2313,43c33838e608284d8979bb453cb5a375fefda8de523f29f3ebeecc717e9e98fc
p0.250-q0.050,p0.250-q0.050-s5209,5209,partial_aggregate_first,1,2,governed_fact_first->eligible_dimension_first->partial_aggregate_first,499.1325,43c33838e608284d8979bb453cb5a375fefda8de523f29f3ebeecc717e9e98fc
p0.250-q0.050,p0.250-q0.050-s5209,5209,partial_aggregate_first,2,0,partial_aggregate_first->eligible_dimension_first->governed_fact_first,539.7047,43c33838e608284d8979bb453cb5a375fefda8de523f29f3ebeecc717e9e98fc
p0.250-q0.050,p0.250-q0.050-s5209,5209,eligible_dimension_first,2,1,partial_aggregate_first->eligible_dimension_first->governed_fact_first,315.0162,43c33838e608284d8979bb453cb5a375fefda8de523f29f3ebeecc717e9e98fc
p0.250-q0.050,p0.250-q0.050-s5209,5209,governed_fact_first,2,2,partial_aggregate_first->eligible_dimension_first->governed_fact_first,356.5435,43c33838e608284d8979bb453cb5a375fefda8de523f29f3ebeecc717e9e98fc
p0.250-q0.050,p0.250-q0.050-s5209,5209,partial_aggregate_first,3,0,partial_aggregate_first->governed_fact_first->eligible_dimension_first,534.0733,43c33838e608284d8979bb453cb5a375fefda8de523f29f3ebeecc717e9e98fc
p0.250-q0.050,p0.250-q0.050-s5209,5209,governed_fact_first,3,1,partial_aggregate_first->governed_fact_first->eligible_dimension_first,361.9488,43c33838e608284d8979bb453cb5a375fefda8de523f29f3ebeecc717e9e98fc
p0.250-q0.050,p0.250-q0.050-s5209,5209,eligible_dimension_first,3,2,partial_aggregate_first->governed_fact_first->eligible_dimension_first,295.7703,43c33838e608284d8979bb453cb5a375fefda8de523f29f3ebeecc717e9e98fc
p0.250-q0.050,p0.250-q0.050-s5209,5209,eligible_dimension_first,4,0,eligible_dimension_first->governed_fact_first->partial_aggregate_first,314.2182,43c33838e608284d8979bb453cb5a375fefda8de523f29f3ebeecc717e9e98fc
p0.250-q0.050,p0.250-q0.050-s5209,5209,governed_fact_first,4,1,eligible_dimension_first->governed_fact_first->partial_aggregate_first,374.6206,43c33838e608284d8979bb453cb5a375fefda8de523f29f3ebeecc717e9e98fc
p0.250-q0.050,p0.250-q0.050-s5209,5209,partial_aggregate_first,4,2,eligible_dimension_first->governed_fact_first->partial_aggregate_first,522.5595,43c33838e608284d8979bb453cb5a375fefda8de523f29f3ebeecc717e9e98fc
p0.250-q0.050,p0.250-q0.050-s5209,5209,governed_fact_first,5,0,governed_fact_first->eligible_dimension_first->partial_aggregate_first,366.7659,43c33838e608284d8979bb453cb5a375fefda8de523f29f3ebeecc717e9e98fc
p0.250-q0.050,p0.250-q0.050-s5209,5209,eligible_dimension_first,5,1,governed_fact_first->eligible_dimension_first->partial_aggregate_first,295.4112,43c33838e608284d8979bb453cb5a375fefda8de523f29f3ebeecc717e9e98fc
p0.250-q0.050,p0.250-q0.050-s5209,5209,partial_aggregate_first,5,2,governed_fact_first->eligible_dimension_first->partial_aggregate_first,542.6874,43c33838e608284d8979bb453cb5a375fefda8de523f29f3ebeecc717e9e98fc
p0.250-q0.050,p0.250-q0.050-s5209,5209,eligible_dimension_first,6,0,eligible_dimension_first->governed_fact_first->partial_aggregate_first,294.9396,43c33838e608284d8979bb453cb5a375fefda8de523f29f3ebeecc717e9e98fc
p0.250-q0.050,p0.250-q0.050-s5209,5209,governed_fact_first,6,1,eligible_dimension_first->governed_fact_first->partial_aggregate_first,424.7145,43c33838e608284d8979bb453cb5a375fefda8de523f29f3ebeecc717e9e98fc
p0.250-q0.050,p0.250-q0.050-s5209,5209,partial_aggregate_first,6,2,eligible_dimension_first->governed_fact_first->partial_aggregate_first,559.9057,43c33838e608284d8979bb453cb5a375fefda8de523f29f3ebeecc717e9e98fc
p0.250-q0.050,p0.250-q0.050-s5209,5209,eligible_dimension_first,7,0,eligible_dimension_first->partial_aggregate_first->governed_fact_first,286.9433,43c33838e608284d8979bb453cb5a375fefda8de523f29f3ebeecc717e9e98fc
p0.250-q0.050,p0.250-q0.050-s5209,5209,partial_aggregate_first,7,1,eligible_dimension_first->partial_aggregate_first->governed_fact_first,538.9956,43c33838e608284d8979bb453cb5a375fefda8de523f29f3ebeecc717e9e98fc
p0.250-q0.050,p0.250-q0.050-s5209,5209,governed_fact_first,7,2,eligible_dimension_first->partial_aggregate_first->governed_fact_first,378.7892,43c33838e608284d8979bb453cb5a375fefda8de523f29f3ebeecc717e9e98fc
p0.250-q0.050,p0.250-q0.050-s5209,5209,partial_aggregate_first,8,0,partial_aggregate_first->governed_fact_first->eligible_dimension_first,536.9429,43c33838e608284d8979bb453cb5a375fefda8de523f29f3ebeecc717e9e98fc
p0.250-q0.050,p0.250-q0.050-s5209,5209,governed_fact_first,8,1,partial_aggregate_first->governed_fact_first->eligible_dimension_first,370.9191,43c33838e608284d8979bb453cb5a375fefda8de523f29f3ebeecc717e9e98fc
p0.250-q0.050,p0.250-q0.050-s5209,5209,eligible_dimension_first,8,2,partial_aggregate_first->governed_fact_first->eligible_dimension_first,333.4673,43c33838e608284d8979bb453cb5a375fefda8de523f29f3ebeecc717e9e98fc
p0.250-q0.050,p0.250-q0.050-s5209,5209,governed_fact_first,9,0,governed_fact_first->partial_aggregate_first->eligible_dimension_first,380.9556,43c33838e608284d8979bb453cb5a375fefda8de523f29f3ebeecc717e9e98fc
p0.250-q0.050,p0.250-q0.050-s5209,5209,partial_aggregate_first,9,1,governed_fact_first->partial_aggregate_first->eligible_dimension_first,506.2439,43c33838e608284d8979bb453cb5a375fefda8de523f29f3ebeecc717e9e98fc
p0.250-q0.050,p0.250-q0.050-s5209,5209,eligible_dimension_first,9,2,governed_fact_first->partial_aggregate_first->eligible_dimension_first,294.1299,43c33838e608284d8979bb453cb5a375fefda8de523f29f3ebeecc717e9e98fc
p0.250-q0.050,p0.250-q0.050-s5209,5209,eligible_dimension_first,10,0,eligible_dimension_first->partial_aggregate_first->governed_fact_first,329.9517,43c33838e608284d8979bb453cb5a375fefda8de523f29f3ebeecc717e9e98fc
p0.250-q0.050,p0.250-q0.050-s5209,5209,partial_aggregate_first,10,1,eligible_dimension_first->partial_aggregate_first->governed_fact_first,514.0538,43c33838e608284d8979bb453cb5a375fefda8de523f29f3ebeecc717e9e98fc
p0.250-q0.050,p0.250-q0.050-s5209,5209,governed_fact_first,10,2,eligible_dimension_first->partial_aggregate_first->governed_fact_first,355.6488,43c33838e608284d8979bb453cb5a375fefda8de523f29f3ebeecc717e9e98fc
p0.250-q0.050,p0.250-q0.050-s5209,5209,partial_aggregate_first,11,0,partial_aggregate_first->eligible_dimension_first->governed_fact_first,518.4931,43c33838e608284d8979bb453cb5a375fefda8de523f29f3ebeecc717e9e98fc
p0.250-q0.050,p0.250-q0.050-s5209,5209,eligible_dimension_first,11,1,partial_aggregate_first->eligible_dimension_first->governed_fact_first,299.3687,43c33838e608284d8979bb453cb5a375fefda8de523f29f3ebeecc717e9e98fc
p0.250-q0.050,p0.250-q0.050-s5209,5209,governed_fact_first,11,2,partial_aggregate_first->eligible_dimension_first->governed_fact_first,357.0906,43c33838e608284d8979bb453cb5a375fefda8de523f29f3ebeecc717e9e98fc
p0.250-q0.050,p0.250-q0.050-s5303,5303,governed_fact_first,0,0,governed_fact_first->partial_aggregate_first->eligible_dimension_first,416.1577,0da7369cdd00e34de60f8bd5d6e0d08a90e875004f3d17682edafb921673ec05
p0.250-q0.050,p0.250-q0.050-s5303,5303,partial_aggregate_first,0,1,governed_fact_first->partial_aggregate_first->eligible_dimension_first,510.4871,0da7369cdd00e34de60f8bd5d6e0d08a90e875004f3d17682edafb921673ec05
p0.250-q0.050,p0.250-q0.050-s5303,5303,eligible_dimension_first,0,2,governed_fact_first->partial_aggregate_first->eligible_dimension_first,299.9862,0da7369cdd00e34de60f8bd5d6e0d08a90e875004f3d17682edafb921673ec05
p0.250-q0.050,p0.250-q0.050-s5303,5303,eligible_dimension_first,1,0,eligible_dimension_first->governed_fact_first->partial_aggregate_first,311.8296,0da7369cdd00e34de60f8bd5d6e0d08a90e875004f3d17682edafb921673ec05
p0.250-q0.050,p0.250-q0.050-s5303,5303,governed_fact_first,1,1,eligible_dimension_first->governed_fact_first->partial_aggregate_first,366.0792,0da7369cdd00e34de60f8bd5d6e0d08a90e875004f3d17682edafb921673ec05
p0.250-q0.050,p0.250-q0.050-s5303,5303,partial_aggregate_first,1,2,eligible_dimension_first->governed_fact_first->partial_aggregate_first,512.3732,0da7369cdd00e34de60f8bd5d6e0d08a90e875004f3d17682edafb921673ec05
p0.250-q0.050,p0.250-q0.050-s5303,5303,partial_aggregate_first,2,0,partial_aggregate_first->governed_fact_first->eligible_dimension_first,515.706,0da7369cdd00e34de60f8bd5d6e0d08a90e875004f3d17682edafb921673ec05
p0.250-q0.050,p0.250-q0.050-s5303,5303,governed_fact_first,2,1,partial_aggregate_first->governed_fact_first->eligible_dimension_first,388.2503,0da7369cdd00e34de60f8bd5d6e0d08a90e875004f3d17682edafb921673ec05
p0.250-q0.050,p0.250-q0.050-s5303,5303,eligible_dimension_first,2,2,partial_aggregate_first->governed_fact_first->eligible_dimension_first,309.873,0da7369cdd00e34de60f8bd5d6e0d08a90e875004f3d17682edafb921673ec05
p0.250-q0.050,p0.250-q0.050-s5303,5303,eligible_dimension_first,3,0,eligible_dimension_first->partial_aggregate_first->governed_fact_first,283.1392,0da7369cdd00e34de60f8bd5d6e0d08a90e875004f3d17682edafb921673ec05
p0.250-q0.050,p0.250-q0.050-s5303,5303,partial_aggregate_first,3,1,eligible_dimension_first->partial_aggregate_first->governed_fact_first,556.2526,0da7369cdd00e34de60f8bd5d6e0d08a90e875004f3d17682edafb921673ec05
p0.250-q0.050,p0.250-q0.050-s5303,5303,governed_fact_first,3,2,eligible_dimension_first->partial_aggregate_first->governed_fact_first,409.9878,0da7369cdd00e34de60f8bd5d6e0d08a90e875004f3d17682edafb921673ec05
p0.250-q0.050,p0.250-q0.050-s5303,5303,partial_aggregate_first,4,0,partial_aggregate_first->eligible_dimension_first->governed_fact_first,538.0368,0da7369cdd00e34de60f8bd5d6e0d08a90e875004f3d17682edafb921673ec05
p0.250-q0.050,p0.250-q0.050-s5303,5303,eligible_dimension_first,4,1,partial_aggregate_first->eligible_dimension_first->governed_fact_first,295.776,0da7369cdd00e34de60f8bd5d6e0d08a90e875004f3d17682edafb921673ec05
p0.250-q0.050,p0.250-q0.050-s5303,5303,governed_fact_first,4,2,partial_aggregate_first->eligible_dimension_first->governed_fact_first,369.5995,0da7369cdd00e34de60f8bd5d6e0d08a90e875004f3d17682edafb921673ec05
p0.250-q0.050,p0.250-q0.050-s5303,5303,governed_fact_first,5,0,governed_fact_first->eligible_dimension_first->partial_aggregate_first,409.377,0da7369cdd00e34de60f8bd5d6e0d08a90e875004f3d17682edafb921673ec05
p0.250-q0.050,p0.250-q0.050-s5303,5303,eligible_dimension_first,5,1,governed_fact_first->eligible_dimension_first->partial_aggregate_first,324.4617,0da7369cdd00e34de60f8bd5d6e0d08a90e875004f3d17682edafb921673ec05
p0.250-q0.050,p0.250-q0.050-s5303,5303,partial_aggregate_first,5,2,governed_fact_first->eligible_dimension_first->partial_aggregate_first,557.6719,0da7369cdd00e34de60f8bd5d6e0d08a90e875004f3d17682edafb921673ec05
p0.250-q0.050,p0.250-q0.050-s5303,5303,governed_fact_first,6,0,governed_fact_first->eligible_dimension_first->partial_aggregate_first,360.6333,0da7369cdd00e34de60f8bd5d6e0d08a90e875004f3d17682edafb921673ec05
p0.250-q0.050,p0.250-q0.050-s5303,5303,eligible_dimension_first,6,1,governed_fact_first->eligible_dimension_first->partial_aggregate_first,296.9206,0da7369cdd00e34de60f8bd5d6e0d08a90e875004f3d17682edafb921673ec05
p0.250-q0.050,p0.250-q0.050-s5303,5303,partial_aggregate_first,6,2,governed_fact_first->eligible_dimension_first->partial_aggregate_first,583.6304,0da7369cdd00e34de60f8bd5d6e0d08a90e875004f3d17682edafb921673ec05
p0.250-q0.050,p0.250-q0.050-s5303,5303,partial_aggregate_first,7,0,partial_aggregate_first->eligible_dimension_first->governed_fact_first,527.0512,0da7369cdd00e34de60f8bd5d6e0d08a90e875004f3d17682edafb921673ec05
p0.250-q0.050,p0.250-q0.050-s5303,5303,eligible_dimension_first,7,1,partial_aggregate_first->eligible_dimension_first->governed_fact_first,319.5188,0da7369cdd00e34de60f8bd5d6e0d08a90e875004f3d17682edafb921673ec05
p0.250-q0.050,p0.250-q0.050-s5303,5303,governed_fact_first,7,2,partial_aggregate_first->eligible_dimension_first->governed_fact_first,387.8647,0da7369cdd00e34de60f8bd5d6e0d08a90e875004f3d17682edafb921673ec05
p0.250-q0.050,p0.250-q0.050-s5303,5303,eligible_dimension_first,8,0,eligible_dimension_first->partial_aggregate_first->governed_fact_first,299.5998,0da7369cdd00e34de60f8bd5d6e0d08a90e875004f3d17682edafb921673ec05
p0.250-q0.050,p0.250-q0.050-s5303,5303,partial_aggregate_first,8,1,eligible_dimension_first->partial_aggregate_first->governed_fact_first,538.0753,0da7369cdd00e34de60f8bd5d6e0d08a90e875004f3d17682edafb921673ec05
p0.250-q0.050,p0.250-q0.050-s5303,5303,governed_fact_first,8,2,eligible_dimension_first->partial_aggregate_first->governed_fact_first,382.0357,0da7369cdd00e34de60f8bd5d6e0d08a90e875004f3d17682edafb921673ec05
p0.250-q0.050,p0.250-q0.050-s5303,5303,governed_fact_first,9,0,governed_fact_first->partial_aggregate_first->eligible_dimension_first,388.2266,0da7369cdd00e34de60f8bd5d6e0d08a90e875004f3d17682edafb921673ec05
p0.250-q0.050,p0.250-q0.050-s5303,5303,partial_aggregate_first,9,1,governed_fact_first->partial_aggregate_first->eligible_dimension_first,579.0438,0da7369cdd00e34de60f8bd5d6e0d08a90e875004f3d17682edafb921673ec05
p0.250-q0.050,p0.250-q0.050-s5303,5303,eligible_dimension_first,9,2,governed_fact_first->partial_aggregate_first->eligible_dimension_first,317.1611,0da7369cdd00e34de60f8bd5d6e0d08a90e875004f3d17682edafb921673ec05
p0.250-q0.050,p0.250-q0.050-s5303,5303,partial_aggregate_first,10,0,partial_aggregate_first->governed_fact_first->eligible_dimension_first,533.1684,0da7369cdd00e34de60f8bd5d6e0d08a90e875004f3d17682edafb921673ec05
p0.250-q0.050,p0.250-q0.050-s5303,5303,governed_fact_first,10,1,partial_aggregate_first->governed_fact_first->eligible_dimension_first,385.6758,0da7369cdd00e34de60f8bd5d6e0d08a90e875004f3d17682edafb921673ec05
p0.250-q0.050,p0.250-q0.050-s5303,5303,eligible_dimension_first,10,2,partial_aggregate_first->governed_fact_first->eligible_dimension_first,304.9263,0da7369cdd00e34de60f8bd5d6e0d08a90e875004f3d17682edafb921673ec05
p0.250-q0.050,p0.250-q0.050-s5303,5303,eligible_dimension_first,11,0,eligible_dimension_first->governed_fact_first->partial_aggregate_first,314.0059,0da7369cdd00e34de60f8bd5d6e0d08a90e875004f3d17682edafb921673ec05
p0.250-q0.050,p0.250-q0.050-s5303,5303,governed_fact_first,11,1,eligible_dimension_first->governed_fact_first->partial_aggregate_first,412.5644,0da7369cdd00e34de60f8bd5d6e0d08a90e875004f3d17682edafb921673ec05
p0.250-q0.050,p0.250-q0.050-s5303,5303,partial_aggregate_first,11,2,eligible_dimension_first->governed_fact_first->partial_aggregate_first,597.525,0da7369cdd00e34de60f8bd5d6e0d08a90e875004f3d17682edafb921673ec05
p0.750-q0.050,p0.750-q0.050-s5101,5101,partial_aggregate_first,0,0,partial_aggregate_first->governed_fact_first->eligible_dimension_first,1004.5704,36d3bfefce1ebbeb127f06df344d808e4ef0f8d4a516d321d6f220dbbe9b5c6e
p0.750-q0.050,p0.750-q0.050-s5101,5101,governed_fact_first,0,1,partial_aggregate_first->governed_fact_first->eligible_dimension_first,810.1414,36d3bfefce1ebbeb127f06df344d808e4ef0f8d4a516d321d6f220dbbe9b5c6e
p0.750-q0.050,p0.750-q0.050-s5101,5101,eligible_dimension_first,0,2,partial_aggregate_first->governed_fact_first->eligible_dimension_first,787.0616,36d3bfefce1ebbeb127f06df344d808e4ef0f8d4a516d321d6f220dbbe9b5c6e
p0.750-q0.050,p0.750-q0.050-s5101,5101,governed_fact_first,1,0,governed_fact_first->partial_aggregate_first->eligible_dimension_first,978.4632,36d3bfefce1ebbeb127f06df344d808e4ef0f8d4a516d321d6f220dbbe9b5c6e
p0.750-q0.050,p0.750-q0.050-s5101,5101,partial_aggregate_first,1,1,governed_fact_first->partial_aggregate_first->eligible_dimension_first,1083.7338,36d3bfefce1ebbeb127f06df344d808e4ef0f8d4a516d321d6f220dbbe9b5c6e
p0.750-q0.050,p0.750-q0.050-s5101,5101,eligible_dimension_first,1,2,governed_fact_first->partial_aggregate_first->eligible_dimension_first,636.9533,36d3bfefce1ebbeb127f06df344d808e4ef0f8d4a516d321d6f220dbbe9b5c6e
p0.750-q0.050,p0.750-q0.050-s5101,5101,eligible_dimension_first,2,0,eligible_dimension_first->partial_aggregate_first->governed_fact_first,663.7563,36d3bfefce1ebbeb127f06df344d808e4ef0f8d4a516d321d6f220dbbe9b5c6e
p0.750-q0.050,p0.750-q0.050-s5101,5101,partial_aggregate_first,2,1,eligible_dimension_first->partial_aggregate_first->governed_fact_first,1140.7287,36d3bfefce1ebbeb127f06df344d808e4ef0f8d4a516d321d6f220dbbe9b5c6e
p0.750-q0.050,p0.750-q0.050-s5101,5101,governed_fact_first,2,2,eligible_dimension_first->partial_aggregate_first->governed_fact_first,846.656,36d3bfefce1ebbeb127f06df344d808e4ef0f8d4a516d321d6f220dbbe9b5c6e
p0.750-q0.050,p0.750-q0.050-s5101,5101,governed_fact_first,3,0,governed_fact_first->eligible_dimension_first->partial_aggregate_first,865.3543,36d3bfefce1ebbeb127f06df344d808e4ef0f8d4a516d321d6f220dbbe9b5c6e
p0.750-q0.050,p0.750-q0.050-s5101,5101,eligible_dimension_first,3,1,governed_fact_first->eligible_dimension_first->partial_aggregate_first,676.9543,36d3bfefce1ebbeb127f06df344d808e4ef0f8d4a516d321d6f220dbbe9b5c6e
p0.750-q0.050,p0.750-q0.050-s5101,5101,partial_aggregate_first,3,2,governed_fact_first->eligible_dimension_first->partial_aggregate_first,996.7302,36d3bfefce1ebbeb127f06df344d808e4ef0f8d4a516d321d6f220dbbe9b5c6e
p0.750-q0.050,p0.750-q0.050-s5101,5101,eligible_dimension_first,4,0,eligible_dimension_first->partial_aggregate_first->governed_fact_first,661.654,36d3bfefce1ebbeb127f06df344d808e4ef0f8d4a516d321d6f220dbbe9b5c6e
p0.750-q0.050,p0.750-q0.050-s5101,5101,partial_aggregate_first,4,1,eligible_dimension_first->partial_aggregate_first->governed_fact_first,1174.0935,36d3bfefce1ebbeb127f06df344d808e4ef0f8d4a516d321d6f220dbbe9b5c6e
p0.750-q0.050,p0.750-q0.050-s5101,5101,governed_fact_first,4,2,eligible_dimension_first->partial_aggregate_first->governed_fact_first,867.623,36d3bfefce1ebbeb127f06df344d808e4ef0f8d4a516d321d6f220dbbe9b5c6e
p0.750-q0.050,p0.750-q0.050-s5101,5101,governed_fact_first,5,0,governed_fact_first->partial_aggregate_first->eligible_dimension_first,969.1501,36d3bfefce1ebbeb127f06df344d808e4ef0f8d4a516d321d6f220dbbe9b5c6e
p0.750-q0.050,p0.750-q0.050-s5101,5101,partial_aggregate_first,5,1,governed_fact_first->partial_aggregate_first->eligible_dimension_first,1082.9784,36d3bfefce1ebbeb127f06df344d808e4ef0f8d4a516d321d6f220dbbe9b5c6e
p0.750-q0.050,p0.750-q0.050-s5101,5101,eligible_dimension_first,5,2,governed_fact_first->partial_aggregate_first->eligible_dimension_first,627.9797,36d3bfefce1ebbeb127f06df344d808e4ef0f8d4a516d321d6f220dbbe9b5c6e
p0.750-q0.050,p0.750-q0.050-s5101,5101,partial_aggregate_first,6,0,partial_aggregate_first->eligible_dimension_first->governed_fact_first,1081.0497,36d3bfefce1ebbeb127f06df344d808e4ef0f8d4a516d321d6f220dbbe9b5c6e
p0.750-q0.050,p0.750-q0.050-s5101,5101,eligible_dimension_first,6,1,partial_aggregate_first->eligible_dimension_first->governed_fact_first,658.2517,36d3bfefce1ebbeb127f06df344d808e4ef0f8d4a516d321d6f220dbbe9b5c6e
p0.750-q0.050,p0.750-q0.050-s5101,5101,governed_fact_first,6,2,partial_aggregate_first->eligible_dimension_first->governed_fact_first,822.0328,36d3bfefce1ebbeb127f06df344d808e4ef0f8d4a516d321d6f220dbbe9b5c6e
p0.750-q0.050,p0.750-q0.050-s5101,5101,partial_aggregate_first,7,0,partial_aggregate_first->governed_fact_first->eligible_dimension_first,1221.3161,36d3bfefce1ebbeb127f06df344d808e4ef0f8d4a516d321d6f220dbbe9b5c6e
p0.750-q0.050,p0.750-q0.050-s5101,5101,governed_fact_first,7,1,partial_aggregate_first->governed_fact_first->eligible_dimension_first,852.8379,36d3bfefce1ebbeb127f06df344d808e4ef0f8d4a516d321d6f220dbbe9b5c6e
p0.750-q0.050,p0.750-q0.050-s5101,5101,eligible_dimension_first,7,2,partial_aggregate_first->governed_fact_first->eligible_dimension_first,663.6134,36d3bfefce1ebbeb127f06df344d808e4ef0f8d4a516d321d6f220dbbe9b5c6e
p0.750-q0.050,p0.750-q0.050-s5101,5101,eligible_dimension_first,8,0,eligible_dimension_first->governed_fact_first->partial_aggregate_first,651.5214,36d3bfefce1ebbeb127f06df344d808e4ef0f8d4a516d321d6f220dbbe9b5c6e
p0.750-q0.050,p0.750-q0.050-s5101,5101,governed_fact_first,8,1,eligible_dimension_first->governed_fact_first->partial_aggregate_first,823.8038,36d3bfefce1ebbeb127f06df344d808e4ef0f8d4a516d321d6f220dbbe9b5c6e
p0.750-q0.050,p0.750-q0.050-s5101,5101,partial_aggregate_first,8,2,eligible_dimension_first->governed_fact_first->partial_aggregate_first,1049.5911,36d3bfefce1ebbeb127f06df344d808e4ef0f8d4a516d321d6f220dbbe9b5c6e
p0.750-q0.050,p0.750-q0.050-s5101,5101,partial_aggregate_first,9,0,partial_aggregate_first->eligible_dimension_first->governed_fact_first,1039.6377,36d3bfefce1ebbeb127f06df344d808e4ef0f8d4a516d321d6f220dbbe9b5c6e
p0.750-q0.050,p0.750-q0.050-s5101,5101,eligible_dimension_first,9,1,partial_aggregate_first->eligible_dimension_first->governed_fact_first,674.39,36d3bfefce1ebbeb127f06df344d808e4ef0f8d4a516d321d6f220dbbe9b5c6e
p0.750-q0.050,p0.750-q0.050-s5101,5101,governed_fact_first,9,2,partial_aggregate_first->eligible_dimension_first->governed_fact_first,889.9894,36d3bfefce1ebbeb127f06df344d808e4ef0f8d4a516d321d6f220dbbe9b5c6e
p0.750-q0.050,p0.750-q0.050-s5101,5101,governed_fact_first,10,0,governed_fact_first->eligible_dimension_first->partial_aggregate_first,859.6216,36d3bfefce1ebbeb127f06df344d808e4ef0f8d4a516d321d6f220dbbe9b5c6e
p0.750-q0.050,p0.750-q0.050-s5101,5101,eligible_dimension_first,10,1,governed_fact_first->eligible_dimension_first->partial_aggregate_first,712.0986,36d3bfefce1ebbeb127f06df344d808e4ef0f8d4a516d321d6f220dbbe9b5c6e
p0.750-q0.050,p0.750-q0.050-s5101,5101,partial_aggregate_first,10,2,governed_fact_first->eligible_dimension_first->partial_aggregate_first,1102.7185,36d3bfefce1ebbeb127f06df344d808e4ef0f8d4a516d321d6f220dbbe9b5c6e
p0.750-q0.050,p0.750-q0.050-s5101,5101,eligible_dimension_first,11,0,eligible_dimension_first->governed_fact_first->partial_aggregate_first,721.0611,36d3bfefce1ebbeb127f06df344d808e4ef0f8d4a516d321d6f220dbbe9b5c6e
p0.750-q0.050,p0.750-q0.050-s5101,5101,governed_fact_first,11,1,eligible_dimension_first->governed_fact_first->partial_aggregate_first,885.105,36d3bfefce1ebbeb127f06df344d808e4ef0f8d4a516d321d6f220dbbe9b5c6e
p0.750-q0.050,p0.750-q0.050-s5101,5101,partial_aggregate_first,11,2,eligible_dimension_first->governed_fact_first->partial_aggregate_first,1048.6927,36d3bfefce1ebbeb127f06df344d808e4ef0f8d4a516d321d6f220dbbe9b5c6e
p0.750-q0.050,p0.750-q0.050-s5209,5209,eligible_dimension_first,0,0,eligible_dimension_first->partial_aggregate_first->governed_fact_first,545.1536,5794db41632e4a3776f830881427a8633abfc7c2f0abc97efc9a817e182d9a9f
p0.750-q0.050,p0.750-q0.050-s5209,5209,partial_aggregate_first,0,1,eligible_dimension_first->partial_aggregate_first->governed_fact_first,915.4384,5794db41632e4a3776f830881427a8633abfc7c2f0abc97efc9a817e182d9a9f
p0.750-q0.050,p0.750-q0.050-s5209,5209,governed_fact_first,0,2,eligible_dimension_first->partial_aggregate_first->governed_fact_first,797.5288,5794db41632e4a3776f830881427a8633abfc7c2f0abc97efc9a817e182d9a9f
p0.750-q0.050,p0.750-q0.050-s5209,5209,governed_fact_first,1,0,governed_fact_first->eligible_dimension_first->partial_aggregate_first,738.2776,5794db41632e4a3776f830881427a8633abfc7c2f0abc97efc9a817e182d9a9f
p0.750-q0.050,p0.750-q0.050-s5209,5209,eligible_dimension_first,1,1,governed_fact_first->eligible_dimension_first->partial_aggregate_first,584.6039,5794db41632e4a3776f830881427a8633abfc7c2f0abc97efc9a817e182d9a9f
p0.750-q0.050,p0.750-q0.050-s5209,5209,partial_aggregate_first,1,2,governed_fact_first->eligible_dimension_first->partial_aggregate_first,946.7864,5794db41632e4a3776f830881427a8633abfc7c2f0abc97efc9a817e182d9a9f
p0.750-q0.050,p0.750-q0.050-s5209,5209,governed_fact_first,2,0,governed_fact_first->partial_aggregate_first->eligible_dimension_first,791.9703,5794db41632e4a3776f830881427a8633abfc7c2f0abc97efc9a817e182d9a9f
p0.750-q0.050,p0.750-q0.050-s5209,5209,partial_aggregate_first,2,1,governed_fact_first->partial_aggregate_first->eligible_dimension_first,924.4365,5794db41632e4a3776f830881427a8633abfc7c2f0abc97efc9a817e182d9a9f
p0.750-q0.050,p0.750-q0.050-s5209,5209,eligible_dimension_first,2,2,governed_fact_first->partial_aggregate_first->eligible_dimension_first,576.9439,5794db41632e4a3776f830881427a8633abfc7c2f0abc97efc9a817e182d9a9f
p0.750-q0.050,p0.750-q0.050-s5209,5209,partial_aggregate_first,3,0,partial_aggregate_first->eligible_dimension_first->governed_fact_first,1058.7419,5794db41632e4a3776f830881427a8633abfc7c2f0abc97efc9a817e182d9a9f
p0.750-q0.050,p0.750-q0.050-s5209,5209,eligible_dimension_first,3,1,partial_aggregate_first->eligible_dimension_first->governed_fact_first,659.5936,5794db41632e4a3776f830881427a8633abfc7c2f0abc97efc9a817e182d9a9f
p0.750-q0.050,p0.750-q0.050-s5209,5209,governed_fact_first,3,2,partial_aggregate_first->eligible_dimension_first->governed_fact_first,794.9206,5794db41632e4a3776f830881427a8633abfc7c2f0abc97efc9a817e182d9a9f
p0.750-q0.050,p0.750-q0.050-s5209,5209,partial_aggregate_first,4,0,partial_aggregate_first->governed_fact_first->eligible_dimension_first,933.3773,5794db41632e4a3776f830881427a8633abfc7c2f0abc97efc9a817e182d9a9f
p0.750-q0.050,p0.750-q0.050-s5209,5209,governed_fact_first,4,1,partial_aggregate_first->governed_fact_first->eligible_dimension_first,793.5438,5794db41632e4a3776f830881427a8633abfc7c2f0abc97efc9a817e182d9a9f
p0.750-q0.050,p0.750-q0.050-s5209,5209,eligible_dimension_first,4,2,partial_aggregate_first->governed_fact_first->eligible_dimension_first,557.4212,5794db41632e4a3776f830881427a8633abfc7c2f0abc97efc9a817e182d9a9f
p0.750-q0.050,p0.750-q0.050-s5209,5209,eligible_dimension_first,5,0,eligible_dimension_first->partial_aggregate_first->governed_fact_first,582.1872,5794db41632e4a3776f830881427a8633abfc7c2f0abc97efc9a817e182d9a9f
p0.750-q0.050,p0.750-q0.050-s5209,5209,partial_aggregate_first,5,1,eligible_dimension_first->partial_aggregate_first->governed_fact_first,1109.1391,5794db41632e4a3776f830881427a8633abfc7c2f0abc97efc9a817e182d9a9f
p0.750-q0.050,p0.750-q0.050-s5209,5209,governed_fact_first,5,2,eligible_dimension_first->partial_aggregate_first->governed_fact_first,858.4282,5794db41632e4a3776f830881427a8633abfc7c2f0abc97efc9a817e182d9a9f
p0.750-q0.050,p0.750-q0.050-s5209,5209,eligible_dimension_first,6,0,eligible_dimension_first->governed_fact_first->partial_aggregate_first,787.9532,5794db41632e4a3776f830881427a8633abfc7c2f0abc97efc9a817e182d9a9f
p0.750-q0.050,p0.750-q0.050-s5209,5209,governed_fact_first,6,1,eligible_dimension_first->governed_fact_first->partial_aggregate_first,1047.7955,5794db41632e4a3776f830881427a8633abfc7c2f0abc97efc9a817e182d9a9f
p0.750-q0.050,p0.750-q0.050-s5209,5209,partial_aggregate_first,6,2,eligible_dimension_first->governed_fact_first->partial_aggregate_first,1038.9041,5794db41632e4a3776f830881427a8633abfc7c2f0abc97efc9a817e182d9a9f
p0.750-q0.050,p0.750-q0.050-s5209,5209,governed_fact_first,7,0,governed_fact_first->partial_aggregate_first->eligible_dimension_first,1057.4947,5794db41632e4a3776f830881427a8633abfc7c2f0abc97efc9a817e182d9a9f
p0.750-q0.050,p0.750-q0.050-s5209,5209,partial_aggregate_first,7,1,governed_fact_first->partial_aggregate_first->eligible_dimension_first,1156.1108,5794db41632e4a3776f830881427a8633abfc7c2f0abc97efc9a817e182d9a9f
p0.750-q0.050,p0.750-q0.050-s5209,5209,eligible_dimension_first,7,2,governed_fact_first->partial_aggregate_first->eligible_dimension_first,619.1715,5794db41632e4a3776f830881427a8633abfc7c2f0abc97efc9a817e182d9a9f
p0.750-q0.050,p0.750-q0.050-s5209,5209,partial_aggregate_first,8,0,partial_aggregate_first->governed_fact_first->eligible_dimension_first,916.6668,5794db41632e4a3776f830881427a8633abfc7c2f0abc97efc9a817e182d9a9f
p0.750-q0.050,p0.750-q0.050-s5209,5209,governed_fact_first,8,1,partial_aggregate_first->governed_fact_first->eligible_dimension_first,759.7103,5794db41632e4a3776f830881427a8633abfc7c2f0abc97efc9a817e182d9a9f
p0.750-q0.050,p0.750-q0.050-s5209,5209,eligible_dimension_first,8,2,partial_aggregate_first->governed_fact_first->eligible_dimension_first,638.1552,5794db41632e4a3776f830881427a8633abfc7c2f0abc97efc9a817e182d9a9f
p0.750-q0.050,p0.750-q0.050-s5209,5209,governed_fact_first,9,0,governed_fact_first->eligible_dimension_first->partial_aggregate_first,842.1016,5794db41632e4a3776f830881427a8633abfc7c2f0abc97efc9a817e182d9a9f
p0.750-q0.050,p0.750-q0.050-s5209,5209,eligible_dimension_first,9,1,governed_fact_first->eligible_dimension_first->partial_aggregate_first,579.6839,5794db41632e4a3776f830881427a8633abfc7c2f0abc97efc9a817e182d9a9f
p0.750-q0.050,p0.750-q0.050-s5209,5209,partial_aggregate_first,9,2,governed_fact_first->eligible_dimension_first->partial_aggregate_first,946.7862,5794db41632e4a3776f830881427a8633abfc7c2f0abc97efc9a817e182d9a9f
p0.750-q0.050,p0.750-q0.050-s5209,5209,partial_aggregate_first,10,0,partial_aggregate_first->eligible_dimension_first->governed_fact_first,917.9929,5794db41632e4a3776f830881427a8633abfc7c2f0abc97efc9a817e182d9a9f
p0.750-q0.050,p0.750-q0.050-s5209,5209,eligible_dimension_first,10,1,partial_aggregate_first->eligible_dimension_first->governed_fact_first,569.8333,5794db41632e4a3776f830881427a8633abfc7c2f0abc97efc9a817e182d9a9f
p0.750-q0.050,p0.750-q0.050-s5209,5209,governed_fact_first,10,2,partial_aggregate_first->eligible_dimension_first->governed_fact_first,723.1735,5794db41632e4a3776f830881427a8633abfc7c2f0abc97efc9a817e182d9a9f
p0.750-q0.050,p0.750-q0.050-s5209,5209,eligible_dimension_first,11,0,eligible_dimension_first->governed_fact_first->partial_aggregate_first,615.6712,5794db41632e4a3776f830881427a8633abfc7c2f0abc97efc9a817e182d9a9f
p0.750-q0.050,p0.750-q0.050-s5209,5209,governed_fact_first,11,1,eligible_dimension_first->governed_fact_first->partial_aggregate_first,767.1251,5794db41632e4a3776f830881427a8633abfc7c2f0abc97efc9a817e182d9a9f
p0.750-q0.050,p0.750-q0.050-s5209,5209,partial_aggregate_first,11,2,eligible_dimension_first->governed_fact_first->partial_aggregate_first,875.9225,5794db41632e4a3776f830881427a8633abfc7c2f0abc97efc9a817e182d9a9f
p0.750-q0.050,p0.750-q0.050-s5303,5303,eligible_dimension_first,0,0,eligible_dimension_first->partial_aggregate_first->governed_fact_first,626.5821,426b0025236d91efc0fd353d5a161e44dd7f820c2c7f8f81e55eb7cffbc04651
p0.750-q0.050,p0.750-q0.050-s5303,5303,partial_aggregate_first,0,1,eligible_dimension_first->partial_aggregate_first->governed_fact_first,1187.7562,426b0025236d91efc0fd353d5a161e44dd7f820c2c7f8f81e55eb7cffbc04651
p0.750-q0.050,p0.750-q0.050-s5303,5303,governed_fact_first,0,2,eligible_dimension_first->partial_aggregate_first->governed_fact_first,836.0963,426b0025236d91efc0fd353d5a161e44dd7f820c2c7f8f81e55eb7cffbc04651
p0.750-q0.050,p0.750-q0.050-s5303,5303,governed_fact_first,1,0,governed_fact_first->partial_aggregate_first->eligible_dimension_first,920.0001,426b0025236d91efc0fd353d5a161e44dd7f820c2c7f8f81e55eb7cffbc04651
p0.750-q0.050,p0.750-q0.050-s5303,5303,partial_aggregate_first,1,1,governed_fact_first->partial_aggregate_first->eligible_dimension_first,964.009,426b0025236d91efc0fd353d5a161e44dd7f820c2c7f8f81e55eb7cffbc04651
p0.750-q0.050,p0.750-q0.050-s5303,5303,eligible_dimension_first,1,2,governed_fact_first->partial_aggregate_first->eligible_dimension_first,695.2555,426b0025236d91efc0fd353d5a161e44dd7f820c2c7f8f81e55eb7cffbc04651
p0.750-q0.050,p0.750-q0.050-s5303,5303,partial_aggregate_first,2,0,partial_aggregate_first->eligible_dimension_first->governed_fact_first,1199.8826,426b0025236d91efc0fd353d5a161e44dd7f820c2c7f8f81e55eb7cffbc04651
p0.750-q0.050,p0.750-q0.050-s5303,5303,eligible_dimension_first,2,1,partial_aggregate_first->eligible_dimension_first->governed_fact_first,703.5019,426b0025236d91efc0fd353d5a161e44dd7f820c2c7f8f81e55eb7cffbc04651
p0.750-q0.050,p0.750-q0.050-s5303,5303,governed_fact_first,2,2,partial_aggregate_first->eligible_dimension_first->governed_fact_first,905.0931,426b0025236d91efc0fd353d5a161e44dd7f820c2c7f8f81e55eb7cffbc04651
p0.750-q0.050,p0.750-q0.050-s5303,5303,governed_fact_first,3,0,governed_fact_first->eligible_dimension_first->partial_aggregate_first,870.3968,426b0025236d91efc0fd353d5a161e44dd7f820c2c7f8f81e55eb7cffbc04651
p0.750-q0.050,p0.750-q0.050-s5303,5303,eligible_dimension_first,3,1,governed_fact_first->eligible_dimension_first->partial_aggregate_first,750.9874,426b0025236d91efc0fd353d5a161e44dd7f820c2c7f8f81e55eb7cffbc04651
p0.750-q0.050,p0.750-q0.050-s5303,5303,partial_aggregate_first,3,2,governed_fact_first->eligible_dimension_first->partial_aggregate_first,1127.2374,426b0025236d91efc0fd353d5a161e44dd7f820c2c7f8f81e55eb7cffbc04651
p0.750-q0.050,p0.750-q0.050-s5303,5303,partial_aggregate_first,4,0,partial_aggregate_first->eligible_dimension_first->governed_fact_first,1159.2665,426b0025236d91efc0fd353d5a161e44dd7f820c2c7f8f81e55eb7cffbc04651
p0.750-q0.050,p0.750-q0.050-s5303,5303,eligible_dimension_first,4,1,partial_aggregate_first->eligible_dimension_first->governed_fact_first,663.0627,426b0025236d91efc0fd353d5a161e44dd7f820c2c7f8f81e55eb7cffbc04651
p0.750-q0.050,p0.750-q0.050-s5303,5303,governed_fact_first,4,2,partial_aggregate_first->eligible_dimension_first->governed_fact_first,818.3947,426b0025236d91efc0fd353d5a161e44dd7f820c2c7f8f81e55eb7cffbc04651
p0.750-q0.050,p0.750-q0.050-s5303,5303,eligible_dimension_first,5,0,eligible_dimension_first->governed_fact_first->partial_aggregate_first,725.5676,426b0025236d91efc0fd353d5a161e44dd7f820c2c7f8f81e55eb7cffbc04651
p0.750-q0.050,p0.750-q0.050-s5303,5303,governed_fact_first,5,1,eligible_dimension_first->governed_fact_first->partial_aggregate_first,901.4101,426b0025236d91efc0fd353d5a161e44dd7f820c2c7f8f81e55eb7cffbc04651
p0.750-q0.050,p0.750-q0.050-s5303,5303,partial_aggregate_first,5,2,eligible_dimension_first->governed_fact_first->partial_aggregate_first,1009.7899,426b0025236d91efc0fd353d5a161e44dd7f820c2c7f8f81e55eb7cffbc04651
p0.750-q0.050,p0.750-q0.050-s5303,5303,eligible_dimension_first,6,0,eligible_dimension_first->governed_fact_first->partial_aggregate_first,683.2653,426b0025236d91efc0fd353d5a161e44dd7f820c2c7f8f81e55eb7cffbc04651
p0.750-q0.050,p0.750-q0.050-s5303,5303,governed_fact_first,6,1,eligible_dimension_first->governed_fact_first->partial_aggregate_first,836.6095,426b0025236d91efc0fd353d5a161e44dd7f820c2c7f8f81e55eb7cffbc04651
p0.750-q0.050,p0.750-q0.050-s5303,5303,partial_aggregate_first,6,2,eligible_dimension_first->governed_fact_first->partial_aggregate_first,945.4926,426b0025236d91efc0fd353d5a161e44dd7f820c2c7f8f81e55eb7cffbc04651
p0.750-q0.050,p0.750-q0.050-s5303,5303,eligible_dimension_first,7,0,eligible_dimension_first->partial_aggregate_first->governed_fact_first,653.4623,426b0025236d91efc0fd353d5a161e44dd7f820c2c7f8f81e55eb7cffbc04651
p0.750-q0.050,p0.750-q0.050-s5303,5303,partial_aggregate_first,7,1,eligible_dimension_first->partial_aggregate_first->governed_fact_first,1074.4052,426b0025236d91efc0fd353d5a161e44dd7f820c2c7f8f81e55eb7cffbc04651
p0.750-q0.050,p0.750-q0.050-s5303,5303,governed_fact_first,7,2,eligible_dimension_first->partial_aggregate_first->governed_fact_first,925.7726,426b0025236d91efc0fd353d5a161e44dd7f820c2c7f8f81e55eb7cffbc04651
p0.750-q0.050,p0.750-q0.050-s5303,5303,partial_aggregate_first,8,0,partial_aggregate_first->governed_fact_first->eligible_dimension_first,967.0733,426b0025236d91efc0fd353d5a161e44dd7f820c2c7f8f81e55eb7cffbc04651
p0.750-q0.050,p0.750-q0.050-s5303,5303,governed_fact_first,8,1,partial_aggregate_first->governed_fact_first->eligible_dimension_first,822.8003,426b0025236d91efc0fd353d5a161e44dd7f820c2c7f8f81e55eb7cffbc04651
p0.750-q0.050,p0.750-q0.050-s5303,5303,eligible_dimension_first,8,2,partial_aggregate_first->governed_fact_first->eligible_dimension_first,586.2802,426b0025236d91efc0fd353d5a161e44dd7f820c2c7f8f81e55eb7cffbc04651
p0.750-q0.050,p0.750-q0.050-s5303,5303,governed_fact_first,9,0,governed_fact_first->partial_aggregate_first->eligible_dimension_first,777.5694,426b0025236d91efc0fd353d5a161e44dd7f820c2c7f8f81e55eb7cffbc04651
p0.750-q0.050,p0.750-q0.050-s5303,5303,partial_aggregate_first,9,1,governed_fact_first->partial_aggregate_first->eligible_dimension_first,1013.8615,426b0025236d91efc0fd353d5a161e44dd7f820c2c7f8f81e55eb7cffbc04651
p0.750-q0.050,p0.750-q0.050-s5303,5303,eligible_dimension_first,9,2,governed_fact_first->partial_aggregate_first->eligible_dimension_first,640.5944,426b0025236d91efc0fd353d5a161e44dd7f820c2c7f8f81e55eb7cffbc04651
p0.750-q0.050,p0.750-q0.050-s5303,5303,partial_aggregate_first,10,0,partial_aggregate_first->governed_fact_first->eligible_dimension_first,999.3144,426b0025236d91efc0fd353d5a161e44dd7f820c2c7f8f81e55eb7cffbc04651
p0.750-q0.050,p0.750-q0.050-s5303,5303,governed_fact_first,10,1,partial_aggregate_first->governed_fact_first->eligible_dimension_first,785.0778,426b0025236d91efc0fd353d5a161e44dd7f820c2c7f8f81e55eb7cffbc04651
p0.750-q0.050,p0.750-q0.050-s5303,5303,eligible_dimension_first,10,2,partial_aggregate_first->governed_fact_first->eligible_dimension_first,610.6938,426b0025236d91efc0fd353d5a161e44dd7f820c2c7f8f81e55eb7cffbc04651
p0.750-q0.050,p0.750-q0.050-s5303,5303,governed_fact_first,11,0,governed_fact_first->eligible_dimension_first->partial_aggregate_first,803.6816,426b0025236d91efc0fd353d5a161e44dd7f820c2c7f8f81e55eb7cffbc04651
p0.750-q0.050,p0.750-q0.050-s5303,5303,eligible_dimension_first,11,1,governed_fact_first->eligible_dimension_first->partial_aggregate_first,602.912,426b0025236d91efc0fd353d5a161e44dd7f820c2c7f8f81e55eb7cffbc04651
p0.750-q0.050,p0.750-q0.050-s5303,5303,partial_aggregate_first,11,2,governed_fact_first->eligible_dimension_first->partial_aggregate_first,960.4251,426b0025236d91efc0fd353d5a161e44dd7f820c2c7f8f81e55eb7cffbc04651
p0.750-q1.000,p0.750-q1.000-s5101,5101,eligible_dimension_first,0,0,eligible_dimension_first->governed_fact_first->partial_aggregate_first,1008.9677,f0fdfb98386c5e82b8c15200f765164e54adcfc88134bb0e8507ffe9418ee023
p0.750-q1.000,p0.750-q1.000-s5101,5101,governed_fact_first,0,1,eligible_dimension_first->governed_fact_first->partial_aggregate_first,1013.8879,f0fdfb98386c5e82b8c15200f765164e54adcfc88134bb0e8507ffe9418ee023
p0.750-q1.000,p0.750-q1.000-s5101,5101,partial_aggregate_first,0,2,eligible_dimension_first->governed_fact_first->partial_aggregate_first,1000.0124,f0fdfb98386c5e82b8c15200f765164e54adcfc88134bb0e8507ffe9418ee023
p0.750-q1.000,p0.750-q1.000-s5101,5101,governed_fact_first,1,0,governed_fact_first->eligible_dimension_first->partial_aggregate_first,975.5881,f0fdfb98386c5e82b8c15200f765164e54adcfc88134bb0e8507ffe9418ee023
p0.750-q1.000,p0.750-q1.000-s5101,5101,eligible_dimension_first,1,1,governed_fact_first->eligible_dimension_first->partial_aggregate_first,1254.9184,f0fdfb98386c5e82b8c15200f765164e54adcfc88134bb0e8507ffe9418ee023
p0.750-q1.000,p0.750-q1.000-s5101,5101,partial_aggregate_first,1,2,governed_fact_first->eligible_dimension_first->partial_aggregate_first,1347.7678,f0fdfb98386c5e82b8c15200f765164e54adcfc88134bb0e8507ffe9418ee023
p0.750-q1.000,p0.750-q1.000-s5101,5101,partial_aggregate_first,2,0,partial_aggregate_first->governed_fact_first->eligible_dimension_first,1825.2004,f0fdfb98386c5e82b8c15200f765164e54adcfc88134bb0e8507ffe9418ee023
p0.750-q1.000,p0.750-q1.000-s5101,5101,governed_fact_first,2,1,partial_aggregate_first->governed_fact_first->eligible_dimension_first,1751.5412,f0fdfb98386c5e82b8c15200f765164e54adcfc88134bb0e8507ffe9418ee023
p0.750-q1.000,p0.750-q1.000-s5101,5101,eligible_dimension_first,2,2,partial_aggregate_first->governed_fact_first->eligible_dimension_first,1274.5542,f0fdfb98386c5e82b8c15200f765164e54adcfc88134bb0e8507ffe9418ee023
p0.750-q1.000,p0.750-q1.000-s5101,5101,eligible_dimension_first,3,0,eligible_dimension_first->partial_aggregate_first->governed_fact_first,1133.7801,f0fdfb98386c5e82b8c15200f765164e54adcfc88134bb0e8507ffe9418ee023
p0.750-q1.000,p0.750-q1.000-s5101,5101,partial_aggregate_first,3,1,eligible_dimension_first->partial_aggregate_first->governed_fact_first,1497.1506,f0fdfb98386c5e82b8c15200f765164e54adcfc88134bb0e8507ffe9418ee023
p0.750-q1.000,p0.750-q1.000-s5101,5101,governed_fact_first,3,2,eligible_dimension_first->partial_aggregate_first->governed_fact_first,1525.2868,f0fdfb98386c5e82b8c15200f765164e54adcfc88134bb0e8507ffe9418ee023
p0.750-q1.000,p0.750-q1.000-s5101,5101,governed_fact_first,4,0,governed_fact_first->eligible_dimension_first->partial_aggregate_first,1755.6806,f0fdfb98386c5e82b8c15200f765164e54adcfc88134bb0e8507ffe9418ee023
p0.750-q1.000,p0.750-q1.000-s5101,5101,eligible_dimension_first,4,1,governed_fact_first->eligible_dimension_first->partial_aggregate_first,1825.153,f0fdfb98386c5e82b8c15200f765164e54adcfc88134bb0e8507ffe9418ee023
p0.750-q1.000,p0.750-q1.000-s5101,5101,partial_aggregate_first,4,2,governed_fact_first->eligible_dimension_first->partial_aggregate_first,1795.5164,f0fdfb98386c5e82b8c15200f765164e54adcfc88134bb0e8507ffe9418ee023
p0.750-q1.000,p0.750-q1.000-s5101,5101,eligible_dimension_first,5,0,eligible_dimension_first->governed_fact_first->partial_aggregate_first,1713.3237,f0fdfb98386c5e82b8c15200f765164e54adcfc88134bb0e8507ffe9418ee023
p0.750-q1.000,p0.750-q1.000-s5101,5101,governed_fact_first,5,1,eligible_dimension_first->governed_fact_first->partial_aggregate_first,1613.0033,f0fdfb98386c5e82b8c15200f765164e54adcfc88134bb0e8507ffe9418ee023
p0.750-q1.000,p0.750-q1.000-s5101,5101,partial_aggregate_first,5,2,eligible_dimension_first->governed_fact_first->partial_aggregate_first,1647.0479,f0fdfb98386c5e82b8c15200f765164e54adcfc88134bb0e8507ffe9418ee023
p0.750-q1.000,p0.750-q1.000-s5101,5101,partial_aggregate_first,6,0,partial_aggregate_first->eligible_dimension_first->governed_fact_first,1440.5773,f0fdfb98386c5e82b8c15200f765164e54adcfc88134bb0e8507ffe9418ee023
p0.750-q1.000,p0.750-q1.000-s5101,5101,eligible_dimension_first,6,1,partial_aggregate_first->eligible_dimension_first->governed_fact_first,1269.2359,f0fdfb98386c5e82b8c15200f765164e54adcfc88134bb0e8507ffe9418ee023
p0.750-q1.000,p0.750-q1.000-s5101,5101,governed_fact_first,6,2,partial_aggregate_first->eligible_dimension_first->governed_fact_first,1255.2181,f0fdfb98386c5e82b8c15200f765164e54adcfc88134bb0e8507ffe9418ee023
p0.750-q1.000,p0.750-q1.000-s5101,5101,partial_aggregate_first,7,0,partial_aggregate_first->eligible_dimension_first->governed_fact_first,1217.0256,f0fdfb98386c5e82b8c15200f765164e54adcfc88134bb0e8507ffe9418ee023
p0.750-q1.000,p0.750-q1.000-s5101,5101,eligible_dimension_first,7,1,partial_aggregate_first->eligible_dimension_first->governed_fact_first,1094.7378,f0fdfb98386c5e82b8c15200f765164e54adcfc88134bb0e8507ffe9418ee023
p0.750-q1.000,p0.750-q1.000-s5101,5101,governed_fact_first,7,2,partial_aggregate_first->eligible_dimension_first->governed_fact_first,1266.388,f0fdfb98386c5e82b8c15200f765164e54adcfc88134bb0e8507ffe9418ee023
p0.750-q1.000,p0.750-q1.000-s5101,5101,governed_fact_first,8,0,governed_fact_first->partial_aggregate_first->eligible_dimension_first,1249.7953,f0fdfb98386c5e82b8c15200f765164e54adcfc88134bb0e8507ffe9418ee023
p0.750-q1.000,p0.750-q1.000-s5101,5101,partial_aggregate_first,8,1,governed_fact_first->partial_aggregate_first->eligible_dimension_first,1194.3254,f0fdfb98386c5e82b8c15200f765164e54adcfc88134bb0e8507ffe9418ee023
p0.750-q1.000,p0.750-q1.000-s5101,5101,eligible_dimension_first,8,2,governed_fact_first->partial_aggregate_first->eligible_dimension_first,1038.6095,f0fdfb98386c5e82b8c15200f765164e54adcfc88134bb0e8507ffe9418ee023
p0.750-q1.000,p0.750-q1.000-s5101,5101,governed_fact_first,9,0,governed_fact_first->partial_aggregate_first->eligible_dimension_first,1046.9075,f0fdfb98386c5e82b8c15200f765164e54adcfc88134bb0e8507ffe9418ee023
p0.750-q1.000,p0.750-q1.000-s5101,5101,partial_aggregate_first,9,1,governed_fact_first->partial_aggregate_first->eligible_dimension_first,1163.2394,f0fdfb98386c5e82b8c15200f765164e54adcfc88134bb0e8507ffe9418ee023
p0.750-q1.000,p0.750-q1.000-s5101,5101,eligible_dimension_first,9,2,governed_fact_first->partial_aggregate_first->eligible_dimension_first,1084.2725,f0fdfb98386c5e82b8c15200f765164e54adcfc88134bb0e8507ffe9418ee023
p0.750-q1.000,p0.750-q1.000-s5101,5101,partial_aggregate_first,10,0,partial_aggregate_first->governed_fact_first->eligible_dimension_first,1143.0132,f0fdfb98386c5e82b8c15200f765164e54adcfc88134bb0e8507ffe9418ee023
p0.750-q1.000,p0.750-q1.000-s5101,5101,governed_fact_first,10,1,partial_aggregate_first->governed_fact_first->eligible_dimension_first,1132.5307,f0fdfb98386c5e82b8c15200f765164e54adcfc88134bb0e8507ffe9418ee023
p0.750-q1.000,p0.750-q1.000-s5101,5101,eligible_dimension_first,10,2,partial_aggregate_first->governed_fact_first->eligible_dimension_first,1144.8575,f0fdfb98386c5e82b8c15200f765164e54adcfc88134bb0e8507ffe9418ee023
p0.750-q1.000,p0.750-q1.000-s5101,5101,eligible_dimension_first,11,0,eligible_dimension_first->partial_aggregate_first->governed_fact_first,1266.5169,f0fdfb98386c5e82b8c15200f765164e54adcfc88134bb0e8507ffe9418ee023
p0.750-q1.000,p0.750-q1.000-s5101,5101,partial_aggregate_first,11,1,eligible_dimension_first->partial_aggregate_first->governed_fact_first,1356.0704,f0fdfb98386c5e82b8c15200f765164e54adcfc88134bb0e8507ffe9418ee023
p0.750-q1.000,p0.750-q1.000-s5101,5101,governed_fact_first,11,2,eligible_dimension_first->partial_aggregate_first->governed_fact_first,1194.6991,f0fdfb98386c5e82b8c15200f765164e54adcfc88134bb0e8507ffe9418ee023
p0.750-q1.000,p0.750-q1.000-s5209,5209,eligible_dimension_first,0,0,eligible_dimension_first->governed_fact_first->partial_aggregate_first,1240.4483,cf33fbe37482aa29a6e885b5860256bbc1442f9f6e8852741812d16b724555e3
p0.750-q1.000,p0.750-q1.000-s5209,5209,governed_fact_first,0,1,eligible_dimension_first->governed_fact_first->partial_aggregate_first,1168.7481,cf33fbe37482aa29a6e885b5860256bbc1442f9f6e8852741812d16b724555e3
p0.750-q1.000,p0.750-q1.000-s5209,5209,partial_aggregate_first,0,2,eligible_dimension_first->governed_fact_first->partial_aggregate_first,1204.6941,cf33fbe37482aa29a6e885b5860256bbc1442f9f6e8852741812d16b724555e3
p0.750-q1.000,p0.750-q1.000-s5209,5209,governed_fact_first,1,0,governed_fact_first->eligible_dimension_first->partial_aggregate_first,994.6447,cf33fbe37482aa29a6e885b5860256bbc1442f9f6e8852741812d16b724555e3
p0.750-q1.000,p0.750-q1.000-s5209,5209,eligible_dimension_first,1,1,governed_fact_first->eligible_dimension_first->partial_aggregate_first,1254.8385,cf33fbe37482aa29a6e885b5860256bbc1442f9f6e8852741812d16b724555e3
p0.750-q1.000,p0.750-q1.000-s5209,5209,partial_aggregate_first,1,2,governed_fact_first->eligible_dimension_first->partial_aggregate_first,1286.2934,cf33fbe37482aa29a6e885b5860256bbc1442f9f6e8852741812d16b724555e3
p0.750-q1.000,p0.750-q1.000-s5209,5209,partial_aggregate_first,2,0,partial_aggregate_first->governed_fact_first->eligible_dimension_first,1179.7541,cf33fbe37482aa29a6e885b5860256bbc1442f9f6e8852741812d16b724555e3
p0.750-q1.000,p0.750-q1.000-s5209,5209,governed_fact_first,2,1,partial_aggregate_first->governed_fact_first->eligible_dimension_first,1048.5032,cf33fbe37482aa29a6e885b5860256bbc1442f9f6e8852741812d16b724555e3
p0.750-q1.000,p0.750-q1.000-s5209,5209,eligible_dimension_first,2,2,partial_aggregate_first->governed_fact_first->eligible_dimension_first,1031.4104,cf33fbe37482aa29a6e885b5860256bbc1442f9f6e8852741812d16b724555e3
p0.750-q1.000,p0.750-q1.000-s5209,5209,eligible_dimension_first,3,0,eligible_dimension_first->partial_aggregate_first->governed_fact_first,966.7457,cf33fbe37482aa29a6e885b5860256bbc1442f9f6e8852741812d16b724555e3
p0.750-q1.000,p0.750-q1.000-s5209,5209,partial_aggregate_first,3,1,eligible_dimension_first->partial_aggregate_first->governed_fact_first,1047.6119,cf33fbe37482aa29a6e885b5860256bbc1442f9f6e8852741812d16b724555e3
p0.750-q1.000,p0.750-q1.000-s5209,5209,governed_fact_first,3,2,eligible_dimension_first->partial_aggregate_first->governed_fact_first,1026.9359,cf33fbe37482aa29a6e885b5860256bbc1442f9f6e8852741812d16b724555e3
p0.750-q1.000,p0.750-q1.000-s5209,5209,governed_fact_first,4,0,governed_fact_first->eligible_dimension_first->partial_aggregate_first,1105.1631,cf33fbe37482aa29a6e885b5860256bbc1442f9f6e8852741812d16b724555e3
p0.750-q1.000,p0.750-q1.000-s5209,5209,eligible_dimension_first,4,1,governed_fact_first->eligible_dimension_first->partial_aggregate_first,1125.2392,cf33fbe37482aa29a6e885b5860256bbc1442f9f6e8852741812d16b724555e3
p0.750-q1.000,p0.750-q1.000-s5209,5209,partial_aggregate_first,4,2,governed_fact_first->eligible_dimension_first->partial_aggregate_first,1164.1664,cf33fbe37482aa29a6e885b5860256bbc1442f9f6e8852741812d16b724555e3
p0.750-q1.000,p0.750-q1.000-s5209,5209,eligible_dimension_first,5,0,eligible_dimension_first->partial_aggregate_first->governed_fact_first,1094.2595,cf33fbe37482aa29a6e885b5860256bbc1442f9f6e8852741812d16b724555e3
p0.750-q1.000,p0.750-q1.000-s5209,5209,partial_aggregate_first,5,1,eligible_dimension_first->partial_aggregate_first->governed_fact_first,1210.168,cf33fbe37482aa29a6e885b5860256bbc1442f9f6e8852741812d16b724555e3
p0.750-q1.000,p0.750-q1.000-s5209,5209,governed_fact_first,5,2,eligible_dimension_first->partial_aggregate_first->governed_fact_first,1276.4506,cf33fbe37482aa29a6e885b5860256bbc1442f9f6e8852741812d16b724555e3
p0.750-q1.000,p0.750-q1.000-s5209,5209,partial_aggregate_first,6,0,partial_aggregate_first->governed_fact_first->eligible_dimension_first,1422.9953,cf33fbe37482aa29a6e885b5860256bbc1442f9f6e8852741812d16b724555e3
p0.750-q1.000,p0.750-q1.000-s5209,5209,governed_fact_first,6,1,partial_aggregate_first->governed_fact_first->eligible_dimension_first,1149.608,cf33fbe37482aa29a6e885b5860256bbc1442f9f6e8852741812d16b724555e3
p0.750-q1.000,p0.750-q1.000-s5209,5209,eligible_dimension_first,6,2,partial_aggregate_first->governed_fact_first->eligible_dimension_first,1150.9688,cf33fbe37482aa29a6e885b5860256bbc1442f9f6e8852741812d16b724555e3
p0.750-q1.000,p0.750-q1.000-s5209,5209,partial_aggregate_first,7,0,partial_aggregate_first->eligible_dimension_first->governed_fact_first,1300.137,cf33fbe37482aa29a6e885b5860256bbc1442f9f6e8852741812d16b724555e3
p0.750-q1.000,p0.750-q1.000-s5209,5209,eligible_dimension_first,7,1,partial_aggregate_first->eligible_dimension_first->governed_fact_first,1177.011,cf33fbe37482aa29a6e885b5860256bbc1442f9f6e8852741812d16b724555e3
p0.750-q1.000,p0.750-q1.000-s5209,5209,governed_fact_first,7,2,partial_aggregate_first->eligible_dimension_first->governed_fact_first,1112.9726,cf33fbe37482aa29a6e885b5860256bbc1442f9f6e8852741812d16b724555e3
p0.750-q1.000,p0.750-q1.000-s5209,5209,governed_fact_first,8,0,governed_fact_first->partial_aggregate_first->eligible_dimension_first,1044.0138,cf33fbe37482aa29a6e885b5860256bbc1442f9f6e8852741812d16b724555e3
p0.750-q1.000,p0.750-q1.000-s5209,5209,partial_aggregate_first,8,1,governed_fact_first->partial_aggregate_first->eligible_dimension_first,1228.3181,cf33fbe37482aa29a6e885b5860256bbc1442f9f6e8852741812d16b724555e3
p0.750-q1.000,p0.750-q1.000-s5209,5209,eligible_dimension_first,8,2,governed_fact_first->partial_aggregate_first->eligible_dimension_first,1188.0784,cf33fbe37482aa29a6e885b5860256bbc1442f9f6e8852741812d16b724555e3
p0.750-q1.000,p0.750-q1.000-s5209,5209,partial_aggregate_first,9,0,partial_aggregate_first->eligible_dimension_first->governed_fact_first,1327.9596,cf33fbe37482aa29a6e885b5860256bbc1442f9f6e8852741812d16b724555e3
p0.750-q1.000,p0.750-q1.000-s5209,5209,eligible_dimension_first,9,1,partial_aggregate_first->eligible_dimension_first->governed_fact_first,1199.1483,cf33fbe37482aa29a6e885b5860256bbc1442f9f6e8852741812d16b724555e3
p0.750-q1.000,p0.750-q1.000-s5209,5209,governed_fact_first,9,2,partial_aggregate_first->eligible_dimension_first->governed_fact_first,1091.9287,cf33fbe37482aa29a6e885b5860256bbc1442f9f6e8852741812d16b724555e3
p0.750-q1.000,p0.750-q1.000-s5209,5209,governed_fact_first,10,0,governed_fact_first->partial_aggregate_first->eligible_dimension_first,1116.9453,cf33fbe37482aa29a6e885b5860256bbc1442f9f6e8852741812d16b724555e3
p0.750-q1.000,p0.750-q1.000-s5209,5209,partial_aggregate_first,10,1,governed_fact_first->partial_aggregate_first->eligible_dimension_first,1218.1543,cf33fbe37482aa29a6e885b5860256bbc1442f9f6e8852741812d16b724555e3
p0.750-q1.000,p0.750-q1.000-s5209,5209,eligible_dimension_first,10,2,governed_fact_first->partial_aggregate_first->eligible_dimension_first,1203.7107,cf33fbe37482aa29a6e885b5860256bbc1442f9f6e8852741812d16b724555e3
p0.750-q1.000,p0.750-q1.000-s5209,5209,eligible_dimension_first,11,0,eligible_dimension_first->governed_fact_first->partial_aggregate_first,1224.2781,cf33fbe37482aa29a6e885b5860256bbc1442f9f6e8852741812d16b724555e3
p0.750-q1.000,p0.750-q1.000-s5209,5209,governed_fact_first,11,1,eligible_dimension_first->governed_fact_first->partial_aggregate_first,1098.6968,cf33fbe37482aa29a6e885b5860256bbc1442f9f6e8852741812d16b724555e3
p0.750-q1.000,p0.750-q1.000-s5209,5209,partial_aggregate_first,11,2,eligible_dimension_first->governed_fact_first->partial_aggregate_first,1265.8085,cf33fbe37482aa29a6e885b5860256bbc1442f9f6e8852741812d16b724555e3
p0.750-q1.000,p0.750-q1.000-s5303,5303,eligible_dimension_first,0,0,eligible_dimension_first->partial_aggregate_first->governed_fact_first,1005.1927,40c7e8ad929a89e0ac2289a0fb91e0babccb82bc292431137b31841a0b022edf
p0.750-q1.000,p0.750-q1.000-s5303,5303,partial_aggregate_first,0,1,eligible_dimension_first->partial_aggregate_first->governed_fact_first,1064.8124,40c7e8ad929a89e0ac2289a0fb91e0babccb82bc292431137b31841a0b022edf
p0.750-q1.000,p0.750-q1.000-s5303,5303,governed_fact_first,0,2,eligible_dimension_first->partial_aggregate_first->governed_fact_first,919.5238,40c7e8ad929a89e0ac2289a0fb91e0babccb82bc292431137b31841a0b022edf
p0.750-q1.000,p0.750-q1.000-s5303,5303,governed_fact_first,1,0,governed_fact_first->partial_aggregate_first->eligible_dimension_first,907.8697,40c7e8ad929a89e0ac2289a0fb91e0babccb82bc292431137b31841a0b022edf
p0.750-q1.000,p0.750-q1.000-s5303,5303,partial_aggregate_first,1,1,governed_fact_first->partial_aggregate_first->eligible_dimension_first,994.5448,40c7e8ad929a89e0ac2289a0fb91e0babccb82bc292431137b31841a0b022edf
p0.750-q1.000,p0.750-q1.000-s5303,5303,eligible_dimension_first,1,2,governed_fact_first->partial_aggregate_first->eligible_dimension_first,1063.7694,40c7e8ad929a89e0ac2289a0fb91e0babccb82bc292431137b31841a0b022edf
p0.750-q1.000,p0.750-q1.000-s5303,5303,eligible_dimension_first,2,0,eligible_dimension_first->partial_aggregate_first->governed_fact_first,944.026,40c7e8ad929a89e0ac2289a0fb91e0babccb82bc292431137b31841a0b022edf
p0.750-q1.000,p0.750-q1.000-s5303,5303,partial_aggregate_first,2,1,eligible_dimension_first->partial_aggregate_first->governed_fact_first,1007.4402,40c7e8ad929a89e0ac2289a0fb91e0babccb82bc292431137b31841a0b022edf
p0.750-q1.000,p0.750-q1.000-s5303,5303,governed_fact_first,2,2,eligible_dimension_first->partial_aggregate_first->governed_fact_first,993.0221,40c7e8ad929a89e0ac2289a0fb91e0babccb82bc292431137b31841a0b022edf
p0.750-q1.000,p0.750-q1.000-s5303,5303,eligible_dimension_first,3,0,eligible_dimension_first->governed_fact_first->partial_aggregate_first,1075.4344,40c7e8ad929a89e0ac2289a0fb91e0babccb82bc292431137b31841a0b022edf
p0.750-q1.000,p0.750-q1.000-s5303,5303,governed_fact_first,3,1,eligible_dimension_first->governed_fact_first->partial_aggregate_first,962.687,40c7e8ad929a89e0ac2289a0fb91e0babccb82bc292431137b31841a0b022edf
p0.750-q1.000,p0.750-q1.000-s5303,5303,partial_aggregate_first,3,2,eligible_dimension_first->governed_fact_first->partial_aggregate_first,1250.1619,40c7e8ad929a89e0ac2289a0fb91e0babccb82bc292431137b31841a0b022edf
p0.750-q1.000,p0.750-q1.000-s5303,5303,governed_fact_first,4,0,governed_fact_first->eligible_dimension_first->partial_aggregate_first,1019.6195,40c7e8ad929a89e0ac2289a0fb91e0babccb82bc292431137b31841a0b022edf
p0.750-q1.000,p0.750-q1.000-s5303,5303,eligible_dimension_first,4,1,governed_fact_first->eligible_dimension_first->partial_aggregate_first,1593.573,40c7e8ad929a89e0ac2289a0fb91e0babccb82bc292431137b31841a0b022edf
p0.750-q1.000,p0.750-q1.000-s5303,5303,partial_aggregate_first,4,2,governed_fact_first->eligible_dimension_first->partial_aggregate_first,1304.2504,40c7e8ad929a89e0ac2289a0fb91e0babccb82bc292431137b31841a0b022edf
p0.750-q1.000,p0.750-q1.000-s5303,5303,partial_aggregate_first,5,0,partial_aggregate_first->eligible_dimension_first->governed_fact_first,1448.2604,40c7e8ad929a89e0ac2289a0fb91e0babccb82bc292431137b31841a0b022edf
p0.750-q1.000,p0.750-q1.000-s5303,5303,eligible_dimension_first,5,1,partial_aggregate_first->eligible_dimension_first->governed_fact_first,1434.1321,40c7e8ad929a89e0ac2289a0fb91e0babccb82bc292431137b31841a0b022edf
p0.750-q1.000,p0.750-q1.000-s5303,5303,governed_fact_first,5,2,partial_aggregate_first->eligible_dimension_first->governed_fact_first,1464.1594,40c7e8ad929a89e0ac2289a0fb91e0babccb82bc292431137b31841a0b022edf
p0.750-q1.000,p0.750-q1.000-s5303,5303,partial_aggregate_first,6,0,partial_aggregate_first->governed_fact_first->eligible_dimension_first,1671.6983,40c7e8ad929a89e0ac2289a0fb91e0babccb82bc292431137b31841a0b022edf
p0.750-q1.000,p0.750-q1.000-s5303,5303,governed_fact_first,6,1,partial_aggregate_first->governed_fact_first->eligible_dimension_first,1208.3059,40c7e8ad929a89e0ac2289a0fb91e0babccb82bc292431137b31841a0b022edf
p0.750-q1.000,p0.750-q1.000-s5303,5303,eligible_dimension_first,6,2,partial_aggregate_first->governed_fact_first->eligible_dimension_first,1284.2357,40c7e8ad929a89e0ac2289a0fb91e0babccb82bc292431137b31841a0b022edf
p0.750-q1.000,p0.750-q1.000-s5303,5303,partial_aggregate_first,7,0,partial_aggregate_first->eligible_dimension_first->governed_fact_first,1375.7477,40c7e8ad929a89e0ac2289a0fb91e0babccb82bc292431137b31841a0b022edf
p0.750-q1.000,p0.750-q1.000-s5303,5303,eligible_dimension_first,7,1,partial_aggregate_first->eligible_dimension_first->governed_fact_first,1158.4672,40c7e8ad929a89e0ac2289a0fb91e0babccb82bc292431137b31841a0b022edf
p0.750-q1.000,p0.750-q1.000-s5303,5303,governed_fact_first,7,2,partial_aggregate_first->eligible_dimension_first->governed_fact_first,974.5315,40c7e8ad929a89e0ac2289a0fb91e0babccb82bc292431137b31841a0b022edf
p0.750-q1.000,p0.750-q1.000-s5303,5303,eligible_dimension_first,8,0,eligible_dimension_first->governed_fact_first->partial_aggregate_first,974.6392,40c7e8ad929a89e0ac2289a0fb91e0babccb82bc292431137b31841a0b022edf
p0.750-q1.000,p0.750-q1.000-s5303,5303,governed_fact_first,8,1,eligible_dimension_first->governed_fact_first->partial_aggregate_first,981.4674,40c7e8ad929a89e0ac2289a0fb91e0babccb82bc292431137b31841a0b022edf
p0.750-q1.000,p0.750-q1.000-s5303,5303,partial_aggregate_first,8,2,eligible_dimension_first->governed_fact_first->partial_aggregate_first,990.0562,40c7e8ad929a89e0ac2289a0fb91e0babccb82bc292431137b31841a0b022edf
p0.750-q1.000,p0.750-q1.000-s5303,5303,governed_fact_first,9,0,governed_fact_first->eligible_dimension_first->partial_aggregate_first,975.5987,40c7e8ad929a89e0ac2289a0fb91e0babccb82bc292431137b31841a0b022edf
p0.750-q1.000,p0.750-q1.000-s5303,5303,eligible_dimension_first,9,1,governed_fact_first->eligible_dimension_first->partial_aggregate_first,991.9953,40c7e8ad929a89e0ac2289a0fb91e0babccb82bc292431137b31841a0b022edf
p0.750-q1.000,p0.750-q1.000-s5303,5303,partial_aggregate_first,9,2,governed_fact_first->eligible_dimension_first->partial_aggregate_first,1041.5759,40c7e8ad929a89e0ac2289a0fb91e0babccb82bc292431137b31841a0b022edf
p0.750-q1.000,p0.750-q1.000-s5303,5303,partial_aggregate_first,10,0,partial_aggregate_first->governed_fact_first->eligible_dimension_first,1061.2559,40c7e8ad929a89e0ac2289a0fb91e0babccb82bc292431137b31841a0b022edf
p0.750-q1.000,p0.750-q1.000-s5303,5303,governed_fact_first,10,1,partial_aggregate_first->governed_fact_first->eligible_dimension_first,1008.8877,40c7e8ad929a89e0ac2289a0fb91e0babccb82bc292431137b31841a0b022edf
p0.750-q1.000,p0.750-q1.000-s5303,5303,eligible_dimension_first,10,2,partial_aggregate_first->governed_fact_first->eligible_dimension_first,1229.9625,40c7e8ad929a89e0ac2289a0fb91e0babccb82bc292431137b31841a0b022edf
p0.750-q1.000,p0.750-q1.000-s5303,5303,governed_fact_first,11,0,governed_fact_first->partial_aggregate_first->eligible_dimension_first,997.5099,40c7e8ad929a89e0ac2289a0fb91e0babccb82bc292431137b31841a0b022edf
p0.750-q1.000,p0.750-q1.000-s5303,5303,partial_aggregate_first,11,1,governed_fact_first->partial_aggregate_first->eligible_dimension_first,1093.8261,40c7e8ad929a89e0ac2289a0fb91e0babccb82bc292431137b31841a0b022edf
p0.750-q1.000,p0.750-q1.000-s5303,5303,eligible_dimension_first,11,2,governed_fact_first->partial_aggregate_first->eligible_dimension_first,1032.5646,40c7e8ad929a89e0ac2289a0fb91e0babccb82bc292431137b31841a0b022edf
