block_index,block_id,permutation_id,order_position,inner_repeat_index,candidate_id,started_at_utc,client_materialization_latency_ms,process_cpu_time_ms,output_row_count,result_digest
0,tpch-q6-block-000,materialize-after-q06-predicate -> materialize-after-q06-time -> fused,0,0,materialize-after-q06-predicate,2026-07-19T13:56:04.122736+00:00,171.4935,531.25,1,sha256:a1aeb439b6dadb8e1b63b2a6767310d2b8aa89d387266856bc24473812d13e3c
0,tpch-q6-block-000,materialize-after-q06-predicate -> materialize-after-q06-time -> fused,0,1,materialize-after-q06-predicate,2026-07-19T13:56:04.293738+00:00,148.0583,375.0,1,sha256:a1aeb439b6dadb8e1b63b2a6767310d2b8aa89d387266856bc24473812d13e3c
0,tpch-q6-block-000,materialize-after-q06-predicate -> materialize-after-q06-time -> fused,0,2,materialize-after-q06-predicate,2026-07-19T13:56:04.442273+00:00,218.9314,500.0,1,sha256:a1aeb439b6dadb8e1b63b2a6767310d2b8aa89d387266856bc24473812d13e3c
0,tpch-q6-block-000,materialize-after-q06-predicate -> materialize-after-q06-time -> fused,0,3,materialize-after-q06-predicate,2026-07-19T13:56:04.661272+00:00,182.1199,593.75,1,sha256:a1aeb439b6dadb8e1b63b2a6767310d2b8aa89d387266856bc24473812d13e3c
0,tpch-q6-block-000,materialize-after-q06-predicate -> materialize-after-q06-time -> fused,0,4,materialize-after-q06-predicate,2026-07-19T13:56:04.843775+00:00,171.6113,437.5,1,sha256:a1aeb439b6dadb8e1b63b2a6767310d2b8aa89d387266856bc24473812d13e3c
0,tpch-q6-block-000,materialize-after-q06-predicate -> materialize-after-q06-time -> fused,1,0,materialize-after-q06-time,2026-07-19T13:56:05.015776+00:00,682.3839,2546.875,1,sha256:a1aeb439b6dadb8e1b63b2a6767310d2b8aa89d387266856bc24473812d13e3c
0,tpch-q6-block-000,materialize-after-q06-predicate -> materialize-after-q06-time -> fused,1,1,materialize-after-q06-time,2026-07-19T13:56:05.697639+00:00,676.6368,2515.625,1,sha256:a1aeb439b6dadb8e1b63b2a6767310d2b8aa89d387266856bc24473812d13e3c
0,tpch-q6-block-000,materialize-after-q06-predicate -> materialize-after-q06-time -> fused,1,2,materialize-after-q06-time,2026-07-19T13:56:06.374465+00:00,634.9603,2328.125,1,sha256:a1aeb439b6dadb8e1b63b2a6767310d2b8aa89d387266856bc24473812d13e3c
0,tpch-q6-block-000,materialize-after-q06-predicate -> materialize-after-q06-time -> fused,1,3,materialize-after-q06-time,2026-07-19T13:56:07.009668+00:00,657.919,2406.25,1,sha256:a1aeb439b6dadb8e1b63b2a6767310d2b8aa89d387266856bc24473812d13e3c
0,tpch-q6-block-000,materialize-after-q06-predicate -> materialize-after-q06-time -> fused,1,4,materialize-after-q06-time,2026-07-19T13:56:07.667994+00:00,753.6276,2125.0,1,sha256:a1aeb439b6dadb8e1b63b2a6767310d2b8aa89d387266856bc24473812d13e3c
0,tpch-q6-block-000,materialize-after-q06-predicate -> materialize-after-q06-time -> fused,2,0,fused,2026-07-19T13:56:08.421407+00:00,164.7465,562.5,1,sha256:a1aeb439b6dadb8e1b63b2a6767310d2b8aa89d387266856bc24473812d13e3c
0,tpch-q6-block-000,materialize-after-q06-predicate -> materialize-after-q06-time -> fused,2,1,fused,2026-07-19T13:56:08.586278+00:00,169.1704,515.625,1,sha256:a1aeb439b6dadb8e1b63b2a6767310d2b8aa89d387266856bc24473812d13e3c
0,tpch-q6-block-000,materialize-after-q06-predicate -> materialize-after-q06-time -> fused,2,2,fused,2026-07-19T13:56:08.755322+00:00,161.9995,562.5,1,sha256:a1aeb439b6dadb8e1b63b2a6767310d2b8aa89d387266856bc24473812d13e3c
0,tpch-q6-block-000,materialize-after-q06-predicate -> materialize-after-q06-time -> fused,2,3,fused,2026-07-19T13:56:08.917751+00:00,138.1054,484.375,1,sha256:a1aeb439b6dadb8e1b63b2a6767310d2b8aa89d387266856bc24473812d13e3c
0,tpch-q6-block-000,materialize-after-q06-predicate -> materialize-after-q06-time -> fused,2,4,fused,2026-07-19T13:56:09.055752+00:00,145.9056,531.25,1,sha256:a1aeb439b6dadb8e1b63b2a6767310d2b8aa89d387266856bc24473812d13e3c
1,tpch-q6-block-001,materialize-after-q06-time -> fused -> materialize-after-q06-predicate,0,0,materialize-after-q06-time,2026-07-19T13:56:09.205750+00:00,791.0823,2515.625,1,sha256:a1aeb439b6dadb8e1b63b2a6767310d2b8aa89d387266856bc24473812d13e3c
1,tpch-q6-block-001,materialize-after-q06-time -> fused -> materialize-after-q06-predicate,0,1,materialize-after-q06-time,2026-07-19T13:56:09.996813+00:00,776.4135,2390.625,1,sha256:a1aeb439b6dadb8e1b63b2a6767310d2b8aa89d387266856bc24473812d13e3c
1,tpch-q6-block-001,materialize-after-q06-time -> fused -> materialize-after-q06-predicate,0,2,materialize-after-q06-time,2026-07-19T13:56:10.773437+00:00,893.1066,2546.875,1,sha256:a1aeb439b6dadb8e1b63b2a6767310d2b8aa89d387266856bc24473812d13e3c
1,tpch-q6-block-001,materialize-after-q06-time -> fused -> materialize-after-q06-predicate,0,3,materialize-after-q06-time,2026-07-19T13:56:11.666213+00:00,860.3421,2296.875,1,sha256:a1aeb439b6dadb8e1b63b2a6767310d2b8aa89d387266856bc24473812d13e3c
1,tpch-q6-block-001,materialize-after-q06-time -> fused -> materialize-after-q06-predicate,0,4,materialize-after-q06-time,2026-07-19T13:56:12.527360+00:00,641.5287,2312.5,1,sha256:a1aeb439b6dadb8e1b63b2a6767310d2b8aa89d387266856bc24473812d13e3c
1,tpch-q6-block-001,materialize-after-q06-time -> fused -> materialize-after-q06-predicate,1,0,fused,2026-07-19T13:56:13.169211+00:00,126.548,453.125,1,sha256:a1aeb439b6dadb8e1b63b2a6767310d2b8aa89d387266856bc24473812d13e3c
1,tpch-q6-block-001,materialize-after-q06-time -> fused -> materialize-after-q06-predicate,1,1,fused,2026-07-19T13:56:13.295315+00:00,121.466,437.5,1,sha256:a1aeb439b6dadb8e1b63b2a6767310d2b8aa89d387266856bc24473812d13e3c
1,tpch-q6-block-001,materialize-after-q06-time -> fused -> materialize-after-q06-predicate,1,2,fused,2026-07-19T13:56:13.417574+00:00,123.2343,437.5,1,sha256:a1aeb439b6dadb8e1b63b2a6767310d2b8aa89d387266856bc24473812d13e3c
1,tpch-q6-block-001,materialize-after-q06-time -> fused -> materialize-after-q06-predicate,1,3,fused,2026-07-19T13:56:13.540575+00:00,162.604,515.625,1,sha256:a1aeb439b6dadb8e1b63b2a6767310d2b8aa89d387266856bc24473812d13e3c
1,tpch-q6-block-001,materialize-after-q06-time -> fused -> materialize-after-q06-predicate,1,4,fused,2026-07-19T13:56:13.703575+00:00,184.9998,531.25,1,sha256:a1aeb439b6dadb8e1b63b2a6767310d2b8aa89d387266856bc24473812d13e3c
1,tpch-q6-block-001,materialize-after-q06-time -> fused -> materialize-after-q06-predicate,2,0,materialize-after-q06-predicate,2026-07-19T13:56:13.887814+00:00,177.3614,593.75,1,sha256:a1aeb439b6dadb8e1b63b2a6767310d2b8aa89d387266856bc24473812d13e3c
1,tpch-q6-block-001,materialize-after-q06-time -> fused -> materialize-after-q06-predicate,2,1,materialize-after-q06-predicate,2026-07-19T13:56:14.065818+00:00,159.9967,515.625,1,sha256:a1aeb439b6dadb8e1b63b2a6767310d2b8aa89d387266856bc24473812d13e3c
1,tpch-q6-block-001,materialize-after-q06-time -> fused -> materialize-after-q06-predicate,2,2,materialize-after-q06-predicate,2026-07-19T13:56:14.226271+00:00,151.8346,562.5,1,sha256:a1aeb439b6dadb8e1b63b2a6767310d2b8aa89d387266856bc24473812d13e3c
1,tpch-q6-block-001,materialize-after-q06-time -> fused -> materialize-after-q06-predicate,2,3,materialize-after-q06-predicate,2026-07-19T13:56:14.377888+00:00,157.1896,500.0,1,sha256:a1aeb439b6dadb8e1b63b2a6767310d2b8aa89d387266856bc24473812d13e3c
1,tpch-q6-block-001,materialize-after-q06-time -> fused -> materialize-after-q06-predicate,2,4,materialize-after-q06-predicate,2026-07-19T13:56:14.534889+00:00,166.0662,609.375,1,sha256:a1aeb439b6dadb8e1b63b2a6767310d2b8aa89d387266856bc24473812d13e3c
2,tpch-q6-block-002,materialize-after-q06-time -> materialize-after-q06-predicate -> fused,0,0,materialize-after-q06-time,2026-07-19T13:56:14.704890+00:00,735.506,2640.625,1,sha256:a1aeb439b6dadb8e1b63b2a6767310d2b8aa89d387266856bc24473812d13e3c
2,tpch-q6-block-002,materialize-after-q06-time -> materialize-after-q06-predicate -> fused,0,1,materialize-after-q06-time,2026-07-19T13:56:15.441125+00:00,694.7458,2234.375,1,sha256:a1aeb439b6dadb8e1b63b2a6767310d2b8aa89d387266856bc24473812d13e3c
2,tpch-q6-block-002,materialize-after-q06-time -> materialize-after-q06-predicate -> fused,0,2,materialize-after-q06-time,2026-07-19T13:56:16.135755+00:00,652.9574,2484.375,1,sha256:a1aeb439b6dadb8e1b63b2a6767310d2b8aa89d387266856bc24473812d13e3c
2,tpch-q6-block-002,materialize-after-q06-time -> materialize-after-q06-predicate -> fused,0,3,materialize-after-q06-time,2026-07-19T13:56:16.788481+00:00,693.7024,2625.0,1,sha256:a1aeb439b6dadb8e1b63b2a6767310d2b8aa89d387266856bc24473812d13e3c
2,tpch-q6-block-002,materialize-after-q06-time -> materialize-after-q06-predicate -> fused,0,4,materialize-after-q06-time,2026-07-19T13:56:17.482630+00:00,693.4027,2468.75,1,sha256:a1aeb439b6dadb8e1b63b2a6767310d2b8aa89d387266856bc24473812d13e3c
2,tpch-q6-block-002,materialize-after-q06-time -> materialize-after-q06-predicate -> fused,1,0,materialize-after-q06-predicate,2026-07-19T13:56:18.176057+00:00,162.2296,546.875,1,sha256:a1aeb439b6dadb8e1b63b2a6767310d2b8aa89d387266856bc24473812d13e3c
2,tpch-q6-block-002,materialize-after-q06-time -> materialize-after-q06-predicate -> fused,1,1,materialize-after-q06-predicate,2026-07-19T13:56:18.338678+00:00,186.3876,562.5,1,sha256:a1aeb439b6dadb8e1b63b2a6767310d2b8aa89d387266856bc24473812d13e3c
2,tpch-q6-block-002,materialize-after-q06-time -> materialize-after-q06-predicate -> fused,1,2,materialize-after-q06-predicate,2026-07-19T13:56:18.525236+00:00,195.068,625.0,1,sha256:a1aeb439b6dadb8e1b63b2a6767310d2b8aa89d387266856bc24473812d13e3c
2,tpch-q6-block-002,materialize-after-q06-time -> materialize-after-q06-predicate -> fused,1,3,materialize-after-q06-predicate,2026-07-19T13:56:18.720239+00:00,148.3936,546.875,1,sha256:a1aeb439b6dadb8e1b63b2a6767310d2b8aa89d387266856bc24473812d13e3c
2,tpch-q6-block-002,materialize-after-q06-time -> materialize-after-q06-predicate -> fused,1,4,materialize-after-q06-predicate,2026-07-19T13:56:18.868931+00:00,158.1623,531.25,1,sha256:a1aeb439b6dadb8e1b63b2a6767310d2b8aa89d387266856bc24473812d13e3c
2,tpch-q6-block-002,materialize-after-q06-time -> materialize-after-q06-predicate -> fused,2,0,fused,2026-07-19T13:56:19.026577+00:00,138.4162,515.625,1,sha256:a1aeb439b6dadb8e1b63b2a6767310d2b8aa89d387266856bc24473812d13e3c
2,tpch-q6-block-002,materialize-after-q06-time -> materialize-after-q06-predicate -> fused,2,1,fused,2026-07-19T13:56:19.165576+00:00,142.7978,468.75,1,sha256:a1aeb439b6dadb8e1b63b2a6767310d2b8aa89d387266856bc24473812d13e3c
2,tpch-q6-block-002,materialize-after-q06-time -> materialize-after-q06-predicate -> fused,2,2,fused,2026-07-19T13:56:19.308577+00:00,131.6718,453.125,1,sha256:a1aeb439b6dadb8e1b63b2a6767310d2b8aa89d387266856bc24473812d13e3c
2,tpch-q6-block-002,materialize-after-q06-time -> materialize-after-q06-predicate -> fused,2,3,fused,2026-07-19T13:56:19.439807+00:00,133.5369,437.5,1,sha256:a1aeb439b6dadb8e1b63b2a6767310d2b8aa89d387266856bc24473812d13e3c
2,tpch-q6-block-002,materialize-after-q06-time -> materialize-after-q06-predicate -> fused,2,4,fused,2026-07-19T13:56:19.573807+00:00,174.8367,453.125,1,sha256:a1aeb439b6dadb8e1b63b2a6767310d2b8aa89d387266856bc24473812d13e3c
3,tpch-q6-block-003,fused -> materialize-after-q06-time -> materialize-after-q06-predicate,0,0,fused,2026-07-19T13:56:19.751315+00:00,170.1251,546.875,1,sha256:a1aeb439b6dadb8e1b63b2a6767310d2b8aa89d387266856bc24473812d13e3c
3,tpch-q6-block-003,fused -> materialize-after-q06-time -> materialize-after-q06-predicate,0,1,fused,2026-07-19T13:56:19.921315+00:00,154.3011,437.5,1,sha256:a1aeb439b6dadb8e1b63b2a6767310d2b8aa89d387266856bc24473812d13e3c
3,tpch-q6-block-003,fused -> materialize-after-q06-time -> materialize-after-q06-predicate,0,2,fused,2026-07-19T13:56:20.076313+00:00,155.3507,453.125,1,sha256:a1aeb439b6dadb8e1b63b2a6767310d2b8aa89d387266856bc24473812d13e3c
3,tpch-q6-block-003,fused -> materialize-after-q06-time -> materialize-after-q06-predicate,0,3,fused,2026-07-19T13:56:20.231615+00:00,142.7386,437.5,1,sha256:a1aeb439b6dadb8e1b63b2a6767310d2b8aa89d387266856bc24473812d13e3c
3,tpch-q6-block-003,fused -> materialize-after-q06-time -> materialize-after-q06-predicate,0,4,fused,2026-07-19T13:56:20.374585+00:00,143.0925,390.625,1,sha256:a1aeb439b6dadb8e1b63b2a6767310d2b8aa89d387266856bc24473812d13e3c
3,tpch-q6-block-003,fused -> materialize-after-q06-time -> materialize-after-q06-predicate,1,0,materialize-after-q06-time,2026-07-19T13:56:20.517319+00:00,665.6499,2578.125,1,sha256:a1aeb439b6dadb8e1b63b2a6767310d2b8aa89d387266856bc24473812d13e3c
3,tpch-q6-block-003,fused -> materialize-after-q06-time -> materialize-after-q06-predicate,1,1,materialize-after-q06-time,2026-07-19T13:56:21.183410+00:00,619.1348,2343.75,1,sha256:a1aeb439b6dadb8e1b63b2a6767310d2b8aa89d387266856bc24473812d13e3c
3,tpch-q6-block-003,fused -> materialize-after-q06-time -> materialize-after-q06-predicate,1,2,materialize-after-q06-time,2026-07-19T13:56:21.802581+00:00,581.2958,2171.875,1,sha256:a1aeb439b6dadb8e1b63b2a6767310d2b8aa89d387266856bc24473812d13e3c
3,tpch-q6-block-003,fused -> materialize-after-q06-time -> materialize-after-q06-predicate,1,3,materialize-after-q06-time,2026-07-19T13:56:22.383645+00:00,597.7468,2046.875,1,sha256:a1aeb439b6dadb8e1b63b2a6767310d2b8aa89d387266856bc24473812d13e3c
3,tpch-q6-block-003,fused -> materialize-after-q06-time -> materialize-after-q06-predicate,1,4,materialize-after-q06-time,2026-07-19T13:56:22.981267+00:00,605.7662,2187.5,1,sha256:a1aeb439b6dadb8e1b63b2a6767310d2b8aa89d387266856bc24473812d13e3c
3,tpch-q6-block-003,fused -> materialize-after-q06-time -> materialize-after-q06-predicate,2,0,materialize-after-q06-predicate,2026-07-19T13:56:23.587907+00:00,171.8522,531.25,1,sha256:a1aeb439b6dadb8e1b63b2a6767310d2b8aa89d387266856bc24473812d13e3c
3,tpch-q6-block-003,fused -> materialize-after-q06-time -> materialize-after-q06-predicate,2,1,materialize-after-q06-predicate,2026-07-19T13:56:23.759906+00:00,181.7817,578.125,1,sha256:a1aeb439b6dadb8e1b63b2a6767310d2b8aa89d387266856bc24473812d13e3c
3,tpch-q6-block-003,fused -> materialize-after-q06-time -> materialize-after-q06-predicate,2,2,materialize-after-q06-predicate,2026-07-19T13:56:23.941148+00:00,144.1382,515.625,1,sha256:a1aeb439b6dadb8e1b63b2a6767310d2b8aa89d387266856bc24473812d13e3c
3,tpch-q6-block-003,fused -> materialize-after-q06-time -> materialize-after-q06-predicate,2,3,materialize-after-q06-predicate,2026-07-19T13:56:24.086148+00:00,157.9011,562.5,1,sha256:a1aeb439b6dadb8e1b63b2a6767310d2b8aa89d387266856bc24473812d13e3c
3,tpch-q6-block-003,fused -> materialize-after-q06-time -> materialize-after-q06-predicate,2,4,materialize-after-q06-predicate,2026-07-19T13:56:24.244148+00:00,156.9275,546.875,1,sha256:a1aeb439b6dadb8e1b63b2a6767310d2b8aa89d387266856bc24473812d13e3c
4,tpch-q6-block-004,materialize-after-q06-predicate -> fused -> materialize-after-q06-time,0,0,materialize-after-q06-predicate,2026-07-19T13:56:24.403243+00:00,159.4809,609.375,1,sha256:a1aeb439b6dadb8e1b63b2a6767310d2b8aa89d387266856bc24473812d13e3c
4,tpch-q6-block-004,materialize-after-q06-predicate -> fused -> materialize-after-q06-time,0,1,materialize-after-q06-predicate,2026-07-19T13:56:24.563247+00:00,164.8853,593.75,1,sha256:a1aeb439b6dadb8e1b63b2a6767310d2b8aa89d387266856bc24473812d13e3c
4,tpch-q6-block-004,materialize-after-q06-predicate -> fused -> materialize-after-q06-time,0,2,materialize-after-q06-predicate,2026-07-19T13:56:24.728196+00:00,170.0877,562.5,1,sha256:a1aeb439b6dadb8e1b63b2a6767310d2b8aa89d387266856bc24473812d13e3c
4,tpch-q6-block-004,materialize-after-q06-predicate -> fused -> materialize-after-q06-time,0,3,materialize-after-q06-predicate,2026-07-19T13:56:24.898196+00:00,193.6408,531.25,1,sha256:a1aeb439b6dadb8e1b63b2a6767310d2b8aa89d387266856bc24473812d13e3c
4,tpch-q6-block-004,materialize-after-q06-predicate -> fused -> materialize-after-q06-time,0,4,materialize-after-q06-predicate,2026-07-19T13:56:25.092790+00:00,184.7236,578.125,1,sha256:a1aeb439b6dadb8e1b63b2a6767310d2b8aa89d387266856bc24473812d13e3c
4,tpch-q6-block-004,materialize-after-q06-predicate -> fused -> materialize-after-q06-time,1,0,fused,2026-07-19T13:56:25.277791+00:00,152.4901,484.375,1,sha256:a1aeb439b6dadb8e1b63b2a6767310d2b8aa89d387266856bc24473812d13e3c
4,tpch-q6-block-004,materialize-after-q06-predicate -> fused -> materialize-after-q06-time,1,1,fused,2026-07-19T13:56:25.430394+00:00,142.7745,484.375,1,sha256:a1aeb439b6dadb8e1b63b2a6767310d2b8aa89d387266856bc24473812d13e3c
4,tpch-q6-block-004,materialize-after-q06-predicate -> fused -> materialize-after-q06-time,1,2,fused,2026-07-19T13:56:25.573622+00:00,141.094,531.25,1,sha256:a1aeb439b6dadb8e1b63b2a6767310d2b8aa89d387266856bc24473812d13e3c
4,tpch-q6-block-004,materialize-after-q06-predicate -> fused -> materialize-after-q06-time,1,3,fused,2026-07-19T13:56:25.714701+00:00,143.5811,437.5,1,sha256:a1aeb439b6dadb8e1b63b2a6767310d2b8aa89d387266856bc24473812d13e3c
4,tpch-q6-block-004,materialize-after-q06-predicate -> fused -> materialize-after-q06-time,1,4,fused,2026-07-19T13:56:25.858702+00:00,179.9569,484.375,1,sha256:a1aeb439b6dadb8e1b63b2a6767310d2b8aa89d387266856bc24473812d13e3c
4,tpch-q6-block-004,materialize-after-q06-predicate -> fused -> materialize-after-q06-time,2,0,materialize-after-q06-time,2026-07-19T13:56:26.038263+00:00,779.1736,2265.625,1,sha256:a1aeb439b6dadb8e1b63b2a6767310d2b8aa89d387266856bc24473812d13e3c
4,tpch-q6-block-004,materialize-after-q06-predicate -> fused -> materialize-after-q06-time,2,1,materialize-after-q06-time,2026-07-19T13:56:26.818242+00:00,803.2194,2390.625,1,sha256:a1aeb439b6dadb8e1b63b2a6767310d2b8aa89d387266856bc24473812d13e3c
4,tpch-q6-block-004,materialize-after-q06-predicate -> fused -> materialize-after-q06-time,2,2,materialize-after-q06-time,2026-07-19T13:56:27.621222+00:00,751.8733,2484.375,1,sha256:a1aeb439b6dadb8e1b63b2a6767310d2b8aa89d387266856bc24473812d13e3c
4,tpch-q6-block-004,materialize-after-q06-predicate -> fused -> materialize-after-q06-time,2,3,materialize-after-q06-time,2026-07-19T13:56:28.373157+00:00,827.2176,2281.25,1,sha256:a1aeb439b6dadb8e1b63b2a6767310d2b8aa89d387266856bc24473812d13e3c
4,tpch-q6-block-004,materialize-after-q06-predicate -> fused -> materialize-after-q06-time,2,4,materialize-after-q06-time,2026-07-19T13:56:29.200330+00:00,885.7012,2437.5,1,sha256:a1aeb439b6dadb8e1b63b2a6767310d2b8aa89d387266856bc24473812d13e3c
5,tpch-q6-block-005,fused -> materialize-after-q06-predicate -> materialize-after-q06-time,0,0,fused,2026-07-19T13:56:30.089607+00:00,165.922,546.875,1,sha256:a1aeb439b6dadb8e1b63b2a6767310d2b8aa89d387266856bc24473812d13e3c
5,tpch-q6-block-005,fused -> materialize-after-q06-predicate -> materialize-after-q06-time,0,1,fused,2026-07-19T13:56:30.255607+00:00,173.595,500.0,1,sha256:a1aeb439b6dadb8e1b63b2a6767310d2b8aa89d387266856bc24473812d13e3c
5,tpch-q6-block-005,fused -> materialize-after-q06-predicate -> materialize-after-q06-time,0,2,fused,2026-07-19T13:56:30.429216+00:00,194.5725,484.375,1,sha256:a1aeb439b6dadb8e1b63b2a6767310d2b8aa89d387266856bc24473812d13e3c
5,tpch-q6-block-005,fused -> materialize-after-q06-predicate -> materialize-after-q06-time,0,3,fused,2026-07-19T13:56:30.624659+00:00,167.6853,484.375,1,sha256:a1aeb439b6dadb8e1b63b2a6767310d2b8aa89d387266856bc24473812d13e3c
5,tpch-q6-block-005,fused -> materialize-after-q06-predicate -> materialize-after-q06-time,0,4,fused,2026-07-19T13:56:30.791653+00:00,176.9442,562.5,1,sha256:a1aeb439b6dadb8e1b63b2a6767310d2b8aa89d387266856bc24473812d13e3c
5,tpch-q6-block-005,fused -> materialize-after-q06-predicate -> materialize-after-q06-time,1,0,materialize-after-q06-predicate,2026-07-19T13:56:30.968927+00:00,215.9563,578.125,1,sha256:a1aeb439b6dadb8e1b63b2a6767310d2b8aa89d387266856bc24473812d13e3c
5,tpch-q6-block-005,fused -> materialize-after-q06-predicate -> materialize-after-q06-time,1,1,materialize-after-q06-predicate,2026-07-19T13:56:31.185459+00:00,233.1996,562.5,1,sha256:a1aeb439b6dadb8e1b63b2a6767310d2b8aa89d387266856bc24473812d13e3c
5,tpch-q6-block-005,fused -> materialize-after-q06-predicate -> materialize-after-q06-time,1,2,materialize-after-q06-predicate,2026-07-19T13:56:31.418585+00:00,210.3389,671.875,1,sha256:a1aeb439b6dadb8e1b63b2a6767310d2b8aa89d387266856bc24473812d13e3c
5,tpch-q6-block-005,fused -> materialize-after-q06-predicate -> materialize-after-q06-time,1,3,materialize-after-q06-predicate,2026-07-19T13:56:31.628837+00:00,158.9965,562.5,1,sha256:a1aeb439b6dadb8e1b63b2a6767310d2b8aa89d387266856bc24473812d13e3c
5,tpch-q6-block-005,fused -> materialize-after-q06-predicate -> materialize-after-q06-time,1,4,materialize-after-q06-predicate,2026-07-19T13:56:31.787668+00:00,161.3598,578.125,1,sha256:a1aeb439b6dadb8e1b63b2a6767310d2b8aa89d387266856bc24473812d13e3c
5,tpch-q6-block-005,fused -> materialize-after-q06-predicate -> materialize-after-q06-time,2,0,materialize-after-q06-time,2026-07-19T13:56:31.949796+00:00,679.3746,2515.625,1,sha256:a1aeb439b6dadb8e1b63b2a6767310d2b8aa89d387266856bc24473812d13e3c
5,tpch-q6-block-005,fused -> materialize-after-q06-predicate -> materialize-after-q06-time,2,1,materialize-after-q06-time,2026-07-19T13:56:32.629034+00:00,658.6599,2453.125,1,sha256:a1aeb439b6dadb8e1b63b2a6767310d2b8aa89d387266856bc24473812d13e3c
5,tpch-q6-block-005,fused -> materialize-after-q06-predicate -> materialize-after-q06-time,2,2,materialize-after-q06-time,2026-07-19T13:56:33.288166+00:00,644.3571,2140.625,1,sha256:a1aeb439b6dadb8e1b63b2a6767310d2b8aa89d387266856bc24473812d13e3c
5,tpch-q6-block-005,fused -> materialize-after-q06-predicate -> materialize-after-q06-time,2,3,materialize-after-q06-time,2026-07-19T13:56:33.932699+00:00,646.5477,2312.5,1,sha256:a1aeb439b6dadb8e1b63b2a6767310d2b8aa89d387266856bc24473812d13e3c
5,tpch-q6-block-005,fused -> materialize-after-q06-predicate -> materialize-after-q06-time,2,4,materialize-after-q06-time,2026-07-19T13:56:34.578996+00:00,681.988,2437.5,1,sha256:a1aeb439b6dadb8e1b63b2a6767310d2b8aa89d387266856bc24473812d13e3c
6,tpch-q6-block-006,materialize-after-q06-time -> materialize-after-q06-predicate -> fused,0,0,materialize-after-q06-time,2026-07-19T13:56:35.264363+00:00,750.3162,2468.75,1,sha256:a1aeb439b6dadb8e1b63b2a6767310d2b8aa89d387266856bc24473812d13e3c
6,tpch-q6-block-006,materialize-after-q06-time -> materialize-after-q06-predicate -> fused,0,1,materialize-after-q06-time,2026-07-19T13:56:36.014069+00:00,697.3725,2468.75,1,sha256:a1aeb439b6dadb8e1b63b2a6767310d2b8aa89d387266856bc24473812d13e3c
6,tpch-q6-block-006,materialize-after-q06-time -> materialize-after-q06-predicate -> fused,0,2,materialize-after-q06-time,2026-07-19T13:56:36.712159+00:00,659.1871,2375.0,1,sha256:a1aeb439b6dadb8e1b63b2a6767310d2b8aa89d387266856bc24473812d13e3c
6,tpch-q6-block-006,materialize-after-q06-time -> materialize-after-q06-predicate -> fused,0,3,materialize-after-q06-time,2026-07-19T13:56:37.370755+00:00,621.812,2296.875,1,sha256:a1aeb439b6dadb8e1b63b2a6767310d2b8aa89d387266856bc24473812d13e3c
6,tpch-q6-block-006,materialize-after-q06-time -> materialize-after-q06-predicate -> fused,0,4,materialize-after-q06-time,2026-07-19T13:56:37.993256+00:00,616.4932,2296.875,1,sha256:a1aeb439b6dadb8e1b63b2a6767310d2b8aa89d387266856bc24473812d13e3c
6,tpch-q6-block-006,materialize-after-q06-time -> materialize-after-q06-predicate -> fused,1,0,materialize-after-q06-predicate,2026-07-19T13:56:38.609474+00:00,149.4266,562.5,1,sha256:a1aeb439b6dadb8e1b63b2a6767310d2b8aa89d387266856bc24473812d13e3c
6,tpch-q6-block-006,materialize-after-q06-time -> materialize-after-q06-predicate -> fused,1,1,materialize-after-q06-predicate,2026-07-19T13:56:38.758933+00:00,152.485,562.5,1,sha256:a1aeb439b6dadb8e1b63b2a6767310d2b8aa89d387266856bc24473812d13e3c
6,tpch-q6-block-006,materialize-after-q06-time -> materialize-after-q06-predicate -> fused,1,2,materialize-after-q06-predicate,2026-07-19T13:56:38.911931+00:00,166.9116,562.5,1,sha256:a1aeb439b6dadb8e1b63b2a6767310d2b8aa89d387266856bc24473812d13e3c
6,tpch-q6-block-006,materialize-after-q06-time -> materialize-after-q06-predicate -> fused,1,3,materialize-after-q06-predicate,2026-07-19T13:56:39.078585+00:00,149.6496,562.5,1,sha256:a1aeb439b6dadb8e1b63b2a6767310d2b8aa89d387266856bc24473812d13e3c
6,tpch-q6-block-006,materialize-after-q06-time -> materialize-after-q06-predicate -> fused,1,4,materialize-after-q06-predicate,2026-07-19T13:56:39.228593+00:00,147.818,531.25,1,sha256:a1aeb439b6dadb8e1b63b2a6767310d2b8aa89d387266856bc24473812d13e3c
6,tpch-q6-block-006,materialize-after-q06-time -> materialize-after-q06-predicate -> fused,2,0,fused,2026-07-19T13:56:39.376224+00:00,145.0248,484.375,1,sha256:a1aeb439b6dadb8e1b63b2a6767310d2b8aa89d387266856bc24473812d13e3c
6,tpch-q6-block-006,materialize-after-q06-time -> materialize-after-q06-predicate -> fused,2,1,fused,2026-07-19T13:56:39.521261+00:00,168.0648,468.75,1,sha256:a1aeb439b6dadb8e1b63b2a6767310d2b8aa89d387266856bc24473812d13e3c
6,tpch-q6-block-006,materialize-after-q06-time -> materialize-after-q06-predicate -> fused,2,2,fused,2026-07-19T13:56:39.690262+00:00,156.6788,484.375,1,sha256:a1aeb439b6dadb8e1b63b2a6767310d2b8aa89d387266856bc24473812d13e3c
6,tpch-q6-block-006,materialize-after-q06-time -> materialize-after-q06-predicate -> fused,2,3,fused,2026-07-19T13:56:39.846841+00:00,132.8295,437.5,1,sha256:a1aeb439b6dadb8e1b63b2a6767310d2b8aa89d387266856bc24473812d13e3c
6,tpch-q6-block-006,materialize-after-q06-time -> materialize-after-q06-predicate -> fused,2,4,fused,2026-07-19T13:56:39.979842+00:00,130.6637,453.125,1,sha256:a1aeb439b6dadb8e1b63b2a6767310d2b8aa89d387266856bc24473812d13e3c
7,tpch-q6-block-007,materialize-after-q06-predicate -> fused -> materialize-after-q06-time,0,0,materialize-after-q06-predicate,2026-07-19T13:56:40.112465+00:00,155.207,484.375,1,sha256:a1aeb439b6dadb8e1b63b2a6767310d2b8aa89d387266856bc24473812d13e3c
7,tpch-q6-block-007,materialize-after-q06-predicate -> fused -> materialize-after-q06-time,0,1,materialize-after-q06-predicate,2026-07-19T13:56:40.268464+00:00,157.2676,437.5,1,sha256:a1aeb439b6dadb8e1b63b2a6767310d2b8aa89d387266856bc24473812d13e3c
7,tpch-q6-block-007,materialize-after-q06-predicate -> fused -> materialize-after-q06-time,0,2,materialize-after-q06-predicate,2026-07-19T13:56:40.425077+00:00,166.762,546.875,1,sha256:a1aeb439b6dadb8e1b63b2a6767310d2b8aa89d387266856bc24473812d13e3c
7,tpch-q6-block-007,materialize-after-q06-predicate -> fused -> materialize-after-q06-time,0,3,materialize-after-q06-predicate,2026-07-19T13:56:40.592740+00:00,151.4886,546.875,1,sha256:a1aeb439b6dadb8e1b63b2a6767310d2b8aa89d387266856bc24473812d13e3c
7,tpch-q6-block-007,materialize-after-q06-predicate -> fused -> materialize-after-q06-time,0,4,materialize-after-q06-predicate,2026-07-19T13:56:40.743726+00:00,186.1925,531.25,1,sha256:a1aeb439b6dadb8e1b63b2a6767310d2b8aa89d387266856bc24473812d13e3c
7,tpch-q6-block-007,materialize-after-q06-predicate -> fused -> materialize-after-q06-time,1,0,fused,2026-07-19T13:56:40.929904+00:00,180.2799,546.875,1,sha256:a1aeb439b6dadb8e1b63b2a6767310d2b8aa89d387266856bc24473812d13e3c
7,tpch-q6-block-007,materialize-after-q06-predicate -> fused -> materialize-after-q06-time,1,1,fused,2026-07-19T13:56:41.110645+00:00,160.0087,484.375,1,sha256:a1aeb439b6dadb8e1b63b2a6767310d2b8aa89d387266856bc24473812d13e3c
7,tpch-q6-block-007,materialize-after-q06-predicate -> fused -> materialize-after-q06-time,1,2,fused,2026-07-19T13:56:41.270847+00:00,148.9004,406.25,1,sha256:a1aeb439b6dadb8e1b63b2a6767310d2b8aa89d387266856bc24473812d13e3c
7,tpch-q6-block-007,materialize-after-q06-predicate -> fused -> materialize-after-q06-time,1,3,fused,2026-07-19T13:56:41.420165+00:00,144.5894,531.25,1,sha256:a1aeb439b6dadb8e1b63b2a6767310d2b8aa89d387266856bc24473812d13e3c
7,tpch-q6-block-007,materialize-after-q06-predicate -> fused -> materialize-after-q06-time,1,4,fused,2026-07-19T13:56:41.564605+00:00,152.2493,500.0,1,sha256:a1aeb439b6dadb8e1b63b2a6767310d2b8aa89d387266856bc24473812d13e3c
7,tpch-q6-block-007,materialize-after-q06-predicate -> fused -> materialize-after-q06-time,2,0,materialize-after-q06-time,2026-07-19T13:56:41.716594+00:00,698.7717,2500.0,1,sha256:a1aeb439b6dadb8e1b63b2a6767310d2b8aa89d387266856bc24473812d13e3c
7,tpch-q6-block-007,materialize-after-q06-predicate -> fused -> materialize-after-q06-time,2,1,materialize-after-q06-time,2026-07-19T13:56:42.416203+00:00,683.574,2515.625,1,sha256:a1aeb439b6dadb8e1b63b2a6767310d2b8aa89d387266856bc24473812d13e3c
7,tpch-q6-block-007,materialize-after-q06-predicate -> fused -> materialize-after-q06-time,2,2,materialize-after-q06-time,2026-07-19T13:56:43.099219+00:00,621.3247,2203.125,1,sha256:a1aeb439b6dadb8e1b63b2a6767310d2b8aa89d387266856bc24473812d13e3c
7,tpch-q6-block-007,materialize-after-q06-predicate -> fused -> materialize-after-q06-time,2,3,materialize-after-q06-time,2026-07-19T13:56:43.721388+00:00,645.1334,2281.25,1,sha256:a1aeb439b6dadb8e1b63b2a6767310d2b8aa89d387266856bc24473812d13e3c
7,tpch-q6-block-007,materialize-after-q06-predicate -> fused -> materialize-after-q06-time,2,4,materialize-after-q06-time,2026-07-19T13:56:44.366270+00:00,674.33,2375.0,1,sha256:a1aeb439b6dadb8e1b63b2a6767310d2b8aa89d387266856bc24473812d13e3c
8,tpch-q6-block-008,fused -> materialize-after-q06-time -> materialize-after-q06-predicate,0,0,fused,2026-07-19T13:56:45.043279+00:00,136.743,468.75,1,sha256:a1aeb439b6dadb8e1b63b2a6767310d2b8aa89d387266856bc24473812d13e3c
8,tpch-q6-block-008,fused -> materialize-after-q06-time -> materialize-after-q06-predicate,0,1,fused,2026-07-19T13:56:45.180906+00:00,127.662,453.125,1,sha256:a1aeb439b6dadb8e1b63b2a6767310d2b8aa89d387266856bc24473812d13e3c
8,tpch-q6-block-008,fused -> materialize-after-q06-time -> materialize-after-q06-predicate,0,2,fused,2026-07-19T13:56:45.308712+00:00,152.3006,421.875,1,sha256:a1aeb439b6dadb8e1b63b2a6767310d2b8aa89d387266856bc24473812d13e3c
8,tpch-q6-block-008,fused -> materialize-after-q06-time -> materialize-after-q06-predicate,0,3,fused,2026-07-19T13:56:45.461281+00:00,153.0293,453.125,1,sha256:a1aeb439b6dadb8e1b63b2a6767310d2b8aa89d387266856bc24473812d13e3c
8,tpch-q6-block-008,fused -> materialize-after-q06-time -> materialize-after-q06-predicate,0,4,fused,2026-07-19T13:56:45.614282+00:00,168.014,390.625,1,sha256:a1aeb439b6dadb8e1b63b2a6767310d2b8aa89d387266856bc24473812d13e3c
8,tpch-q6-block-008,fused -> materialize-after-q06-time -> materialize-after-q06-predicate,1,0,materialize-after-q06-time,2026-07-19T13:56:45.782281+00:00,679.1833,2437.5,1,sha256:a1aeb439b6dadb8e1b63b2a6767310d2b8aa89d387266856bc24473812d13e3c
8,tpch-q6-block-008,fused -> materialize-after-q06-time -> materialize-after-q06-predicate,1,1,materialize-after-q06-time,2026-07-19T13:56:46.461298+00:00,656.6014,2437.5,1,sha256:a1aeb439b6dadb8e1b63b2a6767310d2b8aa89d387266856bc24473812d13e3c
8,tpch-q6-block-008,fused -> materialize-after-q06-time -> materialize-after-q06-predicate,1,2,materialize-after-q06-time,2026-07-19T13:56:47.118496+00:00,605.2715,2000.0,1,sha256:a1aeb439b6dadb8e1b63b2a6767310d2b8aa89d387266856bc24473812d13e3c
8,tpch-q6-block-008,fused -> materialize-after-q06-time -> materialize-after-q06-predicate,1,3,materialize-after-q06-time,2026-07-19T13:56:47.723995+00:00,606.9395,2265.625,1,sha256:a1aeb439b6dadb8e1b63b2a6767310d2b8aa89d387266856bc24473812d13e3c
8,tpch-q6-block-008,fused -> materialize-after-q06-time -> materialize-after-q06-predicate,1,4,materialize-after-q06-time,2026-07-19T13:56:48.331249+00:00,708.431,2453.125,1,sha256:a1aeb439b6dadb8e1b63b2a6767310d2b8aa89d387266856bc24473812d13e3c
8,tpch-q6-block-008,fused -> materialize-after-q06-time -> materialize-after-q06-predicate,2,0,materialize-after-q06-predicate,2026-07-19T13:56:49.039629+00:00,149.9581,531.25,1,sha256:a1aeb439b6dadb8e1b63b2a6767310d2b8aa89d387266856bc24473812d13e3c
8,tpch-q6-block-008,fused -> materialize-after-q06-time -> materialize-after-q06-predicate,2,1,materialize-after-q06-predicate,2026-07-19T13:56:49.188910+00:00,139.8571,546.875,1,sha256:a1aeb439b6dadb8e1b63b2a6767310d2b8aa89d387266856bc24473812d13e3c
8,tpch-q6-block-008,fused -> materialize-after-q06-time -> materialize-after-q06-predicate,2,2,materialize-after-q06-predicate,2026-07-19T13:56:49.328919+00:00,181.6827,609.375,1,sha256:a1aeb439b6dadb8e1b63b2a6767310d2b8aa89d387266856bc24473812d13e3c
8,tpch-q6-block-008,fused -> materialize-after-q06-time -> materialize-after-q06-predicate,2,3,materialize-after-q06-predicate,2026-07-19T13:56:49.511370+00:00,177.0224,593.75,1,sha256:a1aeb439b6dadb8e1b63b2a6767310d2b8aa89d387266856bc24473812d13e3c
8,tpch-q6-block-008,fused -> materialize-after-q06-time -> materialize-after-q06-predicate,2,4,materialize-after-q06-predicate,2026-07-19T13:56:49.688259+00:00,174.2649,625.0,1,sha256:a1aeb439b6dadb8e1b63b2a6767310d2b8aa89d387266856bc24473812d13e3c
9,tpch-q6-block-009,materialize-after-q06-time -> fused -> materialize-after-q06-predicate,0,0,materialize-after-q06-time,2026-07-19T13:56:49.864771+00:00,668.4431,2390.625,1,sha256:a1aeb439b6dadb8e1b63b2a6767310d2b8aa89d387266856bc24473812d13e3c
9,tpch-q6-block-009,materialize-after-q06-time -> fused -> materialize-after-q06-predicate,0,1,materialize-after-q06-time,2026-07-19T13:56:50.533589+00:00,764.6112,2375.0,1,sha256:a1aeb439b6dadb8e1b63b2a6767310d2b8aa89d387266856bc24473812d13e3c
9,tpch-q6-block-009,materialize-after-q06-time -> fused -> materialize-after-q06-predicate,0,2,materialize-after-q06-time,2026-07-19T13:56:51.298546+00:00,664.0568,2421.875,1,sha256:a1aeb439b6dadb8e1b63b2a6767310d2b8aa89d387266856bc24473812d13e3c
9,tpch-q6-block-009,materialize-after-q06-time -> fused -> materialize-after-q06-predicate,0,3,materialize-after-q06-time,2026-07-19T13:56:51.962361+00:00,649.1235,2312.5,1,sha256:a1aeb439b6dadb8e1b63b2a6767310d2b8aa89d387266856bc24473812d13e3c
9,tpch-q6-block-009,materialize-after-q06-time -> fused -> materialize-after-q06-predicate,0,4,materialize-after-q06-time,2026-07-19T13:56:52.611462+00:00,666.1776,2500.0,1,sha256:a1aeb439b6dadb8e1b63b2a6767310d2b8aa89d387266856bc24473812d13e3c
9,tpch-q6-block-009,materialize-after-q06-time -> fused -> materialize-after-q06-predicate,1,0,fused,2026-07-19T13:56:53.278505+00:00,116.9904,390.625,1,sha256:a1aeb439b6dadb8e1b63b2a6767310d2b8aa89d387266856bc24473812d13e3c
9,tpch-q6-block-009,materialize-after-q06-time -> fused -> materialize-after-q06-predicate,1,1,fused,2026-07-19T13:56:53.395077+00:00,134.3793,453.125,1,sha256:a1aeb439b6dadb8e1b63b2a6767310d2b8aa89d387266856bc24473812d13e3c
9,tpch-q6-block-009,materialize-after-q06-time -> fused -> materialize-after-q06-predicate,1,2,fused,2026-07-19T13:56:53.529587+00:00,127.8219,500.0,1,sha256:a1aeb439b6dadb8e1b63b2a6767310d2b8aa89d387266856bc24473812d13e3c
9,tpch-q6-block-009,materialize-after-q06-time -> fused -> materialize-after-q06-predicate,1,3,fused,2026-07-19T13:56:53.657675+00:00,130.4913,500.0,1,sha256:a1aeb439b6dadb8e1b63b2a6767310d2b8aa89d387266856bc24473812d13e3c
9,tpch-q6-block-009,materialize-after-q06-time -> fused -> materialize-after-q06-predicate,1,4,fused,2026-07-19T13:56:53.788681+00:00,155.0875,468.75,1,sha256:a1aeb439b6dadb8e1b63b2a6767310d2b8aa89d387266856bc24473812d13e3c
9,tpch-q6-block-009,materialize-after-q06-time -> fused -> materialize-after-q06-predicate,2,0,materialize-after-q06-predicate,2026-07-19T13:56:53.943680+00:00,177.5924,578.125,1,sha256:a1aeb439b6dadb8e1b63b2a6767310d2b8aa89d387266856bc24473812d13e3c
9,tpch-q6-block-009,materialize-after-q06-time -> fused -> materialize-after-q06-predicate,2,1,materialize-after-q06-predicate,2026-07-19T13:56:54.120675+00:00,199.5787,625.0,1,sha256:a1aeb439b6dadb8e1b63b2a6767310d2b8aa89d387266856bc24473812d13e3c
9,tpch-q6-block-009,materialize-after-q06-time -> fused -> materialize-after-q06-predicate,2,2,materialize-after-q06-predicate,2026-07-19T13:56:54.320679+00:00,146.8438,562.5,1,sha256:a1aeb439b6dadb8e1b63b2a6767310d2b8aa89d387266856bc24473812d13e3c
9,tpch-q6-block-009,materialize-after-q06-time -> fused -> materialize-after-q06-predicate,2,3,materialize-after-q06-predicate,2026-07-19T13:56:54.467676+00:00,169.4344,562.5,1,sha256:a1aeb439b6dadb8e1b63b2a6767310d2b8aa89d387266856bc24473812d13e3c
9,tpch-q6-block-009,materialize-after-q06-time -> fused -> materialize-after-q06-predicate,2,4,materialize-after-q06-predicate,2026-07-19T13:56:54.637632+00:00,162.1296,609.375,1,sha256:a1aeb439b6dadb8e1b63b2a6767310d2b8aa89d387266856bc24473812d13e3c
10,tpch-q6-block-010,materialize-after-q06-predicate -> materialize-after-q06-time -> fused,0,0,materialize-after-q06-predicate,2026-07-19T13:56:54.804632+00:00,176.3908,562.5,1,sha256:a1aeb439b6dadb8e1b63b2a6767310d2b8aa89d387266856bc24473812d13e3c
10,tpch-q6-block-010,materialize-after-q06-predicate -> materialize-after-q06-time -> fused,0,1,materialize-after-q06-predicate,2026-07-19T13:56:54.981631+00:00,166.5076,609.375,1,sha256:a1aeb439b6dadb8e1b63b2a6767310d2b8aa89d387266856bc24473812d13e3c
10,tpch-q6-block-010,materialize-after-q06-predicate -> materialize-after-q06-time -> fused,0,2,materialize-after-q06-predicate,2026-07-19T13:56:55.148307+00:00,155.8251,531.25,1,sha256:a1aeb439b6dadb8e1b63b2a6767310d2b8aa89d387266856bc24473812d13e3c
10,tpch-q6-block-010,materialize-after-q06-predicate -> materialize-after-q06-time -> fused,0,3,materialize-after-q06-predicate,2026-07-19T13:56:55.304166+00:00,203.8323,375.0,1,sha256:a1aeb439b6dadb8e1b63b2a6767310d2b8aa89d387266856bc24473812d13e3c
10,tpch-q6-block-010,materialize-after-q06-predicate -> materialize-after-q06-time -> fused,0,4,materialize-after-q06-predicate,2026-07-19T13:56:55.507820+00:00,185.1025,546.875,1,sha256:a1aeb439b6dadb8e1b63b2a6767310d2b8aa89d387266856bc24473812d13e3c
10,tpch-q6-block-010,materialize-after-q06-predicate -> materialize-after-q06-time -> fused,1,0,materialize-after-q06-time,2026-07-19T13:56:55.692954+00:00,753.0771,2468.75,1,sha256:a1aeb439b6dadb8e1b63b2a6767310d2b8aa89d387266856bc24473812d13e3c
10,tpch-q6-block-010,materialize-after-q06-predicate -> materialize-after-q06-time -> fused,1,1,materialize-after-q06-time,2026-07-19T13:56:56.445924+00:00,837.683,2484.375,1,sha256:a1aeb439b6dadb8e1b63b2a6767310d2b8aa89d387266856bc24473812d13e3c
10,tpch-q6-block-010,materialize-after-q06-predicate -> materialize-after-q06-time -> fused,1,2,materialize-after-q06-time,2026-07-19T13:56:57.284888+00:00,723.6807,2531.25,1,sha256:a1aeb439b6dadb8e1b63b2a6767310d2b8aa89d387266856bc24473812d13e3c
10,tpch-q6-block-010,materialize-after-q06-predicate -> materialize-after-q06-time -> fused,1,3,materialize-after-q06-time,2026-07-19T13:56:58.008973+00:00,836.1412,2562.5,1,sha256:a1aeb439b6dadb8e1b63b2a6767310d2b8aa89d387266856bc24473812d13e3c
10,tpch-q6-block-010,materialize-after-q06-predicate -> materialize-after-q06-time -> fused,1,4,materialize-after-q06-time,2026-07-19T13:56:58.845109+00:00,802.2833,2328.125,1,sha256:a1aeb439b6dadb8e1b63b2a6767310d2b8aa89d387266856bc24473812d13e3c
10,tpch-q6-block-010,materialize-after-q06-predicate -> materialize-after-q06-time -> fused,2,0,fused,2026-07-19T13:56:59.647313+00:00,196.6222,546.875,1,sha256:a1aeb439b6dadb8e1b63b2a6767310d2b8aa89d387266856bc24473812d13e3c
10,tpch-q6-block-010,materialize-after-q06-predicate -> materialize-after-q06-time -> fused,2,1,fused,2026-07-19T13:56:59.844313+00:00,208.6086,562.5,1,sha256:a1aeb439b6dadb8e1b63b2a6767310d2b8aa89d387266856bc24473812d13e3c
10,tpch-q6-block-010,materialize-after-q06-predicate -> materialize-after-q06-time -> fused,2,2,fused,2026-07-19T13:57:00.053316+00:00,172.1767,500.0,1,sha256:a1aeb439b6dadb8e1b63b2a6767310d2b8aa89d387266856bc24473812d13e3c
10,tpch-q6-block-010,materialize-after-q06-predicate -> materialize-after-q06-time -> fused,2,3,fused,2026-07-19T13:57:00.225361+00:00,193.6458,593.75,1,sha256:a1aeb439b6dadb8e1b63b2a6767310d2b8aa89d387266856bc24473812d13e3c
10,tpch-q6-block-010,materialize-after-q06-predicate -> materialize-after-q06-time -> fused,2,4,fused,2026-07-19T13:57:00.419165+00:00,171.4492,562.5,1,sha256:a1aeb439b6dadb8e1b63b2a6767310d2b8aa89d387266856bc24473812d13e3c
11,tpch-q6-block-011,fused -> materialize-after-q06-predicate -> materialize-after-q06-time,0,0,fused,2026-07-19T13:57:00.594163+00:00,163.7949,484.375,1,sha256:a1aeb439b6dadb8e1b63b2a6767310d2b8aa89d387266856bc24473812d13e3c
11,tpch-q6-block-011,fused -> materialize-after-q06-predicate -> materialize-after-q06-time,0,1,fused,2026-07-19T13:57:00.757165+00:00,168.8195,515.625,1,sha256:a1aeb439b6dadb8e1b63b2a6767310d2b8aa89d387266856bc24473812d13e3c
11,tpch-q6-block-011,fused -> materialize-after-q06-predicate -> materialize-after-q06-time,0,2,fused,2026-07-19T13:57:00.926672+00:00,175.7009,562.5,1,sha256:a1aeb439b6dadb8e1b63b2a6767310d2b8aa89d387266856bc24473812d13e3c
11,tpch-q6-block-011,fused -> materialize-after-q06-predicate -> materialize-after-q06-time,0,3,fused,2026-07-19T13:57:01.102676+00:00,195.0121,562.5,1,sha256:a1aeb439b6dadb8e1b63b2a6767310d2b8aa89d387266856bc24473812d13e3c
11,tpch-q6-block-011,fused -> materialize-after-q06-predicate -> materialize-after-q06-time,0,4,fused,2026-07-19T13:57:01.297931+00:00,198.396,468.75,1,sha256:a1aeb439b6dadb8e1b63b2a6767310d2b8aa89d387266856bc24473812d13e3c
11,tpch-q6-block-011,fused -> materialize-after-q06-predicate -> materialize-after-q06-time,1,0,materialize-after-q06-predicate,2026-07-19T13:57:01.496232+00:00,193.9289,640.625,1,sha256:a1aeb439b6dadb8e1b63b2a6767310d2b8aa89d387266856bc24473812d13e3c
11,tpch-q6-block-011,fused -> materialize-after-q06-predicate -> materialize-after-q06-time,1,1,materialize-after-q06-predicate,2026-07-19T13:57:01.689821+00:00,163.0494,562.5,1,sha256:a1aeb439b6dadb8e1b63b2a6767310d2b8aa89d387266856bc24473812d13e3c
11,tpch-q6-block-011,fused -> materialize-after-q06-predicate -> materialize-after-q06-time,1,2,materialize-after-q06-predicate,2026-07-19T13:57:01.853736+00:00,160.9976,593.75,1,sha256:a1aeb439b6dadb8e1b63b2a6767310d2b8aa89d387266856bc24473812d13e3c
11,tpch-q6-block-011,fused -> materialize-after-q06-predicate -> materialize-after-q06-time,1,3,materialize-after-q06-predicate,2026-07-19T13:57:02.014738+00:00,171.67,609.375,1,sha256:a1aeb439b6dadb8e1b63b2a6767310d2b8aa89d387266856bc24473812d13e3c
11,tpch-q6-block-011,fused -> materialize-after-q06-predicate -> materialize-after-q06-time,1,4,materialize-after-q06-predicate,2026-07-19T13:57:02.186378+00:00,160.4843,531.25,1,sha256:a1aeb439b6dadb8e1b63b2a6767310d2b8aa89d387266856bc24473812d13e3c
11,tpch-q6-block-011,fused -> materialize-after-q06-predicate -> materialize-after-q06-time,2,0,materialize-after-q06-time,2026-07-19T13:57:02.346373+00:00,663.7897,2343.75,1,sha256:a1aeb439b6dadb8e1b63b2a6767310d2b8aa89d387266856bc24473812d13e3c
11,tpch-q6-block-011,fused -> materialize-after-q06-predicate -> materialize-after-q06-time,2,1,materialize-after-q06-time,2026-07-19T13:57:03.010477+00:00,618.5711,2375.0,1,sha256:a1aeb439b6dadb8e1b63b2a6767310d2b8aa89d387266856bc24473812d13e3c
11,tpch-q6-block-011,fused -> materialize-after-q06-predicate -> materialize-after-q06-time,2,2,materialize-after-q06-time,2026-07-19T13:57:03.629639+00:00,589.9129,2218.75,1,sha256:a1aeb439b6dadb8e1b63b2a6767310d2b8aa89d387266856bc24473812d13e3c
11,tpch-q6-block-011,fused -> materialize-after-q06-predicate -> materialize-after-q06-time,2,3,materialize-after-q06-time,2026-07-19T13:57:04.218915+00:00,555.2074,2031.25,1,sha256:a1aeb439b6dadb8e1b63b2a6767310d2b8aa89d387266856bc24473812d13e3c
11,tpch-q6-block-011,fused -> materialize-after-q06-predicate -> materialize-after-q06-time,2,4,materialize-after-q06-time,2026-07-19T13:57:04.774277+00:00,679.1366,2468.75,1,sha256:a1aeb439b6dadb8e1b63b2a6767310d2b8aa89d387266856bc24473812d13e3c
12,tpch-q6-block-012,materialize-after-q06-predicate -> fused -> materialize-after-q06-time,0,0,materialize-after-q06-predicate,2026-07-19T13:57:05.456529+00:00,152.275,531.25,1,sha256:a1aeb439b6dadb8e1b63b2a6767310d2b8aa89d387266856bc24473812d13e3c
12,tpch-q6-block-012,materialize-after-q06-predicate -> fused -> materialize-after-q06-time,0,1,materialize-after-q06-predicate,2026-07-19T13:57:05.609529+00:00,161.4474,562.5,1,sha256:a1aeb439b6dadb8e1b63b2a6767310d2b8aa89d387266856bc24473812d13e3c
12,tpch-q6-block-012,materialize-after-q06-predicate -> fused -> materialize-after-q06-time,0,2,materialize-after-q06-predicate,2026-07-19T13:57:05.771344+00:00,160.3202,562.5,1,sha256:a1aeb439b6dadb8e1b63b2a6767310d2b8aa89d387266856bc24473812d13e3c
12,tpch-q6-block-012,materialize-after-q06-predicate -> fused -> materialize-after-q06-time,0,3,materialize-after-q06-predicate,2026-07-19T13:57:05.931000+00:00,169.6379,593.75,1,sha256:a1aeb439b6dadb8e1b63b2a6767310d2b8aa89d387266856bc24473812d13e3c
12,tpch-q6-block-012,materialize-after-q06-predicate -> fused -> materialize-after-q06-time,0,4,materialize-after-q06-predicate,2026-07-19T13:57:06.100999+00:00,173.0515,578.125,1,sha256:a1aeb439b6dadb8e1b63b2a6767310d2b8aa89d387266856bc24473812d13e3c
12,tpch-q6-block-012,materialize-after-q06-predicate -> fused -> materialize-after-q06-time,1,0,fused,2026-07-19T13:57:06.274465+00:00,179.0811,562.5,1,sha256:a1aeb439b6dadb8e1b63b2a6767310d2b8aa89d387266856bc24473812d13e3c
12,tpch-q6-block-012,materialize-after-q06-predicate -> fused -> materialize-after-q06-time,1,1,fused,2026-07-19T13:57:06.453040+00:00,170.0203,515.625,1,sha256:a1aeb439b6dadb8e1b63b2a6767310d2b8aa89d387266856bc24473812d13e3c
12,tpch-q6-block-012,materialize-after-q06-predicate -> fused -> materialize-after-q06-time,1,2,fused,2026-07-19T13:57:06.624040+00:00,158.7346,406.25,1,sha256:a1aeb439b6dadb8e1b63b2a6767310d2b8aa89d387266856bc24473812d13e3c
12,tpch-q6-block-012,materialize-after-q06-predicate -> fused -> materialize-after-q06-time,1,3,fused,2026-07-19T13:57:06.782737+00:00,150.7392,546.875,1,sha256:a1aeb439b6dadb8e1b63b2a6767310d2b8aa89d387266856bc24473812d13e3c
12,tpch-q6-block-012,materialize-after-q06-predicate -> fused -> materialize-after-q06-time,1,4,fused,2026-07-19T13:57:06.933736+00:00,143.817,468.75,1,sha256:a1aeb439b6dadb8e1b63b2a6767310d2b8aa89d387266856bc24473812d13e3c
12,tpch-q6-block-012,materialize-after-q06-predicate -> fused -> materialize-after-q06-time,2,0,materialize-after-q06-time,2026-07-19T13:57:07.076736+00:00,656.8909,2328.125,1,sha256:a1aeb439b6dadb8e1b63b2a6767310d2b8aa89d387266856bc24473812d13e3c
12,tpch-q6-block-012,materialize-after-q06-predicate -> fused -> materialize-after-q06-time,2,1,materialize-after-q06-time,2026-07-19T13:57:07.734408+00:00,693.1747,2250.0,1,sha256:a1aeb439b6dadb8e1b63b2a6767310d2b8aa89d387266856bc24473812d13e3c
12,tpch-q6-block-012,materialize-after-q06-predicate -> fused -> materialize-after-q06-time,2,2,materialize-after-q06-time,2026-07-19T13:57:08.427691+00:00,665.5493,2390.625,1,sha256:a1aeb439b6dadb8e1b63b2a6767310d2b8aa89d387266856bc24473812d13e3c
12,tpch-q6-block-012,materialize-after-q06-predicate -> fused -> materialize-after-q06-time,2,3,materialize-after-q06-time,2026-07-19T13:57:09.092787+00:00,690.6462,2312.5,1,sha256:a1aeb439b6dadb8e1b63b2a6767310d2b8aa89d387266856bc24473812d13e3c
12,tpch-q6-block-012,materialize-after-q06-predicate -> fused -> materialize-after-q06-time,2,4,materialize-after-q06-time,2026-07-19T13:57:09.783937+00:00,803.881,2484.375,1,sha256:a1aeb439b6dadb8e1b63b2a6767310d2b8aa89d387266856bc24473812d13e3c
13,tpch-q6-block-013,materialize-after-q06-time -> materialize-after-q06-predicate -> fused,0,0,materialize-after-q06-time,2026-07-19T13:57:10.591986+00:00,857.3612,2343.75,1,sha256:a1aeb439b6dadb8e1b63b2a6767310d2b8aa89d387266856bc24473812d13e3c
13,tpch-q6-block-013,materialize-after-q06-time -> materialize-after-q06-predicate -> fused,0,1,materialize-after-q06-time,2026-07-19T13:57:11.448823+00:00,870.2659,2421.875,1,sha256:a1aeb439b6dadb8e1b63b2a6767310d2b8aa89d387266856bc24473812d13e3c
13,tpch-q6-block-013,materialize-after-q06-time -> materialize-after-q06-predicate -> fused,0,2,materialize-after-q06-time,2026-07-19T13:57:12.319140+00:00,693.4352,2562.5,1,sha256:a1aeb439b6dadb8e1b63b2a6767310d2b8aa89d387266856bc24473812d13e3c
13,tpch-q6-block-013,materialize-after-q06-time -> materialize-after-q06-predicate -> fused,0,3,materialize-after-q06-time,2026-07-19T13:57:13.013512+00:00,621.4441,2265.625,1,sha256:a1aeb439b6dadb8e1b63b2a6767310d2b8aa89d387266856bc24473812d13e3c
13,tpch-q6-block-013,materialize-after-q06-time -> materialize-after-q06-predicate -> fused,0,4,materialize-after-q06-time,2026-07-19T13:57:13.634695+00:00,556.594,1968.75,1,sha256:a1aeb439b6dadb8e1b63b2a6767310d2b8aa89d387266856bc24473812d13e3c
13,tpch-q6-block-013,materialize-after-q06-time -> materialize-after-q06-predicate -> fused,1,0,materialize-after-q06-predicate,2026-07-19T13:57:14.191462+00:00,157.0338,406.25,1,sha256:a1aeb439b6dadb8e1b63b2a6767310d2b8aa89d387266856bc24473812d13e3c
13,tpch-q6-block-013,materialize-after-q06-time -> materialize-after-q06-predicate -> fused,1,1,materialize-after-q06-predicate,2026-07-19T13:57:14.348765+00:00,135.7048,484.375,1,sha256:a1aeb439b6dadb8e1b63b2a6767310d2b8aa89d387266856bc24473812d13e3c
13,tpch-q6-block-013,materialize-after-q06-time -> materialize-after-q06-predicate -> fused,1,2,materialize-after-q06-predicate,2026-07-19T13:57:14.484758+00:00,139.22,453.125,1,sha256:a1aeb439b6dadb8e1b63b2a6767310d2b8aa89d387266856bc24473812d13e3c
13,tpch-q6-block-013,materialize-after-q06-time -> materialize-after-q06-predicate -> fused,1,3,materialize-after-q06-predicate,2026-07-19T13:57:14.623761+00:00,173.7299,500.0,1,sha256:a1aeb439b6dadb8e1b63b2a6767310d2b8aa89d387266856bc24473812d13e3c
13,tpch-q6-block-013,materialize-after-q06-time -> materialize-after-q06-predicate -> fused,1,4,materialize-after-q06-predicate,2026-07-19T13:57:14.797698+00:00,184.6433,609.375,1,sha256:a1aeb439b6dadb8e1b63b2a6767310d2b8aa89d387266856bc24473812d13e3c
13,tpch-q6-block-013,materialize-after-q06-time -> materialize-after-q06-predicate -> fused,2,0,fused,2026-07-19T13:57:14.982348+00:00,158.5356,546.875,1,sha256:a1aeb439b6dadb8e1b63b2a6767310d2b8aa89d387266856bc24473812d13e3c
13,tpch-q6-block-013,materialize-after-q06-time -> materialize-after-q06-predicate -> fused,2,1,fused,2026-07-19T13:57:15.141347+00:00,122.5888,421.875,1,sha256:a1aeb439b6dadb8e1b63b2a6767310d2b8aa89d387266856bc24473812d13e3c
13,tpch-q6-block-013,materialize-after-q06-time -> materialize-after-q06-predicate -> fused,2,2,fused,2026-07-19T13:57:15.264350+00:00,133.3334,484.375,1,sha256:a1aeb439b6dadb8e1b63b2a6767310d2b8aa89d387266856bc24473812d13e3c
13,tpch-q6-block-013,materialize-after-q06-time -> materialize-after-q06-predicate -> fused,2,3,fused,2026-07-19T13:57:15.396941+00:00,143.8602,468.75,1,sha256:a1aeb439b6dadb8e1b63b2a6767310d2b8aa89d387266856bc24473812d13e3c
13,tpch-q6-block-013,materialize-after-q06-time -> materialize-after-q06-predicate -> fused,2,4,fused,2026-07-19T13:57:15.540941+00:00,140.0025,515.625,1,sha256:a1aeb439b6dadb8e1b63b2a6767310d2b8aa89d387266856bc24473812d13e3c
14,tpch-q6-block-014,fused -> materialize-after-q06-time -> materialize-after-q06-predicate,0,0,fused,2026-07-19T13:57:15.684942+00:00,140.0808,484.375,1,sha256:a1aeb439b6dadb8e1b63b2a6767310d2b8aa89d387266856bc24473812d13e3c
14,tpch-q6-block-014,fused -> materialize-after-q06-time -> materialize-after-q06-predicate,0,1,fused,2026-07-19T13:57:15.825122+00:00,142.2692,500.0,1,sha256:a1aeb439b6dadb8e1b63b2a6767310d2b8aa89d387266856bc24473812d13e3c
14,tpch-q6-block-014,fused -> materialize-after-q06-time -> materialize-after-q06-predicate,0,2,fused,2026-07-19T13:57:15.966943+00:00,162.0834,437.5,1,sha256:a1aeb439b6dadb8e1b63b2a6767310d2b8aa89d387266856bc24473812d13e3c
14,tpch-q6-block-014,fused -> materialize-after-q06-time -> materialize-after-q06-predicate,0,3,fused,2026-07-19T13:57:16.129854+00:00,183.9435,468.75,1,sha256:a1aeb439b6dadb8e1b63b2a6767310d2b8aa89d387266856bc24473812d13e3c
14,tpch-q6-block-014,fused -> materialize-after-q06-time -> materialize-after-q06-predicate,0,4,fused,2026-07-19T13:57:16.313449+00:00,146.0423,500.0,1,sha256:a1aeb439b6dadb8e1b63b2a6767310d2b8aa89d387266856bc24473812d13e3c
14,tpch-q6-block-014,fused -> materialize-after-q06-time -> materialize-after-q06-predicate,1,0,materialize-after-q06-time,2026-07-19T13:57:16.460192+00:00,681.6734,2468.75,1,sha256:a1aeb439b6dadb8e1b63b2a6767310d2b8aa89d387266856bc24473812d13e3c
14,tpch-q6-block-014,fused -> materialize-after-q06-time -> materialize-after-q06-predicate,1,1,materialize-after-q06-time,2026-07-19T13:57:17.141384+00:00,663.0985,2171.875,1,sha256:a1aeb439b6dadb8e1b63b2a6767310d2b8aa89d387266856bc24473812d13e3c
14,tpch-q6-block-014,fused -> materialize-after-q06-time -> materialize-after-q06-predicate,1,2,materialize-after-q06-time,2026-07-19T13:57:17.804568+00:00,597.1277,2250.0,1,sha256:a1aeb439b6dadb8e1b63b2a6767310d2b8aa89d387266856bc24473812d13e3c
14,tpch-q6-block-014,fused -> materialize-after-q06-time -> materialize-after-q06-predicate,1,3,materialize-after-q06-time,2026-07-19T13:57:18.401752+00:00,588.3484,2281.25,1,sha256:a1aeb439b6dadb8e1b63b2a6767310d2b8aa89d387266856bc24473812d13e3c
14,tpch-q6-block-014,fused -> materialize-after-q06-time -> materialize-after-q06-predicate,1,4,materialize-after-q06-time,2026-07-19T13:57:18.990503+00:00,604.6686,2156.25,1,sha256:a1aeb439b6dadb8e1b63b2a6767310d2b8aa89d387266856bc24473812d13e3c
14,tpch-q6-block-014,fused -> materialize-after-q06-time -> materialize-after-q06-predicate,2,0,materialize-after-q06-predicate,2026-07-19T13:57:19.595287+00:00,144.064,421.875,1,sha256:a1aeb439b6dadb8e1b63b2a6767310d2b8aa89d387266856bc24473812d13e3c
14,tpch-q6-block-014,fused -> materialize-after-q06-time -> materialize-after-q06-predicate,2,1,materialize-after-q06-predicate,2026-07-19T13:57:19.739288+00:00,193.7292,546.875,1,sha256:a1aeb439b6dadb8e1b63b2a6767310d2b8aa89d387266856bc24473812d13e3c
14,tpch-q6-block-014,fused -> materialize-after-q06-time -> materialize-after-q06-predicate,2,2,materialize-after-q06-predicate,2026-07-19T13:57:19.933288+00:00,180.8856,515.625,1,sha256:a1aeb439b6dadb8e1b63b2a6767310d2b8aa89d387266856bc24473812d13e3c
14,tpch-q6-block-014,fused -> materialize-after-q06-time -> materialize-after-q06-predicate,2,3,materialize-after-q06-predicate,2026-07-19T13:57:20.114289+00:00,147.4912,500.0,1,sha256:a1aeb439b6dadb8e1b63b2a6767310d2b8aa89d387266856bc24473812d13e3c
14,tpch-q6-block-014,fused -> materialize-after-q06-time -> materialize-after-q06-predicate,2,4,materialize-after-q06-predicate,2026-07-19T13:57:20.262289+00:00,157.1315,562.5,1,sha256:a1aeb439b6dadb8e1b63b2a6767310d2b8aa89d387266856bc24473812d13e3c
15,tpch-q6-block-015,materialize-after-q06-time -> fused -> materialize-after-q06-predicate,0,0,materialize-after-q06-time,2026-07-19T13:57:20.421972+00:00,692.384,2437.5,1,sha256:a1aeb439b6dadb8e1b63b2a6767310d2b8aa89d387266856bc24473812d13e3c
15,tpch-q6-block-015,materialize-after-q06-time -> fused -> materialize-after-q06-predicate,0,1,materialize-after-q06-time,2026-07-19T13:57:21.114935+00:00,709.2944,2468.75,1,sha256:a1aeb439b6dadb8e1b63b2a6767310d2b8aa89d387266856bc24473812d13e3c
15,tpch-q6-block-015,materialize-after-q06-time -> fused -> materialize-after-q06-predicate,0,2,materialize-after-q06-time,2026-07-19T13:57:21.824139+00:00,677.1471,2484.375,1,sha256:a1aeb439b6dadb8e1b63b2a6767310d2b8aa89d387266856bc24473812d13e3c
15,tpch-q6-block-015,materialize-after-q06-time -> fused -> materialize-after-q06-predicate,0,3,materialize-after-q06-time,2026-07-19T13:57:22.501388+00:00,655.9056,2437.5,1,sha256:a1aeb439b6dadb8e1b63b2a6767310d2b8aa89d387266856bc24473812d13e3c
15,tpch-q6-block-015,materialize-after-q06-time -> fused -> materialize-after-q06-predicate,0,4,materialize-after-q06-time,2026-07-19T13:57:23.156754+00:00,626.7969,2171.875,1,sha256:a1aeb439b6dadb8e1b63b2a6767310d2b8aa89d387266856bc24473812d13e3c
15,tpch-q6-block-015,materialize-after-q06-time -> fused -> materialize-after-q06-predicate,1,0,fused,2026-07-19T13:57:23.783595+00:00,128.2166,468.75,1,sha256:a1aeb439b6dadb8e1b63b2a6767310d2b8aa89d387266856bc24473812d13e3c
15,tpch-q6-block-015,materialize-after-q06-time -> fused -> materialize-after-q06-predicate,1,1,fused,2026-07-19T13:57:23.912229+00:00,123.1602,453.125,1,sha256:a1aeb439b6dadb8e1b63b2a6767310d2b8aa89d387266856bc24473812d13e3c
15,tpch-q6-block-015,materialize-after-q06-time -> fused -> materialize-after-q06-predicate,1,2,fused,2026-07-19T13:57:24.035227+00:00,120.3669,437.5,1,sha256:a1aeb439b6dadb8e1b63b2a6767310d2b8aa89d387266856bc24473812d13e3c
15,tpch-q6-block-015,materialize-after-q06-time -> fused -> materialize-after-q06-predicate,1,3,fused,2026-07-19T13:57:24.156227+00:00,167.0199,515.625,1,sha256:a1aeb439b6dadb8e1b63b2a6767310d2b8aa89d387266856bc24473812d13e3c
15,tpch-q6-block-015,materialize-after-q06-time -> fused -> materialize-after-q06-predicate,1,4,fused,2026-07-19T13:57:24.323228+00:00,155.8544,531.25,1,sha256:a1aeb439b6dadb8e1b63b2a6767310d2b8aa89d387266856bc24473812d13e3c
15,tpch-q6-block-015,materialize-after-q06-time -> fused -> materialize-after-q06-predicate,2,0,materialize-after-q06-predicate,2026-07-19T13:57:24.479424+00:00,170.8885,468.75,1,sha256:a1aeb439b6dadb8e1b63b2a6767310d2b8aa89d387266856bc24473812d13e3c
15,tpch-q6-block-015,materialize-after-q06-time -> fused -> materialize-after-q06-predicate,2,1,materialize-after-q06-predicate,2026-07-19T13:57:24.650179+00:00,168.4977,593.75,1,sha256:a1aeb439b6dadb8e1b63b2a6767310d2b8aa89d387266856bc24473812d13e3c
15,tpch-q6-block-015,materialize-after-q06-time -> fused -> materialize-after-q06-predicate,2,2,materialize-after-q06-predicate,2026-07-19T13:57:24.819177+00:00,168.3144,625.0,1,sha256:a1aeb439b6dadb8e1b63b2a6767310d2b8aa89d387266856bc24473812d13e3c
15,tpch-q6-block-015,materialize-after-q06-time -> fused -> materialize-after-q06-predicate,2,3,materialize-after-q06-predicate,2026-07-19T13:57:24.986949+00:00,157.1526,531.25,1,sha256:a1aeb439b6dadb8e1b63b2a6767310d2b8aa89d387266856bc24473812d13e3c
15,tpch-q6-block-015,materialize-after-q06-time -> fused -> materialize-after-q06-predicate,2,4,materialize-after-q06-predicate,2026-07-19T13:57:25.144606+00:00,155.3597,562.5,1,sha256:a1aeb439b6dadb8e1b63b2a6767310d2b8aa89d387266856bc24473812d13e3c
16,tpch-q6-block-016,materialize-after-q06-predicate -> materialize-after-q06-time -> fused,0,0,materialize-after-q06-predicate,2026-07-19T13:57:25.302794+00:00,156.3593,546.875,1,sha256:a1aeb439b6dadb8e1b63b2a6767310d2b8aa89d387266856bc24473812d13e3c
16,tpch-q6-block-016,materialize-after-q06-predicate -> materialize-after-q06-time -> fused,0,1,materialize-after-q06-predicate,2026-07-19T13:57:25.459190+00:00,168.4752,500.0,1,sha256:a1aeb439b6dadb8e1b63b2a6767310d2b8aa89d387266856bc24473812d13e3c
16,tpch-q6-block-016,materialize-after-q06-predicate -> materialize-after-q06-time -> fused,0,2,materialize-after-q06-predicate,2026-07-19T13:57:25.628200+00:00,193.1149,593.75,1,sha256:a1aeb439b6dadb8e1b63b2a6767310d2b8aa89d387266856bc24473812d13e3c
16,tpch-q6-block-016,materialize-after-q06-predicate -> materialize-after-q06-time -> fused,0,3,materialize-after-q06-predicate,2026-07-19T13:57:25.820799+00:00,205.8041,593.75,1,sha256:a1aeb439b6dadb8e1b63b2a6767310d2b8aa89d387266856bc24473812d13e3c
16,tpch-q6-block-016,materialize-after-q06-predicate -> materialize-after-q06-time -> fused,0,4,materialize-after-q06-predicate,2026-07-19T13:57:26.026424+00:00,227.2381,671.875,1,sha256:a1aeb439b6dadb8e1b63b2a6767310d2b8aa89d387266856bc24473812d13e3c
16,tpch-q6-block-016,materialize-after-q06-predicate -> materialize-after-q06-time -> fused,1,0,materialize-after-q06-time,2026-07-19T13:57:26.254806+00:00,855.2493,2390.625,1,sha256:a1aeb439b6dadb8e1b63b2a6767310d2b8aa89d387266856bc24473812d13e3c
16,tpch-q6-block-016,materialize-after-q06-predicate -> materialize-after-q06-time -> fused,1,1,materialize-after-q06-time,2026-07-19T13:57:27.109531+00:00,808.3834,2359.375,1,sha256:a1aeb439b6dadb8e1b63b2a6767310d2b8aa89d387266856bc24473812d13e3c
16,tpch-q6-block-016,materialize-after-q06-predicate -> materialize-after-q06-time -> fused,1,2,materialize-after-q06-time,2026-07-19T13:57:27.918352+00:00,797.2412,2593.75,1,sha256:a1aeb439b6dadb8e1b63b2a6767310d2b8aa89d387266856bc24473812d13e3c
16,tpch-q6-block-016,materialize-after-q06-predicate -> materialize-after-q06-time -> fused,1,3,materialize-after-q06-time,2026-07-19T13:57:28.715439+00:00,823.0424,2546.875,1,sha256:a1aeb439b6dadb8e1b63b2a6767310d2b8aa89d387266856bc24473812d13e3c
16,tpch-q6-block-016,materialize-after-q06-predicate -> materialize-after-q06-time -> fused,1,4,materialize-after-q06-time,2026-07-19T13:57:29.539538+00:00,854.883,2375.0,1,sha256:a1aeb439b6dadb8e1b63b2a6767310d2b8aa89d387266856bc24473812d13e3c
16,tpch-q6-block-016,materialize-after-q06-predicate -> materialize-after-q06-time -> fused,2,0,fused,2026-07-19T13:57:30.394546+00:00,172.8318,515.625,1,sha256:a1aeb439b6dadb8e1b63b2a6767310d2b8aa89d387266856bc24473812d13e3c
16,tpch-q6-block-016,materialize-after-q06-predicate -> materialize-after-q06-time -> fused,2,1,fused,2026-07-19T13:57:30.567549+00:00,168.837,562.5,1,sha256:a1aeb439b6dadb8e1b63b2a6767310d2b8aa89d387266856bc24473812d13e3c
16,tpch-q6-block-016,materialize-after-q06-predicate -> materialize-after-q06-time -> fused,2,2,fused,2026-07-19T13:57:30.736547+00:00,165.5565,437.5,1,sha256:a1aeb439b6dadb8e1b63b2a6767310d2b8aa89d387266856bc24473812d13e3c
16,tpch-q6-block-016,materialize-after-q06-predicate -> materialize-after-q06-time -> fused,2,3,fused,2026-07-19T13:57:30.901549+00:00,163.637,500.0,1,sha256:a1aeb439b6dadb8e1b63b2a6767310d2b8aa89d387266856bc24473812d13e3c
16,tpch-q6-block-016,materialize-after-q06-predicate -> materialize-after-q06-time -> fused,2,4,fused,2026-07-19T13:57:31.065278+00:00,159.9453,437.5,1,sha256:a1aeb439b6dadb8e1b63b2a6767310d2b8aa89d387266856bc24473812d13e3c
17,tpch-q6-block-017,fused -> materialize-after-q06-predicate -> materialize-after-q06-time,0,0,fused,2026-07-19T13:57:31.234279+00:00,233.8211,515.625,1,sha256:a1aeb439b6dadb8e1b63b2a6767310d2b8aa89d387266856bc24473812d13e3c
17,tpch-q6-block-017,fused -> materialize-after-q06-predicate -> materialize-after-q06-time,0,1,fused,2026-07-19T13:57:31.468341+00:00,166.6876,453.125,1,sha256:a1aeb439b6dadb8e1b63b2a6767310d2b8aa89d387266856bc24473812d13e3c
17,tpch-q6-block-017,fused -> materialize-after-q06-predicate -> materialize-after-q06-time,0,2,fused,2026-07-19T13:57:31.634955+00:00,143.6738,562.5,1,sha256:a1aeb439b6dadb8e1b63b2a6767310d2b8aa89d387266856bc24473812d13e3c
17,tpch-q6-block-017,fused -> materialize-after-q06-predicate -> materialize-after-q06-time,0,3,fused,2026-07-19T13:57:31.779265+00:00,162.8055,562.5,1,sha256:a1aeb439b6dadb8e1b63b2a6767310d2b8aa89d387266856bc24473812d13e3c
17,tpch-q6-block-017,fused -> materialize-after-q06-predicate -> materialize-after-q06-time,0,4,fused,2026-07-19T13:57:31.942268+00:00,153.9124,515.625,1,sha256:a1aeb439b6dadb8e1b63b2a6767310d2b8aa89d387266856bc24473812d13e3c
17,tpch-q6-block-017,fused -> materialize-after-q06-predicate -> materialize-after-q06-time,1,0,materialize-after-q06-predicate,2026-07-19T13:57:32.096275+00:00,161.4494,593.75,1,sha256:a1aeb439b6dadb8e1b63b2a6767310d2b8aa89d387266856bc24473812d13e3c
17,tpch-q6-block-017,fused -> materialize-after-q06-predicate -> materialize-after-q06-time,1,1,materialize-after-q06-predicate,2026-07-19T13:57:32.257268+00:00,173.8072,562.5,1,sha256:a1aeb439b6dadb8e1b63b2a6767310d2b8aa89d387266856bc24473812d13e3c
17,tpch-q6-block-017,fused -> materialize-after-q06-predicate -> materialize-after-q06-time,1,2,materialize-after-q06-predicate,2026-07-19T13:57:32.431569+00:00,204.1888,656.25,1,sha256:a1aeb439b6dadb8e1b63b2a6767310d2b8aa89d387266856bc24473812d13e3c
17,tpch-q6-block-017,fused -> materialize-after-q06-predicate -> materialize-after-q06-time,1,3,materialize-after-q06-predicate,2026-07-19T13:57:32.636120+00:00,318.6388,593.75,1,sha256:a1aeb439b6dadb8e1b63b2a6767310d2b8aa89d387266856bc24473812d13e3c
17,tpch-q6-block-017,fused -> materialize-after-q06-predicate -> materialize-after-q06-time,1,4,materialize-after-q06-predicate,2026-07-19T13:57:32.955114+00:00,263.3853,625.0,1,sha256:a1aeb439b6dadb8e1b63b2a6767310d2b8aa89d387266856bc24473812d13e3c
17,tpch-q6-block-017,fused -> materialize-after-q06-predicate -> materialize-after-q06-time,2,0,materialize-after-q06-time,2026-07-19T13:57:33.218168+00:00,821.9897,2515.625,1,sha256:a1aeb439b6dadb8e1b63b2a6767310d2b8aa89d387266856bc24473812d13e3c
17,tpch-q6-block-017,fused -> materialize-after-q06-predicate -> materialize-after-q06-time,2,1,materialize-after-q06-time,2026-07-19T13:57:34.040356+00:00,934.9008,2593.75,1,sha256:a1aeb439b6dadb8e1b63b2a6767310d2b8aa89d387266856bc24473812d13e3c
17,tpch-q6-block-017,fused -> materialize-after-q06-predicate -> materialize-after-q06-time,2,2,materialize-after-q06-time,2026-07-19T13:57:34.976296+00:00,871.1428,2484.375,1,sha256:a1aeb439b6dadb8e1b63b2a6767310d2b8aa89d387266856bc24473812d13e3c
17,tpch-q6-block-017,fused -> materialize-after-q06-predicate -> materialize-after-q06-time,2,3,materialize-after-q06-time,2026-07-19T13:57:35.847615+00:00,834.0553,2531.25,1,sha256:a1aeb439b6dadb8e1b63b2a6767310d2b8aa89d387266856bc24473812d13e3c
17,tpch-q6-block-017,fused -> materialize-after-q06-predicate -> materialize-after-q06-time,2,4,materialize-after-q06-time,2026-07-19T13:57:36.681787+00:00,893.2326,2593.75,1,sha256:a1aeb439b6dadb8e1b63b2a6767310d2b8aa89d387266856bc24473812d13e3c
18,tpch-q6-block-018,fused -> materialize-after-q06-time -> materialize-after-q06-predicate,0,0,fused,2026-07-19T13:57:37.581712+00:00,174.2998,468.75,1,sha256:a1aeb439b6dadb8e1b63b2a6767310d2b8aa89d387266856bc24473812d13e3c
18,tpch-q6-block-018,fused -> materialize-after-q06-time -> materialize-after-q06-predicate,0,1,fused,2026-07-19T13:57:37.755358+00:00,199.1043,437.5,1,sha256:a1aeb439b6dadb8e1b63b2a6767310d2b8aa89d387266856bc24473812d13e3c
18,tpch-q6-block-018,fused -> materialize-after-q06-time -> materialize-after-q06-predicate,0,2,fused,2026-07-19T13:57:37.955868+00:00,175.1123,515.625,1,sha256:a1aeb439b6dadb8e1b63b2a6767310d2b8aa89d387266856bc24473812d13e3c
18,tpch-q6-block-018,fused -> materialize-after-q06-time -> materialize-after-q06-predicate,0,3,fused,2026-07-19T13:57:38.130922+00:00,154.4395,468.75,1,sha256:a1aeb439b6dadb8e1b63b2a6767310d2b8aa89d387266856bc24473812d13e3c
18,tpch-q6-block-018,fused -> materialize-after-q06-time -> materialize-after-q06-predicate,0,4,fused,2026-07-19T13:57:38.285919+00:00,156.5678,500.0,1,sha256:a1aeb439b6dadb8e1b63b2a6767310d2b8aa89d387266856bc24473812d13e3c
18,tpch-q6-block-018,fused -> materialize-after-q06-time -> materialize-after-q06-predicate,1,0,materialize-after-q06-time,2026-07-19T13:57:38.442643+00:00,682.4545,2515.625,1,sha256:a1aeb439b6dadb8e1b63b2a6767310d2b8aa89d387266856bc24473812d13e3c
18,tpch-q6-block-018,fused -> materialize-after-q06-time -> materialize-after-q06-predicate,1,1,materialize-after-q06-time,2026-07-19T13:57:39.124713+00:00,613.3195,2250.0,1,sha256:a1aeb439b6dadb8e1b63b2a6767310d2b8aa89d387266856bc24473812d13e3c
18,tpch-q6-block-018,fused -> materialize-after-q06-time -> materialize-after-q06-predicate,1,2,materialize-after-q06-time,2026-07-19T13:57:39.738986+00:00,550.7208,1906.25,1,sha256:a1aeb439b6dadb8e1b63b2a6767310d2b8aa89d387266856bc24473812d13e3c
18,tpch-q6-block-018,fused -> materialize-after-q06-time -> materialize-after-q06-predicate,1,3,materialize-after-q06-time,2026-07-19T13:57:40.288987+00:00,675.4723,2078.125,1,sha256:a1aeb439b6dadb8e1b63b2a6767310d2b8aa89d387266856bc24473812d13e3c
18,tpch-q6-block-018,fused -> materialize-after-q06-time -> materialize-after-q06-predicate,1,4,materialize-after-q06-time,2026-07-19T13:57:40.964711+00:00,653.6638,2203.125,1,sha256:a1aeb439b6dadb8e1b63b2a6767310d2b8aa89d387266856bc24473812d13e3c
18,tpch-q6-block-018,fused -> materialize-after-q06-time -> materialize-after-q06-predicate,2,0,materialize-after-q06-predicate,2026-07-19T13:57:41.618791+00:00,152.6747,562.5,1,sha256:a1aeb439b6dadb8e1b63b2a6767310d2b8aa89d387266856bc24473812d13e3c
18,tpch-q6-block-018,fused -> materialize-after-q06-time -> materialize-after-q06-predicate,2,1,materialize-after-q06-predicate,2026-07-19T13:57:41.771790+00:00,199.1359,515.625,1,sha256:a1aeb439b6dadb8e1b63b2a6767310d2b8aa89d387266856bc24473812d13e3c
18,tpch-q6-block-018,fused -> materialize-after-q06-time -> materialize-after-q06-predicate,2,2,materialize-after-q06-predicate,2026-07-19T13:57:41.970790+00:00,204.0616,359.375,1,sha256:a1aeb439b6dadb8e1b63b2a6767310d2b8aa89d387266856bc24473812d13e3c
18,tpch-q6-block-018,fused -> materialize-after-q06-time -> materialize-after-q06-predicate,2,3,materialize-after-q06-predicate,2026-07-19T13:57:42.174806+00:00,179.3953,484.375,1,sha256:a1aeb439b6dadb8e1b63b2a6767310d2b8aa89d387266856bc24473812d13e3c
18,tpch-q6-block-018,fused -> materialize-after-q06-time -> materialize-after-q06-predicate,2,4,materialize-after-q06-predicate,2026-07-19T13:57:42.354432+00:00,169.5144,406.25,1,sha256:a1aeb439b6dadb8e1b63b2a6767310d2b8aa89d387266856bc24473812d13e3c
19,tpch-q6-block-019,materialize-after-q06-time -> materialize-after-q06-predicate -> fused,0,0,materialize-after-q06-time,2026-07-19T13:57:42.528049+00:00,679.9899,2343.75,1,sha256:a1aeb439b6dadb8e1b63b2a6767310d2b8aa89d387266856bc24473812d13e3c
19,tpch-q6-block-019,materialize-after-q06-time -> materialize-after-q06-predicate -> fused,0,1,materialize-after-q06-time,2026-07-19T13:57:43.207911+00:00,665.0521,2484.375,1,sha256:a1aeb439b6dadb8e1b63b2a6767310d2b8aa89d387266856bc24473812d13e3c
19,tpch-q6-block-019,materialize-after-q06-time -> materialize-after-q06-predicate -> fused,0,2,materialize-after-q06-time,2026-07-19T13:57:43.873506+00:00,647.0361,2421.875,1,sha256:a1aeb439b6dadb8e1b63b2a6767310d2b8aa89d387266856bc24473812d13e3c
19,tpch-q6-block-019,materialize-after-q06-time -> materialize-after-q06-predicate -> fused,0,3,materialize-after-q06-time,2026-07-19T13:57:44.520230+00:00,636.3902,2218.75,1,sha256:a1aeb439b6dadb8e1b63b2a6767310d2b8aa89d387266856bc24473812d13e3c
19,tpch-q6-block-019,materialize-after-q06-time -> materialize-after-q06-predicate -> fused,0,4,materialize-after-q06-time,2026-07-19T13:57:45.156863+00:00,738.1204,2218.75,1,sha256:a1aeb439b6dadb8e1b63b2a6767310d2b8aa89d387266856bc24473812d13e3c
19,tpch-q6-block-019,materialize-after-q06-time -> materialize-after-q06-predicate -> fused,1,0,materialize-after-q06-predicate,2026-07-19T13:57:45.895117+00:00,155.6411,546.875,1,sha256:a1aeb439b6dadb8e1b63b2a6767310d2b8aa89d387266856bc24473812d13e3c
19,tpch-q6-block-019,materialize-after-q06-time -> materialize-after-q06-predicate -> fused,1,1,materialize-after-q06-predicate,2026-07-19T13:57:46.051005+00:00,169.6212,546.875,1,sha256:a1aeb439b6dadb8e1b63b2a6767310d2b8aa89d387266856bc24473812d13e3c
19,tpch-q6-block-019,materialize-after-q06-time -> materialize-after-q06-predicate -> fused,1,2,materialize-after-q06-predicate,2026-07-19T13:57:46.220746+00:00,189.8821,546.875,1,sha256:a1aeb439b6dadb8e1b63b2a6767310d2b8aa89d387266856bc24473812d13e3c
19,tpch-q6-block-019,materialize-after-q06-time -> materialize-after-q06-predicate -> fused,1,3,materialize-after-q06-predicate,2026-07-19T13:57:46.410408+00:00,203.7729,578.125,1,sha256:a1aeb439b6dadb8e1b63b2a6767310d2b8aa89d387266856bc24473812d13e3c
19,tpch-q6-block-019,materialize-after-q06-time -> materialize-after-q06-predicate -> fused,1,4,materialize-after-q06-predicate,2026-07-19T13:57:46.614393+00:00,176.0547,484.375,1,sha256:a1aeb439b6dadb8e1b63b2a6767310d2b8aa89d387266856bc24473812d13e3c
19,tpch-q6-block-019,materialize-after-q06-time -> materialize-after-q06-predicate -> fused,2,0,fused,2026-07-19T13:57:46.790601+00:00,148.9552,515.625,1,sha256:a1aeb439b6dadb8e1b63b2a6767310d2b8aa89d387266856bc24473812d13e3c
19,tpch-q6-block-019,materialize-after-q06-time -> materialize-after-q06-predicate -> fused,2,1,fused,2026-07-19T13:57:46.939555+00:00,147.4908,515.625,1,sha256:a1aeb439b6dadb8e1b63b2a6767310d2b8aa89d387266856bc24473812d13e3c
19,tpch-q6-block-019,materialize-after-q06-time -> materialize-after-q06-predicate -> fused,2,2,fused,2026-07-19T13:57:47.087542+00:00,142.9577,390.625,1,sha256:a1aeb439b6dadb8e1b63b2a6767310d2b8aa89d387266856bc24473812d13e3c
19,tpch-q6-block-019,materialize-after-q06-time -> materialize-after-q06-predicate -> fused,2,3,fused,2026-07-19T13:57:47.230728+00:00,143.8402,515.625,1,sha256:a1aeb439b6dadb8e1b63b2a6767310d2b8aa89d387266856bc24473812d13e3c
19,tpch-q6-block-019,materialize-after-q06-time -> materialize-after-q06-predicate -> fused,2,4,fused,2026-07-19T13:57:47.374727+00:00,147.1264,500.0,1,sha256:a1aeb439b6dadb8e1b63b2a6767310d2b8aa89d387266856bc24473812d13e3c
20,tpch-q6-block-020,materialize-after-q06-time -> fused -> materialize-after-q06-predicate,0,0,materialize-after-q06-time,2026-07-19T13:57:47.525554+00:00,668.4972,2171.875,1,sha256:a1aeb439b6dadb8e1b63b2a6767310d2b8aa89d387266856bc24473812d13e3c
20,tpch-q6-block-020,materialize-after-q06-time -> fused -> materialize-after-q06-predicate,0,1,materialize-after-q06-time,2026-07-19T13:57:48.194097+00:00,600.2911,2343.75,1,sha256:a1aeb439b6dadb8e1b63b2a6767310d2b8aa89d387266856bc24473812d13e3c
20,tpch-q6-block-020,materialize-after-q06-time -> fused -> materialize-after-q06-predicate,0,2,materialize-after-q06-time,2026-07-19T13:57:48.794255+00:00,586.7459,2187.5,1,sha256:a1aeb439b6dadb8e1b63b2a6767310d2b8aa89d387266856bc24473812d13e3c
20,tpch-q6-block-020,materialize-after-q06-time -> fused -> materialize-after-q06-predicate,0,3,materialize-after-q06-time,2026-07-19T13:57:49.381139+00:00,723.6585,2484.375,1,sha256:a1aeb439b6dadb8e1b63b2a6767310d2b8aa89d387266856bc24473812d13e3c
20,tpch-q6-block-020,materialize-after-q06-time -> fused -> materialize-after-q06-predicate,0,4,materialize-after-q06-time,2026-07-19T13:57:50.104357+00:00,752.5212,2406.25,1,sha256:a1aeb439b6dadb8e1b63b2a6767310d2b8aa89d387266856bc24473812d13e3c
20,tpch-q6-block-020,materialize-after-q06-time -> fused -> materialize-after-q06-predicate,1,0,fused,2026-07-19T13:57:50.857124+00:00,140.8345,390.625,1,sha256:a1aeb439b6dadb8e1b63b2a6767310d2b8aa89d387266856bc24473812d13e3c
20,tpch-q6-block-020,materialize-after-q06-time -> fused -> materialize-after-q06-predicate,1,1,fused,2026-07-19T13:57:50.998128+00:00,137.837,437.5,1,sha256:a1aeb439b6dadb8e1b63b2a6767310d2b8aa89d387266856bc24473812d13e3c
20,tpch-q6-block-020,materialize-after-q06-time -> fused -> materialize-after-q06-predicate,1,2,fused,2026-07-19T13:57:51.136130+00:00,155.2951,453.125,1,sha256:a1aeb439b6dadb8e1b63b2a6767310d2b8aa89d387266856bc24473812d13e3c
20,tpch-q6-block-020,materialize-after-q06-time -> fused -> materialize-after-q06-predicate,1,3,fused,2026-07-19T13:57:51.292126+00:00,152.2408,578.125,1,sha256:a1aeb439b6dadb8e1b63b2a6767310d2b8aa89d387266856bc24473812d13e3c
20,tpch-q6-block-020,materialize-after-q06-time -> fused -> materialize-after-q06-predicate,1,4,fused,2026-07-19T13:57:51.443721+00:00,147.3247,500.0,1,sha256:a1aeb439b6dadb8e1b63b2a6767310d2b8aa89d387266856bc24473812d13e3c
20,tpch-q6-block-020,materialize-after-q06-time -> fused -> materialize-after-q06-predicate,2,0,materialize-after-q06-predicate,2026-07-19T13:57:51.591952+00:00,220.9438,640.625,1,sha256:a1aeb439b6dadb8e1b63b2a6767310d2b8aa89d387266856bc24473812d13e3c
20,tpch-q6-block-020,materialize-after-q06-time -> fused -> materialize-after-q06-predicate,2,1,materialize-after-q06-predicate,2026-07-19T13:57:51.812935+00:00,179.9211,531.25,1,sha256:a1aeb439b6dadb8e1b63b2a6767310d2b8aa89d387266856bc24473812d13e3c
20,tpch-q6-block-020,materialize-after-q06-time -> fused -> materialize-after-q06-predicate,2,2,materialize-after-q06-predicate,2026-07-19T13:57:51.992777+00:00,178.5114,609.375,1,sha256:a1aeb439b6dadb8e1b63b2a6767310d2b8aa89d387266856bc24473812d13e3c
20,tpch-q6-block-020,materialize-after-q06-time -> fused -> materialize-after-q06-predicate,2,3,materialize-after-q06-predicate,2026-07-19T13:57:52.171777+00:00,163.2436,593.75,1,sha256:a1aeb439b6dadb8e1b63b2a6767310d2b8aa89d387266856bc24473812d13e3c
20,tpch-q6-block-020,materialize-after-q06-time -> fused -> materialize-after-q06-predicate,2,4,materialize-after-q06-predicate,2026-07-19T13:57:52.334634+00:00,170.8256,562.5,1,sha256:a1aeb439b6dadb8e1b63b2a6767310d2b8aa89d387266856bc24473812d13e3c
21,tpch-q6-block-021,materialize-after-q06-predicate -> materialize-after-q06-time -> fused,0,0,materialize-after-q06-predicate,2026-07-19T13:57:52.508683+00:00,187.2322,640.625,1,sha256:a1aeb439b6dadb8e1b63b2a6767310d2b8aa89d387266856bc24473812d13e3c
21,tpch-q6-block-021,materialize-after-q06-predicate -> materialize-after-q06-time -> fused,0,1,materialize-after-q06-predicate,2026-07-19T13:57:52.695324+00:00,173.3932,609.375,1,sha256:a1aeb439b6dadb8e1b63b2a6767310d2b8aa89d387266856bc24473812d13e3c
21,tpch-q6-block-021,materialize-after-q06-predicate -> materialize-after-q06-time -> fused,0,2,materialize-after-q06-predicate,2026-07-19T13:57:52.869421+00:00,159.6292,546.875,1,sha256:a1aeb439b6dadb8e1b63b2a6767310d2b8aa89d387266856bc24473812d13e3c
21,tpch-q6-block-021,materialize-after-q06-predicate -> materialize-after-q06-time -> fused,0,3,materialize-after-q06-predicate,2026-07-19T13:57:53.029421+00:00,159.7642,625.0,1,sha256:a1aeb439b6dadb8e1b63b2a6767310d2b8aa89d387266856bc24473812d13e3c
21,tpch-q6-block-021,materialize-after-q06-predicate -> materialize-after-q06-time -> fused,0,4,materialize-after-q06-predicate,2026-07-19T13:57:53.188439+00:00,160.9498,531.25,1,sha256:a1aeb439b6dadb8e1b63b2a6767310d2b8aa89d387266856bc24473812d13e3c
21,tpch-q6-block-021,materialize-after-q06-predicate -> materialize-after-q06-time -> fused,1,0,materialize-after-q06-time,2026-07-19T13:57:53.349998+00:00,609.5019,2031.25,1,sha256:a1aeb439b6dadb8e1b63b2a6767310d2b8aa89d387266856bc24473812d13e3c
21,tpch-q6-block-021,materialize-after-q06-predicate -> materialize-after-q06-time -> fused,1,1,materialize-after-q06-time,2026-07-19T13:57:53.959322+00:00,577.2347,1906.25,1,sha256:a1aeb439b6dadb8e1b63b2a6767310d2b8aa89d387266856bc24473812d13e3c
21,tpch-q6-block-021,materialize-after-q06-predicate -> materialize-after-q06-time -> fused,1,2,materialize-after-q06-time,2026-07-19T13:57:54.536946+00:00,683.6949,2187.5,1,sha256:a1aeb439b6dadb8e1b63b2a6767310d2b8aa89d387266856bc24473812d13e3c
21,tpch-q6-block-021,materialize-after-q06-predicate -> materialize-after-q06-time -> fused,1,3,materialize-after-q06-time,2026-07-19T13:57:55.220997+00:00,704.452,2250.0,1,sha256:a1aeb439b6dadb8e1b63b2a6767310d2b8aa89d387266856bc24473812d13e3c
21,tpch-q6-block-021,materialize-after-q06-predicate -> materialize-after-q06-time -> fused,1,4,materialize-after-q06-time,2026-07-19T13:57:55.925373+00:00,781.5043,2156.25,1,sha256:a1aeb439b6dadb8e1b63b2a6767310d2b8aa89d387266856bc24473812d13e3c
21,tpch-q6-block-021,materialize-after-q06-predicate -> materialize-after-q06-time -> fused,2,0,fused,2026-07-19T13:57:56.706489+00:00,212.8835,515.625,1,sha256:a1aeb439b6dadb8e1b63b2a6767310d2b8aa89d387266856bc24473812d13e3c
21,tpch-q6-block-021,materialize-after-q06-predicate -> materialize-after-q06-time -> fused,2,1,fused,2026-07-19T13:57:56.919514+00:00,180.0458,546.875,1,sha256:a1aeb439b6dadb8e1b63b2a6767310d2b8aa89d387266856bc24473812d13e3c
21,tpch-q6-block-021,materialize-after-q06-predicate -> materialize-after-q06-time -> fused,2,2,fused,2026-07-19T13:57:57.100052+00:00,211.0105,609.375,1,sha256:a1aeb439b6dadb8e1b63b2a6767310d2b8aa89d387266856bc24473812d13e3c
21,tpch-q6-block-021,materialize-after-q06-predicate -> materialize-after-q06-time -> fused,2,3,fused,2026-07-19T13:57:57.310916+00:00,209.1753,500.0,1,sha256:a1aeb439b6dadb8e1b63b2a6767310d2b8aa89d387266856bc24473812d13e3c
21,tpch-q6-block-021,materialize-after-q06-predicate -> materialize-after-q06-time -> fused,2,4,fused,2026-07-19T13:57:57.520060+00:00,188.5335,546.875,1,sha256:a1aeb439b6dadb8e1b63b2a6767310d2b8aa89d387266856bc24473812d13e3c
22,tpch-q6-block-022,fused -> materialize-after-q06-predicate -> materialize-after-q06-time,0,0,fused,2026-07-19T13:57:57.712648+00:00,160.8788,546.875,1,sha256:a1aeb439b6dadb8e1b63b2a6767310d2b8aa89d387266856bc24473812d13e3c
22,tpch-q6-block-022,fused -> materialize-after-q06-predicate -> materialize-after-q06-time,0,1,fused,2026-07-19T13:57:57.873648+00:00,169.1681,421.875,1,sha256:a1aeb439b6dadb8e1b63b2a6767310d2b8aa89d387266856bc24473812d13e3c
22,tpch-q6-block-022,fused -> materialize-after-q06-predicate -> materialize-after-q06-time,0,2,fused,2026-07-19T13:57:58.042171+00:00,182.6195,515.625,1,sha256:a1aeb439b6dadb8e1b63b2a6767310d2b8aa89d387266856bc24473812d13e3c
22,tpch-q6-block-022,fused -> materialize-after-q06-predicate -> materialize-after-q06-time,0,3,fused,2026-07-19T13:57:58.225580+00:00,178.4316,484.375,1,sha256:a1aeb439b6dadb8e1b63b2a6767310d2b8aa89d387266856bc24473812d13e3c
22,tpch-q6-block-022,fused -> materialize-after-q06-predicate -> materialize-after-q06-time,0,4,fused,2026-07-19T13:57:58.403678+00:00,182.9503,468.75,1,sha256:a1aeb439b6dadb8e1b63b2a6767310d2b8aa89d387266856bc24473812d13e3c
22,tpch-q6-block-022,fused -> materialize-after-q06-predicate -> materialize-after-q06-time,1,0,materialize-after-q06-predicate,2026-07-19T13:57:58.587068+00:00,200.2938,468.75,1,sha256:a1aeb439b6dadb8e1b63b2a6767310d2b8aa89d387266856bc24473812d13e3c
22,tpch-q6-block-022,fused -> materialize-after-q06-predicate -> materialize-after-q06-time,1,1,materialize-after-q06-predicate,2026-07-19T13:57:58.788038+00:00,223.6655,578.125,1,sha256:a1aeb439b6dadb8e1b63b2a6767310d2b8aa89d387266856bc24473812d13e3c
22,tpch-q6-block-022,fused -> materialize-after-q06-predicate -> materialize-after-q06-time,1,2,materialize-after-q06-predicate,2026-07-19T13:57:59.011272+00:00,241.9607,578.125,1,sha256:a1aeb439b6dadb8e1b63b2a6767310d2b8aa89d387266856bc24473812d13e3c
22,tpch-q6-block-022,fused -> materialize-after-q06-predicate -> materialize-after-q06-time,1,3,materialize-after-q06-predicate,2026-07-19T13:57:59.253275+00:00,211.9364,593.75,1,sha256:a1aeb439b6dadb8e1b63b2a6767310d2b8aa89d387266856bc24473812d13e3c
22,tpch-q6-block-022,fused -> materialize-after-q06-predicate -> materialize-after-q06-time,1,4,materialize-after-q06-predicate,2026-07-19T13:57:59.465493+00:00,188.4395,593.75,1,sha256:a1aeb439b6dadb8e1b63b2a6767310d2b8aa89d387266856bc24473812d13e3c
22,tpch-q6-block-022,fused -> materialize-after-q06-predicate -> materialize-after-q06-time,2,0,materialize-after-q06-time,2026-07-19T13:57:59.654051+00:00,869.0346,2437.5,1,sha256:a1aeb439b6dadb8e1b63b2a6767310d2b8aa89d387266856bc24473812d13e3c
22,tpch-q6-block-022,fused -> materialize-after-q06-predicate -> materialize-after-q06-time,2,1,materialize-after-q06-time,2026-07-19T13:58:00.523082+00:00,977.4923,2875.0,1,sha256:a1aeb439b6dadb8e1b63b2a6767310d2b8aa89d387266856bc24473812d13e3c
22,tpch-q6-block-022,fused -> materialize-after-q06-predicate -> materialize-after-q06-time,2,2,materialize-after-q06-time,2026-07-19T13:58:01.501559+00:00,746.6525,2687.5,1,sha256:a1aeb439b6dadb8e1b63b2a6767310d2b8aa89d387266856bc24473812d13e3c
22,tpch-q6-block-022,fused -> materialize-after-q06-predicate -> materialize-after-q06-time,2,3,materialize-after-q06-time,2026-07-19T13:58:02.248508+00:00,898.3971,2390.625,1,sha256:a1aeb439b6dadb8e1b63b2a6767310d2b8aa89d387266856bc24473812d13e3c
22,tpch-q6-block-022,fused -> materialize-after-q06-predicate -> materialize-after-q06-time,2,4,materialize-after-q06-time,2026-07-19T13:58:03.146765+00:00,662.593,2218.75,1,sha256:a1aeb439b6dadb8e1b63b2a6767310d2b8aa89d387266856bc24473812d13e3c
23,tpch-q6-block-023,materialize-after-q06-predicate -> fused -> materialize-after-q06-time,0,0,materialize-after-q06-predicate,2026-07-19T13:58:03.814027+00:00,149.7461,546.875,1,sha256:a1aeb439b6dadb8e1b63b2a6767310d2b8aa89d387266856bc24473812d13e3c
23,tpch-q6-block-023,materialize-after-q06-predicate -> fused -> materialize-after-q06-time,0,1,materialize-after-q06-predicate,2026-07-19T13:58:03.964028+00:00,153.6384,531.25,1,sha256:a1aeb439b6dadb8e1b63b2a6767310d2b8aa89d387266856bc24473812d13e3c
23,tpch-q6-block-023,materialize-after-q06-predicate -> fused -> materialize-after-q06-time,0,2,materialize-after-q06-predicate,2026-07-19T13:58:04.117268+00:00,151.6256,515.625,1,sha256:a1aeb439b6dadb8e1b63b2a6767310d2b8aa89d387266856bc24473812d13e3c
23,tpch-q6-block-023,materialize-after-q06-predicate -> fused -> materialize-after-q06-time,0,3,materialize-after-q06-predicate,2026-07-19T13:58:04.269604+00:00,149.9725,515.625,1,sha256:a1aeb439b6dadb8e1b63b2a6767310d2b8aa89d387266856bc24473812d13e3c
23,tpch-q6-block-023,materialize-after-q06-predicate -> fused -> materialize-after-q06-time,0,4,materialize-after-q06-predicate,2026-07-19T13:58:04.419686+00:00,156.2175,609.375,1,sha256:a1aeb439b6dadb8e1b63b2a6767310d2b8aa89d387266856bc24473812d13e3c
23,tpch-q6-block-023,materialize-after-q06-predicate -> fused -> materialize-after-q06-time,1,0,fused,2026-07-19T13:58:04.575687+00:00,123.8847,468.75,1,sha256:a1aeb439b6dadb8e1b63b2a6767310d2b8aa89d387266856bc24473812d13e3c
23,tpch-q6-block-023,materialize-after-q06-predicate -> fused -> materialize-after-q06-time,1,1,fused,2026-07-19T13:58:04.699271+00:00,138.7244,453.125,1,sha256:a1aeb439b6dadb8e1b63b2a6767310d2b8aa89d387266856bc24473812d13e3c
23,tpch-q6-block-023,materialize-after-q06-predicate -> fused -> materialize-after-q06-time,1,2,fused,2026-07-19T13:58:04.838853+00:00,126.3865,484.375,1,sha256:a1aeb439b6dadb8e1b63b2a6767310d2b8aa89d387266856bc24473812d13e3c
23,tpch-q6-block-023,materialize-after-q06-predicate -> fused -> materialize-after-q06-time,1,3,fused,2026-07-19T13:58:04.964856+00:00,112.0167,375.0,1,sha256:a1aeb439b6dadb8e1b63b2a6767310d2b8aa89d387266856bc24473812d13e3c
23,tpch-q6-block-023,materialize-after-q06-predicate -> fused -> materialize-after-q06-time,1,4,fused,2026-07-19T13:58:05.076855+00:00,115.3815,437.5,1,sha256:a1aeb439b6dadb8e1b63b2a6767310d2b8aa89d387266856bc24473812d13e3c
23,tpch-q6-block-023,materialize-after-q06-predicate -> fused -> materialize-after-q06-time,2,0,materialize-after-q06-time,2026-07-19T13:58:05.192860+00:00,608.7209,2140.625,1,sha256:a1aeb439b6dadb8e1b63b2a6767310d2b8aa89d387266856bc24473812d13e3c
23,tpch-q6-block-023,materialize-after-q06-predicate -> fused -> materialize-after-q06-time,2,1,materialize-after-q06-time,2026-07-19T13:58:05.801063+00:00,720.4931,2500.0,1,sha256:a1aeb439b6dadb8e1b63b2a6767310d2b8aa89d387266856bc24473812d13e3c
23,tpch-q6-block-023,materialize-after-q06-predicate -> fused -> materialize-after-q06-time,2,2,materialize-after-q06-time,2026-07-19T13:58:06.522006+00:00,746.5864,2437.5,1,sha256:a1aeb439b6dadb8e1b63b2a6767310d2b8aa89d387266856bc24473812d13e3c
23,tpch-q6-block-023,materialize-after-q06-predicate -> fused -> materialize-after-q06-time,2,3,materialize-after-q06-time,2026-07-19T13:58:07.268345+00:00,694.5261,2390.625,1,sha256:a1aeb439b6dadb8e1b63b2a6767310d2b8aa89d387266856bc24473812d13e3c
23,tpch-q6-block-023,materialize-after-q06-predicate -> fused -> materialize-after-q06-time,2,4,materialize-after-q06-time,2026-07-19T13:58:07.963002+00:00,683.2027,2500.0,1,sha256:a1aeb439b6dadb8e1b63b2a6767310d2b8aa89d387266856bc24473812d13e3c
24,tpch-q6-block-024,materialize-after-q06-predicate -> fused -> materialize-after-q06-time,0,0,materialize-after-q06-predicate,2026-07-19T13:58:08.649716+00:00,153.8967,437.5,1,sha256:a1aeb439b6dadb8e1b63b2a6767310d2b8aa89d387266856bc24473812d13e3c
24,tpch-q6-block-024,materialize-after-q06-predicate -> fused -> materialize-after-q06-time,0,1,materialize-after-q06-predicate,2026-07-19T13:58:08.803373+00:00,144.9475,515.625,1,sha256:a1aeb439b6dadb8e1b63b2a6767310d2b8aa89d387266856bc24473812d13e3c
24,tpch-q6-block-024,materialize-after-q06-predicate -> fused -> materialize-after-q06-time,0,2,materialize-after-q06-predicate,2026-07-19T13:58:08.948377+00:00,147.1073,468.75,1,sha256:a1aeb439b6dadb8e1b63b2a6767310d2b8aa89d387266856bc24473812d13e3c
24,tpch-q6-block-024,materialize-after-q06-predicate -> fused -> materialize-after-q06-time,0,3,materialize-after-q06-predicate,2026-07-19T13:58:09.096374+00:00,170.2943,609.375,1,sha256:a1aeb439b6dadb8e1b63b2a6767310d2b8aa89d387266856bc24473812d13e3c
24,tpch-q6-block-024,materialize-after-q06-predicate -> fused -> materialize-after-q06-time,0,4,materialize-after-q06-predicate,2026-07-19T13:58:09.266373+00:00,199.1844,640.625,1,sha256:a1aeb439b6dadb8e1b63b2a6767310d2b8aa89d387266856bc24473812d13e3c
24,tpch-q6-block-024,materialize-after-q06-predicate -> fused -> materialize-after-q06-time,1,0,fused,2026-07-19T13:58:09.465720+00:00,164.2673,531.25,1,sha256:a1aeb439b6dadb8e1b63b2a6767310d2b8aa89d387266856bc24473812d13e3c
24,tpch-q6-block-024,materialize-after-q06-predicate -> fused -> materialize-after-q06-time,1,1,fused,2026-07-19T13:58:09.630299+00:00,176.4814,468.75,1,sha256:a1aeb439b6dadb8e1b63b2a6767310d2b8aa89d387266856bc24473812d13e3c
24,tpch-q6-block-024,materialize-after-q06-predicate -> fused -> materialize-after-q06-time,1,2,fused,2026-07-19T13:58:09.806851+00:00,140.2635,515.625,1,sha256:a1aeb439b6dadb8e1b63b2a6767310d2b8aa89d387266856bc24473812d13e3c
24,tpch-q6-block-024,materialize-after-q06-predicate -> fused -> materialize-after-q06-time,1,3,fused,2026-07-19T13:58:09.947809+00:00,137.766,406.25,1,sha256:a1aeb439b6dadb8e1b63b2a6767310d2b8aa89d387266856bc24473812d13e3c
24,tpch-q6-block-024,materialize-after-q06-predicate -> fused -> materialize-after-q06-time,1,4,fused,2026-07-19T13:58:10.085574+00:00,131.584,390.625,1,sha256:a1aeb439b6dadb8e1b63b2a6767310d2b8aa89d387266856bc24473812d13e3c
24,tpch-q6-block-024,materialize-after-q06-predicate -> fused -> materialize-after-q06-time,2,0,materialize-after-q06-time,2026-07-19T13:58:10.216575+00:00,963.1004,2281.25,1,sha256:a1aeb439b6dadb8e1b63b2a6767310d2b8aa89d387266856bc24473812d13e3c
24,tpch-q6-block-024,materialize-after-q06-predicate -> fused -> materialize-after-q06-time,2,1,materialize-after-q06-time,2026-07-19T13:58:11.180272+00:00,980.9605,2500.0,1,sha256:a1aeb439b6dadb8e1b63b2a6767310d2b8aa89d387266856bc24473812d13e3c
24,tpch-q6-block-024,materialize-after-q06-predicate -> fused -> materialize-after-q06-time,2,2,materialize-after-q06-time,2026-07-19T13:58:12.161402+00:00,853.5344,2437.5,1,sha256:a1aeb439b6dadb8e1b63b2a6767310d2b8aa89d387266856bc24473812d13e3c
24,tpch-q6-block-024,materialize-after-q06-predicate -> fused -> materialize-after-q06-time,2,3,materialize-after-q06-time,2026-07-19T13:58:13.014508+00:00,707.1173,2484.375,1,sha256:a1aeb439b6dadb8e1b63b2a6767310d2b8aa89d387266856bc24473812d13e3c
24,tpch-q6-block-024,materialize-after-q06-predicate -> fused -> materialize-after-q06-time,2,4,materialize-after-q06-time,2026-07-19T13:58:13.722006+00:00,677.9394,2406.25,1,sha256:a1aeb439b6dadb8e1b63b2a6767310d2b8aa89d387266856bc24473812d13e3c
25,tpch-q6-block-025,fused -> materialize-after-q06-time -> materialize-after-q06-predicate,0,0,fused,2026-07-19T13:58:14.402753+00:00,132.7459,500.0,1,sha256:a1aeb439b6dadb8e1b63b2a6767310d2b8aa89d387266856bc24473812d13e3c
25,tpch-q6-block-025,fused -> materialize-after-q06-time -> materialize-after-q06-predicate,0,1,fused,2026-07-19T13:58:14.535649+00:00,137.6606,500.0,1,sha256:a1aeb439b6dadb8e1b63b2a6767310d2b8aa89d387266856bc24473812d13e3c
25,tpch-q6-block-025,fused -> materialize-after-q06-time -> materialize-after-q06-predicate,0,2,fused,2026-07-19T13:58:14.673791+00:00,138.8558,515.625,1,sha256:a1aeb439b6dadb8e1b63b2a6767310d2b8aa89d387266856bc24473812d13e3c
25,tpch-q6-block-025,fused -> materialize-after-q06-time -> materialize-after-q06-predicate,0,3,fused,2026-07-19T13:58:14.812793+00:00,130.2658,468.75,1,sha256:a1aeb439b6dadb8e1b63b2a6767310d2b8aa89d387266856bc24473812d13e3c
25,tpch-q6-block-025,fused -> materialize-after-q06-time -> materialize-after-q06-predicate,0,4,fused,2026-07-19T13:58:14.942335+00:00,116.7728,421.875,1,sha256:a1aeb439b6dadb8e1b63b2a6767310d2b8aa89d387266856bc24473812d13e3c
25,tpch-q6-block-025,fused -> materialize-after-q06-time -> materialize-after-q06-predicate,1,0,materialize-after-q06-time,2026-07-19T13:58:15.059336+00:00,528.5066,1953.125,1,sha256:a1aeb439b6dadb8e1b63b2a6767310d2b8aa89d387266856bc24473812d13e3c
25,tpch-q6-block-025,fused -> materialize-after-q06-time -> materialize-after-q06-predicate,1,1,materialize-after-q06-time,2026-07-19T13:58:15.588156+00:00,777.5484,2125.0,1,sha256:a1aeb439b6dadb8e1b63b2a6767310d2b8aa89d387266856bc24473812d13e3c
25,tpch-q6-block-025,fused -> materialize-after-q06-time -> materialize-after-q06-predicate,1,2,materialize-after-q06-time,2026-07-19T13:58:16.366157+00:00,820.8194,2718.75,1,sha256:a1aeb439b6dadb8e1b63b2a6767310d2b8aa89d387266856bc24473812d13e3c
25,tpch-q6-block-025,fused -> materialize-after-q06-time -> materialize-after-q06-predicate,1,3,materialize-after-q06-time,2026-07-19T13:58:17.187062+00:00,757.1554,2531.25,1,sha256:a1aeb439b6dadb8e1b63b2a6767310d2b8aa89d387266856bc24473812d13e3c
25,tpch-q6-block-025,fused -> materialize-after-q06-time -> materialize-after-q06-predicate,1,4,materialize-after-q06-time,2026-07-19T13:58:17.944285+00:00,725.2309,2546.875,1,sha256:a1aeb439b6dadb8e1b63b2a6767310d2b8aa89d387266856bc24473812d13e3c
25,tpch-q6-block-025,fused -> materialize-after-q06-time -> materialize-after-q06-predicate,2,0,materialize-after-q06-predicate,2026-07-19T13:58:18.668998+00:00,174.0833,609.375,1,sha256:a1aeb439b6dadb8e1b63b2a6767310d2b8aa89d387266856bc24473812d13e3c
25,tpch-q6-block-025,fused -> materialize-after-q06-time -> materialize-after-q06-predicate,2,1,materialize-after-q06-predicate,2026-07-19T13:58:18.843251+00:00,160.01,593.75,1,sha256:a1aeb439b6dadb8e1b63b2a6767310d2b8aa89d387266856bc24473812d13e3c
25,tpch-q6-block-025,fused -> materialize-after-q06-time -> materialize-after-q06-predicate,2,2,materialize-after-q06-predicate,2026-07-19T13:58:19.003254+00:00,153.8317,531.25,1,sha256:a1aeb439b6dadb8e1b63b2a6767310d2b8aa89d387266856bc24473812d13e3c
25,tpch-q6-block-025,fused -> materialize-after-q06-time -> materialize-after-q06-predicate,2,3,materialize-after-q06-predicate,2026-07-19T13:58:19.158252+00:00,152.9271,609.375,1,sha256:a1aeb439b6dadb8e1b63b2a6767310d2b8aa89d387266856bc24473812d13e3c
25,tpch-q6-block-025,fused -> materialize-after-q06-time -> materialize-after-q06-predicate,2,4,materialize-after-q06-predicate,2026-07-19T13:58:19.311251+00:00,161.4964,546.875,1,sha256:a1aeb439b6dadb8e1b63b2a6767310d2b8aa89d387266856bc24473812d13e3c
26,tpch-q6-block-026,fused -> materialize-after-q06-predicate -> materialize-after-q06-time,0,0,fused,2026-07-19T13:58:19.476845+00:00,134.9239,406.25,1,sha256:a1aeb439b6dadb8e1b63b2a6767310d2b8aa89d387266856bc24473812d13e3c
26,tpch-q6-block-026,fused -> materialize-after-q06-predicate -> materialize-after-q06-time,0,1,fused,2026-07-19T13:58:19.611844+00:00,144.4747,546.875,1,sha256:a1aeb439b6dadb8e1b63b2a6767310d2b8aa89d387266856bc24473812d13e3c
26,tpch-q6-block-026,fused -> materialize-after-q06-predicate -> materialize-after-q06-time,0,2,fused,2026-07-19T13:58:19.756677+00:00,144.2777,453.125,1,sha256:a1aeb439b6dadb8e1b63b2a6767310d2b8aa89d387266856bc24473812d13e3c
26,tpch-q6-block-026,fused -> materialize-after-q06-predicate -> materialize-after-q06-time,0,3,fused,2026-07-19T13:58:19.900677+00:00,131.7838,515.625,1,sha256:a1aeb439b6dadb8e1b63b2a6767310d2b8aa89d387266856bc24473812d13e3c
26,tpch-q6-block-026,fused -> materialize-after-q06-predicate -> materialize-after-q06-time,0,4,fused,2026-07-19T13:58:20.032679+00:00,129.5289,421.875,1,sha256:a1aeb439b6dadb8e1b63b2a6767310d2b8aa89d387266856bc24473812d13e3c
26,tpch-q6-block-026,fused -> materialize-after-q06-predicate -> materialize-after-q06-time,1,0,materialize-after-q06-predicate,2026-07-19T13:58:20.162676+00:00,166.0514,593.75,1,sha256:a1aeb439b6dadb8e1b63b2a6767310d2b8aa89d387266856bc24473812d13e3c
26,tpch-q6-block-026,fused -> materialize-after-q06-predicate -> materialize-after-q06-time,1,1,materialize-after-q06-predicate,2026-07-19T13:58:20.328676+00:00,163.2969,593.75,1,sha256:a1aeb439b6dadb8e1b63b2a6767310d2b8aa89d387266856bc24473812d13e3c
26,tpch-q6-block-026,fused -> materialize-after-q06-predicate -> materialize-after-q06-time,1,2,materialize-after-q06-predicate,2026-07-19T13:58:20.491931+00:00,161.508,546.875,1,sha256:a1aeb439b6dadb8e1b63b2a6767310d2b8aa89d387266856bc24473812d13e3c
26,tpch-q6-block-026,fused -> materialize-after-q06-predicate -> materialize-after-q06-time,1,3,materialize-after-q06-predicate,2026-07-19T13:58:20.653932+00:00,162.8829,578.125,1,sha256:a1aeb439b6dadb8e1b63b2a6767310d2b8aa89d387266856bc24473812d13e3c
26,tpch-q6-block-026,fused -> materialize-after-q06-predicate -> materialize-after-q06-time,1,4,materialize-after-q06-predicate,2026-07-19T13:58:20.816681+00:00,153.6605,500.0,1,sha256:a1aeb439b6dadb8e1b63b2a6767310d2b8aa89d387266856bc24473812d13e3c
26,tpch-q6-block-026,fused -> materialize-after-q06-predicate -> materialize-after-q06-time,2,0,materialize-after-q06-time,2026-07-19T13:58:20.970249+00:00,704.5211,2468.75,1,sha256:a1aeb439b6dadb8e1b63b2a6767310d2b8aa89d387266856bc24473812d13e3c
26,tpch-q6-block-026,fused -> materialize-after-q06-predicate -> materialize-after-q06-time,2,1,materialize-after-q06-time,2026-07-19T13:58:21.674994+00:00,709.2212,2343.75,1,sha256:a1aeb439b6dadb8e1b63b2a6767310d2b8aa89d387266856bc24473812d13e3c
26,tpch-q6-block-026,fused -> materialize-after-q06-predicate -> materialize-after-q06-time,2,2,materialize-after-q06-time,2026-07-19T13:58:22.383760+00:00,756.927,2359.375,1,sha256:a1aeb439b6dadb8e1b63b2a6767310d2b8aa89d387266856bc24473812d13e3c
26,tpch-q6-block-026,fused -> materialize-after-q06-predicate -> materialize-after-q06-time,2,3,materialize-after-q06-time,2026-07-19T13:58:23.141536+00:00,667.1977,2484.375,1,sha256:a1aeb439b6dadb8e1b63b2a6767310d2b8aa89d387266856bc24473812d13e3c
26,tpch-q6-block-026,fused -> materialize-after-q06-predicate -> materialize-after-q06-time,2,4,materialize-after-q06-time,2026-07-19T13:58:23.808159+00:00,634.1164,2359.375,1,sha256:a1aeb439b6dadb8e1b63b2a6767310d2b8aa89d387266856bc24473812d13e3c
27,tpch-q6-block-027,materialize-after-q06-time -> materialize-after-q06-predicate -> fused,0,0,materialize-after-q06-time,2026-07-19T13:58:24.445362+00:00,562.1903,2125.0,1,sha256:a1aeb439b6dadb8e1b63b2a6767310d2b8aa89d387266856bc24473812d13e3c
27,tpch-q6-block-027,materialize-after-q06-time -> materialize-after-q06-predicate -> fused,0,1,materialize-after-q06-time,2026-07-19T13:58:25.007756+00:00,613.4899,2312.5,1,sha256:a1aeb439b6dadb8e1b63b2a6767310d2b8aa89d387266856bc24473812d13e3c
27,tpch-q6-block-027,materialize-after-q06-time -> materialize-after-q06-predicate -> fused,0,2,materialize-after-q06-time,2026-07-19T13:58:25.621903+00:00,712.8926,2343.75,1,sha256:a1aeb439b6dadb8e1b63b2a6767310d2b8aa89d387266856bc24473812d13e3c
27,tpch-q6-block-027,materialize-after-q06-time -> materialize-after-q06-predicate -> fused,0,3,materialize-after-q06-time,2026-07-19T13:58:26.335053+00:00,789.4814,2609.375,1,sha256:a1aeb439b6dadb8e1b63b2a6767310d2b8aa89d387266856bc24473812d13e3c
27,tpch-q6-block-027,materialize-after-q06-time -> materialize-after-q06-predicate -> fused,0,4,materialize-after-q06-time,2026-07-19T13:58:27.124233+00:00,945.3482,2296.875,1,sha256:a1aeb439b6dadb8e1b63b2a6767310d2b8aa89d387266856bc24473812d13e3c
27,tpch-q6-block-027,materialize-after-q06-time -> materialize-after-q06-predicate -> fused,1,0,materialize-after-q06-predicate,2026-07-19T13:58:28.070310+00:00,239.0977,687.5,1,sha256:a1aeb439b6dadb8e1b63b2a6767310d2b8aa89d387266856bc24473812d13e3c
27,tpch-q6-block-027,materialize-after-q06-time -> materialize-after-q06-predicate -> fused,1,1,materialize-after-q06-predicate,2026-07-19T13:58:28.308810+00:00,191.9015,578.125,1,sha256:a1aeb439b6dadb8e1b63b2a6767310d2b8aa89d387266856bc24473812d13e3c
27,tpch-q6-block-027,materialize-after-q06-time -> materialize-after-q06-predicate -> fused,1,2,materialize-after-q06-predicate,2026-07-19T13:58:28.501035+00:00,223.3961,546.875,1,sha256:a1aeb439b6dadb8e1b63b2a6767310d2b8aa89d387266856bc24473812d13e3c
27,tpch-q6-block-027,materialize-after-q06-time -> materialize-after-q06-predicate -> fused,1,3,materialize-after-q06-predicate,2026-07-19T13:58:28.724850+00:00,223.545,625.0,1,sha256:a1aeb439b6dadb8e1b63b2a6767310d2b8aa89d387266856bc24473812d13e3c
27,tpch-q6-block-027,materialize-after-q06-time -> materialize-after-q06-predicate -> fused,1,4,materialize-after-q06-predicate,2026-07-19T13:58:28.948167+00:00,200.7905,609.375,1,sha256:a1aeb439b6dadb8e1b63b2a6767310d2b8aa89d387266856bc24473812d13e3c
27,tpch-q6-block-027,materialize-after-q06-time -> materialize-after-q06-predicate -> fused,2,0,fused,2026-07-19T13:58:29.148901+00:00,191.262,562.5,1,sha256:a1aeb439b6dadb8e1b63b2a6767310d2b8aa89d387266856bc24473812d13e3c
27,tpch-q6-block-027,materialize-after-q06-time -> materialize-after-q06-predicate -> fused,2,1,fused,2026-07-19T13:58:29.340537+00:00,183.1849,500.0,1,sha256:a1aeb439b6dadb8e1b63b2a6767310d2b8aa89d387266856bc24473812d13e3c
27,tpch-q6-block-027,materialize-after-q06-time -> materialize-after-q06-predicate -> fused,2,2,fused,2026-07-19T13:58:29.524152+00:00,190.1217,531.25,1,sha256:a1aeb439b6dadb8e1b63b2a6767310d2b8aa89d387266856bc24473812d13e3c
27,tpch-q6-block-027,materialize-after-q06-time -> materialize-after-q06-predicate -> fused,2,3,fused,2026-07-19T13:58:29.714367+00:00,182.0019,500.0,1,sha256:a1aeb439b6dadb8e1b63b2a6767310d2b8aa89d387266856bc24473812d13e3c
27,tpch-q6-block-027,materialize-after-q06-time -> materialize-after-q06-predicate -> fused,2,4,fused,2026-07-19T13:58:29.896012+00:00,173.7825,515.625,1,sha256:a1aeb439b6dadb8e1b63b2a6767310d2b8aa89d387266856bc24473812d13e3c
28,tpch-q6-block-028,materialize-after-q06-predicate -> materialize-after-q06-time -> fused,0,0,materialize-after-q06-predicate,2026-07-19T13:58:30.074013+00:00,191.8596,562.5,1,sha256:a1aeb439b6dadb8e1b63b2a6767310d2b8aa89d387266856bc24473812d13e3c
28,tpch-q6-block-028,materialize-after-q06-predicate -> materialize-after-q06-time -> fused,0,1,materialize-after-q06-predicate,2026-07-19T13:58:30.266079+00:00,215.956,656.25,1,sha256:a1aeb439b6dadb8e1b63b2a6767310d2b8aa89d387266856bc24473812d13e3c
28,tpch-q6-block-028,materialize-after-q06-predicate -> materialize-after-q06-time -> fused,0,2,materialize-after-q06-predicate,2026-07-19T13:58:30.482247+00:00,184.8567,578.125,1,sha256:a1aeb439b6dadb8e1b63b2a6767310d2b8aa89d387266856bc24473812d13e3c
28,tpch-q6-block-028,materialize-after-q06-predicate -> materialize-after-q06-time -> fused,0,3,materialize-after-q06-predicate,2026-07-19T13:58:30.667802+00:00,204.3672,640.625,1,sha256:a1aeb439b6dadb8e1b63b2a6767310d2b8aa89d387266856bc24473812d13e3c
28,tpch-q6-block-028,materialize-after-q06-predicate -> materialize-after-q06-time -> fused,0,4,materialize-after-q06-predicate,2026-07-19T13:58:30.872269+00:00,176.0204,546.875,1,sha256:a1aeb439b6dadb8e1b63b2a6767310d2b8aa89d387266856bc24473812d13e3c
28,tpch-q6-block-028,materialize-after-q06-predicate -> materialize-after-q06-time -> fused,1,0,materialize-after-q06-time,2026-07-19T13:58:31.047890+00:00,761.8673,2578.125,1,sha256:a1aeb439b6dadb8e1b63b2a6767310d2b8aa89d387266856bc24473812d13e3c
28,tpch-q6-block-028,materialize-after-q06-predicate -> materialize-after-q06-time -> fused,1,1,materialize-after-q06-time,2026-07-19T13:58:31.810263+00:00,680.4043,2140.625,1,sha256:a1aeb439b6dadb8e1b63b2a6767310d2b8aa89d387266856bc24473812d13e3c
28,tpch-q6-block-028,materialize-after-q06-predicate -> materialize-after-q06-time -> fused,1,2,materialize-after-q06-time,2026-07-19T13:58:32.490594+00:00,731.1913,2171.875,1,sha256:a1aeb439b6dadb8e1b63b2a6767310d2b8aa89d387266856bc24473812d13e3c
28,tpch-q6-block-028,materialize-after-q06-predicate -> materialize-after-q06-time -> fused,1,3,materialize-after-q06-time,2026-07-19T13:58:33.222221+00:00,688.5641,2265.625,1,sha256:a1aeb439b6dadb8e1b63b2a6767310d2b8aa89d387266856bc24473812d13e3c
28,tpch-q6-block-028,materialize-after-q06-predicate -> materialize-after-q06-time -> fused,1,4,materialize-after-q06-time,2026-07-19T13:58:33.910440+00:00,645.5543,2390.625,1,sha256:a1aeb439b6dadb8e1b63b2a6767310d2b8aa89d387266856bc24473812d13e3c
28,tpch-q6-block-028,materialize-after-q06-predicate -> materialize-after-q06-time -> fused,2,0,fused,2026-07-19T13:58:34.556569+00:00,143.5104,484.375,1,sha256:a1aeb439b6dadb8e1b63b2a6767310d2b8aa89d387266856bc24473812d13e3c
28,tpch-q6-block-028,materialize-after-q06-predicate -> materialize-after-q06-time -> fused,2,1,fused,2026-07-19T13:58:34.700033+00:00,143.1577,546.875,1,sha256:a1aeb439b6dadb8e1b63b2a6767310d2b8aa89d387266856bc24473812d13e3c
28,tpch-q6-block-028,materialize-after-q06-predicate -> materialize-after-q06-time -> fused,2,2,fused,2026-07-19T13:58:34.843662+00:00,125.8707,468.75,1,sha256:a1aeb439b6dadb8e1b63b2a6767310d2b8aa89d387266856bc24473812d13e3c
28,tpch-q6-block-028,materialize-after-q06-predicate -> materialize-after-q06-time -> fused,2,3,fused,2026-07-19T13:58:34.969662+00:00,144.6302,562.5,1,sha256:a1aeb439b6dadb8e1b63b2a6767310d2b8aa89d387266856bc24473812d13e3c
28,tpch-q6-block-028,materialize-after-q06-predicate -> materialize-after-q06-time -> fused,2,4,fused,2026-07-19T13:58:35.113662+00:00,150.9361,515.625,1,sha256:a1aeb439b6dadb8e1b63b2a6767310d2b8aa89d387266856bc24473812d13e3c
29,tpch-q6-block-029,materialize-after-q06-time -> fused -> materialize-after-q06-predicate,0,0,materialize-after-q06-time,2026-07-19T13:58:35.269664+00:00,589.5898,2203.125,1,sha256:a1aeb439b6dadb8e1b63b2a6767310d2b8aa89d387266856bc24473812d13e3c
29,tpch-q6-block-029,materialize-after-q06-time -> fused -> materialize-after-q06-predicate,0,1,materialize-after-q06-time,2026-07-19T13:58:35.859319+00:00,716.0232,2390.625,1,sha256:a1aeb439b6dadb8e1b63b2a6767310d2b8aa89d387266856bc24473812d13e3c
29,tpch-q6-block-029,materialize-after-q06-time -> fused -> materialize-after-q06-predicate,0,2,materialize-after-q06-time,2026-07-19T13:58:36.575774+00:00,704.7585,2453.125,1,sha256:a1aeb439b6dadb8e1b63b2a6767310d2b8aa89d387266856bc24473812d13e3c
29,tpch-q6-block-029,materialize-after-q06-time -> fused -> materialize-after-q06-predicate,0,3,materialize-after-q06-time,2026-07-19T13:58:37.280485+00:00,707.2061,2593.75,1,sha256:a1aeb439b6dadb8e1b63b2a6767310d2b8aa89d387266856bc24473812d13e3c
29,tpch-q6-block-029,materialize-after-q06-time -> fused -> materialize-after-q06-predicate,0,4,materialize-after-q06-time,2026-07-19T13:58:37.988069+00:00,683.6207,2281.25,1,sha256:a1aeb439b6dadb8e1b63b2a6767310d2b8aa89d387266856bc24473812d13e3c
29,tpch-q6-block-029,materialize-after-q06-time -> fused -> materialize-after-q06-predicate,1,0,fused,2026-07-19T13:58:38.671458+00:00,131.5702,390.625,1,sha256:a1aeb439b6dadb8e1b63b2a6767310d2b8aa89d387266856bc24473812d13e3c
29,tpch-q6-block-029,materialize-after-q06-time -> fused -> materialize-after-q06-predicate,1,1,fused,2026-07-19T13:58:38.803156+00:00,133.7127,406.25,1,sha256:a1aeb439b6dadb8e1b63b2a6767310d2b8aa89d387266856bc24473812d13e3c
29,tpch-q6-block-029,materialize-after-q06-time -> fused -> materialize-after-q06-predicate,1,2,fused,2026-07-19T13:58:38.937156+00:00,135.8758,484.375,1,sha256:a1aeb439b6dadb8e1b63b2a6767310d2b8aa89d387266856bc24473812d13e3c
29,tpch-q6-block-029,materialize-after-q06-time -> fused -> materialize-after-q06-predicate,1,3,fused,2026-07-19T13:58:39.073563+00:00,127.7215,468.75,1,sha256:a1aeb439b6dadb8e1b63b2a6767310d2b8aa89d387266856bc24473812d13e3c
29,tpch-q6-block-029,materialize-after-q06-time -> fused -> materialize-after-q06-predicate,1,4,fused,2026-07-19T13:58:39.201561+00:00,125.1485,406.25,1,sha256:a1aeb439b6dadb8e1b63b2a6767310d2b8aa89d387266856bc24473812d13e3c
29,tpch-q6-block-029,materialize-after-q06-time -> fused -> materialize-after-q06-predicate,2,0,materialize-after-q06-predicate,2026-07-19T13:58:39.326563+00:00,142.2955,531.25,1,sha256:a1aeb439b6dadb8e1b63b2a6767310d2b8aa89d387266856bc24473812d13e3c
29,tpch-q6-block-029,materialize-after-q06-time -> fused -> materialize-after-q06-predicate,2,1,materialize-after-q06-predicate,2026-07-19T13:58:39.469170+00:00,134.0649,500.0,1,sha256:a1aeb439b6dadb8e1b63b2a6767310d2b8aa89d387266856bc24473812d13e3c
29,tpch-q6-block-029,materialize-after-q06-time -> fused -> materialize-after-q06-predicate,2,2,materialize-after-q06-predicate,2026-07-19T13:58:39.602553+00:00,141.4904,484.375,1,sha256:a1aeb439b6dadb8e1b63b2a6767310d2b8aa89d387266856bc24473812d13e3c
29,tpch-q6-block-029,materialize-after-q06-time -> fused -> materialize-after-q06-predicate,2,3,materialize-after-q06-predicate,2026-07-19T13:58:39.745068+00:00,144.5569,546.875,1,sha256:a1aeb439b6dadb8e1b63b2a6767310d2b8aa89d387266856bc24473812d13e3c
29,tpch-q6-block-029,materialize-after-q06-time -> fused -> materialize-after-q06-predicate,2,4,materialize-after-q06-predicate,2026-07-19T13:58:39.889708+00:00,139.6687,515.625,1,sha256:a1aeb439b6dadb8e1b63b2a6767310d2b8aa89d387266856bc24473812d13e3c
